sequence_index,second_chamber_filling,block_idx,fcst_origin
1970-01-01 00:00:00.000000097,78.0467,0,10
1970-01-01 00:00:00.000000098,77.98501,0,10
1970-01-01 00:00:00.000000099,77.849525,0,10
1970-01-01 00:00:00.000000098,76.92513,0,11
1970-01-01 00:00:00.000000099,76.9124,0,11
1970-01-01 00:00:00.000000100,76.7765,0,11
1970-01-01 00:00:00.000000099,77.0852,0,12
1970-01-01 00:00:00.000000100,77.0519,0,12
1970-01-01 00:00:00.000000101,77.506355,0,12
1970-01-01 00:00:00.000000100,76.68479,0,13
1970-01-01 00:00:00.000000101,77.09576,0,13
1970-01-01 00:00:00.000000102,78.005264,0,13
1970-01-01 00:00:00.000000081,74.53448,1,10
1970-01-01 00:00:00.000000082,74.47385,1,10
1970-01-01 00:00:00.000000083,74.3998,1,10
1970-01-01 00:00:00.000000079,69.040054,4,10
1970-01-01 00:00:00.000000080,68.95848,4,10
1970-01-01 00:00:00.000000081,68.87489,4,10
1970-01-01 00:00:00.000000079,74.55382,5,10
1970-01-01 00:00:00.000000080,74.59642,5,10
1970-01-01 00:00:00.000000081,74.54239,5,10
1970-01-01 00:00:00.000000119,79.38589,11,10
1970-01-01 00:00:00.000000120,79.30236,11,10
1970-01-01 00:00:00.000000121,79.21906,11,10
1970-01-01 00:00:00.000000120,79.7914,11,11
1970-01-01 00:00:00.000000121,79.70589,11,11
1970-01-01 00:00:00.000000122,79.622025,11,11
1970-01-01 00:00:00.000000121,80.26361,11,12
1970-01-01 00:00:00.000000122,80.174324,11,12
1970-01-01 00:00:00.000000123,80.08878,11,12
1970-01-01 00:00:00.000000122,78.07807,11,13
1970-01-01 00:00:00.000000123,77.9959,11,13
1970-01-01 00:00:00.000000124,77.91331,11,13
1970-01-01 00:00:00.000000123,77.49186,11,14
1970-01-01 00:00:00.000000124,77.42492,11,14
1970-01-01 00:00:00.000000125,77.351135,11,14
1970-01-01 00:00:00.000000124,77.94523,11,15
1970-01-01 00:00:00.000000125,77.884995,11,15
1970-01-01 00:00:00.000000126,77.81574,11,15
1970-01-01 00:00:00.000000125,77.8113,11,16
1970-01-01 00:00:00.000000126,77.75218,11,16
1970-01-01 00:00:00.000000127,77.683716,11,16
1970-01-01 00:00:00.000000126,77.77607,11,17
1970-01-01 00:00:00.000000127,77.71893,11,17
1970-01-01 00:00:00.000000128,77.65178,11,17
1970-01-01 00:00:00.000000113,68.68021,12,10
1970-01-01 00:00:00.000000114,68.625496,12,10
1970-01-01 00:00:00.000000115,68.56277,12,10
1970-01-01 00:00:00.000000114,69.10685,12,11
1970-01-01 00:00:00.000000115,69.04945,12,11
1970-01-01 00:00:00.000000116,68.9824,12,11
1970-01-01 00:00:00.000000115,68.45952,12,12
1970-01-01 00:00:00.000000116,68.39857,12,12
1970-01-01 00:00:00.000000117,68.33028,12,12
1970-01-01 00:00:00.000000116,70.18506,12,13
1970-01-01 00:00:00.000000117,70.13072,12,13
1970-01-01 00:00:00.000000118,70.06475,12,13
1970-01-01 00:00:00.000000117,70.14905,12,14
1970-01-01 00:00:00.000000118,70.089874,12,14
1970-01-01 00:00:00.000000119,70.0199,12,14
1970-01-01 00:00:00.000000118,69.80357,12,15
1970-01-01 00:00:00.000000119,69.74135,12,15
1970-01-01 00:00:00.000000120,69.6686,12,15
1970-01-01 00:00:00.000000119,70.07228,12,16
1970-01-01 00:00:00.000000120,70.00842,12,16
1970-01-01 00:00:00.000000121,69.93461,12,16
1970-01-01 00:00:00.000000157,82.00608,13,10
1970-01-01 00:00:00.000000158,81.95185,13,10
1970-01-01 00:00:00.000000159,81.82076,13,10
1970-01-01 00:00:00.000000158,81.86408,13,11
1970-01-01 00:00:00.000000159,81.78888,13,11
1970-01-01 00:00:00.000000160,81.67061,13,11
1970-01-01 00:00:00.000000159,81.81087,13,12
1970-01-01 00:00:00.000000160,81.74372,13,12
1970-01-01 00:00:00.000000161,81.646805,13,12
1970-01-01 00:00:00.000000160,81.64452,13,13
1970-01-01 00:00:00.000000161,81.59752,13,13
1970-01-01 00:00:00.000000162,81.481544,13,13
1970-01-01 00:00:00.000000161,81.83216,13,14
1970-01-01 00:00:00.000000162,81.76759,13,14
1970-01-01 00:00:00.000000163,81.63359,13,14
1970-01-01 00:00:00.000000162,81.94244,13,15
1970-01-01 00:00:00.000000163,81.860466,13,15
1970-01-01 00:00:00.000000164,81.76469,13,15
1970-01-01 00:00:00.000000163,82.10491,13,16
1970-01-01 00:00:00.000000164,82.05383,13,16
1970-01-01 00:00:00.000000165,81.93354,13,16
1970-01-01 00:00:00.000000164,82.342,13,17
1970-01-01 00:00:00.000000165,82.272224,13,17
1970-01-01 00:00:00.000000166,82.15361,13,17
1970-01-01 00:00:00.000000165,82.36778,13,18
1970-01-01 00:00:00.000000166,82.29869,13,18
1970-01-01 00:00:00.000000167,82.190926,13,18
1970-01-01 00:00:00.000000166,82.42755,13,19
1970-01-01 00:00:00.000000167,82.36733,13,19
1970-01-01 00:00:00.000000168,82.23231,13,19
1970-01-01 00:00:00.000000167,82.538345,13,20
1970-01-01 00:00:00.000000168,82.45516,13,20
1970-01-01 00:00:00.000000169,82.34047,13,20
1970-01-01 00:00:00.000000168,82.81986,13,21
1970-01-01 00:00:00.000000169,82.749756,13,21
1970-01-01 00:00:00.000000170,82.62469,13,21
1970-01-01 00:00:00.000000169,82.79453,13,22
1970-01-01 00:00:00.000000170,82.71946,13,22
1970-01-01 00:00:00.000000171,82.590996,13,22
1970-01-01 00:00:00.000000170,83.01885,13,23
1970-01-01 00:00:00.000000171,82.93843,13,23
1970-01-01 00:00:00.000000172,82.98195,13,23
1970-01-01 00:00:00.000000141,68.67386,15,10
1970-01-01 00:00:00.000000142,69.15718,15,10
1970-01-01 00:00:00.000000143,68.72795,15,10
1970-01-01 00:00:00.000000142,70.15715,15,11
1970-01-01 00:00:00.000000143,69.89707,15,11
1970-01-01 00:00:00.000000144,70.01984,15,11
1970-01-01 00:00:00.000000143,69.39847,15,12
1970-01-01 00:00:00.000000144,69.55755,15,12
1970-01-01 00:00:00.000000145,69.61135,15,12
1970-01-01 00:00:00.000000144,71.78021,15,13
1970-01-01 00:00:00.000000145,71.89021,15,13
1970-01-01 00:00:00.000000146,71.86838,15,13
1970-01-01 00:00:00.000000145,72.01006,15,14
1970-01-01 00:00:00.000000146,72.07777,15,14
1970-01-01 00:00:00.000000147,72.07052,15,14
1970-01-01 00:00:00.000000146,71.22964,15,15
1970-01-01 00:00:00.000000147,71.338905,15,15
1970-01-01 00:00:00.000000148,71.39428,15,15
1970-01-01 00:00:00.000000147,72.08327,15,16
1970-01-01 00:00:00.000000148,72.20823,15,16
1970-01-01 00:00:00.000000149,72.16943,15,16
1970-01-01 00:00:00.000000148,72.06631,15,17
1970-01-01 00:00:00.000000149,72.12686,15,17
1970-01-01 00:00:00.000000150,72.12691,15,17
1970-01-01 00:00:00.000000149,71.55865,15,18
1970-01-01 00:00:00.000000150,71.65683,15,18
1970-01-01 00:00:00.000000151,71.95856,15,18
1970-01-01 00:00:00.000000150,71.67009,15,19
1970-01-01 00:00:00.000000151,72.00413,15,19
1970-01-01 00:00:00.000000152,72.56797,15,19
1970-01-01 00:00:00.000000151,71.967064,15,20
1970-01-01 00:00:00.000000152,72.50615,15,20
1970-01-01 00:00:00.000000153,70.486855,15,20
1970-01-01 00:00:00.000000156,80.58291,16,10
1970-01-01 00:00:00.000000157,80.54144,16,10
1970-01-01 00:00:00.000000158,80.48789,16,10
1970-01-01 00:00:00.000000157,80.65298,16,11
1970-01-01 00:00:00.000000158,80.59692,16,11
1970-01-01 00:00:00.000000159,80.53472,16,11
1970-01-01 00:00:00.000000158,79.823074,16,12
1970-01-01 00:00:00.000000159,79.75886,16,12
1970-01-01 00:00:00.000000160,79.69041,16,12
1970-01-01 00:00:00.000000159,79.9301,16,13
1970-01-01 00:00:00.000000160,79.86534,16,13
1970-01-01 00:00:00.000000161,79.79624,16,13
1970-01-01 00:00:00.000000160,80.39761,16,14
1970-01-01 00:00:00.000000161,80.33076,16,14
1970-01-01 00:00:00.000000162,80.260666,16,14
1970-01-01 00:00:00.000000161,80.50609,16,15
1970-01-01 00:00:00.000000162,80.43704,16,15
1970-01-01 00:00:00.000000163,80.36586,16,15
1970-01-01 00:00:00.000000162,80.85575,16,16
1970-01-01 00:00:00.000000163,80.78641,16,16
1970-01-01 00:00:00.000000164,80.71552,16,16
1970-01-01 00:00:00.000000163,80.4478,16,17
1970-01-01 00:00:00.000000164,80.37527,16,17
1970-01-01 00:00:00.000000165,80.30198,16,17
1970-01-01 00:00:00.000000164,79.03701,16,18
1970-01-01 00:00:00.000000165,78.972305,16,18
1970-01-01 00:00:00.000000166,78.9027,16,18
1970-01-01 00:00:00.000000165,79.27587,16,19
1970-01-01 00:00:00.000000166,79.2177,16,19
1970-01-01 00:00:00.000000167,79.15209,16,19
1970-01-01 00:00:00.000000166,78.901794,16,20
1970-01-01 00:00:00.000000167,78.84506,16,20
1970-01-01 00:00:00.000000168,78.78003,16,20
1970-01-01 00:00:00.000000167,78.70381,16,21
1970-01-01 00:00:00.000000168,78.648834,16,21
1970-01-01 00:00:00.000000169,78.584755,16,21
1970-01-01 00:00:00.000000168,78.23547,16,22
1970-01-01 00:00:00.000000169,78.17882,16,22
1970-01-01 00:00:00.000000170,78.11313,16,22
1970-01-01 00:00:00.000000169,78.27246,16,23
1970-01-01 00:00:00.000000170,78.20451,16,23
1970-01-01 00:00:00.000000171,78.13083,16,23
1970-01-01 00:00:00.000000123,66.46723,17,10
1970-01-01 00:00:00.000000124,66.35045,17,10
1970-01-01 00:00:00.000000125,66.28864,17,10
1970-01-01 00:00:00.000000124,66.58078,17,11
1970-01-01 00:00:00.000000125,66.43189,17,11
1970-01-01 00:00:00.000000126,66.421814,17,11
1970-01-01 00:00:00.000000125,65.63664,17,12
1970-01-01 00:00:00.000000126,65.522675,17,12
1970-01-01 00:00:00.000000127,65.474304,17,12
1970-01-01 00:00:00.000000126,65.80377,17,13
1970-01-01 00:00:00.000000127,65.66169,17,13
1970-01-01 00:00:00.000000128,65.60518,17,13
1970-01-01 00:00:00.000000127,66.94706,17,14
1970-01-01 00:00:00.000000128,66.78589,17,14
1970-01-01 00:00:00.000000129,66.75107,17,14
1970-01-01 00:00:00.000000128,66.75024,17,15
1970-01-01 00:00:00.000000129,66.59793,17,15
1970-01-01 00:00:00.000000130,66.56174,17,15
1970-01-01 00:00:00.000000129,65.96655,17,16
1970-01-01 00:00:00.000000130,65.82555,17,16
1970-01-01 00:00:00.000000131,65.78151,17,16
1970-01-01 00:00:00.000000130,63.974052,17,17
1970-01-01 00:00:00.000000131,63.839603,17,17
1970-01-01 00:00:00.000000132,63.795254,17,17
1970-01-01 00:00:00.000000134,85.01719,19,10
1970-01-01 00:00:00.000000135,84.9032,19,10
1970-01-01 00:00:00.000000136,84.73968,19,10
1970-01-01 00:00:00.000000135,84.996475,19,11
1970-01-01 00:00:00.000000136,84.887436,19,11
1970-01-01 00:00:00.000000137,84.71711,19,11
1970-01-01 00:00:00.000000136,84.99661,19,12
1970-01-01 00:00:00.000000137,84.88256,19,12
1970-01-01 00:00:00.000000138,84.71206,19,12
1970-01-01 00:00:00.000000137,85.02933,19,13
1970-01-01 00:00:00.000000138,84.91485,19,13
1970-01-01 00:00:00.000000139,84.75026,19,13
1970-01-01 00:00:00.000000138,84.980385,19,14
1970-01-01 00:00:00.000000139,84.87241,19,14
1970-01-01 00:00:00.000000140,84.71182,19,14
1970-01-01 00:00:00.000000139,84.969826,19,15
1970-01-01 00:00:00.000000140,84.865326,19,15
1970-01-01 00:00:00.000000141,84.87026,19,15
1970-01-01 00:00:00.000000140,84.5867,19,16
1970-01-01 00:00:00.000000141,84.61781,19,16
1970-01-01 00:00:00.000000142,84.30759,19,16
1970-01-01 00:00:00.000000141,84.87778,19,17
1970-01-01 00:00:00.000000142,84.65563,19,17
1970-01-01 00:00:00.000000143,84.647804,19,17
1970-01-01 00:00:00.000000142,85.01518,19,18
1970-01-01 00:00:00.000000143,85.0258,19,18
1970-01-01 00:00:00.000000144,85.85264,19,18
1970-01-01 00:00:00.000000143,85.337006,19,19
1970-01-01 00:00:00.000000144,86.16607,19,19
1970-01-01 00:00:00.000000145,83.92221,19,19
1970-01-01 00:00:00.000000121,70.68428,20,10
1970-01-01 00:00:00.000000122,70.608284,20,10
1970-01-01 00:00:00.000000123,70.527016,20,10
1970-01-01 00:00:00.000000122,70.325264,20,11
1970-01-01 00:00:00.000000123,70.25044,20,11
1970-01-01 00:00:00.000000124,70.170135,20,11
1970-01-01 00:00:00.000000123,71.23447,20,12
1970-01-01 00:00:00.000000124,71.16144,20,12
1970-01-01 00:00:00.000000125,71.082,20,12
1970-01-01 00:00:00.000000124,72.25121,20,13
1970-01-01 00:00:00.000000125,72.176216,20,13
1970-01-01 00:00:00.000000126,72.09412,20,13
1970-01-01 00:00:00.000000125,71.88961,20,14
1970-01-01 00:00:00.000000126,71.811,20,14
1970-01-01 00:00:00.000000127,71.72638,20,14
1970-01-01 00:00:00.000000126,71.16697,20,15
1970-01-01 00:00:00.000000127,71.08863,20,15
1970-01-01 00:00:00.000000128,71.00451,20,15
1970-01-01 00:00:00.000000127,71.48066,20,16
1970-01-01 00:00:00.000000128,71.40495,20,16
1970-01-01 00:00:00.000000129,71.32251,20,16
1970-01-01 00:00:00.000000128,71.37666,20,17
1970-01-01 00:00:00.000000129,71.30026,20,17
1970-01-01 00:00:00.000000130,71.191376,20,17
1970-01-01 00:00:00.000000130,72.35051,21,10
1970-01-01 00:00:00.000000131,72.18912,21,10
1970-01-01 00:00:00.000000132,72.090225,21,10
1970-01-01 00:00:00.000000131,73.51892,21,11
1970-01-01 00:00:00.000000132,73.32339,21,11
1970-01-01 00:00:00.000000133,73.265915,21,11
1970-01-01 00:00:00.000000132,74.72809,21,12
1970-01-01 00:00:00.000000133,74.55462,21,12
1970-01-01 00:00:00.000000134,74.490875,21,12
1970-01-01 00:00:00.000000133,74.91189,21,13
1970-01-01 00:00:00.000000134,74.73625,21,13
1970-01-01 00:00:00.000000135,74.6973,21,13
1970-01-01 00:00:00.000000134,74.49293,21,14
1970-01-01 00:00:00.000000135,74.33452,21,14
1970-01-01 00:00:00.000000136,74.25442,21,14
1970-01-01 00:00:00.000000135,74.75141,21,15
1970-01-01 00:00:00.000000136,74.54658,21,15
1970-01-01 00:00:00.000000137,74.4521,21,15
1970-01-01 00:00:00.000000136,74.66276,21,16
1970-01-01 00:00:00.000000137,74.444695,21,16
1970-01-01 00:00:00.000000138,74.41356,21,16
1970-01-01 00:00:00.000000137,76.04129,21,17
1970-01-01 00:00:00.000000138,75.875305,21,17
1970-01-01 00:00:00.000000139,76.127266,21,17
1970-01-01 00:00:00.000000138,75.98041,21,18
1970-01-01 00:00:00.000000139,76.07893,21,18
1970-01-01 00:00:00.000000140,75.56393,21,18
1970-01-01 00:00:00.000000171,58.49235,22,10
1970-01-01 00:00:00.000000172,58.7858,22,10
1970-01-01 00:00:00.000000173,59.29791,22,10
1970-01-01 00:00:00.000000172,58.343044,22,11
1970-01-01 00:00:00.000000173,58.890205,22,11
1970-01-01 00:00:00.000000174,58.93345,22,11
1970-01-01 00:00:00.000000173,57.336796,22,12
1970-01-01 00:00:00.000000174,57.35895,22,12
1970-01-01 00:00:00.000000175,56.386925,22,12
1970-01-01 00:00:00.000000174,57.489594,22,13
1970-01-01 00:00:00.000000175,56.538105,22,13
1970-01-01 00:00:00.000000176,55.864017,22,13
1970-01-01 00:00:00.000000175,58.154346,22,14
1970-01-01 00:00:00.000000176,57.66302,22,14
1970-01-01 00:00:00.000000177,57.766563,22,14
1970-01-01 00:00:00.000000176,58.318073,22,15
1970-01-01 00:00:00.000000177,58.566547,22,15
1970-01-01 00:00:00.000000178,58.67425,22,15
1970-01-01 00:00:00.000000177,54.18246,22,16
1970-01-01 00:00:00.000000178,54.382706,22,16
1970-01-01 00:00:00.000000179,54.493465,22,16
1970-01-01 00:00:00.000000178,55.385643,22,17
1970-01-01 00:00:00.000000179,55.644672,22,17
1970-01-01 00:00:00.000000180,55.772755,22,17
1970-01-01 00:00:00.000000179,56.436737,22,18
1970-01-01 00:00:00.000000180,56.699734,22,18
1970-01-01 00:00:00.000000181,56.81932,22,18
1970-01-01 00:00:00.000000180,55.439766,22,19
1970-01-01 00:00:00.000000181,55.675644,22,19
1970-01-01 00:00:00.000000182,56.089752,22,19
1970-01-01 00:00:00.000000181,55.36996,22,20
1970-01-01 00:00:00.000000182,55.859318,22,20
1970-01-01 00:00:00.000000183,55.21592,22,20
1970-01-01 00:00:00.000000182,55.219513,22,21
1970-01-01 00:00:00.000000183,54.721577,22,21
1970-01-01 00:00:00.000000184,54.793983,22,21
1970-01-01 00:00:00.000000183,54.143715,22,22
1970-01-01 00:00:00.000000184,54.35587,22,22
1970-01-01 00:00:00.000000185,54.769833,22,22
1970-01-01 00:00:00.000000184,54.972378,22,23
1970-01-01 00:00:00.000000185,55.443848,22,23
1970-01-01 00:00:00.000000186,54.75889,22,23
1970-01-01 00:00:00.000000185,53.80116,22,24
1970-01-01 00:00:00.000000186,53.23327,22,24
1970-01-01 00:00:00.000000187,54.739464,22,24
1970-01-01 00:00:00.000000186,52.938675,22,25
1970-01-01 00:00:00.000000187,54.01853,22,25
1970-01-01 00:00:00.000000188,54.142563,22,25
1970-01-01 00:00:00.000000187,54.416706,22,26
1970-01-01 00:00:00.000000188,54.508385,22,26
1970-01-01 00:00:00.000000189,54.826965,22,26
1970-01-01 00:00:00.000000130,74.131004,23,10
1970-01-01 00:00:00.000000131,74.086716,23,10
1970-01-01 00:00:00.000000132,74.02309,23,10
1970-01-01 00:00:00.000000131,73.64206,23,11
1970-01-01 00:00:00.000000132,73.601746,23,11
1970-01-01 00:00:00.000000133,73.540955,23,11
1970-01-01 00:00:00.000000132,73.79798,23,12
1970-01-01 00:00:00.000000133,73.75677,23,12
1970-01-01 00:00:00.000000134,73.69548,23,12
1970-01-01 00:00:00.000000133,74.10222,23,13
1970-01-01 00:00:00.000000134,74.05955,23,13
1970-01-01 00:00:00.000000135,73.99724,23,13
1970-01-01 00:00:00.000000134,74.18032,23,14
1970-01-01 00:00:00.000000135,74.13732,23,14
1970-01-01 00:00:00.000000136,74.074844,23,14
1970-01-01 00:00:00.000000135,74.313416,23,15
1970-01-01 00:00:00.000000136,74.272514,23,15
1970-01-01 00:00:00.000000137,74.211525,23,15
1970-01-01 00:00:00.000000136,74.758415,23,16
1970-01-01 00:00:00.000000137,74.717354,23,16
1970-01-01 00:00:00.000000138,74.65673,23,16
1970-01-01 00:00:00.000000137,75.02778,23,17
1970-01-01 00:00:00.000000138,74.98654,23,17
1970-01-01 00:00:00.000000139,74.92588,23,17
1970-01-01 00:00:00.000000138,75.07515,23,18
1970-01-01 00:00:00.000000139,75.03545,23,18
1970-01-01 00:00:00.000000140,74.97597,23,18
1970-01-01 00:00:00.000000139,75.10995,23,19
1970-01-01 00:00:00.000000140,75.06962,23,19
1970-01-01 00:00:00.000000141,75.010124,23,19
1970-01-01 00:00:00.000000095,65.63097,25,10
1970-01-01 00:00:00.000000096,64.5484,25,10
1970-01-01 00:00:00.000000097,66.08266,25,10
1970-01-01 00:00:00.000000096,65.62898,25,11
1970-01-01 00:00:00.000000097,66.24585,25,11
1970-01-01 00:00:00.000000098,64.508644,25,11
1970-01-01 00:00:00.000000097,69.890236,25,12
1970-01-01 00:00:00.000000098,68.493935,25,12
1970-01-01 00:00:00.000000099,68.62869,25,12
1970-01-01 00:00:00.000000231,81.93798,26,10
1970-01-01 00:00:00.000000232,81.88945,26,10
1970-01-01 00:00:00.000000233,81.82967,26,10
1970-01-01 00:00:00.000000232,81.46729,26,11
1970-01-01 00:00:00.000000233,81.41696,26,11
1970-01-01 00:00:00.000000234,81.36192,26,11
1970-01-01 00:00:00.000000233,80.923294,26,12
1970-01-01 00:00:00.000000234,80.876,26,12
1970-01-01 00:00:00.000000235,80.81679,26,12
1970-01-01 00:00:00.000000234,80.46999,26,13
1970-01-01 00:00:00.000000235,80.41786,26,13
1970-01-01 00:00:00.000000236,80.356865,26,13
1970-01-01 00:00:00.000000235,79.818146,26,14
1970-01-01 00:00:00.000000236,79.764305,26,14
1970-01-01 00:00:00.000000237,79.70554,26,14
1970-01-01 00:00:00.000000236,79.1195,26,15
1970-01-01 00:00:00.000000237,79.066864,26,15
1970-01-01 00:00:00.000000238,79.0018,26,15
1970-01-01 00:00:00.000000237,78.40296,26,16
1970-01-01 00:00:00.000000238,78.34421,26,16
1970-01-01 00:00:00.000000239,78.27741,26,16
1970-01-01 00:00:00.000000238,77.9272,26,17
1970-01-01 00:00:00.000000239,77.86843,26,17
1970-01-01 00:00:00.000000240,77.8,26,17
1970-01-01 00:00:00.000000239,77.374825,26,18
1970-01-01 00:00:00.000000240,77.31425,26,18
1970-01-01 00:00:00.000000241,77.24414,26,18
1970-01-01 00:00:00.000000240,76.837425,26,19
1970-01-01 00:00:00.000000241,76.775024,26,19
1970-01-01 00:00:00.000000242,76.702805,26,19
1970-01-01 00:00:00.000000241,76.298996,26,20
1970-01-01 00:00:00.000000242,76.23541,26,20
1970-01-01 00:00:00.000000243,76.16142,26,20
1970-01-01 00:00:00.000000242,75.91916,26,21
1970-01-01 00:00:00.000000243,75.85521,26,21
1970-01-01 00:00:00.000000244,75.780495,26,21
1970-01-01 00:00:00.000000243,75.37497,26,22
1970-01-01 00:00:00.000000244,75.31006,26,22
1970-01-01 00:00:00.000000245,75.23498,26,22
1970-01-01 00:00:00.000000244,75.11172,26,23
1970-01-01 00:00:00.000000245,75.04813,26,23
1970-01-01 00:00:00.000000246,74.97221,26,23
1970-01-01 00:00:00.000000245,74.72874,26,24
1970-01-01 00:00:00.000000246,74.66495,26,24
1970-01-01 00:00:00.000000247,74.58834,26,24
1970-01-01 00:00:00.000000246,74.435356,26,25
1970-01-01 00:00:00.000000247,74.370094,26,25
1970-01-01 00:00:00.000000248,74.29271,26,25
1970-01-01 00:00:00.000000247,74.68596,26,26
1970-01-01 00:00:00.000000248,74.62073,26,26
1970-01-01 00:00:00.000000249,74.54383,26,26
1970-01-01 00:00:00.000000248,75.145096,26,27
1970-01-01 00:00:00.000000249,75.06059,26,27
1970-01-01 00:00:00.000000250,74.97078,26,27
1970-01-01 00:00:00.000000249,77.02937,26,28
1970-01-01 00:00:00.000000250,76.925545,26,28
1970-01-01 00:00:00.000000251,76.822014,26,28
1970-01-01 00:00:00.000000250,78.08216,26,29
1970-01-01 00:00:00.000000251,77.97885,26,29
1970-01-01 00:00:00.000000252,77.87875,26,29
1970-01-01 00:00:00.000000251,80.408005,26,30
1970-01-01 00:00:00.000000252,80.3359,26,30
1970-01-01 00:00:00.000000253,80.26274,26,30
1970-01-01 00:00:00.000000252,80.978546,26,31
1970-01-01 00:00:00.000000253,80.91883,26,31
1970-01-01 00:00:00.000000254,80.85069,26,31
1970-01-01 00:00:00.000000253,85.167885,26,32
1970-01-01 00:00:00.000000254,85.11685,26,32
1970-01-01 00:00:00.000000255,85.053665,26,32
1970-01-01 00:00:00.000000254,89.47753,26,33
1970-01-01 00:00:00.000000255,89.36634,26,33
1970-01-01 00:00:00.000000256,89.24435,26,33
1970-01-01 00:00:00.000000255,89.47025,26,34
1970-01-01 00:00:00.000000256,89.33388,26,34
1970-01-01 00:00:00.000000257,89.17892,26,34
1970-01-01 00:00:00.000000256,89.02037,26,35
1970-01-01 00:00:00.000000257,88.89092,26,35
1970-01-01 00:00:00.000000258,88.74646,26,35
1970-01-01 00:00:00.000000257,89.05273,26,36
1970-01-01 00:00:00.000000258,88.91709,26,36
1970-01-01 00:00:00.000000259,88.77539,26,36
1970-01-01 00:00:00.000000181,65.237946,29,10
1970-01-01 00:00:00.000000182,65.203415,29,10
1970-01-01 00:00:00.000000183,65.169,29,10
1970-01-01 00:00:00.000000182,64.20406,29,11
1970-01-01 00:00:00.000000183,64.15758,29,11
1970-01-01 00:00:00.000000184,64.113945,29,11
1970-01-01 00:00:00.000000183,65.587425,29,12
1970-01-01 00:00:00.000000184,65.54283,29,12
1970-01-01 00:00:00.000000185,65.49908,29,12
1970-01-01 00:00:00.000000184,65.730865,29,13
1970-01-01 00:00:00.000000185,65.68077,29,13
1970-01-01 00:00:00.000000186,65.63182,29,13
1970-01-01 00:00:00.000000185,66.14582,29,14
1970-01-01 00:00:00.000000186,66.09294,29,14
1970-01-01 00:00:00.000000187,66.04115,29,14
1970-01-01 00:00:00.000000186,67.415436,29,15
1970-01-01 00:00:00.000000187,67.36046,29,15
1970-01-01 00:00:00.000000188,67.3052,29,15
1970-01-01 00:00:00.000000187,70.224,29,16
1970-01-01 00:00:00.000000188,70.161766,29,16
1970-01-01 00:00:00.000000189,70.09725,29,16
1970-01-01 00:00:00.000000188,69.93653,29,17
1970-01-01 00:00:00.000000189,69.85912,29,17
1970-01-01 00:00:00.000000190,69.78239,29,17
1970-01-01 00:00:00.000000189,64.948975,29,18
1970-01-01 00:00:00.000000190,64.86625,29,18
1970-01-01 00:00:00.000000191,64.78914,29,18
1970-01-01 00:00:00.000000190,67.28668,29,19
1970-01-01 00:00:00.000000191,67.22532,29,19
1970-01-01 00:00:00.000000192,67.164116,29,19
1970-01-01 00:00:00.000000191,68.43332,29,20
1970-01-01 00:00:00.000000192,68.3703,29,20
1970-01-01 00:00:00.000000193,68.304344,29,20
1970-01-01 00:00:00.000000192,69.304146,29,21
1970-01-01 00:00:00.000000193,69.23254,29,21
1970-01-01 00:00:00.000000194,69.162224,29,21
1970-01-01 00:00:00.000000193,67.80345,29,22
1970-01-01 00:00:00.000000194,67.72933,29,22
1970-01-01 00:00:00.000000195,67.656204,29,22
1970-01-01 00:00:00.000000194,65.13692,29,23
1970-01-01 00:00:00.000000195,65.06417,29,23
1970-01-01 00:00:00.000000196,64.99568,29,23
1970-01-01 00:00:00.000000195,69.10343,29,24
1970-01-01 00:00:00.000000196,69.04492,29,24
1970-01-01 00:00:00.000000197,68.984535,29,24
1970-01-01 00:00:00.000000196,66.59813,29,25
1970-01-01 00:00:00.000000197,66.52827,29,25
1970-01-01 00:00:00.000000198,66.4603,29,25
1970-01-01 00:00:00.000000197,66.26445,29,26
1970-01-01 00:00:00.000000198,66.19713,29,26
1970-01-01 00:00:00.000000199,66.13374,29,26
1970-01-01 00:00:00.000000198,68.50711,29,27
1970-01-01 00:00:00.000000199,68.444496,29,27
1970-01-01 00:00:00.000000200,68.38244,29,27
1970-01-01 00:00:00.000000199,65.50049,29,28
1970-01-01 00:00:00.000000200,65.4311,29,28
1970-01-01 00:00:00.000000201,65.36483,29,28
1970-01-01 00:00:00.000000092,38.07039,40,10
1970-01-01 00:00:00.000000093,38.05391,40,10
1970-01-01 00:00:00.000000094,38.15711,40,10
1970-01-01 00:00:00.000000093,38.45094,40,11
1970-01-01 00:00:00.000000094,38.446087,40,11
1970-01-01 00:00:00.000000095,38.569363,40,11
1970-01-01 00:00:00.000000094,39.503998,40,12
1970-01-01 00:00:00.000000095,39.546925,40,12
1970-01-01 00:00:00.000000096,39.69093,40,12
1970-01-01 00:00:00.000000092,38.91076,42,10
1970-01-01 00:00:00.000000093,38.874996,42,10
1970-01-01 00:00:00.000000094,38.945957,42,10
1970-01-01 00:00:00.000000093,39.368137,42,11
1970-01-01 00:00:00.000000094,39.352455,42,11
1970-01-01 00:00:00.000000095,39.27802,42,11
1970-01-01 00:00:00.000000094,36.283985,42,12
1970-01-01 00:00:00.000000095,36.08062,42,12
1970-01-01 00:00:00.000000096,36.32323,42,12
1970-01-01 00:00:00.000000156,61.4872,45,10
1970-01-01 00:00:00.000000157,61.460423,45,10
1970-01-01 00:00:00.000000158,61.431885,45,10
1970-01-01 00:00:00.000000157,61.523026,45,11
1970-01-01 00:00:00.000000158,61.49692,45,11
1970-01-01 00:00:00.000000159,61.468616,45,11
1970-01-01 00:00:00.000000158,61.300625,45,12
1970-01-01 00:00:00.000000159,61.273678,45,12
1970-01-01 00:00:00.000000160,61.24514,45,12
1970-01-01 00:00:00.000000159,61.19293,45,13
1970-01-01 00:00:00.000000160,61.16659,45,13
1970-01-01 00:00:00.000000161,61.138718,45,13
1970-01-01 00:00:00.000000160,61.469,45,14
1970-01-01 00:00:00.000000161,61.44431,45,14
1970-01-01 00:00:00.000000162,61.417225,45,14
1970-01-01 00:00:00.000000161,61.387127,45,15
1970-01-01 00:00:00.000000162,61.36137,45,15
1970-01-01 00:00:00.000000163,61.333725,45,15
1970-01-01 00:00:00.000000162,61.326508,45,16
1970-01-01 00:00:00.000000163,61.30073,45,16
1970-01-01 00:00:00.000000164,61.272884,45,16
1970-01-01 00:00:00.000000163,61.05017,45,17
1970-01-01 00:00:00.000000164,61.02342,45,17
1970-01-01 00:00:00.000000165,60.99543,45,17
1970-01-01 00:00:00.000000164,61.940758,45,18
1970-01-01 00:00:00.000000165,61.918167,45,18
1970-01-01 00:00:00.000000166,61.89633,45,18
1970-01-01 00:00:00.000000165,61.567116,45,19
1970-01-01 00:00:00.000000166,61.544895,45,19
1970-01-01 00:00:00.000000167,61.519436,45,19
1970-01-01 00:00:00.000000166,61.064598,45,20
1970-01-01 00:00:00.000000167,61.039925,45,20
1970-01-01 00:00:00.000000168,61.01052,45,20
1970-01-01 00:00:00.000000167,61.27979,45,21
1970-01-01 00:00:00.000000168,61.253895,45,21
1970-01-01 00:00:00.000000169,61.23021,45,21
1970-01-01 00:00:00.000000168,61.328007,45,22
1970-01-01 00:00:00.000000169,61.305847,45,22
1970-01-01 00:00:00.000000170,61.28472,45,22
1970-01-01 00:00:00.000000169,61.76017,45,23
1970-01-01 00:00:00.000000170,61.74301,45,23
1970-01-01 00:00:00.000000171,61.718636,45,23
1970-01-01 00:00:00.000000116,55.918915,46,10
1970-01-01 00:00:00.000000117,55.78115,46,10
1970-01-01 00:00:00.000000118,55.791218,46,10
1970-01-01 00:00:00.000000117,56.717216,46,11
1970-01-01 00:00:00.000000118,56.577698,46,11
1970-01-01 00:00:00.000000119,56.60457,46,11
1970-01-01 00:00:00.000000118,57.731213,46,12
1970-01-01 00:00:00.000000119,57.60225,46,12
1970-01-01 00:00:00.000000120,57.59076,46,12
1970-01-01 00:00:00.000000119,57.708817,46,13
1970-01-01 00:00:00.000000120,57.549667,46,13
1970-01-01 00:00:00.000000121,57.575203,46,13
1970-01-01 00:00:00.000000120,59.62155,46,14
1970-01-01 00:00:00.000000121,59.488388,46,14
1970-01-01 00:00:00.000000122,59.482727,46,14
1970-01-01 00:00:00.000000121,59.214054,46,15
1970-01-01 00:00:00.000000122,59.05414,46,15
1970-01-01 00:00:00.000000123,59.057434,46,15
1970-01-01 00:00:00.000000122,60.461132,46,16
1970-01-01 00:00:00.000000123,60.30875,46,16
1970-01-01 00:00:00.000000124,60.296085,46,16
1970-01-01 00:00:00.000000243,40.893654,53,10
1970-01-01 00:00:00.000000244,40.884098,53,10
1970-01-01 00:00:00.000000245,40.974392,53,10
1970-01-01 00:00:00.000000244,41.342537,53,11
1970-01-01 00:00:00.000000245,41.34668,53,11
1970-01-01 00:00:00.000000246,41.461174,53,11
1970-01-01 00:00:00.000000245,42.20543,53,12
1970-01-01 00:00:00.000000246,42.203873,53,12
1970-01-01 00:00:00.000000247,42.28781,53,12
1970-01-01 00:00:00.000000246,43.6874,53,13
1970-01-01 00:00:00.000000247,43.662968,53,13
1970-01-01 00:00:00.000000248,43.75866,53,13
1970-01-01 00:00:00.000000247,43.61152,53,14
1970-01-01 00:00:00.000000248,43.596226,53,14
1970-01-01 00:00:00.000000249,43.680344,53,14
1970-01-01 00:00:00.000000248,41.994617,53,15
1970-01-01 00:00:00.000000249,41.978718,53,15
1970-01-01 00:00:00.000000250,42.05666,53,15
1970-01-01 00:00:00.000000249,41.156853,53,16
1970-01-01 00:00:00.000000250,41.146946,53,16
1970-01-01 00:00:00.000000251,41.26075,53,16
1970-01-01 00:00:00.000000250,41.383358,53,17
1970-01-01 00:00:00.000000251,41.397377,53,17
1970-01-01 00:00:00.000000252,41.50946,53,17
1970-01-01 00:00:00.000000251,41.91219,53,18
1970-01-01 00:00:00.000000252,41.919964,53,18
1970-01-01 00:00:00.000000253,42.048958,53,18
1970-01-01 00:00:00.000000252,42.259624,53,19
1970-01-01 00:00:00.000000253,42.277958,53,19
1970-01-01 00:00:00.000000254,42.36587,53,19
1970-01-01 00:00:00.000000253,40.627934,53,20
1970-01-01 00:00:00.000000254,40.605923,53,20
1970-01-01 00:00:00.000000255,40.71805,53,20
1970-01-01 00:00:00.000000254,41.666744,53,21
1970-01-01 00:00:00.000000255,41.720875,53,21
1970-01-01 00:00:00.000000256,41.87621,53,21
1970-01-01 00:00:00.000000255,43.532772,53,22
1970-01-01 00:00:00.000000256,43.598045,53,22
1970-01-01 00:00:00.000000257,43.75454,53,22
1970-01-01 00:00:00.000000256,45.97816,53,23
1970-01-01 00:00:00.000000257,46.00138,53,23
1970-01-01 00:00:00.000000258,46.0673,53,23
1970-01-01 00:00:00.000000257,46.964184,53,24
1970-01-01 00:00:00.000000258,46.930454,53,24
1970-01-01 00:00:00.000000259,47.000526,53,24
1970-01-01 00:00:00.000000258,47.55205,53,25
1970-01-01 00:00:00.000000259,47.504898,53,25
1970-01-01 00:00:00.000000260,47.532875,53,25
1970-01-01 00:00:00.000000259,45.85025,53,26
1970-01-01 00:00:00.000000260,45.766956,53,26
1970-01-01 00:00:00.000000261,45.766453,53,26
1970-01-01 00:00:00.000000260,43.575226,53,27
1970-01-01 00:00:00.000000261,43.494823,53,27
1970-01-01 00:00:00.000000262,43.55829,53,27
1970-01-01 00:00:00.000000261,43.32471,53,28
1970-01-01 00:00:00.000000262,43.298847,53,28
1970-01-01 00:00:00.000000263,43.363083,53,28
1970-01-01 00:00:00.000000262,42.43025,53,29
1970-01-01 00:00:00.000000263,42.400597,53,29
1970-01-01 00:00:00.000000264,42.489746,53,29
1970-01-01 00:00:00.000000263,42.003487,53,30
1970-01-01 00:00:00.000000264,41.995968,53,30
1970-01-01 00:00:00.000000265,42.113373,53,30
1970-01-01 00:00:00.000000264,42.765842,53,31
1970-01-01 00:00:00.000000265,42.782127,53,31
1970-01-01 00:00:00.000000266,42.85254,53,31
1970-01-01 00:00:00.000000265,41.21253,53,32
1970-01-01 00:00:00.000000266,41.189835,53,32
1970-01-01 00:00:00.000000267,41.287544,53,32
1970-01-01 00:00:00.000000266,40.288002,53,33
1970-01-01 00:00:00.000000267,40.291737,53,33
1970-01-01 00:00:00.000000268,40.444775,53,33
1970-01-01 00:00:00.000000267,39.9437,53,34
1970-01-01 00:00:00.000000268,39.988834,53,34
1970-01-01 00:00:00.000000269,40.132866,53,34
1970-01-01 00:00:00.000000268,38.781296,53,35
1970-01-01 00:00:00.000000269,38.811413,53,35
1970-01-01 00:00:00.000000270,38.948463,53,35
1970-01-01 00:00:00.000000269,37.519142,53,36
1970-01-01 00:00:00.000000270,37.52708,53,36
1970-01-01 00:00:00.000000271,37.706333,53,36
1970-01-01 00:00:00.000000270,36.884655,53,37
1970-01-01 00:00:00.000000271,36.914455,53,37
1970-01-01 00:00:00.000000272,37.08132,53,37
1970-01-01 00:00:00.000000271,37.302135,53,38
1970-01-01 00:00:00.000000272,37.336872,53,38
1970-01-01 00:00:00.000000273,37.50224,53,38
1970-01-01 00:00:00.000000272,37.363937,53,39
1970-01-01 00:00:00.000000273,37.389587,53,39
1970-01-01 00:00:00.000000274,37.552666,53,39
1970-01-01 00:00:00.000000097,65.63404,54,10
1970-01-01 00:00:00.000000098,65.65393,54,10
1970-01-01 00:00:00.000000099,65.65209,54,10
1970-01-01 00:00:00.000000098,66.05608,54,11
1970-01-01 00:00:00.000000099,66.06567,54,11
1970-01-01 00:00:00.000000100,66.05867,54,11
1970-01-01 00:00:00.000000099,66.6406,54,12
1970-01-01 00:00:00.000000100,66.64538,54,12
1970-01-01 00:00:00.000000101,66.596146,54,12
1970-01-01 00:00:00.000000100,67.40256,54,13
1970-01-01 00:00:00.000000101,67.36432,54,13
1970-01-01 00:00:00.000000102,67.26519,54,13
1970-01-01 00:00:00.000000277,19.091515,60,10
1970-01-01 00:00:00.000000278,19.221405,60,10
1970-01-01 00:00:00.000000279,19.757378,60,10
1970-01-01 00:00:00.000000278,20.6457,60,11
1970-01-01 00:00:00.000000279,20.734272,60,11
1970-01-01 00:00:00.000000280,21.2415,60,11
1970-01-01 00:00:00.000000279,29.869932,60,12
1970-01-01 00:00:00.000000280,29.789011,60,12
1970-01-01 00:00:00.000000281,30.145864,60,12
1970-01-01 00:00:00.000000280,30.793694,60,13
1970-01-01 00:00:00.000000281,30.590656,60,13
1970-01-01 00:00:00.000000282,30.859772,60,13
1970-01-01 00:00:00.000000281,32.1646,60,14
1970-01-01 00:00:00.000000282,31.862741,60,14
1970-01-01 00:00:00.000000283,32.030006,60,14
1970-01-01 00:00:00.000000282,31.912216,60,15
1970-01-01 00:00:00.000000283,31.523596,60,15
1970-01-01 00:00:00.000000284,31.60119,60,15
1970-01-01 00:00:00.000000283,25.955034,60,16
1970-01-01 00:00:00.000000284,25.59437,60,16
1970-01-01 00:00:00.000000285,25.794506,60,16
1970-01-01 00:00:00.000000284,24.843056,60,17
1970-01-01 00:00:00.000000285,24.565273,60,17
1970-01-01 00:00:00.000000286,24.837517,60,17
1970-01-01 00:00:00.000000285,23.685942,60,18
1970-01-01 00:00:00.000000286,23.507124,60,18
1970-01-01 00:00:00.000000287,23.85868,60,18
1970-01-01 00:00:00.000000286,23.354504,60,19
1970-01-01 00:00:00.000000287,23.208822,60,19
1970-01-01 00:00:00.000000288,23.583235,60,19
1970-01-01 00:00:00.000000287,23.443796,60,20
1970-01-01 00:00:00.000000288,23.294138,60,20
1970-01-01 00:00:00.000000289,23.66426,60,20
1970-01-01 00:00:00.000000288,23.12099,60,21
1970-01-01 00:00:00.000000289,22.991873,60,21
1970-01-01 00:00:00.000000290,23.378675,60,21
1970-01-01 00:00:00.000000289,22.968557,60,22
1970-01-01 00:00:00.000000290,22.854834,60,22
1970-01-01 00:00:00.000000291,23.250977,60,22
1970-01-01 00:00:00.000000290,22.555174,60,23
1970-01-01 00:00:00.000000291,22.467974,60,23
1970-01-01 00:00:00.000000292,22.883636,60,23
1970-01-01 00:00:00.000000291,22.129713,60,24
1970-01-01 00:00:00.000000292,22.075724,60,24
1970-01-01 00:00:00.000000293,22.512285,60,24
1970-01-01 00:00:00.000000292,21.370108,60,25
1970-01-01 00:00:00.000000293,21.364262,60,25
1970-01-01 00:00:00.000000294,21.831589,60,25
1970-01-01 00:00:00.000000293,20.559963,60,26
1970-01-01 00:00:00.000000294,20.605883,60,26
1970-01-01 00:00:00.000000295,21.102974,60,26
1970-01-01 00:00:00.000000294,20.311367,60,27
1970-01-01 00:00:00.000000295,20.375654,60,27
1970-01-01 00:00:00.000000296,20.880384,60,27
1970-01-01 00:00:00.000000295,20.021727,60,28
1970-01-01 00:00:00.000000296,20.10024,60,28
1970-01-01 00:00:00.000000297,20.613274,60,28
1970-01-01 00:00:00.000000296,19.42201,60,29
1970-01-01 00:00:00.000000297,19.530874,60,29
1970-01-01 00:00:00.000000298,20.059423,60,29
1970-01-01 00:00:00.000000297,19.080112,60,30
1970-01-01 00:00:00.000000298,19.206892,60,30
1970-01-01 00:00:00.000000299,19.742659,60,30
1970-01-01 00:00:00.000000298,19.061182,60,31
1970-01-01 00:00:00.000000299,19.190195,60,31
1970-01-01 00:00:00.000000300,19.726542,60,31
1970-01-01 00:00:00.000000299,20.142345,60,32
1970-01-01 00:00:00.000000300,20.236,60,32
1970-01-01 00:00:00.000000301,20.749855,60,32
1970-01-01 00:00:00.000000300,25.224985,60,33
1970-01-01 00:00:00.000000301,25.19664,60,33
1970-01-01 00:00:00.000000302,25.618404,60,33
1970-01-01 00:00:00.000000301,30.078947,60,34
1970-01-01 00:00:00.000000302,29.910828,60,34
1970-01-01 00:00:00.000000303,30.20884,60,34
1970-01-01 00:00:00.000000302,31.26231,60,35
1970-01-01 00:00:00.000000303,30.974037,60,35
1970-01-01 00:00:00.000000304,31.164555,60,35
1970-01-01 00:00:00.000000303,32.725727,60,36
1970-01-01 00:00:00.000000304,32.356163,60,36
1970-01-01 00:00:00.000000305,32.438988,60,36
1970-01-01 00:00:00.000000304,28.850613,60,37
1970-01-01 00:00:00.000000305,28.412718,60,37
1970-01-01 00:00:00.000000306,28.493866,60,37
1970-01-01 00:00:00.000000305,24.947289,60,38
1970-01-01 00:00:00.000000306,24.63864,60,38
1970-01-01 00:00:00.000000307,24.891289,60,38
1970-01-01 00:00:00.000000306,23.329998,60,39
1970-01-01 00:00:00.000000307,23.177292,60,39
1970-01-01 00:00:00.000000308,23.548756,60,39
1970-01-01 00:00:00.000000307,22.50915,60,40
1970-01-01 00:00:00.000000308,22.42194,60,40
1970-01-01 00:00:00.000000309,22.8382,60,40
1970-01-01 00:00:00.000000308,22.236753,60,41
1970-01-01 00:00:00.000000309,22.17411,60,41
1970-01-01 00:00:00.000000310,22.60515,60,41
1970-01-01 00:00:00.000000309,22.592327,60,42
1970-01-01 00:00:00.000000310,22.507097,60,42
1970-01-01 00:00:00.000000311,22.921822,60,42
1970-01-01 00:00:00.000000310,21.630587,60,43
1970-01-01 00:00:00.000000311,21.600859,60,43
1970-01-01 00:00:00.000000312,22.056427,60,43
1970-01-01 00:00:00.000000311,20.245272,60,44
1970-01-01 00:00:00.000000312,20.306833,60,44
1970-01-01 00:00:00.000000313,20.813131,60,44
1970-01-01 00:00:00.000000312,19.69562,60,45
1970-01-01 00:00:00.000000313,19.789993,60,45
1970-01-01 00:00:00.000000314,20.311407,60,45
1970-01-01 00:00:00.000000102,81.80714,61,10
1970-01-01 00:00:00.000000103,81.75256,61,10
1970-01-01 00:00:00.000000104,81.61111,61,10
1970-01-01 00:00:00.000000103,82.00145,61,11
1970-01-01 00:00:00.000000104,81.92225,61,11
1970-01-01 00:00:00.000000105,81.81308,61,11
1970-01-01 00:00:00.000000104,82.52763,61,12
1970-01-01 00:00:00.000000105,82.46558,61,12
1970-01-01 00:00:00.000000106,82.34494,61,12
1970-01-01 00:00:00.000000105,82.087456,61,13
1970-01-01 00:00:00.000000106,82.02979,61,13
1970-01-01 00:00:00.000000107,81.89265,61,13
1970-01-01 00:00:00.000000106,82.10315,61,14
1970-01-01 00:00:00.000000107,82.02732,61,14
1970-01-01 00:00:00.000000108,81.88201,61,14
1970-01-01 00:00:00.000000125,50.78659,62,10
1970-01-01 00:00:00.000000126,50.90727,62,10
1970-01-01 00:00:00.000000127,51.013634,62,10
1970-01-01 00:00:00.000000126,46.54397,62,11
1970-01-01 00:00:00.000000127,46.716824,62,11
1970-01-01 00:00:00.000000128,46.820923,62,11
1970-01-01 00:00:00.000000127,45.328163,62,12
1970-01-01 00:00:00.000000128,45.48106,62,12
1970-01-01 00:00:00.000000129,45.711525,62,12
1970-01-01 00:00:00.000000128,45.249424,62,13
1970-01-01 00:00:00.000000129,45.5063,62,13
1970-01-01 00:00:00.000000130,45.669407,62,13
1970-01-01 00:00:00.000000129,45.182518,62,14
1970-01-01 00:00:00.000000130,45.369007,62,14
1970-01-01 00:00:00.000000131,45.556625,62,14
1970-01-01 00:00:00.000000130,44.42813,62,15
1970-01-01 00:00:00.000000131,44.626495,62,15
1970-01-01 00:00:00.000000132,44.78742,62,15
1970-01-01 00:00:00.000000131,44.41171,62,16
1970-01-01 00:00:00.000000132,44.572414,62,16
1970-01-01 00:00:00.000000133,44.75788,62,16
1970-01-01 00:00:00.000000132,44.709404,62,17
1970-01-01 00:00:00.000000133,44.890076,62,17
1970-01-01 00:00:00.000000134,45.093365,62,17
1970-01-01 00:00:00.000000133,45.320473,62,18
1970-01-01 00:00:00.000000134,45.522358,62,18
1970-01-01 00:00:00.000000135,45.744793,62,18
1970-01-01 00:00:00.000000292,52.837013,63,10
1970-01-01 00:00:00.000000293,52.946323,63,10
1970-01-01 00:00:00.000000294,52.913822,63,10
1970-01-01 00:00:00.000000293,52.787903,63,11
1970-01-01 00:00:00.000000294,52.870674,63,11
1970-01-01 00:00:00.000000295,52.890675,63,11
1970-01-01 00:00:00.000000294,52.613766,63,12
1970-01-01 00:00:00.000000295,52.724323,63,12
1970-01-01 00:00:00.000000296,52.657852,63,12
1970-01-01 00:00:00.000000295,53.465668,63,13
1970-01-01 00:00:00.000000296,53.477238,63,13
1970-01-01 00:00:00.000000297,53.45592,63,13
1970-01-01 00:00:00.000000296,54.95615,63,14
1970-01-01 00:00:00.000000297,54.977642,63,14
1970-01-01 00:00:00.000000298,54.81563,63,14
1970-01-01 00:00:00.000000297,55.70927,63,15
1970-01-01 00:00:00.000000298,55.61697,63,15
1970-01-01 00:00:00.000000299,55.52633,63,15
1970-01-01 00:00:00.000000298,56.297848,63,16
1970-01-01 00:00:00.000000299,56.28162,63,16
1970-01-01 00:00:00.000000300,56.12549,63,16
1970-01-01 00:00:00.000000299,57.34011,63,17
1970-01-01 00:00:00.000000300,57.315952,63,17
1970-01-01 00:00:00.000000301,57.292473,63,17
1970-01-01 00:00:00.000000300,57.00705,63,18
1970-01-01 00:00:00.000000301,57.098484,63,18
1970-01-01 00:00:00.000000302,57.020164,63,18
1970-01-01 00:00:00.000000301,55.92244,63,19
1970-01-01 00:00:00.000000302,55.938995,63,19
1970-01-01 00:00:00.000000303,55.853283,63,19
1970-01-01 00:00:00.000000302,55.958035,63,20
1970-01-01 00:00:00.000000303,55.954346,63,20
1970-01-01 00:00:00.000000304,55.906506,63,20
1970-01-01 00:00:00.000000303,54.74108,63,21
1970-01-01 00:00:00.000000304,54.768303,63,21
1970-01-01 00:00:00.000000305,54.69547,63,21
1970-01-01 00:00:00.000000304,52.4643,63,22
1970-01-01 00:00:00.000000305,52.48465,63,22
1970-01-01 00:00:00.000000306,52.51165,63,22
1970-01-01 00:00:00.000000305,49.751656,63,23
1970-01-01 00:00:00.000000306,49.86879,63,23
1970-01-01 00:00:00.000000307,49.955322,63,23
1970-01-01 00:00:00.000000306,46.04704,63,24
1970-01-01 00:00:00.000000307,46.185055,63,24
1970-01-01 00:00:00.000000308,46.2394,63,24
1970-01-01 00:00:00.000000307,42.6528,63,25
1970-01-01 00:00:00.000000308,42.745083,63,25
1970-01-01 00:00:00.000000309,42.966248,63,25
1970-01-01 00:00:00.000000308,43.223866,63,26
1970-01-01 00:00:00.000000309,43.46079,63,26
1970-01-01 00:00:00.000000310,43.70778,63,26
1970-01-01 00:00:00.000000309,43.692024,63,27
1970-01-01 00:00:00.000000310,43.987415,63,27
1970-01-01 00:00:00.000000311,44.244625,63,27
1970-01-01 00:00:00.000000310,44.063667,63,28
1970-01-01 00:00:00.000000311,44.390213,63,28
1970-01-01 00:00:00.000000312,44.727356,63,28
1970-01-01 00:00:00.000000311,44.8291,63,29
1970-01-01 00:00:00.000000312,45.236984,63,29
1970-01-01 00:00:00.000000313,45.492348,63,29
1970-01-01 00:00:00.000000312,46.145233,63,30
1970-01-01 00:00:00.000000313,46.48097,63,30
1970-01-01 00:00:00.000000314,46.759384,63,30
1970-01-01 00:00:00.000000313,48.38859,63,31
1970-01-01 00:00:00.000000314,48.72928,63,31
1970-01-01 00:00:00.000000315,48.906788,63,31
1970-01-01 00:00:00.000000314,51.5742,63,32
1970-01-01 00:00:00.000000315,51.856236,63,32
1970-01-01 00:00:00.000000316,51.96973,63,32
1970-01-01 00:00:00.000000315,52.171795,63,33
1970-01-01 00:00:00.000000316,52.400135,63,33
1970-01-01 00:00:00.000000317,52.43963,63,33
1970-01-01 00:00:00.000000316,52.3547,63,34
1970-01-01 00:00:00.000000317,52.480927,63,34
1970-01-01 00:00:00.000000318,52.487545,63,34
1970-01-01 00:00:00.000000317,49.655155,63,35
1970-01-01 00:00:00.000000318,49.760464,63,35
1970-01-01 00:00:00.000000319,49.86971,63,35
1970-01-01 00:00:00.000000318,47.202682,63,36
1970-01-01 00:00:00.000000319,47.386204,63,36
1970-01-01 00:00:00.000000320,47.551353,63,36
1970-01-01 00:00:00.000000319,41.80417,63,37
1970-01-01 00:00:00.000000320,42.034573,63,37
1970-01-01 00:00:00.000000321,42.196205,63,37
1970-01-01 00:00:00.000000320,42.967796,63,38
1970-01-01 00:00:00.000000321,43.139095,63,38
1970-01-01 00:00:00.000000322,43.413483,63,38
1970-01-01 00:00:00.000000321,43.35466,63,39
1970-01-01 00:00:00.000000322,43.66235,63,39
1970-01-01 00:00:00.000000323,43.962223,63,39
1970-01-01 00:00:00.000000322,43.564526,63,40
1970-01-01 00:00:00.000000323,43.91656,63,40
1970-01-01 00:00:00.000000324,44.295437,63,40
1970-01-01 00:00:00.000000323,44.12625,63,41
1970-01-01 00:00:00.000000324,44.531563,63,41
1970-01-01 00:00:00.000000325,44.75758,63,41
1970-01-01 00:00:00.000000324,45.265987,63,42
1970-01-01 00:00:00.000000325,45.501305,63,42
1970-01-01 00:00:00.000000326,45.719406,63,42
1970-01-01 00:00:00.000000325,46.352245,63,43
1970-01-01 00:00:00.000000326,46.554222,63,43
1970-01-01 00:00:00.000000327,46.666344,63,43
1970-01-01 00:00:00.000000326,47.08889,63,44
1970-01-01 00:00:00.000000327,47.20656,63,44
1970-01-01 00:00:00.000000328,47.33856,63,44
1970-01-01 00:00:00.000000327,48.13037,63,45
1970-01-01 00:00:00.000000328,48.272095,63,45
1970-01-01 00:00:00.000000329,48.3585,63,45
1970-01-01 00:00:00.000000328,50.69336,63,46
1970-01-01 00:00:00.000000329,50.840576,63,46
1970-01-01 00:00:00.000000330,50.92635,63,46
1970-01-01 00:00:00.000000329,52.072083,63,47
1970-01-01 00:00:00.000000330,52.25527,63,47
1970-01-01 00:00:00.000000331,52.310852,63,47
1970-01-01 00:00:00.000000156,42.57099,64,10
1970-01-01 00:00:00.000000157,42.54045,64,10
1970-01-01 00:00:00.000000158,42.61774,64,10
1970-01-01 00:00:00.000000157,43.216434,64,11
1970-01-01 00:00:00.000000158,43.185772,64,11
1970-01-01 00:00:00.000000159,43.27904,64,11
1970-01-01 00:00:00.000000158,44.141666,64,12
1970-01-01 00:00:00.000000159,44.12169,64,12
1970-01-01 00:00:00.000000160,44.15619,64,12
1970-01-01 00:00:00.000000159,45.455025,64,13
1970-01-01 00:00:00.000000160,45.3919,64,13
1970-01-01 00:00:00.000000161,45.472385,64,13
1970-01-01 00:00:00.000000160,46.030445,64,14
1970-01-01 00:00:00.000000161,45.993767,64,14
1970-01-01 00:00:00.000000162,46.015335,64,14
1970-01-01 00:00:00.000000161,46.391777,64,15
1970-01-01 00:00:00.000000162,46.31631,64,15
1970-01-01 00:00:00.000000163,46.373848,64,15
1970-01-01 00:00:00.000000162,47.151737,64,16
1970-01-01 00:00:00.000000163,47.099743,64,16
1970-01-01 00:00:00.000000164,47.130623,64,16
1970-01-01 00:00:00.000000163,46.76547,64,17
1970-01-01 00:00:00.000000164,46.69294,64,17
1970-01-01 00:00:00.000000165,46.727097,64,17
1970-01-01 00:00:00.000000164,45.96841,64,18
1970-01-01 00:00:00.000000165,45.90095,64,18
1970-01-01 00:00:00.000000166,45.929756,64,18
1970-01-01 00:00:00.000000165,46.07063,64,19
1970-01-01 00:00:00.000000166,46.00593,64,19
1970-01-01 00:00:00.000000167,46.030563,64,19
1970-01-01 00:00:00.000000166,45.86336,64,20
1970-01-01 00:00:00.000000167,45.791996,64,20
1970-01-01 00:00:00.000000168,45.825996,64,20
1970-01-01 00:00:00.000000167,45.701878,64,21
1970-01-01 00:00:00.000000168,45.63663,64,21
1970-01-01 00:00:00.000000169,45.707302,64,21
1970-01-01 00:00:00.000000168,46.150032,64,22
1970-01-01 00:00:00.000000169,46.113697,64,22
1970-01-01 00:00:00.000000170,46.3802,64,22
1970-01-01 00:00:00.000000169,46.56266,64,23
1970-01-01 00:00:00.000000170,46.655197,64,23
1970-01-01 00:00:00.000000171,46.64572,64,23
1970-01-01 00:00:00.000000225,22.82535,65,10
1970-01-01 00:00:00.000000226,22.718212,65,10
1970-01-01 00:00:00.000000227,23.119345,65,10
1970-01-01 00:00:00.000000226,22.842783,65,11
1970-01-01 00:00:00.000000227,22.734592,65,11
1970-01-01 00:00:00.000000228,23.13486,65,11
1970-01-01 00:00:00.000000227,23.141428,65,12
1970-01-01 00:00:00.000000228,23.01344,65,12
1970-01-01 00:00:00.000000229,23.399008,65,12
1970-01-01 00:00:00.000000228,23.299675,65,13
1970-01-01 00:00:00.000000229,23.156586,65,13
1970-01-01 00:00:00.000000230,23.532528,65,13
1970-01-01 00:00:00.000000229,23.685684,65,14
1970-01-01 00:00:00.000000230,23.515715,65,14
1970-01-01 00:00:00.000000231,23.870571,65,14
1970-01-01 00:00:00.000000230,24.250227,65,15
1970-01-01 00:00:00.000000231,24.044514,65,15
1970-01-01 00:00:00.000000232,24.371134,65,15
1970-01-01 00:00:00.000000231,24.194191,65,16
1970-01-01 00:00:00.000000232,23.977867,65,16
1970-01-01 00:00:00.000000233,24.298445,65,16
1970-01-01 00:00:00.000000232,24.757591,65,17
1970-01-01 00:00:00.000000233,24.502586,65,17
1970-01-01 00:00:00.000000234,24.78948,65,17
1970-01-01 00:00:00.000000233,24.788914,65,18
1970-01-01 00:00:00.000000234,24.523277,65,18
1970-01-01 00:00:00.000000235,24.803316,65,18
1970-01-01 00:00:00.000000234,24.630997,65,19
1970-01-01 00:00:00.000000235,24.378933,65,19
1970-01-01 00:00:00.000000236,24.670296,65,19
1970-01-01 00:00:00.000000235,24.644285,65,20
1970-01-01 00:00:00.000000236,24.392529,65,20
1970-01-01 00:00:00.000000237,24.683691,65,20
1970-01-01 00:00:00.000000236,24.666903,65,21
1970-01-01 00:00:00.000000237,24.412832,65,21
1970-01-01 00:00:00.000000238,24.702349,65,21
1970-01-01 00:00:00.000000237,24.611492,65,22
1970-01-01 00:00:00.000000238,24.360744,65,22
1970-01-01 00:00:00.000000239,24.652985,65,22
1970-01-01 00:00:00.000000238,24.571602,65,23
1970-01-01 00:00:00.000000239,24.323978,65,23
1970-01-01 00:00:00.000000240,24.619127,65,23
1970-01-01 00:00:00.000000239,24.834684,65,24
1970-01-01 00:00:00.000000240,24.569263,65,24
1970-01-01 00:00:00.000000241,24.848192,65,24
1970-01-01 00:00:00.000000240,24.71576,65,25
1970-01-01 00:00:00.000000241,24.453949,65,25
1970-01-01 00:00:00.000000242,24.737532,65,25
1970-01-01 00:00:00.000000241,24.72131,65,26
1970-01-01 00:00:00.000000242,24.463404,65,26
1970-01-01 00:00:00.000000243,24.749302,65,26
1970-01-01 00:00:00.000000242,24.481499,65,27
1970-01-01 00:00:00.000000243,24.238953,65,27
1970-01-01 00:00:00.000000244,24.53886,65,27
1970-01-01 00:00:00.000000243,24.647392,65,28
1970-01-01 00:00:00.000000244,24.399498,65,28
1970-01-01 00:00:00.000000245,24.69293,65,28
1970-01-01 00:00:00.000000244,24.986593,65,29
1970-01-01 00:00:00.000000245,24.711462,65,29
1970-01-01 00:00:00.000000246,24.981737,65,29
1970-01-01 00:00:00.000000245,24.98037,65,30
1970-01-01 00:00:00.000000246,24.703432,65,30
1970-01-01 00:00:00.000000247,24.97289,65,30
1970-01-01 00:00:00.000000246,24.817257,65,31
1970-01-01 00:00:00.000000247,24.55376,65,31
1970-01-01 00:00:00.000000248,24.834913,65,31
1970-01-01 00:00:00.000000247,24.500326,65,32
1970-01-01 00:00:00.000000248,24.258873,65,32
1970-01-01 00:00:00.000000249,24.559586,65,32
1970-01-01 00:00:00.000000248,24.193186,65,33
1970-01-01 00:00:00.000000249,23.976133,65,33
1970-01-01 00:00:00.000000250,24.296549,65,33
1970-01-01 00:00:00.000000249,23.970137,65,34
1970-01-01 00:00:00.000000250,23.773067,65,34
1970-01-01 00:00:00.000000251,24.108456,65,34
1970-01-01 00:00:00.000000250,24.327587,65,35
1970-01-01 00:00:00.000000251,24.107588,65,35
1970-01-01 00:00:00.000000252,24.423483,65,35
1970-01-01 00:00:00.000000083,78.356636,66,10
1970-01-01 00:00:00.000000084,78.340805,66,10
1970-01-01 00:00:00.000000085,78.24983,66,10
1970-01-01 00:00:00.000000124,84.95443,67,10
1970-01-01 00:00:00.000000125,84.83786,67,10
1970-01-01 00:00:00.000000126,84.69383,67,10
1970-01-01 00:00:00.000000125,83.83487,67,11
1970-01-01 00:00:00.000000126,83.754715,67,11
1970-01-01 00:00:00.000000127,83.62046,67,11
1970-01-01 00:00:00.000000126,85.772705,67,12
1970-01-01 00:00:00.000000127,85.675285,67,12
1970-01-01 00:00:00.000000128,85.51807,67,12
1970-01-01 00:00:00.000000127,86.81525,67,13
1970-01-01 00:00:00.000000128,86.697205,67,13
1970-01-01 00:00:00.000000129,86.534355,67,13
1970-01-01 00:00:00.000000128,86.32584,67,14
1970-01-01 00:00:00.000000129,86.22325,67,14
1970-01-01 00:00:00.000000130,86.064514,67,14
1970-01-01 00:00:00.000000129,85.98094,67,15
1970-01-01 00:00:00.000000130,85.88008,67,15
1970-01-01 00:00:00.000000131,85.71599,67,15
1970-01-01 00:00:00.000000130,84.916336,67,16
1970-01-01 00:00:00.000000131,84.819496,67,16
1970-01-01 00:00:00.000000132,84.799934,67,16
1970-01-01 00:00:00.000000131,84.757,67,17
1970-01-01 00:00:00.000000132,84.77042,67,17
1970-01-01 00:00:00.000000133,84.71667,67,17
1970-01-01 00:00:00.000000176,47.01786,69,10
1970-01-01 00:00:00.000000177,47.03517,69,10
1970-01-01 00:00:00.000000178,47.28875,69,10
1970-01-01 00:00:00.000000177,48.78238,69,11
1970-01-01 00:00:00.000000178,48.906036,69,11
1970-01-01 00:00:00.000000179,48.865417,69,11
1970-01-01 00:00:00.000000178,50.644745,69,12
1970-01-01 00:00:00.000000179,50.583805,69,12
1970-01-01 00:00:00.000000180,50.487267,69,12
1970-01-01 00:00:00.000000179,52.304214,69,13
1970-01-01 00:00:00.000000180,52.175426,69,13
1970-01-01 00:00:00.000000181,52.2244,69,13
1970-01-01 00:00:00.000000180,48.172104,69,14
1970-01-01 00:00:00.000000181,48.098827,69,14
1970-01-01 00:00:00.000000182,48.116497,69,14
1970-01-01 00:00:00.000000181,44.490257,69,15
1970-01-01 00:00:00.000000182,44.414185,69,15
1970-01-01 00:00:00.000000183,44.44837,69,15
1970-01-01 00:00:00.000000182,44.131737,69,16
1970-01-01 00:00:00.000000183,44.111378,69,16
1970-01-01 00:00:00.000000184,44.16512,69,16
1970-01-01 00:00:00.000000183,42.13665,69,17
1970-01-01 00:00:00.000000184,42.114445,69,17
1970-01-01 00:00:00.000000185,42.210472,69,17
1970-01-01 00:00:00.000000184,40.940613,69,18
1970-01-01 00:00:00.000000185,40.95428,69,18
1970-01-01 00:00:00.000000186,41.08371,69,18
1970-01-01 00:00:00.000000185,39.857197,69,19
1970-01-01 00:00:00.000000186,39.884926,69,19
1970-01-01 00:00:00.000000187,40.023632,69,19
1970-01-01 00:00:00.000000186,38.495678,69,20
1970-01-01 00:00:00.000000187,38.505276,69,20
1970-01-01 00:00:00.000000188,38.634693,69,20
1970-01-01 00:00:00.000000187,37.744656,69,21
1970-01-01 00:00:00.000000188,37.73694,69,21
1970-01-01 00:00:00.000000189,37.876514,69,21
1970-01-01 00:00:00.000000188,40.1916,69,22
1970-01-01 00:00:00.000000189,40.264015,69,22
1970-01-01 00:00:00.000000190,40.445255,69,22
1970-01-01 00:00:00.000000189,41.024445,69,23
1970-01-01 00:00:00.000000190,41.10861,69,23
1970-01-01 00:00:00.000000191,41.295486,69,23
1970-01-01 00:00:00.000000190,44.047794,69,24
1970-01-01 00:00:00.000000191,44.13042,69,24
1970-01-01 00:00:00.000000192,44.29872,69,24
1970-01-01 00:00:00.000000191,47.06941,69,25
1970-01-01 00:00:00.000000192,47.128616,69,25
1970-01-01 00:00:00.000000193,47.406834,69,25
1970-01-01 00:00:00.000000192,48.78023,69,26
1970-01-01 00:00:00.000000193,48.920296,69,26
1970-01-01 00:00:00.000000194,48.84898,69,26
1970-01-01 00:00:00.000000193,50.43496,69,27
1970-01-01 00:00:00.000000194,50.36029,69,27
1970-01-01 00:00:00.000000195,50.317383,69,27
1970-01-01 00:00:00.000000226,59.161514,70,10
1970-01-01 00:00:00.000000227,59.516994,70,10
1970-01-01 00:00:00.000000228,59.792847,70,10
1970-01-01 00:00:00.000000227,58.154312,70,11
1970-01-01 00:00:00.000000228,58.55051,70,11
1970-01-01 00:00:00.000000229,58.839443,70,11
1970-01-01 00:00:00.000000228,57.633957,70,12
1970-01-01 00:00:00.000000229,58.043774,70,12
1970-01-01 00:00:00.000000230,58.318695,70,12
1970-01-01 00:00:00.000000229,57.589024,70,13
1970-01-01 00:00:00.000000230,57.98274,70,13
1970-01-01 00:00:00.000000231,58.277126,70,13
1970-01-01 00:00:00.000000230,57.875713,70,14
1970-01-01 00:00:00.000000231,58.283264,70,14
1970-01-01 00:00:00.000000232,58.60764,70,14
1970-01-01 00:00:00.000000231,57.713852,70,15
1970-01-01 00:00:00.000000232,58.150394,70,15
1970-01-01 00:00:00.000000233,58.3955,70,15
1970-01-01 00:00:00.000000232,58.0603,70,16
1970-01-01 00:00:00.000000233,58.418213,70,16
1970-01-01 00:00:00.000000234,58.636253,70,16
1970-01-01 00:00:00.000000233,56.925407,70,17
1970-01-01 00:00:00.000000234,57.261036,70,17
1970-01-01 00:00:00.000000235,57.46304,70,17
1970-01-01 00:00:00.000000234,57.175255,70,18
1970-01-01 00:00:00.000000235,57.500656,70,18
1970-01-01 00:00:00.000000236,57.74699,70,18
1970-01-01 00:00:00.000000235,56.651127,70,19
1970-01-01 00:00:00.000000236,57.019836,70,19
1970-01-01 00:00:00.000000237,57.279213,70,19
1970-01-01 00:00:00.000000236,57.7892,70,20
1970-01-01 00:00:00.000000237,58.1651,70,20
1970-01-01 00:00:00.000000238,58.418007,70,20
1970-01-01 00:00:00.000000237,57.64738,70,21
1970-01-01 00:00:00.000000238,58.015934,70,21
1970-01-01 00:00:00.000000239,58.28576,70,21
1970-01-01 00:00:00.000000238,57.83552,70,22
1970-01-01 00:00:00.000000239,58.21948,70,22
1970-01-01 00:00:00.000000240,58.474934,70,22
1970-01-01 00:00:00.000000239,57.72687,70,23
1970-01-01 00:00:00.000000240,58.0979,70,23
1970-01-01 00:00:00.000000241,58.356915,70,23
1970-01-01 00:00:00.000000240,57.77931,70,24
1970-01-01 00:00:00.000000241,58.15336,70,24
1970-01-01 00:00:00.000000242,58.398666,70,24
1970-01-01 00:00:00.000000241,58.11751,70,25
1970-01-01 00:00:00.000000242,58.4763,70,25
1970-01-01 00:00:00.000000243,58.746044,70,25
1970-01-01 00:00:00.000000242,58.491867,70,26
1970-01-01 00:00:00.000000243,58.871056,70,26
1970-01-01 00:00:00.000000244,59.083084,70,26
1970-01-01 00:00:00.000000243,58.000675,70,27
1970-01-01 00:00:00.000000244,58.326473,70,27
1970-01-01 00:00:00.000000245,58.551727,70,27
1970-01-01 00:00:00.000000244,57.85921,70,28
1970-01-01 00:00:00.000000245,58.20022,70,28
1970-01-01 00:00:00.000000246,58.395386,70,28
1970-01-01 00:00:00.000000245,57.91571,70,29
1970-01-01 00:00:00.000000246,58.228893,70,29
1970-01-01 00:00:00.000000247,58.449173,70,29
1970-01-01 00:00:00.000000246,57.590008,70,30
1970-01-01 00:00:00.000000247,57.92781,70,30
1970-01-01 00:00:00.000000248,58.188282,70,30
1970-01-01 00:00:00.000000247,57.65627,70,31
1970-01-01 00:00:00.000000248,58.03235,70,31
1970-01-01 00:00:00.000000249,58.2534,70,31
1970-01-01 00:00:00.000000248,57.47552,70,32
1970-01-01 00:00:00.000000249,57.812885,70,32
1970-01-01 00:00:00.000000250,57.987587,70,32
1970-01-01 00:00:00.000000249,57.202667,70,33
1970-01-01 00:00:00.000000250,57.497475,70,33
1970-01-01 00:00:00.000000251,57.643505,70,33
1970-01-01 00:00:00.000000250,57.20887,70,34
1970-01-01 00:00:00.000000251,57.47981,70,34
1970-01-01 00:00:00.000000252,57.74306,70,34
1970-01-01 00:00:00.000000251,57.186234,70,35
1970-01-01 00:00:00.000000252,57.569145,70,35
1970-01-01 00:00:00.000000253,57.660133,70,35
1970-01-01 00:00:00.000000252,57.25768,70,36
1970-01-01 00:00:00.000000253,57.468277,70,36
1970-01-01 00:00:00.000000254,57.823696,70,36
1970-01-01 00:00:00.000000226,16.955252,71,10
1970-01-01 00:00:00.000000227,16.671028,71,10
1970-01-01 00:00:00.000000228,16.718134,71,10
1970-01-01 00:00:00.000000227,16.435577,71,11
1970-01-01 00:00:00.000000228,16.181578,71,11
1970-01-01 00:00:00.000000229,16.439638,71,11
1970-01-01 00:00:00.000000228,16.265917,71,12
1970-01-01 00:00:00.000000229,16.201147,71,12
1970-01-01 00:00:00.000000230,16.536451,71,12
1970-01-01 00:00:00.000000229,16.366083,71,13
1970-01-01 00:00:00.000000230,16.375296,71,13
1970-01-01 00:00:00.000000231,17.377537,71,13
1970-01-01 00:00:00.000000230,16.408798,71,14
1970-01-01 00:00:00.000000231,17.03922,71,14
1970-01-01 00:00:00.000000232,15.268997,71,14
1970-01-01 00:00:00.000000231,17.137056,71,15
1970-01-01 00:00:00.000000232,15.136306,71,15
1970-01-01 00:00:00.000000233,14.810843,71,15
1970-01-01 00:00:00.000000232,15.461793,71,16
1970-01-01 00:00:00.000000233,14.833555,71,16
1970-01-01 00:00:00.000000234,15.413579,71,16
1970-01-01 00:00:00.000000233,16.04166,71,17
1970-01-01 00:00:00.000000234,16.34119,71,17
1970-01-01 00:00:00.000000235,16.594387,71,17
1970-01-01 00:00:00.000000234,14.955554,71,18
1970-01-01 00:00:00.000000235,14.934043,71,18
1970-01-01 00:00:00.000000236,15.3303175,71,18
1970-01-01 00:00:00.000000235,15.043747,71,19
1970-01-01 00:00:00.000000236,15.168174,71,19
1970-01-01 00:00:00.000000237,15.303312,71,19
1970-01-01 00:00:00.000000236,17.355923,71,20
1970-01-01 00:00:00.000000237,17.291023,71,20
1970-01-01 00:00:00.000000238,17.540415,71,20
1970-01-01 00:00:00.000000237,20.695906,71,21
1970-01-01 00:00:00.000000238,20.869621,71,21
1970-01-01 00:00:00.000000239,21.29776,71,21
1970-01-01 00:00:00.000000238,22.29962,71,22
1970-01-01 00:00:00.000000239,22.657751,71,22
1970-01-01 00:00:00.000000240,23.097736,71,22
1970-01-01 00:00:00.000000239,23.19251,71,23
1970-01-01 00:00:00.000000240,23.557482,71,23
1970-01-01 00:00:00.000000241,24.336367,71,23
1970-01-01 00:00:00.000000240,22.966455,71,24
1970-01-01 00:00:00.000000241,23.581297,71,24
1970-01-01 00:00:00.000000242,24.311323,71,24
1970-01-01 00:00:00.000000241,22.041193,71,25
1970-01-01 00:00:00.000000242,22.66215,71,25
1970-01-01 00:00:00.000000243,23.752241,71,25
1970-01-01 00:00:00.000000242,20.72718,71,26
1970-01-01 00:00:00.000000243,21.579649,71,26
1970-01-01 00:00:00.000000244,22.645819,71,26
1970-01-01 00:00:00.000000243,21.82273,71,27
1970-01-01 00:00:00.000000244,22.85085,71,27
1970-01-01 00:00:00.000000245,24.130865,71,27
1970-01-01 00:00:00.000000244,22.830406,71,28
1970-01-01 00:00:00.000000245,24.099174,71,28
1970-01-01 00:00:00.000000246,25.533388,71,28
1970-01-01 00:00:00.000000245,24.179243,71,29
1970-01-01 00:00:00.000000246,25.64663,71,29
1970-01-01 00:00:00.000000247,27.00777,71,29
1970-01-01 00:00:00.000000246,24.968079,71,30
1970-01-01 00:00:00.000000247,26.374474,71,30
1970-01-01 00:00:00.000000248,27.8598,71,30
1970-01-01 00:00:00.000000247,27.435257,71,31
1970-01-01 00:00:00.000000248,29.065546,71,31
1970-01-01 00:00:00.000000249,30.66264,71,31
1970-01-01 00:00:00.000000248,30.445246,71,32
1970-01-01 00:00:00.000000249,32.19148,71,32
1970-01-01 00:00:00.000000250,33.65257,71,32
1970-01-01 00:00:00.000000249,36.264797,71,33
1970-01-01 00:00:00.000000250,37.813496,71,33
1970-01-01 00:00:00.000000251,38.98805,71,33
1970-01-01 00:00:00.000000250,44.20547,71,34
1970-01-01 00:00:00.000000251,45.36804,71,34
1970-01-01 00:00:00.000000252,46.153526,71,34
1970-01-01 00:00:00.000000251,51.859707,71,35
1970-01-01 00:00:00.000000252,52.649612,71,35
1970-01-01 00:00:00.000000253,53.363213,71,35
1970-01-01 00:00:00.000000320,56.12129,72,10
1970-01-01 00:00:00.000000321,56.41341,72,10
1970-01-01 00:00:00.000000322,56.577343,72,10
1970-01-01 00:00:00.000000321,57.53469,72,11
1970-01-01 00:00:00.000000322,57.826466,72,11
1970-01-01 00:00:00.000000323,57.925266,72,11
1970-01-01 00:00:00.000000322,58.621574,72,12
1970-01-01 00:00:00.000000323,58.846382,72,12
1970-01-01 00:00:00.000000324,58.903126,72,12
1970-01-01 00:00:00.000000323,60.297497,72,13
1970-01-01 00:00:00.000000324,60.494816,72,13
1970-01-01 00:00:00.000000325,60.538677,72,13
1970-01-01 00:00:00.000000324,60.76971,72,14
1970-01-01 00:00:00.000000325,60.948032,72,14
1970-01-01 00:00:00.000000326,60.992237,72,14
1970-01-01 00:00:00.000000325,61.24936,72,15
1970-01-01 00:00:00.000000326,61.432774,72,15
1970-01-01 00:00:00.000000327,61.48608,72,15
1970-01-01 00:00:00.000000326,59.08385,72,16
1970-01-01 00:00:00.000000327,59.237026,72,16
1970-01-01 00:00:00.000000328,59.2846,72,16
1970-01-01 00:00:00.000000327,55.676636,72,17
1970-01-01 00:00:00.000000328,55.831684,72,17
1970-01-01 00:00:00.000000329,55.7866,72,17
1970-01-01 00:00:00.000000328,55.65943,72,18
1970-01-01 00:00:00.000000329,55.76447,72,18
1970-01-01 00:00:00.000000330,55.85685,72,18
1970-01-01 00:00:00.000000329,55.510326,72,19
1970-01-01 00:00:00.000000330,55.73579,72,19
1970-01-01 00:00:00.000000331,55.67414,72,19
1970-01-01 00:00:00.000000330,55.735657,72,20
1970-01-01 00:00:00.000000331,55.815453,72,20
1970-01-01 00:00:00.000000332,55.847744,72,20
1970-01-01 00:00:00.000000331,55.751873,72,21
1970-01-01 00:00:00.000000332,55.92429,72,21
1970-01-01 00:00:00.000000333,55.99877,72,21
1970-01-01 00:00:00.000000332,56.792786,72,22
1970-01-01 00:00:00.000000333,57.009483,72,22
1970-01-01 00:00:00.000000334,57.022728,72,22
1970-01-01 00:00:00.000000333,57.59551,72,23
1970-01-01 00:00:00.000000334,57.75078,72,23
1970-01-01 00:00:00.000000335,57.95847,72,23
1970-01-01 00:00:00.000000334,58.358097,72,24
1970-01-01 00:00:00.000000335,58.69199,72,24
1970-01-01 00:00:00.000000336,59.470295,72,24
1970-01-01 00:00:00.000000335,60.51557,72,25
1970-01-01 00:00:00.000000336,61.250748,72,25
1970-01-01 00:00:00.000000337,59.764843,72,25
1970-01-01 00:00:00.000000336,61.06808,72,26
1970-01-01 00:00:00.000000337,59.794903,72,26
1970-01-01 00:00:00.000000338,59.910095,72,26
1970-01-01 00:00:00.000000337,62.345844,72,27
1970-01-01 00:00:00.000000338,62.578503,72,27
1970-01-01 00:00:00.000000339,62.71794,72,27
1970-01-01 00:00:00.000000338,57.15179,72,28
1970-01-01 00:00:00.000000339,57.38657,72,28
1970-01-01 00:00:00.000000340,57.543533,72,28
1970-01-01 00:00:00.000000339,54.50891,72,29
1970-01-01 00:00:00.000000340,54.79645,72,29
1970-01-01 00:00:00.000000341,54.889168,72,29
1970-01-01 00:00:00.000000340,55.53234,72,30
1970-01-01 00:00:00.000000341,55.77628,72,30
1970-01-01 00:00:00.000000342,55.860806,72,30
1970-01-01 00:00:00.000000341,55.165314,72,31
1970-01-01 00:00:00.000000342,55.38402,72,31
1970-01-01 00:00:00.000000343,55.473663,72,31
1970-01-01 00:00:00.000000342,55.820538,72,32
1970-01-01 00:00:00.000000343,56.047665,72,32
1970-01-01 00:00:00.000000344,57.05693,72,32
1970-01-01 00:00:00.000000343,56.38894,72,33
1970-01-01 00:00:00.000000344,57.26942,72,33
1970-01-01 00:00:00.000000345,56.460438,72,33
1970-01-01 00:00:00.000000344,56.595898,72,34
1970-01-01 00:00:00.000000345,55.87229,72,34
1970-01-01 00:00:00.000000346,55.49143,72,34
1970-01-01 00:00:00.000000345,55.470383,72,35
1970-01-01 00:00:00.000000346,54.931484,72,35
1970-01-01 00:00:00.000000347,54.27618,72,35
1970-01-01 00:00:00.000000346,57.236687,72,36
1970-01-01 00:00:00.000000347,56.788292,72,36
1970-01-01 00:00:00.000000348,56.909454,72,36
1970-01-01 00:00:00.000000347,56.775127,72,37
1970-01-01 00:00:00.000000348,57.052334,72,37
1970-01-01 00:00:00.000000349,57.18687,72,37
1970-01-01 00:00:00.000000348,56.43865,72,38
1970-01-01 00:00:00.000000349,56.72717,72,38
1970-01-01 00:00:00.000000350,56.786484,72,38
1970-01-01 00:00:00.000000349,55.57448,72,39
1970-01-01 00:00:00.000000350,55.789,72,39
1970-01-01 00:00:00.000000351,56.187756,72,39
1970-01-01 00:00:00.000000350,56.855682,72,40
1970-01-01 00:00:00.000000351,57.2984,72,40
1970-01-01 00:00:00.000000352,57.139248,72,40
1970-01-01 00:00:00.000000351,56.974842,72,41
1970-01-01 00:00:00.000000352,56.87117,72,41
1970-01-01 00:00:00.000000353,56.357925,72,41
1970-01-01 00:00:00.000000352,51.40678,72,42
1970-01-01 00:00:00.000000353,50.879154,72,42
1970-01-01 00:00:00.000000354,51.96829,72,42
1970-01-01 00:00:00.000000353,50.947548,72,43
1970-01-01 00:00:00.000000354,51.661465,72,43
1970-01-01 00:00:00.000000355,52.843517,72,43
1970-01-01 00:00:00.000000354,50.75231,72,44
1970-01-01 00:00:00.000000355,51.609642,72,44
1970-01-01 00:00:00.000000356,51.535282,72,44
1970-01-01 00:00:00.000000355,49.342045,72,45
1970-01-01 00:00:00.000000356,49.30416,72,45
1970-01-01 00:00:00.000000357,49.30155,72,45
1970-01-01 00:00:00.000000356,53.150703,72,46
1970-01-01 00:00:00.000000357,53.157074,72,46
1970-01-01 00:00:00.000000358,53.299805,72,46
1970-01-01 00:00:00.000000357,55.019547,72,47
1970-01-01 00:00:00.000000358,55.15134,72,47
1970-01-01 00:00:00.000000359,55.173172,72,47
1970-01-01 00:00:00.000000358,54.87662,72,48
1970-01-01 00:00:00.000000359,54.881603,72,48
1970-01-01 00:00:00.000000360,54.8746,72,48
1970-01-01 00:00:00.000000359,53.54532,72,49
1970-01-01 00:00:00.000000360,53.52729,72,49
1970-01-01 00:00:00.000000361,53.518993,72,49
1970-01-01 00:00:00.000000360,53.556137,72,50
1970-01-01 00:00:00.000000361,53.610806,72,50
1970-01-01 00:00:00.000000362,53.67696,72,50
1970-01-01 00:00:00.000000361,52.650806,72,51
1970-01-01 00:00:00.000000362,52.698074,72,51
1970-01-01 00:00:00.000000363,52.712612,72,51
1970-01-01 00:00:00.000000362,53.032505,72,52
1970-01-01 00:00:00.000000363,52.994404,72,52
1970-01-01 00:00:00.000000364,52.991703,72,52
1970-01-01 00:00:00.000000219,66.04006,73,10
1970-01-01 00:00:00.000000220,66.16008,73,10
1970-01-01 00:00:00.000000221,66.1453,73,10
1970-01-01 00:00:00.000000220,65.82604,73,11
1970-01-01 00:00:00.000000221,65.90599,73,11
1970-01-01 00:00:00.000000222,65.90444,73,11
1970-01-01 00:00:00.000000221,63.732906,73,12
1970-01-01 00:00:00.000000222,63.81385,73,12
1970-01-01 00:00:00.000000223,63.77588,73,12
1970-01-01 00:00:00.000000222,67.63307,73,13
1970-01-01 00:00:00.000000223,67.72633,73,13
1970-01-01 00:00:00.000000224,67.75665,73,13
1970-01-01 00:00:00.000000223,67.94255,73,14
1970-01-01 00:00:00.000000224,68.04567,73,14
1970-01-01 00:00:00.000000225,68.0662,73,14
1970-01-01 00:00:00.000000224,68.26914,73,15
1970-01-01 00:00:00.000000225,68.36314,73,15
1970-01-01 00:00:00.000000226,68.360954,73,15
1970-01-01 00:00:00.000000225,65.34627,73,16
1970-01-01 00:00:00.000000226,65.41028,73,16
1970-01-01 00:00:00.000000227,65.38556,73,16
1970-01-01 00:00:00.000000226,63.349464,73,17
1970-01-01 00:00:00.000000227,63.41396,73,17
1970-01-01 00:00:00.000000228,63.408154,73,17
1970-01-01 00:00:00.000000227,65.67607,73,18
1970-01-01 00:00:00.000000228,65.80665,73,18
1970-01-01 00:00:00.000000229,65.79821,73,18
1970-01-01 00:00:00.000000228,66.09034,73,19
1970-01-01 00:00:00.000000229,66.18354,73,19
1970-01-01 00:00:00.000000230,66.18925,73,19
1970-01-01 00:00:00.000000229,66.10806,73,20
1970-01-01 00:00:00.000000230,66.21104,73,20
1970-01-01 00:00:00.000000231,66.17211,73,20
1970-01-01 00:00:00.000000230,64.71053,73,21
1970-01-01 00:00:00.000000231,64.76077,73,21
1970-01-01 00:00:00.000000232,64.77581,73,21
1970-01-01 00:00:00.000000231,62.655796,73,22
1970-01-01 00:00:00.000000232,62.763226,73,22
1970-01-01 00:00:00.000000233,62.725822,73,22
1970-01-01 00:00:00.000000232,62.238537,73,23
1970-01-01 00:00:00.000000233,62.31626,73,23
1970-01-01 00:00:00.000000234,62.281612,73,23
1970-01-01 00:00:00.000000233,63.870663,73,24
1970-01-01 00:00:00.000000234,63.97097,73,24
1970-01-01 00:00:00.000000235,63.970062,73,24
1970-01-01 00:00:00.000000234,67.323875,73,25
1970-01-01 00:00:00.000000235,67.44007,73,25
1970-01-01 00:00:00.000000236,67.48001,73,25
1970-01-01 00:00:00.000000235,67.02499,73,26
1970-01-01 00:00:00.000000236,67.14104,73,26
1970-01-01 00:00:00.000000237,67.11673,73,26
1970-01-01 00:00:00.000000236,66.828224,73,27
1970-01-01 00:00:00.000000237,66.88953,73,27
1970-01-01 00:00:00.000000238,66.9075,73,27
1970-01-01 00:00:00.000000237,70.73459,73,28
1970-01-01 00:00:00.000000238,70.85609,73,28
1970-01-01 00:00:00.000000239,70.840614,73,28
1970-01-01 00:00:00.000000238,73.48183,73,29
1970-01-01 00:00:00.000000239,73.538185,73,29
1970-01-01 00:00:00.000000240,73.480095,73,29
1970-01-01 00:00:00.000000239,74.699,73,30
1970-01-01 00:00:00.000000240,74.70427,73,30
1970-01-01 00:00:00.000000241,74.67667,73,30
1970-01-01 00:00:00.000000240,75.71749,73,31
1970-01-01 00:00:00.000000241,75.74327,73,31
1970-01-01 00:00:00.000000242,75.71856,73,31
1970-01-01 00:00:00.000000241,72.580864,73,32
1970-01-01 00:00:00.000000242,72.63248,73,32
1970-01-01 00:00:00.000000243,72.54832,73,32
1970-01-01 00:00:00.000000242,73.04566,73,33
1970-01-01 00:00:00.000000243,73.07066,73,33
1970-01-01 00:00:00.000000244,73.03754,73,33
1970-01-01 00:00:00.000000243,73.72134,73,34
1970-01-01 00:00:00.000000244,73.78241,73,34
1970-01-01 00:00:00.000000245,73.76434,73,34
1970-01-01 00:00:00.000000116,74.42208,74,10
1970-01-01 00:00:00.000000117,74.47556,74,10
1970-01-01 00:00:00.000000118,74.449684,74,10
1970-01-01 00:00:00.000000117,74.79129,74,11
1970-01-01 00:00:00.000000118,74.823135,74,11
1970-01-01 00:00:00.000000119,74.808174,74,11
1970-01-01 00:00:00.000000118,75.48642,74,12
1970-01-01 00:00:00.000000119,75.52354,74,12
1970-01-01 00:00:00.000000120,75.45973,74,12
1970-01-01 00:00:00.000000119,76.25843,74,13
1970-01-01 00:00:00.000000120,76.252396,74,13
1970-01-01 00:00:00.000000121,76.22789,74,13
1970-01-01 00:00:00.000000120,76.38099,74,14
1970-01-01 00:00:00.000000121,76.40881,74,14
1970-01-01 00:00:00.000000122,76.33956,74,14
1970-01-01 00:00:00.000000121,77.53959,74,15
1970-01-01 00:00:00.000000122,77.52398,74,15
1970-01-01 00:00:00.000000123,77.46595,74,15
1970-01-01 00:00:00.000000122,78.65794,74,16
1970-01-01 00:00:00.000000123,78.641335,74,16
1970-01-01 00:00:00.000000124,78.566414,74,16
1970-01-01 00:00:00.000000129,67.25667,76,10
1970-01-01 00:00:00.000000130,67.21229,76,10
1970-01-01 00:00:00.000000131,67.15501,76,10
1970-01-01 00:00:00.000000130,67.23282,76,11
1970-01-01 00:00:00.000000131,67.189705,76,11
1970-01-01 00:00:00.000000132,67.13346,76,11
1970-01-01 00:00:00.000000131,67.77255,76,12
1970-01-01 00:00:00.000000132,67.73047,76,12
1970-01-01 00:00:00.000000133,67.674545,76,12
1970-01-01 00:00:00.000000132,67.49936,76,13
1970-01-01 00:00:00.000000133,67.45513,76,13
1970-01-01 00:00:00.000000134,67.3978,76,13
1970-01-01 00:00:00.000000133,67.65817,76,14
1970-01-01 00:00:00.000000134,67.61421,76,14
1970-01-01 00:00:00.000000135,67.55693,76,14
1970-01-01 00:00:00.000000134,67.68618,76,15
1970-01-01 00:00:00.000000135,67.64122,76,15
1970-01-01 00:00:00.000000136,67.58336,76,15
1970-01-01 00:00:00.000000135,67.74384,76,16
1970-01-01 00:00:00.000000136,67.698494,76,16
1970-01-01 00:00:00.000000137,67.64029,76,16
1970-01-01 00:00:00.000000136,67.81948,76,17
1970-01-01 00:00:00.000000137,67.774086,76,17
1970-01-01 00:00:00.000000138,67.715546,76,17
1970-01-01 00:00:00.000000137,68.047195,76,18
1970-01-01 00:00:00.000000138,68.00081,76,18
1970-01-01 00:00:00.000000139,67.9417,76,18
1970-01-01 00:00:00.000000151,56.50564,77,10
1970-01-01 00:00:00.000000152,56.523228,77,10
1970-01-01 00:00:00.000000153,56.532932,77,10
1970-01-01 00:00:00.000000152,57.22372,77,11
1970-01-01 00:00:00.000000153,57.237976,77,11
1970-01-01 00:00:00.000000154,57.24241,77,11
1970-01-01 00:00:00.000000153,58.24355,77,12
1970-01-01 00:00:00.000000154,58.257786,77,12
1970-01-01 00:00:00.000000155,58.259487,77,12
1970-01-01 00:00:00.000000154,59.280735,77,13
1970-01-01 00:00:00.000000155,59.295506,77,13
1970-01-01 00:00:00.000000156,59.294655,77,13
1970-01-01 00:00:00.000000155,60.275295,77,14
1970-01-01 00:00:00.000000156,60.289272,77,14
1970-01-01 00:00:00.000000157,60.284542,77,14
1970-01-01 00:00:00.000000156,60.810623,77,15
1970-01-01 00:00:00.000000157,60.82111,77,15
1970-01-01 00:00:00.000000158,60.812744,77,15
1970-01-01 00:00:00.000000157,61.365147,77,16
1970-01-01 00:00:00.000000158,61.37479,77,16
1970-01-01 00:00:00.000000159,61.364063,77,16
1970-01-01 00:00:00.000000158,61.86351,77,17
1970-01-01 00:00:00.000000159,61.87263,77,17
1970-01-01 00:00:00.000000160,61.85998,77,17
1970-01-01 00:00:00.000000159,62.22933,77,18
1970-01-01 00:00:00.000000160,62.236782,77,18
1970-01-01 00:00:00.000000161,62.222004,77,18
1970-01-01 00:00:00.000000160,63.203217,77,19
1970-01-01 00:00:00.000000161,63.211475,77,19
1970-01-01 00:00:00.000000162,63.195564,77,19
1970-01-01 00:00:00.000000161,64.03596,77,20
1970-01-01 00:00:00.000000162,64.04301,77,20
1970-01-01 00:00:00.000000163,64.02412,77,20
1970-01-01 00:00:00.000000162,64.83656,77,21
1970-01-01 00:00:00.000000163,64.84115,77,21
1970-01-01 00:00:00.000000164,64.8188,77,21
1970-01-01 00:00:00.000000163,65.96127,77,22
1970-01-01 00:00:00.000000164,65.963425,77,22
1970-01-01 00:00:00.000000165,65.93763,77,22
1970-01-01 00:00:00.000000098,86.52116,78,10
1970-01-01 00:00:00.000000099,86.55512,78,10
1970-01-01 00:00:00.000000100,86.53779,78,10
1970-01-01 00:00:00.000000099,87.574875,78,11
1970-01-01 00:00:00.000000100,87.46882,78,11
1970-01-01 00:00:00.000000101,87.300125,78,11
1970-01-01 00:00:00.000000100,86.86399,78,12
1970-01-01 00:00:00.000000101,86.77361,78,12
1970-01-01 00:00:00.000000102,86.61349,78,12
1970-01-01 00:00:00.000000101,86.23173,78,13
1970-01-01 00:00:00.000000102,86.160095,78,13
1970-01-01 00:00:00.000000103,86.01331,78,13
1970-01-01 00:00:00.000000275,61.226345,79,10
1970-01-01 00:00:00.000000276,60.95291,79,10
1970-01-01 00:00:00.000000277,60.951035,79,10
1970-01-01 00:00:00.000000276,60.850933,79,11
1970-01-01 00:00:00.000000277,60.62015,79,11
1970-01-01 00:00:00.000000278,60.620068,79,11
1970-01-01 00:00:00.000000277,61.23088,79,12
1970-01-01 00:00:00.000000278,61.009453,79,12
1970-01-01 00:00:00.000000279,60.934658,79,12
1970-01-01 00:00:00.000000278,61.274063,79,13
1970-01-01 00:00:00.000000279,61.001915,79,13
1970-01-01 00:00:00.000000280,60.977257,79,13
1970-01-01 00:00:00.000000279,60.897858,79,14
1970-01-01 00:00:00.000000280,60.653465,79,14
1970-01-01 00:00:00.000000281,60.608105,79,14
1970-01-01 00:00:00.000000280,61.47609,79,15
1970-01-01 00:00:00.000000281,61.22288,79,15
1970-01-01 00:00:00.000000282,61.174362,79,15
1970-01-01 00:00:00.000000281,60.982628,79,16
1970-01-01 00:00:00.000000282,60.72724,79,16
1970-01-01 00:00:00.000000283,60.66896,79,16
1970-01-01 00:00:00.000000282,61.06377,79,17
1970-01-01 00:00:00.000000283,60.800854,79,17
1970-01-01 00:00:00.000000284,60.755672,79,17
1970-01-01 00:00:00.000000283,61.30978,79,18
1970-01-01 00:00:00.000000284,61.051865,79,18
1970-01-01 00:00:00.000000285,61.016693,79,18
1970-01-01 00:00:00.000000284,60.790848,79,19
1970-01-01 00:00:00.000000285,60.541878,79,19
1970-01-01 00:00:00.000000286,60.521248,79,19
1970-01-01 00:00:00.000000285,60.635834,79,20
1970-01-01 00:00:00.000000286,60.40373,79,20
1970-01-01 00:00:00.000000287,60.32989,79,20
1970-01-01 00:00:00.000000286,60.092854,79,21
1970-01-01 00:00:00.000000287,59.82378,79,21
1970-01-01 00:00:00.000000288,59.787914,79,21
1970-01-01 00:00:00.000000287,59.384865,79,22
1970-01-01 00:00:00.000000288,59.135597,79,22
1970-01-01 00:00:00.000000289,59.110523,79,22
1970-01-01 00:00:00.000000288,58.741344,79,23
1970-01-01 00:00:00.000000289,58.50904,79,23
1970-01-01 00:00:00.000000290,58.498695,79,23
1970-01-01 00:00:00.000000289,58.830772,79,24
1970-01-01 00:00:00.000000290,58.614212,79,24
1970-01-01 00:00:00.000000291,58.566536,79,24
1970-01-01 00:00:00.000000290,57.689453,79,25
1970-01-01 00:00:00.000000291,57.4468,79,25
1970-01-01 00:00:00.000000292,57.447086,79,25
1970-01-01 00:00:00.000000291,57.86538,79,26
1970-01-01 00:00:00.000000292,57.657486,79,26
1970-01-01 00:00:00.000000293,57.618805,79,26
1970-01-01 00:00:00.000000292,56.875244,79,27
1970-01-01 00:00:00.000000293,56.644737,79,27
1970-01-01 00:00:00.000000294,56.643837,79,27
1970-01-01 00:00:00.000000293,56.733875,79,28
1970-01-01 00:00:00.000000294,56.531452,79,28
1970-01-01 00:00:00.000000295,56.510326,79,28
1970-01-01 00:00:00.000000294,56.22355,79,29
1970-01-01 00:00:00.000000295,56.011745,79,29
1970-01-01 00:00:00.000000296,56.00381,79,29
1970-01-01 00:00:00.000000295,55.712337,79,30
1970-01-01 00:00:00.000000296,55.51011,79,30
1970-01-01 00:00:00.000000297,55.524963,79,30
1970-01-01 00:00:00.000000296,54.77173,79,31
1970-01-01 00:00:00.000000297,54.590454,79,31
1970-01-01 00:00:00.000000298,54.578724,79,31
1970-01-01 00:00:00.000000297,54.41747,79,32
1970-01-01 00:00:00.000000298,54.222927,79,32
1970-01-01 00:00:00.000000299,54.203144,79,32
1970-01-01 00:00:00.000000298,54.059334,79,33
1970-01-01 00:00:00.000000299,53.857056,79,33
1970-01-01 00:00:00.000000300,53.84601,79,33
1970-01-01 00:00:00.000000299,53.839497,79,34
1970-01-01 00:00:00.000000300,53.63488,79,34
1970-01-01 00:00:00.000000301,53.651295,79,34
1970-01-01 00:00:00.000000300,55.761364,79,35
1970-01-01 00:00:00.000000301,55.55929,79,35
1970-01-01 00:00:00.000000302,55.578735,79,35
1970-01-01 00:00:00.000000301,59.11233,79,36
1970-01-01 00:00:00.000000302,58.90176,79,36
1970-01-01 00:00:00.000000303,58.897285,79,36
1970-01-01 00:00:00.000000302,64.533005,79,37
1970-01-01 00:00:00.000000303,64.289536,79,37
1970-01-01 00:00:00.000000304,64.21544,79,37
1970-01-01 00:00:00.000000303,61.70718,79,38
1970-01-01 00:00:00.000000304,61.398903,79,38
1970-01-01 00:00:00.000000305,61.375355,79,38
1970-01-01 00:00:00.000000304,58.346424,79,39
1970-01-01 00:00:00.000000305,58.101147,79,39
1970-01-01 00:00:00.000000306,58.056595,79,39
1970-01-01 00:00:00.000000305,58.71224,79,40
1970-01-01 00:00:00.000000306,58.475533,79,40
1970-01-01 00:00:00.000000307,58.43314,79,40
1970-01-01 00:00:00.000000306,59.09196,79,41
1970-01-01 00:00:00.000000307,58.84773,79,41
1970-01-01 00:00:00.000000308,58.84241,79,41
1970-01-01 00:00:00.000000307,60.142708,79,42
1970-01-01 00:00:00.000000308,59.922264,79,42
1970-01-01 00:00:00.000000309,59.907608,79,42
1970-01-01 00:00:00.000000308,59.921135,79,43
1970-01-01 00:00:00.000000309,59.706642,79,43
1970-01-01 00:00:00.000000310,59.637516,79,43
1970-01-01 00:00:00.000000309,58.504166,79,44
1970-01-01 00:00:00.000000310,58.259804,79,44
1970-01-01 00:00:00.000000311,58.271534,79,44
1970-01-01 00:00:00.000000148,56.37266,80,10
1970-01-01 00:00:00.000000149,56.296585,80,10
1970-01-01 00:00:00.000000150,56.314053,80,10
1970-01-01 00:00:00.000000149,55.382236,80,11
1970-01-01 00:00:00.000000150,55.29293,80,11
1970-01-01 00:00:00.000000151,55.292465,80,11
1970-01-01 00:00:00.000000150,55.353893,80,12
1970-01-01 00:00:00.000000151,55.25969,80,12
1970-01-01 00:00:00.000000152,55.28288,80,12
1970-01-01 00:00:00.000000151,54.258095,80,13
1970-01-01 00:00:00.000000152,54.177734,80,13
1970-01-01 00:00:00.000000153,54.16756,80,13
1970-01-01 00:00:00.000000152,54.377403,80,14
1970-01-01 00:00:00.000000153,54.282013,80,14
1970-01-01 00:00:00.000000154,54.303875,80,14
1970-01-01 00:00:00.000000153,52.879684,80,15
1970-01-01 00:00:00.000000154,52.792454,80,15
1970-01-01 00:00:00.000000155,52.781773,80,15
1970-01-01 00:00:00.000000154,51.847897,80,16
1970-01-01 00:00:00.000000155,51.73917,80,16
1970-01-01 00:00:00.000000156,52.374756,80,16
1970-01-01 00:00:00.000000155,53.611935,80,17
1970-01-01 00:00:00.000000156,54.107048,80,17
1970-01-01 00:00:00.000000157,53.721962,80,17
1970-01-01 00:00:00.000000156,54.326218,80,18
1970-01-01 00:00:00.000000157,53.909626,80,18
1970-01-01 00:00:00.000000158,53.84663,80,18
1970-01-01 00:00:00.000000157,83.04478,80,19
1970-01-01 00:00:00.000000158,83.02301,80,19
1970-01-01 00:00:00.000000159,82.96993,80,19
1970-01-01 00:00:00.000000158,81.896835,80,20
1970-01-01 00:00:00.000000159,81.9043,80,20
1970-01-01 00:00:00.000000160,81.82786,80,20
1970-01-01 00:00:00.000000159,82.06023,80,21
1970-01-01 00:00:00.000000160,82.06624,80,21
1970-01-01 00:00:00.000000161,82.24588,80,21
1970-01-01 00:00:00.000000160,81.15612,80,22
1970-01-01 00:00:00.000000161,81.46032,80,22
1970-01-01 00:00:00.000000162,81.33915,80,22
1970-01-01 00:00:00.000000125,44.1173,81,10
1970-01-01 00:00:00.000000126,44.167507,81,10
1970-01-01 00:00:00.000000127,44.40703,81,10
1970-01-01 00:00:00.000000126,43.871254,81,11
1970-01-01 00:00:00.000000127,44.00358,81,11
1970-01-01 00:00:00.000000128,44.15754,81,11
1970-01-01 00:00:00.000000127,41.48845,81,12
1970-01-01 00:00:00.000000128,41.597965,81,12
1970-01-01 00:00:00.000000129,41.89558,81,12
1970-01-01 00:00:00.000000128,42.693825,81,13
1970-01-01 00:00:00.000000129,42.880875,81,13
1970-01-01 00:00:00.000000130,43.112442,81,13
1970-01-01 00:00:00.000000129,43.157963,81,14
1970-01-01 00:00:00.000000130,43.28227,81,14
1970-01-01 00:00:00.000000131,43.510868,81,14
1970-01-01 00:00:00.000000130,42.682602,81,15
1970-01-01 00:00:00.000000131,42.818314,81,15
1970-01-01 00:00:00.000000132,43.716026,81,15
1970-01-01 00:00:00.000000131,43.293064,81,16
1970-01-01 00:00:00.000000132,43.94372,81,16
1970-01-01 00:00:00.000000133,45.418877,81,16
1970-01-01 00:00:00.000000132,43.37146,81,17
1970-01-01 00:00:00.000000133,44.488625,81,17
1970-01-01 00:00:00.000000134,44.18171,81,17
1970-01-01 00:00:00.000000133,43.849716,81,18
1970-01-01 00:00:00.000000134,43.588333,81,18
1970-01-01 00:00:00.000000135,44.101593,81,18
1970-01-01 00:00:00.000000318,51.27934,83,10
1970-01-01 00:00:00.000000319,51.247814,83,10
1970-01-01 00:00:00.000000320,51.241722,83,10
1970-01-01 00:00:00.000000319,51.894855,83,11
1970-01-01 00:00:00.000000320,51.8662,83,11
1970-01-01 00:00:00.000000321,51.860073,83,11
1970-01-01 00:00:00.000000320,51.870697,83,12
1970-01-01 00:00:00.000000321,51.83878,83,12
1970-01-01 00:00:00.000000322,51.83523,83,12
1970-01-01 00:00:00.000000321,51.804287,83,13
1970-01-01 00:00:00.000000322,51.776005,83,13
1970-01-01 00:00:00.000000323,51.7726,83,13
1970-01-01 00:00:00.000000322,52.12308,83,14
1970-01-01 00:00:00.000000323,52.09807,83,14
1970-01-01 00:00:00.000000324,52.0889,83,14
1970-01-01 00:00:00.000000323,51.86715,83,15
1970-01-01 00:00:00.000000324,51.832153,83,15
1970-01-01 00:00:00.000000325,51.82116,83,15
1970-01-01 00:00:00.000000324,52.115547,83,16
1970-01-01 00:00:00.000000325,52.083164,83,16
1970-01-01 00:00:00.000000326,52.073322,83,16
1970-01-01 00:00:00.000000325,52.596878,83,17
1970-01-01 00:00:00.000000326,52.567417,83,17
1970-01-01 00:00:00.000000327,52.558453,83,17
1970-01-01 00:00:00.000000326,52.756363,83,18
1970-01-01 00:00:00.000000327,52.726303,83,18
1970-01-01 00:00:00.000000328,52.716347,83,18
1970-01-01 00:00:00.000000327,53.07066,83,19
1970-01-01 00:00:00.000000328,53.041794,83,19
1970-01-01 00:00:00.000000329,53.031715,83,19
1970-01-01 00:00:00.000000328,53.299324,83,20
1970-01-01 00:00:00.000000329,53.270195,83,20
1970-01-01 00:00:00.000000330,53.25957,83,20
1970-01-01 00:00:00.000000329,53.54603,83,21
1970-01-01 00:00:00.000000330,53.51767,83,21
1970-01-01 00:00:00.000000331,53.50687,83,21
1970-01-01 00:00:00.000000330,52.98581,83,22
1970-01-01 00:00:00.000000331,52.952297,83,22
1970-01-01 00:00:00.000000332,52.93884,83,22
1970-01-01 00:00:00.000000331,52.3719,83,23
1970-01-01 00:00:00.000000332,52.335003,83,23
1970-01-01 00:00:00.000000333,52.320816,83,23
1970-01-01 00:00:00.000000332,53.001514,83,24
1970-01-01 00:00:00.000000333,52.972157,83,24
1970-01-01 00:00:00.000000334,52.961987,83,24
1970-01-01 00:00:00.000000333,52.85552,83,25
1970-01-01 00:00:00.000000334,52.82385,83,25
1970-01-01 00:00:00.000000335,52.81233,83,25
1970-01-01 00:00:00.000000334,52.20291,83,26
1970-01-01 00:00:00.000000335,52.166756,83,26
1970-01-01 00:00:00.000000336,52.153637,83,26
1970-01-01 00:00:00.000000335,51.58583,83,27
1970-01-01 00:00:00.000000336,51.547165,83,27
1970-01-01 00:00:00.000000337,51.53413,83,27
1970-01-01 00:00:00.000000336,51.628418,83,28
1970-01-01 00:00:00.000000337,51.592587,83,28
1970-01-01 00:00:00.000000338,51.58169,83,28
1970-01-01 00:00:00.000000337,52.096985,83,29
1970-01-01 00:00:00.000000338,52.06579,83,29
1970-01-01 00:00:00.000000339,52.057014,83,29
1970-01-01 00:00:00.000000338,51.72909,83,30
1970-01-01 00:00:00.000000339,51.69394,83,30
1970-01-01 00:00:00.000000340,51.68795,83,30
1970-01-01 00:00:00.000000339,51.668194,83,31
1970-01-01 00:00:00.000000340,51.638153,83,31
1970-01-01 00:00:00.000000341,51.633522,83,31
1970-01-01 00:00:00.000000340,52.01865,83,32
1970-01-01 00:00:00.000000341,51.99258,83,32
1970-01-01 00:00:00.000000342,51.983173,83,32
1970-01-01 00:00:00.000000341,51.817093,83,33
1970-01-01 00:00:00.000000342,51.781994,83,33
1970-01-01 00:00:00.000000343,51.77086,83,33
1970-01-01 00:00:00.000000342,52.284386,83,34
1970-01-01 00:00:00.000000343,52.253284,83,34
1970-01-01 00:00:00.000000344,52.243835,83,34
1970-01-01 00:00:00.000000343,52.412193,83,35
1970-01-01 00:00:00.000000344,52.380688,83,35
1970-01-01 00:00:00.000000345,52.37049,83,35
1970-01-01 00:00:00.000000344,52.43734,83,36
1970-01-01 00:00:00.000000345,52.40506,83,36
1970-01-01 00:00:00.000000346,52.394005,83,36
1970-01-01 00:00:00.000000345,52.377285,83,37
1970-01-01 00:00:00.000000346,52.343884,83,37
1970-01-01 00:00:00.000000347,52.332375,83,37
1970-01-01 00:00:00.000000346,52.919502,83,38
1970-01-01 00:00:00.000000347,52.89057,83,38
1970-01-01 00:00:00.000000348,52.880733,83,38
1970-01-01 00:00:00.000000347,52.41493,83,39
1970-01-01 00:00:00.000000348,52.379917,83,39
1970-01-01 00:00:00.000000349,52.366943,83,39
1970-01-01 00:00:00.000000348,52.901634,83,40
1970-01-01 00:00:00.000000349,52.87154,83,40
1970-01-01 00:00:00.000000350,52.86101,83,40
1970-01-01 00:00:00.000000349,53.095802,83,41
1970-01-01 00:00:00.000000350,53.0658,83,41
1970-01-01 00:00:00.000000351,53.05481,83,41
1970-01-01 00:00:00.000000350,53.46561,83,42
1970-01-01 00:00:00.000000351,53.437237,83,42
1970-01-01 00:00:00.000000352,53.42223,83,42
1970-01-01 00:00:00.000000351,53.437668,83,43
1970-01-01 00:00:00.000000352,53.403053,83,43
1970-01-01 00:00:00.000000353,53.380985,83,43
1970-01-01 00:00:00.000000352,54.045494,83,44
1970-01-01 00:00:00.000000353,54.009575,83,44
1970-01-01 00:00:00.000000354,53.98921,83,44
1970-01-01 00:00:00.000000353,53.91861,83,45
1970-01-01 00:00:00.000000354,53.87928,83,45
1970-01-01 00:00:00.000000355,53.85624,83,45
1970-01-01 00:00:00.000000354,54.337116,83,46
1970-01-01 00:00:00.000000355,54.300125,83,46
1970-01-01 00:00:00.000000356,54.283485,83,46
1970-01-01 00:00:00.000000355,54.051033,83,47
1970-01-01 00:00:00.000000356,54.01588,83,47
1970-01-01 00:00:00.000000357,54.004288,83,47
1970-01-01 00:00:00.000000356,54.169487,83,48
1970-01-01 00:00:00.000000357,54.142628,83,48
1970-01-01 00:00:00.000000358,54.136818,83,48
1970-01-01 00:00:00.000000357,53.913,83,49
1970-01-01 00:00:00.000000358,53.88914,83,49
1970-01-01 00:00:00.000000359,53.88839,83,49
1970-01-01 00:00:00.000000358,53.787903,83,50
1970-01-01 00:00:00.000000359,53.770107,83,50
1970-01-01 00:00:00.000000360,53.76379,83,50
1970-01-01 00:00:00.000000359,52.81449,83,51
1970-01-01 00:00:00.000000360,52.7846,83,51
1970-01-01 00:00:00.000000361,52.76937,83,51
1970-01-01 00:00:00.000000360,53.143456,83,52
1970-01-01 00:00:00.000000361,53.112526,83,52
1970-01-01 00:00:00.000000362,53.10092,83,52
1970-01-01 00:00:00.000000110,74.34806,84,10
1970-01-01 00:00:00.000000111,74.38464,84,10
1970-01-01 00:00:00.000000112,74.33918,84,10
1970-01-01 00:00:00.000000111,74.52167,84,11
1970-01-01 00:00:00.000000112,74.55284,84,11
1970-01-01 00:00:00.000000113,74.5064,84,11
1970-01-01 00:00:00.000000112,74.60489,84,12
1970-01-01 00:00:00.000000113,74.635056,84,12
1970-01-01 00:00:00.000000114,74.621826,84,12
1970-01-01 00:00:00.000000113,74.424904,84,13
1970-01-01 00:00:00.000000114,74.48832,84,13
1970-01-01 00:00:00.000000115,74.44214,84,13
1970-01-01 00:00:00.000000114,74.74327,84,14
1970-01-01 00:00:00.000000115,74.77585,84,14
1970-01-01 00:00:00.000000116,74.736015,84,14
1970-01-01 00:00:00.000000115,75.00952,84,15
1970-01-01 00:00:00.000000116,75.04328,84,15
1970-01-01 00:00:00.000000117,74.98474,84,15
1970-01-01 00:00:00.000000118,70.56947,85,10
1970-01-01 00:00:00.000000119,70.5869,85,10
1970-01-01 00:00:00.000000120,70.51159,85,10
1970-01-01 00:00:00.000000119,70.31666,85,11
1970-01-01 00:00:00.000000120,70.325905,85,11
1970-01-01 00:00:00.000000121,70.310196,85,11
1970-01-01 00:00:00.000000120,70.28595,85,12
1970-01-01 00:00:00.000000121,70.3498,85,12
1970-01-01 00:00:00.000000122,70.29157,85,12
1970-01-01 00:00:00.000000121,70.43047,85,13
1970-01-01 00:00:00.000000122,70.45499,85,13
1970-01-01 00:00:00.000000123,70.43137,85,13
1970-01-01 00:00:00.000000122,70.80529,85,14
1970-01-01 00:00:00.000000123,70.860176,85,14
1970-01-01 00:00:00.000000124,70.832695,85,14
1970-01-01 00:00:00.000000123,71.27457,85,15
1970-01-01 00:00:00.000000124,71.32361,85,15
1970-01-01 00:00:00.000000125,71.313,85,15
1970-01-01 00:00:00.000000124,71.63437,85,16
1970-01-01 00:00:00.000000125,71.69701,85,16
1970-01-01 00:00:00.000000126,71.80162,85,16
1970-01-01 00:00:00.000000215,54.884388,86,10
1970-01-01 00:00:00.000000216,54.91662,86,10
1970-01-01 00:00:00.000000217,54.909004,86,10
1970-01-01 00:00:00.000000216,54.923435,86,11
1970-01-01 00:00:00.000000217,54.978535,86,11
1970-01-01 00:00:00.000000218,54.84852,86,11
1970-01-01 00:00:00.000000217,51.2572,86,12
1970-01-01 00:00:00.000000218,51.175797,86,12
1970-01-01 00:00:00.000000219,51.20665,86,12
1970-01-01 00:00:00.000000218,51.694134,86,13
1970-01-01 00:00:00.000000219,51.751366,86,13
1970-01-01 00:00:00.000000220,51.622887,86,13
1970-01-01 00:00:00.000000219,51.63223,86,14
1970-01-01 00:00:00.000000220,51.560467,86,14
1970-01-01 00:00:00.000000221,51.476334,86,14
1970-01-01 00:00:00.000000220,50.71103,86,15
1970-01-01 00:00:00.000000221,50.675396,86,15
1970-01-01 00:00:00.000000222,50.638695,86,15
1970-01-01 00:00:00.000000221,51.517906,86,16
1970-01-01 00:00:00.000000222,51.547176,86,16
1970-01-01 00:00:00.000000223,51.58723,86,16
1970-01-01 00:00:00.000000222,49.946632,86,17
1970-01-01 00:00:00.000000223,50.06422,86,17
1970-01-01 00:00:00.000000224,50.058655,86,17
1970-01-01 00:00:00.000000223,50.792362,86,18
1970-01-01 00:00:00.000000224,50.82499,86,18
1970-01-01 00:00:00.000000225,50.821354,86,18
1970-01-01 00:00:00.000000224,51.267933,86,19
1970-01-01 00:00:00.000000225,51.28727,86,19
1970-01-01 00:00:00.000000226,51.346386,86,19
1970-01-01 00:00:00.000000225,52.008987,86,20
1970-01-01 00:00:00.000000226,52.09433,86,20
1970-01-01 00:00:00.000000227,52.128727,86,20
1970-01-01 00:00:00.000000226,52.28379,86,21
1970-01-01 00:00:00.000000227,52.34898,86,21
1970-01-01 00:00:00.000000228,52.270718,86,21
1970-01-01 00:00:00.000000227,50.25923,86,22
1970-01-01 00:00:00.000000228,50.202335,86,22
1970-01-01 00:00:00.000000229,50.712646,86,22
1970-01-01 00:00:00.000000228,47.746166,86,23
1970-01-01 00:00:00.000000229,48.14472,86,23
1970-01-01 00:00:00.000000230,48.269794,86,23
1970-01-01 00:00:00.000000229,48.18023,86,24
1970-01-01 00:00:00.000000230,48.168076,86,24
1970-01-01 00:00:00.000000231,48.088562,86,24
1970-01-01 00:00:00.000000230,48.299698,86,25
1970-01-01 00:00:00.000000231,48.042908,86,25
1970-01-01 00:00:00.000000232,47.483566,86,25
1970-01-01 00:00:00.000000231,51.122604,86,26
1970-01-01 00:00:00.000000232,50.513996,86,26
1970-01-01 00:00:00.000000233,50.570934,86,26
1970-01-01 00:00:00.000000232,48.654194,86,27
1970-01-01 00:00:00.000000233,48.632854,86,27
1970-01-01 00:00:00.000000234,48.59907,86,27
1970-01-01 00:00:00.000000233,45.807735,86,28
1970-01-01 00:00:00.000000234,45.842514,86,28
1970-01-01 00:00:00.000000235,46.06072,86,28
1970-01-01 00:00:00.000000234,46.593624,86,29
1970-01-01 00:00:00.000000235,46.80456,86,29
1970-01-01 00:00:00.000000236,46.986416,86,29
1970-01-01 00:00:00.000000235,47.929207,86,30
1970-01-01 00:00:00.000000236,48.05859,86,30
1970-01-01 00:00:00.000000237,48.10752,86,30
1970-01-01 00:00:00.000000236,48.100773,86,31
1970-01-01 00:00:00.000000237,48.12985,86,31
1970-01-01 00:00:00.000000238,49.35914,86,31
1970-01-01 00:00:00.000000237,49.878727,86,32
1970-01-01 00:00:00.000000238,50.755653,86,32
1970-01-01 00:00:00.000000239,51.90105,86,32
1970-01-01 00:00:00.000000238,47.943584,86,33
1970-01-01 00:00:00.000000239,48.673786,86,33
1970-01-01 00:00:00.000000240,48.599457,86,33
1970-01-01 00:00:00.000000385,82.535614,87,10
1970-01-01 00:00:00.000000386,82.40452,87,10
1970-01-01 00:00:00.000000387,82.25738,87,10
1970-01-01 00:00:00.000000386,82.43954,87,11
1970-01-01 00:00:00.000000387,82.351166,87,11
1970-01-01 00:00:00.000000388,82.15668,87,11
1970-01-01 00:00:00.000000387,82.56071,87,12
1970-01-01 00:00:00.000000388,82.43765,87,12
1970-01-01 00:00:00.000000389,82.25864,87,12
1970-01-01 00:00:00.000000388,82.37356,87,13
1970-01-01 00:00:00.000000389,82.260605,87,13
1970-01-01 00:00:00.000000390,82.086266,87,13
1970-01-01 00:00:00.000000389,82.031395,87,14
1970-01-01 00:00:00.000000390,81.92912,87,14
1970-01-01 00:00:00.000000391,81.80467,87,14
1970-01-01 00:00:00.000000390,81.9345,87,15
1970-01-01 00:00:00.000000391,81.87064,87,15
1970-01-01 00:00:00.000000392,81.66755,87,15
1970-01-01 00:00:00.000000391,81.721245,87,16
1970-01-01 00:00:00.000000392,81.598274,87,16
1970-01-01 00:00:00.000000393,81.44962,87,16
1970-01-01 00:00:00.000000392,81.88967,87,17
1970-01-01 00:00:00.000000393,81.796104,87,17
1970-01-01 00:00:00.000000394,81.62901,87,17
1970-01-01 00:00:00.000000393,82.26993,87,18
1970-01-01 00:00:00.000000394,82.16387,87,18
1970-01-01 00:00:00.000000395,81.99484,87,18
1970-01-01 00:00:00.000000394,82.4273,87,19
1970-01-01 00:00:00.000000395,82.31934,87,19
1970-01-01 00:00:00.000000396,82.14704,87,19
1970-01-01 00:00:00.000000395,82.05638,87,20
1970-01-01 00:00:00.000000396,81.95454,87,20
1970-01-01 00:00:00.000000397,81.77086,87,20
1970-01-01 00:00:00.000000396,81.870155,87,21
1970-01-01 00:00:00.000000397,81.7588,87,21
1970-01-01 00:00:00.000000398,81.81494,87,21
1970-01-01 00:00:00.000000397,81.44352,87,22
1970-01-01 00:00:00.000000398,81.52726,87,22
1970-01-01 00:00:00.000000399,81.66916,87,22
1970-01-01 00:00:00.000000398,81.33386,87,23
1970-01-01 00:00:00.000000399,81.423996,87,23
1970-01-01 00:00:00.000000400,80.58813,87,23
1970-01-01 00:00:00.000000399,81.663574,87,24
1970-01-01 00:00:00.000000400,80.99015,87,24
1970-01-01 00:00:00.000000401,81.0124,87,24
1970-01-01 00:00:00.000000400,81.37634,87,25
1970-01-01 00:00:00.000000401,81.28485,87,25
1970-01-01 00:00:00.000000402,81.12982,87,25
1970-01-01 00:00:00.000000401,81.888145,87,26
1970-01-01 00:00:00.000000402,81.78801,87,26
1970-01-01 00:00:00.000000403,81.63813,87,26
1970-01-01 00:00:00.000000402,82.93419,87,27
1970-01-01 00:00:00.000000403,82.826935,87,27
1970-01-01 00:00:00.000000404,82.6713,87,27
1970-01-01 00:00:00.000000403,83.27331,87,28
1970-01-01 00:00:00.000000404,83.17006,87,28
1970-01-01 00:00:00.000000405,82.9853,87,28
1970-01-01 00:00:00.000000404,82.68228,87,29
1970-01-01 00:00:00.000000405,82.56953,87,29
1970-01-01 00:00:00.000000406,82.37676,87,29
1970-01-01 00:00:00.000000405,82.75606,87,30
1970-01-01 00:00:00.000000406,82.62685,87,30
1970-01-01 00:00:00.000000407,82.465546,87,30
1970-01-01 00:00:00.000000406,83.228226,87,31
1970-01-01 00:00:00.000000407,83.11483,87,31
1970-01-01 00:00:00.000000408,82.92769,87,31
1970-01-01 00:00:00.000000407,83.58017,87,32
1970-01-01 00:00:00.000000408,83.45101,87,32
1970-01-01 00:00:00.000000409,83.260376,87,32
1970-01-01 00:00:00.000000408,83.66867,87,33
1970-01-01 00:00:00.000000409,83.53722,87,33
1970-01-01 00:00:00.000000410,83.3492,87,33
1970-01-01 00:00:00.000000409,83.86105,87,34
1970-01-01 00:00:00.000000410,83.73055,87,34
1970-01-01 00:00:00.000000411,83.51333,87,34
1970-01-01 00:00:00.000000410,82.96773,87,35
1970-01-01 00:00:00.000000411,82.843216,87,35
1970-01-01 00:00:00.000000412,82.646095,87,35
1970-01-01 00:00:00.000000411,81.946045,87,36
1970-01-01 00:00:00.000000412,81.8555,87,36
1970-01-01 00:00:00.000000413,81.71564,87,36
1970-01-01 00:00:00.000000412,80.99496,87,37
1970-01-01 00:00:00.000000413,80.95831,87,37
1970-01-01 00:00:00.000000414,80.820984,87,37
1970-01-01 00:00:00.000000413,81.455086,87,38
1970-01-01 00:00:00.000000414,81.38389,87,38
1970-01-01 00:00:00.000000415,81.22973,87,38
1970-01-01 00:00:00.000000414,80.597115,87,39
1970-01-01 00:00:00.000000415,80.51891,87,39
1970-01-01 00:00:00.000000416,80.395615,87,39
1970-01-01 00:00:00.000000415,80.96442,87,40
1970-01-01 00:00:00.000000416,80.8958,87,40
1970-01-01 00:00:00.000000417,80.74216,87,40
1970-01-01 00:00:00.000000416,81.83438,87,41
1970-01-01 00:00:00.000000417,81.73304,87,41
1970-01-01 00:00:00.000000418,81.59433,87,41
1970-01-01 00:00:00.000000417,82.97756,87,42
1970-01-01 00:00:00.000000418,82.8752,87,42
1970-01-01 00:00:00.000000419,82.69102,87,42
1970-01-01 00:00:00.000000418,83.59424,87,43
1970-01-01 00:00:00.000000419,83.4629,87,43
1970-01-01 00:00:00.000000420,83.27175,87,43
1970-01-01 00:00:00.000000419,84.055336,87,44
1970-01-01 00:00:00.000000420,83.91599,87,44
1970-01-01 00:00:00.000000421,83.70255,87,44
1970-01-01 00:00:00.000000420,84.35814,87,45
1970-01-01 00:00:00.000000421,84.20313,87,45
1970-01-01 00:00:00.000000422,83.99753,87,45
1970-01-01 00:00:00.000000421,84.62974,87,46
1970-01-01 00:00:00.000000422,84.47945,87,46
1970-01-01 00:00:00.000000423,84.26665,87,46
1970-01-01 00:00:00.000000422,84.862274,87,47
1970-01-01 00:00:00.000000423,84.708786,87,47
1970-01-01 00:00:00.000000424,84.497925,87,47
1970-01-01 00:00:00.000000423,84.01227,87,48
1970-01-01 00:00:00.000000424,83.88989,87,48
1970-01-01 00:00:00.000000425,83.70297,87,48
1970-01-01 00:00:00.000000424,82.634705,87,49
1970-01-01 00:00:00.000000425,82.561806,87,49
1970-01-01 00:00:00.000000426,82.373215,87,49
1970-01-01 00:00:00.000000425,81.06506,87,50
1970-01-01 00:00:00.000000426,81.00906,87,50
1970-01-01 00:00:00.000000427,80.87735,87,50
1970-01-01 00:00:00.000000426,82.70091,87,51
1970-01-01 00:00:00.000000427,82.62003,87,51
1970-01-01 00:00:00.000000428,82.45954,87,51
1970-01-01 00:00:00.000000427,81.31579,87,52
1970-01-01 00:00:00.000000428,81.23606,87,52
1970-01-01 00:00:00.000000429,81.07442,87,52
1970-01-01 00:00:00.000000428,80.37557,87,53
1970-01-01 00:00:00.000000429,80.29785,87,53
1970-01-01 00:00:00.000000430,80.17172,87,53
1970-01-01 00:00:00.000000429,80.53395,87,54
1970-01-01 00:00:00.000000430,80.46984,87,54
1970-01-01 00:00:00.000000431,80.31193,87,54
1970-01-01 00:00:00.000000430,82.05996,87,55
1970-01-01 00:00:00.000000431,81.949104,87,55
1970-01-01 00:00:00.000000432,81.79498,87,55
1970-01-01 00:00:00.000000431,83.4003,87,56
1970-01-01 00:00:00.000000432,83.28045,87,56
1970-01-01 00:00:00.000000433,83.41166,87,56
1970-01-01 00:00:00.000000432,83.99942,87,57
1970-01-01 00:00:00.000000433,84.11645,87,57
1970-01-01 00:00:00.000000434,84.37039,87,57
1970-01-01 00:00:00.000000433,83.71259,87,58
1970-01-01 00:00:00.000000434,83.97914,87,58
1970-01-01 00:00:00.000000435,83.133156,87,58
1970-01-01 00:00:00.000000434,82.74316,87,59
1970-01-01 00:00:00.000000435,81.989296,87,59
1970-01-01 00:00:00.000000436,80.97515,87,59
1970-01-01 00:00:00.000000435,80.47161,87,60
1970-01-01 00:00:00.000000436,79.771255,87,60
1970-01-01 00:00:00.000000437,79.80421,87,60
1970-01-01 00:00:00.000000436,83.1337,87,61
1970-01-01 00:00:00.000000437,83.049774,87,61
1970-01-01 00:00:00.000000438,82.858086,87,61
1970-01-01 00:00:00.000000437,86.02012,87,62
1970-01-01 00:00:00.000000438,85.85154,87,62
1970-01-01 00:00:00.000000439,85.63583,87,62
1970-01-01 00:00:00.000000438,87.18324,87,63
1970-01-01 00:00:00.000000439,87.00079,87,63
1970-01-01 00:00:00.000000440,86.82412,87,63
1970-01-01 00:00:00.000000439,87.01558,87,64
1970-01-01 00:00:00.000000440,86.88969,87,64
1970-01-01 00:00:00.000000441,87.86456,87,64
1970-01-01 00:00:00.000000355,73.120384,88,10
1970-01-01 00:00:00.000000356,73.0427,88,10
1970-01-01 00:00:00.000000357,72.957245,88,10
1970-01-01 00:00:00.000000356,73.519005,88,11
1970-01-01 00:00:00.000000357,73.439896,88,11
1970-01-01 00:00:00.000000358,73.35327,88,11
1970-01-01 00:00:00.000000357,73.63192,88,12
1970-01-01 00:00:00.000000358,73.55131,88,12
1970-01-01 00:00:00.000000359,73.4637,88,12
1970-01-01 00:00:00.000000358,73.77314,88,13
1970-01-01 00:00:00.000000359,73.69238,88,13
1970-01-01 00:00:00.000000360,73.60457,88,13
1970-01-01 00:00:00.000000359,73.75685,88,14
1970-01-01 00:00:00.000000360,73.67601,88,14
1970-01-01 00:00:00.000000361,73.588234,88,14
1970-01-01 00:00:00.000000360,73.857925,88,15
1970-01-01 00:00:00.000000361,73.77752,88,15
1970-01-01 00:00:00.000000362,73.68987,88,15
1970-01-01 00:00:00.000000361,73.6689,88,16
1970-01-01 00:00:00.000000362,73.58939,88,16
1970-01-01 00:00:00.000000363,73.5026,88,16
1970-01-01 00:00:00.000000362,73.414116,88,17
1970-01-01 00:00:00.000000363,73.33545,88,17
1970-01-01 00:00:00.000000364,73.2491,88,17
1970-01-01 00:00:00.000000363,73.0883,88,18
1970-01-01 00:00:00.000000364,73.01058,88,18
1970-01-01 00:00:00.000000365,72.925095,88,18
1970-01-01 00:00:00.000000364,73.098366,88,19
1970-01-01 00:00:00.000000365,73.021706,88,19
1970-01-01 00:00:00.000000366,72.93668,88,19
1970-01-01 00:00:00.000000365,73.03671,88,20
1970-01-01 00:00:00.000000366,72.959854,88,20
1970-01-01 00:00:00.000000367,72.87481,88,20
1970-01-01 00:00:00.000000366,72.94777,88,21
1970-01-01 00:00:00.000000367,72.87056,88,21
1970-01-01 00:00:00.000000368,72.785484,88,21
1970-01-01 00:00:00.000000367,73.37942,88,22
1970-01-01 00:00:00.000000368,73.302185,88,22
1970-01-01 00:00:00.000000369,73.21677,88,22
1970-01-01 00:00:00.000000368,73.31516,88,23
1970-01-01 00:00:00.000000369,73.23678,88,23
1970-01-01 00:00:00.000000370,73.15066,88,23
1970-01-01 00:00:00.000000369,73.53409,88,24
1970-01-01 00:00:00.000000370,73.454506,88,24
1970-01-01 00:00:00.000000371,73.367645,88,24
1970-01-01 00:00:00.000000370,73.58879,88,25
1970-01-01 00:00:00.000000371,73.5081,88,25
1970-01-01 00:00:00.000000372,73.42038,88,25
1970-01-01 00:00:00.000000371,73.69774,88,26
1970-01-01 00:00:00.000000372,73.61696,88,26
1970-01-01 00:00:00.000000373,73.52927,88,26
1970-01-01 00:00:00.000000372,73.95738,88,27
1970-01-01 00:00:00.000000373,73.87624,88,27
1970-01-01 00:00:00.000000374,73.77653,88,27
1970-01-01 00:00:00.000000373,74.01194,88,28
1970-01-01 00:00:00.000000374,73.91842,88,28
1970-01-01 00:00:00.000000375,73.82471,88,28
1970-01-01 00:00:00.000000374,74.1007,88,29
1970-01-01 00:00:00.000000375,74.013466,88,29
1970-01-01 00:00:00.000000376,73.925446,88,29
1970-01-01 00:00:00.000000375,73.98236,88,30
1970-01-01 00:00:00.000000376,73.89998,88,30
1970-01-01 00:00:00.000000377,73.81152,88,30
1970-01-01 00:00:00.000000376,73.773056,88,31
1970-01-01 00:00:00.000000377,73.69093,88,31
1970-01-01 00:00:00.000000378,73.60238,88,31
1970-01-01 00:00:00.000000377,73.6512,88,32
1970-01-01 00:00:00.000000378,73.56971,88,32
1970-01-01 00:00:00.000000379,73.48175,88,32
1970-01-01 00:00:00.000000378,73.597946,88,33
1970-01-01 00:00:00.000000379,73.51743,88,33
1970-01-01 00:00:00.000000380,73.42992,88,33
1970-01-01 00:00:00.000000379,73.48341,88,34
1970-01-01 00:00:00.000000380,73.402916,88,34
1970-01-01 00:00:00.000000381,73.31562,88,34
1970-01-01 00:00:00.000000380,73.65496,88,35
1970-01-01 00:00:00.000000381,73.57508,88,35
1970-01-01 00:00:00.000000382,73.48811,88,35
1970-01-01 00:00:00.000000381,73.65696,88,36
1970-01-01 00:00:00.000000382,73.575966,88,36
1970-01-01 00:00:00.000000383,73.489204,88,36
1970-01-01 00:00:00.000000382,73.85987,88,37
1970-01-01 00:00:00.000000383,73.77946,88,37
1970-01-01 00:00:00.000000384,73.69342,88,37
1970-01-01 00:00:00.000000383,74.2954,88,38
1970-01-01 00:00:00.000000384,74.21469,88,38
1970-01-01 00:00:00.000000385,74.12623,88,38
1970-01-01 00:00:00.000000384,74.39007,88,39
1970-01-01 00:00:00.000000385,74.30662,88,39
1970-01-01 00:00:00.000000386,74.21594,88,39
1970-01-01 00:00:00.000000385,74.5876,88,40
1970-01-01 00:00:00.000000386,74.500755,88,40
1970-01-01 00:00:00.000000387,74.4017,88,40
1970-01-01 00:00:00.000000386,75.1078,88,41
1970-01-01 00:00:00.000000387,75.01176,88,41
1970-01-01 00:00:00.000000388,74.91929,88,41
1970-01-01 00:00:00.000000387,75.44134,88,42
1970-01-01 00:00:00.000000388,75.350784,88,42
1970-01-01 00:00:00.000000389,75.25679,88,42
1970-01-01 00:00:00.000000388,75.8057,88,43
1970-01-01 00:00:00.000000389,75.71361,88,43
1970-01-01 00:00:00.000000390,75.61867,88,43
1970-01-01 00:00:00.000000389,75.58526,88,44
1970-01-01 00:00:00.000000390,75.49209,88,44
1970-01-01 00:00:00.000000391,75.39668,88,44
1970-01-01 00:00:00.000000390,75.883934,88,45
1970-01-01 00:00:00.000000391,75.7907,88,45
1970-01-01 00:00:00.000000392,75.69532,88,45
1970-01-01 00:00:00.000000391,76.14892,88,46
1970-01-01 00:00:00.000000392,76.05639,88,46
1970-01-01 00:00:00.000000393,75.96165,88,46
1970-01-01 00:00:00.000000392,75.84615,88,47
1970-01-01 00:00:00.000000393,75.752975,88,47
1970-01-01 00:00:00.000000394,75.65777,88,47
1970-01-01 00:00:00.000000393,75.678055,88,48
1970-01-01 00:00:00.000000394,75.58383,88,48
1970-01-01 00:00:00.000000395,75.4879,88,48
1970-01-01 00:00:00.000000394,75.715,88,49
1970-01-01 00:00:00.000000395,75.620476,88,49
1970-01-01 00:00:00.000000396,75.52417,88,49
1970-01-01 00:00:00.000000395,75.61111,88,50
1970-01-01 00:00:00.000000396,75.51667,88,50
1970-01-01 00:00:00.000000397,75.42034,88,50
1970-01-01 00:00:00.000000396,75.62843,88,51
1970-01-01 00:00:00.000000397,75.53427,88,51
1970-01-01 00:00:00.000000398,75.43819,88,51
1970-01-01 00:00:00.000000397,75.49696,88,52
1970-01-01 00:00:00.000000398,75.40217,88,52
1970-01-01 00:00:00.000000399,75.305786,88,52
1970-01-01 00:00:00.000000398,75.62687,88,53
1970-01-01 00:00:00.000000399,75.532364,88,53
1970-01-01 00:00:00.000000400,75.435036,88,53
1970-01-01 00:00:00.000000399,75.59105,88,54
1970-01-01 00:00:00.000000400,75.49527,88,54
1970-01-01 00:00:00.000000401,75.38306,88,54
1970-01-01 00:00:00.000000400,75.52497,88,55
1970-01-01 00:00:00.000000401,75.41507,88,55
1970-01-01 00:00:00.000000402,75.319786,88,55
1970-01-01 00:00:00.000000401,75.933464,88,56
1970-01-01 00:00:00.000000402,75.84106,88,56
1970-01-01 00:00:00.000000403,75.74634,88,56
1970-01-01 00:00:00.000000402,75.661316,88,57
1970-01-01 00:00:00.000000403,75.56822,88,57
1970-01-01 00:00:00.000000404,75.47266,88,57
1970-01-01 00:00:00.000000403,74.96097,88,58
1970-01-01 00:00:00.000000404,74.867226,88,58
1970-01-01 00:00:00.000000405,74.770874,88,58
1970-01-01 00:00:00.000000093,84.583694,89,10
1970-01-01 00:00:00.000000094,84.546074,89,10
1970-01-01 00:00:00.000000095,84.42412,89,10
1970-01-01 00:00:00.000000094,83.57337,89,11
1970-01-01 00:00:00.000000095,83.57083,89,11
1970-01-01 00:00:00.000000096,83.47374,89,11
1970-01-01 00:00:00.000000095,82.982124,89,12
1970-01-01 00:00:00.000000096,82.997055,89,12
1970-01-01 00:00:00.000000097,82.91321,89,12
1970-01-01 00:00:00.000000101,66.853584,92,10
1970-01-01 00:00:00.000000102,66.807,92,10
1970-01-01 00:00:00.000000103,66.752975,92,10
1970-01-01 00:00:00.000000102,67.45196,92,11
1970-01-01 00:00:00.000000103,67.402824,92,11
1970-01-01 00:00:00.000000104,67.34627,92,11
1970-01-01 00:00:00.000000103,67.56776,92,12
1970-01-01 00:00:00.000000104,67.51543,92,12
1970-01-01 00:00:00.000000105,67.45603,92,12
1970-01-01 00:00:00.000000104,67.954025,92,13
1970-01-01 00:00:00.000000105,67.90036,92,13
1970-01-01 00:00:00.000000106,67.83725,92,13
1970-01-01 00:00:00.000000166,47.53026,93,10
1970-01-01 00:00:00.000000167,47.734802,93,10
1970-01-01 00:00:00.000000168,47.87046,93,10
1970-01-01 00:00:00.000000167,46.85053,93,11
1970-01-01 00:00:00.000000168,47.03509,93,11
1970-01-01 00:00:00.000000169,47.157326,93,11
1970-01-01 00:00:00.000000168,45.39937,93,12
1970-01-01 00:00:00.000000169,45.57424,93,12
1970-01-01 00:00:00.000000170,45.878162,93,12
1970-01-01 00:00:00.000000169,44.82487,93,13
1970-01-01 00:00:00.000000170,45.14463,93,13
1970-01-01 00:00:00.000000171,45.402622,93,13
1970-01-01 00:00:00.000000170,45.120636,93,14
1970-01-01 00:00:00.000000171,45.37473,93,14
1970-01-01 00:00:00.000000172,45.63154,93,14
1970-01-01 00:00:00.000000171,45.398613,93,15
1970-01-01 00:00:00.000000172,45.627632,93,15
1970-01-01 00:00:00.000000173,45.823128,93,15
1970-01-01 00:00:00.000000172,47.540565,93,16
1970-01-01 00:00:00.000000173,47.681694,93,16
1970-01-01 00:00:00.000000174,47.87008,93,16
1970-01-01 00:00:00.000000173,50.030666,93,17
1970-01-01 00:00:00.000000174,50.161682,93,17
1970-01-01 00:00:00.000000175,51.055042,93,17
1970-01-01 00:00:00.000000174,52.327885,93,18
1970-01-01 00:00:00.000000175,52.94453,93,18
1970-01-01 00:00:00.000000176,54.34434,93,18
1970-01-01 00:00:00.000000175,51.90434,93,19
1970-01-01 00:00:00.000000176,52.937717,93,19
1970-01-01 00:00:00.000000177,52.870472,93,19
1970-01-01 00:00:00.000000176,50.51635,93,20
1970-01-01 00:00:00.000000177,50.48863,93,20
1970-01-01 00:00:00.000000178,50.483974,93,20
1970-01-01 00:00:00.000000177,68.92742,93,21
1970-01-01 00:00:00.000000178,68.980835,93,21
1970-01-01 00:00:00.000000179,69.00031,93,21
1970-01-01 00:00:00.000000178,84.208145,93,22
1970-01-01 00:00:00.000000179,84.28625,93,22
1970-01-01 00:00:00.000000180,84.29,93,22
1970-01-01 00:00:00.000000179,85.47943,93,23
1970-01-01 00:00:00.000000180,85.41912,93,23
1970-01-01 00:00:00.000000181,85.28197,93,23
1970-01-01 00:00:00.000000180,84.83484,93,24
1970-01-01 00:00:00.000000181,84.799644,93,24
1970-01-01 00:00:00.000000182,84.68097,93,24
1970-01-01 00:00:00.000000181,84.36853,93,25
1970-01-01 00:00:00.000000182,84.34627,93,25
1970-01-01 00:00:00.000000183,84.236725,93,25
1970-01-01 00:00:00.000000114,75.3695,95,10
1970-01-01 00:00:00.000000115,75.191086,95,10
1970-01-01 00:00:00.000000116,75.11433,95,10
1970-01-01 00:00:00.000000115,75.15081,95,11
1970-01-01 00:00:00.000000116,74.97095,95,11
1970-01-01 00:00:00.000000117,74.90029,95,11
1970-01-01 00:00:00.000000116,75.5454,95,12
1970-01-01 00:00:00.000000117,75.3648,95,12
1970-01-01 00:00:00.000000118,75.38969,95,12
1970-01-01 00:00:00.000000117,75.502625,95,13
1970-01-01 00:00:00.000000118,75.4158,95,13
1970-01-01 00:00:00.000000119,75.34336,95,13
1970-01-01 00:00:00.000000118,76.304825,95,14
1970-01-01 00:00:00.000000119,76.1539,95,14
1970-01-01 00:00:00.000000120,76.09731,95,14
1970-01-01 00:00:00.000000119,76.67442,95,15
1970-01-01 00:00:00.000000120,76.523705,95,15
1970-01-01 00:00:00.000000121,76.45821,95,15
1970-01-01 00:00:00.000000120,76.28527,95,16
1970-01-01 00:00:00.000000121,76.13294,95,16
1970-01-01 00:00:00.000000122,76.04946,95,16
1970-01-01 00:00:00.000000183,62.091774,96,10
1970-01-01 00:00:00.000000184,62.050793,96,10
1970-01-01 00:00:00.000000185,61.921528,96,10
1970-01-01 00:00:00.000000184,62.97268,96,11
1970-01-01 00:00:00.000000185,62.78336,96,11
1970-01-01 00:00:00.000000186,62.75988,96,11
1970-01-01 00:00:00.000000185,63.570965,96,12
1970-01-01 00:00:00.000000186,63.428562,96,12
1970-01-01 00:00:00.000000187,63.426933,96,12
1970-01-01 00:00:00.000000186,64.17988,96,13
1970-01-01 00:00:00.000000187,64.05939,96,13
1970-01-01 00:00:00.000000188,64.03207,96,13
1970-01-01 00:00:00.000000187,64.66182,96,14
1970-01-01 00:00:00.000000188,64.525505,96,14
1970-01-01 00:00:00.000000189,64.48403,96,14
1970-01-01 00:00:00.000000188,65.54002,96,15
1970-01-01 00:00:00.000000189,65.38805,96,15
1970-01-01 00:00:00.000000190,65.38074,96,15
1970-01-01 00:00:00.000000189,65.577156,96,16
1970-01-01 00:00:00.000000190,65.44781,96,16
1970-01-01 00:00:00.000000191,65.39878,96,16
1970-01-01 00:00:00.000000190,66.14699,96,17
1970-01-01 00:00:00.000000191,65.99187,96,17
1970-01-01 00:00:00.000000192,65.98987,96,17
1970-01-01 00:00:00.000000191,65.765656,96,18
1970-01-01 00:00:00.000000192,65.64299,96,18
1970-01-01 00:00:00.000000193,65.58098,96,18
1970-01-01 00:00:00.000000192,65.482956,96,19
1970-01-01 00:00:00.000000193,65.32132,96,19
1970-01-01 00:00:00.000000194,65.27678,96,19
1970-01-01 00:00:00.000000193,65.90735,96,20
1970-01-01 00:00:00.000000194,65.751495,96,20
1970-01-01 00:00:00.000000195,65.71997,96,20
1970-01-01 00:00:00.000000194,66.05733,96,21
1970-01-01 00:00:00.000000195,65.909424,96,21
1970-01-01 00:00:00.000000196,65.87247,96,21
1970-01-01 00:00:00.000000195,65.936615,96,22
1970-01-01 00:00:00.000000196,65.78687,96,22
1970-01-01 00:00:00.000000197,65.75606,96,22
1970-01-01 00:00:00.000000196,65.763535,96,23
1970-01-01 00:00:00.000000197,65.61962,96,23
1970-01-01 00:00:00.000000198,65.59355,96,23
1970-01-01 00:00:00.000000197,65.71307,96,24
1970-01-01 00:00:00.000000198,65.57583,96,24
1970-01-01 00:00:00.000000199,65.50323,96,24
1970-01-01 00:00:00.000000198,65.95592,96,25
1970-01-01 00:00:00.000000199,65.78213,96,25
1970-01-01 00:00:00.000000200,65.773636,96,25
1970-01-01 00:00:00.000000199,65.838875,96,26
1970-01-01 00:00:00.000000200,65.708206,96,26
1970-01-01 00:00:00.000000201,65.67526,96,26
1970-01-01 00:00:00.000000200,65.9086,96,27
1970-01-01 00:00:00.000000201,65.76964,96,27
1970-01-01 00:00:00.000000202,65.72082,96,27
1970-01-01 00:00:00.000000201,65.41231,96,28
1970-01-01 00:00:00.000000202,65.26183,96,28
1970-01-01 00:00:00.000000203,65.22843,96,28
1970-01-01 00:00:00.000000079,76.72324,98,10
1970-01-01 00:00:00.000000080,76.854546,98,10
1970-01-01 00:00:00.000000081,76.87683,98,10
1970-01-01 00:00:00.000000096,86.71303,99,10
1970-01-01 00:00:00.000000097,86.68345,99,10
1970-01-01 00:00:00.000000098,86.59836,99,10
1970-01-01 00:00:00.000000097,85.85694,99,11
1970-01-01 00:00:00.000000098,85.78025,99,11
1970-01-01 00:00:00.000000099,85.631714,99,11
1970-01-01 00:00:00.000000098,84.85559,99,12
1970-01-01 00:00:00.000000099,84.817085,99,12
1970-01-01 00:00:00.000000100,84.69643,99,12
1970-01-01 00:00:00.000000099,84.131676,99,13
1970-01-01 00:00:00.000000100,84.11351,99,13
1970-01-01 00:00:00.000000101,84.0075,99,13
1970-01-01 00:00:00.000000340,57.532593,100,10
1970-01-01 00:00:00.000000341,57.504795,100,10
1970-01-01 00:00:00.000000342,57.48681,100,10
1970-01-01 00:00:00.000000341,57.356594,100,11
1970-01-01 00:00:00.000000342,57.326344,100,11
1970-01-01 00:00:00.000000343,57.30725,100,11
1970-01-01 00:00:00.000000342,57.25866,100,12
1970-01-01 00:00:00.000000343,57.22774,100,12
1970-01-01 00:00:00.000000344,57.208363,100,12
1970-01-01 00:00:00.000000343,57.671413,100,13
1970-01-01 00:00:00.000000344,57.643066,100,13
1970-01-01 00:00:00.000000345,57.625317,100,13
1970-01-01 00:00:00.000000344,57.38366,100,14
1970-01-01 00:00:00.000000345,57.352333,100,14
1970-01-01 00:00:00.000000346,57.332764,100,14
1970-01-01 00:00:00.000000345,57.920025,100,15
1970-01-01 00:00:00.000000346,57.892357,100,15
1970-01-01 00:00:00.000000347,57.874805,100,15
1970-01-01 00:00:00.000000346,58.1752,100,16
1970-01-01 00:00:00.000000347,58.14728,100,16
1970-01-01 00:00:00.000000348,58.129105,100,16
1970-01-01 00:00:00.000000347,58.247517,100,17
1970-01-01 00:00:00.000000348,58.218395,100,17
1970-01-01 00:00:00.000000349,58.19936,100,17
1970-01-01 00:00:00.000000348,58.48073,100,18
1970-01-01 00:00:00.000000349,58.45168,100,18
1970-01-01 00:00:00.000000350,58.432426,100,18
1970-01-01 00:00:00.000000349,58.240887,100,19
1970-01-01 00:00:00.000000350,58.208946,100,19
1970-01-01 00:00:00.000000351,58.188087,100,19
1970-01-01 00:00:00.000000350,59.527527,100,20
1970-01-01 00:00:00.000000351,59.502182,100,20
1970-01-01 00:00:00.000000352,59.48483,100,20
1970-01-01 00:00:00.000000351,59.93254,100,21
1970-01-01 00:00:00.000000352,59.905106,100,21
1970-01-01 00:00:00.000000353,59.885036,100,21
1970-01-01 00:00:00.000000352,60.47363,100,22
1970-01-01 00:00:00.000000353,60.445694,100,22
1970-01-01 00:00:00.000000354,60.423943,100,22
1970-01-01 00:00:00.000000353,60.82832,100,23
1970-01-01 00:00:00.000000354,60.79885,100,23
1970-01-01 00:00:00.000000355,60.775,100,23
1970-01-01 00:00:00.000000354,61.13643,100,24
1970-01-01 00:00:00.000000355,61.105732,100,24
1970-01-01 00:00:00.000000356,61.079906,100,24
1970-01-01 00:00:00.000000355,61.457508,100,25
1970-01-01 00:00:00.000000356,61.426098,100,25
1970-01-01 00:00:00.000000357,61.398693,100,25
1970-01-01 00:00:00.000000356,61.59977,100,26
1970-01-01 00:00:00.000000357,61.567287,100,26
1970-01-01 00:00:00.000000358,61.53839,100,26
1970-01-01 00:00:00.000000357,62.016457,100,27
1970-01-01 00:00:00.000000358,61.98433,100,27
1970-01-01 00:00:00.000000359,61.95331,100,27
1970-01-01 00:00:00.000000358,61.995956,100,28
1970-01-01 00:00:00.000000359,61.960316,100,28
1970-01-01 00:00:00.000000360,61.92687,100,28
1970-01-01 00:00:00.000000359,62.127003,100,29
1970-01-01 00:00:00.000000360,62.090366,100,29
1970-01-01 00:00:00.000000361,62.057552,100,29
1970-01-01 00:00:00.000000360,62.762833,100,30
1970-01-01 00:00:00.000000361,62.72844,100,30
1970-01-01 00:00:00.000000362,62.697903,100,30
1970-01-01 00:00:00.000000361,63.082207,100,31
1970-01-01 00:00:00.000000362,63.04834,100,31
1970-01-01 00:00:00.000000363,63.014202,100,31
1970-01-01 00:00:00.000000362,63.600513,100,32
1970-01-01 00:00:00.000000363,63.564095,100,32
1970-01-01 00:00:00.000000364,63.527832,100,32
1970-01-01 00:00:00.000000363,64.28623,100,33
1970-01-01 00:00:00.000000364,64.24811,100,33
1970-01-01 00:00:00.000000365,64.20954,100,33
1970-01-01 00:00:00.000000364,65.026886,100,34
1970-01-01 00:00:00.000000365,64.986374,100,34
1970-01-01 00:00:00.000000366,64.94453,100,34
1970-01-01 00:00:00.000000365,65.414955,100,35
1970-01-01 00:00:00.000000366,65.37038,100,35
1970-01-01 00:00:00.000000367,65.32436,100,35
1970-01-01 00:00:00.000000366,65.72918,100,36
1970-01-01 00:00:00.000000367,65.6815,100,36
1970-01-01 00:00:00.000000368,65.63237,100,36
1970-01-01 00:00:00.000000367,66.4497,100,37
1970-01-01 00:00:00.000000368,66.40023,100,37
1970-01-01 00:00:00.000000369,66.34838,100,37
1970-01-01 00:00:00.000000368,66.086105,100,38
1970-01-01 00:00:00.000000369,66.032524,100,38
1970-01-01 00:00:00.000000370,65.97747,100,38
1970-01-01 00:00:00.000000369,66.59719,100,39
1970-01-01 00:00:00.000000370,66.54446,100,39
1970-01-01 00:00:00.000000371,66.48913,100,39
1970-01-01 00:00:00.000000370,66.56643,100,40
1970-01-01 00:00:00.000000371,66.511475,100,40
1970-01-01 00:00:00.000000372,66.4543,100,40
1970-01-01 00:00:00.000000371,67.14927,100,41
1970-01-01 00:00:00.000000372,67.09474,100,41
1970-01-01 00:00:00.000000373,67.03681,100,41
1970-01-01 00:00:00.000000372,67.35214,100,42
1970-01-01 00:00:00.000000373,67.29513,100,42
1970-01-01 00:00:00.000000374,67.23473,100,42
1970-01-01 00:00:00.000000373,67.08601,100,43
1970-01-01 00:00:00.000000374,67.02637,100,43
1970-01-01 00:00:00.000000375,66.96435,100,43
1970-01-01 00:00:00.000000374,67.73964,100,44
1970-01-01 00:00:00.000000375,67.68035,100,44
1970-01-01 00:00:00.000000376,67.61804,100,44
1970-01-01 00:00:00.000000375,68.02254,100,45
1970-01-01 00:00:00.000000376,67.96126,100,45
1970-01-01 00:00:00.000000377,67.89661,100,45
1970-01-01 00:00:00.000000376,67.83242,100,46
1970-01-01 00:00:00.000000377,67.76963,100,46
1970-01-01 00:00:00.000000378,67.703575,100,46
1970-01-01 00:00:00.000000377,67.41637,100,47
1970-01-01 00:00:00.000000378,67.35432,100,47
1970-01-01 00:00:00.000000379,67.28879,100,47
1970-01-01 00:00:00.000000378,67.21415,100,48
1970-01-01 00:00:00.000000379,67.155205,100,48
1970-01-01 00:00:00.000000380,67.09193,100,48
1970-01-01 00:00:00.000000379,66.57786,100,49
1970-01-01 00:00:00.000000380,66.52248,100,49
1970-01-01 00:00:00.000000381,66.461624,100,49
1970-01-01 00:00:00.000000380,65.771065,100,50
1970-01-01 00:00:00.000000381,65.72042,100,50
1970-01-01 00:00:00.000000382,65.66357,100,50
1970-01-01 00:00:00.000000381,65.98864,100,51
1970-01-01 00:00:00.000000382,65.94341,100,51
1970-01-01 00:00:00.000000383,65.890755,100,51
1970-01-01 00:00:00.000000382,67.905174,100,52
1970-01-01 00:00:00.000000383,67.865524,100,52
1970-01-01 00:00:00.000000384,67.81422,100,52
1970-01-01 00:00:00.000000383,88.03522,100,53
1970-01-01 00:00:00.000000384,88.04154,100,53
1970-01-01 00:00:00.000000385,87.99563,100,53
1970-01-01 00:00:00.000000384,88.718094,100,54
1970-01-01 00:00:00.000000385,88.56527,100,54
1970-01-01 00:00:00.000000386,88.362976,100,54
1970-01-01 00:00:00.000000385,87.77656,100,55
1970-01-01 00:00:00.000000386,87.659195,100,55
1970-01-01 00:00:00.000000387,87.482414,100,55
1970-01-01 00:00:00.000000386,87.3298,100,56
1970-01-01 00:00:00.000000387,87.22791,100,56
1970-01-01 00:00:00.000000388,87.06225,100,56
1970-01-01 00:00:00.000000142,46.742893,101,10
1970-01-01 00:00:00.000000143,46.69669,101,10
1970-01-01 00:00:00.000000144,46.69743,101,10
1970-01-01 00:00:00.000000143,47.901066,101,11
1970-01-01 00:00:00.000000144,47.858814,101,11
1970-01-01 00:00:00.000000145,47.85608,101,11
1970-01-01 00:00:00.000000144,50.33405,101,12
1970-01-01 00:00:00.000000145,50.307705,101,12
1970-01-01 00:00:00.000000146,50.30686,101,12
1970-01-01 00:00:00.000000145,52.551968,101,13
1970-01-01 00:00:00.000000146,52.533108,101,13
1970-01-01 00:00:00.000000147,52.53095,101,13
1970-01-01 00:00:00.000000146,54.06977,101,14
1970-01-01 00:00:00.000000147,54.050327,101,14
1970-01-01 00:00:00.000000148,54.045025,101,14
1970-01-01 00:00:00.000000147,55.39692,101,15
1970-01-01 00:00:00.000000148,55.379593,101,15
1970-01-01 00:00:00.000000149,55.373444,101,15
1970-01-01 00:00:00.000000148,57.004517,101,16
1970-01-01 00:00:00.000000149,56.991455,101,16
1970-01-01 00:00:00.000000150,56.985813,101,16
1970-01-01 00:00:00.000000149,58.102394,101,17
1970-01-01 00:00:00.000000150,58.087368,101,17
1970-01-01 00:00:00.000000151,58.07875,101,17
1970-01-01 00:00:00.000000150,59.41899,101,18
1970-01-01 00:00:00.000000151,59.404392,101,18
1970-01-01 00:00:00.000000152,59.393524,101,18
1970-01-01 00:00:00.000000151,60.866066,101,19
1970-01-01 00:00:00.000000152,60.851254,101,19
1970-01-01 00:00:00.000000153,60.837543,101,19
1970-01-01 00:00:00.000000152,61.095806,101,20
1970-01-01 00:00:00.000000153,61.074158,101,20
1970-01-01 00:00:00.000000154,61.053566,101,20
1970-01-01 00:00:00.000000153,61.39149,101,21
1970-01-01 00:00:00.000000154,61.3668,101,21
1970-01-01 00:00:00.000000155,61.3428,101,21
1970-01-01 00:00:00.000000187,70.49266,103,10
1970-01-01 00:00:00.000000188,70.42542,103,10
1970-01-01 00:00:00.000000189,70.35157,103,10
1970-01-01 00:00:00.000000188,71.05897,103,11
1970-01-01 00:00:00.000000189,70.98989,103,11
1970-01-01 00:00:00.000000190,70.91139,103,11
1970-01-01 00:00:00.000000189,71.23501,103,12
1970-01-01 00:00:00.000000190,71.16168,103,12
1970-01-01 00:00:00.000000191,71.08071,103,12
1970-01-01 00:00:00.000000190,71.64605,103,13
1970-01-01 00:00:00.000000191,71.570274,103,13
1970-01-01 00:00:00.000000192,71.48732,103,13
1970-01-01 00:00:00.000000191,72.37511,103,14
1970-01-01 00:00:00.000000192,72.29604,103,14
1970-01-01 00:00:00.000000193,72.21035,103,14
1970-01-01 00:00:00.000000192,72.833046,103,15
1970-01-01 00:00:00.000000193,72.75016,103,15
1970-01-01 00:00:00.000000194,72.64932,103,15
1970-01-01 00:00:00.000000193,73.120155,103,16
1970-01-01 00:00:00.000000194,73.022095,103,16
1970-01-01 00:00:00.000000195,72.93097,103,16
1970-01-01 00:00:00.000000194,73.90401,103,17
1970-01-01 00:00:00.000000195,73.815346,103,17
1970-01-01 00:00:00.000000196,73.72273,103,17
1970-01-01 00:00:00.000000195,74.22536,103,18
1970-01-01 00:00:00.000000196,74.13349,103,18
1970-01-01 00:00:00.000000197,74.038124,103,18
1970-01-01 00:00:00.000000196,74.278496,103,19
1970-01-01 00:00:00.000000197,74.18552,103,19
1970-01-01 00:00:00.000000198,74.08955,103,19
1970-01-01 00:00:00.000000197,73.97172,103,20
1970-01-01 00:00:00.000000198,73.87961,103,20
1970-01-01 00:00:00.000000199,73.78408,103,20
1970-01-01 00:00:00.000000198,74.21753,103,21
1970-01-01 00:00:00.000000199,74.12567,103,21
1970-01-01 00:00:00.000000200,74.030426,103,21
1970-01-01 00:00:00.000000199,74.718185,103,22
1970-01-01 00:00:00.000000200,74.62486,103,22
1970-01-01 00:00:00.000000201,74.528564,103,22
1970-01-01 00:00:00.000000200,75.00826,103,23
1970-01-01 00:00:00.000000201,74.913574,103,23
1970-01-01 00:00:00.000000202,74.80507,103,23
1970-01-01 00:00:00.000000201,74.98451,103,24
1970-01-01 00:00:00.000000202,74.87787,103,24
1970-01-01 00:00:00.000000203,74.7797,103,24
1970-01-01 00:00:00.000000202,75.51219,103,25
1970-01-01 00:00:00.000000203,75.41675,103,25
1970-01-01 00:00:00.000000204,75.32015,103,25
1970-01-01 00:00:00.000000203,75.643555,103,26
1970-01-01 00:00:00.000000204,75.54721,103,26
1970-01-01 00:00:00.000000205,75.44936,103,26
1970-01-01 00:00:00.000000204,75.05632,103,27
1970-01-01 00:00:00.000000205,74.9593,103,27
1970-01-01 00:00:00.000000206,74.86102,103,27
1970-01-01 00:00:00.000000205,75.23182,103,28
1970-01-01 00:00:00.000000206,75.13809,103,28
1970-01-01 00:00:00.000000207,75.04184,103,28
1970-01-01 00:00:00.000000206,74.97638,103,29
1970-01-01 00:00:00.000000207,74.88358,103,29
1970-01-01 00:00:00.000000208,74.788124,103,29
1970-01-01 00:00:00.000000080,84.54901,104,10
1970-01-01 00:00:00.000000081,84.522316,104,10
1970-01-01 00:00:00.000000082,84.407326,104,10
1970-01-01 00:00:00.000000190,60.68766,105,10
1970-01-01 00:00:00.000000191,60.703846,105,10
1970-01-01 00:00:00.000000192,60.812588,105,10
1970-01-01 00:00:00.000000191,62.211433,105,11
1970-01-01 00:00:00.000000192,62.23124,105,11
1970-01-01 00:00:00.000000193,61.897316,105,11
1970-01-01 00:00:00.000000192,64.10087,105,12
1970-01-01 00:00:00.000000193,63.752747,105,12
1970-01-01 00:00:00.000000194,63.791935,105,12
1970-01-01 00:00:00.000000193,65.135254,105,13
1970-01-01 00:00:00.000000194,65.00088,105,13
1970-01-01 00:00:00.000000195,64.9705,105,13
1970-01-01 00:00:00.000000194,63.205696,105,14
1970-01-01 00:00:00.000000195,63.045834,105,14
1970-01-01 00:00:00.000000196,63.002697,105,14
1970-01-01 00:00:00.000000195,64.40045,105,15
1970-01-01 00:00:00.000000196,64.22614,105,15
1970-01-01 00:00:00.000000197,64.209335,105,15
1970-01-01 00:00:00.000000196,64.04542,105,16
1970-01-01 00:00:00.000000197,63.883766,105,16
1970-01-01 00:00:00.000000198,63.83648,105,16
1970-01-01 00:00:00.000000197,66.12347,105,17
1970-01-01 00:00:00.000000198,65.95121,105,17
1970-01-01 00:00:00.000000199,65.92545,105,17
1970-01-01 00:00:00.000000198,65.80673,105,18
1970-01-01 00:00:00.000000199,65.627785,105,18
1970-01-01 00:00:00.000000200,65.59531,105,18
1970-01-01 00:00:00.000000199,62.796852,105,19
1970-01-01 00:00:00.000000200,62.616894,105,19
1970-01-01 00:00:00.000000201,62.6895,105,19
1970-01-01 00:00:00.000000200,64.28666,105,20
1970-01-01 00:00:00.000000201,64.220634,105,20
1970-01-01 00:00:00.000000202,64.03848,105,20
1970-01-01 00:00:00.000000201,64.92121,105,21
1970-01-01 00:00:00.000000202,64.66582,105,21
1970-01-01 00:00:00.000000203,64.63582,105,21
1970-01-01 00:00:00.000000202,67.018875,105,22
1970-01-01 00:00:00.000000203,66.83464,105,22
1970-01-01 00:00:00.000000204,66.81071,105,22
1970-01-01 00:00:00.000000203,68.80714,105,23
1970-01-01 00:00:00.000000204,68.63842,105,23
1970-01-01 00:00:00.000000205,68.600136,105,23
1970-01-01 00:00:00.000000204,67.67757,105,24
1970-01-01 00:00:00.000000205,67.491905,105,24
1970-01-01 00:00:00.000000206,67.43891,105,24
1970-01-01 00:00:00.000000205,65.80217,105,25
1970-01-01 00:00:00.000000206,65.62608,105,25
1970-01-01 00:00:00.000000207,65.718575,105,25
1970-01-01 00:00:00.000000206,66.25018,105,26
1970-01-01 00:00:00.000000207,66.199,105,26
1970-01-01 00:00:00.000000208,66.70564,105,26
1970-01-01 00:00:00.000000207,65.673065,105,27
1970-01-01 00:00:00.000000208,65.9913,105,27
1970-01-01 00:00:00.000000209,65.912476,105,27
1970-01-01 00:00:00.000000208,63.46102,105,28
1970-01-01 00:00:00.000000209,63.41072,105,28
1970-01-01 00:00:00.000000210,62.981655,105,28
1970-01-01 00:00:00.000000209,62.267616,105,29
1970-01-01 00:00:00.000000210,61.92031,105,29
1970-01-01 00:00:00.000000211,62.27476,105,29
1970-01-01 00:00:00.000000281,57.99699,106,10
1970-01-01 00:00:00.000000282,57.986446,106,10
1970-01-01 00:00:00.000000283,57.975433,106,10
1970-01-01 00:00:00.000000282,57.480164,106,11
1970-01-01 00:00:00.000000283,57.466225,106,11
1970-01-01 00:00:00.000000284,57.46543,106,11
1970-01-01 00:00:00.000000283,57.95525,106,12
1970-01-01 00:00:00.000000284,57.9568,106,12
1970-01-01 00:00:00.000000285,57.947426,106,12
1970-01-01 00:00:00.000000284,57.430653,106,13
1970-01-01 00:00:00.000000285,57.418076,106,13
1970-01-01 00:00:00.000000286,57.404964,106,13
1970-01-01 00:00:00.000000285,57.295208,106,14
1970-01-01 00:00:00.000000286,57.281666,106,14
1970-01-01 00:00:00.000000287,57.269474,106,14
1970-01-01 00:00:00.000000286,57.079884,106,15
1970-01-01 00:00:00.000000287,57.066032,106,15
1970-01-01 00:00:00.000000288,57.05423,106,15
1970-01-01 00:00:00.000000287,57.128136,106,16
1970-01-01 00:00:00.000000288,57.11578,106,16
1970-01-01 00:00:00.000000289,57.09947,106,16
1970-01-01 00:00:00.000000288,57.115906,106,17
1970-01-01 00:00:00.000000289,57.09828,106,17
1970-01-01 00:00:00.000000290,57.09546,106,17
1970-01-01 00:00:00.000000289,57.347523,106,18
1970-01-01 00:00:00.000000290,57.344498,106,18
1970-01-01 00:00:00.000000291,57.336796,106,18
1970-01-01 00:00:00.000000290,56.828228,106,19
1970-01-01 00:00:00.000000291,56.81618,106,19
1970-01-01 00:00:00.000000292,56.804134,106,19
1970-01-01 00:00:00.000000291,56.794937,106,20
1970-01-01 00:00:00.000000292,56.781227,106,20
1970-01-01 00:00:00.000000293,56.770596,106,20
1970-01-01 00:00:00.000000292,56.169804,106,21
1970-01-01 00:00:00.000000293,56.15375,106,21
1970-01-01 00:00:00.000000294,56.142082,106,21
1970-01-01 00:00:00.000000293,56.46057,106,22
1970-01-01 00:00:00.000000294,56.44846,106,22
1970-01-01 00:00:00.000000295,56.439682,106,22
1970-01-01 00:00:00.000000294,56.471226,106,23
1970-01-01 00:00:00.000000295,56.45936,106,23
1970-01-01 00:00:00.000000296,56.45075,106,23
1970-01-01 00:00:00.000000295,55.76737,106,24
1970-01-01 00:00:00.000000296,55.751484,106,24
1970-01-01 00:00:00.000000297,55.740902,106,24
1970-01-01 00:00:00.000000296,55.69858,106,25
1970-01-01 00:00:00.000000297,55.6842,106,25
1970-01-01 00:00:00.000000298,55.675518,106,25
1970-01-01 00:00:00.000000297,55.48937,106,26
1970-01-01 00:00:00.000000298,55.475266,106,26
1970-01-01 00:00:00.000000299,55.46721,106,26
1970-01-01 00:00:00.000000298,55.146454,106,27
1970-01-01 00:00:00.000000299,55.13156,106,27
1970-01-01 00:00:00.000000300,55.124405,106,27
1970-01-01 00:00:00.000000299,55.12417,106,28
1970-01-01 00:00:00.000000300,55.11182,106,28
1970-01-01 00:00:00.000000301,55.105858,106,28
1970-01-01 00:00:00.000000300,54.319973,106,29
1970-01-01 00:00:00.000000301,54.303032,106,29
1970-01-01 00:00:00.000000302,54.295914,106,29
1970-01-01 00:00:00.000000301,54.37673,106,30
1970-01-01 00:00:00.000000302,54.362774,106,30
1970-01-01 00:00:00.000000303,54.357975,106,30
1970-01-01 00:00:00.000000302,54.209614,106,31
1970-01-01 00:00:00.000000303,54.195293,106,31
1970-01-01 00:00:00.000000304,54.19089,106,31
1970-01-01 00:00:00.000000303,53.732906,106,32
1970-01-01 00:00:00.000000304,53.716457,106,32
1970-01-01 00:00:00.000000305,53.712433,106,32
1970-01-01 00:00:00.000000304,53.835434,106,33
1970-01-01 00:00:00.000000305,53.82247,106,33
1970-01-01 00:00:00.000000306,53.820656,106,33
1970-01-01 00:00:00.000000305,53.2567,106,34
1970-01-01 00:00:00.000000306,53.240154,106,34
1970-01-01 00:00:00.000000307,53.236977,106,34
1970-01-01 00:00:00.000000306,52.454945,106,35
1970-01-01 00:00:00.000000307,52.434353,106,35
1970-01-01 00:00:00.000000308,52.43205,106,35
1970-01-01 00:00:00.000000307,52.949253,106,36
1970-01-01 00:00:00.000000308,52.936806,106,36
1970-01-01 00:00:00.000000309,52.938396,106,36
1970-01-01 00:00:00.000000308,52.433357,106,37
1970-01-01 00:00:00.000000309,52.416294,106,37
1970-01-01 00:00:00.000000310,52.416748,106,37
1970-01-01 00:00:00.000000309,51.888916,106,38
1970-01-01 00:00:00.000000310,51.869923,106,38
1970-01-01 00:00:00.000000311,51.87117,106,38
1970-01-01 00:00:00.000000310,51.73367,106,39
1970-01-01 00:00:00.000000311,51.716198,106,39
1970-01-01 00:00:00.000000312,51.65707,106,39
1970-01-01 00:00:00.000000311,53.17973,106,40
1970-01-01 00:00:00.000000312,53.108994,106,40
1970-01-01 00:00:00.000000313,53.10413,106,40
1970-01-01 00:00:00.000000312,78.58515,106,41
1970-01-01 00:00:00.000000313,78.59498,106,41
1970-01-01 00:00:00.000000314,78.57587,106,41
1970-01-01 00:00:00.000000313,85.383224,106,42
1970-01-01 00:00:00.000000314,85.42099,106,42
1970-01-01 00:00:00.000000315,85.38761,106,42
1970-01-01 00:00:00.000000314,86.14647,106,43
1970-01-01 00:00:00.000000315,86.07439,106,43
1970-01-01 00:00:00.000000316,85.92698,106,43
1970-01-01 00:00:00.000000315,85.46227,106,44
1970-01-01 00:00:00.000000316,85.412445,106,44
1970-01-01 00:00:00.000000317,85.2813,106,44
1970-01-01 00:00:00.000000316,84.99042,106,45
1970-01-01 00:00:00.000000317,84.95438,106,45
1970-01-01 00:00:00.000000318,84.833,106,45
1970-01-01 00:00:00.000000083,85.19937,107,10
1970-01-01 00:00:00.000000084,85.15427,107,10
1970-01-01 00:00:00.000000085,85.029175,107,10
1970-01-01 00:00:00.000000213,63.38447,108,10
1970-01-01 00:00:00.000000214,63.59529,108,10
1970-01-01 00:00:00.000000215,63.73765,108,10
1970-01-01 00:00:00.000000214,64.11021,108,11
1970-01-01 00:00:00.000000215,64.339035,108,11
1970-01-01 00:00:00.000000216,64.45228,108,11
1970-01-01 00:00:00.000000215,64.58956,108,12
1970-01-01 00:00:00.000000216,64.78767,108,12
1970-01-01 00:00:00.000000217,64.8619,108,12
1970-01-01 00:00:00.000000216,64.350464,108,13
1970-01-01 00:00:00.000000217,64.512955,108,13
1970-01-01 00:00:00.000000218,64.62571,108,13
1970-01-01 00:00:00.000000217,64.11238,108,14
1970-01-01 00:00:00.000000218,64.31264,108,14
1970-01-01 00:00:00.000000219,64.418785,108,14
1970-01-01 00:00:00.000000218,64.31743,108,15
1970-01-01 00:00:00.000000219,64.5111,108,15
1970-01-01 00:00:00.000000220,64.608536,108,15
1970-01-01 00:00:00.000000219,64.85883,108,16
1970-01-01 00:00:00.000000220,65.04201,108,16
1970-01-01 00:00:00.000000221,65.13417,108,16
1970-01-01 00:00:00.000000220,64.89381,108,17
1970-01-01 00:00:00.000000221,65.071365,108,17
1970-01-01 00:00:00.000000222,65.17957,108,17
1970-01-01 00:00:00.000000221,65.48071,108,18
1970-01-01 00:00:00.000000222,65.6705,108,18
1970-01-01 00:00:00.000000223,65.77216,108,18
1970-01-01 00:00:00.000000222,64.6508,108,19
1970-01-01 00:00:00.000000223,64.83871,108,19
1970-01-01 00:00:00.000000224,64.94018,108,19
1970-01-01 00:00:00.000000223,64.74662,108,20
1970-01-01 00:00:00.000000224,64.9346,108,20
1970-01-01 00:00:00.000000225,65.0391,108,20
1970-01-01 00:00:00.000000224,65.271736,108,21
1970-01-01 00:00:00.000000225,65.459404,108,21
1970-01-01 00:00:00.000000226,65.544,108,21
1970-01-01 00:00:00.000000225,65.80272,108,22
1970-01-01 00:00:00.000000226,65.969826,108,22
1970-01-01 00:00:00.000000227,66.06357,108,22
1970-01-01 00:00:00.000000226,65.892105,108,23
1970-01-01 00:00:00.000000227,66.06744,108,23
1970-01-01 00:00:00.000000228,66.163376,108,23
1970-01-01 00:00:00.000000227,66.33817,108,24
1970-01-01 00:00:00.000000228,66.51416,108,24
1970-01-01 00:00:00.000000229,66.59989,108,24
1970-01-01 00:00:00.000000228,65.636734,108,25
1970-01-01 00:00:00.000000229,65.80945,108,25
1970-01-01 00:00:00.000000230,65.92419,108,25
1970-01-01 00:00:00.000000229,65.51457,108,26
1970-01-01 00:00:00.000000230,65.713455,108,26
1970-01-01 00:00:00.000000231,65.80792,108,26
1970-01-01 00:00:00.000000230,66.7736,108,27
1970-01-01 00:00:00.000000231,66.94615,108,27
1970-01-01 00:00:00.000000232,67.02409,108,27
1970-01-01 00:00:00.000000231,67.45484,108,28
1970-01-01 00:00:00.000000232,67.60916,108,28
1970-01-01 00:00:00.000000233,67.71269,108,28
1970-01-01 00:00:00.000000232,67.72648,108,29
1970-01-01 00:00:00.000000233,67.90413,108,29
1970-01-01 00:00:00.000000234,67.97201,108,29
1970-01-01 00:00:00.000000233,68.69209,108,30
1970-01-01 00:00:00.000000234,68.833374,108,30
1970-01-01 00:00:00.000000235,68.89969,108,30
1970-01-01 00:00:00.000000234,69.23376,108,31
1970-01-01 00:00:00.000000235,69.371765,108,31
1970-01-01 00:00:00.000000236,69.43221,108,31
1970-01-01 00:00:00.000000235,69.79265,108,32
1970-01-01 00:00:00.000000236,69.92409,108,32
1970-01-01 00:00:00.000000237,69.94984,108,32
1970-01-01 00:00:00.000000236,70.23874,108,33
1970-01-01 00:00:00.000000237,70.34027,108,33
1970-01-01 00:00:00.000000238,70.42246,108,33
1970-01-01 00:00:00.000000083,68.77929,109,10
1970-01-01 00:00:00.000000084,68.9036,109,10
1970-01-01 00:00:00.000000085,69.98169,109,10
1970-01-01 00:00:00.000000505,74.465706,110,10
1970-01-01 00:00:00.000000506,74.35866,110,10
1970-01-01 00:00:00.000000507,74.25391,110,10
1970-01-01 00:00:00.000000506,74.5412,110,11
1970-01-01 00:00:00.000000507,74.43395,110,11
1970-01-01 00:00:00.000000508,74.32895,110,11
1970-01-01 00:00:00.000000507,74.630035,110,12
1970-01-01 00:00:00.000000508,74.52238,110,12
1970-01-01 00:00:00.000000509,74.417206,110,12
1970-01-01 00:00:00.000000508,74.63147,110,13
1970-01-01 00:00:00.000000509,74.52381,110,13
1970-01-01 00:00:00.000000510,74.41857,110,13
1970-01-01 00:00:00.000000509,75.070114,110,14
1970-01-01 00:00:00.000000510,74.96234,110,14
1970-01-01 00:00:00.000000511,74.85693,110,14
1970-01-01 00:00:00.000000510,75.36815,110,15
1970-01-01 00:00:00.000000511,75.25911,110,15
1970-01-01 00:00:00.000000512,75.15293,110,15
1970-01-01 00:00:00.000000511,75.58488,110,16
1970-01-01 00:00:00.000000512,75.47529,110,16
1970-01-01 00:00:00.000000513,75.368774,110,16
1970-01-01 00:00:00.000000512,75.70499,110,17
1970-01-01 00:00:00.000000513,75.59558,110,17
1970-01-01 00:00:00.000000514,75.48931,110,17
1970-01-01 00:00:00.000000513,76.17668,110,18
1970-01-01 00:00:00.000000514,76.06772,110,18
1970-01-01 00:00:00.000000515,75.9618,110,18
1970-01-01 00:00:00.000000514,76.32993,110,19
1970-01-01 00:00:00.000000515,76.22107,110,19
1970-01-01 00:00:00.000000516,76.11915,110,19
1970-01-01 00:00:00.000000515,76.46197,110,20
1970-01-01 00:00:00.000000516,76.35808,110,20
1970-01-01 00:00:00.000000517,76.25916,110,20
1970-01-01 00:00:00.000000516,76.585014,110,21
1970-01-01 00:00:00.000000517,76.48443,110,21
1970-01-01 00:00:00.000000518,76.38092,110,21
1970-01-01 00:00:00.000000517,76.98768,110,22
1970-01-01 00:00:00.000000518,76.883156,110,22
1970-01-01 00:00:00.000000519,76.78111,110,22
1970-01-01 00:00:00.000000518,76.73795,110,23
1970-01-01 00:00:00.000000519,76.635086,110,23
1970-01-01 00:00:00.000000520,76.53448,110,23
1970-01-01 00:00:00.000000519,76.32054,110,24
1970-01-01 00:00:00.000000520,76.218895,110,24
1970-01-01 00:00:00.000000521,76.11868,110,24
1970-01-01 00:00:00.000000520,75.52413,110,25
1970-01-01 00:00:00.000000521,75.42162,110,25
1970-01-01 00:00:00.000000522,75.320694,110,25
1970-01-01 00:00:00.000000521,75.15648,110,26
1970-01-01 00:00:00.000000522,75.05491,110,26
1970-01-01 00:00:00.000000523,74.95382,110,26
1970-01-01 00:00:00.000000522,74.84223,110,27
1970-01-01 00:00:00.000000523,74.741104,110,27
1970-01-01 00:00:00.000000524,74.64032,110,27
1970-01-01 00:00:00.000000523,74.2147,110,28
1970-01-01 00:00:00.000000524,74.11448,110,28
1970-01-01 00:00:00.000000525,74.0127,110,28
1970-01-01 00:00:00.000000524,73.63172,110,29
1970-01-01 00:00:00.000000525,73.531456,110,29
1970-01-01 00:00:00.000000526,73.42812,110,29
1970-01-01 00:00:00.000000525,73.347595,110,30
1970-01-01 00:00:00.000000526,73.24608,110,30
1970-01-01 00:00:00.000000527,73.14801,110,30
1970-01-01 00:00:00.000000526,72.96155,110,31
1970-01-01 00:00:00.000000527,72.86553,110,31
1970-01-01 00:00:00.000000528,72.768555,110,31
1970-01-01 00:00:00.000000527,72.61628,110,32
1970-01-01 00:00:00.000000528,72.52148,110,32
1970-01-01 00:00:00.000000529,72.425766,110,32
1970-01-01 00:00:00.000000528,72.638626,110,33
1970-01-01 00:00:00.000000529,72.54635,110,33
1970-01-01 00:00:00.000000530,72.45724,110,33
1970-01-01 00:00:00.000000529,72.97154,110,34
1970-01-01 00:00:00.000000530,72.88592,110,34
1970-01-01 00:00:00.000000531,72.79262,110,34
1970-01-01 00:00:00.000000530,72.85498,110,35
1970-01-01 00:00:00.000000531,72.76422,110,35
1970-01-01 00:00:00.000000532,72.670586,110,35
1970-01-01 00:00:00.000000531,72.96704,110,36
1970-01-01 00:00:00.000000532,72.876366,110,36
1970-01-01 00:00:00.000000533,72.7828,110,36
1970-01-01 00:00:00.000000532,72.30936,110,37
1970-01-01 00:00:00.000000533,72.21868,110,37
1970-01-01 00:00:00.000000534,72.125534,110,37
1970-01-01 00:00:00.000000533,70.92817,110,38
1970-01-01 00:00:00.000000534,70.840294,110,38
1970-01-01 00:00:00.000000535,70.750114,110,38
1970-01-01 00:00:00.000000534,70.803795,110,39
1970-01-01 00:00:00.000000535,70.72224,110,39
1970-01-01 00:00:00.000000536,70.63659,110,39
1970-01-01 00:00:00.000000535,69.93855,110,40
1970-01-01 00:00:00.000000536,69.859566,110,40
1970-01-01 00:00:00.000000537,69.7768,110,40
1970-01-01 00:00:00.000000536,69.512344,110,41
1970-01-01 00:00:00.000000537,69.4373,110,41
1970-01-01 00:00:00.000000538,69.35806,110,41
1970-01-01 00:00:00.000000537,68.80308,110,42
1970-01-01 00:00:00.000000538,68.73079,110,42
1970-01-01 00:00:00.000000539,68.65461,110,42
1970-01-01 00:00:00.000000538,67.14866,110,43
1970-01-01 00:00:00.000000539,67.07922,110,43
1970-01-01 00:00:00.000000540,67.007195,110,43
1970-01-01 00:00:00.000000539,66.0429,110,44
1970-01-01 00:00:00.000000540,65.98,110,44
1970-01-01 00:00:00.000000541,65.91514,110,44
1970-01-01 00:00:00.000000540,64.55052,110,45
1970-01-01 00:00:00.000000541,64.492805,110,45
1970-01-01 00:00:00.000000542,64.43452,110,45
1970-01-01 00:00:00.000000541,63.66986,110,46
1970-01-01 00:00:00.000000542,63.61898,110,46
1970-01-01 00:00:00.000000543,63.568165,110,46
1970-01-01 00:00:00.000000542,62.759995,110,47
1970-01-01 00:00:00.000000543,62.713505,110,47
1970-01-01 00:00:00.000000544,62.668285,110,47
1970-01-01 00:00:00.000000543,62.776196,110,48
1970-01-01 00:00:00.000000544,62.73541,110,48
1970-01-01 00:00:00.000000545,62.695732,110,48
1970-01-01 00:00:00.000000544,61.446846,110,49
1970-01-01 00:00:00.000000545,61.404053,110,49
1970-01-01 00:00:00.000000546,61.365044,110,49
1970-01-01 00:00:00.000000545,60.235214,110,50
1970-01-01 00:00:00.000000546,60.193176,110,50
1970-01-01 00:00:00.000000547,60.15768,110,50
1970-01-01 00:00:00.000000546,59.406918,110,51
1970-01-01 00:00:00.000000547,59.367607,110,51
1970-01-01 00:00:00.000000548,59.336174,110,51
1970-01-01 00:00:00.000000547,57.456684,110,52
1970-01-01 00:00:00.000000548,57.41338,110,52
1970-01-01 00:00:00.000000549,57.38234,110,52
1970-01-01 00:00:00.000000548,57.122128,110,53
1970-01-01 00:00:00.000000549,57.085957,110,53
1970-01-01 00:00:00.000000550,57.061123,110,53
1970-01-01 00:00:00.000000549,55.509422,110,54
1970-01-01 00:00:00.000000550,55.467964,110,54
1970-01-01 00:00:00.000000551,55.442333,110,54
1970-01-01 00:00:00.000000550,57.769207,110,55
1970-01-01 00:00:00.000000551,57.749084,110,55
1970-01-01 00:00:00.000000552,57.736248,110,55
1970-01-01 00:00:00.000000551,56.65773,110,56
1970-01-01 00:00:00.000000552,56.626602,110,56
1970-01-01 00:00:00.000000553,56.607048,110,56
1970-01-01 00:00:00.000000552,55.655582,110,57
1970-01-01 00:00:00.000000553,55.620296,110,57
1970-01-01 00:00:00.000000554,55.598503,110,57
1970-01-01 00:00:00.000000553,54.9425,110,58
1970-01-01 00:00:00.000000554,54.90626,110,58
1970-01-01 00:00:00.000000555,54.88537,110,58
1970-01-01 00:00:00.000000554,54.92122,110,59
1970-01-01 00:00:00.000000555,54.888317,110,59
1970-01-01 00:00:00.000000556,54.87038,110,59
1970-01-01 00:00:00.000000555,54.35406,110,60
1970-01-01 00:00:00.000000556,54.319256,110,60
1970-01-01 00:00:00.000000557,54.300583,110,60
1970-01-01 00:00:00.000000556,54.038414,110,61
1970-01-01 00:00:00.000000557,54.00363,110,61
1970-01-01 00:00:00.000000558,53.985523,110,61
1970-01-01 00:00:00.000000557,53.244144,110,62
1970-01-01 00:00:00.000000558,53.204887,110,62
1970-01-01 00:00:00.000000559,53.18565,110,62
1970-01-01 00:00:00.000000558,52.90079,110,63
1970-01-01 00:00:00.000000559,52.86261,110,63
1970-01-01 00:00:00.000000560,52.8443,110,63
1970-01-01 00:00:00.000000559,52.46414,110,64
1970-01-01 00:00:00.000000560,52.424286,110,64
1970-01-01 00:00:00.000000561,52.406685,110,64
1970-01-01 00:00:00.000000560,48.81441,110,65
1970-01-01 00:00:00.000000561,48.745705,110,65
1970-01-01 00:00:00.000000562,48.71706,110,65
1970-01-01 00:00:00.000000561,50.175632,110,66
1970-01-01 00:00:00.000000562,50.1324,110,66
1970-01-01 00:00:00.000000563,50.11889,110,66
1970-01-01 00:00:00.000000562,52.05619,110,67
1970-01-01 00:00:00.000000563,52.027946,110,67
1970-01-01 00:00:00.000000564,52.0204,110,67
1970-01-01 00:00:00.000000563,53.211216,110,68
1970-01-01 00:00:00.000000564,53.18532,110,68
1970-01-01 00:00:00.000000565,53.17662,110,68
1970-01-01 00:00:00.000000564,52.523712,110,69
1970-01-01 00:00:00.000000565,52.48588,110,69
1970-01-01 00:00:00.000000566,52.469658,110,69
1970-01-01 00:00:00.000000565,53.67518,110,70
1970-01-01 00:00:00.000000566,53.647507,110,70
1970-01-01 00:00:00.000000567,53.63655,110,70
1970-01-01 00:00:00.000000566,55.747482,110,71
1970-01-01 00:00:00.000000567,55.73015,110,71
1970-01-01 00:00:00.000000568,55.72381,110,71
1970-01-01 00:00:00.000000567,57.685158,110,72
1970-01-01 00:00:00.000000568,57.673088,110,72
1970-01-01 00:00:00.000000569,57.667545,110,72
1970-01-01 00:00:00.000000568,56.71548,110,73
1970-01-01 00:00:00.000000569,56.686813,110,73
1970-01-01 00:00:00.000000570,56.670647,110,73
1970-01-01 00:00:00.000000569,60.316578,110,74
1970-01-01 00:00:00.000000570,60.32375,110,74
1970-01-01 00:00:00.000000571,60.321804,110,74
1970-01-01 00:00:00.000000570,54.97307,110,75
1970-01-01 00:00:00.000000571,55.010845,110,75
1970-01-01 00:00:00.000000572,55.04704,110,75
1970-01-01 00:00:00.000000571,59.50066,110,76
1970-01-01 00:00:00.000000572,59.690113,110,76
1970-01-01 00:00:00.000000573,59.832653,110,76
1970-01-01 00:00:00.000000572,59.314754,110,77
1970-01-01 00:00:00.000000573,59.470615,110,77
1970-01-01 00:00:00.000000574,59.57656,110,77
1970-01-01 00:00:00.000000573,64.900085,110,78
1970-01-01 00:00:00.000000574,65.002686,110,78
1970-01-01 00:00:00.000000575,65.04181,110,78
1970-01-01 00:00:00.000000574,72.318085,110,79
1970-01-01 00:00:00.000000575,72.373024,110,79
1970-01-01 00:00:00.000000576,72.37261,110,79
1970-01-01 00:00:00.000000575,74.24487,110,80
1970-01-01 00:00:00.000000576,74.27104,110,80
1970-01-01 00:00:00.000000577,74.25328,110,80
1970-01-01 00:00:00.000000576,88.15165,110,81
1970-01-01 00:00:00.000000577,88.12866,110,81
1970-01-01 00:00:00.000000578,88.063255,110,81
1970-01-01 00:00:00.000000577,89.22576,110,82
1970-01-01 00:00:00.000000578,89.08097,110,82
1970-01-01 00:00:00.000000579,88.890594,110,82
1970-01-01 00:00:00.000000578,88.465935,110,83
1970-01-01 00:00:00.000000579,88.327644,110,83
1970-01-01 00:00:00.000000580,88.13629,110,83
1970-01-01 00:00:00.000000579,87.84599,110,84
1970-01-01 00:00:00.000000580,87.72852,110,84
1970-01-01 00:00:00.000000581,87.55201,110,84
1970-01-01 00:00:00.000000580,87.48893,110,85
1970-01-01 00:00:00.000000581,87.38298,110,85
1970-01-01 00:00:00.000000582,87.21458,110,85
1970-01-01 00:00:00.000000183,76.01586,112,10
1970-01-01 00:00:00.000000184,76.39447,112,10
1970-01-01 00:00:00.000000185,75.65875,112,10
1970-01-01 00:00:00.000000184,76.88135,112,11
1970-01-01 00:00:00.000000185,76.20377,112,11
1970-01-01 00:00:00.000000186,76.08511,112,11
1970-01-01 00:00:00.000000185,74.79242,112,12
1970-01-01 00:00:00.000000186,74.57191,112,12
1970-01-01 00:00:00.000000187,74.52433,112,12
1970-01-01 00:00:00.000000186,71.69602,112,13
1970-01-01 00:00:00.000000187,71.509995,112,13
1970-01-01 00:00:00.000000188,71.44954,112,13
1970-01-01 00:00:00.000000187,63.11816,112,14
1970-01-01 00:00:00.000000188,62.951794,112,14
1970-01-01 00:00:00.000000189,62.861084,112,14
1970-01-01 00:00:00.000000188,65.386116,112,15
1970-01-01 00:00:00.000000189,65.235725,112,15
1970-01-01 00:00:00.000000190,65.16252,112,15
1970-01-01 00:00:00.000000189,65.33283,112,16
1970-01-01 00:00:00.000000190,65.16686,112,16
1970-01-01 00:00:00.000000191,65.153465,112,16
1970-01-01 00:00:00.000000190,65.5187,112,17
1970-01-01 00:00:00.000000191,65.39157,112,17
1970-01-01 00:00:00.000000192,65.35155,112,17
1970-01-01 00:00:00.000000191,65.91727,112,18
1970-01-01 00:00:00.000000192,65.77567,112,18
1970-01-01 00:00:00.000000193,65.7371,112,18
1970-01-01 00:00:00.000000192,66.35349,112,19
1970-01-01 00:00:00.000000193,66.208496,112,19
1970-01-01 00:00:00.000000194,66.197495,112,19
1970-01-01 00:00:00.000000193,66.47071,112,20
1970-01-01 00:00:00.000000194,66.34775,112,20
1970-01-01 00:00:00.000000195,66.27767,112,20
1970-01-01 00:00:00.000000194,65.72811,112,21
1970-01-01 00:00:00.000000195,65.564095,112,21
1970-01-01 00:00:00.000000196,65.51875,112,21
1970-01-01 00:00:00.000000195,66.384125,112,22
1970-01-01 00:00:00.000000196,66.23113,112,22
1970-01-01 00:00:00.000000197,66.23122,112,22
1970-01-01 00:00:00.000000196,66.29537,112,23
1970-01-01 00:00:00.000000197,66.17938,112,23
1970-01-01 00:00:00.000000198,66.128204,112,23
1970-01-01 00:00:00.000000197,66.56157,112,24
1970-01-01 00:00:00.000000198,66.417,112,24
1970-01-01 00:00:00.000000199,66.3715,112,24
1970-01-01 00:00:00.000000198,67.09036,112,25
1970-01-01 00:00:00.000000199,66.940605,112,25
1970-01-01 00:00:00.000000200,66.88419,112,25
1970-01-01 00:00:00.000000199,67.18698,112,26
1970-01-01 00:00:00.000000200,67.027954,112,26
1970-01-01 00:00:00.000000201,67.015625,112,26
1970-01-01 00:00:00.000000200,66.99558,112,27
1970-01-01 00:00:00.000000201,66.8737,112,27
1970-01-01 00:00:00.000000202,66.83237,112,27
1970-01-01 00:00:00.000000201,67.71597,112,28
1970-01-01 00:00:00.000000202,67.58078,112,28
1970-01-01 00:00:00.000000203,67.80195,112,28
1970-01-01 00:00:00.000000172,68.78898,113,10
1970-01-01 00:00:00.000000173,68.5353,113,10
1970-01-01 00:00:00.000000174,68.41112,113,10
1970-01-01 00:00:00.000000173,68.55779,113,11
1970-01-01 00:00:00.000000174,68.26377,113,11
1970-01-01 00:00:00.000000175,68.216286,113,11
1970-01-01 00:00:00.000000174,68.282715,113,12
1970-01-01 00:00:00.000000175,68.03675,113,12
1970-01-01 00:00:00.000000176,67.9419,113,12
1970-01-01 00:00:00.000000175,67.81195,113,13
1970-01-01 00:00:00.000000176,67.54204,113,13
1970-01-01 00:00:00.000000177,67.47958,113,13
1970-01-01 00:00:00.000000176,67.78513,113,14
1970-01-01 00:00:00.000000177,67.53507,113,14
1970-01-01 00:00:00.000000178,67.44053,113,14
1970-01-01 00:00:00.000000177,68.01368,113,15
1970-01-01 00:00:00.000000178,67.74346,113,15
1970-01-01 00:00:00.000000179,67.66527,113,15
1970-01-01 00:00:00.000000178,67.139915,113,16
1970-01-01 00:00:00.000000179,66.87621,113,16
1970-01-01 00:00:00.000000180,66.79328,113,16
1970-01-01 00:00:00.000000179,67.36701,113,17
1970-01-01 00:00:00.000000180,67.10204,113,17
1970-01-01 00:00:00.000000181,67.03088,113,17
1970-01-01 00:00:00.000000180,66.174065,113,18
1970-01-01 00:00:00.000000181,65.91505,113,18
1970-01-01 00:00:00.000000182,65.83594,113,18
1970-01-01 00:00:00.000000181,66.39968,113,19
1970-01-01 00:00:00.000000182,66.137344,113,19
1970-01-01 00:00:00.000000183,66.071,113,19
1970-01-01 00:00:00.000000182,65.347664,113,20
1970-01-01 00:00:00.000000183,65.09257,113,20
1970-01-01 00:00:00.000000184,65.04645,113,20
1970-01-01 00:00:00.000000183,65.2547,113,21
1970-01-01 00:00:00.000000184,65.020515,113,21
1970-01-01 00:00:00.000000185,64.94306,113,21
1970-01-01 00:00:00.000000184,64.04084,113,22
1970-01-01 00:00:00.000000185,63.78654,113,22
1970-01-01 00:00:00.000000186,63.715,113,22
1970-01-01 00:00:00.000000185,64.08811,113,23
1970-01-01 00:00:00.000000186,63.833355,113,23
1970-01-01 00:00:00.000000187,63.79763,113,23
1970-01-01 00:00:00.000000186,64.69691,113,24
1970-01-01 00:00:00.000000187,64.46658,113,24
1970-01-01 00:00:00.000000188,64.42625,113,24
1970-01-01 00:00:00.000000187,64.91944,113,25
1970-01-01 00:00:00.000000188,64.692184,113,25
1970-01-01 00:00:00.000000189,65.092834,113,25
1970-01-01 00:00:00.000000188,63.73258,113,26
1970-01-01 00:00:00.000000189,63.861217,113,26
1970-01-01 00:00:00.000000190,64.090904,113,26
1970-01-01 00:00:00.000000157,55.664036,114,10
1970-01-01 00:00:00.000000158,55.65141,114,10
1970-01-01 00:00:00.000000159,55.642323,114,10
1970-01-01 00:00:00.000000158,55.49821,114,11
1970-01-01 00:00:00.000000159,55.485085,114,11
1970-01-01 00:00:00.000000160,55.476112,114,11
1970-01-01 00:00:00.000000159,55.286823,114,12
1970-01-01 00:00:00.000000160,55.273342,114,12
1970-01-01 00:00:00.000000161,55.26465,114,12
1970-01-01 00:00:00.000000160,55.330494,114,13
1970-01-01 00:00:00.000000161,55.318325,114,13
1970-01-01 00:00:00.000000162,55.310555,114,13
1970-01-01 00:00:00.000000161,55.553078,114,14
1970-01-01 00:00:00.000000162,55.54223,114,14
1970-01-01 00:00:00.000000163,55.53492,114,14
1970-01-01 00:00:00.000000162,55.28558,114,15
1970-01-01 00:00:00.000000163,55.271862,114,15
1970-01-01 00:00:00.000000164,55.2632,114,15
1970-01-01 00:00:00.000000163,55.47882,114,16
1970-01-01 00:00:00.000000164,55.467236,114,16
1970-01-01 00:00:00.000000165,55.459644,114,16
1970-01-01 00:00:00.000000164,54.365402,114,17
1970-01-01 00:00:00.000000165,54.33805,114,17
1970-01-01 00:00:00.000000166,54.32327,114,17
1970-01-01 00:00:00.000000165,61.308895,114,18
1970-01-01 00:00:00.000000166,61.3374,114,18
1970-01-01 00:00:00.000000167,61.349274,114,18
1970-01-01 00:00:00.000000166,84.27482,114,19
1970-01-01 00:00:00.000000167,84.346054,114,19
1970-01-01 00:00:00.000000168,84.35131,114,19
1970-01-01 00:00:00.000000167,86.60336,114,20
1970-01-01 00:00:00.000000168,86.53157,114,20
1970-01-01 00:00:00.000000169,86.389885,114,20
1970-01-01 00:00:00.000000168,85.92343,114,21
1970-01-01 00:00:00.000000169,85.85761,114,21
1970-01-01 00:00:00.000000170,85.715004,114,21
1970-01-01 00:00:00.000000169,85.198006,114,22
1970-01-01 00:00:00.000000170,85.15311,114,22
1970-01-01 00:00:00.000000171,85.02565,114,22
1970-01-01 00:00:00.000000170,84.70659,114,23
1970-01-01 00:00:00.000000171,84.67601,114,23
1970-01-01 00:00:00.000000172,84.55901,114,23
1970-01-01 00:00:00.000000086,88.317955,115,10
1970-01-01 00:00:00.000000087,88.18065,115,10
1970-01-01 00:00:00.000000088,87.98987,115,10
1970-01-01 00:00:00.000000087,87.52634,115,11
1970-01-01 00:00:00.000000088,87.41624,115,11
1970-01-01 00:00:00.000000089,87.2449,115,11
1970-01-01 00:00:00.000000096,70.80175,117,10
1970-01-01 00:00:00.000000097,70.713974,117,10
1970-01-01 00:00:00.000000098,70.62611,117,10
1970-01-01 00:00:00.000000097,71.048225,117,11
1970-01-01 00:00:00.000000098,70.95973,117,11
1970-01-01 00:00:00.000000099,70.87117,117,11
1970-01-01 00:00:00.000000098,71.033875,117,12
1970-01-01 00:00:00.000000099,70.94408,117,12
1970-01-01 00:00:00.000000100,70.85459,117,12
1970-01-01 00:00:00.000000082,68.73081,118,10
1970-01-01 00:00:00.000000083,68.71336,118,10
1970-01-01 00:00:00.000000084,69.41685,118,10
1970-01-01 00:00:00.000000109,51.324215,121,10
1970-01-01 00:00:00.000000110,51.28145,121,10
1970-01-01 00:00:00.000000111,51.265408,121,10
1970-01-01 00:00:00.000000110,51.14744,121,11
1970-01-01 00:00:00.000000111,51.107483,121,11
1970-01-01 00:00:00.000000112,51.092113,121,11
1970-01-01 00:00:00.000000111,51.137558,121,12
1970-01-01 00:00:00.000000112,51.098053,121,12
1970-01-01 00:00:00.000000113,51.08321,121,12
1970-01-01 00:00:00.000000112,52.126137,121,13
1970-01-01 00:00:00.000000113,52.094738,121,13
1970-01-01 00:00:00.000000114,52.083603,121,13
1970-01-01 00:00:00.000000113,52.645176,121,14
1970-01-01 00:00:00.000000114,52.614758,121,14
1970-01-01 00:00:00.000000115,52.602985,121,14
1970-01-01 00:00:00.000000114,53.677673,121,15
1970-01-01 00:00:00.000000115,53.652683,121,15
1970-01-01 00:00:00.000000116,53.64242,121,15
1970-01-01 00:00:00.000000165,71.59892,122,10
1970-01-01 00:00:00.000000166,71.11949,122,10
1970-01-01 00:00:00.000000167,69.67156,122,10
1970-01-01 00:00:00.000000166,68.37095,122,11
1970-01-01 00:00:00.000000167,67.22737,122,11
1970-01-01 00:00:00.000000168,67.35947,122,11
1970-01-01 00:00:00.000000167,66.22469,122,12
1970-01-01 00:00:00.000000168,66.410034,122,12
1970-01-01 00:00:00.000000169,66.49481,122,12
1970-01-01 00:00:00.000000168,64.05504,122,13
1970-01-01 00:00:00.000000169,64.276764,122,13
1970-01-01 00:00:00.000000170,64.44771,122,13
1970-01-01 00:00:00.000000169,66.28415,122,14
1970-01-01 00:00:00.000000170,66.558945,122,14
1970-01-01 00:00:00.000000171,66.68235,122,14
1970-01-01 00:00:00.000000170,67.231995,122,15
1970-01-01 00:00:00.000000171,67.45861,122,15
1970-01-01 00:00:00.000000172,67.59827,122,15
1970-01-01 00:00:00.000000171,67.89725,122,16
1970-01-01 00:00:00.000000172,68.12711,122,16
1970-01-01 00:00:00.000000173,68.1739,122,16
1970-01-01 00:00:00.000000172,67.15866,122,17
1970-01-01 00:00:00.000000173,67.287704,122,17
1970-01-01 00:00:00.000000174,67.38528,122,17
1970-01-01 00:00:00.000000173,67.452675,122,18
1970-01-01 00:00:00.000000174,67.62831,122,18
1970-01-01 00:00:00.000000175,67.712685,122,18
1970-01-01 00:00:00.000000174,65.79201,122,19
1970-01-01 00:00:00.000000175,65.9821,122,19
1970-01-01 00:00:00.000000176,66.10374,122,19
1970-01-01 00:00:00.000000175,63.692364,122,20
1970-01-01 00:00:00.000000176,63.927177,122,20
1970-01-01 00:00:00.000000177,64.03523,122,20
1970-01-01 00:00:00.000000176,62.49525,122,21
1970-01-01 00:00:00.000000177,62.72142,122,21
1970-01-01 00:00:00.000000178,63.384243,122,21
1970-01-01 00:00:00.000000177,60.3108,122,22
1970-01-01 00:00:00.000000178,61.055286,122,22
1970-01-01 00:00:00.000000179,59.97708,122,22
1970-01-01 00:00:00.000000178,62.026863,122,23
1970-01-01 00:00:00.000000179,61.188747,122,23
1970-01-01 00:00:00.000000180,61.39627,122,23
1970-01-01 00:00:00.000000179,63.38605,122,24
1970-01-01 00:00:00.000000180,63.677944,122,24
1970-01-01 00:00:00.000000181,63.89276,122,24
1970-01-01 00:00:00.000000180,62.695877,122,25
1970-01-01 00:00:00.000000181,63.029606,122,25
1970-01-01 00:00:00.000000182,63.887974,122,25
1970-01-01 00:00:00.000000101,70.06707,123,10
1970-01-01 00:00:00.000000102,69.87139,123,10
1970-01-01 00:00:00.000000103,68.072174,123,10
1970-01-01 00:00:00.000000102,69.29186,123,11
1970-01-01 00:00:00.000000103,68.00344,123,11
1970-01-01 00:00:00.000000104,68.28791,123,11
1970-01-01 00:00:00.000000103,67.40267,123,12
1970-01-01 00:00:00.000000104,67.561646,123,12
1970-01-01 00:00:00.000000105,67.62492,123,12
1970-01-01 00:00:00.000000104,65.076096,123,13
1970-01-01 00:00:00.000000105,65.33396,123,13
1970-01-01 00:00:00.000000106,65.43681,123,13
1970-01-01 00:00:00.000000105,63.803387,123,14
1970-01-01 00:00:00.000000106,64.08393,123,14
1970-01-01 00:00:00.000000107,64.30819,123,14
1970-01-01 00:00:00.000000107,71.12315,124,10
1970-01-01 00:00:00.000000108,71.141975,124,10
1970-01-01 00:00:00.000000109,71.13259,124,10
1970-01-01 00:00:00.000000108,84.908844,124,11
1970-01-01 00:00:00.000000109,84.97331,124,11
1970-01-01 00:00:00.000000110,84.967705,124,11
1970-01-01 00:00:00.000000109,85.8514,124,12
1970-01-01 00:00:00.000000110,85.78214,124,12
1970-01-01 00:00:00.000000111,85.63769,124,12
1970-01-01 00:00:00.000000110,84.858315,124,13
1970-01-01 00:00:00.000000111,84.82032,124,13
1970-01-01 00:00:00.000000112,84.69878,124,13
1970-01-01 00:00:00.000000111,84.21096,124,14
1970-01-01 00:00:00.000000112,84.191925,124,14
1970-01-01 00:00:00.000000113,84.084045,124,14
1970-01-01 00:00:00.000000164,56.30496,125,10
1970-01-01 00:00:00.000000165,56.19632,125,10
1970-01-01 00:00:00.000000166,56.18811,125,10
1970-01-01 00:00:00.000000165,56.256165,125,11
1970-01-01 00:00:00.000000166,56.143482,125,11
1970-01-01 00:00:00.000000167,56.153526,125,11
1970-01-01 00:00:00.000000166,56.616516,125,12
1970-01-01 00:00:00.000000167,56.51731,125,12
1970-01-01 00:00:00.000000168,56.52604,125,12
1970-01-01 00:00:00.000000167,55.40628,125,13
1970-01-01 00:00:00.000000168,55.301235,125,13
1970-01-01 00:00:00.000000169,55.307323,125,13
1970-01-01 00:00:00.000000168,56.44162,125,14
1970-01-01 00:00:00.000000169,56.342052,125,14
1970-01-01 00:00:00.000000170,56.35533,125,14
1970-01-01 00:00:00.000000169,56.422237,125,15
1970-01-01 00:00:00.000000170,56.323467,125,15
1970-01-01 00:00:00.000000171,56.30806,125,15
1970-01-01 00:00:00.000000170,55.751995,125,16
1970-01-01 00:00:00.000000171,55.632275,125,16
1970-01-01 00:00:00.000000172,55.649853,125,16
1970-01-01 00:00:00.000000171,55.545094,125,17
1970-01-01 00:00:00.000000172,55.446445,125,17
1970-01-01 00:00:00.000000173,55.723278,125,17
1970-01-01 00:00:00.000000172,56.588608,125,18
1970-01-01 00:00:00.000000173,56.70856,125,18
1970-01-01 00:00:00.000000174,56.8023,125,18
1970-01-01 00:00:00.000000173,55.906097,125,19
1970-01-01 00:00:00.000000174,55.93527,125,19
1970-01-01 00:00:00.000000175,55.907757,125,19
1970-01-01 00:00:00.000000174,73.093216,125,20
1970-01-01 00:00:00.000000175,73.09741,125,20
1970-01-01 00:00:00.000000176,73.08453,125,20
1970-01-01 00:00:00.000000175,86.74101,125,21
1970-01-01 00:00:00.000000176,86.772995,125,21
1970-01-01 00:00:00.000000177,86.75026,125,21
1970-01-01 00:00:00.000000176,87.9154,125,22
1970-01-01 00:00:00.000000177,87.78947,125,22
1970-01-01 00:00:00.000000178,87.606514,125,22
1970-01-01 00:00:00.000000177,87.025276,125,23
1970-01-01 00:00:00.000000178,86.929214,125,23
1970-01-01 00:00:00.000000179,86.76765,125,23
1970-01-01 00:00:00.000000178,86.49876,125,24
1970-01-01 00:00:00.000000179,86.41924,125,24
1970-01-01 00:00:00.000000180,86.26962,125,24
1970-01-01 00:00:00.000000208,54.369503,126,10
1970-01-01 00:00:00.000000209,54.363045,126,10
1970-01-01 00:00:00.000000210,54.362225,126,10
1970-01-01 00:00:00.000000209,53.793137,126,11
1970-01-01 00:00:00.000000210,53.78286,126,11
1970-01-01 00:00:00.000000211,53.781666,126,11
1970-01-01 00:00:00.000000210,55.39738,126,12
1970-01-01 00:00:00.000000211,55.39692,126,12
1970-01-01 00:00:00.000000212,55.398727,126,12
1970-01-01 00:00:00.000000211,57.104282,126,13
1970-01-01 00:00:00.000000212,57.10677,126,13
1970-01-01 00:00:00.000000213,57.10682,126,13
1970-01-01 00:00:00.000000212,58.664852,126,14
1970-01-01 00:00:00.000000213,58.664547,126,14
1970-01-01 00:00:00.000000214,58.660038,126,14
1970-01-01 00:00:00.000000213,60.055805,126,15
1970-01-01 00:00:00.000000214,60.052013,126,15
1970-01-01 00:00:00.000000215,60.042797,126,15
1970-01-01 00:00:00.000000214,61.565372,126,16
1970-01-01 00:00:00.000000215,61.559433,126,16
1970-01-01 00:00:00.000000216,61.54574,126,16
1970-01-01 00:00:00.000000215,62.85967,126,17
1970-01-01 00:00:00.000000216,62.849022,126,17
1970-01-01 00:00:00.000000217,62.828957,126,17
1970-01-01 00:00:00.000000216,66.28351,126,18
1970-01-01 00:00:00.000000217,66.27085,126,18
1970-01-01 00:00:00.000000218,66.243904,126,18
1970-01-01 00:00:00.000000217,66.89325,126,19
1970-01-01 00:00:00.000000218,66.863106,126,19
1970-01-01 00:00:00.000000219,66.82119,126,19
1970-01-01 00:00:00.000000218,68.4656,126,20
1970-01-01 00:00:00.000000219,68.42609,126,20
1970-01-01 00:00:00.000000220,68.374985,126,20
1970-01-01 00:00:00.000000219,69.54262,126,21
1970-01-01 00:00:00.000000220,69.49318,126,21
1970-01-01 00:00:00.000000221,69.43266,126,21
1970-01-01 00:00:00.000000220,71.31207,126,22
1970-01-01 00:00:00.000000221,71.25449,126,22
1970-01-01 00:00:00.000000222,71.18571,126,22
1970-01-01 00:00:00.000000221,72.370674,126,23
1970-01-01 00:00:00.000000222,72.30343,126,23
1970-01-01 00:00:00.000000223,72.22625,126,23
1970-01-01 00:00:00.000000222,73.03278,126,24
1970-01-01 00:00:00.000000223,72.95827,126,24
1970-01-01 00:00:00.000000224,72.8754,126,24
1970-01-01 00:00:00.000000223,73.01301,126,25
1970-01-01 00:00:00.000000224,72.93541,126,25
1970-01-01 00:00:00.000000225,72.85137,126,25
1970-01-01 00:00:00.000000224,73.072395,126,26
1970-01-01 00:00:00.000000225,72.99579,126,26
1970-01-01 00:00:00.000000226,72.91547,126,26
1970-01-01 00:00:00.000000225,72.67906,126,27
1970-01-01 00:00:00.000000226,72.61035,126,27
1970-01-01 00:00:00.000000227,72.52703,126,27
1970-01-01 00:00:00.000000226,72.7455,126,28
1970-01-01 00:00:00.000000227,72.672935,126,28
1970-01-01 00:00:00.000000228,72.59102,126,28
1970-01-01 00:00:00.000000227,73.351814,126,29
1970-01-01 00:00:00.000000228,73.27887,126,29
1970-01-01 00:00:00.000000229,73.19643,126,29
1970-01-01 00:00:00.000000228,74.192116,126,30
1970-01-01 00:00:00.000000229,74.11834,126,30
1970-01-01 00:00:00.000000230,74.0363,126,30
1970-01-01 00:00:00.000000229,75.627106,126,31
1970-01-01 00:00:00.000000230,75.54965,126,31
1970-01-01 00:00:00.000000231,75.46478,126,31
1970-01-01 00:00:00.000000230,75.88945,126,32
1970-01-01 00:00:00.000000231,75.80668,126,32
1970-01-01 00:00:00.000000232,75.71771,126,32
1970-01-01 00:00:00.000000188,66.76899,127,10
1970-01-01 00:00:00.000000189,67.01558,127,10
1970-01-01 00:00:00.000000190,67.163284,127,10
1970-01-01 00:00:00.000000189,66.87491,127,11
1970-01-01 00:00:00.000000190,67.10466,127,11
1970-01-01 00:00:00.000000191,67.18697,127,11
1970-01-01 00:00:00.000000190,67.3075,127,12
1970-01-01 00:00:00.000000191,67.46936,127,12
1970-01-01 00:00:00.000000192,67.5116,127,12
1970-01-01 00:00:00.000000191,67.21079,127,13
1970-01-01 00:00:00.000000192,67.3382,127,13
1970-01-01 00:00:00.000000193,67.42207,127,13
1970-01-01 00:00:00.000000192,66.10495,127,14
1970-01-01 00:00:00.000000193,66.27952,127,14
1970-01-01 00:00:00.000000194,66.36154,127,14
1970-01-01 00:00:00.000000193,65.754715,127,15
1970-01-01 00:00:00.000000194,65.926735,127,15
1970-01-01 00:00:00.000000195,66.00109,127,15
1970-01-01 00:00:00.000000194,65.63128,127,16
1970-01-01 00:00:00.000000195,65.79336,127,16
1970-01-01 00:00:00.000000196,65.90197,127,16
1970-01-01 00:00:00.000000195,65.6746,127,17
1970-01-01 00:00:00.000000196,65.8657,127,17
1970-01-01 00:00:00.000000197,65.92689,127,17
1970-01-01 00:00:00.000000196,65.24963,127,18
1970-01-01 00:00:00.000000197,65.39803,127,18
1970-01-01 00:00:00.000000198,65.44505,127,18
1970-01-01 00:00:00.000000197,65.34535,127,19
1970-01-01 00:00:00.000000198,65.482254,127,19
1970-01-01 00:00:00.000000199,65.596565,127,19
1970-01-01 00:00:00.000000198,65.477196,127,20
1970-01-01 00:00:00.000000199,65.67581,127,20
1970-01-01 00:00:00.000000200,65.72893,127,20
1970-01-01 00:00:00.000000199,65.428505,127,21
1970-01-01 00:00:00.000000200,65.58009,127,21
1970-01-01 00:00:00.000000201,65.69878,127,21
1970-01-01 00:00:00.000000200,64.005,127,22
1970-01-01 00:00:00.000000201,64.235954,127,22
1970-01-01 00:00:00.000000202,64.29402,127,22
1970-01-01 00:00:00.000000201,65.09102,127,23
1970-01-01 00:00:00.000000202,65.262596,127,23
1970-01-01 00:00:00.000000203,65.41365,127,23
1970-01-01 00:00:00.000000202,63.314064,127,24
1970-01-01 00:00:00.000000203,63.57059,127,24
1970-01-01 00:00:00.000000204,63.64822,127,24
1970-01-01 00:00:00.000000203,61.559074,127,25
1970-01-01 00:00:00.000000204,61.74786,127,25
1970-01-01 00:00:00.000000205,61.85347,127,25
1970-01-01 00:00:00.000000204,59.501827,127,26
1970-01-01 00:00:00.000000205,59.72498,127,26
1970-01-01 00:00:00.000000206,59.777893,127,26
1970-01-01 00:00:00.000000205,57.71632,127,27
1970-01-01 00:00:00.000000206,57.895664,127,27
1970-01-01 00:00:00.000000207,57.996452,127,27
1970-01-01 00:00:00.000000206,55.065907,127,28
1970-01-01 00:00:00.000000207,55.299435,127,28
1970-01-01 00:00:00.000000208,55.375294,127,28
1970-01-01 00:00:00.000000207,52.13909,127,29
1970-01-01 00:00:00.000000208,52.35139,127,29
1970-01-01 00:00:00.000000209,52.400585,127,29
1970-01-01 00:00:00.000000082,83.154305,129,10
1970-01-01 00:00:00.000000083,83.16391,129,10
1970-01-01 00:00:00.000000084,83.07686,129,10
