sequence_index,first_chamber_filling,block_idx,fcst_origin
1970-01-01 00:00:00.000000097,97.40048,0,10
1970-01-01 00:00:00.000000098,97.46717,0,10
1970-01-01 00:00:00.000000098,98.138275,0,11
1970-01-01 00:00:00.000000099,98.19138,0,11
1970-01-01 00:00:00.000000099,97.713425,0,12
1970-01-01 00:00:00.000000100,97.69764,0,12
1970-01-01 00:00:00.000000100,97.2246,0,13
1970-01-01 00:00:00.000000101,96.9452,0,13
1970-01-01 00:00:00.000000101,96.85306,0,14
1970-01-01 00:00:00.000000102,95.214516,0,14
1970-01-01 00:00:00.000000081,95.56591,1,10
1970-01-01 00:00:00.000000082,95.61065,1,10
1970-01-01 00:00:00.000000082,95.53226,1,11
1970-01-01 00:00:00.000000083,95.54376,1,11
1970-01-01 00:00:00.000000079,96.82423,4,10
1970-01-01 00:00:00.000000080,96.746284,4,10
1970-01-01 00:00:00.000000080,96.79391,4,11
1970-01-01 00:00:00.000000081,96.72392,4,11
1970-01-01 00:00:00.000000079,96.76698,5,10
1970-01-01 00:00:00.000000080,96.890366,5,10
1970-01-01 00:00:00.000000080,96.62342,5,11
1970-01-01 00:00:00.000000081,96.79999,5,11
1970-01-01 00:00:00.000000119,93.6914,11,10
1970-01-01 00:00:00.000000120,93.66654,11,10
1970-01-01 00:00:00.000000120,93.63289,11,11
1970-01-01 00:00:00.000000121,93.61808,11,11
1970-01-01 00:00:00.000000121,93.565056,11,12
1970-01-01 00:00:00.000000122,93.550644,11,12
1970-01-01 00:00:00.000000122,93.50222,11,13
1970-01-01 00:00:00.000000123,93.48588,11,13
1970-01-01 00:00:00.000000123,93.70431,11,14
1970-01-01 00:00:00.000000124,93.71393,11,14
1970-01-01 00:00:00.000000124,94.28941,11,15
1970-01-01 00:00:00.000000125,94.3691,11,15
1970-01-01 00:00:00.000000125,94.314865,11,16
1970-01-01 00:00:00.000000126,94.38131,11,16
1970-01-01 00:00:00.000000126,94.62227,11,17
1970-01-01 00:00:00.000000127,94.68152,11,17
1970-01-01 00:00:00.000000127,94.54173,11,18
1970-01-01 00:00:00.000000128,94.56739,11,18
1970-01-01 00:00:00.000000113,97.07811,12,10
1970-01-01 00:00:00.000000114,97.08439,12,10
1970-01-01 00:00:00.000000114,96.94356,12,11
1970-01-01 00:00:00.000000115,96.89689,12,11
1970-01-01 00:00:00.000000115,96.81382,12,12
1970-01-01 00:00:00.000000116,96.75334,12,12
1970-01-01 00:00:00.000000116,96.31533,12,13
1970-01-01 00:00:00.000000117,96.30021,12,13
1970-01-01 00:00:00.000000117,96.32242,12,14
1970-01-01 00:00:00.000000118,96.273735,12,14
1970-01-01 00:00:00.000000118,96.30406,12,15
1970-01-01 00:00:00.000000119,96.233086,12,15
1970-01-01 00:00:00.000000119,96.08683,12,16
1970-01-01 00:00:00.000000120,96.0096,12,16
1970-01-01 00:00:00.000000120,95.81165,12,17
1970-01-01 00:00:00.000000121,95.76522,12,17
1970-01-01 00:00:00.000000157,99.9555,13,10
1970-01-01 00:00:00.000000158,99.972946,13,10
1970-01-01 00:00:00.000000158,99.954956,13,11
1970-01-01 00:00:00.000000159,99.97336,13,11
1970-01-01 00:00:00.000000159,99.95286,13,12
1970-01-01 00:00:00.000000160,99.973915,13,12
1970-01-01 00:00:00.000000160,99.95755,13,13
1970-01-01 00:00:00.000000161,99.97758,13,13
1970-01-01 00:00:00.000000161,99.899994,13,14
1970-01-01 00:00:00.000000162,99.92451,13,14
1970-01-01 00:00:00.000000162,99.80125,13,15
1970-01-01 00:00:00.000000163,99.8425,13,15
1970-01-01 00:00:00.000000163,99.788895,13,16
1970-01-01 00:00:00.000000164,99.83549,13,16
1970-01-01 00:00:00.000000164,99.795685,13,17
1970-01-01 00:00:00.000000165,99.83336,13,17
1970-01-01 00:00:00.000000165,99.782,13,18
1970-01-01 00:00:00.000000166,99.81689,13,18
1970-01-01 00:00:00.000000166,99.78644,13,19
1970-01-01 00:00:00.000000167,99.8171,13,19
1970-01-01 00:00:00.000000167,99.79537,13,20
1970-01-01 00:00:00.000000168,99.82152,13,20
1970-01-01 00:00:00.000000168,99.81406,13,21
1970-01-01 00:00:00.000000169,99.8373,13,21
1970-01-01 00:00:00.000000169,99.8102,13,22
1970-01-01 00:00:00.000000170,99.82976,13,22
1970-01-01 00:00:00.000000170,99.82147,13,23
1970-01-01 00:00:00.000000171,99.83856,13,23
1970-01-01 00:00:00.000000171,99.81968,13,24
1970-01-01 00:00:00.000000172,99.81482,13,24
1970-01-01 00:00:00.000000141,99.49579,15,10
1970-01-01 00:00:00.000000142,99.4924,15,10
1970-01-01 00:00:00.000000142,99.59071,15,11
1970-01-01 00:00:00.000000143,99.58399,15,11
1970-01-01 00:00:00.000000143,99.7375,15,12
1970-01-01 00:00:00.000000144,99.75977,15,12
1970-01-01 00:00:00.000000144,100.0,15,13
1970-01-01 00:00:00.000000145,100.0,15,13
1970-01-01 00:00:00.000000145,99.97295,15,14
1970-01-01 00:00:00.000000146,99.99581,15,14
1970-01-01 00:00:00.000000146,99.96912,15,15
1970-01-01 00:00:00.000000147,99.98585,15,15
1970-01-01 00:00:00.000000147,99.98759,15,16
1970-01-01 00:00:00.000000148,99.998535,15,16
1970-01-01 00:00:00.000000148,99.992355,15,17
1970-01-01 00:00:00.000000149,100.0,15,17
1970-01-01 00:00:00.000000149,99.95084,15,18
1970-01-01 00:00:00.000000150,100.0,15,18
1970-01-01 00:00:00.000000150,99.97598,15,19
1970-01-01 00:00:00.000000151,100.0,15,19
1970-01-01 00:00:00.000000151,99.89065,15,20
1970-01-01 00:00:00.000000152,99.60652,15,20
1970-01-01 00:00:00.000000152,99.717064,15,21
1970-01-01 00:00:00.000000153,99.32098,15,21
1970-01-01 00:00:00.000000156,95.47895,16,10
1970-01-01 00:00:00.000000157,95.478775,16,10
1970-01-01 00:00:00.000000157,95.59262,16,11
1970-01-01 00:00:00.000000158,95.583565,16,11
1970-01-01 00:00:00.000000158,95.90127,16,12
1970-01-01 00:00:00.000000159,95.959145,16,12
1970-01-01 00:00:00.000000159,95.92715,16,13
1970-01-01 00:00:00.000000160,95.97841,16,13
1970-01-01 00:00:00.000000160,95.72007,16,14
1970-01-01 00:00:00.000000161,95.71052,16,14
1970-01-01 00:00:00.000000161,95.569046,16,15
1970-01-01 00:00:00.000000162,95.52557,16,15
1970-01-01 00:00:00.000000162,95.5843,16,16
1970-01-01 00:00:00.000000163,95.56379,16,16
1970-01-01 00:00:00.000000163,95.41144,16,17
1970-01-01 00:00:00.000000164,95.39437,16,17
1970-01-01 00:00:00.000000164,94.91294,16,18
1970-01-01 00:00:00.000000165,94.97631,16,18
1970-01-01 00:00:00.000000165,95.17658,16,19
1970-01-01 00:00:00.000000166,95.15082,16,19
1970-01-01 00:00:00.000000166,95.69084,16,20
1970-01-01 00:00:00.000000167,95.73178,16,20
1970-01-01 00:00:00.000000167,95.53961,16,21
1970-01-01 00:00:00.000000168,95.55658,16,21
1970-01-01 00:00:00.000000168,95.828514,16,22
1970-01-01 00:00:00.000000169,95.86684,16,22
1970-01-01 00:00:00.000000169,96.221725,16,23
1970-01-01 00:00:00.000000170,96.2759,16,23
1970-01-01 00:00:00.000000170,95.995575,16,24
1970-01-01 00:00:00.000000171,96.02093,16,24
1970-01-01 00:00:00.000000123,93.51824,17,10
1970-01-01 00:00:00.000000124,93.59878,17,10
1970-01-01 00:00:00.000000124,93.55418,17,11
1970-01-01 00:00:00.000000125,93.60652,17,11
1970-01-01 00:00:00.000000125,93.52656,17,12
1970-01-01 00:00:00.000000126,93.56644,17,12
1970-01-01 00:00:00.000000126,93.33065,17,13
1970-01-01 00:00:00.000000127,93.34224,17,13
1970-01-01 00:00:00.000000127,93.318115,17,14
1970-01-01 00:00:00.000000128,93.33336,17,14
1970-01-01 00:00:00.000000128,92.428925,17,15
1970-01-01 00:00:00.000000129,92.570145,17,15
1970-01-01 00:00:00.000000129,91.32572,17,16
1970-01-01 00:00:00.000000130,91.56712,17,16
1970-01-01 00:00:00.000000130,90.47541,17,17
1970-01-01 00:00:00.000000131,90.64931,17,17
1970-01-01 00:00:00.000000131,87.91779,17,18
1970-01-01 00:00:00.000000132,88.338684,17,18
1970-01-01 00:00:00.000000134,99.5219,19,10
1970-01-01 00:00:00.000000135,99.5449,19,10
1970-01-01 00:00:00.000000135,99.52173,19,11
1970-01-01 00:00:00.000000136,99.54687,19,11
1970-01-01 00:00:00.000000136,99.52124,19,12
1970-01-01 00:00:00.000000137,99.547646,19,12
1970-01-01 00:00:00.000000137,99.52326,19,13
1970-01-01 00:00:00.000000138,99.548454,19,13
1970-01-01 00:00:00.000000138,99.51927,19,14
1970-01-01 00:00:00.000000139,99.54605,19,14
1970-01-01 00:00:00.000000139,99.51721,19,15
1970-01-01 00:00:00.000000140,99.54624,19,15
1970-01-01 00:00:00.000000140,99.51813,19,16
1970-01-01 00:00:00.000000141,99.53422,19,16
1970-01-01 00:00:00.000000141,99.514595,19,17
1970-01-01 00:00:00.000000142,99.52156,19,17
1970-01-01 00:00:00.000000142,99.48615,19,18
1970-01-01 00:00:00.000000143,99.50182,19,18
1970-01-01 00:00:00.000000143,99.51587,19,19
1970-01-01 00:00:00.000000144,99.458984,19,19
1970-01-01 00:00:00.000000144,99.385864,19,20
1970-01-01 00:00:00.000000145,99.168434,19,20
1970-01-01 00:00:00.000000121,97.08337,20,10
1970-01-01 00:00:00.000000122,97.00684,20,10
1970-01-01 00:00:00.000000122,96.83331,20,11
1970-01-01 00:00:00.000000123,96.77615,20,11
1970-01-01 00:00:00.000000123,97.257095,20,12
1970-01-01 00:00:00.000000124,97.242584,20,12
1970-01-01 00:00:00.000000124,97.70668,20,13
1970-01-01 00:00:00.000000125,97.74871,20,13
1970-01-01 00:00:00.000000125,97.01951,20,14
1970-01-01 00:00:00.000000126,96.97248,20,14
1970-01-01 00:00:00.000000126,96.8847,20,15
1970-01-01 00:00:00.000000127,96.80604,20,15
1970-01-01 00:00:00.000000127,97.12555,20,16
1970-01-01 00:00:00.000000128,97.08012,20,16
1970-01-01 00:00:00.000000128,97.05894,20,17
1970-01-01 00:00:00.000000129,97.03591,20,17
1970-01-01 00:00:00.000000129,96.8063,20,18
1970-01-01 00:00:00.000000130,96.75514,20,18
1970-01-01 00:00:00.000000130,97.15519,21,10
1970-01-01 00:00:00.000000131,97.252884,21,10
1970-01-01 00:00:00.000000131,97.96692,21,11
1970-01-01 00:00:00.000000132,98.06307,21,11
1970-01-01 00:00:00.000000132,98.56029,21,12
1970-01-01 00:00:00.000000133,98.73919,21,12
1970-01-01 00:00:00.000000133,97.60422,21,13
1970-01-01 00:00:00.000000134,97.72165,21,13
1970-01-01 00:00:00.000000134,97.04156,21,14
1970-01-01 00:00:00.000000135,97.05413,21,14
1970-01-01 00:00:00.000000135,96.90808,21,15
1970-01-01 00:00:00.000000136,97.00152,21,15
1970-01-01 00:00:00.000000136,96.09563,21,16
1970-01-01 00:00:00.000000137,96.29104,21,16
1970-01-01 00:00:00.000000137,95.55694,21,17
1970-01-01 00:00:00.000000138,95.58762,21,17
1970-01-01 00:00:00.000000138,95.36237,21,18
1970-01-01 00:00:00.000000139,95.40863,21,18
1970-01-01 00:00:00.000000139,95.35822,21,19
1970-01-01 00:00:00.000000140,95.49207,21,19
1970-01-01 00:00:00.000000171,97.50898,22,10
1970-01-01 00:00:00.000000172,97.510925,22,10
1970-01-01 00:00:00.000000172,97.340866,22,11
1970-01-01 00:00:00.000000173,97.16885,22,11
1970-01-01 00:00:00.000000173,97.14249,22,12
1970-01-01 00:00:00.000000174,96.73449,22,12
1970-01-01 00:00:00.000000174,96.691055,22,13
1970-01-01 00:00:00.000000175,96.37481,22,13
1970-01-01 00:00:00.000000175,94.9795,22,14
1970-01-01 00:00:00.000000176,94.779335,22,14
1970-01-01 00:00:00.000000176,94.507774,22,15
1970-01-01 00:00:00.000000177,95.58878,22,15
1970-01-01 00:00:00.000000177,94.725975,22,16
1970-01-01 00:00:00.000000178,95.57881,22,16
1970-01-01 00:00:00.000000178,95.76218,22,17
1970-01-01 00:00:00.000000179,96.2564,22,17
1970-01-01 00:00:00.000000179,95.537964,22,18
1970-01-01 00:00:00.000000180,95.92602,22,18
1970-01-01 00:00:00.000000180,96.10302,22,19
1970-01-01 00:00:00.000000181,96.16641,22,19
1970-01-01 00:00:00.000000181,96.14757,22,20
1970-01-01 00:00:00.000000182,96.036964,22,20
1970-01-01 00:00:00.000000182,95.98155,22,21
1970-01-01 00:00:00.000000183,95.83428,22,21
1970-01-01 00:00:00.000000183,95.55026,22,22
1970-01-01 00:00:00.000000184,95.44028,22,22
1970-01-01 00:00:00.000000184,95.50747,22,23
1970-01-01 00:00:00.000000185,95.46181,22,23
1970-01-01 00:00:00.000000185,94.79146,22,24
1970-01-01 00:00:00.000000186,94.734314,22,24
1970-01-01 00:00:00.000000186,94.6855,22,25
1970-01-01 00:00:00.000000187,94.104576,22,25
1970-01-01 00:00:00.000000187,93.80567,22,26
1970-01-01 00:00:00.000000188,92.70529,22,26
1970-01-01 00:00:00.000000188,92.82045,22,27
1970-01-01 00:00:00.000000189,91.51718,22,27
1970-01-01 00:00:00.000000130,93.012276,23,10
1970-01-01 00:00:00.000000131,93.007385,23,10
1970-01-01 00:00:00.000000131,93.04557,23,11
1970-01-01 00:00:00.000000132,93.041725,23,11
1970-01-01 00:00:00.000000132,93.150154,23,12
1970-01-01 00:00:00.000000133,93.15708,23,12
1970-01-01 00:00:00.000000133,93.15637,23,13
1970-01-01 00:00:00.000000134,93.1632,23,13
1970-01-01 00:00:00.000000134,93.21314,23,14
1970-01-01 00:00:00.000000135,93.22169,23,14
1970-01-01 00:00:00.000000135,93.59458,23,15
1970-01-01 00:00:00.000000136,93.64137,23,15
1970-01-01 00:00:00.000000136,93.71295,23,16
1970-01-01 00:00:00.000000137,93.76397,23,16
1970-01-01 00:00:00.000000137,93.67098,23,17
1970-01-01 00:00:00.000000138,93.698555,23,17
1970-01-01 00:00:00.000000138,93.73168,23,18
1970-01-01 00:00:00.000000139,93.744896,23,18
1970-01-01 00:00:00.000000139,93.78127,23,19
1970-01-01 00:00:00.000000140,93.79243,23,19
1970-01-01 00:00:00.000000140,94.21886,23,20
1970-01-01 00:00:00.000000141,94.27996,23,20
1970-01-01 00:00:00.000000095,98.67474,25,10
1970-01-01 00:00:00.000000096,98.55867,25,10
1970-01-01 00:00:00.000000096,98.23378,25,11
1970-01-01 00:00:00.000000097,96.5523,25,11
1970-01-01 00:00:00.000000097,94.03002,25,12
1970-01-01 00:00:00.000000098,92.810715,25,12
1970-01-01 00:00:00.000000098,96.17281,25,13
1970-01-01 00:00:00.000000099,95.611534,25,13
1970-01-01 00:00:00.000000231,92.66245,26,10
1970-01-01 00:00:00.000000232,92.698204,26,10
1970-01-01 00:00:00.000000232,92.72264,26,11
1970-01-01 00:00:00.000000233,92.755005,26,11
1970-01-01 00:00:00.000000233,92.74329,26,12
1970-01-01 00:00:00.000000234,92.77202,26,12
1970-01-01 00:00:00.000000234,93.00922,26,13
1970-01-01 00:00:00.000000235,93.066765,26,13
1970-01-01 00:00:00.000000235,93.184425,26,14
1970-01-01 00:00:00.000000236,93.23969,26,14
1970-01-01 00:00:00.000000236,93.12103,26,15
1970-01-01 00:00:00.000000237,93.15661,26,15
1970-01-01 00:00:00.000000237,92.95097,26,16
1970-01-01 00:00:00.000000238,92.93858,26,16
1970-01-01 00:00:00.000000238,93.01887,26,17
1970-01-01 00:00:00.000000239,93.01642,26,17
1970-01-01 00:00:00.000000239,92.88899,26,18
1970-01-01 00:00:00.000000240,92.882126,26,18
1970-01-01 00:00:00.000000240,92.4762,26,19
1970-01-01 00:00:00.000000241,92.49506,26,19
1970-01-01 00:00:00.000000241,92.58308,26,20
1970-01-01 00:00:00.000000242,92.56603,26,20
1970-01-01 00:00:00.000000242,92.533356,26,21
1970-01-01 00:00:00.000000243,92.528854,26,21
1970-01-01 00:00:00.000000243,92.466484,26,22
1970-01-01 00:00:00.000000244,92.466225,26,22
1970-01-01 00:00:00.000000244,92.469086,26,23
1970-01-01 00:00:00.000000245,92.472984,26,23
1970-01-01 00:00:00.000000245,92.46356,26,24
1970-01-01 00:00:00.000000246,92.466675,26,24
1970-01-01 00:00:00.000000246,92.44771,26,25
1970-01-01 00:00:00.000000247,92.43867,26,25
1970-01-01 00:00:00.000000247,92.48277,26,26
1970-01-01 00:00:00.000000248,92.4191,26,26
1970-01-01 00:00:00.000000248,92.26036,26,27
1970-01-01 00:00:00.000000249,92.11592,26,27
1970-01-01 00:00:00.000000249,88.04423,26,28
1970-01-01 00:00:00.000000250,88.06571,26,28
1970-01-01 00:00:00.000000250,86.45323,26,29
1970-01-01 00:00:00.000000251,86.80034,26,29
1970-01-01 00:00:00.000000251,86.54792,26,30
1970-01-01 00:00:00.000000252,87.00846,26,30
1970-01-01 00:00:00.000000252,87.748436,26,31
1970-01-01 00:00:00.000000253,88.210754,26,31
1970-01-01 00:00:00.000000253,86.129524,26,32
1970-01-01 00:00:00.000000254,86.54302,26,32
1970-01-01 00:00:00.000000254,89.36083,26,33
1970-01-01 00:00:00.000000255,89.913345,26,33
1970-01-01 00:00:00.000000255,91.003586,26,34
1970-01-01 00:00:00.000000256,91.56502,26,34
1970-01-01 00:00:00.000000256,89.4761,26,35
1970-01-01 00:00:00.000000257,89.72409,26,35
1970-01-01 00:00:00.000000257,89.82689,26,36
1970-01-01 00:00:00.000000258,90.0015,26,36
1970-01-01 00:00:00.000000258,90.54928,26,37
1970-01-01 00:00:00.000000259,90.84408,26,37
1970-01-01 00:00:00.000000181,90.7389,29,10
1970-01-01 00:00:00.000000182,90.83845,29,10
1970-01-01 00:00:00.000000182,91.07222,29,11
1970-01-01 00:00:00.000000183,91.309135,29,11
1970-01-01 00:00:00.000000183,90.70984,29,12
1970-01-01 00:00:00.000000184,90.88872,29,12
1970-01-01 00:00:00.000000184,90.96928,29,13
1970-01-01 00:00:00.000000185,90.997894,29,13
1970-01-01 00:00:00.000000185,91.77133,29,14
1970-01-01 00:00:00.000000186,91.88246,29,14
1970-01-01 00:00:00.000000186,92.016014,29,15
1970-01-01 00:00:00.000000187,92.16415,29,15
1970-01-01 00:00:00.000000187,91.66136,29,16
1970-01-01 00:00:00.000000188,91.75315,29,16
1970-01-01 00:00:00.000000188,90.29331,29,17
1970-01-01 00:00:00.000000189,90.099556,29,17
1970-01-01 00:00:00.000000189,92.08184,29,18
1970-01-01 00:00:00.000000190,92.16189,29,18
1970-01-01 00:00:00.000000190,93.09117,29,19
1970-01-01 00:00:00.000000191,93.23771,29,19
1970-01-01 00:00:00.000000191,91.98881,29,20
1970-01-01 00:00:00.000000192,91.932,29,20
1970-01-01 00:00:00.000000192,89.85389,29,21
1970-01-01 00:00:00.000000193,88.967384,29,21
1970-01-01 00:00:00.000000193,92.43598,29,22
1970-01-01 00:00:00.000000194,92.45298,29,22
1970-01-01 00:00:00.000000194,84.664566,29,23
1970-01-01 00:00:00.000000195,85.75062,29,23
1970-01-01 00:00:00.000000195,88.408745,29,24
1970-01-01 00:00:00.000000196,88.1905,29,24
1970-01-01 00:00:00.000000196,89.014725,29,25
1970-01-01 00:00:00.000000197,88.71008,29,25
1970-01-01 00:00:00.000000197,88.72585,29,26
1970-01-01 00:00:00.000000198,89.010605,29,26
1970-01-01 00:00:00.000000198,85.681496,29,27
1970-01-01 00:00:00.000000199,85.37792,29,27
1970-01-01 00:00:00.000000199,90.121635,29,28
1970-01-01 00:00:00.000000200,89.91663,29,28
1970-01-01 00:00:00.000000200,87.94076,29,29
1970-01-01 00:00:00.000000201,87.90309,29,29
1970-01-01 00:00:00.000000092,89.35143,40,10
1970-01-01 00:00:00.000000093,89.445,40,10
1970-01-01 00:00:00.000000093,89.52144,40,11
1970-01-01 00:00:00.000000094,89.5324,40,11
1970-01-01 00:00:00.000000094,90.5839,40,12
1970-01-01 00:00:00.000000095,90.63364,40,12
1970-01-01 00:00:00.000000095,90.22781,40,13
1970-01-01 00:00:00.000000096,90.24033,40,13
1970-01-01 00:00:00.000000092,85.100845,42,10
1970-01-01 00:00:00.000000093,85.314156,42,10
1970-01-01 00:00:00.000000093,84.6816,42,11
1970-01-01 00:00:00.000000094,84.7496,42,11
1970-01-01 00:00:00.000000094,85.116425,42,12
1970-01-01 00:00:00.000000095,85.146645,42,12
1970-01-01 00:00:00.000000095,86.19579,42,13
1970-01-01 00:00:00.000000096,86.25081,42,13
1970-01-01 00:00:00.000000156,71.62205,45,10
1970-01-01 00:00:00.000000157,71.69675,45,10
1970-01-01 00:00:00.000000157,71.33988,45,11
1970-01-01 00:00:00.000000158,71.35519,45,11
1970-01-01 00:00:00.000000158,71.058205,45,12
1970-01-01 00:00:00.000000159,71.03113,45,12
1970-01-01 00:00:00.000000159,71.45318,45,13
1970-01-01 00:00:00.000000160,71.49505,45,13
1970-01-01 00:00:00.000000160,71.02653,45,14
1970-01-01 00:00:00.000000161,71.00993,45,14
1970-01-01 00:00:00.000000161,71.181984,45,15
1970-01-01 00:00:00.000000162,71.21857,45,15
1970-01-01 00:00:00.000000162,71.45902,45,16
1970-01-01 00:00:00.000000163,71.50978,45,16
1970-01-01 00:00:00.000000163,72.04817,45,17
1970-01-01 00:00:00.000000164,72.169685,45,17
1970-01-01 00:00:00.000000164,71.4566,45,18
1970-01-01 00:00:00.000000165,71.493835,45,18
1970-01-01 00:00:00.000000165,71.58854,45,19
1970-01-01 00:00:00.000000166,71.595764,45,19
1970-01-01 00:00:00.000000166,71.45283,45,20
1970-01-01 00:00:00.000000167,71.46078,45,20
1970-01-01 00:00:00.000000167,70.804085,45,21
1970-01-01 00:00:00.000000168,70.804756,45,21
1970-01-01 00:00:00.000000168,70.72071,45,22
1970-01-01 00:00:00.000000169,70.68916,45,22
1970-01-01 00:00:00.000000169,71.576485,45,23
1970-01-01 00:00:00.000000170,71.62381,45,23
1970-01-01 00:00:00.000000170,71.234085,45,24
1970-01-01 00:00:00.000000171,70.95241,45,24
1970-01-01 00:00:00.000000116,86.05838,46,10
1970-01-01 00:00:00.000000117,86.249466,46,10
1970-01-01 00:00:00.000000117,88.778854,46,11
1970-01-01 00:00:00.000000118,89.14,46,11
1970-01-01 00:00:00.000000118,85.7204,46,12
1970-01-01 00:00:00.000000119,86.00474,46,12
1970-01-01 00:00:00.000000119,86.50498,46,13
1970-01-01 00:00:00.000000120,86.87356,46,13
1970-01-01 00:00:00.000000120,86.24614,46,14
1970-01-01 00:00:00.000000121,86.56396,46,14
1970-01-01 00:00:00.000000121,86.02981,46,15
1970-01-01 00:00:00.000000122,86.35744,46,15
1970-01-01 00:00:00.000000122,85.83815,46,16
1970-01-01 00:00:00.000000123,86.117195,46,16
1970-01-01 00:00:00.000000123,86.89581,46,17
1970-01-01 00:00:00.000000124,87.01496,46,17
1970-01-01 00:00:00.000000243,78.45497,53,10
1970-01-01 00:00:00.000000244,78.9484,53,10
1970-01-01 00:00:00.000000244,80.91279,53,11
1970-01-01 00:00:00.000000245,81.37161,53,11
1970-01-01 00:00:00.000000245,79.11915,53,12
1970-01-01 00:00:00.000000246,79.360146,53,12
1970-01-01 00:00:00.000000246,81.54326,53,13
1970-01-01 00:00:00.000000247,81.71614,53,13
1970-01-01 00:00:00.000000247,81.32689,53,14
1970-01-01 00:00:00.000000248,81.41704,53,14
1970-01-01 00:00:00.000000248,78.15061,53,15
1970-01-01 00:00:00.000000249,78.22077,53,15
1970-01-01 00:00:00.000000249,80.06498,53,16
1970-01-01 00:00:00.000000250,80.09525,53,16
1970-01-01 00:00:00.000000250,81.78879,53,17
1970-01-01 00:00:00.000000251,82.024025,53,17
1970-01-01 00:00:00.000000251,82.5127,53,18
1970-01-01 00:00:00.000000252,82.76044,53,18
1970-01-01 00:00:00.000000252,82.82387,53,19
1970-01-01 00:00:00.000000253,82.92784,53,19
1970-01-01 00:00:00.000000253,79.69873,53,20
1970-01-01 00:00:00.000000254,79.07715,53,20
1970-01-01 00:00:00.000000254,80.44274,53,21
1970-01-01 00:00:00.000000255,80.45942,53,21
1970-01-01 00:00:00.000000255,77.83141,53,22
1970-01-01 00:00:00.000000256,77.985085,53,22
1970-01-01 00:00:00.000000256,77.20154,53,23
1970-01-01 00:00:00.000000257,77.21983,53,23
1970-01-01 00:00:00.000000257,76.989105,53,24
1970-01-01 00:00:00.000000258,77.16211,53,24
1970-01-01 00:00:00.000000258,77.0914,53,25
1970-01-01 00:00:00.000000259,77.66438,53,25
1970-01-01 00:00:00.000000259,76.17882,53,26
1970-01-01 00:00:00.000000260,76.60075,53,26
1970-01-01 00:00:00.000000260,76.23005,53,27
1970-01-01 00:00:00.000000261,76.58341,53,27
1970-01-01 00:00:00.000000261,76.21942,53,28
1970-01-01 00:00:00.000000262,76.58013,53,28
1970-01-01 00:00:00.000000262,78.15011,53,29
1970-01-01 00:00:00.000000263,78.37809,53,29
1970-01-01 00:00:00.000000263,78.742004,53,30
1970-01-01 00:00:00.000000264,78.89987,53,30
1970-01-01 00:00:00.000000264,80.20201,53,31
1970-01-01 00:00:00.000000265,80.36561,53,31
1970-01-01 00:00:00.000000265,79.23551,53,32
1970-01-01 00:00:00.000000266,79.248,53,32
1970-01-01 00:00:00.000000266,79.8023,53,33
1970-01-01 00:00:00.000000267,79.82652,53,33
1970-01-01 00:00:00.000000267,79.01886,53,34
1970-01-01 00:00:00.000000268,79.02555,53,34
1970-01-01 00:00:00.000000268,78.13566,53,35
1970-01-01 00:00:00.000000269,78.26816,53,35
1970-01-01 00:00:00.000000269,75.49141,53,36
1970-01-01 00:00:00.000000270,75.75882,53,36
1970-01-01 00:00:00.000000270,74.52378,53,37
1970-01-01 00:00:00.000000271,74.75474,53,37
1970-01-01 00:00:00.000000271,77.93249,53,38
1970-01-01 00:00:00.000000272,78.6384,53,38
1970-01-01 00:00:00.000000272,80.115234,53,39
1970-01-01 00:00:00.000000273,80.78064,53,39
1970-01-01 00:00:00.000000273,81.02123,53,40
1970-01-01 00:00:00.000000274,81.456985,53,40
1970-01-01 00:00:00.000000097,52.930702,54,10
1970-01-01 00:00:00.000000098,53.02438,54,10
1970-01-01 00:00:00.000000098,51.986248,54,11
1970-01-01 00:00:00.000000099,52.03335,54,11
1970-01-01 00:00:00.000000099,51.862846,54,12
1970-01-01 00:00:00.000000100,51.953655,54,12
1970-01-01 00:00:00.000000100,53.441837,54,13
1970-01-01 00:00:00.000000101,53.757343,54,13
1970-01-01 00:00:00.000000101,53.66348,54,14
1970-01-01 00:00:00.000000102,54.00066,54,14
1970-01-01 00:00:00.000000277,71.122246,60,10
1970-01-01 00:00:00.000000278,71.11673,60,10
1970-01-01 00:00:00.000000278,69.75314,60,11
1970-01-01 00:00:00.000000279,69.91482,60,11
1970-01-01 00:00:00.000000279,64.41909,60,12
1970-01-01 00:00:00.000000280,65.22618,60,12
1970-01-01 00:00:00.000000280,66.40596,60,13
1970-01-01 00:00:00.000000281,66.350815,60,13
1970-01-01 00:00:00.000000281,66.16906,60,14
1970-01-01 00:00:00.000000282,66.33952,60,14
1970-01-01 00:00:00.000000282,68.52838,60,15
1970-01-01 00:00:00.000000283,68.949554,60,15
1970-01-01 00:00:00.000000283,69.91546,60,16
1970-01-01 00:00:00.000000284,70.313545,60,16
1970-01-01 00:00:00.000000284,71.41258,60,17
1970-01-01 00:00:00.000000285,71.81321,60,17
1970-01-01 00:00:00.000000285,71.45237,60,18
1970-01-01 00:00:00.000000286,71.76003,60,18
1970-01-01 00:00:00.000000286,72.176605,60,19
1970-01-01 00:00:00.000000287,72.4323,60,19
1970-01-01 00:00:00.000000287,73.73373,60,20
1970-01-01 00:00:00.000000288,74.07352,60,20
1970-01-01 00:00:00.000000288,73.55418,60,21
1970-01-01 00:00:00.000000289,73.946945,60,21
1970-01-01 00:00:00.000000289,72.405914,60,22
1970-01-01 00:00:00.000000290,72.501465,60,22
1970-01-01 00:00:00.000000290,71.78102,60,23
1970-01-01 00:00:00.000000291,71.70416,60,23
1970-01-01 00:00:00.000000291,72.565315,60,24
1970-01-01 00:00:00.000000292,72.63356,60,24
1970-01-01 00:00:00.000000292,71.03413,60,25
1970-01-01 00:00:00.000000293,71.00265,60,25
1970-01-01 00:00:00.000000293,71.746956,60,26
1970-01-01 00:00:00.000000294,71.7575,60,26
1970-01-01 00:00:00.000000294,72.34015,60,27
1970-01-01 00:00:00.000000295,72.42506,60,27
1970-01-01 00:00:00.000000295,70.4706,60,28
1970-01-01 00:00:00.000000296,70.58641,60,28
1970-01-01 00:00:00.000000296,69.461334,60,29
1970-01-01 00:00:00.000000297,69.712555,60,29
1970-01-01 00:00:00.000000297,70.50584,60,30
1970-01-01 00:00:00.000000298,70.520134,60,30
1970-01-01 00:00:00.000000298,70.54579,60,31
1970-01-01 00:00:00.000000299,70.734665,60,31
1970-01-01 00:00:00.000000299,70.25456,60,32
1970-01-01 00:00:00.000000300,70.35459,60,32
1970-01-01 00:00:00.000000300,68.70421,60,33
1970-01-01 00:00:00.000000301,68.81288,60,33
1970-01-01 00:00:00.000000301,67.21627,60,34
1970-01-01 00:00:00.000000302,67.43445,60,34
1970-01-01 00:00:00.000000302,68.078255,60,35
1970-01-01 00:00:00.000000303,68.092896,60,35
1970-01-01 00:00:00.000000303,67.12361,60,36
1970-01-01 00:00:00.000000304,67.12775,60,36
1970-01-01 00:00:00.000000304,68.06358,60,37
1970-01-01 00:00:00.000000305,68.26925,60,37
1970-01-01 00:00:00.000000305,65.91047,60,38
1970-01-01 00:00:00.000000306,65.93641,60,38
1970-01-01 00:00:00.000000306,67.97752,60,39
1970-01-01 00:00:00.000000307,68.151535,60,39
1970-01-01 00:00:00.000000307,69.182724,60,40
1970-01-01 00:00:00.000000308,69.40611,60,40
1970-01-01 00:00:00.000000308,72.458145,60,41
1970-01-01 00:00:00.000000309,72.67025,60,41
1970-01-01 00:00:00.000000309,67.437,60,42
1970-01-01 00:00:00.000000310,67.200226,60,42
1970-01-01 00:00:00.000000310,63.93321,60,43
1970-01-01 00:00:00.000000311,62.70355,60,43
1970-01-01 00:00:00.000000311,63.653873,60,44
1970-01-01 00:00:00.000000312,63.811733,60,44
1970-01-01 00:00:00.000000312,67.7061,60,45
1970-01-01 00:00:00.000000313,68.13455,60,45
1970-01-01 00:00:00.000000313,68.06177,60,46
1970-01-01 00:00:00.000000314,68.56766,60,46
1970-01-01 00:00:00.000000102,94.61026,61,10
1970-01-01 00:00:00.000000103,94.623886,61,10
1970-01-01 00:00:00.000000103,94.480446,61,11
1970-01-01 00:00:00.000000104,94.50808,61,11
1970-01-01 00:00:00.000000104,94.52759,61,12
1970-01-01 00:00:00.000000105,94.57042,61,12
1970-01-01 00:00:00.000000105,95.09664,61,13
1970-01-01 00:00:00.000000106,95.07495,61,13
1970-01-01 00:00:00.000000106,94.98615,61,14
1970-01-01 00:00:00.000000107,94.99407,61,14
1970-01-01 00:00:00.000000107,95.03088,61,15
1970-01-01 00:00:00.000000108,95.04699,61,15
1970-01-01 00:00:00.000000125,87.95527,62,10
1970-01-01 00:00:00.000000126,88.023094,62,10
1970-01-01 00:00:00.000000126,89.04735,62,11
1970-01-01 00:00:00.000000127,89.22686,62,11
1970-01-01 00:00:00.000000127,88.490204,62,12
1970-01-01 00:00:00.000000128,88.53391,62,12
1970-01-01 00:00:00.000000128,88.10563,62,13
1970-01-01 00:00:00.000000129,88.18508,62,13
1970-01-01 00:00:00.000000129,87.51394,62,14
1970-01-01 00:00:00.000000130,87.735,62,14
1970-01-01 00:00:00.000000130,86.86164,62,15
1970-01-01 00:00:00.000000131,87.19079,62,15
1970-01-01 00:00:00.000000131,86.43764,62,16
1970-01-01 00:00:00.000000132,86.80949,62,16
1970-01-01 00:00:00.000000132,86.68329,62,17
1970-01-01 00:00:00.000000133,87.035355,62,17
1970-01-01 00:00:00.000000133,86.893364,62,18
1970-01-01 00:00:00.000000134,87.17538,62,18
1970-01-01 00:00:00.000000134,86.93045,62,19
1970-01-01 00:00:00.000000135,87.12405,62,19
1970-01-01 00:00:00.000000292,84.24302,63,10
1970-01-01 00:00:00.000000293,85.54713,63,10
1970-01-01 00:00:00.000000293,82.77555,63,11
1970-01-01 00:00:00.000000294,84.20915,63,11
1970-01-01 00:00:00.000000294,81.58336,63,12
1970-01-01 00:00:00.000000295,82.91846,63,12
1970-01-01 00:00:00.000000295,81.333084,63,13
1970-01-01 00:00:00.000000296,82.31138,63,13
1970-01-01 00:00:00.000000296,80.73014,63,14
1970-01-01 00:00:00.000000297,81.27852,63,14
1970-01-01 00:00:00.000000297,81.19314,63,15
1970-01-01 00:00:00.000000298,81.509224,63,15
1970-01-01 00:00:00.000000298,78.815636,63,16
1970-01-01 00:00:00.000000299,80.15272,63,16
1970-01-01 00:00:00.000000299,77.05718,63,17
1970-01-01 00:00:00.000000300,78.89163,63,17
1970-01-01 00:00:00.000000300,76.371284,63,18
1970-01-01 00:00:00.000000301,77.670616,63,18
1970-01-01 00:00:00.000000301,76.45336,63,19
1970-01-01 00:00:00.000000302,77.61411,63,19
1970-01-01 00:00:00.000000302,78.95675,63,20
1970-01-01 00:00:00.000000303,79.285576,63,20
1970-01-01 00:00:00.000000303,78.54962,63,21
1970-01-01 00:00:00.000000304,78.85883,63,21
1970-01-01 00:00:00.000000304,77.63977,63,22
1970-01-01 00:00:00.000000305,78.11,63,22
1970-01-01 00:00:00.000000305,78.694664,63,23
1970-01-01 00:00:00.000000306,78.80431,63,23
1970-01-01 00:00:00.000000306,79.00782,63,24
1970-01-01 00:00:00.000000307,79.15078,63,24
1970-01-01 00:00:00.000000307,80.98808,63,25
1970-01-01 00:00:00.000000308,81.24258,63,25
1970-01-01 00:00:00.000000308,79.81936,63,26
1970-01-01 00:00:00.000000309,79.956055,63,26
1970-01-01 00:00:00.000000309,80.03743,63,27
1970-01-01 00:00:00.000000310,80.10951,63,27
1970-01-01 00:00:00.000000310,82.07162,63,28
1970-01-01 00:00:00.000000311,82.25681,63,28
1970-01-01 00:00:00.000000311,83.52357,63,29
1970-01-01 00:00:00.000000312,83.775215,63,29
1970-01-01 00:00:00.000000312,84.55567,63,30
1970-01-01 00:00:00.000000313,84.78147,63,30
1970-01-01 00:00:00.000000313,84.60668,63,31
1970-01-01 00:00:00.000000314,84.65587,63,31
1970-01-01 00:00:00.000000314,85.42564,63,32
1970-01-01 00:00:00.000000315,85.42495,63,32
1970-01-01 00:00:00.000000315,85.875656,63,33
1970-01-01 00:00:00.000000316,85.825455,63,33
1970-01-01 00:00:00.000000316,86.44058,63,34
1970-01-01 00:00:00.000000317,86.3417,63,34
1970-01-01 00:00:00.000000317,85.08412,63,35
1970-01-01 00:00:00.000000318,85.1028,63,35
1970-01-01 00:00:00.000000318,84.75163,63,36
1970-01-01 00:00:00.000000319,84.96097,63,36
1970-01-01 00:00:00.000000319,84.15775,63,37
1970-01-01 00:00:00.000000320,84.59505,63,37
1970-01-01 00:00:00.000000320,83.81546,63,38
1970-01-01 00:00:00.000000321,84.31891,63,38
1970-01-01 00:00:00.000000321,83.5937,63,39
1970-01-01 00:00:00.000000322,84.22807,63,39
1970-01-01 00:00:00.000000322,84.24081,63,40
1970-01-01 00:00:00.000000323,84.62878,63,40
1970-01-01 00:00:00.000000323,84.526886,63,41
1970-01-01 00:00:00.000000324,84.77683,63,41
1970-01-01 00:00:00.000000324,84.66502,63,42
1970-01-01 00:00:00.000000325,84.73883,63,42
1970-01-01 00:00:00.000000325,84.33387,63,43
1970-01-01 00:00:00.000000326,84.40267,63,43
1970-01-01 00:00:00.000000326,83.41792,63,44
1970-01-01 00:00:00.000000327,83.78498,63,44
1970-01-01 00:00:00.000000327,82.73626,63,45
1970-01-01 00:00:00.000000328,83.29671,63,45
1970-01-01 00:00:00.000000328,81.923,63,46
1970-01-01 00:00:00.000000329,82.54003,63,46
1970-01-01 00:00:00.000000329,82.668396,63,47
1970-01-01 00:00:00.000000330,83.02918,63,47
1970-01-01 00:00:00.000000330,84.047295,63,48
1970-01-01 00:00:00.000000331,84.13939,63,48
1970-01-01 00:00:00.000000156,76.03788,64,10
1970-01-01 00:00:00.000000157,76.1896,64,10
1970-01-01 00:00:00.000000157,75.74196,64,11
1970-01-01 00:00:00.000000158,75.83443,64,11
1970-01-01 00:00:00.000000158,76.14563,64,12
1970-01-01 00:00:00.000000159,76.168304,64,12
1970-01-01 00:00:00.000000159,75.59595,64,13
1970-01-01 00:00:00.000000160,75.520355,64,13
1970-01-01 00:00:00.000000160,76.824196,64,14
1970-01-01 00:00:00.000000161,76.86683,64,14
1970-01-01 00:00:00.000000161,75.17169,64,15
1970-01-01 00:00:00.000000162,75.0935,64,15
1970-01-01 00:00:00.000000162,76.023796,64,16
1970-01-01 00:00:00.000000163,76.02387,64,16
1970-01-01 00:00:00.000000163,75.87919,64,17
1970-01-01 00:00:00.000000164,75.88854,64,17
1970-01-01 00:00:00.000000164,74.306046,64,18
1970-01-01 00:00:00.000000165,74.237236,64,18
1970-01-01 00:00:00.000000165,73.15589,64,19
1970-01-01 00:00:00.000000166,73.106544,64,19
1970-01-01 00:00:00.000000166,74.413574,64,20
1970-01-01 00:00:00.000000167,74.52357,64,20
1970-01-01 00:00:00.000000167,75.53867,64,21
1970-01-01 00:00:00.000000168,75.84659,64,21
1970-01-01 00:00:00.000000168,74.83598,64,22
1970-01-01 00:00:00.000000169,74.95453,64,22
1970-01-01 00:00:00.000000169,77.35164,64,23
1970-01-01 00:00:00.000000170,77.241325,64,23
1970-01-01 00:00:00.000000170,76.434784,64,24
1970-01-01 00:00:00.000000171,72.99654,64,24
1970-01-01 00:00:00.000000225,71.88223,65,10
1970-01-01 00:00:00.000000226,71.942986,65,10
1970-01-01 00:00:00.000000226,72.515274,65,11
1970-01-01 00:00:00.000000227,72.567116,65,11
1970-01-01 00:00:00.000000227,72.24975,65,12
1970-01-01 00:00:00.000000228,72.28992,65,12
1970-01-01 00:00:00.000000228,72.076416,65,13
1970-01-01 00:00:00.000000229,72.07507,65,13
1970-01-01 00:00:00.000000229,72.572914,65,14
1970-01-01 00:00:00.000000230,72.64144,65,14
1970-01-01 00:00:00.000000230,73.159546,65,15
1970-01-01 00:00:00.000000231,73.221214,65,15
1970-01-01 00:00:00.000000231,73.57224,65,16
1970-01-01 00:00:00.000000232,73.62587,65,16
1970-01-01 00:00:00.000000232,72.859375,65,17
1970-01-01 00:00:00.000000233,72.82807,65,17
1970-01-01 00:00:00.000000233,73.206345,65,18
1970-01-01 00:00:00.000000234,73.20675,65,18
1970-01-01 00:00:00.000000234,73.85519,65,19
1970-01-01 00:00:00.000000235,73.90367,65,19
1970-01-01 00:00:00.000000235,73.365974,65,20
1970-01-01 00:00:00.000000236,73.392426,65,20
1970-01-01 00:00:00.000000236,73.18897,65,21
1970-01-01 00:00:00.000000237,73.16635,65,21
1970-01-01 00:00:00.000000237,72.8415,65,22
1970-01-01 00:00:00.000000238,72.7654,65,22
1970-01-01 00:00:00.000000238,72.70933,65,23
1970-01-01 00:00:00.000000239,72.70446,65,23
1970-01-01 00:00:00.000000239,72.92853,65,24
1970-01-01 00:00:00.000000240,72.95148,65,24
1970-01-01 00:00:00.000000240,73.43259,65,25
1970-01-01 00:00:00.000000241,73.49481,65,25
1970-01-01 00:00:00.000000241,73.443535,65,26
1970-01-01 00:00:00.000000242,73.48198,65,26
1970-01-01 00:00:00.000000242,73.74668,65,27
1970-01-01 00:00:00.000000243,73.775795,65,27
1970-01-01 00:00:00.000000243,75.23558,65,28
1970-01-01 00:00:00.000000244,75.19856,65,28
1970-01-01 00:00:00.000000244,75.54449,65,29
1970-01-01 00:00:00.000000245,75.61142,65,29
1970-01-01 00:00:00.000000245,76.56993,65,30
1970-01-01 00:00:00.000000246,76.64969,65,30
1970-01-01 00:00:00.000000246,75.80112,65,31
1970-01-01 00:00:00.000000247,75.8449,65,31
1970-01-01 00:00:00.000000247,74.03144,65,32
1970-01-01 00:00:00.000000248,73.65409,65,32
1970-01-01 00:00:00.000000248,73.0036,65,33
1970-01-01 00:00:00.000000249,72.93709,65,33
1970-01-01 00:00:00.000000249,75.12176,65,34
1970-01-01 00:00:00.000000250,75.222984,65,34
1970-01-01 00:00:00.000000250,72.86382,65,35
1970-01-01 00:00:00.000000251,72.82374,65,35
1970-01-01 00:00:00.000000251,72.82435,65,36
1970-01-01 00:00:00.000000252,72.795296,65,36
1970-01-01 00:00:00.000000083,93.532005,66,10
1970-01-01 00:00:00.000000084,93.79107,66,10
1970-01-01 00:00:00.000000084,92.41348,66,11
1970-01-01 00:00:00.000000085,93.00312,66,11
1970-01-01 00:00:00.000000124,85.966805,67,10
1970-01-01 00:00:00.000000125,86.90153,67,10
1970-01-01 00:00:00.000000125,75.00773,67,11
1970-01-01 00:00:00.000000126,81.51478,67,11
1970-01-01 00:00:00.000000126,89.16399,67,12
1970-01-01 00:00:00.000000127,89.8481,67,12
1970-01-01 00:00:00.000000127,87.8952,67,13
1970-01-01 00:00:00.000000128,88.665634,67,13
1970-01-01 00:00:00.000000128,90.11373,67,14
1970-01-01 00:00:00.000000129,90.171165,67,14
1970-01-01 00:00:00.000000129,90.31601,67,15
1970-01-01 00:00:00.000000130,90.26599,67,15
1970-01-01 00:00:00.000000130,90.6452,67,16
1970-01-01 00:00:00.000000131,90.38414,67,16
1970-01-01 00:00:00.000000131,89.214325,67,17
1970-01-01 00:00:00.000000132,89.29695,67,17
1970-01-01 00:00:00.000000132,88.38074,67,18
1970-01-01 00:00:00.000000133,87.120094,67,18
1970-01-01 00:00:00.000000176,75.919556,69,10
1970-01-01 00:00:00.000000177,76.34923,69,10
1970-01-01 00:00:00.000000177,76.19935,69,11
1970-01-01 00:00:00.000000178,76.94468,69,11
1970-01-01 00:00:00.000000178,77.38405,69,12
1970-01-01 00:00:00.000000179,77.62431,69,12
1970-01-01 00:00:00.000000179,75.27653,69,13
1970-01-01 00:00:00.000000180,74.96836,69,13
1970-01-01 00:00:00.000000180,74.48288,69,14
1970-01-01 00:00:00.000000181,74.34337,69,14
1970-01-01 00:00:00.000000181,77.74914,69,15
1970-01-01 00:00:00.000000182,77.973236,69,15
1970-01-01 00:00:00.000000182,76.25814,69,16
1970-01-01 00:00:00.000000183,76.41655,69,16
1970-01-01 00:00:00.000000183,78.54495,69,17
1970-01-01 00:00:00.000000184,78.74305,69,17
1970-01-01 00:00:00.000000184,80.785675,69,18
1970-01-01 00:00:00.000000185,80.973045,69,18
1970-01-01 00:00:00.000000185,82.57661,69,19
1970-01-01 00:00:00.000000186,82.84897,69,19
1970-01-01 00:00:00.000000186,80.04464,69,20
1970-01-01 00:00:00.000000187,79.87937,69,20
1970-01-01 00:00:00.000000187,79.35759,69,21
1970-01-01 00:00:00.000000188,78.803085,69,21
1970-01-01 00:00:00.000000188,78.64303,69,22
1970-01-01 00:00:00.000000189,78.44748,69,22
1970-01-01 00:00:00.000000189,76.97411,69,23
1970-01-01 00:00:00.000000190,76.84648,69,23
1970-01-01 00:00:00.000000190,75.82944,69,24
1970-01-01 00:00:00.000000191,75.88746,69,24
1970-01-01 00:00:00.000000191,74.43697,69,25
1970-01-01 00:00:00.000000192,74.48496,69,25
1970-01-01 00:00:00.000000192,75.144356,69,26
1970-01-01 00:00:00.000000193,75.18925,69,26
1970-01-01 00:00:00.000000193,72.95452,69,27
1970-01-01 00:00:00.000000194,72.72612,69,27
1970-01-01 00:00:00.000000194,72.64269,69,28
1970-01-01 00:00:00.000000195,72.48767,69,28
1970-01-01 00:00:00.000000226,95.3275,70,10
1970-01-01 00:00:00.000000227,95.52336,70,10
1970-01-01 00:00:00.000000227,94.73676,70,11
1970-01-01 00:00:00.000000228,94.89007,70,11
1970-01-01 00:00:00.000000228,94.44375,70,12
1970-01-01 00:00:00.000000229,94.64364,70,12
1970-01-01 00:00:00.000000229,94.528534,70,13
1970-01-01 00:00:00.000000230,94.72067,70,13
1970-01-01 00:00:00.000000230,94.46968,70,14
1970-01-01 00:00:00.000000231,94.66554,70,14
1970-01-01 00:00:00.000000231,94.61385,70,15
1970-01-01 00:00:00.000000232,94.741356,70,15
1970-01-01 00:00:00.000000232,94.5234,70,16
1970-01-01 00:00:00.000000233,94.63434,70,16
1970-01-01 00:00:00.000000233,94.44638,70,17
1970-01-01 00:00:00.000000234,94.57265,70,17
1970-01-01 00:00:00.000000234,94.4186,70,18
1970-01-01 00:00:00.000000235,94.52654,70,18
1970-01-01 00:00:00.000000235,94.708725,70,19
1970-01-01 00:00:00.000000236,94.72885,70,19
1970-01-01 00:00:00.000000236,95.17055,70,20
1970-01-01 00:00:00.000000237,95.31666,70,20
1970-01-01 00:00:00.000000237,94.83423,70,21
1970-01-01 00:00:00.000000238,94.88088,70,21
1970-01-01 00:00:00.000000238,94.66491,70,22
1970-01-01 00:00:00.000000239,94.746506,70,22
1970-01-01 00:00:00.000000239,94.50142,70,23
1970-01-01 00:00:00.000000240,94.62738,70,23
1970-01-01 00:00:00.000000240,94.51511,70,24
1970-01-01 00:00:00.000000241,94.622765,70,24
1970-01-01 00:00:00.000000241,94.43136,70,25
1970-01-01 00:00:00.000000242,94.545204,70,25
1970-01-01 00:00:00.000000242,94.42314,70,26
1970-01-01 00:00:00.000000243,94.54252,70,26
1970-01-01 00:00:00.000000243,94.28209,70,27
1970-01-01 00:00:00.000000244,94.430534,70,27
1970-01-01 00:00:00.000000244,94.11639,70,28
1970-01-01 00:00:00.000000245,94.3093,70,28
1970-01-01 00:00:00.000000245,94.02732,70,29
1970-01-01 00:00:00.000000246,94.16881,70,29
1970-01-01 00:00:00.000000246,94.00351,70,30
1970-01-01 00:00:00.000000247,94.13202,70,30
1970-01-01 00:00:00.000000247,94.01993,70,31
1970-01-01 00:00:00.000000248,94.13632,70,31
1970-01-01 00:00:00.000000248,93.955666,70,32
1970-01-01 00:00:00.000000249,94.07706,70,32
1970-01-01 00:00:00.000000249,93.98202,70,33
1970-01-01 00:00:00.000000250,94.0765,70,33
1970-01-01 00:00:00.000000250,94.180405,70,34
1970-01-01 00:00:00.000000251,94.21321,70,34
1970-01-01 00:00:00.000000251,94.526405,70,35
1970-01-01 00:00:00.000000252,94.611595,70,35
1970-01-01 00:00:00.000000252,94.10078,70,36
1970-01-01 00:00:00.000000253,94.14821,70,36
1970-01-01 00:00:00.000000253,93.987625,70,37
1970-01-01 00:00:00.000000254,93.988266,70,37
1970-01-01 00:00:00.000000226,90.51805,71,10
1970-01-01 00:00:00.000000227,90.40473,71,10
1970-01-01 00:00:00.000000227,89.880226,71,11
1970-01-01 00:00:00.000000228,89.75002,71,11
1970-01-01 00:00:00.000000228,89.542465,71,12
1970-01-01 00:00:00.000000229,89.574814,71,12
1970-01-01 00:00:00.000000229,89.3802,71,13
1970-01-01 00:00:00.000000230,89.44174,71,13
1970-01-01 00:00:00.000000230,88.29183,71,14
1970-01-01 00:00:00.000000231,88.0241,71,14
1970-01-01 00:00:00.000000231,88.19249,71,15
1970-01-01 00:00:00.000000232,87.73566,71,15
1970-01-01 00:00:00.000000232,86.10933,71,16
1970-01-01 00:00:00.000000233,85.99587,71,16
1970-01-01 00:00:00.000000233,84.01362,71,17
1970-01-01 00:00:00.000000234,86.49204,71,17
1970-01-01 00:00:00.000000234,84.30647,71,18
1970-01-01 00:00:00.000000235,85.638306,71,18
1970-01-01 00:00:00.000000235,86.18556,71,19
1970-01-01 00:00:00.000000236,86.82745,71,19
1970-01-01 00:00:00.000000236,89.342094,71,20
1970-01-01 00:00:00.000000237,89.79756,71,20
1970-01-01 00:00:00.000000237,89.25736,71,21
1970-01-01 00:00:00.000000238,89.40206,71,21
1970-01-01 00:00:00.000000238,90.03662,71,22
1970-01-01 00:00:00.000000239,90.109924,71,22
1970-01-01 00:00:00.000000239,90.30287,71,23
1970-01-01 00:00:00.000000240,90.43477,71,23
1970-01-01 00:00:00.000000240,90.99492,71,24
1970-01-01 00:00:00.000000241,91.24664,71,24
1970-01-01 00:00:00.000000241,92.94039,71,25
1970-01-01 00:00:00.000000242,93.22109,71,25
1970-01-01 00:00:00.000000242,93.39404,71,26
1970-01-01 00:00:00.000000243,93.65872,71,26
1970-01-01 00:00:00.000000243,93.55216,71,27
1970-01-01 00:00:00.000000244,93.720505,71,27
1970-01-01 00:00:00.000000244,93.7506,71,28
1970-01-01 00:00:00.000000245,93.90235,71,28
1970-01-01 00:00:00.000000245,93.94123,71,29
1970-01-01 00:00:00.000000246,94.07985,71,29
1970-01-01 00:00:00.000000246,94.20678,71,30
1970-01-01 00:00:00.000000247,94.35644,71,30
1970-01-01 00:00:00.000000247,94.514496,71,31
1970-01-01 00:00:00.000000248,94.6321,71,31
1970-01-01 00:00:00.000000248,95.28053,71,32
1970-01-01 00:00:00.000000249,95.401,71,32
1970-01-01 00:00:00.000000249,96.0443,71,33
1970-01-01 00:00:00.000000250,96.153275,71,33
1970-01-01 00:00:00.000000250,96.65774,71,34
1970-01-01 00:00:00.000000251,96.74129,71,34
1970-01-01 00:00:00.000000251,96.77361,71,35
1970-01-01 00:00:00.000000252,96.77117,71,35
1970-01-01 00:00:00.000000252,97.013954,71,36
1970-01-01 00:00:00.000000253,96.9494,71,36
1970-01-01 00:00:00.000000320,92.551476,72,10
1970-01-01 00:00:00.000000321,92.65163,72,10
1970-01-01 00:00:00.000000321,92.573586,72,11
1970-01-01 00:00:00.000000322,92.65828,72,11
1970-01-01 00:00:00.000000322,92.78268,72,12
1970-01-01 00:00:00.000000323,92.85093,72,12
1970-01-01 00:00:00.000000323,92.716934,72,13
1970-01-01 00:00:00.000000324,92.790886,72,13
1970-01-01 00:00:00.000000324,93.48448,72,14
1970-01-01 00:00:00.000000325,93.57317,72,14
1970-01-01 00:00:00.000000325,94.286705,72,15
1970-01-01 00:00:00.000000326,94.40877,72,15
1970-01-01 00:00:00.000000326,93.79299,72,16
1970-01-01 00:00:00.000000327,93.87846,72,16
1970-01-01 00:00:00.000000327,93.22708,72,17
1970-01-01 00:00:00.000000328,93.37122,72,17
1970-01-01 00:00:00.000000328,93.10808,72,18
1970-01-01 00:00:00.000000329,93.280136,72,18
1970-01-01 00:00:00.000000329,92.870575,72,19
1970-01-01 00:00:00.000000330,93.07823,72,19
1970-01-01 00:00:00.000000330,92.443886,72,20
1970-01-01 00:00:00.000000331,92.676254,72,20
1970-01-01 00:00:00.000000331,92.49028,72,21
1970-01-01 00:00:00.000000332,92.75579,72,21
1970-01-01 00:00:00.000000332,92.48904,72,22
1970-01-01 00:00:00.000000333,92.78402,72,22
1970-01-01 00:00:00.000000333,92.470634,72,23
1970-01-01 00:00:00.000000334,92.71813,72,23
1970-01-01 00:00:00.000000334,92.5497,72,24
1970-01-01 00:00:00.000000335,92.708916,72,24
1970-01-01 00:00:00.000000335,92.575745,72,25
1970-01-01 00:00:00.000000336,92.564255,72,25
1970-01-01 00:00:00.000000336,93.21292,72,26
1970-01-01 00:00:00.000000337,93.24055,72,26
1970-01-01 00:00:00.000000337,91.315155,72,27
1970-01-01 00:00:00.000000338,92.184746,72,27
1970-01-01 00:00:00.000000338,90.94192,72,28
1970-01-01 00:00:00.000000339,91.68572,72,28
1970-01-01 00:00:00.000000339,94.102745,72,29
1970-01-01 00:00:00.000000340,94.51861,72,29
1970-01-01 00:00:00.000000340,93.60253,72,30
1970-01-01 00:00:00.000000341,93.72767,72,30
1970-01-01 00:00:00.000000341,93.468506,72,31
1970-01-01 00:00:00.000000342,93.62157,72,31
1970-01-01 00:00:00.000000342,93.9996,72,32
1970-01-01 00:00:00.000000343,94.13935,72,32
1970-01-01 00:00:00.000000343,93.73526,72,33
1970-01-01 00:00:00.000000344,93.42509,72,33
1970-01-01 00:00:00.000000344,92.70762,72,34
1970-01-01 00:00:00.000000345,91.34357,72,34
1970-01-01 00:00:00.000000345,91.644966,72,35
1970-01-01 00:00:00.000000346,90.88513,72,35
1970-01-01 00:00:00.000000346,89.248375,72,36
1970-01-01 00:00:00.000000347,91.22974,72,36
1970-01-01 00:00:00.000000347,86.97843,72,37
1970-01-01 00:00:00.000000348,90.28342,72,37
1970-01-01 00:00:00.000000348,92.31864,72,38
1970-01-01 00:00:00.000000349,93.13126,72,38
1970-01-01 00:00:00.000000349,92.331,72,39
1970-01-01 00:00:00.000000350,92.80007,72,39
1970-01-01 00:00:00.000000350,92.4295,72,40
1970-01-01 00:00:00.000000351,92.466484,72,40
1970-01-01 00:00:00.000000351,91.58969,72,41
1970-01-01 00:00:00.000000352,91.32571,72,41
1970-01-01 00:00:00.000000352,91.282646,72,42
1970-01-01 00:00:00.000000353,91.37904,72,42
1970-01-01 00:00:00.000000353,87.52809,72,43
1970-01-01 00:00:00.000000354,87.80874,72,43
1970-01-01 00:00:00.000000354,88.436584,72,44
1970-01-01 00:00:00.000000355,86.40269,72,44
1970-01-01 00:00:00.000000355,88.918724,72,45
1970-01-01 00:00:00.000000356,85.96742,72,45
1970-01-01 00:00:00.000000356,79.23834,72,46
1970-01-01 00:00:00.000000357,76.20712,72,46
1970-01-01 00:00:00.000000357,74.77795,72,47
1970-01-01 00:00:00.000000358,70.03217,72,47
1970-01-01 00:00:00.000000358,74.72092,72,48
1970-01-01 00:00:00.000000359,70.71931,72,48
1970-01-01 00:00:00.000000359,66.3743,72,49
1970-01-01 00:00:00.000000360,64.253365,72,49
1970-01-01 00:00:00.000000360,62.112198,72,50
1970-01-01 00:00:00.000000361,63.173813,72,50
1970-01-01 00:00:00.000000361,69.67923,72,51
1970-01-01 00:00:00.000000362,67.78161,72,51
1970-01-01 00:00:00.000000362,74.67744,72,52
1970-01-01 00:00:00.000000363,72.442635,72,52
1970-01-01 00:00:00.000000363,74.86204,72,53
1970-01-01 00:00:00.000000364,73.48239,72,53
1970-01-01 00:00:00.000000219,85.89587,73,10
1970-01-01 00:00:00.000000220,87.291275,73,10
1970-01-01 00:00:00.000000220,86.79487,73,11
1970-01-01 00:00:00.000000221,87.69145,73,11
1970-01-01 00:00:00.000000221,87.96243,73,12
1970-01-01 00:00:00.000000222,88.27777,73,12
1970-01-01 00:00:00.000000222,86.827675,73,13
1970-01-01 00:00:00.000000223,87.34989,73,13
1970-01-01 00:00:00.000000223,86.73342,73,14
1970-01-01 00:00:00.000000224,87.24836,73,14
1970-01-01 00:00:00.000000224,85.11097,73,15
1970-01-01 00:00:00.000000225,85.99476,73,15
1970-01-01 00:00:00.000000225,87.03012,73,16
1970-01-01 00:00:00.000000226,87.09514,73,16
1970-01-01 00:00:00.000000226,87.62705,73,17
1970-01-01 00:00:00.000000227,87.7148,73,17
1970-01-01 00:00:00.000000227,83.464966,73,18
1970-01-01 00:00:00.000000228,85.01472,73,18
1970-01-01 00:00:00.000000228,88.18712,73,19
1970-01-01 00:00:00.000000229,88.10034,73,19
1970-01-01 00:00:00.000000229,86.11234,73,20
1970-01-01 00:00:00.000000230,86.59977,73,20
1970-01-01 00:00:00.000000230,87.40095,73,21
1970-01-01 00:00:00.000000231,87.47271,73,21
1970-01-01 00:00:00.000000231,83.029816,73,22
1970-01-01 00:00:00.000000232,84.6773,73,22
1970-01-01 00:00:00.000000232,86.5648,73,23
1970-01-01 00:00:00.000000233,86.90156,73,23
1970-01-01 00:00:00.000000233,84.46426,73,24
1970-01-01 00:00:00.000000234,85.45474,73,24
1970-01-01 00:00:00.000000234,83.552216,73,25
1970-01-01 00:00:00.000000235,84.60826,73,25
1970-01-01 00:00:00.000000235,83.27035,73,26
1970-01-01 00:00:00.000000236,84.41879,73,26
1970-01-01 00:00:00.000000236,82.671844,73,27
1970-01-01 00:00:00.000000237,83.80165,73,27
1970-01-01 00:00:00.000000237,81.72103,73,28
1970-01-01 00:00:00.000000238,83.00851,73,28
1970-01-01 00:00:00.000000238,83.121574,73,29
1970-01-01 00:00:00.000000239,83.60115,73,29
1970-01-01 00:00:00.000000239,83.09563,73,30
1970-01-01 00:00:00.000000240,83.54666,73,30
1970-01-01 00:00:00.000000240,80.89659,73,31
1970-01-01 00:00:00.000000241,81.750786,73,31
1970-01-01 00:00:00.000000241,83.252914,73,32
1970-01-01 00:00:00.000000242,83.21788,73,32
1970-01-01 00:00:00.000000242,83.02296,73,33
1970-01-01 00:00:00.000000243,83.03752,73,33
1970-01-01 00:00:00.000000243,80.456764,73,34
1970-01-01 00:00:00.000000244,81.10141,73,34
1970-01-01 00:00:00.000000244,83.3673,73,35
1970-01-01 00:00:00.000000245,83.255615,73,35
1970-01-01 00:00:00.000000116,87.31525,74,10
1970-01-01 00:00:00.000000117,88.10406,74,10
1970-01-01 00:00:00.000000117,86.961205,74,11
1970-01-01 00:00:00.000000118,87.69787,74,11
1970-01-01 00:00:00.000000118,87.785355,74,12
1970-01-01 00:00:00.000000119,88.21053,74,12
1970-01-01 00:00:00.000000119,87.27514,74,13
1970-01-01 00:00:00.000000120,87.85501,74,13
1970-01-01 00:00:00.000000120,86.762314,74,14
1970-01-01 00:00:00.000000121,87.44822,74,14
1970-01-01 00:00:00.000000121,87.61136,74,15
1970-01-01 00:00:00.000000122,87.98247,74,15
1970-01-01 00:00:00.000000122,87.75498,74,16
1970-01-01 00:00:00.000000123,87.792404,74,16
1970-01-01 00:00:00.000000123,87.14836,74,17
1970-01-01 00:00:00.000000124,87.28451,74,17
1970-01-01 00:00:00.000000129,80.95025,76,10
1970-01-01 00:00:00.000000130,80.987915,76,10
1970-01-01 00:00:00.000000130,81.268555,76,11
1970-01-01 00:00:00.000000131,81.34123,76,11
1970-01-01 00:00:00.000000131,81.2768,76,12
1970-01-01 00:00:00.000000132,81.318794,76,12
1970-01-01 00:00:00.000000132,81.273445,76,13
1970-01-01 00:00:00.000000133,81.28835,76,13
1970-01-01 00:00:00.000000133,81.51613,76,14
1970-01-01 00:00:00.000000134,81.557106,76,14
1970-01-01 00:00:00.000000134,81.24862,76,15
1970-01-01 00:00:00.000000135,81.254684,76,15
1970-01-01 00:00:00.000000135,81.69913,76,16
1970-01-01 00:00:00.000000136,81.7692,76,16
1970-01-01 00:00:00.000000136,81.59427,76,17
1970-01-01 00:00:00.000000137,81.628876,76,17
1970-01-01 00:00:00.000000137,81.843,76,18
1970-01-01 00:00:00.000000138,81.89882,76,18
1970-01-01 00:00:00.000000138,81.75141,76,19
1970-01-01 00:00:00.000000139,81.77475,76,19
1970-01-01 00:00:00.000000151,76.30281,77,10
1970-01-01 00:00:00.000000152,76.31451,77,10
1970-01-01 00:00:00.000000152,76.08795,77,11
1970-01-01 00:00:00.000000153,76.03787,77,11
1970-01-01 00:00:00.000000153,76.23913,77,12
1970-01-01 00:00:00.000000154,76.25613,77,12
1970-01-01 00:00:00.000000154,76.02291,77,13
1970-01-01 00:00:00.000000155,76.01721,77,13
1970-01-01 00:00:00.000000155,75.606026,77,14
1970-01-01 00:00:00.000000156,75.63965,77,14
1970-01-01 00:00:00.000000156,75.726685,77,15
1970-01-01 00:00:00.000000157,75.71325,77,15
1970-01-01 00:00:00.000000157,76.14923,77,16
1970-01-01 00:00:00.000000158,76.23476,77,16
1970-01-01 00:00:00.000000158,75.42195,77,17
1970-01-01 00:00:00.000000159,75.392624,77,17
1970-01-01 00:00:00.000000159,75.669945,77,18
1970-01-01 00:00:00.000000160,75.66831,77,18
1970-01-01 00:00:00.000000160,75.74273,77,19
1970-01-01 00:00:00.000000161,75.767876,77,19
1970-01-01 00:00:00.000000161,75.66543,77,20
1970-01-01 00:00:00.000000162,75.70198,77,20
1970-01-01 00:00:00.000000162,75.58559,77,21
1970-01-01 00:00:00.000000163,75.59162,77,21
1970-01-01 00:00:00.000000163,76.062836,77,22
1970-01-01 00:00:00.000000164,76.1304,77,22
1970-01-01 00:00:00.000000164,76.55022,77,23
1970-01-01 00:00:00.000000165,76.65965,77,23
1970-01-01 00:00:00.000000098,100.0,78,10
1970-01-01 00:00:00.000000099,94.35398,78,10
1970-01-01 00:00:00.000000099,100.0,78,11
1970-01-01 00:00:00.000000100,92.18415,78,11
1970-01-01 00:00:00.000000100,89.80854,78,12
1970-01-01 00:00:00.000000101,83.263054,78,12
1970-01-01 00:00:00.000000101,88.12247,78,13
1970-01-01 00:00:00.000000102,76.1065,78,13
1970-01-01 00:00:00.000000102,90.264984,78,14
1970-01-01 00:00:00.000000103,81.132385,78,14
1970-01-01 00:00:00.000000275,82.675606,79,10
1970-01-01 00:00:00.000000276,82.65014,79,10
1970-01-01 00:00:00.000000276,83.1637,79,11
1970-01-01 00:00:00.000000277,83.16152,79,11
1970-01-01 00:00:00.000000277,83.88623,79,12
1970-01-01 00:00:00.000000278,83.93197,79,12
1970-01-01 00:00:00.000000278,83.04708,79,13
1970-01-01 00:00:00.000000279,83.06929,79,13
1970-01-01 00:00:00.000000279,82.1993,79,14
1970-01-01 00:00:00.000000280,82.2234,79,14
1970-01-01 00:00:00.000000280,82.679405,79,15
1970-01-01 00:00:00.000000281,82.78461,79,15
1970-01-01 00:00:00.000000281,81.70834,79,16
1970-01-01 00:00:00.000000282,81.91822,79,16
1970-01-01 00:00:00.000000282,81.77444,79,17
1970-01-01 00:00:00.000000283,82.12787,79,17
1970-01-01 00:00:00.000000283,82.58941,79,18
1970-01-01 00:00:00.000000284,82.79852,79,18
1970-01-01 00:00:00.000000284,82.00595,79,19
1970-01-01 00:00:00.000000285,82.308365,79,19
1970-01-01 00:00:00.000000285,82.02318,79,20
1970-01-01 00:00:00.000000286,82.205414,79,20
1970-01-01 00:00:00.000000286,81.99396,79,21
1970-01-01 00:00:00.000000287,82.083115,79,21
1970-01-01 00:00:00.000000287,82.310425,79,22
1970-01-01 00:00:00.000000288,82.358055,79,22
1970-01-01 00:00:00.000000288,81.80309,79,23
1970-01-01 00:00:00.000000289,81.89539,79,23
1970-01-01 00:00:00.000000289,81.46442,79,24
1970-01-01 00:00:00.000000290,81.53432,79,24
1970-01-01 00:00:00.000000290,81.967995,79,25
1970-01-01 00:00:00.000000291,82.02817,79,25
1970-01-01 00:00:00.000000291,81.95343,79,26
1970-01-01 00:00:00.000000292,82.0283,79,26
1970-01-01 00:00:00.000000292,82.01986,79,27
1970-01-01 00:00:00.000000293,82.06447,79,27
1970-01-01 00:00:00.000000293,82.057556,79,28
1970-01-01 00:00:00.000000294,82.0734,79,28
1970-01-01 00:00:00.000000294,81.68115,79,29
1970-01-01 00:00:00.000000295,81.75441,79,29
1970-01-01 00:00:00.000000295,80.45107,79,30
1970-01-01 00:00:00.000000296,80.63208,79,30
1970-01-01 00:00:00.000000296,80.71788,79,31
1970-01-01 00:00:00.000000297,80.94686,79,31
1970-01-01 00:00:00.000000297,79.782906,79,32
1970-01-01 00:00:00.000000298,80.10848,79,32
1970-01-01 00:00:00.000000298,80.02829,79,33
1970-01-01 00:00:00.000000299,80.51217,79,33
1970-01-01 00:00:00.000000299,80.32925,79,34
1970-01-01 00:00:00.000000300,80.71684,79,34
1970-01-01 00:00:00.000000300,81.00184,79,35
1970-01-01 00:00:00.000000301,81.16493,79,35
1970-01-01 00:00:00.000000301,81.21458,79,36
1970-01-01 00:00:00.000000302,81.33049,79,36
1970-01-01 00:00:00.000000302,80.03068,79,37
1970-01-01 00:00:00.000000303,80.14664,79,37
1970-01-01 00:00:00.000000303,81.84257,79,38
1970-01-01 00:00:00.000000304,81.85206,79,38
1970-01-01 00:00:00.000000304,81.28313,79,39
1970-01-01 00:00:00.000000305,81.335945,79,39
1970-01-01 00:00:00.000000305,81.33712,79,40
1970-01-01 00:00:00.000000306,81.383194,79,40
1970-01-01 00:00:00.000000306,81.99932,79,41
1970-01-01 00:00:00.000000307,82.000465,79,41
1970-01-01 00:00:00.000000307,82.89534,79,42
1970-01-01 00:00:00.000000308,82.93447,79,42
1970-01-01 00:00:00.000000308,82.53545,79,43
1970-01-01 00:00:00.000000309,82.584366,79,43
1970-01-01 00:00:00.000000309,81.90949,79,44
1970-01-01 00:00:00.000000310,81.9758,79,44
1970-01-01 00:00:00.000000310,81.68822,79,45
1970-01-01 00:00:00.000000311,81.817444,79,45
1970-01-01 00:00:00.000000148,87.73961,80,10
1970-01-01 00:00:00.000000149,87.810074,80,10
1970-01-01 00:00:00.000000149,88.80533,80,11
1970-01-01 00:00:00.000000150,88.89208,80,11
1970-01-01 00:00:00.000000150,88.38879,80,12
1970-01-01 00:00:00.000000151,88.45241,80,12
1970-01-01 00:00:00.000000151,87.776924,80,13
1970-01-01 00:00:00.000000152,87.72066,80,13
1970-01-01 00:00:00.000000152,86.981834,80,14
1970-01-01 00:00:00.000000153,86.80141,80,14
1970-01-01 00:00:00.000000153,86.436356,80,15
1970-01-01 00:00:00.000000154,86.50008,80,15
1970-01-01 00:00:00.000000154,86.03405,80,16
1970-01-01 00:00:00.000000155,86.01785,80,16
1970-01-01 00:00:00.000000155,84.93035,80,17
1970-01-01 00:00:00.000000156,84.567375,80,17
1970-01-01 00:00:00.000000156,81.57329,80,18
1970-01-01 00:00:00.000000157,80.13603,80,18
1970-01-01 00:00:00.000000157,99.98625,80,19
1970-01-01 00:00:00.000000158,93.711525,80,19
1970-01-01 00:00:00.000000158,100.0,80,20
1970-01-01 00:00:00.000000159,98.84236,80,20
1970-01-01 00:00:00.000000159,100.0,80,21
1970-01-01 00:00:00.000000160,94.42198,80,21
1970-01-01 00:00:00.000000160,100.0,80,22
1970-01-01 00:00:00.000000161,92.70262,80,22
1970-01-01 00:00:00.000000161,100.0,80,23
1970-01-01 00:00:00.000000162,80.76725,80,23
1970-01-01 00:00:00.000000125,88.762596,81,10
1970-01-01 00:00:00.000000126,88.83524,81,10
1970-01-01 00:00:00.000000126,86.06826,81,11
1970-01-01 00:00:00.000000127,87.56163,81,11
1970-01-01 00:00:00.000000127,89.0604,81,12
1970-01-01 00:00:00.000000128,89.33816,81,12
1970-01-01 00:00:00.000000128,88.14059,81,13
1970-01-01 00:00:00.000000129,88.415146,81,13
1970-01-01 00:00:00.000000129,88.23323,81,14
1970-01-01 00:00:00.000000130,88.399666,81,14
1970-01-01 00:00:00.000000130,88.05957,81,15
1970-01-01 00:00:00.000000131,88.25486,81,15
1970-01-01 00:00:00.000000131,89.36986,81,16
1970-01-01 00:00:00.000000132,89.34305,81,16
1970-01-01 00:00:00.000000132,88.50279,81,17
1970-01-01 00:00:00.000000133,88.09548,81,17
1970-01-01 00:00:00.000000133,90.5135,81,18
1970-01-01 00:00:00.000000134,88.07643,81,18
1970-01-01 00:00:00.000000134,84.06264,81,19
1970-01-01 00:00:00.000000135,82.44363,81,19
1970-01-01 00:00:00.000000318,79.30922,83,10
1970-01-01 00:00:00.000000319,79.34771,83,10
1970-01-01 00:00:00.000000319,79.37777,83,11
1970-01-01 00:00:00.000000320,79.41372,83,11
1970-01-01 00:00:00.000000320,79.47552,83,12
1970-01-01 00:00:00.000000321,79.52286,83,12
1970-01-01 00:00:00.000000321,79.74634,83,13
1970-01-01 00:00:00.000000322,79.81122,83,13
1970-01-01 00:00:00.000000322,79.71548,83,14
1970-01-01 00:00:00.000000323,79.77734,83,14
1970-01-01 00:00:00.000000323,79.88302,83,15
1970-01-01 00:00:00.000000324,79.94749,83,15
1970-01-01 00:00:00.000000324,80.20581,83,16
1970-01-01 00:00:00.000000325,80.27821,83,16
1970-01-01 00:00:00.000000325,80.48618,83,17
1970-01-01 00:00:00.000000326,80.57729,83,17
1970-01-01 00:00:00.000000326,80.188675,83,18
1970-01-01 00:00:00.000000327,80.23358,83,18
1970-01-01 00:00:00.000000327,79.92952,83,19
1970-01-01 00:00:00.000000328,79.906815,83,19
1970-01-01 00:00:00.000000328,79.93795,83,20
1970-01-01 00:00:00.000000329,79.93614,83,20
1970-01-01 00:00:00.000000329,79.67205,83,21
1970-01-01 00:00:00.000000330,79.65627,83,21
1970-01-01 00:00:00.000000330,79.28121,83,22
1970-01-01 00:00:00.000000331,79.31277,83,22
1970-01-01 00:00:00.000000331,79.86183,83,23
1970-01-01 00:00:00.000000332,79.91589,83,23
1970-01-01 00:00:00.000000332,79.7523,83,24
1970-01-01 00:00:00.000000333,79.80842,83,24
1970-01-01 00:00:00.000000333,79.65259,83,25
1970-01-01 00:00:00.000000334,79.67582,83,25
1970-01-01 00:00:00.000000334,79.40657,83,26
1970-01-01 00:00:00.000000335,79.380196,83,26
1970-01-01 00:00:00.000000335,78.88869,83,27
1970-01-01 00:00:00.000000336,78.9453,83,27
1970-01-01 00:00:00.000000336,79.46349,83,28
1970-01-01 00:00:00.000000337,79.514626,83,28
1970-01-01 00:00:00.000000337,79.28494,83,29
1970-01-01 00:00:00.000000338,79.34219,83,29
1970-01-01 00:00:00.000000338,78.980064,83,30
1970-01-01 00:00:00.000000339,78.96425,83,30
1970-01-01 00:00:00.000000339,79.30207,83,31
1970-01-01 00:00:00.000000340,79.32681,83,31
1970-01-01 00:00:00.000000340,79.49731,83,32
1970-01-01 00:00:00.000000341,79.54906,83,32
1970-01-01 00:00:00.000000341,79.665695,83,33
1970-01-01 00:00:00.000000342,79.73997,83,33
1970-01-01 00:00:00.000000342,79.92207,83,34
1970-01-01 00:00:00.000000343,79.991455,83,34
1970-01-01 00:00:00.000000343,80.2456,83,35
1970-01-01 00:00:00.000000344,80.33364,83,35
1970-01-01 00:00:00.000000344,80.02754,83,36
1970-01-01 00:00:00.000000345,80.09018,83,36
1970-01-01 00:00:00.000000345,80.42364,83,37
1970-01-01 00:00:00.000000346,80.51176,83,37
1970-01-01 00:00:00.000000346,80.44726,83,38
1970-01-01 00:00:00.000000347,80.53952,83,38
1970-01-01 00:00:00.000000347,80.251526,83,39
1970-01-01 00:00:00.000000348,80.29754,83,39
1970-01-01 00:00:00.000000348,80.739494,83,40
1970-01-01 00:00:00.000000349,80.822235,83,40
1970-01-01 00:00:00.000000349,80.58573,83,41
1970-01-01 00:00:00.000000350,80.63686,83,41
1970-01-01 00:00:00.000000350,80.82597,83,42
1970-01-01 00:00:00.000000351,80.89606,83,42
1970-01-01 00:00:00.000000351,81.01474,83,43
1970-01-01 00:00:00.000000352,81.08097,83,43
1970-01-01 00:00:00.000000352,81.17397,83,44
1970-01-01 00:00:00.000000353,81.241394,83,44
1970-01-01 00:00:00.000000353,80.74582,83,45
1970-01-01 00:00:00.000000354,80.74719,83,45
1970-01-01 00:00:00.000000354,81.36948,83,46
1970-01-01 00:00:00.000000355,81.43035,83,46
1970-01-01 00:00:00.000000355,81.20035,83,47
1970-01-01 00:00:00.000000356,81.24806,83,47
1970-01-01 00:00:00.000000356,81.1772,83,48
1970-01-01 00:00:00.000000357,81.211044,83,48
1970-01-01 00:00:00.000000357,80.84877,83,49
1970-01-01 00:00:00.000000358,80.81333,83,49
1970-01-01 00:00:00.000000358,80.67721,83,50
1970-01-01 00:00:00.000000359,80.64744,83,50
1970-01-01 00:00:00.000000359,80.10226,83,51
1970-01-01 00:00:00.000000360,80.184586,83,51
1970-01-01 00:00:00.000000360,80.85321,83,52
1970-01-01 00:00:00.000000361,80.91284,83,52
1970-01-01 00:00:00.000000361,81.150444,83,53
1970-01-01 00:00:00.000000362,81.25947,83,53
1970-01-01 00:00:00.000000110,93.16987,84,10
1970-01-01 00:00:00.000000111,93.17792,84,10
1970-01-01 00:00:00.000000111,93.03942,84,11
1970-01-01 00:00:00.000000112,93.07253,84,11
1970-01-01 00:00:00.000000112,93.024666,84,12
1970-01-01 00:00:00.000000113,93.07087,84,12
1970-01-01 00:00:00.000000113,93.23076,84,13
1970-01-01 00:00:00.000000114,93.25954,84,13
1970-01-01 00:00:00.000000114,93.7464,84,14
1970-01-01 00:00:00.000000115,93.81831,84,14
1970-01-01 00:00:00.000000115,93.57098,84,15
1970-01-01 00:00:00.000000116,93.610435,84,15
1970-01-01 00:00:00.000000116,93.44991,84,16
1970-01-01 00:00:00.000000117,93.49086,84,16
1970-01-01 00:00:00.000000118,85.13471,85,10
1970-01-01 00:00:00.000000119,85.49479,85,10
1970-01-01 00:00:00.000000119,84.599976,85,11
1970-01-01 00:00:00.000000120,85.10396,85,11
1970-01-01 00:00:00.000000120,85.27167,85,12
1970-01-01 00:00:00.000000121,85.446884,85,12
1970-01-01 00:00:00.000000121,86.722206,85,13
1970-01-01 00:00:00.000000122,87.13938,85,13
1970-01-01 00:00:00.000000122,86.838455,85,14
1970-01-01 00:00:00.000000123,87.004135,85,14
1970-01-01 00:00:00.000000123,87.15951,85,15
1970-01-01 00:00:00.000000124,87.26227,85,15
1970-01-01 00:00:00.000000124,87.64205,85,16
1970-01-01 00:00:00.000000125,87.75981,85,16
1970-01-01 00:00:00.000000125,87.98244,85,17
1970-01-01 00:00:00.000000126,87.72912,85,17
1970-01-01 00:00:00.000000215,93.761345,86,10
1970-01-01 00:00:00.000000216,93.75645,86,10
1970-01-01 00:00:00.000000216,94.10225,86,11
1970-01-01 00:00:00.000000217,94.058,86,11
1970-01-01 00:00:00.000000217,93.55683,86,12
1970-01-01 00:00:00.000000218,93.56533,86,12
1970-01-01 00:00:00.000000218,92.676674,86,13
1970-01-01 00:00:00.000000219,92.85187,86,13
1970-01-01 00:00:00.000000219,91.88505,86,14
1970-01-01 00:00:00.000000220,92.242546,86,14
1970-01-01 00:00:00.000000220,91.4783,86,15
1970-01-01 00:00:00.000000221,91.93203,86,15
1970-01-01 00:00:00.000000221,91.05916,86,16
1970-01-01 00:00:00.000000222,91.677025,86,16
1970-01-01 00:00:00.000000222,90.69854,86,17
1970-01-01 00:00:00.000000223,91.33975,86,17
1970-01-01 00:00:00.000000223,91.478035,86,18
1970-01-01 00:00:00.000000224,91.90666,86,18
1970-01-01 00:00:00.000000224,92.315544,86,19
1970-01-01 00:00:00.000000225,92.42594,86,19
1970-01-01 00:00:00.000000225,92.98525,86,20
1970-01-01 00:00:00.000000226,93.03275,86,20
1970-01-01 00:00:00.000000226,92.68678,86,21
1970-01-01 00:00:00.000000227,92.64978,86,21
1970-01-01 00:00:00.000000227,93.11802,86,22
1970-01-01 00:00:00.000000228,93.055466,86,22
1970-01-01 00:00:00.000000228,91.79573,86,23
1970-01-01 00:00:00.000000229,91.763176,86,23
1970-01-01 00:00:00.000000229,91.02476,86,24
1970-01-01 00:00:00.000000230,90.6017,86,24
1970-01-01 00:00:00.000000230,90.72686,86,25
1970-01-01 00:00:00.000000231,90.219955,86,25
1970-01-01 00:00:00.000000231,89.11464,86,26
1970-01-01 00:00:00.000000232,89.147514,86,26
1970-01-01 00:00:00.000000232,88.02951,86,27
1970-01-01 00:00:00.000000233,89.26847,86,27
1970-01-01 00:00:00.000000233,91.96669,86,28
1970-01-01 00:00:00.000000234,92.37988,86,28
1970-01-01 00:00:00.000000234,90.975555,86,29
1970-01-01 00:00:00.000000235,91.37152,86,29
1970-01-01 00:00:00.000000235,92.311165,86,30
1970-01-01 00:00:00.000000236,92.39828,86,30
1970-01-01 00:00:00.000000236,92.413025,86,31
1970-01-01 00:00:00.000000237,92.321175,86,31
1970-01-01 00:00:00.000000237,93.31023,86,32
1970-01-01 00:00:00.000000238,92.96085,86,32
1970-01-01 00:00:00.000000238,92.127594,86,33
1970-01-01 00:00:00.000000239,89.323166,86,33
1970-01-01 00:00:00.000000239,87.73794,86,34
1970-01-01 00:00:00.000000240,81.443855,86,34
1970-01-01 00:00:00.000000385,95.460526,87,10
1970-01-01 00:00:00.000000386,95.41169,87,10
1970-01-01 00:00:00.000000386,95.45318,87,11
1970-01-01 00:00:00.000000387,95.424164,87,11
1970-01-01 00:00:00.000000387,95.49238,87,12
1970-01-01 00:00:00.000000388,95.50405,87,12
1970-01-01 00:00:00.000000388,95.32129,87,13
1970-01-01 00:00:00.000000389,95.45511,87,13
1970-01-01 00:00:00.000000389,95.16749,87,14
1970-01-01 00:00:00.000000390,95.38191,87,14
1970-01-01 00:00:00.000000390,95.160706,87,15
1970-01-01 00:00:00.000000391,95.33771,87,15
1970-01-01 00:00:00.000000391,94.69283,87,16
1970-01-01 00:00:00.000000392,95.026535,87,16
1970-01-01 00:00:00.000000392,94.584885,87,17
1970-01-01 00:00:00.000000393,94.929474,87,17
1970-01-01 00:00:00.000000393,95.22017,87,18
1970-01-01 00:00:00.000000394,95.34765,87,18
1970-01-01 00:00:00.000000394,95.240395,87,19
1970-01-01 00:00:00.000000395,95.3337,87,19
1970-01-01 00:00:00.000000395,94.58916,87,20
1970-01-01 00:00:00.000000396,94.838295,87,20
1970-01-01 00:00:00.000000396,94.71293,87,21
1970-01-01 00:00:00.000000397,94.8843,87,21
1970-01-01 00:00:00.000000397,94.20609,87,22
1970-01-01 00:00:00.000000398,94.48868,87,22
1970-01-01 00:00:00.000000398,93.38122,87,23
1970-01-01 00:00:00.000000399,93.314705,87,23
1970-01-01 00:00:00.000000399,92.9623,87,24
1970-01-01 00:00:00.000000400,92.91874,87,24
1970-01-01 00:00:00.000000400,92.3174,87,25
1970-01-01 00:00:00.000000401,92.966934,87,25
1970-01-01 00:00:00.000000401,89.17154,87,26
1970-01-01 00:00:00.000000402,92.80418,87,26
1970-01-01 00:00:00.000000402,93.06551,87,27
1970-01-01 00:00:00.000000403,93.8395,87,27
1970-01-01 00:00:00.000000403,92.97678,87,28
1970-01-01 00:00:00.000000404,93.67494,87,28
1970-01-01 00:00:00.000000404,92.61497,87,29
1970-01-01 00:00:00.000000405,93.292336,87,29
1970-01-01 00:00:00.000000405,92.21117,87,30
1970-01-01 00:00:00.000000406,92.85142,87,30
1970-01-01 00:00:00.000000406,92.80532,87,31
1970-01-01 00:00:00.000000407,93.114006,87,31
1970-01-01 00:00:00.000000407,92.63079,87,32
1970-01-01 00:00:00.000000408,92.94244,87,32
1970-01-01 00:00:00.000000408,92.52493,87,33
1970-01-01 00:00:00.000000409,92.875,87,33
1970-01-01 00:00:00.000000409,92.978325,87,34
1970-01-01 00:00:00.000000410,92.971436,87,34
1970-01-01 00:00:00.000000410,93.58382,87,35
1970-01-01 00:00:00.000000411,93.51993,87,35
1970-01-01 00:00:00.000000411,94.06135,87,36
1970-01-01 00:00:00.000000412,94.00379,87,36
1970-01-01 00:00:00.000000412,94.43327,87,37
1970-01-01 00:00:00.000000413,94.35852,87,37
1970-01-01 00:00:00.000000413,94.53717,87,38
1970-01-01 00:00:00.000000414,94.47409,87,38
1970-01-01 00:00:00.000000414,93.7184,87,39
1970-01-01 00:00:00.000000415,93.98001,87,39
1970-01-01 00:00:00.000000415,92.1504,87,40
1970-01-01 00:00:00.000000416,93.0114,87,40
1970-01-01 00:00:00.000000416,91.925705,87,41
1970-01-01 00:00:00.000000417,92.7558,87,41
1970-01-01 00:00:00.000000417,92.03549,87,42
1970-01-01 00:00:00.000000418,92.84643,87,42
1970-01-01 00:00:00.000000418,91.47081,87,43
1970-01-01 00:00:00.000000419,92.39936,87,43
1970-01-01 00:00:00.000000419,91.26899,87,44
1970-01-01 00:00:00.000000420,92.1399,87,44
1970-01-01 00:00:00.000000420,91.81534,87,45
1970-01-01 00:00:00.000000421,92.382225,87,45
1970-01-01 00:00:00.000000421,91.98211,87,46
1970-01-01 00:00:00.000000422,92.264496,87,46
1970-01-01 00:00:00.000000422,91.27312,87,47
1970-01-01 00:00:00.000000423,91.50923,87,47
1970-01-01 00:00:00.000000423,91.13899,87,48
1970-01-01 00:00:00.000000424,91.39442,87,48
1970-01-01 00:00:00.000000424,93.22516,87,49
1970-01-01 00:00:00.000000425,93.04577,87,49
1970-01-01 00:00:00.000000425,97.030495,87,50
1970-01-01 00:00:00.000000426,96.4833,87,50
1970-01-01 00:00:00.000000426,96.2706,87,51
1970-01-01 00:00:00.000000427,96.18263,87,51
1970-01-01 00:00:00.000000427,93.82672,87,52
1970-01-01 00:00:00.000000428,94.50245,87,52
1970-01-01 00:00:00.000000428,92.422226,87,53
1970-01-01 00:00:00.000000429,93.704735,87,53
1970-01-01 00:00:00.000000429,89.714424,87,54
1970-01-01 00:00:00.000000430,91.70771,87,54
1970-01-01 00:00:00.000000430,89.74737,87,55
1970-01-01 00:00:00.000000431,91.68494,87,55
1970-01-01 00:00:00.000000431,92.90763,87,56
1970-01-01 00:00:00.000000432,93.956085,87,56
1970-01-01 00:00:00.000000432,95.115036,87,57
1970-01-01 00:00:00.000000433,95.15986,87,57
1970-01-01 00:00:00.000000433,92.697525,87,58
1970-01-01 00:00:00.000000434,86.41008,87,58
1970-01-01 00:00:00.000000434,85.4554,87,59
1970-01-01 00:00:00.000000435,79.24411,87,59
1970-01-01 00:00:00.000000435,62.505566,87,60
1970-01-01 00:00:00.000000436,62.4869,87,60
1970-01-01 00:00:00.000000436,73.934784,87,61
1970-01-01 00:00:00.000000437,81.04649,87,61
1970-01-01 00:00:00.000000437,84.23503,87,62
1970-01-01 00:00:00.000000438,88.39092,87,62
1970-01-01 00:00:00.000000438,90.18698,87,63
1970-01-01 00:00:00.000000439,93.54641,87,63
1970-01-01 00:00:00.000000439,93.614105,87,64
1970-01-01 00:00:00.000000440,94.434746,87,64
1970-01-01 00:00:00.000000440,93.36848,87,65
1970-01-01 00:00:00.000000441,90.085785,87,65
1970-01-01 00:00:00.000000355,80.84368,88,10
1970-01-01 00:00:00.000000356,80.84409,88,10
1970-01-01 00:00:00.000000356,80.91405,88,11
1970-01-01 00:00:00.000000357,80.925766,88,11
1970-01-01 00:00:00.000000357,80.963455,88,12
1970-01-01 00:00:00.000000358,80.98695,88,12
1970-01-01 00:00:00.000000358,81.04492,88,13
1970-01-01 00:00:00.000000359,81.07479,88,13
1970-01-01 00:00:00.000000359,81.38785,88,14
1970-01-01 00:00:00.000000360,81.456566,88,14
1970-01-01 00:00:00.000000360,81.34351,88,15
1970-01-01 00:00:00.000000361,81.39438,88,15
1970-01-01 00:00:00.000000361,81.008026,88,16
1970-01-01 00:00:00.000000362,80.99972,88,16
1970-01-01 00:00:00.000000362,81.13371,88,17
1970-01-01 00:00:00.000000363,81.13747,88,17
1970-01-01 00:00:00.000000363,80.88156,88,18
1970-01-01 00:00:00.000000364,80.87662,88,18
1970-01-01 00:00:00.000000364,80.79031,88,19
1970-01-01 00:00:00.000000365,80.779854,88,19
1970-01-01 00:00:00.000000365,80.859085,88,20
1970-01-01 00:00:00.000000366,80.86947,88,20
1970-01-01 00:00:00.000000366,81.01975,88,21
1970-01-01 00:00:00.000000367,81.0566,88,21
1970-01-01 00:00:00.000000367,81.19555,88,22
1970-01-01 00:00:00.000000368,81.24909,88,22
1970-01-01 00:00:00.000000368,81.00303,88,23
1970-01-01 00:00:00.000000369,81.01864,88,23
1970-01-01 00:00:00.000000369,81.200966,88,24
1970-01-01 00:00:00.000000370,81.23222,88,24
1970-01-01 00:00:00.000000370,80.87747,88,25
1970-01-01 00:00:00.000000371,80.86944,88,25
1970-01-01 00:00:00.000000371,81.35847,88,26
1970-01-01 00:00:00.000000372,81.41905,88,26
1970-01-01 00:00:00.000000372,81.189125,88,27
1970-01-01 00:00:00.000000373,81.22218,88,27
1970-01-01 00:00:00.000000373,81.27027,88,28
1970-01-01 00:00:00.000000374,81.30082,88,28
1970-01-01 00:00:00.000000374,81.105415,88,29
1970-01-01 00:00:00.000000375,81.10099,88,29
1970-01-01 00:00:00.000000375,81.46256,88,30
1970-01-01 00:00:00.000000376,81.508026,88,30
1970-01-01 00:00:00.000000376,81.20927,88,31
1970-01-01 00:00:00.000000377,81.21982,88,31
1970-01-01 00:00:00.000000377,81.16563,88,32
1970-01-01 00:00:00.000000378,81.16474,88,32
1970-01-01 00:00:00.000000378,81.18765,88,33
1970-01-01 00:00:00.000000379,81.1875,88,33
1970-01-01 00:00:00.000000379,80.88468,88,34
1970-01-01 00:00:00.000000380,80.87202,88,34
1970-01-01 00:00:00.000000380,80.64784,88,35
1970-01-01 00:00:00.000000381,80.66209,88,35
1970-01-01 00:00:00.000000381,80.7458,88,36
1970-01-01 00:00:00.000000382,80.73655,88,36
1970-01-01 00:00:00.000000382,80.61525,88,37
1970-01-01 00:00:00.000000383,80.59682,88,37
1970-01-01 00:00:00.000000383,80.66711,88,38
1970-01-01 00:00:00.000000384,80.67447,88,38
1970-01-01 00:00:00.000000384,80.61817,88,39
1970-01-01 00:00:00.000000385,80.630455,88,39
1970-01-01 00:00:00.000000385,80.23114,88,40
1970-01-01 00:00:00.000000386,80.223656,88,40
1970-01-01 00:00:00.000000386,81.106445,88,41
1970-01-01 00:00:00.000000387,81.189384,88,41
1970-01-01 00:00:00.000000387,81.14129,88,42
1970-01-01 00:00:00.000000388,81.22658,88,42
1970-01-01 00:00:00.000000388,81.38669,88,43
1970-01-01 00:00:00.000000389,81.47675,88,43
1970-01-01 00:00:00.000000389,81.88927,88,44
1970-01-01 00:00:00.000000390,81.99757,88,44
1970-01-01 00:00:00.000000390,82.24726,88,45
1970-01-01 00:00:00.000000391,82.36119,88,45
1970-01-01 00:00:00.000000391,82.86022,88,46
1970-01-01 00:00:00.000000392,83.02039,88,46
1970-01-01 00:00:00.000000392,82.05648,88,47
1970-01-01 00:00:00.000000393,82.08153,88,47
1970-01-01 00:00:00.000000393,83.23124,88,48
1970-01-01 00:00:00.000000394,83.35396,88,48
1970-01-01 00:00:00.000000394,83.5468,88,49
1970-01-01 00:00:00.000000395,83.71273,88,49
1970-01-01 00:00:00.000000395,83.582634,88,50
1970-01-01 00:00:00.000000396,83.742226,88,50
1970-01-01 00:00:00.000000396,83.852806,88,51
1970-01-01 00:00:00.000000397,83.96746,88,51
1970-01-01 00:00:00.000000397,84.10022,88,52
1970-01-01 00:00:00.000000398,84.203354,88,52
1970-01-01 00:00:00.000000398,84.40033,88,53
1970-01-01 00:00:00.000000399,84.53134,88,53
1970-01-01 00:00:00.000000399,84.96362,88,54
1970-01-01 00:00:00.000000400,85.10634,88,54
1970-01-01 00:00:00.000000400,85.37462,88,55
1970-01-01 00:00:00.000000401,85.50416,88,55
1970-01-01 00:00:00.000000401,85.55259,88,56
1970-01-01 00:00:00.000000402,85.67497,88,56
1970-01-01 00:00:00.000000402,85.026695,88,57
1970-01-01 00:00:00.000000403,85.01631,88,57
1970-01-01 00:00:00.000000403,85.00839,88,58
1970-01-01 00:00:00.000000404,84.95622,88,58
1970-01-01 00:00:00.000000404,84.84884,88,59
1970-01-01 00:00:00.000000405,84.808586,88,59
1970-01-01 00:00:00.000000093,77.77272,89,10
1970-01-01 00:00:00.000000094,68.892876,89,10
1970-01-01 00:00:00.000000094,80.59394,89,11
1970-01-01 00:00:00.000000095,75.46835,89,11
1970-01-01 00:00:00.000000095,79.10003,89,12
1970-01-01 00:00:00.000000096,65.84453,89,12
1970-01-01 00:00:00.000000096,93.53222,89,13
1970-01-01 00:00:00.000000097,91.428635,89,13
1970-01-01 00:00:00.000000101,71.65803,92,10
1970-01-01 00:00:00.000000102,71.72521,92,10
1970-01-01 00:00:00.000000102,72.73536,92,11
1970-01-01 00:00:00.000000103,72.814384,92,11
1970-01-01 00:00:00.000000103,72.65298,92,12
1970-01-01 00:00:00.000000104,72.72459,92,12
1970-01-01 00:00:00.000000104,72.36866,92,13
1970-01-01 00:00:00.000000105,72.35539,92,13
1970-01-01 00:00:00.000000105,73.00737,92,14
1970-01-01 00:00:00.000000106,73.07415,92,14
1970-01-01 00:00:00.000000166,84.86453,93,10
1970-01-01 00:00:00.000000167,85.26192,93,10
1970-01-01 00:00:00.000000167,84.46394,93,11
1970-01-01 00:00:00.000000168,84.80913,93,11
1970-01-01 00:00:00.000000168,84.67754,93,12
1970-01-01 00:00:00.000000169,84.9606,93,12
1970-01-01 00:00:00.000000169,84.90757,93,13
1970-01-01 00:00:00.000000170,85.14213,93,13
1970-01-01 00:00:00.000000170,84.984085,93,14
1970-01-01 00:00:00.000000171,85.10694,93,14
1970-01-01 00:00:00.000000171,86.55641,93,15
1970-01-01 00:00:00.000000172,86.620865,93,15
1970-01-01 00:00:00.000000172,88.18708,93,16
1970-01-01 00:00:00.000000173,88.205345,93,16
1970-01-01 00:00:00.000000173,89.76526,93,17
1970-01-01 00:00:00.000000174,89.81609,93,17
1970-01-01 00:00:00.000000174,89.69825,93,18
1970-01-01 00:00:00.000000175,88.89605,93,18
1970-01-01 00:00:00.000000175,88.77647,93,19
1970-01-01 00:00:00.000000176,87.20141,93,19
1970-01-01 00:00:00.000000176,86.43172,93,20
1970-01-01 00:00:00.000000177,86.63503,93,20
1970-01-01 00:00:00.000000177,87.251305,93,21
1970-01-01 00:00:00.000000178,90.95973,93,21
1970-01-01 00:00:00.000000178,100.0,93,22
1970-01-01 00:00:00.000000179,100.0,93,22
1970-01-01 00:00:00.000000179,76.16408,93,23
1970-01-01 00:00:00.000000180,59.80246,93,23
1970-01-01 00:00:00.000000180,80.80905,93,24
1970-01-01 00:00:00.000000181,71.50224,93,24
1970-01-01 00:00:00.000000181,80.31461,93,25
1970-01-01 00:00:00.000000182,66.37209,93,25
1970-01-01 00:00:00.000000182,94.74838,93,26
1970-01-01 00:00:00.000000183,93.21855,93,26
1970-01-01 00:00:00.000000114,76.92006,95,10
1970-01-01 00:00:00.000000115,77.09881,95,10
1970-01-01 00:00:00.000000115,76.73032,95,11
1970-01-01 00:00:00.000000116,77.096214,95,11
1970-01-01 00:00:00.000000116,77.892426,95,12
1970-01-01 00:00:00.000000117,78.23773,95,12
1970-01-01 00:00:00.000000117,79.260704,95,13
1970-01-01 00:00:00.000000118,79.53701,95,13
1970-01-01 00:00:00.000000118,77.80469,95,14
1970-01-01 00:00:00.000000119,78.01905,95,14
1970-01-01 00:00:00.000000119,78.008095,95,15
1970-01-01 00:00:00.000000120,78.0451,95,15
1970-01-01 00:00:00.000000120,77.20367,95,16
1970-01-01 00:00:00.000000121,77.22798,95,16
1970-01-01 00:00:00.000000121,76.579506,95,17
1970-01-01 00:00:00.000000122,76.696976,95,17
1970-01-01 00:00:00.000000183,74.55731,96,10
1970-01-01 00:00:00.000000184,74.56709,96,10
1970-01-01 00:00:00.000000184,73.86883,96,11
1970-01-01 00:00:00.000000185,73.78126,96,11
1970-01-01 00:00:00.000000185,75.84523,96,12
1970-01-01 00:00:00.000000186,75.95762,96,12
1970-01-01 00:00:00.000000186,75.128296,96,13
1970-01-01 00:00:00.000000187,75.22525,96,13
1970-01-01 00:00:00.000000187,74.78721,96,14
1970-01-01 00:00:00.000000188,74.84668,96,14
1970-01-01 00:00:00.000000188,75.30944,96,15
1970-01-01 00:00:00.000000189,75.304054,96,15
1970-01-01 00:00:00.000000189,75.059586,96,16
1970-01-01 00:00:00.000000190,75.09176,96,16
1970-01-01 00:00:00.000000190,75.680695,96,17
1970-01-01 00:00:00.000000191,75.77856,96,17
1970-01-01 00:00:00.000000191,75.24335,96,18
1970-01-01 00:00:00.000000192,75.25968,96,18
1970-01-01 00:00:00.000000192,74.91043,96,19
1970-01-01 00:00:00.000000193,74.88329,96,19
1970-01-01 00:00:00.000000193,76.20416,96,20
1970-01-01 00:00:00.000000194,76.2515,96,20
1970-01-01 00:00:00.000000194,75.24901,96,21
1970-01-01 00:00:00.000000195,75.27753,96,21
1970-01-01 00:00:00.000000195,74.31942,96,22
1970-01-01 00:00:00.000000196,74.35915,96,22
1970-01-01 00:00:00.000000196,73.37685,96,23
1970-01-01 00:00:00.000000197,73.50578,96,23
1970-01-01 00:00:00.000000197,72.0133,96,24
1970-01-01 00:00:00.000000198,72.277145,96,24
1970-01-01 00:00:00.000000198,71.997986,96,25
1970-01-01 00:00:00.000000199,72.10384,96,25
1970-01-01 00:00:00.000000199,74.157715,96,26
1970-01-01 00:00:00.000000200,74.56027,96,26
1970-01-01 00:00:00.000000200,74.33612,96,27
1970-01-01 00:00:00.000000201,74.63459,96,27
1970-01-01 00:00:00.000000201,73.92098,96,28
1970-01-01 00:00:00.000000202,73.99707,96,28
1970-01-01 00:00:00.000000202,73.4704,96,29
1970-01-01 00:00:00.000000203,73.37762,96,29
1970-01-01 00:00:00.000000079,94.67989,98,10
1970-01-01 00:00:00.000000080,73.06877,98,10
1970-01-01 00:00:00.000000080,95.46858,98,11
1970-01-01 00:00:00.000000081,71.6186,98,11
1970-01-01 00:00:00.000000096,100.0,99,10
1970-01-01 00:00:00.000000097,94.02029,99,10
1970-01-01 00:00:00.000000097,78.29268,99,11
1970-01-01 00:00:00.000000098,63.33154,99,11
1970-01-01 00:00:00.000000098,95.27251,99,12
1970-01-01 00:00:00.000000099,90.66884,99,12
1970-01-01 00:00:00.000000099,88.400055,99,13
1970-01-01 00:00:00.000000100,58.1174,99,13
1970-01-01 00:00:00.000000100,82.90884,99,14
1970-01-01 00:00:00.000000101,40.508167,99,14
1970-01-01 00:00:00.000000340,84.48827,100,10
1970-01-01 00:00:00.000000341,84.527054,100,10
1970-01-01 00:00:00.000000341,82.812416,100,11
1970-01-01 00:00:00.000000342,83.05497,100,11
1970-01-01 00:00:00.000000342,81.998024,100,12
1970-01-01 00:00:00.000000343,82.12517,100,12
1970-01-01 00:00:00.000000343,81.40014,100,13
1970-01-01 00:00:00.000000344,81.27917,100,13
1970-01-01 00:00:00.000000344,80.607574,100,14
1970-01-01 00:00:00.000000345,80.42271,100,14
1970-01-01 00:00:00.000000345,80.24951,100,15
1970-01-01 00:00:00.000000346,80.02075,100,15
1970-01-01 00:00:00.000000346,80.15369,100,16
1970-01-01 00:00:00.000000347,79.928925,100,16
1970-01-01 00:00:00.000000347,78.788155,100,17
1970-01-01 00:00:00.000000348,78.7444,100,17
1970-01-01 00:00:00.000000348,77.440414,100,18
1970-01-01 00:00:00.000000349,77.65872,100,18
1970-01-01 00:00:00.000000349,75.7917,100,19
1970-01-01 00:00:00.000000350,76.0003,100,19
1970-01-01 00:00:00.000000350,76.059746,100,20
1970-01-01 00:00:00.000000351,75.79388,100,20
1970-01-01 00:00:00.000000351,75.92603,100,21
1970-01-01 00:00:00.000000352,75.732895,100,21
1970-01-01 00:00:00.000000352,75.25953,100,22
1970-01-01 00:00:00.000000353,74.99005,100,22
1970-01-01 00:00:00.000000353,74.83828,100,23
1970-01-01 00:00:00.000000354,74.61979,100,23
1970-01-01 00:00:00.000000354,74.370964,100,24
1970-01-01 00:00:00.000000355,74.23125,100,24
1970-01-01 00:00:00.000000355,74.11009,100,25
1970-01-01 00:00:00.000000356,74.00659,100,25
1970-01-01 00:00:00.000000356,73.44765,100,26
1970-01-01 00:00:00.000000357,73.43709,100,26
1970-01-01 00:00:00.000000357,75.697136,100,27
1970-01-01 00:00:00.000000358,75.84762,100,27
1970-01-01 00:00:00.000000358,73.00159,100,28
1970-01-01 00:00:00.000000359,73.07006,100,28
1970-01-01 00:00:00.000000359,73.0193,100,29
1970-01-01 00:00:00.000000360,73.02729,100,29
1970-01-01 00:00:00.000000360,71.91782,100,30
1970-01-01 00:00:00.000000361,72.08691,100,30
1970-01-01 00:00:00.000000361,71.686035,100,31
1970-01-01 00:00:00.000000362,71.603065,100,31
1970-01-01 00:00:00.000000362,71.35834,100,32
1970-01-01 00:00:00.000000363,71.265755,100,32
1970-01-01 00:00:00.000000363,72.4308,100,33
1970-01-01 00:00:00.000000364,72.52259,100,33
1970-01-01 00:00:00.000000364,72.744095,100,34
1970-01-01 00:00:00.000000365,72.855385,100,34
1970-01-01 00:00:00.000000365,73.01199,100,35
1970-01-01 00:00:00.000000366,73.11039,100,35
1970-01-01 00:00:00.000000366,72.48698,100,36
1970-01-01 00:00:00.000000367,72.49146,100,36
1970-01-01 00:00:00.000000367,72.13506,100,37
1970-01-01 00:00:00.000000368,72.00901,100,37
1970-01-01 00:00:00.000000368,71.85019,100,38
1970-01-01 00:00:00.000000369,71.798096,100,38
1970-01-01 00:00:00.000000369,71.544914,100,39
1970-01-01 00:00:00.000000370,71.502045,100,39
1970-01-01 00:00:00.000000370,71.910065,100,40
1970-01-01 00:00:00.000000371,71.93051,100,40
1970-01-01 00:00:00.000000371,72.02104,100,41
1970-01-01 00:00:00.000000372,72.057304,100,41
1970-01-01 00:00:00.000000372,71.225395,100,42
1970-01-01 00:00:00.000000373,71.21464,100,42
1970-01-01 00:00:00.000000373,71.602165,100,43
1970-01-01 00:00:00.000000374,71.55386,100,43
1970-01-01 00:00:00.000000374,72.71494,100,44
1970-01-01 00:00:00.000000375,72.80651,100,44
1970-01-01 00:00:00.000000375,71.391014,100,45
1970-01-01 00:00:00.000000376,71.363815,100,45
1970-01-01 00:00:00.000000376,70.816154,100,46
1970-01-01 00:00:00.000000377,70.82297,100,46
1970-01-01 00:00:00.000000377,70.52097,100,47
1970-01-01 00:00:00.000000378,70.57604,100,47
1970-01-01 00:00:00.000000378,69.4314,100,48
1970-01-01 00:00:00.000000379,69.53432,100,48
1970-01-01 00:00:00.000000379,68.13949,100,49
1970-01-01 00:00:00.000000380,68.30443,100,49
1970-01-01 00:00:00.000000380,65.767166,100,50
1970-01-01 00:00:00.000000381,65.829765,100,50
1970-01-01 00:00:00.000000381,64.896324,100,51
1970-01-01 00:00:00.000000382,62.201443,100,51
1970-01-01 00:00:00.000000382,63.27511,100,52
1970-01-01 00:00:00.000000383,58.392197,100,52
1970-01-01 00:00:00.000000383,100.0,100,53
1970-01-01 00:00:00.000000384,96.49649,100,53
1970-01-01 00:00:00.000000384,100.0,100,54
1970-01-01 00:00:00.000000385,79.70359,100,54
1970-01-01 00:00:00.000000385,85.77479,100,55
1970-01-01 00:00:00.000000386,68.46404,100,55
1970-01-01 00:00:00.000000386,83.89352,100,56
1970-01-01 00:00:00.000000387,63.250427,100,56
1970-01-01 00:00:00.000000387,87.49778,100,57
1970-01-01 00:00:00.000000388,73.38682,100,57
1970-01-01 00:00:00.000000142,84.03431,101,10
1970-01-01 00:00:00.000000143,84.36495,101,10
1970-01-01 00:00:00.000000143,84.35426,101,11
1970-01-01 00:00:00.000000144,84.63462,101,11
1970-01-01 00:00:00.000000144,85.34789,101,12
1970-01-01 00:00:00.000000145,85.6751,101,12
1970-01-01 00:00:00.000000145,86.49651,101,13
1970-01-01 00:00:00.000000146,86.867905,101,13
1970-01-01 00:00:00.000000146,87.09386,101,14
1970-01-01 00:00:00.000000147,87.46996,101,14
1970-01-01 00:00:00.000000147,87.97906,101,15
1970-01-01 00:00:00.000000148,88.311455,101,15
1970-01-01 00:00:00.000000148,88.555855,101,16
1970-01-01 00:00:00.000000149,88.812614,101,16
1970-01-01 00:00:00.000000149,88.916725,101,17
1970-01-01 00:00:00.000000150,89.11914,101,17
1970-01-01 00:00:00.000000150,90.24836,101,18
1970-01-01 00:00:00.000000151,90.44232,101,18
1970-01-01 00:00:00.000000151,90.30775,101,19
1970-01-01 00:00:00.000000152,90.49036,101,19
1970-01-01 00:00:00.000000152,90.02853,101,20
1970-01-01 00:00:00.000000153,90.13848,101,20
1970-01-01 00:00:00.000000153,90.089386,101,21
1970-01-01 00:00:00.000000154,90.12154,101,21
1970-01-01 00:00:00.000000154,90.7771,101,22
1970-01-01 00:00:00.000000155,90.89498,101,22
1970-01-01 00:00:00.000000187,78.97655,103,10
1970-01-01 00:00:00.000000188,79.00434,103,10
1970-01-01 00:00:00.000000188,79.631256,103,11
1970-01-01 00:00:00.000000189,79.7187,103,11
1970-01-01 00:00:00.000000189,79.28685,103,12
1970-01-01 00:00:00.000000190,79.33306,103,12
1970-01-01 00:00:00.000000190,79.63369,103,13
1970-01-01 00:00:00.000000191,79.71051,103,13
1970-01-01 00:00:00.000000191,79.94083,103,14
1970-01-01 00:00:00.000000192,80.02116,103,14
1970-01-01 00:00:00.000000192,80.103355,103,15
1970-01-01 00:00:00.000000193,80.19361,103,15
1970-01-01 00:00:00.000000193,79.93378,103,16
1970-01-01 00:00:00.000000194,79.977516,103,16
1970-01-01 00:00:00.000000194,81.27867,103,17
1970-01-01 00:00:00.000000195,81.38241,103,17
1970-01-01 00:00:00.000000195,80.56614,103,18
1970-01-01 00:00:00.000000196,80.63445,103,18
1970-01-01 00:00:00.000000196,81.151535,103,19
1970-01-01 00:00:00.000000197,81.24546,103,19
1970-01-01 00:00:00.000000197,81.314255,103,20
1970-01-01 00:00:00.000000198,81.39823,103,20
1970-01-01 00:00:00.000000198,81.27178,103,21
1970-01-01 00:00:00.000000199,81.3456,103,21
1970-01-01 00:00:00.000000199,81.659966,103,22
1970-01-01 00:00:00.000000200,81.77355,103,22
1970-01-01 00:00:00.000000200,82.350334,103,23
1970-01-01 00:00:00.000000201,82.471016,103,23
1970-01-01 00:00:00.000000201,83.26407,103,24
1970-01-01 00:00:00.000000202,83.46213,103,24
1970-01-01 00:00:00.000000202,82.768875,103,25
1970-01-01 00:00:00.000000203,82.86181,103,25
1970-01-01 00:00:00.000000203,82.34316,103,26
1970-01-01 00:00:00.000000204,82.25963,103,26
1970-01-01 00:00:00.000000204,83.03465,103,27
1970-01-01 00:00:00.000000205,83.09356,103,27
1970-01-01 00:00:00.000000205,83.39209,103,28
1970-01-01 00:00:00.000000206,83.51818,103,28
1970-01-01 00:00:00.000000206,82.78041,103,29
1970-01-01 00:00:00.000000207,82.79185,103,29
1970-01-01 00:00:00.000000207,82.31422,103,30
1970-01-01 00:00:00.000000208,82.20581,103,30
1970-01-01 00:00:00.000000080,82.25189,104,10
1970-01-01 00:00:00.000000081,70.565414,104,10
1970-01-01 00:00:00.000000081,86.15896,104,11
1970-01-01 00:00:00.000000082,74.26829,104,11
1970-01-01 00:00:00.000000190,92.8433,105,10
1970-01-01 00:00:00.000000191,92.86217,105,10
1970-01-01 00:00:00.000000191,93.38493,105,11
1970-01-01 00:00:00.000000192,93.41229,105,11
1970-01-01 00:00:00.000000192,94.355515,105,12
1970-01-01 00:00:00.000000193,94.34417,105,12
1970-01-01 00:00:00.000000193,92.322495,105,13
1970-01-01 00:00:00.000000194,92.20644,105,13
1970-01-01 00:00:00.000000194,95.82986,105,14
1970-01-01 00:00:00.000000195,95.917076,105,14
1970-01-01 00:00:00.000000195,93.181,105,15
1970-01-01 00:00:00.000000196,93.139336,105,15
1970-01-01 00:00:00.000000196,94.19663,105,16
1970-01-01 00:00:00.000000197,94.1234,105,16
1970-01-01 00:00:00.000000197,94.246826,105,17
1970-01-01 00:00:00.000000198,94.15389,105,17
1970-01-01 00:00:00.000000198,94.188,105,18
1970-01-01 00:00:00.000000199,94.18944,105,18
1970-01-01 00:00:00.000000199,93.603,105,19
1970-01-01 00:00:00.000000200,93.60757,105,19
1970-01-01 00:00:00.000000200,94.135056,105,20
1970-01-01 00:00:00.000000201,94.11612,105,20
1970-01-01 00:00:00.000000201,94.47198,105,21
1970-01-01 00:00:00.000000202,94.51871,105,21
1970-01-01 00:00:00.000000202,95.761566,105,22
1970-01-01 00:00:00.000000203,95.83956,105,22
1970-01-01 00:00:00.000000203,96.13087,105,23
1970-01-01 00:00:00.000000204,96.1601,105,23
1970-01-01 00:00:00.000000204,96.27305,105,24
1970-01-01 00:00:00.000000205,96.18909,105,24
1970-01-01 00:00:00.000000205,95.3086,105,25
1970-01-01 00:00:00.000000206,95.0532,105,25
1970-01-01 00:00:00.000000206,94.00446,105,26
1970-01-01 00:00:00.000000207,93.579605,105,26
1970-01-01 00:00:00.000000207,93.34535,105,27
1970-01-01 00:00:00.000000208,93.122604,105,27
1970-01-01 00:00:00.000000208,93.15286,105,28
1970-01-01 00:00:00.000000209,92.83489,105,28
1970-01-01 00:00:00.000000209,89.586525,105,29
1970-01-01 00:00:00.000000210,89.40866,105,29
1970-01-01 00:00:00.000000210,89.4365,105,30
1970-01-01 00:00:00.000000211,89.016136,105,30
1970-01-01 00:00:00.000000281,78.47702,106,10
1970-01-01 00:00:00.000000282,78.52285,106,10
1970-01-01 00:00:00.000000282,78.36394,106,11
1970-01-01 00:00:00.000000283,78.359505,106,11
1970-01-01 00:00:00.000000283,78.25249,106,12
1970-01-01 00:00:00.000000284,78.2183,106,12
1970-01-01 00:00:00.000000284,78.25783,106,13
1970-01-01 00:00:00.000000285,78.24324,106,13
1970-01-01 00:00:00.000000285,78.16239,106,14
1970-01-01 00:00:00.000000286,78.1474,106,14
1970-01-01 00:00:00.000000286,78.069695,106,15
1970-01-01 00:00:00.000000287,78.04988,106,15
1970-01-01 00:00:00.000000287,78.43446,106,16
1970-01-01 00:00:00.000000288,78.45078,106,16
1970-01-01 00:00:00.000000288,78.09369,106,17
1970-01-01 00:00:00.000000289,78.07783,106,17
1970-01-01 00:00:00.000000289,78.223694,106,18
1970-01-01 00:00:00.000000290,78.21918,106,18
1970-01-01 00:00:00.000000290,77.899925,106,19
1970-01-01 00:00:00.000000291,77.8791,106,19
1970-01-01 00:00:00.000000291,77.75169,106,20
1970-01-01 00:00:00.000000292,77.73584,106,20
1970-01-01 00:00:00.000000292,77.83184,106,21
1970-01-01 00:00:00.000000293,77.81691,106,21
1970-01-01 00:00:00.000000293,77.54822,106,22
1970-01-01 00:00:00.000000294,77.51787,106,22
1970-01-01 00:00:00.000000294,77.35283,106,23
1970-01-01 00:00:00.000000295,77.31671,106,23
1970-01-01 00:00:00.000000295,77.33426,106,24
1970-01-01 00:00:00.000000296,77.304756,106,24
1970-01-01 00:00:00.000000296,77.334114,106,25
1970-01-01 00:00:00.000000297,77.31339,106,25
1970-01-01 00:00:00.000000297,77.18676,106,26
1970-01-01 00:00:00.000000298,77.163734,106,26
1970-01-01 00:00:00.000000298,77.11263,106,27
1970-01-01 00:00:00.000000299,77.08553,106,27
1970-01-01 00:00:00.000000299,76.88715,106,28
1970-01-01 00:00:00.000000300,76.85479,106,28
1970-01-01 00:00:00.000000300,76.77508,106,29
1970-01-01 00:00:00.000000301,76.74375,106,29
1970-01-01 00:00:00.000000301,76.4547,106,30
1970-01-01 00:00:00.000000302,76.46029,106,30
1970-01-01 00:00:00.000000302,76.41155,106,31
1970-01-01 00:00:00.000000303,76.37496,106,31
1970-01-01 00:00:00.000000303,76.51242,106,32
1970-01-01 00:00:00.000000304,76.49322,106,32
1970-01-01 00:00:00.000000304,76.05039,106,33
1970-01-01 00:00:00.000000305,76.013954,106,33
1970-01-01 00:00:00.000000305,76.01976,106,34
1970-01-01 00:00:00.000000306,75.980194,106,34
1970-01-01 00:00:00.000000306,76.03637,106,35
1970-01-01 00:00:00.000000307,76.01034,106,35
1970-01-01 00:00:00.000000307,75.87519,106,36
1970-01-01 00:00:00.000000308,75.85118,106,36
1970-01-01 00:00:00.000000308,75.81728,106,37
1970-01-01 00:00:00.000000309,75.79559,106,37
1970-01-01 00:00:00.000000309,75.834274,106,38
1970-01-01 00:00:00.000000310,75.79572,106,38
1970-01-01 00:00:00.000000310,75.0656,106,39
1970-01-01 00:00:00.000000311,74.83761,106,39
1970-01-01 00:00:00.000000311,73.63101,106,40
1970-01-01 00:00:00.000000312,73.92009,106,40
1970-01-01 00:00:00.000000312,83.75488,106,41
1970-01-01 00:00:00.000000313,80.28219,106,41
1970-01-01 00:00:00.000000313,100.0,106,42
1970-01-01 00:00:00.000000314,99.01511,106,42
1970-01-01 00:00:00.000000314,88.34583,106,43
1970-01-01 00:00:00.000000315,81.70543,106,43
1970-01-01 00:00:00.000000315,85.480125,106,44
1970-01-01 00:00:00.000000316,74.1527,106,44
1970-01-01 00:00:00.000000316,85.82487,106,45
1970-01-01 00:00:00.000000317,70.65876,106,45
1970-01-01 00:00:00.000000317,87.888664,106,46
1970-01-01 00:00:00.000000318,78.1798,106,46
1970-01-01 00:00:00.000000083,80.6549,107,10
1970-01-01 00:00:00.000000084,51.553345,107,10
1970-01-01 00:00:00.000000084,88.49404,107,11
1970-01-01 00:00:00.000000085,80.80937,107,11
1970-01-01 00:00:00.000000213,95.88063,108,10
1970-01-01 00:00:00.000000214,95.86442,108,10
1970-01-01 00:00:00.000000214,95.961685,108,11
1970-01-01 00:00:00.000000215,95.97257,108,11
1970-01-01 00:00:00.000000215,95.8963,108,12
1970-01-01 00:00:00.000000216,95.91856,108,12
1970-01-01 00:00:00.000000216,95.80602,108,13
1970-01-01 00:00:00.000000217,95.84474,108,13
1970-01-01 00:00:00.000000217,95.86941,108,14
1970-01-01 00:00:00.000000218,95.9075,108,14
1970-01-01 00:00:00.000000218,95.89364,108,15
1970-01-01 00:00:00.000000219,95.92901,108,15
1970-01-01 00:00:00.000000219,96.02758,108,16
1970-01-01 00:00:00.000000220,96.039825,108,16
1970-01-01 00:00:00.000000220,96.04222,108,17
1970-01-01 00:00:00.000000221,96.049385,108,17
1970-01-01 00:00:00.000000221,95.88526,108,18
1970-01-01 00:00:00.000000222,95.92311,108,18
1970-01-01 00:00:00.000000222,95.87339,108,19
1970-01-01 00:00:00.000000223,95.91591,108,19
1970-01-01 00:00:00.000000223,95.79904,108,20
1970-01-01 00:00:00.000000224,95.84606,108,20
1970-01-01 00:00:00.000000224,95.81629,108,21
1970-01-01 00:00:00.000000225,95.85669,108,21
1970-01-01 00:00:00.000000225,95.90123,108,22
1970-01-01 00:00:00.000000226,95.928276,108,22
1970-01-01 00:00:00.000000226,96.15262,108,23
1970-01-01 00:00:00.000000227,96.16051,108,23
1970-01-01 00:00:00.000000227,96.055374,108,24
1970-01-01 00:00:00.000000228,96.06337,108,24
1970-01-01 00:00:00.000000228,96.04151,108,25
1970-01-01 00:00:00.000000229,96.053535,108,25
1970-01-01 00:00:00.000000229,95.9931,108,26
1970-01-01 00:00:00.000000230,96.0158,108,26
1970-01-01 00:00:00.000000230,96.515076,108,27
1970-01-01 00:00:00.000000231,96.527794,108,27
1970-01-01 00:00:00.000000231,96.42615,108,28
1970-01-01 00:00:00.000000232,96.42113,108,28
1970-01-01 00:00:00.000000232,96.53924,108,29
1970-01-01 00:00:00.000000233,96.52875,108,29
1970-01-01 00:00:00.000000233,96.5155,108,30
1970-01-01 00:00:00.000000234,96.499886,108,30
1970-01-01 00:00:00.000000234,96.55174,108,31
1970-01-01 00:00:00.000000235,96.544235,108,31
1970-01-01 00:00:00.000000235,96.50422,108,32
1970-01-01 00:00:00.000000236,96.50538,108,32
1970-01-01 00:00:00.000000236,96.78215,108,33
1970-01-01 00:00:00.000000237,96.773926,108,33
1970-01-01 00:00:00.000000237,97.121765,108,34
1970-01-01 00:00:00.000000238,97.12919,108,34
1970-01-01 00:00:00.000000083,96.313385,109,10
1970-01-01 00:00:00.000000084,96.369514,109,10
1970-01-01 00:00:00.000000084,96.357185,109,11
1970-01-01 00:00:00.000000085,96.225334,109,11
1970-01-01 00:00:00.000000505,86.81758,110,10
1970-01-01 00:00:00.000000506,86.93774,110,10
1970-01-01 00:00:00.000000506,85.96521,110,11
1970-01-01 00:00:00.000000507,86.00178,110,11
1970-01-01 00:00:00.000000507,87.012215,110,12
1970-01-01 00:00:00.000000508,87.084625,110,12
1970-01-01 00:00:00.000000508,87.667854,110,13
1970-01-01 00:00:00.000000509,87.77533,110,13
1970-01-01 00:00:00.000000509,87.968056,110,14
1970-01-01 00:00:00.000000510,88.11547,110,14
1970-01-01 00:00:00.000000510,88.50433,110,15
1970-01-01 00:00:00.000000511,88.6366,110,15
1970-01-01 00:00:00.000000511,89.18318,110,16
1970-01-01 00:00:00.000000512,89.30201,110,16
1970-01-01 00:00:00.000000512,90.09069,110,17
1970-01-01 00:00:00.000000513,90.24098,110,17
1970-01-01 00:00:00.000000513,90.71026,110,18
1970-01-01 00:00:00.000000514,90.86294,110,18
1970-01-01 00:00:00.000000514,91.20483,110,19
1970-01-01 00:00:00.000000515,91.3448,110,19
1970-01-01 00:00:00.000000515,92.46872,110,20
1970-01-01 00:00:00.000000516,92.60769,110,20
1970-01-01 00:00:00.000000516,93.32504,110,21
1970-01-01 00:00:00.000000517,93.46897,110,21
1970-01-01 00:00:00.000000517,93.70239,110,22
1970-01-01 00:00:00.000000518,93.8395,110,22
1970-01-01 00:00:00.000000518,93.459564,110,23
1970-01-01 00:00:00.000000519,93.54131,110,23
1970-01-01 00:00:00.000000519,92.35934,110,24
1970-01-01 00:00:00.000000520,92.105606,110,24
1970-01-01 00:00:00.000000520,91.74061,110,25
1970-01-01 00:00:00.000000521,91.4863,110,25
1970-01-01 00:00:00.000000521,91.475136,110,26
1970-01-01 00:00:00.000000522,91.30607,110,26
1970-01-01 00:00:00.000000522,90.766655,110,27
1970-01-01 00:00:00.000000523,90.73983,110,27
1970-01-01 00:00:00.000000523,90.24321,110,28
1970-01-01 00:00:00.000000524,90.15374,110,28
1970-01-01 00:00:00.000000524,89.76749,110,29
1970-01-01 00:00:00.000000525,89.591156,110,29
1970-01-01 00:00:00.000000525,89.78569,110,30
1970-01-01 00:00:00.000000526,89.50774,110,30
1970-01-01 00:00:00.000000526,89.63771,110,31
1970-01-01 00:00:00.000000527,89.42821,110,31
1970-01-01 00:00:00.000000527,89.49144,110,32
1970-01-01 00:00:00.000000528,89.38267,110,32
1970-01-01 00:00:00.000000528,91.84285,110,33
1970-01-01 00:00:00.000000529,91.99617,110,33
1970-01-01 00:00:00.000000529,92.434364,110,34
1970-01-01 00:00:00.000000530,92.56327,110,34
1970-01-01 00:00:00.000000530,92.69385,110,35
1970-01-01 00:00:00.000000531,92.78385,110,35
1970-01-01 00:00:00.000000531,92.43979,110,36
1970-01-01 00:00:00.000000532,92.43622,110,36
1970-01-01 00:00:00.000000532,91.605064,110,37
1970-01-01 00:00:00.000000533,91.363846,110,37
1970-01-01 00:00:00.000000533,91.231415,110,38
1970-01-01 00:00:00.000000534,91.04032,110,38
1970-01-01 00:00:00.000000534,91.71571,110,39
1970-01-01 00:00:00.000000535,91.6037,110,39
1970-01-01 00:00:00.000000535,91.194336,110,40
1970-01-01 00:00:00.000000536,91.10265,110,40
1970-01-01 00:00:00.000000536,90.837074,110,41
1970-01-01 00:00:00.000000537,90.82573,110,41
1970-01-01 00:00:00.000000537,89.901985,110,42
1970-01-01 00:00:00.000000538,90.032524,110,42
1970-01-01 00:00:00.000000538,89.03644,110,43
1970-01-01 00:00:00.000000539,89.097946,110,43
1970-01-01 00:00:00.000000539,87.8745,110,44
1970-01-01 00:00:00.000000540,87.92122,110,44
1970-01-01 00:00:00.000000540,87.22038,110,45
1970-01-01 00:00:00.000000541,87.1289,110,45
1970-01-01 00:00:00.000000541,86.23156,110,46
1970-01-01 00:00:00.000000542,86.10599,110,46
1970-01-01 00:00:00.000000542,85.451355,110,47
1970-01-01 00:00:00.000000543,85.28524,110,47
1970-01-01 00:00:00.000000543,83.995766,110,48
1970-01-01 00:00:00.000000544,83.95366,110,48
1970-01-01 00:00:00.000000544,83.30039,110,49
1970-01-01 00:00:00.000000545,83.13957,110,49
1970-01-01 00:00:00.000000545,81.80779,110,50
1970-01-01 00:00:00.000000546,81.80499,110,50
1970-01-01 00:00:00.000000546,81.37043,110,51
1970-01-01 00:00:00.000000547,81.22048,110,51
1970-01-01 00:00:00.000000547,81.69062,110,52
1970-01-01 00:00:00.000000548,81.407196,110,52
1970-01-01 00:00:00.000000548,81.94764,110,53
1970-01-01 00:00:00.000000549,81.78345,110,53
1970-01-01 00:00:00.000000549,81.72798,110,54
1970-01-01 00:00:00.000000550,81.54503,110,54
1970-01-01 00:00:00.000000550,83.322296,110,55
1970-01-01 00:00:00.000000551,83.41735,110,55
1970-01-01 00:00:00.000000551,84.10162,110,56
1970-01-01 00:00:00.000000552,84.25281,110,56
1970-01-01 00:00:00.000000552,84.28454,110,57
1970-01-01 00:00:00.000000553,84.404335,110,57
1970-01-01 00:00:00.000000553,82.989586,110,58
1970-01-01 00:00:00.000000554,82.85655,110,58
1970-01-01 00:00:00.000000554,84.70742,110,59
1970-01-01 00:00:00.000000555,84.81671,110,59
1970-01-01 00:00:00.000000555,84.40992,110,60
1970-01-01 00:00:00.000000556,84.52637,110,60
1970-01-01 00:00:00.000000556,84.08456,110,61
1970-01-01 00:00:00.000000557,84.135895,110,61
1970-01-01 00:00:00.000000557,83.85807,110,62
1970-01-01 00:00:00.000000558,83.804985,110,62
1970-01-01 00:00:00.000000558,83.87314,110,63
1970-01-01 00:00:00.000000559,83.78792,110,63
1970-01-01 00:00:00.000000559,83.46544,110,64
1970-01-01 00:00:00.000000560,83.353546,110,64
1970-01-01 00:00:00.000000560,80.969345,110,65
1970-01-01 00:00:00.000000561,81.37627,110,65
1970-01-01 00:00:00.000000561,81.218796,110,66
1970-01-01 00:00:00.000000562,81.288246,110,66
1970-01-01 00:00:00.000000562,83.82447,110,67
1970-01-01 00:00:00.000000563,83.90629,110,67
1970-01-01 00:00:00.000000563,81.985306,110,68
1970-01-01 00:00:00.000000564,81.828545,110,68
1970-01-01 00:00:00.000000564,84.761505,110,69
1970-01-01 00:00:00.000000565,85.03519,110,69
1970-01-01 00:00:00.000000565,82.666435,110,70
1970-01-01 00:00:00.000000566,82.54415,110,70
1970-01-01 00:00:00.000000566,86.496574,110,71
1970-01-01 00:00:00.000000567,86.59927,110,71
1970-01-01 00:00:00.000000567,87.841194,110,72
1970-01-01 00:00:00.000000568,86.93258,110,72
1970-01-01 00:00:00.000000568,82.70502,110,73
1970-01-01 00:00:00.000000569,77.47134,110,73
1970-01-01 00:00:00.000000569,78.7366,110,74
1970-01-01 00:00:00.000000570,86.99924,110,74
1970-01-01 00:00:00.000000570,48.758038,110,75
1970-01-01 00:00:00.000000571,47.606365,110,75
1970-01-01 00:00:00.000000571,42.53609,110,76
1970-01-01 00:00:00.000000572,41.808994,110,76
1970-01-01 00:00:00.000000572,45.654507,110,77
1970-01-01 00:00:00.000000573,39.13103,110,77
1970-01-01 00:00:00.000000573,49.10749,110,78
1970-01-01 00:00:00.000000574,40.26968,110,78
1970-01-01 00:00:00.000000574,53.688152,110,79
1970-01-01 00:00:00.000000575,45.932194,110,79
1970-01-01 00:00:00.000000575,55.15163,110,80
1970-01-01 00:00:00.000000576,50.121094,110,80
1970-01-01 00:00:00.000000576,96.12141,110,81
1970-01-01 00:00:00.000000577,74.463974,110,81
1970-01-01 00:00:00.000000577,86.53929,110,82
1970-01-01 00:00:00.000000578,78.1171,110,82
1970-01-01 00:00:00.000000578,79.42875,110,83
1970-01-01 00:00:00.000000579,64.70278,110,83
1970-01-01 00:00:00.000000579,77.94628,110,84
1970-01-01 00:00:00.000000580,55.70364,110,84
1970-01-01 00:00:00.000000580,81.31229,110,85
1970-01-01 00:00:00.000000581,63.937153,110,85
1970-01-01 00:00:00.000000581,83.000725,110,86
1970-01-01 00:00:00.000000582,70.27919,110,86
1970-01-01 00:00:00.000000183,96.41313,112,10
1970-01-01 00:00:00.000000184,95.96872,112,10
1970-01-01 00:00:00.000000184,95.86467,112,11
1970-01-01 00:00:00.000000185,94.806335,112,11
1970-01-01 00:00:00.000000185,83.766624,112,12
1970-01-01 00:00:00.000000186,82.91742,112,12
1970-01-01 00:00:00.000000186,83.68675,112,13
1970-01-01 00:00:00.000000187,85.50464,112,13
1970-01-01 00:00:00.000000187,83.06324,112,14
1970-01-01 00:00:00.000000188,84.078255,112,14
1970-01-01 00:00:00.000000188,82.347786,112,15
1970-01-01 00:00:00.000000189,82.95753,112,15
1970-01-01 00:00:00.000000189,79.35434,112,16
1970-01-01 00:00:00.000000190,78.885284,112,16
1970-01-01 00:00:00.000000190,79.34521,112,17
1970-01-01 00:00:00.000000191,79.29376,112,17
1970-01-01 00:00:00.000000191,79.58842,112,18
1970-01-01 00:00:00.000000192,79.9458,112,18
1970-01-01 00:00:00.000000192,78.573105,112,19
1970-01-01 00:00:00.000000193,78.781166,112,19
1970-01-01 00:00:00.000000193,78.553795,112,20
1970-01-01 00:00:00.000000194,78.3755,112,20
1970-01-01 00:00:00.000000194,77.75471,112,21
1970-01-01 00:00:00.000000195,77.56794,112,21
1970-01-01 00:00:00.000000195,77.2882,112,22
1970-01-01 00:00:00.000000196,77.25063,112,22
1970-01-01 00:00:00.000000196,77.98005,112,23
1970-01-01 00:00:00.000000197,78.22743,112,23
1970-01-01 00:00:00.000000197,77.98228,112,24
1970-01-01 00:00:00.000000198,78.16048,112,24
1970-01-01 00:00:00.000000198,79.72281,112,25
1970-01-01 00:00:00.000000199,79.90242,112,25
1970-01-01 00:00:00.000000199,78.62851,112,26
1970-01-01 00:00:00.000000200,78.650536,112,26
1970-01-01 00:00:00.000000200,77.91572,112,27
1970-01-01 00:00:00.000000201,77.70653,112,27
1970-01-01 00:00:00.000000201,79.293236,112,28
1970-01-01 00:00:00.000000202,79.31777,112,28
1970-01-01 00:00:00.000000202,78.58812,112,29
1970-01-01 00:00:00.000000203,78.54112,112,29
1970-01-01 00:00:00.000000172,73.76943,113,10
1970-01-01 00:00:00.000000173,74.095314,113,10
1970-01-01 00:00:00.000000173,73.76672,113,11
1970-01-01 00:00:00.000000174,74.01348,113,11
1970-01-01 00:00:00.000000174,74.57385,113,12
1970-01-01 00:00:00.000000175,74.64292,113,12
1970-01-01 00:00:00.000000175,74.74731,113,13
1970-01-01 00:00:00.000000176,74.8723,113,13
1970-01-01 00:00:00.000000176,74.309204,113,14
1970-01-01 00:00:00.000000177,74.354004,113,14
1970-01-01 00:00:00.000000177,75.28232,113,15
1970-01-01 00:00:00.000000178,75.27289,113,15
1970-01-01 00:00:00.000000178,75.49325,113,16
1970-01-01 00:00:00.000000179,75.50111,113,16
1970-01-01 00:00:00.000000179,75.56893,113,17
1970-01-01 00:00:00.000000180,75.59431,113,17
1970-01-01 00:00:00.000000180,75.26473,113,18
1970-01-01 00:00:00.000000181,75.26935,113,18
1970-01-01 00:00:00.000000181,75.85965,113,19
1970-01-01 00:00:00.000000182,75.86169,113,19
1970-01-01 00:00:00.000000182,74.514786,113,20
1970-01-01 00:00:00.000000183,74.68953,113,20
1970-01-01 00:00:00.000000183,71.689,113,21
1970-01-01 00:00:00.000000184,72.044464,113,21
1970-01-01 00:00:00.000000184,70.330894,113,22
1970-01-01 00:00:00.000000185,71.13918,113,22
1970-01-01 00:00:00.000000185,71.36059,113,23
1970-01-01 00:00:00.000000186,72.584656,113,23
1970-01-01 00:00:00.000000186,71.65423,113,24
1970-01-01 00:00:00.000000187,72.800835,113,24
1970-01-01 00:00:00.000000187,71.67606,113,25
1970-01-01 00:00:00.000000188,72.52636,113,25
1970-01-01 00:00:00.000000188,73.07032,113,26
1970-01-01 00:00:00.000000189,73.31545,113,26
1970-01-01 00:00:00.000000189,74.37896,113,27
1970-01-01 00:00:00.000000190,74.456406,113,27
1970-01-01 00:00:00.000000157,78.95202,114,10
1970-01-01 00:00:00.000000158,79.00235,114,10
1970-01-01 00:00:00.000000158,79.065506,114,11
1970-01-01 00:00:00.000000159,79.1289,114,11
1970-01-01 00:00:00.000000159,78.698,114,12
1970-01-01 00:00:00.000000160,78.708755,114,12
1970-01-01 00:00:00.000000160,78.54314,114,13
1970-01-01 00:00:00.000000161,78.52363,114,13
1970-01-01 00:00:00.000000161,78.46087,114,14
1970-01-01 00:00:00.000000162,78.44937,114,14
1970-01-01 00:00:00.000000162,78.30357,114,15
1970-01-01 00:00:00.000000163,78.26608,114,15
1970-01-01 00:00:00.000000163,78.209,114,16
1970-01-01 00:00:00.000000164,78.013824,114,16
1970-01-01 00:00:00.000000164,76.46216,114,17
1970-01-01 00:00:00.000000165,76.17099,114,17
1970-01-01 00:00:00.000000165,76.079865,114,18
1970-01-01 00:00:00.000000166,80.6823,114,18
1970-01-01 00:00:00.000000166,100.0,114,19
1970-01-01 00:00:00.000000167,93.888214,114,19
1970-01-01 00:00:00.000000167,100.0,114,20
1970-01-01 00:00:00.000000168,100.0,114,20
1970-01-01 00:00:00.000000168,90.23937,114,21
1970-01-01 00:00:00.000000169,77.352234,114,21
1970-01-01 00:00:00.000000169,93.572815,114,22
1970-01-01 00:00:00.000000170,72.85726,114,22
1970-01-01 00:00:00.000000170,86.60053,114,23
1970-01-01 00:00:00.000000171,72.63812,114,23
1970-01-01 00:00:00.000000171,85.60673,114,24
1970-01-01 00:00:00.000000172,74.9927,114,24
1970-01-01 00:00:00.000000086,100.0,115,10
1970-01-01 00:00:00.000000087,91.81984,115,10
1970-01-01 00:00:00.000000087,100.0,115,11
1970-01-01 00:00:00.000000088,46.639416,115,11
1970-01-01 00:00:00.000000088,100.0,115,12
1970-01-01 00:00:00.000000089,48.088192,115,12
1970-01-01 00:00:00.000000096,78.97261,117,10
1970-01-01 00:00:00.000000097,79.17789,117,10
1970-01-01 00:00:00.000000097,79.46552,117,11
1970-01-01 00:00:00.000000098,79.67873,117,11
1970-01-01 00:00:00.000000098,79.17728,117,12
1970-01-01 00:00:00.000000099,79.29819,117,12
1970-01-01 00:00:00.000000099,78.78947,117,13
1970-01-01 00:00:00.000000100,78.76498,117,13
1970-01-01 00:00:00.000000082,89.37038,118,10
1970-01-01 00:00:00.000000083,90.10913,118,10
1970-01-01 00:00:00.000000083,90.42244,118,11
1970-01-01 00:00:00.000000084,90.18037,118,11
1970-01-01 00:00:00.000000109,75.16606,121,10
1970-01-01 00:00:00.000000110,75.36149,121,10
1970-01-01 00:00:00.000000110,74.89436,121,11
1970-01-01 00:00:00.000000111,74.98426,121,11
1970-01-01 00:00:00.000000111,76.137215,121,12
1970-01-01 00:00:00.000000112,76.26073,121,12
1970-01-01 00:00:00.000000112,76.044334,121,13
1970-01-01 00:00:00.000000113,76.20828,121,13
1970-01-01 00:00:00.000000113,76.58061,121,14
1970-01-01 00:00:00.000000114,76.77699,121,14
1970-01-01 00:00:00.000000114,77.01912,121,15
1970-01-01 00:00:00.000000115,77.20524,121,15
1970-01-01 00:00:00.000000115,77.25309,121,16
1970-01-01 00:00:00.000000116,77.40423,121,16
1970-01-01 00:00:00.000000165,95.77877,122,10
1970-01-01 00:00:00.000000166,94.787964,122,10
1970-01-01 00:00:00.000000166,93.02886,122,11
1970-01-01 00:00:00.000000167,93.037766,122,11
1970-01-01 00:00:00.000000167,93.21632,122,12
1970-01-01 00:00:00.000000168,94.23246,122,12
1970-01-01 00:00:00.000000168,95.155464,122,13
1970-01-01 00:00:00.000000169,95.7475,122,13
1970-01-01 00:00:00.000000169,94.56193,122,14
1970-01-01 00:00:00.000000170,95.14609,122,14
1970-01-01 00:00:00.000000170,95.43525,122,15
1970-01-01 00:00:00.000000171,95.726654,122,15
1970-01-01 00:00:00.000000171,95.937706,122,16
1970-01-01 00:00:00.000000172,95.98825,122,16
1970-01-01 00:00:00.000000172,95.72877,122,17
1970-01-01 00:00:00.000000173,95.81983,122,17
1970-01-01 00:00:00.000000173,95.35971,122,18
1970-01-01 00:00:00.000000174,95.446655,122,18
1970-01-01 00:00:00.000000174,94.76047,122,19
1970-01-01 00:00:00.000000175,95.02359,122,19
1970-01-01 00:00:00.000000175,93.7781,122,20
1970-01-01 00:00:00.000000176,94.27187,122,20
1970-01-01 00:00:00.000000176,92.92612,122,21
1970-01-01 00:00:00.000000177,93.63315,122,21
1970-01-01 00:00:00.000000177,91.79418,122,22
1970-01-01 00:00:00.000000178,91.69408,122,22
1970-01-01 00:00:00.000000178,90.989426,122,23
1970-01-01 00:00:00.000000179,90.33138,122,23
1970-01-01 00:00:00.000000179,90.95476,122,24
1970-01-01 00:00:00.000000180,91.36469,122,24
1970-01-01 00:00:00.000000180,89.21673,122,25
1970-01-01 00:00:00.000000181,91.20721,122,25
1970-01-01 00:00:00.000000181,92.40552,122,26
1970-01-01 00:00:00.000000182,92.44353,122,26
1970-01-01 00:00:00.000000101,93.92381,123,10
1970-01-01 00:00:00.000000102,93.25784,123,10
1970-01-01 00:00:00.000000102,80.58051,123,11
1970-01-01 00:00:00.000000103,79.77916,123,11
1970-01-01 00:00:00.000000103,82.95235,123,12
1970-01-01 00:00:00.000000104,88.751945,123,12
1970-01-01 00:00:00.000000104,83.59626,123,13
1970-01-01 00:00:00.000000105,88.719025,123,13
1970-01-01 00:00:00.000000105,87.71374,123,14
1970-01-01 00:00:00.000000106,90.34204,123,14
1970-01-01 00:00:00.000000106,88.75694,123,15
1970-01-01 00:00:00.000000107,91.001434,123,15
1970-01-01 00:00:00.000000107,56.676292,124,10
1970-01-01 00:00:00.000000108,41.95082,124,10
1970-01-01 00:00:00.000000108,100.0,124,11
1970-01-01 00:00:00.000000109,100.0,124,11
1970-01-01 00:00:00.000000109,71.2806,124,12
1970-01-01 00:00:00.000000110,54.01456,124,12
1970-01-01 00:00:00.000000110,75.64913,124,13
1970-01-01 00:00:00.000000111,61.03043,124,13
1970-01-01 00:00:00.000000111,79.5494,124,14
1970-01-01 00:00:00.000000112,61.682526,124,14
1970-01-01 00:00:00.000000112,86.72268,124,15
1970-01-01 00:00:00.000000113,73.82918,124,15
1970-01-01 00:00:00.000000164,77.94439,125,10
1970-01-01 00:00:00.000000165,78.01758,125,10
1970-01-01 00:00:00.000000165,79.60407,125,11
1970-01-01 00:00:00.000000166,79.890274,125,11
1970-01-01 00:00:00.000000166,79.137505,125,12
1970-01-01 00:00:00.000000167,79.33669,125,12
1970-01-01 00:00:00.000000167,78.04027,125,13
1970-01-01 00:00:00.000000168,78.10394,125,13
1970-01-01 00:00:00.000000168,78.457344,125,14
1970-01-01 00:00:00.000000169,78.493385,125,14
1970-01-01 00:00:00.000000169,78.27704,125,15
1970-01-01 00:00:00.000000170,78.333824,125,15
1970-01-01 00:00:00.000000170,77.30095,125,16
1970-01-01 00:00:00.000000171,77.27782,125,16
1970-01-01 00:00:00.000000171,77.57144,125,17
1970-01-01 00:00:00.000000172,77.60085,125,17
1970-01-01 00:00:00.000000172,77.76281,125,18
1970-01-01 00:00:00.000000173,77.539696,125,18
1970-01-01 00:00:00.000000173,73.83308,125,19
1970-01-01 00:00:00.000000174,74.442856,125,19
1970-01-01 00:00:00.000000174,83.54256,125,20
1970-01-01 00:00:00.000000175,81.20868,125,20
1970-01-01 00:00:00.000000175,100.0,125,21
1970-01-01 00:00:00.000000176,98.223724,125,21
1970-01-01 00:00:00.000000176,91.74895,125,22
1970-01-01 00:00:00.000000177,74.240135,125,22
1970-01-01 00:00:00.000000177,82.48346,125,23
1970-01-01 00:00:00.000000178,64.450165,125,23
1970-01-01 00:00:00.000000178,82.50059,125,24
1970-01-01 00:00:00.000000179,61.449856,125,24
1970-01-01 00:00:00.000000179,93.19157,125,25
1970-01-01 00:00:00.000000180,91.00504,125,25
1970-01-01 00:00:00.000000208,74.00792,126,10
1970-01-01 00:00:00.000000209,74.41745,126,10
1970-01-01 00:00:00.000000209,75.34922,126,11
1970-01-01 00:00:00.000000210,76.0103,126,11
1970-01-01 00:00:00.000000210,76.22309,126,12
1970-01-01 00:00:00.000000211,76.717415,126,12
1970-01-01 00:00:00.000000211,75.636,126,13
1970-01-01 00:00:00.000000212,75.88332,126,13
1970-01-01 00:00:00.000000212,75.34473,126,14
1970-01-01 00:00:00.000000213,75.49446,126,14
1970-01-01 00:00:00.000000213,75.64614,126,15
1970-01-01 00:00:00.000000214,75.83154,126,15
1970-01-01 00:00:00.000000214,76.524284,126,16
1970-01-01 00:00:00.000000215,76.88316,126,16
1970-01-01 00:00:00.000000215,77.07503,126,17
1970-01-01 00:00:00.000000216,77.41696,126,17
1970-01-01 00:00:00.000000216,77.00821,126,18
1970-01-01 00:00:00.000000217,77.22326,126,18
1970-01-01 00:00:00.000000217,76.57369,126,19
1970-01-01 00:00:00.000000218,76.60529,126,19
1970-01-01 00:00:00.000000218,76.05455,126,20
1970-01-01 00:00:00.000000219,75.94893,126,20
1970-01-01 00:00:00.000000219,76.870605,126,21
1970-01-01 00:00:00.000000220,76.98803,126,21
1970-01-01 00:00:00.000000220,77.06473,126,22
1970-01-01 00:00:00.000000221,77.205696,126,22
1970-01-01 00:00:00.000000221,77.77232,126,23
1970-01-01 00:00:00.000000222,77.92756,126,23
1970-01-01 00:00:00.000000222,77.45694,126,24
1970-01-01 00:00:00.000000223,77.537094,126,24
1970-01-01 00:00:00.000000223,77.677925,126,25
1970-01-01 00:00:00.000000224,77.7449,126,25
1970-01-01 00:00:00.000000224,77.51915,126,26
1970-01-01 00:00:00.000000225,77.563446,126,26
1970-01-01 00:00:00.000000225,77.30952,126,27
1970-01-01 00:00:00.000000226,77.33177,126,27
1970-01-01 00:00:00.000000226,75.99529,126,28
1970-01-01 00:00:00.000000227,75.97083,126,28
1970-01-01 00:00:00.000000227,76.18252,126,29
1970-01-01 00:00:00.000000228,76.13028,126,29
1970-01-01 00:00:00.000000228,76.05435,126,30
1970-01-01 00:00:00.000000229,76.01801,126,30
1970-01-01 00:00:00.000000229,76.06009,126,31
1970-01-01 00:00:00.000000230,76.14256,126,31
1970-01-01 00:00:00.000000230,76.58916,126,32
1970-01-01 00:00:00.000000231,76.73391,126,32
1970-01-01 00:00:00.000000231,76.36611,126,33
1970-01-01 00:00:00.000000232,76.42482,126,33
1970-01-01 00:00:00.000000188,88.59452,127,10
1970-01-01 00:00:00.000000189,88.90863,127,10
1970-01-01 00:00:00.000000189,88.52263,127,11
1970-01-01 00:00:00.000000190,88.80273,127,11
1970-01-01 00:00:00.000000190,88.59817,127,12
1970-01-01 00:00:00.000000191,88.724304,127,12
1970-01-01 00:00:00.000000191,88.25648,127,13
1970-01-01 00:00:00.000000192,88.43898,127,13
1970-01-01 00:00:00.000000192,87.790276,127,14
1970-01-01 00:00:00.000000193,88.35914,127,14
1970-01-01 00:00:00.000000193,87.25519,127,15
1970-01-01 00:00:00.000000194,87.71252,127,15
1970-01-01 00:00:00.000000194,86.74623,127,16
1970-01-01 00:00:00.000000195,87.24487,127,16
1970-01-01 00:00:00.000000195,86.14191,127,17
1970-01-01 00:00:00.000000196,86.775154,127,17
1970-01-01 00:00:00.000000196,85.39623,127,18
1970-01-01 00:00:00.000000197,86.28331,127,18
1970-01-01 00:00:00.000000197,85.47026,127,19
1970-01-01 00:00:00.000000198,86.14013,127,19
1970-01-01 00:00:00.000000198,84.834465,127,20
1970-01-01 00:00:00.000000199,85.56955,127,20
1970-01-01 00:00:00.000000199,84.30487,127,21
1970-01-01 00:00:00.000000200,85.1263,127,21
1970-01-01 00:00:00.000000200,83.88989,127,22
1970-01-01 00:00:00.000000201,84.68495,127,22
1970-01-01 00:00:00.000000201,84.472305,127,23
1970-01-01 00:00:00.000000202,84.91311,127,23
1970-01-01 00:00:00.000000202,84.682785,127,24
1970-01-01 00:00:00.000000203,84.99661,127,24
1970-01-01 00:00:00.000000203,85.50491,127,25
1970-01-01 00:00:00.000000204,85.63144,127,25
1970-01-01 00:00:00.000000204,86.55898,127,26
1970-01-01 00:00:00.000000205,86.659805,127,26
1970-01-01 00:00:00.000000205,86.29858,127,27
1970-01-01 00:00:00.000000206,86.36221,127,27
1970-01-01 00:00:00.000000206,85.71207,127,28
1970-01-01 00:00:00.000000207,85.83878,127,28
1970-01-01 00:00:00.000000207,85.61345,127,29
1970-01-01 00:00:00.000000208,85.80758,127,29
1970-01-01 00:00:00.000000208,85.69851,127,30
1970-01-01 00:00:00.000000209,85.84134,127,30
1970-01-01 00:00:00.000000082,76.22761,129,10
1970-01-01 00:00:00.000000083,54.110535,129,10
1970-01-01 00:00:00.000000083,78.58115,129,11
1970-01-01 00:00:00.000000084,61.654293,129,11
