sequence_index,return,block_idx,fcst_origin
1970-01-01 00:00:00.000000097,161.21422,0,10
1970-01-01 00:00:00.000000098,166.93091,0,10
1970-01-01 00:00:00.000000099,165.42517,0,10
1970-01-01 00:00:00.000000098,143.97557,0,11
1970-01-01 00:00:00.000000099,143.12627,0,11
1970-01-01 00:00:00.000000100,142.14734,0,11
1970-01-01 00:00:00.000000099,139.88263,0,12
1970-01-01 00:00:00.000000100,142.53192,0,12
1970-01-01 00:00:00.000000101,142.48703,0,12
1970-01-01 00:00:00.000000100,142.6852,0,13
1970-01-01 00:00:00.000000101,141.80771,0,13
1970-01-01 00:00:00.000000102,140.13667,0,13
1970-01-01 00:00:00.000000081,227.94974,1,10
1970-01-01 00:00:00.000000082,229.35123,1,10
1970-01-01 00:00:00.000000083,228.33197,1,10
1970-01-01 00:00:00.000000079,185.57367,4,10
1970-01-01 00:00:00.000000080,184.38617,4,10
1970-01-01 00:00:00.000000081,183.75375,4,10
1970-01-01 00:00:00.000000079,120.16262,5,10
1970-01-01 00:00:00.000000080,120.53724,5,10
1970-01-01 00:00:00.000000081,120.47324,5,10
1970-01-01 00:00:00.000000119,223.80286,11,10
1970-01-01 00:00:00.000000120,223.89735,11,10
1970-01-01 00:00:00.000000121,224.54764,11,10
1970-01-01 00:00:00.000000120,223.26352,11,11
1970-01-01 00:00:00.000000121,222.849,11,11
1970-01-01 00:00:00.000000122,223.04865,11,11
1970-01-01 00:00:00.000000121,223.70216,11,12
1970-01-01 00:00:00.000000122,223.74538,11,12
1970-01-01 00:00:00.000000123,223.7484,11,12
1970-01-01 00:00:00.000000122,227.41713,11,13
1970-01-01 00:00:00.000000123,228.59137,11,13
1970-01-01 00:00:00.000000124,229.06342,11,13
1970-01-01 00:00:00.000000123,227.81152,11,14
1970-01-01 00:00:00.000000124,228.55434,11,14
1970-01-01 00:00:00.000000125,228.72728,11,14
1970-01-01 00:00:00.000000124,230.51457,11,15
1970-01-01 00:00:00.000000125,232.20276,11,15
1970-01-01 00:00:00.000000126,232.34465,11,15
1970-01-01 00:00:00.000000125,233.9778,11,16
1970-01-01 00:00:00.000000126,235.9624,11,16
1970-01-01 00:00:00.000000127,236.40138,11,16
1970-01-01 00:00:00.000000126,235.06847,11,17
1970-01-01 00:00:00.000000127,236.63525,11,17
1970-01-01 00:00:00.000000128,236.27737,11,17
1970-01-01 00:00:00.000000113,194.5449,12,10
1970-01-01 00:00:00.000000114,195.18047,12,10
1970-01-01 00:00:00.000000115,195.14812,12,10
1970-01-01 00:00:00.000000114,194.53494,12,11
1970-01-01 00:00:00.000000115,194.18652,12,11
1970-01-01 00:00:00.000000116,194.16069,12,11
1970-01-01 00:00:00.000000115,191.40979,12,12
1970-01-01 00:00:00.000000116,190.88316,12,12
1970-01-01 00:00:00.000000117,190.36526,12,12
1970-01-01 00:00:00.000000116,185.49805,12,13
1970-01-01 00:00:00.000000117,184.05103,12,13
1970-01-01 00:00:00.000000118,183.73499,12,13
1970-01-01 00:00:00.000000117,181.85399,12,14
1970-01-01 00:00:00.000000118,180.76488,12,14
1970-01-01 00:00:00.000000119,180.12091,12,14
1970-01-01 00:00:00.000000118,179.39055,12,15
1970-01-01 00:00:00.000000119,177.98283,12,15
1970-01-01 00:00:00.000000120,177.33102,12,15
1970-01-01 00:00:00.000000119,176.50696,12,16
1970-01-01 00:00:00.000000120,175.2883,12,16
1970-01-01 00:00:00.000000121,174.92606,12,16
1970-01-01 00:00:00.000000157,137.503,13,10
1970-01-01 00:00:00.000000158,136.7114,13,10
1970-01-01 00:00:00.000000159,136.36086,13,10
1970-01-01 00:00:00.000000158,132.09186,13,11
1970-01-01 00:00:00.000000159,132.25946,13,11
1970-01-01 00:00:00.000000160,131.6638,13,11
1970-01-01 00:00:00.000000159,135.28256,13,12
1970-01-01 00:00:00.000000160,137.11003,13,12
1970-01-01 00:00:00.000000161,136.7978,13,12
1970-01-01 00:00:00.000000160,129.74258,13,13
1970-01-01 00:00:00.000000161,129.10081,13,13
1970-01-01 00:00:00.000000162,128.40457,13,13
1970-01-01 00:00:00.000000161,128.14096,13,14
1970-01-01 00:00:00.000000162,129.22687,13,14
1970-01-01 00:00:00.000000163,128.71368,13,14
1970-01-01 00:00:00.000000162,135.90558,13,15
1970-01-01 00:00:00.000000163,138.12051,13,15
1970-01-01 00:00:00.000000164,138.488,13,15
1970-01-01 00:00:00.000000163,135.892,13,16
1970-01-01 00:00:00.000000164,136.18294,13,16
1970-01-01 00:00:00.000000165,136.00343,13,16
1970-01-01 00:00:00.000000164,131.77313,13,17
1970-01-01 00:00:00.000000165,132.35983,13,17
1970-01-01 00:00:00.000000166,131.68001,13,17
1970-01-01 00:00:00.000000165,128.39532,13,18
1970-01-01 00:00:00.000000166,128.58727,13,18
1970-01-01 00:00:00.000000167,128.0843,13,18
1970-01-01 00:00:00.000000166,130.39581,13,19
1970-01-01 00:00:00.000000167,131.72144,13,19
1970-01-01 00:00:00.000000168,131.4547,13,19
1970-01-01 00:00:00.000000167,132.03725,13,20
1970-01-01 00:00:00.000000168,132.6407,13,20
1970-01-01 00:00:00.000000169,132.65207,13,20
1970-01-01 00:00:00.000000168,136.34865,13,21
1970-01-01 00:00:00.000000169,137.95094,13,21
1970-01-01 00:00:00.000000170,137.86816,13,21
1970-01-01 00:00:00.000000169,134.27509,13,22
1970-01-01 00:00:00.000000170,134.18402,13,22
1970-01-01 00:00:00.000000171,133.66997,13,22
1970-01-01 00:00:00.000000170,138.69308,13,23
1970-01-01 00:00:00.000000171,140.89244,13,23
1970-01-01 00:00:00.000000172,140.59723,13,23
1970-01-01 00:00:00.000000141,166.37654,15,10
1970-01-01 00:00:00.000000142,166.72064,15,10
1970-01-01 00:00:00.000000143,166.41989,15,10
1970-01-01 00:00:00.000000142,166.4877,15,11
1970-01-01 00:00:00.000000143,166.78403,15,11
1970-01-01 00:00:00.000000144,166.61035,15,11
1970-01-01 00:00:00.000000143,165.61626,15,12
1970-01-01 00:00:00.000000144,165.01457,15,12
1970-01-01 00:00:00.000000145,165.45386,15,12
1970-01-01 00:00:00.000000144,167.92377,15,13
1970-01-01 00:00:00.000000145,168.59383,15,13
1970-01-01 00:00:00.000000146,168.2652,15,13
1970-01-01 00:00:00.000000145,176.4602,15,14
1970-01-01 00:00:00.000000146,178.15096,15,14
1970-01-01 00:00:00.000000147,176.7229,15,14
1970-01-01 00:00:00.000000146,177.4544,15,15
1970-01-01 00:00:00.000000147,177.1196,15,15
1970-01-01 00:00:00.000000148,177.05214,15,15
1970-01-01 00:00:00.000000147,177.14987,15,16
1970-01-01 00:00:00.000000148,178.18173,15,16
1970-01-01 00:00:00.000000149,177.81422,15,16
1970-01-01 00:00:00.000000148,178.60298,15,17
1970-01-01 00:00:00.000000149,178.72037,15,17
1970-01-01 00:00:00.000000150,178.61641,15,17
1970-01-01 00:00:00.000000149,177.17705,15,18
1970-01-01 00:00:00.000000150,176.97882,15,18
1970-01-01 00:00:00.000000151,177.09926,15,18
1970-01-01 00:00:00.000000150,177.05852,15,19
1970-01-01 00:00:00.000000151,177.12357,15,19
1970-01-01 00:00:00.000000152,177.07768,15,19
1970-01-01 00:00:00.000000151,177.6154,15,20
1970-01-01 00:00:00.000000152,177.36569,15,20
1970-01-01 00:00:00.000000153,177.07162,15,20
1970-01-01 00:00:00.000000156,252.70973,16,10
1970-01-01 00:00:00.000000157,253.59323,16,10
1970-01-01 00:00:00.000000158,252.67947,16,10
1970-01-01 00:00:00.000000157,256.28482,16,11
1970-01-01 00:00:00.000000158,257.45514,16,11
1970-01-01 00:00:00.000000159,256.07602,16,11
1970-01-01 00:00:00.000000158,252.10965,16,12
1970-01-01 00:00:00.000000159,249.66156,16,12
1970-01-01 00:00:00.000000160,247.55115,16,12
1970-01-01 00:00:00.000000159,249.54486,16,13
1970-01-01 00:00:00.000000160,248.36978,16,13
1970-01-01 00:00:00.000000161,247.12431,16,13
1970-01-01 00:00:00.000000160,252.379,16,14
1970-01-01 00:00:00.000000161,252.26726,16,14
1970-01-01 00:00:00.000000162,252.33685,16,14
1970-01-01 00:00:00.000000161,255.66798,16,15
1970-01-01 00:00:00.000000162,256.08163,16,15
1970-01-01 00:00:00.000000163,256.21436,16,15
1970-01-01 00:00:00.000000162,253.58385,16,16
1970-01-01 00:00:00.000000163,252.27654,16,16
1970-01-01 00:00:00.000000164,251.25768,16,16
1970-01-01 00:00:00.000000163,251.83829,16,17
1970-01-01 00:00:00.000000164,250.99397,16,17
1970-01-01 00:00:00.000000165,250.17155,16,17
1970-01-01 00:00:00.000000164,251.55244,16,18
1970-01-01 00:00:00.000000165,250.80899,16,18
1970-01-01 00:00:00.000000166,250.26326,16,18
1970-01-01 00:00:00.000000165,252.27182,16,19
1970-01-01 00:00:00.000000166,252.11897,16,19
1970-01-01 00:00:00.000000167,251.57382,16,19
1970-01-01 00:00:00.000000166,252.14493,16,20
1970-01-01 00:00:00.000000167,251.73047,16,20
1970-01-01 00:00:00.000000168,251.10164,16,20
1970-01-01 00:00:00.000000167,250.41994,16,21
1970-01-01 00:00:00.000000168,249.59096,16,21
1970-01-01 00:00:00.000000169,248.90956,16,21
1970-01-01 00:00:00.000000168,250.16557,16,22
1970-01-01 00:00:00.000000169,249.76828,16,22
1970-01-01 00:00:00.000000170,249.32007,16,22
1970-01-01 00:00:00.000000169,252.93025,16,23
1970-01-01 00:00:00.000000170,253.67485,16,23
1970-01-01 00:00:00.000000171,253.2982,16,23
1970-01-01 00:00:00.000000123,146.7065,17,10
1970-01-01 00:00:00.000000124,146.33182,17,10
1970-01-01 00:00:00.000000125,146.20656,17,10
1970-01-01 00:00:00.000000124,144.94518,17,11
1970-01-01 00:00:00.000000125,144.62213,17,11
1970-01-01 00:00:00.000000126,144.36055,17,11
1970-01-01 00:00:00.000000125,141.77689,17,12
1970-01-01 00:00:00.000000126,141.02338,17,12
1970-01-01 00:00:00.000000127,140.45578,17,12
1970-01-01 00:00:00.000000126,137.11317,17,13
1970-01-01 00:00:00.000000127,136.34239,17,13
1970-01-01 00:00:00.000000128,135.74442,17,13
1970-01-01 00:00:00.000000127,125.72204,17,14
1970-01-01 00:00:00.000000128,124.07714,17,14
1970-01-01 00:00:00.000000129,122.90926,17,14
1970-01-01 00:00:00.000000128,114.83982,17,15
1970-01-01 00:00:00.000000129,113.041176,17,15
1970-01-01 00:00:00.000000130,112.27452,17,15
1970-01-01 00:00:00.000000129,116.81979,17,16
1970-01-01 00:00:00.000000130,115.55814,17,16
1970-01-01 00:00:00.000000131,115.34111,17,16
1970-01-01 00:00:00.000000130,105.36273,17,17
1970-01-01 00:00:00.000000131,102.50507,17,17
1970-01-01 00:00:00.000000132,100.99592,17,17
1970-01-01 00:00:00.000000134,202.2816,19,10
1970-01-01 00:00:00.000000135,202.92355,19,10
1970-01-01 00:00:00.000000136,203.17406,19,10
1970-01-01 00:00:00.000000135,198.00517,19,11
1970-01-01 00:00:00.000000136,197.75858,19,11
1970-01-01 00:00:00.000000137,197.75653,19,11
1970-01-01 00:00:00.000000136,196.77606,19,12
1970-01-01 00:00:00.000000137,197.70274,19,12
1970-01-01 00:00:00.000000138,198.13058,19,12
1970-01-01 00:00:00.000000137,186.72269,19,13
1970-01-01 00:00:00.000000138,186.18472,19,13
1970-01-01 00:00:00.000000139,186.11748,19,13
1970-01-01 00:00:00.000000138,182.00548,19,14
1970-01-01 00:00:00.000000139,183.38841,19,14
1970-01-01 00:00:00.000000140,184.02307,19,14
1970-01-01 00:00:00.000000139,188.28871,19,15
1970-01-01 00:00:00.000000140,191.23679,19,15
1970-01-01 00:00:00.000000141,192.58484,19,15
1970-01-01 00:00:00.000000140,186.8928,19,16
1970-01-01 00:00:00.000000141,186.51982,19,16
1970-01-01 00:00:00.000000142,187.02968,19,16
1970-01-01 00:00:00.000000141,185.22983,19,17
1970-01-01 00:00:00.000000142,186.14764,19,17
1970-01-01 00:00:00.000000143,186.2745,19,17
1970-01-01 00:00:00.000000142,186.45947,19,18
1970-01-01 00:00:00.000000143,186.83368,19,18
1970-01-01 00:00:00.000000144,186.93571,19,18
1970-01-01 00:00:00.000000143,198.07166,19,19
1970-01-01 00:00:00.000000144,200.98747,19,19
1970-01-01 00:00:00.000000145,202.11888,19,19
1970-01-01 00:00:00.000000121,185.92758,20,10
1970-01-01 00:00:00.000000122,186.15228,20,10
1970-01-01 00:00:00.000000123,186.42499,20,10
1970-01-01 00:00:00.000000122,181.45093,20,11
1970-01-01 00:00:00.000000123,180.51547,20,11
1970-01-01 00:00:00.000000124,179.97653,20,11
1970-01-01 00:00:00.000000123,181.92122,20,12
1970-01-01 00:00:00.000000124,181.86774,20,12
1970-01-01 00:00:00.000000125,181.5512,20,12
1970-01-01 00:00:00.000000124,177.55655,20,13
1970-01-01 00:00:00.000000125,176.2561,20,13
1970-01-01 00:00:00.000000126,175.88258,20,13
1970-01-01 00:00:00.000000125,181.83525,20,14
1970-01-01 00:00:00.000000126,183.27084,20,14
1970-01-01 00:00:00.000000127,183.22525,20,14
1970-01-01 00:00:00.000000126,187.52405,20,15
1970-01-01 00:00:00.000000127,188.87323,20,15
1970-01-01 00:00:00.000000128,189.48012,20,15
1970-01-01 00:00:00.000000127,185.91933,20,16
1970-01-01 00:00:00.000000128,185.62569,20,16
1970-01-01 00:00:00.000000129,185.10736,20,16
1970-01-01 00:00:00.000000128,182.05031,20,17
1970-01-01 00:00:00.000000129,181.4057,20,17
1970-01-01 00:00:00.000000130,180.77962,20,17
1970-01-01 00:00:00.000000130,111.88051,21,10
1970-01-01 00:00:00.000000131,110.84342,21,10
1970-01-01 00:00:00.000000132,110.82357,21,10
1970-01-01 00:00:00.000000131,118.32589,21,11
1970-01-01 00:00:00.000000132,120.68896,21,11
1970-01-01 00:00:00.000000133,120.686775,21,11
1970-01-01 00:00:00.000000132,144.10883,21,12
1970-01-01 00:00:00.000000133,152.07295,21,12
1970-01-01 00:00:00.000000134,152.94182,21,12
1970-01-01 00:00:00.000000133,159.68573,21,13
1970-01-01 00:00:00.000000134,164.48354,21,13
1970-01-01 00:00:00.000000135,164.05869,21,13
1970-01-01 00:00:00.000000134,165.55293,21,14
1970-01-01 00:00:00.000000135,169.31088,21,14
1970-01-01 00:00:00.000000136,167.65001,21,14
1970-01-01 00:00:00.000000135,165.53008,21,15
1970-01-01 00:00:00.000000136,166.57295,21,15
1970-01-01 00:00:00.000000137,165.43338,21,15
1970-01-01 00:00:00.000000136,158.95575,21,16
1970-01-01 00:00:00.000000137,158.05232,21,16
1970-01-01 00:00:00.000000138,158.50764,21,16
1970-01-01 00:00:00.000000137,146.8518,21,17
1970-01-01 00:00:00.000000138,146.04385,21,17
1970-01-01 00:00:00.000000139,147.15025,21,17
1970-01-01 00:00:00.000000138,147.26056,21,18
1970-01-01 00:00:00.000000139,147.68999,21,18
1970-01-01 00:00:00.000000140,148.40846,21,18
1970-01-01 00:00:00.000000171,134.52022,22,10
1970-01-01 00:00:00.000000172,135.01833,22,10
1970-01-01 00:00:00.000000173,134.40479,22,10
1970-01-01 00:00:00.000000172,134.94615,22,11
1970-01-01 00:00:00.000000173,135.98189,22,11
1970-01-01 00:00:00.000000174,135.27203,22,11
1970-01-01 00:00:00.000000173,130.61032,22,12
1970-01-01 00:00:00.000000174,130.69662,22,12
1970-01-01 00:00:00.000000175,129.38243,22,12
1970-01-01 00:00:00.000000174,127.70378,22,13
1970-01-01 00:00:00.000000175,128.18584,22,13
1970-01-01 00:00:00.000000176,127.85951,22,13
1970-01-01 00:00:00.000000175,142.63074,22,14
1970-01-01 00:00:00.000000176,145.30753,22,14
1970-01-01 00:00:00.000000177,145.35938,22,14
1970-01-01 00:00:00.000000176,138.75417,22,15
1970-01-01 00:00:00.000000177,136.49156,22,15
1970-01-01 00:00:00.000000178,136.42944,22,15
1970-01-01 00:00:00.000000177,132.4797,22,16
1970-01-01 00:00:00.000000178,135.19379,22,16
1970-01-01 00:00:00.000000179,134.6383,22,16
1970-01-01 00:00:00.000000178,109.768005,22,17
1970-01-01 00:00:00.000000179,111.46787,22,17
1970-01-01 00:00:00.000000180,110.11462,22,17
1970-01-01 00:00:00.000000179,110.78217,22,18
1970-01-01 00:00:00.000000180,120.370766,22,18
1970-01-01 00:00:00.000000181,124.07169,22,18
1970-01-01 00:00:00.000000180,115.54773,22,19
1970-01-01 00:00:00.000000181,122.85266,22,19
1970-01-01 00:00:00.000000182,125.074425,22,19
1970-01-01 00:00:00.000000181,118.96961,22,20
1970-01-01 00:00:00.000000182,121.64071,22,20
1970-01-01 00:00:00.000000183,122.355675,22,20
1970-01-01 00:00:00.000000182,105.4797,22,21
1970-01-01 00:00:00.000000183,106.07672,22,21
1970-01-01 00:00:00.000000184,105.13704,22,21
1970-01-01 00:00:00.000000183,102.98212,22,22
1970-01-01 00:00:00.000000184,104.44408,22,22
1970-01-01 00:00:00.000000185,103.967445,22,22
1970-01-01 00:00:00.000000184,112.71095,22,23
1970-01-01 00:00:00.000000185,116.53258,22,23
1970-01-01 00:00:00.000000186,117.51269,22,23
1970-01-01 00:00:00.000000185,96.18125,22,24
1970-01-01 00:00:00.000000186,97.17741,22,24
1970-01-01 00:00:00.000000187,95.88889,22,24
1970-01-01 00:00:00.000000186,83.45425,22,25
1970-01-01 00:00:00.000000187,80.981316,22,25
1970-01-01 00:00:00.000000188,75.552925,22,25
1970-01-01 00:00:00.000000187,76.06545,22,26
1970-01-01 00:00:00.000000188,82.523,22,26
1970-01-01 00:00:00.000000189,77.08485,22,26
1970-01-01 00:00:00.000000130,220.54851,23,10
1970-01-01 00:00:00.000000131,220.41302,23,10
1970-01-01 00:00:00.000000132,219.76675,23,10
1970-01-01 00:00:00.000000131,219.7647,23,11
1970-01-01 00:00:00.000000132,219.55705,23,11
1970-01-01 00:00:00.000000133,218.70882,23,11
1970-01-01 00:00:00.000000132,220.04599,23,12
1970-01-01 00:00:00.000000133,220.13069,23,12
1970-01-01 00:00:00.000000134,219.62723,23,12
1970-01-01 00:00:00.000000133,220.77031,23,13
1970-01-01 00:00:00.000000134,221.14008,23,13
1970-01-01 00:00:00.000000135,220.79175,23,13
1970-01-01 00:00:00.000000134,224.68259,23,14
1970-01-01 00:00:00.000000135,226.28284,23,14
1970-01-01 00:00:00.000000136,226.23903,23,14
1970-01-01 00:00:00.000000135,229.18793,23,15
1970-01-01 00:00:00.000000136,231.39072,23,15
1970-01-01 00:00:00.000000137,231.12689,23,15
1970-01-01 00:00:00.000000136,230.06253,23,16
1970-01-01 00:00:00.000000137,231.3656,23,16
1970-01-01 00:00:00.000000138,229.75742,23,16
1970-01-01 00:00:00.000000137,233.19217,23,17
1970-01-01 00:00:00.000000138,235.04591,23,17
1970-01-01 00:00:00.000000139,233.52014,23,17
1970-01-01 00:00:00.000000138,236.0905,23,18
1970-01-01 00:00:00.000000139,237.49327,23,18
1970-01-01 00:00:00.000000140,236.26471,23,18
1970-01-01 00:00:00.000000139,234.41385,23,19
1970-01-01 00:00:00.000000140,234.12918,23,19
1970-01-01 00:00:00.000000141,231.5313,23,19
1970-01-01 00:00:00.000000095,134.63492,25,10
1970-01-01 00:00:00.000000096,135.64615,25,10
1970-01-01 00:00:00.000000097,135.40102,25,10
1970-01-01 00:00:00.000000096,143.04718,25,11
1970-01-01 00:00:00.000000097,141.16792,25,11
1970-01-01 00:00:00.000000098,139.76802,25,11
1970-01-01 00:00:00.000000097,148.38383,25,12
1970-01-01 00:00:00.000000098,149.6583,25,12
1970-01-01 00:00:00.000000099,148.19817,25,12
1970-01-01 00:00:00.000000231,210.91936,26,10
1970-01-01 00:00:00.000000232,213.01318,26,10
1970-01-01 00:00:00.000000233,212.82742,26,10
1970-01-01 00:00:00.000000232,213.58667,26,11
1970-01-01 00:00:00.000000233,215.50638,26,11
1970-01-01 00:00:00.000000234,214.83487,26,11
1970-01-01 00:00:00.000000233,213.87903,26,12
1970-01-01 00:00:00.000000234,214.26201,26,12
1970-01-01 00:00:00.000000235,212.33376,26,12
1970-01-01 00:00:00.000000234,214.08034,26,13
1970-01-01 00:00:00.000000235,214.39845,26,13
1970-01-01 00:00:00.000000236,212.68587,26,13
1970-01-01 00:00:00.000000235,213.22697,26,14
1970-01-01 00:00:00.000000236,212.92867,26,14
1970-01-01 00:00:00.000000237,211.73247,26,14
1970-01-01 00:00:00.000000236,211.38281,26,15
1970-01-01 00:00:00.000000237,211.07523,26,15
1970-01-01 00:00:00.000000238,209.97903,26,15
1970-01-01 00:00:00.000000237,212.29597,26,16
1970-01-01 00:00:00.000000238,212.33061,26,16
1970-01-01 00:00:00.000000239,211.70938,26,16
1970-01-01 00:00:00.000000238,211.27502,26,17
1970-01-01 00:00:00.000000239,210.798,26,17
1970-01-01 00:00:00.000000240,209.85338,26,17
1970-01-01 00:00:00.000000239,210.27055,26,18
1970-01-01 00:00:00.000000240,209.88246,26,18
1970-01-01 00:00:00.000000241,208.67859,26,18
1970-01-01 00:00:00.000000240,206.04565,26,19
1970-01-01 00:00:00.000000241,204.54706,26,19
1970-01-01 00:00:00.000000242,202.42964,26,19
1970-01-01 00:00:00.000000241,203.34628,26,20
1970-01-01 00:00:00.000000242,202.47363,26,20
1970-01-01 00:00:00.000000243,200.22652,26,20
1970-01-01 00:00:00.000000242,201.4303,26,21
1970-01-01 00:00:00.000000243,200.70235,26,21
1970-01-01 00:00:00.000000244,198.83911,26,21
1970-01-01 00:00:00.000000243,201.14766,26,22
1970-01-01 00:00:00.000000244,201.0471,26,22
1970-01-01 00:00:00.000000245,200.2097,26,22
1970-01-01 00:00:00.000000244,200.61385,26,23
1970-01-01 00:00:00.000000245,200.28384,26,23
1970-01-01 00:00:00.000000246,199.56525,26,23
1970-01-01 00:00:00.000000245,197.68079,26,24
1970-01-01 00:00:00.000000246,197.25052,26,24
1970-01-01 00:00:00.000000247,196.46385,26,24
1970-01-01 00:00:00.000000246,198.09131,26,25
1970-01-01 00:00:00.000000247,194.41005,26,25
1970-01-01 00:00:00.000000248,188.31247,26,25
1970-01-01 00:00:00.000000247,196.2523,26,26
1970-01-01 00:00:00.000000248,190.04858,26,26
1970-01-01 00:00:00.000000249,184.44833,26,26
1970-01-01 00:00:00.000000248,180.7375,26,27
1970-01-01 00:00:00.000000249,169.35614,26,27
1970-01-01 00:00:00.000000250,160.07253,26,27
1970-01-01 00:00:00.000000249,77.70696,26,28
1970-01-01 00:00:00.000000250,25.431385,26,28
1970-01-01 00:00:00.000000251,0.0,26,28
1970-01-01 00:00:00.000000250,10.1462755,26,29
1970-01-01 00:00:00.000000251,54.67046,26,29
1970-01-01 00:00:00.000000252,59.276104,26,29
1970-01-01 00:00:00.000000251,65.994934,26,30
1970-01-01 00:00:00.000000252,141.22992,26,30
1970-01-01 00:00:00.000000253,175.89362,26,30
1970-01-01 00:00:00.000000252,68.15004,26,31
1970-01-01 00:00:00.000000253,98.7629,26,31
1970-01-01 00:00:00.000000254,116.50985,26,31
1970-01-01 00:00:00.000000253,74.83426,26,32
1970-01-01 00:00:00.000000254,90.46977,26,32
1970-01-01 00:00:00.000000255,100.60125,26,32
1970-01-01 00:00:00.000000254,117.97984,26,33
1970-01-01 00:00:00.000000255,142.43007,26,33
1970-01-01 00:00:00.000000256,154.97867,26,33
1970-01-01 00:00:00.000000255,149.01584,26,34
1970-01-01 00:00:00.000000256,172.32947,26,34
1970-01-01 00:00:00.000000257,186.1738,26,34
1970-01-01 00:00:00.000000256,147.98657,26,35
1970-01-01 00:00:00.000000257,162.93056,26,35
1970-01-01 00:00:00.000000258,169.3047,26,35
1970-01-01 00:00:00.000000257,147.73196,26,36
1970-01-01 00:00:00.000000258,155.6462,26,36
1970-01-01 00:00:00.000000259,158.37611,26,36
1970-01-01 00:00:00.000000181,93.68035,29,10
1970-01-01 00:00:00.000000182,91.30202,29,10
1970-01-01 00:00:00.000000183,90.55513,29,10
1970-01-01 00:00:00.000000182,91.495125,29,11
1970-01-01 00:00:00.000000183,94.15353,29,11
1970-01-01 00:00:00.000000184,92.29693,29,11
1970-01-01 00:00:00.000000183,92.49132,29,12
1970-01-01 00:00:00.000000184,92.729195,29,12
1970-01-01 00:00:00.000000185,92.49938,29,12
1970-01-01 00:00:00.000000184,94.956825,29,13
1970-01-01 00:00:00.000000185,95.88325,29,13
1970-01-01 00:00:00.000000186,95.46693,29,13
1970-01-01 00:00:00.000000185,100.78733,29,14
1970-01-01 00:00:00.000000186,102.57889,29,14
1970-01-01 00:00:00.000000187,102.184326,29,14
1970-01-01 00:00:00.000000186,103.63592,29,15
1970-01-01 00:00:00.000000187,104.26612,29,15
1970-01-01 00:00:00.000000188,103.445435,29,15
1970-01-01 00:00:00.000000187,108.39072,29,16
1970-01-01 00:00:00.000000188,110.135414,29,16
1970-01-01 00:00:00.000000189,109.26827,29,16
1970-01-01 00:00:00.000000188,109.12424,29,17
1970-01-01 00:00:00.000000189,109.015785,29,17
1970-01-01 00:00:00.000000190,108.25907,29,17
1970-01-01 00:00:00.000000189,98.6813,29,18
1970-01-01 00:00:00.000000190,96.69493,29,18
1970-01-01 00:00:00.000000191,96.07925,29,18
1970-01-01 00:00:00.000000190,86.297966,29,19
1970-01-01 00:00:00.000000191,83.60176,29,19
1970-01-01 00:00:00.000000192,82.13594,29,19
1970-01-01 00:00:00.000000191,87.74108,29,20
1970-01-01 00:00:00.000000192,79.24176,29,20
1970-01-01 00:00:00.000000193,79.77813,29,20
1970-01-01 00:00:00.000000192,93.44168,29,21
1970-01-01 00:00:00.000000193,93.96859,29,21
1970-01-01 00:00:00.000000194,92.87443,29,21
1970-01-01 00:00:00.000000193,60.65535,29,22
1970-01-01 00:00:00.000000194,60.58342,29,22
1970-01-01 00:00:00.000000195,57.950138,29,22
1970-01-01 00:00:00.000000194,73.35096,29,23
1970-01-01 00:00:00.000000195,78.7973,29,23
1970-01-01 00:00:00.000000196,75.95961,29,23
1970-01-01 00:00:00.000000195,68.36495,29,24
1970-01-01 00:00:00.000000196,53.658035,29,24
1970-01-01 00:00:00.000000197,53.31193,29,24
1970-01-01 00:00:00.000000196,63.365494,29,25
1970-01-01 00:00:00.000000197,65.13618,29,25
1970-01-01 00:00:00.000000198,63.771862,29,25
1970-01-01 00:00:00.000000197,43.888912,29,26
1970-01-01 00:00:00.000000198,41.396755,29,26
1970-01-01 00:00:00.000000199,40.141785,29,26
1970-01-01 00:00:00.000000198,58.252644,29,27
1970-01-01 00:00:00.000000199,54.11914,29,27
1970-01-01 00:00:00.000000200,53.602745,29,27
1970-01-01 00:00:00.000000199,63.295494,29,28
1970-01-01 00:00:00.000000200,66.5631,29,28
1970-01-01 00:00:00.000000201,65.22038,29,28
1970-01-01 00:00:00.000000092,181.37894,40,10
1970-01-01 00:00:00.000000093,185.34657,40,10
1970-01-01 00:00:00.000000094,189.22989,40,10
1970-01-01 00:00:00.000000093,190.53561,40,11
1970-01-01 00:00:00.000000094,194.49701,40,11
1970-01-01 00:00:00.000000095,199.19254,40,11
1970-01-01 00:00:00.000000094,186.38191,40,12
1970-01-01 00:00:00.000000095,186.40085,40,12
1970-01-01 00:00:00.000000096,188.78001,40,12
1970-01-01 00:00:00.000000092,177.91182,42,10
1970-01-01 00:00:00.000000093,180.01642,42,10
1970-01-01 00:00:00.000000094,182.00787,42,10
1970-01-01 00:00:00.000000093,173.2449,42,11
1970-01-01 00:00:00.000000094,171.8224,42,11
1970-01-01 00:00:00.000000095,172.32594,42,11
1970-01-01 00:00:00.000000094,179.41125,42,12
1970-01-01 00:00:00.000000095,181.12387,42,12
1970-01-01 00:00:00.000000096,181.90341,42,12
1970-01-01 00:00:00.000000156,119.5775,45,10
1970-01-01 00:00:00.000000157,119.02604,45,10
1970-01-01 00:00:00.000000158,118.869995,45,10
1970-01-01 00:00:00.000000157,119.09973,45,11
1970-01-01 00:00:00.000000158,119.3661,45,11
1970-01-01 00:00:00.000000159,119.12858,45,11
1970-01-01 00:00:00.000000158,118.549706,45,12
1970-01-01 00:00:00.000000159,118.36835,45,12
1970-01-01 00:00:00.000000160,118.32054,45,12
1970-01-01 00:00:00.000000159,116.97798,45,13
1970-01-01 00:00:00.000000160,116.88657,45,13
1970-01-01 00:00:00.000000161,116.76353,45,13
1970-01-01 00:00:00.000000160,117.77983,45,14
1970-01-01 00:00:00.000000161,118.05792,45,14
1970-01-01 00:00:00.000000162,118.01457,45,14
1970-01-01 00:00:00.000000161,116.34955,45,15
1970-01-01 00:00:00.000000162,116.05525,45,15
1970-01-01 00:00:00.000000163,115.93005,45,15
1970-01-01 00:00:00.000000162,117.70959,45,16
1970-01-01 00:00:00.000000163,118.386055,45,16
1970-01-01 00:00:00.000000164,118.31857,45,16
1970-01-01 00:00:00.000000163,118.9134,45,17
1970-01-01 00:00:00.000000164,119.42806,45,17
1970-01-01 00:00:00.000000165,119.56094,45,17
1970-01-01 00:00:00.000000164,119.78307,45,18
1970-01-01 00:00:00.000000165,120.55384,45,18
1970-01-01 00:00:00.000000166,120.50095,45,18
1970-01-01 00:00:00.000000165,119.76691,45,19
1970-01-01 00:00:00.000000166,120.13756,45,19
1970-01-01 00:00:00.000000167,120.02746,45,19
1970-01-01 00:00:00.000000166,118.29345,45,20
1970-01-01 00:00:00.000000167,118.23153,45,20
1970-01-01 00:00:00.000000168,118.031815,45,20
1970-01-01 00:00:00.000000167,116.71086,45,21
1970-01-01 00:00:00.000000168,116.6131,45,21
1970-01-01 00:00:00.000000169,116.515915,45,21
1970-01-01 00:00:00.000000168,117.85854,45,22
1970-01-01 00:00:00.000000169,118.359116,45,22
1970-01-01 00:00:00.000000170,118.23557,45,22
1970-01-01 00:00:00.000000169,115.91181,45,23
1970-01-01 00:00:00.000000170,111.06651,45,23
1970-01-01 00:00:00.000000171,106.428764,45,23
1970-01-01 00:00:00.000000116,106.20076,46,10
1970-01-01 00:00:00.000000117,107.77083,46,10
1970-01-01 00:00:00.000000118,107.688965,46,10
1970-01-01 00:00:00.000000117,99.78051,46,11
1970-01-01 00:00:00.000000118,98.70186,46,11
1970-01-01 00:00:00.000000119,98.9964,46,11
1970-01-01 00:00:00.000000118,105.29243,46,12
1970-01-01 00:00:00.000000119,107.777214,46,12
1970-01-01 00:00:00.000000120,107.36431,46,12
1970-01-01 00:00:00.000000119,104.79592,46,13
1970-01-01 00:00:00.000000120,104.57654,46,13
1970-01-01 00:00:00.000000121,104.606674,46,13
1970-01-01 00:00:00.000000120,102.641266,46,14
1970-01-01 00:00:00.000000121,103.25443,46,14
1970-01-01 00:00:00.000000122,103.236,46,14
1970-01-01 00:00:00.000000121,103.83905,46,15
1970-01-01 00:00:00.000000122,104.3898,46,15
1970-01-01 00:00:00.000000123,104.38785,46,15
1970-01-01 00:00:00.000000122,101.21742,46,16
1970-01-01 00:00:00.000000123,101.07183,46,16
1970-01-01 00:00:00.000000124,101.214355,46,16
1970-01-01 00:00:00.000000243,105.90799,53,10
1970-01-01 00:00:00.000000244,109.37268,53,10
1970-01-01 00:00:00.000000245,110.690834,53,10
1970-01-01 00:00:00.000000244,109.046844,53,11
1970-01-01 00:00:00.000000245,110.45777,53,11
1970-01-01 00:00:00.000000246,111.249794,53,11
1970-01-01 00:00:00.000000245,110.825554,53,12
1970-01-01 00:00:00.000000246,112.67062,53,12
1970-01-01 00:00:00.000000247,112.650505,53,12
1970-01-01 00:00:00.000000246,108.53595,53,13
1970-01-01 00:00:00.000000247,108.1961,53,13
1970-01-01 00:00:00.000000248,107.85689,53,13
1970-01-01 00:00:00.000000247,103.8969,53,14
1970-01-01 00:00:00.000000248,103.390274,53,14
1970-01-01 00:00:00.000000249,102.798294,53,14
1970-01-01 00:00:00.000000248,109.600006,53,15
1970-01-01 00:00:00.000000249,111.50366,53,15
1970-01-01 00:00:00.000000250,111.70644,53,15
1970-01-01 00:00:00.000000249,107.72123,53,16
1970-01-01 00:00:00.000000250,106.89113,53,16
1970-01-01 00:00:00.000000251,106.68601,53,16
1970-01-01 00:00:00.000000250,108.12684,53,17
1970-01-01 00:00:00.000000251,108.94042,53,17
1970-01-01 00:00:00.000000252,108.60314,53,17
1970-01-01 00:00:00.000000251,112.76617,53,18
1970-01-01 00:00:00.000000252,113.995255,53,18
1970-01-01 00:00:00.000000253,114.350365,53,18
1970-01-01 00:00:00.000000252,113.82597,53,19
1970-01-01 00:00:00.000000253,114.19088,53,19
1970-01-01 00:00:00.000000254,114.02358,53,19
1970-01-01 00:00:00.000000253,117.17082,53,20
1970-01-01 00:00:00.000000254,118.41289,53,20
1970-01-01 00:00:00.000000255,118.17869,53,20
1970-01-01 00:00:00.000000254,104.247475,53,21
1970-01-01 00:00:00.000000255,102.2688,53,21
1970-01-01 00:00:00.000000256,101.46043,53,21
1970-01-01 00:00:00.000000255,94.83719,53,22
1970-01-01 00:00:00.000000256,93.5286,53,22
1970-01-01 00:00:00.000000257,92.71603,53,22
1970-01-01 00:00:00.000000256,94.651085,53,23
1970-01-01 00:00:00.000000257,95.13303,53,23
1970-01-01 00:00:00.000000258,94.679184,53,23
1970-01-01 00:00:00.000000257,93.114105,53,24
1970-01-01 00:00:00.000000258,93.55237,53,24
1970-01-01 00:00:00.000000259,93.2772,53,24
1970-01-01 00:00:00.000000258,89.95418,53,25
1970-01-01 00:00:00.000000259,89.62254,53,25
1970-01-01 00:00:00.000000260,89.52471,53,25
1970-01-01 00:00:00.000000259,91.022865,53,26
1970-01-01 00:00:00.000000260,91.46941,53,26
1970-01-01 00:00:00.000000261,91.36639,53,26
1970-01-01 00:00:00.000000260,93.03226,53,27
1970-01-01 00:00:00.000000261,93.43109,53,27
1970-01-01 00:00:00.000000262,93.650116,53,27
1970-01-01 00:00:00.000000261,90.74089,53,28
1970-01-01 00:00:00.000000262,90.33357,53,28
1970-01-01 00:00:00.000000263,90.08036,53,28
1970-01-01 00:00:00.000000262,96.93127,53,29
1970-01-01 00:00:00.000000263,99.12268,53,29
1970-01-01 00:00:00.000000264,99.52133,53,29
1970-01-01 00:00:00.000000263,98.710884,53,30
1970-01-01 00:00:00.000000264,99.28086,53,30
1970-01-01 00:00:00.000000265,99.57074,53,30
1970-01-01 00:00:00.000000264,89.64496,53,31
1970-01-01 00:00:00.000000265,88.75409,53,31
1970-01-01 00:00:00.000000266,87.88997,53,31
1970-01-01 00:00:00.000000265,96.56305,53,32
1970-01-01 00:00:00.000000266,98.959656,53,32
1970-01-01 00:00:00.000000267,99.00065,53,32
1970-01-01 00:00:00.000000266,88.23422,53,33
1970-01-01 00:00:00.000000267,86.02652,53,33
1970-01-01 00:00:00.000000268,85.30142,53,33
1970-01-01 00:00:00.000000267,77.57167,53,34
1970-01-01 00:00:00.000000268,76.803345,53,34
1970-01-01 00:00:00.000000269,75.5404,53,34
1970-01-01 00:00:00.000000268,76.81686,53,35
1970-01-01 00:00:00.000000269,76.80346,53,35
1970-01-01 00:00:00.000000270,75.72551,53,35
1970-01-01 00:00:00.000000269,73.96144,53,36
1970-01-01 00:00:00.000000270,73.46085,53,36
1970-01-01 00:00:00.000000271,72.68439,53,36
1970-01-01 00:00:00.000000270,77.30637,53,37
1970-01-01 00:00:00.000000271,78.789734,53,37
1970-01-01 00:00:00.000000272,78.958115,53,37
1970-01-01 00:00:00.000000271,83.372185,53,38
1970-01-01 00:00:00.000000272,85.27014,53,38
1970-01-01 00:00:00.000000273,85.97444,53,38
1970-01-01 00:00:00.000000272,87.35033,53,39
1970-01-01 00:00:00.000000273,88.92946,53,39
1970-01-01 00:00:00.000000274,89.04542,53,39
1970-01-01 00:00:00.000000097,36.54441,54,10
1970-01-01 00:00:00.000000098,35.56348,54,10
1970-01-01 00:00:00.000000099,35.220444,54,10
1970-01-01 00:00:00.000000098,35.44472,54,11
1970-01-01 00:00:00.000000099,35.307976,54,11
1970-01-01 00:00:00.000000100,35.172947,54,11
1970-01-01 00:00:00.000000099,35.539967,54,12
1970-01-01 00:00:00.000000100,35.56175,54,12
1970-01-01 00:00:00.000000101,35.548283,54,12
1970-01-01 00:00:00.000000100,33.973583,54,13
1970-01-01 00:00:00.000000101,33.906387,54,13
1970-01-01 00:00:00.000000102,33.937973,54,13
1970-01-01 00:00:00.000000277,68.49178,60,10
1970-01-01 00:00:00.000000278,67.0513,60,10
1970-01-01 00:00:00.000000279,67.88999,60,10
1970-01-01 00:00:00.000000278,54.483055,60,11
1970-01-01 00:00:00.000000279,52.67718,60,11
1970-01-01 00:00:00.000000280,54.428192,60,11
1970-01-01 00:00:00.000000279,58.96443,60,12
1970-01-01 00:00:00.000000280,61.856457,60,12
1970-01-01 00:00:00.000000281,62.198387,60,12
1970-01-01 00:00:00.000000280,56.899986,60,13
1970-01-01 00:00:00.000000281,56.613224,60,13
1970-01-01 00:00:00.000000282,56.914722,60,13
1970-01-01 00:00:00.000000281,54.095818,60,14
1970-01-01 00:00:00.000000282,54.93293,60,14
1970-01-01 00:00:00.000000283,54.95088,60,14
1970-01-01 00:00:00.000000282,52.916737,60,15
1970-01-01 00:00:00.000000283,53.00921,60,15
1970-01-01 00:00:00.000000284,53.070362,60,15
1970-01-01 00:00:00.000000283,55.158386,60,16
1970-01-01 00:00:00.000000284,56.13874,60,16
1970-01-01 00:00:00.000000285,56.390816,60,16
1970-01-01 00:00:00.000000284,60.43309,60,17
1970-01-01 00:00:00.000000285,61.987972,60,17
1970-01-01 00:00:00.000000286,62.80294,60,17
1970-01-01 00:00:00.000000285,68.8633,60,18
1970-01-01 00:00:00.000000286,71.973076,60,18
1970-01-01 00:00:00.000000287,73.22492,60,18
1970-01-01 00:00:00.000000286,74.70198,60,19
1970-01-01 00:00:00.000000287,77.46261,60,19
1970-01-01 00:00:00.000000288,78.26626,60,19
1970-01-01 00:00:00.000000287,73.007095,60,20
1970-01-01 00:00:00.000000288,73.93745,60,20
1970-01-01 00:00:00.000000289,73.84714,60,20
1970-01-01 00:00:00.000000288,77.64084,60,21
1970-01-01 00:00:00.000000289,79.800644,60,21
1970-01-01 00:00:00.000000290,80.12662,60,21
1970-01-01 00:00:00.000000289,71.66341,60,22
1970-01-01 00:00:00.000000290,70.152435,60,22
1970-01-01 00:00:00.000000291,70.49725,60,22
1970-01-01 00:00:00.000000290,69.74102,60,23
1970-01-01 00:00:00.000000291,69.47491,60,23
1970-01-01 00:00:00.000000292,69.61548,60,23
1970-01-01 00:00:00.000000291,72.81149,60,24
1970-01-01 00:00:00.000000292,73.304276,60,24
1970-01-01 00:00:00.000000293,73.43442,60,24
1970-01-01 00:00:00.000000292,68.57681,60,25
1970-01-01 00:00:00.000000293,67.785,60,25
1970-01-01 00:00:00.000000294,68.020836,60,25
1970-01-01 00:00:00.000000293,72.989494,60,26
1970-01-01 00:00:00.000000294,74.7342,60,26
1970-01-01 00:00:00.000000295,74.866035,60,26
1970-01-01 00:00:00.000000294,71.48812,60,27
1970-01-01 00:00:00.000000295,70.62912,60,27
1970-01-01 00:00:00.000000296,70.72401,60,27
1970-01-01 00:00:00.000000295,64.49651,60,28
1970-01-01 00:00:00.000000296,63.491714,60,28
1970-01-01 00:00:00.000000297,64.13318,60,28
1970-01-01 00:00:00.000000296,64.826164,60,29
1970-01-01 00:00:00.000000297,64.66827,60,29
1970-01-01 00:00:00.000000298,65.18608,60,29
1970-01-01 00:00:00.000000297,66.25219,60,30
1970-01-01 00:00:00.000000298,66.71025,60,30
1970-01-01 00:00:00.000000299,66.97228,60,30
1970-01-01 00:00:00.000000298,71.3505,60,31
1970-01-01 00:00:00.000000299,73.33388,60,31
1970-01-01 00:00:00.000000300,73.9238,60,31
1970-01-01 00:00:00.000000299,62.36226,60,32
1970-01-01 00:00:00.000000300,60.72053,60,32
1970-01-01 00:00:00.000000301,61.019444,60,32
1970-01-01 00:00:00.000000300,59.508667,60,33
1970-01-01 00:00:00.000000301,59.95258,60,33
1970-01-01 00:00:00.000000302,59.97448,60,33
1970-01-01 00:00:00.000000301,52.78046,60,34
1970-01-01 00:00:00.000000302,52.123264,60,34
1970-01-01 00:00:00.000000303,52.36057,60,34
1970-01-01 00:00:00.000000302,55.218063,60,35
1970-01-01 00:00:00.000000303,57.18111,60,35
1970-01-01 00:00:00.000000304,57.46188,60,35
1970-01-01 00:00:00.000000303,54.191,60,36
1970-01-01 00:00:00.000000304,53.90049,60,36
1970-01-01 00:00:00.000000305,53.985588,60,36
1970-01-01 00:00:00.000000304,47.892338,60,37
1970-01-01 00:00:00.000000305,47.63151,60,37
1970-01-01 00:00:00.000000306,47.76254,60,37
1970-01-01 00:00:00.000000305,53.378956,60,38
1970-01-01 00:00:00.000000306,55.109474,60,38
1970-01-01 00:00:00.000000307,55.66597,60,38
1970-01-01 00:00:00.000000306,59.152954,60,39
1970-01-01 00:00:00.000000307,60.685486,60,39
1970-01-01 00:00:00.000000308,61.723602,60,39
1970-01-01 00:00:00.000000307,63.3621,60,40
1970-01-01 00:00:00.000000308,65.445625,60,40
1970-01-01 00:00:00.000000309,66.187,60,40
1970-01-01 00:00:00.000000308,59.048492,60,41
1970-01-01 00:00:00.000000309,58.532898,60,41
1970-01-01 00:00:00.000000310,58.301514,60,41
1970-01-01 00:00:00.000000309,55.511463,60,42
1970-01-01 00:00:00.000000310,54.971325,60,42
1970-01-01 00:00:00.000000311,55.337223,60,42
1970-01-01 00:00:00.000000310,48.063942,60,43
1970-01-01 00:00:00.000000311,46.429073,60,43
1970-01-01 00:00:00.000000312,47.956566,60,43
1970-01-01 00:00:00.000000311,45.858204,60,44
1970-01-01 00:00:00.000000312,45.541748,60,44
1970-01-01 00:00:00.000000313,46.31865,60,44
1970-01-01 00:00:00.000000312,54.95027,60,45
1970-01-01 00:00:00.000000313,57.91662,60,45
1970-01-01 00:00:00.000000314,58.83431,60,45
1970-01-01 00:00:00.000000102,66.930984,61,10
1970-01-01 00:00:00.000000103,66.95925,61,10
1970-01-01 00:00:00.000000104,66.91221,61,10
1970-01-01 00:00:00.000000103,60.998238,61,11
1970-01-01 00:00:00.000000104,61.15495,61,11
1970-01-01 00:00:00.000000105,61.207153,61,11
1970-01-01 00:00:00.000000104,65.79166,61,12
1970-01-01 00:00:00.000000105,67.70435,61,12
1970-01-01 00:00:00.000000106,67.31671,61,12
1970-01-01 00:00:00.000000105,65.16904,61,13
1970-01-01 00:00:00.000000106,65.37213,61,13
1970-01-01 00:00:00.000000107,65.17513,61,13
1970-01-01 00:00:00.000000106,63.413208,61,14
1970-01-01 00:00:00.000000107,63.83779,61,14
1970-01-01 00:00:00.000000108,63.659485,61,14
1970-01-01 00:00:00.000000125,126.21048,62,10
1970-01-01 00:00:00.000000126,127.18599,62,10
1970-01-01 00:00:00.000000127,127.63122,62,10
1970-01-01 00:00:00.000000126,125.57662,62,11
1970-01-01 00:00:00.000000127,126.00023,62,11
1970-01-01 00:00:00.000000128,126.336685,62,11
1970-01-01 00:00:00.000000127,115.375824,62,12
1970-01-01 00:00:00.000000128,114.484634,62,12
1970-01-01 00:00:00.000000129,116.57863,62,12
1970-01-01 00:00:00.000000128,114.425125,62,13
1970-01-01 00:00:00.000000129,116.91166,62,13
1970-01-01 00:00:00.000000130,118.612465,62,13
1970-01-01 00:00:00.000000129,117.45198,62,14
1970-01-01 00:00:00.000000130,118.81343,62,14
1970-01-01 00:00:00.000000131,121.176025,62,14
1970-01-01 00:00:00.000000130,115.26386,62,15
1970-01-01 00:00:00.000000131,115.23872,62,15
1970-01-01 00:00:00.000000132,115.45244,62,15
1970-01-01 00:00:00.000000131,115.96567,62,16
1970-01-01 00:00:00.000000132,116.69632,62,16
1970-01-01 00:00:00.000000133,117.23189,62,16
1970-01-01 00:00:00.000000132,114.29926,62,17
1970-01-01 00:00:00.000000133,114.12385,62,17
1970-01-01 00:00:00.000000134,114.55932,62,17
1970-01-01 00:00:00.000000133,113.188896,62,18
1970-01-01 00:00:00.000000134,113.59298,62,18
1970-01-01 00:00:00.000000135,113.97858,62,18
1970-01-01 00:00:00.000000292,75.78363,63,10
1970-01-01 00:00:00.000000293,75.96727,63,10
1970-01-01 00:00:00.000000294,75.6078,63,10
1970-01-01 00:00:00.000000293,73.01965,63,11
1970-01-01 00:00:00.000000294,73.98391,63,11
1970-01-01 00:00:00.000000295,74.01351,63,11
1970-01-01 00:00:00.000000294,69.97913,63,12
1970-01-01 00:00:00.000000295,70.10449,63,12
1970-01-01 00:00:00.000000296,69.83857,63,12
1970-01-01 00:00:00.000000295,71.49968,63,13
1970-01-01 00:00:00.000000296,72.73457,63,13
1970-01-01 00:00:00.000000297,72.80619,63,13
1970-01-01 00:00:00.000000296,70.320206,63,14
1970-01-01 00:00:00.000000297,70.06168,63,14
1970-01-01 00:00:00.000000298,69.87438,63,14
1970-01-01 00:00:00.000000297,67.930565,63,15
1970-01-01 00:00:00.000000298,68.38791,63,15
1970-01-01 00:00:00.000000299,68.14263,63,15
1970-01-01 00:00:00.000000298,64.380356,63,16
1970-01-01 00:00:00.000000299,64.34575,63,16
1970-01-01 00:00:00.000000300,63.711555,63,16
1970-01-01 00:00:00.000000299,64.33311,63,17
1970-01-01 00:00:00.000000300,65.507164,63,17
1970-01-01 00:00:00.000000301,65.75565,63,17
1970-01-01 00:00:00.000000300,67.16464,63,18
1970-01-01 00:00:00.000000301,68.17021,63,18
1970-01-01 00:00:00.000000302,68.889824,63,18
1970-01-01 00:00:00.000000301,68.011696,63,19
1970-01-01 00:00:00.000000302,68.7484,63,19
1970-01-01 00:00:00.000000303,69.13014,63,19
1970-01-01 00:00:00.000000302,63.045822,63,20
1970-01-01 00:00:00.000000303,63.146843,63,20
1970-01-01 00:00:00.000000304,62.98696,63,20
1970-01-01 00:00:00.000000303,63.803432,63,21
1970-01-01 00:00:00.000000304,65.42801,63,21
1970-01-01 00:00:00.000000305,65.88389,63,21
1970-01-01 00:00:00.000000304,63.255283,63,22
1970-01-01 00:00:00.000000305,63.773594,63,22
1970-01-01 00:00:00.000000306,64.132706,63,22
1970-01-01 00:00:00.000000305,64.37761,63,23
1970-01-01 00:00:00.000000306,65.81551,63,23
1970-01-01 00:00:00.000000307,66.240585,63,23
1970-01-01 00:00:00.000000306,67.46451,63,24
1970-01-01 00:00:00.000000307,68.81922,63,24
1970-01-01 00:00:00.000000308,69.70475,63,24
1970-01-01 00:00:00.000000307,65.24673,63,25
1970-01-01 00:00:00.000000308,65.894104,63,25
1970-01-01 00:00:00.000000309,66.23222,63,25
1970-01-01 00:00:00.000000308,61.318665,63,26
1970-01-01 00:00:00.000000309,61.672447,63,26
1970-01-01 00:00:00.000000310,61.660103,63,26
1970-01-01 00:00:00.000000309,62.67215,63,27
1970-01-01 00:00:00.000000310,64.28075,63,27
1970-01-01 00:00:00.000000311,65.15172,63,27
1970-01-01 00:00:00.000000310,63.822933,63,28
1970-01-01 00:00:00.000000311,64.64166,63,28
1970-01-01 00:00:00.000000312,65.53957,63,28
1970-01-01 00:00:00.000000311,67.08019,63,29
1970-01-01 00:00:00.000000312,68.7085,63,29
1970-01-01 00:00:00.000000313,69.61116,63,29
1970-01-01 00:00:00.000000312,66.65853,63,30
1970-01-01 00:00:00.000000313,67.51228,63,30
1970-01-01 00:00:00.000000314,68.29538,63,30
1970-01-01 00:00:00.000000313,65.39271,63,31
1970-01-01 00:00:00.000000314,66.24638,63,31
1970-01-01 00:00:00.000000315,66.46305,63,31
1970-01-01 00:00:00.000000314,71.11906,63,32
1970-01-01 00:00:00.000000315,73.16732,63,32
1970-01-01 00:00:00.000000316,73.95433,63,32
1970-01-01 00:00:00.000000315,75.0354,63,33
1970-01-01 00:00:00.000000316,76.708305,63,33
1970-01-01 00:00:00.000000317,77.57262,63,33
1970-01-01 00:00:00.000000316,77.04353,63,34
1970-01-01 00:00:00.000000317,79.7378,63,34
1970-01-01 00:00:00.000000318,80.65044,63,34
1970-01-01 00:00:00.000000317,70.37783,63,35
1970-01-01 00:00:00.000000318,70.501396,63,35
1970-01-01 00:00:00.000000319,70.45117,63,35
1970-01-01 00:00:00.000000318,77.705154,63,36
1970-01-01 00:00:00.000000319,81.63221,63,36
1970-01-01 00:00:00.000000320,82.664085,63,36
1970-01-01 00:00:00.000000319,82.23462,63,37
1970-01-01 00:00:00.000000320,84.26791,63,37
1970-01-01 00:00:00.000000321,86.54832,63,37
1970-01-01 00:00:00.000000320,72.3059,63,38
1970-01-01 00:00:00.000000321,72.83735,63,38
1970-01-01 00:00:00.000000322,73.393196,63,38
1970-01-01 00:00:00.000000321,72.8987,63,39
1970-01-01 00:00:00.000000322,74.13299,63,39
1970-01-01 00:00:00.000000323,74.78517,63,39
1970-01-01 00:00:00.000000322,74.61145,63,40
1970-01-01 00:00:00.000000323,75.82984,63,40
1970-01-01 00:00:00.000000324,77.01182,63,40
1970-01-01 00:00:00.000000323,74.21771,63,41
1970-01-01 00:00:00.000000324,74.62892,63,41
1970-01-01 00:00:00.000000325,75.057045,63,41
1970-01-01 00:00:00.000000324,76.32986,63,42
1970-01-01 00:00:00.000000325,77.57854,63,42
1970-01-01 00:00:00.000000326,78.23294,63,42
1970-01-01 00:00:00.000000325,79.12975,63,43
1970-01-01 00:00:00.000000326,80.676315,63,43
1970-01-01 00:00:00.000000327,81.71052,63,43
1970-01-01 00:00:00.000000326,80.38533,63,44
1970-01-01 00:00:00.000000327,81.69638,63,44
1970-01-01 00:00:00.000000328,82.678734,63,44
1970-01-01 00:00:00.000000327,78.88013,63,45
1970-01-01 00:00:00.000000328,79.72165,63,45
1970-01-01 00:00:00.000000329,80.33673,63,45
1970-01-01 00:00:00.000000328,77.77572,63,46
1970-01-01 00:00:00.000000329,78.214645,63,46
1970-01-01 00:00:00.000000330,78.440994,63,46
1970-01-01 00:00:00.000000329,84.09302,63,47
1970-01-01 00:00:00.000000330,86.04432,63,47
1970-01-01 00:00:00.000000331,86.76025,63,47
1970-01-01 00:00:00.000000156,98.91295,64,10
1970-01-01 00:00:00.000000157,98.35852,64,10
1970-01-01 00:00:00.000000158,98.23383,64,10
1970-01-01 00:00:00.000000157,95.39471,64,11
1970-01-01 00:00:00.000000158,95.252655,64,11
1970-01-01 00:00:00.000000159,94.850525,64,11
1970-01-01 00:00:00.000000158,104.00243,64,12
1970-01-01 00:00:00.000000159,106.893776,64,12
1970-01-01 00:00:00.000000160,107.766815,64,12
1970-01-01 00:00:00.000000159,103.06612,64,13
1970-01-01 00:00:00.000000160,102.78257,64,13
1970-01-01 00:00:00.000000161,102.97743,64,13
1970-01-01 00:00:00.000000160,109.07808,64,14
1970-01-01 00:00:00.000000161,112.218765,64,14
1970-01-01 00:00:00.000000162,112.7611,64,14
1970-01-01 00:00:00.000000161,113.07734,64,15
1970-01-01 00:00:00.000000162,114.39312,64,15
1970-01-01 00:00:00.000000163,115.17918,64,15
1970-01-01 00:00:00.000000162,112.59844,64,16
1970-01-01 00:00:00.000000163,112.372375,64,16
1970-01-01 00:00:00.000000164,111.44868,64,16
1970-01-01 00:00:00.000000163,115.172516,64,17
1970-01-01 00:00:00.000000164,115.93489,64,17
1970-01-01 00:00:00.000000165,115.53488,64,17
1970-01-01 00:00:00.000000164,111.4839,64,18
1970-01-01 00:00:00.000000165,110.69896,64,18
1970-01-01 00:00:00.000000166,110.27105,64,18
1970-01-01 00:00:00.000000165,107.73091,64,19
1970-01-01 00:00:00.000000166,107.07231,64,19
1970-01-01 00:00:00.000000167,106.563354,64,19
1970-01-01 00:00:00.000000166,103.9986,64,20
1970-01-01 00:00:00.000000167,103.89352,64,20
1970-01-01 00:00:00.000000168,103.36295,64,20
1970-01-01 00:00:00.000000167,98.65427,64,21
1970-01-01 00:00:00.000000168,98.034546,64,21
1970-01-01 00:00:00.000000169,97.41335,64,21
1970-01-01 00:00:00.000000168,99.10585,64,22
1970-01-01 00:00:00.000000169,99.78011,64,22
1970-01-01 00:00:00.000000170,99.3723,64,22
1970-01-01 00:00:00.000000169,97.2388,64,23
1970-01-01 00:00:00.000000170,93.08218,64,23
1970-01-01 00:00:00.000000171,91.51244,64,23
1970-01-01 00:00:00.000000225,45.941994,65,10
1970-01-01 00:00:00.000000226,45.881603,65,10
1970-01-01 00:00:00.000000227,45.574566,65,10
1970-01-01 00:00:00.000000226,46.219902,65,11
1970-01-01 00:00:00.000000227,46.256332,65,11
1970-01-01 00:00:00.000000228,46.23454,65,11
1970-01-01 00:00:00.000000227,44.881916,65,12
1970-01-01 00:00:00.000000228,44.40223,65,12
1970-01-01 00:00:00.000000229,44.634373,65,12
1970-01-01 00:00:00.000000228,45.03294,65,13
1970-01-01 00:00:00.000000229,45.135693,65,13
1970-01-01 00:00:00.000000230,45.17885,65,13
1970-01-01 00:00:00.000000229,51.121456,65,14
1970-01-01 00:00:00.000000230,52.712723,65,14
1970-01-01 00:00:00.000000231,52.842274,65,14
1970-01-01 00:00:00.000000230,57.97179,65,15
1970-01-01 00:00:00.000000231,60.086563,65,15
1970-01-01 00:00:00.000000232,60.394447,65,15
1970-01-01 00:00:00.000000231,57.193695,65,16
1970-01-01 00:00:00.000000232,57.36909,65,16
1970-01-01 00:00:00.000000233,56.825485,65,16
1970-01-01 00:00:00.000000232,55.28876,65,17
1970-01-01 00:00:00.000000233,55.030437,65,17
1970-01-01 00:00:00.000000234,54.883083,65,17
1970-01-01 00:00:00.000000233,54.457848,65,18
1970-01-01 00:00:00.000000234,53.963623,65,18
1970-01-01 00:00:00.000000235,54.33561,65,18
1970-01-01 00:00:00.000000234,58.458897,65,19
1970-01-01 00:00:00.000000235,59.775345,65,19
1970-01-01 00:00:00.000000236,59.8958,65,19
1970-01-01 00:00:00.000000235,58.73521,65,20
1970-01-01 00:00:00.000000236,58.68073,65,20
1970-01-01 00:00:00.000000237,58.58339,65,20
1970-01-01 00:00:00.000000236,56.52835,65,21
1970-01-01 00:00:00.000000237,56.114975,65,21
1970-01-01 00:00:00.000000238,56.00134,65,21
1970-01-01 00:00:00.000000237,60.101833,65,22
1970-01-01 00:00:00.000000238,61.158195,65,22
1970-01-01 00:00:00.000000239,61.209743,65,22
1970-01-01 00:00:00.000000238,60.216522,65,23
1970-01-01 00:00:00.000000239,60.066242,65,23
1970-01-01 00:00:00.000000240,59.99549,65,23
1970-01-01 00:00:00.000000239,63.138058,65,24
1970-01-01 00:00:00.000000240,64.26423,65,24
1970-01-01 00:00:00.000000241,64.093346,65,24
1970-01-01 00:00:00.000000240,64.06496,65,25
1970-01-01 00:00:00.000000241,64.199814,65,25
1970-01-01 00:00:00.000000242,64.106445,65,25
1970-01-01 00:00:00.000000241,64.87095,65,26
1970-01-01 00:00:00.000000242,65.391426,65,26
1970-01-01 00:00:00.000000243,65.161575,65,26
1970-01-01 00:00:00.000000242,65.37578,65,27
1970-01-01 00:00:00.000000243,65.48969,65,27
1970-01-01 00:00:00.000000244,65.39877,65,27
1970-01-01 00:00:00.000000243,68.415245,65,28
1970-01-01 00:00:00.000000244,69.405136,65,28
1970-01-01 00:00:00.000000245,69.40079,65,28
1970-01-01 00:00:00.000000244,67.826996,65,29
1970-01-01 00:00:00.000000245,67.50194,65,29
1970-01-01 00:00:00.000000246,67.328674,65,29
1970-01-01 00:00:00.000000245,69.698685,65,30
1970-01-01 00:00:00.000000246,70.51089,65,30
1970-01-01 00:00:00.000000247,70.323715,65,30
1970-01-01 00:00:00.000000246,70.91067,65,31
1970-01-01 00:00:00.000000247,71.09753,65,31
1970-01-01 00:00:00.000000248,71.0475,65,31
1970-01-01 00:00:00.000000247,69.45371,65,32
1970-01-01 00:00:00.000000248,69.10116,65,32
1970-01-01 00:00:00.000000249,69.006516,65,32
1970-01-01 00:00:00.000000248,67.20368,65,33
1970-01-01 00:00:00.000000249,66.64149,65,33
1970-01-01 00:00:00.000000250,66.93505,65,33
1970-01-01 00:00:00.000000249,64.684166,65,34
1970-01-01 00:00:00.000000250,63.802605,65,34
1970-01-01 00:00:00.000000251,64.31036,65,34
1970-01-01 00:00:00.000000250,65.84728,65,35
1970-01-01 00:00:00.000000251,65.90576,65,35
1970-01-01 00:00:00.000000252,65.96895,65,35
1970-01-01 00:00:00.000000083,73.32226,66,10
1970-01-01 00:00:00.000000084,75.17131,66,10
1970-01-01 00:00:00.000000085,73.09399,66,10
1970-01-01 00:00:00.000000124,39.898945,67,10
1970-01-01 00:00:00.000000125,39.250965,67,10
1970-01-01 00:00:00.000000126,40.6573,67,10
1970-01-01 00:00:00.000000125,50.000763,67,11
1970-01-01 00:00:00.000000126,52.28905,67,11
1970-01-01 00:00:00.000000127,50.78888,67,11
1970-01-01 00:00:00.000000126,42.226456,67,12
1970-01-01 00:00:00.000000127,41.01832,67,12
1970-01-01 00:00:00.000000128,42.981472,67,12
1970-01-01 00:00:00.000000127,43.02255,67,13
1970-01-01 00:00:00.000000128,45.66355,67,13
1970-01-01 00:00:00.000000129,46.236553,67,13
1970-01-01 00:00:00.000000128,39.241444,67,14
1970-01-01 00:00:00.000000129,39.334705,67,14
1970-01-01 00:00:00.000000130,41.15962,67,14
1970-01-01 00:00:00.000000129,32.090843,67,15
1970-01-01 00:00:00.000000130,32.60485,67,15
1970-01-01 00:00:00.000000131,34.144367,67,15
1970-01-01 00:00:00.000000130,31.037506,67,16
1970-01-01 00:00:00.000000131,31.756222,67,16
1970-01-01 00:00:00.000000132,32.894054,67,16
1970-01-01 00:00:00.000000131,31.350657,67,17
1970-01-01 00:00:00.000000132,32.165104,67,17
1970-01-01 00:00:00.000000133,32.086376,67,17
1970-01-01 00:00:00.000000176,94.915115,69,10
1970-01-01 00:00:00.000000177,94.57775,69,10
1970-01-01 00:00:00.000000178,96.77219,69,10
1970-01-01 00:00:00.000000177,91.23782,69,11
1970-01-01 00:00:00.000000178,92.61278,69,11
1970-01-01 00:00:00.000000179,93.134766,69,11
1970-01-01 00:00:00.000000178,86.44911,69,12
1970-01-01 00:00:00.000000179,86.39824,69,12
1970-01-01 00:00:00.000000180,86.17547,69,12
1970-01-01 00:00:00.000000179,92.68741,69,13
1970-01-01 00:00:00.000000180,94.77194,69,13
1970-01-01 00:00:00.000000181,95.62529,69,13
1970-01-01 00:00:00.000000180,95.155106,69,14
1970-01-01 00:00:00.000000181,95.322975,69,14
1970-01-01 00:00:00.000000182,96.05487,69,14
1970-01-01 00:00:00.000000181,99.94144,69,15
1970-01-01 00:00:00.000000182,102.320045,69,15
1970-01-01 00:00:00.000000183,103.207306,69,15
1970-01-01 00:00:00.000000182,94.6607,69,16
1970-01-01 00:00:00.000000183,93.57198,69,16
1970-01-01 00:00:00.000000184,93.33655,69,16
1970-01-01 00:00:00.000000183,99.21267,69,17
1970-01-01 00:00:00.000000184,101.56812,69,17
1970-01-01 00:00:00.000000185,101.88795,69,17
1970-01-01 00:00:00.000000184,103.37379,69,18
1970-01-01 00:00:00.000000185,104.65979,69,18
1970-01-01 00:00:00.000000186,105.36081,69,18
1970-01-01 00:00:00.000000185,105.995964,69,19
1970-01-01 00:00:00.000000186,107.81852,69,19
1970-01-01 00:00:00.000000187,107.949265,69,19
1970-01-01 00:00:00.000000186,109.92979,69,20
1970-01-01 00:00:00.000000187,111.84319,69,20
1970-01-01 00:00:00.000000188,112.122406,69,20
1970-01-01 00:00:00.000000187,114.581436,69,21
1970-01-01 00:00:00.000000188,116.25847,69,21
1970-01-01 00:00:00.000000189,116.443115,69,21
1970-01-01 00:00:00.000000188,112.262184,69,22
1970-01-01 00:00:00.000000189,111.509926,69,22
1970-01-01 00:00:00.000000190,111.0115,69,22
1970-01-01 00:00:00.000000189,104.32816,69,23
1970-01-01 00:00:00.000000190,103.85895,69,23
1970-01-01 00:00:00.000000191,103.38937,69,23
1970-01-01 00:00:00.000000190,98.42849,69,24
1970-01-01 00:00:00.000000191,98.11487,69,24
1970-01-01 00:00:00.000000192,98.00707,69,24
1970-01-01 00:00:00.000000191,100.64008,69,25
1970-01-01 00:00:00.000000192,101.3433,69,25
1970-01-01 00:00:00.000000193,101.77751,69,25
1970-01-01 00:00:00.000000192,98.68127,69,26
1970-01-01 00:00:00.000000193,98.02837,69,26
1970-01-01 00:00:00.000000194,98.03446,69,26
1970-01-01 00:00:00.000000193,97.8132,69,27
1970-01-01 00:00:00.000000194,98.24398,69,27
1970-01-01 00:00:00.000000195,98.28117,69,27
1970-01-01 00:00:00.000000226,125.42111,70,10
1970-01-01 00:00:00.000000227,127.4918,70,10
1970-01-01 00:00:00.000000228,128.28885,70,10
1970-01-01 00:00:00.000000227,130.274,70,11
1970-01-01 00:00:00.000000228,131.4684,70,11
1970-01-01 00:00:00.000000229,132.5477,70,11
1970-01-01 00:00:00.000000228,127.739746,70,12
1970-01-01 00:00:00.000000229,128.29427,70,12
1970-01-01 00:00:00.000000230,128.63885,70,12
1970-01-01 00:00:00.000000229,126.5665,70,13
1970-01-01 00:00:00.000000230,127.25924,70,13
1970-01-01 00:00:00.000000231,127.38733,70,13
1970-01-01 00:00:00.000000230,130.81087,70,14
1970-01-01 00:00:00.000000231,132.22769,70,14
1970-01-01 00:00:00.000000232,132.92691,70,14
1970-01-01 00:00:00.000000231,133.71165,70,15
1970-01-01 00:00:00.000000232,134.87856,70,15
1970-01-01 00:00:00.000000233,135.6704,70,15
1970-01-01 00:00:00.000000232,135.16302,70,16
1970-01-01 00:00:00.000000233,137.0402,70,16
1970-01-01 00:00:00.000000234,137.99245,70,16
1970-01-01 00:00:00.000000233,135.11769,70,17
1970-01-01 00:00:00.000000234,136.2109,70,17
1970-01-01 00:00:00.000000235,136.81763,70,17
1970-01-01 00:00:00.000000234,136.5255,70,18
1970-01-01 00:00:00.000000235,137.79843,70,18
1970-01-01 00:00:00.000000236,138.47243,70,18
1970-01-01 00:00:00.000000235,139.56165,70,19
1970-01-01 00:00:00.000000236,141.00275,70,19
1970-01-01 00:00:00.000000237,142.00038,70,19
1970-01-01 00:00:00.000000236,140.18878,70,20
1970-01-01 00:00:00.000000237,141.3249,70,20
1970-01-01 00:00:00.000000238,142.33867,70,20
1970-01-01 00:00:00.000000237,142.053,70,21
1970-01-01 00:00:00.000000238,143.71954,70,21
1970-01-01 00:00:00.000000239,144.75253,70,21
1970-01-01 00:00:00.000000238,145.48161,70,22
1970-01-01 00:00:00.000000239,147.21173,70,22
1970-01-01 00:00:00.000000240,148.58223,70,22
1970-01-01 00:00:00.000000239,146.19098,70,23
1970-01-01 00:00:00.000000240,147.62434,70,23
1970-01-01 00:00:00.000000241,148.9763,70,23
1970-01-01 00:00:00.000000240,148.30898,70,24
1970-01-01 00:00:00.000000241,150.10303,70,24
1970-01-01 00:00:00.000000242,151.30257,70,24
1970-01-01 00:00:00.000000241,150.5304,70,25
1970-01-01 00:00:00.000000242,151.88164,70,25
1970-01-01 00:00:00.000000243,153.18932,70,25
1970-01-01 00:00:00.000000242,149.9283,70,26
1970-01-01 00:00:00.000000243,150.8252,70,26
1970-01-01 00:00:00.000000244,151.76494,70,26
1970-01-01 00:00:00.000000243,149.16766,70,27
1970-01-01 00:00:00.000000244,149.83241,70,27
1970-01-01 00:00:00.000000245,150.36835,70,27
1970-01-01 00:00:00.000000244,148.2606,70,28
1970-01-01 00:00:00.000000245,148.39261,70,28
1970-01-01 00:00:00.000000246,148.64975,70,28
1970-01-01 00:00:00.000000245,148.23683,70,29
1970-01-01 00:00:00.000000246,148.57794,70,29
1970-01-01 00:00:00.000000247,148.90836,70,29
1970-01-01 00:00:00.000000246,149.3677,70,30
1970-01-01 00:00:00.000000247,149.9095,70,30
1970-01-01 00:00:00.000000248,150.48717,70,30
1970-01-01 00:00:00.000000247,149.6246,70,31
1970-01-01 00:00:00.000000248,150.02345,70,31
1970-01-01 00:00:00.000000249,150.54424,70,31
1970-01-01 00:00:00.000000248,148.01898,70,32
1970-01-01 00:00:00.000000249,148.0885,70,32
1970-01-01 00:00:00.000000250,148.25848,70,32
1970-01-01 00:00:00.000000249,148.0616,70,33
1970-01-01 00:00:00.000000250,148.44911,70,33
1970-01-01 00:00:00.000000251,148.73544,70,33
1970-01-01 00:00:00.000000250,151.36736,70,34
1970-01-01 00:00:00.000000251,152.48785,70,34
1970-01-01 00:00:00.000000252,153.3579,70,34
1970-01-01 00:00:00.000000251,147.87096,70,35
1970-01-01 00:00:00.000000252,147.48686,70,35
1970-01-01 00:00:00.000000253,147.58496,70,35
1970-01-01 00:00:00.000000252,142.1372,70,36
1970-01-01 00:00:00.000000253,139.56104,70,36
1970-01-01 00:00:00.000000254,139.3499,70,36
1970-01-01 00:00:00.000000226,115.41856,71,10
1970-01-01 00:00:00.000000227,115.08078,71,10
1970-01-01 00:00:00.000000228,114.74425,71,10
1970-01-01 00:00:00.000000227,115.971306,71,11
1970-01-01 00:00:00.000000228,117.39037,71,11
1970-01-01 00:00:00.000000229,117.069916,71,11
1970-01-01 00:00:00.000000228,115.99635,71,12
1970-01-01 00:00:00.000000229,115.86948,71,12
1970-01-01 00:00:00.000000230,115.794495,71,12
1970-01-01 00:00:00.000000229,115.15876,71,13
1970-01-01 00:00:00.000000230,115.622574,71,13
1970-01-01 00:00:00.000000231,115.46276,71,13
1970-01-01 00:00:00.000000230,115.40308,71,14
1970-01-01 00:00:00.000000231,115.004196,71,14
1970-01-01 00:00:00.000000232,114.648575,71,14
1970-01-01 00:00:00.000000231,113.15319,71,15
1970-01-01 00:00:00.000000232,112.02806,71,15
1970-01-01 00:00:00.000000233,111.95377,71,15
1970-01-01 00:00:00.000000232,102.015594,71,16
1970-01-01 00:00:00.000000233,97.00121,71,16
1970-01-01 00:00:00.000000234,98.068634,71,16
1970-01-01 00:00:00.000000233,83.31429,71,17
1970-01-01 00:00:00.000000234,87.46093,71,17
1970-01-01 00:00:00.000000235,88.93555,71,17
1970-01-01 00:00:00.000000234,72.76106,71,18
1970-01-01 00:00:00.000000235,78.35569,71,18
1970-01-01 00:00:00.000000236,78.79872,71,18
1970-01-01 00:00:00.000000235,83.35804,71,19
1970-01-01 00:00:00.000000236,92.15678,71,19
1970-01-01 00:00:00.000000237,95.673836,71,19
1970-01-01 00:00:00.000000236,101.6571,71,20
1970-01-01 00:00:00.000000237,108.20952,71,20
1970-01-01 00:00:00.000000238,113.51831,71,20
1970-01-01 00:00:00.000000237,116.825195,71,21
1970-01-01 00:00:00.000000238,127.40766,71,21
1970-01-01 00:00:00.000000239,131.66878,71,21
1970-01-01 00:00:00.000000238,115.79659,71,22
1970-01-01 00:00:00.000000239,122.4887,71,22
1970-01-01 00:00:00.000000240,126.01179,71,22
1970-01-01 00:00:00.000000239,121.19647,71,23
1970-01-01 00:00:00.000000240,130.13988,71,23
1970-01-01 00:00:00.000000241,133.94386,71,23
1970-01-01 00:00:00.000000240,125.91111,71,24
1970-01-01 00:00:00.000000241,131.0529,71,24
1970-01-01 00:00:00.000000242,134.58316,71,24
1970-01-01 00:00:00.000000241,135.85622,71,25
1970-01-01 00:00:00.000000242,146.21355,71,25
1970-01-01 00:00:00.000000243,153.73743,71,25
1970-01-01 00:00:00.000000242,147.85275,71,26
1970-01-01 00:00:00.000000243,160.27896,71,26
1970-01-01 00:00:00.000000244,170.56651,71,26
1970-01-01 00:00:00.000000243,142.52623,71,27
1970-01-01 00:00:00.000000244,150.52011,71,27
1970-01-01 00:00:00.000000245,158.40147,71,27
1970-01-01 00:00:00.000000244,149.33308,71,28
1970-01-01 00:00:00.000000245,158.898,71,28
1970-01-01 00:00:00.000000246,165.95898,71,28
1970-01-01 00:00:00.000000245,156.21031,71,29
1970-01-01 00:00:00.000000246,162.18211,71,29
1970-01-01 00:00:00.000000247,168.74663,71,29
1970-01-01 00:00:00.000000246,161.22208,71,30
1970-01-01 00:00:00.000000247,170.44307,71,30
1970-01-01 00:00:00.000000248,179.07474,71,30
1970-01-01 00:00:00.000000247,163.43234,71,31
1970-01-01 00:00:00.000000248,169.85565,71,31
1970-01-01 00:00:00.000000249,176.31805,71,31
1970-01-01 00:00:00.000000248,168.42564,71,32
1970-01-01 00:00:00.000000249,174.87598,71,32
1970-01-01 00:00:00.000000250,180.96432,71,32
1970-01-01 00:00:00.000000249,181.90865,71,33
1970-01-01 00:00:00.000000250,190.58098,71,33
1970-01-01 00:00:00.000000251,199.36784,71,33
1970-01-01 00:00:00.000000250,198.85367,71,34
1970-01-01 00:00:00.000000251,209.29984,71,34
1970-01-01 00:00:00.000000252,221.51102,71,34
1970-01-01 00:00:00.000000251,222.8376,71,35
1970-01-01 00:00:00.000000252,235.07649,71,35
1970-01-01 00:00:00.000000253,251.47653,71,35
1970-01-01 00:00:00.000000320,132.24796,72,10
1970-01-01 00:00:00.000000321,134.28966,72,10
1970-01-01 00:00:00.000000322,135.73955,72,10
1970-01-01 00:00:00.000000321,136.92958,72,11
1970-01-01 00:00:00.000000322,139.57301,72,11
1970-01-01 00:00:00.000000323,141.14536,72,11
1970-01-01 00:00:00.000000322,141.04584,72,12
1970-01-01 00:00:00.000000323,144.3379,72,12
1970-01-01 00:00:00.000000324,146.45596,72,12
1970-01-01 00:00:00.000000323,147.62717,72,13
1970-01-01 00:00:00.000000324,151.8041,72,13
1970-01-01 00:00:00.000000325,153.82898,72,13
1970-01-01 00:00:00.000000324,154.30176,72,14
1970-01-01 00:00:00.000000325,158.24765,72,14
1970-01-01 00:00:00.000000326,159.8951,72,14
1970-01-01 00:00:00.000000325,149.31491,72,15
1970-01-01 00:00:00.000000326,150.55557,72,15
1970-01-01 00:00:00.000000327,150.92795,72,15
1970-01-01 00:00:00.000000326,151.26196,72,16
1970-01-01 00:00:00.000000327,153.965,72,16
1970-01-01 00:00:00.000000328,154.71452,72,16
1970-01-01 00:00:00.000000327,144.98369,72,17
1970-01-01 00:00:00.000000328,144.1565,72,17
1970-01-01 00:00:00.000000329,144.79001,72,17
1970-01-01 00:00:00.000000328,143.24678,72,18
1970-01-01 00:00:00.000000329,144.28859,72,18
1970-01-01 00:00:00.000000330,144.55453,72,18
1970-01-01 00:00:00.000000329,144.6389,72,19
1970-01-01 00:00:00.000000330,145.13878,72,19
1970-01-01 00:00:00.000000331,145.89091,72,19
1970-01-01 00:00:00.000000330,145.44218,72,20
1970-01-01 00:00:00.000000331,146.001,72,20
1970-01-01 00:00:00.000000332,146.38559,72,20
1970-01-01 00:00:00.000000331,145.80028,72,21
1970-01-01 00:00:00.000000332,146.17935,72,21
1970-01-01 00:00:00.000000333,146.53995,72,21
1970-01-01 00:00:00.000000332,145.12015,72,22
1970-01-01 00:00:00.000000333,145.35384,72,22
1970-01-01 00:00:00.000000334,145.5655,72,22
1970-01-01 00:00:00.000000333,143.82607,72,23
1970-01-01 00:00:00.000000334,143.9416,72,23
1970-01-01 00:00:00.000000335,144.05681,72,23
1970-01-01 00:00:00.000000334,145.16289,72,24
1970-01-01 00:00:00.000000335,145.97205,72,24
1970-01-01 00:00:00.000000336,146.35048,72,24
1970-01-01 00:00:00.000000335,146.8859,72,25
1970-01-01 00:00:00.000000336,147.3947,72,25
1970-01-01 00:00:00.000000337,147.44412,72,25
1970-01-01 00:00:00.000000336,150.93698,72,26
1970-01-01 00:00:00.000000337,153.65463,72,26
1970-01-01 00:00:00.000000338,154.18791,72,26
1970-01-01 00:00:00.000000337,146.13174,72,27
1970-01-01 00:00:00.000000338,143.78616,72,27
1970-01-01 00:00:00.000000339,142.3721,72,27
1970-01-01 00:00:00.000000338,162.13101,72,28
1970-01-01 00:00:00.000000339,168.00685,72,28
1970-01-01 00:00:00.000000340,169.8935,72,28
1970-01-01 00:00:00.000000339,137.33376,72,29
1970-01-01 00:00:00.000000340,135.64926,72,29
1970-01-01 00:00:00.000000341,137.35098,72,29
1970-01-01 00:00:00.000000340,134.18184,72,30
1970-01-01 00:00:00.000000341,138.4652,72,30
1970-01-01 00:00:00.000000342,139.75629,72,30
1970-01-01 00:00:00.000000341,137.84593,72,31
1970-01-01 00:00:00.000000342,140.49623,72,31
1970-01-01 00:00:00.000000343,143.37155,72,31
1970-01-01 00:00:00.000000342,142.31743,72,32
1970-01-01 00:00:00.000000343,144.20749,72,32
1970-01-01 00:00:00.000000344,145.17442,72,32
1970-01-01 00:00:00.000000343,140.10461,72,33
1970-01-01 00:00:00.000000344,139.7829,72,33
1970-01-01 00:00:00.000000345,139.49007,72,33
1970-01-01 00:00:00.000000344,140.348,72,34
1970-01-01 00:00:00.000000345,142.02234,72,34
1970-01-01 00:00:00.000000346,142.09296,72,34
1970-01-01 00:00:00.000000345,131.80777,72,35
1970-01-01 00:00:00.000000346,129.13603,72,35
1970-01-01 00:00:00.000000347,129.53246,72,35
1970-01-01 00:00:00.000000346,139.40225,72,36
1970-01-01 00:00:00.000000347,142.30534,72,36
1970-01-01 00:00:00.000000348,142.73726,72,36
1970-01-01 00:00:00.000000347,133.89412,72,37
1970-01-01 00:00:00.000000348,131.7362,72,37
1970-01-01 00:00:00.000000349,132.08412,72,37
1970-01-01 00:00:00.000000348,134.53156,72,38
1970-01-01 00:00:00.000000349,136.96219,72,38
1970-01-01 00:00:00.000000350,137.60841,72,38
1970-01-01 00:00:00.000000349,124.02486,72,39
1970-01-01 00:00:00.000000350,124.583984,72,39
1970-01-01 00:00:00.000000351,126.37954,72,39
1970-01-01 00:00:00.000000350,124.51358,72,40
1970-01-01 00:00:00.000000351,129.56976,72,40
1970-01-01 00:00:00.000000352,130.17429,72,40
1970-01-01 00:00:00.000000351,123.97155,72,41
1970-01-01 00:00:00.000000352,127.41974,72,41
1970-01-01 00:00:00.000000353,128.24303,72,41
1970-01-01 00:00:00.000000352,129.45726,72,42
1970-01-01 00:00:00.000000353,133.33144,72,42
1970-01-01 00:00:00.000000354,133.57408,72,42
1970-01-01 00:00:00.000000353,120.19797,72,43
1970-01-01 00:00:00.000000354,118.60206,72,43
1970-01-01 00:00:00.000000355,118.5454,72,43
1970-01-01 00:00:00.000000354,126.84942,72,44
1970-01-01 00:00:00.000000355,132.09143,72,44
1970-01-01 00:00:00.000000356,131.94469,72,44
1970-01-01 00:00:00.000000355,116.682625,72,45
1970-01-01 00:00:00.000000356,116.560616,72,45
1970-01-01 00:00:00.000000357,118.00374,72,45
1970-01-01 00:00:00.000000356,108.061195,72,46
1970-01-01 00:00:00.000000357,105.65458,72,46
1970-01-01 00:00:00.000000358,105.940125,72,46
1970-01-01 00:00:00.000000357,112.415054,72,47
1970-01-01 00:00:00.000000358,58.337498,72,47
1970-01-01 00:00:00.000000359,0.0,72,47
1970-01-01 00:00:00.000000358,113.54197,72,48
1970-01-01 00:00:00.000000359,106.23119,72,48
1970-01-01 00:00:00.000000360,86.12204,72,48
1970-01-01 00:00:00.000000359,55.215965,72,49
1970-01-01 00:00:00.000000360,50.208076,72,49
1970-01-01 00:00:00.000000361,45.94731,72,49
1970-01-01 00:00:00.000000360,45.14553,72,50
1970-01-01 00:00:00.000000361,57.221165,72,50
1970-01-01 00:00:00.000000362,57.789776,72,50
1970-01-01 00:00:00.000000361,62.843464,72,51
1970-01-01 00:00:00.000000362,72.86254,72,51
1970-01-01 00:00:00.000000363,76.64698,72,51
1970-01-01 00:00:00.000000362,62.666397,72,52
1970-01-01 00:00:00.000000363,65.50261,72,52
1970-01-01 00:00:00.000000364,67.362305,72,52
1970-01-01 00:00:00.000000219,48.34278,73,10
1970-01-01 00:00:00.000000220,53.45714,73,10
1970-01-01 00:00:00.000000221,51.338818,73,10
1970-01-01 00:00:00.000000220,53.76053,73,11
1970-01-01 00:00:00.000000221,54.04895,73,11
1970-01-01 00:00:00.000000222,52.561375,73,11
1970-01-01 00:00:00.000000221,59.509823,73,12
1970-01-01 00:00:00.000000222,61.8899,73,12
1970-01-01 00:00:00.000000223,59.698383,73,12
1970-01-01 00:00:00.000000222,60.35492,73,13
1970-01-01 00:00:00.000000223,60.40505,73,13
1970-01-01 00:00:00.000000224,60.44427,73,13
1970-01-01 00:00:00.000000223,61.783318,73,14
1970-01-01 00:00:00.000000224,62.874557,73,14
1970-01-01 00:00:00.000000225,62.97533,73,14
1970-01-01 00:00:00.000000224,65.05533,73,15
1970-01-01 00:00:00.000000225,65.611725,73,15
1970-01-01 00:00:00.000000226,65.39312,73,15
1970-01-01 00:00:00.000000225,62.722847,73,16
1970-01-01 00:00:00.000000226,62.233105,73,16
1970-01-01 00:00:00.000000227,62.415123,73,16
1970-01-01 00:00:00.000000226,61.748074,73,17
1970-01-01 00:00:00.000000227,61.76596,73,17
1970-01-01 00:00:00.000000228,61.908173,73,17
1970-01-01 00:00:00.000000227,65.79228,73,18
1970-01-01 00:00:00.000000228,66.552284,73,18
1970-01-01 00:00:00.000000229,66.065475,73,18
1970-01-01 00:00:00.000000228,63.651775,73,19
1970-01-01 00:00:00.000000229,62.93693,73,19
1970-01-01 00:00:00.000000230,62.94716,73,19
1970-01-01 00:00:00.000000229,64.88637,73,20
1970-01-01 00:00:00.000000230,65.74258,73,20
1970-01-01 00:00:00.000000231,65.43705,73,20
1970-01-01 00:00:00.000000230,58.52828,73,21
1970-01-01 00:00:00.000000231,57.556343,73,21
1970-01-01 00:00:00.000000232,58.118366,73,21
1970-01-01 00:00:00.000000231,65.97129,73,22
1970-01-01 00:00:00.000000232,68.12489,73,22
1970-01-01 00:00:00.000000233,67.17918,73,22
1970-01-01 00:00:00.000000232,66.5604,73,23
1970-01-01 00:00:00.000000233,66.097115,73,23
1970-01-01 00:00:00.000000234,66.04355,73,23
1970-01-01 00:00:00.000000233,65.94687,73,24
1970-01-01 00:00:00.000000234,66.83577,73,24
1970-01-01 00:00:00.000000235,66.81825,73,24
1970-01-01 00:00:00.000000234,58.005486,73,25
1970-01-01 00:00:00.000000235,57.173145,73,25
1970-01-01 00:00:00.000000236,58.46044,73,25
1970-01-01 00:00:00.000000235,56.3838,73,26
1970-01-01 00:00:00.000000236,56.848644,73,26
1970-01-01 00:00:00.000000237,57.985607,73,26
1970-01-01 00:00:00.000000236,58.67015,73,27
1970-01-01 00:00:00.000000237,59.733784,73,27
1970-01-01 00:00:00.000000238,59.98864,73,27
1970-01-01 00:00:00.000000237,57.835083,73,28
1970-01-01 00:00:00.000000238,58.050632,73,28
1970-01-01 00:00:00.000000239,58.071186,73,28
1970-01-01 00:00:00.000000238,58.384884,73,29
1970-01-01 00:00:00.000000239,58.69928,73,29
1970-01-01 00:00:00.000000240,58.527508,73,29
1970-01-01 00:00:00.000000239,59.113087,73,30
1970-01-01 00:00:00.000000240,59.33239,73,30
1970-01-01 00:00:00.000000241,59.185776,73,30
1970-01-01 00:00:00.000000240,59.66138,73,31
1970-01-01 00:00:00.000000241,59.82176,73,31
1970-01-01 00:00:00.000000242,59.794415,73,31
1970-01-01 00:00:00.000000241,59.878605,73,32
1970-01-01 00:00:00.000000242,59.934616,73,32
1970-01-01 00:00:00.000000243,59.98271,73,32
1970-01-01 00:00:00.000000242,59.855576,73,33
1970-01-01 00:00:00.000000243,59.91937,73,33
1970-01-01 00:00:00.000000244,59.987465,73,33
1970-01-01 00:00:00.000000243,60.880302,73,34
1970-01-01 00:00:00.000000244,61.16641,73,34
1970-01-01 00:00:00.000000245,61.037636,73,34
1970-01-01 00:00:00.000000116,53.412525,74,10
1970-01-01 00:00:00.000000117,53.610695,74,10
1970-01-01 00:00:00.000000118,53.58112,74,10
1970-01-01 00:00:00.000000117,53.784103,74,11
1970-01-01 00:00:00.000000118,54.221214,74,11
1970-01-01 00:00:00.000000119,54.333794,74,11
1970-01-01 00:00:00.000000118,51.52379,74,12
1970-01-01 00:00:00.000000119,51.36484,74,12
1970-01-01 00:00:00.000000120,51.932365,74,12
1970-01-01 00:00:00.000000119,53.276604,74,13
1970-01-01 00:00:00.000000120,54.093212,74,13
1970-01-01 00:00:00.000000121,53.915962,74,13
1970-01-01 00:00:00.000000120,53.590797,74,14
1970-01-01 00:00:00.000000121,53.661644,74,14
1970-01-01 00:00:00.000000122,53.61463,74,14
1970-01-01 00:00:00.000000121,52.515293,74,15
1970-01-01 00:00:00.000000122,52.72207,74,15
1970-01-01 00:00:00.000000123,52.858276,74,15
1970-01-01 00:00:00.000000122,53.59827,74,16
1970-01-01 00:00:00.000000123,54.01251,74,16
1970-01-01 00:00:00.000000124,53.90719,74,16
1970-01-01 00:00:00.000000129,146.08542,76,10
1970-01-01 00:00:00.000000130,147.701,76,10
1970-01-01 00:00:00.000000131,147.76123,76,10
1970-01-01 00:00:00.000000130,145.40143,76,11
1970-01-01 00:00:00.000000131,145.50105,76,11
1970-01-01 00:00:00.000000132,145.4886,76,11
1970-01-01 00:00:00.000000131,145.64508,76,12
1970-01-01 00:00:00.000000132,146.68591,76,12
1970-01-01 00:00:00.000000133,146.37962,76,12
1970-01-01 00:00:00.000000132,146.16074,76,13
1970-01-01 00:00:00.000000133,146.63058,76,13
1970-01-01 00:00:00.000000134,146.58696,76,13
1970-01-01 00:00:00.000000133,145.982,76,14
1970-01-01 00:00:00.000000134,146.40736,76,14
1970-01-01 00:00:00.000000135,146.17462,76,14
1970-01-01 00:00:00.000000134,147.63484,76,15
1970-01-01 00:00:00.000000135,148.6343,76,15
1970-01-01 00:00:00.000000136,148.65518,76,15
1970-01-01 00:00:00.000000135,148.11465,76,16
1970-01-01 00:00:00.000000136,148.76389,76,16
1970-01-01 00:00:00.000000137,148.69312,76,16
1970-01-01 00:00:00.000000136,145.1863,76,17
1970-01-01 00:00:00.000000137,145.00037,76,17
1970-01-01 00:00:00.000000138,144.5426,76,17
1970-01-01 00:00:00.000000137,151.0998,76,18
1970-01-01 00:00:00.000000138,153.44157,76,18
1970-01-01 00:00:00.000000139,153.74805,76,18
1970-01-01 00:00:00.000000151,50.813293,77,10
1970-01-01 00:00:00.000000152,51.242104,77,10
1970-01-01 00:00:00.000000153,50.9161,77,10
1970-01-01 00:00:00.000000152,52.366955,77,11
1970-01-01 00:00:00.000000153,53.547577,77,11
1970-01-01 00:00:00.000000154,53.03609,77,11
1970-01-01 00:00:00.000000153,51.769127,77,12
1970-01-01 00:00:00.000000154,52.01523,77,12
1970-01-01 00:00:00.000000155,51.578625,77,12
1970-01-01 00:00:00.000000154,49.82573,77,13
1970-01-01 00:00:00.000000155,49.890377,77,13
1970-01-01 00:00:00.000000156,49.4292,77,13
1970-01-01 00:00:00.000000155,51.61877,77,14
1970-01-01 00:00:00.000000156,52.49737,77,14
1970-01-01 00:00:00.000000157,52.281185,77,14
1970-01-01 00:00:00.000000156,51.753407,77,15
1970-01-01 00:00:00.000000157,52.101612,77,15
1970-01-01 00:00:00.000000158,51.838573,77,15
1970-01-01 00:00:00.000000157,49.96702,77,16
1970-01-01 00:00:00.000000158,49.973583,77,16
1970-01-01 00:00:00.000000159,49.48818,77,16
1970-01-01 00:00:00.000000158,46.940453,77,17
1970-01-01 00:00:00.000000159,46.880795,77,17
1970-01-01 00:00:00.000000160,46.42083,77,17
1970-01-01 00:00:00.000000159,51.041847,77,18
1970-01-01 00:00:00.000000160,52.75265,77,18
1970-01-01 00:00:00.000000161,52.546295,77,18
1970-01-01 00:00:00.000000160,50.37001,77,19
1970-01-01 00:00:00.000000161,50.56736,77,19
1970-01-01 00:00:00.000000162,50.148716,77,19
1970-01-01 00:00:00.000000161,47.620644,77,20
1970-01-01 00:00:00.000000162,47.825787,77,20
1970-01-01 00:00:00.000000163,47.07821,77,20
1970-01-01 00:00:00.000000162,48.94333,77,21
1970-01-01 00:00:00.000000163,49.727535,77,21
1970-01-01 00:00:00.000000164,49.4409,77,21
1970-01-01 00:00:00.000000163,50.332138,77,22
1970-01-01 00:00:00.000000164,51.09607,77,22
1970-01-01 00:00:00.000000165,50.998547,77,22
1970-01-01 00:00:00.000000098,0.0,78,10
1970-01-01 00:00:00.000000099,0.0,78,10
1970-01-01 00:00:00.000000100,0.0,78,10
1970-01-01 00:00:00.000000099,0.0,78,11
1970-01-01 00:00:00.000000100,0.0,78,11
1970-01-01 00:00:00.000000101,0.0,78,11
1970-01-01 00:00:00.000000100,0.0,78,12
1970-01-01 00:00:00.000000101,0.0,78,12
1970-01-01 00:00:00.000000102,0.0,78,12
1970-01-01 00:00:00.000000101,0.0,78,13
1970-01-01 00:00:00.000000102,0.0,78,13
1970-01-01 00:00:00.000000103,0.0,78,13
1970-01-01 00:00:00.000000275,101.2135,79,10
1970-01-01 00:00:00.000000276,100.99282,79,10
1970-01-01 00:00:00.000000277,101.349785,79,10
1970-01-01 00:00:00.000000276,100.95619,79,11
1970-01-01 00:00:00.000000277,101.114914,79,11
1970-01-01 00:00:00.000000278,101.208244,79,11
1970-01-01 00:00:00.000000277,103.746414,79,12
1970-01-01 00:00:00.000000278,104.7422,79,12
1970-01-01 00:00:00.000000279,104.45793,79,12
1970-01-01 00:00:00.000000278,103.31963,79,13
1970-01-01 00:00:00.000000279,103.4379,79,13
1970-01-01 00:00:00.000000280,103.322075,79,13
1970-01-01 00:00:00.000000279,102.57777,79,14
1970-01-01 00:00:00.000000280,102.652145,79,14
1970-01-01 00:00:00.000000281,102.674324,79,14
1970-01-01 00:00:00.000000280,103.74114,79,15
1970-01-01 00:00:00.000000281,104.116875,79,15
1970-01-01 00:00:00.000000282,104.04075,79,15
1970-01-01 00:00:00.000000281,102.91756,79,16
1970-01-01 00:00:00.000000282,102.70845,79,16
1970-01-01 00:00:00.000000283,102.764465,79,16
1970-01-01 00:00:00.000000282,102.99393,79,17
1970-01-01 00:00:00.000000283,103.18643,79,17
1970-01-01 00:00:00.000000284,103.21578,79,17
1970-01-01 00:00:00.000000283,101.71903,79,18
1970-01-01 00:00:00.000000284,101.43917,79,18
1970-01-01 00:00:00.000000285,101.62896,79,18
1970-01-01 00:00:00.000000284,102.284294,79,19
1970-01-01 00:00:00.000000285,102.58644,79,19
1970-01-01 00:00:00.000000286,102.61141,79,19
1970-01-01 00:00:00.000000285,102.07198,79,20
1970-01-01 00:00:00.000000286,101.91352,79,20
1970-01-01 00:00:00.000000287,101.97679,79,20
1970-01-01 00:00:00.000000286,101.62534,79,21
1970-01-01 00:00:00.000000287,101.58522,79,21
1970-01-01 00:00:00.000000288,101.70144,79,21
1970-01-01 00:00:00.000000287,102.31862,79,22
1970-01-01 00:00:00.000000288,102.50627,79,22
1970-01-01 00:00:00.000000289,102.48702,79,22
1970-01-01 00:00:00.000000288,98.70837,79,23
1970-01-01 00:00:00.000000289,98.08805,79,23
1970-01-01 00:00:00.000000290,98.51459,79,23
1970-01-01 00:00:00.000000289,97.49064,79,24
1970-01-01 00:00:00.000000290,97.45456,79,24
1970-01-01 00:00:00.000000291,97.82409,79,24
1970-01-01 00:00:00.000000290,99.84642,79,25
1970-01-01 00:00:00.000000291,100.51338,79,25
1970-01-01 00:00:00.000000292,100.42204,79,25
1970-01-01 00:00:00.000000291,101.7389,79,26
1970-01-01 00:00:00.000000292,102.18713,79,26
1970-01-01 00:00:00.000000293,101.84907,79,26
1970-01-01 00:00:00.000000292,99.47233,79,27
1970-01-01 00:00:00.000000293,98.92093,79,27
1970-01-01 00:00:00.000000294,99.07001,79,27
1970-01-01 00:00:00.000000293,97.38317,79,28
1970-01-01 00:00:00.000000294,97.15307,79,28
1970-01-01 00:00:00.000000295,97.49898,79,28
1970-01-01 00:00:00.000000294,93.61239,79,29
1970-01-01 00:00:00.000000295,92.95271,79,29
1970-01-01 00:00:00.000000296,93.49713,79,29
1970-01-01 00:00:00.000000295,90.70821,79,30
1970-01-01 00:00:00.000000296,90.39055,79,30
1970-01-01 00:00:00.000000297,90.86679,79,30
1970-01-01 00:00:00.000000296,93.37058,79,31
1970-01-01 00:00:00.000000297,94.04851,79,31
1970-01-01 00:00:00.000000298,93.99189,79,31
1970-01-01 00:00:00.000000297,93.31038,79,32
1970-01-01 00:00:00.000000298,93.05203,79,32
1970-01-01 00:00:00.000000299,92.98546,79,32
1970-01-01 00:00:00.000000298,90.900055,79,33
1970-01-01 00:00:00.000000299,90.55989,79,33
1970-01-01 00:00:00.000000300,90.73704,79,33
1970-01-01 00:00:00.000000299,94.58271,79,34
1970-01-01 00:00:00.000000300,95.70522,79,34
1970-01-01 00:00:00.000000301,95.40514,79,34
1970-01-01 00:00:00.000000300,93.32674,79,35
1970-01-01 00:00:00.000000301,92.6766,79,35
1970-01-01 00:00:00.000000302,92.90104,79,35
1970-01-01 00:00:00.000000301,89.949135,79,36
1970-01-01 00:00:00.000000302,89.88417,79,36
1970-01-01 00:00:00.000000303,90.67645,79,36
1970-01-01 00:00:00.000000302,88.71317,79,37
1970-01-01 00:00:00.000000303,89.17477,79,37
1970-01-01 00:00:00.000000304,89.98086,79,37
1970-01-01 00:00:00.000000303,89.144844,79,38
1970-01-01 00:00:00.000000304,89.780846,79,38
1970-01-01 00:00:00.000000305,89.97776,79,38
1970-01-01 00:00:00.000000304,91.125114,79,39
1970-01-01 00:00:00.000000305,91.61934,79,39
1970-01-01 00:00:00.000000306,91.39355,79,39
1970-01-01 00:00:00.000000305,96.04148,79,40
1970-01-01 00:00:00.000000306,97.1537,79,40
1970-01-01 00:00:00.000000307,96.38576,79,40
1970-01-01 00:00:00.000000306,100.24118,79,41
1970-01-01 00:00:00.000000307,101.01897,79,41
1970-01-01 00:00:00.000000308,100.20173,79,41
1970-01-01 00:00:00.000000307,100.13365,79,42
1970-01-01 00:00:00.000000308,99.90427,79,42
1970-01-01 00:00:00.000000309,99.68651,79,42
1970-01-01 00:00:00.000000308,99.19382,79,43
1970-01-01 00:00:00.000000309,98.92935,79,43
1970-01-01 00:00:00.000000310,99.06691,79,43
1970-01-01 00:00:00.000000309,99.76754,79,44
1970-01-01 00:00:00.000000310,99.85541,79,44
1970-01-01 00:00:00.000000311,99.89886,79,44
1970-01-01 00:00:00.000000148,152.33087,80,10
1970-01-01 00:00:00.000000149,156.16096,80,10
1970-01-01 00:00:00.000000150,159.26488,80,10
1970-01-01 00:00:00.000000149,154.7112,80,11
1970-01-01 00:00:00.000000150,156.65877,80,11
1970-01-01 00:00:00.000000151,158.94933,80,11
1970-01-01 00:00:00.000000150,150.39465,80,12
1970-01-01 00:00:00.000000151,151.17778,80,12
1970-01-01 00:00:00.000000152,151.95209,80,12
1970-01-01 00:00:00.000000151,146.50377,80,13
1970-01-01 00:00:00.000000152,146.20844,80,13
1970-01-01 00:00:00.000000153,146.05333,80,13
1970-01-01 00:00:00.000000152,142.95253,80,14
1970-01-01 00:00:00.000000153,142.30446,80,14
1970-01-01 00:00:00.000000154,142.3858,80,14
1970-01-01 00:00:00.000000153,141.4247,80,15
1970-01-01 00:00:00.000000154,141.42754,80,15
1970-01-01 00:00:00.000000155,141.39458,80,15
1970-01-01 00:00:00.000000154,134.97293,80,16
1970-01-01 00:00:00.000000155,134.2298,80,16
1970-01-01 00:00:00.000000156,133.94458,80,16
1970-01-01 00:00:00.000000155,123.25776,80,17
1970-01-01 00:00:00.000000156,109.81042,80,17
1970-01-01 00:00:00.000000157,108.12153,80,17
1970-01-01 00:00:00.000000156,112.534256,80,18
1970-01-01 00:00:00.000000157,106.95477,80,18
1970-01-01 00:00:00.000000158,104.32278,80,18
1970-01-01 00:00:00.000000157,86.95257,80,19
1970-01-01 00:00:00.000000158,96.99483,80,19
1970-01-01 00:00:00.000000159,104.660934,80,19
1970-01-01 00:00:00.000000158,62.678158,80,20
1970-01-01 00:00:00.000000159,74.99254,80,20
1970-01-01 00:00:00.000000160,83.57913,80,20
1970-01-01 00:00:00.000000159,33.133587,80,21
1970-01-01 00:00:00.000000160,51.521805,80,21
1970-01-01 00:00:00.000000161,55.751236,80,21
1970-01-01 00:00:00.000000160,10.263721,80,22
1970-01-01 00:00:00.000000161,22.985846,80,22
1970-01-01 00:00:00.000000162,23.761686,80,22
1970-01-01 00:00:00.000000125,120.26517,81,10
1970-01-01 00:00:00.000000126,119.16716,81,10
1970-01-01 00:00:00.000000127,119.005486,81,10
1970-01-01 00:00:00.000000126,139.14,81,11
1970-01-01 00:00:00.000000127,145.39383,81,11
1970-01-01 00:00:00.000000128,149.84155,81,11
1970-01-01 00:00:00.000000127,120.273865,81,12
1970-01-01 00:00:00.000000128,118.639404,81,12
1970-01-01 00:00:00.000000129,120.3094,81,12
1970-01-01 00:00:00.000000128,118.68953,81,13
1970-01-01 00:00:00.000000129,122.94218,81,13
1970-01-01 00:00:00.000000130,126.290596,81,13
1970-01-01 00:00:00.000000129,121.78691,81,14
1970-01-01 00:00:00.000000130,124.173035,81,14
1970-01-01 00:00:00.000000131,128.37039,81,14
1970-01-01 00:00:00.000000130,123.11897,81,15
1970-01-01 00:00:00.000000131,124.78101,81,15
1970-01-01 00:00:00.000000132,125.92345,81,15
1970-01-01 00:00:00.000000131,125.82315,81,16
1970-01-01 00:00:00.000000132,127.005486,81,16
1970-01-01 00:00:00.000000133,128.4382,81,16
1970-01-01 00:00:00.000000132,133.26202,81,17
1970-01-01 00:00:00.000000133,136.49023,81,17
1970-01-01 00:00:00.000000134,138.06717,81,17
1970-01-01 00:00:00.000000133,130.39807,81,18
1970-01-01 00:00:00.000000134,131.34633,81,18
1970-01-01 00:00:00.000000135,131.92816,81,18
1970-01-01 00:00:00.000000318,135.97096,83,10
1970-01-01 00:00:00.000000319,138.1677,83,10
1970-01-01 00:00:00.000000320,138.49603,83,10
1970-01-01 00:00:00.000000319,137.81396,83,11
1970-01-01 00:00:00.000000320,139.88564,83,11
1970-01-01 00:00:00.000000321,139.80705,83,11
1970-01-01 00:00:00.000000320,140.20987,83,12
1970-01-01 00:00:00.000000321,142.32407,83,12
1970-01-01 00:00:00.000000322,142.24643,83,12
1970-01-01 00:00:00.000000321,141.06334,83,13
1970-01-01 00:00:00.000000322,142.22873,83,13
1970-01-01 00:00:00.000000323,142.03642,83,13
1970-01-01 00:00:00.000000322,144.18005,83,14
1970-01-01 00:00:00.000000323,146.13962,83,14
1970-01-01 00:00:00.000000324,146.10382,83,14
1970-01-01 00:00:00.000000323,144.50441,83,15
1970-01-01 00:00:00.000000324,145.37701,83,15
1970-01-01 00:00:00.000000325,145.23755,83,15
1970-01-01 00:00:00.000000324,146.25322,83,16
1970-01-01 00:00:00.000000325,147.76436,83,16
1970-01-01 00:00:00.000000326,147.50957,83,16
1970-01-01 00:00:00.000000325,149.90388,83,17
1970-01-01 00:00:00.000000326,151.72794,83,17
1970-01-01 00:00:00.000000327,151.97395,83,17
1970-01-01 00:00:00.000000326,148.44987,83,18
1970-01-01 00:00:00.000000327,148.95479,83,18
1970-01-01 00:00:00.000000328,148.43564,83,18
1970-01-01 00:00:00.000000327,150.82193,83,19
1970-01-01 00:00:00.000000328,152.41643,83,19
1970-01-01 00:00:00.000000329,152.16043,83,19
1970-01-01 00:00:00.000000328,153.77484,83,20
1970-01-01 00:00:00.000000329,155.0763,83,20
1970-01-01 00:00:00.000000330,155.17586,83,20
1970-01-01 00:00:00.000000329,148.81631,83,21
1970-01-01 00:00:00.000000330,147.9557,83,21
1970-01-01 00:00:00.000000331,147.25777,83,21
1970-01-01 00:00:00.000000330,147.164,83,22
1970-01-01 00:00:00.000000331,147.03773,83,22
1970-01-01 00:00:00.000000332,146.83801,83,22
1970-01-01 00:00:00.000000331,150.41637,83,23
1970-01-01 00:00:00.000000332,151.38422,83,23
1970-01-01 00:00:00.000000333,151.25113,83,23
1970-01-01 00:00:00.000000332,150.9732,83,24
1970-01-01 00:00:00.000000333,151.57051,83,24
1970-01-01 00:00:00.000000334,151.51868,83,24
1970-01-01 00:00:00.000000333,145.34924,83,25
1970-01-01 00:00:00.000000334,143.88147,83,25
1970-01-01 00:00:00.000000335,142.67487,83,25
1970-01-01 00:00:00.000000334,140.03984,83,26
1970-01-01 00:00:00.000000335,139.0697,83,26
1970-01-01 00:00:00.000000336,138.84908,83,26
1970-01-01 00:00:00.000000335,142.16751,83,27
1970-01-01 00:00:00.000000336,142.61287,83,27
1970-01-01 00:00:00.000000337,142.79674,83,27
1970-01-01 00:00:00.000000336,145.31761,83,28
1970-01-01 00:00:00.000000337,146.67812,83,28
1970-01-01 00:00:00.000000338,146.95607,83,28
1970-01-01 00:00:00.000000337,138.86165,83,29
1970-01-01 00:00:00.000000338,137.79233,83,29
1970-01-01 00:00:00.000000339,137.3265,83,29
1970-01-01 00:00:00.000000338,138.51227,83,30
1970-01-01 00:00:00.000000339,138.79784,83,30
1970-01-01 00:00:00.000000340,138.79173,83,30
1970-01-01 00:00:00.000000339,140.17046,83,31
1970-01-01 00:00:00.000000340,140.56027,83,31
1970-01-01 00:00:00.000000341,140.71216,83,31
1970-01-01 00:00:00.000000340,140.57568,83,32
1970-01-01 00:00:00.000000341,141.21101,83,32
1970-01-01 00:00:00.000000342,141.15837,83,32
1970-01-01 00:00:00.000000341,142.54988,83,33
1970-01-01 00:00:00.000000342,143.64397,83,33
1970-01-01 00:00:00.000000343,143.67952,83,33
1970-01-01 00:00:00.000000342,142.9941,83,34
1970-01-01 00:00:00.000000343,143.72073,83,34
1970-01-01 00:00:00.000000344,143.54616,83,34
1970-01-01 00:00:00.000000343,143.88847,83,35
1970-01-01 00:00:00.000000344,144.80284,83,35
1970-01-01 00:00:00.000000345,144.62547,83,35
1970-01-01 00:00:00.000000344,146.6081,83,36
1970-01-01 00:00:00.000000345,147.99095,83,36
1970-01-01 00:00:00.000000346,148.15964,83,36
1970-01-01 00:00:00.000000345,146.52255,83,37
1970-01-01 00:00:00.000000346,147.16142,83,37
1970-01-01 00:00:00.000000347,146.90228,83,37
1970-01-01 00:00:00.000000346,148.88197,83,38
1970-01-01 00:00:00.000000347,150.42346,83,38
1970-01-01 00:00:00.000000348,150.36113,83,38
1970-01-01 00:00:00.000000347,149.23584,83,39
1970-01-01 00:00:00.000000348,149.81201,83,39
1970-01-01 00:00:00.000000349,149.7073,83,39
1970-01-01 00:00:00.000000348,151.43852,83,40
1970-01-01 00:00:00.000000349,152.87498,83,40
1970-01-01 00:00:00.000000350,152.71088,83,40
1970-01-01 00:00:00.000000349,152.49261,83,41
1970-01-01 00:00:00.000000350,153.28569,83,41
1970-01-01 00:00:00.000000351,153.22188,83,41
1970-01-01 00:00:00.000000350,154.9167,83,42
1970-01-01 00:00:00.000000351,156.45624,83,42
1970-01-01 00:00:00.000000352,156.33954,83,42
1970-01-01 00:00:00.000000351,157.49603,83,43
1970-01-01 00:00:00.000000352,158.88435,83,43
1970-01-01 00:00:00.000000353,158.76935,83,43
1970-01-01 00:00:00.000000352,158.13068,83,44
1970-01-01 00:00:00.000000353,159.15625,83,44
1970-01-01 00:00:00.000000354,158.54906,83,44
1970-01-01 00:00:00.000000353,161.21182,83,45
1970-01-01 00:00:00.000000354,162.81686,83,45
1970-01-01 00:00:00.000000355,162.44826,83,45
1970-01-01 00:00:00.000000354,162.39197,83,46
1970-01-01 00:00:00.000000355,163.20001,83,46
1970-01-01 00:00:00.000000356,162.52045,83,46
1970-01-01 00:00:00.000000355,163.6207,83,47
1970-01-01 00:00:00.000000356,164.67043,83,47
1970-01-01 00:00:00.000000357,163.63663,83,47
1970-01-01 00:00:00.000000356,165.13638,83,48
1970-01-01 00:00:00.000000357,165.88596,83,48
1970-01-01 00:00:00.000000358,165.2662,83,48
1970-01-01 00:00:00.000000357,164.39076,83,49
1970-01-01 00:00:00.000000358,164.27074,83,49
1970-01-01 00:00:00.000000359,163.19473,83,49
1970-01-01 00:00:00.000000358,159.54997,83,50
1970-01-01 00:00:00.000000359,157.85715,83,50
1970-01-01 00:00:00.000000360,156.59908,83,50
1970-01-01 00:00:00.000000359,157.97368,83,51
1970-01-01 00:00:00.000000360,157.40645,83,51
1970-01-01 00:00:00.000000361,156.91956,83,51
1970-01-01 00:00:00.000000360,159.14214,83,52
1970-01-01 00:00:00.000000361,158.90195,83,52
1970-01-01 00:00:00.000000362,158.69858,83,52
1970-01-01 00:00:00.000000110,186.63458,84,10
1970-01-01 00:00:00.000000111,186.30988,84,10
1970-01-01 00:00:00.000000112,186.45918,84,10
1970-01-01 00:00:00.000000111,186.34285,84,11
1970-01-01 00:00:00.000000112,186.3245,84,11
1970-01-01 00:00:00.000000113,186.51735,84,11
1970-01-01 00:00:00.000000112,186.15387,84,12
1970-01-01 00:00:00.000000113,186.05783,84,12
1970-01-01 00:00:00.000000114,186.3149,84,12
1970-01-01 00:00:00.000000113,185.09479,84,13
1970-01-01 00:00:00.000000114,184.93977,84,13
1970-01-01 00:00:00.000000115,185.09932,84,13
1970-01-01 00:00:00.000000114,187.32623,84,14
1970-01-01 00:00:00.000000115,188.14726,84,14
1970-01-01 00:00:00.000000116,188.7413,84,14
1970-01-01 00:00:00.000000115,191.18945,84,15
1970-01-01 00:00:00.000000116,192.04424,84,15
1970-01-01 00:00:00.000000117,192.74455,84,15
1970-01-01 00:00:00.000000118,142.17105,85,10
1970-01-01 00:00:00.000000119,142.25317,85,10
1970-01-01 00:00:00.000000120,142.258,85,10
1970-01-01 00:00:00.000000119,138.65675,85,11
1970-01-01 00:00:00.000000120,139.01363,85,11
1970-01-01 00:00:00.000000121,139.18576,85,11
1970-01-01 00:00:00.000000120,137.6874,85,12
1970-01-01 00:00:00.000000121,138.65564,85,12
1970-01-01 00:00:00.000000122,138.75072,85,12
1970-01-01 00:00:00.000000121,137.76811,85,13
1970-01-01 00:00:00.000000122,138.55501,85,13
1970-01-01 00:00:00.000000123,138.79393,85,13
1970-01-01 00:00:00.000000122,140.13304,85,14
1970-01-01 00:00:00.000000123,141.35446,85,14
1970-01-01 00:00:00.000000124,141.78981,85,14
1970-01-01 00:00:00.000000123,145.1154,85,15
1970-01-01 00:00:00.000000124,147.54987,85,15
1970-01-01 00:00:00.000000125,148.59589,85,15
1970-01-01 00:00:00.000000124,147.19301,85,16
1970-01-01 00:00:00.000000125,149.88608,85,16
1970-01-01 00:00:00.000000126,150.78293,85,16
1970-01-01 00:00:00.000000215,149.77324,86,10
1970-01-01 00:00:00.000000216,153.45422,86,10
1970-01-01 00:00:00.000000217,154.59233,86,10
1970-01-01 00:00:00.000000216,155.60475,86,11
1970-01-01 00:00:00.000000217,160.71776,86,11
1970-01-01 00:00:00.000000218,161.22298,86,11
1970-01-01 00:00:00.000000217,153.26128,86,12
1970-01-01 00:00:00.000000218,155.14853,86,12
1970-01-01 00:00:00.000000219,153.97978,86,12
1970-01-01 00:00:00.000000218,149.61166,86,13
1970-01-01 00:00:00.000000219,150.14294,86,13
1970-01-01 00:00:00.000000220,148.88255,86,13
1970-01-01 00:00:00.000000219,142.40234,86,14
1970-01-01 00:00:00.000000220,142.78963,86,14
1970-01-01 00:00:00.000000221,141.05594,86,14
1970-01-01 00:00:00.000000220,137.35593,86,15
1970-01-01 00:00:00.000000221,139.01755,86,15
1970-01-01 00:00:00.000000222,137.10309,86,15
1970-01-01 00:00:00.000000221,141.15546,86,16
1970-01-01 00:00:00.000000222,143.42432,86,16
1970-01-01 00:00:00.000000223,143.17487,86,16
1970-01-01 00:00:00.000000222,140.08452,86,17
1970-01-01 00:00:00.000000223,140.55325,86,17
1970-01-01 00:00:00.000000224,140.51337,86,17
1970-01-01 00:00:00.000000223,140.92508,86,18
1970-01-01 00:00:00.000000224,142.13861,86,18
1970-01-01 00:00:00.000000225,142.27318,86,18
1970-01-01 00:00:00.000000224,146.20372,86,19
1970-01-01 00:00:00.000000225,148.66585,86,19
1970-01-01 00:00:00.000000226,149.47049,86,19
1970-01-01 00:00:00.000000225,150.01176,86,20
1970-01-01 00:00:00.000000226,152.86433,86,20
1970-01-01 00:00:00.000000227,153.51443,86,20
1970-01-01 00:00:00.000000226,151.09863,86,21
1970-01-01 00:00:00.000000227,153.93086,86,21
1970-01-01 00:00:00.000000228,154.04056,86,21
1970-01-01 00:00:00.000000227,153.58026,86,22
1970-01-01 00:00:00.000000228,156.1886,86,22
1970-01-01 00:00:00.000000229,156.31783,86,22
1970-01-01 00:00:00.000000228,145.09557,86,23
1970-01-01 00:00:00.000000229,144.75835,86,23
1970-01-01 00:00:00.000000230,143.19682,86,23
1970-01-01 00:00:00.000000229,135.62453,86,24
1970-01-01 00:00:00.000000230,136.8686,86,24
1970-01-01 00:00:00.000000231,134.2626,86,24
1970-01-01 00:00:00.000000230,132.38538,86,25
1970-01-01 00:00:00.000000231,133.9952,86,25
1970-01-01 00:00:00.000000232,131.60606,86,25
1970-01-01 00:00:00.000000231,134.52423,86,26
1970-01-01 00:00:00.000000232,135.64108,86,26
1970-01-01 00:00:00.000000233,135.0994,86,26
1970-01-01 00:00:00.000000232,137.62982,86,27
1970-01-01 00:00:00.000000233,138.43417,86,27
1970-01-01 00:00:00.000000234,138.39355,86,27
1970-01-01 00:00:00.000000233,132.14043,86,28
1970-01-01 00:00:00.000000234,132.31871,86,28
1970-01-01 00:00:00.000000235,131.53482,86,28
1970-01-01 00:00:00.000000234,131.80214,86,29
1970-01-01 00:00:00.000000235,133.01018,86,29
1970-01-01 00:00:00.000000236,132.57617,86,29
1970-01-01 00:00:00.000000235,139.4602,86,30
1970-01-01 00:00:00.000000236,143.2073,86,30
1970-01-01 00:00:00.000000237,144.21848,86,30
1970-01-01 00:00:00.000000236,141.13171,86,31
1970-01-01 00:00:00.000000237,143.51707,86,31
1970-01-01 00:00:00.000000238,144.09758,86,31
1970-01-01 00:00:00.000000237,145.80682,86,32
1970-01-01 00:00:00.000000238,149.63748,86,32
1970-01-01 00:00:00.000000239,148.7891,86,32
1970-01-01 00:00:00.000000238,149.86333,86,33
1970-01-01 00:00:00.000000239,152.74142,86,33
1970-01-01 00:00:00.000000240,149.96428,86,33
1970-01-01 00:00:00.000000385,123.639145,87,10
1970-01-01 00:00:00.000000386,125.66601,87,10
1970-01-01 00:00:00.000000387,125.193436,87,10
1970-01-01 00:00:00.000000386,125.83559,87,11
1970-01-01 00:00:00.000000387,127.03638,87,11
1970-01-01 00:00:00.000000388,126.62041,87,11
1970-01-01 00:00:00.000000387,130.35548,87,12
1970-01-01 00:00:00.000000388,133.28311,87,12
1970-01-01 00:00:00.000000389,132.4068,87,12
1970-01-01 00:00:00.000000388,128.03621,87,13
1970-01-01 00:00:00.000000389,129.20595,87,13
1970-01-01 00:00:00.000000390,127.819984,87,13
1970-01-01 00:00:00.000000389,122.84306,87,14
1970-01-01 00:00:00.000000390,124.07864,87,14
1970-01-01 00:00:00.000000391,122.68069,87,14
1970-01-01 00:00:00.000000390,119.76243,87,15
1970-01-01 00:00:00.000000391,121.67299,87,15
1970-01-01 00:00:00.000000392,119.90513,87,15
1970-01-01 00:00:00.000000391,118.56068,87,16
1970-01-01 00:00:00.000000392,120.96567,87,16
1970-01-01 00:00:00.000000393,119.76127,87,16
1970-01-01 00:00:00.000000392,116.042984,87,17
1970-01-01 00:00:00.000000393,117.49984,87,17
1970-01-01 00:00:00.000000394,116.40349,87,17
1970-01-01 00:00:00.000000393,116.111885,87,18
1970-01-01 00:00:00.000000394,117.84762,87,18
1970-01-01 00:00:00.000000395,117.19091,87,18
1970-01-01 00:00:00.000000394,124.23793,87,19
1970-01-01 00:00:00.000000395,127.63797,87,19
1970-01-01 00:00:00.000000396,127.0555,87,19
1970-01-01 00:00:00.000000395,129.16273,87,20
1970-01-01 00:00:00.000000396,132.73157,87,20
1970-01-01 00:00:00.000000397,131.54205,87,20
1970-01-01 00:00:00.000000396,124.56237,87,21
1970-01-01 00:00:00.000000397,127.23637,87,21
1970-01-01 00:00:00.000000398,124.56514,87,21
1970-01-01 00:00:00.000000397,128.36339,87,22
1970-01-01 00:00:00.000000398,130.81403,87,22
1970-01-01 00:00:00.000000399,129.9389,87,22
1970-01-01 00:00:00.000000398,118.638405,87,23
1970-01-01 00:00:00.000000399,118.94029,87,23
1970-01-01 00:00:00.000000400,115.86373,87,23
1970-01-01 00:00:00.000000399,109.75919,87,24
1970-01-01 00:00:00.000000400,114.36456,87,24
1970-01-01 00:00:00.000000401,111.78867,87,24
1970-01-01 00:00:00.000000400,109.57408,87,25
1970-01-01 00:00:00.000000401,110.373055,87,25
1970-01-01 00:00:00.000000402,107.92313,87,25
1970-01-01 00:00:00.000000401,116.52744,87,26
1970-01-01 00:00:00.000000402,121.64232,87,26
1970-01-01 00:00:00.000000403,120.58151,87,26
1970-01-01 00:00:00.000000402,108.82521,87,27
1970-01-01 00:00:00.000000403,109.76127,87,27
1970-01-01 00:00:00.000000404,108.4304,87,27
1970-01-01 00:00:00.000000403,114.198685,87,28
1970-01-01 00:00:00.000000404,119.4763,87,28
1970-01-01 00:00:00.000000405,118.447685,87,28
1970-01-01 00:00:00.000000404,123.464615,87,29
1970-01-01 00:00:00.000000405,127.72337,87,29
1970-01-01 00:00:00.000000406,126.98019,87,29
1970-01-01 00:00:00.000000405,123.89576,87,30
1970-01-01 00:00:00.000000406,128.14948,87,30
1970-01-01 00:00:00.000000407,125.737076,87,30
1970-01-01 00:00:00.000000406,119.34154,87,31
1970-01-01 00:00:00.000000407,121.88462,87,31
1970-01-01 00:00:00.000000408,119.92365,87,31
1970-01-01 00:00:00.000000407,120.23052,87,32
1970-01-01 00:00:00.000000408,121.951324,87,32
1970-01-01 00:00:00.000000409,121.264175,87,32
1970-01-01 00:00:00.000000408,121.22697,87,33
1970-01-01 00:00:00.000000409,122.35107,87,33
1970-01-01 00:00:00.000000410,121.92357,87,33
1970-01-01 00:00:00.000000409,119.44559,87,34
1970-01-01 00:00:00.000000410,120.07043,87,34
1970-01-01 00:00:00.000000411,119.54073,87,34
1970-01-01 00:00:00.000000410,122.97275,87,35
1970-01-01 00:00:00.000000411,124.85359,87,35
1970-01-01 00:00:00.000000412,124.710815,87,35
1970-01-01 00:00:00.000000411,132.70126,87,36
1970-01-01 00:00:00.000000412,137.0882,87,36
1970-01-01 00:00:00.000000413,137.05812,87,36
1970-01-01 00:00:00.000000412,125.50659,87,37
1970-01-01 00:00:00.000000413,126.75677,87,37
1970-01-01 00:00:00.000000414,124.958694,87,37
1970-01-01 00:00:00.000000413,115.49675,87,38
1970-01-01 00:00:00.000000414,117.95484,87,38
1970-01-01 00:00:00.000000415,115.17034,87,38
1970-01-01 00:00:00.000000414,123.61685,87,39
1970-01-01 00:00:00.000000415,129.19313,87,39
1970-01-01 00:00:00.000000416,127.681496,87,39
1970-01-01 00:00:00.000000415,121.7017,87,40
1970-01-01 00:00:00.000000416,122.578636,87,40
1970-01-01 00:00:00.000000417,121.66429,87,40
1970-01-01 00:00:00.000000416,111.8329,87,41
1970-01-01 00:00:00.000000417,113.62351,87,41
1970-01-01 00:00:00.000000418,111.52516,87,41
1970-01-01 00:00:00.000000417,115.82881,87,42
1970-01-01 00:00:00.000000418,120.04857,87,42
1970-01-01 00:00:00.000000419,118.69528,87,42
1970-01-01 00:00:00.000000418,113.52863,87,43
1970-01-01 00:00:00.000000419,114.770805,87,43
1970-01-01 00:00:00.000000420,113.716866,87,43
1970-01-01 00:00:00.000000419,112.692375,87,44
1970-01-01 00:00:00.000000420,114.38534,87,44
1970-01-01 00:00:00.000000421,113.66984,87,44
1970-01-01 00:00:00.000000420,109.26808,87,45
1970-01-01 00:00:00.000000421,110.292145,87,45
1970-01-01 00:00:00.000000422,109.3077,87,45
1970-01-01 00:00:00.000000421,106.799324,87,46
1970-01-01 00:00:00.000000422,108.63469,87,46
1970-01-01 00:00:00.000000423,107.62028,87,46
1970-01-01 00:00:00.000000422,101.80318,87,47
1970-01-01 00:00:00.000000423,104.07654,87,47
1970-01-01 00:00:00.000000424,102.47607,87,47
1970-01-01 00:00:00.000000423,97.06652,87,48
1970-01-01 00:00:00.000000424,100.051125,87,48
1970-01-01 00:00:00.000000425,98.37031,87,48
1970-01-01 00:00:00.000000424,98.32852,87,49
1970-01-01 00:00:00.000000425,101.47973,87,49
1970-01-01 00:00:00.000000426,100.7397,87,49
1970-01-01 00:00:00.000000425,99.457954,87,50
1970-01-01 00:00:00.000000426,101.45936,87,50
1970-01-01 00:00:00.000000427,101.688225,87,50
1970-01-01 00:00:00.000000426,115.732185,87,51
1970-01-01 00:00:00.000000427,123.5881,87,51
1970-01-01 00:00:00.000000428,122.730736,87,51
1970-01-01 00:00:00.000000427,127.79818,87,52
1970-01-01 00:00:00.000000428,137.46649,87,52
1970-01-01 00:00:00.000000429,134.88742,87,52
1970-01-01 00:00:00.000000428,117.67765,87,53
1970-01-01 00:00:00.000000429,125.66582,87,53
1970-01-01 00:00:00.000000430,120.53401,87,53
1970-01-01 00:00:00.000000429,100.25942,87,54
1970-01-01 00:00:00.000000430,104.71299,87,54
1970-01-01 00:00:00.000000431,100.31278,87,54
1970-01-01 00:00:00.000000430,88.867096,87,55
1970-01-01 00:00:00.000000431,98.76046,87,55
1970-01-01 00:00:00.000000432,92.7671,87,55
1970-01-01 00:00:00.000000431,93.77388,87,56
1970-01-01 00:00:00.000000432,104.662224,87,56
1970-01-01 00:00:00.000000433,100.91041,87,56
1970-01-01 00:00:00.000000432,100.052826,87,57
1970-01-01 00:00:00.000000433,98.79619,87,57
1970-01-01 00:00:00.000000434,96.05122,87,57
1970-01-01 00:00:00.000000433,111.04034,87,58
1970-01-01 00:00:00.000000434,110.61553,87,58
1970-01-01 00:00:00.000000435,103.75925,87,58
1970-01-01 00:00:00.000000434,80.223076,87,59
1970-01-01 00:00:00.000000435,88.24484,87,59
1970-01-01 00:00:00.000000436,83.33697,87,59
1970-01-01 00:00:00.000000435,79.817535,87,60
1970-01-01 00:00:00.000000436,90.119576,87,60
1970-01-01 00:00:00.000000437,88.43669,87,60
1970-01-01 00:00:00.000000436,78.123604,87,61
1970-01-01 00:00:00.000000437,89.278015,87,61
1970-01-01 00:00:00.000000438,86.28444,87,61
1970-01-01 00:00:00.000000437,81.312386,87,62
1970-01-01 00:00:00.000000438,91.464905,87,62
1970-01-01 00:00:00.000000439,90.63565,87,62
1970-01-01 00:00:00.000000438,82.89024,87,63
1970-01-01 00:00:00.000000439,88.895355,87,63
1970-01-01 00:00:00.000000440,87.86385,87,63
1970-01-01 00:00:00.000000439,97.40338,87,64
1970-01-01 00:00:00.000000440,109.36786,87,64
1970-01-01 00:00:00.000000441,106.3722,87,64
1970-01-01 00:00:00.000000355,142.64584,88,10
1970-01-01 00:00:00.000000356,144.96393,88,10
1970-01-01 00:00:00.000000357,144.9555,88,10
1970-01-01 00:00:00.000000356,145.93361,88,11
1970-01-01 00:00:00.000000357,148.56331,88,11
1970-01-01 00:00:00.000000358,148.47546,88,11
1970-01-01 00:00:00.000000357,146.48674,88,12
1970-01-01 00:00:00.000000358,148.66403,88,12
1970-01-01 00:00:00.000000359,148.1815,88,12
1970-01-01 00:00:00.000000358,146.41142,88,13
1970-01-01 00:00:00.000000359,147.66533,88,13
1970-01-01 00:00:00.000000360,147.1827,88,13
1970-01-01 00:00:00.000000359,147.45732,88,14
1970-01-01 00:00:00.000000360,148.4371,88,14
1970-01-01 00:00:00.000000361,148.23058,88,14
1970-01-01 00:00:00.000000360,146.19153,88,15
1970-01-01 00:00:00.000000361,146.31406,88,15
1970-01-01 00:00:00.000000362,146.04443,88,15
1970-01-01 00:00:00.000000361,142.0044,88,16
1970-01-01 00:00:00.000000362,142.05402,88,16
1970-01-01 00:00:00.000000363,142.02704,88,16
1970-01-01 00:00:00.000000362,141.11604,88,17
1970-01-01 00:00:00.000000363,141.81656,88,17
1970-01-01 00:00:00.000000364,141.53995,88,17
1970-01-01 00:00:00.000000363,138.53743,88,18
1970-01-01 00:00:00.000000364,138.68353,88,18
1970-01-01 00:00:00.000000365,138.46683,88,18
1970-01-01 00:00:00.000000364,138.40604,88,19
1970-01-01 00:00:00.000000365,139.24374,88,19
1970-01-01 00:00:00.000000366,138.92691,88,19
1970-01-01 00:00:00.000000365,139.88216,88,20
1970-01-01 00:00:00.000000366,140.92038,88,20
1970-01-01 00:00:00.000000367,140.7904,88,20
1970-01-01 00:00:00.000000366,140.47827,88,21
1970-01-01 00:00:00.000000367,141.50743,88,21
1970-01-01 00:00:00.000000368,141.32735,88,21
1970-01-01 00:00:00.000000367,141.2829,88,22
1970-01-01 00:00:00.000000368,142.36974,88,22
1970-01-01 00:00:00.000000369,142.171,88,22
1970-01-01 00:00:00.000000368,142.22691,88,23
1970-01-01 00:00:00.000000369,143.2812,88,23
1970-01-01 00:00:00.000000370,143.09868,88,23
1970-01-01 00:00:00.000000369,146.28261,88,24
1970-01-01 00:00:00.000000370,148.79239,88,24
1970-01-01 00:00:00.000000371,148.96837,88,24
1970-01-01 00:00:00.000000370,146.34993,88,25
1970-01-01 00:00:00.000000371,147.72627,88,25
1970-01-01 00:00:00.000000372,147.3901,88,25
1970-01-01 00:00:00.000000371,145.83078,88,26
1970-01-01 00:00:00.000000372,147.07495,88,26
1970-01-01 00:00:00.000000373,146.44064,88,26
1970-01-01 00:00:00.000000372,146.73904,88,27
1970-01-01 00:00:00.000000373,147.48871,88,27
1970-01-01 00:00:00.000000374,147.30934,88,27
1970-01-01 00:00:00.000000373,148.31229,88,28
1970-01-01 00:00:00.000000374,149.43144,88,28
1970-01-01 00:00:00.000000375,149.26357,88,28
1970-01-01 00:00:00.000000374,148.226,88,29
1970-01-01 00:00:00.000000375,148.78374,88,29
1970-01-01 00:00:00.000000376,148.26363,88,29
1970-01-01 00:00:00.000000375,147.22792,88,30
1970-01-01 00:00:00.000000376,147.47754,88,30
1970-01-01 00:00:00.000000377,147.1193,88,30
1970-01-01 00:00:00.000000376,144.2397,88,31
1970-01-01 00:00:00.000000377,144.23468,88,31
1970-01-01 00:00:00.000000378,144.14532,88,31
1970-01-01 00:00:00.000000377,142.5991,88,32
1970-01-01 00:00:00.000000378,143.02939,88,32
1970-01-01 00:00:00.000000379,142.87793,88,32
1970-01-01 00:00:00.000000378,140.95398,88,33
1970-01-01 00:00:00.000000379,141.33746,88,33
1970-01-01 00:00:00.000000380,141.19177,88,33
1970-01-01 00:00:00.000000379,141.26268,88,34
1970-01-01 00:00:00.000000380,142.22002,88,34
1970-01-01 00:00:00.000000381,142.0207,88,34
1970-01-01 00:00:00.000000380,141.05493,88,35
1970-01-01 00:00:00.000000381,141.46667,88,35
1970-01-01 00:00:00.000000382,141.32811,88,35
1970-01-01 00:00:00.000000381,144.85474,88,36
1970-01-01 00:00:00.000000382,147.11415,88,36
1970-01-01 00:00:00.000000383,147.28665,88,36
1970-01-01 00:00:00.000000382,144.8699,88,37
1970-01-01 00:00:00.000000383,145.80411,88,37
1970-01-01 00:00:00.000000384,145.44342,88,37
1970-01-01 00:00:00.000000383,148.27347,88,38
1970-01-01 00:00:00.000000384,151.43993,88,38
1970-01-01 00:00:00.000000385,151.60133,88,38
1970-01-01 00:00:00.000000384,149.76201,88,39
1970-01-01 00:00:00.000000385,151.67062,88,39
1970-01-01 00:00:00.000000386,151.9981,88,39
1970-01-01 00:00:00.000000385,152.12454,88,40
1970-01-01 00:00:00.000000386,155.00525,88,40
1970-01-01 00:00:00.000000387,155.18602,88,40
1970-01-01 00:00:00.000000386,155.96463,88,41
1970-01-01 00:00:00.000000387,158.95345,88,41
1970-01-01 00:00:00.000000388,159.37212,88,41
1970-01-01 00:00:00.000000387,160.6632,88,42
1970-01-01 00:00:00.000000388,164.78957,88,42
1970-01-01 00:00:00.000000389,165.22539,88,42
1970-01-01 00:00:00.000000388,163.48073,88,43
1970-01-01 00:00:00.000000389,167.25256,88,43
1970-01-01 00:00:00.000000390,167.38538,88,43
1970-01-01 00:00:00.000000389,165.61346,88,44
1970-01-01 00:00:00.000000390,169.12376,88,44
1970-01-01 00:00:00.000000391,169.36896,88,44
1970-01-01 00:00:00.000000390,168.35332,88,45
1970-01-01 00:00:00.000000391,171.21338,88,45
1970-01-01 00:00:00.000000392,171.43358,88,45
1970-01-01 00:00:00.000000391,167.98465,88,46
1970-01-01 00:00:00.000000392,169.60106,88,46
1970-01-01 00:00:00.000000393,169.4329,88,46
1970-01-01 00:00:00.000000392,169.44177,88,47
1970-01-01 00:00:00.000000393,171.03255,88,47
1970-01-01 00:00:00.000000394,170.70975,88,47
1970-01-01 00:00:00.000000393,175.96309,88,48
1970-01-01 00:00:00.000000394,179.29712,88,48
1970-01-01 00:00:00.000000395,179.40079,88,48
1970-01-01 00:00:00.000000394,180.07446,88,49
1970-01-01 00:00:00.000000395,183.76306,88,49
1970-01-01 00:00:00.000000396,183.49666,88,49
1970-01-01 00:00:00.000000395,179.77219,88,50
1970-01-01 00:00:00.000000396,182.4528,88,50
1970-01-01 00:00:00.000000397,181.53123,88,50
1970-01-01 00:00:00.000000396,180.7643,88,51
1970-01-01 00:00:00.000000397,182.3351,88,51
1970-01-01 00:00:00.000000398,181.86003,88,51
1970-01-01 00:00:00.000000397,184.83043,88,52
1970-01-01 00:00:00.000000398,187.15062,88,52
1970-01-01 00:00:00.000000399,187.25218,88,52
1970-01-01 00:00:00.000000398,186.3636,88,53
1970-01-01 00:00:00.000000399,188.30107,88,53
1970-01-01 00:00:00.000000400,187.94746,88,53
1970-01-01 00:00:00.000000399,190.26562,88,54
1970-01-01 00:00:00.000000400,193.26686,88,54
1970-01-01 00:00:00.000000401,192.67741,88,54
1970-01-01 00:00:00.000000400,192.93036,88,55
1970-01-01 00:00:00.000000401,194.79404,88,55
1970-01-01 00:00:00.000000402,193.60391,88,55
1970-01-01 00:00:00.000000401,195.57185,88,56
1970-01-01 00:00:00.000000402,197.80356,88,56
1970-01-01 00:00:00.000000403,196.03844,88,56
1970-01-01 00:00:00.000000402,194.59023,88,57
1970-01-01 00:00:00.000000403,195.02815,88,57
1970-01-01 00:00:00.000000404,193.9433,88,57
1970-01-01 00:00:00.000000403,191.24377,88,58
1970-01-01 00:00:00.000000404,190.70206,88,58
1970-01-01 00:00:00.000000405,190.39395,88,58
1970-01-01 00:00:00.000000093,0.0,89,10
1970-01-01 00:00:00.000000094,0.0,89,10
1970-01-01 00:00:00.000000095,0.0,89,10
1970-01-01 00:00:00.000000094,0.0,89,11
1970-01-01 00:00:00.000000095,0.0,89,11
1970-01-01 00:00:00.000000096,0.0,89,11
1970-01-01 00:00:00.000000095,0.0,89,12
1970-01-01 00:00:00.000000096,0.0,89,12
1970-01-01 00:00:00.000000097,0.19971544,89,12
1970-01-01 00:00:00.000000101,41.260525,92,10
1970-01-01 00:00:00.000000102,43.32587,92,10
1970-01-01 00:00:00.000000103,42.629456,92,10
1970-01-01 00:00:00.000000102,43.583523,92,11
1970-01-01 00:00:00.000000103,43.674416,92,11
1970-01-01 00:00:00.000000104,42.690292,92,11
1970-01-01 00:00:00.000000103,41.263832,92,12
1970-01-01 00:00:00.000000104,40.93613,92,12
1970-01-01 00:00:00.000000105,39.520466,92,12
1970-01-01 00:00:00.000000104,42.73108,92,13
1970-01-01 00:00:00.000000105,43.30796,92,13
1970-01-01 00:00:00.000000106,42.877068,92,13
1970-01-01 00:00:00.000000166,92.43776,93,10
1970-01-01 00:00:00.000000167,96.676285,93,10
1970-01-01 00:00:00.000000168,94.28914,93,10
1970-01-01 00:00:00.000000167,88.369934,93,11
1970-01-01 00:00:00.000000168,92.971725,93,11
1970-01-01 00:00:00.000000169,91.36054,93,11
1970-01-01 00:00:00.000000168,78.16505,93,12
1970-01-01 00:00:00.000000169,81.234436,93,12
1970-01-01 00:00:00.000000170,79.523094,93,12
1970-01-01 00:00:00.000000169,75.77848,93,13
1970-01-01 00:00:00.000000170,79.65838,93,13
1970-01-01 00:00:00.000000171,78.96509,93,13
1970-01-01 00:00:00.000000170,80.29489,93,14
1970-01-01 00:00:00.000000171,84.1746,93,14
1970-01-01 00:00:00.000000172,84.842606,93,14
1970-01-01 00:00:00.000000171,80.968056,93,15
1970-01-01 00:00:00.000000172,82.580986,93,15
1970-01-01 00:00:00.000000173,82.98745,93,15
1970-01-01 00:00:00.000000172,87.7104,93,16
1970-01-01 00:00:00.000000173,92.167725,93,16
1970-01-01 00:00:00.000000174,92.45999,93,16
1970-01-01 00:00:00.000000173,98.35157,93,17
1970-01-01 00:00:00.000000174,104.0036,93,17
1970-01-01 00:00:00.000000175,104.36654,93,17
1970-01-01 00:00:00.000000174,111.4918,93,18
1970-01-01 00:00:00.000000175,109.16685,93,18
1970-01-01 00:00:00.000000176,100.91842,93,18
1970-01-01 00:00:00.000000175,75.07407,93,19
1970-01-01 00:00:00.000000176,16.965446,93,19
1970-01-01 00:00:00.000000177,0.0,93,19
1970-01-01 00:00:00.000000176,75.50797,93,20
1970-01-01 00:00:00.000000177,56.27567,93,20
1970-01-01 00:00:00.000000178,33.273937,93,20
1970-01-01 00:00:00.000000177,0.0,93,21
1970-01-01 00:00:00.000000178,0.0,93,21
1970-01-01 00:00:00.000000179,0.62418395,93,21
1970-01-01 00:00:00.000000178,0.0,93,22
1970-01-01 00:00:00.000000179,0.0,93,22
1970-01-01 00:00:00.000000180,10.17352,93,22
1970-01-01 00:00:00.000000179,0.0,93,23
1970-01-01 00:00:00.000000180,0.0,93,23
1970-01-01 00:00:00.000000181,9.150727,93,23
1970-01-01 00:00:00.000000180,0.0,93,24
1970-01-01 00:00:00.000000181,0.0,93,24
1970-01-01 00:00:00.000000182,4.6426797,93,24
1970-01-01 00:00:00.000000181,0.0,93,25
1970-01-01 00:00:00.000000182,0.0,93,25
1970-01-01 00:00:00.000000183,0.25312695,93,25
1970-01-01 00:00:00.000000114,92.81887,95,10
1970-01-01 00:00:00.000000115,94.28993,95,10
1970-01-01 00:00:00.000000116,94.08686,95,10
1970-01-01 00:00:00.000000115,89.908936,95,11
1970-01-01 00:00:00.000000116,89.32291,95,11
1970-01-01 00:00:00.000000117,89.45722,95,11
1970-01-01 00:00:00.000000116,93.93407,95,12
1970-01-01 00:00:00.000000117,95.94361,95,12
1970-01-01 00:00:00.000000118,95.07666,95,12
1970-01-01 00:00:00.000000117,84.519585,95,13
1970-01-01 00:00:00.000000118,82.98222,95,13
1970-01-01 00:00:00.000000119,83.44015,95,13
1970-01-01 00:00:00.000000118,86.352066,95,14
1970-01-01 00:00:00.000000119,87.98806,95,14
1970-01-01 00:00:00.000000120,87.89891,95,14
1970-01-01 00:00:00.000000119,83.72555,95,15
1970-01-01 00:00:00.000000120,83.49742,95,15
1970-01-01 00:00:00.000000121,83.57389,95,15
1970-01-01 00:00:00.000000120,89.56716,95,16
1970-01-01 00:00:00.000000121,92.527374,95,16
1970-01-01 00:00:00.000000122,91.196655,95,16
1970-01-01 00:00:00.000000183,107.06493,96,10
1970-01-01 00:00:00.000000184,106.754395,96,10
1970-01-01 00:00:00.000000185,105.80736,96,10
1970-01-01 00:00:00.000000184,112.58959,96,11
1970-01-01 00:00:00.000000185,114.80092,96,11
1970-01-01 00:00:00.000000186,114.83687,96,11
1970-01-01 00:00:00.000000185,116.95846,96,12
1970-01-01 00:00:00.000000186,118.49516,96,12
1970-01-01 00:00:00.000000187,119.08321,96,12
1970-01-01 00:00:00.000000186,112.99435,96,13
1970-01-01 00:00:00.000000187,113.04897,96,13
1970-01-01 00:00:00.000000188,112.43546,96,13
1970-01-01 00:00:00.000000187,116.94023,96,14
1970-01-01 00:00:00.000000188,119.10281,96,14
1970-01-01 00:00:00.000000189,119.17279,96,14
1970-01-01 00:00:00.000000188,120.87659,96,15
1970-01-01 00:00:00.000000189,122.33163,96,15
1970-01-01 00:00:00.000000190,122.844406,96,15
1970-01-01 00:00:00.000000189,120.89876,96,16
1970-01-01 00:00:00.000000190,122.05406,96,16
1970-01-01 00:00:00.000000191,121.81487,96,16
1970-01-01 00:00:00.000000190,119.86273,96,17
1970-01-01 00:00:00.000000191,120.473625,96,17
1970-01-01 00:00:00.000000192,120.22671,96,17
1970-01-01 00:00:00.000000191,118.06916,96,18
1970-01-01 00:00:00.000000192,117.97666,96,18
1970-01-01 00:00:00.000000193,117.67427,96,18
1970-01-01 00:00:00.000000192,120.82027,96,19
1970-01-01 00:00:00.000000193,121.955086,96,19
1970-01-01 00:00:00.000000194,122.033424,96,19
1970-01-01 00:00:00.000000193,123.461555,96,20
1970-01-01 00:00:00.000000194,124.50794,96,20
1970-01-01 00:00:00.000000195,124.78796,96,20
1970-01-01 00:00:00.000000194,124.308586,96,21
1970-01-01 00:00:00.000000195,125.278854,96,21
1970-01-01 00:00:00.000000196,125.22401,96,21
1970-01-01 00:00:00.000000195,121.23147,96,22
1970-01-01 00:00:00.000000196,120.94929,96,22
1970-01-01 00:00:00.000000197,120.55918,96,22
1970-01-01 00:00:00.000000196,121.21567,96,23
1970-01-01 00:00:00.000000197,121.545265,96,23
1970-01-01 00:00:00.000000198,121.323,96,23
1970-01-01 00:00:00.000000197,122.81653,96,24
1970-01-01 00:00:00.000000198,123.41415,96,24
1970-01-01 00:00:00.000000199,123.50273,96,24
1970-01-01 00:00:00.000000198,124.61925,96,25
1970-01-01 00:00:00.000000199,125.5522,96,25
1970-01-01 00:00:00.000000200,125.72992,96,25
1970-01-01 00:00:00.000000199,120.3339,96,26
1970-01-01 00:00:00.000000200,119.786095,96,26
1970-01-01 00:00:00.000000201,119.274864,96,26
1970-01-01 00:00:00.000000200,118.92813,96,27
1970-01-01 00:00:00.000000201,119.261345,96,27
1970-01-01 00:00:00.000000202,118.80101,96,27
1970-01-01 00:00:00.000000201,110.934204,96,28
1970-01-01 00:00:00.000000202,109.96824,96,28
1970-01-01 00:00:00.000000203,108.76729,96,28
1970-01-01 00:00:00.000000079,6.1672087,98,10
1970-01-01 00:00:00.000000080,14.250336,98,10
1970-01-01 00:00:00.000000081,14.34999,98,10
1970-01-01 00:00:00.000000096,14.764278,99,10
1970-01-01 00:00:00.000000097,28.755909,99,10
1970-01-01 00:00:00.000000098,54.63249,99,10
1970-01-01 00:00:00.000000097,10.198871,99,11
1970-01-01 00:00:00.000000098,35.71114,99,11
1970-01-01 00:00:00.000000099,55.277527,99,11
1970-01-01 00:00:00.000000098,23.579723,99,12
1970-01-01 00:00:00.000000099,35.14798,99,12
1970-01-01 00:00:00.000000100,38.249577,99,12
1970-01-01 00:00:00.000000099,1.2420771,99,13
1970-01-01 00:00:00.000000100,1.5775822,99,13
1970-01-01 00:00:00.000000101,1.7137703,99,13
1970-01-01 00:00:00.000000340,138.69229,100,10
1970-01-01 00:00:00.000000341,136.96785,100,10
1970-01-01 00:00:00.000000342,136.56277,100,10
1970-01-01 00:00:00.000000341,134.26479,100,11
1970-01-01 00:00:00.000000342,133.01553,100,11
1970-01-01 00:00:00.000000343,132.6926,100,11
1970-01-01 00:00:00.000000342,126.62011,100,12
1970-01-01 00:00:00.000000343,124.42614,100,12
1970-01-01 00:00:00.000000344,124.03463,100,12
1970-01-01 00:00:00.000000343,129.31013,100,13
1970-01-01 00:00:00.000000344,129.29875,100,13
1970-01-01 00:00:00.000000345,128.50488,100,13
1970-01-01 00:00:00.000000344,119.38037,100,14
1970-01-01 00:00:00.000000345,116.624146,100,14
1970-01-01 00:00:00.000000346,116.15647,100,14
1970-01-01 00:00:00.000000345,116.849785,100,15
1970-01-01 00:00:00.000000346,116.31785,100,15
1970-01-01 00:00:00.000000347,115.778984,100,15
1970-01-01 00:00:00.000000346,112.50364,100,16
1970-01-01 00:00:00.000000347,110.31377,100,16
1970-01-01 00:00:00.000000348,109.88335,100,16
1970-01-01 00:00:00.000000347,109.39677,100,17
1970-01-01 00:00:00.000000348,108.81284,100,17
1970-01-01 00:00:00.000000349,108.57535,100,17
1970-01-01 00:00:00.000000348,108.28549,100,18
1970-01-01 00:00:00.000000349,107.56721,100,18
1970-01-01 00:00:00.000000350,107.245895,100,18
1970-01-01 00:00:00.000000349,109.23423,100,19
1970-01-01 00:00:00.000000350,109.52854,100,19
1970-01-01 00:00:00.000000351,109.25935,100,19
1970-01-01 00:00:00.000000350,106.708534,100,20
1970-01-01 00:00:00.000000351,106.05538,100,20
1970-01-01 00:00:00.000000352,105.93911,100,20
1970-01-01 00:00:00.000000351,102.972496,100,21
1970-01-01 00:00:00.000000352,102.49375,100,21
1970-01-01 00:00:00.000000353,102.315414,100,21
1970-01-01 00:00:00.000000352,96.53735,100,22
1970-01-01 00:00:00.000000353,95.24401,100,22
1970-01-01 00:00:00.000000354,95.02612,100,22
1970-01-01 00:00:00.000000353,93.29261,100,23
1970-01-01 00:00:00.000000354,92.82067,100,23
1970-01-01 00:00:00.000000355,92.321365,100,23
1970-01-01 00:00:00.000000354,90.4673,100,24
1970-01-01 00:00:00.000000355,89.70972,100,24
1970-01-01 00:00:00.000000356,89.16945,100,24
1970-01-01 00:00:00.000000355,84.57885,100,25
1970-01-01 00:00:00.000000356,83.57736,100,25
1970-01-01 00:00:00.000000357,83.24195,100,25
1970-01-01 00:00:00.000000356,79.84126,100,26
1970-01-01 00:00:00.000000357,79.15353,100,26
1970-01-01 00:00:00.000000358,78.602554,100,26
1970-01-01 00:00:00.000000357,80.20113,100,27
1970-01-01 00:00:00.000000358,80.32418,100,27
1970-01-01 00:00:00.000000359,79.60668,100,27
1970-01-01 00:00:00.000000358,78.29,100,28
1970-01-01 00:00:00.000000359,77.8003,100,28
1970-01-01 00:00:00.000000360,77.43008,100,28
1970-01-01 00:00:00.000000359,78.22947,100,29
1970-01-01 00:00:00.000000360,78.51495,100,29
1970-01-01 00:00:00.000000361,78.250984,100,29
1970-01-01 00:00:00.000000360,77.762665,100,30
1970-01-01 00:00:00.000000361,77.572624,100,30
1970-01-01 00:00:00.000000362,77.37801,100,30
1970-01-01 00:00:00.000000361,76.86605,100,31
1970-01-01 00:00:00.000000362,76.88727,100,31
1970-01-01 00:00:00.000000363,76.66942,100,31
1970-01-01 00:00:00.000000362,78.04447,100,32
1970-01-01 00:00:00.000000363,78.45285,100,32
1970-01-01 00:00:00.000000364,78.389404,100,32
1970-01-01 00:00:00.000000363,78.84296,100,33
1970-01-01 00:00:00.000000364,79.0957,100,33
1970-01-01 00:00:00.000000365,78.97662,100,33
1970-01-01 00:00:00.000000364,79.48518,100,34
1970-01-01 00:00:00.000000365,79.82746,100,34
1970-01-01 00:00:00.000000366,79.62681,100,34
1970-01-01 00:00:00.000000365,80.92267,100,35
1970-01-01 00:00:00.000000366,81.50193,100,35
1970-01-01 00:00:00.000000367,81.36727,100,35
1970-01-01 00:00:00.000000366,80.62683,100,36
1970-01-01 00:00:00.000000367,80.69356,100,36
1970-01-01 00:00:00.000000368,80.490425,100,36
1970-01-01 00:00:00.000000367,82.085594,100,37
1970-01-01 00:00:00.000000368,82.77934,100,37
1970-01-01 00:00:00.000000369,82.632935,100,37
1970-01-01 00:00:00.000000368,78.66453,100,38
1970-01-01 00:00:00.000000369,78.08441,100,38
1970-01-01 00:00:00.000000370,77.8333,100,38
1970-01-01 00:00:00.000000369,78.90806,100,39
1970-01-01 00:00:00.000000370,79.298164,100,39
1970-01-01 00:00:00.000000371,78.99289,100,39
1970-01-01 00:00:00.000000370,79.325066,100,40
1970-01-01 00:00:00.000000371,79.39789,100,40
1970-01-01 00:00:00.000000372,79.27011,100,40
1970-01-01 00:00:00.000000371,71.92229,100,41
1970-01-01 00:00:00.000000372,70.926186,100,41
1970-01-01 00:00:00.000000373,70.58079,100,41
1970-01-01 00:00:00.000000372,75.66975,100,42
1970-01-01 00:00:00.000000373,77.260315,100,42
1970-01-01 00:00:00.000000374,77.01126,100,42
1970-01-01 00:00:00.000000373,79.730515,100,43
1970-01-01 00:00:00.000000374,80.66366,100,43
1970-01-01 00:00:00.000000375,80.81914,100,43
1970-01-01 00:00:00.000000374,81.47894,100,44
1970-01-01 00:00:00.000000375,82.679695,100,44
1970-01-01 00:00:00.000000376,82.359695,100,44
1970-01-01 00:00:00.000000375,76.82348,100,45
1970-01-01 00:00:00.000000376,76.22342,100,45
1970-01-01 00:00:00.000000377,75.664154,100,45
1970-01-01 00:00:00.000000376,74.25507,100,46
1970-01-01 00:00:00.000000377,74.299255,100,46
1970-01-01 00:00:00.000000378,73.852615,100,46
1970-01-01 00:00:00.000000377,68.95874,100,47
1970-01-01 00:00:00.000000378,68.08959,100,47
1970-01-01 00:00:00.000000379,67.551796,100,47
1970-01-01 00:00:00.000000378,59.174263,100,48
1970-01-01 00:00:00.000000379,58.082836,100,48
1970-01-01 00:00:00.000000380,57.300602,100,48
1970-01-01 00:00:00.000000379,47.109776,100,49
1970-01-01 00:00:00.000000380,46.771214,100,49
1970-01-01 00:00:00.000000381,45.007214,100,49
1970-01-01 00:00:00.000000380,36.31749,100,50
1970-01-01 00:00:00.000000381,24.9868,100,50
1970-01-01 00:00:00.000000382,24.862179,100,50
1970-01-01 00:00:00.000000381,29.57384,100,51
1970-01-01 00:00:00.000000382,17.117622,100,51
1970-01-01 00:00:00.000000383,1.9165419,100,51
1970-01-01 00:00:00.000000382,16.975552,100,52
1970-01-01 00:00:00.000000383,16.051527,100,52
1970-01-01 00:00:00.000000384,19.31019,100,52
1970-01-01 00:00:00.000000383,0.0,100,53
1970-01-01 00:00:00.000000384,1.4615744,100,53
1970-01-01 00:00:00.000000385,11.016547,100,53
1970-01-01 00:00:00.000000384,0.0,100,54
1970-01-01 00:00:00.000000385,3.0633552,100,54
1970-01-01 00:00:00.000000386,11.709975,100,54
1970-01-01 00:00:00.000000385,0.0,100,55
1970-01-01 00:00:00.000000386,1.8533705,100,55
1970-01-01 00:00:00.000000387,6.27028,100,55
1970-01-01 00:00:00.000000386,0.0,100,56
1970-01-01 00:00:00.000000387,0.0,100,56
1970-01-01 00:00:00.000000388,0.2444622,100,56
1970-01-01 00:00:00.000000142,116.89501,101,10
1970-01-01 00:00:00.000000143,120.93992,101,10
1970-01-01 00:00:00.000000144,122.33852,101,10
1970-01-01 00:00:00.000000143,121.25592,101,11
1970-01-01 00:00:00.000000144,126.05127,101,11
1970-01-01 00:00:00.000000145,127.134796,101,11
1970-01-01 00:00:00.000000144,128.83286,101,12
1970-01-01 00:00:00.000000145,134.12141,101,12
1970-01-01 00:00:00.000000146,135.99126,101,12
1970-01-01 00:00:00.000000145,136.66045,101,13
1970-01-01 00:00:00.000000146,142.19273,101,13
1970-01-01 00:00:00.000000147,143.76076,101,13
1970-01-01 00:00:00.000000146,143.2594,101,14
1970-01-01 00:00:00.000000147,149.5866,101,14
1970-01-01 00:00:00.000000148,150.954,101,14
1970-01-01 00:00:00.000000147,151.71532,101,15
1970-01-01 00:00:00.000000148,157.92522,101,15
1970-01-01 00:00:00.000000149,159.93896,101,15
1970-01-01 00:00:00.000000148,161.13495,101,16
1970-01-01 00:00:00.000000149,167.81288,101,16
1970-01-01 00:00:00.000000150,169.8648,101,16
1970-01-01 00:00:00.000000149,166.47269,101,17
1970-01-01 00:00:00.000000150,172.0999,101,17
1970-01-01 00:00:00.000000151,173.12889,101,17
1970-01-01 00:00:00.000000150,166.36209,101,18
1970-01-01 00:00:00.000000151,169.17409,101,18
1970-01-01 00:00:00.000000152,169.24437,101,18
1970-01-01 00:00:00.000000151,162.20145,101,19
1970-01-01 00:00:00.000000152,162.51729,101,19
1970-01-01 00:00:00.000000153,161.95905,101,19
1970-01-01 00:00:00.000000152,163.99103,101,20
1970-01-01 00:00:00.000000153,165.09618,101,20
1970-01-01 00:00:00.000000154,165.10759,101,20
1970-01-01 00:00:00.000000153,164.3247,101,21
1970-01-01 00:00:00.000000154,164.4613,101,21
1970-01-01 00:00:00.000000155,164.45122,101,21
1970-01-01 00:00:00.000000187,164.28156,103,10
1970-01-01 00:00:00.000000188,164.36032,103,10
1970-01-01 00:00:00.000000189,163.4555,103,10
1970-01-01 00:00:00.000000188,164.68352,103,11
1970-01-01 00:00:00.000000189,164.81743,103,11
1970-01-01 00:00:00.000000190,164.37346,103,11
1970-01-01 00:00:00.000000189,161.75464,103,12
1970-01-01 00:00:00.000000190,161.13168,103,12
1970-01-01 00:00:00.000000191,160.28575,103,12
1970-01-01 00:00:00.000000190,166.05386,103,13
1970-01-01 00:00:00.000000191,167.68877,103,13
1970-01-01 00:00:00.000000192,167.51347,103,13
1970-01-01 00:00:00.000000191,170.18849,103,14
1970-01-01 00:00:00.000000192,171.91579,103,14
1970-01-01 00:00:00.000000193,172.14966,103,14
1970-01-01 00:00:00.000000192,171.90802,103,15
1970-01-01 00:00:00.000000193,173.70065,103,15
1970-01-01 00:00:00.000000194,173.0788,103,15
1970-01-01 00:00:00.000000193,175.69173,103,16
1970-01-01 00:00:00.000000194,177.64925,103,16
1970-01-01 00:00:00.000000195,176.63156,103,16
1970-01-01 00:00:00.000000194,181.66273,103,17
1970-01-01 00:00:00.000000195,184.52844,103,17
1970-01-01 00:00:00.000000196,183.97894,103,17
1970-01-01 00:00:00.000000195,183.11986,103,18
1970-01-01 00:00:00.000000196,184.82806,103,18
1970-01-01 00:00:00.000000197,183.30272,103,18
1970-01-01 00:00:00.000000196,180.76047,103,19
1970-01-01 00:00:00.000000197,181.12386,103,19
1970-01-01 00:00:00.000000198,179.12817,103,19
1970-01-01 00:00:00.000000197,178.12767,103,20
1970-01-01 00:00:00.000000198,177.56534,103,20
1970-01-01 00:00:00.000000199,176.51674,103,20
1970-01-01 00:00:00.000000198,180.15007,103,21
1970-01-01 00:00:00.000000199,180.64764,103,21
1970-01-01 00:00:00.000000200,180.29813,103,21
1970-01-01 00:00:00.000000199,186.3869,103,22
1970-01-01 00:00:00.000000200,188.62123,103,22
1970-01-01 00:00:00.000000201,188.84294,103,22
1970-01-01 00:00:00.000000200,189.82877,103,23
1970-01-01 00:00:00.000000201,191.63745,103,23
1970-01-01 00:00:00.000000202,190.77873,103,23
1970-01-01 00:00:00.000000201,194.8285,103,24
1970-01-01 00:00:00.000000202,197.39836,103,24
1970-01-01 00:00:00.000000203,195.25966,103,24
1970-01-01 00:00:00.000000202,192.5236,103,25
1970-01-01 00:00:00.000000203,192.32454,103,25
1970-01-01 00:00:00.000000204,189.93057,103,25
1970-01-01 00:00:00.000000203,194.54659,103,26
1970-01-01 00:00:00.000000204,195.94945,103,26
1970-01-01 00:00:00.000000205,194.20337,103,26
1970-01-01 00:00:00.000000204,194.63788,103,27
1970-01-01 00:00:00.000000205,194.58218,103,27
1970-01-01 00:00:00.000000206,194.07935,103,27
1970-01-01 00:00:00.000000205,185.96121,103,28
1970-01-01 00:00:00.000000206,183.52713,103,28
1970-01-01 00:00:00.000000207,181.11455,103,28
1970-01-01 00:00:00.000000206,184.63239,103,29
1970-01-01 00:00:00.000000207,184.064,103,29
1970-01-01 00:00:00.000000208,182.5952,103,29
1970-01-01 00:00:00.000000080,0.0,104,10
1970-01-01 00:00:00.000000081,0.0,104,10
1970-01-01 00:00:00.000000082,0.0,104,10
1970-01-01 00:00:00.000000190,182.30191,105,10
1970-01-01 00:00:00.000000191,184.78629,105,10
1970-01-01 00:00:00.000000192,186.00906,105,10
1970-01-01 00:00:00.000000191,190.71555,105,11
1970-01-01 00:00:00.000000192,194.61546,105,11
1970-01-01 00:00:00.000000193,196.26996,105,11
1970-01-01 00:00:00.000000192,204.85504,105,12
1970-01-01 00:00:00.000000193,210.88937,105,12
1970-01-01 00:00:00.000000194,213.92331,105,12
1970-01-01 00:00:00.000000193,213.84793,105,13
1970-01-01 00:00:00.000000194,215.5583,105,13
1970-01-01 00:00:00.000000195,217.23326,105,13
1970-01-01 00:00:00.000000194,207.62927,105,14
1970-01-01 00:00:00.000000195,208.48163,105,14
1970-01-01 00:00:00.000000196,208.74165,105,14
1970-01-01 00:00:00.000000195,216.97545,105,15
1970-01-01 00:00:00.000000196,220.69844,105,15
1970-01-01 00:00:00.000000197,221.76639,105,15
1970-01-01 00:00:00.000000196,213.9824,105,16
1970-01-01 00:00:00.000000197,211.63872,105,16
1970-01-01 00:00:00.000000198,211.87129,105,16
1970-01-01 00:00:00.000000197,203.8437,105,17
1970-01-01 00:00:00.000000198,202.56256,105,17
1970-01-01 00:00:00.000000199,201.56851,105,17
1970-01-01 00:00:00.000000198,205.28505,105,18
1970-01-01 00:00:00.000000199,205.30354,105,18
1970-01-01 00:00:00.000000200,205.00375,105,18
1970-01-01 00:00:00.000000199,204.99251,105,19
1970-01-01 00:00:00.000000200,204.05167,105,19
1970-01-01 00:00:00.000000201,203.69469,105,19
1970-01-01 00:00:00.000000200,207.42677,105,20
1970-01-01 00:00:00.000000201,208.0842,105,20
1970-01-01 00:00:00.000000202,208.3358,105,20
1970-01-01 00:00:00.000000201,218.5806,105,21
1970-01-01 00:00:00.000000202,221.95616,105,21
1970-01-01 00:00:00.000000203,224.09811,105,21
1970-01-01 00:00:00.000000202,230.66592,105,22
1970-01-01 00:00:00.000000203,232.873,105,22
1970-01-01 00:00:00.000000204,234.28557,105,22
1970-01-01 00:00:00.000000203,243.42291,105,23
1970-01-01 00:00:00.000000204,245.14903,105,23
1970-01-01 00:00:00.000000205,244.34662,105,23
1970-01-01 00:00:00.000000204,246.42886,105,24
1970-01-01 00:00:00.000000205,243.79887,105,24
1970-01-01 00:00:00.000000206,241.77628,105,24
1970-01-01 00:00:00.000000205,212.78487,105,25
1970-01-01 00:00:00.000000206,205.06021,105,25
1970-01-01 00:00:00.000000207,202.20511,105,25
1970-01-01 00:00:00.000000206,191.40257,105,26
1970-01-01 00:00:00.000000207,186.09879,105,26
1970-01-01 00:00:00.000000208,180.23004,105,26
1970-01-01 00:00:00.000000207,181.25864,105,27
1970-01-01 00:00:00.000000208,173.6816,105,27
1970-01-01 00:00:00.000000209,167.64769,105,27
1970-01-01 00:00:00.000000208,184.52446,105,28
1970-01-01 00:00:00.000000209,182.4792,105,28
1970-01-01 00:00:00.000000210,179.25032,105,28
1970-01-01 00:00:00.000000209,183.70642,105,29
1970-01-01 00:00:00.000000210,179.95547,105,29
1970-01-01 00:00:00.000000211,177.91933,105,29
1970-01-01 00:00:00.000000281,190.05072,106,10
1970-01-01 00:00:00.000000282,190.67111,106,10
1970-01-01 00:00:00.000000283,189.32841,106,10
1970-01-01 00:00:00.000000282,189.52876,106,11
1970-01-01 00:00:00.000000283,189.43915,106,11
1970-01-01 00:00:00.000000284,188.24026,106,11
1970-01-01 00:00:00.000000283,189.9438,106,12
1970-01-01 00:00:00.000000284,190.05154,106,12
1970-01-01 00:00:00.000000285,189.37529,106,12
1970-01-01 00:00:00.000000284,187.39165,106,13
1970-01-01 00:00:00.000000285,186.34602,106,13
1970-01-01 00:00:00.000000286,185.91689,106,13
1970-01-01 00:00:00.000000285,186.2525,106,14
1970-01-01 00:00:00.000000286,185.6888,106,14
1970-01-01 00:00:00.000000287,185.38194,106,14
1970-01-01 00:00:00.000000286,186.77269,106,15
1970-01-01 00:00:00.000000287,186.67744,106,15
1970-01-01 00:00:00.000000288,186.42065,106,15
1970-01-01 00:00:00.000000287,185.49425,106,16
1970-01-01 00:00:00.000000288,185.0075,106,16
1970-01-01 00:00:00.000000289,184.76125,106,16
1970-01-01 00:00:00.000000288,185.36711,106,17
1970-01-01 00:00:00.000000289,185.169,106,17
1970-01-01 00:00:00.000000290,184.76721,106,17
1970-01-01 00:00:00.000000289,185.08647,106,18
1970-01-01 00:00:00.000000290,184.80371,106,18
1970-01-01 00:00:00.000000291,184.4933,106,18
1970-01-01 00:00:00.000000290,184.51047,106,19
1970-01-01 00:00:00.000000291,184.16202,106,19
1970-01-01 00:00:00.000000292,183.76027,106,19
1970-01-01 00:00:00.000000291,181.15833,106,20
1970-01-01 00:00:00.000000292,179.76543,106,20
1970-01-01 00:00:00.000000293,179.21764,106,20
1970-01-01 00:00:00.000000292,178.87556,106,21
1970-01-01 00:00:00.000000293,177.77338,106,21
1970-01-01 00:00:00.000000294,177.32054,106,21
1970-01-01 00:00:00.000000293,177.70593,106,22
1970-01-01 00:00:00.000000294,177.01149,106,22
1970-01-01 00:00:00.000000295,176.69757,106,22
1970-01-01 00:00:00.000000294,174.59964,106,23
1970-01-01 00:00:00.000000295,173.34203,106,23
1970-01-01 00:00:00.000000296,172.90479,106,23
1970-01-01 00:00:00.000000295,174.52957,106,24
1970-01-01 00:00:00.000000296,174.4776,106,24
1970-01-01 00:00:00.000000297,174.31299,106,24
1970-01-01 00:00:00.000000296,173.73476,106,25
1970-01-01 00:00:00.000000297,173.35054,106,25
1970-01-01 00:00:00.000000298,173.14597,106,25
1970-01-01 00:00:00.000000297,170.0411,106,26
1970-01-01 00:00:00.000000298,168.86568,106,26
1970-01-01 00:00:00.000000299,168.47237,106,26
1970-01-01 00:00:00.000000298,170.53522,106,27
1970-01-01 00:00:00.000000299,170.6548,106,27
1970-01-01 00:00:00.000000300,170.48805,106,27
1970-01-01 00:00:00.000000299,163.43475,106,28
1970-01-01 00:00:00.000000300,161.16359,106,28
1970-01-01 00:00:00.000000301,160.85486,106,28
1970-01-01 00:00:00.000000300,162.97069,106,29
1970-01-01 00:00:00.000000301,163.06657,106,29
1970-01-01 00:00:00.000000302,162.88205,106,29
1970-01-01 00:00:00.000000301,161.27367,106,30
1970-01-01 00:00:00.000000302,160.56152,106,30
1970-01-01 00:00:00.000000303,160.67448,106,30
1970-01-01 00:00:00.000000302,160.27818,106,31
1970-01-01 00:00:00.000000303,160.41142,106,31
1970-01-01 00:00:00.000000304,160.32762,106,31
1970-01-01 00:00:00.000000303,157.9031,106,32
1970-01-01 00:00:00.000000304,157.177,106,32
1970-01-01 00:00:00.000000305,157.05539,106,32
1970-01-01 00:00:00.000000304,154.8758,106,33
1970-01-01 00:00:00.000000305,154.28984,106,33
1970-01-01 00:00:00.000000306,154.22166,106,33
1970-01-01 00:00:00.000000305,152.72646,106,34
1970-01-01 00:00:00.000000306,152.3305,106,34
1970-01-01 00:00:00.000000307,152.46304,106,34
1970-01-01 00:00:00.000000306,150.60625,106,35
1970-01-01 00:00:00.000000307,150.37605,106,35
1970-01-01 00:00:00.000000308,150.60197,106,35
1970-01-01 00:00:00.000000307,147.84155,106,36
1970-01-01 00:00:00.000000308,147.51445,106,36
1970-01-01 00:00:00.000000309,147.71559,106,36
1970-01-01 00:00:00.000000308,146.57944,106,37
1970-01-01 00:00:00.000000309,146.69696,106,37
1970-01-01 00:00:00.000000310,146.91223,106,37
1970-01-01 00:00:00.000000309,140.84805,106,38
1970-01-01 00:00:00.000000310,135.38826,106,38
1970-01-01 00:00:00.000000311,128.62512,106,38
1970-01-01 00:00:00.000000310,137.4395,106,39
1970-01-01 00:00:00.000000311,128.55336,106,39
1970-01-01 00:00:00.000000312,120.50696,106,39
1970-01-01 00:00:00.000000311,106.23316,106,40
1970-01-01 00:00:00.000000312,82.68626,106,40
1970-01-01 00:00:00.000000313,62.730274,106,40
1970-01-01 00:00:00.000000312,0.0,106,41
1970-01-01 00:00:00.000000313,0.0,106,41
1970-01-01 00:00:00.000000314,0.0,106,41
1970-01-01 00:00:00.000000313,0.0,106,42
1970-01-01 00:00:00.000000314,0.0,106,42
1970-01-01 00:00:00.000000315,0.0,106,42
1970-01-01 00:00:00.000000314,0.0,106,43
1970-01-01 00:00:00.000000315,0.0,106,43
1970-01-01 00:00:00.000000316,0.0,106,43
1970-01-01 00:00:00.000000315,0.0,106,44
1970-01-01 00:00:00.000000316,0.0,106,44
1970-01-01 00:00:00.000000317,0.0,106,44
1970-01-01 00:00:00.000000316,0.0,106,45
1970-01-01 00:00:00.000000317,0.0,106,45
1970-01-01 00:00:00.000000318,0.0,106,45
1970-01-01 00:00:00.000000083,0.0,107,10
1970-01-01 00:00:00.000000084,0.1645598,107,10
1970-01-01 00:00:00.000000085,0.40636298,107,10
1970-01-01 00:00:00.000000213,202.61856,108,10
1970-01-01 00:00:00.000000214,204.13824,108,10
1970-01-01 00:00:00.000000215,203.77008,108,10
1970-01-01 00:00:00.000000214,203.75313,108,11
1970-01-01 00:00:00.000000215,203.83942,108,11
1970-01-01 00:00:00.000000216,203.65967,108,11
1970-01-01 00:00:00.000000215,202.56679,108,12
1970-01-01 00:00:00.000000216,202.722,108,12
1970-01-01 00:00:00.000000217,202.41972,108,12
1970-01-01 00:00:00.000000216,200.65977,108,13
1970-01-01 00:00:00.000000217,200.44116,108,13
1970-01-01 00:00:00.000000218,200.46162,108,13
1970-01-01 00:00:00.000000217,202.14182,108,14
1970-01-01 00:00:00.000000218,202.82585,108,14
1970-01-01 00:00:00.000000219,202.69208,108,14
1970-01-01 00:00:00.000000218,200.50876,108,15
1970-01-01 00:00:00.000000219,200.01865,108,15
1970-01-01 00:00:00.000000220,200.00354,108,15
1970-01-01 00:00:00.000000219,199.82048,108,16
1970-01-01 00:00:00.000000220,200.02962,108,16
1970-01-01 00:00:00.000000221,200.0045,108,16
1970-01-01 00:00:00.000000220,203.60443,108,17
1970-01-01 00:00:00.000000221,204.52509,108,17
1970-01-01 00:00:00.000000222,204.59062,108,17
1970-01-01 00:00:00.000000221,197.8181,108,18
1970-01-01 00:00:00.000000222,196.70918,108,18
1970-01-01 00:00:00.000000223,196.64293,108,18
1970-01-01 00:00:00.000000222,196.36465,108,19
1970-01-01 00:00:00.000000223,196.78778,108,19
1970-01-01 00:00:00.000000224,196.80957,108,19
1970-01-01 00:00:00.000000223,200.97984,108,20
1970-01-01 00:00:00.000000224,202.42574,108,20
1970-01-01 00:00:00.000000225,202.66281,108,20
1970-01-01 00:00:00.000000224,204.79323,108,21
1970-01-01 00:00:00.000000225,205.72527,108,21
1970-01-01 00:00:00.000000226,206.04248,108,21
1970-01-01 00:00:00.000000225,203.17934,108,22
1970-01-01 00:00:00.000000226,203.1428,108,22
1970-01-01 00:00:00.000000227,202.78117,108,22
1970-01-01 00:00:00.000000226,207.4796,108,23
1970-01-01 00:00:00.000000227,209.00789,108,23
1970-01-01 00:00:00.000000228,208.91536,108,23
1970-01-01 00:00:00.000000227,209.53932,108,24
1970-01-01 00:00:00.000000228,209.83508,108,24
1970-01-01 00:00:00.000000229,209.9692,108,24
1970-01-01 00:00:00.000000228,208.61778,108,25
1970-01-01 00:00:00.000000229,209.21556,108,25
1970-01-01 00:00:00.000000230,208.87569,108,25
1970-01-01 00:00:00.000000229,206.97525,108,26
1970-01-01 00:00:00.000000230,206.73335,108,26
1970-01-01 00:00:00.000000231,206.71588,108,26
1970-01-01 00:00:00.000000230,205.09056,108,27
1970-01-01 00:00:00.000000231,204.99702,108,27
1970-01-01 00:00:00.000000232,205.01794,108,27
1970-01-01 00:00:00.000000231,212.76,108,28
1970-01-01 00:00:00.000000232,214.83087,108,28
1970-01-01 00:00:00.000000233,215.12999,108,28
1970-01-01 00:00:00.000000232,219.46353,108,29
1970-01-01 00:00:00.000000233,220.5291,108,29
1970-01-01 00:00:00.000000234,220.96155,108,29
1970-01-01 00:00:00.000000233,221.05222,108,30
1970-01-01 00:00:00.000000234,221.9273,108,30
1970-01-01 00:00:00.000000235,221.36671,108,30
1970-01-01 00:00:00.000000234,224.92703,108,31
1970-01-01 00:00:00.000000235,226.16898,108,31
1970-01-01 00:00:00.000000236,225.91252,108,31
1970-01-01 00:00:00.000000235,228.75937,108,32
1970-01-01 00:00:00.000000236,229.5625,108,32
1970-01-01 00:00:00.000000237,229.49826,108,32
1970-01-01 00:00:00.000000236,234.36691,108,33
1970-01-01 00:00:00.000000237,235.59618,108,33
1970-01-01 00:00:00.000000238,235.35782,108,33
1970-01-01 00:00:00.000000083,202.40019,109,10
1970-01-01 00:00:00.000000084,204.09824,109,10
1970-01-01 00:00:00.000000085,203.79192,109,10
1970-01-01 00:00:00.000000505,136.08992,110,10
1970-01-01 00:00:00.000000506,134.158,110,10
1970-01-01 00:00:00.000000507,133.42255,110,10
1970-01-01 00:00:00.000000506,142.09564,110,11
1970-01-01 00:00:00.000000507,144.58147,110,11
1970-01-01 00:00:00.000000508,144.29584,110,11
1970-01-01 00:00:00.000000507,145.77385,110,12
1970-01-01 00:00:00.000000508,146.43782,110,12
1970-01-01 00:00:00.000000509,146.62161,110,12
1970-01-01 00:00:00.000000508,149.13623,110,13
1970-01-01 00:00:00.000000509,150.75493,110,13
1970-01-01 00:00:00.000000510,150.31165,110,13
1970-01-01 00:00:00.000000509,149.69186,110,14
1970-01-01 00:00:00.000000510,150.27986,110,14
1970-01-01 00:00:00.000000511,149.97267,110,14
1970-01-01 00:00:00.000000510,155.59308,110,15
1970-01-01 00:00:00.000000511,157.79556,110,15
1970-01-01 00:00:00.000000512,157.7096,110,15
1970-01-01 00:00:00.000000511,159.62491,110,16
1970-01-01 00:00:00.000000512,160.90756,110,16
1970-01-01 00:00:00.000000513,160.87144,110,16
1970-01-01 00:00:00.000000512,164.30586,110,17
1970-01-01 00:00:00.000000513,166.22557,110,17
1970-01-01 00:00:00.000000514,165.73006,110,17
1970-01-01 00:00:00.000000513,167.55089,110,18
1970-01-01 00:00:00.000000514,168.86807,110,18
1970-01-01 00:00:00.000000515,168.55324,110,18
1970-01-01 00:00:00.000000514,171.61961,110,19
1970-01-01 00:00:00.000000515,173.24425,110,19
1970-01-01 00:00:00.000000516,172.85059,110,19
1970-01-01 00:00:00.000000515,177.12708,110,20
1970-01-01 00:00:00.000000516,178.26544,110,20
1970-01-01 00:00:00.000000517,177.23953,110,20
1970-01-01 00:00:00.000000516,182.39284,110,21
1970-01-01 00:00:00.000000517,183.85751,110,21
1970-01-01 00:00:00.000000518,182.70447,110,21
1970-01-01 00:00:00.000000517,185.72119,110,22
1970-01-01 00:00:00.000000518,186.70262,110,22
1970-01-01 00:00:00.000000519,185.43782,110,22
1970-01-01 00:00:00.000000518,182.7568,110,23
1970-01-01 00:00:00.000000519,181.91518,110,23
1970-01-01 00:00:00.000000520,180.32645,110,23
1970-01-01 00:00:00.000000519,173.4086,110,24
1970-01-01 00:00:00.000000520,171.62192,110,24
1970-01-01 00:00:00.000000521,169.56856,110,24
1970-01-01 00:00:00.000000520,175.4171,110,25
1970-01-01 00:00:00.000000521,175.05507,110,25
1970-01-01 00:00:00.000000522,173.88638,110,25
1970-01-01 00:00:00.000000521,172.7229,110,26
1970-01-01 00:00:00.000000522,170.72147,110,26
1970-01-01 00:00:00.000000523,169.73308,110,26
1970-01-01 00:00:00.000000522,169.04796,110,27
1970-01-01 00:00:00.000000523,168.25887,110,27
1970-01-01 00:00:00.000000524,166.96869,110,27
1970-01-01 00:00:00.000000523,167.34895,110,28
1970-01-01 00:00:00.000000524,166.08101,110,28
1970-01-01 00:00:00.000000525,165.03171,110,28
1970-01-01 00:00:00.000000524,167.0448,110,29
1970-01-01 00:00:00.000000525,165.78177,110,29
1970-01-01 00:00:00.000000526,164.9373,110,29
1970-01-01 00:00:00.000000525,172.10605,110,30
1970-01-01 00:00:00.000000526,173.35342,110,30
1970-01-01 00:00:00.000000527,173.38086,110,30
1970-01-01 00:00:00.000000526,170.1095,110,31
1970-01-01 00:00:00.000000527,169.21219,110,31
1970-01-01 00:00:00.000000528,168.70656,110,31
1970-01-01 00:00:00.000000527,170.77808,110,32
1970-01-01 00:00:00.000000528,171.12843,110,32
1970-01-01 00:00:00.000000529,170.48941,110,32
1970-01-01 00:00:00.000000528,178.04529,110,33
1970-01-01 00:00:00.000000529,179.8477,110,33
1970-01-01 00:00:00.000000530,179.97984,110,33
1970-01-01 00:00:00.000000529,182.79216,110,34
1970-01-01 00:00:00.000000530,183.49292,110,34
1970-01-01 00:00:00.000000531,182.74025,110,34
1970-01-01 00:00:00.000000530,189.5064,110,35
1970-01-01 00:00:00.000000531,191.2811,110,35
1970-01-01 00:00:00.000000532,189.67867,110,35
1970-01-01 00:00:00.000000531,194.35443,110,36
1970-01-01 00:00:00.000000532,195.46252,110,36
1970-01-01 00:00:00.000000533,194.26472,110,36
1970-01-01 00:00:00.000000532,188.95273,110,37
1970-01-01 00:00:00.000000533,187.35013,110,37
1970-01-01 00:00:00.000000534,184.97308,110,37
1970-01-01 00:00:00.000000533,182.4173,110,38
1970-01-01 00:00:00.000000534,181.34698,110,38
1970-01-01 00:00:00.000000535,179.60425,110,38
1970-01-01 00:00:00.000000534,177.43697,110,39
1970-01-01 00:00:00.000000535,175.60233,110,39
1970-01-01 00:00:00.000000536,173.91592,110,39
1970-01-01 00:00:00.000000535,178.20538,110,40
1970-01-01 00:00:00.000000536,177.16748,110,40
1970-01-01 00:00:00.000000537,176.29704,110,40
1970-01-01 00:00:00.000000536,177.04033,110,41
1970-01-01 00:00:00.000000537,175.62099,110,41
1970-01-01 00:00:00.000000538,174.92339,110,41
1970-01-01 00:00:00.000000537,170.57018,110,42
1970-01-01 00:00:00.000000538,168.83054,110,42
1970-01-01 00:00:00.000000539,166.9224,110,42
1970-01-01 00:00:00.000000538,168.31998,110,43
1970-01-01 00:00:00.000000539,167.13065,110,43
1970-01-01 00:00:00.000000540,166.06725,110,43
1970-01-01 00:00:00.000000539,161.99017,110,44
1970-01-01 00:00:00.000000540,159.52782,110,44
1970-01-01 00:00:00.000000541,157.86926,110,44
1970-01-01 00:00:00.000000540,154.53984,110,45
1970-01-01 00:00:00.000000541,152.26834,110,45
1970-01-01 00:00:00.000000542,150.35922,110,45
1970-01-01 00:00:00.000000541,147.87161,110,46
1970-01-01 00:00:00.000000542,144.9328,110,46
1970-01-01 00:00:00.000000543,143.32954,110,46
1970-01-01 00:00:00.000000542,142.96591,110,47
1970-01-01 00:00:00.000000543,140.477,110,47
1970-01-01 00:00:00.000000544,139.31456,110,47
1970-01-01 00:00:00.000000543,143.38626,110,48
1970-01-01 00:00:00.000000544,141.48096,110,48
1970-01-01 00:00:00.000000545,140.52655,110,48
1970-01-01 00:00:00.000000544,141.1976,110,49
1970-01-01 00:00:00.000000545,140.05597,110,49
1970-01-01 00:00:00.000000546,139.8971,110,49
1970-01-01 00:00:00.000000545,138.68375,110,50
1970-01-01 00:00:00.000000546,138.01115,110,50
1970-01-01 00:00:00.000000547,137.91093,110,50
1970-01-01 00:00:00.000000546,135.78069,110,51
1970-01-01 00:00:00.000000547,134.68666,110,51
1970-01-01 00:00:00.000000548,134.6511,110,51
1970-01-01 00:00:00.000000547,128.96268,110,52
1970-01-01 00:00:00.000000548,126.713326,110,52
1970-01-01 00:00:00.000000549,125.65003,110,52
1970-01-01 00:00:00.000000548,124.3994,110,53
1970-01-01 00:00:00.000000549,123.38509,110,53
1970-01-01 00:00:00.000000550,123.44831,110,53
1970-01-01 00:00:00.000000549,125.70538,110,54
1970-01-01 00:00:00.000000550,125.27869,110,54
1970-01-01 00:00:00.000000551,125.19863,110,54
1970-01-01 00:00:00.000000550,123.967,110,55
1970-01-01 00:00:00.000000551,123.11859,110,55
1970-01-01 00:00:00.000000552,123.14663,110,55
1970-01-01 00:00:00.000000551,136.09221,110,56
1970-01-01 00:00:00.000000552,139.40521,110,56
1970-01-01 00:00:00.000000553,139.33585,110,56
1970-01-01 00:00:00.000000552,129.91364,110,57
1970-01-01 00:00:00.000000553,127.25803,110,57
1970-01-01 00:00:00.000000554,126.29057,110,57
1970-01-01 00:00:00.000000553,131.73419,110,58
1970-01-01 00:00:00.000000554,133.35135,110,58
1970-01-01 00:00:00.000000555,132.11006,110,58
1970-01-01 00:00:00.000000554,135.60806,110,59
1970-01-01 00:00:00.000000555,136.03516,110,59
1970-01-01 00:00:00.000000556,135.99834,110,59
1970-01-01 00:00:00.000000555,130.76349,110,60
1970-01-01 00:00:00.000000556,129.62885,110,60
1970-01-01 00:00:00.000000557,129.15408,110,60
1970-01-01 00:00:00.000000556,133.28648,110,61
1970-01-01 00:00:00.000000557,134.36333,110,61
1970-01-01 00:00:00.000000558,134.12935,110,61
1970-01-01 00:00:00.000000557,132.24666,110,62
1970-01-01 00:00:00.000000558,131.32036,110,62
1970-01-01 00:00:00.000000559,131.3208,110,62
1970-01-01 00:00:00.000000558,123.97474,110,63
1970-01-01 00:00:00.000000559,118.44661,110,63
1970-01-01 00:00:00.000000560,113.820984,110,63
1970-01-01 00:00:00.000000559,123.59605,110,64
1970-01-01 00:00:00.000000560,124.52356,110,64
1970-01-01 00:00:00.000000561,125.03147,110,64
1970-01-01 00:00:00.000000560,115.73596,110,65
1970-01-01 00:00:00.000000561,113.52134,110,65
1970-01-01 00:00:00.000000562,114.7331,110,65
1970-01-01 00:00:00.000000561,117.60384,110,66
1970-01-01 00:00:00.000000562,117.467354,110,66
1970-01-01 00:00:00.000000563,117.09271,110,66
1970-01-01 00:00:00.000000562,121.87819,110,67
1970-01-01 00:00:00.000000563,118.52224,110,67
1970-01-01 00:00:00.000000564,115.555115,110,67
1970-01-01 00:00:00.000000563,133.21024,110,68
1970-01-01 00:00:00.000000564,141.39328,110,68
1970-01-01 00:00:00.000000565,143.41057,110,68
1970-01-01 00:00:00.000000564,116.0516,110,69
1970-01-01 00:00:00.000000565,110.63629,110,69
1970-01-01 00:00:00.000000566,109.899376,110,69
1970-01-01 00:00:00.000000565,136.92834,110,70
1970-01-01 00:00:00.000000566,143.56003,110,70
1970-01-01 00:00:00.000000567,140.1834,110,70
1970-01-01 00:00:00.000000566,131.55035,110,71
1970-01-01 00:00:00.000000567,111.34828,110,71
1970-01-01 00:00:00.000000568,89.68211,110,71
1970-01-01 00:00:00.000000567,108.62495,110,72
1970-01-01 00:00:00.000000568,64.00773,110,72
1970-01-01 00:00:00.000000569,10.62084,110,72
1970-01-01 00:00:00.000000568,116.35892,110,73
1970-01-01 00:00:00.000000569,102.33841,110,73
1970-01-01 00:00:00.000000570,91.45437,110,73
1970-01-01 00:00:00.000000569,44.103344,110,74
1970-01-01 00:00:00.000000570,20.970901,110,74
1970-01-01 00:00:00.000000571,12.888986,110,74
1970-01-01 00:00:00.000000570,0.0,110,75
1970-01-01 00:00:00.000000571,0.0,110,75
1970-01-01 00:00:00.000000572,24.674156,110,75
1970-01-01 00:00:00.000000571,0.0,110,76
1970-01-01 00:00:00.000000572,8.004049,110,76
1970-01-01 00:00:00.000000573,28.401403,110,76
1970-01-01 00:00:00.000000572,0.0,110,77
1970-01-01 00:00:00.000000573,4.2392244,110,77
1970-01-01 00:00:00.000000574,16.50042,110,77
1970-01-01 00:00:00.000000573,0.0,110,78
1970-01-01 00:00:00.000000574,0.68082273,110,78
1970-01-01 00:00:00.000000575,4.7525864,110,78
1970-01-01 00:00:00.000000574,0.0,110,79
1970-01-01 00:00:00.000000575,0.042002637,110,79
1970-01-01 00:00:00.000000576,0.35615417,110,79
1970-01-01 00:00:00.000000575,0.0,110,80
1970-01-01 00:00:00.000000576,0.0,110,80
1970-01-01 00:00:00.000000577,0.21185793,110,80
1970-01-01 00:00:00.000000576,0.0,110,81
1970-01-01 00:00:00.000000577,0.0,110,81
1970-01-01 00:00:00.000000578,0.19947597,110,81
1970-01-01 00:00:00.000000577,0.0,110,82
1970-01-01 00:00:00.000000578,0.0,110,82
1970-01-01 00:00:00.000000579,0.1703263,110,82
1970-01-01 00:00:00.000000578,0.0,110,83
1970-01-01 00:00:00.000000579,0.0,110,83
1970-01-01 00:00:00.000000580,0.20498717,110,83
1970-01-01 00:00:00.000000579,0.0,110,84
1970-01-01 00:00:00.000000580,0.0,110,84
1970-01-01 00:00:00.000000581,0.24758218,110,84
1970-01-01 00:00:00.000000580,0.0,110,85
1970-01-01 00:00:00.000000581,0.0,110,85
1970-01-01 00:00:00.000000582,0.26267934,110,85
1970-01-01 00:00:00.000000183,233.71004,112,10
1970-01-01 00:00:00.000000184,221.76366,112,10
1970-01-01 00:00:00.000000185,213.04648,112,10
1970-01-01 00:00:00.000000184,244.21541,112,11
1970-01-01 00:00:00.000000185,251.51486,112,11
1970-01-01 00:00:00.000000186,251.70815,112,11
1970-01-01 00:00:00.000000185,193.66356,112,12
1970-01-01 00:00:00.000000186,214.60248,112,12
1970-01-01 00:00:00.000000187,228.09654,112,12
1970-01-01 00:00:00.000000186,99.526855,112,13
1970-01-01 00:00:00.000000187,117.967766,112,13
1970-01-01 00:00:00.000000188,118.213936,112,13
1970-01-01 00:00:00.000000187,156.67624,112,14
1970-01-01 00:00:00.000000188,174.95895,112,14
1970-01-01 00:00:00.000000189,190.8997,112,14
1970-01-01 00:00:00.000000188,142.71834,112,15
1970-01-01 00:00:00.000000189,147.97397,112,15
1970-01-01 00:00:00.000000190,155.52731,112,15
1970-01-01 00:00:00.000000189,126.4609,112,16
1970-01-01 00:00:00.000000190,128.26053,112,16
1970-01-01 00:00:00.000000191,129.18614,112,16
1970-01-01 00:00:00.000000190,121.3725,112,17
1970-01-01 00:00:00.000000191,121.48584,112,17
1970-01-01 00:00:00.000000192,121.735535,112,17
1970-01-01 00:00:00.000000191,118.135826,112,18
1970-01-01 00:00:00.000000192,118.88535,112,18
1970-01-01 00:00:00.000000193,119.18674,112,18
1970-01-01 00:00:00.000000192,117.982704,112,19
1970-01-01 00:00:00.000000193,118.82399,112,19
1970-01-01 00:00:00.000000194,119.38603,112,19
1970-01-01 00:00:00.000000193,112.60403,112,20
1970-01-01 00:00:00.000000194,112.3605,112,20
1970-01-01 00:00:00.000000195,112.5679,112,20
1970-01-01 00:00:00.000000194,108.80282,112,21
1970-01-01 00:00:00.000000195,109.47857,112,21
1970-01-01 00:00:00.000000196,109.70262,112,21
1970-01-01 00:00:00.000000195,107.77802,112,22
1970-01-01 00:00:00.000000196,108.685,112,22
1970-01-01 00:00:00.000000197,109.066475,112,22
1970-01-01 00:00:00.000000196,103.011635,112,23
1970-01-01 00:00:00.000000197,103.22464,112,23
1970-01-01 00:00:00.000000198,103.3742,112,23
1970-01-01 00:00:00.000000197,104.475,112,24
1970-01-01 00:00:00.000000198,105.872055,112,24
1970-01-01 00:00:00.000000199,106.517715,112,24
1970-01-01 00:00:00.000000198,108.94016,112,25
1970-01-01 00:00:00.000000199,111.10243,112,25
1970-01-01 00:00:00.000000200,112.35104,112,25
1970-01-01 00:00:00.000000199,109.35066,112,26
1970-01-01 00:00:00.000000200,110.855194,112,26
1970-01-01 00:00:00.000000201,111.74263,112,26
1970-01-01 00:00:00.000000200,109.529526,112,27
1970-01-01 00:00:00.000000201,110.99498,112,27
1970-01-01 00:00:00.000000202,111.51692,112,27
1970-01-01 00:00:00.000000201,111.33179,112,28
1970-01-01 00:00:00.000000202,112.688194,112,28
1970-01-01 00:00:00.000000203,113.28713,112,28
1970-01-01 00:00:00.000000172,79.151634,113,10
1970-01-01 00:00:00.000000173,82.61882,113,10
1970-01-01 00:00:00.000000174,82.11034,113,10
1970-01-01 00:00:00.000000173,80.549675,113,11
1970-01-01 00:00:00.000000174,81.943115,113,11
1970-01-01 00:00:00.000000175,81.61949,113,11
1970-01-01 00:00:00.000000174,80.454185,113,12
1970-01-01 00:00:00.000000175,82.37534,113,12
1970-01-01 00:00:00.000000176,81.88509,113,12
1970-01-01 00:00:00.000000175,82.42054,113,13
1970-01-01 00:00:00.000000176,83.60382,113,13
1970-01-01 00:00:00.000000177,83.35354,113,13
1970-01-01 00:00:00.000000176,82.32215,113,14
1970-01-01 00:00:00.000000177,83.033585,113,14
1970-01-01 00:00:00.000000178,82.78474,113,14
1970-01-01 00:00:00.000000177,80.81266,113,15
1970-01-01 00:00:00.000000178,81.01673,113,15
1970-01-01 00:00:00.000000179,81.04359,113,15
1970-01-01 00:00:00.000000178,79.383156,113,16
1970-01-01 00:00:00.000000179,79.7297,113,16
1970-01-01 00:00:00.000000180,79.76365,113,16
1970-01-01 00:00:00.000000179,79.18952,113,17
1970-01-01 00:00:00.000000180,79.768654,113,17
1970-01-01 00:00:00.000000181,79.75822,113,17
1970-01-01 00:00:00.000000180,80.02048,113,18
1970-01-01 00:00:00.000000181,80.835945,113,18
1970-01-01 00:00:00.000000182,80.70205,113,18
1970-01-01 00:00:00.000000181,82.72767,113,19
1970-01-01 00:00:00.000000182,84.09513,113,19
1970-01-01 00:00:00.000000183,83.770515,113,19
1970-01-01 00:00:00.000000182,80.46291,113,20
1970-01-01 00:00:00.000000183,80.47811,113,20
1970-01-01 00:00:00.000000184,80.45722,113,20
1970-01-01 00:00:00.000000183,75.30235,113,21
1970-01-01 00:00:00.000000184,75.66226,113,21
1970-01-01 00:00:00.000000185,75.83729,113,21
1970-01-01 00:00:00.000000184,78.83754,113,22
1970-01-01 00:00:00.000000185,81.18518,113,22
1970-01-01 00:00:00.000000186,80.86076,113,22
1970-01-01 00:00:00.000000185,80.942566,113,23
1970-01-01 00:00:00.000000186,82.349,113,23
1970-01-01 00:00:00.000000187,82.14633,113,23
1970-01-01 00:00:00.000000186,78.76686,113,24
1970-01-01 00:00:00.000000187,79.50738,113,24
1970-01-01 00:00:00.000000188,79.27733,113,24
1970-01-01 00:00:00.000000187,78.33336,113,25
1970-01-01 00:00:00.000000188,78.928696,113,25
1970-01-01 00:00:00.000000189,78.89025,113,25
1970-01-01 00:00:00.000000188,76.05101,113,26
1970-01-01 00:00:00.000000189,76.20621,113,26
1970-01-01 00:00:00.000000190,76.04801,113,26
1970-01-01 00:00:00.000000157,129.97243,114,10
1970-01-01 00:00:00.000000158,130.41705,114,10
1970-01-01 00:00:00.000000159,130.26492,114,10
1970-01-01 00:00:00.000000158,129.29517,114,11
1970-01-01 00:00:00.000000159,129.60559,114,11
1970-01-01 00:00:00.000000160,129.22899,114,11
1970-01-01 00:00:00.000000159,126.874466,114,12
1970-01-01 00:00:00.000000160,126.41183,114,12
1970-01-01 00:00:00.000000161,126.21375,114,12
1970-01-01 00:00:00.000000160,126.16087,114,13
1970-01-01 00:00:00.000000161,126.12165,114,13
1970-01-01 00:00:00.000000162,126.02293,114,13
1970-01-01 00:00:00.000000161,127.994385,114,14
1970-01-01 00:00:00.000000162,129.09563,114,14
1970-01-01 00:00:00.000000163,129.01447,114,14
1970-01-01 00:00:00.000000162,127.190155,114,15
1970-01-01 00:00:00.000000163,122.95561,114,15
1970-01-01 00:00:00.000000164,116.594246,114,15
1970-01-01 00:00:00.000000163,122.63237,114,16
1970-01-01 00:00:00.000000164,116.53273,114,16
1970-01-01 00:00:00.000000165,110.932724,114,16
1970-01-01 00:00:00.000000164,90.8222,114,17
1970-01-01 00:00:00.000000165,64.76997,114,17
1970-01-01 00:00:00.000000166,42.763668,114,17
1970-01-01 00:00:00.000000165,0.0,114,18
1970-01-01 00:00:00.000000166,0.0,114,18
1970-01-01 00:00:00.000000167,0.0,114,18
1970-01-01 00:00:00.000000166,0.0,114,19
1970-01-01 00:00:00.000000167,0.0,114,19
1970-01-01 00:00:00.000000168,0.0,114,19
1970-01-01 00:00:00.000000167,0.0,114,20
1970-01-01 00:00:00.000000168,0.0,114,20
1970-01-01 00:00:00.000000169,0.0,114,20
1970-01-01 00:00:00.000000168,0.0,114,21
1970-01-01 00:00:00.000000169,0.0,114,21
1970-01-01 00:00:00.000000170,0.0,114,21
1970-01-01 00:00:00.000000169,0.0,114,22
1970-01-01 00:00:00.000000170,0.0,114,22
1970-01-01 00:00:00.000000171,0.0,114,22
1970-01-01 00:00:00.000000170,0.0,114,23
1970-01-01 00:00:00.000000171,0.0,114,23
1970-01-01 00:00:00.000000172,0.0,114,23
1970-01-01 00:00:00.000000086,17.219196,115,10
1970-01-01 00:00:00.000000087,21.38269,115,10
1970-01-01 00:00:00.000000088,25.426285,115,10
1970-01-01 00:00:00.000000087,5.0662303,115,11
1970-01-01 00:00:00.000000088,7.0971503,115,11
1970-01-01 00:00:00.000000089,8.53005,115,11
1970-01-01 00:00:00.000000096,74.45375,117,10
1970-01-01 00:00:00.000000097,75.401024,117,10
1970-01-01 00:00:00.000000098,75.73869,117,10
1970-01-01 00:00:00.000000097,76.44475,117,11
1970-01-01 00:00:00.000000098,77.61235,117,11
1970-01-01 00:00:00.000000099,78.00132,117,11
1970-01-01 00:00:00.000000098,77.23197,117,12
1970-01-01 00:00:00.000000099,77.33683,117,12
1970-01-01 00:00:00.000000100,77.02229,117,12
1970-01-01 00:00:00.000000082,47.129135,118,10
1970-01-01 00:00:00.000000083,50.22648,118,10
1970-01-01 00:00:00.000000084,49.368916,118,10
1970-01-01 00:00:00.000000109,33.809776,121,10
1970-01-01 00:00:00.000000110,33.39588,121,10
1970-01-01 00:00:00.000000111,34.208504,121,10
1970-01-01 00:00:00.000000110,32.121574,121,11
1970-01-01 00:00:00.000000111,32.729805,121,11
1970-01-01 00:00:00.000000112,33.36954,121,11
1970-01-01 00:00:00.000000111,33.36769,121,12
1970-01-01 00:00:00.000000112,34.233078,121,12
1970-01-01 00:00:00.000000113,34.232197,121,12
1970-01-01 00:00:00.000000112,33.011982,121,13
1970-01-01 00:00:00.000000113,33.60027,121,13
1970-01-01 00:00:00.000000114,33.723907,121,13
1970-01-01 00:00:00.000000113,28.889248,121,14
1970-01-01 00:00:00.000000114,28.28712,121,14
1970-01-01 00:00:00.000000115,28.2935,121,14
1970-01-01 00:00:00.000000114,34.61089,121,15
1970-01-01 00:00:00.000000115,36.397694,121,15
1970-01-01 00:00:00.000000116,35.936394,121,15
1970-01-01 00:00:00.000000165,194.40457,122,10
1970-01-01 00:00:00.000000166,195.66905,122,10
1970-01-01 00:00:00.000000167,195.86124,122,10
1970-01-01 00:00:00.000000166,194.77742,122,11
1970-01-01 00:00:00.000000167,194.00871,122,11
1970-01-01 00:00:00.000000168,194.11484,122,11
1970-01-01 00:00:00.000000167,164.90028,122,12
1970-01-01 00:00:00.000000168,156.11641,122,12
1970-01-01 00:00:00.000000169,153.22153,122,12
1970-01-01 00:00:00.000000168,162.86008,122,13
1970-01-01 00:00:00.000000169,172.99562,122,13
1970-01-01 00:00:00.000000170,176.73232,122,13
1970-01-01 00:00:00.000000169,172.44409,122,14
1970-01-01 00:00:00.000000170,183.70834,122,14
1970-01-01 00:00:00.000000171,190.80751,122,14
1970-01-01 00:00:00.000000170,175.25583,122,15
1970-01-01 00:00:00.000000171,179.6942,122,15
1970-01-01 00:00:00.000000172,182.47894,122,15
1970-01-01 00:00:00.000000171,181.48643,122,16
1970-01-01 00:00:00.000000172,186.02637,122,16
1970-01-01 00:00:00.000000173,188.81062,122,16
1970-01-01 00:00:00.000000172,176.86974,122,17
1970-01-01 00:00:00.000000173,179.00385,122,17
1970-01-01 00:00:00.000000174,178.24745,122,17
1970-01-01 00:00:00.000000173,181.01762,122,18
1970-01-01 00:00:00.000000174,183.24237,122,18
1970-01-01 00:00:00.000000175,182.6984,122,18
1970-01-01 00:00:00.000000174,165.33505,122,19
1970-01-01 00:00:00.000000175,164.2444,122,19
1970-01-01 00:00:00.000000176,164.31989,122,19
1970-01-01 00:00:00.000000175,154.20943,122,20
1970-01-01 00:00:00.000000176,157.95815,122,20
1970-01-01 00:00:00.000000177,158.1638,122,20
1970-01-01 00:00:00.000000176,147.00433,122,21
1970-01-01 00:00:00.000000177,152.52449,122,21
1970-01-01 00:00:00.000000178,153.62772,122,21
1970-01-01 00:00:00.000000177,141.68118,122,22
1970-01-01 00:00:00.000000178,143.48894,122,22
1970-01-01 00:00:00.000000179,143.55765,122,22
1970-01-01 00:00:00.000000178,141.87576,122,23
1970-01-01 00:00:00.000000179,154.32706,122,23
1970-01-01 00:00:00.000000180,160.50497,122,23
1970-01-01 00:00:00.000000179,147.86464,122,24
1970-01-01 00:00:00.000000180,150.54062,122,24
1970-01-01 00:00:00.000000181,153.73697,122,24
1970-01-01 00:00:00.000000180,152.73512,122,25
1970-01-01 00:00:00.000000181,157.8679,122,25
1970-01-01 00:00:00.000000182,161.26196,122,25
1970-01-01 00:00:00.000000101,138.54659,123,10
1970-01-01 00:00:00.000000102,137.7789,123,10
1970-01-01 00:00:00.000000103,137.37875,123,10
1970-01-01 00:00:00.000000102,118.89658,123,11
1970-01-01 00:00:00.000000103,114.462166,123,11
1970-01-01 00:00:00.000000104,115.93519,123,11
1970-01-01 00:00:00.000000103,113.361626,123,12
1970-01-01 00:00:00.000000104,103.35705,123,12
1970-01-01 00:00:00.000000105,105.20821,123,12
1970-01-01 00:00:00.000000104,105.184944,123,13
1970-01-01 00:00:00.000000105,105.00775,123,13
1970-01-01 00:00:00.000000106,105.45271,123,13
1970-01-01 00:00:00.000000105,83.61334,123,14
1970-01-01 00:00:00.000000106,85.42686,123,14
1970-01-01 00:00:00.000000107,86.42203,123,14
1970-01-01 00:00:00.000000107,0.0,124,10
1970-01-01 00:00:00.000000108,0.0,124,10
1970-01-01 00:00:00.000000109,0.0,124,10
1970-01-01 00:00:00.000000108,0.0,124,11
1970-01-01 00:00:00.000000109,0.0,124,11
1970-01-01 00:00:00.000000110,0.0,124,11
1970-01-01 00:00:00.000000109,0.0,124,12
1970-01-01 00:00:00.000000110,0.0,124,12
1970-01-01 00:00:00.000000111,1.4873627,124,12
1970-01-01 00:00:00.000000110,0.0,124,13
1970-01-01 00:00:00.000000111,0.0,124,13
1970-01-01 00:00:00.000000112,1.1356905,124,13
1970-01-01 00:00:00.000000111,0.0,124,14
1970-01-01 00:00:00.000000112,0.0,124,14
1970-01-01 00:00:00.000000113,0.0,124,14
1970-01-01 00:00:00.000000164,113.077194,125,10
1970-01-01 00:00:00.000000165,113.55857,125,10
1970-01-01 00:00:00.000000166,113.73777,125,10
1970-01-01 00:00:00.000000165,113.86763,125,11
1970-01-01 00:00:00.000000166,114.25395,125,11
1970-01-01 00:00:00.000000167,114.69115,125,11
1970-01-01 00:00:00.000000166,108.847206,125,12
1970-01-01 00:00:00.000000167,108.417816,125,12
1970-01-01 00:00:00.000000168,108.74343,125,12
1970-01-01 00:00:00.000000167,106.009476,125,13
1970-01-01 00:00:00.000000168,106.16745,125,13
1970-01-01 00:00:00.000000169,106.54006,125,13
1970-01-01 00:00:00.000000168,106.40799,125,14
1970-01-01 00:00:00.000000169,107.1017,125,14
1970-01-01 00:00:00.000000170,107.61368,125,14
1970-01-01 00:00:00.000000169,104.09823,125,15
1970-01-01 00:00:00.000000170,104.09019,125,15
1970-01-01 00:00:00.000000171,104.29087,125,15
1970-01-01 00:00:00.000000170,104.3691,125,16
1970-01-01 00:00:00.000000171,105.04224,125,16
1970-01-01 00:00:00.000000172,105.34073,125,16
1970-01-01 00:00:00.000000171,104.03164,125,17
1970-01-01 00:00:00.000000172,103.45761,125,17
1970-01-01 00:00:00.000000173,103.15351,125,17
1970-01-01 00:00:00.000000172,102.70198,125,18
1970-01-01 00:00:00.000000173,97.85278,125,18
1970-01-01 00:00:00.000000174,92.35654,125,18
1970-01-01 00:00:00.000000173,68.61056,125,19
1970-01-01 00:00:00.000000174,45.722214,125,19
1970-01-01 00:00:00.000000175,27.571047,125,19
1970-01-01 00:00:00.000000174,0.0,125,20
1970-01-01 00:00:00.000000175,0.0,125,20
1970-01-01 00:00:00.000000176,0.0,125,20
1970-01-01 00:00:00.000000175,0.0,125,21
1970-01-01 00:00:00.000000176,9.552016,125,21
1970-01-01 00:00:00.000000177,32.46315,125,21
1970-01-01 00:00:00.000000176,0.0,125,22
1970-01-01 00:00:00.000000177,9.06073,125,22
1970-01-01 00:00:00.000000178,24.901155,125,22
1970-01-01 00:00:00.000000177,0.0,125,23
1970-01-01 00:00:00.000000178,3.9306068,125,23
1970-01-01 00:00:00.000000179,10.3879175,125,23
1970-01-01 00:00:00.000000178,0.0,125,24
1970-01-01 00:00:00.000000179,0.0,125,24
1970-01-01 00:00:00.000000180,0.2944723,125,24
1970-01-01 00:00:00.000000208,36.219837,126,10
1970-01-01 00:00:00.000000209,42.13844,126,10
1970-01-01 00:00:00.000000210,44.008373,126,10
1970-01-01 00:00:00.000000209,46.30119,126,11
1970-01-01 00:00:00.000000210,53.515125,126,11
1970-01-01 00:00:00.000000211,54.692516,126,11
1970-01-01 00:00:00.000000210,57.05117,126,12
1970-01-01 00:00:00.000000211,64.497696,126,12
1970-01-01 00:00:00.000000212,65.415375,126,12
1970-01-01 00:00:00.000000211,59.33193,126,13
1970-01-01 00:00:00.000000212,65.79619,126,13
1970-01-01 00:00:00.000000213,65.07795,126,13
1970-01-01 00:00:00.000000212,60.851753,126,14
1970-01-01 00:00:00.000000213,64.49294,126,14
1970-01-01 00:00:00.000000214,64.36814,126,14
1970-01-01 00:00:00.000000213,60.323055,126,15
1970-01-01 00:00:00.000000214,61.46025,126,15
1970-01-01 00:00:00.000000215,61.35074,126,15
1970-01-01 00:00:00.000000214,63.034412,126,16
1970-01-01 00:00:00.000000215,64.94492,126,16
1970-01-01 00:00:00.000000216,65.068726,126,16
1970-01-01 00:00:00.000000215,63.08577,126,17
1970-01-01 00:00:00.000000216,63.770603,126,17
1970-01-01 00:00:00.000000217,63.73003,126,17
1970-01-01 00:00:00.000000216,57.87796,126,18
1970-01-01 00:00:00.000000217,57.822254,126,18
1970-01-01 00:00:00.000000218,57.24048,126,18
1970-01-01 00:00:00.000000217,58.649616,126,19
1970-01-01 00:00:00.000000218,59.52766,126,19
1970-01-01 00:00:00.000000219,59.23726,126,19
1970-01-01 00:00:00.000000218,57.968155,126,20
1970-01-01 00:00:00.000000219,58.157665,126,20
1970-01-01 00:00:00.000000220,57.99293,126,20
1970-01-01 00:00:00.000000219,60.076912,126,21
1970-01-01 00:00:00.000000220,61.39067,126,21
1970-01-01 00:00:00.000000221,61.47411,126,21
1970-01-01 00:00:00.000000220,63.325848,126,22
1970-01-01 00:00:00.000000221,65.01634,126,22
1970-01-01 00:00:00.000000222,65.51903,126,22
1970-01-01 00:00:00.000000221,65.66276,126,23
1970-01-01 00:00:00.000000222,67.7328,126,23
1970-01-01 00:00:00.000000223,68.05727,126,23
1970-01-01 00:00:00.000000222,67.76988,126,24
1970-01-01 00:00:00.000000223,69.841736,126,24
1970-01-01 00:00:00.000000224,70.105515,126,24
1970-01-01 00:00:00.000000223,70.36374,126,25
1970-01-01 00:00:00.000000224,72.49036,126,25
1970-01-01 00:00:00.000000225,72.89717,126,25
1970-01-01 00:00:00.000000224,72.00632,126,26
1970-01-01 00:00:00.000000225,73.70374,126,26
1970-01-01 00:00:00.000000226,73.78262,126,26
1970-01-01 00:00:00.000000225,49.007816,126,27
1970-01-01 00:00:00.000000226,48.827393,126,27
1970-01-01 00:00:00.000000227,47.0652,126,27
1970-01-01 00:00:00.000000226,51.03535,126,28
1970-01-01 00:00:00.000000227,54.518658,126,28
1970-01-01 00:00:00.000000228,53.37768,126,28
1970-01-01 00:00:00.000000227,57.64167,126,29
1970-01-01 00:00:00.000000228,61.5157,126,29
1970-01-01 00:00:00.000000229,62.756527,126,29
1970-01-01 00:00:00.000000228,51.195404,126,30
1970-01-01 00:00:00.000000229,51.571026,126,30
1970-01-01 00:00:00.000000230,51.365177,126,30
1970-01-01 00:00:00.000000229,58.564613,126,31
1970-01-01 00:00:00.000000230,61.61337,126,31
1970-01-01 00:00:00.000000231,62.26032,126,31
1970-01-01 00:00:00.000000230,63.925716,126,32
1970-01-01 00:00:00.000000231,67.344696,126,32
1970-01-01 00:00:00.000000232,68.828285,126,32
1970-01-01 00:00:00.000000188,102.6076,127,10
1970-01-01 00:00:00.000000189,102.286964,127,10
1970-01-01 00:00:00.000000190,102.143684,127,10
1970-01-01 00:00:00.000000189,101.65671,127,11
1970-01-01 00:00:00.000000190,101.90596,127,11
1970-01-01 00:00:00.000000191,101.6169,127,11
1970-01-01 00:00:00.000000190,104.3161,127,12
1970-01-01 00:00:00.000000191,105.412895,127,12
1970-01-01 00:00:00.000000192,105.359566,127,12
1970-01-01 00:00:00.000000191,100.29357,127,13
1970-01-01 00:00:00.000000192,99.789764,127,13
1970-01-01 00:00:00.000000193,99.39901,127,13
1970-01-01 00:00:00.000000192,94.81102,127,14
1970-01-01 00:00:00.000000193,94.39373,127,14
1970-01-01 00:00:00.000000194,93.75837,127,14
1970-01-01 00:00:00.000000193,89.21783,127,15
1970-01-01 00:00:00.000000194,89.42768,127,15
1970-01-01 00:00:00.000000195,88.12692,127,15
1970-01-01 00:00:00.000000194,85.269936,127,16
1970-01-01 00:00:00.000000195,85.754715,127,16
1970-01-01 00:00:00.000000196,84.675766,127,16
1970-01-01 00:00:00.000000195,83.68152,127,17
1970-01-01 00:00:00.000000196,84.20127,127,17
1970-01-01 00:00:00.000000197,83.507515,127,17
1970-01-01 00:00:00.000000196,82.02878,127,18
1970-01-01 00:00:00.000000197,82.29966,127,18
1970-01-01 00:00:00.000000198,81.690605,127,18
1970-01-01 00:00:00.000000197,78.77045,127,19
1970-01-01 00:00:00.000000198,78.93631,127,19
1970-01-01 00:00:00.000000199,78.18163,127,19
1970-01-01 00:00:00.000000198,74.55331,127,20
1970-01-01 00:00:00.000000199,74.70268,127,20
1970-01-01 00:00:00.000000200,73.749855,127,20
1970-01-01 00:00:00.000000199,73.8611,127,21
1970-01-01 00:00:00.000000200,75.11272,127,21
1970-01-01 00:00:00.000000201,74.84857,127,21
1970-01-01 00:00:00.000000200,72.92978,127,22
1970-01-01 00:00:00.000000201,73.243805,127,22
1970-01-01 00:00:00.000000202,73.23306,127,22
1970-01-01 00:00:00.000000201,73.2658,127,23
1970-01-01 00:00:00.000000202,74.42816,127,23
1970-01-01 00:00:00.000000203,74.73609,127,23
1970-01-01 00:00:00.000000202,76.040474,127,24
1970-01-01 00:00:00.000000203,77.0999,127,24
1970-01-01 00:00:00.000000204,77.57606,127,24
1970-01-01 00:00:00.000000203,77.19284,127,25
1970-01-01 00:00:00.000000204,78.229065,127,25
1970-01-01 00:00:00.000000205,78.03282,127,25
1970-01-01 00:00:00.000000204,72.50492,127,26
1970-01-01 00:00:00.000000205,72.630745,127,26
1970-01-01 00:00:00.000000206,72.2733,127,26
1970-01-01 00:00:00.000000205,74.12539,127,27
1970-01-01 00:00:00.000000206,75.686104,127,27
1970-01-01 00:00:00.000000207,75.88428,127,27
1970-01-01 00:00:00.000000206,75.75078,127,28
1970-01-01 00:00:00.000000207,76.530075,127,28
1970-01-01 00:00:00.000000208,76.92485,127,28
1970-01-01 00:00:00.000000207,75.270775,127,29
1970-01-01 00:00:00.000000208,76.012665,127,29
1970-01-01 00:00:00.000000209,75.96601,127,29
1970-01-01 00:00:00.000000082,0.0,129,10
1970-01-01 00:00:00.000000083,0.0,129,10
1970-01-01 00:00:00.000000084,0.0,129,10
