sequence_index,return,block_idx,fcst_origin
1970-01-01 00:00:00.000000097,167.79541,0,10
1970-01-01 00:00:00.000000098,173.26773,0,10
1970-01-01 00:00:00.000000099,170.45703,0,10
1970-01-01 00:00:00.000000098,140.31905,0,11
1970-01-01 00:00:00.000000099,142.68889,0,11
1970-01-01 00:00:00.000000100,143.18596,0,11
1970-01-01 00:00:00.000000099,149.5527,0,12
1970-01-01 00:00:00.000000100,149.01976,0,12
1970-01-01 00:00:00.000000101,145.96115,0,12
1970-01-01 00:00:00.000000100,144.84625,0,13
1970-01-01 00:00:00.000000101,143.64067,0,13
1970-01-01 00:00:00.000000102,141.70235,0,13
1970-01-01 00:00:00.000000081,226.06926,1,10
1970-01-01 00:00:00.000000082,224.96468,1,10
1970-01-01 00:00:00.000000083,223.76292,1,10
1970-01-01 00:00:00.000000079,187.71814,4,10
1970-01-01 00:00:00.000000080,188.07756,4,10
1970-01-01 00:00:00.000000081,188.55159,4,10
1970-01-01 00:00:00.000000079,119.44426,5,10
1970-01-01 00:00:00.000000080,119.44798,5,10
1970-01-01 00:00:00.000000081,119.31666,5,10
1970-01-01 00:00:00.000000119,226.0985,11,10
1970-01-01 00:00:00.000000120,226.95766,11,10
1970-01-01 00:00:00.000000121,227.60443,11,10
1970-01-01 00:00:00.000000120,223.18867,11,11
1970-01-01 00:00:00.000000121,223.44539,11,11
1970-01-01 00:00:00.000000122,223.49529,11,11
1970-01-01 00:00:00.000000121,224.12444,11,12
1970-01-01 00:00:00.000000122,224.23885,11,12
1970-01-01 00:00:00.000000123,225.86154,11,12
1970-01-01 00:00:00.000000122,226.2963,11,13
1970-01-01 00:00:00.000000123,225.93192,11,13
1970-01-01 00:00:00.000000124,226.05507,11,13
1970-01-01 00:00:00.000000123,225.30174,11,14
1970-01-01 00:00:00.000000124,225.85744,11,14
1970-01-01 00:00:00.000000125,225.4516,11,14
1970-01-01 00:00:00.000000124,229.74245,11,15
1970-01-01 00:00:00.000000125,229.7651,11,15
1970-01-01 00:00:00.000000126,229.30559,11,15
1970-01-01 00:00:00.000000125,233.8933,11,16
1970-01-01 00:00:00.000000126,234.39209,11,16
1970-01-01 00:00:00.000000127,233.72989,11,16
1970-01-01 00:00:00.000000126,233.99417,11,17
1970-01-01 00:00:00.000000127,233.85791,11,17
1970-01-01 00:00:00.000000128,233.2224,11,17
1970-01-01 00:00:00.000000113,193.73337,12,10
1970-01-01 00:00:00.000000114,193.13913,12,10
1970-01-01 00:00:00.000000115,192.72798,12,10
1970-01-01 00:00:00.000000114,193.23877,12,11
1970-01-01 00:00:00.000000115,192.68236,12,11
1970-01-01 00:00:00.000000116,192.62964,12,11
1970-01-01 00:00:00.000000115,193.299,12,12
1970-01-01 00:00:00.000000116,193.34795,12,12
1970-01-01 00:00:00.000000117,193.33781,12,12
1970-01-01 00:00:00.000000116,186.7527,12,13
1970-01-01 00:00:00.000000117,187.28528,12,13
1970-01-01 00:00:00.000000118,188.14958,12,13
1970-01-01 00:00:00.000000117,184.778,12,14
1970-01-01 00:00:00.000000118,185.28069,12,14
1970-01-01 00:00:00.000000119,187.16092,12,14
1970-01-01 00:00:00.000000118,180.4723,12,15
1970-01-01 00:00:00.000000119,181.24431,12,15
1970-01-01 00:00:00.000000120,182.32047,12,15
1970-01-01 00:00:00.000000119,177.73466,12,16
1970-01-01 00:00:00.000000120,182.04404,12,16
1970-01-01 00:00:00.000000121,187.71867,12,16
1970-01-01 00:00:00.000000157,140.08209,13,10
1970-01-01 00:00:00.000000158,139.5581,13,10
1970-01-01 00:00:00.000000159,139.7542,13,10
1970-01-01 00:00:00.000000158,135.15913,13,11
1970-01-01 00:00:00.000000159,134.87651,13,11
1970-01-01 00:00:00.000000160,134.93707,13,11
1970-01-01 00:00:00.000000159,135.9546,13,12
1970-01-01 00:00:00.000000160,136.37056,13,12
1970-01-01 00:00:00.000000161,136.25455,13,12
1970-01-01 00:00:00.000000160,131.06635,13,13
1970-01-01 00:00:00.000000161,131.91463,13,13
1970-01-01 00:00:00.000000162,131.81184,13,13
1970-01-01 00:00:00.000000161,131.08163,13,14
1970-01-01 00:00:00.000000162,130.98979,13,14
1970-01-01 00:00:00.000000163,130.13156,13,14
1970-01-01 00:00:00.000000162,133.97606,13,15
1970-01-01 00:00:00.000000163,131.80724,13,15
1970-01-01 00:00:00.000000164,133.57965,13,15
1970-01-01 00:00:00.000000163,131.43535,13,16
1970-01-01 00:00:00.000000164,133.4619,13,16
1970-01-01 00:00:00.000000165,133.45787,13,16
1970-01-01 00:00:00.000000164,133.63202,13,17
1970-01-01 00:00:00.000000165,133.64536,13,17
1970-01-01 00:00:00.000000166,132.93228,13,17
1970-01-01 00:00:00.000000165,130.15134,13,18
1970-01-01 00:00:00.000000166,131.24681,13,18
1970-01-01 00:00:00.000000167,131.51082,13,18
1970-01-01 00:00:00.000000166,131.68825,13,19
1970-01-01 00:00:00.000000167,132.25291,13,19
1970-01-01 00:00:00.000000168,131.66003,13,19
1970-01-01 00:00:00.000000167,131.95103,13,20
1970-01-01 00:00:00.000000168,132.33345,13,20
1970-01-01 00:00:00.000000169,131.78859,13,20
1970-01-01 00:00:00.000000168,133.98605,13,21
1970-01-01 00:00:00.000000169,133.22679,13,21
1970-01-01 00:00:00.000000170,132.14977,13,21
1970-01-01 00:00:00.000000169,131.98488,13,22
1970-01-01 00:00:00.000000170,131.33713,13,22
1970-01-01 00:00:00.000000171,131.16794,13,22
1970-01-01 00:00:00.000000170,137.97186,13,23
1970-01-01 00:00:00.000000171,137.64346,13,23
1970-01-01 00:00:00.000000172,138.62427,13,23
1970-01-01 00:00:00.000000141,166.58833,15,10
1970-01-01 00:00:00.000000142,166.72554,15,10
1970-01-01 00:00:00.000000143,166.40994,15,10
1970-01-01 00:00:00.000000142,166.37149,15,11
1970-01-01 00:00:00.000000143,166.21242,15,11
1970-01-01 00:00:00.000000144,166.12592,15,11
1970-01-01 00:00:00.000000143,165.25943,15,12
1970-01-01 00:00:00.000000144,165.06514,15,12
1970-01-01 00:00:00.000000145,165.2798,15,12
1970-01-01 00:00:00.000000144,167.8505,15,13
1970-01-01 00:00:00.000000145,168.35445,15,13
1970-01-01 00:00:00.000000146,168.0936,15,13
1970-01-01 00:00:00.000000145,177.20345,15,14
1970-01-01 00:00:00.000000146,175.2814,15,14
1970-01-01 00:00:00.000000147,175.70859,15,14
1970-01-01 00:00:00.000000146,172.12445,15,15
1970-01-01 00:00:00.000000147,171.50313,15,15
1970-01-01 00:00:00.000000148,169.72061,15,15
1970-01-01 00:00:00.000000147,176.97331,15,16
1970-01-01 00:00:00.000000148,176.16678,15,16
1970-01-01 00:00:00.000000149,176.67068,15,16
1970-01-01 00:00:00.000000148,176.98683,15,17
1970-01-01 00:00:00.000000149,177.46063,15,17
1970-01-01 00:00:00.000000150,177.00256,15,17
1970-01-01 00:00:00.000000149,177.32303,15,18
1970-01-01 00:00:00.000000150,176.84233,15,18
1970-01-01 00:00:00.000000151,176.69173,15,18
1970-01-01 00:00:00.000000150,177.25797,15,19
1970-01-01 00:00:00.000000151,176.73167,15,19
1970-01-01 00:00:00.000000152,176.4802,15,19
1970-01-01 00:00:00.000000151,177.0759,15,20
1970-01-01 00:00:00.000000152,176.91423,15,20
1970-01-01 00:00:00.000000153,177.00903,15,20
1970-01-01 00:00:00.000000156,252.48538,16,10
1970-01-01 00:00:00.000000157,251.99261,16,10
1970-01-01 00:00:00.000000158,251.61479,16,10
1970-01-01 00:00:00.000000157,257.16138,16,11
1970-01-01 00:00:00.000000158,257.72305,16,11
1970-01-01 00:00:00.000000159,257.7299,16,11
1970-01-01 00:00:00.000000158,252.65723,16,12
1970-01-01 00:00:00.000000159,252.96173,16,12
1970-01-01 00:00:00.000000160,252.68867,16,12
1970-01-01 00:00:00.000000159,253.02013,16,13
1970-01-01 00:00:00.000000160,252.00496,16,13
1970-01-01 00:00:00.000000161,251.37189,16,13
1970-01-01 00:00:00.000000160,253.04373,16,14
1970-01-01 00:00:00.000000161,252.40912,16,14
1970-01-01 00:00:00.000000162,252.2698,16,14
1970-01-01 00:00:00.000000161,254.01224,16,15
1970-01-01 00:00:00.000000162,253.63011,16,15
1970-01-01 00:00:00.000000163,253.76942,16,15
1970-01-01 00:00:00.000000162,253.68568,16,16
1970-01-01 00:00:00.000000163,254.06369,16,16
1970-01-01 00:00:00.000000164,254.33012,16,16
1970-01-01 00:00:00.000000163,253.00302,16,17
1970-01-01 00:00:00.000000164,253.67972,16,17
1970-01-01 00:00:00.000000165,253.47307,16,17
1970-01-01 00:00:00.000000164,252.5397,16,18
1970-01-01 00:00:00.000000165,252.92754,16,18
1970-01-01 00:00:00.000000166,252.86491,16,18
1970-01-01 00:00:00.000000165,252.62592,16,19
1970-01-01 00:00:00.000000166,252.7029,16,19
1970-01-01 00:00:00.000000167,252.97754,16,19
1970-01-01 00:00:00.000000166,252.02914,16,20
1970-01-01 00:00:00.000000167,252.62991,16,20
1970-01-01 00:00:00.000000168,253.04553,16,20
1970-01-01 00:00:00.000000167,251.63623,16,21
1970-01-01 00:00:00.000000168,252.13165,16,21
1970-01-01 00:00:00.000000169,252.16411,16,21
1970-01-01 00:00:00.000000168,250.55725,16,22
1970-01-01 00:00:00.000000169,250.56186,16,22
1970-01-01 00:00:00.000000170,250.72972,16,22
1970-01-01 00:00:00.000000169,252.74548,16,23
1970-01-01 00:00:00.000000170,252.20416,16,23
1970-01-01 00:00:00.000000171,251.96748,16,23
1970-01-01 00:00:00.000000123,146.34598,17,10
1970-01-01 00:00:00.000000124,147.63057,17,10
1970-01-01 00:00:00.000000125,146.47557,17,10
1970-01-01 00:00:00.000000124,146.21611,17,11
1970-01-01 00:00:00.000000125,145.9214,17,11
1970-01-01 00:00:00.000000126,145.90576,17,11
1970-01-01 00:00:00.000000125,142.94508,17,12
1970-01-01 00:00:00.000000126,143.21895,17,12
1970-01-01 00:00:00.000000127,143.22232,17,12
1970-01-01 00:00:00.000000126,137.35736,17,13
1970-01-01 00:00:00.000000127,137.75244,17,13
1970-01-01 00:00:00.000000128,138.37683,17,13
1970-01-01 00:00:00.000000127,127.604256,17,14
1970-01-01 00:00:00.000000128,129.05731,17,14
1970-01-01 00:00:00.000000129,129.34346,17,14
1970-01-01 00:00:00.000000128,109.62405,17,15
1970-01-01 00:00:00.000000129,109.245316,17,15
1970-01-01 00:00:00.000000130,113.10098,17,15
1970-01-01 00:00:00.000000129,115.82891,17,16
1970-01-01 00:00:00.000000130,120.72682,17,16
1970-01-01 00:00:00.000000131,121.28256,17,16
1970-01-01 00:00:00.000000130,107.70572,17,17
1970-01-01 00:00:00.000000131,106.60727,17,17
1970-01-01 00:00:00.000000132,113.25636,17,17
1970-01-01 00:00:00.000000134,202.55052,19,10
1970-01-01 00:00:00.000000135,202.60358,19,10
1970-01-01 00:00:00.000000136,202.55634,19,10
1970-01-01 00:00:00.000000135,198.8183,19,11
1970-01-01 00:00:00.000000136,198.65666,19,11
1970-01-01 00:00:00.000000137,198.85516,19,11
1970-01-01 00:00:00.000000136,197.83662,19,12
1970-01-01 00:00:00.000000137,197.91562,19,12
1970-01-01 00:00:00.000000138,199.29124,19,12
1970-01-01 00:00:00.000000137,189.09523,19,13
1970-01-01 00:00:00.000000138,187.80986,19,13
1970-01-01 00:00:00.000000139,188.15344,19,13
1970-01-01 00:00:00.000000138,181.35648,19,14
1970-01-01 00:00:00.000000139,181.72708,19,14
1970-01-01 00:00:00.000000140,181.96063,19,14
1970-01-01 00:00:00.000000139,189.68903,19,15
1970-01-01 00:00:00.000000140,191.21152,19,15
1970-01-01 00:00:00.000000141,193.15518,19,15
1970-01-01 00:00:00.000000140,185.59737,19,16
1970-01-01 00:00:00.000000141,187.09842,19,16
1970-01-01 00:00:00.000000142,186.2104,19,16
1970-01-01 00:00:00.000000141,185.88239,19,17
1970-01-01 00:00:00.000000142,185.78172,19,17
1970-01-01 00:00:00.000000143,186.61261,19,17
1970-01-01 00:00:00.000000142,186.01825,19,18
1970-01-01 00:00:00.000000143,186.15054,19,18
1970-01-01 00:00:00.000000144,185.8651,19,18
1970-01-01 00:00:00.000000143,191.15837,19,19
1970-01-01 00:00:00.000000144,189.57404,19,19
1970-01-01 00:00:00.000000145,190.13548,19,19
1970-01-01 00:00:00.000000121,185.21419,20,10
1970-01-01 00:00:00.000000122,184.20827,20,10
1970-01-01 00:00:00.000000123,184.30408,20,10
1970-01-01 00:00:00.000000122,181.70663,20,11
1970-01-01 00:00:00.000000123,181.83368,20,11
1970-01-01 00:00:00.000000124,183.21178,20,11
1970-01-01 00:00:00.000000123,182.92477,20,12
1970-01-01 00:00:00.000000124,182.54749,20,12
1970-01-01 00:00:00.000000125,182.82936,20,12
1970-01-01 00:00:00.000000124,181.53491,20,13
1970-01-01 00:00:00.000000125,181.30803,20,13
1970-01-01 00:00:00.000000126,181.57622,20,13
1970-01-01 00:00:00.000000125,181.7001,20,14
1970-01-01 00:00:00.000000126,182.20866,20,14
1970-01-01 00:00:00.000000127,182.02187,20,14
1970-01-01 00:00:00.000000126,184.83792,20,15
1970-01-01 00:00:00.000000127,184.1824,20,15
1970-01-01 00:00:00.000000128,183.87808,20,15
1970-01-01 00:00:00.000000127,183.303,20,16
1970-01-01 00:00:00.000000128,183.36467,20,16
1970-01-01 00:00:00.000000129,183.84438,20,16
1970-01-01 00:00:00.000000128,182.77946,20,17
1970-01-01 00:00:00.000000129,183.62987,20,17
1970-01-01 00:00:00.000000130,183.70189,20,17
1970-01-01 00:00:00.000000130,113.151474,21,10
1970-01-01 00:00:00.000000131,114.50253,21,10
1970-01-01 00:00:00.000000132,112.9953,21,10
1970-01-01 00:00:00.000000131,116.60828,21,11
1970-01-01 00:00:00.000000132,116.131714,21,11
1970-01-01 00:00:00.000000133,116.32523,21,11
1970-01-01 00:00:00.000000132,145.83293,21,12
1970-01-01 00:00:00.000000133,139.57298,21,12
1970-01-01 00:00:00.000000134,140.20071,21,12
1970-01-01 00:00:00.000000133,149.66841,21,13
1970-01-01 00:00:00.000000134,143.89302,21,13
1970-01-01 00:00:00.000000135,142.3102,21,13
1970-01-01 00:00:00.000000134,156.12259,21,14
1970-01-01 00:00:00.000000135,142.90134,21,14
1970-01-01 00:00:00.000000136,140.39905,21,14
1970-01-01 00:00:00.000000135,154.61485,21,15
1970-01-01 00:00:00.000000136,152.9029,21,15
1970-01-01 00:00:00.000000137,154.75089,21,15
1970-01-01 00:00:00.000000136,152.94704,21,16
1970-01-01 00:00:00.000000137,151.61897,21,16
1970-01-01 00:00:00.000000138,144.30574,21,16
1970-01-01 00:00:00.000000137,150.04646,21,17
1970-01-01 00:00:00.000000138,149.15259,21,17
1970-01-01 00:00:00.000000139,149.92061,21,17
1970-01-01 00:00:00.000000138,146.17157,21,18
1970-01-01 00:00:00.000000139,147.91815,21,18
1970-01-01 00:00:00.000000140,148.05414,21,18
1970-01-01 00:00:00.000000171,135.102,22,10
1970-01-01 00:00:00.000000172,136.92334,22,10
1970-01-01 00:00:00.000000173,141.77843,22,10
1970-01-01 00:00:00.000000172,136.36166,22,11
1970-01-01 00:00:00.000000173,140.42783,22,11
1970-01-01 00:00:00.000000174,141.33478,22,11
1970-01-01 00:00:00.000000173,130.34813,22,12
1970-01-01 00:00:00.000000174,130.78537,22,12
1970-01-01 00:00:00.000000175,131.28699,22,12
1970-01-01 00:00:00.000000174,128.68121,22,13
1970-01-01 00:00:00.000000175,130.04283,22,13
1970-01-01 00:00:00.000000176,134.64432,22,13
1970-01-01 00:00:00.000000175,138.89261,22,14
1970-01-01 00:00:00.000000176,140.25656,22,14
1970-01-01 00:00:00.000000177,138.33359,22,14
1970-01-01 00:00:00.000000176,135.18318,22,15
1970-01-01 00:00:00.000000177,135.59706,22,15
1970-01-01 00:00:00.000000178,135.05817,22,15
1970-01-01 00:00:00.000000177,134.03319,22,16
1970-01-01 00:00:00.000000178,133.66972,22,16
1970-01-01 00:00:00.000000179,134.3074,22,16
1970-01-01 00:00:00.000000178,115.873566,22,17
1970-01-01 00:00:00.000000179,119.17557,22,17
1970-01-01 00:00:00.000000180,122.32756,22,17
1970-01-01 00:00:00.000000179,114.52604,22,18
1970-01-01 00:00:00.000000180,119.485115,22,18
1970-01-01 00:00:00.000000181,122.49011,22,18
1970-01-01 00:00:00.000000180,114.1344,22,19
1970-01-01 00:00:00.000000181,121.45395,22,19
1970-01-01 00:00:00.000000182,123.17173,22,19
1970-01-01 00:00:00.000000181,123.320114,22,20
1970-01-01 00:00:00.000000182,126.6827,22,20
1970-01-01 00:00:00.000000183,120.046715,22,20
1970-01-01 00:00:00.000000182,111.10583,22,21
1970-01-01 00:00:00.000000183,111.523125,22,21
1970-01-01 00:00:00.000000184,110.78647,22,21
1970-01-01 00:00:00.000000183,107.36168,22,22
1970-01-01 00:00:00.000000184,107.72377,22,22
1970-01-01 00:00:00.000000185,105.68208,22,22
1970-01-01 00:00:00.000000184,110.76789,22,23
1970-01-01 00:00:00.000000185,107.11499,22,23
1970-01-01 00:00:00.000000186,107.97182,22,23
1970-01-01 00:00:00.000000185,100.07312,22,24
1970-01-01 00:00:00.000000186,100.8826,22,24
1970-01-01 00:00:00.000000187,101.77813,22,24
1970-01-01 00:00:00.000000186,85.39568,22,25
1970-01-01 00:00:00.000000187,84.65688,22,25
1970-01-01 00:00:00.000000188,81.81474,22,25
1970-01-01 00:00:00.000000187,81.019936,22,26
1970-01-01 00:00:00.000000188,80.82414,22,26
1970-01-01 00:00:00.000000189,88.43939,22,26
1970-01-01 00:00:00.000000130,220.00455,23,10
1970-01-01 00:00:00.000000131,219.8185,23,10
1970-01-01 00:00:00.000000132,219.72418,23,10
1970-01-01 00:00:00.000000131,220.01387,23,11
1970-01-01 00:00:00.000000132,220.0049,23,11
1970-01-01 00:00:00.000000133,220.04356,23,11
1970-01-01 00:00:00.000000132,220.19243,23,12
1970-01-01 00:00:00.000000133,220.24576,23,12
1970-01-01 00:00:00.000000134,220.1857,23,12
1970-01-01 00:00:00.000000133,220.39087,23,13
1970-01-01 00:00:00.000000134,220.32195,23,13
1970-01-01 00:00:00.000000135,220.38976,23,13
1970-01-01 00:00:00.000000134,224.01967,23,14
1970-01-01 00:00:00.000000135,223.59718,23,14
1970-01-01 00:00:00.000000136,223.21126,23,14
1970-01-01 00:00:00.000000135,228.69623,23,15
1970-01-01 00:00:00.000000136,229.10744,23,15
1970-01-01 00:00:00.000000137,228.42091,23,15
1970-01-01 00:00:00.000000136,228.35992,23,16
1970-01-01 00:00:00.000000137,227.00366,23,16
1970-01-01 00:00:00.000000138,225.29938,23,16
1970-01-01 00:00:00.000000137,233.45117,23,17
1970-01-01 00:00:00.000000138,233.11983,23,17
1970-01-01 00:00:00.000000139,231.89162,23,17
1970-01-01 00:00:00.000000138,234.78238,23,18
1970-01-01 00:00:00.000000139,234.29924,23,18
1970-01-01 00:00:00.000000140,234.9083,23,18
1970-01-01 00:00:00.000000139,233.2676,23,19
1970-01-01 00:00:00.000000140,233.27094,23,19
1970-01-01 00:00:00.000000141,233.14395,23,19
1970-01-01 00:00:00.000000095,138.80765,25,10
1970-01-01 00:00:00.000000096,141.13132,25,10
1970-01-01 00:00:00.000000097,143.04779,25,10
1970-01-01 00:00:00.000000096,143.65895,25,11
1970-01-01 00:00:00.000000097,145.91504,25,11
1970-01-01 00:00:00.000000098,140.90973,25,11
1970-01-01 00:00:00.000000097,153.39186,25,12
1970-01-01 00:00:00.000000098,152.83597,25,12
1970-01-01 00:00:00.000000099,150.42355,25,12
1970-01-01 00:00:00.000000231,205.52097,26,10
1970-01-01 00:00:00.000000232,201.18938,26,10
1970-01-01 00:00:00.000000233,200.06766,26,10
1970-01-01 00:00:00.000000232,212.28006,26,11
1970-01-01 00:00:00.000000233,212.0926,26,11
1970-01-01 00:00:00.000000234,211.36143,26,11
1970-01-01 00:00:00.000000233,211.59892,26,12
1970-01-01 00:00:00.000000234,210.69324,26,12
1970-01-01 00:00:00.000000235,210.66092,26,12
1970-01-01 00:00:00.000000234,212.59201,26,13
1970-01-01 00:00:00.000000235,212.14937,26,13
1970-01-01 00:00:00.000000236,212.09447,26,13
1970-01-01 00:00:00.000000235,212.53116,26,14
1970-01-01 00:00:00.000000236,212.06819,26,14
1970-01-01 00:00:00.000000237,211.2879,26,14
1970-01-01 00:00:00.000000236,211.73274,26,15
1970-01-01 00:00:00.000000237,210.8184,26,15
1970-01-01 00:00:00.000000238,210.88313,26,15
1970-01-01 00:00:00.000000237,212.01082,26,16
1970-01-01 00:00:00.000000238,212.09415,26,16
1970-01-01 00:00:00.000000239,212.1721,26,16
1970-01-01 00:00:00.000000238,212.12227,26,17
1970-01-01 00:00:00.000000239,212.06412,26,17
1970-01-01 00:00:00.000000240,212.43889,26,17
1970-01-01 00:00:00.000000239,211.15088,26,18
1970-01-01 00:00:00.000000240,211.11545,26,18
1970-01-01 00:00:00.000000241,211.17488,26,18
1970-01-01 00:00:00.000000240,207.21649,26,19
1970-01-01 00:00:00.000000241,207.03334,26,19
1970-01-01 00:00:00.000000242,207.36552,26,19
1970-01-01 00:00:00.000000241,204.4322,26,20
1970-01-01 00:00:00.000000242,204.74385,26,20
1970-01-01 00:00:00.000000243,204.85004,26,20
1970-01-01 00:00:00.000000242,202.28467,26,21
1970-01-01 00:00:00.000000243,202.14287,26,21
1970-01-01 00:00:00.000000244,201.89655,26,21
1970-01-01 00:00:00.000000243,201.08151,26,22
1970-01-01 00:00:00.000000244,201.49661,26,22
1970-01-01 00:00:00.000000245,201.7649,26,22
1970-01-01 00:00:00.000000244,199.822,26,23
1970-01-01 00:00:00.000000245,200.31633,26,23
1970-01-01 00:00:00.000000246,201.1467,26,23
1970-01-01 00:00:00.000000245,198.81187,26,24
1970-01-01 00:00:00.000000246,201.96426,26,24
1970-01-01 00:00:00.000000247,201.04341,26,24
1970-01-01 00:00:00.000000246,203.4996,26,25
1970-01-01 00:00:00.000000247,203.68307,26,25
1970-01-01 00:00:00.000000248,203.0428,26,25
1970-01-01 00:00:00.000000247,200.76224,26,26
1970-01-01 00:00:00.000000248,201.06975,26,26
1970-01-01 00:00:00.000000249,201.40782,26,26
1970-01-01 00:00:00.000000248,187.43594,26,27
1970-01-01 00:00:00.000000249,186.63484,26,27
1970-01-01 00:00:00.000000250,187.88315,26,27
1970-01-01 00:00:00.000000249,132.23164,26,28
1970-01-01 00:00:00.000000250,136.76881,26,28
1970-01-01 00:00:00.000000251,166.9382,26,28
1970-01-01 00:00:00.000000250,52.381123,26,29
1970-01-01 00:00:00.000000251,58.929718,26,29
1970-01-01 00:00:00.000000252,82.56188,26,29
1970-01-01 00:00:00.000000251,12.813594,26,30
1970-01-01 00:00:00.000000252,19.079342,26,30
1970-01-01 00:00:00.000000253,29.902153,26,30
1970-01-01 00:00:00.000000252,62.406143,26,31
1970-01-01 00:00:00.000000253,100.344734,26,31
1970-01-01 00:00:00.000000254,107.120415,26,31
1970-01-01 00:00:00.000000253,100.01312,26,32
1970-01-01 00:00:00.000000254,117.794525,26,32
1970-01-01 00:00:00.000000255,121.19962,26,32
1970-01-01 00:00:00.000000254,116.49029,26,33
1970-01-01 00:00:00.000000255,119.57876,26,33
1970-01-01 00:00:00.000000256,122.43074,26,33
1970-01-01 00:00:00.000000255,141.63687,26,34
1970-01-01 00:00:00.000000256,147.8919,26,34
1970-01-01 00:00:00.000000257,136.34166,26,34
1970-01-01 00:00:00.000000256,135.28732,26,35
1970-01-01 00:00:00.000000257,136.54071,26,35
1970-01-01 00:00:00.000000258,126.43434,26,35
1970-01-01 00:00:00.000000257,138.32095,26,36
1970-01-01 00:00:00.000000258,128.78508,26,36
1970-01-01 00:00:00.000000259,120.68582,26,36
1970-01-01 00:00:00.000000181,93.92833,29,10
1970-01-01 00:00:00.000000182,92.29829,29,10
1970-01-01 00:00:00.000000183,90.3597,29,10
1970-01-01 00:00:00.000000182,87.88023,29,11
1970-01-01 00:00:00.000000183,86.39745,29,11
1970-01-01 00:00:00.000000184,84.97008,29,11
1970-01-01 00:00:00.000000183,89.663055,29,12
1970-01-01 00:00:00.000000184,88.5227,29,12
1970-01-01 00:00:00.000000185,88.01595,29,12
1970-01-01 00:00:00.000000184,94.88287,29,13
1970-01-01 00:00:00.000000185,95.57372,29,13
1970-01-01 00:00:00.000000186,95.58009,29,13
1970-01-01 00:00:00.000000185,102.28664,29,14
1970-01-01 00:00:00.000000186,103.38634,29,14
1970-01-01 00:00:00.000000187,102.2703,29,14
1970-01-01 00:00:00.000000186,103.70535,29,15
1970-01-01 00:00:00.000000187,104.80762,29,15
1970-01-01 00:00:00.000000188,103.47902,29,15
1970-01-01 00:00:00.000000187,110.84614,29,16
1970-01-01 00:00:00.000000188,111.8623,29,16
1970-01-01 00:00:00.000000189,110.459114,29,16
1970-01-01 00:00:00.000000188,106.76685,29,17
1970-01-01 00:00:00.000000189,105.64391,29,17
1970-01-01 00:00:00.000000190,106.21369,29,17
1970-01-01 00:00:00.000000189,99.61182,29,18
1970-01-01 00:00:00.000000190,100.9994,29,18
1970-01-01 00:00:00.000000191,101.09987,29,18
1970-01-01 00:00:00.000000190,93.08711,29,19
1970-01-01 00:00:00.000000191,93.18618,29,19
1970-01-01 00:00:00.000000192,92.43077,29,19
1970-01-01 00:00:00.000000191,94.60173,29,20
1970-01-01 00:00:00.000000192,98.431274,29,20
1970-01-01 00:00:00.000000193,97.21248,29,20
1970-01-01 00:00:00.000000192,99.2891,29,21
1970-01-01 00:00:00.000000193,99.51818,29,21
1970-01-01 00:00:00.000000194,97.85638,29,21
1970-01-01 00:00:00.000000193,64.062614,29,22
1970-01-01 00:00:00.000000194,68.78989,29,22
1970-01-01 00:00:00.000000195,68.518906,29,22
1970-01-01 00:00:00.000000194,82.32882,29,23
1970-01-01 00:00:00.000000195,80.508354,29,23
1970-01-01 00:00:00.000000196,67.49734,29,23
1970-01-01 00:00:00.000000195,70.43105,29,24
1970-01-01 00:00:00.000000196,67.52865,29,24
1970-01-01 00:00:00.000000197,73.873184,29,24
1970-01-01 00:00:00.000000196,65.11418,29,25
1970-01-01 00:00:00.000000197,69.31947,29,25
1970-01-01 00:00:00.000000198,67.25005,29,25
1970-01-01 00:00:00.000000197,48.07755,29,26
1970-01-01 00:00:00.000000198,45.68367,29,26
1970-01-01 00:00:00.000000199,41.59272,29,26
1970-01-01 00:00:00.000000198,59.80678,29,27
1970-01-01 00:00:00.000000199,58.93066,29,27
1970-01-01 00:00:00.000000200,61.890854,29,27
1970-01-01 00:00:00.000000199,54.837532,29,28
1970-01-01 00:00:00.000000200,63.56694,29,28
1970-01-01 00:00:00.000000201,56.8853,29,28
1970-01-01 00:00:00.000000092,181.28242,40,10
1970-01-01 00:00:00.000000093,180.6335,40,10
1970-01-01 00:00:00.000000094,179.29042,40,10
1970-01-01 00:00:00.000000093,192.43141,40,11
1970-01-01 00:00:00.000000094,194.52916,40,11
1970-01-01 00:00:00.000000095,194.20515,40,11
1970-01-01 00:00:00.000000094,185.37207,40,12
1970-01-01 00:00:00.000000095,183.55537,40,12
1970-01-01 00:00:00.000000096,183.83842,40,12
1970-01-01 00:00:00.000000092,178.80467,42,10
1970-01-01 00:00:00.000000093,179.21642,42,10
1970-01-01 00:00:00.000000094,178.94606,42,10
1970-01-01 00:00:00.000000093,173.89453,42,11
1970-01-01 00:00:00.000000094,174.46863,42,11
1970-01-01 00:00:00.000000095,176.63159,42,11
1970-01-01 00:00:00.000000094,178.11034,42,12
1970-01-01 00:00:00.000000095,179.83899,42,12
1970-01-01 00:00:00.000000096,179.1473,42,12
1970-01-01 00:00:00.000000156,121.42211,45,10
1970-01-01 00:00:00.000000157,121.00087,45,10
1970-01-01 00:00:00.000000158,121.396164,45,10
1970-01-01 00:00:00.000000157,120.21564,45,11
1970-01-01 00:00:00.000000158,119.93172,45,11
1970-01-01 00:00:00.000000159,120.023224,45,11
1970-01-01 00:00:00.000000158,118.700386,45,12
1970-01-01 00:00:00.000000159,118.6813,45,12
1970-01-01 00:00:00.000000160,118.57086,45,12
1970-01-01 00:00:00.000000159,117.09038,45,13
1970-01-01 00:00:00.000000160,116.9004,45,13
1970-01-01 00:00:00.000000161,117.03908,45,13
1970-01-01 00:00:00.000000160,117.604965,45,14
1970-01-01 00:00:00.000000161,117.70122,45,14
1970-01-01 00:00:00.000000162,117.88913,45,14
1970-01-01 00:00:00.000000161,116.01398,45,15
1970-01-01 00:00:00.000000162,115.98911,45,15
1970-01-01 00:00:00.000000163,116.00975,45,15
1970-01-01 00:00:00.000000162,117.28862,45,16
1970-01-01 00:00:00.000000163,117.46715,45,16
1970-01-01 00:00:00.000000164,117.30853,45,16
1970-01-01 00:00:00.000000163,117.56048,45,17
1970-01-01 00:00:00.000000164,117.8439,45,17
1970-01-01 00:00:00.000000165,118.13708,45,17
1970-01-01 00:00:00.000000164,118.89408,45,18
1970-01-01 00:00:00.000000165,118.79637,45,18
1970-01-01 00:00:00.000000166,118.92896,45,18
1970-01-01 00:00:00.000000165,119.12208,45,19
1970-01-01 00:00:00.000000166,119.08857,45,19
1970-01-01 00:00:00.000000167,119.07734,45,19
1970-01-01 00:00:00.000000166,118.63344,45,20
1970-01-01 00:00:00.000000167,118.66239,45,20
1970-01-01 00:00:00.000000168,118.72652,45,20
1970-01-01 00:00:00.000000167,116.68883,45,21
1970-01-01 00:00:00.000000168,116.6351,45,21
1970-01-01 00:00:00.000000169,116.70941,45,21
1970-01-01 00:00:00.000000168,117.98026,45,22
1970-01-01 00:00:00.000000169,117.78004,45,22
1970-01-01 00:00:00.000000170,117.609856,45,22
1970-01-01 00:00:00.000000169,117.600624,45,23
1970-01-01 00:00:00.000000170,117.6065,45,23
1970-01-01 00:00:00.000000171,117.59667,45,23
1970-01-01 00:00:00.000000116,105.59835,46,10
1970-01-01 00:00:00.000000117,105.07732,46,10
1970-01-01 00:00:00.000000118,105.65196,46,10
1970-01-01 00:00:00.000000117,104.43824,46,11
1970-01-01 00:00:00.000000118,104.69225,46,11
1970-01-01 00:00:00.000000119,104.58116,46,11
1970-01-01 00:00:00.000000118,106.03114,46,12
1970-01-01 00:00:00.000000119,106.276955,46,12
1970-01-01 00:00:00.000000120,105.66421,46,12
1970-01-01 00:00:00.000000119,104.31725,46,13
1970-01-01 00:00:00.000000120,104.29624,46,13
1970-01-01 00:00:00.000000121,103.96053,46,13
1970-01-01 00:00:00.000000120,103.906944,46,14
1970-01-01 00:00:00.000000121,103.56399,46,14
1970-01-01 00:00:00.000000122,103.20954,46,14
1970-01-01 00:00:00.000000121,103.608315,46,15
1970-01-01 00:00:00.000000122,103.073746,46,15
1970-01-01 00:00:00.000000123,103.52982,46,15
1970-01-01 00:00:00.000000122,101.04784,46,16
1970-01-01 00:00:00.000000123,100.95187,46,16
1970-01-01 00:00:00.000000124,101.88796,46,16
1970-01-01 00:00:00.000000243,103.30882,53,10
1970-01-01 00:00:00.000000244,102.97779,53,10
1970-01-01 00:00:00.000000245,101.92737,53,10
1970-01-01 00:00:00.000000244,106.077835,53,11
1970-01-01 00:00:00.000000245,105.39426,53,11
1970-01-01 00:00:00.000000246,105.123726,53,11
1970-01-01 00:00:00.000000245,110.85052,53,12
1970-01-01 00:00:00.000000246,110.72945,53,12
1970-01-01 00:00:00.000000247,109.20859,53,12
1970-01-01 00:00:00.000000246,105.920105,53,13
1970-01-01 00:00:00.000000247,103.439415,53,13
1970-01-01 00:00:00.000000248,103.47237,53,13
1970-01-01 00:00:00.000000247,100.4438,53,14
1970-01-01 00:00:00.000000248,102.892075,53,14
1970-01-01 00:00:00.000000249,101.62486,53,14
1970-01-01 00:00:00.000000248,107.947876,53,15
1970-01-01 00:00:00.000000249,107.56224,53,15
1970-01-01 00:00:00.000000250,107.478355,53,15
1970-01-01 00:00:00.000000249,107.33622,53,16
1970-01-01 00:00:00.000000250,107.56495,53,16
1970-01-01 00:00:00.000000251,107.074394,53,16
1970-01-01 00:00:00.000000250,107.906876,53,17
1970-01-01 00:00:00.000000251,107.31972,53,17
1970-01-01 00:00:00.000000252,107.55371,53,17
1970-01-01 00:00:00.000000251,109.94378,53,18
1970-01-01 00:00:00.000000252,110.62298,53,18
1970-01-01 00:00:00.000000253,110.6562,53,18
1970-01-01 00:00:00.000000252,112.65099,53,19
1970-01-01 00:00:00.000000253,112.81492,53,19
1970-01-01 00:00:00.000000254,112.83177,53,19
1970-01-01 00:00:00.000000253,120.23123,53,20
1970-01-01 00:00:00.000000254,121.05836,53,20
1970-01-01 00:00:00.000000255,119.65887,53,20
1970-01-01 00:00:00.000000254,108.37233,53,21
1970-01-01 00:00:00.000000255,108.39915,53,21
1970-01-01 00:00:00.000000256,107.860695,53,21
1970-01-01 00:00:00.000000255,97.53502,53,22
1970-01-01 00:00:00.000000256,98.200645,53,22
1970-01-01 00:00:00.000000257,101.02072,53,22
1970-01-01 00:00:00.000000256,84.79742,53,23
1970-01-01 00:00:00.000000257,85.617035,53,23
1970-01-01 00:00:00.000000258,88.092,53,23
1970-01-01 00:00:00.000000257,89.90584,53,24
1970-01-01 00:00:00.000000258,91.61131,53,24
1970-01-01 00:00:00.000000259,93.25326,53,24
1970-01-01 00:00:00.000000258,88.194695,53,25
1970-01-01 00:00:00.000000259,89.4253,53,25
1970-01-01 00:00:00.000000260,93.05454,53,25
1970-01-01 00:00:00.000000259,91.42553,53,26
1970-01-01 00:00:00.000000260,94.30384,53,26
1970-01-01 00:00:00.000000261,95.23437,53,26
1970-01-01 00:00:00.000000260,93.9306,53,27
1970-01-01 00:00:00.000000261,94.79426,53,27
1970-01-01 00:00:00.000000262,94.58536,53,27
1970-01-01 00:00:00.000000261,91.47761,53,28
1970-01-01 00:00:00.000000262,91.96804,53,28
1970-01-01 00:00:00.000000263,91.56632,53,28
1970-01-01 00:00:00.000000262,95.81789,53,29
1970-01-01 00:00:00.000000263,95.213615,53,29
1970-01-01 00:00:00.000000264,95.2214,53,29
1970-01-01 00:00:00.000000263,96.870415,53,30
1970-01-01 00:00:00.000000264,96.46624,53,30
1970-01-01 00:00:00.000000265,94.30696,53,30
1970-01-01 00:00:00.000000264,89.90935,53,31
1970-01-01 00:00:00.000000265,87.68454,53,31
1970-01-01 00:00:00.000000266,88.972046,53,31
1970-01-01 00:00:00.000000265,90.46123,53,32
1970-01-01 00:00:00.000000266,92.29591,53,32
1970-01-01 00:00:00.000000267,97.24876,53,32
1970-01-01 00:00:00.000000266,91.336365,53,33
1970-01-01 00:00:00.000000267,95.10238,53,33
1970-01-01 00:00:00.000000268,91.86816,53,33
1970-01-01 00:00:00.000000267,78.315414,53,34
1970-01-01 00:00:00.000000268,76.136314,53,34
1970-01-01 00:00:00.000000269,76.00202,53,34
1970-01-01 00:00:00.000000268,75.30114,53,35
1970-01-01 00:00:00.000000269,74.34762,53,35
1970-01-01 00:00:00.000000270,75.181435,53,35
1970-01-01 00:00:00.000000269,69.42687,53,36
1970-01-01 00:00:00.000000270,70.41426,53,36
1970-01-01 00:00:00.000000271,71.21633,53,36
1970-01-01 00:00:00.000000270,78.19943,53,37
1970-01-01 00:00:00.000000271,78.244865,53,37
1970-01-01 00:00:00.000000272,78.06195,53,37
1970-01-01 00:00:00.000000271,81.93511,53,38
1970-01-01 00:00:00.000000272,81.155464,53,38
1970-01-01 00:00:00.000000273,80.8014,53,38
1970-01-01 00:00:00.000000272,87.49728,53,39
1970-01-01 00:00:00.000000273,86.139565,53,39
1970-01-01 00:00:00.000000274,85.67413,53,39
1970-01-01 00:00:00.000000097,36.601135,54,10
1970-01-01 00:00:00.000000098,37.274864,54,10
1970-01-01 00:00:00.000000099,37.037113,54,10
1970-01-01 00:00:00.000000098,36.277378,54,11
1970-01-01 00:00:00.000000099,36.77044,54,11
1970-01-01 00:00:00.000000100,36.678364,54,11
1970-01-01 00:00:00.000000099,35.649784,54,12
1970-01-01 00:00:00.000000100,35.660484,54,12
1970-01-01 00:00:00.000000101,35.50572,54,12
1970-01-01 00:00:00.000000100,33.35088,54,13
1970-01-01 00:00:00.000000101,33.17161,54,13
1970-01-01 00:00:00.000000102,33.406082,54,13
1970-01-01 00:00:00.000000277,69.67855,60,10
1970-01-01 00:00:00.000000278,69.14924,60,10
1970-01-01 00:00:00.000000279,68.8516,60,10
1970-01-01 00:00:00.000000278,47.844944,60,11
1970-01-01 00:00:00.000000279,48.62451,60,11
1970-01-01 00:00:00.000000280,48.691742,60,11
1970-01-01 00:00:00.000000279,60.632324,60,12
1970-01-01 00:00:00.000000280,61.78893,60,12
1970-01-01 00:00:00.000000281,62.029827,60,12
1970-01-01 00:00:00.000000280,55.19915,60,13
1970-01-01 00:00:00.000000281,55.64467,60,13
1970-01-01 00:00:00.000000282,56.852673,60,13
1970-01-01 00:00:00.000000281,55.296814,60,14
1970-01-01 00:00:00.000000282,55.88186,60,14
1970-01-01 00:00:00.000000283,55.382168,60,14
1970-01-01 00:00:00.000000282,53.73225,60,15
1970-01-01 00:00:00.000000283,53.196774,60,15
1970-01-01 00:00:00.000000284,57.438126,60,15
1970-01-01 00:00:00.000000283,54.8492,60,16
1970-01-01 00:00:00.000000284,57.973316,60,16
1970-01-01 00:00:00.000000285,54.49496,60,16
1970-01-01 00:00:00.000000284,61.791943,60,17
1970-01-01 00:00:00.000000285,60.910366,60,17
1970-01-01 00:00:00.000000286,59.90123,60,17
1970-01-01 00:00:00.000000285,68.44104,60,18
1970-01-01 00:00:00.000000286,67.34112,60,18
1970-01-01 00:00:00.000000287,69.545456,60,18
1970-01-01 00:00:00.000000286,76.61268,60,19
1970-01-01 00:00:00.000000287,78.07269,60,19
1970-01-01 00:00:00.000000288,76.37768,60,19
1970-01-01 00:00:00.000000287,71.00748,60,20
1970-01-01 00:00:00.000000288,69.688225,60,20
1970-01-01 00:00:00.000000289,69.056145,60,20
1970-01-01 00:00:00.000000288,79.59738,60,21
1970-01-01 00:00:00.000000289,80.31531,60,21
1970-01-01 00:00:00.000000290,79.94279,60,21
1970-01-01 00:00:00.000000289,71.61551,60,22
1970-01-01 00:00:00.000000290,72.31463,60,22
1970-01-01 00:00:00.000000291,72.674164,60,22
1970-01-01 00:00:00.000000290,70.61727,60,23
1970-01-01 00:00:00.000000291,71.066734,60,23
1970-01-01 00:00:00.000000292,71.066055,60,23
1970-01-01 00:00:00.000000291,74.14703,60,24
1970-01-01 00:00:00.000000292,73.25799,60,24
1970-01-01 00:00:00.000000293,72.76777,60,24
1970-01-01 00:00:00.000000292,67.88131,60,25
1970-01-01 00:00:00.000000293,67.994156,60,25
1970-01-01 00:00:00.000000294,69.55221,60,25
1970-01-01 00:00:00.000000293,71.45073,60,26
1970-01-01 00:00:00.000000294,71.708755,60,26
1970-01-01 00:00:00.000000295,71.610405,60,26
1970-01-01 00:00:00.000000294,71.39616,60,27
1970-01-01 00:00:00.000000295,71.38939,60,27
1970-01-01 00:00:00.000000296,71.303185,60,27
1970-01-01 00:00:00.000000295,66.01385,60,28
1970-01-01 00:00:00.000000296,65.31498,60,28
1970-01-01 00:00:00.000000297,64.97097,60,28
1970-01-01 00:00:00.000000296,64.22489,60,29
1970-01-01 00:00:00.000000297,64.15519,60,29
1970-01-01 00:00:00.000000298,65.04189,60,29
1970-01-01 00:00:00.000000297,65.159035,60,30
1970-01-01 00:00:00.000000298,66.1845,60,30
1970-01-01 00:00:00.000000299,66.02601,60,30
1970-01-01 00:00:00.000000298,71.74631,60,31
1970-01-01 00:00:00.000000299,70.95292,60,31
1970-01-01 00:00:00.000000300,70.50591,60,31
1970-01-01 00:00:00.000000299,66.015976,60,32
1970-01-01 00:00:00.000000300,64.22843,60,32
1970-01-01 00:00:00.000000301,65.62539,60,32
1970-01-01 00:00:00.000000300,61.82401,60,33
1970-01-01 00:00:00.000000301,61.629536,60,33
1970-01-01 00:00:00.000000302,61.4266,60,33
1970-01-01 00:00:00.000000301,53.228672,60,34
1970-01-01 00:00:00.000000302,55.1624,60,34
1970-01-01 00:00:00.000000303,54.674896,60,34
1970-01-01 00:00:00.000000302,57.68279,60,35
1970-01-01 00:00:00.000000303,58.53056,60,35
1970-01-01 00:00:00.000000304,60.656254,60,35
1970-01-01 00:00:00.000000303,54.283398,60,36
1970-01-01 00:00:00.000000304,55.84628,60,36
1970-01-01 00:00:00.000000305,55.523975,60,36
1970-01-01 00:00:00.000000304,50.81443,60,37
1970-01-01 00:00:00.000000305,50.077824,60,37
1970-01-01 00:00:00.000000306,49.098927,60,37
1970-01-01 00:00:00.000000305,51.382114,60,38
1970-01-01 00:00:00.000000306,50.665787,60,38
1970-01-01 00:00:00.000000307,52.560925,60,38
1970-01-01 00:00:00.000000306,55.369144,60,39
1970-01-01 00:00:00.000000307,54.666355,60,39
1970-01-01 00:00:00.000000308,55.54994,60,39
1970-01-01 00:00:00.000000307,63.15718,60,40
1970-01-01 00:00:00.000000308,61.23073,60,40
1970-01-01 00:00:00.000000309,60.85046,60,40
1970-01-01 00:00:00.000000308,55.946545,60,41
1970-01-01 00:00:00.000000309,56.09299,60,41
1970-01-01 00:00:00.000000310,55.80869,60,41
1970-01-01 00:00:00.000000309,54.268482,60,42
1970-01-01 00:00:00.000000310,55.185043,60,42
1970-01-01 00:00:00.000000311,56.096745,60,42
1970-01-01 00:00:00.000000310,45.759857,60,43
1970-01-01 00:00:00.000000311,48.234768,60,43
1970-01-01 00:00:00.000000312,47.670452,60,43
1970-01-01 00:00:00.000000311,44.917236,60,44
1970-01-01 00:00:00.000000312,44.45581,60,44
1970-01-01 00:00:00.000000313,46.262077,60,44
1970-01-01 00:00:00.000000312,52.7588,60,45
1970-01-01 00:00:00.000000313,53.909843,60,45
1970-01-01 00:00:00.000000314,55.96741,60,45
1970-01-01 00:00:00.000000102,68.25865,61,10
1970-01-01 00:00:00.000000103,68.53758,61,10
1970-01-01 00:00:00.000000104,69.01708,61,10
1970-01-01 00:00:00.000000103,60.10794,61,11
1970-01-01 00:00:00.000000104,60.418747,61,11
1970-01-01 00:00:00.000000105,61.822,61,11
1970-01-01 00:00:00.000000104,65.70147,61,12
1970-01-01 00:00:00.000000105,67.630325,61,12
1970-01-01 00:00:00.000000106,67.64863,61,12
1970-01-01 00:00:00.000000105,64.78868,61,13
1970-01-01 00:00:00.000000106,65.15157,61,13
1970-01-01 00:00:00.000000107,66.294426,61,13
1970-01-01 00:00:00.000000106,63.723816,61,14
1970-01-01 00:00:00.000000107,64.0051,61,14
1970-01-01 00:00:00.000000108,64.78624,61,14
1970-01-01 00:00:00.000000125,126.00528,62,10
1970-01-01 00:00:00.000000126,125.42269,62,10
1970-01-01 00:00:00.000000127,125.142845,62,10
1970-01-01 00:00:00.000000126,125.35301,62,11
1970-01-01 00:00:00.000000127,125.16501,62,11
1970-01-01 00:00:00.000000128,124.93147,62,11
1970-01-01 00:00:00.000000127,113.49294,62,12
1970-01-01 00:00:00.000000128,118.25059,62,12
1970-01-01 00:00:00.000000129,119.14482,62,12
1970-01-01 00:00:00.000000128,118.79532,62,13
1970-01-01 00:00:00.000000129,121.729866,62,13
1970-01-01 00:00:00.000000130,122.32282,62,13
1970-01-01 00:00:00.000000129,121.750755,62,14
1970-01-01 00:00:00.000000130,122.86126,62,14
1970-01-01 00:00:00.000000131,121.74808,62,14
1970-01-01 00:00:00.000000130,116.59051,62,15
1970-01-01 00:00:00.000000131,119.22405,62,15
1970-01-01 00:00:00.000000132,118.88511,62,15
1970-01-01 00:00:00.000000131,118.51005,62,16
1970-01-01 00:00:00.000000132,119.1276,62,16
1970-01-01 00:00:00.000000133,116.94704,62,16
1970-01-01 00:00:00.000000132,115.241806,62,17
1970-01-01 00:00:00.000000133,115.87975,62,17
1970-01-01 00:00:00.000000134,115.54234,62,17
1970-01-01 00:00:00.000000133,114.595116,62,18
1970-01-01 00:00:00.000000134,114.168526,62,18
1970-01-01 00:00:00.000000135,114.33291,62,18
1970-01-01 00:00:00.000000292,80.00612,63,10
1970-01-01 00:00:00.000000293,79.006195,63,10
1970-01-01 00:00:00.000000294,81.43167,63,10
1970-01-01 00:00:00.000000293,74.45146,63,11
1970-01-01 00:00:00.000000294,75.89073,63,11
1970-01-01 00:00:00.000000295,76.21791,63,11
1970-01-01 00:00:00.000000294,71.64359,63,12
1970-01-01 00:00:00.000000295,82.75732,63,12
1970-01-01 00:00:00.000000296,86.882484,63,12
1970-01-01 00:00:00.000000295,81.28381,63,13
1970-01-01 00:00:00.000000296,88.83621,63,13
1970-01-01 00:00:00.000000297,90.09443,63,13
1970-01-01 00:00:00.000000296,70.81437,63,14
1970-01-01 00:00:00.000000297,71.638916,63,14
1970-01-01 00:00:00.000000298,72.771416,63,14
1970-01-01 00:00:00.000000297,68.058945,63,15
1970-01-01 00:00:00.000000298,68.56054,63,15
1970-01-01 00:00:00.000000299,69.09252,63,15
1970-01-01 00:00:00.000000298,65.917274,63,16
1970-01-01 00:00:00.000000299,66.48923,63,16
1970-01-01 00:00:00.000000300,68.19062,63,16
1970-01-01 00:00:00.000000299,64.8905,63,17
1970-01-01 00:00:00.000000300,66.577995,63,17
1970-01-01 00:00:00.000000301,65.936424,63,17
1970-01-01 00:00:00.000000300,68.545746,63,18
1970-01-01 00:00:00.000000301,66.91942,63,18
1970-01-01 00:00:00.000000302,65.48454,63,18
1970-01-01 00:00:00.000000301,66.04355,63,19
1970-01-01 00:00:00.000000302,65.05111,63,19
1970-01-01 00:00:00.000000303,65.93135,63,19
1970-01-01 00:00:00.000000302,61.845848,63,20
1970-01-01 00:00:00.000000303,63.08259,63,20
1970-01-01 00:00:00.000000304,64.153435,63,20
1970-01-01 00:00:00.000000303,64.57607,63,21
1970-01-01 00:00:00.000000304,65.19642,63,21
1970-01-01 00:00:00.000000305,65.40852,63,21
1970-01-01 00:00:00.000000304,63.521038,63,22
1970-01-01 00:00:00.000000305,64.21947,63,22
1970-01-01 00:00:00.000000306,65.37606,63,22
1970-01-01 00:00:00.000000305,64.546776,63,23
1970-01-01 00:00:00.000000306,66.10226,63,23
1970-01-01 00:00:00.000000307,65.715614,63,23
1970-01-01 00:00:00.000000306,68.33044,63,24
1970-01-01 00:00:00.000000307,68.406685,63,24
1970-01-01 00:00:00.000000308,68.126,63,24
1970-01-01 00:00:00.000000307,65.22964,63,25
1970-01-01 00:00:00.000000308,65.45688,63,25
1970-01-01 00:00:00.000000309,65.548355,63,25
1970-01-01 00:00:00.000000308,63.267117,63,26
1970-01-01 00:00:00.000000309,63.587486,63,26
1970-01-01 00:00:00.000000310,63.522247,63,26
1970-01-01 00:00:00.000000309,63.75057,63,27
1970-01-01 00:00:00.000000310,64.03296,63,27
1970-01-01 00:00:00.000000311,64.15974,63,27
1970-01-01 00:00:00.000000310,63.282562,63,28
1970-01-01 00:00:00.000000311,63.84717,63,28
1970-01-01 00:00:00.000000312,63.88649,63,28
1970-01-01 00:00:00.000000311,66.274,63,29
1970-01-01 00:00:00.000000312,66.163994,63,29
1970-01-01 00:00:00.000000313,66.00509,63,29
1970-01-01 00:00:00.000000312,65.900536,63,30
1970-01-01 00:00:00.000000313,65.94968,63,30
1970-01-01 00:00:00.000000314,65.00811,63,30
1970-01-01 00:00:00.000000313,65.60308,63,31
1970-01-01 00:00:00.000000314,64.175316,63,31
1970-01-01 00:00:00.000000315,63.158615,63,31
1970-01-01 00:00:00.000000314,68.62056,63,32
1970-01-01 00:00:00.000000315,67.035614,63,32
1970-01-01 00:00:00.000000316,66.71327,63,32
1970-01-01 00:00:00.000000315,74.25186,63,33
1970-01-01 00:00:00.000000316,75.775635,63,33
1970-01-01 00:00:00.000000317,75.226616,63,33
1970-01-01 00:00:00.000000316,77.05356,63,34
1970-01-01 00:00:00.000000317,77.501724,63,34
1970-01-01 00:00:00.000000318,76.34931,63,34
1970-01-01 00:00:00.000000317,68.78465,63,35
1970-01-01 00:00:00.000000318,69.08712,63,35
1970-01-01 00:00:00.000000319,69.0183,63,35
1970-01-01 00:00:00.000000318,74.53283,63,36
1970-01-01 00:00:00.000000319,74.37893,63,36
1970-01-01 00:00:00.000000320,74.357346,63,36
1970-01-01 00:00:00.000000319,77.79723,63,37
1970-01-01 00:00:00.000000320,77.20665,63,37
1970-01-01 00:00:00.000000321,76.721924,63,37
1970-01-01 00:00:00.000000320,74.494774,63,38
1970-01-01 00:00:00.000000321,74.45487,63,38
1970-01-01 00:00:00.000000322,73.68071,63,38
1970-01-01 00:00:00.000000321,74.67445,63,39
1970-01-01 00:00:00.000000322,74.185394,63,39
1970-01-01 00:00:00.000000323,74.09985,63,39
1970-01-01 00:00:00.000000322,73.90083,63,40
1970-01-01 00:00:00.000000323,74.45555,63,40
1970-01-01 00:00:00.000000324,74.99047,63,40
1970-01-01 00:00:00.000000323,74.234,63,41
1970-01-01 00:00:00.000000324,75.71242,63,41
1970-01-01 00:00:00.000000325,77.00418,63,41
1970-01-01 00:00:00.000000324,77.25551,63,42
1970-01-01 00:00:00.000000325,78.50185,63,42
1970-01-01 00:00:00.000000326,77.76172,63,42
1970-01-01 00:00:00.000000325,78.9177,63,43
1970-01-01 00:00:00.000000326,78.83356,63,43
1970-01-01 00:00:00.000000327,78.238075,63,43
1970-01-01 00:00:00.000000326,79.13554,63,44
1970-01-01 00:00:00.000000327,79.38898,63,44
1970-01-01 00:00:00.000000328,78.83187,63,44
1970-01-01 00:00:00.000000327,78.53761,63,45
1970-01-01 00:00:00.000000328,78.155205,63,45
1970-01-01 00:00:00.000000329,77.968735,63,45
1970-01-01 00:00:00.000000328,78.07959,63,46
1970-01-01 00:00:00.000000329,78.22001,63,46
1970-01-01 00:00:00.000000330,78.55968,63,46
1970-01-01 00:00:00.000000329,81.84516,63,47
1970-01-01 00:00:00.000000330,82.03549,63,47
1970-01-01 00:00:00.000000331,82.1935,63,47
1970-01-01 00:00:00.000000156,98.379745,64,10
1970-01-01 00:00:00.000000157,98.6074,64,10
1970-01-01 00:00:00.000000158,98.75052,64,10
1970-01-01 00:00:00.000000157,97.13352,64,11
1970-01-01 00:00:00.000000158,97.621414,64,11
1970-01-01 00:00:00.000000159,96.584496,64,11
1970-01-01 00:00:00.000000158,102.64282,64,12
1970-01-01 00:00:00.000000159,101.61393,64,12
1970-01-01 00:00:00.000000160,101.728775,64,12
1970-01-01 00:00:00.000000159,99.87836,64,13
1970-01-01 00:00:00.000000160,100.899635,64,13
1970-01-01 00:00:00.000000161,100.17855,64,13
1970-01-01 00:00:00.000000160,105.805405,64,14
1970-01-01 00:00:00.000000161,105.98731,64,14
1970-01-01 00:00:00.000000162,105.41908,64,14
1970-01-01 00:00:00.000000161,111.321175,64,15
1970-01-01 00:00:00.000000162,111.08836,64,15
1970-01-01 00:00:00.000000163,111.022255,64,15
1970-01-01 00:00:00.000000162,111.53571,64,16
1970-01-01 00:00:00.000000163,111.258766,64,16
1970-01-01 00:00:00.000000164,111.70116,64,16
1970-01-01 00:00:00.000000163,120.53934,64,17
1970-01-01 00:00:00.000000164,120.80176,64,17
1970-01-01 00:00:00.000000165,120.005684,64,17
1970-01-01 00:00:00.000000164,111.01303,64,18
1970-01-01 00:00:00.000000165,111.007515,64,18
1970-01-01 00:00:00.000000166,111.07658,64,18
1970-01-01 00:00:00.000000165,107.878,64,19
1970-01-01 00:00:00.000000166,109.43361,64,19
1970-01-01 00:00:00.000000167,111.06052,64,19
1970-01-01 00:00:00.000000166,104.639336,64,20
1970-01-01 00:00:00.000000167,107.7883,64,20
1970-01-01 00:00:00.000000168,107.778175,64,20
1970-01-01 00:00:00.000000167,97.9869,64,21
1970-01-01 00:00:00.000000168,101.065865,64,21
1970-01-01 00:00:00.000000169,99.060555,64,21
1970-01-01 00:00:00.000000168,100.76486,64,22
1970-01-01 00:00:00.000000169,101.55201,64,22
1970-01-01 00:00:00.000000170,101.89603,64,22
1970-01-01 00:00:00.000000169,98.55391,64,23
1970-01-01 00:00:00.000000170,104.374985,64,23
1970-01-01 00:00:00.000000171,105.74835,64,23
1970-01-01 00:00:00.000000225,45.262062,65,10
1970-01-01 00:00:00.000000226,45.68882,65,10
1970-01-01 00:00:00.000000227,45.973118,65,10
1970-01-01 00:00:00.000000226,45.492386,65,11
1970-01-01 00:00:00.000000227,45.862522,65,11
1970-01-01 00:00:00.000000228,45.961365,65,11
1970-01-01 00:00:00.000000227,44.828243,65,12
1970-01-01 00:00:00.000000228,45.510998,65,12
1970-01-01 00:00:00.000000229,45.920586,65,12
1970-01-01 00:00:00.000000228,45.329468,65,13
1970-01-01 00:00:00.000000229,45.718884,65,13
1970-01-01 00:00:00.000000230,45.246906,65,13
1970-01-01 00:00:00.000000229,49.698334,65,14
1970-01-01 00:00:00.000000230,47.98381,65,14
1970-01-01 00:00:00.000000231,47.991447,65,14
1970-01-01 00:00:00.000000230,54.351017,65,15
1970-01-01 00:00:00.000000231,53.289307,65,15
1970-01-01 00:00:00.000000232,55.041595,65,15
1970-01-01 00:00:00.000000231,53.559612,65,16
1970-01-01 00:00:00.000000232,53.2194,65,16
1970-01-01 00:00:00.000000233,53.02861,65,16
1970-01-01 00:00:00.000000232,53.39335,65,17
1970-01-01 00:00:00.000000233,52.898006,65,17
1970-01-01 00:00:00.000000234,52.785927,65,17
1970-01-01 00:00:00.000000233,54.303795,65,18
1970-01-01 00:00:00.000000234,54.329956,65,18
1970-01-01 00:00:00.000000235,54.30861,65,18
1970-01-01 00:00:00.000000234,57.132595,65,19
1970-01-01 00:00:00.000000235,56.588554,65,19
1970-01-01 00:00:00.000000236,56.481678,65,19
1970-01-01 00:00:00.000000235,57.840595,65,20
1970-01-01 00:00:00.000000236,57.58996,65,20
1970-01-01 00:00:00.000000237,57.35318,65,20
1970-01-01 00:00:00.000000236,56.601807,65,21
1970-01-01 00:00:00.000000237,56.84522,65,21
1970-01-01 00:00:00.000000238,56.318165,65,21
1970-01-01 00:00:00.000000237,58.665405,65,22
1970-01-01 00:00:00.000000238,58.46329,65,22
1970-01-01 00:00:00.000000239,58.949455,65,22
1970-01-01 00:00:00.000000238,58.6427,65,23
1970-01-01 00:00:00.000000239,58.88532,65,23
1970-01-01 00:00:00.000000240,58.8792,65,23
1970-01-01 00:00:00.000000239,60.876175,65,24
1970-01-01 00:00:00.000000240,60.90357,65,24
1970-01-01 00:00:00.000000241,61.552578,65,24
1970-01-01 00:00:00.000000240,63.453762,65,25
1970-01-01 00:00:00.000000241,63.02293,65,25
1970-01-01 00:00:00.000000242,63.07063,65,25
1970-01-01 00:00:00.000000241,64.330025,65,26
1970-01-01 00:00:00.000000242,63.955284,65,26
1970-01-01 00:00:00.000000243,64.03729,65,26
1970-01-01 00:00:00.000000242,65.05303,65,27
1970-01-01 00:00:00.000000243,64.79228,65,27
1970-01-01 00:00:00.000000244,64.77774,65,27
1970-01-01 00:00:00.000000243,68.414986,65,28
1970-01-01 00:00:00.000000244,68.295105,65,28
1970-01-01 00:00:00.000000245,68.28098,65,28
1970-01-01 00:00:00.000000244,67.03621,65,29
1970-01-01 00:00:00.000000245,66.9362,65,29
1970-01-01 00:00:00.000000246,66.968704,65,29
1970-01-01 00:00:00.000000245,69.01922,65,30
1970-01-01 00:00:00.000000246,69.284256,65,30
1970-01-01 00:00:00.000000247,68.999794,65,30
1970-01-01 00:00:00.000000246,70.31035,65,31
1970-01-01 00:00:00.000000247,69.817184,65,31
1970-01-01 00:00:00.000000248,69.91294,65,31
1970-01-01 00:00:00.000000247,69.368965,65,32
1970-01-01 00:00:00.000000248,69.27977,65,32
1970-01-01 00:00:00.000000249,69.12898,65,32
1970-01-01 00:00:00.000000248,68.042305,65,33
1970-01-01 00:00:00.000000249,68.44051,65,33
1970-01-01 00:00:00.000000250,67.76393,65,33
1970-01-01 00:00:00.000000249,64.51931,65,34
1970-01-01 00:00:00.000000250,65.746666,65,34
1970-01-01 00:00:00.000000251,65.910774,65,34
1970-01-01 00:00:00.000000250,67.10128,65,35
1970-01-01 00:00:00.000000251,67.5011,65,35
1970-01-01 00:00:00.000000252,67.57506,65,35
1970-01-01 00:00:00.000000083,76.548805,66,10
1970-01-01 00:00:00.000000084,76.934906,66,10
1970-01-01 00:00:00.000000085,75.82614,66,10
1970-01-01 00:00:00.000000124,40.529037,67,10
1970-01-01 00:00:00.000000125,41.65779,67,10
1970-01-01 00:00:00.000000126,40.51026,67,10
1970-01-01 00:00:00.000000125,53.453934,67,11
1970-01-01 00:00:00.000000126,50.315773,67,11
1970-01-01 00:00:00.000000127,52.778763,67,11
1970-01-01 00:00:00.000000126,42.19912,67,12
1970-01-01 00:00:00.000000127,44.43347,67,12
1970-01-01 00:00:00.000000128,41.60142,67,12
1970-01-01 00:00:00.000000127,45.62297,67,13
1970-01-01 00:00:00.000000128,41.30151,67,13
1970-01-01 00:00:00.000000129,44.71839,67,13
1970-01-01 00:00:00.000000128,36.664158,67,14
1970-01-01 00:00:00.000000129,34.313663,67,14
1970-01-01 00:00:00.000000130,35.536263,67,14
1970-01-01 00:00:00.000000129,28.526358,67,15
1970-01-01 00:00:00.000000130,28.679684,67,15
1970-01-01 00:00:00.000000131,28.709044,67,15
1970-01-01 00:00:00.000000130,27.856512,67,16
1970-01-01 00:00:00.000000131,26.55906,67,16
1970-01-01 00:00:00.000000132,27.772123,67,16
1970-01-01 00:00:00.000000131,30.425379,67,17
1970-01-01 00:00:00.000000132,31.182665,67,17
1970-01-01 00:00:00.000000133,32.43836,67,17
1970-01-01 00:00:00.000000176,88.6951,69,10
1970-01-01 00:00:00.000000177,91.83317,69,10
1970-01-01 00:00:00.000000178,95.81546,69,10
1970-01-01 00:00:00.000000177,90.376495,69,11
1970-01-01 00:00:00.000000178,87.34457,69,11
1970-01-01 00:00:00.000000179,87.10441,69,11
1970-01-01 00:00:00.000000178,87.46592,69,12
1970-01-01 00:00:00.000000179,83.613525,69,12
1970-01-01 00:00:00.000000180,85.77465,69,12
1970-01-01 00:00:00.000000179,90.23303,69,13
1970-01-01 00:00:00.000000180,90.15374,69,13
1970-01-01 00:00:00.000000181,90.017044,69,13
1970-01-01 00:00:00.000000180,93.39039,69,14
1970-01-01 00:00:00.000000181,93.32923,69,14
1970-01-01 00:00:00.000000182,93.5059,69,14
1970-01-01 00:00:00.000000181,98.78322,69,15
1970-01-01 00:00:00.000000182,98.170135,69,15
1970-01-01 00:00:00.000000183,97.53551,69,15
1970-01-01 00:00:00.000000182,93.56691,69,16
1970-01-01 00:00:00.000000183,93.607056,69,16
1970-01-01 00:00:00.000000184,93.36953,69,16
1970-01-01 00:00:00.000000183,97.63989,69,17
1970-01-01 00:00:00.000000184,97.52598,69,17
1970-01-01 00:00:00.000000185,97.52386,69,17
1970-01-01 00:00:00.000000184,101.376274,69,18
1970-01-01 00:00:00.000000185,101.370346,69,18
1970-01-01 00:00:00.000000186,101.43364,69,18
1970-01-01 00:00:00.000000185,103.69689,69,19
1970-01-01 00:00:00.000000186,102.69605,69,19
1970-01-01 00:00:00.000000187,102.58656,69,19
1970-01-01 00:00:00.000000186,114.787506,69,20
1970-01-01 00:00:00.000000187,116.58234,69,20
1970-01-01 00:00:00.000000188,114.769165,69,20
1970-01-01 00:00:00.000000187,118.279465,69,21
1970-01-01 00:00:00.000000188,120.41759,69,21
1970-01-01 00:00:00.000000189,118.8515,69,21
1970-01-01 00:00:00.000000188,111.271286,69,22
1970-01-01 00:00:00.000000189,110.41269,69,22
1970-01-01 00:00:00.000000190,109.65499,69,22
1970-01-01 00:00:00.000000189,105.893234,69,23
1970-01-01 00:00:00.000000190,107.09366,69,23
1970-01-01 00:00:00.000000191,106.2216,69,23
1970-01-01 00:00:00.000000190,103.96449,69,24
1970-01-01 00:00:00.000000191,102.88395,69,24
1970-01-01 00:00:00.000000192,107.550125,69,24
1970-01-01 00:00:00.000000191,102.12283,69,25
1970-01-01 00:00:00.000000192,104.276085,69,25
1970-01-01 00:00:00.000000193,105.01069,69,25
1970-01-01 00:00:00.000000192,98.093735,69,26
1970-01-01 00:00:00.000000193,101.810455,69,26
1970-01-01 00:00:00.000000194,101.78038,69,26
1970-01-01 00:00:00.000000193,99.41404,69,27
1970-01-01 00:00:00.000000194,99.60401,69,27
1970-01-01 00:00:00.000000195,99.16014,69,27
1970-01-01 00:00:00.000000226,126.39005,70,10
1970-01-01 00:00:00.000000227,126.64044,70,10
1970-01-01 00:00:00.000000228,126.18505,70,10
1970-01-01 00:00:00.000000227,128.17639,70,11
1970-01-01 00:00:00.000000228,127.51121,70,11
1970-01-01 00:00:00.000000229,127.47093,70,11
1970-01-01 00:00:00.000000228,126.53334,70,12
1970-01-01 00:00:00.000000229,127.05855,70,12
1970-01-01 00:00:00.000000230,127.39784,70,12
1970-01-01 00:00:00.000000229,127.28583,70,13
1970-01-01 00:00:00.000000230,126.52322,70,13
1970-01-01 00:00:00.000000231,126.33963,70,13
1970-01-01 00:00:00.000000230,129.69319,70,14
1970-01-01 00:00:00.000000231,128.5243,70,14
1970-01-01 00:00:00.000000232,127.17423,70,14
1970-01-01 00:00:00.000000231,131.8373,70,15
1970-01-01 00:00:00.000000232,131.51477,70,15
1970-01-01 00:00:00.000000233,131.3334,70,15
1970-01-01 00:00:00.000000232,137.54076,70,16
1970-01-01 00:00:00.000000233,138.3147,70,16
1970-01-01 00:00:00.000000234,136.76689,70,16
1970-01-01 00:00:00.000000233,134.02547,70,17
1970-01-01 00:00:00.000000234,133.4018,70,17
1970-01-01 00:00:00.000000235,133.46617,70,17
1970-01-01 00:00:00.000000234,136.08617,70,18
1970-01-01 00:00:00.000000235,136.2143,70,18
1970-01-01 00:00:00.000000236,136.06656,70,18
1970-01-01 00:00:00.000000235,138.03174,70,19
1970-01-01 00:00:00.000000236,138.16743,70,19
1970-01-01 00:00:00.000000237,138.13354,70,19
1970-01-01 00:00:00.000000236,138.8452,70,20
1970-01-01 00:00:00.000000237,138.99184,70,20
1970-01-01 00:00:00.000000238,138.43181,70,20
1970-01-01 00:00:00.000000237,141.64333,70,21
1970-01-01 00:00:00.000000238,142.31294,70,21
1970-01-01 00:00:00.000000239,142.05351,70,21
1970-01-01 00:00:00.000000238,144.30446,70,22
1970-01-01 00:00:00.000000239,144.81313,70,22
1970-01-01 00:00:00.000000240,144.69853,70,22
1970-01-01 00:00:00.000000239,144.49522,70,23
1970-01-01 00:00:00.000000240,144.45477,70,23
1970-01-01 00:00:00.000000241,143.87894,70,23
1970-01-01 00:00:00.000000240,147.75308,70,24
1970-01-01 00:00:00.000000241,148.36586,70,24
1970-01-01 00:00:00.000000242,148.00027,70,24
1970-01-01 00:00:00.000000241,150.15886,70,25
1970-01-01 00:00:00.000000242,150.8833,70,25
1970-01-01 00:00:00.000000243,150.65219,70,25
1970-01-01 00:00:00.000000242,149.70082,70,26
1970-01-01 00:00:00.000000243,149.82298,70,26
1970-01-01 00:00:00.000000244,149.62964,70,26
1970-01-01 00:00:00.000000243,150.15129,70,27
1970-01-01 00:00:00.000000244,150.44228,70,27
1970-01-01 00:00:00.000000245,149.95767,70,27
1970-01-01 00:00:00.000000244,149.03786,70,28
1970-01-01 00:00:00.000000245,148.99565,70,28
1970-01-01 00:00:00.000000246,149.0931,70,28
1970-01-01 00:00:00.000000245,148.80177,70,29
1970-01-01 00:00:00.000000246,148.79343,70,29
1970-01-01 00:00:00.000000247,148.78079,70,29
1970-01-01 00:00:00.000000246,149.22409,70,30
1970-01-01 00:00:00.000000247,149.16284,70,30
1970-01-01 00:00:00.000000248,149.24449,70,30
1970-01-01 00:00:00.000000247,149.46802,70,31
1970-01-01 00:00:00.000000248,149.36604,70,31
1970-01-01 00:00:00.000000249,149.30418,70,31
1970-01-01 00:00:00.000000248,148.81506,70,32
1970-01-01 00:00:00.000000249,149.0506,70,32
1970-01-01 00:00:00.000000250,148.90161,70,32
1970-01-01 00:00:00.000000249,148.8507,70,33
1970-01-01 00:00:00.000000250,148.68274,70,33
1970-01-01 00:00:00.000000251,148.7045,70,33
1970-01-01 00:00:00.000000250,149.6511,70,34
1970-01-01 00:00:00.000000251,149.093,70,34
1970-01-01 00:00:00.000000252,149.82747,70,34
1970-01-01 00:00:00.000000251,148.6819,70,35
1970-01-01 00:00:00.000000252,149.37436,70,35
1970-01-01 00:00:00.000000253,149.14006,70,35
1970-01-01 00:00:00.000000252,145.51341,70,36
1970-01-01 00:00:00.000000253,146.68697,70,36
1970-01-01 00:00:00.000000254,143.3139,70,36
1970-01-01 00:00:00.000000226,119.890816,71,10
1970-01-01 00:00:00.000000227,116.55256,71,10
1970-01-01 00:00:00.000000228,116.49646,71,10
1970-01-01 00:00:00.000000227,116.482155,71,11
1970-01-01 00:00:00.000000228,115.76999,71,11
1970-01-01 00:00:00.000000229,116.04365,71,11
1970-01-01 00:00:00.000000228,115.32398,71,12
1970-01-01 00:00:00.000000229,115.78901,71,12
1970-01-01 00:00:00.000000230,116.68143,71,12
1970-01-01 00:00:00.000000229,115.82913,71,13
1970-01-01 00:00:00.000000230,116.26507,71,13
1970-01-01 00:00:00.000000231,118.15173,71,13
1970-01-01 00:00:00.000000230,115.40591,71,14
1970-01-01 00:00:00.000000231,116.707115,71,14
1970-01-01 00:00:00.000000232,114.63065,71,14
1970-01-01 00:00:00.000000231,113.963615,71,15
1970-01-01 00:00:00.000000232,113.457375,71,15
1970-01-01 00:00:00.000000233,113.64536,71,15
1970-01-01 00:00:00.000000232,100.117615,71,16
1970-01-01 00:00:00.000000233,101.24004,71,16
1970-01-01 00:00:00.000000234,103.53155,71,16
1970-01-01 00:00:00.000000233,74.79093,71,17
1970-01-01 00:00:00.000000234,75.71227,71,17
1970-01-01 00:00:00.000000235,78.292885,71,17
1970-01-01 00:00:00.000000234,39.86507,71,18
1970-01-01 00:00:00.000000235,33.502686,71,18
1970-01-01 00:00:00.000000236,41.54727,71,18
1970-01-01 00:00:00.000000235,88.9328,71,19
1970-01-01 00:00:00.000000236,92.86725,71,19
1970-01-01 00:00:00.000000237,94.07128,71,19
1970-01-01 00:00:00.000000236,98.25062,71,20
1970-01-01 00:00:00.000000237,98.007095,71,20
1970-01-01 00:00:00.000000238,97.65393,71,20
1970-01-01 00:00:00.000000237,114.62861,71,21
1970-01-01 00:00:00.000000238,112.36066,71,21
1970-01-01 00:00:00.000000239,109.53301,71,21
1970-01-01 00:00:00.000000238,110.04665,71,22
1970-01-01 00:00:00.000000239,108.46293,71,22
1970-01-01 00:00:00.000000240,108.06807,71,22
1970-01-01 00:00:00.000000239,127.67528,71,23
1970-01-01 00:00:00.000000240,131.75545,71,23
1970-01-01 00:00:00.000000241,130.76881,71,23
1970-01-01 00:00:00.000000240,128.4679,71,24
1970-01-01 00:00:00.000000241,131.7146,71,24
1970-01-01 00:00:00.000000242,132.34572,71,24
1970-01-01 00:00:00.000000241,142.13394,71,25
1970-01-01 00:00:00.000000242,147.42398,71,25
1970-01-01 00:00:00.000000243,147.249,71,25
1970-01-01 00:00:00.000000242,156.71202,71,26
1970-01-01 00:00:00.000000243,161.58072,71,26
1970-01-01 00:00:00.000000244,161.37743,71,26
1970-01-01 00:00:00.000000243,142.04866,71,27
1970-01-01 00:00:00.000000244,140.52449,71,27
1970-01-01 00:00:00.000000245,141.4184,71,27
1970-01-01 00:00:00.000000244,151.95583,71,28
1970-01-01 00:00:00.000000245,155.51617,71,28
1970-01-01 00:00:00.000000246,153.50705,71,28
1970-01-01 00:00:00.000000245,156.54384,71,29
1970-01-01 00:00:00.000000246,157.38007,71,29
1970-01-01 00:00:00.000000247,156.66577,71,29
1970-01-01 00:00:00.000000246,159.15266,71,30
1970-01-01 00:00:00.000000247,159.96815,71,30
1970-01-01 00:00:00.000000248,158.99509,71,30
1970-01-01 00:00:00.000000247,162.20502,71,31
1970-01-01 00:00:00.000000248,162.75798,71,31
1970-01-01 00:00:00.000000249,160.72824,71,31
1970-01-01 00:00:00.000000248,166.59912,71,32
1970-01-01 00:00:00.000000249,165.08748,71,32
1970-01-01 00:00:00.000000250,163.27217,71,32
1970-01-01 00:00:00.000000249,176.62074,71,33
1970-01-01 00:00:00.000000250,172.18701,71,33
1970-01-01 00:00:00.000000251,170.45181,71,33
1970-01-01 00:00:00.000000250,202.22644,71,34
1970-01-01 00:00:00.000000251,206.96506,71,34
1970-01-01 00:00:00.000000252,205.2288,71,34
1970-01-01 00:00:00.000000251,239.55388,71,35
1970-01-01 00:00:00.000000252,251.18098,71,35
1970-01-01 00:00:00.000000253,245.1649,71,35
1970-01-01 00:00:00.000000320,131.50424,72,10
1970-01-01 00:00:00.000000321,131.51875,72,10
1970-01-01 00:00:00.000000322,127.88739,72,10
1970-01-01 00:00:00.000000321,136.23189,72,11
1970-01-01 00:00:00.000000322,134.78319,72,11
1970-01-01 00:00:00.000000323,133.47934,72,11
1970-01-01 00:00:00.000000322,139.83655,72,12
1970-01-01 00:00:00.000000323,139.03152,72,12
1970-01-01 00:00:00.000000324,138.73457,72,12
1970-01-01 00:00:00.000000323,147.64742,72,13
1970-01-01 00:00:00.000000324,149.75075,72,13
1970-01-01 00:00:00.000000325,149.06235,72,13
1970-01-01 00:00:00.000000324,154.7403,72,14
1970-01-01 00:00:00.000000325,156.87787,72,14
1970-01-01 00:00:00.000000326,155.42122,72,14
1970-01-01 00:00:00.000000325,147.8809,72,15
1970-01-01 00:00:00.000000326,146.29932,72,15
1970-01-01 00:00:00.000000327,144.82964,72,15
1970-01-01 00:00:00.000000326,150.40175,72,16
1970-01-01 00:00:00.000000327,149.94301,72,16
1970-01-01 00:00:00.000000328,150.49553,72,16
1970-01-01 00:00:00.000000327,144.57817,72,17
1970-01-01 00:00:00.000000328,148.62744,72,17
1970-01-01 00:00:00.000000329,147.38554,72,17
1970-01-01 00:00:00.000000328,147.73187,72,18
1970-01-01 00:00:00.000000329,147.50641,72,18
1970-01-01 00:00:00.000000330,147.1831,72,18
1970-01-01 00:00:00.000000329,145.88507,72,19
1970-01-01 00:00:00.000000330,145.78365,72,19
1970-01-01 00:00:00.000000331,146.03065,72,19
1970-01-01 00:00:00.000000330,145.93686,72,20
1970-01-01 00:00:00.000000331,146.13644,72,20
1970-01-01 00:00:00.000000332,146.5858,72,20
1970-01-01 00:00:00.000000331,146.2795,72,21
1970-01-01 00:00:00.000000332,146.86383,72,21
1970-01-01 00:00:00.000000333,146.80977,72,21
1970-01-01 00:00:00.000000332,145.42273,72,22
1970-01-01 00:00:00.000000333,145.53616,72,22
1970-01-01 00:00:00.000000334,145.56923,72,22
1970-01-01 00:00:00.000000333,144.39095,72,23
1970-01-01 00:00:00.000000334,144.19408,72,23
1970-01-01 00:00:00.000000335,144.23361,72,23
1970-01-01 00:00:00.000000334,145.37416,72,24
1970-01-01 00:00:00.000000335,145.40755,72,24
1970-01-01 00:00:00.000000336,144.9877,72,24
1970-01-01 00:00:00.000000335,146.26472,72,25
1970-01-01 00:00:00.000000336,145.15831,72,25
1970-01-01 00:00:00.000000337,145.78424,72,25
1970-01-01 00:00:00.000000336,150.02313,72,26
1970-01-01 00:00:00.000000337,149.69934,72,26
1970-01-01 00:00:00.000000338,149.64551,72,26
1970-01-01 00:00:00.000000337,146.7815,72,27
1970-01-01 00:00:00.000000338,147.63991,72,27
1970-01-01 00:00:00.000000339,147.1433,72,27
1970-01-01 00:00:00.000000338,158.58578,72,28
1970-01-01 00:00:00.000000339,159.03128,72,28
1970-01-01 00:00:00.000000340,157.19853,72,28
1970-01-01 00:00:00.000000339,146.54736,72,29
1970-01-01 00:00:00.000000340,146.0613,72,29
1970-01-01 00:00:00.000000341,146.70169,72,29
1970-01-01 00:00:00.000000340,141.86136,72,30
1970-01-01 00:00:00.000000341,145.65565,72,30
1970-01-01 00:00:00.000000342,147.51628,72,30
1970-01-01 00:00:00.000000341,142.75252,72,31
1970-01-01 00:00:00.000000342,147.33916,72,31
1970-01-01 00:00:00.000000343,147.41066,72,31
1970-01-01 00:00:00.000000342,146.24738,72,32
1970-01-01 00:00:00.000000343,148.12364,72,32
1970-01-01 00:00:00.000000344,149.98698,72,32
1970-01-01 00:00:00.000000343,141.22615,72,33
1970-01-01 00:00:00.000000344,144.42216,72,33
1970-01-01 00:00:00.000000345,144.0504,72,33
1970-01-01 00:00:00.000000344,140.76718,72,34
1970-01-01 00:00:00.000000345,140.67172,72,34
1970-01-01 00:00:00.000000346,140.06844,72,34
1970-01-01 00:00:00.000000345,135.03714,72,35
1970-01-01 00:00:00.000000346,134.75056,72,35
1970-01-01 00:00:00.000000347,137.67885,72,35
1970-01-01 00:00:00.000000346,138.6338,72,36
1970-01-01 00:00:00.000000347,140.92647,72,36
1970-01-01 00:00:00.000000348,139.78754,72,36
1970-01-01 00:00:00.000000347,137.95396,72,37
1970-01-01 00:00:00.000000348,136.19267,72,37
1970-01-01 00:00:00.000000349,138.39449,72,37
1970-01-01 00:00:00.000000348,135.56532,72,38
1970-01-01 00:00:00.000000349,137.79005,72,38
1970-01-01 00:00:00.000000350,139.93726,72,38
1970-01-01 00:00:00.000000349,122.721535,72,39
1970-01-01 00:00:00.000000350,122.609985,72,39
1970-01-01 00:00:00.000000351,124.14953,72,39
1970-01-01 00:00:00.000000350,122.743484,72,40
1970-01-01 00:00:00.000000351,124.06694,72,40
1970-01-01 00:00:00.000000352,126.3453,72,40
1970-01-01 00:00:00.000000351,123.000374,72,41
1970-01-01 00:00:00.000000352,125.464294,72,41
1970-01-01 00:00:00.000000353,124.89868,72,41
1970-01-01 00:00:00.000000352,129.06212,72,42
1970-01-01 00:00:00.000000353,128.48384,72,42
1970-01-01 00:00:00.000000354,130.62874,72,42
1970-01-01 00:00:00.000000353,123.256065,72,43
1970-01-01 00:00:00.000000354,123.58044,72,43
1970-01-01 00:00:00.000000355,125.427666,72,43
1970-01-01 00:00:00.000000354,124.24215,72,44
1970-01-01 00:00:00.000000355,125.39554,72,44
1970-01-01 00:00:00.000000356,124.127144,72,44
1970-01-01 00:00:00.000000355,115.472664,72,45
1970-01-01 00:00:00.000000356,113.070564,72,45
1970-01-01 00:00:00.000000357,114.82349,72,45
1970-01-01 00:00:00.000000356,108.84981,72,46
1970-01-01 00:00:00.000000357,109.81404,72,46
1970-01-01 00:00:00.000000358,127.97027,72,46
1970-01-01 00:00:00.000000357,134.43808,72,47
1970-01-01 00:00:00.000000358,142.18665,72,47
1970-01-01 00:00:00.000000359,142.9281,72,47
1970-01-01 00:00:00.000000358,125.58043,72,48
1970-01-01 00:00:00.000000359,128.48679,72,48
1970-01-01 00:00:00.000000360,128.01358,72,48
1970-01-01 00:00:00.000000359,35.734795,72,49
1970-01-01 00:00:00.000000360,35.76819,72,49
1970-01-01 00:00:00.000000361,45.27427,72,49
1970-01-01 00:00:00.000000360,35.286766,72,50
1970-01-01 00:00:00.000000361,38.18731,72,50
1970-01-01 00:00:00.000000362,45.30991,72,50
1970-01-01 00:00:00.000000361,53.708767,72,51
1970-01-01 00:00:00.000000362,57.928062,72,51
1970-01-01 00:00:00.000000363,59.02791,72,51
1970-01-01 00:00:00.000000362,55.892582,72,52
1970-01-01 00:00:00.000000363,53.58543,72,52
1970-01-01 00:00:00.000000364,56.153713,72,52
1970-01-01 00:00:00.000000219,53.248753,73,10
1970-01-01 00:00:00.000000220,57.12703,73,10
1970-01-01 00:00:00.000000221,56.16467,73,10
1970-01-01 00:00:00.000000220,62.87951,73,11
1970-01-01 00:00:00.000000221,65.90744,73,11
1970-01-01 00:00:00.000000222,64.695244,73,11
1970-01-01 00:00:00.000000221,72.15864,73,12
1970-01-01 00:00:00.000000222,73.59513,73,12
1970-01-01 00:00:00.000000223,66.30385,73,12
1970-01-01 00:00:00.000000222,57.64271,73,13
1970-01-01 00:00:00.000000223,53.70668,73,13
1970-01-01 00:00:00.000000224,55.660046,73,13
1970-01-01 00:00:00.000000223,55.836235,73,14
1970-01-01 00:00:00.000000224,60.0782,73,14
1970-01-01 00:00:00.000000225,60.8721,73,14
1970-01-01 00:00:00.000000224,65.772896,73,15
1970-01-01 00:00:00.000000225,66.349,73,15
1970-01-01 00:00:00.000000226,65.788956,73,15
1970-01-01 00:00:00.000000225,63.554104,73,16
1970-01-01 00:00:00.000000226,63.152267,73,16
1970-01-01 00:00:00.000000227,61.602425,73,16
1970-01-01 00:00:00.000000226,63.27997,73,17
1970-01-01 00:00:00.000000227,63.468353,73,17
1970-01-01 00:00:00.000000228,62.6948,73,17
1970-01-01 00:00:00.000000227,66.59531,73,18
1970-01-01 00:00:00.000000228,64.11125,73,18
1970-01-01 00:00:00.000000229,65.03154,73,18
1970-01-01 00:00:00.000000228,63.6161,73,19
1970-01-01 00:00:00.000000229,63.813953,73,19
1970-01-01 00:00:00.000000230,63.740868,73,19
1970-01-01 00:00:00.000000229,64.37843,73,20
1970-01-01 00:00:00.000000230,64.6671,73,20
1970-01-01 00:00:00.000000231,65.0723,73,20
1970-01-01 00:00:00.000000230,60.930004,73,21
1970-01-01 00:00:00.000000231,60.951935,73,21
1970-01-01 00:00:00.000000232,58.944103,73,21
1970-01-01 00:00:00.000000231,62.747776,73,22
1970-01-01 00:00:00.000000232,62.670444,73,22
1970-01-01 00:00:00.000000233,62.607716,73,22
1970-01-01 00:00:00.000000232,65.07934,73,23
1970-01-01 00:00:00.000000233,65.874245,73,23
1970-01-01 00:00:00.000000234,66.789566,73,23
1970-01-01 00:00:00.000000233,67.2353,73,24
1970-01-01 00:00:00.000000234,67.22055,73,24
1970-01-01 00:00:00.000000235,67.61515,73,24
1970-01-01 00:00:00.000000234,62.006634,73,25
1970-01-01 00:00:00.000000235,63.591812,73,25
1970-01-01 00:00:00.000000236,63.844643,73,25
1970-01-01 00:00:00.000000235,59.821415,73,26
1970-01-01 00:00:00.000000236,61.537178,73,26
1970-01-01 00:00:00.000000237,61.601532,73,26
1970-01-01 00:00:00.000000236,58.658543,73,27
1970-01-01 00:00:00.000000237,60.067104,73,27
1970-01-01 00:00:00.000000238,62.824165,73,27
1970-01-01 00:00:00.000000237,57.198727,73,28
1970-01-01 00:00:00.000000238,60.38232,73,28
1970-01-01 00:00:00.000000239,60.82152,73,28
1970-01-01 00:00:00.000000238,59.592342,73,29
1970-01-01 00:00:00.000000239,60.334576,73,29
1970-01-01 00:00:00.000000240,59.169147,73,29
1970-01-01 00:00:00.000000239,60.326664,73,30
1970-01-01 00:00:00.000000240,60.072918,73,30
1970-01-01 00:00:00.000000241,59.969402,73,30
1970-01-01 00:00:00.000000240,60.204376,73,31
1970-01-01 00:00:00.000000241,60.286926,73,31
1970-01-01 00:00:00.000000242,60.237373,73,31
1970-01-01 00:00:00.000000241,60.02226,73,32
1970-01-01 00:00:00.000000242,59.963593,73,32
1970-01-01 00:00:00.000000243,59.86003,73,32
1970-01-01 00:00:00.000000242,59.87287,73,33
1970-01-01 00:00:00.000000243,59.82051,73,33
1970-01-01 00:00:00.000000244,59.829185,73,33
1970-01-01 00:00:00.000000243,60.839424,73,34
1970-01-01 00:00:00.000000244,60.952713,73,34
1970-01-01 00:00:00.000000245,60.97103,73,34
1970-01-01 00:00:00.000000116,51.90005,74,10
1970-01-01 00:00:00.000000117,52.278843,74,10
1970-01-01 00:00:00.000000118,52.511253,74,10
1970-01-01 00:00:00.000000117,53.54924,74,11
1970-01-01 00:00:00.000000118,54.025993,74,11
1970-01-01 00:00:00.000000119,54.06549,74,11
1970-01-01 00:00:00.000000118,52.099716,74,12
1970-01-01 00:00:00.000000119,52.314823,74,12
1970-01-01 00:00:00.000000120,52.220028,74,12
1970-01-01 00:00:00.000000119,52.53224,74,13
1970-01-01 00:00:00.000000120,53.308094,74,13
1970-01-01 00:00:00.000000121,52.990303,74,13
1970-01-01 00:00:00.000000120,53.27128,74,14
1970-01-01 00:00:00.000000121,53.939766,74,14
1970-01-01 00:00:00.000000122,53.21996,74,14
1970-01-01 00:00:00.000000121,53.56032,74,15
1970-01-01 00:00:00.000000122,52.400337,74,15
1970-01-01 00:00:00.000000123,52.580692,74,15
1970-01-01 00:00:00.000000122,52.051292,74,16
1970-01-01 00:00:00.000000123,52.844097,74,16
1970-01-01 00:00:00.000000124,51.902824,74,16
1970-01-01 00:00:00.000000129,146.5339,76,10
1970-01-01 00:00:00.000000130,147.29794,76,10
1970-01-01 00:00:00.000000131,147.86462,76,10
1970-01-01 00:00:00.000000130,142.97919,76,11
1970-01-01 00:00:00.000000131,145.56097,76,11
1970-01-01 00:00:00.000000132,145.18448,76,11
1970-01-01 00:00:00.000000131,146.45451,76,12
1970-01-01 00:00:00.000000132,145.75137,76,12
1970-01-01 00:00:00.000000133,145.12675,76,12
1970-01-01 00:00:00.000000132,145.12868,76,13
1970-01-01 00:00:00.000000133,144.74379,76,13
1970-01-01 00:00:00.000000134,145.63107,76,13
1970-01-01 00:00:00.000000133,145.31416,76,14
1970-01-01 00:00:00.000000134,145.45457,76,14
1970-01-01 00:00:00.000000135,145.20976,76,14
1970-01-01 00:00:00.000000134,146.94351,76,15
1970-01-01 00:00:00.000000135,146.83293,76,15
1970-01-01 00:00:00.000000136,146.81969,76,15
1970-01-01 00:00:00.000000135,147.2345,76,16
1970-01-01 00:00:00.000000136,147.0765,76,16
1970-01-01 00:00:00.000000137,147.16351,76,16
1970-01-01 00:00:00.000000136,145.62787,76,17
1970-01-01 00:00:00.000000137,146.26608,76,17
1970-01-01 00:00:00.000000138,145.78284,76,17
1970-01-01 00:00:00.000000137,147.75842,76,18
1970-01-01 00:00:00.000000138,147.69989,76,18
1970-01-01 00:00:00.000000139,148.06299,76,18
1970-01-01 00:00:00.000000151,51.595478,77,10
1970-01-01 00:00:00.000000152,50.99868,77,10
1970-01-01 00:00:00.000000153,50.928055,77,10
1970-01-01 00:00:00.000000152,50.451023,77,11
1970-01-01 00:00:00.000000153,51.380775,77,11
1970-01-01 00:00:00.000000154,51.778732,77,11
1970-01-01 00:00:00.000000153,50.899616,77,12
1970-01-01 00:00:00.000000154,51.749912,77,12
1970-01-01 00:00:00.000000155,51.696617,77,12
1970-01-01 00:00:00.000000154,50.75514,77,13
1970-01-01 00:00:00.000000155,50.586166,77,13
1970-01-01 00:00:00.000000156,49.835712,77,13
1970-01-01 00:00:00.000000155,51.444386,77,14
1970-01-01 00:00:00.000000156,50.17592,77,14
1970-01-01 00:00:00.000000157,50.82123,77,14
1970-01-01 00:00:00.000000156,50.49826,77,15
1970-01-01 00:00:00.000000157,50.881294,77,15
1970-01-01 00:00:00.000000158,50.44164,77,15
1970-01-01 00:00:00.000000157,50.747566,77,16
1970-01-01 00:00:00.000000158,50.464725,77,16
1970-01-01 00:00:00.000000159,50.812458,77,16
1970-01-01 00:00:00.000000158,47.786297,77,17
1970-01-01 00:00:00.000000159,48.75711,77,17
1970-01-01 00:00:00.000000160,48.367702,77,17
1970-01-01 00:00:00.000000159,49.971954,77,18
1970-01-01 00:00:00.000000160,48.95633,77,18
1970-01-01 00:00:00.000000161,50.24699,77,18
1970-01-01 00:00:00.000000160,48.964943,77,19
1970-01-01 00:00:00.000000161,49.989067,77,19
1970-01-01 00:00:00.000000162,49.63575,77,19
1970-01-01 00:00:00.000000161,49.801975,77,20
1970-01-01 00:00:00.000000162,49.28749,77,20
1970-01-01 00:00:00.000000163,50.235886,77,20
1970-01-01 00:00:00.000000162,48.948498,77,21
1970-01-01 00:00:00.000000163,49.593967,77,21
1970-01-01 00:00:00.000000164,48.810604,77,21
1970-01-01 00:00:00.000000163,49.67707,77,22
1970-01-01 00:00:00.000000164,49.049183,77,22
1970-01-01 00:00:00.000000165,49.00674,77,22
1970-01-01 00:00:00.000000098,0.0,78,10
1970-01-01 00:00:00.000000099,0.0,78,10
1970-01-01 00:00:00.000000100,0.0,78,10
1970-01-01 00:00:00.000000099,0.0,78,11
1970-01-01 00:00:00.000000100,0.0,78,11
1970-01-01 00:00:00.000000101,6.0259547,78,11
1970-01-01 00:00:00.000000100,0.0,78,12
1970-01-01 00:00:00.000000101,0.0,78,12
1970-01-01 00:00:00.000000102,3.210985,78,12
1970-01-01 00:00:00.000000101,0.0,78,13
1970-01-01 00:00:00.000000102,0.25253573,78,13
1970-01-01 00:00:00.000000103,2.0302355,78,13
1970-01-01 00:00:00.000000275,101.89754,79,10
1970-01-01 00:00:00.000000276,102.971794,79,10
1970-01-01 00:00:00.000000277,103.22159,79,10
1970-01-01 00:00:00.000000276,100.62449,79,11
1970-01-01 00:00:00.000000277,101.833954,79,11
1970-01-01 00:00:00.000000278,103.318375,79,11
1970-01-01 00:00:00.000000277,105.12666,79,12
1970-01-01 00:00:00.000000278,104.95251,79,12
1970-01-01 00:00:00.000000279,104.80157,79,12
1970-01-01 00:00:00.000000278,102.86683,79,13
1970-01-01 00:00:00.000000279,103.25653,79,13
1970-01-01 00:00:00.000000280,103.26723,79,13
1970-01-01 00:00:00.000000279,102.74852,79,14
1970-01-01 00:00:00.000000280,102.67985,79,14
1970-01-01 00:00:00.000000281,102.63214,79,14
1970-01-01 00:00:00.000000280,103.56517,79,15
1970-01-01 00:00:00.000000281,103.49954,79,15
1970-01-01 00:00:00.000000282,103.54295,79,15
1970-01-01 00:00:00.000000281,102.89979,79,16
1970-01-01 00:00:00.000000282,102.99686,79,16
1970-01-01 00:00:00.000000283,102.98643,79,16
1970-01-01 00:00:00.000000282,103.085884,79,17
1970-01-01 00:00:00.000000283,103.10453,79,17
1970-01-01 00:00:00.000000284,103.138916,79,17
1970-01-01 00:00:00.000000283,102.37261,79,18
1970-01-01 00:00:00.000000284,102.14419,79,18
1970-01-01 00:00:00.000000285,102.336586,79,18
1970-01-01 00:00:00.000000284,102.19423,79,19
1970-01-01 00:00:00.000000285,102.22436,79,19
1970-01-01 00:00:00.000000286,102.12695,79,19
1970-01-01 00:00:00.000000285,101.98592,79,20
1970-01-01 00:00:00.000000286,102.006485,79,20
1970-01-01 00:00:00.000000287,102.44398,79,20
1970-01-01 00:00:00.000000286,101.80187,79,21
1970-01-01 00:00:00.000000287,102.18901,79,21
1970-01-01 00:00:00.000000288,101.900406,79,21
1970-01-01 00:00:00.000000287,102.86793,79,22
1970-01-01 00:00:00.000000288,102.48505,79,22
1970-01-01 00:00:00.000000289,102.5003,79,22
1970-01-01 00:00:00.000000288,99.59882,79,23
1970-01-01 00:00:00.000000289,101.31,79,23
1970-01-01 00:00:00.000000290,100.44937,79,23
1970-01-01 00:00:00.000000289,98.73597,79,24
1970-01-01 00:00:00.000000290,98.53621,79,24
1970-01-01 00:00:00.000000291,99.23104,79,24
1970-01-01 00:00:00.000000290,99.94666,79,25
1970-01-01 00:00:00.000000291,100.47987,79,25
1970-01-01 00:00:00.000000292,100.70614,79,25
1970-01-01 00:00:00.000000291,101.250465,79,26
1970-01-01 00:00:00.000000292,101.59187,79,26
1970-01-01 00:00:00.000000293,100.7222,79,26
1970-01-01 00:00:00.000000292,100.351006,79,27
1970-01-01 00:00:00.000000293,99.930786,79,27
1970-01-01 00:00:00.000000294,100.29423,79,27
1970-01-01 00:00:00.000000293,98.40985,79,28
1970-01-01 00:00:00.000000294,98.85015,79,28
1970-01-01 00:00:00.000000295,98.9658,79,28
1970-01-01 00:00:00.000000294,94.26476,79,29
1970-01-01 00:00:00.000000295,95.579506,79,29
1970-01-01 00:00:00.000000296,96.03904,79,29
1970-01-01 00:00:00.000000295,88.42546,79,30
1970-01-01 00:00:00.000000296,88.56227,79,30
1970-01-01 00:00:00.000000297,89.05315,79,30
1970-01-01 00:00:00.000000296,94.50603,79,31
1970-01-01 00:00:00.000000297,95.3607,79,31
1970-01-01 00:00:00.000000298,94.453316,79,31
1970-01-01 00:00:00.000000297,93.202576,79,32
1970-01-01 00:00:00.000000298,92.605865,79,32
1970-01-01 00:00:00.000000299,94.004715,79,32
1970-01-01 00:00:00.000000298,90.72772,79,33
1970-01-01 00:00:00.000000299,92.891304,79,33
1970-01-01 00:00:00.000000300,92.975,79,33
1970-01-01 00:00:00.000000299,92.994225,79,34
1970-01-01 00:00:00.000000300,94.62306,79,34
1970-01-01 00:00:00.000000301,91.97904,79,34
1970-01-01 00:00:00.000000300,93.57042,79,35
1970-01-01 00:00:00.000000301,92.66247,79,35
1970-01-01 00:00:00.000000302,92.89097,79,35
1970-01-01 00:00:00.000000301,90.33551,79,36
1970-01-01 00:00:00.000000302,91.284935,79,36
1970-01-01 00:00:00.000000303,91.2167,79,36
1970-01-01 00:00:00.000000302,88.71535,79,37
1970-01-01 00:00:00.000000303,88.99877,79,37
1970-01-01 00:00:00.000000304,89.38328,79,37
1970-01-01 00:00:00.000000303,88.891945,79,38
1970-01-01 00:00:00.000000304,89.63359,79,38
1970-01-01 00:00:00.000000305,90.318886,79,38
1970-01-01 00:00:00.000000304,91.59402,79,39
1970-01-01 00:00:00.000000305,92.33373,79,39
1970-01-01 00:00:00.000000306,92.13663,79,39
1970-01-01 00:00:00.000000305,95.39352,79,40
1970-01-01 00:00:00.000000306,93.70124,79,40
1970-01-01 00:00:00.000000307,93.85634,79,40
1970-01-01 00:00:00.000000306,102.661354,79,41
1970-01-01 00:00:00.000000307,103.3864,79,41
1970-01-01 00:00:00.000000308,101.12647,79,41
1970-01-01 00:00:00.000000307,99.81496,79,42
1970-01-01 00:00:00.000000308,97.92308,79,42
1970-01-01 00:00:00.000000309,97.06116,79,42
1970-01-01 00:00:00.000000308,97.03382,79,43
1970-01-01 00:00:00.000000309,95.91434,79,43
1970-01-01 00:00:00.000000310,95.73214,79,43
1970-01-01 00:00:00.000000309,100.00026,79,44
1970-01-01 00:00:00.000000310,99.23777,79,44
1970-01-01 00:00:00.000000311,100.004585,79,44
1970-01-01 00:00:00.000000148,155.57413,80,10
1970-01-01 00:00:00.000000149,157.2867,80,10
1970-01-01 00:00:00.000000150,154.60289,80,10
1970-01-01 00:00:00.000000149,151.55222,80,11
1970-01-01 00:00:00.000000150,150.96942,80,11
1970-01-01 00:00:00.000000151,150.22368,80,11
1970-01-01 00:00:00.000000150,147.55435,80,12
1970-01-01 00:00:00.000000151,147.08302,80,12
1970-01-01 00:00:00.000000152,146.4271,80,12
1970-01-01 00:00:00.000000151,146.49419,80,13
1970-01-01 00:00:00.000000152,146.24533,80,13
1970-01-01 00:00:00.000000153,146.60335,80,13
1970-01-01 00:00:00.000000152,144.19958,80,14
1970-01-01 00:00:00.000000153,145.67842,80,14
1970-01-01 00:00:00.000000154,145.9523,80,14
1970-01-01 00:00:00.000000153,142.57938,80,15
1970-01-01 00:00:00.000000154,143.97275,80,15
1970-01-01 00:00:00.000000155,145.13832,80,15
1970-01-01 00:00:00.000000154,132.15765,80,16
1970-01-01 00:00:00.000000155,131.14946,80,16
1970-01-01 00:00:00.000000156,129.01921,80,16
1970-01-01 00:00:00.000000155,120.059944,80,17
1970-01-01 00:00:00.000000156,110.37319,80,17
1970-01-01 00:00:00.000000157,110.05794,80,17
1970-01-01 00:00:00.000000156,105.835846,80,18
1970-01-01 00:00:00.000000157,104.265335,80,18
1970-01-01 00:00:00.000000158,104.728485,80,18
1970-01-01 00:00:00.000000157,10.2425785,80,19
1970-01-01 00:00:00.000000158,0.0,80,19
1970-01-01 00:00:00.000000159,10.881774,80,19
1970-01-01 00:00:00.000000158,0.0,80,20
1970-01-01 00:00:00.000000159,0.0,80,20
1970-01-01 00:00:00.000000160,0.0,80,20
1970-01-01 00:00:00.000000159,0.0,80,21
1970-01-01 00:00:00.000000160,0.0,80,21
1970-01-01 00:00:00.000000161,7.862062,80,21
1970-01-01 00:00:00.000000160,0.0,80,22
1970-01-01 00:00:00.000000161,3.7935593,80,22
1970-01-01 00:00:00.000000162,33.324883,80,22
1970-01-01 00:00:00.000000125,122.53749,81,10
1970-01-01 00:00:00.000000126,123.37634,81,10
1970-01-01 00:00:00.000000127,123.55927,81,10
1970-01-01 00:00:00.000000126,131.07574,81,11
1970-01-01 00:00:00.000000127,128.91399,81,11
1970-01-01 00:00:00.000000128,127.00527,81,11
1970-01-01 00:00:00.000000127,122.72428,81,12
1970-01-01 00:00:00.000000128,122.38137,81,12
1970-01-01 00:00:00.000000129,125.43034,81,12
1970-01-01 00:00:00.000000128,121.245575,81,13
1970-01-01 00:00:00.000000129,124.39494,81,13
1970-01-01 00:00:00.000000130,124.08789,81,13
1970-01-01 00:00:00.000000129,124.118996,81,14
1970-01-01 00:00:00.000000130,123.18423,81,14
1970-01-01 00:00:00.000000131,121.2389,81,14
1970-01-01 00:00:00.000000130,121.56677,81,15
1970-01-01 00:00:00.000000131,121.87589,81,15
1970-01-01 00:00:00.000000132,124.37348,81,15
1970-01-01 00:00:00.000000131,126.13466,81,16
1970-01-01 00:00:00.000000132,135.98636,81,16
1970-01-01 00:00:00.000000133,136.85992,81,16
1970-01-01 00:00:00.000000132,136.74057,81,17
1970-01-01 00:00:00.000000133,138.28116,81,17
1970-01-01 00:00:00.000000134,136.72337,81,17
1970-01-01 00:00:00.000000133,129.50171,81,18
1970-01-01 00:00:00.000000134,128.7414,81,18
1970-01-01 00:00:00.000000135,128.32977,81,18
1970-01-01 00:00:00.000000318,136.84189,83,10
1970-01-01 00:00:00.000000319,137.6719,83,10
1970-01-01 00:00:00.000000320,136.72873,83,10
1970-01-01 00:00:00.000000319,137.6857,83,11
1970-01-01 00:00:00.000000320,137.68372,83,11
1970-01-01 00:00:00.000000321,137.33063,83,11
1970-01-01 00:00:00.000000320,142.64534,83,12
1970-01-01 00:00:00.000000321,143.59113,83,12
1970-01-01 00:00:00.000000322,143.64803,83,12
1970-01-01 00:00:00.000000321,141.0199,83,13
1970-01-01 00:00:00.000000322,141.79305,83,13
1970-01-01 00:00:00.000000323,141.46071,83,13
1970-01-01 00:00:00.000000322,146.76509,83,14
1970-01-01 00:00:00.000000323,146.63661,83,14
1970-01-01 00:00:00.000000324,146.6261,83,14
1970-01-01 00:00:00.000000323,143.71785,83,15
1970-01-01 00:00:00.000000324,143.11409,83,15
1970-01-01 00:00:00.000000325,142.99577,83,15
1970-01-01 00:00:00.000000324,146.5073,83,16
1970-01-01 00:00:00.000000325,146.47644,83,16
1970-01-01 00:00:00.000000326,146.02998,83,16
1970-01-01 00:00:00.000000325,150.49532,83,17
1970-01-01 00:00:00.000000326,151.30405,83,17
1970-01-01 00:00:00.000000327,150.6581,83,17
1970-01-01 00:00:00.000000326,148.01257,83,18
1970-01-01 00:00:00.000000327,147.90001,83,18
1970-01-01 00:00:00.000000328,147.88264,83,18
1970-01-01 00:00:00.000000327,151.32661,83,19
1970-01-01 00:00:00.000000328,151.32915,83,19
1970-01-01 00:00:00.000000329,151.19263,83,19
1970-01-01 00:00:00.000000328,152.96373,83,20
1970-01-01 00:00:00.000000329,152.92825,83,20
1970-01-01 00:00:00.000000330,152.73798,83,20
1970-01-01 00:00:00.000000329,150.09015,83,21
1970-01-01 00:00:00.000000330,149.8843,83,21
1970-01-01 00:00:00.000000331,148.2769,83,21
1970-01-01 00:00:00.000000330,149.36565,83,22
1970-01-01 00:00:00.000000331,147.59299,83,22
1970-01-01 00:00:00.000000332,146.91841,83,22
1970-01-01 00:00:00.000000331,149.14778,83,23
1970-01-01 00:00:00.000000332,148.64938,83,23
1970-01-01 00:00:00.000000333,149.63568,83,23
1970-01-01 00:00:00.000000332,150.23631,83,24
1970-01-01 00:00:00.000000333,150.62723,83,24
1970-01-01 00:00:00.000000334,149.49957,83,24
1970-01-01 00:00:00.000000333,146.40813,83,25
1970-01-01 00:00:00.000000334,145.83287,83,25
1970-01-01 00:00:00.000000335,147.17252,83,25
1970-01-01 00:00:00.000000334,142.64809,83,26
1970-01-01 00:00:00.000000335,142.58029,83,26
1970-01-01 00:00:00.000000336,143.26328,83,26
1970-01-01 00:00:00.000000335,142.76048,83,27
1970-01-01 00:00:00.000000336,143.85115,83,27
1970-01-01 00:00:00.000000337,144.64226,83,27
1970-01-01 00:00:00.000000336,144.98589,83,28
1970-01-01 00:00:00.000000337,146.60268,83,28
1970-01-01 00:00:00.000000338,147.40321,83,28
1970-01-01 00:00:00.000000337,140.51138,83,29
1970-01-01 00:00:00.000000338,143.1941,83,29
1970-01-01 00:00:00.000000339,143.46126,83,29
1970-01-01 00:00:00.000000338,140.45169,83,30
1970-01-01 00:00:00.000000339,140.32738,83,30
1970-01-01 00:00:00.000000340,139.92851,83,30
1970-01-01 00:00:00.000000339,139.49599,83,31
1970-01-01 00:00:00.000000340,139.19965,83,31
1970-01-01 00:00:00.000000341,140.14839,83,31
1970-01-01 00:00:00.000000340,139.45796,83,32
1970-01-01 00:00:00.000000341,140.67754,83,32
1970-01-01 00:00:00.000000342,141.12424,83,32
1970-01-01 00:00:00.000000341,143.57773,83,33
1970-01-01 00:00:00.000000342,143.63353,83,33
1970-01-01 00:00:00.000000343,143.53429,83,33
1970-01-01 00:00:00.000000342,142.22049,83,34
1970-01-01 00:00:00.000000343,141.92674,83,34
1970-01-01 00:00:00.000000344,141.8962,83,34
1970-01-01 00:00:00.000000343,144.26617,83,35
1970-01-01 00:00:00.000000344,144.57072,83,35
1970-01-01 00:00:00.000000345,144.19159,83,35
1970-01-01 00:00:00.000000344,146.7271,83,36
1970-01-01 00:00:00.000000345,146.90073,83,36
1970-01-01 00:00:00.000000346,146.73817,83,36
1970-01-01 00:00:00.000000345,145.42674,83,37
1970-01-01 00:00:00.000000346,145.43651,83,37
1970-01-01 00:00:00.000000347,145.26167,83,37
1970-01-01 00:00:00.000000346,149.40591,83,38
1970-01-01 00:00:00.000000347,149.90143,83,38
1970-01-01 00:00:00.000000348,149.48683,83,38
1970-01-01 00:00:00.000000347,148.50916,83,39
1970-01-01 00:00:00.000000348,148.28911,83,39
1970-01-01 00:00:00.000000349,146.9794,83,39
1970-01-01 00:00:00.000000348,150.91278,83,40
1970-01-01 00:00:00.000000349,149.65697,83,40
1970-01-01 00:00:00.000000350,150.0838,83,40
1970-01-01 00:00:00.000000349,150.4908,83,41
1970-01-01 00:00:00.000000350,150.76883,83,41
1970-01-01 00:00:00.000000351,150.61575,83,41
1970-01-01 00:00:00.000000350,154.73035,83,42
1970-01-01 00:00:00.000000351,153.94263,83,42
1970-01-01 00:00:00.000000352,154.57214,83,42
1970-01-01 00:00:00.000000351,158.21918,83,43
1970-01-01 00:00:00.000000352,158.67975,83,43
1970-01-01 00:00:00.000000353,157.43864,83,43
1970-01-01 00:00:00.000000352,156.43005,83,44
1970-01-01 00:00:00.000000353,154.89224,83,44
1970-01-01 00:00:00.000000354,154.19522,83,44
1970-01-01 00:00:00.000000353,164.97585,83,45
1970-01-01 00:00:00.000000354,166.88385,83,45
1970-01-01 00:00:00.000000355,166.53728,83,45
1970-01-01 00:00:00.000000354,164.2803,83,46
1970-01-01 00:00:00.000000355,165.40652,83,46
1970-01-01 00:00:00.000000356,164.46825,83,46
1970-01-01 00:00:00.000000355,164.88094,83,47
1970-01-01 00:00:00.000000356,165.31456,83,47
1970-01-01 00:00:00.000000357,164.61192,83,47
1970-01-01 00:00:00.000000356,165.81702,83,48
1970-01-01 00:00:00.000000357,166.03207,83,48
1970-01-01 00:00:00.000000358,165.4194,83,48
1970-01-01 00:00:00.000000357,164.0404,83,49
1970-01-01 00:00:00.000000358,163.72383,83,49
1970-01-01 00:00:00.000000359,162.93042,83,49
1970-01-01 00:00:00.000000358,160.7355,83,50
1970-01-01 00:00:00.000000359,160.6031,83,50
1970-01-01 00:00:00.000000360,160.62509,83,50
1970-01-01 00:00:00.000000359,158.13576,83,51
1970-01-01 00:00:00.000000360,158.54463,83,51
1970-01-01 00:00:00.000000361,159.07231,83,51
1970-01-01 00:00:00.000000360,159.23267,83,52
1970-01-01 00:00:00.000000361,159.50124,83,52
1970-01-01 00:00:00.000000362,159.96025,83,52
1970-01-01 00:00:00.000000110,187.89677,84,10
1970-01-01 00:00:00.000000111,187.75931,84,10
1970-01-01 00:00:00.000000112,187.69153,84,10
1970-01-01 00:00:00.000000111,187.5432,84,11
1970-01-01 00:00:00.000000112,187.61942,84,11
1970-01-01 00:00:00.000000113,187.58398,84,11
1970-01-01 00:00:00.000000112,187.14128,84,12
1970-01-01 00:00:00.000000113,187.28708,84,12
1970-01-01 00:00:00.000000114,187.25444,84,12
1970-01-01 00:00:00.000000113,186.01717,84,13
1970-01-01 00:00:00.000000114,186.31554,84,13
1970-01-01 00:00:00.000000115,186.38437,84,13
1970-01-01 00:00:00.000000114,187.56949,84,14
1970-01-01 00:00:00.000000115,187.68692,84,14
1970-01-01 00:00:00.000000116,187.74077,84,14
1970-01-01 00:00:00.000000115,190.98854,84,15
1970-01-01 00:00:00.000000116,190.94066,84,15
1970-01-01 00:00:00.000000117,189.78438,84,15
1970-01-01 00:00:00.000000118,136.50052,85,10
1970-01-01 00:00:00.000000119,134.87535,85,10
1970-01-01 00:00:00.000000120,135.0268,85,10
1970-01-01 00:00:00.000000119,134.83566,85,11
1970-01-01 00:00:00.000000120,133.30986,85,11
1970-01-01 00:00:00.000000121,133.83893,85,11
1970-01-01 00:00:00.000000120,137.52264,85,12
1970-01-01 00:00:00.000000121,137.54071,85,12
1970-01-01 00:00:00.000000122,137.84048,85,12
1970-01-01 00:00:00.000000121,137.88348,85,13
1970-01-01 00:00:00.000000122,138.03961,85,13
1970-01-01 00:00:00.000000123,138.60197,85,13
1970-01-01 00:00:00.000000122,140.44699,85,14
1970-01-01 00:00:00.000000123,141.0348,85,14
1970-01-01 00:00:00.000000124,140.92566,85,14
1970-01-01 00:00:00.000000123,144.53946,85,15
1970-01-01 00:00:00.000000124,144.07256,85,15
1970-01-01 00:00:00.000000125,143.41487,85,15
1970-01-01 00:00:00.000000124,148.05864,85,16
1970-01-01 00:00:00.000000125,147.35533,85,16
1970-01-01 00:00:00.000000126,143.59044,85,16
1970-01-01 00:00:00.000000215,148.10493,86,10
1970-01-01 00:00:00.000000216,149.23764,86,10
1970-01-01 00:00:00.000000217,148.59521,86,10
1970-01-01 00:00:00.000000216,153.7906,86,11
1970-01-01 00:00:00.000000217,154.06847,86,11
1970-01-01 00:00:00.000000218,151.58548,86,11
1970-01-01 00:00:00.000000217,152.30301,86,12
1970-01-01 00:00:00.000000218,148.89488,86,12
1970-01-01 00:00:00.000000219,146.61765,86,12
1970-01-01 00:00:00.000000218,149.95607,86,13
1970-01-01 00:00:00.000000219,144.30495,86,13
1970-01-01 00:00:00.000000220,143.7933,86,13
1970-01-01 00:00:00.000000219,142.8126,86,14
1970-01-01 00:00:00.000000220,145.69632,86,14
1970-01-01 00:00:00.000000221,147.98415,86,14
1970-01-01 00:00:00.000000220,139.47757,86,15
1970-01-01 00:00:00.000000221,144.64229,86,15
1970-01-01 00:00:00.000000222,144.04335,86,15
1970-01-01 00:00:00.000000221,143.1674,86,16
1970-01-01 00:00:00.000000222,143.26889,86,16
1970-01-01 00:00:00.000000223,143.25606,86,16
1970-01-01 00:00:00.000000222,137.70802,86,17
1970-01-01 00:00:00.000000223,138.38094,86,17
1970-01-01 00:00:00.000000224,139.81871,86,17
1970-01-01 00:00:00.000000223,141.1718,86,18
1970-01-01 00:00:00.000000224,142.36755,86,18
1970-01-01 00:00:00.000000225,142.54016,86,18
1970-01-01 00:00:00.000000224,144.12535,86,19
1970-01-01 00:00:00.000000225,143.31137,86,19
1970-01-01 00:00:00.000000226,142.70468,86,19
1970-01-01 00:00:00.000000225,148.41573,86,20
1970-01-01 00:00:00.000000226,147.37007,86,20
1970-01-01 00:00:00.000000227,147.46716,86,20
1970-01-01 00:00:00.000000226,149.528,86,21
1970-01-01 00:00:00.000000227,149.71968,86,21
1970-01-01 00:00:00.000000228,148.4536,86,21
1970-01-01 00:00:00.000000227,153.56819,86,22
1970-01-01 00:00:00.000000228,153.22105,86,22
1970-01-01 00:00:00.000000229,152.68748,86,22
1970-01-01 00:00:00.000000228,146.02377,86,23
1970-01-01 00:00:00.000000229,145.47624,86,23
1970-01-01 00:00:00.000000230,144.71745,86,23
1970-01-01 00:00:00.000000229,139.13388,86,24
1970-01-01 00:00:00.000000230,139.85805,86,24
1970-01-01 00:00:00.000000231,138.74632,86,24
1970-01-01 00:00:00.000000230,131.58534,86,25
1970-01-01 00:00:00.000000231,132.6285,86,25
1970-01-01 00:00:00.000000232,135.31589,86,25
1970-01-01 00:00:00.000000231,134.85011,86,26
1970-01-01 00:00:00.000000232,137.58966,86,26
1970-01-01 00:00:00.000000233,139.53511,86,26
1970-01-01 00:00:00.000000232,139.11395,86,27
1970-01-01 00:00:00.000000233,140.91577,86,27
1970-01-01 00:00:00.000000234,140.63387,86,27
1970-01-01 00:00:00.000000233,132.4787,86,28
1970-01-01 00:00:00.000000234,133.14336,86,28
1970-01-01 00:00:00.000000235,131.93794,86,28
1970-01-01 00:00:00.000000234,132.26839,86,29
1970-01-01 00:00:00.000000235,130.66718,86,29
1970-01-01 00:00:00.000000236,131.61072,86,29
1970-01-01 00:00:00.000000235,134.75752,86,30
1970-01-01 00:00:00.000000236,134.95265,86,30
1970-01-01 00:00:00.000000237,135.92287,86,30
1970-01-01 00:00:00.000000236,137.04297,86,31
1970-01-01 00:00:00.000000237,136.47256,86,31
1970-01-01 00:00:00.000000238,136.93872,86,31
1970-01-01 00:00:00.000000237,146.36612,86,32
1970-01-01 00:00:00.000000238,146.65721,86,32
1970-01-01 00:00:00.000000239,145.00333,86,32
1970-01-01 00:00:00.000000238,158.11183,86,33
1970-01-01 00:00:00.000000239,158.54558,86,33
1970-01-01 00:00:00.000000240,154.80965,86,33
1970-01-01 00:00:00.000000385,122.6509,87,10
1970-01-01 00:00:00.000000386,122.10064,87,10
1970-01-01 00:00:00.000000387,121.935905,87,10
1970-01-01 00:00:00.000000386,124.71773,87,11
1970-01-01 00:00:00.000000387,124.6203,87,11
1970-01-01 00:00:00.000000388,124.43041,87,11
1970-01-01 00:00:00.000000387,133.05727,87,12
1970-01-01 00:00:00.000000388,134.63579,87,12
1970-01-01 00:00:00.000000389,133.45645,87,12
1970-01-01 00:00:00.000000388,126.71859,87,13
1970-01-01 00:00:00.000000389,126.1882,87,13
1970-01-01 00:00:00.000000390,125.7017,87,13
1970-01-01 00:00:00.000000389,124.06572,87,14
1970-01-01 00:00:00.000000390,124.40762,87,14
1970-01-01 00:00:00.000000391,124.48401,87,14
1970-01-01 00:00:00.000000390,120.20349,87,15
1970-01-01 00:00:00.000000391,121.620514,87,15
1970-01-01 00:00:00.000000392,122.96552,87,15
1970-01-01 00:00:00.000000391,117.706856,87,16
1970-01-01 00:00:00.000000392,119.51864,87,16
1970-01-01 00:00:00.000000393,119.85132,87,16
1970-01-01 00:00:00.000000392,116.16226,87,17
1970-01-01 00:00:00.000000393,116.27318,87,17
1970-01-01 00:00:00.000000394,116.94297,87,17
1970-01-01 00:00:00.000000393,115.57938,87,18
1970-01-01 00:00:00.000000394,116.31723,87,18
1970-01-01 00:00:00.000000395,117.486946,87,18
1970-01-01 00:00:00.000000394,123.96762,87,19
1970-01-01 00:00:00.000000395,123.47687,87,19
1970-01-01 00:00:00.000000396,122.618195,87,19
1970-01-01 00:00:00.000000395,128.05437,87,20
1970-01-01 00:00:00.000000396,126.33917,87,20
1970-01-01 00:00:00.000000397,126.07709,87,20
1970-01-01 00:00:00.000000396,121.88931,87,21
1970-01-01 00:00:00.000000397,122.27418,87,21
1970-01-01 00:00:00.000000398,122.273254,87,21
1970-01-01 00:00:00.000000397,127.73528,87,22
1970-01-01 00:00:00.000000398,127.13872,87,22
1970-01-01 00:00:00.000000399,127.301956,87,22
1970-01-01 00:00:00.000000398,125.12198,87,23
1970-01-01 00:00:00.000000399,126.37903,87,23
1970-01-01 00:00:00.000000400,123.326706,87,23
1970-01-01 00:00:00.000000399,112.20952,87,24
1970-01-01 00:00:00.000000400,117.148094,87,24
1970-01-01 00:00:00.000000401,120.019875,87,24
1970-01-01 00:00:00.000000400,108.74753,87,25
1970-01-01 00:00:00.000000401,110.31161,87,25
1970-01-01 00:00:00.000000402,111.55669,87,25
1970-01-01 00:00:00.000000401,118.479004,87,26
1970-01-01 00:00:00.000000402,122.78259,87,26
1970-01-01 00:00:00.000000403,122.42315,87,26
1970-01-01 00:00:00.000000402,112.71476,87,27
1970-01-01 00:00:00.000000403,113.13109,87,27
1970-01-01 00:00:00.000000404,114.340614,87,27
1970-01-01 00:00:00.000000403,111.08868,87,28
1970-01-01 00:00:00.000000404,113.41385,87,28
1970-01-01 00:00:00.000000405,115.53071,87,28
1970-01-01 00:00:00.000000404,120.1795,87,29
1970-01-01 00:00:00.000000405,121.838104,87,29
1970-01-01 00:00:00.000000406,121.49587,87,29
1970-01-01 00:00:00.000000405,121.641266,87,30
1970-01-01 00:00:00.000000406,122.79744,87,30
1970-01-01 00:00:00.000000407,122.17285,87,30
1970-01-01 00:00:00.000000406,118.610695,87,31
1970-01-01 00:00:00.000000407,119.6689,87,31
1970-01-01 00:00:00.000000408,119.01382,87,31
1970-01-01 00:00:00.000000407,120.83207,87,32
1970-01-01 00:00:00.000000408,120.61692,87,32
1970-01-01 00:00:00.000000409,120.29238,87,32
1970-01-01 00:00:00.000000408,120.554436,87,33
1970-01-01 00:00:00.000000409,120.57012,87,33
1970-01-01 00:00:00.000000410,120.68708,87,33
1970-01-01 00:00:00.000000409,120.15293,87,34
1970-01-01 00:00:00.000000410,120.159004,87,34
1970-01-01 00:00:00.000000411,120.245026,87,34
1970-01-01 00:00:00.000000410,121.44326,87,35
1970-01-01 00:00:00.000000411,121.956795,87,35
1970-01-01 00:00:00.000000412,121.67875,87,35
1970-01-01 00:00:00.000000411,127.2358,87,36
1970-01-01 00:00:00.000000412,127.139435,87,36
1970-01-01 00:00:00.000000413,126.76513,87,36
1970-01-01 00:00:00.000000412,122.90379,87,37
1970-01-01 00:00:00.000000413,122.878265,87,37
1970-01-01 00:00:00.000000414,124.291214,87,37
1970-01-01 00:00:00.000000413,117.65355,87,38
1970-01-01 00:00:00.000000414,120.04488,87,38
1970-01-01 00:00:00.000000415,119.37585,87,38
1970-01-01 00:00:00.000000414,124.927345,87,39
1970-01-01 00:00:00.000000415,123.67163,87,39
1970-01-01 00:00:00.000000416,124.17698,87,39
1970-01-01 00:00:00.000000415,120.577,87,40
1970-01-01 00:00:00.000000416,121.963715,87,40
1970-01-01 00:00:00.000000417,121.35993,87,40
1970-01-01 00:00:00.000000416,115.4421,87,41
1970-01-01 00:00:00.000000417,115.4629,87,41
1970-01-01 00:00:00.000000418,117.40188,87,41
1970-01-01 00:00:00.000000417,116.71522,87,42
1970-01-01 00:00:00.000000418,118.59181,87,42
1970-01-01 00:00:00.000000419,119.78138,87,42
1970-01-01 00:00:00.000000418,114.70854,87,43
1970-01-01 00:00:00.000000419,116.78778,87,43
1970-01-01 00:00:00.000000420,115.82182,87,43
1970-01-01 00:00:00.000000419,114.681885,87,44
1970-01-01 00:00:00.000000420,114.16339,87,44
1970-01-01 00:00:00.000000421,115.768745,87,44
1970-01-01 00:00:00.000000420,108.22707,87,45
1970-01-01 00:00:00.000000421,109.43168,87,45
1970-01-01 00:00:00.000000422,108.60323,87,45
1970-01-01 00:00:00.000000421,108.342094,87,46
1970-01-01 00:00:00.000000422,107.57929,87,46
1970-01-01 00:00:00.000000423,108.88388,87,46
1970-01-01 00:00:00.000000422,101.91929,87,47
1970-01-01 00:00:00.000000423,103.41649,87,47
1970-01-01 00:00:00.000000424,104.77709,87,47
1970-01-01 00:00:00.000000423,95.88045,87,48
1970-01-01 00:00:00.000000424,96.59233,87,48
1970-01-01 00:00:00.000000425,95.45391,87,48
1970-01-01 00:00:00.000000424,97.5411,87,49
1970-01-01 00:00:00.000000425,98.67162,87,49
1970-01-01 00:00:00.000000426,100.4325,87,49
1970-01-01 00:00:00.000000425,100.27762,87,50
1970-01-01 00:00:00.000000426,101.39676,87,50
1970-01-01 00:00:00.000000427,101.6494,87,50
1970-01-01 00:00:00.000000426,104.70525,87,51
1970-01-01 00:00:00.000000427,96.468254,87,51
1970-01-01 00:00:00.000000428,92.82834,87,51
1970-01-01 00:00:00.000000427,124.58836,87,52
1970-01-01 00:00:00.000000428,120.1065,87,52
1970-01-01 00:00:00.000000429,117.63857,87,52
1970-01-01 00:00:00.000000428,109.61495,87,53
1970-01-01 00:00:00.000000429,107.24368,87,53
1970-01-01 00:00:00.000000430,106.93184,87,53
1970-01-01 00:00:00.000000429,103.22017,87,54
1970-01-01 00:00:00.000000430,103.985916,87,54
1970-01-01 00:00:00.000000431,106.76267,87,54
1970-01-01 00:00:00.000000430,89.41463,87,55
1970-01-01 00:00:00.000000431,92.52384,87,55
1970-01-01 00:00:00.000000432,95.682495,87,55
1970-01-01 00:00:00.000000431,92.19481,87,56
1970-01-01 00:00:00.000000432,99.68887,87,56
1970-01-01 00:00:00.000000433,106.340416,87,56
1970-01-01 00:00:00.000000432,107.71462,87,57
1970-01-01 00:00:00.000000433,110.80173,87,57
1970-01-01 00:00:00.000000434,110.649956,87,57
1970-01-01 00:00:00.000000433,115.76362,87,58
1970-01-01 00:00:00.000000434,113.52453,87,58
1970-01-01 00:00:00.000000435,113.17119,87,58
1970-01-01 00:00:00.000000434,83.773636,87,59
1970-01-01 00:00:00.000000435,91.62832,87,59
1970-01-01 00:00:00.000000436,99.39093,87,59
1970-01-01 00:00:00.000000435,74.669044,87,60
1970-01-01 00:00:00.000000436,90.16127,87,60
1970-01-01 00:00:00.000000437,90.05155,87,60
1970-01-01 00:00:00.000000436,70.93576,87,61
1970-01-01 00:00:00.000000437,76.760155,87,61
1970-01-01 00:00:00.000000438,75.65409,87,61
1970-01-01 00:00:00.000000437,88.905,87,62
1970-01-01 00:00:00.000000438,85.4027,87,62
1970-01-01 00:00:00.000000439,85.89417,87,62
1970-01-01 00:00:00.000000438,73.50386,87,63
1970-01-01 00:00:00.000000439,77.966064,87,63
1970-01-01 00:00:00.000000440,76.53879,87,63
1970-01-01 00:00:00.000000439,97.79872,87,64
1970-01-01 00:00:00.000000440,93.56648,87,64
1970-01-01 00:00:00.000000441,87.80492,87,64
1970-01-01 00:00:00.000000355,142.31042,88,10
1970-01-01 00:00:00.000000356,139.9986,88,10
1970-01-01 00:00:00.000000357,140.9824,88,10
1970-01-01 00:00:00.000000356,144.0453,88,11
1970-01-01 00:00:00.000000357,143.67989,88,11
1970-01-01 00:00:00.000000358,144.54784,88,11
1970-01-01 00:00:00.000000357,145.01608,88,12
1970-01-01 00:00:00.000000358,144.3011,88,12
1970-01-01 00:00:00.000000359,144.25912,88,12
1970-01-01 00:00:00.000000358,145.36052,88,13
1970-01-01 00:00:00.000000359,144.88399,88,13
1970-01-01 00:00:00.000000360,144.96733,88,13
1970-01-01 00:00:00.000000359,146.77187,88,14
1970-01-01 00:00:00.000000360,146.34972,88,14
1970-01-01 00:00:00.000000361,146.45857,88,14
1970-01-01 00:00:00.000000360,145.5173,88,15
1970-01-01 00:00:00.000000361,145.40492,88,15
1970-01-01 00:00:00.000000362,145.58382,88,15
1970-01-01 00:00:00.000000361,143.02402,88,16
1970-01-01 00:00:00.000000362,144.04845,88,16
1970-01-01 00:00:00.000000363,142.62494,88,16
1970-01-01 00:00:00.000000362,142.55103,88,17
1970-01-01 00:00:00.000000363,141.15872,88,17
1970-01-01 00:00:00.000000364,142.46211,88,17
1970-01-01 00:00:00.000000363,136.53375,88,18
1970-01-01 00:00:00.000000364,137.21298,88,18
1970-01-01 00:00:00.000000365,137.91988,88,18
1970-01-01 00:00:00.000000364,138.9075,88,19
1970-01-01 00:00:00.000000365,140.09247,88,19
1970-01-01 00:00:00.000000366,140.65569,88,19
1970-01-01 00:00:00.000000365,140.62546,88,20
1970-01-01 00:00:00.000000366,141.23372,88,20
1970-01-01 00:00:00.000000367,140.65941,88,20
1970-01-01 00:00:00.000000366,140.17378,88,21
1970-01-01 00:00:00.000000367,140.14117,88,21
1970-01-01 00:00:00.000000368,140.46414,88,21
1970-01-01 00:00:00.000000367,140.32645,88,22
1970-01-01 00:00:00.000000368,140.76978,88,22
1970-01-01 00:00:00.000000369,140.5518,88,22
1970-01-01 00:00:00.000000368,142.41069,88,23
1970-01-01 00:00:00.000000369,142.50655,88,23
1970-01-01 00:00:00.000000370,142.14159,88,23
1970-01-01 00:00:00.000000369,146.35,88,24
1970-01-01 00:00:00.000000370,145.84767,88,24
1970-01-01 00:00:00.000000371,145.332,88,24
1970-01-01 00:00:00.000000370,143.18207,88,25
1970-01-01 00:00:00.000000371,142.55858,88,25
1970-01-01 00:00:00.000000372,142.66798,88,25
1970-01-01 00:00:00.000000371,145.00409,88,26
1970-01-01 00:00:00.000000372,144.76952,88,26
1970-01-01 00:00:00.000000373,144.75046,88,26
1970-01-01 00:00:00.000000372,146.38594,88,27
1970-01-01 00:00:00.000000373,146.10356,88,27
1970-01-01 00:00:00.000000374,146.09047,88,27
1970-01-01 00:00:00.000000373,147.43796,88,28
1970-01-01 00:00:00.000000374,147.48709,88,28
1970-01-01 00:00:00.000000375,147.60233,88,28
1970-01-01 00:00:00.000000374,147.85521,88,29
1970-01-01 00:00:00.000000375,147.76889,88,29
1970-01-01 00:00:00.000000376,147.70721,88,29
1970-01-01 00:00:00.000000375,147.13036,88,30
1970-01-01 00:00:00.000000376,147.0457,88,30
1970-01-01 00:00:00.000000377,147.04237,88,30
1970-01-01 00:00:00.000000376,144.21771,88,31
1970-01-01 00:00:00.000000377,143.65576,88,31
1970-01-01 00:00:00.000000378,143.85367,88,31
1970-01-01 00:00:00.000000377,141.03511,88,32
1970-01-01 00:00:00.000000378,141.21849,88,32
1970-01-01 00:00:00.000000379,141.30026,88,32
1970-01-01 00:00:00.000000378,138.53421,88,33
1970-01-01 00:00:00.000000379,138.76863,88,33
1970-01-01 00:00:00.000000380,138.55144,88,33
1970-01-01 00:00:00.000000379,141.17783,88,34
1970-01-01 00:00:00.000000380,141.53229,88,34
1970-01-01 00:00:00.000000381,141.9452,88,34
1970-01-01 00:00:00.000000380,140.72096,88,35
1970-01-01 00:00:00.000000381,140.88734,88,35
1970-01-01 00:00:00.000000382,141.04991,88,35
1970-01-01 00:00:00.000000381,144.07489,88,36
1970-01-01 00:00:00.000000382,143.37048,88,36
1970-01-01 00:00:00.000000383,142.03848,88,36
1970-01-01 00:00:00.000000382,143.13408,88,37
1970-01-01 00:00:00.000000383,141.70944,88,37
1970-01-01 00:00:00.000000384,143.04701,88,37
1970-01-01 00:00:00.000000383,149.1398,88,38
1970-01-01 00:00:00.000000384,149.80412,88,38
1970-01-01 00:00:00.000000385,149.28828,88,38
1970-01-01 00:00:00.000000384,148.71104,88,39
1970-01-01 00:00:00.000000385,148.43837,88,39
1970-01-01 00:00:00.000000386,148.22404,88,39
1970-01-01 00:00:00.000000385,152.72299,88,40
1970-01-01 00:00:00.000000386,152.64128,88,40
1970-01-01 00:00:00.000000387,152.59277,88,40
1970-01-01 00:00:00.000000386,158.22536,88,41
1970-01-01 00:00:00.000000387,159.72456,88,41
1970-01-01 00:00:00.000000388,159.25218,88,41
1970-01-01 00:00:00.000000387,165.73883,88,42
1970-01-01 00:00:00.000000388,167.7216,88,42
1970-01-01 00:00:00.000000389,166.76344,88,42
1970-01-01 00:00:00.000000388,164.67497,88,43
1970-01-01 00:00:00.000000389,165.93347,88,43
1970-01-01 00:00:00.000000390,165.24667,88,43
1970-01-01 00:00:00.000000389,166.33368,88,44
1970-01-01 00:00:00.000000390,167.2921,88,44
1970-01-01 00:00:00.000000391,166.22357,88,44
1970-01-01 00:00:00.000000390,170.51434,88,45
1970-01-01 00:00:00.000000391,170.97731,88,45
1970-01-01 00:00:00.000000392,170.58505,88,45
1970-01-01 00:00:00.000000391,166.86162,88,46
1970-01-01 00:00:00.000000392,166.66399,88,46
1970-01-01 00:00:00.000000393,165.93796,88,46
1970-01-01 00:00:00.000000392,169.48701,88,47
1970-01-01 00:00:00.000000393,166.76248,88,47
1970-01-01 00:00:00.000000394,165.41992,88,47
1970-01-01 00:00:00.000000393,174.63983,88,48
1970-01-01 00:00:00.000000394,171.71133,88,48
1970-01-01 00:00:00.000000395,172.17502,88,48
1970-01-01 00:00:00.000000394,177.9393,88,49
1970-01-01 00:00:00.000000395,175.965,88,49
1970-01-01 00:00:00.000000396,176.13911,88,49
1970-01-01 00:00:00.000000395,177.30711,88,50
1970-01-01 00:00:00.000000396,175.73604,88,50
1970-01-01 00:00:00.000000397,175.02988,88,50
1970-01-01 00:00:00.000000396,180.27751,88,51
1970-01-01 00:00:00.000000397,179.7445,88,51
1970-01-01 00:00:00.000000398,179.6975,88,51
1970-01-01 00:00:00.000000397,184.5762,88,52
1970-01-01 00:00:00.000000398,184.2383,88,52
1970-01-01 00:00:00.000000399,184.4135,88,52
1970-01-01 00:00:00.000000398,186.29752,88,53
1970-01-01 00:00:00.000000399,185.55844,88,53
1970-01-01 00:00:00.000000400,186.58794,88,53
1970-01-01 00:00:00.000000399,196.44981,88,54
1970-01-01 00:00:00.000000400,201.15167,88,54
1970-01-01 00:00:00.000000401,201.6019,88,54
1970-01-01 00:00:00.000000400,200.45776,88,55
1970-01-01 00:00:00.000000401,202.05148,88,55
1970-01-01 00:00:00.000000402,201.38776,88,55
1970-01-01 00:00:00.000000401,200.18004,88,56
1970-01-01 00:00:00.000000402,201.32388,88,56
1970-01-01 00:00:00.000000403,200.27803,88,56
1970-01-01 00:00:00.000000402,193.55309,88,57
1970-01-01 00:00:00.000000403,193.11778,88,57
1970-01-01 00:00:00.000000404,193.10547,88,57
1970-01-01 00:00:00.000000403,191.77615,88,58
1970-01-01 00:00:00.000000404,192.0892,88,58
1970-01-01 00:00:00.000000405,192.2733,88,58
1970-01-01 00:00:00.000000093,0.0,89,10
1970-01-01 00:00:00.000000094,0.0,89,10
1970-01-01 00:00:00.000000095,3.4337978,89,10
1970-01-01 00:00:00.000000094,0.0,89,11
1970-01-01 00:00:00.000000095,1.533085,89,11
1970-01-01 00:00:00.000000096,8.815596,89,11
1970-01-01 00:00:00.000000095,0.0,89,12
1970-01-01 00:00:00.000000096,2.3028007,89,12
1970-01-01 00:00:00.000000097,5.6040463,89,12
1970-01-01 00:00:00.000000101,39.83009,92,10
1970-01-01 00:00:00.000000102,39.539833,92,10
1970-01-01 00:00:00.000000103,40.667606,92,10
1970-01-01 00:00:00.000000102,40.461624,92,11
1970-01-01 00:00:00.000000103,40.89714,92,11
1970-01-01 00:00:00.000000104,40.2709,92,11
1970-01-01 00:00:00.000000103,40.96494,92,12
1970-01-01 00:00:00.000000104,40.598236,92,12
1970-01-01 00:00:00.000000105,40.46351,92,12
1970-01-01 00:00:00.000000104,41.25472,92,13
1970-01-01 00:00:00.000000105,40.981953,92,13
1970-01-01 00:00:00.000000106,39.075817,92,13
1970-01-01 00:00:00.000000166,88.77921,93,10
1970-01-01 00:00:00.000000167,90.5712,93,10
1970-01-01 00:00:00.000000168,93.03326,93,10
1970-01-01 00:00:00.000000167,81.94185,93,11
1970-01-01 00:00:00.000000168,86.022156,93,11
1970-01-01 00:00:00.000000169,85.648766,93,11
1970-01-01 00:00:00.000000168,71.67956,93,12
1970-01-01 00:00:00.000000169,75.960236,93,12
1970-01-01 00:00:00.000000170,78.56404,93,12
1970-01-01 00:00:00.000000169,70.76768,93,13
1970-01-01 00:00:00.000000170,76.55619,93,13
1970-01-01 00:00:00.000000171,80.07092,93,13
1970-01-01 00:00:00.000000170,80.90115,93,14
1970-01-01 00:00:00.000000171,83.042725,93,14
1970-01-01 00:00:00.000000172,83.38769,93,14
1970-01-01 00:00:00.000000171,80.14648,93,15
1970-01-01 00:00:00.000000172,81.524826,93,15
1970-01-01 00:00:00.000000173,82.05303,93,15
1970-01-01 00:00:00.000000172,89.3839,93,16
1970-01-01 00:00:00.000000173,90.62657,93,16
1970-01-01 00:00:00.000000174,88.23637,93,16
1970-01-01 00:00:00.000000173,104.630875,93,17
1970-01-01 00:00:00.000000174,109.603325,93,17
1970-01-01 00:00:00.000000175,114.67916,93,17
1970-01-01 00:00:00.000000174,126.64617,93,18
1970-01-01 00:00:00.000000175,137.2853,93,18
1970-01-01 00:00:00.000000176,137.89795,93,18
1970-01-01 00:00:00.000000175,134.4348,93,19
1970-01-01 00:00:00.000000176,140.61588,93,19
1970-01-01 00:00:00.000000177,137.29852,93,19
1970-01-01 00:00:00.000000176,106.23157,93,20
1970-01-01 00:00:00.000000177,105.05765,93,20
1970-01-01 00:00:00.000000178,104.448616,93,20
1970-01-01 00:00:00.000000177,26.282095,93,21
1970-01-01 00:00:00.000000178,27.662254,93,21
1970-01-01 00:00:00.000000179,38.382584,93,21
1970-01-01 00:00:00.000000178,0.0,93,22
1970-01-01 00:00:00.000000179,0.0,93,22
1970-01-01 00:00:00.000000180,5.0902395,93,22
1970-01-01 00:00:00.000000179,0.0,93,23
1970-01-01 00:00:00.000000180,2.7102225,93,23
1970-01-01 00:00:00.000000181,10.836568,93,23
1970-01-01 00:00:00.000000180,0.0,93,24
1970-01-01 00:00:00.000000181,0.0,93,24
1970-01-01 00:00:00.000000182,3.1515613,93,24
1970-01-01 00:00:00.000000181,0.0,93,25
1970-01-01 00:00:00.000000182,1.7347109,93,25
1970-01-01 00:00:00.000000183,4.1907687,93,25
1970-01-01 00:00:00.000000114,94.99812,95,10
1970-01-01 00:00:00.000000115,94.14127,95,10
1970-01-01 00:00:00.000000116,92.14328,95,10
1970-01-01 00:00:00.000000115,89.526924,95,11
1970-01-01 00:00:00.000000116,89.9422,95,11
1970-01-01 00:00:00.000000117,89.4108,95,11
1970-01-01 00:00:00.000000116,93.3213,95,12
1970-01-01 00:00:00.000000117,94.13155,95,12
1970-01-01 00:00:00.000000118,93.92655,95,12
1970-01-01 00:00:00.000000117,91.08265,95,13
1970-01-01 00:00:00.000000118,87.86182,95,13
1970-01-01 00:00:00.000000119,89.644424,95,13
1970-01-01 00:00:00.000000118,85.90274,95,14
1970-01-01 00:00:00.000000119,86.75771,95,14
1970-01-01 00:00:00.000000120,85.45334,95,14
1970-01-01 00:00:00.000000119,83.57482,95,15
1970-01-01 00:00:00.000000120,81.32551,95,15
1970-01-01 00:00:00.000000121,84.372574,95,15
1970-01-01 00:00:00.000000120,84.84717,95,16
1970-01-01 00:00:00.000000121,90.47938,95,16
1970-01-01 00:00:00.000000122,87.40158,95,16
1970-01-01 00:00:00.000000183,106.38377,96,10
1970-01-01 00:00:00.000000184,106.75498,96,10
1970-01-01 00:00:00.000000185,107.382545,96,10
1970-01-01 00:00:00.000000184,111.33199,96,11
1970-01-01 00:00:00.000000185,111.04816,96,11
1970-01-01 00:00:00.000000186,113.05465,96,11
1970-01-01 00:00:00.000000185,111.91083,96,12
1970-01-01 00:00:00.000000186,112.17913,96,12
1970-01-01 00:00:00.000000187,113.20737,96,12
1970-01-01 00:00:00.000000186,111.165436,96,13
1970-01-01 00:00:00.000000187,112.83757,96,13
1970-01-01 00:00:00.000000188,114.06206,96,13
1970-01-01 00:00:00.000000187,114.558876,96,14
1970-01-01 00:00:00.000000188,115.21613,96,14
1970-01-01 00:00:00.000000189,115.984856,96,14
1970-01-01 00:00:00.000000188,118.82622,96,15
1970-01-01 00:00:00.000000189,117.75506,96,15
1970-01-01 00:00:00.000000190,116.71902,96,15
1970-01-01 00:00:00.000000189,117.56627,96,16
1970-01-01 00:00:00.000000190,116.97219,96,16
1970-01-01 00:00:00.000000191,118.67154,96,16
1970-01-01 00:00:00.000000190,118.020874,96,17
1970-01-01 00:00:00.000000191,119.571724,96,17
1970-01-01 00:00:00.000000192,116.463486,96,17
1970-01-01 00:00:00.000000191,118.43612,96,18
1970-01-01 00:00:00.000000192,116.97205,96,18
1970-01-01 00:00:00.000000193,117.898,96,18
1970-01-01 00:00:00.000000192,118.542694,96,19
1970-01-01 00:00:00.000000193,119.62965,96,19
1970-01-01 00:00:00.000000194,119.0306,96,19
1970-01-01 00:00:00.000000193,121.31707,96,20
1970-01-01 00:00:00.000000194,120.1669,96,20
1970-01-01 00:00:00.000000195,120.124756,96,20
1970-01-01 00:00:00.000000194,121.83382,96,21
1970-01-01 00:00:00.000000195,121.40621,96,21
1970-01-01 00:00:00.000000196,122.10454,96,21
1970-01-01 00:00:00.000000195,119.9533,96,22
1970-01-01 00:00:00.000000196,121.114235,96,22
1970-01-01 00:00:00.000000197,121.72155,96,22
1970-01-01 00:00:00.000000196,121.6519,96,23
1970-01-01 00:00:00.000000197,121.90094,96,23
1970-01-01 00:00:00.000000198,121.80071,96,23
1970-01-01 00:00:00.000000197,122.10601,96,24
1970-01-01 00:00:00.000000198,121.995445,96,24
1970-01-01 00:00:00.000000199,121.58178,96,24
1970-01-01 00:00:00.000000198,124.05613,96,25
1970-01-01 00:00:00.000000199,122.677605,96,25
1970-01-01 00:00:00.000000200,122.406425,96,25
1970-01-01 00:00:00.000000199,120.75264,96,26
1970-01-01 00:00:00.000000200,120.94456,96,26
1970-01-01 00:00:00.000000201,121.08621,96,26
1970-01-01 00:00:00.000000200,119.65694,96,27
1970-01-01 00:00:00.000000201,120.132904,96,27
1970-01-01 00:00:00.000000202,121.483665,96,27
1970-01-01 00:00:00.000000201,111.01355,96,28
1970-01-01 00:00:00.000000202,114.3076,96,28
1970-01-01 00:00:00.000000203,117.20548,96,28
1970-01-01 00:00:00.000000079,0.0,98,10
1970-01-01 00:00:00.000000080,0.0,98,10
1970-01-01 00:00:00.000000081,4.9622416,98,10
1970-01-01 00:00:00.000000096,6.522669,99,10
1970-01-01 00:00:00.000000097,16.35405,99,10
1970-01-01 00:00:00.000000098,20.507284,99,10
1970-01-01 00:00:00.000000097,0.0,99,11
1970-01-01 00:00:00.000000098,3.6503732,99,11
1970-01-01 00:00:00.000000099,17.411442,99,11
1970-01-01 00:00:00.000000098,0.0,99,12
1970-01-01 00:00:00.000000099,3.2672117,99,12
1970-01-01 00:00:00.000000100,11.179975,99,12
1970-01-01 00:00:00.000000099,0.0,99,13
1970-01-01 00:00:00.000000100,0.0,99,13
1970-01-01 00:00:00.000000101,2.2097294,99,13
1970-01-01 00:00:00.000000340,139.13364,100,10
1970-01-01 00:00:00.000000341,139.13652,100,10
1970-01-01 00:00:00.000000342,139.57043,100,10
1970-01-01 00:00:00.000000341,133.9608,100,11
1970-01-01 00:00:00.000000342,135.67741,100,11
1970-01-01 00:00:00.000000343,135.84863,100,11
1970-01-01 00:00:00.000000342,128.46548,100,12
1970-01-01 00:00:00.000000343,126.98014,100,12
1970-01-01 00:00:00.000000344,126.90156,100,12
1970-01-01 00:00:00.000000343,130.48967,100,13
1970-01-01 00:00:00.000000344,131.47919,100,13
1970-01-01 00:00:00.000000345,132.54916,100,13
1970-01-01 00:00:00.000000344,117.50164,100,14
1970-01-01 00:00:00.000000345,116.6889,100,14
1970-01-01 00:00:00.000000346,117.289055,100,14
1970-01-01 00:00:00.000000345,117.98252,100,15
1970-01-01 00:00:00.000000346,117.81812,100,15
1970-01-01 00:00:00.000000347,118.971954,100,15
1970-01-01 00:00:00.000000346,108.7846,100,16
1970-01-01 00:00:00.000000347,109.444824,100,16
1970-01-01 00:00:00.000000348,110.006134,100,16
1970-01-01 00:00:00.000000347,107.95325,100,17
1970-01-01 00:00:00.000000348,109.3247,100,17
1970-01-01 00:00:00.000000349,111.92708,100,17
1970-01-01 00:00:00.000000348,108.21458,100,18
1970-01-01 00:00:00.000000349,109.78997,100,18
1970-01-01 00:00:00.000000350,109.050545,100,18
1970-01-01 00:00:00.000000349,110.333595,100,19
1970-01-01 00:00:00.000000350,111.124695,100,19
1970-01-01 00:00:00.000000351,110.88888,100,19
1970-01-01 00:00:00.000000350,106.36763,100,20
1970-01-01 00:00:00.000000351,106.37872,100,20
1970-01-01 00:00:00.000000352,106.480446,100,20
1970-01-01 00:00:00.000000351,102.437355,100,21
1970-01-01 00:00:00.000000352,102.80302,100,21
1970-01-01 00:00:00.000000353,103.545204,100,21
1970-01-01 00:00:00.000000352,94.23267,100,22
1970-01-01 00:00:00.000000353,94.9751,100,22
1970-01-01 00:00:00.000000354,96.32388,100,22
1970-01-01 00:00:00.000000353,90.67076,100,23
1970-01-01 00:00:00.000000354,91.246994,100,23
1970-01-01 00:00:00.000000355,91.14531,100,23
1970-01-01 00:00:00.000000354,87.346634,100,24
1970-01-01 00:00:00.000000355,87.98274,100,24
1970-01-01 00:00:00.000000356,87.78224,100,24
1970-01-01 00:00:00.000000355,80.79916,100,25
1970-01-01 00:00:00.000000356,81.4366,100,25
1970-01-01 00:00:00.000000357,81.188995,100,25
1970-01-01 00:00:00.000000356,77.515305,100,26
1970-01-01 00:00:00.000000357,78.68671,100,26
1970-01-01 00:00:00.000000358,79.90635,100,26
1970-01-01 00:00:00.000000357,80.7784,100,27
1970-01-01 00:00:00.000000358,81.8194,100,27
1970-01-01 00:00:00.000000359,80.81454,100,27
1970-01-01 00:00:00.000000358,75.625694,100,28
1970-01-01 00:00:00.000000359,76.096855,100,28
1970-01-01 00:00:00.000000360,76.18863,100,28
1970-01-01 00:00:00.000000359,77.56963,100,29
1970-01-01 00:00:00.000000360,77.78443,100,29
1970-01-01 00:00:00.000000361,78.33128,100,29
1970-01-01 00:00:00.000000360,77.18237,100,30
1970-01-01 00:00:00.000000361,77.36099,100,30
1970-01-01 00:00:00.000000362,78.17468,100,30
1970-01-01 00:00:00.000000361,76.8558,100,31
1970-01-01 00:00:00.000000362,77.36973,100,31
1970-01-01 00:00:00.000000363,77.57979,100,31
1970-01-01 00:00:00.000000362,78.20463,100,32
1970-01-01 00:00:00.000000363,78.284935,100,32
1970-01-01 00:00:00.000000364,78.033646,100,32
1970-01-01 00:00:00.000000363,78.155,100,33
1970-01-01 00:00:00.000000364,77.995316,100,33
1970-01-01 00:00:00.000000365,78.002144,100,33
1970-01-01 00:00:00.000000364,79.09168,100,34
1970-01-01 00:00:00.000000365,78.72797,100,34
1970-01-01 00:00:00.000000366,78.6496,100,34
1970-01-01 00:00:00.000000365,81.08598,100,35
1970-01-01 00:00:00.000000366,81.08726,100,35
1970-01-01 00:00:00.000000367,80.82742,100,35
1970-01-01 00:00:00.000000366,79.744484,100,36
1970-01-01 00:00:00.000000367,79.599045,100,36
1970-01-01 00:00:00.000000368,79.45977,100,36
1970-01-01 00:00:00.000000367,81.76767,100,37
1970-01-01 00:00:00.000000368,81.83805,100,37
1970-01-01 00:00:00.000000369,81.67123,100,37
1970-01-01 00:00:00.000000368,79.416306,100,38
1970-01-01 00:00:00.000000369,79.57715,100,38
1970-01-01 00:00:00.000000370,79.88096,100,38
1970-01-01 00:00:00.000000369,79.724266,100,39
1970-01-01 00:00:00.000000370,80.11761,100,39
1970-01-01 00:00:00.000000371,80.2413,100,39
1970-01-01 00:00:00.000000370,79.66958,100,40
1970-01-01 00:00:00.000000371,80.24446,100,40
1970-01-01 00:00:00.000000372,79.768936,100,40
1970-01-01 00:00:00.000000371,72.04176,100,41
1970-01-01 00:00:00.000000372,74.61946,100,41
1970-01-01 00:00:00.000000373,75.56944,100,41
1970-01-01 00:00:00.000000372,76.70701,100,42
1970-01-01 00:00:00.000000373,77.56185,100,42
1970-01-01 00:00:00.000000374,77.58615,100,42
1970-01-01 00:00:00.000000373,78.16829,100,43
1970-01-01 00:00:00.000000374,78.532005,100,43
1970-01-01 00:00:00.000000375,78.575775,100,43
1970-01-01 00:00:00.000000374,80.21154,100,44
1970-01-01 00:00:00.000000375,80.13385,100,44
1970-01-01 00:00:00.000000376,79.96944,100,44
1970-01-01 00:00:00.000000375,77.42135,100,45
1970-01-01 00:00:00.000000376,78.036964,100,45
1970-01-01 00:00:00.000000377,76.98705,100,45
1970-01-01 00:00:00.000000376,75.66599,100,46
1970-01-01 00:00:00.000000377,75.81424,100,46
1970-01-01 00:00:00.000000378,75.89389,100,46
1970-01-01 00:00:00.000000377,69.05962,100,47
1970-01-01 00:00:00.000000378,71.75751,100,47
1970-01-01 00:00:00.000000379,72.79013,100,47
1970-01-01 00:00:00.000000378,57.60763,100,48
1970-01-01 00:00:00.000000379,57.20099,100,48
1970-01-01 00:00:00.000000380,57.85824,100,48
1970-01-01 00:00:00.000000379,30.763597,100,49
1970-01-01 00:00:00.000000380,27.194632,100,49
1970-01-01 00:00:00.000000381,12.297792,100,49
1970-01-01 00:00:00.000000380,23.72992,100,50
1970-01-01 00:00:00.000000381,14.283107,100,50
1970-01-01 00:00:00.000000382,13.804146,100,50
1970-01-01 00:00:00.000000381,39.970985,100,51
1970-01-01 00:00:00.000000382,40.882233,100,51
1970-01-01 00:00:00.000000383,44.151234,100,51
1970-01-01 00:00:00.000000382,14.309035,100,52
1970-01-01 00:00:00.000000383,15.518686,100,52
1970-01-01 00:00:00.000000384,16.504248,100,52
1970-01-01 00:00:00.000000383,0.0,100,53
1970-01-01 00:00:00.000000384,0.0,100,53
1970-01-01 00:00:00.000000385,0.0,100,53
1970-01-01 00:00:00.000000384,0.0,100,54
1970-01-01 00:00:00.000000385,1.9553607,100,54
1970-01-01 00:00:00.000000386,5.697895,100,54
1970-01-01 00:00:00.000000385,0.0,100,55
1970-01-01 00:00:00.000000386,0.30939662,100,55
1970-01-01 00:00:00.000000387,2.285839,100,55
1970-01-01 00:00:00.000000386,0.0,100,56
1970-01-01 00:00:00.000000387,0.0,100,56
1970-01-01 00:00:00.000000388,0.034922313,100,56
1970-01-01 00:00:00.000000142,114.65304,101,10
1970-01-01 00:00:00.000000143,113.88282,101,10
1970-01-01 00:00:00.000000144,113.84628,101,10
1970-01-01 00:00:00.000000143,121.712265,101,11
1970-01-01 00:00:00.000000144,122.9872,101,11
1970-01-01 00:00:00.000000145,120.721634,101,11
1970-01-01 00:00:00.000000144,132.65977,101,12
1970-01-01 00:00:00.000000145,135.0467,101,12
1970-01-01 00:00:00.000000146,134.3271,101,12
1970-01-01 00:00:00.000000145,138.06522,101,13
1970-01-01 00:00:00.000000146,139.61333,101,13
1970-01-01 00:00:00.000000147,138.00198,101,13
1970-01-01 00:00:00.000000146,144.54816,101,14
1970-01-01 00:00:00.000000147,147.00986,101,14
1970-01-01 00:00:00.000000148,145.42566,101,14
1970-01-01 00:00:00.000000147,154.13329,101,15
1970-01-01 00:00:00.000000148,155.87056,101,15
1970-01-01 00:00:00.000000149,153.58739,101,15
1970-01-01 00:00:00.000000148,156.50864,101,16
1970-01-01 00:00:00.000000149,154.43456,101,16
1970-01-01 00:00:00.000000150,154.48514,101,16
1970-01-01 00:00:00.000000149,162.98326,101,17
1970-01-01 00:00:00.000000150,163.37311,101,17
1970-01-01 00:00:00.000000151,163.51266,101,17
1970-01-01 00:00:00.000000150,162.4707,101,18
1970-01-01 00:00:00.000000151,161.17479,101,18
1970-01-01 00:00:00.000000152,160.87263,101,18
1970-01-01 00:00:00.000000151,159.31387,101,19
1970-01-01 00:00:00.000000152,158.91618,101,19
1970-01-01 00:00:00.000000153,159.11484,101,19
1970-01-01 00:00:00.000000152,161.83588,101,20
1970-01-01 00:00:00.000000153,161.93439,101,20
1970-01-01 00:00:00.000000154,162.21404,101,20
1970-01-01 00:00:00.000000153,162.88802,101,21
1970-01-01 00:00:00.000000154,162.96506,101,21
1970-01-01 00:00:00.000000155,162.93845,101,21
1970-01-01 00:00:00.000000187,164.74336,103,10
1970-01-01 00:00:00.000000188,164.77405,103,10
1970-01-01 00:00:00.000000189,164.66667,103,10
1970-01-01 00:00:00.000000188,164.93391,103,11
1970-01-01 00:00:00.000000189,164.75098,103,11
1970-01-01 00:00:00.000000190,164.85455,103,11
1970-01-01 00:00:00.000000189,163.155,103,12
1970-01-01 00:00:00.000000190,163.28096,103,12
1970-01-01 00:00:00.000000191,163.5006,103,12
1970-01-01 00:00:00.000000190,164.84032,103,13
1970-01-01 00:00:00.000000191,164.60924,103,13
1970-01-01 00:00:00.000000192,164.613,103,13
1970-01-01 00:00:00.000000191,167.6589,103,14
1970-01-01 00:00:00.000000192,167.24048,103,14
1970-01-01 00:00:00.000000193,167.1144,103,14
1970-01-01 00:00:00.000000192,170.8865,103,15
1970-01-01 00:00:00.000000193,170.57617,103,15
1970-01-01 00:00:00.000000194,169.8771,103,15
1970-01-01 00:00:00.000000193,177.80504,103,16
1970-01-01 00:00:00.000000194,178.35321,103,16
1970-01-01 00:00:00.000000195,178.00604,103,16
1970-01-01 00:00:00.000000194,183.74887,103,17
1970-01-01 00:00:00.000000195,185.38419,103,17
1970-01-01 00:00:00.000000196,184.95683,103,17
1970-01-01 00:00:00.000000195,182.3067,103,18
1970-01-01 00:00:00.000000196,182.87466,103,18
1970-01-01 00:00:00.000000197,182.14537,103,18
1970-01-01 00:00:00.000000196,179.99248,103,19
1970-01-01 00:00:00.000000197,179.86873,103,19
1970-01-01 00:00:00.000000198,179.43971,103,19
1970-01-01 00:00:00.000000197,178.88072,103,20
1970-01-01 00:00:00.000000198,178.5555,103,20
1970-01-01 00:00:00.000000199,178.38254,103,20
1970-01-01 00:00:00.000000198,179.91174,103,21
1970-01-01 00:00:00.000000199,179.8291,103,21
1970-01-01 00:00:00.000000200,179.77211,103,21
1970-01-01 00:00:00.000000199,184.36943,103,22
1970-01-01 00:00:00.000000200,183.46439,103,22
1970-01-01 00:00:00.000000201,183.07439,103,22
1970-01-01 00:00:00.000000200,188.87982,103,23
1970-01-01 00:00:00.000000201,187.79562,103,23
1970-01-01 00:00:00.000000202,187.15982,103,23
1970-01-01 00:00:00.000000201,196.19165,103,24
1970-01-01 00:00:00.000000202,197.78831,103,24
1970-01-01 00:00:00.000000203,196.83394,103,24
1970-01-01 00:00:00.000000202,191.0782,103,25
1970-01-01 00:00:00.000000203,190.82227,103,25
1970-01-01 00:00:00.000000204,190.79857,103,25
1970-01-01 00:00:00.000000203,195.71426,103,26
1970-01-01 00:00:00.000000204,195.44958,103,26
1970-01-01 00:00:00.000000205,195.13074,103,26
1970-01-01 00:00:00.000000204,193.51646,103,27
1970-01-01 00:00:00.000000205,193.44756,103,27
1970-01-01 00:00:00.000000206,193.65727,103,27
1970-01-01 00:00:00.000000205,189.33145,103,28
1970-01-01 00:00:00.000000206,190.06508,103,28
1970-01-01 00:00:00.000000207,190.28352,103,28
1970-01-01 00:00:00.000000206,188.35742,103,29
1970-01-01 00:00:00.000000207,188.57047,103,29
1970-01-01 00:00:00.000000208,188.82124,103,29
1970-01-01 00:00:00.000000080,0.0,104,10
1970-01-01 00:00:00.000000081,1.1020521,104,10
1970-01-01 00:00:00.000000082,3.6567109,104,10
1970-01-01 00:00:00.000000190,177.49615,105,10
1970-01-01 00:00:00.000000191,175.4624,105,10
1970-01-01 00:00:00.000000192,177.29625,105,10
1970-01-01 00:00:00.000000191,187.8812,105,11
1970-01-01 00:00:00.000000192,188.71553,105,11
1970-01-01 00:00:00.000000193,188.11354,105,11
1970-01-01 00:00:00.000000192,206.48485,105,12
1970-01-01 00:00:00.000000193,199.46983,105,12
1970-01-01 00:00:00.000000194,197.39734,105,12
1970-01-01 00:00:00.000000193,202.65814,105,13
1970-01-01 00:00:00.000000194,199.03828,105,13
1970-01-01 00:00:00.000000195,200.64052,105,13
1970-01-01 00:00:00.000000194,198.27562,105,14
1970-01-01 00:00:00.000000195,197.0859,105,14
1970-01-01 00:00:00.000000196,192.38818,105,14
1970-01-01 00:00:00.000000195,216.75465,105,15
1970-01-01 00:00:00.000000196,218.16978,105,15
1970-01-01 00:00:00.000000197,216.0943,105,15
1970-01-01 00:00:00.000000196,214.70082,105,16
1970-01-01 00:00:00.000000197,213.27917,105,16
1970-01-01 00:00:00.000000198,212.19173,105,16
1970-01-01 00:00:00.000000197,208.20366,105,17
1970-01-01 00:00:00.000000198,209.06708,105,17
1970-01-01 00:00:00.000000199,209.32166,105,17
1970-01-01 00:00:00.000000198,209.36761,105,18
1970-01-01 00:00:00.000000199,210.37842,105,18
1970-01-01 00:00:00.000000200,210.19038,105,18
1970-01-01 00:00:00.000000199,206.67847,105,19
1970-01-01 00:00:00.000000200,209.90767,105,19
1970-01-01 00:00:00.000000201,213.85916,105,19
1970-01-01 00:00:00.000000200,209.5709,105,20
1970-01-01 00:00:00.000000201,211.52959,105,20
1970-01-01 00:00:00.000000202,208.7676,105,20
1970-01-01 00:00:00.000000201,218.78635,105,21
1970-01-01 00:00:00.000000202,212.89127,105,21
1970-01-01 00:00:00.000000203,210.79953,105,21
1970-01-01 00:00:00.000000202,224.18193,105,22
1970-01-01 00:00:00.000000203,221.55673,105,22
1970-01-01 00:00:00.000000204,221.20764,105,22
1970-01-01 00:00:00.000000203,246.79819,105,23
1970-01-01 00:00:00.000000204,243.55804,105,23
1970-01-01 00:00:00.000000205,239.21216,105,23
1970-01-01 00:00:00.000000204,237.16328,105,24
1970-01-01 00:00:00.000000205,232.65233,105,24
1970-01-01 00:00:00.000000206,233.33238,105,24
1970-01-01 00:00:00.000000205,214.51627,105,25
1970-01-01 00:00:00.000000206,214.9468,105,25
1970-01-01 00:00:00.000000207,213.84082,105,25
1970-01-01 00:00:00.000000206,204.67232,105,26
1970-01-01 00:00:00.000000207,205.57767,105,26
1970-01-01 00:00:00.000000208,215.41344,105,26
1970-01-01 00:00:00.000000207,185.15448,105,27
1970-01-01 00:00:00.000000208,194.18773,105,27
1970-01-01 00:00:00.000000209,197.5147,105,27
1970-01-01 00:00:00.000000208,192.12209,105,28
1970-01-01 00:00:00.000000209,195.043,105,28
1970-01-01 00:00:00.000000210,200.83029,105,28
1970-01-01 00:00:00.000000209,176.17845,105,29
1970-01-01 00:00:00.000000210,180.46884,105,29
1970-01-01 00:00:00.000000211,176.86127,105,29
1970-01-01 00:00:00.000000281,189.55356,106,10
1970-01-01 00:00:00.000000282,189.38284,106,10
1970-01-01 00:00:00.000000283,189.38927,106,10
1970-01-01 00:00:00.000000282,189.23244,106,11
1970-01-01 00:00:00.000000283,188.87448,106,11
1970-01-01 00:00:00.000000284,188.41505,106,11
1970-01-01 00:00:00.000000283,189.98105,106,12
1970-01-01 00:00:00.000000284,189.24727,106,12
1970-01-01 00:00:00.000000285,188.55318,106,12
1970-01-01 00:00:00.000000284,188.1273,106,13
1970-01-01 00:00:00.000000285,188.07715,106,13
1970-01-01 00:00:00.000000286,188.21756,106,13
1970-01-01 00:00:00.000000285,186.43518,106,14
1970-01-01 00:00:00.000000286,186.50418,106,14
1970-01-01 00:00:00.000000287,186.99184,106,14
1970-01-01 00:00:00.000000286,186.75896,106,15
1970-01-01 00:00:00.000000287,187.04884,106,15
1970-01-01 00:00:00.000000288,187.38069,106,15
1970-01-01 00:00:00.000000287,185.04607,106,16
1970-01-01 00:00:00.000000288,185.50615,106,16
1970-01-01 00:00:00.000000289,185.8195,106,16
1970-01-01 00:00:00.000000288,185.67224,106,17
1970-01-01 00:00:00.000000289,185.93324,106,17
1970-01-01 00:00:00.000000290,185.59773,106,17
1970-01-01 00:00:00.000000289,185.00435,106,18
1970-01-01 00:00:00.000000290,184.79497,106,18
1970-01-01 00:00:00.000000291,184.80232,106,18
1970-01-01 00:00:00.000000290,184.26405,106,19
1970-01-01 00:00:00.000000291,184.31416,106,19
1970-01-01 00:00:00.000000292,184.30684,106,19
1970-01-01 00:00:00.000000291,180.70412,106,20
1970-01-01 00:00:00.000000292,180.89476,106,20
1970-01-01 00:00:00.000000293,181.06264,106,20
1970-01-01 00:00:00.000000292,178.62714,106,21
1970-01-01 00:00:00.000000293,178.73259,106,21
1970-01-01 00:00:00.000000294,178.66359,106,21
1970-01-01 00:00:00.000000293,176.6499,106,22
1970-01-01 00:00:00.000000294,177.02417,106,22
1970-01-01 00:00:00.000000295,177.2377,106,22
1970-01-01 00:00:00.000000294,173.51393,106,23
1970-01-01 00:00:00.000000295,173.82277,106,23
1970-01-01 00:00:00.000000296,173.97969,106,23
1970-01-01 00:00:00.000000295,174.95277,106,24
1970-01-01 00:00:00.000000296,175.32579,106,24
1970-01-01 00:00:00.000000297,175.75285,106,24
1970-01-01 00:00:00.000000296,173.00499,106,25
1970-01-01 00:00:00.000000297,173.20695,106,25
1970-01-01 00:00:00.000000298,173.33266,106,25
1970-01-01 00:00:00.000000297,170.16733,106,26
1970-01-01 00:00:00.000000298,171.75212,106,26
1970-01-01 00:00:00.000000299,172.2081,106,26
1970-01-01 00:00:00.000000298,171.61508,106,27
1970-01-01 00:00:00.000000299,172.38387,106,27
1970-01-01 00:00:00.000000300,170.70236,106,27
1970-01-01 00:00:00.000000299,164.6206,106,28
1970-01-01 00:00:00.000000300,165.84126,106,28
1970-01-01 00:00:00.000000301,164.32623,106,28
1970-01-01 00:00:00.000000300,164.6097,106,29
1970-01-01 00:00:00.000000301,164.398,106,29
1970-01-01 00:00:00.000000302,163.57976,106,29
1970-01-01 00:00:00.000000301,158.70493,106,30
1970-01-01 00:00:00.000000302,159.07228,106,30
1970-01-01 00:00:00.000000303,159.57875,106,30
1970-01-01 00:00:00.000000302,159.24,106,31
1970-01-01 00:00:00.000000303,159.57861,106,31
1970-01-01 00:00:00.000000304,160.2647,106,31
1970-01-01 00:00:00.000000303,156.12535,106,32
1970-01-01 00:00:00.000000304,156.98921,106,32
1970-01-01 00:00:00.000000305,156.86853,106,32
1970-01-01 00:00:00.000000304,153.90851,106,33
1970-01-01 00:00:00.000000305,154.16519,106,33
1970-01-01 00:00:00.000000306,154.31256,106,33
1970-01-01 00:00:00.000000305,151.37224,106,34
1970-01-01 00:00:00.000000306,151.69821,106,34
1970-01-01 00:00:00.000000307,152.07379,106,34
1970-01-01 00:00:00.000000306,149.00536,106,35
1970-01-01 00:00:00.000000307,149.35347,106,35
1970-01-01 00:00:00.000000308,149.49295,106,35
1970-01-01 00:00:00.000000307,146.2032,106,36
1970-01-01 00:00:00.000000308,146.81267,106,36
1970-01-01 00:00:00.000000309,147.59744,106,36
1970-01-01 00:00:00.000000308,144.72531,106,37
1970-01-01 00:00:00.000000309,145.37721,106,37
1970-01-01 00:00:00.000000310,144.61237,106,37
1970-01-01 00:00:00.000000309,142.34683,106,38
1970-01-01 00:00:00.000000310,143.16101,106,38
1970-01-01 00:00:00.000000311,143.8462,106,38
1970-01-01 00:00:00.000000310,142.27417,106,39
1970-01-01 00:00:00.000000311,143.19652,106,39
1970-01-01 00:00:00.000000312,145.45668,106,39
1970-01-01 00:00:00.000000311,95.36141,106,40
1970-01-01 00:00:00.000000312,87.79757,106,40
1970-01-01 00:00:00.000000313,96.41344,106,40
1970-01-01 00:00:00.000000312,0.0,106,41
1970-01-01 00:00:00.000000313,0.0,106,41
1970-01-01 00:00:00.000000314,0.0,106,41
1970-01-01 00:00:00.000000313,0.0,106,42
1970-01-01 00:00:00.000000314,0.0,106,42
1970-01-01 00:00:00.000000315,0.0,106,42
1970-01-01 00:00:00.000000314,0.0,106,43
1970-01-01 00:00:00.000000315,2.2656868,106,43
1970-01-01 00:00:00.000000316,9.731808,106,43
1970-01-01 00:00:00.000000315,0.0,106,44
1970-01-01 00:00:00.000000316,0.0,106,44
1970-01-01 00:00:00.000000317,0.29738808,106,44
1970-01-01 00:00:00.000000316,0.0,106,45
1970-01-01 00:00:00.000000317,0.8667788,106,45
1970-01-01 00:00:00.000000318,2.6379302,106,45
1970-01-01 00:00:00.000000083,0.9658705,107,10
1970-01-01 00:00:00.000000084,0.7460173,107,10
1970-01-01 00:00:00.000000085,1.7876134,107,10
1970-01-01 00:00:00.000000213,200.42776,108,10
1970-01-01 00:00:00.000000214,199.11453,108,10
1970-01-01 00:00:00.000000215,198.06218,108,10
1970-01-01 00:00:00.000000214,201.942,108,11
1970-01-01 00:00:00.000000215,198.81798,108,11
1970-01-01 00:00:00.000000216,197.4438,108,11
1970-01-01 00:00:00.000000215,200.60434,108,12
1970-01-01 00:00:00.000000216,199.77614,108,12
1970-01-01 00:00:00.000000217,200.01073,108,12
1970-01-01 00:00:00.000000216,200.4004,108,13
1970-01-01 00:00:00.000000217,200.40114,108,13
1970-01-01 00:00:00.000000218,200.54564,108,13
1970-01-01 00:00:00.000000217,201.69199,108,14
1970-01-01 00:00:00.000000218,201.63116,108,14
1970-01-01 00:00:00.000000219,201.43182,108,14
1970-01-01 00:00:00.000000218,201.20819,108,15
1970-01-01 00:00:00.000000219,200.93188,108,15
1970-01-01 00:00:00.000000220,201.27455,108,15
1970-01-01 00:00:00.000000219,200.34773,108,16
1970-01-01 00:00:00.000000220,200.49184,108,16
1970-01-01 00:00:00.000000221,200.30214,108,16
1970-01-01 00:00:00.000000220,202.37898,108,17
1970-01-01 00:00:00.000000221,202.15369,108,17
1970-01-01 00:00:00.000000222,202.34003,108,17
1970-01-01 00:00:00.000000221,200.4901,108,18
1970-01-01 00:00:00.000000222,200.45801,108,18
1970-01-01 00:00:00.000000223,200.40189,108,18
1970-01-01 00:00:00.000000222,198.92587,108,19
1970-01-01 00:00:00.000000223,199.07051,108,19
1970-01-01 00:00:00.000000224,199.33736,108,19
1970-01-01 00:00:00.000000223,200.48029,108,20
1970-01-01 00:00:00.000000224,200.74081,108,20
1970-01-01 00:00:00.000000225,201.13243,108,20
1970-01-01 00:00:00.000000224,202.9062,108,21
1970-01-01 00:00:00.000000225,202.7324,108,21
1970-01-01 00:00:00.000000226,201.95566,108,21
1970-01-01 00:00:00.000000225,202.76439,108,22
1970-01-01 00:00:00.000000226,202.10393,108,22
1970-01-01 00:00:00.000000227,201.66284,108,22
1970-01-01 00:00:00.000000226,204.82793,108,23
1970-01-01 00:00:00.000000227,204.78024,108,23
1970-01-01 00:00:00.000000228,205.05006,108,23
1970-01-01 00:00:00.000000227,206.94835,108,24
1970-01-01 00:00:00.000000228,206.72101,108,24
1970-01-01 00:00:00.000000229,206.85304,108,24
1970-01-01 00:00:00.000000228,207.77496,108,25
1970-01-01 00:00:00.000000229,207.54709,108,25
1970-01-01 00:00:00.000000230,207.50471,108,25
1970-01-01 00:00:00.000000229,206.65851,108,26
1970-01-01 00:00:00.000000230,206.79543,108,26
1970-01-01 00:00:00.000000231,206.5965,108,26
1970-01-01 00:00:00.000000230,206.95343,108,27
1970-01-01 00:00:00.000000231,206.87744,108,27
1970-01-01 00:00:00.000000232,206.68253,108,27
1970-01-01 00:00:00.000000231,209.39519,108,28
1970-01-01 00:00:00.000000232,208.22733,108,28
1970-01-01 00:00:00.000000233,208.86923,108,28
1970-01-01 00:00:00.000000232,214.96614,108,29
1970-01-01 00:00:00.000000233,216.57556,108,29
1970-01-01 00:00:00.000000234,215.05739,108,29
1970-01-01 00:00:00.000000233,219.86006,108,30
1970-01-01 00:00:00.000000234,219.55084,108,30
1970-01-01 00:00:00.000000235,218.4047,108,30
1970-01-01 00:00:00.000000234,225.52187,108,31
1970-01-01 00:00:00.000000235,226.57825,108,31
1970-01-01 00:00:00.000000236,225.5146,108,31
1970-01-01 00:00:00.000000235,229.19539,108,32
1970-01-01 00:00:00.000000236,229.67311,108,32
1970-01-01 00:00:00.000000237,228.36255,108,32
1970-01-01 00:00:00.000000236,236.73654,108,33
1970-01-01 00:00:00.000000237,237.98224,108,33
1970-01-01 00:00:00.000000238,238.51619,108,33
1970-01-01 00:00:00.000000083,200.58267,109,10
1970-01-01 00:00:00.000000084,200.13167,109,10
1970-01-01 00:00:00.000000085,199.70561,109,10
1970-01-01 00:00:00.000000505,135.43077,110,10
1970-01-01 00:00:00.000000506,138.9909,110,10
1970-01-01 00:00:00.000000507,136.02112,110,10
1970-01-01 00:00:00.000000506,139.82506,110,11
1970-01-01 00:00:00.000000507,139.41742,110,11
1970-01-01 00:00:00.000000508,139.12668,110,11
1970-01-01 00:00:00.000000507,140.7462,110,12
1970-01-01 00:00:00.000000508,140.89479,110,12
1970-01-01 00:00:00.000000509,141.16722,110,12
1970-01-01 00:00:00.000000508,144.94415,110,13
1970-01-01 00:00:00.000000509,144.8797,110,13
1970-01-01 00:00:00.000000510,145.12106,110,13
1970-01-01 00:00:00.000000509,148.39465,110,14
1970-01-01 00:00:00.000000510,147.71999,110,14
1970-01-01 00:00:00.000000511,147.60234,110,14
1970-01-01 00:00:00.000000510,155.7575,110,15
1970-01-01 00:00:00.000000511,155.9215,110,15
1970-01-01 00:00:00.000000512,155.35811,110,15
1970-01-01 00:00:00.000000511,157.90135,110,16
1970-01-01 00:00:00.000000512,157.56229,110,16
1970-01-01 00:00:00.000000513,156.99123,110,16
1970-01-01 00:00:00.000000512,163.03293,110,17
1970-01-01 00:00:00.000000513,163.83649,110,17
1970-01-01 00:00:00.000000514,161.95605,110,17
1970-01-01 00:00:00.000000513,165.36687,110,18
1970-01-01 00:00:00.000000514,164.6277,110,18
1970-01-01 00:00:00.000000515,164.26988,110,18
1970-01-01 00:00:00.000000514,170.01698,110,19
1970-01-01 00:00:00.000000515,170.49928,110,19
1970-01-01 00:00:00.000000516,168.94867,110,19
1970-01-01 00:00:00.000000515,178.53406,110,20
1970-01-01 00:00:00.000000516,180.41478,110,20
1970-01-01 00:00:00.000000517,179.35567,110,20
1970-01-01 00:00:00.000000516,182.1587,110,21
1970-01-01 00:00:00.000000517,182.8348,110,21
1970-01-01 00:00:00.000000518,182.10332,110,21
1970-01-01 00:00:00.000000517,183.86589,110,22
1970-01-01 00:00:00.000000518,184.17545,110,22
1970-01-01 00:00:00.000000519,182.42012,110,22
1970-01-01 00:00:00.000000518,179.73976,110,23
1970-01-01 00:00:00.000000519,178.66833,110,23
1970-01-01 00:00:00.000000520,179.36679,110,23
1970-01-01 00:00:00.000000519,176.14978,110,24
1970-01-01 00:00:00.000000520,177.14114,110,24
1970-01-01 00:00:00.000000521,176.16412,110,24
1970-01-01 00:00:00.000000520,178.6627,110,25
1970-01-01 00:00:00.000000521,178.63866,110,25
1970-01-01 00:00:00.000000522,178.6561,110,25
1970-01-01 00:00:00.000000521,174.886,110,26
1970-01-01 00:00:00.000000522,174.90213,110,26
1970-01-01 00:00:00.000000523,175.87012,110,26
1970-01-01 00:00:00.000000522,171.34859,110,27
1970-01-01 00:00:00.000000523,172.07245,110,27
1970-01-01 00:00:00.000000524,172.00526,110,27
1970-01-01 00:00:00.000000523,168.14626,110,28
1970-01-01 00:00:00.000000524,168.28662,110,28
1970-01-01 00:00:00.000000525,168.26794,110,28
1970-01-01 00:00:00.000000524,166.8219,110,29
1970-01-01 00:00:00.000000525,167.34607,110,29
1970-01-01 00:00:00.000000526,169.10478,110,29
1970-01-01 00:00:00.000000525,172.18344,110,30
1970-01-01 00:00:00.000000526,172.62518,110,30
1970-01-01 00:00:00.000000527,172.59212,110,30
1970-01-01 00:00:00.000000526,169.85558,110,31
1970-01-01 00:00:00.000000527,170.16203,110,31
1970-01-01 00:00:00.000000528,170.07675,110,31
1970-01-01 00:00:00.000000527,170.72322,110,32
1970-01-01 00:00:00.000000528,170.81822,110,32
1970-01-01 00:00:00.000000529,170.95929,110,32
1970-01-01 00:00:00.000000528,175.9169,110,33
1970-01-01 00:00:00.000000529,175.46407,110,33
1970-01-01 00:00:00.000000530,173.93362,110,33
1970-01-01 00:00:00.000000529,179.54793,110,34
1970-01-01 00:00:00.000000530,177.10915,110,34
1970-01-01 00:00:00.000000531,177.44159,110,34
1970-01-01 00:00:00.000000530,187.12222,110,35
1970-01-01 00:00:00.000000531,187.2078,110,35
1970-01-01 00:00:00.000000532,184.89224,110,35
1970-01-01 00:00:00.000000531,193.29253,110,36
1970-01-01 00:00:00.000000532,194.5946,110,36
1970-01-01 00:00:00.000000533,192.10968,110,36
1970-01-01 00:00:00.000000532,186.40335,110,37
1970-01-01 00:00:00.000000533,185.68468,110,37
1970-01-01 00:00:00.000000534,185.36012,110,37
1970-01-01 00:00:00.000000533,185.03369,110,38
1970-01-01 00:00:00.000000534,185.83385,110,38
1970-01-01 00:00:00.000000535,185.86832,110,38
1970-01-01 00:00:00.000000534,181.8636,110,39
1970-01-01 00:00:00.000000535,183.43439,110,39
1970-01-01 00:00:00.000000536,183.34804,110,39
1970-01-01 00:00:00.000000535,180.34488,110,40
1970-01-01 00:00:00.000000536,180.29369,110,40
1970-01-01 00:00:00.000000537,180.67465,110,40
1970-01-01 00:00:00.000000536,175.61247,110,41
1970-01-01 00:00:00.000000537,176.00317,110,41
1970-01-01 00:00:00.000000538,176.30402,110,41
1970-01-01 00:00:00.000000537,169.35239,110,42
1970-01-01 00:00:00.000000538,169.71274,110,42
1970-01-01 00:00:00.000000539,169.64615,110,42
1970-01-01 00:00:00.000000538,169.21608,110,43
1970-01-01 00:00:00.000000539,169.73978,110,43
1970-01-01 00:00:00.000000540,170.36563,110,43
1970-01-01 00:00:00.000000539,161.90025,110,44
1970-01-01 00:00:00.000000540,162.61751,110,44
1970-01-01 00:00:00.000000541,162.8038,110,44
1970-01-01 00:00:00.000000540,154.96631,110,45
1970-01-01 00:00:00.000000541,155.5291,110,45
1970-01-01 00:00:00.000000542,156.82224,110,45
1970-01-01 00:00:00.000000541,147.15814,110,46
1970-01-01 00:00:00.000000542,148.23766,110,46
1970-01-01 00:00:00.000000543,148.9897,110,46
1970-01-01 00:00:00.000000542,142.39638,110,47
1970-01-01 00:00:00.000000543,144.41377,110,47
1970-01-01 00:00:00.000000544,148.36548,110,47
1970-01-01 00:00:00.000000543,145.54071,110,48
1970-01-01 00:00:00.000000544,149.65417,110,48
1970-01-01 00:00:00.000000545,148.54916,110,48
1970-01-01 00:00:00.000000544,140.2989,110,49
1970-01-01 00:00:00.000000545,142.29733,110,49
1970-01-01 00:00:00.000000546,144.80081,110,49
1970-01-01 00:00:00.000000545,140.72339,110,50
1970-01-01 00:00:00.000000546,141.90392,110,50
1970-01-01 00:00:00.000000547,142.83551,110,50
1970-01-01 00:00:00.000000546,135.14409,110,51
1970-01-01 00:00:00.000000547,135.52104,110,51
1970-01-01 00:00:00.000000548,136.1087,110,51
1970-01-01 00:00:00.000000547,129.72894,110,52
1970-01-01 00:00:00.000000548,129.97374,110,52
1970-01-01 00:00:00.000000549,129.45227,110,52
1970-01-01 00:00:00.000000548,125.48874,110,53
1970-01-01 00:00:00.000000549,123.88406,110,53
1970-01-01 00:00:00.000000550,123.0262,110,53
1970-01-01 00:00:00.000000549,125.22075,110,54
1970-01-01 00:00:00.000000550,125.8406,110,54
1970-01-01 00:00:00.000000551,127.36941,110,54
1970-01-01 00:00:00.000000550,122.72025,110,55
1970-01-01 00:00:00.000000551,123.25628,110,55
1970-01-01 00:00:00.000000552,123.95082,110,55
1970-01-01 00:00:00.000000551,132.46637,110,56
1970-01-01 00:00:00.000000552,133.33577,110,56
1970-01-01 00:00:00.000000553,130.9898,110,56
1970-01-01 00:00:00.000000552,129.42928,110,57
1970-01-01 00:00:00.000000553,127.42942,110,57
1970-01-01 00:00:00.000000554,130.25008,110,57
1970-01-01 00:00:00.000000553,129.14084,110,58
1970-01-01 00:00:00.000000554,131.47153,110,58
1970-01-01 00:00:00.000000555,131.8095,110,58
1970-01-01 00:00:00.000000554,134.97409,110,59
1970-01-01 00:00:00.000000555,135.00716,110,59
1970-01-01 00:00:00.000000556,134.46031,110,59
1970-01-01 00:00:00.000000555,131.9397,110,60
1970-01-01 00:00:00.000000556,131.58522,110,60
1970-01-01 00:00:00.000000557,130.66748,110,60
1970-01-01 00:00:00.000000556,132.49997,110,61
1970-01-01 00:00:00.000000557,131.26727,110,61
1970-01-01 00:00:00.000000558,133.39961,110,61
1970-01-01 00:00:00.000000557,131.75658,110,62
1970-01-01 00:00:00.000000558,132.71039,110,62
1970-01-01 00:00:00.000000559,133.18054,110,62
1970-01-01 00:00:00.000000558,129.6976,110,63
1970-01-01 00:00:00.000000559,130.59769,110,63
1970-01-01 00:00:00.000000560,128.74039,110,63
1970-01-01 00:00:00.000000559,125.22833,110,64
1970-01-01 00:00:00.000000560,124.85291,110,64
1970-01-01 00:00:00.000000561,125.48767,110,64
1970-01-01 00:00:00.000000560,116.73405,110,65
1970-01-01 00:00:00.000000561,115.36573,110,65
1970-01-01 00:00:00.000000562,118.27413,110,65
1970-01-01 00:00:00.000000561,119.779755,110,66
1970-01-01 00:00:00.000000562,121.36501,110,66
1970-01-01 00:00:00.000000563,119.5217,110,66
1970-01-01 00:00:00.000000562,123.06819,110,67
1970-01-01 00:00:00.000000563,122.552666,110,67
1970-01-01 00:00:00.000000564,126.64191,110,67
1970-01-01 00:00:00.000000563,132.57135,110,68
1970-01-01 00:00:00.000000564,132.79808,110,68
1970-01-01 00:00:00.000000565,131.87106,110,68
1970-01-01 00:00:00.000000564,122.31425,110,69
1970-01-01 00:00:00.000000565,123.644554,110,69
1970-01-01 00:00:00.000000566,123.10476,110,69
1970-01-01 00:00:00.000000565,135.54979,110,70
1970-01-01 00:00:00.000000566,136.30177,110,70
1970-01-01 00:00:00.000000567,130.90753,110,70
1970-01-01 00:00:00.000000566,132.22499,110,71
1970-01-01 00:00:00.000000567,129.20763,110,71
1970-01-01 00:00:00.000000568,123.34705,110,71
1970-01-01 00:00:00.000000567,134.46234,110,72
1970-01-01 00:00:00.000000568,132.58047,110,72
1970-01-01 00:00:00.000000569,136.27579,110,72
1970-01-01 00:00:00.000000568,127.80622,110,73
1970-01-01 00:00:00.000000569,129.15648,110,73
1970-01-01 00:00:00.000000570,133.4095,110,73
1970-01-01 00:00:00.000000569,96.04729,110,74
1970-01-01 00:00:00.000000570,106.95126,110,74
1970-01-01 00:00:00.000000571,109.10948,110,74
1970-01-01 00:00:00.000000570,0.0,110,75
1970-01-01 00:00:00.000000571,2.060093,110,75
1970-01-01 00:00:00.000000572,7.921012,110,75
1970-01-01 00:00:00.000000571,0.0,110,76
1970-01-01 00:00:00.000000572,0.0,110,76
1970-01-01 00:00:00.000000573,0.0,110,76
1970-01-01 00:00:00.000000572,0.0,110,77
1970-01-01 00:00:00.000000573,0.6446043,110,77
1970-01-01 00:00:00.000000574,7.6790514,110,77
1970-01-01 00:00:00.000000573,0.0,110,78
1970-01-01 00:00:00.000000574,0.4646607,110,78
1970-01-01 00:00:00.000000575,4.7157416,110,78
1970-01-01 00:00:00.000000574,0.0,110,79
1970-01-01 00:00:00.000000575,0.68984544,110,79
1970-01-01 00:00:00.000000576,3.3073595,110,79
1970-01-01 00:00:00.000000575,0.47513372,110,80
1970-01-01 00:00:00.000000576,1.733907,110,80
1970-01-01 00:00:00.000000577,0.9965258,110,80
1970-01-01 00:00:00.000000576,0.20464568,110,81
1970-01-01 00:00:00.000000577,0.22179264,110,81
1970-01-01 00:00:00.000000578,0.2819413,110,81
1970-01-01 00:00:00.000000577,0.23043296,110,82
1970-01-01 00:00:00.000000578,0.23053506,110,82
1970-01-01 00:00:00.000000579,0.2327942,110,82
1970-01-01 00:00:00.000000578,0.23037088,110,83
1970-01-01 00:00:00.000000579,0.23226571,110,83
1970-01-01 00:00:00.000000580,0.23130356,110,83
1970-01-01 00:00:00.000000579,0.23117663,110,84
1970-01-01 00:00:00.000000580,0.23066203,110,84
1970-01-01 00:00:00.000000581,0.2302318,110,84
1970-01-01 00:00:00.000000580,0.23072469,110,85
1970-01-01 00:00:00.000000581,0.23034734,110,85
1970-01-01 00:00:00.000000582,0.23198141,110,85
1970-01-01 00:00:00.000000183,236.50621,112,10
1970-01-01 00:00:00.000000184,236.56834,112,10
1970-01-01 00:00:00.000000185,236.19884,112,10
1970-01-01 00:00:00.000000184,256.15582,112,11
1970-01-01 00:00:00.000000185,249.94583,112,11
1970-01-01 00:00:00.000000186,247.5942,112,11
1970-01-01 00:00:00.000000185,217.12924,112,12
1970-01-01 00:00:00.000000186,213.72578,112,12
1970-01-01 00:00:00.000000187,199.82304,112,12
1970-01-01 00:00:00.000000186,102.20294,112,13
1970-01-01 00:00:00.000000187,109.32908,112,13
1970-01-01 00:00:00.000000188,122.55821,112,13
1970-01-01 00:00:00.000000187,129.692,112,14
1970-01-01 00:00:00.000000188,145.81862,112,14
1970-01-01 00:00:00.000000189,145.94797,112,14
1970-01-01 00:00:00.000000188,117.57559,112,15
1970-01-01 00:00:00.000000189,122.820724,112,15
1970-01-01 00:00:00.000000190,132.38234,112,15
1970-01-01 00:00:00.000000189,121.762054,112,16
1970-01-01 00:00:00.000000190,125.059944,112,16
1970-01-01 00:00:00.000000191,126.57448,112,16
1970-01-01 00:00:00.000000190,122.91988,112,17
1970-01-01 00:00:00.000000191,122.61092,112,17
1970-01-01 00:00:00.000000192,122.08111,112,17
1970-01-01 00:00:00.000000191,119.27477,112,18
1970-01-01 00:00:00.000000192,120.711845,112,18
1970-01-01 00:00:00.000000193,121.42048,112,18
1970-01-01 00:00:00.000000192,117.09325,112,19
1970-01-01 00:00:00.000000193,118.16002,112,19
1970-01-01 00:00:00.000000194,118.917946,112,19
1970-01-01 00:00:00.000000193,112.378815,112,20
1970-01-01 00:00:00.000000194,114.23922,112,20
1970-01-01 00:00:00.000000195,114.69154,112,20
1970-01-01 00:00:00.000000194,109.06756,112,21
1970-01-01 00:00:00.000000195,109.66869,112,21
1970-01-01 00:00:00.000000196,110.31316,112,21
1970-01-01 00:00:00.000000195,106.15265,112,22
1970-01-01 00:00:00.000000196,107.153114,112,22
1970-01-01 00:00:00.000000197,107.274506,112,22
1970-01-01 00:00:00.000000196,100.755905,112,23
1970-01-01 00:00:00.000000197,101.655876,112,23
1970-01-01 00:00:00.000000198,101.354546,112,23
1970-01-01 00:00:00.000000197,105.3957,112,24
1970-01-01 00:00:00.000000198,104.837746,112,24
1970-01-01 00:00:00.000000199,105.34409,112,24
1970-01-01 00:00:00.000000198,107.571846,112,25
1970-01-01 00:00:00.000000199,107.15165,112,25
1970-01-01 00:00:00.000000200,106.5013,112,25
1970-01-01 00:00:00.000000199,105.77236,112,26
1970-01-01 00:00:00.000000200,106.065834,112,26
1970-01-01 00:00:00.000000201,107.155304,112,26
1970-01-01 00:00:00.000000200,108.02698,112,27
1970-01-01 00:00:00.000000201,107.98189,112,27
1970-01-01 00:00:00.000000202,107.863464,112,27
1970-01-01 00:00:00.000000201,111.38175,112,28
1970-01-01 00:00:00.000000202,110.62593,112,28
1970-01-01 00:00:00.000000203,110.636604,112,28
1970-01-01 00:00:00.000000172,79.19824,113,10
1970-01-01 00:00:00.000000173,75.30572,113,10
1970-01-01 00:00:00.000000174,80.32043,113,10
1970-01-01 00:00:00.000000173,77.51785,113,11
1970-01-01 00:00:00.000000174,81.00079,113,11
1970-01-01 00:00:00.000000175,78.577286,113,11
1970-01-01 00:00:00.000000174,81.80313,113,12
1970-01-01 00:00:00.000000175,81.11679,113,12
1970-01-01 00:00:00.000000176,82.08688,113,12
1970-01-01 00:00:00.000000175,81.338524,113,13
1970-01-01 00:00:00.000000176,82.1211,113,13
1970-01-01 00:00:00.000000177,82.08219,113,13
1970-01-01 00:00:00.000000176,82.29771,113,14
1970-01-01 00:00:00.000000177,82.59917,113,14
1970-01-01 00:00:00.000000178,82.27934,113,14
1970-01-01 00:00:00.000000177,80.07575,113,15
1970-01-01 00:00:00.000000178,80.46289,113,15
1970-01-01 00:00:00.000000179,80.55613,113,15
1970-01-01 00:00:00.000000178,79.16673,113,16
1970-01-01 00:00:00.000000179,79.58601,113,16
1970-01-01 00:00:00.000000180,80.07051,113,16
1970-01-01 00:00:00.000000179,78.568855,113,17
1970-01-01 00:00:00.000000180,78.93045,113,17
1970-01-01 00:00:00.000000181,79.24155,113,17
1970-01-01 00:00:00.000000180,79.82873,113,18
1970-01-01 00:00:00.000000181,80.49587,113,18
1970-01-01 00:00:00.000000182,80.799,113,18
1970-01-01 00:00:00.000000181,83.18972,113,19
1970-01-01 00:00:00.000000182,82.79753,113,19
1970-01-01 00:00:00.000000183,82.49579,113,19
1970-01-01 00:00:00.000000182,79.396935,113,20
1970-01-01 00:00:00.000000183,79.67227,113,20
1970-01-01 00:00:00.000000184,79.28684,113,20
1970-01-01 00:00:00.000000183,71.5554,113,21
1970-01-01 00:00:00.000000184,73.658066,113,21
1970-01-01 00:00:00.000000185,77.769066,113,21
1970-01-01 00:00:00.000000184,78.85167,113,22
1970-01-01 00:00:00.000000185,79.30597,113,22
1970-01-01 00:00:00.000000186,79.75852,113,22
1970-01-01 00:00:00.000000185,80.01065,113,23
1970-01-01 00:00:00.000000186,80.436264,113,23
1970-01-01 00:00:00.000000187,81.06919,113,23
1970-01-01 00:00:00.000000186,78.54287,113,24
1970-01-01 00:00:00.000000187,79.23637,113,24
1970-01-01 00:00:00.000000188,79.920044,113,24
1970-01-01 00:00:00.000000187,77.96482,113,25
1970-01-01 00:00:00.000000188,78.30947,113,25
1970-01-01 00:00:00.000000189,79.562675,113,25
1970-01-01 00:00:00.000000188,76.08988,113,26
1970-01-01 00:00:00.000000189,76.326775,113,26
1970-01-01 00:00:00.000000190,76.82915,113,26
1970-01-01 00:00:00.000000157,129.30441,114,10
1970-01-01 00:00:00.000000158,129.14622,114,10
1970-01-01 00:00:00.000000159,129.27858,114,10
1970-01-01 00:00:00.000000158,129.16188,114,11
1970-01-01 00:00:00.000000159,129.37904,114,11
1970-01-01 00:00:00.000000160,129.7482,114,11
1970-01-01 00:00:00.000000159,127.92699,114,12
1970-01-01 00:00:00.000000160,128.36838,114,12
1970-01-01 00:00:00.000000161,128.57207,114,12
1970-01-01 00:00:00.000000160,126.23016,114,13
1970-01-01 00:00:00.000000161,126.96228,114,13
1970-01-01 00:00:00.000000162,126.64654,114,13
1970-01-01 00:00:00.000000161,128.20738,114,14
1970-01-01 00:00:00.000000162,128.34784,114,14
1970-01-01 00:00:00.000000163,128.87486,114,14
1970-01-01 00:00:00.000000162,128.50943,114,15
1970-01-01 00:00:00.000000163,128.91986,114,15
1970-01-01 00:00:00.000000164,128.94313,114,15
1970-01-01 00:00:00.000000163,126.97304,114,16
1970-01-01 00:00:00.000000164,127.63874,114,16
1970-01-01 00:00:00.000000165,127.46791,114,16
1970-01-01 00:00:00.000000164,93.6695,114,17
1970-01-01 00:00:00.000000165,86.40658,114,17
1970-01-01 00:00:00.000000166,92.76607,114,17
1970-01-01 00:00:00.000000165,0.0,114,18
1970-01-01 00:00:00.000000166,0.0,114,18
1970-01-01 00:00:00.000000167,0.0,114,18
1970-01-01 00:00:00.000000166,0.0,114,19
1970-01-01 00:00:00.000000167,0.0,114,19
1970-01-01 00:00:00.000000168,0.0,114,19
1970-01-01 00:00:00.000000167,0.0,114,20
1970-01-01 00:00:00.000000168,1.9481173,114,20
1970-01-01 00:00:00.000000169,10.999879,114,20
1970-01-01 00:00:00.000000168,0.0,114,21
1970-01-01 00:00:00.000000169,0.0,114,21
1970-01-01 00:00:00.000000170,2.7504117,114,21
1970-01-01 00:00:00.000000169,0.0,114,22
1970-01-01 00:00:00.000000170,0.7541256,114,22
1970-01-01 00:00:00.000000171,5.197367,114,22
1970-01-01 00:00:00.000000170,0.34419784,114,23
1970-01-01 00:00:00.000000171,2.0516613,114,23
1970-01-01 00:00:00.000000172,2.1864884,114,23
1970-01-01 00:00:00.000000086,0.0,115,10
1970-01-01 00:00:00.000000087,5.040333,115,10
1970-01-01 00:00:00.000000088,5.674186,115,10
1970-01-01 00:00:00.000000087,0.0,115,11
1970-01-01 00:00:00.000000088,0.16212519,115,11
1970-01-01 00:00:00.000000089,2.9153736,115,11
1970-01-01 00:00:00.000000096,72.674736,117,10
1970-01-01 00:00:00.000000097,71.87224,117,10
1970-01-01 00:00:00.000000098,71.94794,117,10
1970-01-01 00:00:00.000000097,75.33101,117,11
1970-01-01 00:00:00.000000098,75.03541,117,11
1970-01-01 00:00:00.000000099,75.120865,117,11
1970-01-01 00:00:00.000000098,76.4848,117,12
1970-01-01 00:00:00.000000099,76.024124,117,12
1970-01-01 00:00:00.000000100,76.10393,117,12
1970-01-01 00:00:00.000000082,47.463543,118,10
1970-01-01 00:00:00.000000083,48.435287,118,10
1970-01-01 00:00:00.000000084,48.13951,118,10
1970-01-01 00:00:00.000000109,35.36237,121,10
1970-01-01 00:00:00.000000110,36.295666,121,10
1970-01-01 00:00:00.000000111,34.489048,121,10
1970-01-01 00:00:00.000000110,31.382477,121,11
1970-01-01 00:00:00.000000111,32.704185,121,11
1970-01-01 00:00:00.000000112,32.727108,121,11
1970-01-01 00:00:00.000000111,33.007637,121,12
1970-01-01 00:00:00.000000112,34.85454,121,12
1970-01-01 00:00:00.000000113,34.50937,121,12
1970-01-01 00:00:00.000000112,32.888386,121,13
1970-01-01 00:00:00.000000113,32.952984,121,13
1970-01-01 00:00:00.000000114,32.996536,121,13
1970-01-01 00:00:00.000000113,28.15385,121,14
1970-01-01 00:00:00.000000114,27.251171,121,14
1970-01-01 00:00:00.000000115,27.61492,121,14
1970-01-01 00:00:00.000000114,31.410442,121,15
1970-01-01 00:00:00.000000115,31.666191,121,15
1970-01-01 00:00:00.000000116,27.952372,121,15
1970-01-01 00:00:00.000000165,194.78848,122,10
1970-01-01 00:00:00.000000166,194.44173,122,10
1970-01-01 00:00:00.000000167,194.34805,122,10
1970-01-01 00:00:00.000000166,192.75764,122,11
1970-01-01 00:00:00.000000167,194.25798,122,11
1970-01-01 00:00:00.000000168,194.97464,122,11
1970-01-01 00:00:00.000000167,176.67284,122,12
1970-01-01 00:00:00.000000168,183.65724,122,12
1970-01-01 00:00:00.000000169,180.79396,122,12
1970-01-01 00:00:00.000000168,164.55971,122,13
1970-01-01 00:00:00.000000169,171.30298,122,13
1970-01-01 00:00:00.000000170,173.829,122,13
1970-01-01 00:00:00.000000169,168.51102,122,14
1970-01-01 00:00:00.000000170,175.43127,122,14
1970-01-01 00:00:00.000000171,179.65219,122,14
1970-01-01 00:00:00.000000170,175.09406,122,15
1970-01-01 00:00:00.000000171,178.18013,122,15
1970-01-01 00:00:00.000000172,173.3633,122,15
1970-01-01 00:00:00.000000171,178.67,122,16
1970-01-01 00:00:00.000000172,176.95177,122,16
1970-01-01 00:00:00.000000173,176.16537,122,16
1970-01-01 00:00:00.000000172,173.26772,122,17
1970-01-01 00:00:00.000000173,173.39612,122,17
1970-01-01 00:00:00.000000174,172.2727,122,17
1970-01-01 00:00:00.000000173,182.79779,122,18
1970-01-01 00:00:00.000000174,182.53934,122,18
1970-01-01 00:00:00.000000175,182.73283,122,18
1970-01-01 00:00:00.000000174,170.51657,122,19
1970-01-01 00:00:00.000000175,171.3469,122,19
1970-01-01 00:00:00.000000176,171.65334,122,19
1970-01-01 00:00:00.000000175,152.6571,122,20
1970-01-01 00:00:00.000000176,153.23575,122,20
1970-01-01 00:00:00.000000177,153.51497,122,20
1970-01-01 00:00:00.000000176,136.47363,122,21
1970-01-01 00:00:00.000000177,136.06122,122,21
1970-01-01 00:00:00.000000178,140.68481,122,21
1970-01-01 00:00:00.000000177,127.40997,122,22
1970-01-01 00:00:00.000000178,128.21046,122,22
1970-01-01 00:00:00.000000179,127.64871,122,22
1970-01-01 00:00:00.000000178,140.21773,122,23
1970-01-01 00:00:00.000000179,141.0176,122,23
1970-01-01 00:00:00.000000180,143.47551,122,23
1970-01-01 00:00:00.000000179,143.80377,122,24
1970-01-01 00:00:00.000000180,145.8142,122,24
1970-01-01 00:00:00.000000181,146.70978,122,24
1970-01-01 00:00:00.000000180,150.83209,122,25
1970-01-01 00:00:00.000000181,150.11876,122,25
1970-01-01 00:00:00.000000182,151.45993,122,25
1970-01-01 00:00:00.000000101,138.18097,123,10
1970-01-01 00:00:00.000000102,136.73293,123,10
1970-01-01 00:00:00.000000103,138.20966,123,10
1970-01-01 00:00:00.000000102,124.54915,123,11
1970-01-01 00:00:00.000000103,129.70827,123,11
1970-01-01 00:00:00.000000104,130.70634,123,11
1970-01-01 00:00:00.000000103,122.405205,123,12
1970-01-01 00:00:00.000000104,121.949974,123,12
1970-01-01 00:00:00.000000105,125.4586,123,12
1970-01-01 00:00:00.000000104,110.506996,123,13
1970-01-01 00:00:00.000000105,117.441635,123,13
1970-01-01 00:00:00.000000106,122.66091,123,13
1970-01-01 00:00:00.000000105,85.70317,123,14
1970-01-01 00:00:00.000000106,98.35564,123,14
1970-01-01 00:00:00.000000107,89.24564,123,14
1970-01-01 00:00:00.000000107,0.0,124,10
1970-01-01 00:00:00.000000108,1.4677666,124,10
1970-01-01 00:00:00.000000109,14.280392,124,10
1970-01-01 00:00:00.000000108,0.0,124,11
1970-01-01 00:00:00.000000109,2.8584735,124,11
1970-01-01 00:00:00.000000110,1.7446214,124,11
1970-01-01 00:00:00.000000109,0.0,124,12
1970-01-01 00:00:00.000000110,0.0,124,12
1970-01-01 00:00:00.000000111,1.4091334,124,12
1970-01-01 00:00:00.000000110,0.0,124,13
1970-01-01 00:00:00.000000111,0.7389819,124,13
1970-01-01 00:00:00.000000112,2.4674833,124,13
1970-01-01 00:00:00.000000111,0.0,124,14
1970-01-01 00:00:00.000000112,0.10895874,124,14
1970-01-01 00:00:00.000000113,0.6935426,124,14
1970-01-01 00:00:00.000000164,112.146065,125,10
1970-01-01 00:00:00.000000165,111.14266,125,10
1970-01-01 00:00:00.000000166,110.99858,125,10
1970-01-01 00:00:00.000000165,112.1648,125,11
1970-01-01 00:00:00.000000166,112.447945,125,11
1970-01-01 00:00:00.000000167,113.04995,125,11
1970-01-01 00:00:00.000000166,106.86184,125,12
1970-01-01 00:00:00.000000167,107.85695,125,12
1970-01-01 00:00:00.000000168,108.25214,125,12
1970-01-01 00:00:00.000000167,106.13095,125,13
1970-01-01 00:00:00.000000168,106.268654,125,13
1970-01-01 00:00:00.000000169,106.43324,125,13
1970-01-01 00:00:00.000000168,105.395035,125,14
1970-01-01 00:00:00.000000169,106.23677,125,14
1970-01-01 00:00:00.000000170,107.901985,125,14
1970-01-01 00:00:00.000000169,102.8271,125,15
1970-01-01 00:00:00.000000170,103.85672,125,15
1970-01-01 00:00:00.000000171,104.22494,125,15
1970-01-01 00:00:00.000000170,104.15352,125,16
1970-01-01 00:00:00.000000171,103.897095,125,16
1970-01-01 00:00:00.000000172,104.00896,125,16
1970-01-01 00:00:00.000000171,104.16833,125,17
1970-01-01 00:00:00.000000172,105.02351,125,17
1970-01-01 00:00:00.000000173,104.616714,125,17
1970-01-01 00:00:00.000000172,104.75161,125,18
1970-01-01 00:00:00.000000173,104.08157,125,18
1970-01-01 00:00:00.000000174,104.13875,125,18
1970-01-01 00:00:00.000000173,67.00008,125,19
1970-01-01 00:00:00.000000174,71.0379,125,19
1970-01-01 00:00:00.000000175,77.71382,125,19
1970-01-01 00:00:00.000000174,12.768973,125,20
1970-01-01 00:00:00.000000175,7.376138,125,20
1970-01-01 00:00:00.000000176,17.04459,125,20
1970-01-01 00:00:00.000000175,0.0,125,21
1970-01-01 00:00:00.000000176,0.0,125,21
1970-01-01 00:00:00.000000177,0.0,125,21
1970-01-01 00:00:00.000000176,0.0,125,22
1970-01-01 00:00:00.000000177,0.0,125,22
1970-01-01 00:00:00.000000178,5.234094,125,22
1970-01-01 00:00:00.000000177,0.0,125,23
1970-01-01 00:00:00.000000178,0.46493438,125,23
1970-01-01 00:00:00.000000179,4.203086,125,23
1970-01-01 00:00:00.000000178,0.0,125,24
1970-01-01 00:00:00.000000179,0.0,125,24
1970-01-01 00:00:00.000000180,1.9138488,125,24
1970-01-01 00:00:00.000000208,30.419855,126,10
1970-01-01 00:00:00.000000209,32.873676,126,10
1970-01-01 00:00:00.000000210,37.159145,126,10
1970-01-01 00:00:00.000000209,46.07318,126,11
1970-01-01 00:00:00.000000210,47.001194,126,11
1970-01-01 00:00:00.000000211,46.655014,126,11
1970-01-01 00:00:00.000000210,56.44208,126,12
1970-01-01 00:00:00.000000211,54.20236,126,12
1970-01-01 00:00:00.000000212,53.27025,126,12
1970-01-01 00:00:00.000000211,53.253235,126,13
1970-01-01 00:00:00.000000212,50.939857,126,13
1970-01-01 00:00:00.000000213,52.459007,126,13
1970-01-01 00:00:00.000000212,59.05972,126,14
1970-01-01 00:00:00.000000213,58.067772,126,14
1970-01-01 00:00:00.000000214,57.240196,126,14
1970-01-01 00:00:00.000000213,57.691013,126,15
1970-01-01 00:00:00.000000214,57.43132,126,15
1970-01-01 00:00:00.000000215,57.478107,126,15
1970-01-01 00:00:00.000000214,62.840103,126,16
1970-01-01 00:00:00.000000215,63.010403,126,16
1970-01-01 00:00:00.000000216,62.84885,126,16
1970-01-01 00:00:00.000000215,61.68523,126,17
1970-01-01 00:00:00.000000216,61.482723,126,17
1970-01-01 00:00:00.000000217,61.553772,126,17
1970-01-01 00:00:00.000000216,58.894947,126,18
1970-01-01 00:00:00.000000217,59.35244,126,18
1970-01-01 00:00:00.000000218,59.89349,126,18
1970-01-01 00:00:00.000000217,59.627876,126,19
1970-01-01 00:00:00.000000218,60.61423,126,19
1970-01-01 00:00:00.000000219,60.437363,126,19
1970-01-01 00:00:00.000000218,58.39703,126,20
1970-01-01 00:00:00.000000219,58.48067,126,20
1970-01-01 00:00:00.000000220,58.20729,126,20
1970-01-01 00:00:00.000000219,59.215347,126,21
1970-01-01 00:00:00.000000220,59.209633,126,21
1970-01-01 00:00:00.000000221,59.338425,126,21
1970-01-01 00:00:00.000000220,61.090343,126,22
1970-01-01 00:00:00.000000221,60.21866,126,22
1970-01-01 00:00:00.000000222,59.58556,126,22
1970-01-01 00:00:00.000000221,63.984425,126,23
1970-01-01 00:00:00.000000222,62.907806,126,23
1970-01-01 00:00:00.000000223,62.725044,126,23
1970-01-01 00:00:00.000000222,67.64984,126,24
1970-01-01 00:00:00.000000223,68.23307,126,24
1970-01-01 00:00:00.000000224,67.62892,126,24
1970-01-01 00:00:00.000000223,70.182846,126,25
1970-01-01 00:00:00.000000224,70.33604,126,25
1970-01-01 00:00:00.000000225,69.6017,126,25
1970-01-01 00:00:00.000000224,71.290085,126,26
1970-01-01 00:00:00.000000225,71.18146,126,26
1970-01-01 00:00:00.000000226,70.8755,126,26
1970-01-01 00:00:00.000000225,59.174232,126,27
1970-01-01 00:00:00.000000226,61.33682,126,27
1970-01-01 00:00:00.000000227,60.88257,126,27
1970-01-01 00:00:00.000000226,57.828297,126,28
1970-01-01 00:00:00.000000227,57.18566,126,28
1970-01-01 00:00:00.000000228,55.874405,126,28
1970-01-01 00:00:00.000000227,56.62768,126,29
1970-01-01 00:00:00.000000228,58.539864,126,29
1970-01-01 00:00:00.000000229,55.508358,126,29
1970-01-01 00:00:00.000000228,48.935566,126,30
1970-01-01 00:00:00.000000229,49.44501,126,30
1970-01-01 00:00:00.000000230,52.412655,126,30
1970-01-01 00:00:00.000000229,53.638344,126,31
1970-01-01 00:00:00.000000230,56.954586,126,31
1970-01-01 00:00:00.000000231,53.14173,126,31
1970-01-01 00:00:00.000000230,59.372215,126,32
1970-01-01 00:00:00.000000231,61.958042,126,32
1970-01-01 00:00:00.000000232,59.52559,126,32
1970-01-01 00:00:00.000000188,103.683014,127,10
1970-01-01 00:00:00.000000189,103.782845,127,10
1970-01-01 00:00:00.000000190,104.09298,127,10
1970-01-01 00:00:00.000000189,103.354515,127,11
1970-01-01 00:00:00.000000190,103.83185,127,11
1970-01-01 00:00:00.000000191,104.03835,127,11
1970-01-01 00:00:00.000000190,104.863075,127,12
1970-01-01 00:00:00.000000191,105.192566,127,12
1970-01-01 00:00:00.000000192,104.60751,127,12
1970-01-01 00:00:00.000000191,101.75583,127,13
1970-01-01 00:00:00.000000192,101.310486,127,13
1970-01-01 00:00:00.000000193,101.60616,127,13
1970-01-01 00:00:00.000000192,98.33889,127,14
1970-01-01 00:00:00.000000193,97.86747,127,14
1970-01-01 00:00:00.000000194,97.9256,127,14
1970-01-01 00:00:00.000000193,91.29798,127,15
1970-01-01 00:00:00.000000194,91.95005,127,15
1970-01-01 00:00:00.000000195,92.73794,127,15
1970-01-01 00:00:00.000000194,86.9333,127,16
1970-01-01 00:00:00.000000195,87.85382,127,16
1970-01-01 00:00:00.000000196,89.44302,127,16
1970-01-01 00:00:00.000000195,84.557755,127,17
1970-01-01 00:00:00.000000196,85.486534,127,17
1970-01-01 00:00:00.000000197,86.66328,127,17
1970-01-01 00:00:00.000000196,82.8176,127,18
1970-01-01 00:00:00.000000197,84.28211,127,18
1970-01-01 00:00:00.000000198,84.42612,127,18
1970-01-01 00:00:00.000000197,80.668106,127,19
1970-01-01 00:00:00.000000198,81.34108,127,19
1970-01-01 00:00:00.000000199,81.20956,127,19
1970-01-01 00:00:00.000000198,78.754036,127,20
1970-01-01 00:00:00.000000199,79.09851,127,20
1970-01-01 00:00:00.000000200,78.49717,127,20
1970-01-01 00:00:00.000000199,77.87291,127,21
1970-01-01 00:00:00.000000200,78.81688,127,21
1970-01-01 00:00:00.000000201,79.83889,127,21
1970-01-01 00:00:00.000000200,71.63359,127,22
1970-01-01 00:00:00.000000201,72.068184,127,22
1970-01-01 00:00:00.000000202,73.52286,127,22
1970-01-01 00:00:00.000000201,73.869995,127,23
1970-01-01 00:00:00.000000202,75.473976,127,23
1970-01-01 00:00:00.000000203,75.86737,127,23
1970-01-01 00:00:00.000000202,75.52508,127,24
1970-01-01 00:00:00.000000203,76.52439,127,24
1970-01-01 00:00:00.000000204,75.97098,127,24
1970-01-01 00:00:00.000000203,75.81566,127,25
1970-01-01 00:00:00.000000204,75.58396,127,25
1970-01-01 00:00:00.000000205,75.60257,127,25
1970-01-01 00:00:00.000000204,73.3214,127,26
1970-01-01 00:00:00.000000205,74.01647,127,26
1970-01-01 00:00:00.000000206,74.58849,127,26
1970-01-01 00:00:00.000000205,73.80282,127,27
1970-01-01 00:00:00.000000206,74.33048,127,27
1970-01-01 00:00:00.000000207,73.772415,127,27
1970-01-01 00:00:00.000000206,75.59621,127,28
1970-01-01 00:00:00.000000207,74.116806,127,28
1970-01-01 00:00:00.000000208,73.28453,127,28
1970-01-01 00:00:00.000000207,74.38077,127,29
1970-01-01 00:00:00.000000208,74.06906,127,29
1970-01-01 00:00:00.000000209,74.61888,127,29
1970-01-01 00:00:00.000000082,0.0,129,10
1970-01-01 00:00:00.000000083,0.0,129,10
1970-01-01 00:00:00.000000084,2.0091178,129,10
