sequence_index,second_chamber_filling,block_idx,fcst_origin
1970-01-01 00:00:00.000000007,56.381924,188,6
1970-01-01 00:00:00.000000008,56.92536,188,6
1970-01-01 00:00:00.000000009,56.9761,188,6
1970-01-01 00:00:00.000000010,56.74388,188,6
1970-01-01 00:00:00.000000011,56.963314,188,6
1970-01-01 00:00:00.000000012,56.593388,188,6
1970-01-01 00:00:00.000000008,57.07785,188,7
1970-01-01 00:00:00.000000009,57.059116,188,7
1970-01-01 00:00:00.000000010,56.99322,188,7
1970-01-01 00:00:00.000000011,57.010662,188,7
1970-01-01 00:00:00.000000012,57.050346,188,7
1970-01-01 00:00:00.000000013,56.988876,188,7
1970-01-01 00:00:00.000000009,58.37252,188,8
1970-01-01 00:00:00.000000010,57.556664,188,8
1970-01-01 00:00:00.000000011,57.74688,188,8
1970-01-01 00:00:00.000000012,57.624935,188,8
1970-01-01 00:00:00.000000013,57.384636,188,8
1970-01-01 00:00:00.000000014,57.804203,188,8
1970-01-01 00:00:00.000000010,59.22279,188,9
1970-01-01 00:00:00.000000011,59.134903,188,9
1970-01-01 00:00:00.000000012,59.658867,188,9
1970-01-01 00:00:00.000000013,59.265755,188,9
1970-01-01 00:00:00.000000014,59.26941,188,9
1970-01-01 00:00:00.000000015,59.34249,188,9
1970-01-01 00:00:00.000000011,58.431477,188,10
1970-01-01 00:00:00.000000012,58.086933,188,10
1970-01-01 00:00:00.000000013,58.480022,188,10
1970-01-01 00:00:00.000000014,57.937157,188,10
1970-01-01 00:00:00.000000015,58.06356,188,10
1970-01-01 00:00:00.000000016,58.171795,188,10
1970-01-01 00:00:00.000000012,57.93199,188,11
1970-01-01 00:00:00.000000013,57.800976,188,11
1970-01-01 00:00:00.000000014,58.153534,188,11
1970-01-01 00:00:00.000000015,57.76965,188,11
1970-01-01 00:00:00.000000016,57.835052,188,11
1970-01-01 00:00:00.000000017,57.99232,188,11
1970-01-01 00:00:00.000000013,60.43257,188,12
1970-01-01 00:00:00.000000014,60.993176,188,12
1970-01-01 00:00:00.000000015,61.53479,188,12
1970-01-01 00:00:00.000000016,61.327118,188,12
1970-01-01 00:00:00.000000017,61.435783,188,12
1970-01-01 00:00:00.000000018,61.31157,188,12
1970-01-01 00:00:00.000000014,61.713844,188,13
1970-01-01 00:00:00.000000015,61.87142,188,13
1970-01-01 00:00:00.000000016,62.419632,188,13
1970-01-01 00:00:00.000000017,62.224327,188,13
1970-01-01 00:00:00.000000018,62.030037,188,13
1970-01-01 00:00:00.000000019,62.008446,188,13
1970-01-01 00:00:00.000000015,58.545902,188,14
1970-01-01 00:00:00.000000016,58.539047,188,14
1970-01-01 00:00:00.000000017,58.675747,188,14
1970-01-01 00:00:00.000000018,58.3067,188,14
1970-01-01 00:00:00.000000019,58.36991,188,14
1970-01-01 00:00:00.000000020,58.456234,188,14
1970-01-01 00:00:00.000000016,57.91906,188,15
1970-01-01 00:00:00.000000017,58.080414,188,15
1970-01-01 00:00:00.000000018,58.289288,188,15
1970-01-01 00:00:00.000000019,58.210655,188,15
1970-01-01 00:00:00.000000020,58.04988,188,15
1970-01-01 00:00:00.000000021,58.309177,188,15
1970-01-01 00:00:00.000000017,58.1532,188,16
1970-01-01 00:00:00.000000018,58.539078,188,16
1970-01-01 00:00:00.000000019,58.592594,188,16
1970-01-01 00:00:00.000000020,58.716057,188,16
1970-01-01 00:00:00.000000021,58.534954,188,16
1970-01-01 00:00:00.000000022,58.8348,188,16
1970-01-01 00:00:00.000000018,58.74243,188,17
1970-01-01 00:00:00.000000019,59.43943,188,17
1970-01-01 00:00:00.000000020,59.30639,188,17
1970-01-01 00:00:00.000000021,59.362534,188,17
1970-01-01 00:00:00.000000022,59.65516,188,17
1970-01-01 00:00:00.000000023,59.353703,188,17
1970-01-01 00:00:00.000000019,59.97198,188,18
1970-01-01 00:00:00.000000020,60.34016,188,18
1970-01-01 00:00:00.000000021,60.451706,188,18
1970-01-01 00:00:00.000000022,60.719402,188,18
1970-01-01 00:00:00.000000023,61.04424,188,18
1970-01-01 00:00:00.000000024,60.81787,188,18
1970-01-01 00:00:00.000000020,60.422062,188,19
1970-01-01 00:00:00.000000021,60.48779,188,19
1970-01-01 00:00:00.000000022,60.680336,188,19
1970-01-01 00:00:00.000000023,60.6849,188,19
1970-01-01 00:00:00.000000024,60.633095,188,19
1970-01-01 00:00:00.000000025,60.685837,188,19
1970-01-01 00:00:00.000000021,61.390656,188,20
1970-01-01 00:00:00.000000022,61.141994,188,20
1970-01-01 00:00:00.000000023,61.538754,188,20
1970-01-01 00:00:00.000000024,61.281395,188,20
1970-01-01 00:00:00.000000025,61.32664,188,20
1970-01-01 00:00:00.000000026,61.340828,188,20
1970-01-01 00:00:00.000000022,62.443462,188,21
1970-01-01 00:00:00.000000023,62.12278,188,21
1970-01-01 00:00:00.000000024,62.718655,188,21
1970-01-01 00:00:00.000000025,62.29369,188,21
1970-01-01 00:00:00.000000026,62.38682,188,21
1970-01-01 00:00:00.000000027,62.453403,188,21
1970-01-01 00:00:00.000000023,63.137733,188,22
1970-01-01 00:00:00.000000024,62.87007,188,22
1970-01-01 00:00:00.000000025,63.453163,188,22
1970-01-01 00:00:00.000000026,62.980484,188,22
1970-01-01 00:00:00.000000027,63.146545,188,22
1970-01-01 00:00:00.000000028,63.08706,188,22
1970-01-01 00:00:00.000000024,63.592396,188,23
1970-01-01 00:00:00.000000025,63.36948,188,23
1970-01-01 00:00:00.000000026,63.96749,188,23
1970-01-01 00:00:00.000000027,63.501667,188,23
1970-01-01 00:00:00.000000028,63.69931,188,23
1970-01-01 00:00:00.000000029,63.643887,188,23
1970-01-01 00:00:00.000000025,64.43914,188,24
1970-01-01 00:00:00.000000026,64.42092,188,24
1970-01-01 00:00:00.000000027,65.01143,188,24
1970-01-01 00:00:00.000000028,64.60183,188,24
1970-01-01 00:00:00.000000029,64.745995,188,24
1970-01-01 00:00:00.000000030,64.67853,188,24
1970-01-01 00:00:00.000000026,64.8243,188,25
1970-01-01 00:00:00.000000027,64.805664,188,25
1970-01-01 00:00:00.000000028,65.30666,188,25
1970-01-01 00:00:00.000000029,64.92885,188,25
1970-01-01 00:00:00.000000030,65.008484,188,25
1970-01-01 00:00:00.000000031,64.960075,188,25
1970-01-01 00:00:00.000000027,62.218388,188,26
1970-01-01 00:00:00.000000028,62.344456,188,26
1970-01-01 00:00:00.000000029,62.608707,188,26
1970-01-01 00:00:00.000000030,62.315186,188,26
1970-01-01 00:00:00.000000031,62.220222,188,26
1970-01-01 00:00:00.000000032,62.397606,188,26
1970-01-01 00:00:00.000000028,61.42573,188,27
1970-01-01 00:00:00.000000029,61.763157,188,27
1970-01-01 00:00:00.000000030,61.829098,188,27
1970-01-01 00:00:00.000000031,61.697247,188,27
1970-01-01 00:00:00.000000032,61.6814,188,27
1970-01-01 00:00:00.000000033,61.70703,188,27
1970-01-01 00:00:00.000000029,60.950497,188,28
1970-01-01 00:00:00.000000030,61.466457,188,28
1970-01-01 00:00:00.000000031,61.38267,188,28
1970-01-01 00:00:00.000000032,61.666702,188,28
1970-01-01 00:00:00.000000033,61.632454,188,28
1970-01-01 00:00:00.000000034,61.83374,188,28
1970-01-01 00:00:00.000000030,61.5746,188,29
1970-01-01 00:00:00.000000031,62.293324,188,29
1970-01-01 00:00:00.000000032,62.10567,188,29
1970-01-01 00:00:00.000000033,62.337326,188,29
1970-01-01 00:00:00.000000034,62.651005,188,29
1970-01-01 00:00:00.000000035,62.492104,188,29
1970-01-01 00:00:00.000000031,62.33854,188,30
1970-01-01 00:00:00.000000032,63.03219,188,30
1970-01-01 00:00:00.000000033,63.044876,188,30
1970-01-01 00:00:00.000000034,63.20956,188,30
1970-01-01 00:00:00.000000035,63.685867,188,30
1970-01-01 00:00:00.000000036,63.298874,188,30
1970-01-01 00:00:00.000000032,63.52263,188,31
1970-01-01 00:00:00.000000033,63.866966,188,31
1970-01-01 00:00:00.000000034,63.93912,188,31
1970-01-01 00:00:00.000000035,64.046326,188,31
1970-01-01 00:00:00.000000036,64.12342,188,31
1970-01-01 00:00:00.000000037,64.03593,188,31
1970-01-01 00:00:00.000000033,64.41736,188,32
1970-01-01 00:00:00.000000034,64.17975,188,32
1970-01-01 00:00:00.000000035,64.5645,188,32
1970-01-01 00:00:00.000000036,64.35363,188,32
1970-01-01 00:00:00.000000037,64.33918,188,32
1970-01-01 00:00:00.000000038,64.443726,188,32
1970-01-01 00:00:00.000000034,65.475204,188,33
1970-01-01 00:00:00.000000035,65.07112,188,33
1970-01-01 00:00:00.000000036,65.67676,188,33
1970-01-01 00:00:00.000000037,65.213295,188,33
1970-01-01 00:00:00.000000038,65.33966,188,33
1970-01-01 00:00:00.000000039,65.377075,188,33
1970-01-01 00:00:00.000000035,65.99645,188,34
1970-01-01 00:00:00.000000036,65.7033,188,34
1970-01-01 00:00:00.000000037,66.336494,188,34
1970-01-01 00:00:00.000000038,65.83014,188,34
1970-01-01 00:00:00.000000039,66.00132,188,34
1970-01-01 00:00:00.000000040,65.946815,188,34
1970-01-01 00:00:00.000000036,67.36617,188,35
1970-01-01 00:00:00.000000037,67.18367,188,35
1970-01-01 00:00:00.000000038,67.92218,188,35
1970-01-01 00:00:00.000000039,67.39838,188,35
1970-01-01 00:00:00.000000040,67.62032,188,35
1970-01-01 00:00:00.000000041,67.558464,188,35
1970-01-01 00:00:00.000000037,67.10834,188,36
1970-01-01 00:00:00.000000038,67.07368,188,36
1970-01-01 00:00:00.000000039,67.62376,188,36
1970-01-01 00:00:00.000000040,67.11025,188,36
1970-01-01 00:00:00.000000041,67.159225,188,36
1970-01-01 00:00:00.000000042,67.224525,188,36
1970-01-01 00:00:00.000000038,64.32535,188,37
1970-01-01 00:00:00.000000039,64.520226,188,37
1970-01-01 00:00:00.000000040,64.775856,188,37
1970-01-01 00:00:00.000000041,64.44405,188,37
1970-01-01 00:00:00.000000042,64.34248,188,37
1970-01-01 00:00:00.000000043,64.467354,188,37
1970-01-01 00:00:00.000000039,63.482178,188,38
1970-01-01 00:00:00.000000040,63.84619,188,38
1970-01-01 00:00:00.000000041,63.96228,188,38
1970-01-01 00:00:00.000000042,63.813217,188,38
1970-01-01 00:00:00.000000043,63.771206,188,38
1970-01-01 00:00:00.000000044,63.869064,188,38
1970-01-01 00:00:00.000000040,63.820446,188,39
1970-01-01 00:00:00.000000041,64.31474,188,39
1970-01-01 00:00:00.000000042,64.222755,188,39
1970-01-01 00:00:00.000000043,64.62625,188,39
1970-01-01 00:00:00.000000044,64.58083,188,39
1970-01-01 00:00:00.000000045,64.76184,188,39
1970-01-01 00:00:00.000000041,64.46564,188,40
1970-01-01 00:00:00.000000042,65.31281,188,40
1970-01-01 00:00:00.000000043,65.21999,188,40
1970-01-01 00:00:00.000000044,65.23951,188,40
1970-01-01 00:00:00.000000045,65.62839,188,40
1970-01-01 00:00:00.000000046,65.40789,188,40
1970-01-01 00:00:00.000000042,64.780304,188,41
1970-01-01 00:00:00.000000043,65.47757,188,41
1970-01-01 00:00:00.000000044,65.4241,188,41
1970-01-01 00:00:00.000000045,65.634026,188,41
1970-01-01 00:00:00.000000046,66.22247,188,41
1970-01-01 00:00:00.000000047,65.59886,188,41
1970-01-01 00:00:00.000000043,65.85229,188,42
1970-01-01 00:00:00.000000044,65.80104,188,42
1970-01-01 00:00:00.000000045,65.96421,188,42
1970-01-01 00:00:00.000000046,66.11242,188,42
1970-01-01 00:00:00.000000047,66.15711,188,42
1970-01-01 00:00:00.000000048,66.18587,188,42
1970-01-01 00:00:00.000000044,66.56758,188,43
1970-01-01 00:00:00.000000045,66.57686,188,43
1970-01-01 00:00:00.000000046,66.95821,188,43
1970-01-01 00:00:00.000000047,66.79961,188,43
1970-01-01 00:00:00.000000048,66.74593,188,43
1970-01-01 00:00:00.000000049,66.81968,188,43
1970-01-01 00:00:00.000000045,67.54126,188,44
1970-01-01 00:00:00.000000046,67.32228,188,44
1970-01-01 00:00:00.000000047,67.81573,188,44
1970-01-01 00:00:00.000000048,67.46992,188,44
1970-01-01 00:00:00.000000049,67.517784,188,44
1970-01-01 00:00:00.000000050,67.54482,188,44
1970-01-01 00:00:00.000000046,68.18066,188,45
1970-01-01 00:00:00.000000047,67.80758,188,45
1970-01-01 00:00:00.000000048,68.35025,188,45
1970-01-01 00:00:00.000000049,67.927536,188,45
1970-01-01 00:00:00.000000050,68.070885,188,45
1970-01-01 00:00:00.000000051,68.056015,188,45
1970-01-01 00:00:00.000000047,68.664986,188,46
1970-01-01 00:00:00.000000048,68.45203,188,46
1970-01-01 00:00:00.000000049,69.03541,188,46
1970-01-01 00:00:00.000000050,68.58008,188,46
1970-01-01 00:00:00.000000051,68.75111,188,46
1970-01-01 00:00:00.000000052,68.720345,188,46
1970-01-01 00:00:00.000000048,69.20608,188,47
1970-01-01 00:00:00.000000049,69.196304,188,47
1970-01-01 00:00:00.000000050,69.69466,188,47
1970-01-01 00:00:00.000000051,69.30091,188,47
1970-01-01 00:00:00.000000052,69.411285,188,47
1970-01-01 00:00:00.000000053,69.33908,188,47
1970-01-01 00:00:00.000000049,68.1135,188,48
1970-01-01 00:00:00.000000050,68.18228,188,48
1970-01-01 00:00:00.000000051,68.445206,188,48
1970-01-01 00:00:00.000000052,68.11366,188,48
1970-01-01 00:00:00.000000053,68.0257,188,48
1970-01-01 00:00:00.000000054,68.20082,188,48
1970-01-01 00:00:00.000000050,65.98072,188,49
1970-01-01 00:00:00.000000051,66.25301,188,49
1970-01-01 00:00:00.000000052,66.42145,188,49
1970-01-01 00:00:00.000000053,66.05084,188,49
1970-01-01 00:00:00.000000054,66.06781,188,49
1970-01-01 00:00:00.000000055,66.09599,188,49
1970-01-01 00:00:00.000000051,65.0127,188,50
1970-01-01 00:00:00.000000052,65.63248,188,50
1970-01-01 00:00:00.000000053,65.532845,188,50
1970-01-01 00:00:00.000000054,65.710846,188,50
1970-01-01 00:00:00.000000055,65.74021,188,50
1970-01-01 00:00:00.000000056,65.77479,188,50
1970-01-01 00:00:00.000000052,66.31269,188,51
1970-01-01 00:00:00.000000053,66.84939,188,51
1970-01-01 00:00:00.000000054,66.7578,188,51
1970-01-01 00:00:00.000000055,67.164055,188,51
1970-01-01 00:00:00.000000056,67.34558,188,51
1970-01-01 00:00:00.000000057,67.35939,188,51
1970-01-01 00:00:00.000000053,67.32396,188,52
1970-01-01 00:00:00.000000054,68.58368,188,52
1970-01-01 00:00:00.000000055,68.53321,188,52
1970-01-01 00:00:00.000000056,68.45616,188,52
1970-01-01 00:00:00.000000057,69.00813,188,52
1970-01-01 00:00:00.000000058,68.274864,188,52
1970-01-01 00:00:00.000000054,68.75996,188,53
1970-01-01 00:00:00.000000055,69.16262,188,53
1970-01-01 00:00:00.000000056,69.22553,188,53
1970-01-01 00:00:00.000000057,69.4182,188,53
1970-01-01 00:00:00.000000058,69.58839,188,53
1970-01-01 00:00:00.000000059,69.33815,188,53
1970-01-01 00:00:00.000000055,69.171165,188,54
1970-01-01 00:00:00.000000056,68.64501,188,54
1970-01-01 00:00:00.000000057,69.15257,188,54
1970-01-01 00:00:00.000000058,68.82549,188,54
1970-01-01 00:00:00.000000059,68.90403,188,54
1970-01-01 00:00:00.000000060,68.991745,188,54
1970-01-01 00:00:00.000000007,73.51578,189,6
1970-01-01 00:00:00.000000008,73.532005,189,6
1970-01-01 00:00:00.000000009,73.66613,189,6
1970-01-01 00:00:00.000000010,73.56855,189,6
1970-01-01 00:00:00.000000011,73.53744,189,6
1970-01-01 00:00:00.000000012,73.5644,189,6
1970-01-01 00:00:00.000000008,71.35869,189,7
1970-01-01 00:00:00.000000009,71.58515,189,7
1970-01-01 00:00:00.000000010,71.62755,189,7
1970-01-01 00:00:00.000000011,71.351814,189,7
1970-01-01 00:00:00.000000012,71.46045,189,7
1970-01-01 00:00:00.000000013,71.40142,189,7
1970-01-01 00:00:00.000000009,69.3183,189,8
1970-01-01 00:00:00.000000010,69.93115,189,8
1970-01-01 00:00:00.000000011,69.79674,189,8
1970-01-01 00:00:00.000000012,69.84507,189,8
1970-01-01 00:00:00.000000013,69.97388,189,8
1970-01-01 00:00:00.000000014,69.91756,189,8
1970-01-01 00:00:00.000000010,68.62275,189,9
1970-01-01 00:00:00.000000011,69.31584,189,9
1970-01-01 00:00:00.000000012,69.06336,189,9
1970-01-01 00:00:00.000000013,69.66586,189,9
1970-01-01 00:00:00.000000014,69.71763,189,9
1970-01-01 00:00:00.000000015,69.88062,189,9
1970-01-01 00:00:00.000000011,69.36089,189,10
1970-01-01 00:00:00.000000012,70.28275,189,10
1970-01-01 00:00:00.000000013,70.009094,189,10
1970-01-01 00:00:00.000000014,70.43579,189,10
1970-01-01 00:00:00.000000015,70.947716,189,10
1970-01-01 00:00:00.000000016,70.68282,189,10
1970-01-01 00:00:00.000000012,69.27829,189,11
1970-01-01 00:00:00.000000013,70.01552,189,11
1970-01-01 00:00:00.000000014,69.93245,189,11
1970-01-01 00:00:00.000000015,70.16799,189,11
1970-01-01 00:00:00.000000016,70.772484,189,11
1970-01-01 00:00:00.000000017,70.39683,189,11
1970-01-01 00:00:00.000000013,69.59648,189,12
1970-01-01 00:00:00.000000014,69.873665,189,12
1970-01-01 00:00:00.000000015,69.91264,189,12
1970-01-01 00:00:00.000000016,70.19967,189,12
1970-01-01 00:00:00.000000017,70.5963,189,12
1970-01-01 00:00:00.000000018,70.22905,189,12
1970-01-01 00:00:00.000000014,70.37973,189,13
1970-01-01 00:00:00.000000015,70.41389,189,13
1970-01-01 00:00:00.000000016,70.57831,189,13
1970-01-01 00:00:00.000000017,70.64139,189,13
1970-01-01 00:00:00.000000018,70.63793,189,13
1970-01-01 00:00:00.000000019,70.67613,189,13
1970-01-01 00:00:00.000000015,70.80458,189,14
1970-01-01 00:00:00.000000016,70.75998,189,14
1970-01-01 00:00:00.000000017,71.001526,189,14
1970-01-01 00:00:00.000000018,70.90754,189,14
1970-01-01 00:00:00.000000019,70.87229,189,14
1970-01-01 00:00:00.000000020,70.87525,189,14
1970-01-01 00:00:00.000000016,71.52001,189,15
1970-01-01 00:00:00.000000017,71.26835,189,15
1970-01-01 00:00:00.000000018,71.66786,189,15
1970-01-01 00:00:00.000000019,71.43022,189,15
1970-01-01 00:00:00.000000020,71.455795,189,15
1970-01-01 00:00:00.000000021,71.46593,189,15
1970-01-01 00:00:00.000000017,71.48596,189,16
1970-01-01 00:00:00.000000018,71.26758,189,16
1970-01-01 00:00:00.000000019,71.68884,189,16
1970-01-01 00:00:00.000000020,71.36069,189,16
1970-01-01 00:00:00.000000021,71.46776,189,16
1970-01-01 00:00:00.000000022,71.448654,189,16
1970-01-01 00:00:00.000000018,72.475685,189,17
1970-01-01 00:00:00.000000019,72.39103,189,17
1970-01-01 00:00:00.000000020,72.865395,189,17
1970-01-01 00:00:00.000000021,72.56969,189,17
1970-01-01 00:00:00.000000022,72.70289,189,17
1970-01-01 00:00:00.000000023,72.590065,189,17
1970-01-01 00:00:00.000000019,71.56989,189,18
1970-01-01 00:00:00.000000020,71.60183,189,18
1970-01-01 00:00:00.000000021,71.89582,189,18
1970-01-01 00:00:00.000000022,71.60732,189,18
1970-01-01 00:00:00.000000023,71.52855,189,18
1970-01-01 00:00:00.000000024,71.69097,189,18
1970-01-01 00:00:00.000000020,69.296936,189,19
1970-01-01 00:00:00.000000021,69.54664,189,19
1970-01-01 00:00:00.000000022,69.665405,189,19
1970-01-01 00:00:00.000000023,69.31144,189,19
1970-01-01 00:00:00.000000024,69.36733,189,19
1970-01-01 00:00:00.000000025,69.308586,189,19
1970-01-01 00:00:00.000000021,67.40146,189,20
1970-01-01 00:00:00.000000022,68.0229,189,20
1970-01-01 00:00:00.000000023,67.93938,189,20
1970-01-01 00:00:00.000000024,67.992386,189,20
1970-01-01 00:00:00.000000025,68.0828,189,20
1970-01-01 00:00:00.000000026,68.08998,189,20
1970-01-01 00:00:00.000000022,66.8937,189,21
1970-01-01 00:00:00.000000023,67.65657,189,21
1970-01-01 00:00:00.000000024,67.3888,189,21
1970-01-01 00:00:00.000000025,68.05495,189,21
1970-01-01 00:00:00.000000026,68.11648,189,21
1970-01-01 00:00:00.000000027,68.27162,189,21
1970-01-01 00:00:00.000000023,67.821846,189,22
1970-01-01 00:00:00.000000024,68.88179,189,22
1970-01-01 00:00:00.000000025,68.635155,189,22
1970-01-01 00:00:00.000000026,69.047226,189,22
1970-01-01 00:00:00.000000027,69.67858,189,22
1970-01-01 00:00:00.000000028,69.26287,189,22
1970-01-01 00:00:00.000000024,67.75542,189,23
1970-01-01 00:00:00.000000025,68.48335,189,23
1970-01-01 00:00:00.000000026,68.47036,189,23
1970-01-01 00:00:00.000000027,68.67785,189,23
1970-01-01 00:00:00.000000028,69.35082,189,23
1970-01-01 00:00:00.000000029,68.927605,189,23
1970-01-01 00:00:00.000000025,68.60905,189,24
1970-01-01 00:00:00.000000026,68.964,189,24
1970-01-01 00:00:00.000000027,68.98353,189,24
1970-01-01 00:00:00.000000028,69.33574,189,24
1970-01-01 00:00:00.000000029,69.727486,189,24
1970-01-01 00:00:00.000000030,69.2749,189,24
1970-01-01 00:00:00.000000026,69.34715,189,25
1970-01-01 00:00:00.000000027,69.27356,189,25
1970-01-01 00:00:00.000000028,69.56681,189,25
1970-01-01 00:00:00.000000029,69.54123,189,25
1970-01-01 00:00:00.000000030,69.46153,189,25
1970-01-01 00:00:00.000000031,69.56993,189,25
1970-01-01 00:00:00.000000027,70.18811,189,26
1970-01-01 00:00:00.000000028,69.98675,189,26
1970-01-01 00:00:00.000000029,70.42585,189,26
1970-01-01 00:00:00.000000030,70.15663,189,26
1970-01-01 00:00:00.000000031,70.1359,189,26
1970-01-01 00:00:00.000000032,70.1623,189,26
1970-01-01 00:00:00.000000028,70.458755,189,27
1970-01-01 00:00:00.000000029,70.05655,189,27
1970-01-01 00:00:00.000000030,70.528854,189,27
1970-01-01 00:00:00.000000031,70.1497,189,27
1970-01-01 00:00:00.000000032,70.28338,189,27
1970-01-01 00:00:00.000000033,70.27092,189,27
1970-01-01 00:00:00.000000029,71.17719,189,28
1970-01-01 00:00:00.000000030,70.991875,189,28
1970-01-01 00:00:00.000000031,71.60163,189,28
1970-01-01 00:00:00.000000032,71.199615,189,28
1970-01-01 00:00:00.000000033,71.36528,189,28
1970-01-01 00:00:00.000000034,71.257614,189,28
1970-01-01 00:00:00.000000030,71.41137,189,29
1970-01-01 00:00:00.000000031,71.36824,189,29
1970-01-01 00:00:00.000000032,71.919136,189,29
1970-01-01 00:00:00.000000033,71.538734,189,29
1970-01-01 00:00:00.000000034,71.60137,189,29
1970-01-01 00:00:00.000000035,71.565414,189,29
1970-01-01 00:00:00.000000031,69.15489,189,30
1970-01-01 00:00:00.000000032,69.30251,189,30
1970-01-01 00:00:00.000000033,69.54196,189,30
1970-01-01 00:00:00.000000034,69.27671,189,30
1970-01-01 00:00:00.000000035,69.211334,189,30
1970-01-01 00:00:00.000000036,69.319954,189,30
1970-01-01 00:00:00.000000032,66.78522,189,31
1970-01-01 00:00:00.000000033,67.2776,189,31
1970-01-01 00:00:00.000000034,67.31674,189,31
1970-01-01 00:00:00.000000035,67.04523,189,31
1970-01-01 00:00:00.000000036,67.17109,189,31
1970-01-01 00:00:00.000000037,67.117584,189,31
1970-01-01 00:00:00.000000033,65.15534,189,32
1970-01-01 00:00:00.000000034,66.13871,189,32
1970-01-01 00:00:00.000000035,65.89182,189,32
1970-01-01 00:00:00.000000036,66.37287,189,32
1970-01-01 00:00:00.000000037,66.48605,189,32
1970-01-01 00:00:00.000000038,66.54064,189,32
1970-01-01 00:00:00.000000034,65.886826,189,33
1970-01-01 00:00:00.000000035,66.83548,189,33
1970-01-01 00:00:00.000000036,66.45725,189,33
1970-01-01 00:00:00.000000037,67.24581,189,33
1970-01-01 00:00:00.000000038,67.625336,189,33
1970-01-01 00:00:00.000000039,67.54328,189,33
1970-01-01 00:00:00.000000035,66.66863,189,34
1970-01-01 00:00:00.000000036,67.96373,189,34
1970-01-01 00:00:00.000000037,67.701675,189,34
1970-01-01 00:00:00.000000038,68.00508,189,34
1970-01-01 00:00:00.000000039,68.82896,189,34
1970-01-01 00:00:00.000000040,68.107445,189,34
1970-01-01 00:00:00.000000036,67.13305,189,35
1970-01-01 00:00:00.000000037,67.68937,189,35
1970-01-01 00:00:00.000000038,67.7877,189,35
1970-01-01 00:00:00.000000039,68.143364,189,35
1970-01-01 00:00:00.000000040,68.8498,189,35
1970-01-01 00:00:00.000000041,68.29493,189,35
1970-01-01 00:00:00.000000037,67.501305,189,36
1970-01-01 00:00:00.000000038,67.35236,189,36
1970-01-01 00:00:00.000000039,67.438,189,36
1970-01-01 00:00:00.000000040,67.53486,189,36
1970-01-01 00:00:00.000000041,67.57569,189,36
1970-01-01 00:00:00.000000042,67.53422,189,36
1970-01-01 00:00:00.000000038,67.67933,189,37
1970-01-01 00:00:00.000000039,67.44199,189,37
1970-01-01 00:00:00.000000040,67.74968,189,37
1970-01-01 00:00:00.000000041,67.55676,189,37
1970-01-01 00:00:00.000000042,67.612114,189,37
1970-01-01 00:00:00.000000043,67.62614,189,37
1970-01-01 00:00:00.000000039,68.36916,189,38
1970-01-01 00:00:00.000000040,68.26201,189,38
1970-01-01 00:00:00.000000041,68.652664,189,38
1970-01-01 00:00:00.000000042,68.43185,189,38
1970-01-01 00:00:00.000000043,68.46729,189,38
1970-01-01 00:00:00.000000044,68.4459,189,38
1970-01-01 00:00:00.000000040,69.147804,189,39
1970-01-01 00:00:00.000000041,68.99621,189,39
1970-01-01 00:00:00.000000042,69.43133,189,39
1970-01-01 00:00:00.000000043,69.166046,189,39
1970-01-01 00:00:00.000000044,69.22508,189,39
1970-01-01 00:00:00.000000045,69.18905,189,39
1970-01-01 00:00:00.000000041,70.16966,189,40
1970-01-01 00:00:00.000000042,69.951515,189,40
1970-01-01 00:00:00.000000043,70.53342,189,40
1970-01-01 00:00:00.000000044,70.191956,189,40
1970-01-01 00:00:00.000000045,70.23805,189,40
1970-01-01 00:00:00.000000046,70.21206,189,40
1970-01-01 00:00:00.000000042,69.11724,189,41
1970-01-01 00:00:00.000000043,69.01596,189,41
1970-01-01 00:00:00.000000044,69.42016,189,41
1970-01-01 00:00:00.000000045,68.99439,189,41
1970-01-01 00:00:00.000000046,69.03338,189,41
1970-01-01 00:00:00.000000047,69.08725,189,41
1970-01-01 00:00:00.000000043,66.85695,189,42
1970-01-01 00:00:00.000000044,67.01581,189,42
1970-01-01 00:00:00.000000045,67.29725,189,42
1970-01-01 00:00:00.000000046,66.97546,189,42
1970-01-01 00:00:00.000000047,66.91599,189,42
1970-01-01 00:00:00.000000048,66.99173,189,42
1970-01-01 00:00:00.000000044,65.04664,189,43
1970-01-01 00:00:00.000000045,65.66208,189,43
1970-01-01 00:00:00.000000046,65.64506,189,43
1970-01-01 00:00:00.000000047,65.581894,189,43
1970-01-01 00:00:00.000000048,65.6427,189,43
1970-01-01 00:00:00.000000049,65.64661,189,43
1970-01-01 00:00:00.000000045,64.483696,189,44
1970-01-01 00:00:00.000000046,65.263725,189,44
1970-01-01 00:00:00.000000047,64.97289,189,44
1970-01-01 00:00:00.000000048,65.618004,189,44
1970-01-01 00:00:00.000000049,65.66413,189,44
1970-01-01 00:00:00.000000050,65.77478,189,44
1970-01-01 00:00:00.000000046,65.553055,189,45
1970-01-01 00:00:00.000000047,66.51057,189,45
1970-01-01 00:00:00.000000048,66.242485,189,45
1970-01-01 00:00:00.000000049,66.68465,189,45
1970-01-01 00:00:00.000000050,67.22541,189,45
1970-01-01 00:00:00.000000051,66.93751,189,45
1970-01-01 00:00:00.000000047,65.830925,189,46
1970-01-01 00:00:00.000000048,66.77824,189,46
1970-01-01 00:00:00.000000049,66.66445,189,46
1970-01-01 00:00:00.000000050,66.861855,189,46
1970-01-01 00:00:00.000000051,67.57992,189,46
1970-01-01 00:00:00.000000052,66.97257,189,46
1970-01-01 00:00:00.000000048,66.88811,189,47
1970-01-01 00:00:00.000000049,67.20285,189,47
1970-01-01 00:00:00.000000050,67.19385,189,47
1970-01-01 00:00:00.000000051,67.55821,189,47
1970-01-01 00:00:00.000000052,67.84257,189,47
1970-01-01 00:00:00.000000053,67.457115,189,47
1970-01-01 00:00:00.000000049,66.70101,189,48
1970-01-01 00:00:00.000000050,66.35279,189,48
1970-01-01 00:00:00.000000051,66.59319,189,48
1970-01-01 00:00:00.000000052,66.44443,189,48
1970-01-01 00:00:00.000000053,66.48605,189,48
1970-01-01 00:00:00.000000054,66.56075,189,48
1970-01-01 00:00:00.000000050,67.27563,189,49
1970-01-01 00:00:00.000000051,67.12652,189,49
1970-01-01 00:00:00.000000052,67.48944,189,49
1970-01-01 00:00:00.000000053,67.26826,189,49
1970-01-01 00:00:00.000000054,67.34352,189,49
1970-01-01 00:00:00.000000055,67.293045,189,49
1970-01-01 00:00:00.000000051,68.193306,189,50
1970-01-01 00:00:00.000000052,68.07564,189,50
1970-01-01 00:00:00.000000053,68.55736,189,50
1970-01-01 00:00:00.000000054,68.280365,189,50
1970-01-01 00:00:00.000000055,68.33215,189,50
1970-01-01 00:00:00.000000056,68.31796,189,50
1970-01-01 00:00:00.000000052,69.39423,189,51
1970-01-01 00:00:00.000000053,69.26219,189,51
1970-01-01 00:00:00.000000054,69.873535,189,51
1970-01-01 00:00:00.000000055,69.53021,189,51
1970-01-01 00:00:00.000000056,69.53336,189,51
1970-01-01 00:00:00.000000057,69.48743,189,51
1970-01-01 00:00:00.000000053,69.61854,189,52
1970-01-01 00:00:00.000000054,69.212494,189,52
1970-01-01 00:00:00.000000055,69.80142,189,52
1970-01-01 00:00:00.000000056,69.34352,189,52
1970-01-01 00:00:00.000000057,69.47708,189,52
1970-01-01 00:00:00.000000058,69.44222,189,52
1970-01-01 00:00:00.000000054,66.690254,189,53
1970-01-01 00:00:00.000000055,66.817696,189,53
1970-01-01 00:00:00.000000056,67.12751,189,53
1970-01-01 00:00:00.000000057,66.80976,189,53
1970-01-01 00:00:00.000000058,66.764244,189,53
1970-01-01 00:00:00.000000059,66.94129,189,53
1970-01-01 00:00:00.000000055,64.44574,189,54
1970-01-01 00:00:00.000000056,64.92798,189,54
1970-01-01 00:00:00.000000057,65.05125,189,54
1970-01-01 00:00:00.000000058,64.71764,189,54
1970-01-01 00:00:00.000000059,64.795784,189,54
1970-01-01 00:00:00.000000060,64.784676,189,54
1970-01-01 00:00:00.000000007,65.01692,190,6
1970-01-01 00:00:00.000000008,65.48592,190,6
1970-01-01 00:00:00.000000009,65.59436,190,6
1970-01-01 00:00:00.000000010,65.3188,190,6
1970-01-01 00:00:00.000000011,65.374664,190,6
1970-01-01 00:00:00.000000012,65.4034,190,6
1970-01-01 00:00:00.000000008,63.81947,190,7
1970-01-01 00:00:00.000000009,64.74351,190,7
1970-01-01 00:00:00.000000010,64.53757,190,7
1970-01-01 00:00:00.000000011,65.01868,190,7
1970-01-01 00:00:00.000000012,65.079,190,7
1970-01-01 00:00:00.000000013,65.17083,190,7
1970-01-01 00:00:00.000000009,65.416565,190,8
1970-01-01 00:00:00.000000010,66.39981,190,8
1970-01-01 00:00:00.000000011,66.1309,190,8
1970-01-01 00:00:00.000000012,66.717384,190,8
1970-01-01 00:00:00.000000013,67.23754,190,8
1970-01-01 00:00:00.000000014,66.94085,190,8
1970-01-01 00:00:00.000000010,66.04143,190,9
1970-01-01 00:00:00.000000011,67.32566,190,9
1970-01-01 00:00:00.000000012,67.18402,190,9
1970-01-01 00:00:00.000000013,67.33009,190,9
1970-01-01 00:00:00.000000014,68.100975,190,9
1970-01-01 00:00:00.000000015,67.28949,190,9
1970-01-01 00:00:00.000000011,66.97718,190,10
1970-01-01 00:00:00.000000012,67.31337,190,10
1970-01-01 00:00:00.000000013,67.18115,190,10
1970-01-01 00:00:00.000000014,67.66266,190,10
1970-01-01 00:00:00.000000015,68.04376,190,10
1970-01-01 00:00:00.000000016,67.4538,190,10
1970-01-01 00:00:00.000000012,67.13517,190,11
1970-01-01 00:00:00.000000013,66.6334,190,11
1970-01-01 00:00:00.000000014,67.000305,190,11
1970-01-01 00:00:00.000000015,66.74919,190,11
1970-01-01 00:00:00.000000016,66.80187,190,11
1970-01-01 00:00:00.000000017,66.90684,190,11
1970-01-01 00:00:00.000000013,68.09976,190,12
1970-01-01 00:00:00.000000014,67.891624,190,12
1970-01-01 00:00:00.000000015,68.40059,190,12
1970-01-01 00:00:00.000000016,68.05015,190,12
1970-01-01 00:00:00.000000017,68.10005,190,12
1970-01-01 00:00:00.000000018,68.08066,190,12
1970-01-01 00:00:00.000000014,68.293884,190,13
1970-01-01 00:00:00.000000015,68.05538,190,13
1970-01-01 00:00:00.000000016,68.50403,190,13
1970-01-01 00:00:00.000000017,68.127396,190,13
1970-01-01 00:00:00.000000018,68.23914,190,13
1970-01-01 00:00:00.000000019,68.186745,190,13
1970-01-01 00:00:00.000000015,68.92984,190,14
1970-01-01 00:00:00.000000016,68.713066,190,14
1970-01-01 00:00:00.000000017,69.21495,190,14
1970-01-01 00:00:00.000000018,68.83858,190,14
1970-01-01 00:00:00.000000019,69.01093,190,14
1970-01-01 00:00:00.000000020,68.925476,190,14
1970-01-01 00:00:00.000000016,70.37393,190,15
1970-01-01 00:00:00.000000017,70.28627,190,15
1970-01-01 00:00:00.000000018,70.979774,190,15
1970-01-01 00:00:00.000000019,70.60623,190,15
1970-01-01 00:00:00.000000020,70.65,190,15
1970-01-01 00:00:00.000000021,70.62424,190,15
1970-01-01 00:00:00.000000017,71.21067,190,16
1970-01-01 00:00:00.000000018,70.96708,190,16
1970-01-01 00:00:00.000000019,71.617,190,16
1970-01-01 00:00:00.000000020,71.172325,190,16
1970-01-01 00:00:00.000000021,71.29171,190,16
1970-01-01 00:00:00.000000022,71.155426,190,16
1970-01-01 00:00:00.000000018,71.17118,190,17
1970-01-01 00:00:00.000000019,70.83182,190,17
1970-01-01 00:00:00.000000020,71.43588,190,17
1970-01-01 00:00:00.000000021,70.96103,190,17
1970-01-01 00:00:00.000000022,71.127396,190,17
1970-01-01 00:00:00.000000023,71.058624,190,17
1970-01-01 00:00:00.000000019,68.33267,190,18
1970-01-01 00:00:00.000000020,68.47459,190,18
1970-01-01 00:00:00.000000021,68.85701,190,18
1970-01-01 00:00:00.000000022,68.53208,190,18
1970-01-01 00:00:00.000000023,68.41871,190,18
1970-01-01 00:00:00.000000024,68.67436,190,18
1970-01-01 00:00:00.000000020,66.389305,190,19
1970-01-01 00:00:00.000000021,66.9314,190,19
1970-01-01 00:00:00.000000022,67.00064,190,19
1970-01-01 00:00:00.000000023,66.7252,190,19
1970-01-01 00:00:00.000000024,66.80077,190,19
1970-01-01 00:00:00.000000025,66.74774,190,19
1970-01-01 00:00:00.000000021,65.16821,190,20
1970-01-01 00:00:00.000000022,66.06817,190,20
1970-01-01 00:00:00.000000023,65.872116,190,20
1970-01-01 00:00:00.000000024,66.36858,190,20
1970-01-01 00:00:00.000000025,66.43741,190,20
1970-01-01 00:00:00.000000026,66.56303,190,20
1970-01-01 00:00:00.000000022,66.561714,190,21
1970-01-01 00:00:00.000000023,67.56809,190,21
1970-01-01 00:00:00.000000024,67.28181,190,21
1970-01-01 00:00:00.000000025,67.89144,190,21
1970-01-01 00:00:00.000000026,68.34904,190,21
1970-01-01 00:00:00.000000027,68.09456,190,21
1970-01-01 00:00:00.000000023,66.63959,190,22
1970-01-01 00:00:00.000000024,67.81728,190,22
1970-01-01 00:00:00.000000025,67.632126,190,22
1970-01-01 00:00:00.000000026,67.82982,190,22
1970-01-01 00:00:00.000000027,68.64921,190,22
1970-01-01 00:00:00.000000028,67.99316,190,22
1970-01-01 00:00:00.000000024,67.219505,190,23
1970-01-01 00:00:00.000000025,67.55758,190,23
1970-01-01 00:00:00.000000026,67.56249,190,23
1970-01-01 00:00:00.000000027,68.0429,190,23
1970-01-01 00:00:00.000000028,68.64662,190,23
1970-01-01 00:00:00.000000029,68.01341,190,23
1970-01-01 00:00:00.000000025,67.67213,190,24
1970-01-01 00:00:00.000000026,67.44476,190,24
1970-01-01 00:00:00.000000027,67.66997,190,24
1970-01-01 00:00:00.000000028,67.69487,190,24
1970-01-01 00:00:00.000000029,67.66382,190,24
1970-01-01 00:00:00.000000030,67.749405,190,24
1970-01-01 00:00:00.000000026,68.4965,190,25
1970-01-01 00:00:00.000000027,68.44819,190,25
1970-01-01 00:00:00.000000028,68.8194,190,25
1970-01-01 00:00:00.000000029,68.633064,190,25
1970-01-01 00:00:00.000000030,68.58155,190,25
1970-01-01 00:00:00.000000031,68.59099,190,25
1970-01-01 00:00:00.000000027,69.136116,190,26
1970-01-01 00:00:00.000000028,68.79325,190,26
1970-01-01 00:00:00.000000029,69.23061,190,26
1970-01-01 00:00:00.000000030,68.89758,190,26
1970-01-01 00:00:00.000000031,68.939316,190,26
1970-01-01 00:00:00.000000032,68.96644,190,26
1970-01-01 00:00:00.000000028,69.76876,190,27
1970-01-01 00:00:00.000000029,69.43002,190,27
1970-01-01 00:00:00.000000030,69.9421,190,27
1970-01-01 00:00:00.000000031,69.54131,190,27
1970-01-01 00:00:00.000000032,69.67377,190,27
1970-01-01 00:00:00.000000033,69.62563,190,27
1970-01-01 00:00:00.000000029,70.325905,190,28
1970-01-01 00:00:00.000000030,70.116776,190,28
1970-01-01 00:00:00.000000031,70.71728,190,28
1970-01-01 00:00:00.000000032,70.27527,190,28
1970-01-01 00:00:00.000000033,70.43702,190,28
1970-01-01 00:00:00.000000034,70.3621,190,28
1970-01-01 00:00:00.000000030,71.1373,190,29
1970-01-01 00:00:00.000000031,71.02587,190,29
1970-01-01 00:00:00.000000032,71.619095,190,29
1970-01-01 00:00:00.000000033,71.21062,190,29
1970-01-01 00:00:00.000000034,71.35691,190,29
1970-01-01 00:00:00.000000035,71.23085,190,29
1970-01-01 00:00:00.000000031,71.687126,190,30
1970-01-01 00:00:00.000000032,71.53146,190,30
1970-01-01 00:00:00.000000033,72.09981,190,30
1970-01-01 00:00:00.000000034,71.69801,190,30
1970-01-01 00:00:00.000000035,71.8503,190,30
1970-01-01 00:00:00.000000036,71.759346,190,30
1970-01-01 00:00:00.000000032,70.184235,190,31
1970-01-01 00:00:00.000000033,70.270325,190,31
1970-01-01 00:00:00.000000034,70.50885,190,31
1970-01-01 00:00:00.000000035,70.19947,190,31
1970-01-01 00:00:00.000000036,70.12818,190,31
1970-01-01 00:00:00.000000037,70.270355,190,31
1970-01-01 00:00:00.000000033,67.70162,190,32
1970-01-01 00:00:00.000000034,68.02812,190,32
1970-01-01 00:00:00.000000035,68.172264,190,32
1970-01-01 00:00:00.000000036,67.771614,190,32
1970-01-01 00:00:00.000000037,67.85966,190,32
1970-01-01 00:00:00.000000038,67.84052,190,32
1970-01-01 00:00:00.000000034,65.8932,190,33
1970-01-01 00:00:00.000000035,66.761406,190,33
1970-01-01 00:00:00.000000036,66.597664,190,33
1970-01-01 00:00:00.000000037,66.82284,190,33
1970-01-01 00:00:00.000000038,66.93676,190,33
1970-01-01 00:00:00.000000039,66.94225,190,33
1970-01-01 00:00:00.000000035,66.856674,190,34
1970-01-01 00:00:00.000000036,67.63142,190,34
1970-01-01 00:00:00.000000037,67.34713,190,34
1970-01-01 00:00:00.000000038,68.15713,190,34
1970-01-01 00:00:00.000000039,68.38054,190,34
1970-01-01 00:00:00.000000040,68.36492,190,34
1970-01-01 00:00:00.000000036,67.6483,190,35
1970-01-01 00:00:00.000000037,68.965805,190,35
1970-01-01 00:00:00.000000038,68.76645,190,35
1970-01-01 00:00:00.000000039,68.88437,190,35
1970-01-01 00:00:00.000000040,69.63703,190,35
1970-01-01 00:00:00.000000041,68.94716,190,35
1970-01-01 00:00:00.000000037,67.96644,190,36
1970-01-01 00:00:00.000000038,68.54302,190,36
1970-01-01 00:00:00.000000039,68.52066,190,36
1970-01-01 00:00:00.000000040,68.93001,190,36
1970-01-01 00:00:00.000000041,69.66707,190,36
1970-01-01 00:00:00.000000042,68.90938,190,36
1970-01-01 00:00:00.000000038,68.86476,190,37
1970-01-01 00:00:00.000000039,68.53811,190,37
1970-01-01 00:00:00.000000040,68.79435,190,37
1970-01-01 00:00:00.000000041,68.837326,190,37
1970-01-01 00:00:00.000000042,68.82183,190,37
1970-01-01 00:00:00.000000043,68.91735,190,37
1970-01-01 00:00:00.000000039,69.34846,190,38
1970-01-01 00:00:00.000000040,69.17897,190,38
1970-01-01 00:00:00.000000041,69.57251,190,38
1970-01-01 00:00:00.000000042,69.307236,190,38
1970-01-01 00:00:00.000000043,69.323906,190,38
1970-01-01 00:00:00.000000044,69.32931,190,38
1970-01-01 00:00:00.000000040,69.62986,190,39
1970-01-01 00:00:00.000000041,69.35304,190,39
1970-01-01 00:00:00.000000042,69.72716,190,39
1970-01-01 00:00:00.000000043,69.41944,190,39
1970-01-01 00:00:00.000000044,69.4893,190,39
1970-01-01 00:00:00.000000045,69.44863,190,39
1970-01-01 00:00:00.000000041,70.16011,190,40
1970-01-01 00:00:00.000000042,69.90319,190,40
1970-01-01 00:00:00.000000043,70.35434,190,40
1970-01-01 00:00:00.000000044,69.98949,190,40
1970-01-01 00:00:00.000000045,70.13974,190,40
1970-01-01 00:00:00.000000046,70.111565,190,40
1970-01-01 00:00:00.000000042,70.9148,190,41
1970-01-01 00:00:00.000000043,70.86866,190,41
1970-01-01 00:00:00.000000044,71.350525,190,41
1970-01-01 00:00:00.000000045,71.01986,190,41
1970-01-01 00:00:00.000000046,71.09905,190,41
1970-01-01 00:00:00.000000047,71.06383,190,41
1970-01-01 00:00:00.000000043,72.124954,190,42
1970-01-01 00:00:00.000000044,71.958824,190,42
1970-01-01 00:00:00.000000045,72.504364,190,42
1970-01-01 00:00:00.000000046,72.1537,190,42
1970-01-01 00:00:00.000000047,72.23576,190,42
1970-01-01 00:00:00.000000048,72.17245,190,42
1970-01-01 00:00:00.000000044,72.45382,190,43
1970-01-01 00:00:00.000000045,72.178375,190,43
1970-01-01 00:00:00.000000046,72.741295,190,43
1970-01-01 00:00:00.000000047,72.31347,190,43
1970-01-01 00:00:00.000000048,72.43915,190,43
1970-01-01 00:00:00.000000049,72.39769,190,43
1970-01-01 00:00:00.000000045,72.56422,190,44
1970-01-01 00:00:00.000000046,72.419464,190,44
1970-01-01 00:00:00.000000047,72.90722,190,44
1970-01-01 00:00:00.000000048,72.5147,190,44
1970-01-01 00:00:00.000000049,72.65208,190,44
1970-01-01 00:00:00.000000050,72.55531,190,44
1970-01-01 00:00:00.000000046,73.49069,190,45
1970-01-01 00:00:00.000000047,73.451126,190,45
1970-01-01 00:00:00.000000048,73.96723,190,45
1970-01-01 00:00:00.000000049,73.62987,190,45
1970-01-01 00:00:00.000000050,73.766624,190,45
1970-01-01 00:00:00.000000051,73.70596,190,45
1970-01-01 00:00:00.000000047,71.03296,190,46
1970-01-01 00:00:00.000000048,71.26138,190,46
1970-01-01 00:00:00.000000049,71.49041,190,46
1970-01-01 00:00:00.000000050,71.149,190,46
1970-01-01 00:00:00.000000051,71.03095,190,46
1970-01-01 00:00:00.000000052,71.206184,190,46
1970-01-01 00:00:00.000000048,70.29236,190,47
1970-01-01 00:00:00.000000049,70.5741,190,47
1970-01-01 00:00:00.000000050,70.62739,190,47
1970-01-01 00:00:00.000000051,70.48625,190,47
1970-01-01 00:00:00.000000052,70.52014,190,47
1970-01-01 00:00:00.000000053,70.44716,190,47
1970-01-01 00:00:00.000000049,69.618256,190,48
1970-01-01 00:00:00.000000050,70.12786,190,48
1970-01-01 00:00:00.000000051,70.113396,190,48
1970-01-01 00:00:00.000000052,70.30939,190,48
1970-01-01 00:00:00.000000053,70.27706,190,48
1970-01-01 00:00:00.000000054,70.49001,190,48
1970-01-01 00:00:00.000000050,71.02693,190,49
1970-01-01 00:00:00.000000051,71.7914,190,49
1970-01-01 00:00:00.000000052,71.66883,190,49
1970-01-01 00:00:00.000000053,71.84304,190,49
1970-01-01 00:00:00.000000054,72.16231,190,49
1970-01-01 00:00:00.000000055,71.79735,190,49
1970-01-01 00:00:00.000000051,71.03333,190,50
1970-01-01 00:00:00.000000052,71.66491,190,50
1970-01-01 00:00:00.000000053,71.69833,190,50
1970-01-01 00:00:00.000000054,71.75971,190,50
1970-01-01 00:00:00.000000055,72.267555,190,50
1970-01-01 00:00:00.000000056,71.89795,190,50
1970-01-01 00:00:00.000000052,72.158745,190,51
1970-01-01 00:00:00.000000053,72.35073,190,51
1970-01-01 00:00:00.000000054,72.3798,190,51
1970-01-01 00:00:00.000000055,72.56822,190,51
1970-01-01 00:00:00.000000056,72.637634,190,51
1970-01-01 00:00:00.000000057,72.4403,190,51
1970-01-01 00:00:00.000000053,72.5801,190,52
1970-01-01 00:00:00.000000054,72.30433,190,52
1970-01-01 00:00:00.000000055,72.678024,190,52
1970-01-01 00:00:00.000000056,72.474976,190,52
1970-01-01 00:00:00.000000057,72.47897,190,52
1970-01-01 00:00:00.000000058,72.576935,190,52
1970-01-01 00:00:00.000000054,73.290504,190,53
1970-01-01 00:00:00.000000055,73.0905,190,53
1970-01-01 00:00:00.000000056,73.52688,190,53
1970-01-01 00:00:00.000000057,73.23099,190,53
1970-01-01 00:00:00.000000058,73.291954,190,53
1970-01-01 00:00:00.000000059,73.213104,190,53
1970-01-01 00:00:00.000000055,73.36947,190,54
1970-01-01 00:00:00.000000056,73.07964,190,54
1970-01-01 00:00:00.000000057,73.51259,190,54
1970-01-01 00:00:00.000000058,73.15288,190,54
1970-01-01 00:00:00.000000059,73.28796,190,54
1970-01-01 00:00:00.000000060,73.25445,190,54
1970-01-01 00:00:00.000000007,76.404625,191,6
1970-01-01 00:00:00.000000008,76.436516,191,6
1970-01-01 00:00:00.000000009,76.56883,191,6
1970-01-01 00:00:00.000000010,76.59985,191,6
1970-01-01 00:00:00.000000011,76.58891,191,6
1970-01-01 00:00:00.000000012,76.537926,191,6
1970-01-01 00:00:00.000000008,76.76239,191,7
1970-01-01 00:00:00.000000009,76.76668,191,7
1970-01-01 00:00:00.000000010,76.97397,191,7
1970-01-01 00:00:00.000000011,76.949936,191,7
1970-01-01 00:00:00.000000012,76.91196,191,7
1970-01-01 00:00:00.000000013,76.93702,191,7
1970-01-01 00:00:00.000000009,75.93148,191,8
1970-01-01 00:00:00.000000010,76.01564,191,8
1970-01-01 00:00:00.000000011,76.04331,191,8
1970-01-01 00:00:00.000000012,75.90311,191,8
1970-01-01 00:00:00.000000013,75.87883,191,8
1970-01-01 00:00:00.000000014,75.86149,191,8
1970-01-01 00:00:00.000000010,75.76565,191,9
1970-01-01 00:00:00.000000011,75.80659,191,9
1970-01-01 00:00:00.000000012,75.86015,191,9
1970-01-01 00:00:00.000000013,75.850784,191,9
1970-01-01 00:00:00.000000014,75.79634,191,9
1970-01-01 00:00:00.000000015,75.84722,191,9
1970-01-01 00:00:00.000000011,76.13347,191,10
1970-01-01 00:00:00.000000012,76.167175,191,10
1970-01-01 00:00:00.000000013,76.3042,191,10
1970-01-01 00:00:00.000000014,76.28947,191,10
1970-01-01 00:00:00.000000015,76.08967,191,10
1970-01-01 00:00:00.000000016,76.38369,191,10
1970-01-01 00:00:00.000000012,76.543526,191,11
1970-01-01 00:00:00.000000013,76.78417,191,11
1970-01-01 00:00:00.000000014,76.81212,191,11
1970-01-01 00:00:00.000000015,76.8113,191,11
1970-01-01 00:00:00.000000016,76.81428,191,11
1970-01-01 00:00:00.000000017,76.67278,191,11
1970-01-01 00:00:00.000000013,76.298706,191,12
1970-01-01 00:00:00.000000014,76.29743,191,12
1970-01-01 00:00:00.000000015,76.352,191,12
1970-01-01 00:00:00.000000016,76.3802,191,12
1970-01-01 00:00:00.000000017,76.363716,191,12
1970-01-01 00:00:00.000000018,76.33972,191,12
1970-01-01 00:00:00.000000014,76.542305,191,13
1970-01-01 00:00:00.000000015,76.58021,191,13
1970-01-01 00:00:00.000000016,76.64527,191,13
1970-01-01 00:00:00.000000017,76.71242,191,13
1970-01-01 00:00:00.000000018,76.664,191,13
1970-01-01 00:00:00.000000019,76.65691,191,13
1970-01-01 00:00:00.000000015,77.03921,191,14
1970-01-01 00:00:00.000000016,77.13414,191,14
1970-01-01 00:00:00.000000017,77.29709,191,14
1970-01-01 00:00:00.000000018,77.29989,191,14
1970-01-01 00:00:00.000000019,77.25247,191,14
1970-01-01 00:00:00.000000020,77.30023,191,14
1970-01-01 00:00:00.000000016,77.47988,191,15
1970-01-01 00:00:00.000000017,77.518936,191,15
1970-01-01 00:00:00.000000018,77.66667,191,15
1970-01-01 00:00:00.000000019,77.63196,191,15
1970-01-01 00:00:00.000000020,77.599174,191,15
1970-01-01 00:00:00.000000021,77.58626,191,15
1970-01-01 00:00:00.000000017,77.85584,191,16
1970-01-01 00:00:00.000000018,77.675,191,16
1970-01-01 00:00:00.000000019,77.89447,191,16
1970-01-01 00:00:00.000000020,77.76604,191,16
1970-01-01 00:00:00.000000021,77.80004,191,16
1970-01-01 00:00:00.000000022,77.825554,191,16
1970-01-01 00:00:00.000000018,78.21506,191,17
1970-01-01 00:00:00.000000019,78.094604,191,17
1970-01-01 00:00:00.000000020,78.37221,191,17
1970-01-01 00:00:00.000000021,78.18964,191,17
1970-01-01 00:00:00.000000022,78.259056,191,17
1970-01-01 00:00:00.000000023,78.26664,191,17
1970-01-01 00:00:00.000000019,78.78081,191,18
1970-01-01 00:00:00.000000020,78.720726,191,18
1970-01-01 00:00:00.000000021,79.025925,191,18
1970-01-01 00:00:00.000000022,78.83403,191,18
1970-01-01 00:00:00.000000023,78.912445,191,18
1970-01-01 00:00:00.000000024,78.87944,191,18
1970-01-01 00:00:00.000000020,78.931305,191,19
1970-01-01 00:00:00.000000021,78.80282,191,19
1970-01-01 00:00:00.000000022,79.28008,191,19
1970-01-01 00:00:00.000000023,79.111244,191,19
1970-01-01 00:00:00.000000024,79.04736,191,19
1970-01-01 00:00:00.000000025,79.392,191,19
1970-01-01 00:00:00.000000021,78.853874,191,20
1970-01-01 00:00:00.000000022,79.09206,191,20
1970-01-01 00:00:00.000000023,79.489624,191,20
1970-01-01 00:00:00.000000024,79.48936,191,20
1970-01-01 00:00:00.000000025,79.51884,191,20
1970-01-01 00:00:00.000000026,79.5958,191,20
1970-01-01 00:00:00.000000022,79.26776,191,21
1970-01-01 00:00:00.000000023,79.620415,191,21
1970-01-01 00:00:00.000000024,80.24188,191,21
1970-01-01 00:00:00.000000025,80.411736,191,21
1970-01-01 00:00:00.000000026,80.41346,191,21
1970-01-01 00:00:00.000000027,80.23658,191,21
1970-01-01 00:00:00.000000023,79.684906,191,22
1970-01-01 00:00:00.000000024,79.89815,191,22
1970-01-01 00:00:00.000000025,80.791336,191,22
1970-01-01 00:00:00.000000026,80.75932,191,22
1970-01-01 00:00:00.000000027,80.64989,191,22
1970-01-01 00:00:00.000000028,80.383575,191,22
1970-01-01 00:00:00.000000024,79.74594,191,23
1970-01-01 00:00:00.000000025,80.01119,191,23
1970-01-01 00:00:00.000000026,80.76285,191,23
1970-01-01 00:00:00.000000027,80.61107,191,23
1970-01-01 00:00:00.000000028,80.46165,191,23
1970-01-01 00:00:00.000000029,80.30132,191,23
1970-01-01 00:00:00.000000025,79.79597,191,24
1970-01-01 00:00:00.000000026,80.27043,191,24
1970-01-01 00:00:00.000000027,80.557945,191,24
1970-01-01 00:00:00.000000028,80.56631,191,24
1970-01-01 00:00:00.000000029,80.56194,191,24
1970-01-01 00:00:00.000000030,80.197395,191,24
1970-01-01 00:00:00.000000026,80.25915,191,25
1970-01-01 00:00:00.000000027,80.447136,191,25
1970-01-01 00:00:00.000000028,80.850685,191,25
1970-01-01 00:00:00.000000029,80.99181,191,25
1970-01-01 00:00:00.000000030,80.68246,191,25
1970-01-01 00:00:00.000000031,80.67129,191,25
1970-01-01 00:00:00.000000027,78.6418,191,26
1970-01-01 00:00:00.000000028,78.73556,191,26
1970-01-01 00:00:00.000000029,78.717415,191,26
1970-01-01 00:00:00.000000030,78.461624,191,26
1970-01-01 00:00:00.000000031,78.64296,191,26
1970-01-01 00:00:00.000000032,78.4101,191,26
1970-01-01 00:00:00.000000028,78.74604,191,27
1970-01-01 00:00:00.000000029,78.89768,191,27
1970-01-01 00:00:00.000000030,78.84543,191,27
1970-01-01 00:00:00.000000031,79.12088,191,27
1970-01-01 00:00:00.000000032,78.95689,191,27
1970-01-01 00:00:00.000000033,78.82673,191,27
1970-01-01 00:00:00.000000029,77.86002,191,28
1970-01-01 00:00:00.000000030,78.211075,191,28
1970-01-01 00:00:00.000000031,78.02366,191,28
1970-01-01 00:00:00.000000032,77.95026,191,28
1970-01-01 00:00:00.000000033,77.94959,191,28
1970-01-01 00:00:00.000000034,78.05018,191,28
1970-01-01 00:00:00.000000030,77.238594,191,29
1970-01-01 00:00:00.000000031,77.91826,191,29
1970-01-01 00:00:00.000000032,77.311714,191,29
1970-01-01 00:00:00.000000033,77.60233,191,29
1970-01-01 00:00:00.000000034,77.807365,191,29
1970-01-01 00:00:00.000000035,77.51466,191,29
1970-01-01 00:00:00.000000031,75.72299,191,30
1970-01-01 00:00:00.000000032,75.826614,191,30
1970-01-01 00:00:00.000000033,75.363335,191,30
1970-01-01 00:00:00.000000034,75.67836,191,30
1970-01-01 00:00:00.000000035,75.95646,191,30
1970-01-01 00:00:00.000000036,75.88948,191,30
1970-01-01 00:00:00.000000032,74.72073,191,31
1970-01-01 00:00:00.000000033,75.32358,191,31
1970-01-01 00:00:00.000000034,74.91162,191,31
1970-01-01 00:00:00.000000035,75.44855,191,31
1970-01-01 00:00:00.000000036,75.592415,191,31
1970-01-01 00:00:00.000000037,75.51899,191,31
1970-01-01 00:00:00.000000033,73.65259,191,32
1970-01-01 00:00:00.000000034,74.27338,191,32
1970-01-01 00:00:00.000000035,73.87426,191,32
1970-01-01 00:00:00.000000036,74.378204,191,32
1970-01-01 00:00:00.000000037,74.6101,191,32
1970-01-01 00:00:00.000000038,74.723274,191,32
1970-01-01 00:00:00.000000034,70.95918,191,33
1970-01-01 00:00:00.000000035,71.9209,191,33
1970-01-01 00:00:00.000000036,71.28166,191,33
1970-01-01 00:00:00.000000037,71.75277,191,33
1970-01-01 00:00:00.000000038,72.20511,191,33
1970-01-01 00:00:00.000000039,72.0496,191,33
1970-01-01 00:00:00.000000035,73.432846,191,34
1970-01-01 00:00:00.000000036,73.9733,191,34
1970-01-01 00:00:00.000000037,73.684166,191,34
1970-01-01 00:00:00.000000038,74.80508,191,34
1970-01-01 00:00:00.000000039,75.33964,191,34
1970-01-01 00:00:00.000000040,75.008026,191,34
1970-01-01 00:00:00.000000036,75.25286,191,35
1970-01-01 00:00:00.000000037,76.06235,191,35
1970-01-01 00:00:00.000000038,76.38472,191,35
1970-01-01 00:00:00.000000039,76.07909,191,35
1970-01-01 00:00:00.000000040,76.367424,191,35
1970-01-01 00:00:00.000000041,76.46525,191,35
1970-01-01 00:00:00.000000037,75.0576,191,36
1970-01-01 00:00:00.000000038,76.0715,191,36
1970-01-01 00:00:00.000000039,75.776695,191,36
1970-01-01 00:00:00.000000040,75.78691,191,36
1970-01-01 00:00:00.000000041,76.00765,191,36
1970-01-01 00:00:00.000000042,75.18771,191,36
1970-01-01 00:00:00.000000038,74.191895,191,37
1970-01-01 00:00:00.000000039,73.457054,191,37
1970-01-01 00:00:00.000000040,73.85339,191,37
1970-01-01 00:00:00.000000041,73.59288,191,37
1970-01-01 00:00:00.000000042,73.81848,191,37
1970-01-01 00:00:00.000000043,74.07561,191,37
1970-01-01 00:00:00.000000039,73.37918,191,38
1970-01-01 00:00:00.000000040,73.81528,191,38
1970-01-01 00:00:00.000000041,74.0359,191,38
1970-01-01 00:00:00.000000042,73.67946,191,38
1970-01-01 00:00:00.000000043,73.327385,191,38
1970-01-01 00:00:00.000000044,73.85845,191,38
1970-01-01 00:00:00.000000040,71.85984,191,39
1970-01-01 00:00:00.000000041,72.36176,191,39
1970-01-01 00:00:00.000000042,72.371994,191,39
1970-01-01 00:00:00.000000043,72.104126,191,39
1970-01-01 00:00:00.000000044,72.14515,191,39
1970-01-01 00:00:00.000000045,72.09828,191,39
1970-01-01 00:00:00.000000041,70.44437,191,40
1970-01-01 00:00:00.000000042,71.19171,191,40
1970-01-01 00:00:00.000000043,70.914894,191,40
1970-01-01 00:00:00.000000044,71.21461,191,40
1970-01-01 00:00:00.000000045,71.34545,191,40
1970-01-01 00:00:00.000000046,71.33112,191,40
1970-01-01 00:00:00.000000042,70.80148,191,41
1970-01-01 00:00:00.000000043,71.35984,191,41
1970-01-01 00:00:00.000000044,71.13805,191,41
1970-01-01 00:00:00.000000045,71.75798,191,41
1970-01-01 00:00:00.000000046,71.91668,191,41
1970-01-01 00:00:00.000000047,72.09749,191,41
1970-01-01 00:00:00.000000043,71.85174,191,42
1970-01-01 00:00:00.000000044,73.00865,191,42
1970-01-01 00:00:00.000000045,72.893745,191,42
1970-01-01 00:00:00.000000046,72.901306,191,42
1970-01-01 00:00:00.000000047,73.48571,191,42
1970-01-01 00:00:00.000000048,72.960464,191,42
1970-01-01 00:00:00.000000044,72.84599,191,43
1970-01-01 00:00:00.000000045,73.64964,191,43
1970-01-01 00:00:00.000000046,73.76507,191,43
1970-01-01 00:00:00.000000047,73.94373,191,43
1970-01-01 00:00:00.000000048,74.425934,191,43
1970-01-01 00:00:00.000000049,73.985374,191,43
1970-01-01 00:00:00.000000045,73.7258,191,44
1970-01-01 00:00:00.000000046,73.48768,191,44
1970-01-01 00:00:00.000000047,73.75068,191,44
1970-01-01 00:00:00.000000048,73.70537,191,44
1970-01-01 00:00:00.000000049,73.72899,191,44
1970-01-01 00:00:00.000000050,73.80953,191,44
1970-01-01 00:00:00.000000046,74.332184,191,45
1970-01-01 00:00:00.000000047,74.037415,191,45
1970-01-01 00:00:00.000000048,74.50528,191,45
1970-01-01 00:00:00.000000049,74.18291,191,45
1970-01-01 00:00:00.000000050,74.29156,191,45
1970-01-01 00:00:00.000000051,74.32243,191,45
1970-01-01 00:00:00.000000047,75.374435,191,46
1970-01-01 00:00:00.000000048,75.19451,191,46
1970-01-01 00:00:00.000000049,75.77563,191,46
1970-01-01 00:00:00.000000050,75.40865,191,46
1970-01-01 00:00:00.000000051,75.533226,191,46
1970-01-01 00:00:00.000000052,75.494286,191,46
1970-01-01 00:00:00.000000048,76.49235,191,47
1970-01-01 00:00:00.000000049,76.32007,191,47
1970-01-01 00:00:00.000000050,76.978745,191,47
1970-01-01 00:00:00.000000051,76.54733,191,47
1970-01-01 00:00:00.000000052,76.69021,191,47
1970-01-01 00:00:00.000000053,76.683044,191,47
1970-01-01 00:00:00.000000049,77.48662,191,48
1970-01-01 00:00:00.000000050,77.325356,191,48
1970-01-01 00:00:00.000000051,77.97168,191,48
1970-01-01 00:00:00.000000052,77.52111,191,48
1970-01-01 00:00:00.000000053,77.67819,191,48
1970-01-01 00:00:00.000000054,77.64419,191,48
1970-01-01 00:00:00.000000050,78.00704,191,49
1970-01-01 00:00:00.000000051,77.81876,191,49
1970-01-01 00:00:00.000000052,78.42011,191,49
1970-01-01 00:00:00.000000053,77.96421,191,49
1970-01-01 00:00:00.000000054,78.1285,191,49
1970-01-01 00:00:00.000000055,78.09909,191,49
1970-01-01 00:00:00.000000051,78.51063,191,50
1970-01-01 00:00:00.000000052,78.4625,191,50
1970-01-01 00:00:00.000000053,79.01569,191,50
1970-01-01 00:00:00.000000054,78.6139,191,50
1970-01-01 00:00:00.000000055,78.72274,191,50
1970-01-01 00:00:00.000000056,78.730255,191,50
1970-01-01 00:00:00.000000052,78.98903,191,51
1970-01-01 00:00:00.000000053,78.92886,191,51
1970-01-01 00:00:00.000000054,79.76761,191,51
1970-01-01 00:00:00.000000055,79.5279,191,51
1970-01-01 00:00:00.000000056,79.29258,191,51
1970-01-01 00:00:00.000000057,80.01561,191,51
1970-01-01 00:00:00.000000053,79.74974,191,52
1970-01-01 00:00:00.000000054,80.22097,191,52
1970-01-01 00:00:00.000000055,81.017975,191,52
1970-01-01 00:00:00.000000056,81.02614,191,52
1970-01-01 00:00:00.000000057,81.17051,191,52
1970-01-01 00:00:00.000000058,81.253174,191,52
1970-01-01 00:00:00.000000054,79.36357,191,53
1970-01-01 00:00:00.000000055,79.95457,191,53
1970-01-01 00:00:00.000000056,80.814705,191,53
1970-01-01 00:00:00.000000057,81.0941,191,53
1970-01-01 00:00:00.000000058,80.9543,191,53
1970-01-01 00:00:00.000000059,80.685974,191,53
1970-01-01 00:00:00.000000055,78.622375,191,54
1970-01-01 00:00:00.000000056,78.95413,191,54
1970-01-01 00:00:00.000000057,79.56127,191,54
1970-01-01 00:00:00.000000058,79.61786,191,54
1970-01-01 00:00:00.000000059,79.45571,191,54
1970-01-01 00:00:00.000000060,79.16355,191,54
1970-01-01 00:00:00.000000007,69.032005,192,6
1970-01-01 00:00:00.000000008,68.062775,192,6
1970-01-01 00:00:00.000000009,68.881325,192,6
1970-01-01 00:00:00.000000010,68.79692,192,6
1970-01-01 00:00:00.000000011,68.4777,192,6
1970-01-01 00:00:00.000000012,68.479256,192,6
1970-01-01 00:00:00.000000008,69.682236,192,7
1970-01-01 00:00:00.000000009,69.41986,192,7
1970-01-01 00:00:00.000000010,69.91442,192,7
1970-01-01 00:00:00.000000011,70.13449,192,7
1970-01-01 00:00:00.000000012,69.12756,192,7
1970-01-01 00:00:00.000000013,69.35259,192,7
1970-01-01 00:00:00.000000009,71.77814,192,8
1970-01-01 00:00:00.000000010,71.84052,192,8
1970-01-01 00:00:00.000000011,72.30258,192,8
1970-01-01 00:00:00.000000012,72.35403,192,8
1970-01-01 00:00:00.000000013,72.06564,192,8
1970-01-01 00:00:00.000000014,71.8432,192,8
1970-01-01 00:00:00.000000010,72.957726,192,9
1970-01-01 00:00:00.000000011,72.73899,192,9
1970-01-01 00:00:00.000000012,73.25795,192,9
1970-01-01 00:00:00.000000013,73.21675,192,9
1970-01-01 00:00:00.000000014,72.94215,192,9
1970-01-01 00:00:00.000000015,72.91052,192,9
1970-01-01 00:00:00.000000011,73.221436,192,10
1970-01-01 00:00:00.000000012,72.61342,192,10
1970-01-01 00:00:00.000000013,73.20265,192,10
1970-01-01 00:00:00.000000014,73.034004,192,10
1970-01-01 00:00:00.000000015,72.847404,192,10
1970-01-01 00:00:00.000000016,72.62438,192,10
1970-01-01 00:00:00.000000012,72.51822,192,11
1970-01-01 00:00:00.000000013,71.904945,192,11
1970-01-01 00:00:00.000000014,72.4554,192,11
1970-01-01 00:00:00.000000015,72.41112,192,11
1970-01-01 00:00:00.000000016,72.15357,192,11
1970-01-01 00:00:00.000000017,72.08876,192,11
1970-01-01 00:00:00.000000013,72.432945,192,12
1970-01-01 00:00:00.000000014,72.20852,192,12
1970-01-01 00:00:00.000000015,72.50691,192,12
1970-01-01 00:00:00.000000016,72.71664,192,12
1970-01-01 00:00:00.000000017,72.048416,192,12
1970-01-01 00:00:00.000000018,72.22971,192,12
1970-01-01 00:00:00.000000014,72.65678,192,13
1970-01-01 00:00:00.000000015,72.66787,192,13
1970-01-01 00:00:00.000000016,72.82813,192,13
1970-01-01 00:00:00.000000017,72.89269,192,13
1970-01-01 00:00:00.000000018,72.348854,192,13
1970-01-01 00:00:00.000000019,72.48943,192,13
1970-01-01 00:00:00.000000015,73.4589,192,14
1970-01-01 00:00:00.000000016,73.47402,192,14
1970-01-01 00:00:00.000000017,73.598694,192,14
1970-01-01 00:00:00.000000018,73.701416,192,14
1970-01-01 00:00:00.000000019,73.48133,192,14
1970-01-01 00:00:00.000000020,73.468605,192,14
1970-01-01 00:00:00.000000016,73.71306,192,15
1970-01-01 00:00:00.000000017,73.725586,192,15
1970-01-01 00:00:00.000000018,73.86862,192,15
1970-01-01 00:00:00.000000019,73.886024,192,15
1970-01-01 00:00:00.000000020,73.82324,192,15
1970-01-01 00:00:00.000000021,73.71683,192,15
1970-01-01 00:00:00.000000017,73.6401,192,16
1970-01-01 00:00:00.000000018,73.536095,192,16
1970-01-01 00:00:00.000000019,73.65707,192,16
1970-01-01 00:00:00.000000020,73.665955,192,16
1970-01-01 00:00:00.000000021,73.57939,192,16
1970-01-01 00:00:00.000000022,73.4378,192,16
1970-01-01 00:00:00.000000018,73.74268,192,17
1970-01-01 00:00:00.000000019,73.57778,192,17
1970-01-01 00:00:00.000000020,73.71905,192,17
1970-01-01 00:00:00.000000021,73.79502,192,17
1970-01-01 00:00:00.000000022,73.67217,192,17
1970-01-01 00:00:00.000000023,73.625336,192,17
1970-01-01 00:00:00.000000019,74.121574,192,18
1970-01-01 00:00:00.000000020,74.08257,192,18
1970-01-01 00:00:00.000000021,74.21973,192,18
1970-01-01 00:00:00.000000022,74.29573,192,18
1970-01-01 00:00:00.000000023,74.123116,192,18
1970-01-01 00:00:00.000000024,74.09267,192,18
1970-01-01 00:00:00.000000020,74.64017,192,19
1970-01-01 00:00:00.000000021,74.59507,192,19
1970-01-01 00:00:00.000000022,74.77115,192,19
1970-01-01 00:00:00.000000023,74.79076,192,19
1970-01-01 00:00:00.000000024,74.70562,192,19
1970-01-01 00:00:00.000000025,74.62463,192,19
1970-01-01 00:00:00.000000021,74.34219,192,20
1970-01-01 00:00:00.000000022,74.19532,192,20
1970-01-01 00:00:00.000000023,74.38709,192,20
1970-01-01 00:00:00.000000024,74.35925,192,20
1970-01-01 00:00:00.000000025,74.235176,192,20
1970-01-01 00:00:00.000000026,74.16423,192,20
1970-01-01 00:00:00.000000022,74.114334,192,21
1970-01-01 00:00:00.000000023,74.0033,192,21
1970-01-01 00:00:00.000000024,74.07962,192,21
1970-01-01 00:00:00.000000025,74.17321,192,21
1970-01-01 00:00:00.000000026,73.991356,192,21
1970-01-01 00:00:00.000000027,73.91219,192,21
1970-01-01 00:00:00.000000023,73.78015,192,22
1970-01-01 00:00:00.000000024,73.67543,192,22
1970-01-01 00:00:00.000000025,73.82794,192,22
1970-01-01 00:00:00.000000026,73.80363,192,22
1970-01-01 00:00:00.000000027,73.489624,192,22
1970-01-01 00:00:00.000000028,73.771904,192,22
1970-01-01 00:00:00.000000024,73.95625,192,23
1970-01-01 00:00:00.000000025,73.98342,192,23
1970-01-01 00:00:00.000000026,74.05674,192,23
1970-01-01 00:00:00.000000027,74.01984,192,23
1970-01-01 00:00:00.000000028,73.74684,192,23
1970-01-01 00:00:00.000000029,73.77942,192,23
1970-01-01 00:00:00.000000025,74.1737,192,24
1970-01-01 00:00:00.000000026,74.07874,192,24
1970-01-01 00:00:00.000000027,74.24897,192,24
1970-01-01 00:00:00.000000028,74.22856,192,24
1970-01-01 00:00:00.000000029,73.99897,192,24
1970-01-01 00:00:00.000000030,74.15544,192,24
1970-01-01 00:00:00.000000026,74.21177,192,25
1970-01-01 00:00:00.000000027,74.23166,192,25
1970-01-01 00:00:00.000000028,74.36678,192,25
1970-01-01 00:00:00.000000029,74.3138,192,25
1970-01-01 00:00:00.000000030,74.190506,192,25
1970-01-01 00:00:00.000000031,74.112404,192,25
1970-01-01 00:00:00.000000027,74.45943,192,26
1970-01-01 00:00:00.000000028,74.40965,192,26
1970-01-01 00:00:00.000000029,74.53364,192,26
1970-01-01 00:00:00.000000030,74.59452,192,26
1970-01-01 00:00:00.000000031,74.47569,192,26
1970-01-01 00:00:00.000000032,74.388435,192,26
1970-01-01 00:00:00.000000028,74.40586,192,27
1970-01-01 00:00:00.000000029,74.353264,192,27
1970-01-01 00:00:00.000000030,74.48155,192,27
1970-01-01 00:00:00.000000031,74.52457,192,27
1970-01-01 00:00:00.000000032,74.337875,192,27
1970-01-01 00:00:00.000000033,74.33936,192,27
1970-01-01 00:00:00.000000029,74.868225,192,28
1970-01-01 00:00:00.000000030,74.892204,192,28
1970-01-01 00:00:00.000000031,75.00947,192,28
1970-01-01 00:00:00.000000032,75.059975,192,28
1970-01-01 00:00:00.000000033,75.006744,192,28
1970-01-01 00:00:00.000000034,74.89788,192,28
1970-01-01 00:00:00.000000030,75.1726,192,29
1970-01-01 00:00:00.000000031,75.137985,192,29
1970-01-01 00:00:00.000000032,75.316826,192,29
1970-01-01 00:00:00.000000033,75.33134,192,29
1970-01-01 00:00:00.000000034,75.270905,192,29
1970-01-01 00:00:00.000000035,75.200424,192,29
1970-01-01 00:00:00.000000031,75.39286,192,30
1970-01-01 00:00:00.000000032,75.30715,192,30
1970-01-01 00:00:00.000000033,75.48986,192,30
1970-01-01 00:00:00.000000034,75.491554,192,30
1970-01-01 00:00:00.000000035,75.403206,192,30
1970-01-01 00:00:00.000000036,75.277214,192,30
1970-01-01 00:00:00.000000032,75.446,192,31
1970-01-01 00:00:00.000000033,75.25693,192,31
1970-01-01 00:00:00.000000034,75.48101,192,31
1970-01-01 00:00:00.000000035,75.50804,192,31
1970-01-01 00:00:00.000000036,75.40326,192,31
1970-01-01 00:00:00.000000037,75.2975,192,31
1970-01-01 00:00:00.000000033,76.00192,192,32
1970-01-01 00:00:00.000000034,75.890236,192,32
1970-01-01 00:00:00.000000035,76.14096,192,32
1970-01-01 00:00:00.000000036,76.183105,192,32
1970-01-01 00:00:00.000000037,76.0495,192,32
1970-01-01 00:00:00.000000038,75.9222,192,32
1970-01-01 00:00:00.000000034,76.2271,192,33
1970-01-01 00:00:00.000000035,76.10962,192,33
1970-01-01 00:00:00.000000036,76.36663,192,33
1970-01-01 00:00:00.000000037,76.3695,192,33
1970-01-01 00:00:00.000000038,76.22979,192,33
1970-01-01 00:00:00.000000039,76.11294,192,33
1970-01-01 00:00:00.000000035,76.32254,192,34
1970-01-01 00:00:00.000000036,76.196945,192,34
1970-01-01 00:00:00.000000037,76.41548,192,34
1970-01-01 00:00:00.000000038,76.42145,192,34
1970-01-01 00:00:00.000000039,76.30304,192,34
1970-01-01 00:00:00.000000040,76.120995,192,34
1970-01-01 00:00:00.000000036,76.35277,192,35
1970-01-01 00:00:00.000000037,76.18928,192,35
1970-01-01 00:00:00.000000038,76.36997,192,35
1970-01-01 00:00:00.000000039,76.459724,192,35
1970-01-01 00:00:00.000000040,76.25375,192,35
1970-01-01 00:00:00.000000041,76.21006,192,35
1970-01-01 00:00:00.000000037,76.94267,192,36
1970-01-01 00:00:00.000000038,76.8863,192,36
1970-01-01 00:00:00.000000039,77.084694,192,36
1970-01-01 00:00:00.000000040,77.13554,192,36
1970-01-01 00:00:00.000000041,77.00382,192,36
1970-01-01 00:00:00.000000042,76.875565,192,36
1970-01-01 00:00:00.000000038,76.62644,192,37
1970-01-01 00:00:00.000000039,76.562355,192,37
1970-01-01 00:00:00.000000040,76.70628,192,37
1970-01-01 00:00:00.000000041,76.73155,192,37
1970-01-01 00:00:00.000000042,76.52793,192,37
1970-01-01 00:00:00.000000043,76.45649,192,37
1970-01-01 00:00:00.000000039,75.81973,192,38
1970-01-01 00:00:00.000000040,75.79617,192,38
1970-01-01 00:00:00.000000041,75.861984,192,38
1970-01-01 00:00:00.000000042,75.8035,192,38
1970-01-01 00:00:00.000000043,75.69816,192,38
1970-01-01 00:00:00.000000044,75.65074,192,38
1970-01-01 00:00:00.000000040,75.10501,192,39
1970-01-01 00:00:00.000000041,75.090256,192,39
1970-01-01 00:00:00.000000042,75.14535,192,39
1970-01-01 00:00:00.000000043,75.005455,192,39
1970-01-01 00:00:00.000000044,74.924614,192,39
1970-01-01 00:00:00.000000045,74.95235,192,39
1970-01-01 00:00:00.000000041,74.48292,192,40
1970-01-01 00:00:00.000000042,74.49029,192,40
1970-01-01 00:00:00.000000043,74.44068,192,40
1970-01-01 00:00:00.000000044,74.36435,192,40
1970-01-01 00:00:00.000000045,74.28203,192,40
1970-01-01 00:00:00.000000046,74.248405,192,40
1970-01-01 00:00:00.000000042,74.1143,192,41
1970-01-01 00:00:00.000000043,74.07144,192,41
1970-01-01 00:00:00.000000044,73.959755,192,41
1970-01-01 00:00:00.000000045,73.94422,192,41
1970-01-01 00:00:00.000000046,73.82639,192,41
1970-01-01 00:00:00.000000047,73.85074,192,41
1970-01-01 00:00:00.000000043,73.50176,192,42
1970-01-01 00:00:00.000000044,73.539276,192,42
1970-01-01 00:00:00.000000045,73.35897,192,42
1970-01-01 00:00:00.000000046,73.211,192,42
1970-01-01 00:00:00.000000047,73.23929,192,42
1970-01-01 00:00:00.000000048,73.110634,192,42
1970-01-01 00:00:00.000000044,72.85423,192,43
1970-01-01 00:00:00.000000045,72.79695,192,43
1970-01-01 00:00:00.000000046,72.597404,192,43
1970-01-01 00:00:00.000000047,72.54566,192,43
1970-01-01 00:00:00.000000048,72.53933,192,43
1970-01-01 00:00:00.000000049,72.460846,192,43
1970-01-01 00:00:00.000000045,72.57917,192,44
1970-01-01 00:00:00.000000046,72.487175,192,44
1970-01-01 00:00:00.000000047,72.333954,192,44
1970-01-01 00:00:00.000000048,72.34815,192,44
1970-01-01 00:00:00.000000049,72.29681,192,44
1970-01-01 00:00:00.000000050,72.26779,192,44
1970-01-01 00:00:00.000000046,72.23494,192,45
1970-01-01 00:00:00.000000047,72.254295,192,45
1970-01-01 00:00:00.000000048,72.113625,192,45
1970-01-01 00:00:00.000000049,72.04438,192,45
1970-01-01 00:00:00.000000050,72.01923,192,45
1970-01-01 00:00:00.000000051,71.99388,192,45
1970-01-01 00:00:00.000000047,71.86473,192,46
1970-01-01 00:00:00.000000048,71.86197,192,46
1970-01-01 00:00:00.000000049,71.70793,192,46
1970-01-01 00:00:00.000000050,71.6309,192,46
1970-01-01 00:00:00.000000051,71.65833,192,46
1970-01-01 00:00:00.000000052,71.552635,192,46
1970-01-01 00:00:00.000000048,71.97593,192,47
1970-01-01 00:00:00.000000049,71.954475,192,47
1970-01-01 00:00:00.000000050,71.89806,192,47
1970-01-01 00:00:00.000000051,71.91494,192,47
1970-01-01 00:00:00.000000052,71.868385,192,47
1970-01-01 00:00:00.000000053,71.84611,192,47
1970-01-01 00:00:00.000000049,72.66377,192,48
1970-01-01 00:00:00.000000050,72.716515,192,48
1970-01-01 00:00:00.000000051,72.84666,192,48
1970-01-01 00:00:00.000000052,72.77089,192,48
1970-01-01 00:00:00.000000053,72.72384,192,48
1970-01-01 00:00:00.000000054,72.745316,192,48
1970-01-01 00:00:00.000000050,72.656746,192,49
1970-01-01 00:00:00.000000051,72.776474,192,49
1970-01-01 00:00:00.000000052,72.88773,192,49
1970-01-01 00:00:00.000000053,72.79527,192,49
1970-01-01 00:00:00.000000054,72.863655,192,49
1970-01-01 00:00:00.000000055,72.5782,192,49
1970-01-01 00:00:00.000000051,72.883644,192,50
1970-01-01 00:00:00.000000052,72.799484,192,50
1970-01-01 00:00:00.000000053,72.873245,192,50
1970-01-01 00:00:00.000000054,72.9708,192,50
1970-01-01 00:00:00.000000055,72.93245,192,50
1970-01-01 00:00:00.000000056,72.71262,192,50
1970-01-01 00:00:00.000000052,71.93768,192,51
1970-01-01 00:00:00.000000053,71.874825,192,51
1970-01-01 00:00:00.000000054,71.959526,192,51
1970-01-01 00:00:00.000000055,71.845406,192,51
1970-01-01 00:00:00.000000056,71.72851,192,51
1970-01-01 00:00:00.000000057,71.81545,192,51
1970-01-01 00:00:00.000000053,70.80539,192,52
1970-01-01 00:00:00.000000054,70.85929,192,52
1970-01-01 00:00:00.000000055,70.84481,192,52
1970-01-01 00:00:00.000000056,70.65922,192,52
1970-01-01 00:00:00.000000057,70.65181,192,52
1970-01-01 00:00:00.000000058,70.52734,192,52
1970-01-01 00:00:00.000000054,70.12702,192,53
1970-01-01 00:00:00.000000055,70.05447,192,53
1970-01-01 00:00:00.000000056,69.98742,192,53
1970-01-01 00:00:00.000000057,69.97536,192,53
1970-01-01 00:00:00.000000058,69.85192,192,53
1970-01-01 00:00:00.000000059,69.8678,192,53
1970-01-01 00:00:00.000000055,69.319,192,54
1970-01-01 00:00:00.000000056,69.2955,192,54
1970-01-01 00:00:00.000000057,69.14528,192,54
1970-01-01 00:00:00.000000058,69.03014,192,54
1970-01-01 00:00:00.000000059,68.93286,192,54
1970-01-01 00:00:00.000000060,68.977745,192,54
1970-01-01 00:00:00.000000007,80.21768,193,6
1970-01-01 00:00:00.000000008,80.85259,193,6
1970-01-01 00:00:00.000000009,80.22804,193,6
1970-01-01 00:00:00.000000010,80.13683,193,6
1970-01-01 00:00:00.000000011,80.4221,193,6
1970-01-01 00:00:00.000000012,80.501755,193,6
1970-01-01 00:00:00.000000008,79.17206,193,7
1970-01-01 00:00:00.000000009,79.76989,193,7
1970-01-01 00:00:00.000000010,79.931404,193,7
1970-01-01 00:00:00.000000011,79.798836,193,7
1970-01-01 00:00:00.000000012,79.649864,193,7
1970-01-01 00:00:00.000000013,79.40265,193,7
1970-01-01 00:00:00.000000009,77.360664,193,8
1970-01-01 00:00:00.000000010,77.694374,193,8
1970-01-01 00:00:00.000000011,77.560074,193,8
1970-01-01 00:00:00.000000012,77.20808,193,8
1970-01-01 00:00:00.000000013,77.44615,193,8
1970-01-01 00:00:00.000000014,77.79962,193,8
1970-01-01 00:00:00.000000010,83.57759,193,9
1970-01-01 00:00:00.000000011,85.689316,193,9
1970-01-01 00:00:00.000000012,85.45447,193,9
1970-01-01 00:00:00.000000013,85.51819,193,9
1970-01-01 00:00:00.000000014,84.962204,193,9
1970-01-01 00:00:00.000000015,85.85448,193,9
1970-01-01 00:00:00.000000011,88.31675,193,10
1970-01-01 00:00:00.000000012,88.17235,193,10
1970-01-01 00:00:00.000000013,87.747505,193,10
1970-01-01 00:00:00.000000014,88.13209,193,10
1970-01-01 00:00:00.000000015,87.15651,193,10
1970-01-01 00:00:00.000000016,88.997696,193,10
1970-01-01 00:00:00.000000012,87.11179,193,11
1970-01-01 00:00:00.000000013,87.09955,193,11
1970-01-01 00:00:00.000000014,86.972435,193,11
1970-01-01 00:00:00.000000015,86.76784,193,11
1970-01-01 00:00:00.000000016,86.749916,193,11
1970-01-01 00:00:00.000000017,86.68166,193,11
1970-01-01 00:00:00.000000013,82.85806,193,12
1970-01-01 00:00:00.000000014,82.24561,193,12
1970-01-01 00:00:00.000000015,82.41823,193,12
1970-01-01 00:00:00.000000016,81.874176,193,12
1970-01-01 00:00:00.000000017,81.18634,193,12
1970-01-01 00:00:00.000000018,82.87612,193,12
1970-01-01 00:00:00.000000014,85.67094,193,13
1970-01-01 00:00:00.000000015,87.4641,193,13
1970-01-01 00:00:00.000000016,86.67616,193,13
1970-01-01 00:00:00.000000017,86.56292,193,13
1970-01-01 00:00:00.000000018,84.635155,193,13
1970-01-01 00:00:00.000000019,86.875984,193,13
1970-01-01 00:00:00.000000015,88.47435,193,14
1970-01-01 00:00:00.000000016,89.31618,193,14
1970-01-01 00:00:00.000000017,89.35437,193,14
1970-01-01 00:00:00.000000018,89.30042,193,14
1970-01-01 00:00:00.000000019,88.38249,193,14
1970-01-01 00:00:00.000000020,89.57747,193,14
1970-01-01 00:00:00.000000016,86.46495,193,15
1970-01-01 00:00:00.000000017,86.947365,193,15
1970-01-01 00:00:00.000000018,86.86994,193,15
1970-01-01 00:00:00.000000019,86.56756,193,15
1970-01-01 00:00:00.000000020,86.40622,193,15
1970-01-01 00:00:00.000000021,86.30519,193,15
1970-01-01 00:00:00.000000017,86.243774,193,16
1970-01-01 00:00:00.000000018,86.335144,193,16
1970-01-01 00:00:00.000000019,86.41637,193,16
1970-01-01 00:00:00.000000020,86.385025,193,16
1970-01-01 00:00:00.000000021,86.26775,193,16
1970-01-01 00:00:00.000000022,86.38995,193,16
1970-01-01 00:00:00.000000018,87.379395,193,17
1970-01-01 00:00:00.000000019,87.2564,193,17
1970-01-01 00:00:00.000000020,87.75584,193,17
1970-01-01 00:00:00.000000021,87.76132,193,17
1970-01-01 00:00:00.000000022,87.195045,193,17
1970-01-01 00:00:00.000000023,88.333786,193,17
1970-01-01 00:00:00.000000019,87.60091,193,18
1970-01-01 00:00:00.000000020,88.548805,193,18
1970-01-01 00:00:00.000000021,88.89267,193,18
1970-01-01 00:00:00.000000022,88.47518,193,18
1970-01-01 00:00:00.000000023,89.19098,193,18
1970-01-01 00:00:00.000000024,88.40046,193,18
1970-01-01 00:00:00.000000020,88.19237,193,19
1970-01-01 00:00:00.000000021,88.66407,193,19
1970-01-01 00:00:00.000000022,89.108246,193,19
1970-01-01 00:00:00.000000023,89.18616,193,19
1970-01-01 00:00:00.000000024,89.25312,193,19
1970-01-01 00:00:00.000000025,88.8324,193,19
1970-01-01 00:00:00.000000021,88.5784,193,20
1970-01-01 00:00:00.000000022,88.3213,193,20
1970-01-01 00:00:00.000000023,89.0463,193,20
1970-01-01 00:00:00.000000024,88.968895,193,20
1970-01-01 00:00:00.000000025,88.90857,193,20
1970-01-01 00:00:00.000000026,88.73605,193,20
1970-01-01 00:00:00.000000022,88.13702,193,21
1970-01-01 00:00:00.000000023,88.27858,193,21
1970-01-01 00:00:00.000000024,88.638695,193,21
1970-01-01 00:00:00.000000025,88.72341,193,21
1970-01-01 00:00:00.000000026,88.377144,193,21
1970-01-01 00:00:00.000000027,88.25105,193,21
1970-01-01 00:00:00.000000023,87.72562,193,22
1970-01-01 00:00:00.000000024,87.68001,193,22
1970-01-01 00:00:00.000000025,87.779564,193,22
1970-01-01 00:00:00.000000026,87.82871,193,22
1970-01-01 00:00:00.000000027,87.57004,193,22
1970-01-01 00:00:00.000000028,87.57411,193,22
1970-01-01 00:00:00.000000024,89.306915,193,23
1970-01-01 00:00:00.000000025,89.36407,193,23
1970-01-01 00:00:00.000000026,89.77545,193,23
1970-01-01 00:00:00.000000027,89.7699,193,23
1970-01-01 00:00:00.000000028,89.60928,193,23
1970-01-01 00:00:00.000000029,89.59464,193,23
1970-01-01 00:00:00.000000025,90.76922,193,24
1970-01-01 00:00:00.000000026,90.71113,193,24
1970-01-01 00:00:00.000000027,91.29277,193,24
1970-01-01 00:00:00.000000028,91.24806,193,24
1970-01-01 00:00:00.000000029,91.07308,193,24
1970-01-01 00:00:00.000000030,90.931946,193,24
1970-01-01 00:00:00.000000026,91.32294,193,25
1970-01-01 00:00:00.000000027,90.62698,193,25
1970-01-01 00:00:00.000000028,91.21273,193,25
1970-01-01 00:00:00.000000029,91.04397,193,25
1970-01-01 00:00:00.000000030,90.804596,193,25
1970-01-01 00:00:00.000000031,90.870285,193,25
1970-01-01 00:00:00.000000027,89.941666,193,26
1970-01-01 00:00:00.000000028,89.519806,193,26
1970-01-01 00:00:00.000000029,90.20399,193,26
1970-01-01 00:00:00.000000030,89.95863,193,26
1970-01-01 00:00:00.000000031,89.962395,193,26
1970-01-01 00:00:00.000000032,89.96974,193,26
1970-01-01 00:00:00.000000028,89.64322,193,27
1970-01-01 00:00:00.000000029,89.65531,193,27
1970-01-01 00:00:00.000000030,90.06503,193,27
1970-01-01 00:00:00.000000031,90.19782,193,27
1970-01-01 00:00:00.000000032,89.70734,193,27
1970-01-01 00:00:00.000000033,89.94455,193,27
1970-01-01 00:00:00.000000029,89.454216,193,28
1970-01-01 00:00:00.000000030,89.44847,193,28
1970-01-01 00:00:00.000000031,89.75095,193,28
1970-01-01 00:00:00.000000032,89.611595,193,28
1970-01-01 00:00:00.000000033,89.24114,193,28
1970-01-01 00:00:00.000000034,89.4896,193,28
1970-01-01 00:00:00.000000030,89.26206,193,29
1970-01-01 00:00:00.000000031,89.385796,193,29
1970-01-01 00:00:00.000000032,89.39722,193,29
1970-01-01 00:00:00.000000033,89.27955,193,29
1970-01-01 00:00:00.000000034,89.24896,193,29
1970-01-01 00:00:00.000000035,89.21005,193,29
1970-01-01 00:00:00.000000031,88.805374,193,30
1970-01-01 00:00:00.000000032,88.95663,193,30
1970-01-01 00:00:00.000000033,88.827065,193,30
1970-01-01 00:00:00.000000034,88.83252,193,30
1970-01-01 00:00:00.000000035,88.88845,193,30
1970-01-01 00:00:00.000000036,88.76553,193,30
1970-01-01 00:00:00.000000032,88.09562,193,31
1970-01-01 00:00:00.000000033,88.238495,193,31
1970-01-01 00:00:00.000000034,88.05286,193,31
1970-01-01 00:00:00.000000035,88.048386,193,31
1970-01-01 00:00:00.000000036,88.157,193,31
1970-01-01 00:00:00.000000037,87.9914,193,31
1970-01-01 00:00:00.000000033,87.66045,193,32
1970-01-01 00:00:00.000000034,87.82793,193,32
1970-01-01 00:00:00.000000035,87.619576,193,32
1970-01-01 00:00:00.000000036,87.71433,193,32
1970-01-01 00:00:00.000000037,87.83112,193,32
1970-01-01 00:00:00.000000038,87.61682,193,32
1970-01-01 00:00:00.000000034,86.11561,193,33
1970-01-01 00:00:00.000000035,86.242386,193,33
1970-01-01 00:00:00.000000036,86.02401,193,33
1970-01-01 00:00:00.000000037,85.91806,193,33
1970-01-01 00:00:00.000000038,86.055824,193,33
1970-01-01 00:00:00.000000039,85.860756,193,33
1970-01-01 00:00:00.000000035,83.39497,193,34
1970-01-01 00:00:00.000000036,83.64414,193,34
1970-01-01 00:00:00.000000037,83.357895,193,34
1970-01-01 00:00:00.000000038,83.12324,193,34
1970-01-01 00:00:00.000000039,83.37207,193,34
1970-01-01 00:00:00.000000040,82.98777,193,34
1970-01-01 00:00:00.000000036,81.78674,193,35
1970-01-01 00:00:00.000000037,82.14745,193,35
1970-01-01 00:00:00.000000038,81.74655,193,35
1970-01-01 00:00:00.000000039,81.96858,193,35
1970-01-01 00:00:00.000000040,82.17565,193,35
1970-01-01 00:00:00.000000041,81.874664,193,35
1970-01-01 00:00:00.000000037,81.293625,193,36
1970-01-01 00:00:00.000000038,81.935295,193,36
1970-01-01 00:00:00.000000039,81.38499,193,36
1970-01-01 00:00:00.000000040,81.81323,193,36
1970-01-01 00:00:00.000000041,82.15574,193,36
1970-01-01 00:00:00.000000042,81.707214,193,36
1970-01-01 00:00:00.000000038,81.19079,193,37
1970-01-01 00:00:00.000000039,81.69188,193,37
1970-01-01 00:00:00.000000040,81.113434,193,37
1970-01-01 00:00:00.000000041,81.41462,193,37
1970-01-01 00:00:00.000000042,82.30881,193,37
1970-01-01 00:00:00.000000043,81.289665,193,37
1970-01-01 00:00:00.000000039,80.494675,193,38
1970-01-01 00:00:00.000000040,80.592964,193,38
1970-01-01 00:00:00.000000041,80.26616,193,38
1970-01-01 00:00:00.000000042,80.50431,193,38
1970-01-01 00:00:00.000000043,81.07165,193,38
1970-01-01 00:00:00.000000044,80.56229,193,38
1970-01-01 00:00:00.000000040,80.35322,193,39
1970-01-01 00:00:00.000000041,80.52872,193,39
1970-01-01 00:00:00.000000042,80.27616,193,39
1970-01-01 00:00:00.000000043,80.42965,193,39
1970-01-01 00:00:00.000000044,80.71743,193,39
1970-01-01 00:00:00.000000045,80.4027,193,39
1970-01-01 00:00:00.000000041,79.878075,193,40
1970-01-01 00:00:00.000000042,80.00118,193,40
1970-01-01 00:00:00.000000043,79.78596,193,40
1970-01-01 00:00:00.000000044,79.88394,193,40
1970-01-01 00:00:00.000000045,80.069855,193,40
1970-01-01 00:00:00.000000046,79.85437,193,40
1970-01-01 00:00:00.000000042,79.72049,193,41
1970-01-01 00:00:00.000000043,79.8482,193,41
1970-01-01 00:00:00.000000044,79.67784,193,41
1970-01-01 00:00:00.000000045,79.820854,193,41
1970-01-01 00:00:00.000000046,79.96636,193,41
1970-01-01 00:00:00.000000047,79.773895,193,41
1970-01-01 00:00:00.000000043,79.42531,193,42
1970-01-01 00:00:00.000000044,79.55763,193,42
1970-01-01 00:00:00.000000045,79.409996,193,42
1970-01-01 00:00:00.000000046,79.48856,193,42
1970-01-01 00:00:00.000000047,79.61421,193,42
1970-01-01 00:00:00.000000048,79.47644,193,42
1970-01-01 00:00:00.000000044,79.17101,193,43
1970-01-01 00:00:00.000000045,79.30595,193,43
1970-01-01 00:00:00.000000046,79.15616,193,43
1970-01-01 00:00:00.000000047,79.23213,193,43
1970-01-01 00:00:00.000000048,79.37727,193,43
1970-01-01 00:00:00.000000049,79.17441,193,43
1970-01-01 00:00:00.000000045,78.76098,193,44
1970-01-01 00:00:00.000000046,78.84112,193,44
1970-01-01 00:00:00.000000047,78.716965,193,44
1970-01-01 00:00:00.000000048,78.75951,193,44
1970-01-01 00:00:00.000000049,78.85089,193,44
1970-01-01 00:00:00.000000050,78.75572,193,44
1970-01-01 00:00:00.000000046,78.582855,193,45
1970-01-01 00:00:00.000000047,78.702484,193,45
1970-01-01 00:00:00.000000048,78.58916,193,45
1970-01-01 00:00:00.000000049,78.668785,193,45
1970-01-01 00:00:00.000000050,78.7457,193,45
1970-01-01 00:00:00.000000051,78.6173,193,45
1970-01-01 00:00:00.000000047,78.61446,193,46
1970-01-01 00:00:00.000000048,78.74203,193,46
1970-01-01 00:00:00.000000049,78.6663,193,46
1970-01-01 00:00:00.000000050,78.759186,193,46
1970-01-01 00:00:00.000000051,78.85211,193,46
1970-01-01 00:00:00.000000052,78.73729,193,46
1970-01-01 00:00:00.000000048,78.51556,193,47
1970-01-01 00:00:00.000000049,78.643745,193,47
1970-01-01 00:00:00.000000050,78.57872,193,47
1970-01-01 00:00:00.000000051,78.59195,193,47
1970-01-01 00:00:00.000000052,78.72642,193,47
1970-01-01 00:00:00.000000053,78.55765,193,47
1970-01-01 00:00:00.000000049,78.16548,193,48
1970-01-01 00:00:00.000000050,78.22113,193,48
1970-01-01 00:00:00.000000051,78.157936,193,48
1970-01-01 00:00:00.000000052,78.152985,193,48
1970-01-01 00:00:00.000000053,78.243004,193,48
1970-01-01 00:00:00.000000054,78.12267,193,48
1970-01-01 00:00:00.000000050,78.32376,193,49
1970-01-01 00:00:00.000000051,78.39063,193,49
1970-01-01 00:00:00.000000052,78.39548,193,49
1970-01-01 00:00:00.000000053,78.48476,193,49
1970-01-01 00:00:00.000000054,78.49625,193,49
1970-01-01 00:00:00.000000055,78.4467,193,49
1970-01-01 00:00:00.000000051,77.98706,193,50
1970-01-01 00:00:00.000000052,78.090355,193,50
1970-01-01 00:00:00.000000053,78.0734,193,50
1970-01-01 00:00:00.000000054,78.01533,193,50
1970-01-01 00:00:00.000000055,78.02889,193,50
1970-01-01 00:00:00.000000056,77.99896,193,50
1970-01-01 00:00:00.000000052,78.22074,193,51
1970-01-01 00:00:00.000000053,78.32439,193,51
1970-01-01 00:00:00.000000054,78.32369,193,51
1970-01-01 00:00:00.000000055,78.43574,193,51
1970-01-01 00:00:00.000000056,78.53274,193,51
1970-01-01 00:00:00.000000057,78.26855,193,51
1970-01-01 00:00:00.000000053,78.10846,193,52
1970-01-01 00:00:00.000000054,78.1243,193,52
1970-01-01 00:00:00.000000055,78.2285,193,52
1970-01-01 00:00:00.000000056,78.21844,193,52
1970-01-01 00:00:00.000000057,78.16645,193,52
1970-01-01 00:00:00.000000058,78.25599,193,52
1970-01-01 00:00:00.000000054,78.65245,193,53
1970-01-01 00:00:00.000000055,78.74644,193,53
1970-01-01 00:00:00.000000056,78.81852,193,53
1970-01-01 00:00:00.000000057,78.92859,193,53
1970-01-01 00:00:00.000000058,78.953476,193,53
1970-01-01 00:00:00.000000059,78.64232,193,53
1970-01-01 00:00:00.000000055,78.63709,193,54
1970-01-01 00:00:00.000000056,78.56776,193,54
1970-01-01 00:00:00.000000057,78.76015,193,54
1970-01-01 00:00:00.000000058,78.817276,193,54
1970-01-01 00:00:00.000000059,78.746735,193,54
1970-01-01 00:00:00.000000060,78.7097,193,54
1970-01-01 00:00:00.000000007,63.437294,194,6
1970-01-01 00:00:00.000000008,63.549217,194,6
1970-01-01 00:00:00.000000009,64.02354,194,6
1970-01-01 00:00:00.000000010,64.05524,194,6
1970-01-01 00:00:00.000000011,63.7347,194,6
1970-01-01 00:00:00.000000012,63.859634,194,6
1970-01-01 00:00:00.000000008,65.05905,194,7
1970-01-01 00:00:00.000000009,64.69854,194,7
1970-01-01 00:00:00.000000010,65.36416,194,7
1970-01-01 00:00:00.000000011,65.33479,194,7
1970-01-01 00:00:00.000000012,64.99734,194,7
1970-01-01 00:00:00.000000013,65.04163,194,7
1970-01-01 00:00:00.000000009,66.79189,194,8
1970-01-01 00:00:00.000000010,66.623825,194,8
1970-01-01 00:00:00.000000011,67.35903,194,8
1970-01-01 00:00:00.000000012,67.47724,194,8
1970-01-01 00:00:00.000000013,66.88604,194,8
1970-01-01 00:00:00.000000014,67.05441,194,8
1970-01-01 00:00:00.000000010,68.122894,194,9
1970-01-01 00:00:00.000000011,68.238266,194,9
1970-01-01 00:00:00.000000012,68.82373,194,9
1970-01-01 00:00:00.000000013,68.900536,194,9
1970-01-01 00:00:00.000000014,68.23471,194,9
1970-01-01 00:00:00.000000015,68.25636,194,9
1970-01-01 00:00:00.000000011,68.538246,194,10
1970-01-01 00:00:00.000000012,68.457214,194,10
1970-01-01 00:00:00.000000013,68.95673,194,10
1970-01-01 00:00:00.000000014,69.01861,194,10
1970-01-01 00:00:00.000000015,68.41896,194,10
1970-01-01 00:00:00.000000016,68.506325,194,10
1970-01-01 00:00:00.000000012,68.72567,194,11
1970-01-01 00:00:00.000000013,68.6934,194,11
1970-01-01 00:00:00.000000014,68.97385,194,11
1970-01-01 00:00:00.000000015,69.15924,194,11
1970-01-01 00:00:00.000000016,68.39556,194,11
1970-01-01 00:00:00.000000017,68.652664,194,11
1970-01-01 00:00:00.000000013,69.24668,194,12
1970-01-01 00:00:00.000000014,69.37637,194,12
1970-01-01 00:00:00.000000015,69.52279,194,12
1970-01-01 00:00:00.000000016,69.75527,194,12
1970-01-01 00:00:00.000000017,69.0188,194,12
1970-01-01 00:00:00.000000018,69.28957,194,12
1970-01-01 00:00:00.000000014,69.3789,194,13
1970-01-01 00:00:00.000000015,69.52291,194,13
1970-01-01 00:00:00.000000016,69.613335,194,13
1970-01-01 00:00:00.000000017,69.76893,194,13
1970-01-01 00:00:00.000000018,69.186646,194,13
1970-01-01 00:00:00.000000019,69.383064,194,13
1970-01-01 00:00:00.000000015,69.36078,194,14
1970-01-01 00:00:00.000000016,69.44308,194,14
1970-01-01 00:00:00.000000017,69.47784,194,14
1970-01-01 00:00:00.000000018,69.60147,194,14
1970-01-01 00:00:00.000000019,69.204956,194,14
1970-01-01 00:00:00.000000020,69.2889,194,14
1970-01-01 00:00:00.000000016,68.79353,194,15
1970-01-01 00:00:00.000000017,68.861465,194,15
1970-01-01 00:00:00.000000018,68.87924,194,15
1970-01-01 00:00:00.000000019,68.91945,194,15
1970-01-01 00:00:00.000000020,68.52307,194,15
1970-01-01 00:00:00.000000021,68.78425,194,15
1970-01-01 00:00:00.000000017,68.48953,194,16
1970-01-01 00:00:00.000000018,68.58995,194,16
1970-01-01 00:00:00.000000019,68.60151,194,16
1970-01-01 00:00:00.000000020,68.53514,194,16
1970-01-01 00:00:00.000000021,68.266815,194,16
1970-01-01 00:00:00.000000022,68.43866,194,16
1970-01-01 00:00:00.000000018,68.44314,194,17
1970-01-01 00:00:00.000000019,68.47109,194,17
1970-01-01 00:00:00.000000020,68.503914,194,17
1970-01-01 00:00:00.000000021,68.43673,194,17
1970-01-01 00:00:00.000000022,68.24341,194,17
1970-01-01 00:00:00.000000023,68.44463,194,17
1970-01-01 00:00:00.000000019,67.98196,194,18
1970-01-01 00:00:00.000000020,68.07472,194,18
1970-01-01 00:00:00.000000021,68.032906,194,18
1970-01-01 00:00:00.000000022,67.90199,194,18
1970-01-01 00:00:00.000000023,67.82081,194,18
1970-01-01 00:00:00.000000024,67.89925,194,18
1970-01-01 00:00:00.000000020,67.61901,194,19
1970-01-01 00:00:00.000000021,67.68787,194,19
1970-01-01 00:00:00.000000022,67.61011,194,19
1970-01-01 00:00:00.000000023,67.533585,194,19
1970-01-01 00:00:00.000000024,67.47707,194,19
1970-01-01 00:00:00.000000025,67.53601,194,19
1970-01-01 00:00:00.000000021,67.47914,194,20
1970-01-01 00:00:00.000000022,67.50297,194,20
1970-01-01 00:00:00.000000023,67.47521,194,20
1970-01-01 00:00:00.000000024,67.4119,194,20
1970-01-01 00:00:00.000000025,67.30193,194,20
1970-01-01 00:00:00.000000026,67.4839,194,20
1970-01-01 00:00:00.000000022,66.81264,194,21
1970-01-01 00:00:00.000000023,66.9257,194,21
1970-01-01 00:00:00.000000024,66.81206,194,21
1970-01-01 00:00:00.000000025,66.67002,194,21
1970-01-01 00:00:00.000000026,66.63201,194,21
1970-01-01 00:00:00.000000027,66.676544,194,21
1970-01-01 00:00:00.000000023,66.01227,194,22
1970-01-01 00:00:00.000000024,66.11391,194,22
1970-01-01 00:00:00.000000025,65.95067,194,22
1970-01-01 00:00:00.000000026,65.8649,194,22
1970-01-01 00:00:00.000000027,65.83376,194,22
1970-01-01 00:00:00.000000028,65.84148,194,22
1970-01-01 00:00:00.000000024,65.67502,194,23
1970-01-01 00:00:00.000000025,65.692,194,23
1970-01-01 00:00:00.000000026,65.59254,194,23
1970-01-01 00:00:00.000000027,65.568855,194,23
1970-01-01 00:00:00.000000028,65.4353,194,23
1970-01-01 00:00:00.000000029,65.65798,194,23
1970-01-01 00:00:00.000000025,65.30298,194,24
1970-01-01 00:00:00.000000026,65.44608,194,24
1970-01-01 00:00:00.000000027,65.35393,194,24
1970-01-01 00:00:00.000000028,65.18482,194,24
1970-01-01 00:00:00.000000029,65.12298,194,24
1970-01-01 00:00:00.000000030,65.28692,194,24
1970-01-01 00:00:00.000000026,64.77464,194,25
1970-01-01 00:00:00.000000027,64.885895,194,25
1970-01-01 00:00:00.000000028,64.76396,194,25
1970-01-01 00:00:00.000000029,64.6018,194,25
1970-01-01 00:00:00.000000030,64.6164,194,25
1970-01-01 00:00:00.000000031,64.64359,194,25
1970-01-01 00:00:00.000000027,64.79478,194,26
1970-01-01 00:00:00.000000028,64.8164,194,26
1970-01-01 00:00:00.000000029,64.79705,194,26
1970-01-01 00:00:00.000000030,64.73957,194,26
1970-01-01 00:00:00.000000031,64.66403,194,26
1970-01-01 00:00:00.000000032,64.834175,194,26
1970-01-01 00:00:00.000000028,65.12679,194,27
1970-01-01 00:00:00.000000029,65.26841,194,27
1970-01-01 00:00:00.000000030,65.359825,194,27
1970-01-01 00:00:00.000000031,65.212166,194,27
1970-01-01 00:00:00.000000032,65.14675,194,27
1970-01-01 00:00:00.000000033,65.297005,194,27
1970-01-01 00:00:00.000000029,65.150246,194,28
1970-01-01 00:00:00.000000030,65.32374,194,28
1970-01-01 00:00:00.000000031,65.42486,194,28
1970-01-01 00:00:00.000000032,65.23753,194,28
1970-01-01 00:00:00.000000033,65.259605,194,28
1970-01-01 00:00:00.000000034,65.20173,194,28
1970-01-01 00:00:00.000000030,64.44582,194,29
1970-01-01 00:00:00.000000031,64.472534,194,29
1970-01-01 00:00:00.000000032,64.43911,194,29
1970-01-01 00:00:00.000000033,64.33642,194,29
1970-01-01 00:00:00.000000034,64.281975,194,29
1970-01-01 00:00:00.000000035,64.27821,194,29
1970-01-01 00:00:00.000000031,63.93299,194,30
1970-01-01 00:00:00.000000032,64.00502,194,30
1970-01-01 00:00:00.000000033,63.96625,194,30
1970-01-01 00:00:00.000000034,63.89035,194,30
1970-01-01 00:00:00.000000035,63.826996,194,30
1970-01-01 00:00:00.000000036,63.83053,194,30
1970-01-01 00:00:00.000000032,63.174263,194,31
1970-01-01 00:00:00.000000033,63.26085,194,31
1970-01-01 00:00:00.000000034,63.184235,194,31
1970-01-01 00:00:00.000000035,63.090286,194,31
1970-01-01 00:00:00.000000036,62.991524,194,31
1970-01-01 00:00:00.000000037,63.070705,194,31
1970-01-01 00:00:00.000000033,62.41282,194,32
1970-01-01 00:00:00.000000034,62.524174,194,32
1970-01-01 00:00:00.000000035,62.343853,194,32
1970-01-01 00:00:00.000000036,62.26552,194,32
1970-01-01 00:00:00.000000037,62.188274,194,32
1970-01-01 00:00:00.000000038,62.26662,194,32
1970-01-01 00:00:00.000000034,61.519047,194,33
1970-01-01 00:00:00.000000035,61.591637,194,33
1970-01-01 00:00:00.000000036,61.36532,194,33
1970-01-01 00:00:00.000000037,61.28242,194,33
1970-01-01 00:00:00.000000038,61.19431,194,33
1970-01-01 00:00:00.000000039,61.333557,194,33
1970-01-01 00:00:00.000000035,60.668636,194,34
1970-01-01 00:00:00.000000036,60.771637,194,34
1970-01-01 00:00:00.000000037,60.510956,194,34
1970-01-01 00:00:00.000000038,60.42092,194,34
1970-01-01 00:00:00.000000039,60.35946,194,34
1970-01-01 00:00:00.000000040,60.468235,194,34
1970-01-01 00:00:00.000000036,60.13627,194,35
1970-01-01 00:00:00.000000037,60.196243,194,35
1970-01-01 00:00:00.000000038,59.97633,194,35
1970-01-01 00:00:00.000000039,59.904198,194,35
1970-01-01 00:00:00.000000040,59.814823,194,35
1970-01-01 00:00:00.000000041,60.01636,194,35
1970-01-01 00:00:00.000000037,60.13583,194,36
1970-01-01 00:00:00.000000038,60.24046,194,36
1970-01-01 00:00:00.000000039,60.161076,194,36
1970-01-01 00:00:00.000000040,60.040703,194,36
1970-01-01 00:00:00.000000041,59.968906,194,36
1970-01-01 00:00:00.000000042,60.172066,194,36
1970-01-01 00:00:00.000000038,59.890743,194,37
1970-01-01 00:00:00.000000039,60.015804,194,37
1970-01-01 00:00:00.000000040,59.979618,194,37
1970-01-01 00:00:00.000000041,59.7545,194,37
1970-01-01 00:00:00.000000042,59.763283,194,37
1970-01-01 00:00:00.000000043,59.86516,194,37
1970-01-01 00:00:00.000000039,59.858727,194,38
1970-01-01 00:00:00.000000040,59.922997,194,38
1970-01-01 00:00:00.000000041,59.912346,194,38
1970-01-01 00:00:00.000000042,59.783478,194,38
1970-01-01 00:00:00.000000043,59.784637,194,38
1970-01-01 00:00:00.000000044,59.826767,194,38
1970-01-01 00:00:00.000000040,59.649506,194,39
1970-01-01 00:00:00.000000041,59.651573,194,39
1970-01-01 00:00:00.000000042,59.64199,194,39
1970-01-01 00:00:00.000000043,59.524395,194,39
1970-01-01 00:00:00.000000044,59.4498,194,39
1970-01-01 00:00:00.000000045,59.607895,194,39
1970-01-01 00:00:00.000000041,59.682106,194,40
1970-01-01 00:00:00.000000042,59.770645,194,40
1970-01-01 00:00:00.000000043,59.77378,194,40
1970-01-01 00:00:00.000000044,59.680782,194,40
1970-01-01 00:00:00.000000045,59.619442,194,40
1970-01-01 00:00:00.000000046,59.66962,194,40
1970-01-01 00:00:00.000000042,59.097168,194,41
1970-01-01 00:00:00.000000043,59.14142,194,41
1970-01-01 00:00:00.000000044,59.078278,194,41
1970-01-01 00:00:00.000000045,58.96428,194,41
1970-01-01 00:00:00.000000046,58.899284,194,41
1970-01-01 00:00:00.000000047,58.97693,194,41
1970-01-01 00:00:00.000000043,58.281803,194,42
1970-01-01 00:00:00.000000044,58.39903,194,42
1970-01-01 00:00:00.000000045,58.274143,194,42
1970-01-01 00:00:00.000000046,58.163708,194,42
1970-01-01 00:00:00.000000047,58.141285,194,42
1970-01-01 00:00:00.000000048,58.093143,194,42
1970-01-01 00:00:00.000000044,58.102177,194,43
1970-01-01 00:00:00.000000045,58.085506,194,43
1970-01-01 00:00:00.000000046,58.006294,194,43
1970-01-01 00:00:00.000000047,58.019524,194,43
1970-01-01 00:00:00.000000048,57.87644,194,43
1970-01-01 00:00:00.000000049,58.08841,194,43
1970-01-01 00:00:00.000000045,58.224037,194,44
1970-01-01 00:00:00.000000046,58.348568,194,44
1970-01-01 00:00:00.000000047,58.375576,194,44
1970-01-01 00:00:00.000000048,58.238583,194,44
1970-01-01 00:00:00.000000049,58.119583,194,44
1970-01-01 00:00:00.000000050,58.339046,194,44
1970-01-01 00:00:00.000000046,58.696106,194,45
1970-01-01 00:00:00.000000047,59.047707,194,45
1970-01-01 00:00:00.000000048,59.16643,194,45
1970-01-01 00:00:00.000000049,58.970715,194,45
1970-01-01 00:00:00.000000050,59.029354,194,45
1970-01-01 00:00:00.000000051,58.92386,194,45
1970-01-01 00:00:00.000000047,58.640553,194,46
1970-01-01 00:00:00.000000048,58.632446,194,46
1970-01-01 00:00:00.000000049,58.8326,194,46
1970-01-01 00:00:00.000000050,58.720913,194,46
1970-01-01 00:00:00.000000051,58.63616,194,46
1970-01-01 00:00:00.000000052,58.665573,194,46
1970-01-01 00:00:00.000000048,58.74787,194,47
1970-01-01 00:00:00.000000049,58.77957,194,47
1970-01-01 00:00:00.000000050,58.799442,194,47
1970-01-01 00:00:00.000000051,58.865658,194,47
1970-01-01 00:00:00.000000052,58.763298,194,47
1970-01-01 00:00:00.000000053,58.592514,194,47
1970-01-01 00:00:00.000000049,58.265274,194,48
1970-01-01 00:00:00.000000050,58.21365,194,48
1970-01-01 00:00:00.000000051,58.30159,194,48
1970-01-01 00:00:00.000000052,58.236656,194,48
1970-01-01 00:00:00.000000053,57.976303,194,48
1970-01-01 00:00:00.000000054,58.248104,194,48
1970-01-01 00:00:00.000000050,58.59182,194,49
1970-01-01 00:00:00.000000051,58.64043,194,49
1970-01-01 00:00:00.000000052,58.70081,194,49
1970-01-01 00:00:00.000000053,58.649593,194,49
1970-01-01 00:00:00.000000054,58.432514,194,49
1970-01-01 00:00:00.000000055,58.516766,194,49
1970-01-01 00:00:00.000000051,58.33665,194,50
1970-01-01 00:00:00.000000052,58.31759,194,50
1970-01-01 00:00:00.000000053,58.4551,194,50
1970-01-01 00:00:00.000000054,58.337894,194,50
1970-01-01 00:00:00.000000055,58.11234,194,50
1970-01-01 00:00:00.000000056,58.35421,194,50
1970-01-01 00:00:00.000000052,58.488953,194,51
1970-01-01 00:00:00.000000053,58.53796,194,51
1970-01-01 00:00:00.000000054,58.626823,194,51
1970-01-01 00:00:00.000000055,58.56803,194,51
1970-01-01 00:00:00.000000056,58.420376,194,51
1970-01-01 00:00:00.000000057,58.42516,194,51
1970-01-01 00:00:00.000000053,58.21435,194,52
1970-01-01 00:00:00.000000054,58.18266,194,52
1970-01-01 00:00:00.000000055,58.29767,194,52
1970-01-01 00:00:00.000000056,58.216663,194,52
1970-01-01 00:00:00.000000057,57.982506,194,52
1970-01-01 00:00:00.000000058,58.18325,194,52
1970-01-01 00:00:00.000000054,57.626575,194,53
1970-01-01 00:00:00.000000055,57.70981,194,53
1970-01-01 00:00:00.000000056,57.68884,194,53
1970-01-01 00:00:00.000000057,57.576164,194,53
1970-01-01 00:00:00.000000058,57.481945,194,53
1970-01-01 00:00:00.000000059,57.508972,194,53
1970-01-01 00:00:00.000000055,57.34884,194,54
1970-01-01 00:00:00.000000056,57.382374,194,54
1970-01-01 00:00:00.000000057,57.35118,194,54
1970-01-01 00:00:00.000000058,57.29675,194,54
1970-01-01 00:00:00.000000059,57.19608,194,54
1970-01-01 00:00:00.000000060,57.28411,194,54
1970-01-01 00:00:00.000000007,55.628113,195,6
1970-01-01 00:00:00.000000008,55.70178,195,6
1970-01-01 00:00:00.000000009,55.79293,195,6
1970-01-01 00:00:00.000000010,55.723515,195,6
1970-01-01 00:00:00.000000011,55.578693,195,6
1970-01-01 00:00:00.000000012,55.6887,195,6
1970-01-01 00:00:00.000000008,54.23967,195,7
1970-01-01 00:00:00.000000009,54.338757,195,7
1970-01-01 00:00:00.000000010,54.263805,195,7
1970-01-01 00:00:00.000000011,54.04935,195,7
1970-01-01 00:00:00.000000012,54.00399,195,7
1970-01-01 00:00:00.000000013,54.029278,195,7
1970-01-01 00:00:00.000000009,53.89591,195,8
1970-01-01 00:00:00.000000010,53.98405,195,8
1970-01-01 00:00:00.000000011,53.864307,195,8
1970-01-01 00:00:00.000000012,53.84549,195,8
1970-01-01 00:00:00.000000013,53.79134,195,8
1970-01-01 00:00:00.000000014,53.7075,195,8
1970-01-01 00:00:00.000000010,53.333473,195,9
1970-01-01 00:00:00.000000011,53.334835,195,9
1970-01-01 00:00:00.000000012,53.31615,195,9
1970-01-01 00:00:00.000000013,53.2371,195,9
1970-01-01 00:00:00.000000014,53.04337,195,9
1970-01-01 00:00:00.000000015,53.33908,195,9
1970-01-01 00:00:00.000000011,53.270767,195,10
1970-01-01 00:00:00.000000012,53.50612,195,10
1970-01-01 00:00:00.000000013,53.416153,195,10
1970-01-01 00:00:00.000000014,53.277065,195,10
1970-01-01 00:00:00.000000015,53.2439,195,10
1970-01-01 00:00:00.000000016,53.210136,195,10
1970-01-01 00:00:00.000000012,52.66774,195,11
1970-01-01 00:00:00.000000013,52.64707,195,11
1970-01-01 00:00:00.000000014,52.58662,195,11
1970-01-01 00:00:00.000000015,52.424767,195,11
1970-01-01 00:00:00.000000016,52.33149,195,11
1970-01-01 00:00:00.000000017,52.574417,195,11
1970-01-01 00:00:00.000000013,52.841362,195,12
1970-01-01 00:00:00.000000014,52.962723,195,12
1970-01-01 00:00:00.000000015,52.929714,195,12
1970-01-01 00:00:00.000000016,52.844315,195,12
1970-01-01 00:00:00.000000017,52.803455,195,12
1970-01-01 00:00:00.000000018,52.825336,195,12
1970-01-01 00:00:00.000000014,52.50716,195,13
1970-01-01 00:00:00.000000015,52.511215,195,13
1970-01-01 00:00:00.000000016,52.529053,195,13
1970-01-01 00:00:00.000000017,52.357246,195,13
1970-01-01 00:00:00.000000018,52.260174,195,13
1970-01-01 00:00:00.000000019,52.480755,195,13
1970-01-01 00:00:00.000000015,52.307697,195,14
1970-01-01 00:00:00.000000016,52.41659,195,14
1970-01-01 00:00:00.000000017,52.364483,195,14
1970-01-01 00:00:00.000000018,52.221066,195,14
1970-01-01 00:00:00.000000019,52.21416,195,14
1970-01-01 00:00:00.000000020,52.188145,195,14
1970-01-01 00:00:00.000000016,53.171886,195,15
1970-01-01 00:00:00.000000017,53.056747,195,15
1970-01-01 00:00:00.000000018,53.23836,195,15
1970-01-01 00:00:00.000000019,53.23864,195,15
1970-01-01 00:00:00.000000020,53.0398,195,15
1970-01-01 00:00:00.000000021,53.36083,195,15
1970-01-01 00:00:00.000000017,52.533264,195,16
1970-01-01 00:00:00.000000018,52.65466,195,16
1970-01-01 00:00:00.000000019,52.773495,195,16
1970-01-01 00:00:00.000000020,52.492794,195,16
1970-01-01 00:00:00.000000021,52.37617,195,16
1970-01-01 00:00:00.000000022,52.473713,195,16
1970-01-01 00:00:00.000000018,52.048008,195,17
1970-01-01 00:00:00.000000019,52.13032,195,17
1970-01-01 00:00:00.000000020,52.0774,195,17
1970-01-01 00:00:00.000000021,52.00378,195,17
1970-01-01 00:00:00.000000022,51.950264,195,17
1970-01-01 00:00:00.000000023,51.84162,195,17
1970-01-01 00:00:00.000000019,51.751514,195,18
1970-01-01 00:00:00.000000020,51.742332,195,18
1970-01-01 00:00:00.000000021,51.76359,195,18
1970-01-01 00:00:00.000000022,51.711002,195,18
1970-01-01 00:00:00.000000023,51.558514,195,18
1970-01-01 00:00:00.000000024,51.752014,195,18
1970-01-01 00:00:00.000000020,51.64103,195,19
1970-01-01 00:00:00.000000021,51.76355,195,19
1970-01-01 00:00:00.000000022,51.745037,195,19
1970-01-01 00:00:00.000000023,51.62394,195,19
1970-01-01 00:00:00.000000024,51.498795,195,19
1970-01-01 00:00:00.000000025,51.605434,195,19
1970-01-01 00:00:00.000000021,52.021866,195,20
1970-01-01 00:00:00.000000022,52.10911,195,20
1970-01-01 00:00:00.000000023,52.207367,195,20
1970-01-01 00:00:00.000000024,52.105244,195,20
1970-01-01 00:00:00.000000025,52.001633,195,20
1970-01-01 00:00:00.000000026,52.159084,195,20
1970-01-01 00:00:00.000000022,51.733265,195,21
1970-01-01 00:00:00.000000023,51.81679,195,21
1970-01-01 00:00:00.000000024,51.919403,195,21
1970-01-01 00:00:00.000000025,51.71595,195,21
1970-01-01 00:00:00.000000026,51.636868,195,21
1970-01-01 00:00:00.000000027,51.707928,195,21
1970-01-01 00:00:00.000000023,51.334908,195,22
1970-01-01 00:00:00.000000024,51.396328,195,22
1970-01-01 00:00:00.000000025,51.38181,195,22
1970-01-01 00:00:00.000000026,51.28961,195,22
1970-01-01 00:00:00.000000027,51.201458,195,22
1970-01-01 00:00:00.000000028,51.195858,195,22
1970-01-01 00:00:00.000000024,50.981247,195,23
1970-01-01 00:00:00.000000025,51.007442,195,23
1970-01-01 00:00:00.000000026,51.003605,195,23
1970-01-01 00:00:00.000000027,50.93319,195,23
1970-01-01 00:00:00.000000028,50.81354,195,23
1970-01-01 00:00:00.000000029,50.942043,195,23
1970-01-01 00:00:00.000000025,50.287964,195,24
1970-01-01 00:00:00.000000026,50.393913,195,24
1970-01-01 00:00:00.000000027,50.31361,195,24
1970-01-01 00:00:00.000000028,50.18556,195,24
1970-01-01 00:00:00.000000029,50.11707,195,24
1970-01-01 00:00:00.000000030,50.140778,195,24
1970-01-01 00:00:00.000000026,50.095715,195,25
1970-01-01 00:00:00.000000027,50.12447,195,25
1970-01-01 00:00:00.000000028,50.053127,195,25
1970-01-01 00:00:00.000000029,50.01064,195,25
1970-01-01 00:00:00.000000030,49.898655,195,25
1970-01-01 00:00:00.000000031,50.04836,195,25
1970-01-01 00:00:00.000000027,50.008965,195,26
1970-01-01 00:00:00.000000028,50.06555,195,26
1970-01-01 00:00:00.000000029,50.076767,195,26
1970-01-01 00:00:00.000000030,49.91994,195,26
1970-01-01 00:00:00.000000031,49.79805,195,26
1970-01-01 00:00:00.000000032,50.035282,195,26
1970-01-01 00:00:00.000000028,48.96021,195,27
1970-01-01 00:00:00.000000029,49.10776,195,27
1970-01-01 00:00:00.000000030,48.907898,195,27
1970-01-01 00:00:00.000000031,48.718544,195,27
1970-01-01 00:00:00.000000032,48.71909,195,27
1970-01-01 00:00:00.000000033,48.655357,195,27
1970-01-01 00:00:00.000000029,48.31492,195,28
1970-01-01 00:00:00.000000030,48.356956,195,28
1970-01-01 00:00:00.000000031,48.206352,195,28
1970-01-01 00:00:00.000000032,48.159058,195,28
1970-01-01 00:00:00.000000033,48.06149,195,28
1970-01-01 00:00:00.000000034,48.152718,195,28
1970-01-01 00:00:00.000000030,47.98114,195,29
1970-01-01 00:00:00.000000031,47.998688,195,29
1970-01-01 00:00:00.000000032,47.918407,195,29
1970-01-01 00:00:00.000000033,47.823654,195,29
1970-01-01 00:00:00.000000034,47.638348,195,29
1970-01-01 00:00:00.000000035,47.949768,195,29
1970-01-01 00:00:00.000000031,47.931767,195,30
1970-01-01 00:00:00.000000032,48.13001,195,30
1970-01-01 00:00:00.000000033,48.090748,195,30
1970-01-01 00:00:00.000000034,47.887596,195,30
1970-01-01 00:00:00.000000035,47.860107,195,30
1970-01-01 00:00:00.000000036,47.926888,195,30
1970-01-01 00:00:00.000000032,48.444477,195,31
1970-01-01 00:00:00.000000033,48.566788,195,31
1970-01-01 00:00:00.000000034,48.74689,195,31
1970-01-01 00:00:00.000000035,48.567703,195,31
1970-01-01 00:00:00.000000036,48.500633,195,31
1970-01-01 00:00:00.000000037,48.692307,195,31
1970-01-01 00:00:00.000000033,49.26853,195,32
1970-01-01 00:00:00.000000034,49.5704,195,32
1970-01-01 00:00:00.000000035,49.719784,195,32
1970-01-01 00:00:00.000000036,49.64593,195,32
1970-01-01 00:00:00.000000037,49.64248,195,32
1970-01-01 00:00:00.000000038,49.644882,195,32
1970-01-01 00:00:00.000000034,49.32258,195,33
1970-01-01 00:00:00.000000035,49.458954,195,33
1970-01-01 00:00:00.000000036,49.45777,195,33
1970-01-01 00:00:00.000000037,49.496197,195,33
1970-01-01 00:00:00.000000038,49.475212,195,33
1970-01-01 00:00:00.000000039,49.33289,195,33
1970-01-01 00:00:00.000000035,49.65267,195,34
1970-01-01 00:00:00.000000036,49.547207,195,34
1970-01-01 00:00:00.000000037,49.65641,195,34
1970-01-01 00:00:00.000000038,49.70597,195,34
1970-01-01 00:00:00.000000039,49.646927,195,34
1970-01-01 00:00:00.000000040,49.623344,195,34
1970-01-01 00:00:00.000000036,50.02445,195,35
1970-01-01 00:00:00.000000037,50.042397,195,35
1970-01-01 00:00:00.000000038,50.154335,195,35
1970-01-01 00:00:00.000000039,50.228016,195,35
1970-01-01 00:00:00.000000040,50.03633,195,35
1970-01-01 00:00:00.000000041,50.14419,195,35
1970-01-01 00:00:00.000000037,49.994915,195,36
1970-01-01 00:00:00.000000038,50.067383,195,36
1970-01-01 00:00:00.000000039,50.09561,195,36
1970-01-01 00:00:00.000000040,50.118553,195,36
1970-01-01 00:00:00.000000041,49.955723,195,36
1970-01-01 00:00:00.000000042,49.8989,195,36
1970-01-01 00:00:00.000000038,50.33129,195,37
1970-01-01 00:00:00.000000039,50.286922,195,37
1970-01-01 00:00:00.000000040,50.373085,195,37
1970-01-01 00:00:00.000000041,50.441734,195,37
1970-01-01 00:00:00.000000042,50.34629,195,37
1970-01-01 00:00:00.000000043,50.36227,195,37
1970-01-01 00:00:00.000000039,50.178486,195,38
1970-01-01 00:00:00.000000040,50.21065,195,38
1970-01-01 00:00:00.000000041,50.263954,195,38
1970-01-01 00:00:00.000000042,50.34789,195,38
1970-01-01 00:00:00.000000043,50.02401,195,38
1970-01-01 00:00:00.000000044,50.20115,195,38
1970-01-01 00:00:00.000000040,50.686558,195,39
1970-01-01 00:00:00.000000041,50.815987,195,39
1970-01-01 00:00:00.000000042,50.839134,195,39
1970-01-01 00:00:00.000000043,50.91479,195,39
1970-01-01 00:00:00.000000044,50.843018,195,39
1970-01-01 00:00:00.000000045,50.763996,195,39
1970-01-01 00:00:00.000000041,50.81359,195,40
1970-01-01 00:00:00.000000042,50.81465,195,40
1970-01-01 00:00:00.000000043,50.924484,195,40
1970-01-01 00:00:00.000000044,50.987045,195,40
1970-01-01 00:00:00.000000045,50.7865,195,40
1970-01-01 00:00:00.000000046,50.929348,195,40
1970-01-01 00:00:00.000000042,50.414707,195,41
1970-01-01 00:00:00.000000043,50.575798,195,41
1970-01-01 00:00:00.000000044,50.53456,195,41
1970-01-01 00:00:00.000000045,50.55801,195,41
1970-01-01 00:00:00.000000046,50.384865,195,41
1970-01-01 00:00:00.000000047,50.261395,195,41
1970-01-01 00:00:00.000000043,51.3538,195,42
1970-01-01 00:00:00.000000044,51.44095,195,42
1970-01-01 00:00:00.000000045,51.56674,195,42
1970-01-01 00:00:00.000000046,51.640972,195,42
1970-01-01 00:00:00.000000047,51.55357,195,42
1970-01-01 00:00:00.000000048,51.6904,195,42
1970-01-01 00:00:00.000000044,51.750145,195,43
1970-01-01 00:00:00.000000045,51.960102,195,43
1970-01-01 00:00:00.000000046,52.08261,195,43
1970-01-01 00:00:00.000000047,52.11457,195,43
1970-01-01 00:00:00.000000048,51.971924,195,43
1970-01-01 00:00:00.000000049,52.04209,195,43
1970-01-01 00:00:00.000000045,52.416363,195,44
1970-01-01 00:00:00.000000046,52.59268,195,44
1970-01-01 00:00:00.000000047,52.686787,195,44
1970-01-01 00:00:00.000000048,52.74995,195,44
1970-01-01 00:00:00.000000049,52.67303,195,44
1970-01-01 00:00:00.000000050,52.61512,195,44
1970-01-01 00:00:00.000000046,52.58949,195,45
1970-01-01 00:00:00.000000047,52.40896,195,45
1970-01-01 00:00:00.000000048,52.65096,195,45
1970-01-01 00:00:00.000000049,52.660767,195,45
1970-01-01 00:00:00.000000050,52.458652,195,45
1970-01-01 00:00:00.000000051,52.624886,195,45
1970-01-01 00:00:00.000000047,51.794144,195,46
1970-01-01 00:00:00.000000048,51.978676,195,46
1970-01-01 00:00:00.000000049,51.898647,195,46
1970-01-01 00:00:00.000000050,51.96451,195,46
1970-01-01 00:00:00.000000051,51.590637,195,46
1970-01-01 00:00:00.000000052,51.575394,195,46
1970-01-01 00:00:00.000000048,51.741924,195,47
1970-01-01 00:00:00.000000049,51.731216,195,47
1970-01-01 00:00:00.000000050,51.759296,195,47
1970-01-01 00:00:00.000000051,51.84478,195,47
1970-01-01 00:00:00.000000052,51.382,195,47
1970-01-01 00:00:00.000000053,51.85532,195,47
1970-01-01 00:00:00.000000049,51.188194,195,48
1970-01-01 00:00:00.000000050,51.318207,195,48
1970-01-01 00:00:00.000000051,51.35849,195,48
1970-01-01 00:00:00.000000052,51.16803,195,48
1970-01-01 00:00:00.000000053,50.882313,195,48
1970-01-01 00:00:00.000000054,51.112656,195,48
1970-01-01 00:00:00.000000050,51.273785,195,49
1970-01-01 00:00:00.000000051,51.38314,195,49
1970-01-01 00:00:00.000000052,51.350807,195,49
1970-01-01 00:00:00.000000053,51.28073,195,49
1970-01-01 00:00:00.000000054,51.169266,195,49
1970-01-01 00:00:00.000000055,51.194313,195,49
1970-01-01 00:00:00.000000051,51.301678,195,50
1970-01-01 00:00:00.000000052,51.256947,195,50
1970-01-01 00:00:00.000000053,51.37081,195,50
1970-01-01 00:00:00.000000054,51.251575,195,50
1970-01-01 00:00:00.000000055,51.03544,195,50
1970-01-01 00:00:00.000000056,51.387806,195,50
1970-01-01 00:00:00.000000052,51.401115,195,51
1970-01-01 00:00:00.000000053,51.62441,195,51
1970-01-01 00:00:00.000000054,51.706436,195,51
1970-01-01 00:00:00.000000055,51.488697,195,51
1970-01-01 00:00:00.000000056,51.464825,195,51
1970-01-01 00:00:00.000000057,51.408527,195,51
1970-01-01 00:00:00.000000053,52.444023,195,52
1970-01-01 00:00:00.000000054,52.57314,195,52
1970-01-01 00:00:00.000000055,52.688805,195,52
1970-01-01 00:00:00.000000056,52.737976,195,52
1970-01-01 00:00:00.000000057,52.65812,195,52
1970-01-01 00:00:00.000000058,52.781242,195,52
1970-01-01 00:00:00.000000054,52.857143,195,53
1970-01-01 00:00:00.000000055,53.11244,195,53
1970-01-01 00:00:00.000000056,53.217567,195,53
1970-01-01 00:00:00.000000057,53.273823,195,53
1970-01-01 00:00:00.000000058,53.217396,195,53
1970-01-01 00:00:00.000000059,53.25758,195,53
1970-01-01 00:00:00.000000055,52.852352,195,54
1970-01-01 00:00:00.000000056,52.846146,195,54
1970-01-01 00:00:00.000000057,52.923912,195,54
1970-01-01 00:00:00.000000058,52.925385,195,54
1970-01-01 00:00:00.000000059,52.81541,195,54
1970-01-01 00:00:00.000000060,52.765865,195,54
1970-01-01 00:00:00.000000007,60.087784,196,6
1970-01-01 00:00:00.000000008,60.326077,196,6
1970-01-01 00:00:00.000000009,60.538025,196,6
1970-01-01 00:00:00.000000010,60.629436,196,6
1970-01-01 00:00:00.000000011,60.392754,196,6
1970-01-01 00:00:00.000000012,60.37495,196,6
1970-01-01 00:00:00.000000008,60.411125,196,7
1970-01-01 00:00:00.000000009,60.357067,196,7
1970-01-01 00:00:00.000000010,60.623795,196,7
1970-01-01 00:00:00.000000011,60.633247,196,7
1970-01-01 00:00:00.000000012,60.38056,196,7
1970-01-01 00:00:00.000000013,60.414017,196,7
1970-01-01 00:00:00.000000009,60.343155,196,8
1970-01-01 00:00:00.000000010,60.238117,196,8
1970-01-01 00:00:00.000000011,60.429436,196,8
1970-01-01 00:00:00.000000012,60.426533,196,8
1970-01-01 00:00:00.000000013,60.144814,196,8
1970-01-01 00:00:00.000000014,60.173286,196,8
1970-01-01 00:00:00.000000010,60.93479,196,9
1970-01-01 00:00:00.000000011,60.936974,196,9
1970-01-01 00:00:00.000000012,61.041603,196,9
1970-01-01 00:00:00.000000013,61.20312,196,9
1970-01-01 00:00:00.000000014,60.803307,196,9
1970-01-01 00:00:00.000000015,61.030685,196,9
1970-01-01 00:00:00.000000011,61.56634,196,10
1970-01-01 00:00:00.000000012,61.755558,196,10
1970-01-01 00:00:00.000000013,61.870617,196,10
1970-01-01 00:00:00.000000014,61.945427,196,10
1970-01-01 00:00:00.000000015,61.666122,196,10
1970-01-01 00:00:00.000000016,61.706806,196,10
1970-01-01 00:00:00.000000012,61.477364,196,11
1970-01-01 00:00:00.000000013,61.461506,196,11
1970-01-01 00:00:00.000000014,61.57307,196,11
1970-01-01 00:00:00.000000015,61.57413,196,11
1970-01-01 00:00:00.000000016,61.39787,196,11
1970-01-01 00:00:00.000000017,61.374344,196,11
1970-01-01 00:00:00.000000013,62.316105,196,12
1970-01-01 00:00:00.000000014,62.360382,196,12
1970-01-01 00:00:00.000000015,62.52248,196,12
1970-01-01 00:00:00.000000016,62.580215,196,12
1970-01-01 00:00:00.000000017,62.493263,196,12
1970-01-01 00:00:00.000000018,62.52082,196,12
1970-01-01 00:00:00.000000014,62.59769,196,13
1970-01-01 00:00:00.000000015,62.65637,196,13
1970-01-01 00:00:00.000000016,62.839508,196,13
1970-01-01 00:00:00.000000017,62.85686,196,13
1970-01-01 00:00:00.000000018,62.60174,196,13
1970-01-01 00:00:00.000000019,62.685345,196,13
1970-01-01 00:00:00.000000015,61.94328,196,14
1970-01-01 00:00:00.000000016,61.99108,196,14
1970-01-01 00:00:00.000000017,62.007122,196,14
1970-01-01 00:00:00.000000018,61.96819,196,14
1970-01-01 00:00:00.000000019,61.788902,196,14
1970-01-01 00:00:00.000000020,61.675198,196,14
1970-01-01 00:00:00.000000016,61.393925,196,15
1970-01-01 00:00:00.000000017,61.375515,196,15
1970-01-01 00:00:00.000000018,61.44239,196,15
1970-01-01 00:00:00.000000019,61.465763,196,15
1970-01-01 00:00:00.000000020,61.136963,196,15
1970-01-01 00:00:00.000000021,61.471825,196,15
1970-01-01 00:00:00.000000017,60.77235,196,16
1970-01-01 00:00:00.000000018,60.92184,196,16
1970-01-01 00:00:00.000000019,60.94456,196,16
1970-01-01 00:00:00.000000020,60.757,196,16
1970-01-01 00:00:00.000000021,60.548748,196,16
1970-01-01 00:00:00.000000022,60.682903,196,16
1970-01-01 00:00:00.000000018,60.93118,196,17
1970-01-01 00:00:00.000000019,60.99098,196,17
1970-01-01 00:00:00.000000020,60.946465,196,17
1970-01-01 00:00:00.000000021,60.916573,196,17
1970-01-01 00:00:00.000000022,60.782032,196,17
1970-01-01 00:00:00.000000023,60.88651,196,17
1970-01-01 00:00:00.000000019,61.19601,196,18
1970-01-01 00:00:00.000000020,61.219456,196,18
1970-01-01 00:00:00.000000021,61.34148,196,18
1970-01-01 00:00:00.000000022,61.20652,196,18
1970-01-01 00:00:00.000000023,61.00661,196,18
1970-01-01 00:00:00.000000024,61.345135,196,18
1970-01-01 00:00:00.000000020,61.06192,196,19
1970-01-01 00:00:00.000000021,61.350807,196,19
1970-01-01 00:00:00.000000022,61.401024,196,19
1970-01-01 00:00:00.000000023,61.168343,196,19
1970-01-01 00:00:00.000000024,61.20971,196,19
1970-01-01 00:00:00.000000025,61.059586,196,19
1970-01-01 00:00:00.000000021,60.2581,196,20
1970-01-01 00:00:00.000000022,60.294437,196,20
1970-01-01 00:00:00.000000023,60.25591,196,20
1970-01-01 00:00:00.000000024,60.135708,196,20
1970-01-01 00:00:00.000000025,60.06698,196,20
1970-01-01 00:00:00.000000026,60.10864,196,20
1970-01-01 00:00:00.000000022,59.83122,196,21
1970-01-01 00:00:00.000000023,59.91484,196,21
1970-01-01 00:00:00.000000024,59.86618,196,21
1970-01-01 00:00:00.000000025,59.784252,196,21
1970-01-01 00:00:00.000000026,59.690536,196,21
1970-01-01 00:00:00.000000027,59.741802,196,21
1970-01-01 00:00:00.000000023,59.55015,196,22
1970-01-01 00:00:00.000000024,59.56399,196,22
1970-01-01 00:00:00.000000025,59.523003,196,22
1970-01-01 00:00:00.000000026,59.437416,196,22
1970-01-01 00:00:00.000000027,59.264755,196,22
1970-01-01 00:00:00.000000028,59.519325,196,22
1970-01-01 00:00:00.000000024,59.28382,196,23
1970-01-01 00:00:00.000000025,59.40328,196,23
1970-01-01 00:00:00.000000026,59.362106,196,23
1970-01-01 00:00:00.000000027,59.16087,196,23
1970-01-01 00:00:00.000000028,59.100784,196,23
1970-01-01 00:00:00.000000029,59.211555,196,23
1970-01-01 00:00:00.000000025,60.876987,196,24
1970-01-01 00:00:00.000000026,61.013332,196,24
1970-01-01 00:00:00.000000027,61.26127,196,24
1970-01-01 00:00:00.000000028,61.18646,196,24
1970-01-01 00:00:00.000000029,61.101017,196,24
1970-01-01 00:00:00.000000030,61.271168,196,24
1970-01-01 00:00:00.000000026,61.157486,196,25
1970-01-01 00:00:00.000000027,61.52699,196,25
1970-01-01 00:00:00.000000028,61.61777,196,25
1970-01-01 00:00:00.000000029,61.588715,196,25
1970-01-01 00:00:00.000000030,61.532345,196,25
1970-01-01 00:00:00.000000031,61.615894,196,25
1970-01-01 00:00:00.000000027,62.04966,196,26
1970-01-01 00:00:00.000000028,62.24834,196,26
1970-01-01 00:00:00.000000029,62.34018,196,26
1970-01-01 00:00:00.000000030,62.41283,196,26
1970-01-01 00:00:00.000000031,62.348244,196,26
1970-01-01 00:00:00.000000032,62.30145,196,26
1970-01-01 00:00:00.000000028,62.484108,196,27
1970-01-01 00:00:00.000000029,62.207756,196,27
1970-01-01 00:00:00.000000030,62.526768,196,27
1970-01-01 00:00:00.000000031,62.51072,196,27
1970-01-01 00:00:00.000000032,62.320107,196,27
1970-01-01 00:00:00.000000033,62.472916,196,27
1970-01-01 00:00:00.000000029,61.62999,196,28
1970-01-01 00:00:00.000000030,61.73188,196,28
1970-01-01 00:00:00.000000031,61.74071,196,28
1970-01-01 00:00:00.000000032,61.741547,196,28
1970-01-01 00:00:00.000000033,61.31715,196,28
1970-01-01 00:00:00.000000034,61.34319,196,28
1970-01-01 00:00:00.000000030,61.41914,196,29
1970-01-01 00:00:00.000000031,61.437626,196,29
1970-01-01 00:00:00.000000032,61.439083,196,29
1970-01-01 00:00:00.000000033,61.544304,196,29
1970-01-01 00:00:00.000000034,61.057632,196,29
1970-01-01 00:00:00.000000035,61.519077,196,29
1970-01-01 00:00:00.000000031,61.83541,196,30
1970-01-01 00:00:00.000000032,61.818497,196,30
1970-01-01 00:00:00.000000033,61.927555,196,30
1970-01-01 00:00:00.000000034,61.86808,196,30
1970-01-01 00:00:00.000000035,61.234436,196,30
1970-01-01 00:00:00.000000036,61.82813,196,30
1970-01-01 00:00:00.000000032,62.48485,196,31
1970-01-01 00:00:00.000000033,62.679916,196,31
1970-01-01 00:00:00.000000034,62.70332,196,31
1970-01-01 00:00:00.000000035,62.713665,196,31
1970-01-01 00:00:00.000000036,62.612007,196,31
1970-01-01 00:00:00.000000037,62.59926,196,31
1970-01-01 00:00:00.000000033,62.522266,196,32
1970-01-01 00:00:00.000000034,62.579563,196,32
1970-01-01 00:00:00.000000035,62.665585,196,32
1970-01-01 00:00:00.000000036,62.680527,196,32
1970-01-01 00:00:00.000000037,62.582943,196,32
1970-01-01 00:00:00.000000038,62.60423,196,32
1970-01-01 00:00:00.000000034,62.130177,196,33
1970-01-01 00:00:00.000000035,62.200058,196,33
1970-01-01 00:00:00.000000036,62.17649,196,33
1970-01-01 00:00:00.000000037,62.203335,196,33
1970-01-01 00:00:00.000000038,62.071026,196,33
1970-01-01 00:00:00.000000039,61.96329,196,33
1970-01-01 00:00:00.000000035,62.649364,196,34
1970-01-01 00:00:00.000000036,62.586285,196,34
1970-01-01 00:00:00.000000037,62.65242,196,34
1970-01-01 00:00:00.000000038,62.793587,196,34
1970-01-01 00:00:00.000000039,62.531403,196,34
1970-01-01 00:00:00.000000040,62.779594,196,34
1970-01-01 00:00:00.000000036,63.03236,196,35
1970-01-01 00:00:00.000000037,63.184765,196,35
1970-01-01 00:00:00.000000038,63.279606,196,35
1970-01-01 00:00:00.000000039,63.302227,196,35
1970-01-01 00:00:00.000000040,63.13294,196,35
1970-01-01 00:00:00.000000041,63.274323,196,35
1970-01-01 00:00:00.000000037,63.28193,196,36
1970-01-01 00:00:00.000000038,63.421696,196,36
1970-01-01 00:00:00.000000039,63.45306,196,36
1970-01-01 00:00:00.000000040,63.50219,196,36
1970-01-01 00:00:00.000000041,63.455128,196,36
1970-01-01 00:00:00.000000042,63.37101,196,36
1970-01-01 00:00:00.000000038,63.197086,196,37
1970-01-01 00:00:00.000000039,63.092224,196,37
1970-01-01 00:00:00.000000040,63.193676,196,37
1970-01-01 00:00:00.000000041,63.2107,196,37
1970-01-01 00:00:00.000000042,63.079258,196,37
1970-01-01 00:00:00.000000043,63.122215,196,37
1970-01-01 00:00:00.000000039,64.066765,196,38
1970-01-01 00:00:00.000000040,64.22483,196,38
1970-01-01 00:00:00.000000041,64.332855,196,38
1970-01-01 00:00:00.000000042,64.4021,196,38
1970-01-01 00:00:00.000000043,64.32059,196,38
1970-01-01 00:00:00.000000044,64.35915,196,38
1970-01-01 00:00:00.000000040,64.532326,196,39
1970-01-01 00:00:00.000000041,64.68868,196,39
1970-01-01 00:00:00.000000042,64.83889,196,39
1970-01-01 00:00:00.000000043,64.877205,196,39
1970-01-01 00:00:00.000000044,64.714005,196,39
1970-01-01 00:00:00.000000045,64.7799,196,39
1970-01-01 00:00:00.000000041,65.14276,196,40
1970-01-01 00:00:00.000000042,65.24076,196,40
1970-01-01 00:00:00.000000043,65.35751,196,40
1970-01-01 00:00:00.000000044,65.394875,196,40
1970-01-01 00:00:00.000000045,65.284584,196,40
1970-01-01 00:00:00.000000046,65.22411,196,40
1970-01-01 00:00:00.000000042,66.280014,196,41
1970-01-01 00:00:00.000000043,66.35676,196,41
1970-01-01 00:00:00.000000044,66.64996,196,41
1970-01-01 00:00:00.000000045,66.70129,196,41
1970-01-01 00:00:00.000000046,66.569984,196,41
1970-01-01 00:00:00.000000047,66.6983,196,41
1970-01-01 00:00:00.000000043,66.9683,196,42
1970-01-01 00:00:00.000000044,67.09429,196,42
1970-01-01 00:00:00.000000045,67.33211,196,42
1970-01-01 00:00:00.000000046,67.33679,196,42
1970-01-01 00:00:00.000000047,67.08148,196,42
1970-01-01 00:00:00.000000048,67.05949,196,42
1970-01-01 00:00:00.000000044,67.66183,196,43
1970-01-01 00:00:00.000000045,67.5322,196,43
1970-01-01 00:00:00.000000046,67.81394,196,43
1970-01-01 00:00:00.000000047,67.82842,196,43
1970-01-01 00:00:00.000000048,67.62749,196,43
1970-01-01 00:00:00.000000049,67.657364,196,43
1970-01-01 00:00:00.000000045,68.454254,196,44
1970-01-01 00:00:00.000000046,68.4147,196,44
1970-01-01 00:00:00.000000047,68.71381,196,44
1970-01-01 00:00:00.000000048,68.7927,196,44
1970-01-01 00:00:00.000000049,68.47437,196,44
1970-01-01 00:00:00.000000050,68.613106,196,44
1970-01-01 00:00:00.000000046,68.983505,196,45
1970-01-01 00:00:00.000000047,69.08597,196,45
1970-01-01 00:00:00.000000048,69.29431,196,45
1970-01-01 00:00:00.000000049,69.3396,196,45
1970-01-01 00:00:00.000000050,69.02644,196,45
1970-01-01 00:00:00.000000051,69.00108,196,45
1970-01-01 00:00:00.000000047,69.81133,196,46
1970-01-01 00:00:00.000000048,69.82167,196,46
1970-01-01 00:00:00.000000049,70.10962,196,46
1970-01-01 00:00:00.000000050,70.16035,196,46
1970-01-01 00:00:00.000000051,69.97851,196,46
1970-01-01 00:00:00.000000052,69.99754,196,46
1970-01-01 00:00:00.000000048,70.81728,196,47
1970-01-01 00:00:00.000000049,70.99099,196,47
1970-01-01 00:00:00.000000050,71.31407,196,47
1970-01-01 00:00:00.000000051,71.37024,196,47
1970-01-01 00:00:00.000000052,71.13994,196,47
1970-01-01 00:00:00.000000053,71.1691,196,47
1970-01-01 00:00:00.000000049,71.741264,196,48
1970-01-01 00:00:00.000000050,71.83468,196,48
1970-01-01 00:00:00.000000051,72.15844,196,48
1970-01-01 00:00:00.000000052,72.176216,196,48
1970-01-01 00:00:00.000000053,71.95257,196,48
1970-01-01 00:00:00.000000054,71.92024,196,48
1970-01-01 00:00:00.000000050,72.75501,196,49
1970-01-01 00:00:00.000000051,72.683235,196,49
1970-01-01 00:00:00.000000052,73.07487,196,49
1970-01-01 00:00:00.000000053,73.09749,196,49
1970-01-01 00:00:00.000000054,72.864746,196,49
1970-01-01 00:00:00.000000055,72.88416,196,49
1970-01-01 00:00:00.000000051,73.73915,196,50
1970-01-01 00:00:00.000000052,73.70072,196,50
1970-01-01 00:00:00.000000053,74.08492,196,50
1970-01-01 00:00:00.000000054,74.11463,196,50
1970-01-01 00:00:00.000000055,73.80594,196,50
1970-01-01 00:00:00.000000056,73.79739,196,50
1970-01-01 00:00:00.000000052,73.96572,196,51
1970-01-01 00:00:00.000000053,73.80948,196,51
1970-01-01 00:00:00.000000054,74.17176,196,51
1970-01-01 00:00:00.000000055,74.14349,196,51
1970-01-01 00:00:00.000000056,73.75585,196,51
1970-01-01 00:00:00.000000057,73.79631,196,51
1970-01-01 00:00:00.000000053,74.038925,196,52
1970-01-01 00:00:00.000000054,73.90836,196,52
1970-01-01 00:00:00.000000055,74.1154,196,52
1970-01-01 00:00:00.000000056,74.17616,196,52
1970-01-01 00:00:00.000000057,73.72782,196,52
1970-01-01 00:00:00.000000058,73.855125,196,52
1970-01-01 00:00:00.000000054,75.05258,196,53
1970-01-01 00:00:00.000000055,75.12061,196,53
1970-01-01 00:00:00.000000056,75.2869,196,53
1970-01-01 00:00:00.000000057,75.422646,196,53
1970-01-01 00:00:00.000000058,75.06895,196,53
1970-01-01 00:00:00.000000059,75.19428,196,53
1970-01-01 00:00:00.000000055,75.41378,196,54
1970-01-01 00:00:00.000000056,75.50461,196,54
1970-01-01 00:00:00.000000057,75.67973,196,54
1970-01-01 00:00:00.000000058,75.69683,196,54
1970-01-01 00:00:00.000000059,75.4179,196,54
1970-01-01 00:00:00.000000060,75.41585,196,54
1970-01-01 00:00:00.000000007,76.73261,197,6
1970-01-01 00:00:00.000000008,76.81979,197,6
1970-01-01 00:00:00.000000009,76.87618,197,6
1970-01-01 00:00:00.000000010,76.75087,197,6
1970-01-01 00:00:00.000000011,76.65882,197,6
1970-01-01 00:00:00.000000012,76.743324,197,6
1970-01-01 00:00:00.000000008,76.465126,197,7
1970-01-01 00:00:00.000000009,76.511246,197,7
1970-01-01 00:00:00.000000010,76.569016,197,7
1970-01-01 00:00:00.000000011,76.42658,197,7
1970-01-01 00:00:00.000000012,76.29182,197,7
1970-01-01 00:00:00.000000013,76.45377,197,7
1970-01-01 00:00:00.000000009,76.25686,197,8
1970-01-01 00:00:00.000000010,76.3362,197,8
1970-01-01 00:00:00.000000011,76.3427,197,8
1970-01-01 00:00:00.000000012,76.22136,197,8
1970-01-01 00:00:00.000000013,76.11904,197,8
1970-01-01 00:00:00.000000014,76.19519,197,8
1970-01-01 00:00:00.000000010,75.8156,197,9
1970-01-01 00:00:00.000000011,75.87331,197,9
1970-01-01 00:00:00.000000012,75.8375,197,9
1970-01-01 00:00:00.000000013,75.73448,197,9
1970-01-01 00:00:00.000000014,75.63917,197,9
1970-01-01 00:00:00.000000015,75.74351,197,9
1970-01-01 00:00:00.000000011,75.71955,197,10
1970-01-01 00:00:00.000000012,75.77237,197,10
1970-01-01 00:00:00.000000013,75.75584,197,10
1970-01-01 00:00:00.000000014,75.6729,197,10
1970-01-01 00:00:00.000000015,75.563705,197,10
1970-01-01 00:00:00.000000016,75.687515,197,10
1970-01-01 00:00:00.000000012,75.48902,197,11
1970-01-01 00:00:00.000000013,75.5345,197,11
1970-01-01 00:00:00.000000014,75.54807,197,11
1970-01-01 00:00:00.000000015,75.39971,197,11
1970-01-01 00:00:00.000000016,75.28729,197,11
1970-01-01 00:00:00.000000017,75.478355,197,11
1970-01-01 00:00:00.000000013,75.37068,197,12
1970-01-01 00:00:00.000000014,75.48557,197,12
1970-01-01 00:00:00.000000015,75.49629,197,12
1970-01-01 00:00:00.000000016,75.344795,197,12
1970-01-01 00:00:00.000000017,75.299416,197,12
1970-01-01 00:00:00.000000018,75.35313,197,12
1970-01-01 00:00:00.000000014,75.27343,197,13
1970-01-01 00:00:00.000000015,75.3058,197,13
1970-01-01 00:00:00.000000016,75.35524,197,13
1970-01-01 00:00:00.000000017,75.23594,197,13
1970-01-01 00:00:00.000000018,75.121956,197,13
1970-01-01 00:00:00.000000019,75.29733,197,13
1970-01-01 00:00:00.000000015,74.76898,197,14
1970-01-01 00:00:00.000000016,74.85027,197,14
1970-01-01 00:00:00.000000017,74.79775,197,14
1970-01-01 00:00:00.000000018,74.66475,197,14
1970-01-01 00:00:00.000000019,74.581604,197,14
1970-01-01 00:00:00.000000020,74.64026,197,14
1970-01-01 00:00:00.000000016,74.43341,197,15
1970-01-01 00:00:00.000000017,74.49023,197,15
1970-01-01 00:00:00.000000018,74.42253,197,15
1970-01-01 00:00:00.000000019,74.3444,197,15
1970-01-01 00:00:00.000000020,74.250824,197,15
1970-01-01 00:00:00.000000021,74.351845,197,15
1970-01-01 00:00:00.000000017,74.42822,197,16
1970-01-01 00:00:00.000000018,74.46343,197,16
1970-01-01 00:00:00.000000019,74.472984,197,16
1970-01-01 00:00:00.000000020,74.383865,197,16
1970-01-01 00:00:00.000000021,74.23104,197,16
1970-01-01 00:00:00.000000022,74.475044,197,16
1970-01-01 00:00:00.000000018,74.70378,197,17
1970-01-01 00:00:00.000000019,74.88337,197,17
1970-01-01 00:00:00.000000020,74.96872,197,17
1970-01-01 00:00:00.000000021,74.779366,197,17
1970-01-01 00:00:00.000000022,74.70553,197,17
1970-01-01 00:00:00.000000023,74.81562,197,17
1970-01-01 00:00:00.000000019,75.14223,197,18
1970-01-01 00:00:00.000000020,75.30669,197,18
1970-01-01 00:00:00.000000021,75.47905,197,18
1970-01-01 00:00:00.000000022,75.35196,197,18
1970-01-01 00:00:00.000000023,75.32171,197,18
1970-01-01 00:00:00.000000024,75.374855,197,18
1970-01-01 00:00:00.000000020,74.46759,197,19
1970-01-01 00:00:00.000000021,74.5551,197,19
1970-01-01 00:00:00.000000022,74.64078,197,19
1970-01-01 00:00:00.000000023,74.47269,197,19
1970-01-01 00:00:00.000000024,74.32757,197,19
1970-01-01 00:00:00.000000025,74.32989,197,19
1970-01-01 00:00:00.000000021,74.06709,197,20
1970-01-01 00:00:00.000000022,74.12762,197,20
1970-01-01 00:00:00.000000023,74.12838,197,20
1970-01-01 00:00:00.000000024,74.055046,197,20
1970-01-01 00:00:00.000000025,73.93376,197,20
1970-01-01 00:00:00.000000026,73.986336,197,20
1970-01-01 00:00:00.000000022,73.52357,197,21
1970-01-01 00:00:00.000000023,73.603645,197,21
1970-01-01 00:00:00.000000024,73.60032,197,21
1970-01-01 00:00:00.000000025,73.49058,197,21
1970-01-01 00:00:00.000000026,73.35802,197,21
1970-01-01 00:00:00.000000027,73.49676,197,21
1970-01-01 00:00:00.000000023,73.30573,197,22
1970-01-01 00:00:00.000000024,73.39823,197,22
1970-01-01 00:00:00.000000025,73.351425,197,22
1970-01-01 00:00:00.000000026,73.243355,197,22
1970-01-01 00:00:00.000000027,73.1285,197,22
1970-01-01 00:00:00.000000028,73.249954,197,22
1970-01-01 00:00:00.000000024,73.03249,197,23
1970-01-01 00:00:00.000000025,73.072876,197,23
1970-01-01 00:00:00.000000026,73.06881,197,23
1970-01-01 00:00:00.000000027,72.901276,197,23
1970-01-01 00:00:00.000000028,72.7885,197,23
1970-01-01 00:00:00.000000029,73.025764,197,23
1970-01-01 00:00:00.000000025,73.255165,197,24
1970-01-01 00:00:00.000000026,73.420074,197,24
1970-01-01 00:00:00.000000027,73.4858,197,24
1970-01-01 00:00:00.000000028,73.31443,197,24
1970-01-01 00:00:00.000000029,73.27003,197,24
1970-01-01 00:00:00.000000030,73.341354,197,24
1970-01-01 00:00:00.000000026,73.99126,197,25
1970-01-01 00:00:00.000000027,74.0621,197,25
1970-01-01 00:00:00.000000028,74.30707,197,25
1970-01-01 00:00:00.000000029,74.14601,197,25
1970-01-01 00:00:00.000000030,74.040276,197,25
1970-01-01 00:00:00.000000031,74.29582,197,25
1970-01-01 00:00:00.000000027,73.57258,197,26
1970-01-01 00:00:00.000000028,73.77222,197,26
1970-01-01 00:00:00.000000029,73.85677,197,26
1970-01-01 00:00:00.000000030,73.72358,197,26
1970-01-01 00:00:00.000000031,73.65928,197,26
1970-01-01 00:00:00.000000032,73.52007,197,26
1970-01-01 00:00:00.000000028,73.13512,197,27
1970-01-01 00:00:00.000000029,73.18439,197,27
1970-01-01 00:00:00.000000030,73.20208,197,27
1970-01-01 00:00:00.000000031,73.15448,197,27
1970-01-01 00:00:00.000000032,73.0299,197,27
1970-01-01 00:00:00.000000033,72.99803,197,27
1970-01-01 00:00:00.000000029,72.56008,197,28
1970-01-01 00:00:00.000000030,72.62831,197,28
1970-01-01 00:00:00.000000031,72.65384,197,28
1970-01-01 00:00:00.000000032,72.538994,197,28
1970-01-01 00:00:00.000000033,72.39761,197,28
1970-01-01 00:00:00.000000034,72.539215,197,28
1970-01-01 00:00:00.000000030,72.58839,197,29
1970-01-01 00:00:00.000000031,72.68543,197,29
1970-01-01 00:00:00.000000032,72.67288,197,29
1970-01-01 00:00:00.000000033,72.59721,197,29
1970-01-01 00:00:00.000000034,72.43902,197,29
1970-01-01 00:00:00.000000035,72.56862,197,29
1970-01-01 00:00:00.000000031,72.66176,197,30
1970-01-01 00:00:00.000000032,72.716286,197,30
1970-01-01 00:00:00.000000033,72.82417,197,30
1970-01-01 00:00:00.000000034,72.656166,197,30
1970-01-01 00:00:00.000000035,72.509415,197,30
1970-01-01 00:00:00.000000036,72.78345,197,30
1970-01-01 00:00:00.000000032,72.405815,197,31
1970-01-01 00:00:00.000000033,72.58165,197,31
1970-01-01 00:00:00.000000034,72.626724,197,31
1970-01-01 00:00:00.000000035,72.40567,197,31
1970-01-01 00:00:00.000000036,72.39517,197,31
1970-01-01 00:00:00.000000037,72.35298,197,31
1970-01-01 00:00:00.000000033,73.523506,197,32
1970-01-01 00:00:00.000000034,73.54103,197,32
1970-01-01 00:00:00.000000035,73.67689,197,32
1970-01-01 00:00:00.000000036,73.73529,197,32
1970-01-01 00:00:00.000000037,73.62059,197,32
1970-01-01 00:00:00.000000038,73.771675,197,32
1970-01-01 00:00:00.000000034,73.97925,197,33
1970-01-01 00:00:00.000000035,74.26069,197,33
1970-01-01 00:00:00.000000036,74.38922,197,33
1970-01-01 00:00:00.000000037,74.41812,197,33
1970-01-01 00:00:00.000000038,74.30586,197,33
1970-01-01 00:00:00.000000039,74.500755,197,33
1970-01-01 00:00:00.000000035,74.25017,197,34
1970-01-01 00:00:00.000000036,74.403854,197,34
1970-01-01 00:00:00.000000037,74.448074,197,34
1970-01-01 00:00:00.000000038,74.482376,197,34
1970-01-01 00:00:00.000000039,74.39153,197,34
1970-01-01 00:00:00.000000040,74.311485,197,34
1970-01-01 00:00:00.000000036,73.71358,197,35
1970-01-01 00:00:00.000000037,73.60755,197,35
1970-01-01 00:00:00.000000038,73.66545,197,35
1970-01-01 00:00:00.000000039,73.681274,197,35
1970-01-01 00:00:00.000000040,73.50012,197,35
1970-01-01 00:00:00.000000041,73.59149,197,35
1970-01-01 00:00:00.000000037,73.701744,197,36
1970-01-01 00:00:00.000000038,73.753975,197,36
1970-01-01 00:00:00.000000039,73.73292,197,36
1970-01-01 00:00:00.000000040,73.85957,197,36
1970-01-01 00:00:00.000000041,73.365845,197,36
1970-01-01 00:00:00.000000042,73.81194,197,36
1970-01-01 00:00:00.000000038,74.556145,197,37
1970-01-01 00:00:00.000000039,74.66681,197,37
1970-01-01 00:00:00.000000040,74.710556,197,37
1970-01-01 00:00:00.000000041,74.79536,197,37
1970-01-01 00:00:00.000000042,74.36179,197,37
1970-01-01 00:00:00.000000043,74.74741,197,37
1970-01-01 00:00:00.000000039,74.79255,197,38
1970-01-01 00:00:00.000000040,75.02144,197,38
1970-01-01 00:00:00.000000041,75.066444,197,38
1970-01-01 00:00:00.000000042,75.10511,197,38
1970-01-01 00:00:00.000000043,75.06298,197,38
1970-01-01 00:00:00.000000044,75.028694,197,38
1970-01-01 00:00:00.000000040,74.894325,197,39
1970-01-01 00:00:00.000000041,74.93016,197,39
1970-01-01 00:00:00.000000042,74.988945,197,39
1970-01-01 00:00:00.000000043,75.02536,197,39
1970-01-01 00:00:00.000000044,74.95203,197,39
1970-01-01 00:00:00.000000045,74.920425,197,39
1970-01-01 00:00:00.000000041,75.01081,197,40
1970-01-01 00:00:00.000000042,74.962364,197,40
1970-01-01 00:00:00.000000043,75.020325,197,40
1970-01-01 00:00:00.000000044,75.07346,197,40
1970-01-01 00:00:00.000000045,74.96288,197,40
1970-01-01 00:00:00.000000046,74.99612,197,40
1970-01-01 00:00:00.000000042,75.238625,197,41
1970-01-01 00:00:00.000000043,75.26601,197,41
1970-01-01 00:00:00.000000044,75.312256,197,41
1970-01-01 00:00:00.000000045,75.371414,197,41
1970-01-01 00:00:00.000000046,75.161606,197,41
1970-01-01 00:00:00.000000047,75.34498,197,41
1970-01-01 00:00:00.000000043,75.45324,197,42
1970-01-01 00:00:00.000000044,75.53185,197,42
1970-01-01 00:00:00.000000045,75.57365,197,42
1970-01-01 00:00:00.000000046,75.60928,197,42
1970-01-01 00:00:00.000000047,75.46096,197,42
1970-01-01 00:00:00.000000048,75.5159,197,42
1970-01-01 00:00:00.000000044,75.66526,197,43
1970-01-01 00:00:00.000000045,75.7662,197,43
1970-01-01 00:00:00.000000046,75.8176,197,43
1970-01-01 00:00:00.000000047,75.87467,197,43
1970-01-01 00:00:00.000000048,75.80258,197,43
1970-01-01 00:00:00.000000049,75.80473,197,43
1970-01-01 00:00:00.000000045,75.62328,197,44
1970-01-01 00:00:00.000000046,75.69696,197,44
1970-01-01 00:00:00.000000047,75.738045,197,44
1970-01-01 00:00:00.000000048,75.79495,197,44
1970-01-01 00:00:00.000000049,75.60982,197,44
1970-01-01 00:00:00.000000050,75.65112,197,44
1970-01-01 00:00:00.000000046,76.03601,197,45
1970-01-01 00:00:00.000000047,76.14398,197,45
1970-01-01 00:00:00.000000048,76.17186,197,45
1970-01-01 00:00:00.000000049,76.245995,197,45
1970-01-01 00:00:00.000000050,76.18301,197,45
1970-01-01 00:00:00.000000051,76.17395,197,45
1970-01-01 00:00:00.000000047,76.16975,197,46
1970-01-01 00:00:00.000000048,76.23986,197,46
1970-01-01 00:00:00.000000049,76.31391,197,46
1970-01-01 00:00:00.000000050,76.37221,197,46
1970-01-01 00:00:00.000000051,76.188705,197,46
1970-01-01 00:00:00.000000052,76.29036,197,46
1970-01-01 00:00:00.000000048,76.110756,197,47
1970-01-01 00:00:00.000000049,76.21304,197,47
1970-01-01 00:00:00.000000050,76.202705,197,47
1970-01-01 00:00:00.000000051,76.25014,197,47
1970-01-01 00:00:00.000000052,76.13313,197,47
1970-01-01 00:00:00.000000053,76.05055,197,47
1970-01-01 00:00:00.000000049,75.8545,197,48
1970-01-01 00:00:00.000000050,75.84087,197,48
1970-01-01 00:00:00.000000051,75.86953,197,48
1970-01-01 00:00:00.000000052,75.95594,197,48
1970-01-01 00:00:00.000000053,75.68783,197,48
1970-01-01 00:00:00.000000054,75.89641,197,48
1970-01-01 00:00:00.000000050,75.61359,197,49
1970-01-01 00:00:00.000000051,75.66918,197,49
1970-01-01 00:00:00.000000052,75.72326,197,49
1970-01-01 00:00:00.000000053,75.67919,197,49
1970-01-01 00:00:00.000000054,75.3408,197,49
1970-01-01 00:00:00.000000055,75.57192,197,49
1970-01-01 00:00:00.000000051,76.078545,197,50
1970-01-01 00:00:00.000000052,76.03322,197,50
1970-01-01 00:00:00.000000053,76.129295,197,50
1970-01-01 00:00:00.000000054,76.14175,197,50
1970-01-01 00:00:00.000000055,75.87107,197,50
1970-01-01 00:00:00.000000056,76.09558,197,50
1970-01-01 00:00:00.000000052,76.258896,197,51
1970-01-01 00:00:00.000000053,76.285545,197,51
1970-01-01 00:00:00.000000054,76.41347,197,51
1970-01-01 00:00:00.000000055,76.377846,197,51
1970-01-01 00:00:00.000000056,76.17017,197,51
1970-01-01 00:00:00.000000057,76.370445,197,51
1970-01-01 00:00:00.000000053,76.20888,197,52
1970-01-01 00:00:00.000000054,76.33618,197,52
1970-01-01 00:00:00.000000055,76.369026,197,52
1970-01-01 00:00:00.000000056,76.4018,197,52
1970-01-01 00:00:00.000000057,76.30008,197,52
1970-01-01 00:00:00.000000058,76.206406,197,52
1970-01-01 00:00:00.000000054,76.00882,197,53
1970-01-01 00:00:00.000000055,76.0054,197,53
1970-01-01 00:00:00.000000056,76.06826,197,53
1970-01-01 00:00:00.000000057,76.12021,197,53
1970-01-01 00:00:00.000000058,75.91501,197,53
1970-01-01 00:00:00.000000059,76.0001,197,53
1970-01-01 00:00:00.000000055,75.424225,197,54
1970-01-01 00:00:00.000000056,75.49767,197,54
1970-01-01 00:00:00.000000057,75.527596,197,54
1970-01-01 00:00:00.000000058,75.42775,197,54
1970-01-01 00:00:00.000000059,75.20861,197,54
1970-01-01 00:00:00.000000060,75.36885,197,54
1970-01-01 00:00:00.000000007,74.893875,198,6
1970-01-01 00:00:00.000000008,75.042175,198,6
1970-01-01 00:00:00.000000009,75.117065,198,6
1970-01-01 00:00:00.000000010,75.16424,198,6
1970-01-01 00:00:00.000000011,75.09499,198,6
1970-01-01 00:00:00.000000012,75.16697,198,6
1970-01-01 00:00:00.000000008,75.22081,198,7
1970-01-01 00:00:00.000000009,75.36653,198,7
1970-01-01 00:00:00.000000010,75.415855,198,7
1970-01-01 00:00:00.000000011,75.46544,198,7
1970-01-01 00:00:00.000000012,75.3993,198,7
1970-01-01 00:00:00.000000013,75.36971,198,7
1970-01-01 00:00:00.000000009,74.71174,198,8
1970-01-01 00:00:00.000000010,74.70983,198,8
1970-01-01 00:00:00.000000011,74.734825,198,8
1970-01-01 00:00:00.000000012,74.75613,198,8
1970-01-01 00:00:00.000000013,74.5357,198,8
1970-01-01 00:00:00.000000014,74.638176,198,8
1970-01-01 00:00:00.000000010,74.32109,198,9
1970-01-01 00:00:00.000000011,74.41425,198,9
1970-01-01 00:00:00.000000012,74.373375,198,9
1970-01-01 00:00:00.000000013,74.418335,198,9
1970-01-01 00:00:00.000000014,74.11803,198,9
1970-01-01 00:00:00.000000015,74.30294,198,9
1970-01-01 00:00:00.000000011,74.19485,198,10
1970-01-01 00:00:00.000000012,74.21136,198,10
1970-01-01 00:00:00.000000013,74.26347,198,10
1970-01-01 00:00:00.000000014,74.1865,198,10
1970-01-01 00:00:00.000000015,73.864655,198,10
1970-01-01 00:00:00.000000016,74.22193,198,10
1970-01-01 00:00:00.000000012,74.751,198,11
1970-01-01 00:00:00.000000013,74.8294,198,11
1970-01-01 00:00:00.000000014,74.91714,198,11
1970-01-01 00:00:00.000000015,74.79881,198,11
1970-01-01 00:00:00.000000016,74.60453,198,11
1970-01-01 00:00:00.000000017,74.756035,198,11
1970-01-01 00:00:00.000000013,74.75172,198,12
1970-01-01 00:00:00.000000014,74.80671,198,12
1970-01-01 00:00:00.000000015,75.004,198,12
1970-01-01 00:00:00.000000016,74.8177,198,12
1970-01-01 00:00:00.000000017,74.66551,198,12
1970-01-01 00:00:00.000000018,74.87437,198,12
1970-01-01 00:00:00.000000014,75.01942,198,13
1970-01-01 00:00:00.000000015,75.175545,198,13
1970-01-01 00:00:00.000000016,75.19328,198,13
1970-01-01 00:00:00.000000017,75.23764,198,13
1970-01-01 00:00:00.000000018,75.18077,198,13
1970-01-01 00:00:00.000000019,75.07848,198,13
1970-01-01 00:00:00.000000015,75.07947,198,14
1970-01-01 00:00:00.000000016,75.0655,198,14
1970-01-01 00:00:00.000000017,75.15085,198,14
1970-01-01 00:00:00.000000018,75.22127,198,14
1970-01-01 00:00:00.000000019,75.03237,198,14
1970-01-01 00:00:00.000000020,75.163,198,14
1970-01-01 00:00:00.000000016,75.03068,198,15
1970-01-01 00:00:00.000000017,75.119,198,15
1970-01-01 00:00:00.000000018,75.13682,198,15
1970-01-01 00:00:00.000000019,75.20471,198,15
1970-01-01 00:00:00.000000020,75.012115,198,15
1970-01-01 00:00:00.000000021,75.02862,198,15
1970-01-01 00:00:00.000000017,75.16681,198,16
1970-01-01 00:00:00.000000018,75.17204,198,16
1970-01-01 00:00:00.000000019,75.22525,198,16
1970-01-01 00:00:00.000000020,75.32038,198,16
1970-01-01 00:00:00.000000021,75.089134,198,16
1970-01-01 00:00:00.000000022,75.23914,198,16
1970-01-01 00:00:00.000000018,75.10561,198,17
1970-01-01 00:00:00.000000019,75.14203,198,17
1970-01-01 00:00:00.000000020,75.21001,198,17
1970-01-01 00:00:00.000000021,75.243095,198,17
1970-01-01 00:00:00.000000022,74.98219,198,17
1970-01-01 00:00:00.000000023,75.12482,198,17
1970-01-01 00:00:00.000000019,75.466644,198,18
1970-01-01 00:00:00.000000020,75.59096,198,18
1970-01-01 00:00:00.000000021,75.62492,198,18
1970-01-01 00:00:00.000000022,75.68721,198,18
1970-01-01 00:00:00.000000023,75.589035,198,18
1970-01-01 00:00:00.000000024,75.62347,198,18
1970-01-01 00:00:00.000000020,75.143906,198,19
1970-01-01 00:00:00.000000021,75.195564,198,19
1970-01-01 00:00:00.000000022,75.28983,198,19
1970-01-01 00:00:00.000000023,75.279175,198,19
1970-01-01 00:00:00.000000024,75.02781,198,19
1970-01-01 00:00:00.000000025,75.17177,198,19
1970-01-01 00:00:00.000000021,75.32343,198,20
1970-01-01 00:00:00.000000022,75.423164,198,20
1970-01-01 00:00:00.000000023,75.39164,198,20
1970-01-01 00:00:00.000000024,75.495804,198,20
1970-01-01 00:00:00.000000025,75.36093,198,20
1970-01-01 00:00:00.000000026,75.278595,198,20
1970-01-01 00:00:00.000000022,75.133286,198,21
1970-01-01 00:00:00.000000023,75.02991,198,21
1970-01-01 00:00:00.000000024,75.162674,198,21
1970-01-01 00:00:00.000000025,75.15881,198,21
1970-01-01 00:00:00.000000026,74.77559,198,21
1970-01-01 00:00:00.000000027,75.21074,198,21
1970-01-01 00:00:00.000000023,74.89676,198,22
1970-01-01 00:00:00.000000024,75.022644,198,22
1970-01-01 00:00:00.000000025,75.07162,198,22
1970-01-01 00:00:00.000000026,74.973335,198,22
1970-01-01 00:00:00.000000027,74.739746,198,22
1970-01-01 00:00:00.000000028,74.76451,198,22
1970-01-01 00:00:00.000000024,75.03902,198,23
1970-01-01 00:00:00.000000025,74.95066,198,23
1970-01-01 00:00:00.000000026,75.07295,198,23
1970-01-01 00:00:00.000000027,75.06037,198,23
1970-01-01 00:00:00.000000028,74.77516,198,23
1970-01-01 00:00:00.000000029,75.05501,198,23
1970-01-01 00:00:00.000000025,74.37363,198,24
1970-01-01 00:00:00.000000026,74.47384,198,24
1970-01-01 00:00:00.000000027,74.50708,198,24
1970-01-01 00:00:00.000000028,74.3256,198,24
1970-01-01 00:00:00.000000029,74.160034,198,24
1970-01-01 00:00:00.000000030,74.30038,198,24
1970-01-01 00:00:00.000000026,74.43241,198,25
1970-01-01 00:00:00.000000027,74.49013,198,25
1970-01-01 00:00:00.000000028,74.52108,198,25
1970-01-01 00:00:00.000000029,74.459175,198,25
1970-01-01 00:00:00.000000030,74.30037,198,25
1970-01-01 00:00:00.000000031,74.39163,198,25
1970-01-01 00:00:00.000000027,75.017265,198,26
1970-01-01 00:00:00.000000028,74.92994,198,26
1970-01-01 00:00:00.000000029,75.128815,198,26
1970-01-01 00:00:00.000000030,75.02525,198,26
1970-01-01 00:00:00.000000031,74.77081,198,26
1970-01-01 00:00:00.000000032,75.16979,198,26
1970-01-01 00:00:00.000000028,75.1851,198,27
1970-01-01 00:00:00.000000029,75.462456,198,27
1970-01-01 00:00:00.000000030,75.49937,198,27
1970-01-01 00:00:00.000000031,75.44368,198,27
1970-01-01 00:00:00.000000032,75.40957,198,27
1970-01-01 00:00:00.000000033,75.37029,198,27
1970-01-01 00:00:00.000000029,75.21418,198,28
1970-01-01 00:00:00.000000030,75.28984,198,28
1970-01-01 00:00:00.000000031,75.30092,198,28
1970-01-01 00:00:00.000000032,75.35493,198,28
1970-01-01 00:00:00.000000033,75.285225,198,28
1970-01-01 00:00:00.000000034,75.214935,198,28
1970-01-01 00:00:00.000000030,74.45808,198,29
1970-01-01 00:00:00.000000031,74.524605,198,29
1970-01-01 00:00:00.000000032,74.55489,198,29
1970-01-01 00:00:00.000000033,74.492516,198,29
1970-01-01 00:00:00.000000034,74.30782,198,29
1970-01-01 00:00:00.000000035,74.406006,198,29
1970-01-01 00:00:00.000000031,74.26427,198,30
1970-01-01 00:00:00.000000032,74.31784,198,30
1970-01-01 00:00:00.000000033,74.32444,198,30
1970-01-01 00:00:00.000000034,74.261604,198,30
1970-01-01 00:00:00.000000035,74.03472,198,30
1970-01-01 00:00:00.000000036,74.23348,198,30
1970-01-01 00:00:00.000000032,74.549904,198,31
1970-01-01 00:00:00.000000033,74.541245,198,31
1970-01-01 00:00:00.000000034,74.63247,198,31
1970-01-01 00:00:00.000000035,74.54486,198,31
1970-01-01 00:00:00.000000036,74.28838,198,31
1970-01-01 00:00:00.000000037,74.57658,198,31
1970-01-01 00:00:00.000000033,75.00256,198,32
1970-01-01 00:00:00.000000034,75.14657,198,32
1970-01-01 00:00:00.000000035,75.29989,198,32
1970-01-01 00:00:00.000000036,75.13792,198,32
1970-01-01 00:00:00.000000037,75.0451,198,32
1970-01-01 00:00:00.000000038,75.18652,198,32
1970-01-01 00:00:00.000000034,75.012215,198,33
1970-01-01 00:00:00.000000035,75.1735,198,33
1970-01-01 00:00:00.000000036,75.242546,198,33
1970-01-01 00:00:00.000000037,75.217705,198,33
1970-01-01 00:00:00.000000038,75.14924,198,33
1970-01-01 00:00:00.000000039,75.084885,198,33
1970-01-01 00:00:00.000000035,75.1472,198,34
1970-01-01 00:00:00.000000036,75.19374,198,34
1970-01-01 00:00:00.000000037,75.20486,198,34
1970-01-01 00:00:00.000000038,75.28651,198,34
1970-01-01 00:00:00.000000039,75.20602,198,34
1970-01-01 00:00:00.000000040,75.15467,198,34
1970-01-01 00:00:00.000000036,74.70071,198,35
1970-01-01 00:00:00.000000037,74.700874,198,35
1970-01-01 00:00:00.000000038,74.77573,198,35
1970-01-01 00:00:00.000000039,74.773056,198,35
1970-01-01 00:00:00.000000040,74.453064,198,35
1970-01-01 00:00:00.000000041,74.74379,198,35
1970-01-01 00:00:00.000000037,74.13955,198,36
1970-01-01 00:00:00.000000038,74.27127,198,36
1970-01-01 00:00:00.000000039,74.27099,198,36
1970-01-01 00:00:00.000000040,74.14146,198,36
1970-01-01 00:00:00.000000041,73.96186,198,36
1970-01-01 00:00:00.000000042,74.04492,198,36
1970-01-01 00:00:00.000000038,73.563835,198,37
1970-01-01 00:00:00.000000039,73.67011,198,37
1970-01-01 00:00:00.000000040,73.64247,198,37
1970-01-01 00:00:00.000000041,73.51685,198,37
1970-01-01 00:00:00.000000042,73.41831,198,37
1970-01-01 00:00:00.000000043,73.48909,198,37
1970-01-01 00:00:00.000000039,73.16097,198,38
1970-01-01 00:00:00.000000040,73.2255,198,38
1970-01-01 00:00:00.000000041,73.16352,198,38
1970-01-01 00:00:00.000000042,73.060074,198,38
1970-01-01 00:00:00.000000043,72.91357,198,38
1970-01-01 00:00:00.000000044,73.082954,198,38
1970-01-01 00:00:00.000000040,72.880135,198,39
1970-01-01 00:00:00.000000041,72.94903,198,39
1970-01-01 00:00:00.000000042,72.91315,198,39
1970-01-01 00:00:00.000000043,72.740585,198,39
1970-01-01 00:00:00.000000044,72.604904,198,39
1970-01-01 00:00:00.000000045,72.84538,198,39
1970-01-01 00:00:00.000000041,72.32664,198,40
1970-01-01 00:00:00.000000042,72.44477,198,40
1970-01-01 00:00:00.000000043,72.35728,198,40
1970-01-01 00:00:00.000000044,72.114746,198,40
1970-01-01 00:00:00.000000045,72.05281,198,40
1970-01-01 00:00:00.000000046,72.19382,198,40
1970-01-01 00:00:00.000000042,71.94262,198,41
1970-01-01 00:00:00.000000043,72.00356,198,41
1970-01-01 00:00:00.000000044,71.91255,198,41
1970-01-01 00:00:00.000000045,71.76056,198,41
1970-01-01 00:00:00.000000046,71.661766,198,41
1970-01-01 00:00:00.000000047,71.83836,198,41
1970-01-01 00:00:00.000000043,71.769325,198,42
1970-01-01 00:00:00.000000044,71.81203,198,42
1970-01-01 00:00:00.000000045,71.78398,198,42
1970-01-01 00:00:00.000000046,71.61973,198,42
1970-01-01 00:00:00.000000047,71.48471,198,42
1970-01-01 00:00:00.000000048,71.75012,198,42
1970-01-01 00:00:00.000000044,70.99536,198,43
1970-01-01 00:00:00.000000045,71.114,198,43
1970-01-01 00:00:00.000000046,71.00556,198,43
1970-01-01 00:00:00.000000047,70.76806,198,43
1970-01-01 00:00:00.000000048,70.70019,198,43
1970-01-01 00:00:00.000000049,70.843,198,43
1970-01-01 00:00:00.000000045,70.38534,198,44
1970-01-01 00:00:00.000000046,70.47144,198,44
1970-01-01 00:00:00.000000047,70.33038,198,44
1970-01-01 00:00:00.000000048,70.18604,198,44
1970-01-01 00:00:00.000000049,70.090034,198,44
1970-01-01 00:00:00.000000050,70.21978,198,44
1970-01-01 00:00:00.000000046,69.791016,198,45
1970-01-01 00:00:00.000000047,69.83128,198,45
1970-01-01 00:00:00.000000048,69.7332,198,45
1970-01-01 00:00:00.000000049,69.58426,198,45
1970-01-01 00:00:00.000000050,69.391266,198,45
1970-01-01 00:00:00.000000051,69.671425,198,45
1970-01-01 00:00:00.000000047,69.324005,198,46
1970-01-01 00:00:00.000000048,69.43409,198,46
1970-01-01 00:00:00.000000049,69.34426,198,46
1970-01-01 00:00:00.000000050,69.091835,198,46
1970-01-01 00:00:00.000000051,68.994576,198,46
1970-01-01 00:00:00.000000052,69.20444,198,46
1970-01-01 00:00:00.000000048,68.82756,198,47
1970-01-01 00:00:00.000000049,68.937256,198,47
1970-01-01 00:00:00.000000050,68.83695,198,47
1970-01-01 00:00:00.000000051,68.560326,198,47
1970-01-01 00:00:00.000000052,68.45493,198,47
1970-01-01 00:00:00.000000053,68.75279,198,47
1970-01-01 00:00:00.000000049,68.212265,198,48
1970-01-01 00:00:00.000000050,68.26507,198,48
1970-01-01 00:00:00.000000051,68.08122,198,48
1970-01-01 00:00:00.000000052,67.85472,198,48
1970-01-01 00:00:00.000000053,67.76354,198,48
1970-01-01 00:00:00.000000054,67.951294,198,48
1970-01-01 00:00:00.000000050,67.89981,198,49
1970-01-01 00:00:00.000000051,67.93544,198,49
1970-01-01 00:00:00.000000052,67.83276,198,49
1970-01-01 00:00:00.000000053,67.66488,198,49
1970-01-01 00:00:00.000000054,67.53306,198,49
1970-01-01 00:00:00.000000055,67.7825,198,49
1970-01-01 00:00:00.000000051,66.83467,198,50
1970-01-01 00:00:00.000000052,66.97131,198,50
1970-01-01 00:00:00.000000053,66.801414,198,50
1970-01-01 00:00:00.000000054,66.5373,198,50
1970-01-01 00:00:00.000000055,66.42561,198,50
1970-01-01 00:00:00.000000056,66.65025,198,50
1970-01-01 00:00:00.000000052,65.58616,198,51
1970-01-01 00:00:00.000000053,65.80326,198,51
1970-01-01 00:00:00.000000054,65.55124,198,51
1970-01-01 00:00:00.000000055,65.320564,198,51
1970-01-01 00:00:00.000000056,65.219406,198,51
1970-01-01 00:00:00.000000057,65.33115,198,51
1970-01-01 00:00:00.000000053,64.962204,198,52
1970-01-01 00:00:00.000000054,65.019844,198,52
1970-01-01 00:00:00.000000055,64.85569,198,52
1970-01-01 00:00:00.000000056,64.68823,198,52
1970-01-01 00:00:00.000000057,64.44289,198,52
1970-01-01 00:00:00.000000058,64.90415,198,52
1970-01-01 00:00:00.000000054,64.20248,198,53
1970-01-01 00:00:00.000000055,64.388245,198,53
1970-01-01 00:00:00.000000056,64.232956,198,53
1970-01-01 00:00:00.000000057,63.840202,198,53
1970-01-01 00:00:00.000000058,63.7127,198,53
1970-01-01 00:00:00.000000059,64.094246,198,53
1970-01-01 00:00:00.000000055,63.704044,198,54
1970-01-01 00:00:00.000000056,63.888363,198,54
1970-01-01 00:00:00.000000057,63.754833,198,54
1970-01-01 00:00:00.000000058,63.398056,198,54
1970-01-01 00:00:00.000000059,63.366405,198,54
1970-01-01 00:00:00.000000060,63.6059,198,54
1970-01-01 00:00:00.000000007,59.682686,199,6
1970-01-01 00:00:00.000000008,59.731285,199,6
1970-01-01 00:00:00.000000009,59.772194,199,6
1970-01-01 00:00:00.000000010,59.526432,199,6
1970-01-01 00:00:00.000000011,59.41113,199,6
1970-01-01 00:00:00.000000012,59.67624,199,6
1970-01-01 00:00:00.000000008,59.141724,199,7
1970-01-01 00:00:00.000000009,59.276203,199,7
1970-01-01 00:00:00.000000010,59.178032,199,7
1970-01-01 00:00:00.000000011,58.99708,199,7
1970-01-01 00:00:00.000000012,58.953342,199,7
1970-01-01 00:00:00.000000013,58.961754,199,7
1970-01-01 00:00:00.000000009,59.025658,199,8
1970-01-01 00:00:00.000000010,59.001297,199,8
1970-01-01 00:00:00.000000011,58.982914,199,8
1970-01-01 00:00:00.000000012,58.909164,199,8
1970-01-01 00:00:00.000000013,58.746487,199,8
1970-01-01 00:00:00.000000014,59.016727,199,8
1970-01-01 00:00:00.000000010,59.06223,199,9
1970-01-01 00:00:00.000000011,59.168415,199,9
1970-01-01 00:00:00.000000012,59.22018,199,9
1970-01-01 00:00:00.000000013,59.03734,199,9
1970-01-01 00:00:00.000000014,58.90134,199,9
1970-01-01 00:00:00.000000015,59.12764,199,9
1970-01-01 00:00:00.000000011,58.85133,199,10
1970-01-01 00:00:00.000000012,58.9853,199,10
1970-01-01 00:00:00.000000013,59.029793,199,10
1970-01-01 00:00:00.000000014,58.794983,199,10
1970-01-01 00:00:00.000000015,58.760967,199,10
1970-01-01 00:00:00.000000016,58.820602,199,10
1970-01-01 00:00:00.000000012,58.64109,199,11
1970-01-01 00:00:00.000000013,58.676235,199,11
1970-01-01 00:00:00.000000014,58.709557,199,11
1970-01-01 00:00:00.000000015,58.585518,199,11
1970-01-01 00:00:00.000000016,58.449215,199,11
1970-01-01 00:00:00.000000017,58.612026,199,11
1970-01-01 00:00:00.000000013,58.388866,199,12
1970-01-01 00:00:00.000000014,58.435272,199,12
1970-01-01 00:00:00.000000015,58.43176,199,12
1970-01-01 00:00:00.000000016,58.2939,199,12
1970-01-01 00:00:00.000000017,58.16261,199,12
1970-01-01 00:00:00.000000018,58.325123,199,12
1970-01-01 00:00:00.000000014,58.497967,199,13
1970-01-01 00:00:00.000000015,58.554436,199,13
1970-01-01 00:00:00.000000016,58.604584,199,13
1970-01-01 00:00:00.000000017,58.494003,199,13
1970-01-01 00:00:00.000000018,58.36081,199,13
1970-01-01 00:00:00.000000019,58.521164,199,13
1970-01-01 00:00:00.000000015,59.017998,199,14
1970-01-01 00:00:00.000000016,59.05946,199,14
1970-01-01 00:00:00.000000017,59.245316,199,14
1970-01-01 00:00:00.000000018,59.083412,199,14
1970-01-01 00:00:00.000000019,58.926964,199,14
1970-01-01 00:00:00.000000020,59.182827,199,14
1970-01-01 00:00:00.000000016,58.835014,199,15
1970-01-01 00:00:00.000000017,58.994892,199,15
1970-01-01 00:00:00.000000018,59.112812,199,15
1970-01-01 00:00:00.000000019,58.961315,199,15
1970-01-01 00:00:00.000000020,58.866554,199,15
1970-01-01 00:00:00.000000021,58.858925,199,15
1970-01-01 00:00:00.000000017,58.00059,199,16
1970-01-01 00:00:00.000000018,58.084244,199,16
1970-01-01 00:00:00.000000019,58.07873,199,16
1970-01-01 00:00:00.000000020,57.93834,199,16
1970-01-01 00:00:00.000000021,57.85817,199,16
1970-01-01 00:00:00.000000022,57.861805,199,16
1970-01-01 00:00:00.000000018,57.787228,199,17
1970-01-01 00:00:00.000000019,57.829544,199,17
1970-01-01 00:00:00.000000020,57.825417,199,17
1970-01-01 00:00:00.000000021,57.76403,199,17
1970-01-01 00:00:00.000000022,57.599865,199,17
1970-01-01 00:00:00.000000023,57.769405,199,17
1970-01-01 00:00:00.000000019,57.743008,199,18
1970-01-01 00:00:00.000000020,57.805527,199,18
1970-01-01 00:00:00.000000021,57.84061,199,18
1970-01-01 00:00:00.000000022,57.70763,199,18
1970-01-01 00:00:00.000000023,57.507362,199,18
1970-01-01 00:00:00.000000024,57.771217,199,18
1970-01-01 00:00:00.000000020,57.76682,199,19
1970-01-01 00:00:00.000000021,57.937065,199,19
1970-01-01 00:00:00.000000022,58.00542,199,19
1970-01-01 00:00:00.000000023,57.79016,199,19
1970-01-01 00:00:00.000000024,57.729374,199,19
1970-01-01 00:00:00.000000025,57.810875,199,19
1970-01-01 00:00:00.000000021,58.166855,199,20
1970-01-01 00:00:00.000000022,58.21968,199,20
1970-01-01 00:00:00.000000023,58.40407,199,20
1970-01-01 00:00:00.000000024,58.256943,199,20
1970-01-01 00:00:00.000000025,58.147312,199,20
1970-01-01 00:00:00.000000026,58.320694,199,20
1970-01-01 00:00:00.000000022,58.17879,199,21
1970-01-01 00:00:00.000000023,58.24228,199,21
1970-01-01 00:00:00.000000024,58.38739,199,21
1970-01-01 00:00:00.000000025,58.276882,199,21
1970-01-01 00:00:00.000000026,58.114906,199,21
1970-01-01 00:00:00.000000027,58.221542,199,21
1970-01-01 00:00:00.000000023,58.325764,199,22
1970-01-01 00:00:00.000000024,58.38408,199,22
1970-01-01 00:00:00.000000025,58.421333,199,22
1970-01-01 00:00:00.000000026,58.479053,199,22
1970-01-01 00:00:00.000000027,58.343925,199,22
1970-01-01 00:00:00.000000028,58.31222,199,22
1970-01-01 00:00:00.000000024,58.520138,199,23
1970-01-01 00:00:00.000000025,58.5053,199,23
1970-01-01 00:00:00.000000026,58.585896,199,23
1970-01-01 00:00:00.000000027,58.66473,199,23
1970-01-01 00:00:00.000000028,58.42722,199,23
1970-01-01 00:00:00.000000029,58.63812,199,23
1970-01-01 00:00:00.000000025,58.751556,199,24
1970-01-01 00:00:00.000000026,58.920937,199,24
1970-01-01 00:00:00.000000027,58.949574,199,24
1970-01-01 00:00:00.000000028,58.995106,199,24
1970-01-01 00:00:00.000000029,58.904755,199,24
1970-01-01 00:00:00.000000030,58.92227,199,24
1970-01-01 00:00:00.000000026,58.868793,199,25
1970-01-01 00:00:00.000000027,58.964603,199,25
1970-01-01 00:00:00.000000028,58.997406,199,25
1970-01-01 00:00:00.000000029,59.05015,199,25
1970-01-01 00:00:00.000000030,58.96805,199,25
1970-01-01 00:00:00.000000031,58.948444,199,25
1970-01-01 00:00:00.000000027,59.107883,199,26
1970-01-01 00:00:00.000000028,59.18509,199,26
1970-01-01 00:00:00.000000029,59.227676,199,26
1970-01-01 00:00:00.000000030,59.296124,199,26
1970-01-01 00:00:00.000000031,59.212715,199,26
1970-01-01 00:00:00.000000032,59.20561,199,26
1970-01-01 00:00:00.000000028,59.19409,199,27
1970-01-01 00:00:00.000000029,59.25,199,27
1970-01-01 00:00:00.000000030,59.29535,199,27
1970-01-01 00:00:00.000000031,59.364315,199,27
1970-01-01 00:00:00.000000032,59.180454,199,27
1970-01-01 00:00:00.000000033,59.27263,199,27
1970-01-01 00:00:00.000000029,59.677677,199,28
1970-01-01 00:00:00.000000030,59.877007,199,28
1970-01-01 00:00:00.000000031,59.918495,199,28
1970-01-01 00:00:00.000000032,59.993267,199,28
1970-01-01 00:00:00.000000033,59.922764,199,28
1970-01-01 00:00:00.000000034,59.92153,199,28
1970-01-01 00:00:00.000000030,59.97148,199,29
1970-01-01 00:00:00.000000031,60.090298,199,29
1970-01-01 00:00:00.000000032,60.186077,199,29
1970-01-01 00:00:00.000000033,60.23983,199,29
1970-01-01 00:00:00.000000034,60.114414,199,29
1970-01-01 00:00:00.000000035,60.175896,199,29
1970-01-01 00:00:00.000000031,60.073902,199,30
1970-01-01 00:00:00.000000032,60.168205,199,30
1970-01-01 00:00:00.000000033,60.20435,199,30
1970-01-01 00:00:00.000000034,60.253548,199,30
1970-01-01 00:00:00.000000035,60.141747,199,30
1970-01-01 00:00:00.000000036,60.097416,199,30
1970-01-01 00:00:00.000000032,60.589394,199,31
1970-01-01 00:00:00.000000033,60.67071,199,31
1970-01-01 00:00:00.000000034,60.767094,199,31
1970-01-01 00:00:00.000000035,60.8565,199,31
1970-01-01 00:00:00.000000036,60.74097,199,31
1970-01-01 00:00:00.000000037,60.832863,199,31
1970-01-01 00:00:00.000000033,61.083782,199,32
1970-01-01 00:00:00.000000034,61.333252,199,32
1970-01-01 00:00:00.000000035,61.419792,199,32
1970-01-01 00:00:00.000000036,61.494736,199,32
1970-01-01 00:00:00.000000037,61.33812,199,32
1970-01-01 00:00:00.000000038,61.4103,199,32
1970-01-01 00:00:00.000000034,61.707684,199,33
1970-01-01 00:00:00.000000035,61.946487,199,33
1970-01-01 00:00:00.000000036,62.0391,199,33
1970-01-01 00:00:00.000000037,62.111263,199,33
1970-01-01 00:00:00.000000038,62.031525,199,33
1970-01-01 00:00:00.000000039,62.03074,199,33
1970-01-01 00:00:00.000000035,62.34018,199,34
1970-01-01 00:00:00.000000036,62.457344,199,34
1970-01-01 00:00:00.000000037,62.627396,199,34
1970-01-01 00:00:00.000000038,62.696373,199,34
1970-01-01 00:00:00.000000039,62.549793,199,34
1970-01-01 00:00:00.000000040,62.63582,199,34
1970-01-01 00:00:00.000000036,62.782894,199,35
1970-01-01 00:00:00.000000037,62.898067,199,35
1970-01-01 00:00:00.000000038,63.030853,199,35
1970-01-01 00:00:00.000000039,63.091682,199,35
1970-01-01 00:00:00.000000040,62.89894,199,35
1970-01-01 00:00:00.000000041,62.94546,199,35
1970-01-01 00:00:00.000000037,63.00171,199,36
1970-01-01 00:00:00.000000038,63.083954,199,36
1970-01-01 00:00:00.000000039,63.179745,199,36
1970-01-01 00:00:00.000000040,63.271023,199,36
1970-01-01 00:00:00.000000041,63.00945,199,36
1970-01-01 00:00:00.000000042,63.133743,199,36
1970-01-01 00:00:00.000000038,63.680134,199,37
1970-01-01 00:00:00.000000039,63.88769,199,37
1970-01-01 00:00:00.000000040,63.979713,199,37
1970-01-01 00:00:00.000000041,64.09541,199,37
1970-01-01 00:00:00.000000042,63.86427,199,37
1970-01-01 00:00:00.000000043,63.968166,199,37
1970-01-01 00:00:00.000000039,64.29013,199,38
1970-01-01 00:00:00.000000040,64.566696,199,38
1970-01-01 00:00:00.000000041,64.68233,199,38
1970-01-01 00:00:00.000000042,64.774605,199,38
1970-01-01 00:00:00.000000043,64.61072,199,38
1970-01-01 00:00:00.000000044,64.68139,199,38
1970-01-01 00:00:00.000000040,64.66652,199,39
1970-01-01 00:00:00.000000041,64.81891,199,39
1970-01-01 00:00:00.000000042,64.934265,199,39
1970-01-01 00:00:00.000000043,64.988884,199,39
1970-01-01 00:00:00.000000044,64.82427,199,39
1970-01-01 00:00:00.000000045,64.84601,199,39
1970-01-01 00:00:00.000000041,64.94306,199,40
1970-01-01 00:00:00.000000042,64.96399,199,40
1970-01-01 00:00:00.000000043,65.08421,199,40
1970-01-01 00:00:00.000000044,65.14446,199,40
1970-01-01 00:00:00.000000045,64.95625,199,40
1970-01-01 00:00:00.000000046,65.03487,199,40
1970-01-01 00:00:00.000000042,65.59336,199,41
1970-01-01 00:00:00.000000043,65.78141,199,41
1970-01-01 00:00:00.000000044,65.879875,199,41
1970-01-01 00:00:00.000000045,65.99873,199,41
1970-01-01 00:00:00.000000046,65.77835,199,41
1970-01-01 00:00:00.000000047,65.89173,199,41
1970-01-01 00:00:00.000000043,65.8828,199,42
1970-01-01 00:00:00.000000044,66.06242,199,42
1970-01-01 00:00:00.000000045,66.15316,199,42
1970-01-01 00:00:00.000000046,66.226326,199,42
1970-01-01 00:00:00.000000047,65.98828,199,42
1970-01-01 00:00:00.000000048,66.057884,199,42
1970-01-01 00:00:00.000000044,66.081215,199,43
1970-01-01 00:00:00.000000045,66.156006,199,43
1970-01-01 00:00:00.000000046,66.22418,199,43
1970-01-01 00:00:00.000000047,66.28673,199,43
1970-01-01 00:00:00.000000048,66.13405,199,43
1970-01-01 00:00:00.000000049,66.13846,199,43
1970-01-01 00:00:00.000000045,66.81709,199,44
1970-01-01 00:00:00.000000046,67.009766,199,44
1970-01-01 00:00:00.000000047,67.132256,199,44
1970-01-01 00:00:00.000000048,67.22705,199,44
1970-01-01 00:00:00.000000049,67.083755,199,44
1970-01-01 00:00:00.000000050,67.21542,199,44
1970-01-01 00:00:00.000000046,67.51107,199,45
1970-01-01 00:00:00.000000047,67.83444,199,45
1970-01-01 00:00:00.000000048,67.95059,199,45
1970-01-01 00:00:00.000000049,68.0377,199,45
1970-01-01 00:00:00.000000050,67.879585,199,45
1970-01-01 00:00:00.000000051,67.93859,199,45
1970-01-01 00:00:00.000000047,68.25902,199,46
1970-01-01 00:00:00.000000048,68.481415,199,46
1970-01-01 00:00:00.000000049,68.63187,199,46
1970-01-01 00:00:00.000000050,68.70081,199,46
1970-01-01 00:00:00.000000051,68.57259,199,46
1970-01-01 00:00:00.000000052,68.59503,199,46
1970-01-01 00:00:00.000000048,68.86172,199,47
1970-01-01 00:00:00.000000049,68.903496,199,47
1970-01-01 00:00:00.000000050,69.11251,199,47
1970-01-01 00:00:00.000000051,69.17514,199,47
1970-01-01 00:00:00.000000052,68.96944,199,47
1970-01-01 00:00:00.000000053,69.08083,199,47
1970-01-01 00:00:00.000000049,68.349,199,48
1970-01-01 00:00:00.000000050,68.47707,199,48
1970-01-01 00:00:00.000000051,68.49318,199,48
1970-01-01 00:00:00.000000052,68.55921,199,48
1970-01-01 00:00:00.000000053,68.10273,199,48
1970-01-01 00:00:00.000000054,68.26959,199,48
1970-01-01 00:00:00.000000050,68.80862,199,49
1970-01-01 00:00:00.000000051,68.92604,199,49
1970-01-01 00:00:00.000000052,68.854416,199,49
1970-01-01 00:00:00.000000053,69.069855,199,49
1970-01-01 00:00:00.000000054,68.639656,199,49
1970-01-01 00:00:00.000000055,68.9245,199,49
1970-01-01 00:00:00.000000051,69.17146,199,50
1970-01-01 00:00:00.000000052,69.28457,199,50
1970-01-01 00:00:00.000000053,69.32603,199,50
1970-01-01 00:00:00.000000054,69.47413,199,50
1970-01-01 00:00:00.000000055,68.897545,199,50
1970-01-01 00:00:00.000000056,69.39096,199,50
1970-01-01 00:00:00.000000052,68.75311,199,51
1970-01-01 00:00:00.000000053,69.00514,199,51
1970-01-01 00:00:00.000000054,68.92172,199,51
1970-01-01 00:00:00.000000055,68.92905,199,51
1970-01-01 00:00:00.000000056,68.71847,199,51
1970-01-01 00:00:00.000000057,68.57569,199,51
1970-01-01 00:00:00.000000053,68.2268,199,52
1970-01-01 00:00:00.000000054,68.23112,199,52
1970-01-01 00:00:00.000000055,68.27363,199,52
1970-01-01 00:00:00.000000056,68.22802,199,52
1970-01-01 00:00:00.000000057,68.02753,199,52
1970-01-01 00:00:00.000000058,68.22126,199,52
1970-01-01 00:00:00.000000054,67.9429,199,53
1970-01-01 00:00:00.000000055,68.02129,199,53
1970-01-01 00:00:00.000000056,68.03735,199,53
1970-01-01 00:00:00.000000057,67.92591,199,53
1970-01-01 00:00:00.000000058,67.7039,199,53
1970-01-01 00:00:00.000000059,67.91794,199,53
1970-01-01 00:00:00.000000055,67.518,199,54
1970-01-01 00:00:00.000000056,67.61463,199,54
1970-01-01 00:00:00.000000057,67.56761,199,54
1970-01-01 00:00:00.000000058,67.42106,199,54
1970-01-01 00:00:00.000000059,67.31209,199,54
1970-01-01 00:00:00.000000060,67.419334,199,54
1970-01-01 00:00:00.000000007,58.866543,200,6
1970-01-01 00:00:00.000000008,58.789154,200,6
1970-01-01 00:00:00.000000009,58.909348,200,6
1970-01-01 00:00:00.000000010,58.988487,200,6
1970-01-01 00:00:00.000000011,58.827908,200,6
1970-01-01 00:00:00.000000012,58.81754,200,6
1970-01-01 00:00:00.000000008,59.71162,200,7
1970-01-01 00:00:00.000000009,59.667645,200,7
1970-01-01 00:00:00.000000010,59.879826,200,7
1970-01-01 00:00:00.000000011,59.97239,200,7
1970-01-01 00:00:00.000000012,59.86282,200,7
1970-01-01 00:00:00.000000013,59.78642,200,7
1970-01-01 00:00:00.000000009,59.57216,200,8
1970-01-01 00:00:00.000000010,59.59003,200,8
1970-01-01 00:00:00.000000011,59.763374,200,8
1970-01-01 00:00:00.000000012,59.728004,200,8
1970-01-01 00:00:00.000000013,59.585674,200,8
1970-01-01 00:00:00.000000014,59.5085,200,8
1970-01-01 00:00:00.000000010,59.26454,200,9
1970-01-01 00:00:00.000000011,59.229084,200,9
1970-01-01 00:00:00.000000012,59.279015,200,9
1970-01-01 00:00:00.000000013,59.34019,200,9
1970-01-01 00:00:00.000000014,59.292988,200,9
1970-01-01 00:00:00.000000015,59.085102,200,9
1970-01-01 00:00:00.000000011,59.01538,200,10
1970-01-01 00:00:00.000000012,58.868744,200,10
1970-01-01 00:00:00.000000013,59.069153,200,10
1970-01-01 00:00:00.000000014,59.081383,200,10
1970-01-01 00:00:00.000000015,58.886883,200,10
1970-01-01 00:00:00.000000016,59.107853,200,10
1970-01-01 00:00:00.000000012,59.13653,200,11
1970-01-01 00:00:00.000000013,59.220486,200,11
1970-01-01 00:00:00.000000014,59.335995,200,11
1970-01-01 00:00:00.000000015,59.302174,200,11
1970-01-01 00:00:00.000000016,59.10828,200,11
1970-01-01 00:00:00.000000017,59.07725,200,11
1970-01-01 00:00:00.000000013,59.417484,200,12
1970-01-01 00:00:00.000000014,59.383602,200,12
1970-01-01 00:00:00.000000015,59.525394,200,12
1970-01-01 00:00:00.000000016,59.605167,200,12
1970-01-01 00:00:00.000000017,59.521442,200,12
1970-01-01 00:00:00.000000018,59.434788,200,12
1970-01-01 00:00:00.000000014,59.737892,200,13
1970-01-01 00:00:00.000000015,59.722996,200,13
1970-01-01 00:00:00.000000016,59.864082,200,13
1970-01-01 00:00:00.000000017,59.922703,200,13
1970-01-01 00:00:00.000000018,59.849457,200,13
1970-01-01 00:00:00.000000019,59.72774,200,13
1970-01-01 00:00:00.000000015,59.886047,200,14
1970-01-01 00:00:00.000000016,59.85444,200,14
1970-01-01 00:00:00.000000017,59.981106,200,14
1970-01-01 00:00:00.000000018,60.02506,200,14
1970-01-01 00:00:00.000000019,59.988438,200,14
1970-01-01 00:00:00.000000020,59.835526,200,14
1970-01-01 00:00:00.000000016,59.822063,200,15
1970-01-01 00:00:00.000000017,59.724655,200,15
1970-01-01 00:00:00.000000018,59.89062,200,15
1970-01-01 00:00:00.000000019,59.925594,200,15
1970-01-01 00:00:00.000000020,59.845905,200,15
1970-01-01 00:00:00.000000021,59.742058,200,15
1970-01-01 00:00:00.000000017,59.306267,200,16
1970-01-01 00:00:00.000000018,59.24953,200,16
1970-01-01 00:00:00.000000019,59.367634,200,16
1970-01-01 00:00:00.000000020,59.38989,200,16
1970-01-01 00:00:00.000000021,59.26546,200,16
1970-01-01 00:00:00.000000022,59.258606,200,16
1970-01-01 00:00:00.000000018,60.159477,200,17
1970-01-01 00:00:00.000000019,60.119923,200,17
1970-01-01 00:00:00.000000020,60.299355,200,17
1970-01-01 00:00:00.000000021,60.406094,200,17
1970-01-01 00:00:00.000000022,60.29969,200,17
1970-01-01 00:00:00.000000023,60.220947,200,17
1970-01-01 00:00:00.000000019,60.682384,200,18
1970-01-01 00:00:00.000000020,60.640373,200,18
1970-01-01 00:00:00.000000021,60.90579,200,18
1970-01-01 00:00:00.000000022,60.924232,200,18
1970-01-01 00:00:00.000000023,60.826405,200,18
1970-01-01 00:00:00.000000024,60.752766,200,18
1970-01-01 00:00:00.000000020,59.994183,200,19
1970-01-01 00:00:00.000000021,59.96642,200,19
1970-01-01 00:00:00.000000022,60.052525,200,19
1970-01-01 00:00:00.000000023,59.996048,200,19
1970-01-01 00:00:00.000000024,59.958836,200,19
1970-01-01 00:00:00.000000025,59.83023,200,19
1970-01-01 00:00:00.000000021,59.87068,200,20
1970-01-01 00:00:00.000000022,59.731506,200,20
1970-01-01 00:00:00.000000023,59.85902,200,20
1970-01-01 00:00:00.000000024,60.004917,200,20
1970-01-01 00:00:00.000000025,59.877598,200,20
1970-01-01 00:00:00.000000026,59.894737,200,20
1970-01-01 00:00:00.000000022,60.8278,200,21
1970-01-01 00:00:00.000000023,60.801853,200,21
1970-01-01 00:00:00.000000024,61.105762,200,21
1970-01-01 00:00:00.000000025,61.17657,200,21
1970-01-01 00:00:00.000000026,60.93032,200,21
1970-01-01 00:00:00.000000027,61.02149,200,21
1970-01-01 00:00:00.000000023,60.944263,200,22
1970-01-01 00:00:00.000000024,61.03048,200,22
1970-01-01 00:00:00.000000025,61.105354,200,22
1970-01-01 00:00:00.000000026,61.12347,200,22
1970-01-01 00:00:00.000000027,61.039616,200,22
1970-01-01 00:00:00.000000028,60.79465,200,22
1970-01-01 00:00:00.000000024,61.132504,200,23
1970-01-01 00:00:00.000000025,60.854065,200,23
1970-01-01 00:00:00.000000026,61.10586,200,23
1970-01-01 00:00:00.000000027,61.13502,200,23
1970-01-01 00:00:00.000000028,61.0769,200,23
1970-01-01 00:00:00.000000029,61.01602,200,23
1970-01-01 00:00:00.000000025,61.275986,200,24
1970-01-01 00:00:00.000000026,61.12341,200,24
1970-01-01 00:00:00.000000027,61.440193,200,24
1970-01-01 00:00:00.000000028,61.464836,200,24
1970-01-01 00:00:00.000000029,61.333893,200,24
1970-01-01 00:00:00.000000030,61.29049,200,24
1970-01-01 00:00:00.000000026,61.76889,200,25
1970-01-01 00:00:00.000000027,61.63275,200,25
1970-01-01 00:00:00.000000028,61.928116,200,25
1970-01-01 00:00:00.000000029,61.936974,200,25
1970-01-01 00:00:00.000000030,61.79207,200,25
1970-01-01 00:00:00.000000031,61.647385,200,25
1970-01-01 00:00:00.000000027,61.620224,200,26
1970-01-01 00:00:00.000000028,61.423267,200,26
1970-01-01 00:00:00.000000029,61.73787,200,26
1970-01-01 00:00:00.000000030,61.71132,200,26
1970-01-01 00:00:00.000000031,61.613533,200,26
1970-01-01 00:00:00.000000032,61.556034,200,26
1970-01-01 00:00:00.000000028,62.069878,200,27
1970-01-01 00:00:00.000000029,61.92611,200,27
1970-01-01 00:00:00.000000030,62.24185,200,27
1970-01-01 00:00:00.000000031,62.253952,200,27
1970-01-01 00:00:00.000000032,62.144638,200,27
1970-01-01 00:00:00.000000033,62.01647,200,27
1970-01-01 00:00:00.000000029,62.301064,200,28
1970-01-01 00:00:00.000000030,62.15424,200,28
1970-01-01 00:00:00.000000031,62.460857,200,28
1970-01-01 00:00:00.000000032,62.477386,200,28
1970-01-01 00:00:00.000000033,62.343853,200,28
1970-01-01 00:00:00.000000034,62.26945,200,28
1970-01-01 00:00:00.000000030,62.050793,200,29
1970-01-01 00:00:00.000000031,61.98152,200,29
1970-01-01 00:00:00.000000032,62.183052,200,29
1970-01-01 00:00:00.000000033,62.190147,200,29
1970-01-01 00:00:00.000000034,62.051117,200,29
1970-01-01 00:00:00.000000035,61.945957,200,29
1970-01-01 00:00:00.000000031,61.721676,200,30
1970-01-01 00:00:00.000000032,61.64155,200,30
1970-01-01 00:00:00.000000033,61.776997,200,30
1970-01-01 00:00:00.000000034,61.85873,200,30
1970-01-01 00:00:00.000000035,61.69806,200,30
1970-01-01 00:00:00.000000036,61.74753,200,30
1970-01-01 00:00:00.000000032,62.12443,200,31
1970-01-01 00:00:00.000000033,62.112057,200,31
1970-01-01 00:00:00.000000034,62.27666,200,31
1970-01-01 00:00:00.000000035,62.365505,200,31
1970-01-01 00:00:00.000000036,62.10373,200,31
1970-01-01 00:00:00.000000037,62.183548,200,31
1970-01-01 00:00:00.000000033,62.60772,200,32
1970-01-01 00:00:00.000000034,62.63075,200,32
1970-01-01 00:00:00.000000035,62.78099,200,32
1970-01-01 00:00:00.000000036,62.831055,200,32
1970-01-01 00:00:00.000000037,62.736885,200,32
1970-01-01 00:00:00.000000038,62.61442,200,32
1970-01-01 00:00:00.000000034,62.41452,200,33
1970-01-01 00:00:00.000000035,62.397575,200,33
1970-01-01 00:00:00.000000036,62.490044,200,33
1970-01-01 00:00:00.000000037,62.51533,200,33
1970-01-01 00:00:00.000000038,62.460827,200,33
1970-01-01 00:00:00.000000039,62.296215,200,33
1970-01-01 00:00:00.000000035,62.179913,200,34
1970-01-01 00:00:00.000000036,62.08605,200,34
1970-01-01 00:00:00.000000037,62.2007,200,34
1970-01-01 00:00:00.000000038,62.30919,200,34
1970-01-01 00:00:00.000000039,62.186604,200,34
1970-01-01 00:00:00.000000040,62.130276,200,34
1970-01-01 00:00:00.000000036,62.533306,200,35
1970-01-01 00:00:00.000000037,62.4936,200,35
1970-01-01 00:00:00.000000038,62.661003,200,35
1970-01-01 00:00:00.000000039,62.7698,200,35
1970-01-01 00:00:00.000000040,62.5657,200,35
1970-01-01 00:00:00.000000041,62.59879,200,35
1970-01-01 00:00:00.000000037,62.76654,200,36
1970-01-01 00:00:00.000000038,62.792694,200,36
1970-01-01 00:00:00.000000039,62.92864,200,36
1970-01-01 00:00:00.000000040,62.95986,200,36
1970-01-01 00:00:00.000000041,62.867146,200,36
1970-01-01 00:00:00.000000042,62.73444,200,36
1970-01-01 00:00:00.000000038,62.52515,200,37
1970-01-01 00:00:00.000000039,62.490932,200,37
1970-01-01 00:00:00.000000040,62.601357,200,37
1970-01-01 00:00:00.000000041,62.652073,200,37
1970-01-01 00:00:00.000000042,62.563095,200,37
1970-01-01 00:00:00.000000043,62.425304,200,37
1970-01-01 00:00:00.000000039,62.215843,200,38
1970-01-01 00:00:00.000000040,62.130104,200,38
1970-01-01 00:00:00.000000041,62.27041,200,38
1970-01-01 00:00:00.000000042,62.308395,200,38
1970-01-01 00:00:00.000000043,62.17192,200,38
1970-01-01 00:00:00.000000044,62.196484,200,38
1970-01-01 00:00:00.000000040,61.541634,200,39
1970-01-01 00:00:00.000000041,61.54136,200,39
1970-01-01 00:00:00.000000042,61.6085,200,39
1970-01-01 00:00:00.000000043,61.492546,200,39
1970-01-01 00:00:00.000000044,61.445385,200,39
1970-01-01 00:00:00.000000045,61.458534,200,39
1970-01-01 00:00:00.000000041,61.184433,200,40
1970-01-01 00:00:00.000000042,61.217297,200,40
1970-01-01 00:00:00.000000043,61.204086,200,40
1970-01-01 00:00:00.000000044,61.16208,200,40
1970-01-01 00:00:00.000000045,61.155174,200,40
1970-01-01 00:00:00.000000046,61.103275,200,40
1970-01-01 00:00:00.000000042,61.406902,200,41
1970-01-01 00:00:00.000000043,61.498894,200,41
1970-01-01 00:00:00.000000044,61.468708,200,41
1970-01-01 00:00:00.000000045,61.60733,200,41
1970-01-01 00:00:00.000000046,61.5536,200,41
1970-01-01 00:00:00.000000047,61.553783,200,41
1970-01-01 00:00:00.000000043,61.24628,200,42
1970-01-01 00:00:00.000000044,61.38708,200,42
1970-01-01 00:00:00.000000045,61.32717,200,42
1970-01-01 00:00:00.000000046,61.263123,200,42
1970-01-01 00:00:00.000000047,61.354504,200,42
1970-01-01 00:00:00.000000048,61.21196,200,42
1970-01-01 00:00:00.000000044,60.906208,200,43
1970-01-01 00:00:00.000000045,60.919273,200,43
1970-01-01 00:00:00.000000046,60.851643,200,43
1970-01-01 00:00:00.000000047,60.862976,200,43
1970-01-01 00:00:00.000000048,60.97955,200,43
1970-01-01 00:00:00.000000049,60.76907,200,43
1970-01-01 00:00:00.000000045,60.472145,200,44
1970-01-01 00:00:00.000000046,60.452164,200,44
1970-01-01 00:00:00.000000047,60.44084,200,44
1970-01-01 00:00:00.000000048,60.39586,200,44
1970-01-01 00:00:00.000000049,60.38777,200,44
1970-01-01 00:00:00.000000050,60.405155,200,44
1970-01-01 00:00:00.000000046,60.22111,200,45
1970-01-01 00:00:00.000000047,60.321228,200,45
1970-01-01 00:00:00.000000048,60.24879,200,45
1970-01-01 00:00:00.000000049,60.25868,200,45
1970-01-01 00:00:00.000000050,60.281513,200,45
1970-01-01 00:00:00.000000051,60.18831,200,45
1970-01-01 00:00:00.000000047,60.194603,200,46
1970-01-01 00:00:00.000000048,60.272633,200,46
1970-01-01 00:00:00.000000049,60.207077,200,46
1970-01-01 00:00:00.000000050,60.286667,200,46
1970-01-01 00:00:00.000000051,60.295444,200,46
1970-01-01 00:00:00.000000052,60.254646,200,46
1970-01-01 00:00:00.000000048,60.40272,200,47
1970-01-01 00:00:00.000000049,60.52167,200,47
1970-01-01 00:00:00.000000050,60.48499,200,47
1970-01-01 00:00:00.000000051,60.519604,200,47
1970-01-01 00:00:00.000000052,60.618896,200,47
1970-01-01 00:00:00.000000053,60.429253,200,47
1970-01-01 00:00:00.000000049,59.828926,200,48
1970-01-01 00:00:00.000000050,59.839794,200,48
1970-01-01 00:00:00.000000051,59.78468,200,48
1970-01-01 00:00:00.000000052,59.735264,200,48
1970-01-01 00:00:00.000000053,59.793274,200,48
1970-01-01 00:00:00.000000054,59.700783,200,48
1970-01-01 00:00:00.000000050,59.29133,200,49
1970-01-01 00:00:00.000000051,59.295105,200,49
1970-01-01 00:00:00.000000052,59.248596,200,49
1970-01-01 00:00:00.000000053,59.190403,200,49
1970-01-01 00:00:00.000000054,59.223225,200,49
1970-01-01 00:00:00.000000055,59.141582,200,49
1970-01-01 00:00:00.000000051,58.79265,200,50
1970-01-01 00:00:00.000000052,58.834393,200,50
1970-01-01 00:00:00.000000053,58.77388,200,50
1970-01-01 00:00:00.000000054,58.75962,200,50
1970-01-01 00:00:00.000000055,58.772198,200,50
1970-01-01 00:00:00.000000056,58.738216,200,50
1970-01-01 00:00:00.000000052,58.795418,200,51
1970-01-01 00:00:00.000000053,58.937077,200,51
1970-01-01 00:00:00.000000054,58.82659,200,51
1970-01-01 00:00:00.000000055,58.97194,200,51
1970-01-01 00:00:00.000000056,58.99036,200,51
1970-01-01 00:00:00.000000057,58.880955,200,51
1970-01-01 00:00:00.000000053,58.765877,200,52
1970-01-01 00:00:00.000000054,58.876503,200,52
1970-01-01 00:00:00.000000055,58.779583,200,52
1970-01-01 00:00:00.000000056,58.819626,200,52
1970-01-01 00:00:00.000000057,58.942284,200,52
1970-01-01 00:00:00.000000058,58.794807,200,52
1970-01-01 00:00:00.000000054,58.52248,200,53
1970-01-01 00:00:00.000000055,58.57002,200,53
1970-01-01 00:00:00.000000056,58.47996,200,53
1970-01-01 00:00:00.000000057,58.51301,200,53
1970-01-01 00:00:00.000000058,58.650837,200,53
1970-01-01 00:00:00.000000059,58.43171,200,53
1970-01-01 00:00:00.000000055,58.07295,200,54
1970-01-01 00:00:00.000000056,58.05471,200,54
1970-01-01 00:00:00.000000057,58.003975,200,54
1970-01-01 00:00:00.000000058,57.988575,200,54
1970-01-01 00:00:00.000000059,58.01163,200,54
1970-01-01 00:00:00.000000060,57.984653,200,54
1970-01-01 00:00:00.000000007,59.114952,201,6
1970-01-01 00:00:00.000000008,59.085712,201,6
1970-01-01 00:00:00.000000009,59.218143,201,6
1970-01-01 00:00:00.000000010,59.340496,201,6
1970-01-01 00:00:00.000000011,59.150555,201,6
1970-01-01 00:00:00.000000012,59.16712,201,6
1970-01-01 00:00:00.000000008,58.82921,201,7
1970-01-01 00:00:00.000000009,58.866207,201,7
1970-01-01 00:00:00.000000010,59.06181,201,7
1970-01-01 00:00:00.000000011,58.955166,201,7
1970-01-01 00:00:00.000000012,58.820095,201,7
1970-01-01 00:00:00.000000013,58.843967,201,7
1970-01-01 00:00:00.000000009,58.684566,201,8
1970-01-01 00:00:00.000000010,58.70625,201,8
1970-01-01 00:00:00.000000011,58.73576,201,8
1970-01-01 00:00:00.000000012,58.825066,201,8
1970-01-01 00:00:00.000000013,58.836857,201,8
1970-01-01 00:00:00.000000014,58.500534,201,8
1970-01-01 00:00:00.000000010,58.36963,201,9
1970-01-01 00:00:00.000000011,58.23529,201,9
1970-01-01 00:00:00.000000012,58.37917,201,9
1970-01-01 00:00:00.000000013,58.358315,201,9
1970-01-01 00:00:00.000000014,58.207073,201,9
1970-01-01 00:00:00.000000015,58.390606,201,9
1970-01-01 00:00:00.000000011,58.986584,201,10
1970-01-01 00:00:00.000000012,59.01963,201,10
1970-01-01 00:00:00.000000013,59.130695,201,10
1970-01-01 00:00:00.000000014,59.22512,201,10
1970-01-01 00:00:00.000000015,59.069347,201,10
1970-01-01 00:00:00.000000016,58.963577,201,10
1970-01-01 00:00:00.000000012,59.44319,201,11
1970-01-01 00:00:00.000000013,59.438953,201,11
1970-01-01 00:00:00.000000014,59.595787,201,11
1970-01-01 00:00:00.000000015,59.668175,201,11
1970-01-01 00:00:00.000000016,59.611885,201,11
1970-01-01 00:00:00.000000017,59.504967,201,11
1970-01-01 00:00:00.000000013,59.47322,201,12
1970-01-01 00:00:00.000000014,59.428596,201,12
1970-01-01 00:00:00.000000015,59.535843,201,12
1970-01-01 00:00:00.000000016,59.558838,201,12
1970-01-01 00:00:00.000000017,59.521107,201,12
1970-01-01 00:00:00.000000018,59.37838,201,12
1970-01-01 00:00:00.000000014,59.20689,201,13
1970-01-01 00:00:00.000000015,59.06961,201,13
1970-01-01 00:00:00.000000016,59.256477,201,13
1970-01-01 00:00:00.000000017,59.29536,201,13
1970-01-01 00:00:00.000000018,59.218277,201,13
1970-01-01 00:00:00.000000019,59.157593,201,13
1970-01-01 00:00:00.000000015,59.450676,201,14
1970-01-01 00:00:00.000000016,59.37744,201,14
1970-01-01 00:00:00.000000017,59.563198,201,14
1970-01-01 00:00:00.000000018,59.689743,201,14
1970-01-01 00:00:00.000000019,59.5002,201,14
1970-01-01 00:00:00.000000020,59.486492,201,14
1970-01-01 00:00:00.000000016,59.918495,201,15
1970-01-01 00:00:00.000000017,59.889717,201,15
1970-01-01 00:00:00.000000018,60.10243,201,15
1970-01-01 00:00:00.000000019,60.14965,201,15
1970-01-01 00:00:00.000000020,60.045406,201,15
1970-01-01 00:00:00.000000021,59.93265,201,15
1970-01-01 00:00:00.000000017,60.03406,201,16
1970-01-01 00:00:00.000000018,59.9292,201,16
1970-01-01 00:00:00.000000019,60.126015,201,16
1970-01-01 00:00:00.000000020,60.146004,201,16
1970-01-01 00:00:00.000000021,60.060234,201,16
1970-01-01 00:00:00.000000022,59.94626,201,16
1970-01-01 00:00:00.000000018,60.0926,201,17
1970-01-01 00:00:00.000000019,59.93553,201,17
1970-01-01 00:00:00.000000020,60.18768,201,17
1970-01-01 00:00:00.000000021,60.208332,201,17
1970-01-01 00:00:00.000000022,60.131687,201,17
1970-01-01 00:00:00.000000023,60.04016,201,17
1970-01-01 00:00:00.000000019,59.374256,201,18
1970-01-01 00:00:00.000000020,59.33744,201,18
1970-01-01 00:00:00.000000021,59.477875,201,18
1970-01-01 00:00:00.000000022,59.48806,201,18
1970-01-01 00:00:00.000000023,59.334385,201,18
1970-01-01 00:00:00.000000024,59.39386,201,18
1970-01-01 00:00:00.000000020,59.93756,201,19
1970-01-01 00:00:00.000000021,59.91267,201,19
1970-01-01 00:00:00.000000022,60.030376,201,19
1970-01-01 00:00:00.000000023,60.1866,201,19
1970-01-01 00:00:00.000000024,59.99139,201,19
1970-01-01 00:00:00.000000025,59.93303,201,19
1970-01-01 00:00:00.000000021,59.418983,201,20
1970-01-01 00:00:00.000000022,59.368614,201,20
1970-01-01 00:00:00.000000023,59.552372,201,20
1970-01-01 00:00:00.000000024,59.421764,201,20
1970-01-01 00:00:00.000000025,59.205376,201,20
1970-01-01 00:00:00.000000026,59.42703,201,20
1970-01-01 00:00:00.000000022,59.781307,201,21
1970-01-01 00:00:00.000000023,59.88449,201,21
1970-01-01 00:00:00.000000024,59.92477,201,21
1970-01-01 00:00:00.000000025,60.04158,201,21
1970-01-01 00:00:00.000000026,60.02777,201,21
1970-01-01 00:00:00.000000027,59.643833,201,21
1970-01-01 00:00:00.000000023,59.31317,201,22
1970-01-01 00:00:00.000000024,59.190323,201,22
1970-01-01 00:00:00.000000025,59.333904,201,22
1970-01-01 00:00:00.000000026,59.28815,201,22
1970-01-01 00:00:00.000000027,59.142212,201,22
1970-01-01 00:00:00.000000028,59.34739,201,22
1970-01-01 00:00:00.000000024,59.849285,201,23
1970-01-01 00:00:00.000000025,59.9242,201,23
1970-01-01 00:00:00.000000026,59.99858,201,23
1970-01-01 00:00:00.000000027,60.106277,201,23
1970-01-01 00:00:00.000000028,60.016914,201,23
1970-01-01 00:00:00.000000029,59.76317,201,23
1970-01-01 00:00:00.000000025,59.72157,201,24
1970-01-01 00:00:00.000000026,59.61915,201,24
1970-01-01 00:00:00.000000027,59.83017,201,24
1970-01-01 00:00:00.000000028,59.831177,201,24
1970-01-01 00:00:00.000000029,59.7122,201,24
1970-01-01 00:00:00.000000030,59.78532,201,24
1970-01-01 00:00:00.000000026,59.577538,201,25
1970-01-01 00:00:00.000000027,59.631493,201,25
1970-01-01 00:00:00.000000028,59.716526,201,25
1970-01-01 00:00:00.000000029,59.74204,201,25
1970-01-01 00:00:00.000000030,59.685314,201,25
1970-01-01 00:00:00.000000031,59.448524,201,25
1970-01-01 00:00:00.000000027,58.965572,201,26
1970-01-01 00:00:00.000000028,58.90457,201,26
1970-01-01 00:00:00.000000029,58.972733,201,26
1970-01-01 00:00:00.000000030,58.910305,201,26
1970-01-01 00:00:00.000000031,58.853283,201,26
1970-01-01 00:00:00.000000032,58.902542,201,26
1970-01-01 00:00:00.000000028,59.105103,201,27
1970-01-01 00:00:00.000000029,59.139248,201,27
1970-01-01 00:00:00.000000030,59.17522,201,27
1970-01-01 00:00:00.000000031,59.22119,201,27
1970-01-01 00:00:00.000000032,59.110977,201,27
1970-01-01 00:00:00.000000033,59.119564,201,27
1970-01-01 00:00:00.000000029,59.44478,201,28
1970-01-01 00:00:00.000000030,59.480953,201,28
1970-01-01 00:00:00.000000031,59.601643,201,28
1970-01-01 00:00:00.000000032,59.614136,201,28
1970-01-01 00:00:00.000000033,59.512043,201,28
1970-01-01 00:00:00.000000034,59.555336,201,28
1970-01-01 00:00:00.000000030,59.50238,201,29
1970-01-01 00:00:00.000000031,59.59594,201,29
1970-01-01 00:00:00.000000032,59.65586,201,29
1970-01-01 00:00:00.000000033,59.693714,201,29
1970-01-01 00:00:00.000000034,59.7593,201,29
1970-01-01 00:00:00.000000035,59.437496,201,29
1970-01-01 00:00:00.000000031,59.105705,201,30
1970-01-01 00:00:00.000000032,58.999565,201,30
1970-01-01 00:00:00.000000033,59.124676,201,30
1970-01-01 00:00:00.000000034,59.13927,201,30
1970-01-01 00:00:00.000000035,59.09824,201,30
1970-01-01 00:00:00.000000036,59.043255,201,30
1970-01-01 00:00:00.000000032,59.860355,201,31
1970-01-01 00:00:00.000000033,59.82585,201,31
1970-01-01 00:00:00.000000034,59.973072,201,31
1970-01-01 00:00:00.000000035,60.090687,201,31
1970-01-01 00:00:00.000000036,59.96915,201,31
1970-01-01 00:00:00.000000037,59.90499,201,31
1970-01-01 00:00:00.000000033,59.950523,201,32
1970-01-01 00:00:00.000000034,59.946133,201,32
1970-01-01 00:00:00.000000035,60.119762,201,32
1970-01-01 00:00:00.000000036,60.120636,201,32
1970-01-01 00:00:00.000000037,60.039764,201,32
1970-01-01 00:00:00.000000038,59.953823,201,32
1970-01-01 00:00:00.000000034,59.57727,201,33
1970-01-01 00:00:00.000000035,59.572025,201,33
1970-01-01 00:00:00.000000036,59.618893,201,33
1970-01-01 00:00:00.000000037,59.659485,201,33
1970-01-01 00:00:00.000000038,59.608932,201,33
1970-01-01 00:00:00.000000039,59.395397,201,33
1970-01-01 00:00:00.000000035,59.22448,201,34
1970-01-01 00:00:00.000000036,59.106762,201,34
1970-01-01 00:00:00.000000037,59.26592,201,34
1970-01-01 00:00:00.000000038,59.295654,201,34
1970-01-01 00:00:00.000000039,59.158527,201,34
1970-01-01 00:00:00.000000040,59.262974,201,34
1970-01-01 00:00:00.000000036,59.459595,201,35
1970-01-01 00:00:00.000000037,59.453148,201,35
1970-01-01 00:00:00.000000038,59.596928,201,35
1970-01-01 00:00:00.000000039,59.60537,201,35
1970-01-01 00:00:00.000000040,59.377434,201,35
1970-01-01 00:00:00.000000041,59.46653,201,35
1970-01-01 00:00:00.000000037,59.66129,201,36
1970-01-01 00:00:00.000000038,59.68621,201,36
1970-01-01 00:00:00.000000039,59.8313,201,36
1970-01-01 00:00:00.000000040,59.852543,201,36
1970-01-01 00:00:00.000000041,59.748035,201,36
1970-01-01 00:00:00.000000042,59.662846,201,36
1970-01-01 00:00:00.000000038,59.578697,201,37
1970-01-01 00:00:00.000000039,59.57374,201,37
1970-01-01 00:00:00.000000040,59.69963,201,37
1970-01-01 00:00:00.000000041,59.74653,201,37
1970-01-01 00:00:00.000000042,59.69636,201,37
1970-01-01 00:00:00.000000043,59.535458,201,37
1970-01-01 00:00:00.000000039,59.15541,201,38
1970-01-01 00:00:00.000000040,59.092976,201,38
1970-01-01 00:00:00.000000041,59.2012,201,38
1970-01-01 00:00:00.000000042,59.178814,201,38
1970-01-01 00:00:00.000000043,59.09044,201,38
1970-01-01 00:00:00.000000044,59.08284,201,38
1970-01-01 00:00:00.000000040,59.37403,201,39
1970-01-01 00:00:00.000000041,59.31877,201,39
1970-01-01 00:00:00.000000042,59.450188,201,39
1970-01-01 00:00:00.000000043,59.496677,201,39
1970-01-01 00:00:00.000000044,59.33793,201,39
1970-01-01 00:00:00.000000045,59.366608,201,39
1970-01-01 00:00:00.000000041,59.41397,201,40
1970-01-01 00:00:00.000000042,59.41455,201,40
1970-01-01 00:00:00.000000043,59.58055,201,40
1970-01-01 00:00:00.000000044,59.560223,201,40
1970-01-01 00:00:00.000000045,59.416344,201,40
1970-01-01 00:00:00.000000046,59.4487,201,40
1970-01-01 00:00:00.000000042,59.82732,201,41
1970-01-01 00:00:00.000000043,59.86183,201,41
1970-01-01 00:00:00.000000044,59.956184,201,41
1970-01-01 00:00:00.000000045,60.040905,201,41
1970-01-01 00:00:00.000000046,60.00465,201,41
1970-01-01 00:00:00.000000047,59.7819,201,41
1970-01-01 00:00:00.000000043,58.968464,201,42
1970-01-01 00:00:00.000000044,58.913177,201,42
1970-01-01 00:00:00.000000045,59.014374,201,42
1970-01-01 00:00:00.000000046,58.930916,201,42
1970-01-01 00:00:00.000000047,58.873104,201,42
1970-01-01 00:00:00.000000048,58.884914,201,42
1970-01-01 00:00:00.000000044,59.777233,201,43
1970-01-01 00:00:00.000000045,59.75925,201,43
1970-01-01 00:00:00.000000046,59.84518,201,43
1970-01-01 00:00:00.000000047,60.012444,201,43
1970-01-01 00:00:00.000000048,59.900684,201,43
1970-01-01 00:00:00.000000049,59.753822,201,43
1970-01-01 00:00:00.000000045,59.583443,201,44
1970-01-01 00:00:00.000000046,59.507584,201,44
1970-01-01 00:00:00.000000047,59.771164,201,44
1970-01-01 00:00:00.000000048,59.69233,201,44
1970-01-01 00:00:00.000000049,59.474056,201,44
1970-01-01 00:00:00.000000050,59.668583,201,44
1970-01-01 00:00:00.000000046,59.030354,201,45
1970-01-01 00:00:00.000000047,59.113483,201,45
1970-01-01 00:00:00.000000048,59.105907,201,45
1970-01-01 00:00:00.000000049,59.070408,201,45
1970-01-01 00:00:00.000000050,59.11208,201,45
1970-01-01 00:00:00.000000051,58.745037,201,45
1970-01-01 00:00:00.000000047,58.989513,201,46
1970-01-01 00:00:00.000000048,58.81602,201,46
1970-01-01 00:00:00.000000049,58.9566,201,46
1970-01-01 00:00:00.000000050,58.99095,201,46
1970-01-01 00:00:00.000000051,58.84481,201,46
1970-01-01 00:00:00.000000052,59.014637,201,46
1970-01-01 00:00:00.000000048,58.979668,201,47
1970-01-01 00:00:00.000000049,59.07998,201,47
1970-01-01 00:00:00.000000050,59.162064,201,47
1970-01-01 00:00:00.000000051,59.118443,201,47
1970-01-01 00:00:00.000000052,58.956367,201,47
1970-01-01 00:00:00.000000053,59.006622,201,47
1970-01-01 00:00:00.000000049,59.326633,201,48
1970-01-01 00:00:00.000000050,59.38227,201,48
1970-01-01 00:00:00.000000051,59.46703,201,48
1970-01-01 00:00:00.000000052,59.53177,201,48
1970-01-01 00:00:00.000000053,59.538513,201,48
1970-01-01 00:00:00.000000054,59.322712,201,48
1970-01-01 00:00:00.000000050,59.850304,201,49
1970-01-01 00:00:00.000000051,59.801575,201,49
1970-01-01 00:00:00.000000052,59.961277,201,49
1970-01-01 00:00:00.000000053,60.048096,201,49
1970-01-01 00:00:00.000000054,59.9978,201,49
1970-01-01 00:00:00.000000055,59.882107,201,49
1970-01-01 00:00:00.000000051,59.74772,201,50
1970-01-01 00:00:00.000000052,59.731987,201,50
1970-01-01 00:00:00.000000053,59.84128,201,50
1970-01-01 00:00:00.000000054,59.85494,201,50
1970-01-01 00:00:00.000000055,59.814793,201,50
1970-01-01 00:00:00.000000056,59.65474,201,50
1970-01-01 00:00:00.000000052,59.021553,201,51
1970-01-01 00:00:00.000000053,58.975197,201,51
1970-01-01 00:00:00.000000054,59.063114,201,51
1970-01-01 00:00:00.000000055,59.064804,201,51
1970-01-01 00:00:00.000000056,59.00031,201,51
1970-01-01 00:00:00.000000057,58.95003,201,51
1970-01-01 00:00:00.000000053,58.808933,201,52
1970-01-01 00:00:00.000000054,58.722042,201,52
1970-01-01 00:00:00.000000055,58.83582,201,52
1970-01-01 00:00:00.000000056,58.812275,201,52
1970-01-01 00:00:00.000000057,58.662926,201,52
1970-01-01 00:00:00.000000058,58.780193,201,52
1970-01-01 00:00:00.000000054,58.77488,201,53
1970-01-01 00:00:00.000000055,58.847652,201,53
1970-01-01 00:00:00.000000056,58.890923,201,53
1970-01-01 00:00:00.000000057,58.872368,201,53
1970-01-01 00:00:00.000000058,58.74842,201,53
1970-01-01 00:00:00.000000059,58.80836,201,53
1970-01-01 00:00:00.000000055,58.354496,201,54
1970-01-01 00:00:00.000000056,58.435314,201,54
1970-01-01 00:00:00.000000057,58.381298,201,54
1970-01-01 00:00:00.000000058,58.30769,201,54
1970-01-01 00:00:00.000000059,58.331898,201,54
1970-01-01 00:00:00.000000060,58.25284,201,54
1970-01-01 00:00:00.000000007,68.90576,202,6
1970-01-01 00:00:00.000000008,68.85739,202,6
1970-01-01 00:00:00.000000009,69.14088,202,6
1970-01-01 00:00:00.000000010,69.15441,202,6
1970-01-01 00:00:00.000000011,69.064735,202,6
1970-01-01 00:00:00.000000012,69.05962,202,6
1970-01-01 00:00:00.000000008,69.64984,202,7
1970-01-01 00:00:00.000000009,69.59454,202,7
1970-01-01 00:00:00.000000010,69.89027,202,7
1970-01-01 00:00:00.000000011,69.877914,202,7
1970-01-01 00:00:00.000000012,69.7476,202,7
1970-01-01 00:00:00.000000013,69.69379,202,7
1970-01-01 00:00:00.000000009,69.625786,202,8
1970-01-01 00:00:00.000000010,69.26469,202,8
1970-01-01 00:00:00.000000011,69.631134,202,8
1970-01-01 00:00:00.000000012,69.54733,202,8
1970-01-01 00:00:00.000000013,69.45693,202,8
1970-01-01 00:00:00.000000014,69.365425,202,8
1970-01-01 00:00:00.000000010,69.48866,202,9
1970-01-01 00:00:00.000000011,69.19209,202,9
1970-01-01 00:00:00.000000012,69.52124,202,9
1970-01-01 00:00:00.000000013,69.55565,202,9
1970-01-01 00:00:00.000000014,69.37936,202,9
1970-01-01 00:00:00.000000015,69.33528,202,9
1970-01-01 00:00:00.000000011,69.29789,202,10
1970-01-01 00:00:00.000000012,69.19194,202,10
1970-01-01 00:00:00.000000013,69.40117,202,10
1970-01-01 00:00:00.000000014,69.52219,202,10
1970-01-01 00:00:00.000000015,69.101074,202,10
1970-01-01 00:00:00.000000016,69.268974,202,10
1970-01-01 00:00:00.000000012,68.64313,202,11
1970-01-01 00:00:00.000000013,68.68171,202,11
1970-01-01 00:00:00.000000014,68.77606,202,11
1970-01-01 00:00:00.000000015,68.681145,202,11
1970-01-01 00:00:00.000000016,68.488396,202,11
1970-01-01 00:00:00.000000017,68.52046,202,11
1970-01-01 00:00:00.000000013,68.680626,202,12
1970-01-01 00:00:00.000000014,68.64503,202,12
1970-01-01 00:00:00.000000015,68.69021,202,12
1970-01-01 00:00:00.000000016,68.67275,202,12
1970-01-01 00:00:00.000000017,68.52518,202,12
1970-01-01 00:00:00.000000018,68.61772,202,12
1970-01-01 00:00:00.000000014,68.87367,202,13
1970-01-01 00:00:00.000000015,68.94716,202,13
1970-01-01 00:00:00.000000016,68.989334,202,13
1970-01-01 00:00:00.000000017,68.98849,202,13
1970-01-01 00:00:00.000000018,68.818344,202,13
1970-01-01 00:00:00.000000019,68.95344,202,13
1970-01-01 00:00:00.000000015,69.38817,202,14
1970-01-01 00:00:00.000000016,69.58149,202,14
1970-01-01 00:00:00.000000017,69.671165,202,14
1970-01-01 00:00:00.000000018,69.61558,202,14
1970-01-01 00:00:00.000000019,69.678566,202,14
1970-01-01 00:00:00.000000020,69.449554,202,14
1970-01-01 00:00:00.000000016,69.53428,202,15
1970-01-01 00:00:00.000000017,69.52723,202,15
1970-01-01 00:00:00.000000018,69.63421,202,15
1970-01-01 00:00:00.000000019,69.70017,202,15
1970-01-01 00:00:00.000000020,69.71355,202,15
1970-01-01 00:00:00.000000021,69.50805,202,15
1970-01-01 00:00:00.000000017,69.82497,202,16
1970-01-01 00:00:00.000000018,69.772804,202,16
1970-01-01 00:00:00.000000019,69.90134,202,16
1970-01-01 00:00:00.000000020,69.96326,202,16
1970-01-01 00:00:00.000000021,69.916504,202,16
1970-01-01 00:00:00.000000022,69.80127,202,16
1970-01-01 00:00:00.000000018,70.03133,202,17
1970-01-01 00:00:00.000000019,69.94948,202,17
1970-01-01 00:00:00.000000020,70.12956,202,17
1970-01-01 00:00:00.000000021,70.17194,202,17
1970-01-01 00:00:00.000000022,70.071106,202,17
1970-01-01 00:00:00.000000023,70.018974,202,17
1970-01-01 00:00:00.000000019,70.10184,202,18
1970-01-01 00:00:00.000000020,70.03635,202,18
1970-01-01 00:00:00.000000021,70.18971,202,18
1970-01-01 00:00:00.000000022,70.20272,202,18
1970-01-01 00:00:00.000000023,70.107796,202,18
1970-01-01 00:00:00.000000024,69.972176,202,18
1970-01-01 00:00:00.000000020,70.16883,202,19
1970-01-01 00:00:00.000000021,70.03702,202,19
1970-01-01 00:00:00.000000022,70.20889,202,19
1970-01-01 00:00:00.000000023,70.270325,202,19
1970-01-01 00:00:00.000000024,70.14867,202,19
1970-01-01 00:00:00.000000025,70.09287,202,19
1970-01-01 00:00:00.000000021,70.42371,202,20
1970-01-01 00:00:00.000000022,70.37339,202,20
1970-01-01 00:00:00.000000023,70.52591,202,20
1970-01-01 00:00:00.000000024,70.595535,202,20
1970-01-01 00:00:00.000000025,70.4375,202,20
1970-01-01 00:00:00.000000026,70.36653,202,20
1970-01-01 00:00:00.000000022,70.05003,202,21
1970-01-01 00:00:00.000000023,70.009315,202,21
1970-01-01 00:00:00.000000024,70.11319,202,21
1970-01-01 00:00:00.000000025,70.15851,202,21
1970-01-01 00:00:00.000000026,69.962845,202,21
1970-01-01 00:00:00.000000027,69.91825,202,21
1970-01-01 00:00:00.000000023,69.9528,202,22
1970-01-01 00:00:00.000000024,69.88436,202,22
1970-01-01 00:00:00.000000025,69.96479,202,22
1970-01-01 00:00:00.000000026,70.02881,202,22
1970-01-01 00:00:00.000000027,69.85015,202,22
1970-01-01 00:00:00.000000028,69.831406,202,22
1970-01-01 00:00:00.000000024,70.43256,202,23
1970-01-01 00:00:00.000000025,70.34098,202,23
1970-01-01 00:00:00.000000026,70.496475,202,23
1970-01-01 00:00:00.000000027,70.58406,202,23
1970-01-01 00:00:00.000000028,70.288315,202,23
1970-01-01 00:00:00.000000029,70.47557,202,23
1970-01-01 00:00:00.000000025,70.71855,202,24
1970-01-01 00:00:00.000000026,70.797844,202,24
1970-01-01 00:00:00.000000027,70.89183,202,24
1970-01-01 00:00:00.000000028,70.91795,202,24
1970-01-01 00:00:00.000000029,70.848976,202,24
1970-01-01 00:00:00.000000030,70.71659,202,24
1970-01-01 00:00:00.000000026,70.728294,202,25
1970-01-01 00:00:00.000000027,70.68766,202,25
1970-01-01 00:00:00.000000028,70.77622,202,25
1970-01-01 00:00:00.000000029,70.81702,202,25
1970-01-01 00:00:00.000000030,70.7737,202,25
1970-01-01 00:00:00.000000031,70.62544,202,25
1970-01-01 00:00:00.000000027,70.97813,202,26
1970-01-01 00:00:00.000000028,70.86635,202,26
1970-01-01 00:00:00.000000029,71.029305,202,26
1970-01-01 00:00:00.000000030,71.08625,202,26
1970-01-01 00:00:00.000000031,71.01253,202,26
1970-01-01 00:00:00.000000032,70.92345,202,26
1970-01-01 00:00:00.000000028,71.067276,202,27
1970-01-01 00:00:00.000000029,71.00675,202,27
1970-01-01 00:00:00.000000030,71.160515,202,27
1970-01-01 00:00:00.000000031,71.204414,202,27
1970-01-01 00:00:00.000000032,71.063156,202,27
1970-01-01 00:00:00.000000033,70.994995,202,27
1970-01-01 00:00:00.000000029,70.53205,202,28
1970-01-01 00:00:00.000000030,70.506836,202,28
1970-01-01 00:00:00.000000031,70.57333,202,28
1970-01-01 00:00:00.000000032,70.59793,202,28
1970-01-01 00:00:00.000000033,70.43661,202,28
1970-01-01 00:00:00.000000034,70.36612,202,28
1970-01-01 00:00:00.000000030,70.3446,202,29
1970-01-01 00:00:00.000000031,70.26851,202,29
1970-01-01 00:00:00.000000032,70.35681,202,29
1970-01-01 00:00:00.000000033,70.37624,202,29
1970-01-01 00:00:00.000000034,70.18142,202,29
1970-01-01 00:00:00.000000035,70.286995,202,29
1970-01-01 00:00:00.000000031,70.29848,202,30
1970-01-01 00:00:00.000000032,70.24748,202,30
1970-01-01 00:00:00.000000033,70.34084,202,30
1970-01-01 00:00:00.000000034,70.28874,202,30
1970-01-01 00:00:00.000000035,70.0335,202,30
1970-01-01 00:00:00.000000036,70.223946,202,30
1970-01-01 00:00:00.000000032,70.60587,202,31
1970-01-01 00:00:00.000000033,70.65442,202,31
1970-01-01 00:00:00.000000034,70.75232,202,31
1970-01-01 00:00:00.000000035,70.72872,202,31
1970-01-01 00:00:00.000000036,70.60198,202,31
1970-01-01 00:00:00.000000037,70.55801,202,31
1970-01-01 00:00:00.000000033,69.909065,202,32
1970-01-01 00:00:00.000000034,69.90222,202,32
1970-01-01 00:00:00.000000035,69.91019,202,32
1970-01-01 00:00:00.000000036,69.812546,202,32
1970-01-01 00:00:00.000000037,69.736374,202,32
1970-01-01 00:00:00.000000038,69.75544,202,32
1970-01-01 00:00:00.000000034,69.3739,202,33
1970-01-01 00:00:00.000000035,69.39682,202,33
1970-01-01 00:00:00.000000036,69.3647,202,33
1970-01-01 00:00:00.000000037,69.28576,202,33
1970-01-01 00:00:00.000000038,69.26863,202,33
1970-01-01 00:00:00.000000039,69.18622,202,33
1970-01-01 00:00:00.000000035,68.93563,202,34
1970-01-01 00:00:00.000000036,68.91942,202,34
1970-01-01 00:00:00.000000037,68.8754,202,34
1970-01-01 00:00:00.000000038,68.85208,202,34
1970-01-01 00:00:00.000000039,68.7813,202,34
1970-01-01 00:00:00.000000040,68.815094,202,34
1970-01-01 00:00:00.000000036,68.667206,202,35
1970-01-01 00:00:00.000000037,68.72491,202,35
1970-01-01 00:00:00.000000038,68.615524,202,35
1970-01-01 00:00:00.000000039,68.60951,202,35
1970-01-01 00:00:00.000000040,68.57204,202,35
1970-01-01 00:00:00.000000041,68.5704,202,35
1970-01-01 00:00:00.000000037,68.89656,202,36
1970-01-01 00:00:00.000000038,68.99012,202,36
1970-01-01 00:00:00.000000039,68.94322,202,36
1970-01-01 00:00:00.000000040,68.97209,202,36
1970-01-01 00:00:00.000000041,68.97476,202,36
1970-01-01 00:00:00.000000042,68.9122,202,36
1970-01-01 00:00:00.000000038,69.02748,202,37
1970-01-01 00:00:00.000000039,69.08106,202,37
1970-01-01 00:00:00.000000040,69.14844,202,37
1970-01-01 00:00:00.000000041,69.06776,202,37
1970-01-01 00:00:00.000000042,69.10039,202,37
1970-01-01 00:00:00.000000043,69.03054,202,37
1970-01-01 00:00:00.000000039,69.19603,202,38
1970-01-01 00:00:00.000000040,69.20572,202,38
1970-01-01 00:00:00.000000041,69.31229,202,38
1970-01-01 00:00:00.000000042,69.312805,202,38
1970-01-01 00:00:00.000000043,69.362206,202,38
1970-01-01 00:00:00.000000044,69.12904,202,38
1970-01-01 00:00:00.000000040,69.52042,202,39
1970-01-01 00:00:00.000000041,69.4048,202,39
1970-01-01 00:00:00.000000042,69.56991,202,39
1970-01-01 00:00:00.000000043,69.64192,202,39
1970-01-01 00:00:00.000000044,69.508,202,39
1970-01-01 00:00:00.000000045,69.49664,202,39
1970-01-01 00:00:00.000000041,69.08572,202,40
1970-01-01 00:00:00.000000042,69.06442,202,40
1970-01-01 00:00:00.000000043,69.19975,202,40
1970-01-01 00:00:00.000000044,69.15978,202,40
1970-01-01 00:00:00.000000045,68.9668,202,40
1970-01-01 00:00:00.000000046,68.95454,202,40
1970-01-01 00:00:00.000000042,69.04894,202,41
1970-01-01 00:00:00.000000043,68.99142,202,41
1970-01-01 00:00:00.000000044,69.085884,202,41
1970-01-01 00:00:00.000000045,69.12252,202,41
1970-01-01 00:00:00.000000046,68.94944,202,41
1970-01-01 00:00:00.000000047,68.915855,202,41
1970-01-01 00:00:00.000000043,68.71886,202,42
1970-01-01 00:00:00.000000044,68.67816,202,42
1970-01-01 00:00:00.000000045,68.75884,202,42
1970-01-01 00:00:00.000000046,68.6961,202,42
1970-01-01 00:00:00.000000047,68.50589,202,42
1970-01-01 00:00:00.000000048,68.64722,202,42
1970-01-01 00:00:00.000000044,68.57301,202,43
1970-01-01 00:00:00.000000045,68.62965,202,43
1970-01-01 00:00:00.000000046,68.64366,202,43
1970-01-01 00:00:00.000000047,68.580734,202,43
1970-01-01 00:00:00.000000048,68.47906,202,43
1970-01-01 00:00:00.000000049,68.471985,202,43
1970-01-01 00:00:00.000000045,68.72247,202,44
1970-01-01 00:00:00.000000046,68.697685,202,44
1970-01-01 00:00:00.000000047,68.78607,202,44
1970-01-01 00:00:00.000000048,68.77078,202,44
1970-01-01 00:00:00.000000049,68.61264,202,44
1970-01-01 00:00:00.000000050,68.73187,202,44
1970-01-01 00:00:00.000000046,68.55428,202,45
1970-01-01 00:00:00.000000047,68.60865,202,45
1970-01-01 00:00:00.000000048,68.67217,202,45
1970-01-01 00:00:00.000000049,68.57504,202,45
1970-01-01 00:00:00.000000050,68.47268,202,45
1970-01-01 00:00:00.000000051,68.48506,202,45
1970-01-01 00:00:00.000000047,68.388824,202,46
1970-01-01 00:00:00.000000048,68.39444,202,46
1970-01-01 00:00:00.000000049,68.42987,202,46
1970-01-01 00:00:00.000000050,68.39891,202,46
1970-01-01 00:00:00.000000051,68.3167,202,46
1970-01-01 00:00:00.000000052,68.281876,202,46
1970-01-01 00:00:00.000000048,68.463036,202,47
1970-01-01 00:00:00.000000049,68.420715,202,47
1970-01-01 00:00:00.000000050,68.51551,202,47
1970-01-01 00:00:00.000000051,68.49131,202,47
1970-01-01 00:00:00.000000052,68.32806,202,47
1970-01-01 00:00:00.000000053,68.442955,202,47
1970-01-01 00:00:00.000000049,68.18799,202,48
1970-01-01 00:00:00.000000050,68.241615,202,48
1970-01-01 00:00:00.000000051,68.27447,202,48
1970-01-01 00:00:00.000000052,68.17205,202,48
1970-01-01 00:00:00.000000053,68.07454,202,48
1970-01-01 00:00:00.000000054,68.10137,202,48
1970-01-01 00:00:00.000000050,68.452446,202,49
1970-01-01 00:00:00.000000051,68.43061,202,49
1970-01-01 00:00:00.000000052,68.52182,202,49
1970-01-01 00:00:00.000000053,68.54369,202,49
1970-01-01 00:00:00.000000054,68.43247,202,49
1970-01-01 00:00:00.000000055,68.41148,202,49
1970-01-01 00:00:00.000000051,69.096054,202,50
1970-01-01 00:00:00.000000052,69.03928,202,50
1970-01-01 00:00:00.000000053,69.21231,202,50
1970-01-01 00:00:00.000000054,69.24897,202,50
1970-01-01 00:00:00.000000055,69.09835,202,50
1970-01-01 00:00:00.000000056,69.16626,202,50
1970-01-01 00:00:00.000000052,69.398674,202,51
1970-01-01 00:00:00.000000053,69.47634,202,51
1970-01-01 00:00:00.000000054,69.57387,202,51
1970-01-01 00:00:00.000000055,69.62854,202,51
1970-01-01 00:00:00.000000056,69.59676,202,51
1970-01-01 00:00:00.000000057,69.46645,202,51
1970-01-01 00:00:00.000000053,69.22159,202,52
1970-01-01 00:00:00.000000054,69.094185,202,52
1970-01-01 00:00:00.000000055,69.23114,202,52
1970-01-01 00:00:00.000000056,69.23054,202,52
1970-01-01 00:00:00.000000057,69.162254,202,52
1970-01-01 00:00:00.000000058,69.080574,202,52
1970-01-01 00:00:00.000000054,69.14563,202,53
1970-01-01 00:00:00.000000055,69.0178,202,53
1970-01-01 00:00:00.000000056,69.13229,202,53
1970-01-01 00:00:00.000000057,69.21854,202,53
1970-01-01 00:00:00.000000058,69.08261,202,53
1970-01-01 00:00:00.000000059,69.01026,202,53
1970-01-01 00:00:00.000000055,69.50466,202,54
1970-01-01 00:00:00.000000056,69.43809,202,54
1970-01-01 00:00:00.000000057,69.58699,202,54
1970-01-01 00:00:00.000000058,69.711525,202,54
1970-01-01 00:00:00.000000059,69.44396,202,54
1970-01-01 00:00:00.000000060,69.53712,202,54
1970-01-01 00:00:00.000000007,71.85897,203,6
1970-01-01 00:00:00.000000008,71.77713,203,6
1970-01-01 00:00:00.000000009,71.89683,203,6
1970-01-01 00:00:00.000000010,71.98921,203,6
1970-01-01 00:00:00.000000011,71.8488,203,6
1970-01-01 00:00:00.000000012,71.83475,203,6
1970-01-01 00:00:00.000000008,71.81941,203,7
1970-01-01 00:00:00.000000009,71.83063,203,7
1970-01-01 00:00:00.000000010,71.912415,203,7
1970-01-01 00:00:00.000000011,71.975784,203,7
1970-01-01 00:00:00.000000012,71.779755,203,7
1970-01-01 00:00:00.000000013,71.71292,203,7
1970-01-01 00:00:00.000000009,71.82334,203,8
1970-01-01 00:00:00.000000010,71.7779,203,8
1970-01-01 00:00:00.000000011,71.84052,203,8
1970-01-01 00:00:00.000000012,71.93916,203,8
1970-01-01 00:00:00.000000013,71.7736,203,8
1970-01-01 00:00:00.000000014,71.696495,203,8
1970-01-01 00:00:00.000000010,71.92066,203,9
1970-01-01 00:00:00.000000011,71.85898,203,9
1970-01-01 00:00:00.000000012,71.96087,203,9
1970-01-01 00:00:00.000000013,72.063736,203,9
1970-01-01 00:00:00.000000014,71.820694,203,9
1970-01-01 00:00:00.000000015,71.8918,203,9
1970-01-01 00:00:00.000000011,71.80453,203,10
1970-01-01 00:00:00.000000012,71.80959,203,10
1970-01-01 00:00:00.000000013,71.898056,203,10
1970-01-01 00:00:00.000000014,71.93377,203,10
1970-01-01 00:00:00.000000015,71.7125,203,10
1970-01-01 00:00:00.000000016,71.67427,203,10
1970-01-01 00:00:00.000000012,71.26233,203,11
1970-01-01 00:00:00.000000013,71.24118,203,11
1970-01-01 00:00:00.000000014,71.29417,203,11
1970-01-01 00:00:00.000000015,71.22512,203,11
1970-01-01 00:00:00.000000016,71.06435,203,11
1970-01-01 00:00:00.000000017,71.0982,203,11
1970-01-01 00:00:00.000000013,71.34179,203,12
1970-01-01 00:00:00.000000014,71.25923,203,12
1970-01-01 00:00:00.000000015,71.33194,203,12
1970-01-01 00:00:00.000000016,71.33472,203,12
1970-01-01 00:00:00.000000017,71.08835,203,12
1970-01-01 00:00:00.000000018,71.23486,203,12
1970-01-01 00:00:00.000000014,70.86295,203,13
1970-01-01 00:00:00.000000015,70.879166,203,13
1970-01-01 00:00:00.000000016,70.89746,203,13
1970-01-01 00:00:00.000000017,70.77651,203,13
1970-01-01 00:00:00.000000018,70.65433,203,13
1970-01-01 00:00:00.000000019,70.73377,203,13
1970-01-01 00:00:00.000000015,70.709175,203,14
1970-01-01 00:00:00.000000016,70.74193,203,14
1970-01-01 00:00:00.000000017,70.70154,203,14
1970-01-01 00:00:00.000000018,70.64889,203,14
1970-01-01 00:00:00.000000019,70.588104,203,14
1970-01-01 00:00:00.000000020,70.545135,203,14
1970-01-01 00:00:00.000000016,70.15372,203,15
1970-01-01 00:00:00.000000017,70.14098,203,15
1970-01-01 00:00:00.000000018,70.08923,203,15
1970-01-01 00:00:00.000000019,70.01046,203,15
1970-01-01 00:00:00.000000020,69.93425,203,15
1970-01-01 00:00:00.000000021,69.97592,203,15
1970-01-01 00:00:00.000000017,69.756195,203,16
1970-01-01 00:00:00.000000018,69.77694,203,16
1970-01-01 00:00:00.000000019,69.6786,203,16
1970-01-01 00:00:00.000000020,69.62854,203,16
1970-01-01 00:00:00.000000021,69.5842,203,16
1970-01-01 00:00:00.000000022,69.540794,203,16
1970-01-01 00:00:00.000000018,69.47538,203,17
1970-01-01 00:00:00.000000019,69.41732,203,17
1970-01-01 00:00:00.000000020,69.348656,203,17
1970-01-01 00:00:00.000000021,69.313805,203,17
1970-01-01 00:00:00.000000022,69.224045,203,17
1970-01-01 00:00:00.000000023,69.32436,203,17
1970-01-01 00:00:00.000000019,69.23321,203,18
1970-01-01 00:00:00.000000020,69.28627,203,18
1970-01-01 00:00:00.000000021,69.17789,203,18
1970-01-01 00:00:00.000000022,69.07964,203,18
1970-01-01 00:00:00.000000023,69.06006,203,18
1970-01-01 00:00:00.000000024,69.02689,203,18
1970-01-01 00:00:00.000000020,69.62702,203,19
1970-01-01 00:00:00.000000021,69.62455,203,19
1970-01-01 00:00:00.000000022,69.68229,203,19
1970-01-01 00:00:00.000000023,69.69348,203,19
1970-01-01 00:00:00.000000024,69.61787,203,19
1970-01-01 00:00:00.000000025,69.64978,203,19
1970-01-01 00:00:00.000000021,69.40903,203,20
1970-01-01 00:00:00.000000022,69.42404,203,20
1970-01-01 00:00:00.000000023,69.50213,203,20
1970-01-01 00:00:00.000000024,69.34355,203,20
1970-01-01 00:00:00.000000025,69.26329,203,20
1970-01-01 00:00:00.000000026,69.324814,203,20
1970-01-01 00:00:00.000000022,69.85301,203,21
1970-01-01 00:00:00.000000023,69.88726,203,21
1970-01-01 00:00:00.000000024,69.97278,203,21
1970-01-01 00:00:00.000000025,70.0174,203,21
1970-01-01 00:00:00.000000026,70.036766,203,21
1970-01-01 00:00:00.000000027,69.762054,203,21
1970-01-01 00:00:00.000000023,69.60985,203,22
1970-01-01 00:00:00.000000024,69.46912,203,22
1970-01-01 00:00:00.000000025,69.6703,203,22
1970-01-01 00:00:00.000000026,69.61306,203,22
1970-01-01 00:00:00.000000027,69.339195,203,22
1970-01-01 00:00:00.000000028,69.578545,203,22
1970-01-01 00:00:00.000000024,69.509834,203,23
1970-01-01 00:00:00.000000025,69.56273,203,23
1970-01-01 00:00:00.000000026,69.6261,203,23
1970-01-01 00:00:00.000000027,69.5982,203,23
1970-01-01 00:00:00.000000028,69.45621,203,23
1970-01-01 00:00:00.000000029,69.29227,203,23
1970-01-01 00:00:00.000000025,69.06266,203,24
1970-01-01 00:00:00.000000026,69.00256,203,24
1970-01-01 00:00:00.000000027,69.05339,203,24
1970-01-01 00:00:00.000000028,68.995415,203,24
1970-01-01 00:00:00.000000029,68.844406,203,24
1970-01-01 00:00:00.000000030,68.9598,203,24
1970-01-01 00:00:00.000000026,69.21304,203,25
1970-01-01 00:00:00.000000027,69.22539,203,25
1970-01-01 00:00:00.000000028,69.2816,203,25
1970-01-01 00:00:00.000000029,69.245155,203,25
1970-01-01 00:00:00.000000030,69.06882,203,25
1970-01-01 00:00:00.000000031,69.13794,203,25
1970-01-01 00:00:00.000000027,69.83935,203,26
1970-01-01 00:00:00.000000028,69.78916,203,26
1970-01-01 00:00:00.000000029,69.982086,203,26
1970-01-01 00:00:00.000000030,69.94535,203,26
1970-01-01 00:00:00.000000031,69.75987,203,26
1970-01-01 00:00:00.000000032,69.9139,203,26
1970-01-01 00:00:00.000000028,70.22708,203,27
1970-01-01 00:00:00.000000029,70.37491,203,27
1970-01-01 00:00:00.000000030,70.45456,203,27
1970-01-01 00:00:00.000000031,70.50085,203,27
1970-01-01 00:00:00.000000032,70.47068,203,27
1970-01-01 00:00:00.000000033,70.33384,203,27
1970-01-01 00:00:00.000000029,70.33646,203,28
1970-01-01 00:00:00.000000030,70.25384,203,28
1970-01-01 00:00:00.000000031,70.379074,203,28
1970-01-01 00:00:00.000000032,70.39534,203,28
1970-01-01 00:00:00.000000033,70.34262,203,28
1970-01-01 00:00:00.000000034,70.24659,203,28
1970-01-01 00:00:00.000000030,70.177505,203,29
1970-01-01 00:00:00.000000031,70.04386,203,29
1970-01-01 00:00:00.000000032,70.17992,203,29
1970-01-01 00:00:00.000000033,70.21078,203,29
1970-01-01 00:00:00.000000034,70.093124,203,29
1970-01-01 00:00:00.000000035,70.00487,203,29
1970-01-01 00:00:00.000000031,69.63815,203,30
1970-01-01 00:00:00.000000032,69.571495,203,30
1970-01-01 00:00:00.000000033,69.67018,203,30
1970-01-01 00:00:00.000000034,69.68104,203,30
1970-01-01 00:00:00.000000035,69.432724,203,30
1970-01-01 00:00:00.000000036,69.55193,203,30
1970-01-01 00:00:00.000000032,69.52353,203,31
1970-01-01 00:00:00.000000033,69.50355,203,31
1970-01-01 00:00:00.000000034,69.553085,203,31
1970-01-01 00:00:00.000000035,69.528755,203,31
1970-01-01 00:00:00.000000036,69.26208,203,31
1970-01-01 00:00:00.000000037,69.378876,203,31
1970-01-01 00:00:00.000000033,69.26611,203,32
1970-01-01 00:00:00.000000034,69.262184,203,32
1970-01-01 00:00:00.000000035,69.29657,203,32
1970-01-01 00:00:00.000000036,69.21629,203,32
1970-01-01 00:00:00.000000037,69.06274,203,32
1970-01-01 00:00:00.000000038,69.171776,203,32
1970-01-01 00:00:00.000000034,69.287834,203,33
1970-01-01 00:00:00.000000035,69.34348,203,33
1970-01-01 00:00:00.000000036,69.35417,203,33
1970-01-01 00:00:00.000000037,69.29949,203,33
1970-01-01 00:00:00.000000038,69.1907,203,33
1970-01-01 00:00:00.000000039,69.20705,203,33
1970-01-01 00:00:00.000000035,68.99253,203,34
1970-01-01 00:00:00.000000036,68.99024,203,34
1970-01-01 00:00:00.000000037,68.992874,203,34
1970-01-01 00:00:00.000000038,68.88857,203,34
1970-01-01 00:00:00.000000039,68.80725,203,34
1970-01-01 00:00:00.000000040,68.86948,203,34
1970-01-01 00:00:00.000000036,68.552155,203,35
1970-01-01 00:00:00.000000037,68.5701,203,35
1970-01-01 00:00:00.000000038,68.49741,203,35
1970-01-01 00:00:00.000000039,68.433846,203,35
1970-01-01 00:00:00.000000040,68.39493,203,35
1970-01-01 00:00:00.000000041,68.34386,203,35
1970-01-01 00:00:00.000000037,68.62246,203,36
1970-01-01 00:00:00.000000038,68.5785,203,36
1970-01-01 00:00:00.000000039,68.568085,203,36
1970-01-01 00:00:00.000000040,68.58727,203,36
1970-01-01 00:00:00.000000041,68.47471,203,36
1970-01-01 00:00:00.000000042,68.56953,203,36
1970-01-01 00:00:00.000000038,68.360054,203,37
1970-01-01 00:00:00.000000039,68.405396,203,37
1970-01-01 00:00:00.000000040,68.38477,203,37
1970-01-01 00:00:00.000000041,68.25322,203,37
1970-01-01 00:00:00.000000042,68.17449,203,37
1970-01-01 00:00:00.000000043,68.24322,203,37
1970-01-01 00:00:00.000000039,68.36616,203,38
1970-01-01 00:00:00.000000040,68.432686,203,38
1970-01-01 00:00:00.000000041,68.40743,203,38
1970-01-01 00:00:00.000000042,68.364235,203,38
1970-01-01 00:00:00.000000043,68.35523,203,38
1970-01-01 00:00:00.000000044,68.22391,203,38
1970-01-01 00:00:00.000000040,67.78027,203,39
1970-01-01 00:00:00.000000041,67.749565,203,39
1970-01-01 00:00:00.000000042,67.70709,203,39
1970-01-01 00:00:00.000000043,67.63863,203,39
1970-01-01 00:00:00.000000044,67.565544,203,39
1970-01-01 00:00:00.000000045,67.62027,203,39
1970-01-01 00:00:00.000000041,67.60217,203,40
1970-01-01 00:00:00.000000042,67.6331,203,40
1970-01-01 00:00:00.000000043,67.565,203,40
1970-01-01 00:00:00.000000044,67.54133,203,40
1970-01-01 00:00:00.000000045,67.49918,203,40
1970-01-01 00:00:00.000000046,67.44987,203,40
1970-01-01 00:00:00.000000042,67.2793,203,41
1970-01-01 00:00:00.000000043,67.2419,203,41
1970-01-01 00:00:00.000000044,67.20011,203,41
1970-01-01 00:00:00.000000045,67.14258,203,41
1970-01-01 00:00:00.000000046,67.05889,203,41
1970-01-01 00:00:00.000000047,67.166245,203,41
1970-01-01 00:00:00.000000043,67.01607,203,42
1970-01-01 00:00:00.000000044,67.07869,203,42
1970-01-01 00:00:00.000000045,66.96304,203,42
1970-01-01 00:00:00.000000046,66.895035,203,42
1970-01-01 00:00:00.000000047,66.89156,203,42
1970-01-01 00:00:00.000000048,66.80849,203,42
1970-01-01 00:00:00.000000044,67.08919,203,43
1970-01-01 00:00:00.000000045,67.04741,203,43
1970-01-01 00:00:00.000000046,67.05503,203,43
1970-01-01 00:00:00.000000047,67.05903,203,43
1970-01-01 00:00:00.000000048,66.97043,203,43
1970-01-01 00:00:00.000000049,67.06917,203,43
1970-01-01 00:00:00.000000045,67.5626,203,44
1970-01-01 00:00:00.000000046,67.660446,203,44
1970-01-01 00:00:00.000000047,67.76321,203,44
1970-01-01 00:00:00.000000048,67.66207,203,44
1970-01-01 00:00:00.000000049,67.61481,203,44
1970-01-01 00:00:00.000000050,67.63572,203,44
1970-01-01 00:00:00.000000046,67.789215,203,45
1970-01-01 00:00:00.000000047,67.886826,203,45
1970-01-01 00:00:00.000000048,67.99512,203,45
1970-01-01 00:00:00.000000049,67.97088,203,45
1970-01-01 00:00:00.000000050,67.998886,203,45
1970-01-01 00:00:00.000000051,67.77879,203,45
1970-01-01 00:00:00.000000047,67.5445,203,46
1970-01-01 00:00:00.000000048,67.48096,203,46
1970-01-01 00:00:00.000000049,67.59137,203,46
1970-01-01 00:00:00.000000050,67.6069,203,46
1970-01-01 00:00:00.000000051,67.4965,203,46
1970-01-01 00:00:00.000000052,67.38905,203,46
1970-01-01 00:00:00.000000048,67.91192,203,47
1970-01-01 00:00:00.000000049,67.84759,203,47
1970-01-01 00:00:00.000000050,67.94062,203,47
1970-01-01 00:00:00.000000051,68.07131,203,47
1970-01-01 00:00:00.000000052,67.878876,203,47
1970-01-01 00:00:00.000000053,67.90226,203,47
1970-01-01 00:00:00.000000049,68.03089,203,48
1970-01-01 00:00:00.000000050,68.00015,203,48
1970-01-01 00:00:00.000000051,68.13857,203,48
1970-01-01 00:00:00.000000052,68.17628,203,48
1970-01-01 00:00:00.000000053,67.950356,203,48
1970-01-01 00:00:00.000000054,68.033226,203,48
1970-01-01 00:00:00.000000050,68.45487,203,49
1970-01-01 00:00:00.000000051,68.503456,203,49
1970-01-01 00:00:00.000000052,68.60593,203,49
1970-01-01 00:00:00.000000053,68.66398,203,49
1970-01-01 00:00:00.000000054,68.61759,203,49
1970-01-01 00:00:00.000000055,68.501076,203,49
1970-01-01 00:00:00.000000051,68.73446,203,50
1970-01-01 00:00:00.000000052,68.63412,203,50
1970-01-01 00:00:00.000000053,68.82577,203,50
1970-01-01 00:00:00.000000054,68.839264,203,50
1970-01-01 00:00:00.000000055,68.75842,203,50
1970-01-01 00:00:00.000000056,68.72783,203,50
1970-01-01 00:00:00.000000052,69.032364,203,51
1970-01-01 00:00:00.000000053,68.93508,203,51
1970-01-01 00:00:00.000000054,69.11929,203,51
1970-01-01 00:00:00.000000055,69.12093,203,51
1970-01-01 00:00:00.000000056,69.02577,203,51
1970-01-01 00:00:00.000000057,68.913704,203,51
1970-01-01 00:00:00.000000053,69.00783,203,52
1970-01-01 00:00:00.000000054,68.800224,203,52
1970-01-01 00:00:00.000000055,69.019875,203,52
1970-01-01 00:00:00.000000056,69.0355,203,52
1970-01-01 00:00:00.000000057,68.889465,203,52
1970-01-01 00:00:00.000000058,68.857346,203,52
1970-01-01 00:00:00.000000054,69.044174,203,53
1970-01-01 00:00:00.000000055,68.95734,203,53
1970-01-01 00:00:00.000000056,69.09409,203,53
1970-01-01 00:00:00.000000057,69.157776,203,53
1970-01-01 00:00:00.000000058,68.93559,203,53
1970-01-01 00:00:00.000000059,68.86175,203,53
1970-01-01 00:00:00.000000055,69.332535,203,54
1970-01-01 00:00:00.000000056,69.25773,203,54
1970-01-01 00:00:00.000000057,69.37957,203,54
1970-01-01 00:00:00.000000058,69.48906,203,54
1970-01-01 00:00:00.000000059,69.26264,203,54
1970-01-01 00:00:00.000000060,69.28479,203,54
1970-01-01 00:00:00.000000007,79.421295,204,6
1970-01-01 00:00:00.000000008,80.89022,204,6
1970-01-01 00:00:00.000000009,81.2122,204,6
1970-01-01 00:00:00.000000010,81.23312,204,6
1970-01-01 00:00:00.000000011,80.91298,204,6
1970-01-01 00:00:00.000000012,82.082954,204,6
1970-01-01 00:00:00.000000008,83.8207,204,7
1970-01-01 00:00:00.000000009,84.465126,204,7
1970-01-01 00:00:00.000000010,84.724625,204,7
1970-01-01 00:00:00.000000011,84.5397,204,7
1970-01-01 00:00:00.000000012,84.31993,204,7
1970-01-01 00:00:00.000000013,85.51489,204,7
1970-01-01 00:00:00.000000009,83.77786,204,8
1970-01-01 00:00:00.000000010,83.39844,204,8
1970-01-01 00:00:00.000000011,83.71077,204,8
1970-01-01 00:00:00.000000012,83.55304,204,8
1970-01-01 00:00:00.000000013,83.143524,204,8
1970-01-01 00:00:00.000000014,84.2816,204,8
1970-01-01 00:00:00.000000010,81.83292,204,9
1970-01-01 00:00:00.000000011,82.70049,204,9
1970-01-01 00:00:00.000000012,82.210464,204,9
1970-01-01 00:00:00.000000013,82.531296,204,9
1970-01-01 00:00:00.000000014,80.99871,204,9
1970-01-01 00:00:00.000000015,82.62265,204,9
1970-01-01 00:00:00.000000011,82.05598,204,10
1970-01-01 00:00:00.000000012,83.600464,204,10
1970-01-01 00:00:00.000000013,82.97604,204,10
1970-01-01 00:00:00.000000014,83.20539,204,10
1970-01-01 00:00:00.000000015,81.18874,204,10
1970-01-01 00:00:00.000000016,83.353294,204,10
1970-01-01 00:00:00.000000012,82.14516,204,11
1970-01-01 00:00:00.000000013,83.10128,204,11
1970-01-01 00:00:00.000000014,82.96958,204,11
1970-01-01 00:00:00.000000015,82.75538,204,11
1970-01-01 00:00:00.000000016,81.39177,204,11
1970-01-01 00:00:00.000000017,82.773865,204,11
1970-01-01 00:00:00.000000013,82.30473,204,12
1970-01-01 00:00:00.000000014,82.595795,204,12
1970-01-01 00:00:00.000000015,82.60071,204,12
1970-01-01 00:00:00.000000016,82.42716,204,12
1970-01-01 00:00:00.000000017,82.24291,204,12
1970-01-01 00:00:00.000000018,82.409,204,12
1970-01-01 00:00:00.000000014,81.19547,204,13
1970-01-01 00:00:00.000000015,81.49163,204,13
1970-01-01 00:00:00.000000016,81.363304,204,13
1970-01-01 00:00:00.000000017,81.31183,204,13
1970-01-01 00:00:00.000000018,81.25149,204,13
1970-01-01 00:00:00.000000019,81.410255,204,13
1970-01-01 00:00:00.000000015,79.886024,204,14
1970-01-01 00:00:00.000000016,80.28657,204,14
1970-01-01 00:00:00.000000017,80.00171,204,14
1970-01-01 00:00:00.000000018,80.04909,204,14
1970-01-01 00:00:00.000000019,80.03091,204,14
1970-01-01 00:00:00.000000020,80.25292,204,14
1970-01-01 00:00:00.000000016,78.98757,204,15
1970-01-01 00:00:00.000000017,79.35774,204,15
1970-01-01 00:00:00.000000018,79.1148,204,15
1970-01-01 00:00:00.000000019,79.17103,204,15
1970-01-01 00:00:00.000000020,79.15747,204,15
1970-01-01 00:00:00.000000021,79.59095,204,15
1970-01-01 00:00:00.000000017,78.74385,204,16
1970-01-01 00:00:00.000000018,79.18201,204,16
1970-01-01 00:00:00.000000019,79.09056,204,16
1970-01-01 00:00:00.000000020,78.98566,204,16
1970-01-01 00:00:00.000000021,79.057526,204,16
1970-01-01 00:00:00.000000022,79.41895,204,16
1970-01-01 00:00:00.000000018,78.13275,204,17
1970-01-01 00:00:00.000000019,78.51839,204,17
1970-01-01 00:00:00.000000020,78.45609,204,17
1970-01-01 00:00:00.000000021,78.25664,204,17
1970-01-01 00:00:00.000000022,78.41567,204,17
1970-01-01 00:00:00.000000023,78.697624,204,17
1970-01-01 00:00:00.000000019,77.75792,204,18
1970-01-01 00:00:00.000000020,78.05601,204,18
1970-01-01 00:00:00.000000021,77.98038,204,18
1970-01-01 00:00:00.000000022,77.87795,204,18
1970-01-01 00:00:00.000000023,78.01554,204,18
1970-01-01 00:00:00.000000024,78.220215,204,18
1970-01-01 00:00:00.000000020,77.33137,204,19
1970-01-01 00:00:00.000000021,77.53414,204,19
1970-01-01 00:00:00.000000022,77.45045,204,19
1970-01-01 00:00:00.000000023,77.39092,204,19
1970-01-01 00:00:00.000000024,77.43543,204,19
1970-01-01 00:00:00.000000025,77.71122,204,19
1970-01-01 00:00:00.000000021,77.13787,204,20
1970-01-01 00:00:00.000000022,77.364494,204,20
1970-01-01 00:00:00.000000023,77.30817,204,20
1970-01-01 00:00:00.000000024,77.25223,204,20
1970-01-01 00:00:00.000000025,77.30686,204,20
1970-01-01 00:00:00.000000026,77.47624,204,20
1970-01-01 00:00:00.000000022,77.0468,204,21
1970-01-01 00:00:00.000000023,77.215706,204,21
1970-01-01 00:00:00.000000024,77.235634,204,21
1970-01-01 00:00:00.000000025,77.15111,204,21
1970-01-01 00:00:00.000000026,77.19304,204,21
1970-01-01 00:00:00.000000027,77.408226,204,21
1970-01-01 00:00:00.000000023,77.236465,204,22
1970-01-01 00:00:00.000000024,77.46271,204,22
1970-01-01 00:00:00.000000025,77.5713,204,22
1970-01-01 00:00:00.000000026,77.41621,204,22
1970-01-01 00:00:00.000000027,77.452034,204,22
1970-01-01 00:00:00.000000028,77.59201,204,22
1970-01-01 00:00:00.000000024,76.877815,204,23
1970-01-01 00:00:00.000000025,77.023926,204,23
1970-01-01 00:00:00.000000026,77.06633,204,23
1970-01-01 00:00:00.000000027,76.897415,204,23
1970-01-01 00:00:00.000000028,76.94209,204,23
1970-01-01 00:00:00.000000029,77.04826,204,23
1970-01-01 00:00:00.000000025,76.40647,204,24
1970-01-01 00:00:00.000000026,76.5314,204,24
1970-01-01 00:00:00.000000027,76.472046,204,24
1970-01-01 00:00:00.000000028,76.41754,204,24
1970-01-01 00:00:00.000000029,76.42375,204,24
1970-01-01 00:00:00.000000030,76.47343,204,24
1970-01-01 00:00:00.000000026,75.75842,204,25
1970-01-01 00:00:00.000000027,75.91241,204,25
1970-01-01 00:00:00.000000028,75.8501,204,25
1970-01-01 00:00:00.000000029,75.81055,204,25
1970-01-01 00:00:00.000000030,75.76264,204,25
1970-01-01 00:00:00.000000031,75.90541,204,25
1970-01-01 00:00:00.000000027,75.32016,204,26
1970-01-01 00:00:00.000000028,75.52253,204,26
1970-01-01 00:00:00.000000029,75.41164,204,26
1970-01-01 00:00:00.000000030,75.42055,204,26
1970-01-01 00:00:00.000000031,75.3912,204,26
1970-01-01 00:00:00.000000032,75.55154,204,26
1970-01-01 00:00:00.000000028,75.012436,204,27
1970-01-01 00:00:00.000000029,75.1864,204,27
1970-01-01 00:00:00.000000030,75.1301,204,27
1970-01-01 00:00:00.000000031,75.10883,204,27
1970-01-01 00:00:00.000000032,75.093414,204,27
1970-01-01 00:00:00.000000033,75.347084,204,27
1970-01-01 00:00:00.000000029,74.88575,204,28
1970-01-01 00:00:00.000000030,75.10196,204,28
1970-01-01 00:00:00.000000031,75.09978,204,28
1970-01-01 00:00:00.000000032,75.00054,204,28
1970-01-01 00:00:00.000000033,75.05862,204,28
1970-01-01 00:00:00.000000034,75.21521,204,28
1970-01-01 00:00:00.000000030,74.87759,204,29
1970-01-01 00:00:00.000000031,75.067986,204,29
1970-01-01 00:00:00.000000032,75.13467,204,29
1970-01-01 00:00:00.000000033,75.02218,204,29
1970-01-01 00:00:00.000000034,75.06319,204,29
1970-01-01 00:00:00.000000035,75.22765,204,29
1970-01-01 00:00:00.000000031,74.98581,204,30
1970-01-01 00:00:00.000000032,75.14863,204,30
1970-01-01 00:00:00.000000033,75.26816,204,30
1970-01-01 00:00:00.000000034,75.13735,204,30
1970-01-01 00:00:00.000000035,75.13291,204,30
1970-01-01 00:00:00.000000036,75.282555,204,30
1970-01-01 00:00:00.000000032,74.90536,204,31
1970-01-01 00:00:00.000000033,75.027824,204,31
1970-01-01 00:00:00.000000034,75.11892,204,31
1970-01-01 00:00:00.000000035,75.00454,204,31
1970-01-01 00:00:00.000000036,74.98381,204,31
1970-01-01 00:00:00.000000037,75.08433,204,31
1970-01-01 00:00:00.000000033,74.22124,204,32
1970-01-01 00:00:00.000000034,74.35014,204,32
1970-01-01 00:00:00.000000035,74.3154,204,32
1970-01-01 00:00:00.000000036,74.22856,204,32
1970-01-01 00:00:00.000000037,74.20056,204,32
1970-01-01 00:00:00.000000038,74.25894,204,32
1970-01-01 00:00:00.000000034,73.66418,204,33
1970-01-01 00:00:00.000000035,73.82284,204,33
1970-01-01 00:00:00.000000036,73.76236,204,33
1970-01-01 00:00:00.000000037,73.71525,204,33
1970-01-01 00:00:00.000000038,73.67738,204,33
1970-01-01 00:00:00.000000039,73.77097,204,33
1970-01-01 00:00:00.000000035,73.05986,204,34
1970-01-01 00:00:00.000000036,73.24111,204,34
1970-01-01 00:00:00.000000037,73.13632,204,34
1970-01-01 00:00:00.000000038,73.13246,204,34
1970-01-01 00:00:00.000000039,73.07599,204,34
1970-01-01 00:00:00.000000040,73.26918,204,34
1970-01-01 00:00:00.000000036,71.71061,204,35
1970-01-01 00:00:00.000000037,72.054436,204,35
1970-01-01 00:00:00.000000038,71.8108,204,35
1970-01-01 00:00:00.000000039,71.78353,204,35
1970-01-01 00:00:00.000000040,71.80135,204,35
1970-01-01 00:00:00.000000041,71.93598,204,35
1970-01-01 00:00:00.000000037,70.66574,204,36
1970-01-01 00:00:00.000000038,70.9948,204,36
1970-01-01 00:00:00.000000039,70.73075,204,36
1970-01-01 00:00:00.000000040,70.82013,204,36
1970-01-01 00:00:00.000000041,70.82553,204,36
1970-01-01 00:00:00.000000042,71.08664,204,36
1970-01-01 00:00:00.000000038,69.33886,204,37
1970-01-01 00:00:00.000000039,69.7325,204,37
1970-01-01 00:00:00.000000040,69.45897,204,37
1970-01-01 00:00:00.000000041,69.482796,204,37
1970-01-01 00:00:00.000000042,69.4537,204,37
1970-01-01 00:00:00.000000043,69.8567,204,37
1970-01-01 00:00:00.000000039,68.71188,204,38
1970-01-01 00:00:00.000000040,69.13877,204,38
1970-01-01 00:00:00.000000041,68.898605,204,38
1970-01-01 00:00:00.000000042,68.91981,204,38
1970-01-01 00:00:00.000000043,69.01083,204,38
1970-01-01 00:00:00.000000044,69.32963,204,38
1970-01-01 00:00:00.000000040,71.79705,204,39
1970-01-01 00:00:00.000000041,72.27461,204,39
1970-01-01 00:00:00.000000042,72.617294,204,39
1970-01-01 00:00:00.000000043,72.43179,204,39
1970-01-01 00:00:00.000000044,72.34299,204,39
1970-01-01 00:00:00.000000045,72.919556,204,39
1970-01-01 00:00:00.000000041,68.396576,204,40
1970-01-01 00:00:00.000000042,68.933395,204,40
1970-01-01 00:00:00.000000043,68.89207,204,40
1970-01-01 00:00:00.000000044,68.05876,204,40
1970-01-01 00:00:00.000000045,68.32972,204,40
1970-01-01 00:00:00.000000046,68.32836,204,40
1970-01-01 00:00:00.000000042,67.44742,204,41
1970-01-01 00:00:00.000000043,67.820564,204,41
1970-01-01 00:00:00.000000044,67.48638,204,41
1970-01-01 00:00:00.000000045,67.57001,204,41
1970-01-01 00:00:00.000000046,67.74069,204,41
1970-01-01 00:00:00.000000047,67.24739,204,41
1970-01-01 00:00:00.000000043,68.84043,204,42
1970-01-01 00:00:00.000000044,68.38977,204,42
1970-01-01 00:00:00.000000045,68.7935,204,42
1970-01-01 00:00:00.000000046,68.915146,204,42
1970-01-01 00:00:00.000000047,68.178444,204,42
1970-01-01 00:00:00.000000048,69.759895,204,42
1970-01-01 00:00:00.000000044,69.2588,204,43
1970-01-01 00:00:00.000000045,70.47563,204,43
1970-01-01 00:00:00.000000046,70.52323,204,43
1970-01-01 00:00:00.000000047,69.88814,204,43
1970-01-01 00:00:00.000000048,69.94851,204,43
1970-01-01 00:00:00.000000049,69.80899,204,43
1970-01-01 00:00:00.000000045,70.43877,204,44
1970-01-01 00:00:00.000000046,71.04272,204,44
1970-01-01 00:00:00.000000047,70.98516,204,44
1970-01-01 00:00:00.000000048,71.15486,204,44
1970-01-01 00:00:00.000000049,71.3244,204,44
1970-01-01 00:00:00.000000050,71.08708,204,44
1970-01-01 00:00:00.000000046,69.21426,204,45
1970-01-01 00:00:00.000000047,69.07921,204,45
1970-01-01 00:00:00.000000048,69.14165,204,45
1970-01-01 00:00:00.000000049,69.07761,204,45
1970-01-01 00:00:00.000000050,68.924065,204,45
1970-01-01 00:00:00.000000051,69.19126,204,45
1970-01-01 00:00:00.000000047,67.35881,204,46
1970-01-01 00:00:00.000000048,67.709625,204,46
1970-01-01 00:00:00.000000049,67.74177,204,46
1970-01-01 00:00:00.000000050,67.45678,204,46
1970-01-01 00:00:00.000000051,67.40487,204,46
1970-01-01 00:00:00.000000052,67.42459,204,46
1970-01-01 00:00:00.000000048,65.862076,204,47
1970-01-01 00:00:00.000000049,66.33552,204,47
1970-01-01 00:00:00.000000050,66.21124,204,47
1970-01-01 00:00:00.000000051,66.11815,204,47
1970-01-01 00:00:00.000000052,66.04438,204,47
1970-01-01 00:00:00.000000053,66.205734,204,47
1970-01-01 00:00:00.000000049,63.338207,204,48
1970-01-01 00:00:00.000000050,63.97445,204,48
1970-01-01 00:00:00.000000051,63.58693,204,48
1970-01-01 00:00:00.000000052,63.610455,204,48
1970-01-01 00:00:00.000000053,63.446106,204,48
1970-01-01 00:00:00.000000054,63.97024,204,48
1970-01-01 00:00:00.000000050,64.15199,204,49
1970-01-01 00:00:00.000000051,64.69939,204,49
1970-01-01 00:00:00.000000052,64.55754,204,49
1970-01-01 00:00:00.000000053,64.63535,204,49
1970-01-01 00:00:00.000000054,64.74123,204,49
1970-01-01 00:00:00.000000055,65.220856,204,49
1970-01-01 00:00:00.000000051,65.669,204,50
1970-01-01 00:00:00.000000052,66.45903,204,50
1970-01-01 00:00:00.000000053,67.01219,204,50
1970-01-01 00:00:00.000000054,66.32825,204,50
1970-01-01 00:00:00.000000055,66.33012,204,50
1970-01-01 00:00:00.000000056,67.1608,204,50
1970-01-01 00:00:00.000000052,67.671906,204,51
1970-01-01 00:00:00.000000053,69.37661,204,51
1970-01-01 00:00:00.000000054,69.32114,204,51
1970-01-01 00:00:00.000000055,69.26762,204,51
1970-01-01 00:00:00.000000056,69.4709,204,51
1970-01-01 00:00:00.000000057,69.24486,204,51
1970-01-01 00:00:00.000000053,63.315586,204,52
1970-01-01 00:00:00.000000054,63.23774,204,52
1970-01-01 00:00:00.000000055,63.444393,204,52
1970-01-01 00:00:00.000000056,62.674885,204,52
1970-01-01 00:00:00.000000057,62.631817,204,52
1970-01-01 00:00:00.000000058,62.897545,204,52
1970-01-01 00:00:00.000000054,63.51631,204,53
1970-01-01 00:00:00.000000055,63.86727,204,53
1970-01-01 00:00:00.000000056,63.735523,204,53
1970-01-01 00:00:00.000000057,63.818104,204,53
1970-01-01 00:00:00.000000058,63.41702,204,53
1970-01-01 00:00:00.000000059,63.814896,204,53
1970-01-01 00:00:00.000000055,66.932594,204,54
1970-01-01 00:00:00.000000056,66.624016,204,54
1970-01-01 00:00:00.000000057,67.37116,204,54
1970-01-01 00:00:00.000000058,67.29102,204,54
1970-01-01 00:00:00.000000059,66.14475,204,54
1970-01-01 00:00:00.000000060,68.43215,204,54
1970-01-01 00:00:00.000000007,59.516228,205,6
1970-01-01 00:00:00.000000008,59.551304,205,6
1970-01-01 00:00:00.000000009,59.192116,205,6
1970-01-01 00:00:00.000000010,59.001083,205,6
1970-01-01 00:00:00.000000011,59.04398,205,6
1970-01-01 00:00:00.000000012,58.925785,205,6
1970-01-01 00:00:00.000000008,58.816093,205,7
1970-01-01 00:00:00.000000009,58.754612,205,7
1970-01-01 00:00:00.000000010,58.423664,205,7
1970-01-01 00:00:00.000000011,58.303993,205,7
1970-01-01 00:00:00.000000012,58.302414,205,7
1970-01-01 00:00:00.000000013,58.2546,205,7
1970-01-01 00:00:00.000000009,57.96063,205,8
1970-01-01 00:00:00.000000010,57.922585,205,8
1970-01-01 00:00:00.000000011,57.602024,205,8
1970-01-01 00:00:00.000000012,57.496853,205,8
1970-01-01 00:00:00.000000013,57.43361,205,8
1970-01-01 00:00:00.000000014,57.43681,205,8
1970-01-01 00:00:00.000000010,56.72878,205,9
1970-01-01 00:00:00.000000011,56.72446,205,9
1970-01-01 00:00:00.000000012,56.350853,205,9
1970-01-01 00:00:00.000000013,56.230507,205,9
1970-01-01 00:00:00.000000014,56.181614,205,9
1970-01-01 00:00:00.000000015,56.116478,205,9
1970-01-01 00:00:00.000000011,55.52463,205,10
1970-01-01 00:00:00.000000012,55.48316,205,10
1970-01-01 00:00:00.000000013,55.10935,205,10
1970-01-01 00:00:00.000000014,55.022,205,10
1970-01-01 00:00:00.000000015,54.918552,205,10
1970-01-01 00:00:00.000000016,54.95066,205,10
1970-01-01 00:00:00.000000012,53.903904,205,11
1970-01-01 00:00:00.000000013,53.897915,205,11
1970-01-01 00:00:00.000000014,53.44321,205,11
1970-01-01 00:00:00.000000015,53.2654,205,11
1970-01-01 00:00:00.000000016,53.18911,205,11
1970-01-01 00:00:00.000000017,53.17647,205,11
1970-01-01 00:00:00.000000013,51.77305,205,12
1970-01-01 00:00:00.000000014,51.779503,205,12
1970-01-01 00:00:00.000000015,51.212376,205,12
1970-01-01 00:00:00.000000016,51.025417,205,12
1970-01-01 00:00:00.000000017,50.95587,205,12
1970-01-01 00:00:00.000000018,50.841663,205,12
1970-01-01 00:00:00.000000014,48.6825,205,13
1970-01-01 00:00:00.000000015,48.725586,205,13
1970-01-01 00:00:00.000000016,48.063007,205,13
1970-01-01 00:00:00.000000017,47.788437,205,13
1970-01-01 00:00:00.000000018,47.673176,205,13
1970-01-01 00:00:00.000000019,47.556602,205,13
1970-01-01 00:00:00.000000015,46.373573,205,14
1970-01-01 00:00:00.000000016,46.31783,205,14
1970-01-01 00:00:00.000000017,45.590977,205,14
1970-01-01 00:00:00.000000018,45.4671,205,14
1970-01-01 00:00:00.000000019,45.262512,205,14
1970-01-01 00:00:00.000000020,45.30821,205,14
1970-01-01 00:00:00.000000016,44.895084,205,15
1970-01-01 00:00:00.000000017,44.837006,205,15
1970-01-01 00:00:00.000000018,44.11474,205,15
1970-01-01 00:00:00.000000019,43.878483,205,15
1970-01-01 00:00:00.000000020,43.732708,205,15
1970-01-01 00:00:00.000000021,43.95816,205,15
1970-01-01 00:00:00.000000017,44.406624,205,16
1970-01-01 00:00:00.000000018,44.641544,205,16
1970-01-01 00:00:00.000000019,44.06243,205,16
1970-01-01 00:00:00.000000020,43.657154,205,16
1970-01-01 00:00:00.000000021,43.755016,205,16
1970-01-01 00:00:00.000000022,43.595367,205,16
1970-01-01 00:00:00.000000018,43.596672,205,17
1970-01-01 00:00:00.000000019,43.53464,205,17
1970-01-01 00:00:00.000000020,43.11091,205,17
1970-01-01 00:00:00.000000021,42.674347,205,17
1970-01-01 00:00:00.000000022,42.770935,205,17
1970-01-01 00:00:00.000000023,42.76477,205,17
1970-01-01 00:00:00.000000019,42.75142,205,18
1970-01-01 00:00:00.000000020,42.739304,205,18
1970-01-01 00:00:00.000000021,42.222183,205,18
1970-01-01 00:00:00.000000022,41.971325,205,18
1970-01-01 00:00:00.000000023,42.0834,205,18
1970-01-01 00:00:00.000000024,41.928684,205,18
1970-01-01 00:00:00.000000020,42.509384,205,19
1970-01-01 00:00:00.000000021,42.41459,205,19
1970-01-01 00:00:00.000000022,42.065197,205,19
1970-01-01 00:00:00.000000023,42.039234,205,19
1970-01-01 00:00:00.000000024,41.98482,205,19
1970-01-01 00:00:00.000000025,42.066074,205,19
1970-01-01 00:00:00.000000021,42.764713,205,20
1970-01-01 00:00:00.000000022,42.848568,205,20
1970-01-01 00:00:00.000000023,42.700485,205,20
1970-01-01 00:00:00.000000024,42.57487,205,20
1970-01-01 00:00:00.000000025,42.51686,205,20
1970-01-01 00:00:00.000000026,42.62258,205,20
1970-01-01 00:00:00.000000022,42.045544,205,21
1970-01-01 00:00:00.000000023,42.115215,205,21
1970-01-01 00:00:00.000000024,41.87456,205,21
1970-01-01 00:00:00.000000025,41.59342,205,21
1970-01-01 00:00:00.000000026,41.70957,205,21
1970-01-01 00:00:00.000000027,41.57395,205,21
1970-01-01 00:00:00.000000023,42.26145,205,22
1970-01-01 00:00:00.000000024,42.160946,205,22
1970-01-01 00:00:00.000000025,42.066383,205,22
1970-01-01 00:00:00.000000026,42.097427,205,22
1970-01-01 00:00:00.000000027,42.074203,205,22
1970-01-01 00:00:00.000000028,42.064587,205,22
1970-01-01 00:00:00.000000024,41.865177,205,23
1970-01-01 00:00:00.000000025,41.809082,205,23
1970-01-01 00:00:00.000000026,41.732864,205,23
1970-01-01 00:00:00.000000027,41.60285,205,23
1970-01-01 00:00:00.000000028,41.499752,205,23
1970-01-01 00:00:00.000000029,41.677555,205,23
1970-01-01 00:00:00.000000025,41.27678,205,24
1970-01-01 00:00:00.000000026,41.358868,205,24
1970-01-01 00:00:00.000000027,41.146202,205,24
1970-01-01 00:00:00.000000028,41.039223,205,24
1970-01-01 00:00:00.000000029,41.08766,205,24
1970-01-01 00:00:00.000000030,40.89942,205,24
1970-01-01 00:00:00.000000026,40.91099,205,25
1970-01-01 00:00:00.000000027,40.79512,205,25
1970-01-01 00:00:00.000000028,40.694935,205,25
1970-01-01 00:00:00.000000029,40.696224,205,25
1970-01-01 00:00:00.000000030,40.583427,205,25
1970-01-01 00:00:00.000000031,40.739525,205,25
1970-01-01 00:00:00.000000027,41.161705,205,26
1970-01-01 00:00:00.000000028,41.244152,205,26
1970-01-01 00:00:00.000000029,41.21667,205,26
1970-01-01 00:00:00.000000030,41.172432,205,26
1970-01-01 00:00:00.000000031,41.06169,205,26
1970-01-01 00:00:00.000000032,41.149734,205,26
1970-01-01 00:00:00.000000028,41.294094,205,27
1970-01-01 00:00:00.000000029,41.384483,205,27
1970-01-01 00:00:00.000000030,41.463303,205,27
1970-01-01 00:00:00.000000031,41.297127,205,27
1970-01-01 00:00:00.000000032,41.288425,205,27
1970-01-01 00:00:00.000000033,41.269012,205,27
1970-01-01 00:00:00.000000029,41.628403,205,28
1970-01-01 00:00:00.000000030,41.664543,205,28
1970-01-01 00:00:00.000000031,41.817486,205,28
1970-01-01 00:00:00.000000032,41.765385,205,28
1970-01-01 00:00:00.000000033,41.79431,205,28
1970-01-01 00:00:00.000000034,41.628307,205,28
1970-01-01 00:00:00.000000030,41.436687,205,29
1970-01-01 00:00:00.000000031,41.375355,205,29
1970-01-01 00:00:00.000000032,41.519646,205,29
1970-01-01 00:00:00.000000033,41.47175,205,29
1970-01-01 00:00:00.000000034,41.304787,205,29
1970-01-01 00:00:00.000000035,41.31855,205,29
1970-01-01 00:00:00.000000031,40.558975,205,30
1970-01-01 00:00:00.000000032,40.601517,205,30
1970-01-01 00:00:00.000000033,40.598473,205,30
1970-01-01 00:00:00.000000034,40.46679,205,30
1970-01-01 00:00:00.000000035,40.424477,205,30
1970-01-01 00:00:00.000000036,40.38709,205,30
1970-01-01 00:00:00.000000032,39.956734,205,31
1970-01-01 00:00:00.000000033,40.004345,205,31
1970-01-01 00:00:00.000000034,39.961548,205,31
1970-01-01 00:00:00.000000035,39.88204,205,31
1970-01-01 00:00:00.000000036,39.807312,205,31
1970-01-01 00:00:00.000000037,39.7962,205,31
1970-01-01 00:00:00.000000033,39.516148,205,32
1970-01-01 00:00:00.000000034,39.508,205,32
1970-01-01 00:00:00.000000035,39.434586,205,32
1970-01-01 00:00:00.000000036,39.384098,205,32
1970-01-01 00:00:00.000000037,39.25315,205,32
1970-01-01 00:00:00.000000038,39.37723,205,32
1970-01-01 00:00:00.000000034,38.891903,205,33
1970-01-01 00:00:00.000000035,38.924656,205,33
1970-01-01 00:00:00.000000036,38.74994,205,33
1970-01-01 00:00:00.000000037,38.630676,205,33
1970-01-01 00:00:00.000000038,38.590424,205,33
1970-01-01 00:00:00.000000039,38.593124,205,33
1970-01-01 00:00:00.000000035,38.80582,205,34
1970-01-01 00:00:00.000000036,38.78714,205,34
1970-01-01 00:00:00.000000037,38.68465,205,34
1970-01-01 00:00:00.000000038,38.64424,205,34
1970-01-01 00:00:00.000000039,38.608173,205,34
1970-01-01 00:00:00.000000040,38.623367,205,34
1970-01-01 00:00:00.000000036,39.27545,205,35
1970-01-01 00:00:00.000000037,39.291344,205,35
1970-01-01 00:00:00.000000038,39.392452,205,35
1970-01-01 00:00:00.000000039,39.314377,205,35
1970-01-01 00:00:00.000000040,39.199757,205,35
1970-01-01 00:00:00.000000041,39.387012,205,35
1970-01-01 00:00:00.000000037,39.33846,205,36
1970-01-01 00:00:00.000000038,39.53724,205,36
1970-01-01 00:00:00.000000039,39.633442,205,36
1970-01-01 00:00:00.000000040,39.420067,205,36
1970-01-01 00:00:00.000000041,39.503666,205,36
1970-01-01 00:00:00.000000042,39.3037,205,36
1970-01-01 00:00:00.000000038,39.778164,205,37
1970-01-01 00:00:00.000000039,39.732666,205,37
1970-01-01 00:00:00.000000040,39.848476,205,37
1970-01-01 00:00:00.000000041,39.943058,205,37
1970-01-01 00:00:00.000000042,39.920433,205,37
1970-01-01 00:00:00.000000043,39.71684,205,37
1970-01-01 00:00:00.000000039,39.664764,205,38
1970-01-01 00:00:00.000000040,39.577335,205,38
1970-01-01 00:00:00.000000041,39.7074,205,38
1970-01-01 00:00:00.000000042,39.756256,205,38
1970-01-01 00:00:00.000000043,39.530827,205,38
1970-01-01 00:00:00.000000044,39.62569,205,38
1970-01-01 00:00:00.000000040,38.64729,205,39
1970-01-01 00:00:00.000000041,38.699703,205,39
1970-01-01 00:00:00.000000042,38.712543,205,39
1970-01-01 00:00:00.000000043,38.566254,205,39
1970-01-01 00:00:00.000000044,38.505478,205,39
1970-01-01 00:00:00.000000045,38.47396,205,39
1970-01-01 00:00:00.000000041,38.523632,205,40
1970-01-01 00:00:00.000000042,38.501427,205,40
1970-01-01 00:00:00.000000043,38.491776,205,40
1970-01-01 00:00:00.000000044,38.49525,205,40
1970-01-01 00:00:00.000000045,38.3543,205,40
1970-01-01 00:00:00.000000046,38.423435,205,40
1970-01-01 00:00:00.000000042,38.23912,205,41
1970-01-01 00:00:00.000000043,38.237534,205,41
1970-01-01 00:00:00.000000044,38.23575,205,41
1970-01-01 00:00:00.000000045,38.138664,205,41
1970-01-01 00:00:00.000000046,37.99046,205,41
1970-01-01 00:00:00.000000047,38.164463,205,41
1970-01-01 00:00:00.000000043,38.07715,205,42
1970-01-01 00:00:00.000000044,38.188225,205,42
1970-01-01 00:00:00.000000045,38.1151,205,42
1970-01-01 00:00:00.000000046,37.994038,205,42
1970-01-01 00:00:00.000000047,37.992386,205,42
1970-01-01 00:00:00.000000048,37.885136,205,42
1970-01-01 00:00:00.000000044,38.146767,205,43
1970-01-01 00:00:00.000000045,38.069065,205,43
1970-01-01 00:00:00.000000046,38.135777,205,43
1970-01-01 00:00:00.000000047,38.09951,205,43
1970-01-01 00:00:00.000000048,37.972862,205,43
1970-01-01 00:00:00.000000049,38.131474,205,43
1970-01-01 00:00:00.000000045,37.563793,205,44
1970-01-01 00:00:00.000000046,37.607876,205,44
1970-01-01 00:00:00.000000047,37.529617,205,44
1970-01-01 00:00:00.000000048,37.401554,205,44
1970-01-01 00:00:00.000000049,37.348206,205,44
1970-01-01 00:00:00.000000050,37.339615,205,44
1970-01-01 00:00:00.000000046,37.761265,205,45
1970-01-01 00:00:00.000000047,37.747177,205,45
1970-01-01 00:00:00.000000048,37.736977,205,45
1970-01-01 00:00:00.000000049,37.77251,205,45
1970-01-01 00:00:00.000000050,37.6887,205,45
1970-01-01 00:00:00.000000051,37.688087,205,45
1970-01-01 00:00:00.000000047,38.956596,205,46
1970-01-01 00:00:00.000000048,38.85881,205,46
1970-01-01 00:00:00.000000049,39.099384,205,46
1970-01-01 00:00:00.000000050,39.08388,205,46
1970-01-01 00:00:00.000000051,38.851845,205,46
1970-01-01 00:00:00.000000052,39.173775,205,46
1970-01-01 00:00:00.000000048,38.524452,205,47
1970-01-01 00:00:00.000000049,38.90934,205,47
1970-01-01 00:00:00.000000050,38.85431,205,47
1970-01-01 00:00:00.000000051,38.79417,205,47
1970-01-01 00:00:00.000000052,38.84312,205,47
1970-01-01 00:00:00.000000053,38.464165,205,47
1970-01-01 00:00:00.000000049,39.210587,205,48
1970-01-01 00:00:00.000000050,39.049576,205,48
1970-01-01 00:00:00.000000051,39.19325,205,48
1970-01-01 00:00:00.000000052,39.27035,205,48
1970-01-01 00:00:00.000000053,39.24398,205,48
1970-01-01 00:00:00.000000054,39.163174,205,48
1970-01-01 00:00:00.000000050,39.5697,205,49
1970-01-01 00:00:00.000000051,39.46843,205,49
1970-01-01 00:00:00.000000052,39.699123,205,49
1970-01-01 00:00:00.000000053,39.74095,205,49
1970-01-01 00:00:00.000000054,39.564693,205,49
1970-01-01 00:00:00.000000055,39.64302,205,49
1970-01-01 00:00:00.000000051,39.77339,205,50
1970-01-01 00:00:00.000000052,39.782124,205,50
1970-01-01 00:00:00.000000053,39.89672,205,50
1970-01-01 00:00:00.000000054,39.902924,205,50
1970-01-01 00:00:00.000000055,39.77715,205,50
1970-01-01 00:00:00.000000056,39.59461,205,50
1970-01-01 00:00:00.000000052,39.12436,205,51
1970-01-01 00:00:00.000000053,38.982212,205,51
1970-01-01 00:00:00.000000054,39.082882,205,51
1970-01-01 00:00:00.000000055,39.135254,205,51
1970-01-01 00:00:00.000000056,38.911644,205,51
1970-01-01 00:00:00.000000057,39.003582,205,51
1970-01-01 00:00:00.000000053,39.280426,205,52
1970-01-01 00:00:00.000000054,39.257965,205,52
1970-01-01 00:00:00.000000055,39.30196,205,52
1970-01-01 00:00:00.000000056,39.404392,205,52
1970-01-01 00:00:00.000000057,39.07759,205,52
1970-01-01 00:00:00.000000058,39.160233,205,52
1970-01-01 00:00:00.000000054,38.732773,205,53
1970-01-01 00:00:00.000000055,38.728024,205,53
1970-01-01 00:00:00.000000056,38.806538,205,53
1970-01-01 00:00:00.000000057,38.69228,205,53
1970-01-01 00:00:00.000000058,38.44622,205,53
1970-01-01 00:00:00.000000059,38.6374,205,53
1970-01-01 00:00:00.000000055,39.25188,205,54
1970-01-01 00:00:00.000000056,39.238293,205,54
1970-01-01 00:00:00.000000057,39.297104,205,54
1970-01-01 00:00:00.000000058,39.31615,205,54
1970-01-01 00:00:00.000000059,39.109386,205,54
1970-01-01 00:00:00.000000060,39.123104,205,54
1970-01-01 00:00:00.000000007,41.36533,206,6
1970-01-01 00:00:00.000000008,41.998085,206,6
1970-01-01 00:00:00.000000009,41.815403,206,6
1970-01-01 00:00:00.000000010,41.520542,206,6
1970-01-01 00:00:00.000000011,41.71983,206,6
1970-01-01 00:00:00.000000012,42.237705,206,6
1970-01-01 00:00:00.000000008,38.873116,206,7
1970-01-01 00:00:00.000000009,39.522083,206,7
1970-01-01 00:00:00.000000010,38.897293,206,7
1970-01-01 00:00:00.000000011,38.80613,206,7
1970-01-01 00:00:00.000000012,39.183582,206,7
1970-01-01 00:00:00.000000013,39.22904,206,7
1970-01-01 00:00:00.000000009,41.348343,206,8
1970-01-01 00:00:00.000000010,41.372475,206,8
1970-01-01 00:00:00.000000011,41.530262,206,8
1970-01-01 00:00:00.000000012,41.83721,206,8
1970-01-01 00:00:00.000000013,41.68616,206,8
1970-01-01 00:00:00.000000014,42.56449,206,8
1970-01-01 00:00:00.000000010,41.96128,206,9
1970-01-01 00:00:00.000000011,42.815517,206,9
1970-01-01 00:00:00.000000012,43.28431,206,9
1970-01-01 00:00:00.000000013,42.44917,206,9
1970-01-01 00:00:00.000000014,42.4038,206,9
1970-01-01 00:00:00.000000015,43.1814,206,9
1970-01-01 00:00:00.000000011,42.926956,206,10
1970-01-01 00:00:00.000000012,44.392456,206,10
1970-01-01 00:00:00.000000013,44.129345,206,10
1970-01-01 00:00:00.000000014,44.200794,206,10
1970-01-01 00:00:00.000000015,44.494022,206,10
1970-01-01 00:00:00.000000016,43.76634,206,10
1970-01-01 00:00:00.000000012,44.361366,206,11
1970-01-01 00:00:00.000000013,44.02344,206,11
1970-01-01 00:00:00.000000014,44.262814,206,11
1970-01-01 00:00:00.000000015,44.40401,206,11
1970-01-01 00:00:00.000000016,44.37993,206,11
1970-01-01 00:00:00.000000017,44.918076,206,11
1970-01-01 00:00:00.000000013,44.34505,206,12
1970-01-01 00:00:00.000000014,44.91361,206,12
1970-01-01 00:00:00.000000015,44.954052,206,12
1970-01-01 00:00:00.000000016,44.978977,206,12
1970-01-01 00:00:00.000000017,44.556084,206,12
1970-01-01 00:00:00.000000018,44.81514,206,12
1970-01-01 00:00:00.000000014,41.759,206,13
1970-01-01 00:00:00.000000015,42.07212,206,13
1970-01-01 00:00:00.000000016,42.166836,206,13
1970-01-01 00:00:00.000000017,41.95896,206,13
1970-01-01 00:00:00.000000018,41.678364,206,13
1970-01-01 00:00:00.000000019,41.900898,206,13
1970-01-01 00:00:00.000000015,45.5143,206,14
1970-01-01 00:00:00.000000016,46.037746,206,14
1970-01-01 00:00:00.000000017,46.50741,206,14
1970-01-01 00:00:00.000000018,46.453568,206,14
1970-01-01 00:00:00.000000019,46.163612,206,14
1970-01-01 00:00:00.000000020,47.264713,206,14
1970-01-01 00:00:00.000000016,46.932636,206,15
1970-01-01 00:00:00.000000017,47.810883,206,15
1970-01-01 00:00:00.000000018,48.39671,206,15
1970-01-01 00:00:00.000000019,48.242348,206,15
1970-01-01 00:00:00.000000020,48.373783,206,15
1970-01-01 00:00:00.000000021,48.79613,206,15
1970-01-01 00:00:00.000000017,48.093895,206,16
1970-01-01 00:00:00.000000018,49.14907,206,16
1970-01-01 00:00:00.000000019,49.357624,206,16
1970-01-01 00:00:00.000000020,49.622547,206,16
1970-01-01 00:00:00.000000021,49.819614,206,16
1970-01-01 00:00:00.000000022,48.586727,206,16
1970-01-01 00:00:00.000000018,46.30332,206,17
1970-01-01 00:00:00.000000019,45.42364,206,17
1970-01-01 00:00:00.000000020,46.37087,206,17
1970-01-01 00:00:00.000000021,46.001266,206,17
1970-01-01 00:00:00.000000022,45.334827,206,17
1970-01-01 00:00:00.000000023,46.07359,206,17
1970-01-01 00:00:00.000000019,44.919205,206,18
1970-01-01 00:00:00.000000020,45.616497,206,18
1970-01-01 00:00:00.000000021,45.332287,206,18
1970-01-01 00:00:00.000000022,45.008495,206,18
1970-01-01 00:00:00.000000023,44.397068,206,18
1970-01-01 00:00:00.000000024,44.6843,206,18
1970-01-01 00:00:00.000000020,45.75949,206,19
1970-01-01 00:00:00.000000021,45.805954,206,19
1970-01-01 00:00:00.000000022,45.771515,206,19
1970-01-01 00:00:00.000000023,45.635914,206,19
1970-01-01 00:00:00.000000024,45.07532,206,19
1970-01-01 00:00:00.000000025,45.964535,206,19
1970-01-01 00:00:00.000000021,47.27476,206,20
1970-01-01 00:00:00.000000022,47.381435,206,20
1970-01-01 00:00:00.000000023,47.324886,206,20
1970-01-01 00:00:00.000000024,47.21054,206,20
1970-01-01 00:00:00.000000025,46.910183,206,20
1970-01-01 00:00:00.000000026,47.09459,206,20
1970-01-01 00:00:00.000000022,48.1793,206,21
1970-01-01 00:00:00.000000023,48.78644,206,21
1970-01-01 00:00:00.000000024,48.847458,206,21
1970-01-01 00:00:00.000000025,48.83372,206,21
1970-01-01 00:00:00.000000026,48.80883,206,21
1970-01-01 00:00:00.000000027,48.93799,206,21
1970-01-01 00:00:00.000000023,44.082924,206,22
1970-01-01 00:00:00.000000024,44.38718,206,22
1970-01-01 00:00:00.000000025,44.270798,206,22
1970-01-01 00:00:00.000000026,43.807846,206,22
1970-01-01 00:00:00.000000027,43.95201,206,22
1970-01-01 00:00:00.000000028,43.842533,206,22
1970-01-01 00:00:00.000000024,41.987183,206,23
1970-01-01 00:00:00.000000025,42.63927,206,23
1970-01-01 00:00:00.000000026,42.465275,206,23
1970-01-01 00:00:00.000000027,42.39402,206,23
1970-01-01 00:00:00.000000028,42.42467,206,23
1970-01-01 00:00:00.000000029,42.305202,206,23
1970-01-01 00:00:00.000000025,42.598175,206,24
1970-01-01 00:00:00.000000026,42.784508,206,24
1970-01-01 00:00:00.000000027,42.85091,206,24
1970-01-01 00:00:00.000000028,43.09624,206,24
1970-01-01 00:00:00.000000029,42.64141,206,24
1970-01-01 00:00:00.000000030,43.86399,206,24
1970-01-01 00:00:00.000000026,41.69988,206,25
1970-01-01 00:00:00.000000027,43.005016,206,25
1970-01-01 00:00:00.000000028,42.961376,206,25
1970-01-01 00:00:00.000000029,42.2518,206,25
1970-01-01 00:00:00.000000030,42.69221,206,25
1970-01-01 00:00:00.000000031,42.69543,206,25
1970-01-01 00:00:00.000000027,43.965065,206,26
1970-01-01 00:00:00.000000028,44.637627,206,26
1970-01-01 00:00:00.000000029,44.947384,206,26
1970-01-01 00:00:00.000000030,45.130127,206,26
1970-01-01 00:00:00.000000031,45.494022,206,26
1970-01-01 00:00:00.000000032,45.51794,206,26
1970-01-01 00:00:00.000000028,45.509453,206,27
1970-01-01 00:00:00.000000029,45.8678,206,27
1970-01-01 00:00:00.000000030,46.087868,206,27
1970-01-01 00:00:00.000000031,46.14309,206,27
1970-01-01 00:00:00.000000032,45.932636,206,27
1970-01-01 00:00:00.000000033,46.6541,206,27
1970-01-01 00:00:00.000000029,46.62421,206,28
1970-01-01 00:00:00.000000030,47.27845,206,28
1970-01-01 00:00:00.000000031,47.344437,206,28
1970-01-01 00:00:00.000000032,47.412914,206,28
1970-01-01 00:00:00.000000033,47.347546,206,28
1970-01-01 00:00:00.000000034,47.38818,206,28
1970-01-01 00:00:00.000000030,48.770214,206,29
1970-01-01 00:00:00.000000031,48.889427,206,29
1970-01-01 00:00:00.000000032,49.135902,206,29
1970-01-01 00:00:00.000000033,49.19154,206,29
1970-01-01 00:00:00.000000034,49.137875,206,29
1970-01-01 00:00:00.000000035,49.74164,206,29
1970-01-01 00:00:00.000000031,50.53953,206,30
1970-01-01 00:00:00.000000032,51.17612,206,30
1970-01-01 00:00:00.000000033,51.37498,206,30
1970-01-01 00:00:00.000000034,51.418213,206,30
1970-01-01 00:00:00.000000035,51.20277,206,30
1970-01-01 00:00:00.000000036,51.61748,206,30
1970-01-01 00:00:00.000000032,46.87069,206,31
1970-01-01 00:00:00.000000033,47.070538,206,31
1970-01-01 00:00:00.000000034,47.03658,206,31
1970-01-01 00:00:00.000000035,46.70767,206,31
1970-01-01 00:00:00.000000036,46.02478,206,31
1970-01-01 00:00:00.000000037,46.58448,206,31
1970-01-01 00:00:00.000000033,47.06609,206,32
1970-01-01 00:00:00.000000034,47.450066,206,32
1970-01-01 00:00:00.000000035,47.19316,206,32
1970-01-01 00:00:00.000000036,47.284904,206,32
1970-01-01 00:00:00.000000037,46.63039,206,32
1970-01-01 00:00:00.000000038,47.298775,206,32
1970-01-01 00:00:00.000000034,47.578278,206,33
1970-01-01 00:00:00.000000035,47.67608,206,33
1970-01-01 00:00:00.000000036,47.934196,206,33
1970-01-01 00:00:00.000000037,47.64068,206,33
1970-01-01 00:00:00.000000038,46.74137,206,33
1970-01-01 00:00:00.000000039,48.184814,206,33
1970-01-01 00:00:00.000000035,48.4126,206,34
1970-01-01 00:00:00.000000036,49.15325,206,34
1970-01-01 00:00:00.000000037,49.118015,206,34
1970-01-01 00:00:00.000000038,48.82586,206,34
1970-01-01 00:00:00.000000039,48.838833,206,34
1970-01-01 00:00:00.000000040,48.61855,206,34
1970-01-01 00:00:00.000000036,49.672043,206,35
1970-01-01 00:00:00.000000037,49.631207,206,35
1970-01-01 00:00:00.000000038,49.947243,206,35
1970-01-01 00:00:00.000000039,50.03389,206,35
1970-01-01 00:00:00.000000040,49.87566,206,35
1970-01-01 00:00:00.000000041,50.359158,206,35
1970-01-01 00:00:00.000000037,49.412014,206,36
1970-01-01 00:00:00.000000038,49.67288,206,36
1970-01-01 00:00:00.000000039,49.681057,206,36
1970-01-01 00:00:00.000000040,49.69442,206,36
1970-01-01 00:00:00.000000041,49.660713,206,36
1970-01-01 00:00:00.000000042,49.61205,206,36
1970-01-01 00:00:00.000000038,48.704536,206,37
1970-01-01 00:00:00.000000039,48.674534,206,37
1970-01-01 00:00:00.000000040,48.682285,206,37
1970-01-01 00:00:00.000000041,48.63096,206,37
1970-01-01 00:00:00.000000042,48.551796,206,37
1970-01-01 00:00:00.000000043,48.599632,206,37
1970-01-01 00:00:00.000000039,48.572624,206,38
1970-01-01 00:00:00.000000040,48.62572,206,38
1970-01-01 00:00:00.000000041,48.633904,206,38
1970-01-01 00:00:00.000000042,48.65163,206,38
1970-01-01 00:00:00.000000043,48.37686,206,38
1970-01-01 00:00:00.000000044,48.72574,206,38
1970-01-01 00:00:00.000000040,49.373585,206,39
1970-01-01 00:00:00.000000041,49.430195,206,39
1970-01-01 00:00:00.000000042,49.52462,206,39
1970-01-01 00:00:00.000000043,49.498924,206,39
1970-01-01 00:00:00.000000044,49.166256,206,39
1970-01-01 00:00:00.000000045,49.633327,206,39
1970-01-01 00:00:00.000000041,49.220474,206,40
1970-01-01 00:00:00.000000042,49.46936,206,40
1970-01-01 00:00:00.000000043,49.52473,206,40
1970-01-01 00:00:00.000000044,49.429775,206,40
1970-01-01 00:00:00.000000045,49.3579,206,40
1970-01-01 00:00:00.000000046,49.354282,206,40
1970-01-01 00:00:00.000000042,51.450756,206,41
1970-01-01 00:00:00.000000043,52.126957,206,41
1970-01-01 00:00:00.000000044,52.370525,206,41
1970-01-01 00:00:00.000000045,52.39244,206,41
1970-01-01 00:00:00.000000046,52.26707,206,41
1970-01-01 00:00:00.000000047,52.766624,206,41
1970-01-01 00:00:00.000000043,53.05338,206,42
1970-01-01 00:00:00.000000044,53.670162,206,42
1970-01-01 00:00:00.000000045,53.894142,206,42
1970-01-01 00:00:00.000000046,53.869846,206,42
1970-01-01 00:00:00.000000047,53.77587,206,42
1970-01-01 00:00:00.000000048,54.148014,206,42
1970-01-01 00:00:00.000000044,50.026302,206,43
1970-01-01 00:00:00.000000045,50.15037,206,43
1970-01-01 00:00:00.000000046,50.107834,206,43
1970-01-01 00:00:00.000000047,49.675694,206,43
1970-01-01 00:00:00.000000048,49.49081,206,43
1970-01-01 00:00:00.000000049,49.48099,206,43
1970-01-01 00:00:00.000000045,50.015358,206,44
1970-01-01 00:00:00.000000046,50.02015,206,44
1970-01-01 00:00:00.000000047,50.016983,206,44
1970-01-01 00:00:00.000000048,50.177555,206,44
1970-01-01 00:00:00.000000049,49.60023,206,44
1970-01-01 00:00:00.000000050,50.476128,206,44
1970-01-01 00:00:00.000000046,51.24367,206,45
1970-01-01 00:00:00.000000047,51.36444,206,45
1970-01-01 00:00:00.000000048,51.6739,206,45
1970-01-01 00:00:00.000000049,51.339737,206,45
1970-01-01 00:00:00.000000050,50.20783,206,45
1970-01-01 00:00:00.000000051,51.859703,206,45
1970-01-01 00:00:00.000000047,51.897255,206,46
1970-01-01 00:00:00.000000048,52.659042,206,46
1970-01-01 00:00:00.000000049,52.5956,206,46
1970-01-01 00:00:00.000000050,52.414448,206,46
1970-01-01 00:00:00.000000051,52.497448,206,46
1970-01-01 00:00:00.000000052,52.104527,206,46
1970-01-01 00:00:00.000000048,51.677288,206,47
1970-01-01 00:00:00.000000049,51.533863,206,47
1970-01-01 00:00:00.000000050,51.79043,206,47
1970-01-01 00:00:00.000000051,51.74031,206,47
1970-01-01 00:00:00.000000052,51.5398,206,47
1970-01-01 00:00:00.000000053,51.835327,206,47
1970-01-01 00:00:00.000000049,50.721684,206,48
1970-01-01 00:00:00.000000050,50.954323,206,48
1970-01-01 00:00:00.000000051,50.910076,206,48
1970-01-01 00:00:00.000000052,50.813164,206,48
1970-01-01 00:00:00.000000053,50.724472,206,48
1970-01-01 00:00:00.000000054,50.632553,206,48
1970-01-01 00:00:00.000000050,50.44801,206,49
1970-01-01 00:00:00.000000051,50.523746,206,49
1970-01-01 00:00:00.000000052,50.568832,206,49
1970-01-01 00:00:00.000000053,50.514603,206,49
1970-01-01 00:00:00.000000054,50.384247,206,49
1970-01-01 00:00:00.000000055,50.611755,206,49
1970-01-01 00:00:00.000000051,50.87109,206,50
1970-01-01 00:00:00.000000052,51.06647,206,50
1970-01-01 00:00:00.000000053,51.0943,206,50
1970-01-01 00:00:00.000000054,51.016285,206,50
1970-01-01 00:00:00.000000055,50.91387,206,50
1970-01-01 00:00:00.000000056,51.08143,206,50
1970-01-01 00:00:00.000000052,51.39983,206,51
1970-01-01 00:00:00.000000053,51.677223,206,51
1970-01-01 00:00:00.000000054,51.84649,206,51
1970-01-01 00:00:00.000000055,51.67525,206,51
1970-01-01 00:00:00.000000056,51.656834,206,51
1970-01-01 00:00:00.000000057,51.851616,206,51
1970-01-01 00:00:00.000000053,51.262558,206,52
1970-01-01 00:00:00.000000054,51.60462,206,52
1970-01-01 00:00:00.000000055,51.616764,206,52
1970-01-01 00:00:00.000000056,51.535065,206,52
1970-01-01 00:00:00.000000057,51.56799,206,52
1970-01-01 00:00:00.000000058,51.42197,206,52
1970-01-01 00:00:00.000000054,52.02147,206,53
1970-01-01 00:00:00.000000055,52.128845,206,53
1970-01-01 00:00:00.000000056,52.167606,206,53
1970-01-01 00:00:00.000000057,52.23804,206,53
1970-01-01 00:00:00.000000058,52.245167,206,53
1970-01-01 00:00:00.000000059,52.314095,206,53
1970-01-01 00:00:00.000000055,52.406902,206,54
1970-01-01 00:00:00.000000056,52.593483,206,54
1970-01-01 00:00:00.000000057,52.66533,206,54
1970-01-01 00:00:00.000000058,52.683437,206,54
1970-01-01 00:00:00.000000059,52.578915,206,54
1970-01-01 00:00:00.000000060,52.83203,206,54
1970-01-01 00:00:00.000000007,55.62171,207,6
1970-01-01 00:00:00.000000008,55.688904,207,6
1970-01-01 00:00:00.000000009,55.82614,207,6
1970-01-01 00:00:00.000000010,55.78503,207,6
1970-01-01 00:00:00.000000011,55.53718,207,6
1970-01-01 00:00:00.000000012,55.927383,207,6
1970-01-01 00:00:00.000000008,55.590233,207,7
1970-01-01 00:00:00.000000009,56.166504,207,7
1970-01-01 00:00:00.000000010,56.25208,207,7
1970-01-01 00:00:00.000000011,56.036236,207,7
1970-01-01 00:00:00.000000012,56.076267,207,7
1970-01-01 00:00:00.000000013,56.099003,207,7
1970-01-01 00:00:00.000000009,56.263832,207,8
1970-01-01 00:00:00.000000010,56.45557,207,8
1970-01-01 00:00:00.000000011,56.40661,207,8
1970-01-01 00:00:00.000000012,56.51076,207,8
1970-01-01 00:00:00.000000013,56.526917,207,8
1970-01-01 00:00:00.000000014,56.477226,207,8
1970-01-01 00:00:00.000000010,56.575367,207,9
1970-01-01 00:00:00.000000011,56.584747,207,9
1970-01-01 00:00:00.000000012,56.660877,207,9
1970-01-01 00:00:00.000000013,56.755455,207,9
1970-01-01 00:00:00.000000014,56.62234,207,9
1970-01-01 00:00:00.000000015,56.905827,207,9
1970-01-01 00:00:00.000000011,56.758385,207,10
1970-01-01 00:00:00.000000012,57.076603,207,10
1970-01-01 00:00:00.000000013,57.01555,207,10
1970-01-01 00:00:00.000000014,57.06042,207,10
1970-01-01 00:00:00.000000015,56.84518,207,10
1970-01-01 00:00:00.000000016,56.940807,207,10
1970-01-01 00:00:00.000000012,56.292538,207,11
1970-01-01 00:00:00.000000013,56.397602,207,11
1970-01-01 00:00:00.000000014,56.330566,207,11
1970-01-01 00:00:00.000000015,56.40001,207,11
1970-01-01 00:00:00.000000016,56.161236,207,11
1970-01-01 00:00:00.000000017,56.348015,207,11
1970-01-01 00:00:00.000000013,57.25531,207,12
1970-01-01 00:00:00.000000014,57.528027,207,12
1970-01-01 00:00:00.000000015,57.54949,207,12
1970-01-01 00:00:00.000000016,57.60075,207,12
1970-01-01 00:00:00.000000017,57.466515,207,12
1970-01-01 00:00:00.000000018,57.699757,207,12
1970-01-01 00:00:00.000000014,56.576187,207,13
1970-01-01 00:00:00.000000015,56.759533,207,13
1970-01-01 00:00:00.000000016,56.831425,207,13
1970-01-01 00:00:00.000000017,56.728363,207,13
1970-01-01 00:00:00.000000018,56.40444,207,13
1970-01-01 00:00:00.000000019,56.649124,207,13
1970-01-01 00:00:00.000000015,57.09309,207,14
1970-01-01 00:00:00.000000016,57.298267,207,14
1970-01-01 00:00:00.000000017,57.183147,207,14
1970-01-01 00:00:00.000000018,57.289955,207,14
1970-01-01 00:00:00.000000019,57.277958,207,14
1970-01-01 00:00:00.000000020,57.13129,207,14
1970-01-01 00:00:00.000000016,58.603195,207,15
1970-01-01 00:00:00.000000017,59.045536,207,15
1970-01-01 00:00:00.000000018,59.29808,207,15
1970-01-01 00:00:00.000000019,59.25061,207,15
1970-01-01 00:00:00.000000020,59.069378,207,15
1970-01-01 00:00:00.000000021,59.669956,207,15
1970-01-01 00:00:00.000000017,60.65331,207,16
1970-01-01 00:00:00.000000018,61.499523,207,16
1970-01-01 00:00:00.000000019,61.738827,207,16
1970-01-01 00:00:00.000000020,61.77788,207,16
1970-01-01 00:00:00.000000021,61.639175,207,16
1970-01-01 00:00:00.000000022,62.065224,207,16
1970-01-01 00:00:00.000000018,58.874588,207,17
1970-01-01 00:00:00.000000019,58.780704,207,17
1970-01-01 00:00:00.000000020,58.860413,207,17
1970-01-01 00:00:00.000000021,58.581608,207,17
1970-01-01 00:00:00.000000022,58.307117,207,17
1970-01-01 00:00:00.000000023,58.48938,207,17
1970-01-01 00:00:00.000000019,58.98689,207,18
1970-01-01 00:00:00.000000020,59.091373,207,18
1970-01-01 00:00:00.000000021,58.8392,207,18
1970-01-01 00:00:00.000000022,59.05571,207,18
1970-01-01 00:00:00.000000023,58.75521,207,18
1970-01-01 00:00:00.000000024,59.038815,207,18
1970-01-01 00:00:00.000000020,59.722168,207,19
1970-01-01 00:00:00.000000021,59.854733,207,19
1970-01-01 00:00:00.000000022,60.10867,207,19
1970-01-01 00:00:00.000000023,59.955933,207,19
1970-01-01 00:00:00.000000024,58.54641,207,19
1970-01-01 00:00:00.000000025,60.70049,207,19
1970-01-01 00:00:00.000000021,59.90759,207,20
1970-01-01 00:00:00.000000022,60.82325,207,20
1970-01-01 00:00:00.000000023,60.583508,207,20
1970-01-01 00:00:00.000000024,60.445168,207,20
1970-01-01 00:00:00.000000025,60.33794,207,20
1970-01-01 00:00:00.000000026,59.814323,207,20
1970-01-01 00:00:00.000000022,60.005905,207,21
1970-01-01 00:00:00.000000023,59.747913,207,21
1970-01-01 00:00:00.000000024,59.911724,207,21
1970-01-01 00:00:00.000000025,60.091347,207,21
1970-01-01 00:00:00.000000026,59.838104,207,21
1970-01-01 00:00:00.000000027,60.227974,207,21
1970-01-01 00:00:00.000000023,58.745102,207,22
1970-01-01 00:00:00.000000024,58.962467,207,22
1970-01-01 00:00:00.000000025,58.998203,207,22
1970-01-01 00:00:00.000000026,58.77873,207,22
1970-01-01 00:00:00.000000027,58.629093,207,22
1970-01-01 00:00:00.000000028,58.781425,207,22
1970-01-01 00:00:00.000000024,59.615524,207,23
1970-01-01 00:00:00.000000025,59.685833,207,23
1970-01-01 00:00:00.000000026,59.698807,207,23
1970-01-01 00:00:00.000000027,59.742455,207,23
1970-01-01 00:00:00.000000028,59.651848,207,23
1970-01-01 00:00:00.000000029,59.741203,207,23
1970-01-01 00:00:00.000000025,60.312073,207,24
1970-01-01 00:00:00.000000026,60.29367,207,24
1970-01-01 00:00:00.000000027,60.55256,207,24
1970-01-01 00:00:00.000000028,60.443203,207,24
1970-01-01 00:00:00.000000029,60.202354,207,24
1970-01-01 00:00:00.000000030,60.764965,207,24
1970-01-01 00:00:00.000000026,60.193768,207,25
1970-01-01 00:00:00.000000027,60.71651,207,25
1970-01-01 00:00:00.000000028,60.65825,207,25
1970-01-01 00:00:00.000000029,60.65276,207,25
1970-01-01 00:00:00.000000030,60.70477,207,25
1970-01-01 00:00:00.000000031,60.447906,207,25
1970-01-01 00:00:00.000000027,60.568913,207,26
1970-01-01 00:00:00.000000028,60.464893,207,26
1970-01-01 00:00:00.000000029,60.519726,207,26
1970-01-01 00:00:00.000000030,60.604923,207,26
1970-01-01 00:00:00.000000031,60.583458,207,26
1970-01-01 00:00:00.000000032,60.664623,207,26
1970-01-01 00:00:00.000000028,60.138073,207,27
1970-01-01 00:00:00.000000029,60.305973,207,27
1970-01-01 00:00:00.000000030,60.244656,207,27
1970-01-01 00:00:00.000000031,60.309284,207,27
1970-01-01 00:00:00.000000032,60.009815,207,27
1970-01-01 00:00:00.000000033,60.23992,207,27
1970-01-01 00:00:00.000000029,61.104183,207,28
1970-01-01 00:00:00.000000030,61.399597,207,28
1970-01-01 00:00:00.000000031,61.42685,207,28
1970-01-01 00:00:00.000000032,61.454613,207,28
1970-01-01 00:00:00.000000033,61.401554,207,28
1970-01-01 00:00:00.000000034,61.53473,207,28
1970-01-01 00:00:00.000000030,61.780846,207,29
1970-01-01 00:00:00.000000031,62.1206,207,29
1970-01-01 00:00:00.000000032,62.25178,207,29
1970-01-01 00:00:00.000000033,62.23726,207,29
1970-01-01 00:00:00.000000034,62.150402,207,29
1970-01-01 00:00:00.000000035,62.42774,207,29
1970-01-01 00:00:00.000000031,62.150463,207,30
1970-01-01 00:00:00.000000032,62.454666,207,30
1970-01-01 00:00:00.000000033,62.442852,207,30
1970-01-01 00:00:00.000000034,62.467,207,30
1970-01-01 00:00:00.000000035,62.409206,207,30
1970-01-01 00:00:00.000000036,62.400978,207,30
1970-01-01 00:00:00.000000032,62.5384,207,31
1970-01-01 00:00:00.000000033,62.582413,207,31
1970-01-01 00:00:00.000000034,62.6457,207,31
1970-01-01 00:00:00.000000035,62.718727,207,31
1970-01-01 00:00:00.000000036,62.650352,207,31
1970-01-01 00:00:00.000000037,62.81077,207,31
1970-01-01 00:00:00.000000033,61.578438,207,32
1970-01-01 00:00:00.000000034,61.824696,207,32
1970-01-01 00:00:00.000000035,61.75083,207,32
1970-01-01 00:00:00.000000036,61.778797,207,32
1970-01-01 00:00:00.000000037,61.333466,207,32
1970-01-01 00:00:00.000000038,61.6794,207,32
1970-01-01 00:00:00.000000034,61.542408,207,33
1970-01-01 00:00:00.000000035,61.784584,207,33
1970-01-01 00:00:00.000000036,61.680176,207,33
1970-01-01 00:00:00.000000037,61.703293,207,33
1970-01-01 00:00:00.000000038,61.402615,207,33
1970-01-01 00:00:00.000000039,61.59344,207,33
1970-01-01 00:00:00.000000035,62.482613,207,34
1970-01-01 00:00:00.000000036,62.47796,207,34
1970-01-01 00:00:00.000000037,62.60764,207,34
1970-01-01 00:00:00.000000038,62.60498,207,34
1970-01-01 00:00:00.000000039,62.20529,207,34
1970-01-01 00:00:00.000000040,62.856544,207,34
1970-01-01 00:00:00.000000036,63.84538,207,35
1970-01-01 00:00:00.000000037,64.483574,207,35
1970-01-01 00:00:00.000000038,64.68361,207,35
1970-01-01 00:00:00.000000039,64.697815,207,35
1970-01-01 00:00:00.000000040,64.54815,207,35
1970-01-01 00:00:00.000000041,64.86257,207,35
1970-01-01 00:00:00.000000037,63.898373,207,36
1970-01-01 00:00:00.000000038,64.20759,207,36
1970-01-01 00:00:00.000000039,64.22273,207,36
1970-01-01 00:00:00.000000040,64.154205,207,36
1970-01-01 00:00:00.000000041,64.0048,207,36
1970-01-01 00:00:00.000000042,64.04922,207,36
1970-01-01 00:00:00.000000038,63.735004,207,37
1970-01-01 00:00:00.000000039,63.666843,207,37
1970-01-01 00:00:00.000000040,63.657787,207,37
1970-01-01 00:00:00.000000041,63.661404,207,37
1970-01-01 00:00:00.000000042,63.66002,207,37
1970-01-01 00:00:00.000000043,63.56491,207,37
1970-01-01 00:00:00.000000039,61.967403,207,38
1970-01-01 00:00:00.000000040,62.038338,207,38
1970-01-01 00:00:00.000000041,62.27446,207,38
1970-01-01 00:00:00.000000042,62.10597,207,38
1970-01-01 00:00:00.000000043,61.597412,207,38
1970-01-01 00:00:00.000000044,62.30878,207,38
1970-01-01 00:00:00.000000040,61.790745,207,39
1970-01-01 00:00:00.000000041,62.273464,207,39
1970-01-01 00:00:00.000000042,62.1659,207,39
1970-01-01 00:00:00.000000043,61.919407,207,39
1970-01-01 00:00:00.000000044,61.683964,207,39
1970-01-01 00:00:00.000000045,61.783634,207,39
1970-01-01 00:00:00.000000041,60.684032,207,40
1970-01-01 00:00:00.000000042,60.923172,207,40
1970-01-01 00:00:00.000000043,60.821037,207,40
1970-01-01 00:00:00.000000044,60.730766,207,40
1970-01-01 00:00:00.000000045,60.61506,207,40
1970-01-01 00:00:00.000000046,60.928253,207,40
1970-01-01 00:00:00.000000042,59.57613,207,41
1970-01-01 00:00:00.000000043,60.044106,207,41
1970-01-01 00:00:00.000000044,59.80041,207,41
1970-01-01 00:00:00.000000045,59.722595,207,41
1970-01-01 00:00:00.000000046,59.705357,207,41
1970-01-01 00:00:00.000000047,59.87508,207,41
1970-01-01 00:00:00.000000043,59.028316,207,42
1970-01-01 00:00:00.000000044,59.339252,207,42
1970-01-01 00:00:00.000000045,59.228004,207,42
1970-01-01 00:00:00.000000046,59.19144,207,42
1970-01-01 00:00:00.000000047,59.136654,207,42
1970-01-01 00:00:00.000000048,59.65201,207,42
1970-01-01 00:00:00.000000044,59.357338,207,43
1970-01-01 00:00:00.000000045,59.822796,207,43
1970-01-01 00:00:00.000000046,59.927998,207,43
1970-01-01 00:00:00.000000047,59.656128,207,43
1970-01-01 00:00:00.000000048,59.730682,207,43
1970-01-01 00:00:00.000000049,60.030285,207,43
1970-01-01 00:00:00.000000045,58.017017,207,44
1970-01-01 00:00:00.000000046,58.43171,207,44
1970-01-01 00:00:00.000000047,58.310722,207,44
1970-01-01 00:00:00.000000048,57.957024,207,44
1970-01-01 00:00:00.000000049,58.153698,207,44
1970-01-01 00:00:00.000000050,58.280975,207,44
1970-01-01 00:00:00.000000046,58.902462,207,45
1970-01-01 00:00:00.000000047,59.0657,207,45
1970-01-01 00:00:00.000000048,59.128445,207,45
1970-01-01 00:00:00.000000049,59.214996,207,45
1970-01-01 00:00:00.000000050,59.2439,207,45
1970-01-01 00:00:00.000000051,59.39614,207,45
1970-01-01 00:00:00.000000047,60.640324,207,46
1970-01-01 00:00:00.000000048,60.792156,207,46
1970-01-01 00:00:00.000000049,61.093155,207,46
1970-01-01 00:00:00.000000050,60.99512,207,46
1970-01-01 00:00:00.000000051,60.742867,207,46
1970-01-01 00:00:00.000000052,61.39079,207,46
1970-01-01 00:00:00.000000048,59.66464,207,47
1970-01-01 00:00:00.000000049,60.54608,207,47
1970-01-01 00:00:00.000000050,60.375713,207,47
1970-01-01 00:00:00.000000051,60.182045,207,47
1970-01-01 00:00:00.000000052,60.253345,207,47
1970-01-01 00:00:00.000000053,59.783344,207,47
1970-01-01 00:00:00.000000049,59.979324,207,48
1970-01-01 00:00:00.000000050,59.720154,207,48
1970-01-01 00:00:00.000000051,59.77497,207,48
1970-01-01 00:00:00.000000052,59.85343,207,48
1970-01-01 00:00:00.000000053,59.874744,207,48
1970-01-01 00:00:00.000000054,59.89555,207,48
1970-01-01 00:00:00.000000050,59.325554,207,49
1970-01-01 00:00:00.000000051,59.37292,207,49
1970-01-01 00:00:00.000000052,59.474403,207,49
1970-01-01 00:00:00.000000053,59.415733,207,49
1970-01-01 00:00:00.000000054,58.835136,207,49
1970-01-01 00:00:00.000000055,59.689213,207,49
1970-01-01 00:00:00.000000051,57.40851,207,50
1970-01-01 00:00:00.000000052,57.8914,207,50
1970-01-01 00:00:00.000000053,57.7946,207,50
1970-01-01 00:00:00.000000054,57.46832,207,50
1970-01-01 00:00:00.000000055,57.46295,207,50
1970-01-01 00:00:00.000000056,57.352158,207,50
1970-01-01 00:00:00.000000052,56.542126,207,51
1970-01-01 00:00:00.000000053,56.841015,207,51
1970-01-01 00:00:00.000000054,56.683704,207,51
1970-01-01 00:00:00.000000055,56.7072,207,51
1970-01-01 00:00:00.000000056,56.647476,207,51
1970-01-01 00:00:00.000000057,56.882954,207,51
1970-01-01 00:00:00.000000053,55.179043,207,52
1970-01-01 00:00:00.000000054,55.58289,207,52
1970-01-01 00:00:00.000000055,55.38297,207,52
1970-01-01 00:00:00.000000056,55.357857,207,52
1970-01-01 00:00:00.000000057,55.161194,207,52
1970-01-01 00:00:00.000000058,55.729378,207,52
1970-01-01 00:00:00.000000054,52.094784,207,53
1970-01-01 00:00:00.000000055,52.935265,207,53
1970-01-01 00:00:00.000000056,52.37804,207,53
1970-01-01 00:00:00.000000057,52.192036,207,53
1970-01-01 00:00:00.000000058,52.35681,207,53
1970-01-01 00:00:00.000000059,52.46314,207,53
1970-01-01 00:00:00.000000055,52.353733,207,54
1970-01-01 00:00:00.000000056,52.709446,207,54
1970-01-01 00:00:00.000000057,52.557728,207,54
1970-01-01 00:00:00.000000058,52.80054,207,54
1970-01-01 00:00:00.000000059,52.745235,207,54
1970-01-01 00:00:00.000000060,53.575146,207,54
1970-01-01 00:00:00.000000007,50.67579,208,6
1970-01-01 00:00:00.000000008,51.015255,208,6
1970-01-01 00:00:00.000000009,51.045567,208,6
1970-01-01 00:00:00.000000010,50.809193,208,6
1970-01-01 00:00:00.000000011,50.978436,208,6
1970-01-01 00:00:00.000000012,51.10896,208,6
1970-01-01 00:00:00.000000008,50.391502,208,7
1970-01-01 00:00:00.000000009,50.57209,208,7
1970-01-01 00:00:00.000000010,50.55658,208,7
1970-01-01 00:00:00.000000011,50.450535,208,7
1970-01-01 00:00:00.000000012,50.526417,208,7
1970-01-01 00:00:00.000000013,50.68493,208,7
1970-01-01 00:00:00.000000009,49.75932,208,8
1970-01-01 00:00:00.000000010,49.940838,208,8
1970-01-01 00:00:00.000000011,49.83252,208,8
1970-01-01 00:00:00.000000012,49.78066,208,8
1970-01-01 00:00:00.000000013,49.789097,208,8
1970-01-01 00:00:00.000000014,49.934727,208,8
1970-01-01 00:00:00.000000010,49.05291,208,9
1970-01-01 00:00:00.000000011,49.283382,208,9
1970-01-01 00:00:00.000000012,49.135113,208,9
1970-01-01 00:00:00.000000013,49.11719,208,9
1970-01-01 00:00:00.000000014,49.125813,208,9
1970-01-01 00:00:00.000000015,49.25498,208,9
1970-01-01 00:00:00.000000011,49.50081,208,10
1970-01-01 00:00:00.000000012,49.64551,208,10
1970-01-01 00:00:00.000000013,49.689842,208,10
1970-01-01 00:00:00.000000014,49.68741,208,10
1970-01-01 00:00:00.000000015,49.667797,208,10
1970-01-01 00:00:00.000000016,49.937344,208,10
1970-01-01 00:00:00.000000012,51.51031,208,11
1970-01-01 00:00:00.000000013,52.06523,208,11
1970-01-01 00:00:00.000000014,52.235676,208,11
1970-01-01 00:00:00.000000015,52.206066,208,11
1970-01-01 00:00:00.000000016,52.0524,208,11
1970-01-01 00:00:00.000000017,52.38631,208,11
1970-01-01 00:00:00.000000013,52.84581,208,12
1970-01-01 00:00:00.000000014,53.541454,208,12
1970-01-01 00:00:00.000000015,53.681026,208,12
1970-01-01 00:00:00.000000016,53.75588,208,12
1970-01-01 00:00:00.000000017,53.750343,208,12
1970-01-01 00:00:00.000000018,53.941017,208,12
1970-01-01 00:00:00.000000014,53.214928,208,13
1970-01-01 00:00:00.000000015,53.12113,208,13
1970-01-01 00:00:00.000000016,53.225243,208,13
1970-01-01 00:00:00.000000017,53.19946,208,13
1970-01-01 00:00:00.000000018,53.150597,208,13
1970-01-01 00:00:00.000000019,53.264454,208,13
1970-01-01 00:00:00.000000015,52.469177,208,14
1970-01-01 00:00:00.000000016,52.261467,208,14
1970-01-01 00:00:00.000000017,52.5839,208,14
1970-01-01 00:00:00.000000018,52.80356,208,14
1970-01-01 00:00:00.000000019,52.135162,208,14
1970-01-01 00:00:00.000000020,53.38441,208,14
1970-01-01 00:00:00.000000016,53.44911,208,15
1970-01-01 00:00:00.000000017,54.49448,208,15
1970-01-01 00:00:00.000000018,54.209553,208,15
1970-01-01 00:00:00.000000019,54.459732,208,15
1970-01-01 00:00:00.000000020,54.293285,208,15
1970-01-01 00:00:00.000000021,54.10479,208,15
1970-01-01 00:00:00.000000017,54.594048,208,16
1970-01-01 00:00:00.000000018,55.013844,208,16
1970-01-01 00:00:00.000000019,55.508823,208,16
1970-01-01 00:00:00.000000020,55.550602,208,16
1970-01-01 00:00:00.000000021,55.112576,208,16
1970-01-01 00:00:00.000000022,55.302036,208,16
1970-01-01 00:00:00.000000018,54.44697,208,17
1970-01-01 00:00:00.000000019,54.505367,208,17
1970-01-01 00:00:00.000000020,54.691837,208,17
1970-01-01 00:00:00.000000021,54.51501,208,17
1970-01-01 00:00:00.000000022,54.45778,208,17
1970-01-01 00:00:00.000000023,54.430626,208,17
1970-01-01 00:00:00.000000019,54.872864,208,18
1970-01-01 00:00:00.000000020,55.138218,208,18
1970-01-01 00:00:00.000000021,54.97598,208,18
1970-01-01 00:00:00.000000022,55.056633,208,18
1970-01-01 00:00:00.000000023,55.07405,208,18
1970-01-01 00:00:00.000000024,55.048122,208,18
1970-01-01 00:00:00.000000020,55.92221,208,19
1970-01-01 00:00:00.000000021,55.76489,208,19
1970-01-01 00:00:00.000000022,55.691757,208,19
1970-01-01 00:00:00.000000023,55.844273,208,19
1970-01-01 00:00:00.000000024,55.431904,208,19
1970-01-01 00:00:00.000000025,55.988796,208,19
1970-01-01 00:00:00.000000021,57.098457,208,20
1970-01-01 00:00:00.000000022,57.49289,208,20
1970-01-01 00:00:00.000000023,57.56574,208,20
1970-01-01 00:00:00.000000024,57.563995,208,20
1970-01-01 00:00:00.000000025,57.472157,208,20
1970-01-01 00:00:00.000000026,57.77632,208,20
1970-01-01 00:00:00.000000022,54.51673,208,21
1970-01-01 00:00:00.000000023,54.584557,208,21
1970-01-01 00:00:00.000000024,54.679886,208,21
1970-01-01 00:00:00.000000025,54.292023,208,21
1970-01-01 00:00:00.000000026,54.046795,208,21
1970-01-01 00:00:00.000000027,54.40053,208,21
1970-01-01 00:00:00.000000023,50.853523,208,22
1970-01-01 00:00:00.000000024,51.514236,208,22
1970-01-01 00:00:00.000000025,51.483665,208,22
1970-01-01 00:00:00.000000026,51.000275,208,22
1970-01-01 00:00:00.000000027,51.058857,208,22
1970-01-01 00:00:00.000000028,50.822952,208,22
1970-01-01 00:00:00.000000024,51.555775,208,23
1970-01-01 00:00:00.000000025,51.781677,208,23
1970-01-01 00:00:00.000000026,51.784927,208,23
1970-01-01 00:00:00.000000027,52.020634,208,23
1970-01-01 00:00:00.000000028,51.56473,208,23
1970-01-01 00:00:00.000000029,52.614834,208,23
1970-01-01 00:00:00.000000025,52.99134,208,24
1970-01-01 00:00:00.000000026,54.075554,208,24
1970-01-01 00:00:00.000000027,54.44687,208,24
1970-01-01 00:00:00.000000028,53.457092,208,24
1970-01-01 00:00:00.000000029,53.478306,208,24
1970-01-01 00:00:00.000000030,54.17115,208,24
1970-01-01 00:00:00.000000026,54.00125,208,25
1970-01-01 00:00:00.000000027,56.53728,208,25
1970-01-01 00:00:00.000000028,56.314007,208,25
1970-01-01 00:00:00.000000029,56.019924,208,25
1970-01-01 00:00:00.000000030,56.755928,208,25
1970-01-01 00:00:00.000000031,55.458363,208,25
1970-01-01 00:00:00.000000027,56.99567,208,26
1970-01-01 00:00:00.000000028,56.952744,208,26
1970-01-01 00:00:00.000000029,57.19714,208,26
1970-01-01 00:00:00.000000030,57.524605,208,26
1970-01-01 00:00:00.000000031,57.445007,208,26
1970-01-01 00:00:00.000000032,58.068325,208,26
1970-01-01 00:00:00.000000028,57.995743,208,27
1970-01-01 00:00:00.000000029,58.686634,208,27
1970-01-01 00:00:00.000000030,58.806072,208,27
1970-01-01 00:00:00.000000031,58.818638,208,27
1970-01-01 00:00:00.000000032,58.66772,208,27
1970-01-01 00:00:00.000000033,58.969658,208,27
1970-01-01 00:00:00.000000029,59.755245,208,28
1970-01-01 00:00:00.000000030,60.272457,208,28
1970-01-01 00:00:00.000000031,60.433132,208,28
1970-01-01 00:00:00.000000032,60.518036,208,28
1970-01-01 00:00:00.000000033,60.432785,208,28
1970-01-01 00:00:00.000000034,60.887672,208,28
1970-01-01 00:00:00.000000030,60.94181,208,29
1970-01-01 00:00:00.000000031,61.54653,208,29
1970-01-01 00:00:00.000000032,61.68714,208,29
1970-01-01 00:00:00.000000033,61.80657,208,29
1970-01-01 00:00:00.000000034,61.52756,208,29
1970-01-01 00:00:00.000000035,61.99485,208,29
1970-01-01 00:00:00.000000031,61.83587,208,30
1970-01-01 00:00:00.000000032,62.42664,208,30
1970-01-01 00:00:00.000000033,62.453575,208,30
1970-01-01 00:00:00.000000034,62.55297,208,30
1970-01-01 00:00:00.000000035,62.28372,208,30
1970-01-01 00:00:00.000000036,62.561607,208,30
1970-01-01 00:00:00.000000032,63.78572,208,31
1970-01-01 00:00:00.000000033,64.557655,208,31
1970-01-01 00:00:00.000000034,64.71449,208,31
1970-01-01 00:00:00.000000035,64.83799,208,31
1970-01-01 00:00:00.000000036,64.63788,208,31
1970-01-01 00:00:00.000000037,65.21517,208,31
1970-01-01 00:00:00.000000033,65.02707,208,32
1970-01-01 00:00:00.000000034,65.87115,208,32
1970-01-01 00:00:00.000000035,66.040344,208,32
1970-01-01 00:00:00.000000036,66.11821,208,32
1970-01-01 00:00:00.000000037,65.77065,208,32
1970-01-01 00:00:00.000000038,66.28725,208,32
1970-01-01 00:00:00.000000034,66.08635,208,33
1970-01-01 00:00:00.000000035,66.7752,208,33
1970-01-01 00:00:00.000000036,66.7519,208,33
1970-01-01 00:00:00.000000037,66.87341,208,33
1970-01-01 00:00:00.000000038,66.83932,208,33
1970-01-01 00:00:00.000000039,66.793686,208,33
1970-01-01 00:00:00.000000035,67.09928,208,34
1970-01-01 00:00:00.000000036,67.50507,208,34
1970-01-01 00:00:00.000000037,67.69211,208,34
1970-01-01 00:00:00.000000038,67.88171,208,34
1970-01-01 00:00:00.000000039,67.42626,208,34
1970-01-01 00:00:00.000000040,68.04047,208,34
1970-01-01 00:00:00.000000036,68.26401,208,35
1970-01-01 00:00:00.000000037,69.03547,208,35
1970-01-01 00:00:00.000000038,69.04248,208,35
1970-01-01 00:00:00.000000039,69.10105,208,35
1970-01-01 00:00:00.000000040,68.81233,208,35
1970-01-01 00:00:00.000000041,69.098656,208,35
1970-01-01 00:00:00.000000037,69.27094,208,36
1970-01-01 00:00:00.000000038,69.88107,208,36
1970-01-01 00:00:00.000000039,69.86587,208,36
1970-01-01 00:00:00.000000040,70.018196,208,36
1970-01-01 00:00:00.000000041,69.77916,208,36
1970-01-01 00:00:00.000000042,70.13134,208,36
1970-01-01 00:00:00.000000038,70.051414,208,37
1970-01-01 00:00:00.000000039,70.50514,208,37
1970-01-01 00:00:00.000000040,70.471535,208,37
1970-01-01 00:00:00.000000041,70.59273,208,37
1970-01-01 00:00:00.000000042,70.23702,208,37
1970-01-01 00:00:00.000000043,70.62467,208,37
1970-01-01 00:00:00.000000039,69.46157,208,38
1970-01-01 00:00:00.000000040,69.782936,208,38
1970-01-01 00:00:00.000000041,69.88097,208,38
1970-01-01 00:00:00.000000042,70.03155,208,38
1970-01-01 00:00:00.000000043,69.41236,208,38
1970-01-01 00:00:00.000000044,70.15491,208,38
1970-01-01 00:00:00.000000040,68.4786,208,39
1970-01-01 00:00:00.000000041,68.92909,208,39
1970-01-01 00:00:00.000000042,68.865875,208,39
1970-01-01 00:00:00.000000043,69.02483,208,39
1970-01-01 00:00:00.000000044,68.55006,208,39
1970-01-01 00:00:00.000000045,68.92301,208,39
1970-01-01 00:00:00.000000041,69.28521,208,40
1970-01-01 00:00:00.000000042,69.55925,208,40
1970-01-01 00:00:00.000000043,69.72104,208,40
1970-01-01 00:00:00.000000044,69.77473,208,40
1970-01-01 00:00:00.000000045,69.0938,208,40
1970-01-01 00:00:00.000000046,69.782646,208,40
1970-01-01 00:00:00.000000042,69.04153,208,41
1970-01-01 00:00:00.000000043,69.22828,208,41
1970-01-01 00:00:00.000000044,69.45077,208,41
1970-01-01 00:00:00.000000045,69.16487,208,41
1970-01-01 00:00:00.000000046,68.85779,208,41
1970-01-01 00:00:00.000000047,69.05215,208,41
1970-01-01 00:00:00.000000043,68.30698,208,42
1970-01-01 00:00:00.000000044,68.49581,208,42
1970-01-01 00:00:00.000000045,68.44989,208,42
1970-01-01 00:00:00.000000046,68.31711,208,42
1970-01-01 00:00:00.000000047,68.2859,208,42
1970-01-01 00:00:00.000000048,68.21113,208,42
1970-01-01 00:00:00.000000044,70.540825,208,43
1970-01-01 00:00:00.000000045,70.7309,208,43
1970-01-01 00:00:00.000000046,70.78884,208,43
1970-01-01 00:00:00.000000047,70.80017,208,43
1970-01-01 00:00:00.000000048,70.50447,208,43
1970-01-01 00:00:00.000000049,70.998405,208,43
1970-01-01 00:00:00.000000045,71.52301,208,44
1970-01-01 00:00:00.000000046,71.92128,208,44
1970-01-01 00:00:00.000000047,71.759705,208,44
1970-01-01 00:00:00.000000048,71.88255,208,44
1970-01-01 00:00:00.000000049,71.505035,208,44
1970-01-01 00:00:00.000000050,72.030365,208,44
1970-01-01 00:00:00.000000046,68.8611,208,45
1970-01-01 00:00:00.000000047,68.85465,208,45
1970-01-01 00:00:00.000000048,68.666695,208,45
1970-01-01 00:00:00.000000049,68.30019,208,45
1970-01-01 00:00:00.000000050,68.19849,208,45
1970-01-01 00:00:00.000000051,68.15048,208,45
1970-01-01 00:00:00.000000047,66.645546,208,46
1970-01-01 00:00:00.000000048,66.94979,208,46
1970-01-01 00:00:00.000000049,67.01885,208,46
1970-01-01 00:00:00.000000050,66.74604,208,46
1970-01-01 00:00:00.000000051,66.61662,208,46
1970-01-01 00:00:00.000000052,66.663315,208,46
1970-01-01 00:00:00.000000048,64.01677,208,47
1970-01-01 00:00:00.000000049,64.78924,208,47
1970-01-01 00:00:00.000000050,64.724495,208,47
1970-01-01 00:00:00.000000051,64.41017,208,47
1970-01-01 00:00:00.000000052,64.11989,208,47
1970-01-01 00:00:00.000000053,64.58401,208,47
1970-01-01 00:00:00.000000049,65.61936,208,48
1970-01-01 00:00:00.000000050,66.458244,208,48
1970-01-01 00:00:00.000000051,66.44933,208,48
1970-01-01 00:00:00.000000052,66.40812,208,48
1970-01-01 00:00:00.000000053,66.3104,208,48
1970-01-01 00:00:00.000000054,66.82381,208,48
1970-01-01 00:00:00.000000050,66.74753,208,49
1970-01-01 00:00:00.000000051,67.874596,208,49
1970-01-01 00:00:00.000000052,68.4893,208,49
1970-01-01 00:00:00.000000053,67.63346,208,49
1970-01-01 00:00:00.000000054,67.74168,208,49
1970-01-01 00:00:00.000000055,68.51806,208,49
1970-01-01 00:00:00.000000051,67.5902,208,50
1970-01-01 00:00:00.000000052,69.44285,208,50
1970-01-01 00:00:00.000000053,69.16957,208,50
1970-01-01 00:00:00.000000054,69.061356,208,50
1970-01-01 00:00:00.000000055,69.504135,208,50
1970-01-01 00:00:00.000000056,68.65347,208,50
1970-01-01 00:00:00.000000052,66.350975,208,51
1970-01-01 00:00:00.000000053,66.124146,208,51
1970-01-01 00:00:00.000000054,66.23801,208,51
1970-01-01 00:00:00.000000055,66.10397,208,51
1970-01-01 00:00:00.000000056,65.94745,208,51
1970-01-01 00:00:00.000000057,66.249756,208,51
1970-01-01 00:00:00.000000053,66.32734,208,52
1970-01-01 00:00:00.000000054,66.52759,208,52
1970-01-01 00:00:00.000000055,66.46548,208,52
1970-01-01 00:00:00.000000056,66.53937,208,52
1970-01-01 00:00:00.000000057,65.95443,208,52
1970-01-01 00:00:00.000000058,66.72203,208,52
1970-01-01 00:00:00.000000054,65.547424,208,53
1970-01-01 00:00:00.000000055,65.81707,208,53
1970-01-01 00:00:00.000000056,65.88838,208,53
1970-01-01 00:00:00.000000057,65.6208,208,53
1970-01-01 00:00:00.000000058,65.347115,208,53
1970-01-01 00:00:00.000000059,65.72003,208,53
1970-01-01 00:00:00.000000055,63.938183,208,54
1970-01-01 00:00:00.000000056,64.36869,208,54
1970-01-01 00:00:00.000000057,64.16057,208,54
1970-01-01 00:00:00.000000058,64.01396,208,54
1970-01-01 00:00:00.000000059,63.96074,208,54
1970-01-01 00:00:00.000000060,63.900574,208,54
1970-01-01 00:00:00.000000007,61.90303,209,6
1970-01-01 00:00:00.000000008,62.525272,209,6
1970-01-01 00:00:00.000000009,62.709763,209,6
1970-01-01 00:00:00.000000010,62.63418,209,6
1970-01-01 00:00:00.000000011,62.95201,209,6
1970-01-01 00:00:00.000000012,62.955544,209,6
1970-01-01 00:00:00.000000008,62.589615,209,7
1970-01-01 00:00:00.000000009,63.213512,209,7
1970-01-01 00:00:00.000000010,63.20001,209,7
1970-01-01 00:00:00.000000011,63.198288,209,7
1970-01-01 00:00:00.000000012,63.390713,209,7
1970-01-01 00:00:00.000000013,63.147705,209,7
1970-01-01 00:00:00.000000009,63.118923,209,8
1970-01-01 00:00:00.000000010,62.91715,209,8
1970-01-01 00:00:00.000000011,63.104954,209,8
1970-01-01 00:00:00.000000012,63.039043,209,8
1970-01-01 00:00:00.000000013,63.085846,209,8
1970-01-01 00:00:00.000000014,63.20338,209,8
1970-01-01 00:00:00.000000010,63.477066,209,9
1970-01-01 00:00:00.000000011,63.47514,209,9
1970-01-01 00:00:00.000000012,63.705296,209,9
1970-01-01 00:00:00.000000013,63.561928,209,9
1970-01-01 00:00:00.000000014,63.658123,209,9
1970-01-01 00:00:00.000000015,63.752254,209,9
1970-01-01 00:00:00.000000011,64.19955,209,10
1970-01-01 00:00:00.000000012,64.336,209,10
1970-01-01 00:00:00.000000013,64.572815,209,10
1970-01-01 00:00:00.000000014,64.45221,209,10
1970-01-01 00:00:00.000000015,64.56974,209,10
1970-01-01 00:00:00.000000016,64.5247,209,10
1970-01-01 00:00:00.000000012,64.342384,209,11
1970-01-01 00:00:00.000000013,64.32615,209,11
1970-01-01 00:00:00.000000014,64.58878,209,11
1970-01-01 00:00:00.000000015,64.405495,209,11
1970-01-01 00:00:00.000000016,64.44479,209,11
1970-01-01 00:00:00.000000017,64.48819,209,11
1970-01-01 00:00:00.000000013,64.49497,209,12
1970-01-01 00:00:00.000000014,64.5431,209,12
1970-01-01 00:00:00.000000015,64.71443,209,12
1970-01-01 00:00:00.000000016,64.53184,209,12
1970-01-01 00:00:00.000000017,64.59267,209,12
1970-01-01 00:00:00.000000018,64.60779,209,12
1970-01-01 00:00:00.000000014,65.1222,209,13
1970-01-01 00:00:00.000000015,65.277794,209,13
1970-01-01 00:00:00.000000016,65.433716,209,13
1970-01-01 00:00:00.000000017,65.32472,209,13
1970-01-01 00:00:00.000000018,65.32371,209,13
1970-01-01 00:00:00.000000019,65.47413,209,13
1970-01-01 00:00:00.000000015,66.05485,209,14
1970-01-01 00:00:00.000000016,66.17189,209,14
1970-01-01 00:00:00.000000017,66.36115,209,14
1970-01-01 00:00:00.000000018,66.26436,209,14
1970-01-01 00:00:00.000000019,66.2683,209,14
1970-01-01 00:00:00.000000020,66.36287,209,14
1970-01-01 00:00:00.000000016,65.70916,209,15
1970-01-01 00:00:00.000000017,65.63689,209,15
1970-01-01 00:00:00.000000018,65.770355,209,15
1970-01-01 00:00:00.000000019,65.60543,209,15
1970-01-01 00:00:00.000000020,65.63218,209,15
1970-01-01 00:00:00.000000021,65.72161,209,15
1970-01-01 00:00:00.000000017,64.89182,209,16
1970-01-01 00:00:00.000000018,64.95681,209,16
1970-01-01 00:00:00.000000019,65.00654,209,16
1970-01-01 00:00:00.000000020,64.87692,209,16
1970-01-01 00:00:00.000000021,64.83854,209,16
1970-01-01 00:00:00.000000022,64.93104,209,16
1970-01-01 00:00:00.000000018,65.08928,209,17
1970-01-01 00:00:00.000000019,65.26414,209,17
1970-01-01 00:00:00.000000020,65.35768,209,17
1970-01-01 00:00:00.000000021,65.25751,209,17
1970-01-01 00:00:00.000000022,65.055824,209,17
1970-01-01 00:00:00.000000023,65.46623,209,17
1970-01-01 00:00:00.000000019,66.38413,209,18
1970-01-01 00:00:00.000000020,66.6374,209,18
1970-01-01 00:00:00.000000021,66.860886,209,18
1970-01-01 00:00:00.000000022,66.874695,209,18
1970-01-01 00:00:00.000000023,66.82323,209,18
1970-01-01 00:00:00.000000024,66.83189,209,18
1970-01-01 00:00:00.000000020,67.19722,209,19
1970-01-01 00:00:00.000000021,67.47409,209,19
1970-01-01 00:00:00.000000022,67.76098,209,19
1970-01-01 00:00:00.000000023,67.728485,209,19
1970-01-01 00:00:00.000000024,67.74026,209,19
1970-01-01 00:00:00.000000025,67.798065,209,19
1970-01-01 00:00:00.000000021,67.805115,209,20
1970-01-01 00:00:00.000000022,67.72325,209,20
1970-01-01 00:00:00.000000023,68.02265,209,20
1970-01-01 00:00:00.000000024,67.86385,209,20
1970-01-01 00:00:00.000000025,67.98746,209,20
1970-01-01 00:00:00.000000026,67.83448,209,20
1970-01-01 00:00:00.000000022,68.23102,209,21
1970-01-01 00:00:00.000000023,67.98155,209,21
1970-01-01 00:00:00.000000024,68.38795,209,21
1970-01-01 00:00:00.000000025,68.09863,209,21
1970-01-01 00:00:00.000000026,68.169464,209,21
1970-01-01 00:00:00.000000027,68.151146,209,21
1970-01-01 00:00:00.000000023,67.849525,209,22
1970-01-01 00:00:00.000000024,67.850876,209,22
1970-01-01 00:00:00.000000025,68.00554,209,22
1970-01-01 00:00:00.000000026,67.67695,209,22
1970-01-01 00:00:00.000000027,67.58871,209,22
1970-01-01 00:00:00.000000028,67.79447,209,22
1970-01-01 00:00:00.000000024,67.164635,209,23
1970-01-01 00:00:00.000000025,67.390816,209,23
1970-01-01 00:00:00.000000026,67.294846,209,23
1970-01-01 00:00:00.000000027,67.11382,209,23
1970-01-01 00:00:00.000000028,67.00391,209,23
1970-01-01 00:00:00.000000029,67.08294,209,23
1970-01-01 00:00:00.000000025,66.99397,209,24
1970-01-01 00:00:00.000000026,67.11123,209,24
1970-01-01 00:00:00.000000027,67.13766,209,24
1970-01-01 00:00:00.000000028,67.0783,209,24
1970-01-01 00:00:00.000000029,66.951965,209,24
1970-01-01 00:00:00.000000030,67.15371,209,24
1970-01-01 00:00:00.000000026,66.86909,209,25
1970-01-01 00:00:00.000000027,67.108696,209,25
1970-01-01 00:00:00.000000028,67.07185,209,25
1970-01-01 00:00:00.000000029,67.08695,209,25
1970-01-01 00:00:00.000000030,67.03351,209,25
1970-01-01 00:00:00.000000031,67.12951,209,25
1970-01-01 00:00:00.000000027,66.51939,209,26
1970-01-01 00:00:00.000000028,66.747894,209,26
1970-01-01 00:00:00.000000029,66.63414,209,26
1970-01-01 00:00:00.000000030,66.7343,209,26
1970-01-01 00:00:00.000000031,66.781815,209,26
1970-01-01 00:00:00.000000032,66.84508,209,26
1970-01-01 00:00:00.000000028,66.46545,209,27
1970-01-01 00:00:00.000000029,66.656136,209,27
1970-01-01 00:00:00.000000030,66.58215,209,27
1970-01-01 00:00:00.000000031,66.70053,209,27
1970-01-01 00:00:00.000000032,66.783165,209,27
1970-01-01 00:00:00.000000033,66.866875,209,27
1970-01-01 00:00:00.000000029,68.092964,209,28
1970-01-01 00:00:00.000000030,68.35027,209,28
1970-01-01 00:00:00.000000031,68.4677,209,28
1970-01-01 00:00:00.000000032,68.52747,209,28
1970-01-01 00:00:00.000000033,68.47119,209,28
1970-01-01 00:00:00.000000034,68.5463,209,28
1970-01-01 00:00:00.000000030,69.07121,209,29
1970-01-01 00:00:00.000000031,69.44432,209,29
1970-01-01 00:00:00.000000032,69.5867,209,29
1970-01-01 00:00:00.000000033,69.59039,209,29
1970-01-01 00:00:00.000000034,69.54922,209,29
1970-01-01 00:00:00.000000035,69.74046,209,29
1970-01-01 00:00:00.000000031,67.06621,209,30
1970-01-01 00:00:00.000000032,67.08054,209,30
1970-01-01 00:00:00.000000033,67.102806,209,30
1970-01-01 00:00:00.000000034,66.71614,209,30
1970-01-01 00:00:00.000000035,66.7273,209,30
1970-01-01 00:00:00.000000036,66.845985,209,30
1970-01-01 00:00:00.000000032,64.21528,209,31
1970-01-01 00:00:00.000000033,64.61175,209,31
1970-01-01 00:00:00.000000034,64.72376,209,31
1970-01-01 00:00:00.000000035,64.378525,209,31
1970-01-01 00:00:00.000000036,64.42651,209,31
1970-01-01 00:00:00.000000037,64.42007,209,31
1970-01-01 00:00:00.000000033,63.056488,209,32
1970-01-01 00:00:00.000000034,63.835987,209,32
1970-01-01 00:00:00.000000035,63.7232,209,32
1970-01-01 00:00:00.000000036,63.921288,209,32
1970-01-01 00:00:00.000000037,63.83053,209,32
1970-01-01 00:00:00.000000038,64.182724,209,32
1970-01-01 00:00:00.000000034,63.96342,209,33
1970-01-01 00:00:00.000000035,64.72902,209,33
1970-01-01 00:00:00.000000036,64.628876,209,33
1970-01-01 00:00:00.000000037,64.776215,209,33
1970-01-01 00:00:00.000000038,64.976906,209,33
1970-01-01 00:00:00.000000039,65.277824,209,33
1970-01-01 00:00:00.000000035,63.79465,209,34
1970-01-01 00:00:00.000000036,65.02019,209,34
1970-01-01 00:00:00.000000037,64.9992,209,34
1970-01-01 00:00:00.000000038,64.77275,209,34
1970-01-01 00:00:00.000000039,65.4388,209,34
1970-01-01 00:00:00.000000040,65.16538,209,34
1970-01-01 00:00:00.000000036,64.601555,209,35
1970-01-01 00:00:00.000000037,65.074745,209,35
1970-01-01 00:00:00.000000038,65.249214,209,35
1970-01-01 00:00:00.000000039,65.43185,209,35
1970-01-01 00:00:00.000000040,65.77362,209,35
1970-01-01 00:00:00.000000041,65.74615,209,35
1970-01-01 00:00:00.000000037,65.591255,209,36
1970-01-01 00:00:00.000000038,65.746925,209,36
1970-01-01 00:00:00.000000039,65.868355,209,36
1970-01-01 00:00:00.000000040,65.920906,209,36
1970-01-01 00:00:00.000000041,65.90603,209,36
1970-01-01 00:00:00.000000042,66.06765,209,36
1970-01-01 00:00:00.000000038,65.66915,209,37
1970-01-01 00:00:00.000000039,65.6221,209,37
1970-01-01 00:00:00.000000040,65.74234,209,37
1970-01-01 00:00:00.000000041,65.63676,209,37
1970-01-01 00:00:00.000000042,65.673134,209,37
1970-01-01 00:00:00.000000043,65.72744,209,37
1970-01-01 00:00:00.000000039,64.92004,209,38
1970-01-01 00:00:00.000000040,64.90845,209,38
1970-01-01 00:00:00.000000041,64.943306,209,38
1970-01-01 00:00:00.000000042,64.774734,209,38
1970-01-01 00:00:00.000000043,64.78749,209,38
1970-01-01 00:00:00.000000044,64.842094,209,38
1970-01-01 00:00:00.000000040,65.10002,209,39
1970-01-01 00:00:00.000000041,65.283195,209,39
1970-01-01 00:00:00.000000042,65.32568,209,39
1970-01-01 00:00:00.000000043,65.23556,209,39
1970-01-01 00:00:00.000000044,65.08428,209,39
1970-01-01 00:00:00.000000045,65.4407,209,39
1970-01-01 00:00:00.000000041,65.63745,209,40
1970-01-01 00:00:00.000000042,65.87993,209,40
1970-01-01 00:00:00.000000043,65.9465,209,40
1970-01-01 00:00:00.000000044,65.916275,209,40
1970-01-01 00:00:00.000000045,65.64629,209,40
1970-01-01 00:00:00.000000046,65.90813,209,40
1970-01-01 00:00:00.000000042,66.12931,209,41
1970-01-01 00:00:00.000000043,66.28439,209,41
1970-01-01 00:00:00.000000044,66.339134,209,41
1970-01-01 00:00:00.000000045,66.37165,209,41
1970-01-01 00:00:00.000000046,66.36634,209,41
1970-01-01 00:00:00.000000047,66.35718,209,41
1970-01-01 00:00:00.000000043,65.34136,209,42
1970-01-01 00:00:00.000000044,65.39941,209,42
1970-01-01 00:00:00.000000045,65.46161,209,42
1970-01-01 00:00:00.000000046,65.3528,209,42
1970-01-01 00:00:00.000000047,65.26283,209,42
1970-01-01 00:00:00.000000048,65.377785,209,42
1970-01-01 00:00:00.000000044,65.22101,209,43
1970-01-01 00:00:00.000000045,65.38061,209,43
1970-01-01 00:00:00.000000046,65.35017,209,43
1970-01-01 00:00:00.000000047,65.32426,209,43
1970-01-01 00:00:00.000000048,65.272484,209,43
1970-01-01 00:00:00.000000049,65.28325,209,43
1970-01-01 00:00:00.000000045,65.78939,209,44
1970-01-01 00:00:00.000000046,65.78635,209,44
1970-01-01 00:00:00.000000047,65.93075,209,44
1970-01-01 00:00:00.000000048,65.95212,209,44
1970-01-01 00:00:00.000000049,65.72885,209,44
1970-01-01 00:00:00.000000050,66.140114,209,44
1970-01-01 00:00:00.000000046,65.50387,209,45
1970-01-01 00:00:00.000000047,65.768654,209,45
1970-01-01 00:00:00.000000048,65.839714,209,45
1970-01-01 00:00:00.000000049,65.700554,209,45
1970-01-01 00:00:00.000000050,65.64841,209,45
1970-01-01 00:00:00.000000051,65.65681,209,45
1970-01-01 00:00:00.000000047,65.25965,209,46
1970-01-01 00:00:00.000000048,65.32544,209,46
1970-01-01 00:00:00.000000049,65.35582,209,46
1970-01-01 00:00:00.000000050,65.34672,209,46
1970-01-01 00:00:00.000000051,65.36195,209,46
1970-01-01 00:00:00.000000052,65.34868,209,46
1970-01-01 00:00:00.000000048,65.4783,209,47
1970-01-01 00:00:00.000000049,65.48608,209,47
1970-01-01 00:00:00.000000050,65.595795,209,47
1970-01-01 00:00:00.000000051,65.5946,209,47
1970-01-01 00:00:00.000000052,65.4383,209,47
1970-01-01 00:00:00.000000053,65.71568,209,47
1970-01-01 00:00:00.000000049,66.32864,209,48
1970-01-01 00:00:00.000000050,66.55749,209,48
1970-01-01 00:00:00.000000051,66.66961,209,48
1970-01-01 00:00:00.000000052,66.695816,209,48
1970-01-01 00:00:00.000000053,66.63132,209,48
1970-01-01 00:00:00.000000054,66.698074,209,48
1970-01-01 00:00:00.000000050,66.7058,209,49
1970-01-01 00:00:00.000000051,66.794876,209,49
1970-01-01 00:00:00.000000052,66.88919,209,49
1970-01-01 00:00:00.000000053,66.87017,209,49
1970-01-01 00:00:00.000000054,66.869286,209,49
1970-01-01 00:00:00.000000055,66.91871,209,49
1970-01-01 00:00:00.000000051,66.45056,209,50
1970-01-01 00:00:00.000000052,66.33461,209,50
1970-01-01 00:00:00.000000053,66.38768,209,50
1970-01-01 00:00:00.000000054,66.29749,209,50
1970-01-01 00:00:00.000000055,66.35186,209,50
1970-01-01 00:00:00.000000056,66.36167,209,50
1970-01-01 00:00:00.000000052,66.097244,209,51
1970-01-01 00:00:00.000000053,66.15611,209,51
1970-01-01 00:00:00.000000054,66.20538,209,51
1970-01-01 00:00:00.000000055,66.14408,209,51
1970-01-01 00:00:00.000000056,66.02964,209,51
1970-01-01 00:00:00.000000057,66.287384,209,51
1970-01-01 00:00:00.000000053,67.01993,209,52
1970-01-01 00:00:00.000000054,67.29242,209,52
1970-01-01 00:00:00.000000055,67.35075,209,52
1970-01-01 00:00:00.000000056,67.36874,209,52
1970-01-01 00:00:00.000000057,67.23337,209,52
1970-01-01 00:00:00.000000058,67.37298,209,52
1970-01-01 00:00:00.000000054,67.35909,209,53
1970-01-01 00:00:00.000000055,67.49338,209,53
1970-01-01 00:00:00.000000056,67.58795,209,53
1970-01-01 00:00:00.000000057,67.58118,209,53
1970-01-01 00:00:00.000000058,67.55248,209,53
1970-01-01 00:00:00.000000059,67.61923,209,53
1970-01-01 00:00:00.000000055,67.16608,209,54
1970-01-01 00:00:00.000000056,67.16522,209,54
1970-01-01 00:00:00.000000057,67.18532,209,54
1970-01-01 00:00:00.000000058,67.14346,209,54
1970-01-01 00:00:00.000000059,67.14803,209,54
1970-01-01 00:00:00.000000060,67.15414,209,54
1970-01-01 00:00:00.000000007,63.568314,210,6
1970-01-01 00:00:00.000000008,63.801544,210,6
1970-01-01 00:00:00.000000009,64.09247,210,6
1970-01-01 00:00:00.000000010,64.17404,210,6
1970-01-01 00:00:00.000000011,63.963886,210,6
1970-01-01 00:00:00.000000012,64.166985,210,6
1970-01-01 00:00:00.000000008,64.37788,210,7
1970-01-01 00:00:00.000000009,64.99966,210,7
1970-01-01 00:00:00.000000010,65.10396,210,7
1970-01-01 00:00:00.000000011,65.04239,210,7
1970-01-01 00:00:00.000000012,65.05251,210,7
1970-01-01 00:00:00.000000013,64.992744,210,7
1970-01-01 00:00:00.000000009,65.16669,210,8
1970-01-01 00:00:00.000000010,64.620964,210,8
1970-01-01 00:00:00.000000011,64.843025,210,8
1970-01-01 00:00:00.000000012,64.6435,210,8
1970-01-01 00:00:00.000000013,64.74846,210,8
1970-01-01 00:00:00.000000014,64.94778,210,8
1970-01-01 00:00:00.000000010,64.99817,210,9
1970-01-01 00:00:00.000000011,64.81935,210,9
1970-01-01 00:00:00.000000012,65.13102,210,9
1970-01-01 00:00:00.000000013,64.71632,210,9
1970-01-01 00:00:00.000000014,64.87134,210,9
1970-01-01 00:00:00.000000015,65.09283,210,9
1970-01-01 00:00:00.000000011,66.08067,210,10
1970-01-01 00:00:00.000000012,66.44973,210,10
1970-01-01 00:00:00.000000013,66.681526,210,10
1970-01-01 00:00:00.000000014,66.4685,210,10
1970-01-01 00:00:00.000000015,66.403854,210,10
1970-01-01 00:00:00.000000016,66.5821,210,10
1970-01-01 00:00:00.000000012,66.56956,210,11
1970-01-01 00:00:00.000000013,66.71286,210,11
1970-01-01 00:00:00.000000014,67.015305,210,11
1970-01-01 00:00:00.000000015,66.837105,210,11
1970-01-01 00:00:00.000000016,66.8429,210,11
1970-01-01 00:00:00.000000017,67.06126,210,11
1970-01-01 00:00:00.000000013,67.00483,210,12
1970-01-01 00:00:00.000000014,67.078835,210,12
1970-01-01 00:00:00.000000015,67.69703,210,12
1970-01-01 00:00:00.000000016,67.61412,210,12
1970-01-01 00:00:00.000000017,67.449875,210,12
1970-01-01 00:00:00.000000018,68.178215,210,12
1970-01-01 00:00:00.000000014,67.17175,210,13
1970-01-01 00:00:00.000000015,67.74186,210,13
1970-01-01 00:00:00.000000016,68.08679,210,13
1970-01-01 00:00:00.000000017,68.20491,210,13
1970-01-01 00:00:00.000000018,68.59735,210,13
1970-01-01 00:00:00.000000019,68.13991,210,13
1970-01-01 00:00:00.000000015,67.29346,210,14
1970-01-01 00:00:00.000000016,67.53938,210,14
1970-01-01 00:00:00.000000017,68.318825,210,14
1970-01-01 00:00:00.000000018,68.53651,210,14
1970-01-01 00:00:00.000000019,68.31355,210,14
1970-01-01 00:00:00.000000020,68.00778,210,14
1970-01-01 00:00:00.000000016,66.98923,210,15
1970-01-01 00:00:00.000000017,67.13356,210,15
1970-01-01 00:00:00.000000018,67.545715,210,15
1970-01-01 00:00:00.000000019,67.34808,210,15
1970-01-01 00:00:00.000000020,67.34867,210,15
1970-01-01 00:00:00.000000021,66.981606,210,15
1970-01-01 00:00:00.000000017,67.59469,210,16
1970-01-01 00:00:00.000000018,67.797,210,16
1970-01-01 00:00:00.000000019,67.973755,210,16
1970-01-01 00:00:00.000000020,67.896454,210,16
1970-01-01 00:00:00.000000021,67.68609,210,16
1970-01-01 00:00:00.000000022,67.7059,210,16
1970-01-01 00:00:00.000000018,68.32556,210,17
1970-01-01 00:00:00.000000019,68.23857,210,17
1970-01-01 00:00:00.000000020,68.0819,210,17
1970-01-01 00:00:00.000000021,68.04187,210,17
1970-01-01 00:00:00.000000022,67.854294,210,17
1970-01-01 00:00:00.000000023,68.035065,210,17
1970-01-01 00:00:00.000000019,67.95967,210,18
1970-01-01 00:00:00.000000020,67.82614,210,18
1970-01-01 00:00:00.000000021,67.603584,210,18
1970-01-01 00:00:00.000000022,67.60854,210,18
1970-01-01 00:00:00.000000023,67.5274,210,18
1970-01-01 00:00:00.000000024,67.54135,210,18
1970-01-01 00:00:00.000000020,67.11845,210,19
1970-01-01 00:00:00.000000021,66.98041,210,19
1970-01-01 00:00:00.000000022,67.01506,210,19
1970-01-01 00:00:00.000000023,66.99243,210,19
1970-01-01 00:00:00.000000024,66.942085,210,19
1970-01-01 00:00:00.000000025,67.03026,210,19
1970-01-01 00:00:00.000000021,67.46953,210,20
1970-01-01 00:00:00.000000022,67.571266,210,20
1970-01-01 00:00:00.000000023,67.61347,210,20
1970-01-01 00:00:00.000000024,67.61525,210,20
1970-01-01 00:00:00.000000025,67.447464,210,20
1970-01-01 00:00:00.000000026,67.69827,210,20
1970-01-01 00:00:00.000000022,64.26886,210,21
1970-01-01 00:00:00.000000023,64.91345,210,21
1970-01-01 00:00:00.000000024,64.748314,210,21
1970-01-01 00:00:00.000000025,64.50891,210,21
1970-01-01 00:00:00.000000026,64.71771,210,21
1970-01-01 00:00:00.000000027,64.59955,210,21
1970-01-01 00:00:00.000000023,62.604675,210,22
1970-01-01 00:00:00.000000024,63.483734,210,22
1970-01-01 00:00:00.000000025,63.03961,210,22
1970-01-01 00:00:00.000000026,63.442966,210,22
1970-01-01 00:00:00.000000027,63.705074,210,22
1970-01-01 00:00:00.000000028,63.624966,210,22
1970-01-01 00:00:00.000000024,64.71884,210,23
1970-01-01 00:00:00.000000025,65.088036,210,23
1970-01-01 00:00:00.000000026,64.96353,210,23
1970-01-01 00:00:00.000000027,65.49993,210,23
1970-01-01 00:00:00.000000028,65.73074,210,23
1970-01-01 00:00:00.000000029,66.01339,210,23
1970-01-01 00:00:00.000000025,67.265976,210,24
1970-01-01 00:00:00.000000026,68.57392,210,24
1970-01-01 00:00:00.000000027,68.58952,210,24
1970-01-01 00:00:00.000000028,68.32397,210,24
1970-01-01 00:00:00.000000029,68.56154,210,24
1970-01-01 00:00:00.000000030,68.17163,210,24
1970-01-01 00:00:00.000000026,69.65463,210,25
1970-01-01 00:00:00.000000027,69.84437,210,25
1970-01-01 00:00:00.000000028,70.00918,210,25
1970-01-01 00:00:00.000000029,70.068794,210,25
1970-01-01 00:00:00.000000030,70.15735,210,25
1970-01-01 00:00:00.000000031,70.33032,210,25
1970-01-01 00:00:00.000000027,67.249565,210,26
1970-01-01 00:00:00.000000028,66.63222,210,26
1970-01-01 00:00:00.000000029,67.007126,210,26
1970-01-01 00:00:00.000000030,66.31847,210,26
1970-01-01 00:00:00.000000031,66.492645,210,26
1970-01-01 00:00:00.000000032,66.77297,210,26
1970-01-01 00:00:00.000000028,66.05853,210,27
1970-01-01 00:00:00.000000029,66.42983,210,27
1970-01-01 00:00:00.000000030,66.54116,210,27
1970-01-01 00:00:00.000000031,66.22834,210,27
1970-01-01 00:00:00.000000032,65.91418,210,27
1970-01-01 00:00:00.000000033,66.46046,210,27
1970-01-01 00:00:00.000000029,63.556774,210,28
1970-01-01 00:00:00.000000030,64.34314,210,28
1970-01-01 00:00:00.000000031,64.48487,210,28
1970-01-01 00:00:00.000000032,63.943653,210,28
1970-01-01 00:00:00.000000033,63.766026,210,28
1970-01-01 00:00:00.000000034,64.05934,210,28
1970-01-01 00:00:00.000000030,62.039772,210,29
1970-01-01 00:00:00.000000031,63.153275,210,29
1970-01-01 00:00:00.000000032,62.727425,210,29
1970-01-01 00:00:00.000000033,63.064358,210,29
1970-01-01 00:00:00.000000034,63.17128,210,29
1970-01-01 00:00:00.000000035,63.200947,210,29
1970-01-01 00:00:00.000000031,62.247627,210,30
1970-01-01 00:00:00.000000032,62.904583,210,30
1970-01-01 00:00:00.000000033,62.62712,210,30
1970-01-01 00:00:00.000000034,63.322033,210,30
1970-01-01 00:00:00.000000035,63.458416,210,30
1970-01-01 00:00:00.000000036,64.0369,210,30
1970-01-01 00:00:00.000000032,62.91433,210,31
1970-01-01 00:00:00.000000033,64.39494,210,31
1970-01-01 00:00:00.000000034,64.345695,210,31
1970-01-01 00:00:00.000000035,64.09173,210,31
1970-01-01 00:00:00.000000036,64.77638,210,31
1970-01-01 00:00:00.000000037,64.52913,210,31
1970-01-01 00:00:00.000000033,63.7997,210,32
1970-01-01 00:00:00.000000034,64.893326,210,32
1970-01-01 00:00:00.000000035,65.04281,210,32
1970-01-01 00:00:00.000000036,65.161644,210,32
1970-01-01 00:00:00.000000037,65.81882,210,32
1970-01-01 00:00:00.000000038,65.46726,210,32
1970-01-01 00:00:00.000000034,65.58639,210,33
1970-01-01 00:00:00.000000035,65.76389,210,33
1970-01-01 00:00:00.000000036,65.94033,210,33
1970-01-01 00:00:00.000000037,66.070656,210,33
1970-01-01 00:00:00.000000038,66.11584,210,33
1970-01-01 00:00:00.000000039,66.280235,210,33
1970-01-01 00:00:00.000000035,65.79443,210,34
1970-01-01 00:00:00.000000036,65.58418,210,34
1970-01-01 00:00:00.000000037,65.86889,210,34
1970-01-01 00:00:00.000000038,65.63351,210,34
1970-01-01 00:00:00.000000039,65.71006,210,34
1970-01-01 00:00:00.000000040,65.83115,210,34
1970-01-01 00:00:00.000000036,66.05928,210,35
1970-01-01 00:00:00.000000037,65.92305,210,35
1970-01-01 00:00:00.000000038,66.190414,210,35
1970-01-01 00:00:00.000000039,65.92276,210,35
1970-01-01 00:00:00.000000040,66.09421,210,35
1970-01-01 00:00:00.000000041,66.147224,210,35
1970-01-01 00:00:00.000000037,66.813675,210,36
1970-01-01 00:00:00.000000038,67.00785,210,36
1970-01-01 00:00:00.000000039,67.29055,210,36
1970-01-01 00:00:00.000000040,67.0953,210,36
1970-01-01 00:00:00.000000041,67.137924,210,36
1970-01-01 00:00:00.000000042,67.3547,210,36
1970-01-01 00:00:00.000000038,67.7087,210,37
1970-01-01 00:00:00.000000039,67.94321,210,37
1970-01-01 00:00:00.000000040,68.202896,210,37
1970-01-01 00:00:00.000000041,68.01828,210,37
1970-01-01 00:00:00.000000042,68.06366,210,37
1970-01-01 00:00:00.000000043,68.10341,210,37
1970-01-01 00:00:00.000000039,68.15806,210,38
1970-01-01 00:00:00.000000040,68.14914,210,38
1970-01-01 00:00:00.000000041,68.40151,210,38
1970-01-01 00:00:00.000000042,68.19756,210,38
1970-01-01 00:00:00.000000043,68.308395,210,38
1970-01-01 00:00:00.000000044,68.38028,210,38
1970-01-01 00:00:00.000000040,68.25676,210,39
1970-01-01 00:00:00.000000041,68.335846,210,39
1970-01-01 00:00:00.000000042,68.50768,210,39
1970-01-01 00:00:00.000000043,68.30993,210,39
1970-01-01 00:00:00.000000044,68.33744,210,39
1970-01-01 00:00:00.000000045,68.45951,210,39
1970-01-01 00:00:00.000000041,68.56057,210,40
1970-01-01 00:00:00.000000042,68.71861,210,40
1970-01-01 00:00:00.000000043,68.83045,210,40
1970-01-01 00:00:00.000000044,68.698105,210,40
1970-01-01 00:00:00.000000045,68.66739,210,40
1970-01-01 00:00:00.000000046,68.785484,210,40
1970-01-01 00:00:00.000000042,69.31793,210,41
1970-01-01 00:00:00.000000043,69.49976,210,41
1970-01-01 00:00:00.000000044,69.6718,210,41
1970-01-01 00:00:00.000000045,69.57553,210,41
1970-01-01 00:00:00.000000046,69.59979,210,41
1970-01-01 00:00:00.000000047,69.725845,210,41
1970-01-01 00:00:00.000000043,70.28085,210,42
1970-01-01 00:00:00.000000044,70.48138,210,42
1970-01-01 00:00:00.000000045,70.72163,210,42
1970-01-01 00:00:00.000000046,70.61671,210,42
1970-01-01 00:00:00.000000047,70.63611,210,42
1970-01-01 00:00:00.000000048,70.72613,210,42
1970-01-01 00:00:00.000000044,70.49583,210,43
1970-01-01 00:00:00.000000045,70.40739,210,43
1970-01-01 00:00:00.000000046,70.6022,210,43
1970-01-01 00:00:00.000000047,70.42312,210,43
1970-01-01 00:00:00.000000048,70.48652,210,43
1970-01-01 00:00:00.000000049,70.55022,210,43
1970-01-01 00:00:00.000000045,70.60626,210,44
1970-01-01 00:00:00.000000046,70.574905,210,44
1970-01-01 00:00:00.000000047,70.74386,210,44
1970-01-01 00:00:00.000000048,70.56621,210,44
1970-01-01 00:00:00.000000049,70.66058,210,44
1970-01-01 00:00:00.000000050,70.727,210,44
1970-01-01 00:00:00.000000046,70.83414,210,45
1970-01-01 00:00:00.000000047,71.026215,210,45
1970-01-01 00:00:00.000000048,71.140755,210,45
1970-01-01 00:00:00.000000049,71.03415,210,45
1970-01-01 00:00:00.000000050,70.97271,210,45
1970-01-01 00:00:00.000000051,71.18786,210,45
1970-01-01 00:00:00.000000047,71.5849,210,46
1970-01-01 00:00:00.000000048,71.804565,210,46
1970-01-01 00:00:00.000000049,71.94013,210,46
1970-01-01 00:00:00.000000050,71.876434,210,46
1970-01-01 00:00:00.000000051,71.86792,210,46
1970-01-01 00:00:00.000000052,71.89902,210,46
1970-01-01 00:00:00.000000048,71.600655,210,47
1970-01-01 00:00:00.000000049,71.64934,210,47
1970-01-01 00:00:00.000000050,71.76951,210,47
1970-01-01 00:00:00.000000051,71.68469,210,47
1970-01-01 00:00:00.000000052,71.683586,210,47
1970-01-01 00:00:00.000000053,71.76536,210,47
1970-01-01 00:00:00.000000049,71.99597,210,48
1970-01-01 00:00:00.000000050,72.10052,210,48
1970-01-01 00:00:00.000000051,72.1995,210,48
1970-01-01 00:00:00.000000052,72.14481,210,48
1970-01-01 00:00:00.000000053,72.18472,210,48
1970-01-01 00:00:00.000000054,72.19042,210,48
1970-01-01 00:00:00.000000050,72.141304,210,49
1970-01-01 00:00:00.000000051,72.22683,210,49
1970-01-01 00:00:00.000000052,72.33482,210,49
1970-01-01 00:00:00.000000053,72.28089,210,49
1970-01-01 00:00:00.000000054,72.23686,210,49
1970-01-01 00:00:00.000000055,72.37332,210,49
1970-01-01 00:00:00.000000051,71.903534,210,50
1970-01-01 00:00:00.000000052,72.06029,210,50
1970-01-01 00:00:00.000000053,72.04661,210,50
1970-01-01 00:00:00.000000054,71.98267,210,50
1970-01-01 00:00:00.000000055,71.91847,210,50
1970-01-01 00:00:00.000000056,71.91854,210,50
1970-01-01 00:00:00.000000052,72.125626,210,51
1970-01-01 00:00:00.000000053,72.23355,210,51
1970-01-01 00:00:00.000000054,72.26177,210,51
1970-01-01 00:00:00.000000055,72.2667,210,51
1970-01-01 00:00:00.000000056,72.19794,210,51
1970-01-01 00:00:00.000000057,72.31765,210,51
1970-01-01 00:00:00.000000053,72.472694,210,52
1970-01-01 00:00:00.000000054,72.617935,210,52
1970-01-01 00:00:00.000000055,72.71154,210,52
1970-01-01 00:00:00.000000056,72.72853,210,52
1970-01-01 00:00:00.000000057,72.573616,210,52
1970-01-01 00:00:00.000000058,72.744125,210,52
1970-01-01 00:00:00.000000054,72.69017,210,53
1970-01-01 00:00:00.000000055,72.81877,210,53
1970-01-01 00:00:00.000000056,72.85666,210,53
1970-01-01 00:00:00.000000057,72.88854,210,53
1970-01-01 00:00:00.000000058,72.8844,210,53
1970-01-01 00:00:00.000000059,72.82006,210,53
1970-01-01 00:00:00.000000055,72.60522,210,54
1970-01-01 00:00:00.000000056,72.64387,210,54
1970-01-01 00:00:00.000000057,72.6928,210,54
1970-01-01 00:00:00.000000058,72.71359,210,54
1970-01-01 00:00:00.000000059,72.67344,210,54
1970-01-01 00:00:00.000000060,72.7274,210,54
1970-01-01 00:00:00.000000007,68.46479,211,6
1970-01-01 00:00:00.000000008,68.532005,211,6
1970-01-01 00:00:00.000000009,68.80016,211,6
1970-01-01 00:00:00.000000010,68.74435,211,6
1970-01-01 00:00:00.000000011,68.51246,211,6
1970-01-01 00:00:00.000000012,68.35869,211,6
1970-01-01 00:00:00.000000008,67.95015,211,7
1970-01-01 00:00:00.000000009,67.57263,211,7
1970-01-01 00:00:00.000000010,67.831825,211,7
1970-01-01 00:00:00.000000011,67.87461,211,7
1970-01-01 00:00:00.000000012,67.459435,211,7
1970-01-01 00:00:00.000000013,67.57468,211,7
1970-01-01 00:00:00.000000009,65.2935,211,8
1970-01-01 00:00:00.000000010,65.48915,211,8
1970-01-01 00:00:00.000000011,65.60644,211,8
1970-01-01 00:00:00.000000012,65.43784,211,8
1970-01-01 00:00:00.000000013,64.64568,211,8
1970-01-01 00:00:00.000000014,65.17862,211,8
1970-01-01 00:00:00.000000010,65.053764,211,9
1970-01-01 00:00:00.000000011,65.263054,211,9
1970-01-01 00:00:00.000000012,65.25842,211,9
1970-01-01 00:00:00.000000013,64.981415,211,9
1970-01-01 00:00:00.000000014,64.58512,211,9
1970-01-01 00:00:00.000000015,64.80717,211,9
1970-01-01 00:00:00.000000011,66.92973,211,10
1970-01-01 00:00:00.000000012,66.7538,211,10
1970-01-01 00:00:00.000000013,66.964165,211,10
1970-01-01 00:00:00.000000014,66.98136,211,10
1970-01-01 00:00:00.000000015,66.4421,211,10
1970-01-01 00:00:00.000000016,67.12132,211,10
1970-01-01 00:00:00.000000012,67.78623,211,11
1970-01-01 00:00:00.000000013,68.8243,211,11
1970-01-01 00:00:00.000000014,69.17913,211,11
1970-01-01 00:00:00.000000015,68.65969,211,11
1970-01-01 00:00:00.000000016,68.63359,211,11
1970-01-01 00:00:00.000000017,68.60396,211,11
1970-01-01 00:00:00.000000013,68.49606,211,12
1970-01-01 00:00:00.000000014,69.27338,211,12
1970-01-01 00:00:00.000000015,69.265335,211,12
1970-01-01 00:00:00.000000016,69.332565,211,12
1970-01-01 00:00:00.000000017,69.39987,211,12
1970-01-01 00:00:00.000000018,68.86729,211,12
1970-01-01 00:00:00.000000014,69.290016,211,13
1970-01-01 00:00:00.000000015,68.82994,211,13
1970-01-01 00:00:00.000000016,69.24087,211,13
1970-01-01 00:00:00.000000017,69.251526,211,13
1970-01-01 00:00:00.000000018,69.14306,211,13
1970-01-01 00:00:00.000000019,69.12445,211,13
1970-01-01 00:00:00.000000015,69.11814,211,14
1970-01-01 00:00:00.000000016,69.12991,211,14
1970-01-01 00:00:00.000000017,69.19747,211,14
1970-01-01 00:00:00.000000018,69.43818,211,14
1970-01-01 00:00:00.000000019,68.79413,211,14
1970-01-01 00:00:00.000000020,68.94222,211,14
1970-01-01 00:00:00.000000016,70.16993,211,15
1970-01-01 00:00:00.000000017,70.30011,211,15
1970-01-01 00:00:00.000000018,70.36361,211,15
1970-01-01 00:00:00.000000019,70.52198,211,15
1970-01-01 00:00:00.000000020,70.202835,211,15
1970-01-01 00:00:00.000000021,70.125595,211,15
1970-01-01 00:00:00.000000017,69.987175,211,16
1970-01-01 00:00:00.000000018,70.021416,211,16
1970-01-01 00:00:00.000000019,70.12188,211,16
1970-01-01 00:00:00.000000020,70.23883,211,16
1970-01-01 00:00:00.000000021,69.80894,211,16
1970-01-01 00:00:00.000000022,69.97226,211,16
1970-01-01 00:00:00.000000018,68.62171,211,17
1970-01-01 00:00:00.000000019,68.75996,211,17
1970-01-01 00:00:00.000000020,68.72552,211,17
1970-01-01 00:00:00.000000021,68.62877,211,17
1970-01-01 00:00:00.000000022,68.421455,211,17
1970-01-01 00:00:00.000000023,68.27393,211,17
1970-01-01 00:00:00.000000019,67.99051,211,18
1970-01-01 00:00:00.000000020,68.02296,211,18
1970-01-01 00:00:00.000000021,68.0691,211,18
1970-01-01 00:00:00.000000022,67.93132,211,18
1970-01-01 00:00:00.000000023,67.77963,211,18
1970-01-01 00:00:00.000000024,67.878494,211,18
1970-01-01 00:00:00.000000020,66.432495,211,19
1970-01-01 00:00:00.000000021,66.58715,211,19
1970-01-01 00:00:00.000000022,66.52854,211,19
1970-01-01 00:00:00.000000023,66.26968,211,19
1970-01-01 00:00:00.000000024,66.10509,211,19
1970-01-01 00:00:00.000000025,66.15386,211,19
1970-01-01 00:00:00.000000021,62.51086,211,20
1970-01-01 00:00:00.000000022,62.88548,211,20
1970-01-01 00:00:00.000000023,62.516808,211,20
1970-01-01 00:00:00.000000024,62.01407,211,20
1970-01-01 00:00:00.000000025,61.9144,211,20
1970-01-01 00:00:00.000000026,61.72397,211,20
1970-01-01 00:00:00.000000022,62.68017,211,21
1970-01-01 00:00:00.000000023,62.67861,211,21
1970-01-01 00:00:00.000000024,62.41946,211,21
1970-01-01 00:00:00.000000025,62.593056,211,21
1970-01-01 00:00:00.000000026,62.13144,211,21
1970-01-01 00:00:00.000000027,62.59888,211,21
1970-01-01 00:00:00.000000023,63.530743,211,22
1970-01-01 00:00:00.000000024,64.012955,211,22
1970-01-01 00:00:00.000000025,64.43883,211,22
1970-01-01 00:00:00.000000026,63.65903,211,22
1970-01-01 00:00:00.000000027,63.142124,211,22
1970-01-01 00:00:00.000000028,64.21827,211,22
1970-01-01 00:00:00.000000024,63.256786,211,23
1970-01-01 00:00:00.000000025,64.71405,211,23
1970-01-01 00:00:00.000000026,64.673065,211,23
1970-01-01 00:00:00.000000027,63.89758,211,23
1970-01-01 00:00:00.000000028,64.56467,211,23
1970-01-01 00:00:00.000000029,63.094646,211,23
1970-01-01 00:00:00.000000025,63.61361,211,24
1970-01-01 00:00:00.000000026,63.06112,211,24
1970-01-01 00:00:00.000000027,63.483837,211,24
1970-01-01 00:00:00.000000028,63.540398,211,24
1970-01-01 00:00:00.000000029,63.148643,211,24
1970-01-01 00:00:00.000000030,63.4601,211,24
1970-01-01 00:00:00.000000026,63.475487,211,25
1970-01-01 00:00:00.000000027,63.510303,211,25
1970-01-01 00:00:00.000000028,63.53761,211,25
1970-01-01 00:00:00.000000029,63.440502,211,25
1970-01-01 00:00:00.000000030,63.180374,211,25
1970-01-01 00:00:00.000000031,63.357414,211,25
1970-01-01 00:00:00.000000027,63.45786,211,26
1970-01-01 00:00:00.000000028,63.51786,211,26
1970-01-01 00:00:00.000000029,63.5576,211,26
1970-01-01 00:00:00.000000030,63.455086,211,26
1970-01-01 00:00:00.000000031,63.291004,211,26
1970-01-01 00:00:00.000000032,63.42749,211,26
1970-01-01 00:00:00.000000028,62.86018,211,27
1970-01-01 00:00:00.000000029,62.919716,211,27
1970-01-01 00:00:00.000000030,62.86343,211,27
1970-01-01 00:00:00.000000031,62.71291,211,27
1970-01-01 00:00:00.000000032,62.64237,211,27
1970-01-01 00:00:00.000000033,62.672134,211,27
1970-01-01 00:00:00.000000029,63.30197,211,28
1970-01-01 00:00:00.000000030,63.293213,211,28
1970-01-01 00:00:00.000000031,63.335182,211,28
1970-01-01 00:00:00.000000032,63.369267,211,28
1970-01-01 00:00:00.000000033,63.221733,211,28
1970-01-01 00:00:00.000000034,63.304886,211,28
1970-01-01 00:00:00.000000030,62.124535,211,29
1970-01-01 00:00:00.000000031,62.182987,211,29
1970-01-01 00:00:00.000000032,62.112312,211,29
1970-01-01 00:00:00.000000033,61.940468,211,29
1970-01-01 00:00:00.000000034,61.860462,211,29
1970-01-01 00:00:00.000000035,61.919094,211,29
1970-01-01 00:00:00.000000031,61.019695,211,30
1970-01-01 00:00:00.000000032,61.180115,211,30
1970-01-01 00:00:00.000000033,60.999554,211,30
1970-01-01 00:00:00.000000034,60.863903,211,30
1970-01-01 00:00:00.000000035,60.85312,211,30
1970-01-01 00:00:00.000000036,60.66929,211,30
1970-01-01 00:00:00.000000032,60.219788,211,31
1970-01-01 00:00:00.000000033,60.19503,211,31
1970-01-01 00:00:00.000000034,60.089493,211,31
1970-01-01 00:00:00.000000035,60.033726,211,31
1970-01-01 00:00:00.000000036,59.827816,211,31
1970-01-01 00:00:00.000000037,60.102642,211,31
1970-01-01 00:00:00.000000033,59.630657,211,32
1970-01-01 00:00:00.000000034,59.825424,211,32
1970-01-01 00:00:00.000000035,59.648712,211,32
1970-01-01 00:00:00.000000036,59.441906,211,32
1970-01-01 00:00:00.000000037,59.3108,211,32
1970-01-01 00:00:00.000000038,59.4493,211,32
1970-01-01 00:00:00.000000034,58.753513,211,33
1970-01-01 00:00:00.000000035,58.848915,211,33
1970-01-01 00:00:00.000000036,58.63434,211,33
1970-01-01 00:00:00.000000037,58.396523,211,33
1970-01-01 00:00:00.000000038,58.382866,211,33
1970-01-01 00:00:00.000000039,58.449043,211,33
1970-01-01 00:00:00.000000035,58.22805,211,34
1970-01-01 00:00:00.000000036,58.28162,211,34
1970-01-01 00:00:00.000000037,58.088867,211,34
1970-01-01 00:00:00.000000038,57.94458,211,34
1970-01-01 00:00:00.000000039,57.8914,211,34
1970-01-01 00:00:00.000000040,58.013443,211,34
1970-01-01 00:00:00.000000036,58.577625,211,35
1970-01-01 00:00:00.000000037,58.681705,211,35
1970-01-01 00:00:00.000000038,58.663517,211,35
1970-01-01 00:00:00.000000039,58.593002,211,35
1970-01-01 00:00:00.000000040,58.461823,211,35
1970-01-01 00:00:00.000000041,58.677814,211,35
1970-01-01 00:00:00.000000037,58.053864,211,36
1970-01-01 00:00:00.000000038,58.193058,211,36
1970-01-01 00:00:00.000000039,58.161804,211,36
1970-01-01 00:00:00.000000040,57.85886,211,36
1970-01-01 00:00:00.000000041,57.851124,211,36
1970-01-01 00:00:00.000000042,57.936676,211,36
1970-01-01 00:00:00.000000038,57.640823,211,37
1970-01-01 00:00:00.000000039,57.710796,211,37
1970-01-01 00:00:00.000000040,57.579964,211,37
1970-01-01 00:00:00.000000041,57.45062,211,37
1970-01-01 00:00:00.000000042,57.497433,211,37
1970-01-01 00:00:00.000000043,57.40977,211,37
1970-01-01 00:00:00.000000039,57.163094,211,38
1970-01-01 00:00:00.000000040,57.146046,211,38
1970-01-01 00:00:00.000000041,57.060337,211,38
1970-01-01 00:00:00.000000042,57.003613,211,38
1970-01-01 00:00:00.000000043,56.89265,211,38
1970-01-01 00:00:00.000000044,57.05831,211,38
1970-01-01 00:00:00.000000040,56.474007,211,39
1970-01-01 00:00:00.000000041,56.583443,211,39
1970-01-01 00:00:00.000000042,56.430706,211,39
1970-01-01 00:00:00.000000043,56.31028,211,39
1970-01-01 00:00:00.000000044,56.265053,211,39
1970-01-01 00:00:00.000000045,56.274574,211,39
1970-01-01 00:00:00.000000041,56.34523,211,40
1970-01-01 00:00:00.000000042,56.40166,211,40
1970-01-01 00:00:00.000000043,56.304047,211,40
1970-01-01 00:00:00.000000044,56.271164,211,40
1970-01-01 00:00:00.000000045,56.178654,211,40
1970-01-01 00:00:00.000000046,56.332638,211,40
1970-01-01 00:00:00.000000042,56.49528,211,41
1970-01-01 00:00:00.000000043,56.620136,211,41
1970-01-01 00:00:00.000000044,56.642155,211,41
1970-01-01 00:00:00.000000045,56.502296,211,41
1970-01-01 00:00:00.000000046,56.412914,211,41
1970-01-01 00:00:00.000000047,56.582157,211,41
1970-01-01 00:00:00.000000043,56.54728,211,42
1970-01-01 00:00:00.000000044,56.74061,211,42
1970-01-01 00:00:00.000000045,56.786716,211,42
1970-01-01 00:00:00.000000046,56.613598,211,42
1970-01-01 00:00:00.000000047,56.64232,211,42
1970-01-01 00:00:00.000000048,56.554787,211,42
1970-01-01 00:00:00.000000044,56.237328,211,43
1970-01-01 00:00:00.000000045,56.240337,211,43
1970-01-01 00:00:00.000000046,56.294224,211,43
1970-01-01 00:00:00.000000047,56.18143,211,43
1970-01-01 00:00:00.000000048,56.0944,211,43
1970-01-01 00:00:00.000000049,56.17296,211,43
1970-01-01 00:00:00.000000045,55.90094,211,44
1970-01-01 00:00:00.000000046,55.950603,211,44
1970-01-01 00:00:00.000000047,55.91552,211,44
1970-01-01 00:00:00.000000048,55.836235,211,44
1970-01-01 00:00:00.000000049,55.7667,211,44
1970-01-01 00:00:00.000000050,55.790955,211,44
1970-01-01 00:00:00.000000046,55.414795,211,45
1970-01-01 00:00:00.000000047,55.47265,211,45
1970-01-01 00:00:00.000000048,55.4174,211,45
1970-01-01 00:00:00.000000049,55.33978,211,45
1970-01-01 00:00:00.000000050,55.27546,211,45
1970-01-01 00:00:00.000000051,55.318005,211,45
1970-01-01 00:00:00.000000047,55.376137,211,46
1970-01-01 00:00:00.000000048,55.441017,211,46
1970-01-01 00:00:00.000000049,55.391605,211,46
1970-01-01 00:00:00.000000050,55.360996,211,46
1970-01-01 00:00:00.000000051,55.26345,211,46
1970-01-01 00:00:00.000000052,55.364517,211,46
1970-01-01 00:00:00.000000048,55.593166,211,47
1970-01-01 00:00:00.000000049,55.68989,211,47
1970-01-01 00:00:00.000000050,55.75017,211,47
1970-01-01 00:00:00.000000051,55.648914,211,47
1970-01-01 00:00:00.000000052,55.547585,211,47
1970-01-01 00:00:00.000000053,55.696644,211,47
1970-01-01 00:00:00.000000049,55.959362,211,48
1970-01-01 00:00:00.000000050,56.158768,211,48
1970-01-01 00:00:00.000000051,56.28415,211,48
1970-01-01 00:00:00.000000052,56.151104,211,48
1970-01-01 00:00:00.000000053,56.166603,211,48
1970-01-01 00:00:00.000000054,56.08265,211,48
1970-01-01 00:00:00.000000050,55.35138,211,49
1970-01-01 00:00:00.000000051,55.37474,211,49
1970-01-01 00:00:00.000000052,55.44215,211,49
1970-01-01 00:00:00.000000053,55.31038,211,49
1970-01-01 00:00:00.000000054,55.198326,211,49
1970-01-01 00:00:00.000000055,55.205627,211,49
1970-01-01 00:00:00.000000051,56.22227,211,50
1970-01-01 00:00:00.000000052,56.203854,211,50
1970-01-01 00:00:00.000000053,56.2418,211,50
1970-01-01 00:00:00.000000054,56.384346,211,50
1970-01-01 00:00:00.000000055,56.230976,211,50
1970-01-01 00:00:00.000000056,56.240376,211,50
1970-01-01 00:00:00.000000052,56.831932,211,51
1970-01-01 00:00:00.000000053,56.909206,211,51
1970-01-01 00:00:00.000000054,57.100025,211,51
1970-01-01 00:00:00.000000055,57.116238,211,51
1970-01-01 00:00:00.000000056,56.93157,211,51
1970-01-01 00:00:00.000000057,57.18774,211,51
1970-01-01 00:00:00.000000053,57.15901,211,52
1970-01-01 00:00:00.000000054,57.3583,211,52
1970-01-01 00:00:00.000000055,57.399628,211,52
1970-01-01 00:00:00.000000056,57.433853,211,52
1970-01-01 00:00:00.000000057,57.365704,211,52
1970-01-01 00:00:00.000000058,57.23325,211,52
1970-01-01 00:00:00.000000054,57.29356,211,53
1970-01-01 00:00:00.000000055,57.001644,211,53
1970-01-01 00:00:00.000000056,57.214024,211,53
1970-01-01 00:00:00.000000057,57.19071,211,53
1970-01-01 00:00:00.000000058,57.12413,211,53
1970-01-01 00:00:00.000000059,57.103977,211,53
1970-01-01 00:00:00.000000055,57.397835,211,54
1970-01-01 00:00:00.000000056,57.270107,211,54
1970-01-01 00:00:00.000000057,57.413292,211,54
1970-01-01 00:00:00.000000058,57.48888,211,54
1970-01-01 00:00:00.000000059,57.212048,211,54
1970-01-01 00:00:00.000000060,57.305363,211,54
1970-01-01 00:00:00.000000007,60.698086,212,6
1970-01-01 00:00:00.000000008,60.61348,212,6
1970-01-01 00:00:00.000000009,60.724617,212,6
1970-01-01 00:00:00.000000010,60.75356,212,6
1970-01-01 00:00:00.000000011,60.662617,212,6
1970-01-01 00:00:00.000000012,60.653065,212,6
1970-01-01 00:00:00.000000008,59.984325,212,7
1970-01-01 00:00:00.000000009,60.00728,212,7
1970-01-01 00:00:00.000000010,60.038776,212,7
1970-01-01 00:00:00.000000011,60.06933,212,7
1970-01-01 00:00:00.000000012,59.776634,212,7
1970-01-01 00:00:00.000000013,59.87617,212,7
1970-01-01 00:00:00.000000009,61.058517,212,8
1970-01-01 00:00:00.000000010,61.155376,212,8
1970-01-01 00:00:00.000000011,61.214565,212,8
1970-01-01 00:00:00.000000012,61.294235,212,8
1970-01-01 00:00:00.000000013,61.22738,212,8
1970-01-01 00:00:00.000000014,61.19379,212,8
1970-01-01 00:00:00.000000010,60.994194,212,9
1970-01-01 00:00:00.000000011,61.00105,212,9
1970-01-01 00:00:00.000000012,61.158493,212,9
1970-01-01 00:00:00.000000013,61.17148,212,9
1970-01-01 00:00:00.000000014,60.81995,212,9
1970-01-01 00:00:00.000000015,61.08341,212,9
1970-01-01 00:00:00.000000011,61.317833,212,10
1970-01-01 00:00:00.000000012,61.453716,212,10
1970-01-01 00:00:00.000000013,61.44522,212,10
1970-01-01 00:00:00.000000014,61.50318,212,10
1970-01-01 00:00:00.000000015,61.4478,212,10
1970-01-01 00:00:00.000000016,61.23753,212,10
1970-01-01 00:00:00.000000012,61.6379,212,11
1970-01-01 00:00:00.000000013,61.514412,212,11
1970-01-01 00:00:00.000000014,61.691113,212,11
1970-01-01 00:00:00.000000015,61.77099,212,11
1970-01-01 00:00:00.000000016,61.599632,212,11
1970-01-01 00:00:00.000000017,61.764275,212,11
1970-01-01 00:00:00.000000013,62.15552,212,12
1970-01-01 00:00:00.000000014,62.358032,212,12
1970-01-01 00:00:00.000000015,62.42324,212,12
1970-01-01 00:00:00.000000016,62.46165,212,12
1970-01-01 00:00:00.000000017,62.34579,212,12
1970-01-01 00:00:00.000000018,62.222492,212,12
1970-01-01 00:00:00.000000014,62.820374,212,13
1970-01-01 00:00:00.000000015,62.825455,212,13
1970-01-01 00:00:00.000000016,63.018856,212,13
1970-01-01 00:00:00.000000017,63.0389,212,13
1970-01-01 00:00:00.000000018,62.950066,212,13
1970-01-01 00:00:00.000000019,62.98851,212,13
1970-01-01 00:00:00.000000015,63.45307,212,14
1970-01-01 00:00:00.000000016,63.49565,212,14
1970-01-01 00:00:00.000000017,63.70424,212,14
1970-01-01 00:00:00.000000018,63.702526,212,14
1970-01-01 00:00:00.000000019,63.552364,212,14
1970-01-01 00:00:00.000000020,63.51619,212,14
1970-01-01 00:00:00.000000016,63.755512,212,15
1970-01-01 00:00:00.000000017,63.61406,212,15
1970-01-01 00:00:00.000000018,63.8615,212,15
1970-01-01 00:00:00.000000019,63.844917,212,15
1970-01-01 00:00:00.000000020,63.676342,212,15
1970-01-01 00:00:00.000000021,63.613266,212,15
1970-01-01 00:00:00.000000017,64.13222,212,16
1970-01-01 00:00:00.000000018,64.02908,212,16
1970-01-01 00:00:00.000000019,64.24423,212,16
1970-01-01 00:00:00.000000020,64.29441,212,16
1970-01-01 00:00:00.000000021,64.05752,212,16
1970-01-01 00:00:00.000000022,64.04914,212,16
1970-01-01 00:00:00.000000018,64.468704,212,17
1970-01-01 00:00:00.000000019,64.48533,212,17
1970-01-01 00:00:00.000000020,64.62635,212,17
1970-01-01 00:00:00.000000021,64.70278,212,17
1970-01-01 00:00:00.000000022,64.39643,212,17
1970-01-01 00:00:00.000000023,64.41747,212,17
1970-01-01 00:00:00.000000019,64.81882,212,18
1970-01-01 00:00:00.000000020,64.84035,212,18
1970-01-01 00:00:00.000000021,64.9717,212,18
1970-01-01 00:00:00.000000022,65.01294,212,18
1970-01-01 00:00:00.000000023,64.8206,212,18
1970-01-01 00:00:00.000000024,64.74982,212,18
1970-01-01 00:00:00.000000020,65.31175,212,19
1970-01-01 00:00:00.000000021,65.310234,212,19
1970-01-01 00:00:00.000000022,65.48091,212,19
1970-01-01 00:00:00.000000023,65.523384,212,19
1970-01-01 00:00:00.000000024,65.3823,212,19
1970-01-01 00:00:00.000000025,65.364975,212,19
1970-01-01 00:00:00.000000021,65.69439,212,20
1970-01-01 00:00:00.000000022,65.73886,212,20
1970-01-01 00:00:00.000000023,65.90117,212,20
1970-01-01 00:00:00.000000024,65.92142,212,20
1970-01-01 00:00:00.000000025,65.7743,212,20
1970-01-01 00:00:00.000000026,65.708305,212,20
1970-01-01 00:00:00.000000022,65.839966,212,21
1970-01-01 00:00:00.000000023,65.780525,212,21
1970-01-01 00:00:00.000000024,65.94752,212,21
1970-01-01 00:00:00.000000025,65.95774,212,21
1970-01-01 00:00:00.000000026,65.79994,212,21
1970-01-01 00:00:00.000000027,65.7253,212,21
1970-01-01 00:00:00.000000023,66.228966,212,22
1970-01-01 00:00:00.000000024,66.18293,212,22
1970-01-01 00:00:00.000000025,66.33242,212,22
1970-01-01 00:00:00.000000026,66.39485,212,22
1970-01-01 00:00:00.000000027,66.230194,212,22
1970-01-01 00:00:00.000000028,66.20003,212,22
1970-01-01 00:00:00.000000024,66.71054,212,23
1970-01-01 00:00:00.000000025,66.76973,212,23
1970-01-01 00:00:00.000000026,66.90592,212,23
1970-01-01 00:00:00.000000027,66.95792,212,23
1970-01-01 00:00:00.000000028,66.78975,212,23
1970-01-01 00:00:00.000000029,66.74981,212,23
1970-01-01 00:00:00.000000025,67.24096,212,24
1970-01-01 00:00:00.000000026,67.30783,212,24
1970-01-01 00:00:00.000000027,67.45404,212,24
1970-01-01 00:00:00.000000028,67.47646,212,24
1970-01-01 00:00:00.000000029,67.34564,212,24
1970-01-01 00:00:00.000000030,67.29402,212,24
1970-01-01 00:00:00.000000026,67.38026,212,25
1970-01-01 00:00:00.000000027,67.27752,212,25
1970-01-01 00:00:00.000000028,67.45979,212,25
1970-01-01 00:00:00.000000029,67.45492,212,25
1970-01-01 00:00:00.000000030,67.288925,212,25
1970-01-01 00:00:00.000000031,67.25157,212,25
1970-01-01 00:00:00.000000027,67.679665,212,26
1970-01-01 00:00:00.000000028,67.620346,212,26
1970-01-01 00:00:00.000000029,67.762245,212,26
1970-01-01 00:00:00.000000030,67.8055,212,26
1970-01-01 00:00:00.000000031,67.63915,212,26
1970-01-01 00:00:00.000000032,67.57269,212,26
1970-01-01 00:00:00.000000028,67.46197,212,27
1970-01-01 00:00:00.000000029,67.44109,212,27
1970-01-01 00:00:00.000000030,67.504166,212,27
1970-01-01 00:00:00.000000031,67.61481,212,27
1970-01-01 00:00:00.000000032,67.24367,212,27
1970-01-01 00:00:00.000000033,67.37852,212,27
1970-01-01 00:00:00.000000029,67.39656,212,28
1970-01-01 00:00:00.000000030,67.47506,212,28
1970-01-01 00:00:00.000000031,67.452484,212,28
1970-01-01 00:00:00.000000032,67.55229,212,28
1970-01-01 00:00:00.000000033,67.26547,212,28
1970-01-01 00:00:00.000000034,67.22766,212,28
1970-01-01 00:00:00.000000030,66.88543,212,29
1970-01-01 00:00:00.000000031,66.879036,212,29
1970-01-01 00:00:00.000000032,66.939575,212,29
1970-01-01 00:00:00.000000033,66.87993,212,29
1970-01-01 00:00:00.000000034,66.616776,212,29
1970-01-01 00:00:00.000000035,66.83585,212,29
1970-01-01 00:00:00.000000031,67.561356,212,30
1970-01-01 00:00:00.000000032,67.539116,212,30
1970-01-01 00:00:00.000000033,67.60298,212,30
1970-01-01 00:00:00.000000034,67.62086,212,30
1970-01-01 00:00:00.000000035,67.31674,212,30
1970-01-01 00:00:00.000000036,67.49373,212,30
1970-01-01 00:00:00.000000032,68.225334,212,31
1970-01-01 00:00:00.000000033,68.3505,212,31
1970-01-01 00:00:00.000000034,68.50022,212,31
1970-01-01 00:00:00.000000035,68.52072,212,31
1970-01-01 00:00:00.000000036,68.33726,212,31
1970-01-01 00:00:00.000000037,68.521774,212,31
1970-01-01 00:00:00.000000033,68.29411,212,32
1970-01-01 00:00:00.000000034,68.492714,212,32
1970-01-01 00:00:00.000000035,68.50659,212,32
1970-01-01 00:00:00.000000036,68.51561,212,32
1970-01-01 00:00:00.000000037,68.4797,212,32
1970-01-01 00:00:00.000000038,68.31641,212,32
1970-01-01 00:00:00.000000034,67.14134,212,33
1970-01-01 00:00:00.000000035,67.08432,212,33
1970-01-01 00:00:00.000000036,67.14709,212,33
1970-01-01 00:00:00.000000037,67.04261,212,33
1970-01-01 00:00:00.000000038,66.94613,212,33
1970-01-01 00:00:00.000000039,66.90034,212,33
1970-01-01 00:00:00.000000035,66.731415,212,34
1970-01-01 00:00:00.000000036,66.73322,212,34
1970-01-01 00:00:00.000000037,66.79075,212,34
1970-01-01 00:00:00.000000038,66.72411,212,34
1970-01-01 00:00:00.000000039,66.50776,212,34
1970-01-01 00:00:00.000000040,66.66723,212,34
1970-01-01 00:00:00.000000036,66.45725,212,35
1970-01-01 00:00:00.000000037,66.49872,212,35
1970-01-01 00:00:00.000000038,66.53394,212,35
1970-01-01 00:00:00.000000039,66.40523,212,35
1970-01-01 00:00:00.000000040,66.158295,212,35
1970-01-01 00:00:00.000000041,66.40246,212,35
1970-01-01 00:00:00.000000037,66.24866,212,36
1970-01-01 00:00:00.000000038,66.40641,212,36
1970-01-01 00:00:00.000000039,66.3676,212,36
1970-01-01 00:00:00.000000040,66.17959,212,36
1970-01-01 00:00:00.000000041,66.104996,212,36
1970-01-01 00:00:00.000000042,66.12404,212,36
1970-01-01 00:00:00.000000038,67.02929,212,37
1970-01-01 00:00:00.000000039,67.06077,212,37
1970-01-01 00:00:00.000000040,67.24869,212,37
1970-01-01 00:00:00.000000041,67.157104,212,37
1970-01-01 00:00:00.000000042,67.01731,212,37
1970-01-01 00:00:00.000000043,67.178604,212,37
1970-01-01 00:00:00.000000039,67.328125,212,38
1970-01-01 00:00:00.000000040,67.51523,212,38
1970-01-01 00:00:00.000000041,67.70469,212,38
1970-01-01 00:00:00.000000042,67.53416,212,38
1970-01-01 00:00:00.000000043,67.453896,212,38
1970-01-01 00:00:00.000000044,67.513016,212,38
1970-01-01 00:00:00.000000040,66.79439,212,39
1970-01-01 00:00:00.000000041,66.88174,212,39
1970-01-01 00:00:00.000000042,66.86173,212,39
1970-01-01 00:00:00.000000043,66.80331,212,39
1970-01-01 00:00:00.000000044,66.756035,212,39
1970-01-01 00:00:00.000000045,66.486084,212,39
1970-01-01 00:00:00.000000041,66.90066,212,40
1970-01-01 00:00:00.000000042,66.78217,212,40
1970-01-01 00:00:00.000000043,66.84813,212,40
1970-01-01 00:00:00.000000044,66.94292,212,40
1970-01-01 00:00:00.000000045,66.70006,212,40
1970-01-01 00:00:00.000000046,66.864265,212,40
1970-01-01 00:00:00.000000042,67.017494,212,41
1970-01-01 00:00:00.000000043,66.92904,212,41
1970-01-01 00:00:00.000000044,67.06996,212,41
1970-01-01 00:00:00.000000045,67.0072,212,41
1970-01-01 00:00:00.000000046,66.58212,212,41
1970-01-01 00:00:00.000000047,66.98307,212,41
1970-01-01 00:00:00.000000043,66.96214,212,42
1970-01-01 00:00:00.000000044,67.10177,212,42
1970-01-01 00:00:00.000000045,67.16267,212,42
1970-01-01 00:00:00.000000046,67.06917,212,42
1970-01-01 00:00:00.000000047,66.95362,212,42
1970-01-01 00:00:00.000000048,66.792694,212,42
1970-01-01 00:00:00.000000044,66.395615,212,43
1970-01-01 00:00:00.000000045,66.36605,212,43
1970-01-01 00:00:00.000000046,66.423416,212,43
1970-01-01 00:00:00.000000047,66.33293,212,43
1970-01-01 00:00:00.000000048,66.15552,212,43
1970-01-01 00:00:00.000000049,66.28066,212,43
1970-01-01 00:00:00.000000045,66.26198,212,44
1970-01-01 00:00:00.000000046,66.29114,212,44
1970-01-01 00:00:00.000000047,66.3195,212,44
1970-01-01 00:00:00.000000048,66.23399,212,44
1970-01-01 00:00:00.000000049,66.04738,212,44
1970-01-01 00:00:00.000000050,66.15389,212,44
1970-01-01 00:00:00.000000046,66.145,212,45
1970-01-01 00:00:00.000000047,66.161736,212,45
1970-01-01 00:00:00.000000048,66.21279,212,45
1970-01-01 00:00:00.000000049,66.096436,212,45
1970-01-01 00:00:00.000000050,65.92184,212,45
1970-01-01 00:00:00.000000051,66.09096,212,45
1970-01-01 00:00:00.000000047,67.260605,212,46
1970-01-01 00:00:00.000000048,67.376274,212,46
1970-01-01 00:00:00.000000049,67.493034,212,46
1970-01-01 00:00:00.000000050,67.5055,212,46
1970-01-01 00:00:00.000000051,67.35884,212,46
1970-01-01 00:00:00.000000052,67.428925,212,46
1970-01-01 00:00:00.000000048,67.03522,212,47
1970-01-01 00:00:00.000000049,67.18431,212,47
1970-01-01 00:00:00.000000050,67.29883,212,47
1970-01-01 00:00:00.000000051,67.19708,212,47
1970-01-01 00:00:00.000000052,67.10922,212,47
1970-01-01 00:00:00.000000053,67.07321,212,47
1970-01-01 00:00:00.000000049,66.981384,212,48
1970-01-01 00:00:00.000000050,67.00623,212,48
1970-01-01 00:00:00.000000051,66.9729,212,48
1970-01-01 00:00:00.000000052,67.02798,212,48
1970-01-01 00:00:00.000000053,66.97704,212,48
1970-01-01 00:00:00.000000054,66.762024,212,48
1970-01-01 00:00:00.000000050,66.911835,212,49
1970-01-01 00:00:00.000000051,66.76306,212,49
1970-01-01 00:00:00.000000052,66.880775,212,49
1970-01-01 00:00:00.000000053,66.96107,212,49
1970-01-01 00:00:00.000000054,66.616035,212,49
1970-01-01 00:00:00.000000055,66.973946,212,49
1970-01-01 00:00:00.000000051,67.4999,212,50
1970-01-01 00:00:00.000000052,67.66226,212,50
1970-01-01 00:00:00.000000053,67.69934,212,50
1970-01-01 00:00:00.000000054,67.73845,212,50
1970-01-01 00:00:00.000000055,67.5388,212,50
1970-01-01 00:00:00.000000056,67.53349,212,50
1970-01-01 00:00:00.000000052,67.743195,212,51
1970-01-01 00:00:00.000000053,67.82603,212,51
1970-01-01 00:00:00.000000054,67.91227,212,51
1970-01-01 00:00:00.000000055,67.94496,212,51
1970-01-01 00:00:00.000000056,67.88503,212,51
1970-01-01 00:00:00.000000057,67.847916,212,51
1970-01-01 00:00:00.000000053,67.85761,212,52
1970-01-01 00:00:00.000000054,67.874405,212,52
1970-01-01 00:00:00.000000055,67.95106,212,52
1970-01-01 00:00:00.000000056,67.96904,212,52
1970-01-01 00:00:00.000000057,67.8879,212,52
1970-01-01 00:00:00.000000058,67.78665,212,52
1970-01-01 00:00:00.000000054,67.31154,212,53
1970-01-01 00:00:00.000000055,67.2973,212,53
1970-01-01 00:00:00.000000056,67.313065,212,53
1970-01-01 00:00:00.000000057,67.376656,212,53
1970-01-01 00:00:00.000000058,67.13769,212,53
1970-01-01 00:00:00.000000059,67.16471,212,53
1970-01-01 00:00:00.000000055,67.9874,212,54
1970-01-01 00:00:00.000000056,67.99029,212,54
1970-01-01 00:00:00.000000057,68.01244,212,54
1970-01-01 00:00:00.000000058,68.15179,212,54
1970-01-01 00:00:00.000000059,67.90643,212,54
1970-01-01 00:00:00.000000060,68.01753,212,54
1970-01-01 00:00:00.000000007,69.924576,213,6
1970-01-01 00:00:00.000000008,69.88698,213,6
1970-01-01 00:00:00.000000009,69.92849,213,6
1970-01-01 00:00:00.000000010,69.82237,213,6
1970-01-01 00:00:00.000000011,69.67515,213,6
1970-01-01 00:00:00.000000012,69.5403,213,6
1970-01-01 00:00:00.000000008,69.368675,213,7
1970-01-01 00:00:00.000000009,69.350426,213,7
1970-01-01 00:00:00.000000010,69.45271,213,7
1970-01-01 00:00:00.000000011,69.31955,213,7
1970-01-01 00:00:00.000000012,69.07955,213,7
1970-01-01 00:00:00.000000013,69.28544,213,7
1970-01-01 00:00:00.000000009,66.81361,213,8
1970-01-01 00:00:00.000000010,67.04984,213,8
1970-01-01 00:00:00.000000011,66.94753,213,8
1970-01-01 00:00:00.000000012,66.59371,213,8
1970-01-01 00:00:00.000000013,66.473854,213,8
1970-01-01 00:00:00.000000014,66.364136,213,8
1970-01-01 00:00:00.000000010,63.611584,213,9
1970-01-01 00:00:00.000000011,63.838543,213,9
1970-01-01 00:00:00.000000012,63.41589,213,9
1970-01-01 00:00:00.000000013,63.15738,213,9
1970-01-01 00:00:00.000000014,63.088444,213,9
1970-01-01 00:00:00.000000015,62.846096,213,9
1970-01-01 00:00:00.000000011,63.421185,213,10
1970-01-01 00:00:00.000000012,63.496292,213,10
1970-01-01 00:00:00.000000013,63.153133,213,10
1970-01-01 00:00:00.000000014,63.322826,213,10
1970-01-01 00:00:00.000000015,62.883217,213,10
1970-01-01 00:00:00.000000016,63.44248,213,10
1970-01-01 00:00:00.000000012,64.58013,213,11
1970-01-01 00:00:00.000000013,65.33207,213,11
1970-01-01 00:00:00.000000014,65.48968,213,11
1970-01-01 00:00:00.000000015,64.86799,213,11
1970-01-01 00:00:00.000000016,64.74214,213,11
1970-01-01 00:00:00.000000017,65.03217,213,11
1970-01-01 00:00:00.000000013,64.08376,213,12
1970-01-01 00:00:00.000000014,64.6942,213,12
1970-01-01 00:00:00.000000015,64.77656,213,12
1970-01-01 00:00:00.000000016,64.204994,213,12
1970-01-01 00:00:00.000000017,64.67556,213,12
1970-01-01 00:00:00.000000018,63.771603,213,12
1970-01-01 00:00:00.000000014,64.115204,213,13
1970-01-01 00:00:00.000000015,63.825954,213,13
1970-01-01 00:00:00.000000016,63.956608,213,13
1970-01-01 00:00:00.000000017,64.037285,213,13
1970-01-01 00:00:00.000000018,63.927715,213,13
1970-01-01 00:00:00.000000019,63.869278,213,13
1970-01-01 00:00:00.000000015,64.076485,213,14
1970-01-01 00:00:00.000000016,64.060135,213,14
1970-01-01 00:00:00.000000017,64.09906,213,14
1970-01-01 00:00:00.000000018,64.0334,213,14
1970-01-01 00:00:00.000000019,63.87489,213,14
1970-01-01 00:00:00.000000020,64.05194,213,14
1970-01-01 00:00:00.000000016,63.425503,213,15
1970-01-01 00:00:00.000000017,63.529747,213,15
1970-01-01 00:00:00.000000018,63.421043,213,15
1970-01-01 00:00:00.000000019,63.28984,213,15
1970-01-01 00:00:00.000000020,63.257927,213,15
1970-01-01 00:00:00.000000021,63.203533,213,15
1970-01-01 00:00:00.000000017,62.87345,213,16
1970-01-01 00:00:00.000000018,62.872574,213,16
1970-01-01 00:00:00.000000019,62.748444,213,16
1970-01-01 00:00:00.000000020,62.70513,213,16
1970-01-01 00:00:00.000000021,62.645016,213,16
1970-01-01 00:00:00.000000022,62.685444,213,16
1970-01-01 00:00:00.000000018,62.513367,213,17
1970-01-01 00:00:00.000000019,62.54725,213,17
1970-01-01 00:00:00.000000020,62.432304,213,17
1970-01-01 00:00:00.000000021,62.365547,213,17
1970-01-01 00:00:00.000000022,62.26995,213,17
1970-01-01 00:00:00.000000023,62.379326,213,17
1970-01-01 00:00:00.000000019,62.26279,213,18
1970-01-01 00:00:00.000000020,62.37686,213,18
1970-01-01 00:00:00.000000021,62.2539,213,18
1970-01-01 00:00:00.000000022,62.15827,213,18
1970-01-01 00:00:00.000000023,62.108036,213,18
1970-01-01 00:00:00.000000024,62.12372,213,18
1970-01-01 00:00:00.000000020,62.809464,213,19
1970-01-01 00:00:00.000000021,62.87839,213,19
1970-01-01 00:00:00.000000022,62.96642,213,19
1970-01-01 00:00:00.000000023,62.93096,213,19
1970-01-01 00:00:00.000000024,62.81533,213,19
1970-01-01 00:00:00.000000025,62.949432,213,19
1970-01-01 00:00:00.000000021,62.155106,213,20
1970-01-01 00:00:00.000000022,62.240875,213,20
1970-01-01 00:00:00.000000023,62.23466,213,20
1970-01-01 00:00:00.000000024,61.98423,213,20
1970-01-01 00:00:00.000000025,61.972477,213,20
1970-01-01 00:00:00.000000026,62.003323,213,20
1970-01-01 00:00:00.000000022,61.062847,213,21
1970-01-01 00:00:00.000000023,61.158554,213,21
1970-01-01 00:00:00.000000024,61.012844,213,21
1970-01-01 00:00:00.000000025,60.902233,213,21
1970-01-01 00:00:00.000000026,60.929264,213,21
1970-01-01 00:00:00.000000027,60.75789,213,21
1970-01-01 00:00:00.000000023,60.12202,213,22
1970-01-01 00:00:00.000000024,60.14563,213,22
1970-01-01 00:00:00.000000025,60.067223,213,22
1970-01-01 00:00:00.000000026,60.005436,213,22
1970-01-01 00:00:00.000000027,59.89936,213,22
1970-01-01 00:00:00.000000028,59.954517,213,22
1970-01-01 00:00:00.000000024,60.129078,213,23
1970-01-01 00:00:00.000000025,60.31292,213,23
1970-01-01 00:00:00.000000026,60.224216,213,23
1970-01-01 00:00:00.000000027,60.22976,213,23
1970-01-01 00:00:00.000000028,60.033035,213,23
1970-01-01 00:00:00.000000029,60.259087,213,23
1970-01-01 00:00:00.000000025,60.31016,213,24
1970-01-01 00:00:00.000000026,60.605465,213,24
1970-01-01 00:00:00.000000027,60.66608,213,24
1970-01-01 00:00:00.000000028,60.393974,213,24
1970-01-01 00:00:00.000000029,60.387253,213,24
1970-01-01 00:00:00.000000030,60.454742,213,24
1970-01-01 00:00:00.000000026,60.021038,213,25
1970-01-01 00:00:00.000000027,60.153286,213,25
1970-01-01 00:00:00.000000028,60.179226,213,25
1970-01-01 00:00:00.000000029,59.973724,213,25
1970-01-01 00:00:00.000000030,60.07155,213,25
1970-01-01 00:00:00.000000031,59.88396,213,25
1970-01-01 00:00:00.000000027,60.650692,213,26
1970-01-01 00:00:00.000000028,60.500843,213,26
1970-01-01 00:00:00.000000029,60.662098,213,26
1970-01-01 00:00:00.000000030,60.733906,213,26
1970-01-01 00:00:00.000000031,60.591583,213,26
1970-01-01 00:00:00.000000032,60.726185,213,26
1970-01-01 00:00:00.000000028,59.89064,213,27
1970-01-01 00:00:00.000000029,59.929394,213,27
1970-01-01 00:00:00.000000030,59.976715,213,27
1970-01-01 00:00:00.000000031,59.785748,213,27
1970-01-01 00:00:00.000000032,59.648315,213,27
1970-01-01 00:00:00.000000033,59.77932,213,27
1970-01-01 00:00:00.000000029,59.36513,213,28
1970-01-01 00:00:00.000000030,59.45926,213,28
1970-01-01 00:00:00.000000031,59.365578,213,28
1970-01-01 00:00:00.000000032,59.28881,213,28
1970-01-01 00:00:00.000000033,59.270866,213,28
1970-01-01 00:00:00.000000034,59.152,213,28
1970-01-01 00:00:00.000000030,59.326443,213,29
1970-01-01 00:00:00.000000031,59.266273,213,29
1970-01-01 00:00:00.000000032,59.269104,213,29
1970-01-01 00:00:00.000000033,59.281857,213,29
1970-01-01 00:00:00.000000034,59.12332,213,29
1970-01-01 00:00:00.000000035,59.345863,213,29
1970-01-01 00:00:00.000000031,58.92509,213,30
1970-01-01 00:00:00.000000032,59.056953,213,30
1970-01-01 00:00:00.000000033,58.987957,213,30
1970-01-01 00:00:00.000000034,58.834503,213,30
1970-01-01 00:00:00.000000035,58.76267,213,30
1970-01-01 00:00:00.000000036,58.8159,213,30
1970-01-01 00:00:00.000000032,58.262135,213,31
1970-01-01 00:00:00.000000033,58.33103,213,31
1970-01-01 00:00:00.000000034,58.17534,213,31
1970-01-01 00:00:00.000000035,58.084263,213,31
1970-01-01 00:00:00.000000036,58.102737,213,31
1970-01-01 00:00:00.000000037,58.0205,213,31
1970-01-01 00:00:00.000000033,57.761196,213,32
1970-01-01 00:00:00.000000034,57.760395,213,32
1970-01-01 00:00:00.000000035,57.65117,213,32
1970-01-01 00:00:00.000000036,57.618828,213,32
1970-01-01 00:00:00.000000037,57.541233,213,32
1970-01-01 00:00:00.000000038,57.639,213,32
1970-01-01 00:00:00.000000034,57.947544,213,33
1970-01-01 00:00:00.000000035,58.063713,213,33
1970-01-01 00:00:00.000000036,58.016212,213,33
1970-01-01 00:00:00.000000037,58.016438,213,33
1970-01-01 00:00:00.000000038,57.90125,213,33
1970-01-01 00:00:00.000000039,58.01379,213,33
1970-01-01 00:00:00.000000035,57.174072,213,34
1970-01-01 00:00:00.000000036,57.279476,213,34
1970-01-01 00:00:00.000000037,57.15112,213,34
1970-01-01 00:00:00.000000038,56.959633,213,34
1970-01-01 00:00:00.000000039,56.959583,213,34
1970-01-01 00:00:00.000000040,56.97395,213,34
1970-01-01 00:00:00.000000036,56.661434,213,35
1970-01-01 00:00:00.000000037,56.728687,213,35
1970-01-01 00:00:00.000000038,56.55336,213,35
1970-01-01 00:00:00.000000039,56.502594,213,35
1970-01-01 00:00:00.000000040,56.540737,213,35
1970-01-01 00:00:00.000000041,56.435287,213,35
1970-01-01 00:00:00.000000037,56.076405,213,36
1970-01-01 00:00:00.000000038,56.078644,213,36
1970-01-01 00:00:00.000000039,55.97699,213,36
1970-01-01 00:00:00.000000040,55.930214,213,36
1970-01-01 00:00:00.000000041,55.83027,213,36
1970-01-01 00:00:00.000000042,55.9875,213,36
1970-01-01 00:00:00.000000038,55.682674,213,37
1970-01-01 00:00:00.000000039,55.832806,213,37
1970-01-01 00:00:00.000000040,55.642662,213,37
1970-01-01 00:00:00.000000041,55.584724,213,37
1970-01-01 00:00:00.000000042,55.552116,213,37
1970-01-01 00:00:00.000000043,55.535717,213,37
1970-01-01 00:00:00.000000039,55.52533,213,38
1970-01-01 00:00:00.000000040,55.568115,213,38
1970-01-01 00:00:00.000000041,55.48217,213,38
1970-01-01 00:00:00.000000042,55.44784,213,38
1970-01-01 00:00:00.000000043,55.36443,213,38
1970-01-01 00:00:00.000000044,55.505756,213,38
1970-01-01 00:00:00.000000040,55.937695,213,39
1970-01-01 00:00:00.000000041,56.11032,213,39
1970-01-01 00:00:00.000000042,56.141388,213,39
1970-01-01 00:00:00.000000043,56.034794,213,39
1970-01-01 00:00:00.000000044,56.001015,213,39
1970-01-01 00:00:00.000000045,56.066925,213,39
1970-01-01 00:00:00.000000041,56.213276,213,40
1970-01-01 00:00:00.000000042,56.362827,213,40
1970-01-01 00:00:00.000000043,56.49589,213,40
1970-01-01 00:00:00.000000044,56.348244,213,40
1970-01-01 00:00:00.000000045,56.33353,213,40
1970-01-01 00:00:00.000000046,56.342022,213,40
1970-01-01 00:00:00.000000042,56.517696,213,41
1970-01-01 00:00:00.000000043,56.597366,213,41
1970-01-01 00:00:00.000000044,56.65642,213,41
1970-01-01 00:00:00.000000045,56.686516,213,41
1970-01-01 00:00:00.000000046,56.666462,213,41
1970-01-01 00:00:00.000000047,56.500637,213,41
1970-01-01 00:00:00.000000043,55.75342,213,42
1970-01-01 00:00:00.000000044,55.744133,213,42
1970-01-01 00:00:00.000000045,55.811012,213,42
1970-01-01 00:00:00.000000046,55.71573,213,42
1970-01-01 00:00:00.000000047,55.590153,213,42
1970-01-01 00:00:00.000000048,55.643547,213,42
1970-01-01 00:00:00.000000044,55.767445,213,43
1970-01-01 00:00:00.000000045,55.76615,213,43
1970-01-01 00:00:00.000000046,55.789433,213,43
1970-01-01 00:00:00.000000047,55.783768,213,43
1970-01-01 00:00:00.000000048,55.558643,213,43
1970-01-01 00:00:00.000000049,55.691216,213,43
1970-01-01 00:00:00.000000045,55.73287,213,44
1970-01-01 00:00:00.000000046,55.744072,213,44
1970-01-01 00:00:00.000000047,55.828964,213,44
1970-01-01 00:00:00.000000048,55.737976,213,44
1970-01-01 00:00:00.000000049,55.51053,213,44
1970-01-01 00:00:00.000000050,55.76496,213,44
1970-01-01 00:00:00.000000046,56.25278,213,45
1970-01-01 00:00:00.000000047,56.372955,213,45
1970-01-01 00:00:00.000000048,56.477577,213,45
1970-01-01 00:00:00.000000049,56.41054,213,45
1970-01-01 00:00:00.000000050,56.31968,213,45
1970-01-01 00:00:00.000000051,56.299557,213,45
1970-01-01 00:00:00.000000047,55.14162,213,46
1970-01-01 00:00:00.000000048,55.180298,213,46
1970-01-01 00:00:00.000000049,55.162945,213,46
1970-01-01 00:00:00.000000050,55.03169,213,46
1970-01-01 00:00:00.000000051,54.97036,213,46
1970-01-01 00:00:00.000000052,54.997395,213,46
1970-01-01 00:00:00.000000048,56.123047,213,47
1970-01-01 00:00:00.000000049,56.055645,213,47
1970-01-01 00:00:00.000000050,56.203674,213,47
1970-01-01 00:00:00.000000051,56.387394,213,47
1970-01-01 00:00:00.000000052,56.195297,213,47
1970-01-01 00:00:00.000000053,56.456993,213,47
1970-01-01 00:00:00.000000049,56.27456,213,48
1970-01-01 00:00:00.000000050,56.354412,213,48
1970-01-01 00:00:00.000000051,56.811535,213,48
1970-01-01 00:00:00.000000052,56.6588,213,48
1970-01-01 00:00:00.000000053,56.63919,213,48
1970-01-01 00:00:00.000000054,57.066494,213,48
1970-01-01 00:00:00.000000050,55.49532,213,49
1970-01-01 00:00:00.000000051,55.98154,213,49
1970-01-01 00:00:00.000000052,56.14364,213,49
1970-01-01 00:00:00.000000053,56.324135,213,49
1970-01-01 00:00:00.000000054,56.689644,213,49
1970-01-01 00:00:00.000000055,55.79003,213,49
1970-01-01 00:00:00.000000051,55.318077,213,50
1970-01-01 00:00:00.000000052,55.127186,213,50
1970-01-01 00:00:00.000000053,55.832764,213,50
1970-01-01 00:00:00.000000054,56.052727,213,50
1970-01-01 00:00:00.000000055,55.75902,213,50
1970-01-01 00:00:00.000000056,55.827488,213,50
1970-01-01 00:00:00.000000052,56.17627,213,51
1970-01-01 00:00:00.000000053,56.556206,213,51
1970-01-01 00:00:00.000000054,57.339684,213,51
1970-01-01 00:00:00.000000055,57.191475,213,51
1970-01-01 00:00:00.000000056,56.987247,213,51
1970-01-01 00:00:00.000000057,56.76941,213,51
1970-01-01 00:00:00.000000053,56.01419,213,52
1970-01-01 00:00:00.000000054,56.90493,213,52
1970-01-01 00:00:00.000000055,57.305264,213,52
1970-01-01 00:00:00.000000056,57.10158,213,52
1970-01-01 00:00:00.000000057,57.16083,213,52
1970-01-01 00:00:00.000000058,56.617973,213,52
1970-01-01 00:00:00.000000054,65.84457,213,53
1970-01-01 00:00:00.000000055,70.89201,213,53
1970-01-01 00:00:00.000000056,74.14392,213,53
1970-01-01 00:00:00.000000057,75.80012,213,53
1970-01-01 00:00:00.000000058,73.899536,213,53
1970-01-01 00:00:00.000000059,69.90945,213,53
1970-01-01 00:00:00.000000055,102.66786,213,54
1970-01-01 00:00:00.000000056,122.94061,213,54
1970-01-01 00:00:00.000000057,136.35544,213,54
1970-01-01 00:00:00.000000058,142.41058,213,54
1970-01-01 00:00:00.000000059,132.79465,213,54
1970-01-01 00:00:00.000000060,117.76157,213,54
1970-01-01 00:00:00.000000007,57.186222,214,6
1970-01-01 00:00:00.000000008,57.265015,214,6
1970-01-01 00:00:00.000000009,57.268272,214,6
1970-01-01 00:00:00.000000010,57.06215,214,6
1970-01-01 00:00:00.000000011,56.998123,214,6
1970-01-01 00:00:00.000000012,57.04285,214,6
1970-01-01 00:00:00.000000008,57.440483,214,7
1970-01-01 00:00:00.000000009,57.411125,214,7
1970-01-01 00:00:00.000000010,57.49345,214,7
1970-01-01 00:00:00.000000011,57.44462,214,7
1970-01-01 00:00:00.000000012,57.281837,214,7
1970-01-01 00:00:00.000000013,57.44081,214,7
1970-01-01 00:00:00.000000009,57.43598,214,8
1970-01-01 00:00:00.000000010,57.443653,214,8
1970-01-01 00:00:00.000000011,57.59038,214,8
1970-01-01 00:00:00.000000012,57.41472,214,8
1970-01-01 00:00:00.000000013,57.212498,214,8
1970-01-01 00:00:00.000000014,57.462402,214,8
1970-01-01 00:00:00.000000010,58.15778,214,9
1970-01-01 00:00:00.000000011,58.377132,214,9
1970-01-01 00:00:00.000000012,58.42359,214,9
1970-01-01 00:00:00.000000013,58.430733,214,9
1970-01-01 00:00:00.000000014,58.378723,214,9
1970-01-01 00:00:00.000000015,58.309166,214,9
1970-01-01 00:00:00.000000011,58.492588,214,10
1970-01-01 00:00:00.000000012,58.58566,214,10
1970-01-01 00:00:00.000000013,58.686584,214,10
1970-01-01 00:00:00.000000014,58.709927,214,10
1970-01-01 00:00:00.000000015,58.637966,214,10
1970-01-01 00:00:00.000000016,58.699017,214,10
1970-01-01 00:00:00.000000012,58.425903,214,11
1970-01-01 00:00:00.000000013,58.484074,214,11
1970-01-01 00:00:00.000000014,58.511112,214,11
1970-01-01 00:00:00.000000015,58.526306,214,11
1970-01-01 00:00:00.000000016,58.435734,214,11
1970-01-01 00:00:00.000000017,58.328354,214,11
1970-01-01 00:00:00.000000013,59.001266,214,12
1970-01-01 00:00:00.000000014,58.97483,214,12
1970-01-01 00:00:00.000000015,59.093636,214,12
1970-01-01 00:00:00.000000016,59.16421,214,12
1970-01-01 00:00:00.000000017,59.089664,214,12
1970-01-01 00:00:00.000000018,59.100815,214,12
1970-01-01 00:00:00.000000014,58.943268,214,13
1970-01-01 00:00:00.000000015,59.0042,214,13
1970-01-01 00:00:00.000000016,59.089012,214,13
1970-01-01 00:00:00.000000017,59.132008,214,13
1970-01-01 00:00:00.000000018,58.82422,214,13
1970-01-01 00:00:00.000000019,58.943207,214,13
1970-01-01 00:00:00.000000015,59.122784,214,14
1970-01-01 00:00:00.000000016,59.174984,214,14
1970-01-01 00:00:00.000000017,59.185608,214,14
1970-01-01 00:00:00.000000018,59.229774,214,14
1970-01-01 00:00:00.000000019,59.13491,214,14
1970-01-01 00:00:00.000000020,58.997997,214,14
1970-01-01 00:00:00.000000016,59.41208,214,15
1970-01-01 00:00:00.000000017,59.367817,214,15
1970-01-01 00:00:00.000000018,59.46245,214,15
1970-01-01 00:00:00.000000019,59.57446,214,15
1970-01-01 00:00:00.000000020,59.306194,214,15
1970-01-01 00:00:00.000000021,59.54019,214,15
1970-01-01 00:00:00.000000017,59.45819,214,16
1970-01-01 00:00:00.000000018,59.625828,214,16
1970-01-01 00:00:00.000000019,59.626156,214,16
1970-01-01 00:00:00.000000020,59.653835,214,16
1970-01-01 00:00:00.000000021,59.467823,214,16
1970-01-01 00:00:00.000000022,59.378387,214,16
1970-01-01 00:00:00.000000018,59.715836,214,17
1970-01-01 00:00:00.000000019,59.697006,214,17
1970-01-01 00:00:00.000000020,59.765064,214,17
1970-01-01 00:00:00.000000021,59.82953,214,17
1970-01-01 00:00:00.000000022,59.75268,214,17
1970-01-01 00:00:00.000000023,59.71888,214,17
1970-01-01 00:00:00.000000019,59.882973,214,18
1970-01-01 00:00:00.000000020,59.915585,214,18
1970-01-01 00:00:00.000000021,59.98853,214,18
1970-01-01 00:00:00.000000022,60.055122,214,18
1970-01-01 00:00:00.000000023,59.838013,214,18
1970-01-01 00:00:00.000000024,59.942223,214,18
1970-01-01 00:00:00.000000020,59.97955,214,19
1970-01-01 00:00:00.000000021,60.070164,214,19
1970-01-01 00:00:00.000000022,60.0877,214,19
1970-01-01 00:00:00.000000023,60.124283,214,19
1970-01-01 00:00:00.000000024,60.01625,214,19
1970-01-01 00:00:00.000000025,59.924717,214,19
1970-01-01 00:00:00.000000021,60.288948,214,20
1970-01-01 00:00:00.000000022,60.3002,214,20
1970-01-01 00:00:00.000000023,60.377373,214,20
1970-01-01 00:00:00.000000024,60.44296,214,20
1970-01-01 00:00:00.000000025,60.33893,214,20
1970-01-01 00:00:00.000000026,60.3466,214,20
1970-01-01 00:00:00.000000022,60.028473,214,21
1970-01-01 00:00:00.000000023,60.077557,214,21
1970-01-01 00:00:00.000000024,60.113926,214,21
1970-01-01 00:00:00.000000025,60.145332,214,21
1970-01-01 00:00:00.000000026,59.89333,214,21
1970-01-01 00:00:00.000000027,59.942497,214,21
1970-01-01 00:00:00.000000023,58.75738,214,22
1970-01-01 00:00:00.000000024,58.864353,214,22
1970-01-01 00:00:00.000000025,58.873165,214,22
1970-01-01 00:00:00.000000026,58.682213,214,22
1970-01-01 00:00:00.000000027,58.631405,214,22
1970-01-01 00:00:00.000000028,58.58724,214,22
1970-01-01 00:00:00.000000024,59.42326,214,23
1970-01-01 00:00:00.000000025,59.25879,214,23
1970-01-01 00:00:00.000000026,59.301838,214,23
1970-01-01 00:00:00.000000027,59.35918,214,23
1970-01-01 00:00:00.000000028,59.026493,214,23
1970-01-01 00:00:00.000000029,59.39288,214,23
1970-01-01 00:00:00.000000025,59.741337,214,24
1970-01-01 00:00:00.000000026,59.772774,214,24
1970-01-01 00:00:00.000000027,60.007236,214,24
1970-01-01 00:00:00.000000028,59.713715,214,24
1970-01-01 00:00:00.000000029,59.40903,214,24
1970-01-01 00:00:00.000000030,59.879776,214,24
1970-01-01 00:00:00.000000026,59.628475,214,25
1970-01-01 00:00:00.000000027,60.187443,214,25
1970-01-01 00:00:00.000000028,60.10246,214,25
1970-01-01 00:00:00.000000029,60.024998,214,25
1970-01-01 00:00:00.000000030,60.142197,214,25
1970-01-01 00:00:00.000000031,59.621967,214,25
1970-01-01 00:00:00.000000027,55.891083,214,26
1970-01-01 00:00:00.000000028,56.159843,214,26
1970-01-01 00:00:00.000000029,56.050396,214,26
1970-01-01 00:00:00.000000030,55.576748,214,26
1970-01-01 00:00:00.000000031,55.572422,214,26
1970-01-01 00:00:00.000000032,55.502148,214,26
1970-01-01 00:00:00.000000028,50.096443,214,27
1970-01-01 00:00:00.000000029,50.89723,214,27
1970-01-01 00:00:00.000000030,50.54598,214,27
1970-01-01 00:00:00.000000031,49.86484,214,27
1970-01-01 00:00:00.000000032,49.662907,214,27
1970-01-01 00:00:00.000000033,49.434593,214,27
1970-01-01 00:00:00.000000029,48.96043,214,28
1970-01-01 00:00:00.000000030,48.747215,214,28
1970-01-01 00:00:00.000000031,48.481762,214,28
1970-01-01 00:00:00.000000032,48.415066,214,28
1970-01-01 00:00:00.000000033,47.322746,214,28
1970-01-01 00:00:00.000000034,48.92858,214,28
1970-01-01 00:00:00.000000030,49.499413,214,29
1970-01-01 00:00:00.000000031,50.426884,214,29
1970-01-01 00:00:00.000000032,50.809925,214,29
1970-01-01 00:00:00.000000033,49.48703,214,29
1970-01-01 00:00:00.000000034,48.77503,214,29
1970-01-01 00:00:00.000000035,50.254482,214,29
1970-01-01 00:00:00.000000031,49.2626,214,30
1970-01-01 00:00:00.000000032,50.93498,214,30
1970-01-01 00:00:00.000000033,51.380676,214,30
1970-01-01 00:00:00.000000034,49.802372,214,30
1970-01-01 00:00:00.000000035,50.274147,214,30
1970-01-01 00:00:00.000000036,49.700478,214,30
1970-01-01 00:00:00.000000032,51.92774,214,31
1970-01-01 00:00:00.000000033,51.628944,214,31
1970-01-01 00:00:00.000000034,52.60364,214,31
1970-01-01 00:00:00.000000035,52.375965,214,31
1970-01-01 00:00:00.000000036,52.06741,214,31
1970-01-01 00:00:00.000000037,52.635685,214,31
1970-01-01 00:00:00.000000033,51.41745,214,32
1970-01-01 00:00:00.000000034,51.66813,214,32
1970-01-01 00:00:00.000000035,51.80711,214,32
1970-01-01 00:00:00.000000036,51.57695,214,32
1970-01-01 00:00:00.000000037,51.477066,214,32
1970-01-01 00:00:00.000000038,51.431675,214,32
1970-01-01 00:00:00.000000034,50.4567,214,33
1970-01-01 00:00:00.000000035,50.521416,214,33
1970-01-01 00:00:00.000000036,50.497944,214,33
1970-01-01 00:00:00.000000037,50.338757,214,33
1970-01-01 00:00:00.000000038,50.31169,214,33
1970-01-01 00:00:00.000000039,50.17858,214,33
1970-01-01 00:00:00.000000035,51.831806,214,34
1970-01-01 00:00:00.000000036,51.634216,214,34
1970-01-01 00:00:00.000000037,51.79554,214,34
1970-01-01 00:00:00.000000038,51.92849,214,34
1970-01-01 00:00:00.000000039,51.458847,214,34
1970-01-01 00:00:00.000000040,52.16463,214,34
1970-01-01 00:00:00.000000036,51.85309,214,35
1970-01-01 00:00:00.000000037,52.03631,214,35
1970-01-01 00:00:00.000000038,52.24677,214,35
1970-01-01 00:00:00.000000039,51.980923,214,35
1970-01-01 00:00:00.000000040,51.67029,214,35
1970-01-01 00:00:00.000000041,52.04283,214,35
1970-01-01 00:00:00.000000037,52.23354,214,36
1970-01-01 00:00:00.000000038,52.67894,214,36
1970-01-01 00:00:00.000000039,52.63258,214,36
1970-01-01 00:00:00.000000040,52.73148,214,36
1970-01-01 00:00:00.000000041,52.751945,214,36
1970-01-01 00:00:00.000000042,52.486908,214,36
1970-01-01 00:00:00.000000038,52.76532,214,37
1970-01-01 00:00:00.000000039,52.627033,214,37
1970-01-01 00:00:00.000000040,52.83413,214,37
1970-01-01 00:00:00.000000041,52.90769,214,37
1970-01-01 00:00:00.000000042,52.76182,214,37
1970-01-01 00:00:00.000000043,52.941345,214,37
1970-01-01 00:00:00.000000039,53.60865,214,38
1970-01-01 00:00:00.000000040,53.969265,214,38
1970-01-01 00:00:00.000000041,54.02059,214,38
1970-01-01 00:00:00.000000042,54.128216,214,38
1970-01-01 00:00:00.000000043,54.00225,214,38
1970-01-01 00:00:00.000000044,53.90815,214,38
1970-01-01 00:00:00.000000040,54.181313,214,39
1970-01-01 00:00:00.000000041,54.25678,214,39
1970-01-01 00:00:00.000000042,54.459988,214,39
1970-01-01 00:00:00.000000043,54.53596,214,39
1970-01-01 00:00:00.000000044,54.34538,214,39
1970-01-01 00:00:00.000000045,54.440464,214,39
1970-01-01 00:00:00.000000041,55.675625,214,40
1970-01-01 00:00:00.000000042,56.154892,214,40
1970-01-01 00:00:00.000000043,56.31783,214,40
1970-01-01 00:00:00.000000044,56.468864,214,40
1970-01-01 00:00:00.000000045,56.31118,214,40
1970-01-01 00:00:00.000000046,56.3141,214,40
1970-01-01 00:00:00.000000042,57.393364,214,41
1970-01-01 00:00:00.000000043,57.857445,214,41
1970-01-01 00:00:00.000000044,58.187244,214,41
1970-01-01 00:00:00.000000045,58.356564,214,41
1970-01-01 00:00:00.000000046,58.096954,214,41
1970-01-01 00:00:00.000000047,58.25865,214,41
1970-01-01 00:00:00.000000043,58.80546,214,42
1970-01-01 00:00:00.000000044,59.229275,214,42
1970-01-01 00:00:00.000000045,59.518745,214,42
1970-01-01 00:00:00.000000046,59.650932,214,42
1970-01-01 00:00:00.000000047,59.31072,214,42
1970-01-01 00:00:00.000000048,59.214256,214,42
1970-01-01 00:00:00.000000044,60.117073,214,43
1970-01-01 00:00:00.000000045,60.130646,214,43
1970-01-01 00:00:00.000000046,60.5879,214,43
1970-01-01 00:00:00.000000047,60.768898,214,43
1970-01-01 00:00:00.000000048,60.33888,214,43
1970-01-01 00:00:00.000000049,60.496445,214,43
1970-01-01 00:00:00.000000045,61.373203,214,44
1970-01-01 00:00:00.000000046,61.681767,214,44
1970-01-01 00:00:00.000000047,61.937004,214,44
1970-01-01 00:00:00.000000048,62.214752,214,44
1970-01-01 00:00:00.000000049,61.646835,214,44
1970-01-01 00:00:00.000000050,61.654015,214,44
1970-01-01 00:00:00.000000046,62.530506,214,45
1970-01-01 00:00:00.000000047,62.808,214,45
1970-01-01 00:00:00.000000048,63.086876,214,45
1970-01-01 00:00:00.000000049,63.329205,214,45
1970-01-01 00:00:00.000000050,62.740593,214,45
1970-01-01 00:00:00.000000051,62.830425,214,45
1970-01-01 00:00:00.000000047,63.46243,214,46
1970-01-01 00:00:00.000000048,63.644417,214,46
1970-01-01 00:00:00.000000049,63.979877,214,46
1970-01-01 00:00:00.000000050,64.1641,214,46
1970-01-01 00:00:00.000000051,63.634262,214,46
1970-01-01 00:00:00.000000052,63.887978,214,46
1970-01-01 00:00:00.000000048,63.947247,214,47
1970-01-01 00:00:00.000000049,64.26246,214,47
1970-01-01 00:00:00.000000050,64.34436,214,47
1970-01-01 00:00:00.000000051,64.56109,214,47
1970-01-01 00:00:00.000000052,64.17534,214,47
1970-01-01 00:00:00.000000053,64.026,214,47
1970-01-01 00:00:00.000000049,63.932114,214,48
1970-01-01 00:00:00.000000050,64.04352,214,48
1970-01-01 00:00:00.000000051,64.1523,214,48
1970-01-01 00:00:00.000000052,64.38317,214,48
1970-01-01 00:00:00.000000053,63.646923,214,48
1970-01-01 00:00:00.000000054,63.951187,214,48
1970-01-01 00:00:00.000000050,64.41055,214,49
1970-01-01 00:00:00.000000051,64.62367,214,49
1970-01-01 00:00:00.000000052,64.60283,214,49
1970-01-01 00:00:00.000000053,64.83863,214,49
1970-01-01 00:00:00.000000054,64.27325,214,49
1970-01-01 00:00:00.000000055,64.54018,214,49
1970-01-01 00:00:00.000000051,65.23975,214,50
1970-01-01 00:00:00.000000052,65.58723,214,50
1970-01-01 00:00:00.000000053,65.607925,214,50
1970-01-01 00:00:00.000000054,65.77013,214,50
1970-01-01 00:00:00.000000055,65.42496,214,50
1970-01-01 00:00:00.000000056,65.57973,214,50
1970-01-01 00:00:00.000000052,65.4765,214,51
1970-01-01 00:00:00.000000053,65.61081,214,51
1970-01-01 00:00:00.000000054,65.66152,214,51
1970-01-01 00:00:00.000000055,65.732155,214,51
1970-01-01 00:00:00.000000056,65.4766,214,51
1970-01-01 00:00:00.000000057,65.48456,214,51
1970-01-01 00:00:00.000000053,65.298965,214,52
1970-01-01 00:00:00.000000054,65.330025,214,52
1970-01-01 00:00:00.000000055,65.36975,214,52
1970-01-01 00:00:00.000000056,65.43074,214,52
1970-01-01 00:00:00.000000057,65.218254,214,52
1970-01-01 00:00:00.000000058,65.23999,214,52
1970-01-01 00:00:00.000000054,64.555786,214,53
1970-01-01 00:00:00.000000055,64.65316,214,53
1970-01-01 00:00:00.000000056,64.628265,214,53
1970-01-01 00:00:00.000000057,64.69712,214,53
1970-01-01 00:00:00.000000058,64.236534,214,53
1970-01-01 00:00:00.000000059,64.58766,214,53
1970-01-01 00:00:00.000000055,64.83937,214,54
1970-01-01 00:00:00.000000056,64.883095,214,54
1970-01-01 00:00:00.000000057,64.88997,214,54
1970-01-01 00:00:00.000000058,64.89024,214,54
1970-01-01 00:00:00.000000059,64.41943,214,54
1970-01-01 00:00:00.000000060,64.769295,214,54
1970-01-01 00:00:00.000000007,63.586075,215,6
1970-01-01 00:00:00.000000008,63.628803,215,6
1970-01-01 00:00:00.000000009,63.740604,215,6
1970-01-01 00:00:00.000000010,63.548565,215,6
1970-01-01 00:00:00.000000011,63.38887,215,6
1970-01-01 00:00:00.000000012,63.51734,215,6
1970-01-01 00:00:00.000000008,62.937355,215,7
1970-01-01 00:00:00.000000009,63.024235,215,7
1970-01-01 00:00:00.000000010,62.986973,215,7
1970-01-01 00:00:00.000000011,62.84177,215,7
1970-01-01 00:00:00.000000012,62.743687,215,7
1970-01-01 00:00:00.000000013,62.797,215,7
1970-01-01 00:00:00.000000009,62.730103,215,8
1970-01-01 00:00:00.000000010,62.742077,215,8
1970-01-01 00:00:00.000000011,62.719166,215,8
1970-01-01 00:00:00.000000012,62.631847,215,8
1970-01-01 00:00:00.000000013,62.45302,215,8
1970-01-01 00:00:00.000000014,62.64593,215,8
1970-01-01 00:00:00.000000010,63.030426,215,9
1970-01-01 00:00:00.000000011,63.07331,215,9
1970-01-01 00:00:00.000000012,63.176914,215,9
1970-01-01 00:00:00.000000013,63.018208,215,9
1970-01-01 00:00:00.000000014,62.813427,215,9
1970-01-01 00:00:00.000000015,63.116074,215,9
1970-01-01 00:00:00.000000011,63.132652,215,10
1970-01-01 00:00:00.000000012,63.385033,215,10
1970-01-01 00:00:00.000000013,63.555805,215,10
1970-01-01 00:00:00.000000014,63.247925,215,10
1970-01-01 00:00:00.000000015,63.190823,215,10
1970-01-01 00:00:00.000000016,63.256958,215,10
1970-01-01 00:00:00.000000012,63.159996,215,11
1970-01-01 00:00:00.000000013,63.24326,215,11
1970-01-01 00:00:00.000000014,63.38724,215,11
1970-01-01 00:00:00.000000015,63.26305,215,11
1970-01-01 00:00:00.000000016,63.17578,215,11
1970-01-01 00:00:00.000000017,63.123314,215,11
1970-01-01 00:00:00.000000013,62.639923,215,12
1970-01-01 00:00:00.000000014,62.68402,215,12
1970-01-01 00:00:00.000000015,62.721863,215,12
1970-01-01 00:00:00.000000016,62.600246,215,12
1970-01-01 00:00:00.000000017,62.410446,215,12
1970-01-01 00:00:00.000000018,62.53396,215,12
1970-01-01 00:00:00.000000014,62.465298,215,13
1970-01-01 00:00:00.000000015,62.496696,215,13
1970-01-01 00:00:00.000000016,62.5136,215,13
1970-01-01 00:00:00.000000017,62.429115,215,13
1970-01-01 00:00:00.000000018,62.214558,215,13
1970-01-01 00:00:00.000000019,62.39896,215,13
1970-01-01 00:00:00.000000015,61.569,215,14
1970-01-01 00:00:00.000000016,61.691074,215,14
1970-01-01 00:00:00.000000017,61.64328,215,14
1970-01-01 00:00:00.000000018,61.4467,215,14
1970-01-01 00:00:00.000000019,61.348484,215,14
1970-01-01 00:00:00.000000020,61.41404,215,14
1970-01-01 00:00:00.000000016,60.86927,215,15
1970-01-01 00:00:00.000000017,60.96136,215,15
1970-01-01 00:00:00.000000018,60.857395,215,15
1970-01-01 00:00:00.000000019,60.70602,215,15
1970-01-01 00:00:00.000000020,60.567528,215,15
1970-01-01 00:00:00.000000021,60.661842,215,15
1970-01-01 00:00:00.000000017,59.968407,215,16
1970-01-01 00:00:00.000000018,60.02232,215,16
1970-01-01 00:00:00.000000019,59.924004,215,16
1970-01-01 00:00:00.000000020,59.706535,215,16
1970-01-01 00:00:00.000000021,59.484566,215,16
1970-01-01 00:00:00.000000022,59.78932,215,16
1970-01-01 00:00:00.000000018,59.614872,215,17
1970-01-01 00:00:00.000000019,59.768272,215,17
1970-01-01 00:00:00.000000020,59.685852,215,17
1970-01-01 00:00:00.000000021,59.39108,215,17
1970-01-01 00:00:00.000000022,59.245182,215,17
1970-01-01 00:00:00.000000023,59.472305,215,17
1970-01-01 00:00:00.000000019,59.317825,215,18
1970-01-01 00:00:00.000000020,59.380283,215,18
1970-01-01 00:00:00.000000021,59.431507,215,18
1970-01-01 00:00:00.000000022,59.08021,215,18
1970-01-01 00:00:00.000000023,58.89235,215,18
1970-01-01 00:00:00.000000024,59.28439,215,18
1970-01-01 00:00:00.000000020,59.264877,215,19
1970-01-01 00:00:00.000000021,59.44095,215,19
1970-01-01 00:00:00.000000022,59.490993,215,19
1970-01-01 00:00:00.000000023,59.145573,215,19
1970-01-01 00:00:00.000000024,59.083504,215,19
1970-01-01 00:00:00.000000025,59.213238,215,19
1970-01-01 00:00:00.000000021,59.397404,215,20
1970-01-01 00:00:00.000000022,59.41608,215,20
1970-01-01 00:00:00.000000023,59.570225,215,20
1970-01-01 00:00:00.000000024,59.336086,215,20
1970-01-01 00:00:00.000000025,59.188877,215,20
1970-01-01 00:00:00.000000026,59.456245,215,20
1970-01-01 00:00:00.000000022,59.58266,215,21
1970-01-01 00:00:00.000000023,59.689144,215,21
1970-01-01 00:00:00.000000024,59.836506,215,21
1970-01-01 00:00:00.000000025,59.60934,215,21
1970-01-01 00:00:00.000000026,59.50514,215,21
1970-01-01 00:00:00.000000027,59.649628,215,21
1970-01-01 00:00:00.000000023,59.87503,215,22
1970-01-01 00:00:00.000000024,59.945076,215,22
1970-01-01 00:00:00.000000025,60.11745,215,22
1970-01-01 00:00:00.000000026,59.979385,215,22
1970-01-01 00:00:00.000000027,59.854286,215,22
1970-01-01 00:00:00.000000028,59.93696,215,22
1970-01-01 00:00:00.000000024,59.02469,215,23
1970-01-01 00:00:00.000000025,59.10389,215,23
1970-01-01 00:00:00.000000026,59.132183,215,23
1970-01-01 00:00:00.000000027,58.942497,215,23
1970-01-01 00:00:00.000000028,58.811337,215,23
1970-01-01 00:00:00.000000029,58.884754,215,23
1970-01-01 00:00:00.000000025,58.592392,215,24
1970-01-01 00:00:00.000000026,58.67874,215,24
1970-01-01 00:00:00.000000027,58.649494,215,24
1970-01-01 00:00:00.000000028,58.547062,215,24
1970-01-01 00:00:00.000000029,58.434654,215,24
1970-01-01 00:00:00.000000030,58.48497,215,24
1970-01-01 00:00:00.000000026,58.29288,215,25
1970-01-01 00:00:00.000000027,58.293888,215,25
1970-01-01 00:00:00.000000028,58.286934,215,25
1970-01-01 00:00:00.000000029,58.180317,215,25
1970-01-01 00:00:00.000000030,57.98181,215,25
1970-01-01 00:00:00.000000031,58.231514,215,25
1970-01-01 00:00:00.000000027,58.02722,215,26
1970-01-01 00:00:00.000000028,58.151947,215,26
1970-01-01 00:00:00.000000029,58.142647,215,26
1970-01-01 00:00:00.000000030,57.912685,215,26
1970-01-01 00:00:00.000000031,57.797005,215,26
1970-01-01 00:00:00.000000032,57.951008,215,26
1970-01-01 00:00:00.000000028,57.63664,215,27
1970-01-01 00:00:00.000000029,57.701183,215,27
1970-01-01 00:00:00.000000030,57.682537,215,27
1970-01-01 00:00:00.000000031,57.449528,215,27
1970-01-01 00:00:00.000000032,57.340042,215,27
1970-01-01 00:00:00.000000033,57.515938,215,27
1970-01-01 00:00:00.000000029,57.12487,215,28
1970-01-01 00:00:00.000000030,57.182087,215,28
1970-01-01 00:00:00.000000031,57.11155,215,28
1970-01-01 00:00:00.000000032,56.927956,215,28
1970-01-01 00:00:00.000000033,56.804955,215,28
1970-01-01 00:00:00.000000034,56.95337,215,28
1970-01-01 00:00:00.000000030,57.35716,215,29
1970-01-01 00:00:00.000000031,57.38431,215,29
1970-01-01 00:00:00.000000032,57.42749,215,29
1970-01-01 00:00:00.000000033,57.320896,215,29
1970-01-01 00:00:00.000000034,57.15924,215,29
1970-01-01 00:00:00.000000035,57.392113,215,29
1970-01-01 00:00:00.000000031,57.350643,215,30
1970-01-01 00:00:00.000000032,57.439537,215,30
1970-01-01 00:00:00.000000033,57.583385,215,30
1970-01-01 00:00:00.000000034,57.315903,215,30
1970-01-01 00:00:00.000000035,57.161415,215,30
1970-01-01 00:00:00.000000036,57.41984,215,30
1970-01-01 00:00:00.000000032,56.490414,215,31
1970-01-01 00:00:00.000000033,56.630066,215,31
1970-01-01 00:00:00.000000034,56.547348,215,31
1970-01-01 00:00:00.000000035,56.30756,215,31
1970-01-01 00:00:00.000000036,56.254894,215,31
1970-01-01 00:00:00.000000037,56.22887,215,31
1970-01-01 00:00:00.000000033,55.674168,215,32
1970-01-01 00:00:00.000000034,55.773163,215,32
1970-01-01 00:00:00.000000035,55.693092,215,32
1970-01-01 00:00:00.000000036,55.547783,215,32
1970-01-01 00:00:00.000000037,55.440357,215,32
1970-01-01 00:00:00.000000038,55.520676,215,32
1970-01-01 00:00:00.000000034,55.216106,215,33
1970-01-01 00:00:00.000000035,55.2424,215,33
1970-01-01 00:00:00.000000036,55.18136,215,33
1970-01-01 00:00:00.000000037,55.041267,215,33
1970-01-01 00:00:00.000000038,54.809772,215,33
1970-01-01 00:00:00.000000039,55.105343,215,33
1970-01-01 00:00:00.000000035,55.303154,215,34
1970-01-01 00:00:00.000000036,55.448845,215,34
1970-01-01 00:00:00.000000037,55.494923,215,34
1970-01-01 00:00:00.000000038,55.251392,215,34
1970-01-01 00:00:00.000000039,55.068687,215,34
1970-01-01 00:00:00.000000040,55.35359,215,34
1970-01-01 00:00:00.000000036,55.279453,215,35
1970-01-01 00:00:00.000000037,55.465927,215,35
1970-01-01 00:00:00.000000038,55.62434,215,35
1970-01-01 00:00:00.000000039,55.255756,215,35
1970-01-01 00:00:00.000000040,55.16437,215,35
1970-01-01 00:00:00.000000041,55.36323,215,35
1970-01-01 00:00:00.000000037,55.024944,215,36
1970-01-01 00:00:00.000000038,55.12664,215,36
1970-01-01 00:00:00.000000039,55.19305,215,36
1970-01-01 00:00:00.000000040,54.94695,215,36
1970-01-01 00:00:00.000000041,54.861847,215,36
1970-01-01 00:00:00.000000042,54.93115,215,36
1970-01-01 00:00:00.000000038,54.910954,215,37
1970-01-01 00:00:00.000000039,54.91307,215,37
1970-01-01 00:00:00.000000040,54.940304,215,37
1970-01-01 00:00:00.000000041,54.840694,215,37
1970-01-01 00:00:00.000000042,54.668636,215,37
1970-01-01 00:00:00.000000043,54.84437,215,37
1970-01-01 00:00:00.000000039,55.549244,215,38
1970-01-01 00:00:00.000000040,55.50401,215,38
1970-01-01 00:00:00.000000041,55.661674,215,38
1970-01-01 00:00:00.000000042,55.561718,215,38
1970-01-01 00:00:00.000000043,55.328762,215,38
1970-01-01 00:00:00.000000044,55.62334,215,38
1970-01-01 00:00:00.000000040,55.87221,215,39
1970-01-01 00:00:00.000000041,56.10491,215,39
1970-01-01 00:00:00.000000042,56.19231,215,39
1970-01-01 00:00:00.000000043,56.12549,215,39
1970-01-01 00:00:00.000000044,56.035984,215,39
1970-01-01 00:00:00.000000045,56.09655,215,39
1970-01-01 00:00:00.000000041,56.498043,215,40
1970-01-01 00:00:00.000000042,56.789455,215,40
1970-01-01 00:00:00.000000043,56.85225,215,40
1970-01-01 00:00:00.000000044,56.922344,215,40
1970-01-01 00:00:00.000000045,56.882084,215,40
1970-01-01 00:00:00.000000046,56.888985,215,40
1970-01-01 00:00:00.000000042,56.548306,215,41
1970-01-01 00:00:00.000000043,56.53915,215,41
1970-01-01 00:00:00.000000044,56.641354,215,41
1970-01-01 00:00:00.000000045,56.63136,215,41
1970-01-01 00:00:00.000000046,56.482887,215,41
1970-01-01 00:00:00.000000047,56.522415,215,41
1970-01-01 00:00:00.000000043,56.4512,215,42
1970-01-01 00:00:00.000000044,56.462772,215,42
1970-01-01 00:00:00.000000045,56.461205,215,42
1970-01-01 00:00:00.000000046,56.51242,215,42
1970-01-01 00:00:00.000000047,56.3497,215,42
1970-01-01 00:00:00.000000048,56.3065,215,42
1970-01-01 00:00:00.000000044,56.320503,215,43
1970-01-01 00:00:00.000000045,56.277416,215,43
1970-01-01 00:00:00.000000046,56.318916,215,43
1970-01-01 00:00:00.000000047,56.42817,215,43
1970-01-01 00:00:00.000000048,55.91009,215,43
1970-01-01 00:00:00.000000049,56.45433,215,43
1970-01-01 00:00:00.000000045,57.163574,215,44
1970-01-01 00:00:00.000000046,57.41923,215,44
1970-01-01 00:00:00.000000047,57.41082,215,44
1970-01-01 00:00:00.000000048,57.46792,215,44
1970-01-01 00:00:00.000000049,57.262745,215,44
1970-01-01 00:00:00.000000050,57.32741,215,44
1970-01-01 00:00:00.000000046,57.470478,215,45
1970-01-01 00:00:00.000000047,57.614937,215,45
1970-01-01 00:00:00.000000048,57.694096,215,45
1970-01-01 00:00:00.000000049,57.739677,215,45
1970-01-01 00:00:00.000000050,57.64948,215,45
1970-01-01 00:00:00.000000051,57.702305,215,45
1970-01-01 00:00:00.000000047,57.897743,215,46
1970-01-01 00:00:00.000000048,58.036377,215,46
1970-01-01 00:00:00.000000049,58.09964,215,46
1970-01-01 00:00:00.000000050,58.145977,215,46
1970-01-01 00:00:00.000000051,58.064537,215,46
1970-01-01 00:00:00.000000052,58.020267,215,46
1970-01-01 00:00:00.000000048,57.672455,215,47
1970-01-01 00:00:00.000000049,57.63836,215,47
1970-01-01 00:00:00.000000050,57.7003,215,47
1970-01-01 00:00:00.000000051,57.743347,215,47
1970-01-01 00:00:00.000000052,57.509846,215,47
1970-01-01 00:00:00.000000053,57.626057,215,47
1970-01-01 00:00:00.000000049,57.81385,215,48
1970-01-01 00:00:00.000000050,57.90924,215,48
1970-01-01 00:00:00.000000051,57.84541,215,48
1970-01-01 00:00:00.000000052,57.969,215,48
1970-01-01 00:00:00.000000053,57.697193,215,48
1970-01-01 00:00:00.000000054,57.768253,215,48
1970-01-01 00:00:00.000000050,58.30786,215,49
1970-01-01 00:00:00.000000051,58.348495,215,49
1970-01-01 00:00:00.000000052,58.411198,215,49
1970-01-01 00:00:00.000000053,58.531105,215,49
1970-01-01 00:00:00.000000054,58.16147,215,49
1970-01-01 00:00:00.000000055,58.507427,215,49
1970-01-01 00:00:00.000000051,58.705433,215,50
1970-01-01 00:00:00.000000052,58.97529,215,50
1970-01-01 00:00:00.000000053,59.004303,215,50
1970-01-01 00:00:00.000000054,59.063858,215,50
1970-01-01 00:00:00.000000055,58.969116,215,50
1970-01-01 00:00:00.000000056,58.93659,215,50
1970-01-01 00:00:00.000000052,58.775,215,51
1970-01-01 00:00:00.000000053,58.79754,215,51
1970-01-01 00:00:00.000000054,58.87343,215,51
1970-01-01 00:00:00.000000055,58.89516,215,51
1970-01-01 00:00:00.000000056,58.78501,215,51
1970-01-01 00:00:00.000000057,58.782425,215,51
1970-01-01 00:00:00.000000053,58.94705,215,52
1970-01-01 00:00:00.000000054,58.952312,215,52
1970-01-01 00:00:00.000000055,58.992744,215,52
1970-01-01 00:00:00.000000056,59.05895,215,52
1970-01-01 00:00:00.000000057,58.922516,215,52
1970-01-01 00:00:00.000000058,58.92214,215,52
1970-01-01 00:00:00.000000054,59.243603,215,53
1970-01-01 00:00:00.000000055,59.300472,215,53
1970-01-01 00:00:00.000000056,59.33976,215,53
1970-01-01 00:00:00.000000057,59.458527,215,53
1970-01-01 00:00:00.000000058,59.165207,215,53
1970-01-01 00:00:00.000000059,59.372757,215,53
1970-01-01 00:00:00.000000055,58.160603,215,54
1970-01-01 00:00:00.000000056,58.355392,215,54
1970-01-01 00:00:00.000000057,58.35634,215,54
1970-01-01 00:00:00.000000058,58.21745,215,54
1970-01-01 00:00:00.000000059,57.946453,215,54
1970-01-01 00:00:00.000000060,58.005714,215,54
1970-01-01 00:00:00.000000007,59.3169,216,6
1970-01-01 00:00:00.000000008,59.571487,216,6
1970-01-01 00:00:00.000000009,59.52014,216,6
1970-01-01 00:00:00.000000010,59.4742,216,6
1970-01-01 00:00:00.000000011,59.317562,216,6
1970-01-01 00:00:00.000000012,59.168232,216,6
1970-01-01 00:00:00.000000008,59.675457,216,7
1970-01-01 00:00:00.000000009,59.675457,216,7
1970-01-01 00:00:00.000000010,59.641808,216,7
1970-01-01 00:00:00.000000011,59.789127,216,7
1970-01-01 00:00:00.000000012,59.687542,216,7
1970-01-01 00:00:00.000000013,59.672165,216,7
1970-01-01 00:00:00.000000009,59.06634,216,8
1970-01-01 00:00:00.000000010,59.01862,216,8
1970-01-01 00:00:00.000000011,59.14583,216,8
1970-01-01 00:00:00.000000012,59.045963,216,8
1970-01-01 00:00:00.000000013,58.58661,216,8
1970-01-01 00:00:00.000000014,59.111977,216,8
1970-01-01 00:00:00.000000010,59.493866,216,9
1970-01-01 00:00:00.000000011,59.65739,216,9
1970-01-01 00:00:00.000000012,59.632683,216,9
1970-01-01 00:00:00.000000013,59.61924,216,9
1970-01-01 00:00:00.000000014,59.44615,216,9
1970-01-01 00:00:00.000000015,59.330048,216,9
1970-01-01 00:00:00.000000011,58.629604,216,10
1970-01-01 00:00:00.000000012,58.637753,216,10
1970-01-01 00:00:00.000000013,58.695126,216,10
1970-01-01 00:00:00.000000014,58.53028,216,10
1970-01-01 00:00:00.000000015,58.325428,216,10
1970-01-01 00:00:00.000000016,58.5779,216,10
1970-01-01 00:00:00.000000012,58.715893,216,11
1970-01-01 00:00:00.000000013,58.810207,216,11
1970-01-01 00:00:00.000000014,58.816124,216,11
1970-01-01 00:00:00.000000015,58.718773,216,11
1970-01-01 00:00:00.000000016,58.528233,216,11
1970-01-01 00:00:00.000000017,58.57554,216,11
1970-01-01 00:00:00.000000013,58.57846,216,12
1970-01-01 00:00:00.000000014,58.51382,216,12
1970-01-01 00:00:00.000000015,58.64046,216,12
1970-01-01 00:00:00.000000016,58.48475,216,12
1970-01-01 00:00:00.000000017,58.21027,216,12
1970-01-01 00:00:00.000000018,58.58836,216,12
1970-01-01 00:00:00.000000014,58.865963,216,13
1970-01-01 00:00:00.000000015,59.04864,216,13
1970-01-01 00:00:00.000000016,59.158424,216,13
1970-01-01 00:00:00.000000017,58.946133,216,13
1970-01-01 00:00:00.000000018,58.847927,216,13
1970-01-01 00:00:00.000000019,58.873966,216,13
1970-01-01 00:00:00.000000015,59.056576,216,14
1970-01-01 00:00:00.000000016,59.02302,216,14
1970-01-01 00:00:00.000000017,59.235416,216,14
1970-01-01 00:00:00.000000018,59.10816,216,14
1970-01-01 00:00:00.000000019,58.894897,216,14
1970-01-01 00:00:00.000000020,59.123558,216,14
1970-01-01 00:00:00.000000016,59.482998,216,15
1970-01-01 00:00:00.000000017,59.686302,216,15
1970-01-01 00:00:00.000000018,59.71658,216,15
1970-01-01 00:00:00.000000019,59.753555,216,15
1970-01-01 00:00:00.000000020,59.68557,216,15
1970-01-01 00:00:00.000000021,59.692116,216,15
1970-01-01 00:00:00.000000017,59.230915,216,16
1970-01-01 00:00:00.000000018,59.305687,216,16
1970-01-01 00:00:00.000000019,59.366646,216,16
1970-01-01 00:00:00.000000020,59.364365,216,16
1970-01-01 00:00:00.000000021,59.161858,216,16
1970-01-01 00:00:00.000000022,59.243504,216,16
1970-01-01 00:00:00.000000018,59.67777,216,17
1970-01-01 00:00:00.000000019,59.80815,216,17
1970-01-01 00:00:00.000000020,59.795128,216,17
1970-01-01 00:00:00.000000021,59.886486,216,17
1970-01-01 00:00:00.000000022,59.8218,216,17
1970-01-01 00:00:00.000000023,59.74917,216,17
1970-01-01 00:00:00.000000019,59.767212,216,18
1970-01-01 00:00:00.000000020,59.739635,216,18
1970-01-01 00:00:00.000000021,59.84659,216,18
1970-01-01 00:00:00.000000022,59.92161,216,18
1970-01-01 00:00:00.000000023,59.575836,216,18
1970-01-01 00:00:00.000000024,59.922386,216,18
1970-01-01 00:00:00.000000020,60.0079,216,19
1970-01-01 00:00:00.000000021,60.25473,216,19
1970-01-01 00:00:00.000000022,60.20775,216,19
1970-01-01 00:00:00.000000023,60.28285,216,19
1970-01-01 00:00:00.000000024,60.20593,216,19
1970-01-01 00:00:00.000000025,60.06061,216,19
1970-01-01 00:00:00.000000021,60.34618,216,20
1970-01-01 00:00:00.000000022,60.38268,216,20
1970-01-01 00:00:00.000000023,60.483562,216,20
1970-01-01 00:00:00.000000024,60.55153,216,20
1970-01-01 00:00:00.000000025,60.420208,216,20
1970-01-01 00:00:00.000000026,60.542374,216,20
1970-01-01 00:00:00.000000022,60.528156,216,21
1970-01-01 00:00:00.000000023,60.712364,216,21
1970-01-01 00:00:00.000000024,60.72426,216,21
1970-01-01 00:00:00.000000025,60.782154,216,21
1970-01-01 00:00:00.000000026,60.64851,216,21
1970-01-01 00:00:00.000000027,60.605698,216,21
1970-01-01 00:00:00.000000023,60.47562,216,22
1970-01-01 00:00:00.000000024,60.50676,216,22
1970-01-01 00:00:00.000000025,60.52432,216,22
1970-01-01 00:00:00.000000026,60.592297,216,22
1970-01-01 00:00:00.000000027,60.41484,216,22
1970-01-01 00:00:00.000000028,60.473164,216,22
1970-01-01 00:00:00.000000024,59.69461,216,23
1970-01-01 00:00:00.000000025,59.80472,216,23
1970-01-01 00:00:00.000000026,59.80248,216,23
1970-01-01 00:00:00.000000027,59.760235,216,23
1970-01-01 00:00:00.000000028,59.44878,216,23
1970-01-01 00:00:00.000000029,59.657917,216,23
1970-01-01 00:00:00.000000025,60.008858,216,24
1970-01-01 00:00:00.000000026,59.97695,216,24
1970-01-01 00:00:00.000000027,59.993298,216,24
1970-01-01 00:00:00.000000028,59.99796,216,24
1970-01-01 00:00:00.000000029,59.62702,216,24
1970-01-01 00:00:00.000000030,59.934902,216,24
1970-01-01 00:00:00.000000026,60.446636,216,25
1970-01-01 00:00:00.000000027,60.3682,216,25
1970-01-01 00:00:00.000000028,60.530766,216,25
1970-01-01 00:00:00.000000029,60.42247,216,25
1970-01-01 00:00:00.000000030,60.106216,216,25
1970-01-01 00:00:00.000000031,60.504684,216,25
1970-01-01 00:00:00.000000027,60.006954,216,26
1970-01-01 00:00:00.000000028,60.188297,216,26
1970-01-01 00:00:00.000000029,60.28579,216,26
1970-01-01 00:00:00.000000030,60.074757,216,26
1970-01-01 00:00:00.000000031,59.951775,216,26
1970-01-01 00:00:00.000000032,59.904636,216,26
1970-01-01 00:00:00.000000028,60.760006,216,27
1970-01-01 00:00:00.000000029,60.8412,216,27
1970-01-01 00:00:00.000000030,60.89823,216,27
1970-01-01 00:00:00.000000031,60.980976,216,27
1970-01-01 00:00:00.000000032,60.882904,216,27
1970-01-01 00:00:00.000000033,60.950108,216,27
1970-01-01 00:00:00.000000029,60.547485,216,28
1970-01-01 00:00:00.000000030,60.566837,216,28
1970-01-01 00:00:00.000000031,60.698555,216,28
1970-01-01 00:00:00.000000032,60.67021,216,28
1970-01-01 00:00:00.000000033,60.357037,216,28
1970-01-01 00:00:00.000000034,60.617115,216,28
1970-01-01 00:00:00.000000030,60.48799,216,29
1970-01-01 00:00:00.000000031,60.674217,216,29
1970-01-01 00:00:00.000000032,60.57151,216,29
1970-01-01 00:00:00.000000033,60.640366,216,29
1970-01-01 00:00:00.000000034,60.555805,216,29
1970-01-01 00:00:00.000000035,60.340775,216,29
1970-01-01 00:00:00.000000031,60.506924,216,30
1970-01-01 00:00:00.000000032,60.367966,216,30
1970-01-01 00:00:00.000000033,60.465355,216,30
1970-01-01 00:00:00.000000034,60.540146,216,30
1970-01-01 00:00:00.000000035,60.16171,216,30
1970-01-01 00:00:00.000000036,60.62184,216,30
1970-01-01 00:00:00.000000032,59.917763,216,31
1970-01-01 00:00:00.000000033,60.0628,216,31
1970-01-01 00:00:00.000000034,60.091846,216,31
1970-01-01 00:00:00.000000035,59.918972,216,31
1970-01-01 00:00:00.000000036,59.61595,216,31
1970-01-01 00:00:00.000000037,59.749573,216,31
1970-01-01 00:00:00.000000033,60.572857,216,32
1970-01-01 00:00:00.000000034,60.482727,216,32
1970-01-01 00:00:00.000000035,60.566845,216,32
1970-01-01 00:00:00.000000036,60.610485,216,32
1970-01-01 00:00:00.000000037,60.368595,216,32
1970-01-01 00:00:00.000000038,60.559494,216,32
1970-01-01 00:00:00.000000034,58.997437,216,33
1970-01-01 00:00:00.000000035,59.129383,216,33
1970-01-01 00:00:00.000000036,59.111866,216,33
1970-01-01 00:00:00.000000037,58.874416,216,33
1970-01-01 00:00:00.000000038,58.756313,216,33
1970-01-01 00:00:00.000000039,58.84701,216,33
1970-01-01 00:00:00.000000035,58.612038,216,34
1970-01-01 00:00:00.000000036,58.725628,216,34
1970-01-01 00:00:00.000000037,58.624268,216,34
1970-01-01 00:00:00.000000038,58.523438,216,34
1970-01-01 00:00:00.000000039,58.37305,216,34
1970-01-01 00:00:00.000000040,58.403408,216,34
1970-01-01 00:00:00.000000036,58.79275,216,35
1970-01-01 00:00:00.000000037,58.62459,216,35
1970-01-01 00:00:00.000000038,58.80311,216,35
1970-01-01 00:00:00.000000039,58.651062,216,35
1970-01-01 00:00:00.000000040,58.266293,216,35
1970-01-01 00:00:00.000000041,58.94706,216,35
1970-01-01 00:00:00.000000037,58.97801,216,36
1970-01-01 00:00:00.000000038,59.52973,216,36
1970-01-01 00:00:00.000000039,59.63294,216,36
1970-01-01 00:00:00.000000040,59.187798,216,36
1970-01-01 00:00:00.000000041,59.23155,216,36
1970-01-01 00:00:00.000000042,59.11108,216,36
1970-01-01 00:00:00.000000038,60.058666,216,37
1970-01-01 00:00:00.000000039,60.314262,216,37
1970-01-01 00:00:00.000000040,60.510773,216,37
1970-01-01 00:00:00.000000041,60.486282,216,37
1970-01-01 00:00:00.000000042,60.378983,216,37
1970-01-01 00:00:00.000000043,60.44971,216,37
1970-01-01 00:00:00.000000039,59.96307,216,38
1970-01-01 00:00:00.000000040,60.044857,216,38
1970-01-01 00:00:00.000000041,60.10144,216,38
1970-01-01 00:00:00.000000042,60.10092,216,38
1970-01-01 00:00:00.000000043,60.03777,216,38
1970-01-01 00:00:00.000000044,60.002644,216,38
1970-01-01 00:00:00.000000040,59.48406,216,39
1970-01-01 00:00:00.000000041,59.578587,216,39
1970-01-01 00:00:00.000000042,59.50307,216,39
1970-01-01 00:00:00.000000043,59.549316,216,39
1970-01-01 00:00:00.000000044,59.369946,216,39
1970-01-01 00:00:00.000000045,59.339813,216,39
1970-01-01 00:00:00.000000041,59.92526,216,40
1970-01-01 00:00:00.000000042,59.792664,216,40
1970-01-01 00:00:00.000000043,59.798946,216,40
1970-01-01 00:00:00.000000044,59.951664,216,40
1970-01-01 00:00:00.000000045,59.51907,216,40
1970-01-01 00:00:00.000000046,59.987602,216,40
1970-01-01 00:00:00.000000042,60.549137,216,41
1970-01-01 00:00:00.000000043,60.780617,216,41
1970-01-01 00:00:00.000000044,60.847496,216,41
1970-01-01 00:00:00.000000045,60.871437,216,41
1970-01-01 00:00:00.000000046,60.66278,216,41
1970-01-01 00:00:00.000000047,60.873528,216,41
1970-01-01 00:00:00.000000043,59.2417,216,42
1970-01-01 00:00:00.000000044,59.422966,216,42
1970-01-01 00:00:00.000000045,59.457466,216,42
1970-01-01 00:00:00.000000046,59.14218,216,42
1970-01-01 00:00:00.000000047,59.002766,216,42
1970-01-01 00:00:00.000000048,58.95582,216,42
1970-01-01 00:00:00.000000044,58.869568,216,43
1970-01-01 00:00:00.000000045,58.956398,216,43
1970-01-01 00:00:00.000000046,58.93222,216,43
1970-01-01 00:00:00.000000047,58.848385,216,43
1970-01-01 00:00:00.000000048,58.71748,216,43
1970-01-01 00:00:00.000000049,58.734795,216,43
1970-01-01 00:00:00.000000045,58.093266,216,44
1970-01-01 00:00:00.000000046,58.178833,216,44
1970-01-01 00:00:00.000000047,58.205482,216,44
1970-01-01 00:00:00.000000048,58.030075,216,44
1970-01-01 00:00:00.000000049,57.771942,216,44
1970-01-01 00:00:00.000000050,58.078297,216,44
1970-01-01 00:00:00.000000046,57.350643,216,45
1970-01-01 00:00:00.000000047,57.55198,216,45
1970-01-01 00:00:00.000000048,57.426746,216,45
1970-01-01 00:00:00.000000049,57.120953,216,45
1970-01-01 00:00:00.000000050,56.966778,216,45
1970-01-01 00:00:00.000000051,57.07814,216,45
1970-01-01 00:00:00.000000047,58.117332,216,46
1970-01-01 00:00:00.000000048,58.034637,216,46
1970-01-01 00:00:00.000000049,58.215443,216,46
1970-01-01 00:00:00.000000050,58.079975,216,46
1970-01-01 00:00:00.000000051,57.796986,216,46
1970-01-01 00:00:00.000000052,58.344788,216,46
1970-01-01 00:00:00.000000048,58.727085,216,47
1970-01-01 00:00:00.000000049,59.169098,216,47
1970-01-01 00:00:00.000000050,59.50962,216,47
1970-01-01 00:00:00.000000051,59.01802,216,47
1970-01-01 00:00:00.000000052,58.911568,216,47
1970-01-01 00:00:00.000000053,59.19454,216,47
1970-01-01 00:00:00.000000049,59.15574,216,48
1970-01-01 00:00:00.000000050,59.85611,216,48
1970-01-01 00:00:00.000000051,59.756325,216,48
1970-01-01 00:00:00.000000052,59.76379,216,48
1970-01-01 00:00:00.000000053,59.87614,216,48
1970-01-01 00:00:00.000000054,59.522266,216,48
1970-01-01 00:00:00.000000050,58.74004,216,49
1970-01-01 00:00:00.000000051,58.65768,216,49
1970-01-01 00:00:00.000000052,58.704098,216,49
1970-01-01 00:00:00.000000053,58.718094,216,49
1970-01-01 00:00:00.000000054,58.532093,216,49
1970-01-01 00:00:00.000000055,58.655327,216,49
1970-01-01 00:00:00.000000051,59.042168,216,50
1970-01-01 00:00:00.000000052,59.124737,216,50
1970-01-01 00:00:00.000000053,59.007957,216,50
1970-01-01 00:00:00.000000054,59.203754,216,50
1970-01-01 00:00:00.000000055,58.83574,216,50
1970-01-01 00:00:00.000000056,59.086437,216,50
1970-01-01 00:00:00.000000052,59.377464,216,51
1970-01-01 00:00:00.000000053,59.343163,216,51
1970-01-01 00:00:00.000000054,59.44055,216,51
1970-01-01 00:00:00.000000055,59.490147,216,51
1970-01-01 00:00:00.000000056,58.955166,216,51
1970-01-01 00:00:00.000000057,59.542473,216,51
1970-01-01 00:00:00.000000053,59.01926,216,52
1970-01-01 00:00:00.000000054,59.260033,216,52
1970-01-01 00:00:00.000000055,59.239582,216,52
1970-01-01 00:00:00.000000056,59.155586,216,52
1970-01-01 00:00:00.000000057,58.99571,216,52
1970-01-01 00:00:00.000000058,58.81089,216,52
1970-01-01 00:00:00.000000054,58.59005,216,53
1970-01-01 00:00:00.000000055,58.57033,216,53
1970-01-01 00:00:00.000000056,58.618565,216,53
1970-01-01 00:00:00.000000057,58.547806,216,53
1970-01-01 00:00:00.000000058,58.313484,216,53
1970-01-01 00:00:00.000000059,58.508995,216,53
1970-01-01 00:00:00.000000055,58.325146,216,54
1970-01-01 00:00:00.000000056,58.364933,216,54
1970-01-01 00:00:00.000000057,58.394394,216,54
1970-01-01 00:00:00.000000058,58.27179,216,54
1970-01-01 00:00:00.000000059,58.02202,216,54
1970-01-01 00:00:00.000000060,58.254906,216,54
1970-01-01 00:00:00.000000007,74.770515,217,6
1970-01-01 00:00:00.000000008,74.74898,217,6
1970-01-01 00:00:00.000000009,74.79767,217,6
1970-01-01 00:00:00.000000010,74.746025,217,6
1970-01-01 00:00:00.000000011,74.6729,217,6
1970-01-01 00:00:00.000000012,74.755135,217,6
1970-01-01 00:00:00.000000008,74.56143,217,7
1970-01-01 00:00:00.000000009,74.6343,217,7
1970-01-01 00:00:00.000000010,74.60745,217,7
1970-01-01 00:00:00.000000011,74.57102,217,7
1970-01-01 00:00:00.000000012,74.55744,217,7
1970-01-01 00:00:00.000000013,74.50701,217,7
1970-01-01 00:00:00.000000009,74.437065,217,8
1970-01-01 00:00:00.000000010,74.46672,217,8
1970-01-01 00:00:00.000000011,74.444,217,8
1970-01-01 00:00:00.000000012,74.45243,217,8
1970-01-01 00:00:00.000000013,74.429825,217,8
1970-01-01 00:00:00.000000014,74.43187,217,8
1970-01-01 00:00:00.000000010,74.92298,217,9
1970-01-01 00:00:00.000000011,74.98572,217,9
1970-01-01 00:00:00.000000012,75.02855,217,9
1970-01-01 00:00:00.000000013,75.11103,217,9
1970-01-01 00:00:00.000000014,75.106155,217,9
1970-01-01 00:00:00.000000015,75.005714,217,9
1970-01-01 00:00:00.000000011,75.663,217,10
1970-01-01 00:00:00.000000012,75.717094,217,10
1970-01-01 00:00:00.000000013,75.85858,217,10
1970-01-01 00:00:00.000000014,75.93269,217,10
1970-01-01 00:00:00.000000015,75.91105,217,10
1970-01-01 00:00:00.000000016,75.76225,217,10
1970-01-01 00:00:00.000000012,75.88704,217,11
1970-01-01 00:00:00.000000013,75.83777,217,11
1970-01-01 00:00:00.000000014,75.97981,217,11
1970-01-01 00:00:00.000000015,76.020325,217,11
1970-01-01 00:00:00.000000016,75.97961,217,11
1970-01-01 00:00:00.000000017,75.86992,217,11
1970-01-01 00:00:00.000000013,75.39845,217,12
1970-01-01 00:00:00.000000014,75.264366,217,12
1970-01-01 00:00:00.000000015,75.46342,217,12
1970-01-01 00:00:00.000000016,75.458305,217,12
1970-01-01 00:00:00.000000017,75.3868,217,12
1970-01-01 00:00:00.000000018,75.349785,217,12
1970-01-01 00:00:00.000000014,75.46862,217,13
1970-01-01 00:00:00.000000015,75.36373,217,13
1970-01-01 00:00:00.000000016,75.53736,217,13
1970-01-01 00:00:00.000000017,75.69461,217,13
1970-01-01 00:00:00.000000018,75.485596,217,13
1970-01-01 00:00:00.000000019,75.493835,217,13
1970-01-01 00:00:00.000000015,75.51745,217,14
1970-01-01 00:00:00.000000016,75.4901,217,14
1970-01-01 00:00:00.000000017,75.70278,217,14
1970-01-01 00:00:00.000000018,75.73823,217,14
1970-01-01 00:00:00.000000019,75.42039,217,14
1970-01-01 00:00:00.000000020,75.5821,217,14
1970-01-01 00:00:00.000000016,75.82438,217,15
1970-01-01 00:00:00.000000017,75.901405,217,15
1970-01-01 00:00:00.000000018,76.016525,217,15
1970-01-01 00:00:00.000000019,76.08519,217,15
1970-01-01 00:00:00.000000020,75.971695,217,15
1970-01-01 00:00:00.000000021,75.77159,217,15
1970-01-01 00:00:00.000000017,76.13363,217,16
1970-01-01 00:00:00.000000018,76.08946,217,16
1970-01-01 00:00:00.000000019,76.29036,217,16
1970-01-01 00:00:00.000000020,76.36314,217,16
1970-01-01 00:00:00.000000021,76.31299,217,16
1970-01-01 00:00:00.000000022,76.22547,217,16
1970-01-01 00:00:00.000000018,76.42202,217,17
1970-01-01 00:00:00.000000019,76.41262,217,17
1970-01-01 00:00:00.000000020,76.649956,217,17
1970-01-01 00:00:00.000000021,76.69006,217,17
1970-01-01 00:00:00.000000022,76.63399,217,17
1970-01-01 00:00:00.000000023,76.475815,217,17
1970-01-01 00:00:00.000000019,76.47063,217,18
1970-01-01 00:00:00.000000020,76.35606,217,18
1970-01-01 00:00:00.000000021,76.636536,217,18
1970-01-01 00:00:00.000000022,76.6619,217,18
1970-01-01 00:00:00.000000023,76.571945,217,18
1970-01-01 00:00:00.000000024,76.44972,217,18
1970-01-01 00:00:00.000000020,76.09179,217,19
1970-01-01 00:00:00.000000021,76.04694,217,19
1970-01-01 00:00:00.000000022,76.24996,217,19
1970-01-01 00:00:00.000000023,76.33178,217,19
1970-01-01 00:00:00.000000024,76.158936,217,19
1970-01-01 00:00:00.000000025,76.117355,217,19
1970-01-01 00:00:00.000000021,75.559555,217,20
1970-01-01 00:00:00.000000022,75.51815,217,20
1970-01-01 00:00:00.000000023,75.67532,217,20
1970-01-01 00:00:00.000000024,75.64976,217,20
1970-01-01 00:00:00.000000025,75.51601,217,20
1970-01-01 00:00:00.000000026,75.57551,217,20
1970-01-01 00:00:00.000000022,75.37427,217,21
1970-01-01 00:00:00.000000023,75.342804,217,21
1970-01-01 00:00:00.000000024,75.42357,217,21
1970-01-01 00:00:00.000000025,75.370415,217,21
1970-01-01 00:00:00.000000026,75.25648,217,21
1970-01-01 00:00:00.000000027,75.31259,217,21
1970-01-01 00:00:00.000000023,74.823875,217,22
1970-01-01 00:00:00.000000024,74.890564,217,22
1970-01-01 00:00:00.000000025,74.86159,217,22
1970-01-01 00:00:00.000000026,74.77349,217,22
1970-01-01 00:00:00.000000027,74.78269,217,22
1970-01-01 00:00:00.000000028,74.73376,217,22
1970-01-01 00:00:00.000000024,73.88123,217,23
1970-01-01 00:00:00.000000025,73.95176,217,23
1970-01-01 00:00:00.000000026,73.84005,217,23
1970-01-01 00:00:00.000000027,73.75095,217,23
1970-01-01 00:00:00.000000028,73.83959,217,23
1970-01-01 00:00:00.000000029,73.67529,217,23
1970-01-01 00:00:00.000000025,72.85039,217,24
1970-01-01 00:00:00.000000026,72.90739,217,24
1970-01-01 00:00:00.000000027,72.745766,217,24
1970-01-01 00:00:00.000000028,72.73259,217,24
1970-01-01 00:00:00.000000029,72.809494,217,24
1970-01-01 00:00:00.000000030,72.67475,217,24
1970-01-01 00:00:00.000000026,71.800575,217,25
1970-01-01 00:00:00.000000027,72.01821,217,25
1970-01-01 00:00:00.000000028,71.716576,217,25
1970-01-01 00:00:00.000000029,71.75781,217,25
1970-01-01 00:00:00.000000030,71.88379,217,25
1970-01-01 00:00:00.000000031,71.712906,217,25
1970-01-01 00:00:00.000000027,71.17905,217,26
1970-01-01 00:00:00.000000028,71.371994,217,26
1970-01-01 00:00:00.000000029,70.9757,217,26
1970-01-01 00:00:00.000000030,71.21864,217,26
1970-01-01 00:00:00.000000031,71.397156,217,26
1970-01-01 00:00:00.000000032,71.11164,217,26
1970-01-01 00:00:00.000000028,70.683685,217,27
1970-01-01 00:00:00.000000029,70.7689,217,27
1970-01-01 00:00:00.000000030,70.4093,217,27
1970-01-01 00:00:00.000000031,70.66521,217,27
1970-01-01 00:00:00.000000032,70.861916,217,27
1970-01-01 00:00:00.000000033,70.592224,217,27
1970-01-01 00:00:00.000000029,70.11349,217,28
1970-01-01 00:00:00.000000030,70.19611,217,28
1970-01-01 00:00:00.000000031,69.884056,217,28
1970-01-01 00:00:00.000000032,70.051796,217,28
1970-01-01 00:00:00.000000033,70.257195,217,28
1970-01-01 00:00:00.000000034,69.98272,217,28
1970-01-01 00:00:00.000000030,69.981926,217,29
1970-01-01 00:00:00.000000031,70.01582,217,29
1970-01-01 00:00:00.000000032,69.77332,217,29
1970-01-01 00:00:00.000000033,69.982704,217,29
1970-01-01 00:00:00.000000034,70.12809,217,29
1970-01-01 00:00:00.000000035,69.92492,217,29
1970-01-01 00:00:00.000000031,70.06198,217,30
1970-01-01 00:00:00.000000032,70.10243,217,30
1970-01-01 00:00:00.000000033,69.9559,217,30
1970-01-01 00:00:00.000000034,70.08794,217,30
1970-01-01 00:00:00.000000035,70.181435,217,30
1970-01-01 00:00:00.000000036,70.06105,217,30
1970-01-01 00:00:00.000000032,70.27828,217,31
1970-01-01 00:00:00.000000033,70.3267,217,31
1970-01-01 00:00:00.000000034,70.26398,217,31
1970-01-01 00:00:00.000000035,70.337135,217,31
1970-01-01 00:00:00.000000036,70.49455,217,31
1970-01-01 00:00:00.000000037,70.24744,217,31
1970-01-01 00:00:00.000000033,70.35122,217,32
1970-01-01 00:00:00.000000034,70.31058,217,32
1970-01-01 00:00:00.000000035,70.37882,217,32
1970-01-01 00:00:00.000000036,70.43972,217,32
1970-01-01 00:00:00.000000037,70.49331,217,32
1970-01-01 00:00:00.000000038,70.36101,217,32
1970-01-01 00:00:00.000000034,70.00617,217,33
1970-01-01 00:00:00.000000035,70.00316,217,33
1970-01-01 00:00:00.000000036,70.0365,217,33
1970-01-01 00:00:00.000000037,69.9859,217,33
1970-01-01 00:00:00.000000038,69.98076,217,33
1970-01-01 00:00:00.000000039,69.89632,217,33
1970-01-01 00:00:00.000000035,69.620674,217,34
1970-01-01 00:00:00.000000036,69.592125,217,34
1970-01-01 00:00:00.000000037,69.608505,217,34
1970-01-01 00:00:00.000000038,69.555244,217,34
1970-01-01 00:00:00.000000039,69.51324,217,34
1970-01-01 00:00:00.000000040,69.50454,217,34
1970-01-01 00:00:00.000000036,69.35677,217,35
1970-01-01 00:00:00.000000037,69.36445,217,35
1970-01-01 00:00:00.000000038,69.36125,217,35
1970-01-01 00:00:00.000000039,69.32582,217,35
1970-01-01 00:00:00.000000040,69.28573,217,35
1970-01-01 00:00:00.000000041,69.28677,217,35
1970-01-01 00:00:00.000000037,69.117935,217,36
1970-01-01 00:00:00.000000038,69.17536,217,36
1970-01-01 00:00:00.000000039,69.11042,217,36
1970-01-01 00:00:00.000000040,69.09821,217,36
1970-01-01 00:00:00.000000041,69.08622,217,36
1970-01-01 00:00:00.000000042,69.04527,217,36
1970-01-01 00:00:00.000000038,68.494644,217,37
1970-01-01 00:00:00.000000039,68.52219,217,37
1970-01-01 00:00:00.000000040,68.41361,217,37
1970-01-01 00:00:00.000000041,68.365616,217,37
1970-01-01 00:00:00.000000042,68.408104,217,37
1970-01-01 00:00:00.000000043,68.30518,217,37
1970-01-01 00:00:00.000000039,68.02512,217,38
1970-01-01 00:00:00.000000040,68.04579,217,38
1970-01-01 00:00:00.000000041,67.91996,217,38
1970-01-01 00:00:00.000000042,67.93762,217,38
1970-01-01 00:00:00.000000043,67.98809,217,38
1970-01-01 00:00:00.000000044,67.876816,217,38
1970-01-01 00:00:00.000000040,67.84578,217,39
1970-01-01 00:00:00.000000041,67.8898,217,39
1970-01-01 00:00:00.000000042,67.771965,217,39
1970-01-01 00:00:00.000000043,67.84869,217,39
1970-01-01 00:00:00.000000044,67.83687,217,39
1970-01-01 00:00:00.000000045,67.793686,217,39
1970-01-01 00:00:00.000000041,67.17945,217,40
1970-01-01 00:00:00.000000042,67.266556,217,40
1970-01-01 00:00:00.000000043,67.07611,217,40
1970-01-01 00:00:00.000000044,67.03449,217,40
1970-01-01 00:00:00.000000045,67.12817,217,40
1970-01-01 00:00:00.000000046,66.94721,217,40
1970-01-01 00:00:00.000000042,66.43559,217,41
1970-01-01 00:00:00.000000043,66.422966,217,41
1970-01-01 00:00:00.000000044,66.23122,217,41
1970-01-01 00:00:00.000000045,66.24719,217,41
1970-01-01 00:00:00.000000046,66.33074,217,41
1970-01-01 00:00:00.000000047,66.154465,217,41
1970-01-01 00:00:00.000000043,65.79066,217,42
1970-01-01 00:00:00.000000044,65.81393,217,42
1970-01-01 00:00:00.000000045,65.62402,217,42
1970-01-01 00:00:00.000000046,65.64856,217,42
1970-01-01 00:00:00.000000047,65.6899,217,42
1970-01-01 00:00:00.000000048,65.5991,217,42
1970-01-01 00:00:00.000000044,65.0382,217,43
1970-01-01 00:00:00.000000045,65.14851,217,43
1970-01-01 00:00:00.000000046,64.86587,217,43
1970-01-01 00:00:00.000000047,64.91007,217,43
1970-01-01 00:00:00.000000048,64.994705,217,43
1970-01-01 00:00:00.000000049,64.79332,217,43
1970-01-01 00:00:00.000000045,63.745777,217,44
1970-01-01 00:00:00.000000046,63.75422,217,44
1970-01-01 00:00:00.000000047,63.428284,217,44
1970-01-01 00:00:00.000000048,63.43104,217,44
1970-01-01 00:00:00.000000049,63.5383,217,44
1970-01-01 00:00:00.000000050,63.3135,217,44
1970-01-01 00:00:00.000000046,62.4741,217,45
1970-01-01 00:00:00.000000047,62.51264,217,45
1970-01-01 00:00:00.000000048,62.14808,217,45
1970-01-01 00:00:00.000000049,62.188316,217,45
1970-01-01 00:00:00.000000050,62.30205,217,45
1970-01-01 00:00:00.000000051,62.07897,217,45
1970-01-01 00:00:00.000000047,61.444695,217,46
1970-01-01 00:00:00.000000048,61.50106,217,46
1970-01-01 00:00:00.000000049,61.079445,217,46
1970-01-01 00:00:00.000000050,61.223,217,46
1970-01-01 00:00:00.000000051,61.28785,217,46
1970-01-01 00:00:00.000000052,61.119762,217,46
1970-01-01 00:00:00.000000048,60.12041,217,47
1970-01-01 00:00:00.000000049,60.19441,217,47
1970-01-01 00:00:00.000000050,59.70132,217,47
1970-01-01 00:00:00.000000051,59.788773,217,47
1970-01-01 00:00:00.000000052,59.956593,217,47
1970-01-01 00:00:00.000000053,59.659363,217,47
1970-01-01 00:00:00.000000049,58.97049,217,48
1970-01-01 00:00:00.000000050,58.991207,217,48
1970-01-01 00:00:00.000000051,58.50306,217,48
1970-01-01 00:00:00.000000052,58.649902,217,48
1970-01-01 00:00:00.000000053,58.833893,217,48
1970-01-01 00:00:00.000000054,58.54014,217,48
1970-01-01 00:00:00.000000050,58.289215,217,49
1970-01-01 00:00:00.000000051,58.32098,217,49
1970-01-01 00:00:00.000000052,57.877274,217,49
1970-01-01 00:00:00.000000053,58.051765,217,49
1970-01-01 00:00:00.000000054,58.18203,217,49
1970-01-01 00:00:00.000000055,57.970863,217,49
1970-01-01 00:00:00.000000051,58.175846,217,50
1970-01-01 00:00:00.000000052,58.27462,217,50
1970-01-01 00:00:00.000000053,57.885544,217,50
1970-01-01 00:00:00.000000054,58.079926,217,50
1970-01-01 00:00:00.000000055,58.247337,217,50
1970-01-01 00:00:00.000000056,57.976814,217,50
1970-01-01 00:00:00.000000052,58.173496,217,51
1970-01-01 00:00:00.000000053,58.194138,217,51
1970-01-01 00:00:00.000000054,57.95178,217,51
1970-01-01 00:00:00.000000055,58.06686,217,51
1970-01-01 00:00:00.000000056,58.20477,217,51
1970-01-01 00:00:00.000000057,57.98495,217,51
1970-01-01 00:00:00.000000053,57.68554,217,52
1970-01-01 00:00:00.000000054,57.707314,217,52
1970-01-01 00:00:00.000000055,57.460037,217,52
1970-01-01 00:00:00.000000056,57.463,217,52
1970-01-01 00:00:00.000000057,57.609203,217,52
1970-01-01 00:00:00.000000058,57.37889,217,52
1970-01-01 00:00:00.000000054,57.7213,217,53
1970-01-01 00:00:00.000000055,57.721817,217,53
1970-01-01 00:00:00.000000056,57.57093,217,53
1970-01-01 00:00:00.000000057,57.669704,217,53
1970-01-01 00:00:00.000000058,57.720737,217,53
1970-01-01 00:00:00.000000059,57.605434,217,53
1970-01-01 00:00:00.000000055,57.470814,217,54
1970-01-01 00:00:00.000000056,57.496872,217,54
1970-01-01 00:00:00.000000057,57.38532,217,54
1970-01-01 00:00:00.000000058,57.366264,217,54
1970-01-01 00:00:00.000000059,57.356976,217,54
1970-01-01 00:00:00.000000060,57.349888,217,54
1970-01-01 00:00:00.000000007,59.06664,218,6
1970-01-01 00:00:00.000000008,59.137325,218,6
1970-01-01 00:00:00.000000009,59.288097,218,6
1970-01-01 00:00:00.000000010,59.334587,218,6
1970-01-01 00:00:00.000000011,59.241077,218,6
1970-01-01 00:00:00.000000012,59.104412,218,6
1970-01-01 00:00:00.000000008,59.19952,218,7
1970-01-01 00:00:00.000000009,58.992783,218,7
1970-01-01 00:00:00.000000010,59.21632,218,7
1970-01-01 00:00:00.000000011,59.199436,218,7
1970-01-01 00:00:00.000000012,59.119095,218,7
1970-01-01 00:00:00.000000013,59.064816,218,7
1970-01-01 00:00:00.000000009,58.82759,218,8
1970-01-01 00:00:00.000000010,58.679035,218,8
1970-01-01 00:00:00.000000011,58.887993,218,8
1970-01-01 00:00:00.000000012,58.9051,218,8
1970-01-01 00:00:00.000000013,58.82694,218,8
1970-01-01 00:00:00.000000014,58.72455,218,8
1970-01-01 00:00:00.000000010,59.616642,218,9
1970-01-01 00:00:00.000000011,59.51125,218,9
1970-01-01 00:00:00.000000012,59.850468,218,9
1970-01-01 00:00:00.000000013,59.950138,218,9
1970-01-01 00:00:00.000000014,59.807053,218,9
1970-01-01 00:00:00.000000015,59.687298,218,9
1970-01-01 00:00:00.000000011,60.32019,218,10
1970-01-01 00:00:00.000000012,60.249535,218,10
1970-01-01 00:00:00.000000013,60.679634,218,10
1970-01-01 00:00:00.000000014,60.64799,218,10
1970-01-01 00:00:00.000000015,60.527996,218,10
1970-01-01 00:00:00.000000016,60.35997,218,10
1970-01-01 00:00:00.000000012,60.877968,218,11
1970-01-01 00:00:00.000000013,60.6921,218,11
1970-01-01 00:00:00.000000014,61.09907,218,11
1970-01-01 00:00:00.000000015,61.06538,218,11
1970-01-01 00:00:00.000000016,60.9303,218,11
1970-01-01 00:00:00.000000017,60.732254,218,11
1970-01-01 00:00:00.000000013,61.347958,218,12
1970-01-01 00:00:00.000000014,60.834003,218,12
1970-01-01 00:00:00.000000015,61.403694,218,12
1970-01-01 00:00:00.000000016,61.322292,218,12
1970-01-01 00:00:00.000000017,61.190655,218,12
1970-01-01 00:00:00.000000018,61.038536,218,12
1970-01-01 00:00:00.000000014,61.683804,218,13
1970-01-01 00:00:00.000000015,61.272198,218,13
1970-01-01 00:00:00.000000016,61.84137,218,13
1970-01-01 00:00:00.000000017,61.754173,218,13
1970-01-01 00:00:00.000000018,61.57676,218,13
1970-01-01 00:00:00.000000019,61.37319,218,13
1970-01-01 00:00:00.000000015,59.849243,218,14
1970-01-01 00:00:00.000000016,59.77591,218,14
1970-01-01 00:00:00.000000017,59.967236,218,14
1970-01-01 00:00:00.000000018,59.922752,218,14
1970-01-01 00:00:00.000000019,59.729218,218,14
1970-01-01 00:00:00.000000020,59.811012,218,14
1970-01-01 00:00:00.000000016,59.41724,218,15
1970-01-01 00:00:00.000000017,59.35901,218,15
1970-01-01 00:00:00.000000018,59.510647,218,15
1970-01-01 00:00:00.000000019,59.397995,218,15
1970-01-01 00:00:00.000000020,59.2572,218,15
1970-01-01 00:00:00.000000021,59.260662,218,15
1970-01-01 00:00:00.000000017,58.98645,218,16
1970-01-01 00:00:00.000000018,59.01422,218,16
1970-01-01 00:00:00.000000019,59.04564,218,16
1970-01-01 00:00:00.000000020,58.981327,218,16
1970-01-01 00:00:00.000000021,58.869274,218,16
1970-01-01 00:00:00.000000022,58.95003,218,16
1970-01-01 00:00:00.000000018,58.23451,218,17
1970-01-01 00:00:00.000000019,58.44014,218,17
1970-01-01 00:00:00.000000020,58.210686,218,17
1970-01-01 00:00:00.000000021,58.17768,218,17
1970-01-01 00:00:00.000000022,58.254997,218,17
1970-01-01 00:00:00.000000023,58.036255,218,17
1970-01-01 00:00:00.000000019,58.29162,218,18
1970-01-01 00:00:00.000000020,58.3227,218,18
1970-01-01 00:00:00.000000021,58.112595,218,18
1970-01-01 00:00:00.000000022,58.346786,218,18
1970-01-01 00:00:00.000000023,58.45105,218,18
1970-01-01 00:00:00.000000024,58.214497,218,18
1970-01-01 00:00:00.000000020,59.11318,218,19
1970-01-01 00:00:00.000000021,59.159435,218,19
1970-01-01 00:00:00.000000022,59.23569,218,19
1970-01-01 00:00:00.000000023,59.29812,218,19
1970-01-01 00:00:00.000000024,59.359936,218,19
1970-01-01 00:00:00.000000025,59.28926,218,19
1970-01-01 00:00:00.000000021,58.94167,218,20
1970-01-01 00:00:00.000000022,59.097984,218,20
1970-01-01 00:00:00.000000023,59.1176,218,20
1970-01-01 00:00:00.000000024,59.050465,218,20
1970-01-01 00:00:00.000000025,59.29044,218,20
1970-01-01 00:00:00.000000026,58.766933,218,20
1970-01-01 00:00:00.000000022,58.90282,218,21
1970-01-01 00:00:00.000000023,58.706135,218,21
1970-01-01 00:00:00.000000024,58.80928,218,21
1970-01-01 00:00:00.000000025,58.949493,218,21
1970-01-01 00:00:00.000000026,58.980083,218,21
1970-01-01 00:00:00.000000027,58.739693,218,21
1970-01-01 00:00:00.000000023,58.58505,218,22
1970-01-01 00:00:00.000000024,58.45344,218,22
1970-01-01 00:00:00.000000025,58.59524,218,22
1970-01-01 00:00:00.000000026,58.56571,218,22
1970-01-01 00:00:00.000000027,58.336643,218,22
1970-01-01 00:00:00.000000028,58.538925,218,22
1970-01-01 00:00:00.000000024,58.16765,218,23
1970-01-01 00:00:00.000000025,58.22697,218,23
1970-01-01 00:00:00.000000026,58.231453,218,23
1970-01-01 00:00:00.000000027,58.12015,218,23
1970-01-01 00:00:00.000000028,58.06699,218,23
1970-01-01 00:00:00.000000029,58.021885,218,23
1970-01-01 00:00:00.000000025,57.997566,218,24
1970-01-01 00:00:00.000000026,58.005123,218,24
1970-01-01 00:00:00.000000027,57.978493,218,24
1970-01-01 00:00:00.000000028,57.966312,218,24
1970-01-01 00:00:00.000000029,57.931892,218,24
1970-01-01 00:00:00.000000030,57.926544,218,24
1970-01-01 00:00:00.000000026,57.843586,218,25
1970-01-01 00:00:00.000000027,57.88746,218,25
1970-01-01 00:00:00.000000028,57.830845,218,25
1970-01-01 00:00:00.000000029,57.816536,218,25
1970-01-01 00:00:00.000000030,57.780586,218,25
1970-01-01 00:00:00.000000031,57.759903,218,25
1970-01-01 00:00:00.000000027,57.458153,218,26
1970-01-01 00:00:00.000000028,57.499714,218,26
1970-01-01 00:00:00.000000029,57.40361,218,26
1970-01-01 00:00:00.000000030,57.363525,218,26
1970-01-01 00:00:00.000000031,57.390144,218,26
1970-01-01 00:00:00.000000032,57.293327,218,26
1970-01-01 00:00:00.000000028,57.176487,218,27
1970-01-01 00:00:00.000000029,57.18397,218,27
1970-01-01 00:00:00.000000030,57.092102,218,27
1970-01-01 00:00:00.000000031,57.097694,218,27
1970-01-01 00:00:00.000000032,57.112858,218,27
1970-01-01 00:00:00.000000033,57.049126,218,27
1970-01-01 00:00:00.000000029,56.632122,218,28
1970-01-01 00:00:00.000000030,56.660294,218,28
1970-01-01 00:00:00.000000031,56.555264,218,28
1970-01-01 00:00:00.000000032,56.518543,218,28
1970-01-01 00:00:00.000000033,56.534695,218,28
1970-01-01 00:00:00.000000034,56.469425,218,28
1970-01-01 00:00:00.000000030,56.665394,218,29
1970-01-01 00:00:00.000000031,56.730694,218,29
1970-01-01 00:00:00.000000032,56.608223,218,29
1970-01-01 00:00:00.000000033,56.716465,218,29
1970-01-01 00:00:00.000000034,56.72548,218,29
1970-01-01 00:00:00.000000035,56.61086,218,29
1970-01-01 00:00:00.000000031,56.15773,218,30
1970-01-01 00:00:00.000000032,56.186157,218,30
1970-01-01 00:00:00.000000033,56.06419,218,30
1970-01-01 00:00:00.000000034,56.03187,218,30
1970-01-01 00:00:00.000000035,56.04045,218,30
1970-01-01 00:00:00.000000036,56.006718,218,30
1970-01-01 00:00:00.000000032,56.027317,218,31
1970-01-01 00:00:00.000000033,56.114452,218,31
1970-01-01 00:00:00.000000034,55.954544,218,31
1970-01-01 00:00:00.000000035,56.007603,218,31
1970-01-01 00:00:00.000000036,56.089523,218,31
1970-01-01 00:00:00.000000037,55.858772,218,31
1970-01-01 00:00:00.000000033,55.787807,218,32
1970-01-01 00:00:00.000000034,55.75546,218,32
1970-01-01 00:00:00.000000035,55.692757,218,32
1970-01-01 00:00:00.000000036,55.714138,218,32
1970-01-01 00:00:00.000000037,55.679497,218,32
1970-01-01 00:00:00.000000038,55.73235,218,32
1970-01-01 00:00:00.000000034,56.033257,218,33
1970-01-01 00:00:00.000000035,56.166412,218,33
1970-01-01 00:00:00.000000036,56.1067,218,33
1970-01-01 00:00:00.000000037,56.155464,218,33
1970-01-01 00:00:00.000000038,56.17629,218,33
1970-01-01 00:00:00.000000039,55.994934,218,33
1970-01-01 00:00:00.000000035,55.573425,218,34
1970-01-01 00:00:00.000000036,55.56292,218,34
1970-01-01 00:00:00.000000037,55.517265,218,34
1970-01-01 00:00:00.000000038,55.469013,218,34
1970-01-01 00:00:00.000000039,55.46506,218,34
1970-01-01 00:00:00.000000040,55.450073,218,34
1970-01-01 00:00:00.000000036,55.413265,218,35
1970-01-01 00:00:00.000000037,55.451553,218,35
1970-01-01 00:00:00.000000038,55.382298,218,35
1970-01-01 00:00:00.000000039,55.366898,218,35
1970-01-01 00:00:00.000000040,55.377052,218,35
1970-01-01 00:00:00.000000041,55.27493,218,35
1970-01-01 00:00:00.000000037,55.586433,218,36
1970-01-01 00:00:00.000000038,55.575916,218,36
1970-01-01 00:00:00.000000039,55.61164,218,36
1970-01-01 00:00:00.000000040,55.662746,218,36
1970-01-01 00:00:00.000000041,55.54805,218,36
1970-01-01 00:00:00.000000042,55.636063,218,36
1970-01-01 00:00:00.000000038,56.42768,218,37
1970-01-01 00:00:00.000000039,56.532017,218,37
1970-01-01 00:00:00.000000040,56.637333,218,37
1970-01-01 00:00:00.000000041,56.695244,218,37
1970-01-01 00:00:00.000000042,56.64913,218,37
1970-01-01 00:00:00.000000043,56.482155,218,37
1970-01-01 00:00:00.000000039,56.46359,218,38
1970-01-01 00:00:00.000000040,56.48964,218,38
1970-01-01 00:00:00.000000041,56.55941,218,38
1970-01-01 00:00:00.000000042,56.584995,218,38
1970-01-01 00:00:00.000000043,56.598007,218,38
1970-01-01 00:00:00.000000044,56.38477,218,38
1970-01-01 00:00:00.000000040,56.79428,218,39
1970-01-01 00:00:00.000000041,56.628834,218,39
1970-01-01 00:00:00.000000042,56.818264,218,39
1970-01-01 00:00:00.000000043,56.859276,218,39
1970-01-01 00:00:00.000000044,56.800682,218,39
1970-01-01 00:00:00.000000045,56.69298,218,39
1970-01-01 00:00:00.000000041,56.882694,218,40
1970-01-01 00:00:00.000000042,56.713757,218,40
1970-01-01 00:00:00.000000043,56.968277,218,40
1970-01-01 00:00:00.000000044,56.984825,218,40
1970-01-01 00:00:00.000000045,56.87009,218,40
1970-01-01 00:00:00.000000046,56.805862,218,40
1970-01-01 00:00:00.000000042,57.4894,218,41
1970-01-01 00:00:00.000000043,57.361855,218,41
1970-01-01 00:00:00.000000044,57.627594,218,41
1970-01-01 00:00:00.000000045,57.640293,218,41
1970-01-01 00:00:00.000000046,57.527496,218,41
1970-01-01 00:00:00.000000047,57.376987,218,41
1970-01-01 00:00:00.000000043,57.26133,218,42
1970-01-01 00:00:00.000000044,57.038437,218,42
1970-01-01 00:00:00.000000045,57.33938,218,42
1970-01-01 00:00:00.000000046,57.307613,218,42
1970-01-01 00:00:00.000000047,57.168213,218,42
1970-01-01 00:00:00.000000048,57.11753,218,42
1970-01-01 00:00:00.000000044,57.308918,218,43
1970-01-01 00:00:00.000000045,57.18673,218,43
1970-01-01 00:00:00.000000046,57.392315,218,43
1970-01-01 00:00:00.000000047,57.411144,218,43
1970-01-01 00:00:00.000000048,57.286423,218,43
1970-01-01 00:00:00.000000049,57.100903,218,43
1970-01-01 00:00:00.000000045,57.60911,218,44
1970-01-01 00:00:00.000000046,57.486637,218,44
1970-01-01 00:00:00.000000047,57.71704,218,44
1970-01-01 00:00:00.000000048,57.823055,218,44
1970-01-01 00:00:00.000000049,57.601227,218,44
1970-01-01 00:00:00.000000050,57.630966,218,44
1970-01-01 00:00:00.000000046,58.230637,218,45
1970-01-01 00:00:00.000000047,58.2219,218,45
1970-01-01 00:00:00.000000048,58.430588,218,45
1970-01-01 00:00:00.000000049,58.450977,218,45
1970-01-01 00:00:00.000000050,58.3361,218,45
1970-01-01 00:00:00.000000051,58.156315,218,45
1970-01-01 00:00:00.000000047,58.537083,218,46
1970-01-01 00:00:00.000000048,58.322517,218,46
1970-01-01 00:00:00.000000049,58.597248,218,46
1970-01-01 00:00:00.000000050,58.587788,218,46
1970-01-01 00:00:00.000000051,58.49038,218,46
1970-01-01 00:00:00.000000052,58.39568,218,46
1970-01-01 00:00:00.000000048,58.76071,218,47
1970-01-01 00:00:00.000000049,58.47165,218,47
1970-01-01 00:00:00.000000050,58.823803,218,47
1970-01-01 00:00:00.000000051,58.768616,218,47
1970-01-01 00:00:00.000000052,58.67755,218,47
1970-01-01 00:00:00.000000053,58.552948,218,47
1970-01-01 00:00:00.000000049,59.304657,218,48
1970-01-01 00:00:00.000000050,59.013264,218,48
1970-01-01 00:00:00.000000051,59.417477,218,48
1970-01-01 00:00:00.000000052,59.38107,218,48
1970-01-01 00:00:00.000000053,59.2694,218,48
1970-01-01 00:00:00.000000054,59.127834,218,48
1970-01-01 00:00:00.000000050,59.8246,218,49
1970-01-01 00:00:00.000000051,59.528286,218,49
1970-01-01 00:00:00.000000052,59.964832,218,49
1970-01-01 00:00:00.000000053,59.918648,218,49
1970-01-01 00:00:00.000000054,59.775524,218,49
1970-01-01 00:00:00.000000055,59.62578,218,49
1970-01-01 00:00:00.000000051,60.059105,218,50
1970-01-01 00:00:00.000000052,59.73039,218,50
1970-01-01 00:00:00.000000053,60.17581,218,50
1970-01-01 00:00:00.000000054,60.085533,218,50
1970-01-01 00:00:00.000000055,59.962936,218,50
1970-01-01 00:00:00.000000056,59.777977,218,50
1970-01-01 00:00:00.000000052,60.087395,218,51
1970-01-01 00:00:00.000000053,59.919727,218,51
1970-01-01 00:00:00.000000054,60.206905,218,51
1970-01-01 00:00:00.000000055,60.16786,218,51
1970-01-01 00:00:00.000000056,60.090168,218,51
1970-01-01 00:00:00.000000057,59.771767,218,51
1970-01-01 00:00:00.000000053,59.74834,218,52
1970-01-01 00:00:00.000000054,59.666576,218,52
1970-01-01 00:00:00.000000055,59.758385,218,52
1970-01-01 00:00:00.000000056,59.702625,218,52
1970-01-01 00:00:00.000000057,59.41017,218,52
1970-01-01 00:00:00.000000058,59.37176,218,52
1970-01-01 00:00:00.000000054,60.19056,218,53
1970-01-01 00:00:00.000000055,60.090584,218,53
1970-01-01 00:00:00.000000056,60.08108,218,53
1970-01-01 00:00:00.000000057,60.07495,218,53
1970-01-01 00:00:00.000000058,59.841454,218,53
1970-01-01 00:00:00.000000059,59.89284,218,53
1970-01-01 00:00:00.000000055,59.99724,218,54
1970-01-01 00:00:00.000000056,59.999428,218,54
1970-01-01 00:00:00.000000057,59.975555,218,54
1970-01-01 00:00:00.000000058,59.902515,218,54
1970-01-01 00:00:00.000000059,59.67957,218,54
1970-01-01 00:00:00.000000060,59.8839,218,54
1970-01-01 00:00:00.000000007,48.41683,219,6
1970-01-01 00:00:00.000000008,48.672424,219,6
1970-01-01 00:00:00.000000009,48.904976,219,6
1970-01-01 00:00:00.000000010,48.65554,219,6
1970-01-01 00:00:00.000000011,48.547836,219,6
1970-01-01 00:00:00.000000012,48.64156,219,6
1970-01-01 00:00:00.000000008,47.63278,219,7
1970-01-01 00:00:00.000000009,48.20591,219,7
1970-01-01 00:00:00.000000010,48.184124,219,7
1970-01-01 00:00:00.000000011,48.19931,219,7
1970-01-01 00:00:00.000000012,48.070362,219,7
1970-01-01 00:00:00.000000013,48.332844,219,7
1970-01-01 00:00:00.000000009,48.471363,219,8
1970-01-01 00:00:00.000000010,49.045536,219,8
1970-01-01 00:00:00.000000011,48.889465,219,8
1970-01-01 00:00:00.000000012,49.205097,219,8
1970-01-01 00:00:00.000000013,49.31033,219,8
1970-01-01 00:00:00.000000014,49.409653,219,8
1970-01-01 00:00:00.000000010,48.16944,219,9
1970-01-01 00:00:00.000000011,48.93878,219,9
1970-01-01 00:00:00.000000012,48.88795,219,9
1970-01-01 00:00:00.000000013,48.821884,219,9
1970-01-01 00:00:00.000000014,49.245167,219,9
1970-01-01 00:00:00.000000015,49.188316,219,9
1970-01-01 00:00:00.000000011,48.321438,219,10
1970-01-01 00:00:00.000000012,48.761066,219,10
1970-01-01 00:00:00.000000013,48.775887,219,10
1970-01-01 00:00:00.000000014,48.920753,219,10
1970-01-01 00:00:00.000000015,49.27175,219,10
1970-01-01 00:00:00.000000016,49.054783,219,10
1970-01-01 00:00:00.000000012,48.113293,219,11
1970-01-01 00:00:00.000000013,48.107193,219,11
1970-01-01 00:00:00.000000014,48.216217,219,11
1970-01-01 00:00:00.000000015,48.202957,219,11
1970-01-01 00:00:00.000000016,48.24832,219,11
1970-01-01 00:00:00.000000017,48.42292,219,11
1970-01-01 00:00:00.000000013,48.842854,219,12
1970-01-01 00:00:00.000000014,48.98921,219,12
1970-01-01 00:00:00.000000015,49.031334,219,12
1970-01-01 00:00:00.000000016,49.108288,219,12
1970-01-01 00:00:00.000000017,49.091454,219,12
1970-01-01 00:00:00.000000018,49.026085,219,12
1970-01-01 00:00:00.000000014,48.89469,219,13
1970-01-01 00:00:00.000000015,48.935497,219,13
1970-01-01 00:00:00.000000016,49.060383,219,13
1970-01-01 00:00:00.000000017,49.05095,219,13
1970-01-01 00:00:00.000000018,48.984627,219,13
1970-01-01 00:00:00.000000019,49.11102,219,13
1970-01-01 00:00:00.000000015,49.091354,219,14
1970-01-01 00:00:00.000000016,49.181297,219,14
1970-01-01 00:00:00.000000017,49.21881,219,14
1970-01-01 00:00:00.000000018,49.251404,219,14
1970-01-01 00:00:00.000000019,49.27266,219,14
1970-01-01 00:00:00.000000020,49.171406,219,14
1970-01-01 00:00:00.000000016,49.47705,219,15
1970-01-01 00:00:00.000000017,49.47489,219,15
1970-01-01 00:00:00.000000018,49.618923,219,15
1970-01-01 00:00:00.000000019,49.603027,219,15
1970-01-01 00:00:00.000000020,49.60317,219,15
1970-01-01 00:00:00.000000021,49.707188,219,15
1970-01-01 00:00:00.000000017,50.022053,219,16
1970-01-01 00:00:00.000000018,50.122692,219,16
1970-01-01 00:00:00.000000019,50.32635,219,16
1970-01-01 00:00:00.000000020,50.265083,219,16
1970-01-01 00:00:00.000000021,50.25703,219,16
1970-01-01 00:00:00.000000022,50.31997,219,16
1970-01-01 00:00:00.000000018,50.319416,219,17
1970-01-01 00:00:00.000000019,50.2676,219,17
1970-01-01 00:00:00.000000020,50.44304,219,17
1970-01-01 00:00:00.000000021,50.333786,219,17
1970-01-01 00:00:00.000000022,50.435963,219,17
1970-01-01 00:00:00.000000023,50.408188,219,17
1970-01-01 00:00:00.000000019,49.693184,219,18
1970-01-01 00:00:00.000000020,49.70882,219,18
1970-01-01 00:00:00.000000021,49.823425,219,18
1970-01-01 00:00:00.000000022,49.65153,219,18
1970-01-01 00:00:00.000000023,49.62157,219,18
1970-01-01 00:00:00.000000024,49.69574,219,18
1970-01-01 00:00:00.000000020,50.159477,219,19
1970-01-01 00:00:00.000000021,50.298244,219,19
1970-01-01 00:00:00.000000022,50.39501,219,19
1970-01-01 00:00:00.000000023,50.334915,219,19
1970-01-01 00:00:00.000000024,50.29698,219,19
1970-01-01 00:00:00.000000025,50.40332,219,19
1970-01-01 00:00:00.000000021,50.806057,219,20
1970-01-01 00:00:00.000000022,51.0231,219,20
1970-01-01 00:00:00.000000023,51.182495,219,20
1970-01-01 00:00:00.000000024,51.15442,219,20
1970-01-01 00:00:00.000000025,51.06622,219,20
1970-01-01 00:00:00.000000026,51.209095,219,20
1970-01-01 00:00:00.000000022,51.675255,219,21
1970-01-01 00:00:00.000000023,51.837383,219,21
1970-01-01 00:00:00.000000024,52.027733,219,21
1970-01-01 00:00:00.000000025,51.987526,219,21
1970-01-01 00:00:00.000000026,51.938282,219,21
1970-01-01 00:00:00.000000027,52.00749,219,21
1970-01-01 00:00:00.000000023,52.14486,219,22
1970-01-01 00:00:00.000000024,51.997272,219,22
1970-01-01 00:00:00.000000025,52.246494,219,22
1970-01-01 00:00:00.000000026,52.066666,219,22
1970-01-01 00:00:00.000000027,52.123856,219,22
1970-01-01 00:00:00.000000028,52.21007,219,22
1970-01-01 00:00:00.000000024,52.210648,219,23
1970-01-01 00:00:00.000000025,52.08513,219,23
1970-01-01 00:00:00.000000026,52.301174,219,23
1970-01-01 00:00:00.000000027,52.09019,219,23
1970-01-01 00:00:00.000000028,52.20136,219,23
1970-01-01 00:00:00.000000029,52.198753,219,23
1970-01-01 00:00:00.000000025,51.528233,219,24
1970-01-01 00:00:00.000000026,51.558662,219,24
1970-01-01 00:00:00.000000027,51.698315,219,24
1970-01-01 00:00:00.000000028,51.502716,219,24
1970-01-01 00:00:00.000000029,51.435413,219,24
1970-01-01 00:00:00.000000030,51.643623,219,24
1970-01-01 00:00:00.000000026,52.734383,219,25
1970-01-01 00:00:00.000000027,53.045334,219,25
1970-01-01 00:00:00.000000028,53.169792,219,25
1970-01-01 00:00:00.000000029,53.137905,219,25
1970-01-01 00:00:00.000000030,53.10043,219,25
1970-01-01 00:00:00.000000031,53.158886,219,25
1970-01-01 00:00:00.000000027,52.921387,219,26
1970-01-01 00:00:00.000000028,53.043106,219,26
1970-01-01 00:00:00.000000029,53.209896,219,26
1970-01-01 00:00:00.000000030,53.143127,219,26
1970-01-01 00:00:00.000000031,53.05271,219,26
1970-01-01 00:00:00.000000032,53.193184,219,26
1970-01-01 00:00:00.000000028,52.185226,219,27
1970-01-01 00:00:00.000000029,52.332275,219,27
1970-01-01 00:00:00.000000030,52.29505,219,27
1970-01-01 00:00:00.000000031,52.176857,219,27
1970-01-01 00:00:00.000000032,52.15986,219,27
1970-01-01 00:00:00.000000033,52.0767,219,27
1970-01-01 00:00:00.000000029,51.95323,219,28
1970-01-01 00:00:00.000000030,51.984783,219,28
1970-01-01 00:00:00.000000031,52.070576,219,28
1970-01-01 00:00:00.000000032,52.047207,219,28
1970-01-01 00:00:00.000000033,51.94059,219,28
1970-01-01 00:00:00.000000034,52.12842,219,28
1970-01-01 00:00:00.000000030,52.068756,219,29
1970-01-01 00:00:00.000000031,52.214546,219,29
1970-01-01 00:00:00.000000032,52.278625,219,29
1970-01-01 00:00:00.000000033,52.225822,219,29
1970-01-01 00:00:00.000000034,52.1066,219,29
1970-01-01 00:00:00.000000035,52.284523,219,29
1970-01-01 00:00:00.000000031,51.934803,219,30
1970-01-01 00:00:00.000000032,52.11361,219,30
1970-01-01 00:00:00.000000033,52.10728,219,30
1970-01-01 00:00:00.000000034,52.100906,219,30
1970-01-01 00:00:00.000000035,52.12514,219,30
1970-01-01 00:00:00.000000036,52.15236,219,30
1970-01-01 00:00:00.000000032,52.477665,219,31
1970-01-01 00:00:00.000000033,52.5859,219,31
1970-01-01 00:00:00.000000034,52.66511,219,31
1970-01-01 00:00:00.000000035,52.73788,219,31
1970-01-01 00:00:00.000000036,52.750763,219,31
1970-01-01 00:00:00.000000037,52.784706,219,31
1970-01-01 00:00:00.000000033,53.150352,219,32
1970-01-01 00:00:00.000000034,53.33656,219,32
1970-01-01 00:00:00.000000035,53.46723,219,32
1970-01-01 00:00:00.000000036,53.498947,219,32
1970-01-01 00:00:00.000000037,53.451668,219,32
1970-01-01 00:00:00.000000038,53.518726,219,32
1970-01-01 00:00:00.000000034,53.30747,219,33
1970-01-01 00:00:00.000000035,53.343582,219,33
1970-01-01 00:00:00.000000036,53.445023,219,33
1970-01-01 00:00:00.000000037,53.390083,219,33
1970-01-01 00:00:00.000000038,53.411324,219,33
1970-01-01 00:00:00.000000039,53.387016,219,33
1970-01-01 00:00:00.000000035,53.81122,219,34
1970-01-01 00:00:00.000000036,53.67666,219,34
1970-01-01 00:00:00.000000037,53.86432,219,34
1970-01-01 00:00:00.000000038,53.754375,219,34
1970-01-01 00:00:00.000000039,53.856293,219,34
1970-01-01 00:00:00.000000040,53.87383,219,34
1970-01-01 00:00:00.000000036,54.271076,219,35
1970-01-01 00:00:00.000000037,54.299133,219,35
1970-01-01 00:00:00.000000038,54.564342,219,35
1970-01-01 00:00:00.000000039,54.406895,219,35
1970-01-01 00:00:00.000000040,54.425873,219,35
1970-01-01 00:00:00.000000041,54.55151,219,35
1970-01-01 00:00:00.000000037,54.701015,219,36
1970-01-01 00:00:00.000000038,54.725685,219,36
1970-01-01 00:00:00.000000039,54.926617,219,36
1970-01-01 00:00:00.000000040,54.757126,219,36
1970-01-01 00:00:00.000000041,54.83764,219,36
1970-01-01 00:00:00.000000042,54.78993,219,36
1970-01-01 00:00:00.000000038,54.973827,219,37
1970-01-01 00:00:00.000000039,54.901283,219,37
1970-01-01 00:00:00.000000040,55.12331,219,37
1970-01-01 00:00:00.000000041,54.95131,219,37
1970-01-01 00:00:00.000000042,55.056488,219,37
1970-01-01 00:00:00.000000043,55.11851,219,37
1970-01-01 00:00:00.000000039,55.978874,219,38
1970-01-01 00:00:00.000000040,56.088947,219,38
1970-01-01 00:00:00.000000041,56.380184,219,38
1970-01-01 00:00:00.000000042,56.21389,219,38
1970-01-01 00:00:00.000000043,56.278435,219,38
1970-01-01 00:00:00.000000044,56.32902,219,38
1970-01-01 00:00:00.000000040,56.37317,219,39
1970-01-01 00:00:00.000000041,56.318924,219,39
1970-01-01 00:00:00.000000042,56.63819,219,39
1970-01-01 00:00:00.000000043,56.424126,219,39
1970-01-01 00:00:00.000000044,56.499275,219,39
1970-01-01 00:00:00.000000045,56.594177,219,39
1970-01-01 00:00:00.000000041,57.20936,219,40
1970-01-01 00:00:00.000000042,57.219727,219,40
1970-01-01 00:00:00.000000043,57.5572,219,40
1970-01-01 00:00:00.000000044,57.326588,219,40
1970-01-01 00:00:00.000000045,57.536743,219,40
1970-01-01 00:00:00.000000046,57.488003,219,40
1970-01-01 00:00:00.000000042,57.539402,219,41
1970-01-01 00:00:00.000000043,57.53159,219,41
1970-01-01 00:00:00.000000044,57.963593,219,41
1970-01-01 00:00:00.000000045,57.709747,219,41
1970-01-01 00:00:00.000000046,57.769447,219,41
1970-01-01 00:00:00.000000047,57.872265,219,41
1970-01-01 00:00:00.000000043,58.252483,219,42
1970-01-01 00:00:00.000000044,58.279285,219,42
1970-01-01 00:00:00.000000045,58.660786,219,42
1970-01-01 00:00:00.000000046,58.39282,219,42
1970-01-01 00:00:00.000000047,58.586853,219,42
1970-01-01 00:00:00.000000048,58.48048,219,42
1970-01-01 00:00:00.000000044,58.684006,219,43
1970-01-01 00:00:00.000000045,58.736435,219,43
1970-01-01 00:00:00.000000046,59.11372,219,43
1970-01-01 00:00:00.000000047,58.86511,219,43
1970-01-01 00:00:00.000000048,58.960846,219,43
1970-01-01 00:00:00.000000049,59.014343,219,43
1970-01-01 00:00:00.000000045,59.537838,219,44
1970-01-01 00:00:00.000000046,59.57663,219,44
1970-01-01 00:00:00.000000047,59.92274,219,44
1970-01-01 00:00:00.000000048,59.6812,219,44
1970-01-01 00:00:00.000000049,59.775257,219,44
1970-01-01 00:00:00.000000050,59.779472,219,44
1970-01-01 00:00:00.000000046,59.89736,219,45
1970-01-01 00:00:00.000000047,59.85217,219,45
1970-01-01 00:00:00.000000048,60.16524,219,45
1970-01-01 00:00:00.000000049,59.92036,219,45
1970-01-01 00:00:00.000000050,60.050846,219,45
1970-01-01 00:00:00.000000051,60.062363,219,45
1970-01-01 00:00:00.000000047,60.361343,219,46
1970-01-01 00:00:00.000000048,60.344917,219,46
1970-01-01 00:00:00.000000049,60.66166,219,46
1970-01-01 00:00:00.000000050,60.428333,219,46
1970-01-01 00:00:00.000000051,60.520325,219,46
1970-01-01 00:00:00.000000052,60.552864,219,46
1970-01-01 00:00:00.000000048,60.510815,219,47
1970-01-01 00:00:00.000000049,60.516396,219,47
1970-01-01 00:00:00.000000050,60.77292,219,47
1970-01-01 00:00:00.000000051,60.548088,219,47
1970-01-01 00:00:00.000000052,60.61411,219,47
1970-01-01 00:00:00.000000053,60.65334,219,47
1970-01-01 00:00:00.000000049,60.793858,219,48
1970-01-01 00:00:00.000000050,60.870583,219,48
1970-01-01 00:00:00.000000051,61.081585,219,48
1970-01-01 00:00:00.000000052,60.90954,219,48
1970-01-01 00:00:00.000000053,60.936718,219,48
1970-01-01 00:00:00.000000054,60.980755,219,48
1970-01-01 00:00:00.000000050,61.285397,219,49
1970-01-01 00:00:00.000000051,61.380157,219,49
1970-01-01 00:00:00.000000052,61.58567,219,49
1970-01-01 00:00:00.000000053,61.459064,219,49
1970-01-01 00:00:00.000000054,61.47593,219,49
1970-01-01 00:00:00.000000055,61.523018,219,49
1970-01-01 00:00:00.000000051,61.717663,219,50
1970-01-01 00:00:00.000000052,61.768623,219,50
1970-01-01 00:00:00.000000053,61.965652,219,50
1970-01-01 00:00:00.000000054,61.844402,219,50
1970-01-01 00:00:00.000000055,61.88296,219,50
1970-01-01 00:00:00.000000056,61.89699,219,50
1970-01-01 00:00:00.000000052,62.061058,219,51
1970-01-01 00:00:00.000000053,62.03742,219,51
1970-01-01 00:00:00.000000054,62.222534,219,51
1970-01-01 00:00:00.000000055,62.100876,219,51
1970-01-01 00:00:00.000000056,62.169487,219,51
1970-01-01 00:00:00.000000057,62.184017,219,51
1970-01-01 00:00:00.000000053,62.459442,219,52
1970-01-01 00:00:00.000000054,62.452465,219,52
1970-01-01 00:00:00.000000055,62.65697,219,52
1970-01-01 00:00:00.000000056,62.52908,219,52
1970-01-01 00:00:00.000000057,62.596527,219,52
1970-01-01 00:00:00.000000058,62.61153,219,52
1970-01-01 00:00:00.000000054,62.881058,219,53
1970-01-01 00:00:00.000000055,62.859222,219,53
1970-01-01 00:00:00.000000056,63.09313,219,53
1970-01-01 00:00:00.000000057,62.944218,219,53
1970-01-01 00:00:00.000000058,63.014244,219,53
1970-01-01 00:00:00.000000059,63.03957,219,53
1970-01-01 00:00:00.000000055,63.303173,219,54
1970-01-01 00:00:00.000000056,63.292145,219,54
1970-01-01 00:00:00.000000057,63.535336,219,54
1970-01-01 00:00:00.000000058,63.37451,219,54
1970-01-01 00:00:00.000000059,63.467094,219,54
1970-01-01 00:00:00.000000060,63.475098,219,54
1970-01-01 00:00:00.000000007,57.131767,220,6
1970-01-01 00:00:00.000000008,58.4247,220,6
1970-01-01 00:00:00.000000009,58.687244,220,6
1970-01-01 00:00:00.000000010,58.693153,220,6
1970-01-01 00:00:00.000000011,58.66325,220,6
1970-01-01 00:00:00.000000012,59.33846,220,6
1970-01-01 00:00:00.000000008,59.14644,220,7
1970-01-01 00:00:00.000000009,60.354523,220,7
1970-01-01 00:00:00.000000010,60.5393,220,7
1970-01-01 00:00:00.000000011,60.582428,220,7
1970-01-01 00:00:00.000000012,60.573273,220,7
1970-01-01 00:00:00.000000013,60.974407,220,7
1970-01-01 00:00:00.000000009,60.285942,220,8
1970-01-01 00:00:00.000000010,61.080463,220,8
1970-01-01 00:00:00.000000011,61.160275,220,8
1970-01-01 00:00:00.000000012,61.319847,220,8
1970-01-01 00:00:00.000000013,61.04694,220,8
1970-01-01 00:00:00.000000014,61.86581,220,8
1970-01-01 00:00:00.000000010,63.0118,220,9
1970-01-01 00:00:00.000000011,64.582214,220,9
1970-01-01 00:00:00.000000012,64.45461,220,9
1970-01-01 00:00:00.000000013,64.671814,220,9
1970-01-01 00:00:00.000000014,64.45401,220,9
1970-01-01 00:00:00.000000015,65.19379,220,9
1970-01-01 00:00:00.000000011,64.05182,220,10
1970-01-01 00:00:00.000000012,65.11113,220,10
1970-01-01 00:00:00.000000013,65.06882,220,10
1970-01-01 00:00:00.000000014,65.28875,220,10
1970-01-01 00:00:00.000000015,64.662636,220,10
1970-01-01 00:00:00.000000016,65.626656,220,10
1970-01-01 00:00:00.000000012,63.29032,220,11
1970-01-01 00:00:00.000000013,64.05104,220,11
1970-01-01 00:00:00.000000014,63.706375,220,11
1970-01-01 00:00:00.000000015,63.7326,220,11
1970-01-01 00:00:00.000000016,63.23268,220,11
1970-01-01 00:00:00.000000017,63.508747,220,11
1970-01-01 00:00:00.000000013,60.73049,220,12
1970-01-01 00:00:00.000000014,61.11071,220,12
1970-01-01 00:00:00.000000015,61.030277,220,12
1970-01-01 00:00:00.000000016,60.976963,220,12
1970-01-01 00:00:00.000000017,60.09808,220,12
1970-01-01 00:00:00.000000018,61.203934,220,12
1970-01-01 00:00:00.000000014,60.965214,220,13
1970-01-01 00:00:00.000000015,61.533344,220,13
1970-01-01 00:00:00.000000016,61.436424,220,13
1970-01-01 00:00:00.000000017,61.137157,220,13
1970-01-01 00:00:00.000000018,60.418274,220,13
1970-01-01 00:00:00.000000019,61.356766,220,13
1970-01-01 00:00:00.000000015,62.09984,220,14
1970-01-01 00:00:00.000000016,62.253563,220,14
1970-01-01 00:00:00.000000017,62.321735,220,14
1970-01-01 00:00:00.000000018,62.227463,220,14
1970-01-01 00:00:00.000000019,61.97146,220,14
1970-01-01 00:00:00.000000020,62.41999,220,14
1970-01-01 00:00:00.000000016,62.113373,220,15
1970-01-01 00:00:00.000000017,62.6331,220,15
1970-01-01 00:00:00.000000018,62.795788,220,15
1970-01-01 00:00:00.000000019,62.40668,220,15
1970-01-01 00:00:00.000000020,62.49414,220,15
1970-01-01 00:00:00.000000021,62.587505,220,15
1970-01-01 00:00:00.000000017,63.193695,220,16
1970-01-01 00:00:00.000000018,63.642677,220,16
1970-01-01 00:00:00.000000019,63.730747,220,16
1970-01-01 00:00:00.000000020,63.70107,220,16
1970-01-01 00:00:00.000000021,63.77905,220,16
1970-01-01 00:00:00.000000022,63.791393,220,16
1970-01-01 00:00:00.000000018,63.570156,220,17
1970-01-01 00:00:00.000000019,63.78746,220,17
1970-01-01 00:00:00.000000020,63.854195,220,17
1970-01-01 00:00:00.000000021,63.901062,220,17
1970-01-01 00:00:00.000000022,63.887264,220,17
1970-01-01 00:00:00.000000023,64.041306,220,17
1970-01-01 00:00:00.000000019,64.27343,220,18
1970-01-01 00:00:00.000000020,64.63946,220,18
1970-01-01 00:00:00.000000021,64.69729,220,18
1970-01-01 00:00:00.000000022,64.71945,220,18
1970-01-01 00:00:00.000000023,64.71634,220,18
1970-01-01 00:00:00.000000024,64.85145,220,18
1970-01-01 00:00:00.000000020,65.0104,220,19
1970-01-01 00:00:00.000000021,65.34799,220,19
1970-01-01 00:00:00.000000022,65.41698,220,19
1970-01-01 00:00:00.000000023,65.48149,220,19
1970-01-01 00:00:00.000000024,65.42972,220,19
1970-01-01 00:00:00.000000025,65.6739,220,19
1970-01-01 00:00:00.000000021,65.83175,220,20
1970-01-01 00:00:00.000000022,66.29824,220,20
1970-01-01 00:00:00.000000023,66.31694,220,20
1970-01-01 00:00:00.000000024,66.379875,220,20
1970-01-01 00:00:00.000000025,66.341545,220,20
1970-01-01 00:00:00.000000026,66.47483,220,20
1970-01-01 00:00:00.000000022,66.47583,220,21
1970-01-01 00:00:00.000000023,66.85097,220,21
1970-01-01 00:00:00.000000024,66.92829,220,21
1970-01-01 00:00:00.000000025,67.016914,220,21
1970-01-01 00:00:00.000000026,66.87898,220,21
1970-01-01 00:00:00.000000027,67.13793,220,21
1970-01-01 00:00:00.000000023,66.91335,220,22
1970-01-01 00:00:00.000000024,67.32,220,22
1970-01-01 00:00:00.000000025,67.32385,220,22
1970-01-01 00:00:00.000000026,67.39942,220,22
1970-01-01 00:00:00.000000027,67.22851,220,22
1970-01-01 00:00:00.000000028,67.40699,220,22
1970-01-01 00:00:00.000000024,66.85833,220,23
1970-01-01 00:00:00.000000025,67.17559,220,23
1970-01-01 00:00:00.000000026,67.19163,220,23
1970-01-01 00:00:00.000000027,67.32764,220,23
1970-01-01 00:00:00.000000028,66.9475,220,23
1970-01-01 00:00:00.000000029,67.39376,220,23
1970-01-01 00:00:00.000000025,66.39185,220,24
1970-01-01 00:00:00.000000026,66.80004,220,24
1970-01-01 00:00:00.000000027,66.6313,220,24
1970-01-01 00:00:00.000000028,66.72731,220,24
1970-01-01 00:00:00.000000029,66.42205,220,24
1970-01-01 00:00:00.000000030,66.52384,220,24
1970-01-01 00:00:00.000000026,67.42554,220,25
1970-01-01 00:00:00.000000027,67.72044,220,25
1970-01-01 00:00:00.000000028,67.78857,220,25
1970-01-01 00:00:00.000000029,67.89321,220,25
1970-01-01 00:00:00.000000030,67.60795,220,25
1970-01-01 00:00:00.000000031,67.87776,220,25
1970-01-01 00:00:00.000000027,67.66078,220,26
1970-01-01 00:00:00.000000028,67.88915,220,26
1970-01-01 00:00:00.000000029,68.00337,220,26
1970-01-01 00:00:00.000000030,67.959755,220,26
1970-01-01 00:00:00.000000031,67.79457,220,26
1970-01-01 00:00:00.000000032,67.98613,220,26
1970-01-01 00:00:00.000000028,67.64909,220,27
1970-01-01 00:00:00.000000029,67.88779,220,27
1970-01-01 00:00:00.000000030,67.788605,220,27
1970-01-01 00:00:00.000000031,67.82834,220,27
1970-01-01 00:00:00.000000032,67.79648,220,27
1970-01-01 00:00:00.000000033,67.66905,220,27
1970-01-01 00:00:00.000000029,67.95132,220,28
1970-01-01 00:00:00.000000030,67.91893,220,28
1970-01-01 00:00:00.000000031,67.89722,220,28
1970-01-01 00:00:00.000000032,68.02016,220,28
1970-01-01 00:00:00.000000033,67.85043,220,28
1970-01-01 00:00:00.000000034,68.08379,220,28
1970-01-01 00:00:00.000000030,68.435905,220,29
1970-01-01 00:00:00.000000031,68.68068,220,29
1970-01-01 00:00:00.000000032,68.68918,220,29
1970-01-01 00:00:00.000000033,68.7185,220,29
1970-01-01 00:00:00.000000034,68.60985,220,29
1970-01-01 00:00:00.000000035,68.74127,220,29
1970-01-01 00:00:00.000000031,68.354836,220,30
1970-01-01 00:00:00.000000032,68.47191,220,30
1970-01-01 00:00:00.000000033,68.470795,220,30
1970-01-01 00:00:00.000000034,68.49032,220,30
1970-01-01 00:00:00.000000035,68.389366,220,30
1970-01-01 00:00:00.000000036,68.43213,220,30
1970-01-01 00:00:00.000000032,66.867676,220,31
1970-01-01 00:00:00.000000033,67.01104,220,31
1970-01-01 00:00:00.000000034,67.061935,220,31
1970-01-01 00:00:00.000000035,66.88618,220,31
1970-01-01 00:00:00.000000036,66.81359,220,31
1970-01-01 00:00:00.000000037,66.82245,220,31
1970-01-01 00:00:00.000000033,67.696045,220,32
1970-01-01 00:00:00.000000034,67.7004,220,32
1970-01-01 00:00:00.000000035,67.70852,220,32
1970-01-01 00:00:00.000000036,67.728455,220,32
1970-01-01 00:00:00.000000037,67.45149,220,32
1970-01-01 00:00:00.000000038,67.907936,220,32
1970-01-01 00:00:00.000000034,67.74609,220,33
1970-01-01 00:00:00.000000035,67.83165,220,33
1970-01-01 00:00:00.000000036,68.07584,220,33
1970-01-01 00:00:00.000000037,67.78998,220,33
1970-01-01 00:00:00.000000038,67.52148,220,33
1970-01-01 00:00:00.000000039,68.0371,220,33
1970-01-01 00:00:00.000000035,67.86932,220,34
1970-01-01 00:00:00.000000036,68.46184,220,34
1970-01-01 00:00:00.000000037,68.371574,220,34
1970-01-01 00:00:00.000000038,68.32178,220,34
1970-01-01 00:00:00.000000039,68.45951,220,34
1970-01-01 00:00:00.000000040,68.056595,220,34
1970-01-01 00:00:00.000000036,68.1906,220,35
1970-01-01 00:00:00.000000037,68.0606,220,35
1970-01-01 00:00:00.000000038,68.22232,220,35
1970-01-01 00:00:00.000000039,68.3125,220,35
1970-01-01 00:00:00.000000040,68.09345,220,35
1970-01-01 00:00:00.000000041,68.42432,220,35
1970-01-01 00:00:00.000000037,67.96128,220,36
1970-01-01 00:00:00.000000038,68.21365,220,36
1970-01-01 00:00:00.000000039,68.15168,220,36
1970-01-01 00:00:00.000000040,68.176605,220,36
1970-01-01 00:00:00.000000041,67.9947,220,36
1970-01-01 00:00:00.000000042,67.99582,220,36
1970-01-01 00:00:00.000000038,68.37343,220,37
1970-01-01 00:00:00.000000039,68.45336,220,37
1970-01-01 00:00:00.000000040,68.48131,220,37
1970-01-01 00:00:00.000000041,68.55912,220,37
1970-01-01 00:00:00.000000042,68.4283,220,37
1970-01-01 00:00:00.000000043,68.60756,220,37
1970-01-01 00:00:00.000000039,68.41741,220,38
1970-01-01 00:00:00.000000040,68.58092,220,38
1970-01-01 00:00:00.000000041,68.6176,220,38
1970-01-01 00:00:00.000000042,68.6227,220,38
1970-01-01 00:00:00.000000043,68.4451,220,38
1970-01-01 00:00:00.000000044,68.62572,220,38
1970-01-01 00:00:00.000000040,68.01995,220,39
1970-01-01 00:00:00.000000041,68.181946,220,39
1970-01-01 00:00:00.000000042,68.14975,220,39
1970-01-01 00:00:00.000000043,68.15562,220,39
1970-01-01 00:00:00.000000044,68.03868,220,39
1970-01-01 00:00:00.000000045,67.96641,220,39
1970-01-01 00:00:00.000000041,68.21047,220,40
1970-01-01 00:00:00.000000042,68.21336,220,40
1970-01-01 00:00:00.000000043,68.2467,220,40
1970-01-01 00:00:00.000000044,68.31418,220,40
1970-01-01 00:00:00.000000045,68.08399,220,40
1970-01-01 00:00:00.000000046,68.36139,220,40
1970-01-01 00:00:00.000000042,67.3979,220,41
1970-01-01 00:00:00.000000043,67.54587,220,41
1970-01-01 00:00:00.000000044,67.59277,220,41
1970-01-01 00:00:00.000000045,67.40996,220,41
1970-01-01 00:00:00.000000046,67.25585,220,41
1970-01-01 00:00:00.000000047,67.42857,220,41
1970-01-01 00:00:00.000000043,67.1539,220,42
1970-01-01 00:00:00.000000044,67.2761,220,42
1970-01-01 00:00:00.000000045,67.30142,220,42
1970-01-01 00:00:00.000000046,67.20572,220,42
1970-01-01 00:00:00.000000047,67.14246,220,42
1970-01-01 00:00:00.000000048,67.27776,220,42
1970-01-01 00:00:00.000000044,67.05791,220,43
1970-01-01 00:00:00.000000045,67.1423,220,43
1970-01-01 00:00:00.000000046,67.24938,220,43
1970-01-01 00:00:00.000000047,67.12705,220,43
1970-01-01 00:00:00.000000048,67.07258,220,43
1970-01-01 00:00:00.000000049,67.37041,220,43
1970-01-01 00:00:00.000000045,67.48148,220,44
1970-01-01 00:00:00.000000046,67.820015,220,44
1970-01-01 00:00:00.000000047,67.95782,220,44
1970-01-01 00:00:00.000000048,67.84268,220,44
1970-01-01 00:00:00.000000049,67.865425,220,44
1970-01-01 00:00:00.000000050,67.680565,220,44
1970-01-01 00:00:00.000000046,68.08171,220,45
1970-01-01 00:00:00.000000047,68.143364,220,45
1970-01-01 00:00:00.000000048,68.52572,220,45
1970-01-01 00:00:00.000000049,68.42277,220,45
1970-01-01 00:00:00.000000050,68.26801,220,45
1970-01-01 00:00:00.000000051,68.39852,220,45
1970-01-01 00:00:00.000000047,67.36073,220,46
1970-01-01 00:00:00.000000048,67.57058,220,46
1970-01-01 00:00:00.000000049,67.585335,220,46
1970-01-01 00:00:00.000000050,67.42356,220,46
1970-01-01 00:00:00.000000051,67.365204,220,46
1970-01-01 00:00:00.000000052,67.24588,220,46
1970-01-01 00:00:00.000000048,67.28831,220,47
1970-01-01 00:00:00.000000049,67.29324,220,47
1970-01-01 00:00:00.000000050,67.19111,220,47
1970-01-01 00:00:00.000000051,67.24901,220,47
1970-01-01 00:00:00.000000052,67.07981,220,47
1970-01-01 00:00:00.000000053,67.14612,220,47
1970-01-01 00:00:00.000000049,68.1178,220,48
1970-01-01 00:00:00.000000050,67.88421,220,48
1970-01-01 00:00:00.000000051,67.94799,220,48
1970-01-01 00:00:00.000000052,68.010086,220,48
1970-01-01 00:00:00.000000053,67.68047,220,48
1970-01-01 00:00:00.000000054,68.13245,220,48
1970-01-01 00:00:00.000000050,67.00603,220,49
1970-01-01 00:00:00.000000051,67.26212,220,49
1970-01-01 00:00:00.000000052,67.28179,220,49
1970-01-01 00:00:00.000000053,66.9801,220,49
1970-01-01 00:00:00.000000054,66.90441,220,49
1970-01-01 00:00:00.000000055,66.89154,220,49
1970-01-01 00:00:00.000000051,62.78808,220,50
1970-01-01 00:00:00.000000052,63.408497,220,50
1970-01-01 00:00:00.000000053,63.19569,220,50
1970-01-01 00:00:00.000000054,62.729603,220,50
1970-01-01 00:00:00.000000055,62.83852,220,50
1970-01-01 00:00:00.000000056,62.651188,220,50
1970-01-01 00:00:00.000000052,57.97715,220,51
1970-01-01 00:00:00.000000053,59.174484,220,51
1970-01-01 00:00:00.000000054,58.833332,220,51
1970-01-01 00:00:00.000000055,58.52134,220,51
1970-01-01 00:00:00.000000056,58.451294,220,51
1970-01-01 00:00:00.000000057,58.550873,220,51
1970-01-01 00:00:00.000000053,58.074955,220,52
1970-01-01 00:00:00.000000054,58.568604,220,52
1970-01-01 00:00:00.000000055,58.763412,220,52
1970-01-01 00:00:00.000000056,58.882114,220,52
1970-01-01 00:00:00.000000057,58.667713,220,52
1970-01-01 00:00:00.000000058,60.572693,220,52
1970-01-01 00:00:00.000000054,61.03983,220,53
1970-01-01 00:00:00.000000055,64.41215,220,53
1970-01-01 00:00:00.000000056,64.7398,220,53
1970-01-01 00:00:00.000000057,63.174816,220,53
1970-01-01 00:00:00.000000058,65.14502,220,53
1970-01-01 00:00:00.000000059,64.14256,220,53
1970-01-01 00:00:00.000000055,63.83847,220,54
1970-01-01 00:00:00.000000056,67.10611,220,54
1970-01-01 00:00:00.000000057,67.610405,220,54
1970-01-01 00:00:00.000000058,67.30844,220,54
1970-01-01 00:00:00.000000059,67.87049,220,54
1970-01-01 00:00:00.000000060,66.28318,220,54
1970-01-01 00:00:00.000000007,63.141575,221,6
1970-01-01 00:00:00.000000008,62.76994,221,6
1970-01-01 00:00:00.000000009,62.97741,221,6
1970-01-01 00:00:00.000000010,62.2722,221,6
1970-01-01 00:00:00.000000011,62.600807,221,6
1970-01-01 00:00:00.000000012,62.522675,221,6
1970-01-01 00:00:00.000000008,63.17132,221,7
1970-01-01 00:00:00.000000009,62.966442,221,7
1970-01-01 00:00:00.000000010,63.14479,221,7
1970-01-01 00:00:00.000000011,62.48812,221,7
1970-01-01 00:00:00.000000012,62.749706,221,7
1970-01-01 00:00:00.000000013,62.740673,221,7
1970-01-01 00:00:00.000000009,63.718372,221,8
1970-01-01 00:00:00.000000010,63.710033,221,8
1970-01-01 00:00:00.000000011,63.865013,221,8
1970-01-01 00:00:00.000000012,63.33018,221,8
1970-01-01 00:00:00.000000013,63.488174,221,8
1970-01-01 00:00:00.000000014,63.55208,221,8
1970-01-01 00:00:00.000000010,64.43533,221,9
1970-01-01 00:00:00.000000011,64.43609,221,9
1970-01-01 00:00:00.000000012,64.554306,221,9
1970-01-01 00:00:00.000000013,64.16019,221,9
1970-01-01 00:00:00.000000014,64.28532,221,9
1970-01-01 00:00:00.000000015,64.25095,221,9
1970-01-01 00:00:00.000000011,64.88541,221,10
1970-01-01 00:00:00.000000012,64.77921,221,10
1970-01-01 00:00:00.000000013,64.896736,221,10
1970-01-01 00:00:00.000000014,64.57123,221,10
1970-01-01 00:00:00.000000015,64.70006,221,10
1970-01-01 00:00:00.000000016,64.66057,221,10
1970-01-01 00:00:00.000000012,65.06022,221,11
1970-01-01 00:00:00.000000013,64.947624,221,11
1970-01-01 00:00:00.000000014,65.040726,221,11
1970-01-01 00:00:00.000000015,64.7229,221,11
1970-01-01 00:00:00.000000016,64.86132,221,11
1970-01-01 00:00:00.000000017,64.82584,221,11
1970-01-01 00:00:00.000000013,65.303665,221,12
1970-01-01 00:00:00.000000014,65.23294,221,12
1970-01-01 00:00:00.000000015,65.319984,221,12
1970-01-01 00:00:00.000000016,65.03287,221,12
1970-01-01 00:00:00.000000017,65.15274,221,12
1970-01-01 00:00:00.000000018,65.11596,221,12
1970-01-01 00:00:00.000000014,66.08401,221,13
1970-01-01 00:00:00.000000015,66.08653,221,13
1970-01-01 00:00:00.000000016,66.22675,221,13
1970-01-01 00:00:00.000000017,65.92539,221,13
1970-01-01 00:00:00.000000018,66.04112,221,13
1970-01-01 00:00:00.000000019,65.97593,221,13
1970-01-01 00:00:00.000000015,66.4552,221,14
1970-01-01 00:00:00.000000016,66.31363,221,14
1970-01-01 00:00:00.000000017,66.447685,221,14
1970-01-01 00:00:00.000000018,66.06178,221,14
1970-01-01 00:00:00.000000019,66.17173,221,14
1970-01-01 00:00:00.000000020,66.12664,221,14
1970-01-01 00:00:00.000000016,66.2219,221,15
1970-01-01 00:00:00.000000017,66.019966,221,15
1970-01-01 00:00:00.000000018,66.09554,221,15
1970-01-01 00:00:00.000000019,65.69717,221,15
1970-01-01 00:00:00.000000020,65.8407,221,15
1970-01-01 00:00:00.000000021,65.83941,221,15
1970-01-01 00:00:00.000000017,66.45989,221,16
1970-01-01 00:00:00.000000018,66.370804,221,16
1970-01-01 00:00:00.000000019,66.450096,221,16
1970-01-01 00:00:00.000000020,66.08549,221,16
1970-01-01 00:00:00.000000021,66.232506,221,16
1970-01-01 00:00:00.000000022,66.24929,221,16
1970-01-01 00:00:00.000000018,66.83178,221,17
1970-01-01 00:00:00.000000019,66.92479,221,17
1970-01-01 00:00:00.000000020,67.00548,221,17
1970-01-01 00:00:00.000000021,66.736115,221,17
1970-01-01 00:00:00.000000022,66.711,221,17
1970-01-01 00:00:00.000000023,66.81072,221,17
1970-01-01 00:00:00.000000019,66.351364,221,18
1970-01-01 00:00:00.000000020,66.46323,221,18
1970-01-01 00:00:00.000000021,66.48212,221,18
1970-01-01 00:00:00.000000022,66.325386,221,18
1970-01-01 00:00:00.000000023,66.31548,221,18
1970-01-01 00:00:00.000000024,66.35961,221,18
1970-01-01 00:00:00.000000020,66.52836,221,19
1970-01-01 00:00:00.000000021,66.58701,221,19
1970-01-01 00:00:00.000000022,66.62761,221,19
1970-01-01 00:00:00.000000023,66.60615,221,19
1970-01-01 00:00:00.000000024,66.58361,221,19
1970-01-01 00:00:00.000000025,66.6964,221,19
1970-01-01 00:00:00.000000021,66.64745,221,20
1970-01-01 00:00:00.000000022,66.71641,221,20
1970-01-01 00:00:00.000000023,66.7432,221,20
1970-01-01 00:00:00.000000024,66.755554,221,20
1970-01-01 00:00:00.000000025,66.71668,221,20
1970-01-01 00:00:00.000000026,66.82686,221,20
1970-01-01 00:00:00.000000022,66.78177,221,21
1970-01-01 00:00:00.000000023,66.93349,221,21
1970-01-01 00:00:00.000000024,66.90732,221,21
1970-01-01 00:00:00.000000025,66.958885,221,21
1970-01-01 00:00:00.000000026,67.02498,221,21
1970-01-01 00:00:00.000000027,66.934975,221,21
1970-01-01 00:00:00.000000023,67.22514,221,22
1970-01-01 00:00:00.000000024,67.25156,221,22
1970-01-01 00:00:00.000000025,67.30985,221,22
1970-01-01 00:00:00.000000026,67.360596,221,22
1970-01-01 00:00:00.000000027,67.36703,221,22
1970-01-01 00:00:00.000000028,67.38405,221,22
1970-01-01 00:00:00.000000024,67.38865,221,23
1970-01-01 00:00:00.000000025,67.44114,221,23
1970-01-01 00:00:00.000000026,67.492935,221,23
1970-01-01 00:00:00.000000027,67.41659,221,23
1970-01-01 00:00:00.000000028,67.42643,221,23
1970-01-01 00:00:00.000000029,67.39855,221,23
1970-01-01 00:00:00.000000025,67.752625,221,24
1970-01-01 00:00:00.000000026,67.67586,221,24
1970-01-01 00:00:00.000000027,67.76445,221,24
1970-01-01 00:00:00.000000028,67.54799,221,24
1970-01-01 00:00:00.000000029,67.62585,221,24
1970-01-01 00:00:00.000000030,67.60487,221,24
1970-01-01 00:00:00.000000026,67.73063,221,25
1970-01-01 00:00:00.000000027,67.53704,221,25
1970-01-01 00:00:00.000000028,67.61958,221,25
1970-01-01 00:00:00.000000029,67.282196,221,25
1970-01-01 00:00:00.000000030,67.41629,221,25
1970-01-01 00:00:00.000000031,67.398254,221,25
1970-01-01 00:00:00.000000027,67.58053,221,26
1970-01-01 00:00:00.000000028,67.51851,221,26
1970-01-01 00:00:00.000000029,67.56567,221,26
1970-01-01 00:00:00.000000030,67.274734,221,26
1970-01-01 00:00:00.000000031,67.35781,221,26
1970-01-01 00:00:00.000000032,67.36972,221,26
1970-01-01 00:00:00.000000028,68.11688,221,27
1970-01-01 00:00:00.000000029,68.105415,221,27
1970-01-01 00:00:00.000000030,68.204506,221,27
1970-01-01 00:00:00.000000031,67.934975,221,27
1970-01-01 00:00:00.000000032,68.0367,221,27
1970-01-01 00:00:00.000000033,68.06781,221,27
1970-01-01 00:00:00.000000029,68.73637,221,28
1970-01-01 00:00:00.000000030,68.81528,221,28
1970-01-01 00:00:00.000000031,68.903076,221,28
1970-01-01 00:00:00.000000032,68.71679,221,28
1970-01-01 00:00:00.000000033,68.75833,221,28
1970-01-01 00:00:00.000000034,68.70112,221,28
1970-01-01 00:00:00.000000030,68.9568,221,29
1970-01-01 00:00:00.000000031,68.81993,221,29
1970-01-01 00:00:00.000000032,68.88435,221,29
1970-01-01 00:00:00.000000033,68.64025,221,29
1970-01-01 00:00:00.000000034,68.73024,221,29
1970-01-01 00:00:00.000000035,68.68072,221,29
1970-01-01 00:00:00.000000031,68.90415,221,30
1970-01-01 00:00:00.000000032,68.730576,221,30
1970-01-01 00:00:00.000000033,68.81491,221,30
1970-01-01 00:00:00.000000034,68.50607,221,30
1970-01-01 00:00:00.000000035,68.636406,221,30
1970-01-01 00:00:00.000000036,68.641815,221,30
1970-01-01 00:00:00.000000032,69.06103,221,31
1970-01-01 00:00:00.000000033,69.045456,221,31
1970-01-01 00:00:00.000000034,69.09834,221,31
1970-01-01 00:00:00.000000035,68.83201,221,31
1970-01-01 00:00:00.000000036,68.91238,221,31
1970-01-01 00:00:00.000000037,68.91265,221,31
1970-01-01 00:00:00.000000033,69.61253,221,32
1970-01-01 00:00:00.000000034,69.5787,221,32
1970-01-01 00:00:00.000000035,69.67069,221,32
1970-01-01 00:00:00.000000036,69.45034,221,32
1970-01-01 00:00:00.000000037,69.53767,221,32
1970-01-01 00:00:00.000000038,69.502594,221,32
1970-01-01 00:00:00.000000034,69.997604,221,33
1970-01-01 00:00:00.000000035,69.965706,221,33
1970-01-01 00:00:00.000000036,70.06098,221,33
1970-01-01 00:00:00.000000037,69.842,221,33
1970-01-01 00:00:00.000000038,69.91308,221,33
1970-01-01 00:00:00.000000039,69.867905,221,33
1970-01-01 00:00:00.000000035,70.186424,221,34
1970-01-01 00:00:00.000000036,70.07253,221,34
1970-01-01 00:00:00.000000037,70.14877,221,34
1970-01-01 00:00:00.000000038,69.88342,221,34
1970-01-01 00:00:00.000000039,69.99829,221,34
1970-01-01 00:00:00.000000040,69.94265,221,34
1970-01-01 00:00:00.000000036,70.23259,221,35
1970-01-01 00:00:00.000000037,70.08651,221,35
1970-01-01 00:00:00.000000038,70.16468,221,35
1970-01-01 00:00:00.000000039,69.87271,221,35
1970-01-01 00:00:00.000000040,70.00205,221,35
1970-01-01 00:00:00.000000041,69.983086,221,35
1970-01-01 00:00:00.000000037,70.51673,221,36
1970-01-01 00:00:00.000000038,70.466515,221,36
1970-01-01 00:00:00.000000039,70.55362,221,36
1970-01-01 00:00:00.000000040,70.277626,221,36
1970-01-01 00:00:00.000000041,70.381714,221,36
1970-01-01 00:00:00.000000042,70.35076,221,36
1970-01-01 00:00:00.000000038,70.613914,221,37
1970-01-01 00:00:00.000000039,70.595695,221,37
1970-01-01 00:00:00.000000040,70.66738,221,37
1970-01-01 00:00:00.000000041,70.43342,221,37
1970-01-01 00:00:00.000000042,70.48878,221,37
1970-01-01 00:00:00.000000043,70.49273,221,37
1970-01-01 00:00:00.000000039,71.01894,221,38
1970-01-01 00:00:00.000000040,71.00872,221,38
1970-01-01 00:00:00.000000041,71.08903,221,38
1970-01-01 00:00:00.000000042,70.89264,221,38
1970-01-01 00:00:00.000000043,70.97947,221,38
1970-01-01 00:00:00.000000044,70.916046,221,38
1970-01-01 00:00:00.000000040,71.37087,221,39
1970-01-01 00:00:00.000000041,71.36391,221,39
1970-01-01 00:00:00.000000042,71.44826,221,39
1970-01-01 00:00:00.000000043,71.24323,221,39
1970-01-01 00:00:00.000000044,71.32015,221,39
1970-01-01 00:00:00.000000045,71.26288,221,39
1970-01-01 00:00:00.000000041,70.65777,221,40
1970-01-01 00:00:00.000000042,70.72979,221,40
1970-01-01 00:00:00.000000043,70.74464,221,40
1970-01-01 00:00:00.000000044,70.55678,221,40
1970-01-01 00:00:00.000000045,70.55584,221,40
1970-01-01 00:00:00.000000046,70.61105,221,40
1970-01-01 00:00:00.000000042,70.14351,221,41
1970-01-01 00:00:00.000000043,70.3234,221,41
1970-01-01 00:00:00.000000044,70.34543,221,41
1970-01-01 00:00:00.000000045,70.26714,221,41
1970-01-01 00:00:00.000000046,70.267715,221,41
1970-01-01 00:00:00.000000047,70.30115,221,41
1970-01-01 00:00:00.000000043,70.11547,221,42
1970-01-01 00:00:00.000000044,70.308525,221,42
1970-01-01 00:00:00.000000045,70.28043,221,42
1970-01-01 00:00:00.000000046,70.404884,221,42
1970-01-01 00:00:00.000000047,70.362976,221,42
1970-01-01 00:00:00.000000048,70.4725,221,42
1970-01-01 00:00:00.000000044,70.23246,221,43
1970-01-01 00:00:00.000000045,70.4239,221,43
1970-01-01 00:00:00.000000046,70.334145,221,43
1970-01-01 00:00:00.000000047,70.46499,221,43
1970-01-01 00:00:00.000000048,70.561905,221,43
1970-01-01 00:00:00.000000049,70.57109,221,43
1970-01-01 00:00:00.000000045,70.17264,221,44
1970-01-01 00:00:00.000000046,70.35014,221,44
1970-01-01 00:00:00.000000047,70.282005,221,44
1970-01-01 00:00:00.000000048,70.38482,221,44
1970-01-01 00:00:00.000000049,70.55477,221,44
1970-01-01 00:00:00.000000050,70.47156,221,44
1970-01-01 00:00:00.000000046,70.23868,221,45
1970-01-01 00:00:00.000000047,70.27925,221,45
1970-01-01 00:00:00.000000048,70.301865,221,45
1970-01-01 00:00:00.000000049,70.371376,221,45
1970-01-01 00:00:00.000000050,70.452644,221,45
1970-01-01 00:00:00.000000051,70.43571,221,45
1970-01-01 00:00:00.000000047,69.92408,221,46
1970-01-01 00:00:00.000000048,69.97503,221,46
1970-01-01 00:00:00.000000049,69.96433,221,46
1970-01-01 00:00:00.000000050,69.96487,221,46
1970-01-01 00:00:00.000000051,69.97823,221,46
1970-01-01 00:00:00.000000052,70.008675,221,46
1970-01-01 00:00:00.000000048,69.78566,221,47
1970-01-01 00:00:00.000000049,69.83188,221,47
1970-01-01 00:00:00.000000050,69.81567,221,47
1970-01-01 00:00:00.000000051,69.85468,221,47
1970-01-01 00:00:00.000000052,69.86561,221,47
1970-01-01 00:00:00.000000053,69.90107,221,47
1970-01-01 00:00:00.000000049,69.9725,221,48
1970-01-01 00:00:00.000000050,69.9983,221,48
1970-01-01 00:00:00.000000051,70.02805,221,48
1970-01-01 00:00:00.000000052,70.065994,221,48
1970-01-01 00:00:00.000000053,70.05909,221,48
1970-01-01 00:00:00.000000054,70.124985,221,48
1970-01-01 00:00:00.000000050,70.185356,221,49
1970-01-01 00:00:00.000000051,70.32302,221,49
1970-01-01 00:00:00.000000052,70.34783,221,49
1970-01-01 00:00:00.000000053,70.32847,221,49
1970-01-01 00:00:00.000000054,70.36307,221,49
1970-01-01 00:00:00.000000055,70.30099,221,49
1970-01-01 00:00:00.000000051,69.83664,221,50
1970-01-01 00:00:00.000000052,69.83816,221,50
1970-01-01 00:00:00.000000053,69.846565,221,50
1970-01-01 00:00:00.000000054,69.8197,221,50
1970-01-01 00:00:00.000000055,69.83185,221,50
1970-01-01 00:00:00.000000056,69.85519,221,50
1970-01-01 00:00:00.000000052,70.10295,221,51
1970-01-01 00:00:00.000000053,70.14622,221,51
1970-01-01 00:00:00.000000054,70.15856,221,51
1970-01-01 00:00:00.000000055,70.18273,221,51
1970-01-01 00:00:00.000000056,70.174446,221,51
1970-01-01 00:00:00.000000057,70.19214,221,51
1970-01-01 00:00:00.000000053,70.216415,221,52
1970-01-01 00:00:00.000000054,70.26743,221,52
1970-01-01 00:00:00.000000055,70.33774,221,52
1970-01-01 00:00:00.000000056,70.29096,221,52
1970-01-01 00:00:00.000000057,70.23707,221,52
1970-01-01 00:00:00.000000058,70.32745,221,52
1970-01-01 00:00:00.000000054,70.24442,221,53
1970-01-01 00:00:00.000000055,70.356125,221,53
1970-01-01 00:00:00.000000056,70.33662,221,53
1970-01-01 00:00:00.000000057,70.31015,221,53
1970-01-01 00:00:00.000000058,70.31867,221,53
1970-01-01 00:00:00.000000059,70.23082,221,53
1970-01-01 00:00:00.000000055,70.198975,221,54
1970-01-01 00:00:00.000000056,70.17818,221,54
1970-01-01 00:00:00.000000057,70.20375,221,54
1970-01-01 00:00:00.000000058,70.151855,221,54
1970-01-01 00:00:00.000000059,70.16312,221,54
1970-01-01 00:00:00.000000060,70.23587,221,54
