sequence_index,first_chamber_filling,block_idx,fcst_origin
1970-01-01 00:00:00.000000097,97.59409,0,10
1970-01-01 00:00:00.000000098,97.70361,0,10
1970-01-01 00:00:00.000000098,98.24797,0,11
1970-01-01 00:00:00.000000099,98.31882,0,11
1970-01-01 00:00:00.000000099,97.96654,0,12
1970-01-01 00:00:00.000000100,98.090195,0,12
1970-01-01 00:00:00.000000100,97.52631,0,13
1970-01-01 00:00:00.000000101,97.51068,0,13
1970-01-01 00:00:00.000000101,96.99209,0,14
1970-01-01 00:00:00.000000102,95.99294,0,14
1970-01-01 00:00:00.000000081,95.620445,1,10
1970-01-01 00:00:00.000000082,95.52773,1,10
1970-01-01 00:00:00.000000082,95.574455,1,11
1970-01-01 00:00:00.000000083,95.47477,1,11
1970-01-01 00:00:00.000000079,96.90363,4,10
1970-01-01 00:00:00.000000080,96.806244,4,10
1970-01-01 00:00:00.000000080,96.88079,4,11
1970-01-01 00:00:00.000000081,96.78933,4,11
1970-01-01 00:00:00.000000079,96.96646,5,10
1970-01-01 00:00:00.000000080,97.40383,5,10
1970-01-01 00:00:00.000000080,96.7897,5,11
1970-01-01 00:00:00.000000081,97.22627,5,11
1970-01-01 00:00:00.000000119,93.67117,11,10
1970-01-01 00:00:00.000000120,93.52993,11,10
1970-01-01 00:00:00.000000120,93.58865,11,11
1970-01-01 00:00:00.000000121,93.45472,11,11
1970-01-01 00:00:00.000000121,93.54745,11,12
1970-01-01 00:00:00.000000122,93.43015,11,12
1970-01-01 00:00:00.000000122,93.48818,11,13
1970-01-01 00:00:00.000000123,93.367744,11,13
1970-01-01 00:00:00.000000123,93.76835,11,14
1970-01-01 00:00:00.000000124,93.69645,11,14
1970-01-01 00:00:00.000000124,94.299736,11,15
1970-01-01 00:00:00.000000125,94.19851,11,15
1970-01-01 00:00:00.000000125,94.33269,11,16
1970-01-01 00:00:00.000000126,94.252785,11,16
1970-01-01 00:00:00.000000126,94.68726,11,17
1970-01-01 00:00:00.000000127,94.59354,11,17
1970-01-01 00:00:00.000000127,94.543304,11,18
1970-01-01 00:00:00.000000128,94.42939,11,18
1970-01-01 00:00:00.000000113,97.08301,12,10
1970-01-01 00:00:00.000000114,96.99529,12,10
1970-01-01 00:00:00.000000114,96.9842,12,11
1970-01-01 00:00:00.000000115,96.883865,12,11
1970-01-01 00:00:00.000000115,96.8407,12,12
1970-01-01 00:00:00.000000116,96.73854,12,12
1970-01-01 00:00:00.000000116,96.36648,12,13
1970-01-01 00:00:00.000000117,96.222275,12,13
1970-01-01 00:00:00.000000117,96.29407,12,14
1970-01-01 00:00:00.000000118,96.19972,12,14
1970-01-01 00:00:00.000000118,96.33572,12,15
1970-01-01 00:00:00.000000119,96.254135,12,15
1970-01-01 00:00:00.000000119,96.144844,12,16
1970-01-01 00:00:00.000000120,96.05504,12,16
1970-01-01 00:00:00.000000120,95.89037,12,17
1970-01-01 00:00:00.000000121,95.79383,12,17
1970-01-01 00:00:00.000000157,99.894745,13,10
1970-01-01 00:00:00.000000158,100.0,13,10
1970-01-01 00:00:00.000000158,99.877014,13,11
1970-01-01 00:00:00.000000159,100.0,13,11
1970-01-01 00:00:00.000000159,99.90494,13,12
1970-01-01 00:00:00.000000160,100.0,13,12
1970-01-01 00:00:00.000000160,99.92133,13,13
1970-01-01 00:00:00.000000161,100.0,13,13
1970-01-01 00:00:00.000000161,99.8256,13,14
1970-01-01 00:00:00.000000162,99.9956,13,14
1970-01-01 00:00:00.000000162,99.705475,13,15
1970-01-01 00:00:00.000000163,99.87057,13,15
1970-01-01 00:00:00.000000163,99.74654,13,16
1970-01-01 00:00:00.000000164,99.9391,13,16
1970-01-01 00:00:00.000000164,99.76613,13,17
1970-01-01 00:00:00.000000165,99.94302,13,17
1970-01-01 00:00:00.000000165,99.724556,13,18
1970-01-01 00:00:00.000000166,99.909515,13,18
1970-01-01 00:00:00.000000166,99.747894,13,19
1970-01-01 00:00:00.000000167,99.93376,13,19
1970-01-01 00:00:00.000000167,99.73587,13,20
1970-01-01 00:00:00.000000168,99.9122,13,20
1970-01-01 00:00:00.000000168,99.75911,13,21
1970-01-01 00:00:00.000000169,99.94999,13,21
1970-01-01 00:00:00.000000169,99.763084,13,22
1970-01-01 00:00:00.000000170,99.942055,13,22
1970-01-01 00:00:00.000000170,99.75703,13,23
1970-01-01 00:00:00.000000171,99.9368,13,23
1970-01-01 00:00:00.000000171,99.64485,13,24
1970-01-01 00:00:00.000000172,99.75759,13,24
1970-01-01 00:00:00.000000141,99.61558,15,10
1970-01-01 00:00:00.000000142,99.738434,15,10
1970-01-01 00:00:00.000000142,99.73132,15,11
1970-01-01 00:00:00.000000143,99.66949,15,11
1970-01-01 00:00:00.000000143,99.80382,15,12
1970-01-01 00:00:00.000000144,99.943214,15,12
1970-01-01 00:00:00.000000144,100.0,15,13
1970-01-01 00:00:00.000000145,100.0,15,13
1970-01-01 00:00:00.000000145,100.0,15,14
1970-01-01 00:00:00.000000146,100.0,15,14
1970-01-01 00:00:00.000000146,100.0,15,15
1970-01-01 00:00:00.000000147,100.0,15,15
1970-01-01 00:00:00.000000147,100.0,15,16
1970-01-01 00:00:00.000000148,100.0,15,16
1970-01-01 00:00:00.000000148,100.0,15,17
1970-01-01 00:00:00.000000149,100.0,15,17
1970-01-01 00:00:00.000000149,100.0,15,18
1970-01-01 00:00:00.000000150,100.0,15,18
1970-01-01 00:00:00.000000150,100.0,15,19
1970-01-01 00:00:00.000000151,100.0,15,19
1970-01-01 00:00:00.000000151,99.561806,15,20
1970-01-01 00:00:00.000000152,99.03236,15,20
1970-01-01 00:00:00.000000152,99.75478,15,21
1970-01-01 00:00:00.000000153,98.499275,15,21
1970-01-01 00:00:00.000000156,95.58952,16,10
1970-01-01 00:00:00.000000157,95.47702,16,10
1970-01-01 00:00:00.000000157,95.64651,16,11
1970-01-01 00:00:00.000000158,95.53765,16,11
1970-01-01 00:00:00.000000158,95.93247,16,12
1970-01-01 00:00:00.000000159,95.8301,16,12
1970-01-01 00:00:00.000000159,96.01913,16,13
1970-01-01 00:00:00.000000160,95.92357,16,13
1970-01-01 00:00:00.000000160,95.78713,16,14
1970-01-01 00:00:00.000000161,95.63335,16,14
1970-01-01 00:00:00.000000161,95.57849,16,15
1970-01-01 00:00:00.000000162,95.392586,16,15
1970-01-01 00:00:00.000000162,95.55088,16,16
1970-01-01 00:00:00.000000163,95.40155,16,16
1970-01-01 00:00:00.000000163,95.37791,16,17
1970-01-01 00:00:00.000000164,95.20168,16,17
1970-01-01 00:00:00.000000164,94.87725,16,18
1970-01-01 00:00:00.000000165,94.61946,16,18
1970-01-01 00:00:00.000000165,95.254845,16,19
1970-01-01 00:00:00.000000166,95.156006,16,19
1970-01-01 00:00:00.000000166,95.73715,16,20
1970-01-01 00:00:00.000000167,95.610985,16,20
1970-01-01 00:00:00.000000167,95.59093,16,21
1970-01-01 00:00:00.000000168,95.48075,16,21
1970-01-01 00:00:00.000000168,95.9154,16,22
1970-01-01 00:00:00.000000169,95.82282,16,22
1970-01-01 00:00:00.000000169,96.24399,16,23
1970-01-01 00:00:00.000000170,96.145294,16,23
1970-01-01 00:00:00.000000170,96.018036,16,24
1970-01-01 00:00:00.000000171,95.88946,16,24
1970-01-01 00:00:00.000000123,93.532,17,10
1970-01-01 00:00:00.000000124,93.55387,17,10
1970-01-01 00:00:00.000000124,93.54142,17,11
1970-01-01 00:00:00.000000125,93.56918,17,11
1970-01-01 00:00:00.000000125,93.48125,17,12
1970-01-01 00:00:00.000000126,93.50565,17,12
1970-01-01 00:00:00.000000126,93.30734,17,13
1970-01-01 00:00:00.000000127,93.284706,17,13
1970-01-01 00:00:00.000000127,93.261,17,14
1970-01-01 00:00:00.000000128,93.2781,17,14
1970-01-01 00:00:00.000000128,92.379944,17,15
1970-01-01 00:00:00.000000129,92.28283,17,15
1970-01-01 00:00:00.000000129,91.24618,17,16
1970-01-01 00:00:00.000000130,91.11777,17,16
1970-01-01 00:00:00.000000130,90.43952,17,17
1970-01-01 00:00:00.000000131,90.33049,17,17
1970-01-01 00:00:00.000000131,87.86796,17,18
1970-01-01 00:00:00.000000132,87.65434,17,18
1970-01-01 00:00:00.000000134,99.48148,19,10
1970-01-01 00:00:00.000000135,99.57123,19,10
1970-01-01 00:00:00.000000135,99.484795,19,11
1970-01-01 00:00:00.000000136,99.583916,19,11
1970-01-01 00:00:00.000000136,99.49047,19,12
1970-01-01 00:00:00.000000137,99.58489,19,12
1970-01-01 00:00:00.000000137,99.490204,19,13
1970-01-01 00:00:00.000000138,99.59503,19,13
1970-01-01 00:00:00.000000138,99.50105,19,14
1970-01-01 00:00:00.000000139,99.608604,19,14
1970-01-01 00:00:00.000000139,99.49081,19,15
1970-01-01 00:00:00.000000140,99.59623,19,15
1970-01-01 00:00:00.000000140,99.430305,19,16
1970-01-01 00:00:00.000000141,99.52719,19,16
1970-01-01 00:00:00.000000141,99.39343,19,17
1970-01-01 00:00:00.000000142,99.35844,19,17
1970-01-01 00:00:00.000000142,99.329796,19,18
1970-01-01 00:00:00.000000143,99.429184,19,18
1970-01-01 00:00:00.000000143,99.19968,19,19
1970-01-01 00:00:00.000000144,98.90514,19,19
1970-01-01 00:00:00.000000144,99.29793,19,20
1970-01-01 00:00:00.000000145,98.08824,19,20
1970-01-01 00:00:00.000000121,97.130135,20,10
1970-01-01 00:00:00.000000122,97.04872,20,10
1970-01-01 00:00:00.000000122,96.89098,20,11
1970-01-01 00:00:00.000000123,96.80075,20,11
1970-01-01 00:00:00.000000123,97.27886,20,12
1970-01-01 00:00:00.000000124,97.21559,20,12
1970-01-01 00:00:00.000000124,97.65869,20,13
1970-01-01 00:00:00.000000125,97.57481,20,13
1970-01-01 00:00:00.000000125,97.11586,20,14
1970-01-01 00:00:00.000000126,97.00208,20,14
1970-01-01 00:00:00.000000126,96.9334,20,15
1970-01-01 00:00:00.000000127,96.84036,20,15
1970-01-01 00:00:00.000000127,97.11079,20,16
1970-01-01 00:00:00.000000128,97.035736,20,16
1970-01-01 00:00:00.000000128,97.05381,20,17
1970-01-01 00:00:00.000000129,96.97145,20,17
1970-01-01 00:00:00.000000129,96.87207,20,18
1970-01-01 00:00:00.000000130,96.782616,20,18
1970-01-01 00:00:00.000000130,97.04905,21,10
1970-01-01 00:00:00.000000131,97.17629,21,10
1970-01-01 00:00:00.000000131,97.900475,21,11
1970-01-01 00:00:00.000000132,97.98971,21,11
1970-01-01 00:00:00.000000132,98.17287,21,12
1970-01-01 00:00:00.000000133,98.21518,21,12
1970-01-01 00:00:00.000000133,97.63505,21,13
1970-01-01 00:00:00.000000134,97.60874,21,13
1970-01-01 00:00:00.000000134,97.07538,21,14
1970-01-01 00:00:00.000000135,96.993416,21,14
1970-01-01 00:00:00.000000135,96.87927,21,15
1970-01-01 00:00:00.000000136,96.84381,21,15
1970-01-01 00:00:00.000000136,96.28151,21,16
1970-01-01 00:00:00.000000137,96.17984,21,16
1970-01-01 00:00:00.000000137,95.68481,21,17
1970-01-01 00:00:00.000000138,95.5851,21,17
1970-01-01 00:00:00.000000138,95.4206,21,18
1970-01-01 00:00:00.000000139,95.35791,21,18
1970-01-01 00:00:00.000000139,95.47738,21,19
1970-01-01 00:00:00.000000140,95.44028,21,19
1970-01-01 00:00:00.000000171,97.62091,22,10
1970-01-01 00:00:00.000000172,97.737015,22,10
1970-01-01 00:00:00.000000172,97.36367,22,11
1970-01-01 00:00:00.000000173,97.41878,22,11
1970-01-01 00:00:00.000000173,96.929726,22,12
1970-01-01 00:00:00.000000174,96.271194,22,12
1970-01-01 00:00:00.000000174,96.53109,22,13
1970-01-01 00:00:00.000000175,95.85058,22,13
1970-01-01 00:00:00.000000175,95.20653,22,14
1970-01-01 00:00:00.000000176,95.23169,22,14
1970-01-01 00:00:00.000000176,94.66792,22,15
1970-01-01 00:00:00.000000177,95.0482,22,15
1970-01-01 00:00:00.000000177,94.71918,22,16
1970-01-01 00:00:00.000000178,94.85182,22,16
1970-01-01 00:00:00.000000178,95.99774,22,17
1970-01-01 00:00:00.000000179,96.30171,22,17
1970-01-01 00:00:00.000000179,95.876305,22,18
1970-01-01 00:00:00.000000180,96.00187,22,18
1970-01-01 00:00:00.000000180,96.25135,22,19
1970-01-01 00:00:00.000000181,96.40338,22,19
1970-01-01 00:00:00.000000181,96.17768,22,20
1970-01-01 00:00:00.000000182,96.30937,22,20
1970-01-01 00:00:00.000000182,96.06003,22,21
1970-01-01 00:00:00.000000183,96.038704,22,21
1970-01-01 00:00:00.000000183,95.99843,22,22
1970-01-01 00:00:00.000000184,96.13426,22,22
1970-01-01 00:00:00.000000184,95.8032,22,23
1970-01-01 00:00:00.000000185,95.94892,22,23
1970-01-01 00:00:00.000000185,94.808876,22,24
1970-01-01 00:00:00.000000186,94.594505,22,24
1970-01-01 00:00:00.000000186,94.6005,22,25
1970-01-01 00:00:00.000000187,94.57997,22,25
1970-01-01 00:00:00.000000187,94.02683,22,26
1970-01-01 00:00:00.000000188,92.956696,22,26
1970-01-01 00:00:00.000000188,92.98127,22,27
1970-01-01 00:00:00.000000189,92.158516,22,27
1970-01-01 00:00:00.000000130,93.0632,23,10
1970-01-01 00:00:00.000000131,92.965096,23,10
1970-01-01 00:00:00.000000131,93.0626,23,11
1970-01-01 00:00:00.000000132,92.978874,23,11
1970-01-01 00:00:00.000000132,93.1881,23,12
1970-01-01 00:00:00.000000133,93.12057,23,12
1970-01-01 00:00:00.000000133,93.180336,23,13
1970-01-01 00:00:00.000000134,93.10403,23,13
1970-01-01 00:00:00.000000134,93.25543,23,14
1970-01-01 00:00:00.000000135,93.18528,23,14
1970-01-01 00:00:00.000000135,93.63815,23,15
1970-01-01 00:00:00.000000136,93.56785,23,15
1970-01-01 00:00:00.000000136,93.73947,23,16
1970-01-01 00:00:00.000000137,93.67017,23,16
1970-01-01 00:00:00.000000137,93.69777,23,17
1970-01-01 00:00:00.000000138,93.60888,23,17
1970-01-01 00:00:00.000000138,93.772995,23,18
1970-01-01 00:00:00.000000139,93.67658,23,18
1970-01-01 00:00:00.000000139,93.81322,23,19
1970-01-01 00:00:00.000000140,93.71022,23,19
1970-01-01 00:00:00.000000140,94.24259,23,20
1970-01-01 00:00:00.000000141,94.13475,23,20
1970-01-01 00:00:00.000000095,98.48098,25,10
1970-01-01 00:00:00.000000096,96.635475,25,10
1970-01-01 00:00:00.000000096,97.688065,25,11
1970-01-01 00:00:00.000000097,97.32052,25,11
1970-01-01 00:00:00.000000097,95.657425,25,12
1970-01-01 00:00:00.000000098,92.623695,25,12
1970-01-01 00:00:00.000000098,94.44636,25,13
1970-01-01 00:00:00.000000099,95.01893,25,13
1970-01-01 00:00:00.000000231,92.71176,26,10
1970-01-01 00:00:00.000000232,92.66647,26,10
1970-01-01 00:00:00.000000232,92.77083,26,11
1970-01-01 00:00:00.000000233,92.721214,26,11
1970-01-01 00:00:00.000000233,92.79278,26,12
1970-01-01 00:00:00.000000234,92.723335,26,12
1970-01-01 00:00:00.000000234,93.05359,26,13
1970-01-01 00:00:00.000000235,92.972404,26,13
1970-01-01 00:00:00.000000235,93.20572,26,14
1970-01-01 00:00:00.000000236,93.12508,26,14
1970-01-01 00:00:00.000000236,93.15092,26,15
1970-01-01 00:00:00.000000237,93.067024,26,15
1970-01-01 00:00:00.000000237,92.9897,26,16
1970-01-01 00:00:00.000000238,92.88233,26,16
1970-01-01 00:00:00.000000238,93.07834,26,17
1970-01-01 00:00:00.000000239,92.98921,26,17
1970-01-01 00:00:00.000000239,92.8731,26,18
1970-01-01 00:00:00.000000240,92.74665,26,18
1970-01-01 00:00:00.000000240,92.443726,26,19
1970-01-01 00:00:00.000000241,92.23997,26,19
1970-01-01 00:00:00.000000241,92.5796,26,20
1970-01-01 00:00:00.000000242,92.493385,26,20
1970-01-01 00:00:00.000000242,92.53091,26,21
1970-01-01 00:00:00.000000243,92.434326,26,21
1970-01-01 00:00:00.000000243,92.4856,26,22
1970-01-01 00:00:00.000000244,92.39155,26,22
1970-01-01 00:00:00.000000244,92.51006,26,23
1970-01-01 00:00:00.000000245,92.43886,26,23
1970-01-01 00:00:00.000000245,92.47254,26,24
1970-01-01 00:00:00.000000246,92.39026,26,24
1970-01-01 00:00:00.000000246,92.35894,26,25
1970-01-01 00:00:00.000000247,92.24684,26,25
1970-01-01 00:00:00.000000247,92.38453,26,26
1970-01-01 00:00:00.000000248,91.64896,26,26
1970-01-01 00:00:00.000000248,92.03649,26,27
1970-01-01 00:00:00.000000249,91.07785,26,27
1970-01-01 00:00:00.000000249,86.289536,26,28
1970-01-01 00:00:00.000000250,85.40175,26,28
1970-01-01 00:00:00.000000250,86.512314,26,29
1970-01-01 00:00:00.000000251,86.632904,26,29
1970-01-01 00:00:00.000000251,86.12153,26,30
1970-01-01 00:00:00.000000252,86.48283,26,30
1970-01-01 00:00:00.000000252,87.42608,26,31
1970-01-01 00:00:00.000000253,87.56296,26,31
1970-01-01 00:00:00.000000253,86.089165,26,32
1970-01-01 00:00:00.000000254,86.167885,26,32
1970-01-01 00:00:00.000000254,89.44138,26,33
1970-01-01 00:00:00.000000255,89.7107,26,33
1970-01-01 00:00:00.000000255,91.235176,26,34
1970-01-01 00:00:00.000000256,91.40281,26,34
1970-01-01 00:00:00.000000256,89.85842,26,35
1970-01-01 00:00:00.000000257,89.77776,26,35
1970-01-01 00:00:00.000000257,90.228294,26,36
1970-01-01 00:00:00.000000258,90.245865,26,36
1970-01-01 00:00:00.000000258,90.4938,26,37
1970-01-01 00:00:00.000000259,90.523315,26,37
1970-01-01 00:00:00.000000181,90.36728,29,10
1970-01-01 00:00:00.000000182,90.48285,29,10
1970-01-01 00:00:00.000000182,90.83825,29,11
1970-01-01 00:00:00.000000183,90.89394,29,11
1970-01-01 00:00:00.000000183,90.76202,29,12
1970-01-01 00:00:00.000000184,90.763596,29,12
1970-01-01 00:00:00.000000184,91.3124,29,13
1970-01-01 00:00:00.000000185,91.2923,29,13
1970-01-01 00:00:00.000000185,91.568146,29,14
1970-01-01 00:00:00.000000186,91.566124,29,14
1970-01-01 00:00:00.000000186,92.15221,29,15
1970-01-01 00:00:00.000000187,92.16275,29,15
1970-01-01 00:00:00.000000187,91.69999,29,16
1970-01-01 00:00:00.000000188,91.638435,29,16
1970-01-01 00:00:00.000000188,90.54156,29,17
1970-01-01 00:00:00.000000189,90.408615,29,17
1970-01-01 00:00:00.000000189,91.91614,29,18
1970-01-01 00:00:00.000000190,91.91031,29,18
1970-01-01 00:00:00.000000190,93.12252,29,19
1970-01-01 00:00:00.000000191,93.12736,29,19
1970-01-01 00:00:00.000000191,92.05718,29,20
1970-01-01 00:00:00.000000192,92.00201,29,20
1970-01-01 00:00:00.000000192,90.87213,29,21
1970-01-01 00:00:00.000000193,90.23636,29,21
1970-01-01 00:00:00.000000193,91.90406,29,22
1970-01-01 00:00:00.000000194,91.783134,29,22
1970-01-01 00:00:00.000000194,84.97344,29,23
1970-01-01 00:00:00.000000195,86.09659,29,23
1970-01-01 00:00:00.000000195,88.16298,29,24
1970-01-01 00:00:00.000000196,88.289276,29,24
1970-01-01 00:00:00.000000196,89.15371,29,25
1970-01-01 00:00:00.000000197,88.41696,29,25
1970-01-01 00:00:00.000000197,88.67538,29,26
1970-01-01 00:00:00.000000198,88.72024,29,26
1970-01-01 00:00:00.000000198,86.39253,29,27
1970-01-01 00:00:00.000000199,86.45823,29,27
1970-01-01 00:00:00.000000199,89.98022,29,28
1970-01-01 00:00:00.000000200,88.43998,29,28
1970-01-01 00:00:00.000000200,87.88019,29,29
1970-01-01 00:00:00.000000201,88.07198,29,29
1970-01-01 00:00:00.000000092,89.304054,40,10
1970-01-01 00:00:00.000000093,89.382164,40,10
1970-01-01 00:00:00.000000093,89.43812,40,11
1970-01-01 00:00:00.000000094,89.4592,40,11
1970-01-01 00:00:00.000000094,90.45622,40,12
1970-01-01 00:00:00.000000095,90.46728,40,12
1970-01-01 00:00:00.000000095,90.22369,40,13
1970-01-01 00:00:00.000000096,90.25011,40,13
1970-01-01 00:00:00.000000092,85.116005,42,10
1970-01-01 00:00:00.000000093,85.200035,42,10
1970-01-01 00:00:00.000000093,84.81198,42,11
1970-01-01 00:00:00.000000094,84.82882,42,11
1970-01-01 00:00:00.000000094,85.141685,42,12
1970-01-01 00:00:00.000000095,85.16873,42,12
1970-01-01 00:00:00.000000095,86.130714,42,13
1970-01-01 00:00:00.000000096,86.13519,42,13
1970-01-01 00:00:00.000000156,71.71184,45,10
1970-01-01 00:00:00.000000157,71.7579,45,10
1970-01-01 00:00:00.000000157,71.314705,45,11
1970-01-01 00:00:00.000000158,71.28726,45,11
1970-01-01 00:00:00.000000158,70.99841,45,12
1970-01-01 00:00:00.000000159,70.94559,45,12
1970-01-01 00:00:00.000000159,71.52797,45,13
1970-01-01 00:00:00.000000160,71.574776,45,13
1970-01-01 00:00:00.000000160,70.96692,45,14
1970-01-01 00:00:00.000000161,70.91805,45,14
1970-01-01 00:00:00.000000161,71.246155,45,15
1970-01-01 00:00:00.000000162,71.26835,45,15
1970-01-01 00:00:00.000000162,71.51544,45,16
1970-01-01 00:00:00.000000163,71.5611,45,16
1970-01-01 00:00:00.000000163,72.08325,45,17
1970-01-01 00:00:00.000000164,72.13526,45,17
1970-01-01 00:00:00.000000164,71.49148,45,18
1970-01-01 00:00:00.000000165,71.45064,45,18
1970-01-01 00:00:00.000000165,71.60508,45,19
1970-01-01 00:00:00.000000166,71.60457,45,19
1970-01-01 00:00:00.000000166,71.42965,45,20
1970-01-01 00:00:00.000000167,71.41492,45,20
1970-01-01 00:00:00.000000167,70.7534,45,21
1970-01-01 00:00:00.000000168,70.66097,45,21
1970-01-01 00:00:00.000000168,70.656166,45,22
1970-01-01 00:00:00.000000169,70.62509,45,22
1970-01-01 00:00:00.000000169,71.576866,45,23
1970-01-01 00:00:00.000000170,71.450066,45,23
1970-01-01 00:00:00.000000170,71.49354,45,24
1970-01-01 00:00:00.000000171,71.01197,45,24
1970-01-01 00:00:00.000000116,86.00248,46,10
1970-01-01 00:00:00.000000117,85.99844,46,10
1970-01-01 00:00:00.000000117,88.51231,46,11
1970-01-01 00:00:00.000000118,88.80551,46,11
1970-01-01 00:00:00.000000118,86.18132,46,12
1970-01-01 00:00:00.000000119,86.187546,46,12
1970-01-01 00:00:00.000000119,86.67359,46,13
1970-01-01 00:00:00.000000120,86.73712,46,13
1970-01-01 00:00:00.000000120,86.2945,46,14
1970-01-01 00:00:00.000000121,86.33308,46,14
1970-01-01 00:00:00.000000121,86.00167,46,15
1970-01-01 00:00:00.000000122,86.02844,46,15
1970-01-01 00:00:00.000000122,86.077,46,16
1970-01-01 00:00:00.000000123,86.15004,46,16
1970-01-01 00:00:00.000000123,86.695465,46,17
1970-01-01 00:00:00.000000124,86.77636,46,17
1970-01-01 00:00:00.000000243,78.0153,53,10
1970-01-01 00:00:00.000000244,78.43199,53,10
1970-01-01 00:00:00.000000244,80.281624,53,11
1970-01-01 00:00:00.000000245,80.89599,53,11
1970-01-01 00:00:00.000000245,79.016754,53,12
1970-01-01 00:00:00.000000246,78.993,53,12
1970-01-01 00:00:00.000000246,81.63564,53,13
1970-01-01 00:00:00.000000247,82.10857,53,13
1970-01-01 00:00:00.000000247,80.93268,53,14
1970-01-01 00:00:00.000000248,81.00862,53,14
1970-01-01 00:00:00.000000248,78.68982,53,15
1970-01-01 00:00:00.000000249,78.53881,53,15
1970-01-01 00:00:00.000000249,80.22492,53,16
1970-01-01 00:00:00.000000250,80.450676,53,16
1970-01-01 00:00:00.000000250,81.45307,53,17
1970-01-01 00:00:00.000000251,81.75188,53,17
1970-01-01 00:00:00.000000251,82.705765,53,18
1970-01-01 00:00:00.000000252,83.020546,53,18
1970-01-01 00:00:00.000000252,82.88371,53,19
1970-01-01 00:00:00.000000253,83.014915,53,19
1970-01-01 00:00:00.000000253,80.29566,53,20
1970-01-01 00:00:00.000000254,80.08986,53,20
1970-01-01 00:00:00.000000254,80.53303,53,21
1970-01-01 00:00:00.000000255,80.55054,53,21
1970-01-01 00:00:00.000000255,77.98581,53,22
1970-01-01 00:00:00.000000256,77.766975,53,22
1970-01-01 00:00:00.000000256,77.30708,53,23
1970-01-01 00:00:00.000000257,77.18207,53,23
1970-01-01 00:00:00.000000257,77.20607,53,24
1970-01-01 00:00:00.000000258,77.1763,53,24
1970-01-01 00:00:00.000000258,77.19245,53,25
1970-01-01 00:00:00.000000259,77.23801,53,25
1970-01-01 00:00:00.000000259,76.61846,53,26
1970-01-01 00:00:00.000000260,76.561424,53,26
1970-01-01 00:00:00.000000260,76.33853,53,27
1970-01-01 00:00:00.000000261,76.32005,53,27
1970-01-01 00:00:00.000000261,76.27267,53,28
1970-01-01 00:00:00.000000262,76.312744,53,28
1970-01-01 00:00:00.000000262,78.134476,53,29
1970-01-01 00:00:00.000000263,78.56234,53,29
1970-01-01 00:00:00.000000263,78.92105,53,30
1970-01-01 00:00:00.000000264,79.22618,53,30
1970-01-01 00:00:00.000000264,80.40048,53,31
1970-01-01 00:00:00.000000265,80.84361,53,31
1970-01-01 00:00:00.000000265,79.33172,53,32
1970-01-01 00:00:00.000000266,79.3064,53,32
1970-01-01 00:00:00.000000266,79.754875,53,33
1970-01-01 00:00:00.000000267,79.88203,53,33
1970-01-01 00:00:00.000000267,79.17282,53,34
1970-01-01 00:00:00.000000268,79.15823,53,34
1970-01-01 00:00:00.000000268,78.268234,53,35
1970-01-01 00:00:00.000000269,78.21902,53,35
1970-01-01 00:00:00.000000269,75.60814,53,36
1970-01-01 00:00:00.000000270,75.44797,53,36
1970-01-01 00:00:00.000000270,74.4489,53,37
1970-01-01 00:00:00.000000271,74.35818,53,37
1970-01-01 00:00:00.000000271,77.653885,53,38
1970-01-01 00:00:00.000000272,78.398964,53,38
1970-01-01 00:00:00.000000272,80.17065,53,39
1970-01-01 00:00:00.000000273,81.00607,53,39
1970-01-01 00:00:00.000000273,81.12887,53,40
1970-01-01 00:00:00.000000274,81.55949,53,40
1970-01-01 00:00:00.000000097,52.881767,54,10
1970-01-01 00:00:00.000000098,52.89711,54,10
1970-01-01 00:00:00.000000098,51.83059,54,11
1970-01-01 00:00:00.000000099,51.873955,54,11
1970-01-01 00:00:00.000000099,51.649963,54,12
1970-01-01 00:00:00.000000100,51.689884,54,12
1970-01-01 00:00:00.000000100,53.167957,54,13
1970-01-01 00:00:00.000000101,53.341682,54,13
1970-01-01 00:00:00.000000101,53.678165,54,14
1970-01-01 00:00:00.000000102,53.854485,54,14
1970-01-01 00:00:00.000000277,71.084885,60,10
1970-01-01 00:00:00.000000278,71.061264,60,10
1970-01-01 00:00:00.000000278,69.84985,60,11
1970-01-01 00:00:00.000000279,69.78693,60,11
1970-01-01 00:00:00.000000279,65.0042,60,12
1970-01-01 00:00:00.000000280,64.81999,60,12
1970-01-01 00:00:00.000000280,66.40276,60,13
1970-01-01 00:00:00.000000281,66.49293,60,13
1970-01-01 00:00:00.000000281,66.15388,60,14
1970-01-01 00:00:00.000000282,66.165855,60,14
1970-01-01 00:00:00.000000282,68.17454,60,15
1970-01-01 00:00:00.000000283,68.46437,60,15
1970-01-01 00:00:00.000000283,69.993706,60,16
1970-01-01 00:00:00.000000284,70.29238,60,16
1970-01-01 00:00:00.000000284,70.97362,60,17
1970-01-01 00:00:00.000000285,71.12201,60,17
1970-01-01 00:00:00.000000285,71.31621,60,18
1970-01-01 00:00:00.000000286,71.397804,60,18
1970-01-01 00:00:00.000000286,71.86757,60,19
1970-01-01 00:00:00.000000287,71.94833,60,19
1970-01-01 00:00:00.000000287,73.38599,60,20
1970-01-01 00:00:00.000000288,73.53102,60,20
1970-01-01 00:00:00.000000288,73.312096,60,21
1970-01-01 00:00:00.000000289,73.3567,60,21
1970-01-01 00:00:00.000000289,72.62832,60,22
1970-01-01 00:00:00.000000290,72.58501,60,22
1970-01-01 00:00:00.000000290,71.95885,60,23
1970-01-01 00:00:00.000000291,71.90497,60,23
1970-01-01 00:00:00.000000291,72.47637,60,24
1970-01-01 00:00:00.000000292,72.507805,60,24
1970-01-01 00:00:00.000000292,71.33109,60,25
1970-01-01 00:00:00.000000293,71.27019,60,25
1970-01-01 00:00:00.000000293,71.750626,60,26
1970-01-01 00:00:00.000000294,71.78116,60,26
1970-01-01 00:00:00.000000294,72.2583,60,27
1970-01-01 00:00:00.000000295,72.3132,60,27
1970-01-01 00:00:00.000000295,70.700356,60,28
1970-01-01 00:00:00.000000296,70.62597,60,28
1970-01-01 00:00:00.000000296,69.58896,60,29
1970-01-01 00:00:00.000000297,69.51716,60,29
1970-01-01 00:00:00.000000297,70.35153,60,30
1970-01-01 00:00:00.000000298,70.40883,60,30
1970-01-01 00:00:00.000000298,70.42805,60,31
1970-01-01 00:00:00.000000299,70.46436,60,31
1970-01-01 00:00:00.000000299,70.293365,60,32
1970-01-01 00:00:00.000000300,70.28044,60,32
1970-01-01 00:00:00.000000300,68.95167,60,33
1970-01-01 00:00:00.000000301,68.87242,60,33
1970-01-01 00:00:00.000000301,67.3414,60,34
1970-01-01 00:00:00.000000302,67.24673,60,34
1970-01-01 00:00:00.000000302,68.05584,60,35
1970-01-01 00:00:00.000000303,68.11865,60,35
1970-01-01 00:00:00.000000303,67.26858,60,36
1970-01-01 00:00:00.000000304,67.23056,60,36
1970-01-01 00:00:00.000000304,68.039276,60,37
1970-01-01 00:00:00.000000305,68.11902,60,37
1970-01-01 00:00:00.000000305,66.3476,60,38
1970-01-01 00:00:00.000000306,66.278076,60,38
1970-01-01 00:00:00.000000306,67.676285,60,39
1970-01-01 00:00:00.000000307,67.81944,60,39
1970-01-01 00:00:00.000000307,69.1387,60,40
1970-01-01 00:00:00.000000308,69.324234,60,40
1970-01-01 00:00:00.000000308,72.60668,60,41
1970-01-01 00:00:00.000000309,72.99886,60,41
1970-01-01 00:00:00.000000309,68.44614,60,42
1970-01-01 00:00:00.000000310,68.27913,60,42
1970-01-01 00:00:00.000000310,65.37891,60,43
1970-01-01 00:00:00.000000311,65.21802,60,43
1970-01-01 00:00:00.000000311,63.822666,60,44
1970-01-01 00:00:00.000000312,63.752728,60,44
1970-01-01 00:00:00.000000312,66.89572,60,45
1970-01-01 00:00:00.000000313,67.17901,60,45
1970-01-01 00:00:00.000000313,67.96717,60,46
1970-01-01 00:00:00.000000314,68.12632,60,46
1970-01-01 00:00:00.000000102,94.777885,61,10
1970-01-01 00:00:00.000000103,94.96893,61,10
1970-01-01 00:00:00.000000103,94.57405,61,11
1970-01-01 00:00:00.000000104,94.73843,61,11
1970-01-01 00:00:00.000000104,94.70081,61,12
1970-01-01 00:00:00.000000105,94.89248,61,12
1970-01-01 00:00:00.000000105,95.15802,61,13
1970-01-01 00:00:00.000000106,95.34948,61,13
1970-01-01 00:00:00.000000106,95.08447,61,14
1970-01-01 00:00:00.000000107,95.277275,61,14
1970-01-01 00:00:00.000000107,95.08915,61,15
1970-01-01 00:00:00.000000108,95.27307,61,15
1970-01-01 00:00:00.000000125,88.299324,62,10
1970-01-01 00:00:00.000000126,88.54374,62,10
1970-01-01 00:00:00.000000126,89.28405,62,11
1970-01-01 00:00:00.000000127,89.654854,62,11
1970-01-01 00:00:00.000000127,88.90107,62,12
1970-01-01 00:00:00.000000128,89.13094,62,12
1970-01-01 00:00:00.000000128,88.42109,62,13
1970-01-01 00:00:00.000000129,88.7568,62,13
1970-01-01 00:00:00.000000129,87.78963,62,14
1970-01-01 00:00:00.000000130,88.17597,62,14
1970-01-01 00:00:00.000000130,87.149315,62,15
1970-01-01 00:00:00.000000131,87.50359,62,15
1970-01-01 00:00:00.000000131,86.794495,62,16
1970-01-01 00:00:00.000000132,87.065445,62,16
1970-01-01 00:00:00.000000132,87.14831,62,17
1970-01-01 00:00:00.000000133,87.39057,62,17
1970-01-01 00:00:00.000000133,87.38598,62,18
1970-01-01 00:00:00.000000134,87.637245,62,18
1970-01-01 00:00:00.000000134,87.34993,62,19
1970-01-01 00:00:00.000000135,87.582184,62,19
1970-01-01 00:00:00.000000292,84.809845,63,10
1970-01-01 00:00:00.000000293,86.06443,63,10
1970-01-01 00:00:00.000000293,83.68889,63,11
1970-01-01 00:00:00.000000294,84.85827,63,11
1970-01-01 00:00:00.000000294,82.66583,63,12
1970-01-01 00:00:00.000000295,83.635704,63,12
1970-01-01 00:00:00.000000295,82.270485,63,13
1970-01-01 00:00:00.000000296,82.65624,63,13
1970-01-01 00:00:00.000000296,81.86614,63,14
1970-01-01 00:00:00.000000297,82.42303,63,14
1970-01-01 00:00:00.000000297,82.09175,63,15
1970-01-01 00:00:00.000000298,82.49537,63,15
1970-01-01 00:00:00.000000298,80.579605,63,16
1970-01-01 00:00:00.000000299,83.543045,63,16
1970-01-01 00:00:00.000000299,78.10646,63,17
1970-01-01 00:00:00.000000300,80.66406,63,17
1970-01-01 00:00:00.000000300,76.5884,63,18
1970-01-01 00:00:00.000000301,77.05042,63,18
1970-01-01 00:00:00.000000301,77.32241,63,19
1970-01-01 00:00:00.000000302,77.96385,63,19
1970-01-01 00:00:00.000000302,80.189476,63,20
1970-01-01 00:00:00.000000303,82.254105,63,20
1970-01-01 00:00:00.000000303,79.30962,63,21
1970-01-01 00:00:00.000000304,79.72927,63,21
1970-01-01 00:00:00.000000304,78.72454,63,22
1970-01-01 00:00:00.000000305,79.861336,63,22
1970-01-01 00:00:00.000000305,79.03805,63,23
1970-01-01 00:00:00.000000306,79.73208,63,23
1970-01-01 00:00:00.000000306,79.2717,63,24
1970-01-01 00:00:00.000000307,79.78607,63,24
1970-01-01 00:00:00.000000307,81.49482,63,25
1970-01-01 00:00:00.000000308,83.14488,63,25
1970-01-01 00:00:00.000000308,80.498924,63,26
1970-01-01 00:00:00.000000309,81.015274,63,26
1970-01-01 00:00:00.000000309,80.31677,63,27
1970-01-01 00:00:00.000000310,80.76912,63,27
1970-01-01 00:00:00.000000310,82.65165,63,28
1970-01-01 00:00:00.000000311,84.27929,63,28
1970-01-01 00:00:00.000000311,83.91269,63,29
1970-01-01 00:00:00.000000312,85.27418,63,29
1970-01-01 00:00:00.000000312,85.14213,63,30
1970-01-01 00:00:00.000000313,86.31335,63,30
1970-01-01 00:00:00.000000313,84.9539,63,31
1970-01-01 00:00:00.000000314,85.41104,63,31
1970-01-01 00:00:00.000000314,85.7257,63,32
1970-01-01 00:00:00.000000315,86.35059,63,32
1970-01-01 00:00:00.000000315,86.26778,63,33
1970-01-01 00:00:00.000000316,86.83421,63,33
1970-01-01 00:00:00.000000316,86.91238,63,34
1970-01-01 00:00:00.000000317,87.52995,63,34
1970-01-01 00:00:00.000000317,86.1993,63,35
1970-01-01 00:00:00.000000318,86.97509,63,35
1970-01-01 00:00:00.000000318,85.543724,63,36
1970-01-01 00:00:00.000000319,86.4449,63,36
1970-01-01 00:00:00.000000319,84.735146,63,37
1970-01-01 00:00:00.000000320,85.658775,63,37
1970-01-01 00:00:00.000000320,84.17015,63,38
1970-01-01 00:00:00.000000321,84.66587,63,38
1970-01-01 00:00:00.000000321,84.07861,63,39
1970-01-01 00:00:00.000000322,84.4863,63,39
1970-01-01 00:00:00.000000322,84.66087,63,40
1970-01-01 00:00:00.000000323,85.18565,63,40
1970-01-01 00:00:00.000000323,84.90782,63,41
1970-01-01 00:00:00.000000324,85.32077,63,41
1970-01-01 00:00:00.000000324,84.950165,63,42
1970-01-01 00:00:00.000000325,85.290985,63,42
1970-01-01 00:00:00.000000325,84.65256,63,43
1970-01-01 00:00:00.000000326,85.0619,63,43
1970-01-01 00:00:00.000000326,83.94085,63,44
1970-01-01 00:00:00.000000327,85.03851,63,44
1970-01-01 00:00:00.000000327,83.03402,63,45
1970-01-01 00:00:00.000000328,83.84428,63,45
1970-01-01 00:00:00.000000328,82.38773,63,46
1970-01-01 00:00:00.000000329,83.02598,63,46
1970-01-01 00:00:00.000000329,83.297005,63,47
1970-01-01 00:00:00.000000330,84.01725,63,47
1970-01-01 00:00:00.000000330,84.61946,63,48
1970-01-01 00:00:00.000000331,85.57787,63,48
1970-01-01 00:00:00.000000156,76.2003,64,10
1970-01-01 00:00:00.000000157,76.34955,64,10
1970-01-01 00:00:00.000000157,75.78699,64,11
1970-01-01 00:00:00.000000158,75.80169,64,11
1970-01-01 00:00:00.000000158,76.23058,64,12
1970-01-01 00:00:00.000000159,76.366394,64,12
1970-01-01 00:00:00.000000159,75.60277,64,13
1970-01-01 00:00:00.000000160,75.56395,64,13
1970-01-01 00:00:00.000000160,76.84946,64,14
1970-01-01 00:00:00.000000161,77.09975,64,14
1970-01-01 00:00:00.000000161,75.30695,64,15
1970-01-01 00:00:00.000000162,75.19247,64,15
1970-01-01 00:00:00.000000162,76.024,64,16
1970-01-01 00:00:00.000000163,76.14703,64,16
1970-01-01 00:00:00.000000163,75.81528,64,17
1970-01-01 00:00:00.000000164,75.84971,64,17
1970-01-01 00:00:00.000000164,74.27098,64,18
1970-01-01 00:00:00.000000165,74.0569,64,18
1970-01-01 00:00:00.000000165,73.243904,64,19
1970-01-01 00:00:00.000000166,73.09118,64,19
1970-01-01 00:00:00.000000166,74.46678,64,20
1970-01-01 00:00:00.000000167,74.655,64,20
1970-01-01 00:00:00.000000167,75.559525,64,21
1970-01-01 00:00:00.000000168,75.931755,64,21
1970-01-01 00:00:00.000000168,74.94184,64,22
1970-01-01 00:00:00.000000169,74.96495,64,22
1970-01-01 00:00:00.000000169,77.43935,64,23
1970-01-01 00:00:00.000000170,77.53296,64,23
1970-01-01 00:00:00.000000170,76.35987,64,24
1970-01-01 00:00:00.000000171,75.11984,64,24
1970-01-01 00:00:00.000000225,71.908615,65,10
1970-01-01 00:00:00.000000226,71.93114,65,10
1970-01-01 00:00:00.000000226,72.57434,65,11
1970-01-01 00:00:00.000000227,72.62479,65,11
1970-01-01 00:00:00.000000227,72.18094,65,12
1970-01-01 00:00:00.000000228,72.17546,65,12
1970-01-01 00:00:00.000000228,72.06867,65,13
1970-01-01 00:00:00.000000229,72.06596,65,13
1970-01-01 00:00:00.000000229,72.52361,65,14
1970-01-01 00:00:00.000000230,72.55736,65,14
1970-01-01 00:00:00.000000230,73.09783,65,15
1970-01-01 00:00:00.000000231,73.130974,65,15
1970-01-01 00:00:00.000000231,73.63122,65,16
1970-01-01 00:00:00.000000232,73.66664,65,16
1970-01-01 00:00:00.000000232,72.97587,65,17
1970-01-01 00:00:00.000000233,72.95243,65,17
1970-01-01 00:00:00.000000233,73.167915,65,18
1970-01-01 00:00:00.000000234,73.163635,65,18
1970-01-01 00:00:00.000000234,73.788445,65,19
1970-01-01 00:00:00.000000235,73.82404,65,19
1970-01-01 00:00:00.000000235,73.36201,65,20
1970-01-01 00:00:00.000000236,73.34257,65,20
1970-01-01 00:00:00.000000236,73.22165,65,21
1970-01-01 00:00:00.000000237,73.204185,65,21
1970-01-01 00:00:00.000000237,72.85788,65,22
1970-01-01 00:00:00.000000238,72.831085,65,22
1970-01-01 00:00:00.000000238,72.66577,65,23
1970-01-01 00:00:00.000000239,72.64573,65,23
1970-01-01 00:00:00.000000239,72.89861,65,24
1970-01-01 00:00:00.000000240,72.89013,65,24
1970-01-01 00:00:00.000000240,73.41003,65,25
1970-01-01 00:00:00.000000241,73.42947,65,25
1970-01-01 00:00:00.000000241,73.47041,65,26
1970-01-01 00:00:00.000000242,73.464745,65,26
1970-01-01 00:00:00.000000242,73.73323,65,27
1970-01-01 00:00:00.000000243,73.740326,65,27
1970-01-01 00:00:00.000000243,75.21987,65,28
1970-01-01 00:00:00.000000244,75.262344,65,28
1970-01-01 00:00:00.000000244,75.6182,65,29
1970-01-01 00:00:00.000000245,75.64136,65,29
1970-01-01 00:00:00.000000245,76.64886,65,30
1970-01-01 00:00:00.000000246,76.668785,65,30
1970-01-01 00:00:00.000000246,75.897675,65,31
1970-01-01 00:00:00.000000247,75.86047,65,31
1970-01-01 00:00:00.000000247,74.396324,65,32
1970-01-01 00:00:00.000000248,74.31033,65,32
1970-01-01 00:00:00.000000248,73.2136,65,33
1970-01-01 00:00:00.000000249,73.1418,65,33
1970-01-01 00:00:00.000000249,74.82096,65,34
1970-01-01 00:00:00.000000250,74.85745,65,34
1970-01-01 00:00:00.000000250,73.194305,65,35
1970-01-01 00:00:00.000000251,73.12497,65,35
1970-01-01 00:00:00.000000251,72.96675,65,36
1970-01-01 00:00:00.000000252,72.93195,65,36
1970-01-01 00:00:00.000000083,93.86078,66,10
1970-01-01 00:00:00.000000084,94.16743,66,10
1970-01-01 00:00:00.000000084,92.69396,66,11
1970-01-01 00:00:00.000000085,93.10203,66,11
1970-01-01 00:00:00.000000124,85.566086,67,10
1970-01-01 00:00:00.000000125,86.89762,67,10
1970-01-01 00:00:00.000000125,79.908325,67,11
1970-01-01 00:00:00.000000126,83.2991,67,11
1970-01-01 00:00:00.000000126,89.64328,67,12
1970-01-01 00:00:00.000000127,89.46807,67,12
1970-01-01 00:00:00.000000127,88.045364,67,13
1970-01-01 00:00:00.000000128,87.97485,67,13
1970-01-01 00:00:00.000000128,91.33263,67,14
1970-01-01 00:00:00.000000129,91.340294,67,14
1970-01-01 00:00:00.000000129,91.53313,67,15
1970-01-01 00:00:00.000000130,91.54905,67,15
1970-01-01 00:00:00.000000130,90.46338,67,16
1970-01-01 00:00:00.000000131,90.61065,67,16
1970-01-01 00:00:00.000000131,90.01742,67,17
1970-01-01 00:00:00.000000132,90.1492,67,17
1970-01-01 00:00:00.000000132,89.57311,67,18
1970-01-01 00:00:00.000000133,89.644646,67,18
1970-01-01 00:00:00.000000176,76.36927,69,10
1970-01-01 00:00:00.000000177,76.78144,69,10
1970-01-01 00:00:00.000000177,76.79388,69,11
1970-01-01 00:00:00.000000178,77.03429,69,11
1970-01-01 00:00:00.000000178,78.22217,69,12
1970-01-01 00:00:00.000000179,78.59067,69,12
1970-01-01 00:00:00.000000179,75.94551,69,13
1970-01-01 00:00:00.000000180,75.77117,69,13
1970-01-01 00:00:00.000000180,74.73571,69,14
1970-01-01 00:00:00.000000181,74.586655,69,14
1970-01-01 00:00:00.000000181,77.69639,69,15
1970-01-01 00:00:00.000000182,78.360146,69,15
1970-01-01 00:00:00.000000182,76.18583,69,16
1970-01-01 00:00:00.000000183,76.117874,69,16
1970-01-01 00:00:00.000000183,78.74528,69,17
1970-01-01 00:00:00.000000184,79.372246,69,17
1970-01-01 00:00:00.000000184,80.9305,69,18
1970-01-01 00:00:00.000000185,81.69139,69,18
1970-01-01 00:00:00.000000185,82.62333,69,19
1970-01-01 00:00:00.000000186,83.2452,69,19
1970-01-01 00:00:00.000000186,80.6225,69,20
1970-01-01 00:00:00.000000187,80.47762,69,20
1970-01-01 00:00:00.000000187,79.853905,69,21
1970-01-01 00:00:00.000000188,79.71677,69,21
1970-01-01 00:00:00.000000188,78.9486,69,22
1970-01-01 00:00:00.000000189,78.79966,69,22
1970-01-01 00:00:00.000000189,77.105774,69,23
1970-01-01 00:00:00.000000190,76.86198,69,23
1970-01-01 00:00:00.000000190,75.86721,69,24
1970-01-01 00:00:00.000000191,75.691376,69,24
1970-01-01 00:00:00.000000191,74.36415,69,25
1970-01-01 00:00:00.000000192,74.1563,69,25
1970-01-01 00:00:00.000000192,75.452576,69,26
1970-01-01 00:00:00.000000193,75.60393,69,26
1970-01-01 00:00:00.000000193,73.21006,69,27
1970-01-01 00:00:00.000000194,72.91673,69,27
1970-01-01 00:00:00.000000194,72.93876,69,28
1970-01-01 00:00:00.000000195,72.8395,69,28
1970-01-01 00:00:00.000000226,95.44895,70,10
1970-01-01 00:00:00.000000227,95.72722,70,10
1970-01-01 00:00:00.000000227,95.15169,70,11
1970-01-01 00:00:00.000000228,95.45332,70,11
1970-01-01 00:00:00.000000228,94.84587,70,12
1970-01-01 00:00:00.000000229,95.22008,70,12
1970-01-01 00:00:00.000000229,94.78891,70,13
1970-01-01 00:00:00.000000230,95.03891,70,13
1970-01-01 00:00:00.000000230,94.74014,70,14
1970-01-01 00:00:00.000000231,94.97258,70,14
1970-01-01 00:00:00.000000231,94.85996,70,15
1970-01-01 00:00:00.000000232,95.01103,70,15
1970-01-01 00:00:00.000000232,94.767,70,16
1970-01-01 00:00:00.000000233,94.94393,70,16
1970-01-01 00:00:00.000000233,94.64466,70,17
1970-01-01 00:00:00.000000234,94.86224,70,17
1970-01-01 00:00:00.000000234,94.62108,70,18
1970-01-01 00:00:00.000000235,94.83768,70,18
1970-01-01 00:00:00.000000235,94.858795,70,19
1970-01-01 00:00:00.000000236,95.01395,70,19
1970-01-01 00:00:00.000000236,95.29374,70,20
1970-01-01 00:00:00.000000237,95.44296,70,20
1970-01-01 00:00:00.000000237,95.08,70,21
1970-01-01 00:00:00.000000238,95.27892,70,21
1970-01-01 00:00:00.000000238,94.82477,70,22
1970-01-01 00:00:00.000000239,95.0531,70,22
1970-01-01 00:00:00.000000239,94.56769,70,23
1970-01-01 00:00:00.000000240,94.785446,70,23
1970-01-01 00:00:00.000000240,94.696014,70,24
1970-01-01 00:00:00.000000241,94.80431,70,24
1970-01-01 00:00:00.000000241,94.68501,70,25
1970-01-01 00:00:00.000000242,94.79935,70,25
1970-01-01 00:00:00.000000242,94.65651,70,26
1970-01-01 00:00:00.000000243,94.775925,70,26
1970-01-01 00:00:00.000000243,94.46326,70,27
1970-01-01 00:00:00.000000244,94.61345,70,27
1970-01-01 00:00:00.000000244,94.138855,70,28
1970-01-01 00:00:00.000000245,94.31655,70,28
1970-01-01 00:00:00.000000245,94.21429,70,29
1970-01-01 00:00:00.000000246,94.336655,70,29
1970-01-01 00:00:00.000000246,94.233604,70,30
1970-01-01 00:00:00.000000247,94.35102,70,30
1970-01-01 00:00:00.000000247,94.267555,70,31
1970-01-01 00:00:00.000000248,94.37525,70,31
1970-01-01 00:00:00.000000248,94.17718,70,32
1970-01-01 00:00:00.000000249,94.29905,70,32
1970-01-01 00:00:00.000000249,94.16068,70,33
1970-01-01 00:00:00.000000250,94.27382,70,33
1970-01-01 00:00:00.000000250,94.35242,70,34
1970-01-01 00:00:00.000000251,94.44256,70,34
1970-01-01 00:00:00.000000251,94.63612,70,35
1970-01-01 00:00:00.000000252,94.73366,70,35
1970-01-01 00:00:00.000000252,94.27192,70,36
1970-01-01 00:00:00.000000253,94.405655,70,36
1970-01-01 00:00:00.000000253,93.90308,70,37
1970-01-01 00:00:00.000000254,93.92225,70,37
1970-01-01 00:00:00.000000226,90.767,71,10
1970-01-01 00:00:00.000000227,90.930046,71,10
1970-01-01 00:00:00.000000227,90.14156,71,11
1970-01-01 00:00:00.000000228,90.24563,71,11
1970-01-01 00:00:00.000000228,89.828064,71,12
1970-01-01 00:00:00.000000229,89.93699,71,12
1970-01-01 00:00:00.000000229,89.6288,71,13
1970-01-01 00:00:00.000000230,89.73472,71,13
1970-01-01 00:00:00.000000230,88.73483,71,14
1970-01-01 00:00:00.000000231,88.8722,71,14
1970-01-01 00:00:00.000000231,88.49961,71,15
1970-01-01 00:00:00.000000232,88.27836,71,15
1970-01-01 00:00:00.000000232,86.89777,71,16
1970-01-01 00:00:00.000000233,86.89794,71,16
1970-01-01 00:00:00.000000233,85.20755,71,17
1970-01-01 00:00:00.000000234,85.22419,71,17
1970-01-01 00:00:00.000000234,84.127815,71,18
1970-01-01 00:00:00.000000235,84.284424,71,18
1970-01-01 00:00:00.000000235,86.67297,71,19
1970-01-01 00:00:00.000000236,87.53043,71,19
1970-01-01 00:00:00.000000236,90.21128,71,20
1970-01-01 00:00:00.000000237,91.99913,71,20
1970-01-01 00:00:00.000000237,89.77218,71,21
1970-01-01 00:00:00.000000238,90.21888,71,21
1970-01-01 00:00:00.000000238,90.28592,71,22
1970-01-01 00:00:00.000000239,90.58741,71,22
1970-01-01 00:00:00.000000239,90.56245,71,23
1970-01-01 00:00:00.000000240,90.79088,71,23
1970-01-01 00:00:00.000000240,91.25982,71,24
1970-01-01 00:00:00.000000241,91.54489,71,24
1970-01-01 00:00:00.000000241,93.2065,71,25
1970-01-01 00:00:00.000000242,93.752144,71,25
1970-01-01 00:00:00.000000242,93.452675,71,26
1970-01-01 00:00:00.000000243,93.67916,71,26
1970-01-01 00:00:00.000000243,93.700516,71,27
1970-01-01 00:00:00.000000244,93.843956,71,27
1970-01-01 00:00:00.000000244,93.890854,71,28
1970-01-01 00:00:00.000000245,94.0148,71,28
1970-01-01 00:00:00.000000245,94.01334,71,29
1970-01-01 00:00:00.000000246,94.136116,71,29
1970-01-01 00:00:00.000000246,94.357765,71,30
1970-01-01 00:00:00.000000247,94.48424,71,30
1970-01-01 00:00:00.000000247,94.63336,71,31
1970-01-01 00:00:00.000000248,94.75523,71,31
1970-01-01 00:00:00.000000248,95.313965,71,32
1970-01-01 00:00:00.000000249,95.48515,71,32
1970-01-01 00:00:00.000000249,96.017845,71,33
1970-01-01 00:00:00.000000250,96.18949,71,33
1970-01-01 00:00:00.000000250,96.60223,71,34
1970-01-01 00:00:00.000000251,96.72645,71,34
1970-01-01 00:00:00.000000251,96.80877,71,35
1970-01-01 00:00:00.000000252,96.87457,71,35
1970-01-01 00:00:00.000000252,97.061905,71,36
1970-01-01 00:00:00.000000253,97.12582,71,36
1970-01-01 00:00:00.000000320,92.7109,72,10
1970-01-01 00:00:00.000000321,92.92464,72,10
1970-01-01 00:00:00.000000321,92.8048,72,11
1970-01-01 00:00:00.000000322,92.959,72,11
1970-01-01 00:00:00.000000322,92.97983,72,12
1970-01-01 00:00:00.000000323,93.06302,72,12
1970-01-01 00:00:00.000000323,92.92408,72,13
1970-01-01 00:00:00.000000324,93.03555,72,13
1970-01-01 00:00:00.000000324,93.61133,72,14
1970-01-01 00:00:00.000000325,93.68065,72,14
1970-01-01 00:00:00.000000325,94.40368,72,15
1970-01-01 00:00:00.000000326,94.48791,72,15
1970-01-01 00:00:00.000000326,94.031494,72,16
1970-01-01 00:00:00.000000327,94.169586,72,16
1970-01-01 00:00:00.000000327,93.4276,72,17
1970-01-01 00:00:00.000000328,93.65478,72,17
1970-01-01 00:00:00.000000328,93.110016,72,18
1970-01-01 00:00:00.000000329,93.31985,72,18
1970-01-01 00:00:00.000000329,92.964386,72,19
1970-01-01 00:00:00.000000330,93.1296,72,19
1970-01-01 00:00:00.000000330,92.60842,72,20
1970-01-01 00:00:00.000000331,92.80876,72,20
1970-01-01 00:00:00.000000331,92.688736,72,21
1970-01-01 00:00:00.000000332,92.84215,72,21
1970-01-01 00:00:00.000000332,92.72323,72,22
1970-01-01 00:00:00.000000333,92.8765,72,22
1970-01-01 00:00:00.000000333,92.71936,72,23
1970-01-01 00:00:00.000000334,92.87901,72,23
1970-01-01 00:00:00.000000334,92.76112,72,24
1970-01-01 00:00:00.000000335,92.89969,72,24
1970-01-01 00:00:00.000000335,92.50467,72,25
1970-01-01 00:00:00.000000336,92.41766,72,25
1970-01-01 00:00:00.000000336,92.8022,72,26
1970-01-01 00:00:00.000000337,90.22181,72,26
1970-01-01 00:00:00.000000337,88.92629,72,27
1970-01-01 00:00:00.000000338,90.99602,72,27
1970-01-01 00:00:00.000000338,90.52189,72,28
1970-01-01 00:00:00.000000339,90.84353,72,28
1970-01-01 00:00:00.000000339,94.12192,72,29
1970-01-01 00:00:00.000000340,94.588806,72,29
1970-01-01 00:00:00.000000340,93.803856,72,30
1970-01-01 00:00:00.000000341,93.952995,72,30
1970-01-01 00:00:00.000000341,94.04063,72,31
1970-01-01 00:00:00.000000342,94.14859,72,31
1970-01-01 00:00:00.000000342,94.23646,72,32
1970-01-01 00:00:00.000000343,94.333694,72,32
1970-01-01 00:00:00.000000343,93.70994,72,33
1970-01-01 00:00:00.000000344,93.59238,72,33
1970-01-01 00:00:00.000000344,93.316864,72,34
1970-01-01 00:00:00.000000345,92.2795,72,34
1970-01-01 00:00:00.000000345,92.47121,72,35
1970-01-01 00:00:00.000000346,92.357254,72,35
1970-01-01 00:00:00.000000346,89.71383,72,36
1970-01-01 00:00:00.000000347,94.20615,72,36
1970-01-01 00:00:00.000000347,85.81248,72,37
1970-01-01 00:00:00.000000348,88.802956,72,37
1970-01-01 00:00:00.000000348,92.54677,72,38
1970-01-01 00:00:00.000000349,95.3939,72,38
1970-01-01 00:00:00.000000349,92.80644,72,39
1970-01-01 00:00:00.000000350,93.47157,72,39
1970-01-01 00:00:00.000000350,92.84379,72,40
1970-01-01 00:00:00.000000351,92.943436,72,40
1970-01-01 00:00:00.000000351,92.11843,72,41
1970-01-01 00:00:00.000000352,91.93839,72,41
1970-01-01 00:00:00.000000352,91.88826,72,42
1970-01-01 00:00:00.000000353,91.96528,72,42
1970-01-01 00:00:00.000000353,88.533325,72,43
1970-01-01 00:00:00.000000354,90.13012,72,43
1970-01-01 00:00:00.000000354,88.813156,72,44
1970-01-01 00:00:00.000000355,87.94176,72,44
1970-01-01 00:00:00.000000355,88.67701,72,45
1970-01-01 00:00:00.000000356,84.39076,72,45
1970-01-01 00:00:00.000000356,77.734665,72,46
1970-01-01 00:00:00.000000357,79.382355,72,46
1970-01-01 00:00:00.000000357,77.19874,72,47
1970-01-01 00:00:00.000000358,78.726776,72,47
1970-01-01 00:00:00.000000358,78.7023,72,48
1970-01-01 00:00:00.000000359,78.51394,72,48
1970-01-01 00:00:00.000000359,70.41603,72,49
1970-01-01 00:00:00.000000360,72.037575,72,49
1970-01-01 00:00:00.000000360,67.00355,72,50
1970-01-01 00:00:00.000000361,67.783455,72,50
1970-01-01 00:00:00.000000361,72.73734,72,51
1970-01-01 00:00:00.000000362,72.25115,72,51
1970-01-01 00:00:00.000000362,77.19664,72,52
1970-01-01 00:00:00.000000363,76.646,72,52
1970-01-01 00:00:00.000000363,77.18342,72,53
1970-01-01 00:00:00.000000364,77.010956,72,53
1970-01-01 00:00:00.000000219,85.565414,73,10
1970-01-01 00:00:00.000000220,86.010574,73,10
1970-01-01 00:00:00.000000220,86.572075,73,11
1970-01-01 00:00:00.000000221,86.70057,73,11
1970-01-01 00:00:00.000000221,88.33187,73,12
1970-01-01 00:00:00.000000222,88.505936,73,12
1970-01-01 00:00:00.000000222,87.02927,73,13
1970-01-01 00:00:00.000000223,87.247795,73,13
1970-01-01 00:00:00.000000223,86.64004,73,14
1970-01-01 00:00:00.000000224,86.83504,73,14
1970-01-01 00:00:00.000000224,85.24598,73,15
1970-01-01 00:00:00.000000225,85.84115,73,15
1970-01-01 00:00:00.000000225,87.36205,73,16
1970-01-01 00:00:00.000000226,87.488976,73,16
1970-01-01 00:00:00.000000226,88.287544,73,17
1970-01-01 00:00:00.000000227,88.414986,73,17
1970-01-01 00:00:00.000000227,84.51169,73,18
1970-01-01 00:00:00.000000228,85.97333,73,18
1970-01-01 00:00:00.000000228,89.15315,73,19
1970-01-01 00:00:00.000000229,89.42005,73,19
1970-01-01 00:00:00.000000229,86.348656,73,20
1970-01-01 00:00:00.000000230,86.805176,73,20
1970-01-01 00:00:00.000000230,87.99772,73,21
1970-01-01 00:00:00.000000231,88.13859,73,21
1970-01-01 00:00:00.000000231,84.384796,73,22
1970-01-01 00:00:00.000000232,86.0316,73,22
1970-01-01 00:00:00.000000232,86.24341,73,23
1970-01-01 00:00:00.000000233,86.39834,73,23
1970-01-01 00:00:00.000000233,84.759895,73,24
1970-01-01 00:00:00.000000234,85.07875,73,24
1970-01-01 00:00:00.000000234,83.72896,73,25
1970-01-01 00:00:00.000000235,84.30507,73,25
1970-01-01 00:00:00.000000235,83.28381,73,26
1970-01-01 00:00:00.000000236,83.49868,73,26
1970-01-01 00:00:00.000000236,82.47172,73,27
1970-01-01 00:00:00.000000237,82.94716,73,27
1970-01-01 00:00:00.000000237,81.881615,73,28
1970-01-01 00:00:00.000000238,82.209366,73,28
1970-01-01 00:00:00.000000238,83.11053,73,29
1970-01-01 00:00:00.000000239,83.2083,73,29
1970-01-01 00:00:00.000000239,83.16183,73,30
1970-01-01 00:00:00.000000240,83.21825,73,30
1970-01-01 00:00:00.000000240,81.70161,73,31
1970-01-01 00:00:00.000000241,82.5951,73,31
1970-01-01 00:00:00.000000241,83.609566,73,32
1970-01-01 00:00:00.000000242,83.79272,73,32
1970-01-01 00:00:00.000000242,83.26959,73,33
1970-01-01 00:00:00.000000243,83.327545,73,33
1970-01-01 00:00:00.000000243,81.58272,73,34
1970-01-01 00:00:00.000000244,82.662056,73,34
1970-01-01 00:00:00.000000244,83.97889,73,35
1970-01-01 00:00:00.000000245,84.2497,73,35
1970-01-01 00:00:00.000000116,87.393036,74,10
1970-01-01 00:00:00.000000117,87.9746,74,10
1970-01-01 00:00:00.000000117,86.68044,74,11
1970-01-01 00:00:00.000000118,86.98761,74,11
1970-01-01 00:00:00.000000118,87.693405,74,12
1970-01-01 00:00:00.000000119,87.82424,74,12
1970-01-01 00:00:00.000000119,87.40877,74,13
1970-01-01 00:00:00.000000120,87.54378,74,13
1970-01-01 00:00:00.000000120,86.79672,74,14
1970-01-01 00:00:00.000000121,87.10963,74,14
1970-01-01 00:00:00.000000121,87.5508,74,15
1970-01-01 00:00:00.000000122,87.6661,74,15
1970-01-01 00:00:00.000000122,87.952545,74,16
1970-01-01 00:00:00.000000123,88.06558,74,16
1970-01-01 00:00:00.000000123,87.3841,74,17
1970-01-01 00:00:00.000000124,87.61215,74,17
1970-01-01 00:00:00.000000129,81.027176,76,10
1970-01-01 00:00:00.000000130,81.03411,76,10
1970-01-01 00:00:00.000000130,81.32195,76,11
1970-01-01 00:00:00.000000131,81.32757,76,11
1970-01-01 00:00:00.000000131,81.356926,76,12
1970-01-01 00:00:00.000000132,81.35586,76,12
1970-01-01 00:00:00.000000132,81.337654,76,13
1970-01-01 00:00:00.000000133,81.315315,76,13
1970-01-01 00:00:00.000000133,81.54674,76,14
1970-01-01 00:00:00.000000134,81.54275,76,14
1970-01-01 00:00:00.000000134,81.27091,76,15
1970-01-01 00:00:00.000000135,81.21157,76,15
1970-01-01 00:00:00.000000135,81.72987,76,16
1970-01-01 00:00:00.000000136,81.73231,76,16
1970-01-01 00:00:00.000000136,81.620346,76,17
1970-01-01 00:00:00.000000137,81.58666,76,17
1970-01-01 00:00:00.000000137,81.86277,76,18
1970-01-01 00:00:00.000000138,81.86453,76,18
1970-01-01 00:00:00.000000138,81.796165,76,19
1970-01-01 00:00:00.000000139,81.77001,76,19
1970-01-01 00:00:00.000000151,76.28706,77,10
1970-01-01 00:00:00.000000152,76.30684,77,10
1970-01-01 00:00:00.000000152,76.080284,77,11
1970-01-01 00:00:00.000000153,76.101715,77,11
1970-01-01 00:00:00.000000153,76.203835,77,12
1970-01-01 00:00:00.000000154,76.19934,77,12
1970-01-01 00:00:00.000000154,75.987,77,13
1970-01-01 00:00:00.000000155,76.005775,77,13
1970-01-01 00:00:00.000000155,75.545494,77,14
1970-01-01 00:00:00.000000156,75.57117,77,14
1970-01-01 00:00:00.000000156,75.69534,77,15
1970-01-01 00:00:00.000000157,75.69592,77,15
1970-01-01 00:00:00.000000157,76.110725,77,16
1970-01-01 00:00:00.000000158,76.08328,77,16
1970-01-01 00:00:00.000000158,75.40999,77,17
1970-01-01 00:00:00.000000159,75.43459,77,17
1970-01-01 00:00:00.000000159,75.68899,77,18
1970-01-01 00:00:00.000000160,75.68119,77,18
1970-01-01 00:00:00.000000160,75.73115,77,19
1970-01-01 00:00:00.000000161,75.722946,77,19
1970-01-01 00:00:00.000000161,75.63883,77,20
1970-01-01 00:00:00.000000162,75.64371,77,20
1970-01-01 00:00:00.000000162,75.612,77,21
1970-01-01 00:00:00.000000163,75.61818,77,21
1970-01-01 00:00:00.000000163,76.018074,77,22
1970-01-01 00:00:00.000000164,75.99471,77,22
1970-01-01 00:00:00.000000164,76.568306,77,23
1970-01-01 00:00:00.000000165,76.5435,77,23
1970-01-01 00:00:00.000000098,98.72034,78,10
1970-01-01 00:00:00.000000099,100.0,78,10
1970-01-01 00:00:00.000000099,100.0,78,11
1970-01-01 00:00:00.000000100,100.0,78,11
1970-01-01 00:00:00.000000100,100.0,78,12
1970-01-01 00:00:00.000000101,100.0,78,12
1970-01-01 00:00:00.000000101,100.0,78,13
1970-01-01 00:00:00.000000102,100.0,78,13
1970-01-01 00:00:00.000000102,100.0,78,14
1970-01-01 00:00:00.000000103,100.0,78,14
1970-01-01 00:00:00.000000275,82.64501,79,10
1970-01-01 00:00:00.000000276,82.705315,79,10
1970-01-01 00:00:00.000000276,83.18203,79,11
1970-01-01 00:00:00.000000277,83.21709,79,11
1970-01-01 00:00:00.000000277,84.07077,79,12
1970-01-01 00:00:00.000000278,84.09195,79,12
1970-01-01 00:00:00.000000278,83.24563,79,13
1970-01-01 00:00:00.000000279,83.215195,79,13
1970-01-01 00:00:00.000000279,82.3611,79,14
1970-01-01 00:00:00.000000280,82.338165,79,14
1970-01-01 00:00:00.000000280,82.60357,79,15
1970-01-01 00:00:00.000000281,82.68392,79,15
1970-01-01 00:00:00.000000281,81.70571,79,16
1970-01-01 00:00:00.000000282,81.678314,79,16
1970-01-01 00:00:00.000000282,81.70841,79,17
1970-01-01 00:00:00.000000283,81.74856,79,17
1970-01-01 00:00:00.000000283,82.47922,79,18
1970-01-01 00:00:00.000000284,82.52153,79,18
1970-01-01 00:00:00.000000284,81.9335,79,19
1970-01-01 00:00:00.000000285,81.942955,79,19
1970-01-01 00:00:00.000000285,82.01441,79,20
1970-01-01 00:00:00.000000286,82.081924,79,20
1970-01-01 00:00:00.000000286,81.90275,79,21
1970-01-01 00:00:00.000000287,81.93632,79,21
1970-01-01 00:00:00.000000287,82.29604,79,22
1970-01-01 00:00:00.000000288,82.33068,79,22
1970-01-01 00:00:00.000000288,81.84616,79,23
1970-01-01 00:00:00.000000289,81.844894,79,23
1970-01-01 00:00:00.000000289,81.43441,79,24
1970-01-01 00:00:00.000000290,81.42141,79,24
1970-01-01 00:00:00.000000290,81.92938,79,25
1970-01-01 00:00:00.000000291,81.967186,79,25
1970-01-01 00:00:00.000000291,81.85392,79,26
1970-01-01 00:00:00.000000292,81.9228,79,26
1970-01-01 00:00:00.000000292,82.03003,79,27
1970-01-01 00:00:00.000000293,82.08826,79,27
1970-01-01 00:00:00.000000293,82.04569,79,28
1970-01-01 00:00:00.000000294,82.11696,79,28
1970-01-01 00:00:00.000000294,81.67275,79,29
1970-01-01 00:00:00.000000295,81.66977,79,29
1970-01-01 00:00:00.000000295,80.52423,79,30
1970-01-01 00:00:00.000000296,80.48392,79,30
1970-01-01 00:00:00.000000296,80.56041,79,31
1970-01-01 00:00:00.000000297,80.59244,79,31
1970-01-01 00:00:00.000000297,79.75844,79,32
1970-01-01 00:00:00.000000298,79.719505,79,32
1970-01-01 00:00:00.000000298,79.863945,79,33
1970-01-01 00:00:00.000000299,79.924095,79,33
1970-01-01 00:00:00.000000299,80.24087,79,34
1970-01-01 00:00:00.000000300,80.30148,79,34
1970-01-01 00:00:00.000000300,80.84262,79,35
1970-01-01 00:00:00.000000301,80.891396,79,35
1970-01-01 00:00:00.000000301,81.327446,79,36
1970-01-01 00:00:00.000000302,81.367134,79,36
1970-01-01 00:00:00.000000302,80.17358,79,37
1970-01-01 00:00:00.000000303,80.1354,79,37
1970-01-01 00:00:00.000000303,82.00442,79,38
1970-01-01 00:00:00.000000304,82.07058,79,38
1970-01-01 00:00:00.000000304,81.285774,79,39
1970-01-01 00:00:00.000000305,81.29414,79,39
1970-01-01 00:00:00.000000305,81.30404,79,40
1970-01-01 00:00:00.000000306,81.35349,79,40
1970-01-01 00:00:00.000000306,82.072845,79,41
1970-01-01 00:00:00.000000307,82.09737,79,41
1970-01-01 00:00:00.000000307,83.04571,79,42
1970-01-01 00:00:00.000000308,83.07697,79,42
1970-01-01 00:00:00.000000308,82.60351,79,43
1970-01-01 00:00:00.000000309,82.6358,79,43
1970-01-01 00:00:00.000000309,82.01724,79,44
1970-01-01 00:00:00.000000310,81.98444,79,44
1970-01-01 00:00:00.000000310,81.65489,79,45
1970-01-01 00:00:00.000000311,81.63524,79,45
1970-01-01 00:00:00.000000148,87.79153,80,10
1970-01-01 00:00:00.000000149,87.85479,80,10
1970-01-01 00:00:00.000000149,88.69415,80,11
1970-01-01 00:00:00.000000150,88.77095,80,11
1970-01-01 00:00:00.000000150,88.34721,80,12
1970-01-01 00:00:00.000000151,88.38734,80,12
1970-01-01 00:00:00.000000151,87.93907,80,13
1970-01-01 00:00:00.000000152,87.91195,80,13
1970-01-01 00:00:00.000000152,87.1958,80,14
1970-01-01 00:00:00.000000153,87.125084,80,14
1970-01-01 00:00:00.000000153,86.4763,80,15
1970-01-01 00:00:00.000000154,86.408455,80,15
1970-01-01 00:00:00.000000154,86.120926,80,16
1970-01-01 00:00:00.000000155,86.09422,80,16
1970-01-01 00:00:00.000000155,85.27484,80,17
1970-01-01 00:00:00.000000156,85.15252,80,17
1970-01-01 00:00:00.000000156,85.65421,80,18
1970-01-01 00:00:00.000000157,85.83454,80,18
1970-01-01 00:00:00.000000157,97.32296,80,19
1970-01-01 00:00:00.000000158,94.56942,80,19
1970-01-01 00:00:00.000000158,96.59842,80,20
1970-01-01 00:00:00.000000159,99.02513,80,20
1970-01-01 00:00:00.000000159,99.86667,80,21
1970-01-01 00:00:00.000000160,100.0,80,21
1970-01-01 00:00:00.000000160,99.85167,80,22
1970-01-01 00:00:00.000000161,100.0,80,22
1970-01-01 00:00:00.000000161,99.796295,80,23
1970-01-01 00:00:00.000000162,99.798225,80,23
1970-01-01 00:00:00.000000125,88.47943,81,10
1970-01-01 00:00:00.000000126,88.96006,81,10
1970-01-01 00:00:00.000000126,86.906235,81,11
1970-01-01 00:00:00.000000127,88.06008,81,11
1970-01-01 00:00:00.000000127,88.86791,81,12
1970-01-01 00:00:00.000000128,89.69825,81,12
1970-01-01 00:00:00.000000128,88.22683,81,13
1970-01-01 00:00:00.000000129,88.37858,81,13
1970-01-01 00:00:00.000000129,88.37472,81,14
1970-01-01 00:00:00.000000130,88.52323,81,14
1970-01-01 00:00:00.000000130,88.32102,81,15
1970-01-01 00:00:00.000000131,88.45389,81,15
1970-01-01 00:00:00.000000131,89.05596,81,16
1970-01-01 00:00:00.000000132,89.27636,81,16
1970-01-01 00:00:00.000000132,88.71171,81,17
1970-01-01 00:00:00.000000133,88.54515,81,17
1970-01-01 00:00:00.000000133,89.20234,81,18
1970-01-01 00:00:00.000000134,83.84029,81,18
1970-01-01 00:00:00.000000134,82.96779,81,19
1970-01-01 00:00:00.000000135,81.21498,81,19
1970-01-01 00:00:00.000000318,79.38139,83,10
1970-01-01 00:00:00.000000319,79.39084,83,10
1970-01-01 00:00:00.000000319,79.40565,83,11
1970-01-01 00:00:00.000000320,79.40019,83,11
1970-01-01 00:00:00.000000320,79.520134,83,12
1970-01-01 00:00:00.000000321,79.52048,83,12
1970-01-01 00:00:00.000000321,79.76751,83,13
1970-01-01 00:00:00.000000322,79.782295,83,13
1970-01-01 00:00:00.000000322,79.72863,83,14
1970-01-01 00:00:00.000000323,79.715996,83,14
1970-01-01 00:00:00.000000323,79.913734,83,15
1970-01-01 00:00:00.000000324,79.9208,83,15
1970-01-01 00:00:00.000000324,80.24246,83,16
1970-01-01 00:00:00.000000325,80.25705,83,16
1970-01-01 00:00:00.000000325,80.51923,83,17
1970-01-01 00:00:00.000000326,80.52274,83,17
1970-01-01 00:00:00.000000326,80.20585,83,18
1970-01-01 00:00:00.000000327,80.14984,83,18
1970-01-01 00:00:00.000000327,79.94235,83,19
1970-01-01 00:00:00.000000328,79.858536,83,19
1970-01-01 00:00:00.000000328,79.90919,83,20
1970-01-01 00:00:00.000000329,79.85137,83,20
1970-01-01 00:00:00.000000329,79.63131,83,21
1970-01-01 00:00:00.000000330,79.53469,83,21
1970-01-01 00:00:00.000000330,79.24715,83,22
1970-01-01 00:00:00.000000331,79.127106,83,22
1970-01-01 00:00:00.000000331,79.9152,83,23
1970-01-01 00:00:00.000000332,79.91507,83,23
1970-01-01 00:00:00.000000332,79.77857,83,24
1970-01-01 00:00:00.000000333,79.750565,83,24
1970-01-01 00:00:00.000000333,79.668,83,25
1970-01-01 00:00:00.000000334,79.62431,83,25
1970-01-01 00:00:00.000000334,79.38716,83,26
1970-01-01 00:00:00.000000335,79.28914,83,26
1970-01-01 00:00:00.000000335,78.79659,83,27
1970-01-01 00:00:00.000000336,78.65939,83,27
1970-01-01 00:00:00.000000336,79.525566,83,28
1970-01-01 00:00:00.000000337,79.540405,83,28
1970-01-01 00:00:00.000000337,79.27253,83,29
1970-01-01 00:00:00.000000338,79.23122,83,29
1970-01-01 00:00:00.000000338,78.97649,83,30
1970-01-01 00:00:00.000000339,78.90099,83,30
1970-01-01 00:00:00.000000339,79.38584,83,31
1970-01-01 00:00:00.000000340,79.39712,83,31
1970-01-01 00:00:00.000000340,79.50875,83,32
1970-01-01 00:00:00.000000341,79.52092,83,32
1970-01-01 00:00:00.000000341,79.72231,83,33
1970-01-01 00:00:00.000000342,79.73907,83,33
1970-01-01 00:00:00.000000342,79.965866,83,34
1970-01-01 00:00:00.000000343,79.97735,83,34
1970-01-01 00:00:00.000000343,80.284035,83,35
1970-01-01 00:00:00.000000344,80.29406,83,35
1970-01-01 00:00:00.000000344,80.03696,83,36
1970-01-01 00:00:00.000000345,79.99561,83,36
1970-01-01 00:00:00.000000345,80.44917,83,37
1970-01-01 00:00:00.000000346,80.45835,83,37
1970-01-01 00:00:00.000000346,80.46452,83,38
1970-01-01 00:00:00.000000347,80.45981,83,38
1970-01-01 00:00:00.000000347,80.27109,83,39
1970-01-01 00:00:00.000000348,80.21914,83,39
1970-01-01 00:00:00.000000348,80.764786,83,40
1970-01-01 00:00:00.000000349,80.77066,83,40
1970-01-01 00:00:00.000000349,80.56787,83,41
1970-01-01 00:00:00.000000350,80.52511,83,41
1970-01-01 00:00:00.000000350,80.85426,83,42
1970-01-01 00:00:00.000000351,80.852,83,42
1970-01-01 00:00:00.000000351,81.045586,83,43
1970-01-01 00:00:00.000000352,81.04241,83,43
1970-01-01 00:00:00.000000352,81.176445,83,44
1970-01-01 00:00:00.000000353,81.15842,83,44
1970-01-01 00:00:00.000000353,80.77075,83,45
1970-01-01 00:00:00.000000354,80.67606,83,45
1970-01-01 00:00:00.000000354,81.37594,83,46
1970-01-01 00:00:00.000000355,81.34424,83,46
1970-01-01 00:00:00.000000355,81.18768,83,47
1970-01-01 00:00:00.000000356,81.12188,83,47
1970-01-01 00:00:00.000000356,81.19417,83,48
1970-01-01 00:00:00.000000357,81.12823,83,48
1970-01-01 00:00:00.000000357,80.84285,83,49
1970-01-01 00:00:00.000000358,80.73061,83,49
1970-01-01 00:00:00.000000358,80.58541,83,50
1970-01-01 00:00:00.000000359,80.46649,83,50
1970-01-01 00:00:00.000000359,80.019165,83,51
1970-01-01 00:00:00.000000360,79.84909,83,51
1970-01-01 00:00:00.000000360,80.88163,83,52
1970-01-01 00:00:00.000000361,80.86067,83,52
1970-01-01 00:00:00.000000361,81.215515,83,53
1970-01-01 00:00:00.000000362,81.18747,83,53
1970-01-01 00:00:00.000000110,93.2723,84,10
1970-01-01 00:00:00.000000111,93.24725,84,10
1970-01-01 00:00:00.000000111,93.15367,84,11
1970-01-01 00:00:00.000000112,93.184395,84,11
1970-01-01 00:00:00.000000112,93.16445,84,12
1970-01-01 00:00:00.000000113,93.218956,84,12
1970-01-01 00:00:00.000000113,93.36247,84,13
1970-01-01 00:00:00.000000114,93.39379,84,13
1970-01-01 00:00:00.000000114,93.81492,84,14
1970-01-01 00:00:00.000000115,93.79182,84,14
1970-01-01 00:00:00.000000115,93.71289,84,15
1970-01-01 00:00:00.000000116,93.74037,84,15
1970-01-01 00:00:00.000000116,93.579704,84,16
1970-01-01 00:00:00.000000117,93.63393,84,16
1970-01-01 00:00:00.000000118,84.88972,85,10
1970-01-01 00:00:00.000000119,85.28754,85,10
1970-01-01 00:00:00.000000119,84.349625,85,11
1970-01-01 00:00:00.000000120,84.7617,85,11
1970-01-01 00:00:00.000000120,85.41651,85,12
1970-01-01 00:00:00.000000121,85.75224,85,12
1970-01-01 00:00:00.000000121,86.87465,85,13
1970-01-01 00:00:00.000000122,87.32307,85,13
1970-01-01 00:00:00.000000122,87.0385,85,14
1970-01-01 00:00:00.000000123,87.245964,85,14
1970-01-01 00:00:00.000000123,87.4521,85,15
1970-01-01 00:00:00.000000124,87.61474,85,15
1970-01-01 00:00:00.000000124,87.89175,85,16
1970-01-01 00:00:00.000000125,88.00527,85,16
1970-01-01 00:00:00.000000125,88.08939,85,17
1970-01-01 00:00:00.000000126,88.17414,85,17
1970-01-01 00:00:00.000000215,93.838104,86,10
1970-01-01 00:00:00.000000216,93.9692,86,10
1970-01-01 00:00:00.000000216,94.13407,86,11
1970-01-01 00:00:00.000000217,94.261986,86,11
1970-01-01 00:00:00.000000217,93.67124,86,12
1970-01-01 00:00:00.000000218,93.72799,86,12
1970-01-01 00:00:00.000000218,92.87511,86,13
1970-01-01 00:00:00.000000219,92.95495,86,13
1970-01-01 00:00:00.000000219,91.83158,86,14
1970-01-01 00:00:00.000000220,91.905975,86,14
1970-01-01 00:00:00.000000220,91.41003,86,15
1970-01-01 00:00:00.000000221,91.481514,86,15
1970-01-01 00:00:00.000000221,91.14952,86,16
1970-01-01 00:00:00.000000222,91.23829,86,16
1970-01-01 00:00:00.000000222,90.87988,86,17
1970-01-01 00:00:00.000000223,90.96343,86,17
1970-01-01 00:00:00.000000223,91.75188,86,18
1970-01-01 00:00:00.000000224,91.92203,86,18
1970-01-01 00:00:00.000000224,92.43465,86,19
1970-01-01 00:00:00.000000225,92.62478,86,19
1970-01-01 00:00:00.000000225,93.05644,86,20
1970-01-01 00:00:00.000000226,93.24665,86,20
1970-01-01 00:00:00.000000226,92.76094,86,21
1970-01-01 00:00:00.000000227,92.85297,86,21
1970-01-01 00:00:00.000000227,93.1246,86,22
1970-01-01 00:00:00.000000228,93.23057,86,22
1970-01-01 00:00:00.000000228,92.04397,86,23
1970-01-01 00:00:00.000000229,92.1051,86,23
1970-01-01 00:00:00.000000229,91.22804,86,24
1970-01-01 00:00:00.000000230,90.94916,86,24
1970-01-01 00:00:00.000000230,90.75784,86,25
1970-01-01 00:00:00.000000231,90.44931,86,25
1970-01-01 00:00:00.000000231,89.1692,86,26
1970-01-01 00:00:00.000000232,89.07306,86,26
1970-01-01 00:00:00.000000232,88.033035,86,27
1970-01-01 00:00:00.000000233,88.2841,86,27
1970-01-01 00:00:00.000000233,91.87261,86,28
1970-01-01 00:00:00.000000234,92.659454,86,28
1970-01-01 00:00:00.000000234,91.250854,86,29
1970-01-01 00:00:00.000000235,91.397766,86,29
1970-01-01 00:00:00.000000235,92.44747,86,30
1970-01-01 00:00:00.000000236,92.709946,86,30
1970-01-01 00:00:00.000000236,92.486496,86,31
1970-01-01 00:00:00.000000237,92.6038,86,31
1970-01-01 00:00:00.000000237,92.92641,86,32
1970-01-01 00:00:00.000000238,93.053314,86,32
1970-01-01 00:00:00.000000238,92.49074,86,33
1970-01-01 00:00:00.000000239,91.61258,86,33
1970-01-01 00:00:00.000000239,92.34627,86,34
1970-01-01 00:00:00.000000240,91.34541,86,34
1970-01-01 00:00:00.000000385,95.77043,87,10
1970-01-01 00:00:00.000000386,95.82042,87,10
1970-01-01 00:00:00.000000386,95.64668,87,11
1970-01-01 00:00:00.000000387,95.76054,87,11
1970-01-01 00:00:00.000000387,95.65601,87,12
1970-01-01 00:00:00.000000388,95.74637,87,12
1970-01-01 00:00:00.000000388,95.3388,87,13
1970-01-01 00:00:00.000000389,95.422554,87,13
1970-01-01 00:00:00.000000389,95.16658,87,14
1970-01-01 00:00:00.000000390,95.2532,87,14
1970-01-01 00:00:00.000000390,95.08227,87,15
1970-01-01 00:00:00.000000391,95.1874,87,15
1970-01-01 00:00:00.000000391,94.59587,87,16
1970-01-01 00:00:00.000000392,94.68648,87,16
1970-01-01 00:00:00.000000392,94.50028,87,17
1970-01-01 00:00:00.000000393,94.6014,87,17
1970-01-01 00:00:00.000000393,95.30463,87,18
1970-01-01 00:00:00.000000394,95.368,87,18
1970-01-01 00:00:00.000000394,95.37301,87,19
1970-01-01 00:00:00.000000395,95.43413,87,19
1970-01-01 00:00:00.000000395,94.5876,87,20
1970-01-01 00:00:00.000000396,94.70062,87,20
1970-01-01 00:00:00.000000396,94.55452,87,21
1970-01-01 00:00:00.000000397,94.65523,87,21
1970-01-01 00:00:00.000000397,94.04509,87,22
1970-01-01 00:00:00.000000398,94.180664,87,22
1970-01-01 00:00:00.000000398,93.19441,87,23
1970-01-01 00:00:00.000000399,93.18882,87,23
1970-01-01 00:00:00.000000399,93.0469,87,24
1970-01-01 00:00:00.000000400,92.723854,87,24
1970-01-01 00:00:00.000000400,92.269,87,25
1970-01-01 00:00:00.000000401,92.51645,87,25
1970-01-01 00:00:00.000000401,88.94623,87,26
1970-01-01 00:00:00.000000402,90.56612,87,26
1970-01-01 00:00:00.000000402,92.87099,87,27
1970-01-01 00:00:00.000000403,93.15427,87,27
1970-01-01 00:00:00.000000403,93.05284,87,28
1970-01-01 00:00:00.000000404,93.14592,87,28
1970-01-01 00:00:00.000000404,92.63287,87,29
1970-01-01 00:00:00.000000405,92.70782,87,29
1970-01-01 00:00:00.000000405,92.06561,87,30
1970-01-01 00:00:00.000000406,92.15382,87,30
1970-01-01 00:00:00.000000406,92.47518,87,31
1970-01-01 00:00:00.000000407,92.543785,87,31
1970-01-01 00:00:00.000000407,92.90323,87,32
1970-01-01 00:00:00.000000408,92.94301,87,32
1970-01-01 00:00:00.000000408,92.798355,87,33
1970-01-01 00:00:00.000000409,92.89164,87,33
1970-01-01 00:00:00.000000409,93.199066,87,34
1970-01-01 00:00:00.000000410,93.24754,87,34
1970-01-01 00:00:00.000000410,93.86584,87,35
1970-01-01 00:00:00.000000411,93.89882,87,35
1970-01-01 00:00:00.000000411,94.42247,87,36
1970-01-01 00:00:00.000000412,94.47234,87,36
1970-01-01 00:00:00.000000412,94.84595,87,37
1970-01-01 00:00:00.000000413,94.89448,87,37
1970-01-01 00:00:00.000000413,94.83219,87,38
1970-01-01 00:00:00.000000414,94.900444,87,38
1970-01-01 00:00:00.000000414,93.78882,87,39
1970-01-01 00:00:00.000000415,93.94121,87,39
1970-01-01 00:00:00.000000415,91.82257,87,40
1970-01-01 00:00:00.000000416,92.189835,87,40
1970-01-01 00:00:00.000000416,91.57978,87,41
1970-01-01 00:00:00.000000417,91.67902,87,41
1970-01-01 00:00:00.000000417,92.10909,87,42
1970-01-01 00:00:00.000000418,92.16702,87,42
1970-01-01 00:00:00.000000418,91.603004,87,43
1970-01-01 00:00:00.000000419,91.69272,87,43
1970-01-01 00:00:00.000000419,91.32142,87,44
1970-01-01 00:00:00.000000420,91.41207,87,44
1970-01-01 00:00:00.000000420,91.77526,87,45
1970-01-01 00:00:00.000000421,91.8378,87,45
1970-01-01 00:00:00.000000421,92.05537,87,46
1970-01-01 00:00:00.000000422,92.12184,87,46
1970-01-01 00:00:00.000000422,91.329796,87,47
1970-01-01 00:00:00.000000423,91.454315,87,47
1970-01-01 00:00:00.000000423,90.97308,87,48
1970-01-01 00:00:00.000000424,91.08398,87,48
1970-01-01 00:00:00.000000424,93.58469,87,49
1970-01-01 00:00:00.000000425,93.75808,87,49
1970-01-01 00:00:00.000000425,98.198105,87,50
1970-01-01 00:00:00.000000426,98.49427,87,50
1970-01-01 00:00:00.000000426,97.240456,87,51
1970-01-01 00:00:00.000000427,97.31408,87,51
1970-01-01 00:00:00.000000427,94.23965,87,52
1970-01-01 00:00:00.000000428,94.726456,87,52
1970-01-01 00:00:00.000000428,91.71246,87,53
1970-01-01 00:00:00.000000429,92.16594,87,53
1970-01-01 00:00:00.000000429,88.94177,87,54
1970-01-01 00:00:00.000000430,89.52757,87,54
1970-01-01 00:00:00.000000430,89.7097,87,55
1970-01-01 00:00:00.000000431,89.785095,87,55
1970-01-01 00:00:00.000000431,93.27948,87,56
1970-01-01 00:00:00.000000432,93.652534,87,56
1970-01-01 00:00:00.000000432,95.744705,87,57
1970-01-01 00:00:00.000000433,96.2194,87,57
1970-01-01 00:00:00.000000433,94.74514,87,58
1970-01-01 00:00:00.000000434,93.9704,87,58
1970-01-01 00:00:00.000000434,90.67153,87,59
1970-01-01 00:00:00.000000435,88.00558,87,59
1970-01-01 00:00:00.000000435,60.616188,87,60
1970-01-01 00:00:00.000000436,73.940926,87,60
1970-01-01 00:00:00.000000436,70.18315,87,61
1970-01-01 00:00:00.000000437,74.13133,87,61
1970-01-01 00:00:00.000000437,80.44187,87,62
1970-01-01 00:00:00.000000438,82.75084,87,62
1970-01-01 00:00:00.000000438,90.50368,87,63
1970-01-01 00:00:00.000000439,92.171135,87,63
1970-01-01 00:00:00.000000439,95.29576,87,64
1970-01-01 00:00:00.000000440,96.09453,87,64
1970-01-01 00:00:00.000000440,92.31397,87,65
1970-01-01 00:00:00.000000441,92.198265,87,65
1970-01-01 00:00:00.000000355,80.797264,88,10
1970-01-01 00:00:00.000000356,80.72789,88,10
1970-01-01 00:00:00.000000356,80.904564,88,11
1970-01-01 00:00:00.000000357,80.861885,88,11
1970-01-01 00:00:00.000000357,80.968666,88,12
1970-01-01 00:00:00.000000358,80.93107,88,12
1970-01-01 00:00:00.000000358,81.039154,88,13
1970-01-01 00:00:00.000000359,81.012764,88,13
1970-01-01 00:00:00.000000359,81.422485,88,14
1970-01-01 00:00:00.000000360,81.419586,88,14
1970-01-01 00:00:00.000000360,81.3373,88,15
1970-01-01 00:00:00.000000361,81.302025,88,15
1970-01-01 00:00:00.000000361,80.984604,88,16
1970-01-01 00:00:00.000000362,80.91019,88,16
1970-01-01 00:00:00.000000362,81.169876,88,17
1970-01-01 00:00:00.000000363,81.14238,88,17
1970-01-01 00:00:00.000000363,80.81379,88,18
1970-01-01 00:00:00.000000364,80.73888,88,18
1970-01-01 00:00:00.000000364,80.74178,88,19
1970-01-01 00:00:00.000000365,80.69188,88,19
1970-01-01 00:00:00.000000365,80.87771,88,20
1970-01-01 00:00:00.000000366,80.849785,88,20
1970-01-01 00:00:00.000000366,81.04279,88,21
1970-01-01 00:00:00.000000367,81.03673,88,21
1970-01-01 00:00:00.000000367,81.26076,88,22
1970-01-01 00:00:00.000000368,81.26132,88,22
1970-01-01 00:00:00.000000368,80.96648,88,23
1970-01-01 00:00:00.000000369,80.91866,88,23
1970-01-01 00:00:00.000000369,81.24819,88,24
1970-01-01 00:00:00.000000370,81.237885,88,24
1970-01-01 00:00:00.000000370,80.83261,88,25
1970-01-01 00:00:00.000000371,80.756966,88,25
1970-01-01 00:00:00.000000371,81.368965,88,26
1970-01-01 00:00:00.000000372,81.36896,88,26
1970-01-01 00:00:00.000000372,81.19561,88,27
1970-01-01 00:00:00.000000373,81.15286,88,27
1970-01-01 00:00:00.000000373,81.28523,88,28
1970-01-01 00:00:00.000000374,81.255104,88,28
1970-01-01 00:00:00.000000374,81.09215,88,29
1970-01-01 00:00:00.000000375,81.034134,88,29
1970-01-01 00:00:00.000000375,81.46891,88,30
1970-01-01 00:00:00.000000376,81.44874,88,30
1970-01-01 00:00:00.000000376,81.18941,88,31
1970-01-01 00:00:00.000000377,81.1392,88,31
1970-01-01 00:00:00.000000377,81.13867,88,32
1970-01-01 00:00:00.000000378,81.09401,88,32
1970-01-01 00:00:00.000000378,81.18616,88,33
1970-01-01 00:00:00.000000379,81.15269,88,33
1970-01-01 00:00:00.000000379,80.80136,88,34
1970-01-01 00:00:00.000000380,80.716995,88,34
1970-01-01 00:00:00.000000380,80.56959,88,35
1970-01-01 00:00:00.000000381,80.495026,88,35
1970-01-01 00:00:00.000000381,80.745766,88,36
1970-01-01 00:00:00.000000382,80.73132,88,36
1970-01-01 00:00:00.000000382,80.56872,88,37
1970-01-01 00:00:00.000000383,80.520164,88,37
1970-01-01 00:00:00.000000383,80.72282,88,38
1970-01-01 00:00:00.000000384,80.69446,88,38
1970-01-01 00:00:00.000000384,80.600525,88,39
1970-01-01 00:00:00.000000385,80.57993,88,39
1970-01-01 00:00:00.000000385,80.178444,88,40
1970-01-01 00:00:00.000000386,80.08982,88,40
1970-01-01 00:00:00.000000386,81.1135,88,41
1970-01-01 00:00:00.000000387,81.13421,88,41
1970-01-01 00:00:00.000000387,81.16094,88,42
1970-01-01 00:00:00.000000388,81.17279,88,42
1970-01-01 00:00:00.000000388,81.425415,88,43
1970-01-01 00:00:00.000000389,81.42861,88,43
1970-01-01 00:00:00.000000389,81.980545,88,44
1970-01-01 00:00:00.000000390,81.97577,88,44
1970-01-01 00:00:00.000000390,82.26095,88,45
1970-01-01 00:00:00.000000391,82.26835,88,45
1970-01-01 00:00:00.000000391,82.90399,88,46
1970-01-01 00:00:00.000000392,82.88709,88,46
1970-01-01 00:00:00.000000392,82.18162,88,47
1970-01-01 00:00:00.000000393,82.05395,88,47
1970-01-01 00:00:00.000000393,83.20286,88,48
1970-01-01 00:00:00.000000394,83.17284,88,48
1970-01-01 00:00:00.000000394,83.5162,88,49
1970-01-01 00:00:00.000000395,83.479805,88,49
1970-01-01 00:00:00.000000395,83.582794,88,50
1970-01-01 00:00:00.000000396,83.5597,88,50
1970-01-01 00:00:00.000000396,83.932655,88,51
1970-01-01 00:00:00.000000397,83.90362,88,51
1970-01-01 00:00:00.000000397,84.08377,88,52
1970-01-01 00:00:00.000000398,84.05907,88,52
1970-01-01 00:00:00.000000398,84.418365,88,53
1970-01-01 00:00:00.000000399,84.38083,88,53
1970-01-01 00:00:00.000000399,84.95096,88,54
1970-01-01 00:00:00.000000400,84.89182,88,54
1970-01-01 00:00:00.000000400,85.368904,88,55
1970-01-01 00:00:00.000000401,85.2887,88,55
1970-01-01 00:00:00.000000401,85.57496,88,56
1970-01-01 00:00:00.000000402,85.494286,88,56
1970-01-01 00:00:00.000000402,85.13841,88,57
1970-01-01 00:00:00.000000403,84.99237,88,57
1970-01-01 00:00:00.000000403,85.113075,88,58
1970-01-01 00:00:00.000000404,85.0011,88,58
1970-01-01 00:00:00.000000404,84.897865,88,59
1970-01-01 00:00:00.000000405,84.75262,88,59
1970-01-01 00:00:00.000000093,100.0,89,10
1970-01-01 00:00:00.000000094,100.0,89,10
1970-01-01 00:00:00.000000094,100.0,89,11
1970-01-01 00:00:00.000000095,100.0,89,11
1970-01-01 00:00:00.000000095,100.0,89,12
1970-01-01 00:00:00.000000096,100.0,89,12
1970-01-01 00:00:00.000000096,99.971634,89,13
1970-01-01 00:00:00.000000097,99.943794,89,13
1970-01-01 00:00:00.000000101,71.56532,92,10
1970-01-01 00:00:00.000000102,71.611374,92,10
1970-01-01 00:00:00.000000102,72.591705,92,11
1970-01-01 00:00:00.000000103,72.57443,92,11
1970-01-01 00:00:00.000000103,72.61444,92,12
1970-01-01 00:00:00.000000104,72.61731,92,12
1970-01-01 00:00:00.000000104,72.35503,92,13
1970-01-01 00:00:00.000000105,72.38437,92,13
1970-01-01 00:00:00.000000105,72.96753,92,14
1970-01-01 00:00:00.000000106,72.949684,92,14
1970-01-01 00:00:00.000000166,85.02979,93,10
1970-01-01 00:00:00.000000167,85.14121,93,10
1970-01-01 00:00:00.000000167,84.638306,93,11
1970-01-01 00:00:00.000000168,84.75571,93,11
1970-01-01 00:00:00.000000168,84.85868,93,12
1970-01-01 00:00:00.000000169,85.00574,93,12
1970-01-01 00:00:00.000000169,85.080734,93,13
1970-01-01 00:00:00.000000170,85.24242,93,13
1970-01-01 00:00:00.000000170,85.14405,93,14
1970-01-01 00:00:00.000000171,85.29517,93,14
1970-01-01 00:00:00.000000171,86.66776,93,15
1970-01-01 00:00:00.000000172,87.03794,93,15
1970-01-01 00:00:00.000000172,88.355515,93,16
1970-01-01 00:00:00.000000173,88.81437,93,16
1970-01-01 00:00:00.000000173,90.07929,93,17
1970-01-01 00:00:00.000000174,90.567795,93,17
1970-01-01 00:00:00.000000174,89.46199,93,18
1970-01-01 00:00:00.000000175,89.53864,93,18
1970-01-01 00:00:00.000000175,89.49456,93,19
1970-01-01 00:00:00.000000176,89.4828,93,19
1970-01-01 00:00:00.000000176,88.55001,93,20
1970-01-01 00:00:00.000000177,87.8155,93,20
1970-01-01 00:00:00.000000177,82.50074,93,21
1970-01-01 00:00:00.000000178,87.669205,93,21
1970-01-01 00:00:00.000000178,100.0,93,22
1970-01-01 00:00:00.000000179,99.86969,93,22
1970-01-01 00:00:00.000000179,100.0,93,23
1970-01-01 00:00:00.000000180,100.0,93,23
1970-01-01 00:00:00.000000180,100.0,93,24
1970-01-01 00:00:00.000000181,100.0,93,24
1970-01-01 00:00:00.000000181,100.0,93,25
1970-01-01 00:00:00.000000182,100.0,93,25
1970-01-01 00:00:00.000000182,99.84535,93,26
1970-01-01 00:00:00.000000183,99.84507,93,26
1970-01-01 00:00:00.000000114,77.118546,95,10
1970-01-01 00:00:00.000000115,76.9863,95,10
1970-01-01 00:00:00.000000115,76.62486,95,11
1970-01-01 00:00:00.000000116,76.54133,95,11
1970-01-01 00:00:00.000000116,77.67264,95,12
1970-01-01 00:00:00.000000117,77.65965,95,12
1970-01-01 00:00:00.000000117,79.35326,95,13
1970-01-01 00:00:00.000000118,79.35621,95,13
1970-01-01 00:00:00.000000118,77.90151,95,14
1970-01-01 00:00:00.000000119,77.78518,95,14
1970-01-01 00:00:00.000000119,78.1013,95,15
1970-01-01 00:00:00.000000120,78.046524,95,15
1970-01-01 00:00:00.000000120,77.31082,95,16
1970-01-01 00:00:00.000000121,77.20142,95,16
1970-01-01 00:00:00.000000121,76.59698,95,17
1970-01-01 00:00:00.000000122,76.47742,95,17
1970-01-01 00:00:00.000000183,74.779655,96,10
1970-01-01 00:00:00.000000184,74.69834,96,10
1970-01-01 00:00:00.000000184,73.95396,96,11
1970-01-01 00:00:00.000000185,73.83779,96,11
1970-01-01 00:00:00.000000185,75.78327,96,12
1970-01-01 00:00:00.000000186,76.12331,96,12
1970-01-01 00:00:00.000000186,75.02952,96,13
1970-01-01 00:00:00.000000187,75.0014,96,13
1970-01-01 00:00:00.000000187,74.83248,96,14
1970-01-01 00:00:00.000000188,74.803024,96,14
1970-01-01 00:00:00.000000188,75.382095,96,15
1970-01-01 00:00:00.000000189,75.51827,96,15
1970-01-01 00:00:00.000000189,74.92127,96,16
1970-01-01 00:00:00.000000190,74.88728,96,16
1970-01-01 00:00:00.000000190,75.74927,96,17
1970-01-01 00:00:00.000000191,75.912605,96,17
1970-01-01 00:00:00.000000191,75.21692,96,18
1970-01-01 00:00:00.000000192,75.1867,96,18
1970-01-01 00:00:00.000000192,74.87673,96,19
1970-01-01 00:00:00.000000193,74.81307,96,19
1970-01-01 00:00:00.000000193,76.241745,96,20
1970-01-01 00:00:00.000000194,76.49136,96,20
1970-01-01 00:00:00.000000194,75.25364,96,21
1970-01-01 00:00:00.000000195,75.17579,96,21
1970-01-01 00:00:00.000000195,74.34292,96,22
1970-01-01 00:00:00.000000196,74.21849,96,22
1970-01-01 00:00:00.000000196,73.25371,96,23
1970-01-01 00:00:00.000000197,73.098145,96,23
1970-01-01 00:00:00.000000197,71.79215,96,24
1970-01-01 00:00:00.000000198,71.60081,96,24
1970-01-01 00:00:00.000000198,72.00012,96,25
1970-01-01 00:00:00.000000199,71.99725,96,25
1970-01-01 00:00:00.000000199,74.06357,96,26
1970-01-01 00:00:00.000000200,74.4558,96,26
1970-01-01 00:00:00.000000200,74.42701,96,27
1970-01-01 00:00:00.000000201,74.61665,96,27
1970-01-01 00:00:00.000000201,74.08629,96,28
1970-01-01 00:00:00.000000202,74.150505,96,28
1970-01-01 00:00:00.000000202,73.6573,96,29
1970-01-01 00:00:00.000000203,73.60017,96,29
1970-01-01 00:00:00.000000079,100.0,98,10
1970-01-01 00:00:00.000000080,100.0,98,10
1970-01-01 00:00:00.000000080,100.0,98,11
1970-01-01 00:00:00.000000081,100.0,98,11
1970-01-01 00:00:00.000000096,98.0929,99,10
1970-01-01 00:00:00.000000097,99.21509,99,10
1970-01-01 00:00:00.000000097,100.0,99,11
1970-01-01 00:00:00.000000098,100.0,99,11
1970-01-01 00:00:00.000000098,100.0,99,12
1970-01-01 00:00:00.000000099,100.0,99,12
1970-01-01 00:00:00.000000099,100.0,99,13
1970-01-01 00:00:00.000000100,100.0,99,13
1970-01-01 00:00:00.000000100,100.0,99,14
1970-01-01 00:00:00.000000101,100.0,99,14
1970-01-01 00:00:00.000000340,84.49193,100,10
1970-01-01 00:00:00.000000341,84.39148,100,10
1970-01-01 00:00:00.000000341,82.73552,100,11
1970-01-01 00:00:00.000000342,82.503784,100,11
1970-01-01 00:00:00.000000342,82.08835,100,12
1970-01-01 00:00:00.000000343,81.96311,100,12
1970-01-01 00:00:00.000000343,81.67441,100,13
1970-01-01 00:00:00.000000344,81.588745,100,13
1970-01-01 00:00:00.000000344,80.98722,100,14
1970-01-01 00:00:00.000000345,80.88499,100,14
1970-01-01 00:00:00.000000345,80.67849,100,15
1970-01-01 00:00:00.000000346,80.610176,100,15
1970-01-01 00:00:00.000000346,80.441864,100,16
1970-01-01 00:00:00.000000347,80.38376,100,16
1970-01-01 00:00:00.000000347,79.166466,100,17
1970-01-01 00:00:00.000000348,79.02859,100,17
1970-01-01 00:00:00.000000348,77.63391,100,18
1970-01-01 00:00:00.000000349,77.47044,100,18
1970-01-01 00:00:00.000000349,75.991135,100,19
1970-01-01 00:00:00.000000350,75.80941,100,19
1970-01-01 00:00:00.000000350,76.30354,100,20
1970-01-01 00:00:00.000000351,76.2797,100,20
1970-01-01 00:00:00.000000351,76.31235,100,21
1970-01-01 00:00:00.000000352,76.29299,100,21
1970-01-01 00:00:00.000000352,75.72302,100,22
1970-01-01 00:00:00.000000353,75.66324,100,22
1970-01-01 00:00:00.000000353,75.18827,100,23
1970-01-01 00:00:00.000000354,75.12973,100,23
1970-01-01 00:00:00.000000354,74.52986,100,24
1970-01-01 00:00:00.000000355,74.46691,100,24
1970-01-01 00:00:00.000000355,74.284485,100,25
1970-01-01 00:00:00.000000356,74.25195,100,25
1970-01-01 00:00:00.000000356,73.66831,100,26
1970-01-01 00:00:00.000000357,73.62127,100,26
1970-01-01 00:00:00.000000357,75.588295,100,27
1970-01-01 00:00:00.000000358,75.6314,100,27
1970-01-01 00:00:00.000000358,73.30069,100,28
1970-01-01 00:00:00.000000359,73.197975,100,28
1970-01-01 00:00:00.000000359,73.046906,100,29
1970-01-01 00:00:00.000000360,73.01498,100,29
1970-01-01 00:00:00.000000360,71.93062,100,30
1970-01-01 00:00:00.000000361,71.86843,100,30
1970-01-01 00:00:00.000000361,71.68811,100,31
1970-01-01 00:00:00.000000362,71.66318,100,31
1970-01-01 00:00:00.000000362,71.588036,100,32
1970-01-01 00:00:00.000000363,71.57804,100,32
1970-01-01 00:00:00.000000363,72.32909,100,33
1970-01-01 00:00:00.000000364,72.36974,100,33
1970-01-01 00:00:00.000000364,72.78542,100,34
1970-01-01 00:00:00.000000365,72.818565,100,34
1970-01-01 00:00:00.000000365,73.05248,100,35
1970-01-01 00:00:00.000000366,73.081474,100,35
1970-01-01 00:00:00.000000366,72.563965,100,36
1970-01-01 00:00:00.000000367,72.541985,100,36
1970-01-01 00:00:00.000000367,72.17285,100,37
1970-01-01 00:00:00.000000368,72.14022,100,37
1970-01-01 00:00:00.000000368,71.842964,100,38
1970-01-01 00:00:00.000000369,71.81453,100,38
1970-01-01 00:00:00.000000369,71.54688,100,39
1970-01-01 00:00:00.000000370,71.52048,100,39
1970-01-01 00:00:00.000000370,71.93225,100,40
1970-01-01 00:00:00.000000371,71.946495,100,40
1970-01-01 00:00:00.000000371,72.01805,100,41
1970-01-01 00:00:00.000000372,72.03285,100,41
1970-01-01 00:00:00.000000372,71.314674,100,42
1970-01-01 00:00:00.000000373,71.27515,100,42
1970-01-01 00:00:00.000000373,71.60273,100,43
1970-01-01 00:00:00.000000374,71.61281,100,43
1970-01-01 00:00:00.000000374,72.65349,100,44
1970-01-01 00:00:00.000000375,72.70375,100,44
1970-01-01 00:00:00.000000375,71.51525,100,45
1970-01-01 00:00:00.000000376,71.46489,100,45
1970-01-01 00:00:00.000000376,70.91408,100,46
1970-01-01 00:00:00.000000377,70.86969,100,46
1970-01-01 00:00:00.000000377,70.42461,100,47
1970-01-01 00:00:00.000000378,70.39467,100,47
1970-01-01 00:00:00.000000378,69.47095,100,48
1970-01-01 00:00:00.000000379,69.42814,100,48
1970-01-01 00:00:00.000000379,68.34275,100,49
1970-01-01 00:00:00.000000380,68.32264,100,49
1970-01-01 00:00:00.000000380,65.76544,100,50
1970-01-01 00:00:00.000000381,65.76879,100,50
1970-01-01 00:00:00.000000381,66.47996,100,51
1970-01-01 00:00:00.000000382,66.7468,100,51
1970-01-01 00:00:00.000000382,66.89129,100,52
1970-01-01 00:00:00.000000383,66.82709,100,52
1970-01-01 00:00:00.000000383,99.3336,100,53
1970-01-01 00:00:00.000000384,99.52561,100,53
1970-01-01 00:00:00.000000384,100.0,100,54
1970-01-01 00:00:00.000000385,100.0,100,54
1970-01-01 00:00:00.000000385,100.0,100,55
1970-01-01 00:00:00.000000386,100.0,100,55
1970-01-01 00:00:00.000000386,100.0,100,56
1970-01-01 00:00:00.000000387,100.0,100,56
1970-01-01 00:00:00.000000387,100.0,100,57
1970-01-01 00:00:00.000000388,100.0,100,57
1970-01-01 00:00:00.000000142,83.89064,101,10
1970-01-01 00:00:00.000000143,84.117226,101,10
1970-01-01 00:00:00.000000143,84.11873,101,11
1970-01-01 00:00:00.000000144,84.205826,101,11
1970-01-01 00:00:00.000000144,84.98547,101,12
1970-01-01 00:00:00.000000145,85.07731,101,12
1970-01-01 00:00:00.000000145,86.007614,101,13
1970-01-01 00:00:00.000000146,86.09474,101,13
1970-01-01 00:00:00.000000146,86.57916,101,14
1970-01-01 00:00:00.000000147,86.62738,101,14
1970-01-01 00:00:00.000000147,87.546844,101,15
1970-01-01 00:00:00.000000148,87.58193,101,15
1970-01-01 00:00:00.000000148,88.14611,101,16
1970-01-01 00:00:00.000000149,88.157814,101,16
1970-01-01 00:00:00.000000149,88.62108,101,17
1970-01-01 00:00:00.000000150,88.624016,101,17
1970-01-01 00:00:00.000000150,89.87802,101,18
1970-01-01 00:00:00.000000151,89.853065,101,18
1970-01-01 00:00:00.000000151,90.06474,101,19
1970-01-01 00:00:00.000000152,90.04787,101,19
1970-01-01 00:00:00.000000152,90.01536,101,20
1970-01-01 00:00:00.000000153,89.982475,101,20
1970-01-01 00:00:00.000000153,90.13217,101,21
1970-01-01 00:00:00.000000154,90.10134,101,21
1970-01-01 00:00:00.000000154,90.60507,101,22
1970-01-01 00:00:00.000000155,90.58439,101,22
1970-01-01 00:00:00.000000187,79.07758,103,10
1970-01-01 00:00:00.000000188,79.04773,103,10
1970-01-01 00:00:00.000000188,79.68313,103,11
1970-01-01 00:00:00.000000189,79.64755,103,11
1970-01-01 00:00:00.000000189,79.3018,103,12
1970-01-01 00:00:00.000000190,79.22453,103,12
1970-01-01 00:00:00.000000190,79.69754,103,13
1970-01-01 00:00:00.000000191,79.683754,103,13
1970-01-01 00:00:00.000000191,79.97574,103,14
1970-01-01 00:00:00.000000192,79.9555,103,14
1970-01-01 00:00:00.000000192,80.10692,103,15
1970-01-01 00:00:00.000000193,80.08111,103,15
1970-01-01 00:00:00.000000193,80.01384,103,16
1970-01-01 00:00:00.000000194,79.95754,103,16
1970-01-01 00:00:00.000000194,81.31263,103,17
1970-01-01 00:00:00.000000195,81.20092,103,17
1970-01-01 00:00:00.000000195,80.59438,103,18
1970-01-01 00:00:00.000000196,80.468506,103,18
1970-01-01 00:00:00.000000196,81.201935,103,19
1970-01-01 00:00:00.000000197,81.14882,103,19
1970-01-01 00:00:00.000000197,81.378944,103,20
1970-01-01 00:00:00.000000198,81.329834,103,20
1970-01-01 00:00:00.000000198,81.2684,103,21
1970-01-01 00:00:00.000000199,81.209785,103,21
1970-01-01 00:00:00.000000199,81.751465,103,22
1970-01-01 00:00:00.000000200,81.70777,103,22
1970-01-01 00:00:00.000000200,82.3244,103,23
1970-01-01 00:00:00.000000201,82.25396,103,23
1970-01-01 00:00:00.000000201,83.34571,103,24
1970-01-01 00:00:00.000000202,83.19644,103,24
1970-01-01 00:00:00.000000202,82.79657,103,25
1970-01-01 00:00:00.000000203,82.67782,103,25
1970-01-01 00:00:00.000000203,82.515945,103,26
1970-01-01 00:00:00.000000204,82.36565,103,26
1970-01-01 00:00:00.000000204,83.116394,103,27
1970-01-01 00:00:00.000000205,83.04325,103,27
1970-01-01 00:00:00.000000205,83.38909,103,28
1970-01-01 00:00:00.000000206,83.32092,103,28
1970-01-01 00:00:00.000000206,82.91695,103,29
1970-01-01 00:00:00.000000207,82.78749,103,29
1970-01-01 00:00:00.000000207,82.38968,103,30
1970-01-01 00:00:00.000000208,82.179306,103,30
1970-01-01 00:00:00.000000080,100.0,104,10
1970-01-01 00:00:00.000000081,100.0,104,10
1970-01-01 00:00:00.000000081,100.0,104,11
1970-01-01 00:00:00.000000082,100.0,104,11
1970-01-01 00:00:00.000000190,92.444595,105,10
1970-01-01 00:00:00.000000191,92.43803,105,10
1970-01-01 00:00:00.000000191,93.38304,105,11
1970-01-01 00:00:00.000000192,93.311104,105,11
1970-01-01 00:00:00.000000192,93.98285,105,12
1970-01-01 00:00:00.000000193,93.86004,105,12
1970-01-01 00:00:00.000000193,93.00374,105,13
1970-01-01 00:00:00.000000194,92.884476,105,13
1970-01-01 00:00:00.000000194,95.5555,105,14
1970-01-01 00:00:00.000000195,95.5072,105,14
1970-01-01 00:00:00.000000195,93.541504,105,15
1970-01-01 00:00:00.000000196,93.29474,105,15
1970-01-01 00:00:00.000000196,94.251396,105,16
1970-01-01 00:00:00.000000197,94.19714,105,16
1970-01-01 00:00:00.000000197,94.3854,105,17
1970-01-01 00:00:00.000000198,94.356964,105,17
1970-01-01 00:00:00.000000198,94.09296,105,18
1970-01-01 00:00:00.000000199,94.06149,105,18
1970-01-01 00:00:00.000000199,93.86546,105,19
1970-01-01 00:00:00.000000200,93.82703,105,19
1970-01-01 00:00:00.000000200,94.10144,105,20
1970-01-01 00:00:00.000000201,94.08952,105,20
1970-01-01 00:00:00.000000201,94.50181,105,21
1970-01-01 00:00:00.000000202,94.43349,105,21
1970-01-01 00:00:00.000000202,95.67218,105,22
1970-01-01 00:00:00.000000203,95.49879,105,22
1970-01-01 00:00:00.000000203,96.16001,105,23
1970-01-01 00:00:00.000000204,96.03958,105,23
1970-01-01 00:00:00.000000204,96.243256,105,24
1970-01-01 00:00:00.000000205,96.136314,105,24
1970-01-01 00:00:00.000000205,95.6205,105,25
1970-01-01 00:00:00.000000206,95.445244,105,25
1970-01-01 00:00:00.000000206,94.32654,105,26
1970-01-01 00:00:00.000000207,93.97289,105,26
1970-01-01 00:00:00.000000207,93.441666,105,27
1970-01-01 00:00:00.000000208,93.0538,105,27
1970-01-01 00:00:00.000000208,93.29676,105,28
1970-01-01 00:00:00.000000209,93.04686,105,28
1970-01-01 00:00:00.000000209,89.70403,105,29
1970-01-01 00:00:00.000000210,88.787025,105,29
1970-01-01 00:00:00.000000210,89.88563,105,30
1970-01-01 00:00:00.000000211,89.64601,105,30
1970-01-01 00:00:00.000000281,78.49913,106,10
1970-01-01 00:00:00.000000282,78.4169,106,10
1970-01-01 00:00:00.000000282,78.41263,106,11
1970-01-01 00:00:00.000000283,78.315216,106,11
1970-01-01 00:00:00.000000283,78.301445,106,12
1970-01-01 00:00:00.000000284,78.19519,106,12
1970-01-01 00:00:00.000000284,78.23655,106,13
1970-01-01 00:00:00.000000285,78.135445,106,13
1970-01-01 00:00:00.000000285,78.14852,106,14
1970-01-01 00:00:00.000000286,78.048935,106,14
1970-01-01 00:00:00.000000286,78.019035,106,15
1970-01-01 00:00:00.000000287,77.91161,106,15
1970-01-01 00:00:00.000000287,78.48582,106,16
1970-01-01 00:00:00.000000288,78.42823,106,16
1970-01-01 00:00:00.000000288,78.063416,106,17
1970-01-01 00:00:00.000000289,77.94649,106,17
1970-01-01 00:00:00.000000289,78.25777,106,18
1970-01-01 00:00:00.000000290,78.19519,106,18
1970-01-01 00:00:00.000000290,77.8401,106,19
1970-01-01 00:00:00.000000291,77.70233,106,19
1970-01-01 00:00:00.000000291,77.65618,106,20
1970-01-01 00:00:00.000000292,77.53225,106,20
1970-01-01 00:00:00.000000292,77.88245,106,21
1970-01-01 00:00:00.000000293,77.827225,106,21
1970-01-01 00:00:00.000000293,77.48745,106,22
1970-01-01 00:00:00.000000294,77.361374,106,22
1970-01-01 00:00:00.000000294,77.312004,106,23
1970-01-01 00:00:00.000000295,77.19956,106,23
1970-01-01 00:00:00.000000295,77.29052,106,24
1970-01-01 00:00:00.000000296,77.2044,106,24
1970-01-01 00:00:00.000000296,77.3334,106,25
1970-01-01 00:00:00.000000297,77.27249,106,25
1970-01-01 00:00:00.000000297,77.175865,106,26
1970-01-01 00:00:00.000000298,77.08846,106,26
1970-01-01 00:00:00.000000298,77.07012,106,27
1970-01-01 00:00:00.000000299,76.982635,106,27
1970-01-01 00:00:00.000000299,76.819954,106,28
1970-01-01 00:00:00.000000300,76.713066,106,28
1970-01-01 00:00:00.000000300,76.70835,106,29
1970-01-01 00:00:00.000000301,76.623985,106,29
1970-01-01 00:00:00.000000301,76.39604,106,30
1970-01-01 00:00:00.000000302,76.2787,106,30
1970-01-01 00:00:00.000000302,76.367195,106,31
1970-01-01 00:00:00.000000303,76.29648,106,31
1970-01-01 00:00:00.000000303,76.58911,106,32
1970-01-01 00:00:00.000000304,76.56618,106,32
1970-01-01 00:00:00.000000304,76.02204,106,33
1970-01-01 00:00:00.000000305,75.893654,106,33
1970-01-01 00:00:00.000000305,75.97975,106,34
1970-01-01 00:00:00.000000306,75.91344,106,34
1970-01-01 00:00:00.000000306,76.03102,106,35
1970-01-01 00:00:00.000000307,75.988785,106,35
1970-01-01 00:00:00.000000307,75.83898,106,36
1970-01-01 00:00:00.000000308,75.77743,106,36
1970-01-01 00:00:00.000000308,75.81413,106,37
1970-01-01 00:00:00.000000309,75.76956,106,37
1970-01-01 00:00:00.000000309,75.71537,106,38
1970-01-01 00:00:00.000000310,75.65529,106,38
1970-01-01 00:00:00.000000310,75.053444,106,39
1970-01-01 00:00:00.000000311,74.839066,106,39
1970-01-01 00:00:00.000000311,74.2343,106,40
1970-01-01 00:00:00.000000312,73.62453,106,40
1970-01-01 00:00:00.000000312,80.14314,106,41
1970-01-01 00:00:00.000000313,79.22469,106,41
1970-01-01 00:00:00.000000313,100.0,106,42
1970-01-01 00:00:00.000000314,100.0,106,42
1970-01-01 00:00:00.000000314,100.0,106,43
1970-01-01 00:00:00.000000315,100.0,106,43
1970-01-01 00:00:00.000000315,100.0,106,44
1970-01-01 00:00:00.000000316,100.0,106,44
1970-01-01 00:00:00.000000316,100.0,106,45
1970-01-01 00:00:00.000000317,100.0,106,45
1970-01-01 00:00:00.000000317,100.0,106,46
1970-01-01 00:00:00.000000318,100.0,106,46
1970-01-01 00:00:00.000000083,100.0,107,10
1970-01-01 00:00:00.000000084,100.0,107,10
1970-01-01 00:00:00.000000084,99.83135,107,11
1970-01-01 00:00:00.000000085,99.804565,107,11
1970-01-01 00:00:00.000000213,95.98616,108,10
1970-01-01 00:00:00.000000214,96.08268,108,10
1970-01-01 00:00:00.000000214,96.044334,108,11
1970-01-01 00:00:00.000000215,96.139465,108,11
1970-01-01 00:00:00.000000215,96.06166,108,12
1970-01-01 00:00:00.000000216,96.14554,108,12
1970-01-01 00:00:00.000000216,95.955795,108,13
1970-01-01 00:00:00.000000217,96.03103,108,13
1970-01-01 00:00:00.000000217,95.95677,108,14
1970-01-01 00:00:00.000000218,96.04826,108,14
1970-01-01 00:00:00.000000218,95.98237,108,15
1970-01-01 00:00:00.000000219,96.074326,108,15
1970-01-01 00:00:00.000000219,96.09082,108,16
1970-01-01 00:00:00.000000220,96.18096,108,16
1970-01-01 00:00:00.000000220,96.11537,108,17
1970-01-01 00:00:00.000000221,96.20567,108,17
1970-01-01 00:00:00.000000221,95.97304,108,18
1970-01-01 00:00:00.000000222,96.052986,108,18
1970-01-01 00:00:00.000000222,95.951775,108,19
1970-01-01 00:00:00.000000223,96.04139,108,19
1970-01-01 00:00:00.000000223,95.88671,108,20
1970-01-01 00:00:00.000000224,95.975044,108,20
1970-01-01 00:00:00.000000224,95.912674,108,21
1970-01-01 00:00:00.000000225,96.00616,108,21
1970-01-01 00:00:00.000000225,95.99147,108,22
1970-01-01 00:00:00.000000226,96.08194,108,22
1970-01-01 00:00:00.000000226,96.19775,108,23
1970-01-01 00:00:00.000000227,96.285835,108,23
1970-01-01 00:00:00.000000227,96.14089,108,24
1970-01-01 00:00:00.000000228,96.231415,108,24
1970-01-01 00:00:00.000000228,96.12003,108,25
1970-01-01 00:00:00.000000229,96.211815,108,25
1970-01-01 00:00:00.000000229,96.07279,108,26
1970-01-01 00:00:00.000000230,96.166534,108,26
1970-01-01 00:00:00.000000230,96.51613,108,27
1970-01-01 00:00:00.000000231,96.61348,108,27
1970-01-01 00:00:00.000000231,96.479744,108,28
1970-01-01 00:00:00.000000232,96.567924,108,28
1970-01-01 00:00:00.000000232,96.58407,108,29
1970-01-01 00:00:00.000000233,96.6739,108,29
1970-01-01 00:00:00.000000233,96.57499,108,30
1970-01-01 00:00:00.000000234,96.657616,108,30
1970-01-01 00:00:00.000000234,96.59153,108,31
1970-01-01 00:00:00.000000235,96.67307,108,31
1970-01-01 00:00:00.000000235,96.60293,108,32
1970-01-01 00:00:00.000000236,96.68435,108,32
1970-01-01 00:00:00.000000236,96.80173,108,33
1970-01-01 00:00:00.000000237,96.87704,108,33
1970-01-01 00:00:00.000000237,97.13498,108,34
1970-01-01 00:00:00.000000238,97.21733,108,34
1970-01-01 00:00:00.000000083,96.418846,109,10
1970-01-01 00:00:00.000000084,96.50013,109,10
1970-01-01 00:00:00.000000084,96.5917,109,11
1970-01-01 00:00:00.000000085,96.63763,109,11
1970-01-01 00:00:00.000000505,86.77003,110,10
1970-01-01 00:00:00.000000506,86.74522,110,10
1970-01-01 00:00:00.000000506,86.135185,110,11
1970-01-01 00:00:00.000000507,86.05819,110,11
1970-01-01 00:00:00.000000507,87.011086,110,12
1970-01-01 00:00:00.000000508,86.98041,110,12
1970-01-01 00:00:00.000000508,87.567764,110,13
1970-01-01 00:00:00.000000509,87.527145,110,13
1970-01-01 00:00:00.000000509,87.88212,110,14
1970-01-01 00:00:00.000000510,87.84616,110,14
1970-01-01 00:00:00.000000510,88.470116,110,15
1970-01-01 00:00:00.000000511,88.42468,110,15
1970-01-01 00:00:00.000000511,89.10788,110,16
1970-01-01 00:00:00.000000512,89.04146,110,16
1970-01-01 00:00:00.000000512,90.00828,110,17
1970-01-01 00:00:00.000000513,89.91733,110,17
1970-01-01 00:00:00.000000513,90.617096,110,18
1970-01-01 00:00:00.000000514,90.52197,110,18
1970-01-01 00:00:00.000000514,91.11999,110,19
1970-01-01 00:00:00.000000515,91.03022,110,19
1970-01-01 00:00:00.000000515,92.30809,110,20
1970-01-01 00:00:00.000000516,92.12901,110,20
1970-01-01 00:00:00.000000516,93.14295,110,21
1970-01-01 00:00:00.000000517,92.90132,110,21
1970-01-01 00:00:00.000000517,93.56862,110,22
1970-01-01 00:00:00.000000518,93.416534,110,22
1970-01-01 00:00:00.000000518,93.59294,110,23
1970-01-01 00:00:00.000000519,93.50071,110,23
1970-01-01 00:00:00.000000519,92.853676,110,24
1970-01-01 00:00:00.000000520,92.70499,110,24
1970-01-01 00:00:00.000000520,92.08999,110,25
1970-01-01 00:00:00.000000521,91.90914,110,25
1970-01-01 00:00:00.000000521,91.66683,110,26
1970-01-01 00:00:00.000000522,91.53885,110,26
1970-01-01 00:00:00.000000522,90.99049,110,27
1970-01-01 00:00:00.000000523,90.83537,110,27
1970-01-01 00:00:00.000000523,90.530556,110,28
1970-01-01 00:00:00.000000524,90.40269,110,28
1970-01-01 00:00:00.000000524,90.04909,110,29
1970-01-01 00:00:00.000000525,89.926575,110,29
1970-01-01 00:00:00.000000525,90.08549,110,30
1970-01-01 00:00:00.000000526,89.97602,110,30
1970-01-01 00:00:00.000000526,89.90018,110,31
1970-01-01 00:00:00.000000527,89.8265,110,31
1970-01-01 00:00:00.000000527,89.65997,110,32
1970-01-01 00:00:00.000000528,89.58096,110,32
1970-01-01 00:00:00.000000528,91.61896,110,33
1970-01-01 00:00:00.000000529,91.36533,110,33
1970-01-01 00:00:00.000000529,92.37442,110,34
1970-01-01 00:00:00.000000530,92.19421,110,34
1970-01-01 00:00:00.000000530,92.711006,110,35
1970-01-01 00:00:00.000000531,92.58122,110,35
1970-01-01 00:00:00.000000531,92.60919,110,36
1970-01-01 00:00:00.000000532,92.507164,110,36
1970-01-01 00:00:00.000000532,91.983475,110,37
1970-01-01 00:00:00.000000533,91.83737,110,37
1970-01-01 00:00:00.000000533,91.5396,110,38
1970-01-01 00:00:00.000000534,91.40196,110,38
1970-01-01 00:00:00.000000534,91.8572,110,39
1970-01-01 00:00:00.000000535,91.76159,110,39
1970-01-01 00:00:00.000000535,91.35431,110,40
1970-01-01 00:00:00.000000536,91.23514,110,40
1970-01-01 00:00:00.000000536,90.9811,110,41
1970-01-01 00:00:00.000000537,90.86812,110,41
1970-01-01 00:00:00.000000537,90.01368,110,42
1970-01-01 00:00:00.000000538,89.80526,110,42
1970-01-01 00:00:00.000000538,89.20258,110,43
1970-01-01 00:00:00.000000539,89.01777,110,43
1970-01-01 00:00:00.000000539,88.17631,110,44
1970-01-01 00:00:00.000000540,87.971306,110,44
1970-01-01 00:00:00.000000540,87.58956,110,45
1970-01-01 00:00:00.000000541,87.4478,110,45
1970-01-01 00:00:00.000000541,86.73493,110,46
1970-01-01 00:00:00.000000542,86.575424,110,46
1970-01-01 00:00:00.000000542,85.942795,110,47
1970-01-01 00:00:00.000000543,85.79408,110,47
1970-01-01 00:00:00.000000543,84.56295,110,48
1970-01-01 00:00:00.000000544,84.35339,110,48
1970-01-01 00:00:00.000000544,83.82712,110,49
1970-01-01 00:00:00.000000545,83.66195,110,49
1970-01-01 00:00:00.000000545,82.417046,110,50
1970-01-01 00:00:00.000000546,82.24544,110,50
1970-01-01 00:00:00.000000546,81.837296,110,51
1970-01-01 00:00:00.000000547,81.727455,110,51
1970-01-01 00:00:00.000000547,82.15541,110,52
1970-01-01 00:00:00.000000548,82.131645,110,52
1970-01-01 00:00:00.000000548,82.4091,110,53
1970-01-01 00:00:00.000000549,82.34484,110,53
1970-01-01 00:00:00.000000549,82.08692,110,54
1970-01-01 00:00:00.000000550,82.045525,110,54
1970-01-01 00:00:00.000000550,83.399765,110,55
1970-01-01 00:00:00.000000551,83.4376,110,55
1970-01-01 00:00:00.000000551,83.99239,110,56
1970-01-01 00:00:00.000000552,84.004,110,56
1970-01-01 00:00:00.000000552,84.31373,110,57
1970-01-01 00:00:00.000000553,84.295334,110,57
1970-01-01 00:00:00.000000553,83.31279,110,58
1970-01-01 00:00:00.000000554,83.20373,110,58
1970-01-01 00:00:00.000000554,84.56356,110,59
1970-01-01 00:00:00.000000555,84.559875,110,59
1970-01-01 00:00:00.000000555,84.41877,110,60
1970-01-01 00:00:00.000000556,84.39396,110,60
1970-01-01 00:00:00.000000556,84.18262,110,61
1970-01-01 00:00:00.000000557,84.12901,110,61
1970-01-01 00:00:00.000000557,83.95066,110,62
1970-01-01 00:00:00.000000558,83.895546,110,62
1970-01-01 00:00:00.000000558,83.715614,110,63
1970-01-01 00:00:00.000000559,83.65008,110,63
1970-01-01 00:00:00.000000559,83.636,110,64
1970-01-01 00:00:00.000000560,83.47828,110,64
1970-01-01 00:00:00.000000560,80.852585,110,65
1970-01-01 00:00:00.000000561,80.87918,110,65
1970-01-01 00:00:00.000000561,81.164825,110,66
1970-01-01 00:00:00.000000562,81.15387,110,66
1970-01-01 00:00:00.000000562,83.63491,110,67
1970-01-01 00:00:00.000000563,83.3187,110,67
1970-01-01 00:00:00.000000563,82.454544,110,68
1970-01-01 00:00:00.000000564,82.2732,110,68
1970-01-01 00:00:00.000000564,84.372375,110,69
1970-01-01 00:00:00.000000565,84.69419,110,69
1970-01-01 00:00:00.000000565,83.078995,110,70
1970-01-01 00:00:00.000000566,82.9296,110,70
1970-01-01 00:00:00.000000566,85.882454,110,71
1970-01-01 00:00:00.000000567,85.06469,110,71
1970-01-01 00:00:00.000000567,87.29454,110,72
1970-01-01 00:00:00.000000568,85.30609,110,72
1970-01-01 00:00:00.000000568,83.39066,110,73
1970-01-01 00:00:00.000000569,82.43919,110,73
1970-01-01 00:00:00.000000569,76.18359,110,74
1970-01-01 00:00:00.000000570,88.296036,110,74
1970-01-01 00:00:00.000000570,69.4295,110,75
1970-01-01 00:00:00.000000571,77.084114,110,75
1970-01-01 00:00:00.000000571,58.024433,110,76
1970-01-01 00:00:00.000000572,63.115303,110,76
1970-01-01 00:00:00.000000572,56.51454,110,77
1970-01-01 00:00:00.000000573,56.46608,110,77
1970-01-01 00:00:00.000000573,60.714565,110,78
1970-01-01 00:00:00.000000574,60.638092,110,78
1970-01-01 00:00:00.000000574,62.874302,110,79
1970-01-01 00:00:00.000000575,62.83104,110,79
1970-01-01 00:00:00.000000575,62.46361,110,80
1970-01-01 00:00:00.000000576,62.605415,110,80
1970-01-01 00:00:00.000000576,91.49571,110,81
1970-01-01 00:00:00.000000577,91.056854,110,81
1970-01-01 00:00:00.000000577,100.0,110,82
1970-01-01 00:00:00.000000578,100.0,110,82
1970-01-01 00:00:00.000000578,100.0,110,83
1970-01-01 00:00:00.000000579,100.0,110,83
1970-01-01 00:00:00.000000579,100.0,110,84
1970-01-01 00:00:00.000000580,100.0,110,84
1970-01-01 00:00:00.000000580,100.0,110,85
1970-01-01 00:00:00.000000581,100.0,110,85
1970-01-01 00:00:00.000000581,100.0,110,86
1970-01-01 00:00:00.000000582,100.0,110,86
1970-01-01 00:00:00.000000183,96.11547,112,10
1970-01-01 00:00:00.000000184,94.95935,112,10
1970-01-01 00:00:00.000000184,96.587135,112,11
1970-01-01 00:00:00.000000185,95.789345,112,11
1970-01-01 00:00:00.000000185,82.44614,112,12
1970-01-01 00:00:00.000000186,83.21094,112,12
1970-01-01 00:00:00.000000186,84.07835,112,13
1970-01-01 00:00:00.000000187,85.6982,112,13
1970-01-01 00:00:00.000000187,82.22288,112,14
1970-01-01 00:00:00.000000188,82.20971,112,14
1970-01-01 00:00:00.000000188,83.14264,112,15
1970-01-01 00:00:00.000000189,83.22187,112,15
1970-01-01 00:00:00.000000189,81.78726,112,16
1970-01-01 00:00:00.000000190,81.68529,112,16
1970-01-01 00:00:00.000000190,80.51589,112,17
1970-01-01 00:00:00.000000191,80.39995,112,17
1970-01-01 00:00:00.000000191,80.140076,112,18
1970-01-01 00:00:00.000000192,80.09783,112,18
1970-01-01 00:00:00.000000192,78.88118,112,19
1970-01-01 00:00:00.000000193,78.784386,112,19
1970-01-01 00:00:00.000000193,78.80576,112,20
1970-01-01 00:00:00.000000194,78.797714,112,20
1970-01-01 00:00:00.000000194,78.092964,112,21
1970-01-01 00:00:00.000000195,78.03471,112,21
1970-01-01 00:00:00.000000195,77.64211,112,22
1970-01-01 00:00:00.000000196,77.60533,112,22
1970-01-01 00:00:00.000000196,78.29944,112,23
1970-01-01 00:00:00.000000197,78.40693,112,23
1970-01-01 00:00:00.000000197,78.091934,112,24
1970-01-01 00:00:00.000000198,78.159615,112,24
1970-01-01 00:00:00.000000198,79.704056,112,25
1970-01-01 00:00:00.000000199,79.94075,112,25
1970-01-01 00:00:00.000000199,78.77537,112,26
1970-01-01 00:00:00.000000200,78.74434,112,26
1970-01-01 00:00:00.000000200,78.13122,112,27
1970-01-01 00:00:00.000000201,78.08379,112,27
1970-01-01 00:00:00.000000201,79.19109,112,28
1970-01-01 00:00:00.000000202,79.330765,112,28
1970-01-01 00:00:00.000000202,78.41084,112,29
1970-01-01 00:00:00.000000203,78.31653,112,29
1970-01-01 00:00:00.000000172,73.864944,113,10
1970-01-01 00:00:00.000000173,73.8695,113,10
1970-01-01 00:00:00.000000173,73.83344,113,11
1970-01-01 00:00:00.000000174,73.86879,113,11
1970-01-01 00:00:00.000000174,74.37792,113,12
1970-01-01 00:00:00.000000175,74.39941,113,12
1970-01-01 00:00:00.000000175,74.82267,113,13
1970-01-01 00:00:00.000000176,74.83421,113,13
1970-01-01 00:00:00.000000176,74.39131,113,14
1970-01-01 00:00:00.000000177,74.406586,113,14
1970-01-01 00:00:00.000000177,75.403625,113,15
1970-01-01 00:00:00.000000178,75.4151,113,15
1970-01-01 00:00:00.000000178,75.621056,113,16
1970-01-01 00:00:00.000000179,75.636314,113,16
1970-01-01 00:00:00.000000179,75.61656,113,17
1970-01-01 00:00:00.000000180,75.65703,113,17
1970-01-01 00:00:00.000000180,75.34045,113,18
1970-01-01 00:00:00.000000181,75.35918,113,18
1970-01-01 00:00:00.000000181,75.80263,113,19
1970-01-01 00:00:00.000000182,75.82317,113,19
1970-01-01 00:00:00.000000182,74.7652,113,20
1970-01-01 00:00:00.000000183,74.76396,113,20
1970-01-01 00:00:00.000000183,72.11928,113,21
1970-01-01 00:00:00.000000184,72.1089,113,21
1970-01-01 00:00:00.000000184,70.36709,113,22
1970-01-01 00:00:00.000000185,70.3614,113,22
1970-01-01 00:00:00.000000185,70.81129,113,23
1970-01-01 00:00:00.000000186,70.84154,113,23
1970-01-01 00:00:00.000000186,71.13537,113,24
1970-01-01 00:00:00.000000187,71.15827,113,24
1970-01-01 00:00:00.000000187,71.31686,113,25
1970-01-01 00:00:00.000000188,71.34953,113,25
1970-01-01 00:00:00.000000188,72.73408,113,26
1970-01-01 00:00:00.000000189,72.778694,113,26
1970-01-01 00:00:00.000000189,74.37364,113,27
1970-01-01 00:00:00.000000190,74.296165,113,27
1970-01-01 00:00:00.000000157,78.992325,114,10
1970-01-01 00:00:00.000000158,79.03351,114,10
1970-01-01 00:00:00.000000158,79.09394,114,11
1970-01-01 00:00:00.000000159,79.13573,114,11
1970-01-01 00:00:00.000000159,78.68007,114,12
1970-01-01 00:00:00.000000160,78.63338,114,12
1970-01-01 00:00:00.000000160,78.499695,114,13
1970-01-01 00:00:00.000000161,78.45581,114,13
1970-01-01 00:00:00.000000161,78.39259,114,14
1970-01-01 00:00:00.000000162,78.36098,114,14
1970-01-01 00:00:00.000000162,78.17055,114,15
1970-01-01 00:00:00.000000163,78.11395,114,15
1970-01-01 00:00:00.000000163,78.11841,114,16
1970-01-01 00:00:00.000000164,77.79789,114,16
1970-01-01 00:00:00.000000164,76.38538,114,17
1970-01-01 00:00:00.000000165,75.76755,114,17
1970-01-01 00:00:00.000000165,72.34488,114,18
1970-01-01 00:00:00.000000166,78.89094,114,18
1970-01-01 00:00:00.000000166,99.881065,114,19
1970-01-01 00:00:00.000000167,100.0,114,19
1970-01-01 00:00:00.000000167,100.0,114,20
1970-01-01 00:00:00.000000168,100.0,114,20
1970-01-01 00:00:00.000000168,100.0,114,21
1970-01-01 00:00:00.000000169,100.0,114,21
1970-01-01 00:00:00.000000169,100.0,114,22
1970-01-01 00:00:00.000000170,100.0,114,22
1970-01-01 00:00:00.000000170,100.0,114,23
1970-01-01 00:00:00.000000171,100.0,114,23
1970-01-01 00:00:00.000000171,100.0,114,24
1970-01-01 00:00:00.000000172,100.0,114,24
1970-01-01 00:00:00.000000086,100.0,115,10
1970-01-01 00:00:00.000000087,100.0,115,10
1970-01-01 00:00:00.000000087,100.0,115,11
1970-01-01 00:00:00.000000088,100.0,115,11
1970-01-01 00:00:00.000000088,100.0,115,12
1970-01-01 00:00:00.000000089,100.0,115,12
1970-01-01 00:00:00.000000096,78.906845,117,10
1970-01-01 00:00:00.000000097,78.89179,117,10
1970-01-01 00:00:00.000000097,79.344124,117,11
1970-01-01 00:00:00.000000098,79.41306,117,11
1970-01-01 00:00:00.000000098,79.06815,117,12
1970-01-01 00:00:00.000000099,79.05983,117,12
1970-01-01 00:00:00.000000099,78.79068,117,13
1970-01-01 00:00:00.000000100,78.73483,117,13
1970-01-01 00:00:00.000000082,89.32485,118,10
1970-01-01 00:00:00.000000083,89.44958,118,10
1970-01-01 00:00:00.000000083,90.86299,118,11
1970-01-01 00:00:00.000000084,91.00455,118,11
1970-01-01 00:00:00.000000109,75.06541,121,10
1970-01-01 00:00:00.000000110,75.13492,121,10
1970-01-01 00:00:00.000000110,74.91796,121,11
1970-01-01 00:00:00.000000111,74.94611,121,11
1970-01-01 00:00:00.000000111,76.09624,121,12
1970-01-01 00:00:00.000000112,76.33243,121,12
1970-01-01 00:00:00.000000112,75.85513,121,13
1970-01-01 00:00:00.000000113,75.887886,121,13
1970-01-01 00:00:00.000000113,76.46736,121,14
1970-01-01 00:00:00.000000114,76.60261,121,14
1970-01-01 00:00:00.000000114,76.86068,121,15
1970-01-01 00:00:00.000000115,76.94383,121,15
1970-01-01 00:00:00.000000115,77.00547,121,16
1970-01-01 00:00:00.000000116,77.0202,121,16
1970-01-01 00:00:00.000000165,95.7576,122,10
1970-01-01 00:00:00.000000166,94.65808,122,10
1970-01-01 00:00:00.000000166,93.27359,122,11
1970-01-01 00:00:00.000000167,92.73606,122,11
1970-01-01 00:00:00.000000167,93.1719,122,12
1970-01-01 00:00:00.000000168,93.447044,122,12
1970-01-01 00:00:00.000000168,94.95472,122,13
1970-01-01 00:00:00.000000169,95.34593,122,13
1970-01-01 00:00:00.000000169,94.70441,122,14
1970-01-01 00:00:00.000000170,94.841576,122,14
1970-01-01 00:00:00.000000170,95.37533,122,15
1970-01-01 00:00:00.000000171,95.55963,122,15
1970-01-01 00:00:00.000000171,95.73383,122,16
1970-01-01 00:00:00.000000172,95.88626,122,16
1970-01-01 00:00:00.000000172,95.571686,122,17
1970-01-01 00:00:00.000000173,95.69172,122,17
1970-01-01 00:00:00.000000173,95.44567,122,18
1970-01-01 00:00:00.000000174,95.56668,122,18
1970-01-01 00:00:00.000000174,94.90138,122,19
1970-01-01 00:00:00.000000175,95.052086,122,19
1970-01-01 00:00:00.000000175,93.8151,122,20
1970-01-01 00:00:00.000000176,94.10363,122,20
1970-01-01 00:00:00.000000176,92.948364,122,21
1970-01-01 00:00:00.000000177,93.23559,122,21
1970-01-01 00:00:00.000000177,91.97567,122,22
1970-01-01 00:00:00.000000178,92.163315,122,22
1970-01-01 00:00:00.000000178,91.49955,122,23
1970-01-01 00:00:00.000000179,91.096504,122,23
1970-01-01 00:00:00.000000179,92.02089,122,24
1970-01-01 00:00:00.000000180,92.26889,122,24
1970-01-01 00:00:00.000000180,90.3619,122,25
1970-01-01 00:00:00.000000181,91.65524,122,25
1970-01-01 00:00:00.000000181,91.98447,122,26
1970-01-01 00:00:00.000000182,92.12368,122,26
1970-01-01 00:00:00.000000101,93.906075,123,10
1970-01-01 00:00:00.000000102,92.90955,123,10
1970-01-01 00:00:00.000000102,81.85842,123,11
1970-01-01 00:00:00.000000103,81.178696,123,11
1970-01-01 00:00:00.000000103,82.90035,123,12
1970-01-01 00:00:00.000000104,89.6631,123,12
1970-01-01 00:00:00.000000104,80.288086,123,13
1970-01-01 00:00:00.000000105,80.79863,123,13
1970-01-01 00:00:00.000000105,90.09225,123,14
1970-01-01 00:00:00.000000106,93.33242,123,14
1970-01-01 00:00:00.000000106,89.77194,123,15
1970-01-01 00:00:00.000000107,91.14629,123,15
1970-01-01 00:00:00.000000107,76.50502,124,10
1970-01-01 00:00:00.000000108,79.182655,124,10
1970-01-01 00:00:00.000000108,100.0,124,11
1970-01-01 00:00:00.000000109,99.81872,124,11
1970-01-01 00:00:00.000000109,100.0,124,12
1970-01-01 00:00:00.000000110,100.0,124,12
1970-01-01 00:00:00.000000110,100.0,124,13
1970-01-01 00:00:00.000000111,100.0,124,13
1970-01-01 00:00:00.000000111,100.0,124,14
1970-01-01 00:00:00.000000112,100.0,124,14
1970-01-01 00:00:00.000000112,100.0,124,15
1970-01-01 00:00:00.000000113,100.0,124,15
1970-01-01 00:00:00.000000164,78.17082,125,10
1970-01-01 00:00:00.000000165,78.10101,125,10
1970-01-01 00:00:00.000000165,79.61114,125,11
1970-01-01 00:00:00.000000166,79.876785,125,11
1970-01-01 00:00:00.000000166,79.23157,125,12
1970-01-01 00:00:00.000000167,79.31681,125,12
1970-01-01 00:00:00.000000167,78.15921,125,13
1970-01-01 00:00:00.000000168,78.093124,125,13
1970-01-01 00:00:00.000000168,78.53561,125,14
1970-01-01 00:00:00.000000169,78.65937,125,14
1970-01-01 00:00:00.000000169,78.180824,125,15
1970-01-01 00:00:00.000000170,78.19002,125,15
1970-01-01 00:00:00.000000170,77.42214,125,16
1970-01-01 00:00:00.000000171,77.37243,125,16
1970-01-01 00:00:00.000000171,77.592705,125,17
1970-01-01 00:00:00.000000172,77.70555,125,17
1970-01-01 00:00:00.000000172,77.75452,125,18
1970-01-01 00:00:00.000000173,77.65851,125,18
1970-01-01 00:00:00.000000173,73.8535,125,19
1970-01-01 00:00:00.000000174,69.380104,125,19
1970-01-01 00:00:00.000000174,78.51111,125,20
1970-01-01 00:00:00.000000175,73.62967,125,20
1970-01-01 00:00:00.000000175,98.108185,125,21
1970-01-01 00:00:00.000000176,95.95329,125,21
1970-01-01 00:00:00.000000176,100.0,125,22
1970-01-01 00:00:00.000000177,100.0,125,22
1970-01-01 00:00:00.000000177,100.0,125,23
1970-01-01 00:00:00.000000178,100.0,125,23
1970-01-01 00:00:00.000000178,100.0,125,24
1970-01-01 00:00:00.000000179,100.0,125,24
1970-01-01 00:00:00.000000179,99.865395,125,25
1970-01-01 00:00:00.000000180,99.848274,125,25
1970-01-01 00:00:00.000000208,72.94026,126,10
1970-01-01 00:00:00.000000209,72.88302,126,10
1970-01-01 00:00:00.000000209,74.33983,126,11
1970-01-01 00:00:00.000000210,74.38079,126,11
1970-01-01 00:00:00.000000210,75.59047,126,12
1970-01-01 00:00:00.000000211,75.6485,126,12
1970-01-01 00:00:00.000000211,75.32435,126,13
1970-01-01 00:00:00.000000212,75.32584,126,13
1970-01-01 00:00:00.000000212,75.46385,126,14
1970-01-01 00:00:00.000000213,75.464066,126,14
1970-01-01 00:00:00.000000213,75.65693,126,15
1970-01-01 00:00:00.000000214,75.664154,126,15
1970-01-01 00:00:00.000000214,76.38206,126,16
1970-01-01 00:00:00.000000215,76.39865,126,16
1970-01-01 00:00:00.000000215,76.96751,126,17
1970-01-01 00:00:00.000000216,76.98394,126,17
1970-01-01 00:00:00.000000216,77.00303,126,18
1970-01-01 00:00:00.000000217,77.00276,126,18
1970-01-01 00:00:00.000000217,76.61734,126,19
1970-01-01 00:00:00.000000218,76.63141,126,19
1970-01-01 00:00:00.000000218,76.11421,126,20
1970-01-01 00:00:00.000000219,76.12785,126,20
1970-01-01 00:00:00.000000219,76.85002,126,21
1970-01-01 00:00:00.000000220,76.86031,126,21
1970-01-01 00:00:00.000000220,77.05959,126,22
1970-01-01 00:00:00.000000221,77.06364,126,22
1970-01-01 00:00:00.000000221,77.78393,126,23
1970-01-01 00:00:00.000000222,77.81023,126,23
1970-01-01 00:00:00.000000222,77.49261,126,24
1970-01-01 00:00:00.000000223,77.500244,126,24
1970-01-01 00:00:00.000000223,77.66516,126,25
1970-01-01 00:00:00.000000224,77.66855,126,25
1970-01-01 00:00:00.000000224,77.59188,126,26
1970-01-01 00:00:00.000000225,77.597824,126,26
1970-01-01 00:00:00.000000225,77.337105,126,27
1970-01-01 00:00:00.000000226,77.34366,126,27
1970-01-01 00:00:00.000000226,76.1015,126,28
1970-01-01 00:00:00.000000227,76.141266,126,28
1970-01-01 00:00:00.000000227,76.04875,126,29
1970-01-01 00:00:00.000000228,76.061966,126,29
1970-01-01 00:00:00.000000228,75.992455,126,30
1970-01-01 00:00:00.000000229,76.01421,126,30
1970-01-01 00:00:00.000000229,76.08683,126,31
1970-01-01 00:00:00.000000230,76.103195,126,31
1970-01-01 00:00:00.000000230,76.64125,126,32
1970-01-01 00:00:00.000000231,76.66136,126,32
1970-01-01 00:00:00.000000231,76.30272,126,33
1970-01-01 00:00:00.000000232,76.3241,126,33
1970-01-01 00:00:00.000000188,88.89114,127,10
1970-01-01 00:00:00.000000189,89.18722,127,10
1970-01-01 00:00:00.000000189,88.8564,127,11
1970-01-01 00:00:00.000000190,89.07935,127,11
1970-01-01 00:00:00.000000190,88.93483,127,12
1970-01-01 00:00:00.000000191,89.09345,127,12
1970-01-01 00:00:00.000000191,88.58899,127,13
1970-01-01 00:00:00.000000192,88.93188,127,13
1970-01-01 00:00:00.000000192,87.91967,127,14
1970-01-01 00:00:00.000000193,88.856316,127,14
1970-01-01 00:00:00.000000193,87.402596,127,15
1970-01-01 00:00:00.000000194,87.77518,127,15
1970-01-01 00:00:00.000000194,87.1278,127,16
1970-01-01 00:00:00.000000195,87.55156,127,16
1970-01-01 00:00:00.000000195,86.69811,127,17
1970-01-01 00:00:00.000000196,87.26495,127,17
1970-01-01 00:00:00.000000196,86.0017,127,18
1970-01-01 00:00:00.000000197,86.85002,127,18
1970-01-01 00:00:00.000000197,85.83522,127,19
1970-01-01 00:00:00.000000198,86.19785,127,19
1970-01-01 00:00:00.000000198,85.447815,127,20
1970-01-01 00:00:00.000000199,86.06054,127,20
1970-01-01 00:00:00.000000199,84.86072,127,21
1970-01-01 00:00:00.000000200,85.68245,127,21
1970-01-01 00:00:00.000000200,84.24595,127,22
1970-01-01 00:00:00.000000201,84.84171,127,22
1970-01-01 00:00:00.000000201,84.867516,127,23
1970-01-01 00:00:00.000000202,85.44646,127,23
1970-01-01 00:00:00.000000202,85.135544,127,24
1970-01-01 00:00:00.000000203,85.59747,127,24
1970-01-01 00:00:00.000000203,85.82434,127,25
1970-01-01 00:00:00.000000204,86.41071,127,25
1970-01-01 00:00:00.000000204,86.90061,127,26
1970-01-01 00:00:00.000000205,87.754486,127,26
1970-01-01 00:00:00.000000205,86.61026,127,27
1970-01-01 00:00:00.000000206,86.98775,127,27
1970-01-01 00:00:00.000000206,86.277016,127,28
1970-01-01 00:00:00.000000207,86.83961,127,28
1970-01-01 00:00:00.000000207,85.930626,127,29
1970-01-01 00:00:00.000000208,86.41894,127,29
1970-01-01 00:00:00.000000208,85.92246,127,30
1970-01-01 00:00:00.000000209,86.291374,127,30
1970-01-01 00:00:00.000000082,99.97181,129,10
1970-01-01 00:00:00.000000083,100.0,129,10
1970-01-01 00:00:00.000000083,99.97221,129,11
1970-01-01 00:00:00.000000084,100.0,129,11
