sequence_index,first_chamber_filling,block_idx,fcst_origin
1970-01-01 00:00:00.000000097,97.61266,0,10
1970-01-01 00:00:00.000000098,97.32589,0,10
1970-01-01 00:00:00.000000099,97.16876,0,10
1970-01-01 00:00:00.000000098,97.85853,0,11
1970-01-01 00:00:00.000000099,97.54745,0,11
1970-01-01 00:00:00.000000100,97.41986,0,11
1970-01-01 00:00:00.000000099,97.90817,0,12
1970-01-01 00:00:00.000000100,97.6484,0,12
1970-01-01 00:00:00.000000101,96.8404,0,12
1970-01-01 00:00:00.000000100,97.81147,0,13
1970-01-01 00:00:00.000000101,96.76002,0,13
1970-01-01 00:00:00.000000102,95.93253,0,13
1970-01-01 00:00:00.000000081,94.95804,1,10
1970-01-01 00:00:00.000000082,94.990906,1,10
1970-01-01 00:00:00.000000083,94.833176,1,10
1970-01-01 00:00:00.000000079,96.571655,4,10
1970-01-01 00:00:00.000000080,96.504555,4,10
1970-01-01 00:00:00.000000081,96.29601,4,10
1970-01-01 00:00:00.000000079,96.95171,5,10
1970-01-01 00:00:00.000000080,96.884384,5,10
1970-01-01 00:00:00.000000081,96.90465,5,10
1970-01-01 00:00:00.000000119,93.52537,11,10
1970-01-01 00:00:00.000000120,93.619965,11,10
1970-01-01 00:00:00.000000121,93.516205,11,10
1970-01-01 00:00:00.000000120,93.44098,11,11
1970-01-01 00:00:00.000000121,93.54308,11,11
1970-01-01 00:00:00.000000122,93.44147,11,11
1970-01-01 00:00:00.000000121,93.36929,11,12
1970-01-01 00:00:00.000000122,93.4725,11,12
1970-01-01 00:00:00.000000123,93.37614,11,12
1970-01-01 00:00:00.000000122,93.33687,11,13
1970-01-01 00:00:00.000000123,93.44448,11,13
1970-01-01 00:00:00.000000124,93.34956,11,13
1970-01-01 00:00:00.000000123,93.45787,11,14
1970-01-01 00:00:00.000000124,93.566536,11,14
1970-01-01 00:00:00.000000125,93.47139,11,14
1970-01-01 00:00:00.000000124,93.84534,11,15
1970-01-01 00:00:00.000000125,93.95105,11,15
1970-01-01 00:00:00.000000126,93.8521,11,15
1970-01-01 00:00:00.000000125,93.95387,11,16
1970-01-01 00:00:00.000000126,94.04763,11,16
1970-01-01 00:00:00.000000127,93.93702,11,16
1970-01-01 00:00:00.000000126,94.20553,11,17
1970-01-01 00:00:00.000000127,94.293594,11,17
1970-01-01 00:00:00.000000128,94.15776,11,17
1970-01-01 00:00:00.000000113,96.47995,12,10
1970-01-01 00:00:00.000000114,96.427025,12,10
1970-01-01 00:00:00.000000115,96.226234,12,10
1970-01-01 00:00:00.000000114,96.47995,12,11
1970-01-01 00:00:00.000000115,96.42343,12,11
1970-01-01 00:00:00.000000116,96.221695,12,11
1970-01-01 00:00:00.000000115,96.37557,12,12
1970-01-01 00:00:00.000000116,96.31977,12,12
1970-01-01 00:00:00.000000117,96.117676,12,12
1970-01-01 00:00:00.000000116,95.96031,12,13
1970-01-01 00:00:00.000000117,95.908615,12,13
1970-01-01 00:00:00.000000118,95.710236,12,13
1970-01-01 00:00:00.000000117,95.89614,12,14
1970-01-01 00:00:00.000000118,95.85976,12,14
1970-01-01 00:00:00.000000119,95.6724,12,14
1970-01-01 00:00:00.000000118,95.91504,12,15
1970-01-01 00:00:00.000000119,95.88243,12,15
1970-01-01 00:00:00.000000120,95.69752,12,15
1970-01-01 00:00:00.000000119,95.74605,12,16
1970-01-01 00:00:00.000000120,95.71273,12,16
1970-01-01 00:00:00.000000121,95.52702,12,16
1970-01-01 00:00:00.000000157,99.726105,13,10
1970-01-01 00:00:00.000000158,99.4515,13,10
1970-01-01 00:00:00.000000159,99.04726,13,10
1970-01-01 00:00:00.000000158,99.698555,13,11
1970-01-01 00:00:00.000000159,99.45069,13,11
1970-01-01 00:00:00.000000160,99.04457,13,11
1970-01-01 00:00:00.000000159,99.69055,13,12
1970-01-01 00:00:00.000000160,99.457726,13,12
1970-01-01 00:00:00.000000161,99.02022,13,12
1970-01-01 00:00:00.000000160,99.7138,13,13
1970-01-01 00:00:00.000000161,99.430565,13,13
1970-01-01 00:00:00.000000162,99.00883,13,13
1970-01-01 00:00:00.000000161,99.68327,13,14
1970-01-01 00:00:00.000000162,99.412315,13,14
1970-01-01 00:00:00.000000163,99.02332,13,14
1970-01-01 00:00:00.000000162,99.62336,13,15
1970-01-01 00:00:00.000000163,99.4075,13,15
1970-01-01 00:00:00.000000164,98.97396,13,15
1970-01-01 00:00:00.000000163,99.70374,13,16
1970-01-01 00:00:00.000000164,99.43434,13,16
1970-01-01 00:00:00.000000165,99.02637,13,16
1970-01-01 00:00:00.000000164,99.68152,13,17
1970-01-01 00:00:00.000000165,99.41685,13,17
1970-01-01 00:00:00.000000166,98.99226,13,17
1970-01-01 00:00:00.000000165,99.585175,13,18
1970-01-01 00:00:00.000000166,99.32485,13,18
1970-01-01 00:00:00.000000167,98.87677,13,18
1970-01-01 00:00:00.000000166,99.63228,13,19
1970-01-01 00:00:00.000000167,99.343216,13,19
1970-01-01 00:00:00.000000168,98.934135,13,19
1970-01-01 00:00:00.000000167,99.64035,13,20
1970-01-01 00:00:00.000000168,99.39397,13,20
1970-01-01 00:00:00.000000169,98.95569,13,20
1970-01-01 00:00:00.000000168,99.66693,13,21
1970-01-01 00:00:00.000000169,99.402916,13,21
1970-01-01 00:00:00.000000170,98.984604,13,21
1970-01-01 00:00:00.000000169,99.70754,13,22
1970-01-01 00:00:00.000000170,99.446365,13,22
1970-01-01 00:00:00.000000171,99.029785,13,22
1970-01-01 00:00:00.000000170,99.69907,13,23
1970-01-01 00:00:00.000000171,99.44689,13,23
1970-01-01 00:00:00.000000172,98.61536,13,23
1970-01-01 00:00:00.000000141,98.64398,15,10
1970-01-01 00:00:00.000000142,98.07037,15,10
1970-01-01 00:00:00.000000143,98.155334,15,10
1970-01-01 00:00:00.000000142,98.21552,15,11
1970-01-01 00:00:00.000000143,98.28036,15,11
1970-01-01 00:00:00.000000144,98.07135,15,11
1970-01-01 00:00:00.000000143,98.53683,15,12
1970-01-01 00:00:00.000000144,98.47461,15,12
1970-01-01 00:00:00.000000145,98.3896,15,12
1970-01-01 00:00:00.000000144,99.687225,15,13
1970-01-01 00:00:00.000000145,99.522,15,13
1970-01-01 00:00:00.000000146,99.38543,15,13
1970-01-01 00:00:00.000000145,98.82003,15,14
1970-01-01 00:00:00.000000146,98.67747,15,14
1970-01-01 00:00:00.000000147,98.52925,15,14
1970-01-01 00:00:00.000000146,98.96391,15,15
1970-01-01 00:00:00.000000147,98.80314,15,15
1970-01-01 00:00:00.000000148,98.60454,15,15
1970-01-01 00:00:00.000000147,98.97237,15,16
1970-01-01 00:00:00.000000148,98.749146,15,16
1970-01-01 00:00:00.000000149,98.60908,15,16
1970-01-01 00:00:00.000000148,98.83318,15,17
1970-01-01 00:00:00.000000149,98.67479,15,17
1970-01-01 00:00:00.000000150,98.507126,15,17
1970-01-01 00:00:00.000000149,98.85811,15,18
1970-01-01 00:00:00.000000150,98.693436,15,18
1970-01-01 00:00:00.000000151,98.23748,15,18
1970-01-01 00:00:00.000000150,98.98772,15,19
1970-01-01 00:00:00.000000151,98.49228,15,19
1970-01-01 00:00:00.000000152,97.80439,15,19
1970-01-01 00:00:00.000000151,98.48529,15,20
1970-01-01 00:00:00.000000152,97.59452,15,20
1970-01-01 00:00:00.000000153,97.584885,15,20
1970-01-01 00:00:00.000000156,94.80751,16,10
1970-01-01 00:00:00.000000157,94.855446,16,10
1970-01-01 00:00:00.000000158,94.70485,16,10
1970-01-01 00:00:00.000000157,94.83017,16,11
1970-01-01 00:00:00.000000158,94.87665,16,11
1970-01-01 00:00:00.000000159,94.72924,16,11
1970-01-01 00:00:00.000000158,94.98114,16,12
1970-01-01 00:00:00.000000159,95.02974,16,12
1970-01-01 00:00:00.000000160,94.876274,16,12
1970-01-01 00:00:00.000000159,95.06815,16,13
1970-01-01 00:00:00.000000160,95.10517,16,13
1970-01-01 00:00:00.000000161,94.94772,16,13
1970-01-01 00:00:00.000000160,95.000916,16,14
1970-01-01 00:00:00.000000161,95.03362,16,14
1970-01-01 00:00:00.000000162,94.875916,16,14
1970-01-01 00:00:00.000000161,94.8423,16,15
1970-01-01 00:00:00.000000162,94.88023,16,15
1970-01-01 00:00:00.000000163,94.723274,16,15
1970-01-01 00:00:00.000000162,94.8058,16,16
1970-01-01 00:00:00.000000163,94.849106,16,16
1970-01-01 00:00:00.000000164,94.69778,16,16
1970-01-01 00:00:00.000000163,94.67496,16,17
1970-01-01 00:00:00.000000164,94.72204,16,17
1970-01-01 00:00:00.000000165,94.572464,16,17
1970-01-01 00:00:00.000000164,94.284096,16,18
1970-01-01 00:00:00.000000165,94.33644,16,18
1970-01-01 00:00:00.000000166,94.19433,16,18
1970-01-01 00:00:00.000000165,94.45137,16,19
1970-01-01 00:00:00.000000166,94.520836,16,19
1970-01-01 00:00:00.000000167,94.389046,16,19
1970-01-01 00:00:00.000000166,94.76279,16,20
1970-01-01 00:00:00.000000167,94.827835,16,20
1970-01-01 00:00:00.000000168,94.69392,16,20
1970-01-01 00:00:00.000000167,94.75002,16,21
1970-01-01 00:00:00.000000168,94.80617,16,21
1970-01-01 00:00:00.000000169,94.663,16,21
1970-01-01 00:00:00.000000168,94.99631,16,22
1970-01-01 00:00:00.000000169,95.04809,16,22
1970-01-01 00:00:00.000000170,94.89709,16,22
1970-01-01 00:00:00.000000169,95.23776,16,23
1970-01-01 00:00:00.000000170,95.272,16,23
1970-01-01 00:00:00.000000171,95.10651,16,23
1970-01-01 00:00:00.000000123,93.4475,17,10
1970-01-01 00:00:00.000000124,93.46703,17,10
1970-01-01 00:00:00.000000125,93.30874,17,10
1970-01-01 00:00:00.000000124,93.476105,17,11
1970-01-01 00:00:00.000000125,93.49557,17,11
1970-01-01 00:00:00.000000126,93.33944,17,11
1970-01-01 00:00:00.000000125,93.399254,17,12
1970-01-01 00:00:00.000000126,93.417885,17,12
1970-01-01 00:00:00.000000127,93.26051,17,12
1970-01-01 00:00:00.000000126,93.22271,17,13
1970-01-01 00:00:00.000000127,93.243515,17,13
1970-01-01 00:00:00.000000128,93.08784,17,13
1970-01-01 00:00:00.000000127,93.131874,17,14
1970-01-01 00:00:00.000000128,93.15947,17,14
1970-01-01 00:00:00.000000129,93.01364,17,14
1970-01-01 00:00:00.000000128,92.38833,17,15
1970-01-01 00:00:00.000000129,92.41864,17,15
1970-01-01 00:00:00.000000130,92.26976,17,15
1970-01-01 00:00:00.000000129,91.27108,17,16
1970-01-01 00:00:00.000000130,91.2981,17,16
1970-01-01 00:00:00.000000131,91.17861,17,16
1970-01-01 00:00:00.000000130,90.36301,17,17
1970-01-01 00:00:00.000000131,90.418915,17,17
1970-01-01 00:00:00.000000132,90.32051,17,17
1970-01-01 00:00:00.000000134,99.60801,19,10
1970-01-01 00:00:00.000000135,99.30623,19,10
1970-01-01 00:00:00.000000136,99.00332,19,10
1970-01-01 00:00:00.000000135,99.65286,19,11
1970-01-01 00:00:00.000000136,99.33707,19,11
1970-01-01 00:00:00.000000137,99.05082,19,11
1970-01-01 00:00:00.000000136,99.67993,19,12
1970-01-01 00:00:00.000000137,99.37681,19,12
1970-01-01 00:00:00.000000138,99.08536,19,12
1970-01-01 00:00:00.000000137,99.69979,19,13
1970-01-01 00:00:00.000000138,99.39019,19,13
1970-01-01 00:00:00.000000139,99.08994,19,13
1970-01-01 00:00:00.000000138,99.692116,19,14
1970-01-01 00:00:00.000000139,99.37156,19,14
1970-01-01 00:00:00.000000140,99.07185,19,14
1970-01-01 00:00:00.000000139,99.65828,19,15
1970-01-01 00:00:00.000000140,99.336716,19,15
1970-01-01 00:00:00.000000141,98.86132,19,15
1970-01-01 00:00:00.000000140,99.66239,19,16
1970-01-01 00:00:00.000000141,99.14248,19,16
1970-01-01 00:00:00.000000142,98.92575,19,16
1970-01-01 00:00:00.000000141,99.4451,19,17
1970-01-01 00:00:00.000000142,99.20899,19,17
1970-01-01 00:00:00.000000143,98.718704,19,17
1970-01-01 00:00:00.000000142,99.500755,19,18
1970-01-01 00:00:00.000000143,99.08124,19,18
1970-01-01 00:00:00.000000144,98.60794,19,18
1970-01-01 00:00:00.000000143,100.0,19,19
1970-01-01 00:00:00.000000144,99.37681,19,19
1970-01-01 00:00:00.000000145,99.02801,19,19
1970-01-01 00:00:00.000000121,96.49207,20,10
1970-01-01 00:00:00.000000122,96.427925,20,10
1970-01-01 00:00:00.000000123,96.22311,20,10
1970-01-01 00:00:00.000000122,96.33845,20,11
1970-01-01 00:00:00.000000123,96.274796,20,11
1970-01-01 00:00:00.000000124,96.06789,20,11
1970-01-01 00:00:00.000000123,96.54689,20,12
1970-01-01 00:00:00.000000124,96.485565,20,12
1970-01-01 00:00:00.000000125,96.282745,20,12
1970-01-01 00:00:00.000000124,96.79346,20,13
1970-01-01 00:00:00.000000125,96.726746,20,13
1970-01-01 00:00:00.000000126,96.52074,20,13
1970-01-01 00:00:00.000000125,96.48659,20,14
1970-01-01 00:00:00.000000126,96.41493,20,14
1970-01-01 00:00:00.000000127,96.20357,20,14
1970-01-01 00:00:00.000000126,96.309906,20,15
1970-01-01 00:00:00.000000127,96.247765,20,15
1970-01-01 00:00:00.000000128,96.04391,20,15
1970-01-01 00:00:00.000000127,96.38997,20,16
1970-01-01 00:00:00.000000128,96.33418,20,16
1970-01-01 00:00:00.000000129,96.13388,20,16
1970-01-01 00:00:00.000000128,96.38332,20,17
1970-01-01 00:00:00.000000129,96.32451,20,17
1970-01-01 00:00:00.000000130,96.116585,20,17
1970-01-01 00:00:00.000000130,96.431114,21,10
1970-01-01 00:00:00.000000131,96.31859,21,10
1970-01-01 00:00:00.000000132,96.07121,21,10
1970-01-01 00:00:00.000000131,97.0364,21,11
1970-01-01 00:00:00.000000132,96.87015,21,11
1970-01-01 00:00:00.000000133,96.58762,21,11
1970-01-01 00:00:00.000000132,97.22233,21,12
1970-01-01 00:00:00.000000133,97.01987,21,12
1970-01-01 00:00:00.000000134,96.70993,21,12
1970-01-01 00:00:00.000000133,97.02069,21,13
1970-01-01 00:00:00.000000134,96.808,21,13
1970-01-01 00:00:00.000000135,96.49569,21,13
1970-01-01 00:00:00.000000134,96.67613,21,14
1970-01-01 00:00:00.000000135,96.4837,21,14
1970-01-01 00:00:00.000000136,96.1774,21,14
1970-01-01 00:00:00.000000135,96.570854,21,15
1970-01-01 00:00:00.000000136,96.39645,21,15
1970-01-01 00:00:00.000000137,96.105675,21,15
1970-01-01 00:00:00.000000136,96.14469,21,16
1970-01-01 00:00:00.000000137,95.9864,21,16
1970-01-01 00:00:00.000000138,95.71143,21,16
1970-01-01 00:00:00.000000137,95.690834,21,17
1970-01-01 00:00:00.000000138,95.563,21,17
1970-01-01 00:00:00.000000139,95.340515,21,17
1970-01-01 00:00:00.000000138,95.46174,21,18
1970-01-01 00:00:00.000000139,95.384346,21,18
1970-01-01 00:00:00.000000140,95.09499,21,18
1970-01-01 00:00:00.000000171,97.604866,22,10
1970-01-01 00:00:00.000000172,97.42554,22,10
1970-01-01 00:00:00.000000173,96.793594,22,10
1970-01-01 00:00:00.000000172,97.42755,22,11
1970-01-01 00:00:00.000000173,96.735954,22,11
1970-01-01 00:00:00.000000174,96.116806,22,11
1970-01-01 00:00:00.000000173,96.573845,22,12
1970-01-01 00:00:00.000000174,95.833786,22,12
1970-01-01 00:00:00.000000175,95.42497,22,12
1970-01-01 00:00:00.000000174,95.51999,22,13
1970-01-01 00:00:00.000000175,95.35207,22,13
1970-01-01 00:00:00.000000176,95.3417,22,13
1970-01-01 00:00:00.000000175,95.4207,22,14
1970-01-01 00:00:00.000000176,95.82161,22,14
1970-01-01 00:00:00.000000177,95.863174,22,14
1970-01-01 00:00:00.000000176,95.466774,22,15
1970-01-01 00:00:00.000000177,95.70814,22,15
1970-01-01 00:00:00.000000178,95.80807,22,15
1970-01-01 00:00:00.000000177,95.634964,22,16
1970-01-01 00:00:00.000000178,95.68351,22,16
1970-01-01 00:00:00.000000179,95.63047,22,16
1970-01-01 00:00:00.000000178,95.57852,22,17
1970-01-01 00:00:00.000000179,95.521774,22,17
1970-01-01 00:00:00.000000180,95.43938,22,17
1970-01-01 00:00:00.000000179,95.74758,22,18
1970-01-01 00:00:00.000000180,95.67929,22,18
1970-01-01 00:00:00.000000181,95.585434,22,18
1970-01-01 00:00:00.000000180,96.020905,22,19
1970-01-01 00:00:00.000000181,95.93611,22,19
1970-01-01 00:00:00.000000182,95.46383,22,19
1970-01-01 00:00:00.000000181,96.048615,22,20
1970-01-01 00:00:00.000000182,95.5696,22,20
1970-01-01 00:00:00.000000183,95.55833,22,20
1970-01-01 00:00:00.000000182,95.668884,22,21
1970-01-01 00:00:00.000000183,95.66818,22,21
1970-01-01 00:00:00.000000184,95.493706,22,21
1970-01-01 00:00:00.000000183,95.61705,22,22
1970-01-01 00:00:00.000000184,95.672485,22,22
1970-01-01 00:00:00.000000185,95.3086,22,22
1970-01-01 00:00:00.000000184,96.784065,22,23
1970-01-01 00:00:00.000000185,96.382996,22,23
1970-01-01 00:00:00.000000186,96.39884,22,23
1970-01-01 00:00:00.000000185,94.63511,22,24
1970-01-01 00:00:00.000000186,94.673676,22,24
1970-01-01 00:00:00.000000187,93.71523,22,24
1970-01-01 00:00:00.000000186,94.19051,22,25
1970-01-01 00:00:00.000000187,93.35546,22,25
1970-01-01 00:00:00.000000188,92.68809,22,25
1970-01-01 00:00:00.000000187,94.341064,22,26
1970-01-01 00:00:00.000000188,93.513016,22,26
1970-01-01 00:00:00.000000189,92.89718,22,26
1970-01-01 00:00:00.000000130,93.07606,23,10
1970-01-01 00:00:00.000000131,93.16956,23,10
1970-01-01 00:00:00.000000132,93.070465,23,10
1970-01-01 00:00:00.000000131,93.07039,23,11
1970-01-01 00:00:00.000000132,93.165596,23,11
1970-01-01 00:00:00.000000133,93.067535,23,11
1970-01-01 00:00:00.000000132,93.12244,23,12
1970-01-01 00:00:00.000000133,93.21787,23,12
1970-01-01 00:00:00.000000134,93.12101,23,12
1970-01-01 00:00:00.000000133,93.170876,23,13
1970-01-01 00:00:00.000000134,93.26469,23,13
1970-01-01 00:00:00.000000135,93.163345,23,13
1970-01-01 00:00:00.000000134,93.220665,23,14
1970-01-01 00:00:00.000000135,93.31013,23,14
1970-01-01 00:00:00.000000136,93.2066,23,14
1970-01-01 00:00:00.000000135,93.48033,23,15
1970-01-01 00:00:00.000000136,93.56792,23,15
1970-01-01 00:00:00.000000137,93.46118,23,15
1970-01-01 00:00:00.000000136,93.60208,23,16
1970-01-01 00:00:00.000000137,93.68021,23,16
1970-01-01 00:00:00.000000138,93.56448,23,16
1970-01-01 00:00:00.000000137,93.6619,23,17
1970-01-01 00:00:00.000000138,93.7332,23,17
1970-01-01 00:00:00.000000139,93.61446,23,17
1970-01-01 00:00:00.000000138,93.75289,23,18
1970-01-01 00:00:00.000000139,93.821655,23,18
1970-01-01 00:00:00.000000140,93.699425,23,18
1970-01-01 00:00:00.000000139,93.77144,23,19
1970-01-01 00:00:00.000000140,93.83522,23,19
1970-01-01 00:00:00.000000141,93.700455,23,19
1970-01-01 00:00:00.000000095,97.40327,25,10
1970-01-01 00:00:00.000000096,97.33086,25,10
1970-01-01 00:00:00.000000097,96.62107,25,10
1970-01-01 00:00:00.000000096,97.224434,25,11
1970-01-01 00:00:00.000000097,96.68201,25,11
1970-01-01 00:00:00.000000098,96.56574,25,11
1970-01-01 00:00:00.000000097,95.69687,25,12
1970-01-01 00:00:00.000000098,95.65237,25,12
1970-01-01 00:00:00.000000099,95.25535,25,12
1970-01-01 00:00:00.000000231,92.64059,26,10
1970-01-01 00:00:00.000000232,92.755165,26,10
1970-01-01 00:00:00.000000233,92.67723,26,10
1970-01-01 00:00:00.000000232,92.75534,26,11
1970-01-01 00:00:00.000000233,92.86781,26,11
1970-01-01 00:00:00.000000234,92.77695,26,11
1970-01-01 00:00:00.000000233,92.785835,26,12
1970-01-01 00:00:00.000000234,92.88142,26,12
1970-01-01 00:00:00.000000235,92.79339,26,12
1970-01-01 00:00:00.000000234,92.95074,26,13
1970-01-01 00:00:00.000000235,93.05172,26,13
1970-01-01 00:00:00.000000236,92.9625,26,13
1970-01-01 00:00:00.000000235,93.074905,26,14
1970-01-01 00:00:00.000000236,93.173065,26,14
1970-01-01 00:00:00.000000237,93.083244,26,14
1970-01-01 00:00:00.000000236,93.094925,26,15
1970-01-01 00:00:00.000000237,93.19449,26,15
1970-01-01 00:00:00.000000238,93.09157,26,15
1970-01-01 00:00:00.000000237,93.03064,26,16
1970-01-01 00:00:00.000000238,93.11856,26,16
1970-01-01 00:00:00.000000239,93.02068,26,16
1970-01-01 00:00:00.000000238,93.0709,26,17
1970-01-01 00:00:00.000000239,93.16631,26,17
1970-01-01 00:00:00.000000240,93.0683,26,17
1970-01-01 00:00:00.000000239,92.95501,26,18
1970-01-01 00:00:00.000000240,93.04789,26,18
1970-01-01 00:00:00.000000241,92.951256,26,18
1970-01-01 00:00:00.000000240,92.613815,26,19
1970-01-01 00:00:00.000000241,92.710205,26,19
1970-01-01 00:00:00.000000242,92.616035,26,19
1970-01-01 00:00:00.000000241,92.621086,26,20
1970-01-01 00:00:00.000000242,92.72775,26,20
1970-01-01 00:00:00.000000243,92.64569,26,20
1970-01-01 00:00:00.000000242,92.57655,26,21
1970-01-01 00:00:00.000000243,92.68714,26,21
1970-01-01 00:00:00.000000244,92.61014,26,21
1970-01-01 00:00:00.000000243,92.55453,26,22
1970-01-01 00:00:00.000000244,92.67026,26,22
1970-01-01 00:00:00.000000245,92.58721,26,22
1970-01-01 00:00:00.000000244,92.56748,26,23
1970-01-01 00:00:00.000000245,92.67645,26,23
1970-01-01 00:00:00.000000246,92.60663,26,23
1970-01-01 00:00:00.000000245,92.50899,26,24
1970-01-01 00:00:00.000000246,92.63076,26,24
1970-01-01 00:00:00.000000247,92.46059,26,24
1970-01-01 00:00:00.000000246,92.517624,26,25
1970-01-01 00:00:00.000000247,92.539314,26,25
1970-01-01 00:00:00.000000248,92.46111,26,25
1970-01-01 00:00:00.000000247,92.457085,26,26
1970-01-01 00:00:00.000000248,92.566864,26,26
1970-01-01 00:00:00.000000249,92.43787,26,26
1970-01-01 00:00:00.000000248,91.87884,26,27
1970-01-01 00:00:00.000000249,91.94728,26,27
1970-01-01 00:00:00.000000250,91.83286,26,27
1970-01-01 00:00:00.000000249,87.81273,26,28
1970-01-01 00:00:00.000000250,87.849754,26,28
1970-01-01 00:00:00.000000251,87.91314,26,28
1970-01-01 00:00:00.000000250,84.62457,26,29
1970-01-01 00:00:00.000000251,84.94131,26,29
1970-01-01 00:00:00.000000252,85.1676,26,29
1970-01-01 00:00:00.000000251,83.7314,26,30
1970-01-01 00:00:00.000000252,84.11608,26,30
1970-01-01 00:00:00.000000253,84.314316,26,30
1970-01-01 00:00:00.000000252,87.3303,26,31
1970-01-01 00:00:00.000000253,87.728325,26,31
1970-01-01 00:00:00.000000254,87.98811,26,31
1970-01-01 00:00:00.000000253,86.21458,26,32
1970-01-01 00:00:00.000000254,86.418915,26,32
1970-01-01 00:00:00.000000255,86.5504,26,32
1970-01-01 00:00:00.000000254,88.69027,26,33
1970-01-01 00:00:00.000000255,88.967606,26,33
1970-01-01 00:00:00.000000256,89.097374,26,33
1970-01-01 00:00:00.000000255,90.59572,26,34
1970-01-01 00:00:00.000000256,90.84186,26,34
1970-01-01 00:00:00.000000257,90.89588,26,34
1970-01-01 00:00:00.000000256,89.99644,26,35
1970-01-01 00:00:00.000000257,90.15995,26,35
1970-01-01 00:00:00.000000258,90.16199,26,35
1970-01-01 00:00:00.000000257,90.19304,26,36
1970-01-01 00:00:00.000000258,90.37005,26,36
1970-01-01 00:00:00.000000259,90.40524,26,36
1970-01-01 00:00:00.000000181,89.62865,29,10
1970-01-01 00:00:00.000000182,89.73745,29,10
1970-01-01 00:00:00.000000183,89.76736,29,10
1970-01-01 00:00:00.000000182,90.321266,29,11
1970-01-01 00:00:00.000000183,90.40848,29,11
1970-01-01 00:00:00.000000184,90.3877,29,11
1970-01-01 00:00:00.000000183,90.38666,29,12
1970-01-01 00:00:00.000000184,90.43977,29,12
1970-01-01 00:00:00.000000185,90.41331,29,12
1970-01-01 00:00:00.000000184,90.83858,29,13
1970-01-01 00:00:00.000000185,90.91731,29,13
1970-01-01 00:00:00.000000186,90.88474,29,13
1970-01-01 00:00:00.000000185,91.08382,29,14
1970-01-01 00:00:00.000000186,91.15504,29,14
1970-01-01 00:00:00.000000187,91.110886,29,14
1970-01-01 00:00:00.000000186,91.70433,29,15
1970-01-01 00:00:00.000000187,91.782005,29,15
1970-01-01 00:00:00.000000188,91.732445,29,15
1970-01-01 00:00:00.000000187,91.49448,29,16
1970-01-01 00:00:00.000000188,91.54715,29,16
1970-01-01 00:00:00.000000189,91.47971,29,16
1970-01-01 00:00:00.000000188,90.36059,29,17
1970-01-01 00:00:00.000000189,90.379036,29,17
1970-01-01 00:00:00.000000190,90.31197,29,17
1970-01-01 00:00:00.000000189,91.37925,29,18
1970-01-01 00:00:00.000000190,91.465546,29,18
1970-01-01 00:00:00.000000191,91.429276,29,18
1970-01-01 00:00:00.000000190,92.48837,29,19
1970-01-01 00:00:00.000000191,92.57349,29,19
1970-01-01 00:00:00.000000192,92.45988,29,19
1970-01-01 00:00:00.000000191,91.963715,29,20
1970-01-01 00:00:00.000000192,91.939064,29,20
1970-01-01 00:00:00.000000193,91.869736,29,20
1970-01-01 00:00:00.000000192,90.6308,29,21
1970-01-01 00:00:00.000000193,90.67569,29,21
1970-01-01 00:00:00.000000194,90.62824,29,21
1970-01-01 00:00:00.000000193,90.46953,29,22
1970-01-01 00:00:00.000000194,90.59406,29,22
1970-01-01 00:00:00.000000195,90.57223,29,22
1970-01-01 00:00:00.000000194,84.36278,29,23
1970-01-01 00:00:00.000000195,84.128426,29,23
1970-01-01 00:00:00.000000196,83.87126,29,23
1970-01-01 00:00:00.000000195,87.5343,29,24
1970-01-01 00:00:00.000000196,87.563675,29,24
1970-01-01 00:00:00.000000197,87.73677,29,24
1970-01-01 00:00:00.000000196,88.31571,29,25
1970-01-01 00:00:00.000000197,88.46517,29,25
1970-01-01 00:00:00.000000198,88.49911,29,25
1970-01-01 00:00:00.000000197,86.81564,29,26
1970-01-01 00:00:00.000000198,86.82829,29,26
1970-01-01 00:00:00.000000199,86.74062,29,26
1970-01-01 00:00:00.000000198,86.7001,29,27
1970-01-01 00:00:00.000000199,86.639,29,27
1970-01-01 00:00:00.000000200,86.80155,29,27
1970-01-01 00:00:00.000000199,88.74659,29,28
1970-01-01 00:00:00.000000200,88.952446,29,28
1970-01-01 00:00:00.000000201,88.97222,29,28
1970-01-01 00:00:00.000000092,89.062454,40,10
1970-01-01 00:00:00.000000093,89.10392,40,10
1970-01-01 00:00:00.000000094,89.046486,40,10
1970-01-01 00:00:00.000000093,89.33338,40,11
1970-01-01 00:00:00.000000094,89.35432,40,11
1970-01-01 00:00:00.000000095,89.28084,40,11
1970-01-01 00:00:00.000000094,90.22637,40,12
1970-01-01 00:00:00.000000095,90.27373,40,12
1970-01-01 00:00:00.000000096,90.176765,40,12
1970-01-01 00:00:00.000000092,84.94602,42,10
1970-01-01 00:00:00.000000093,84.98,42,10
1970-01-01 00:00:00.000000094,85.02881,42,10
1970-01-01 00:00:00.000000093,84.633896,42,11
1970-01-01 00:00:00.000000094,84.603035,42,11
1970-01-01 00:00:00.000000095,84.56747,42,11
1970-01-01 00:00:00.000000094,84.977264,42,12
1970-01-01 00:00:00.000000095,84.972885,42,12
1970-01-01 00:00:00.000000096,84.90062,42,12
1970-01-01 00:00:00.000000156,71.54672,45,10
1970-01-01 00:00:00.000000157,71.61472,45,10
1970-01-01 00:00:00.000000158,71.889145,45,10
1970-01-01 00:00:00.000000157,71.261505,45,11
1970-01-01 00:00:00.000000158,71.32958,45,11
1970-01-01 00:00:00.000000159,71.59419,45,11
1970-01-01 00:00:00.000000158,70.88455,45,12
1970-01-01 00:00:00.000000159,70.94996,45,12
1970-01-01 00:00:00.000000160,71.23136,45,12
1970-01-01 00:00:00.000000159,71.34361,45,13
1970-01-01 00:00:00.000000160,71.43505,45,13
1970-01-01 00:00:00.000000161,71.71679,45,13
1970-01-01 00:00:00.000000160,70.88523,45,14
1970-01-01 00:00:00.000000161,70.955345,45,14
1970-01-01 00:00:00.000000162,71.23582,45,14
1970-01-01 00:00:00.000000161,71.05802,45,15
1970-01-01 00:00:00.000000162,71.144226,45,15
1970-01-01 00:00:00.000000163,71.436295,45,15
1970-01-01 00:00:00.000000162,71.33729,45,16
1970-01-01 00:00:00.000000163,71.428856,45,16
1970-01-01 00:00:00.000000164,71.71196,45,16
1970-01-01 00:00:00.000000163,71.91317,45,17
1970-01-01 00:00:00.000000164,71.99711,45,17
1970-01-01 00:00:00.000000165,72.26439,45,17
1970-01-01 00:00:00.000000164,71.450035,45,18
1970-01-01 00:00:00.000000165,71.50079,45,18
1970-01-01 00:00:00.000000166,71.76144,45,18
1970-01-01 00:00:00.000000165,71.52105,45,19
1970-01-01 00:00:00.000000166,71.58833,45,19
1970-01-01 00:00:00.000000167,71.858185,45,19
1970-01-01 00:00:00.000000166,71.32188,45,20
1970-01-01 00:00:00.000000167,71.392494,45,20
1970-01-01 00:00:00.000000168,71.661125,45,20
1970-01-01 00:00:00.000000167,70.58947,45,21
1970-01-01 00:00:00.000000168,70.659386,45,21
1970-01-01 00:00:00.000000169,70.92804,45,21
1970-01-01 00:00:00.000000168,70.68318,45,22
1970-01-01 00:00:00.000000169,70.7627,45,22
1970-01-01 00:00:00.000000170,70.332405,45,22
1970-01-01 00:00:00.000000169,71.45458,45,23
1970-01-01 00:00:00.000000170,70.83952,45,23
1970-01-01 00:00:00.000000171,71.17449,45,23
1970-01-01 00:00:00.000000116,85.692535,46,10
1970-01-01 00:00:00.000000117,85.71578,46,10
1970-01-01 00:00:00.000000118,85.70077,46,10
1970-01-01 00:00:00.000000117,87.709595,46,11
1970-01-01 00:00:00.000000118,87.827614,46,11
1970-01-01 00:00:00.000000119,87.85671,46,11
1970-01-01 00:00:00.000000118,85.89855,46,12
1970-01-01 00:00:00.000000119,85.88587,46,12
1970-01-01 00:00:00.000000120,85.84273,46,12
1970-01-01 00:00:00.000000119,86.23307,46,13
1970-01-01 00:00:00.000000120,86.279816,46,13
1970-01-01 00:00:00.000000121,86.28261,46,13
1970-01-01 00:00:00.000000120,86.001274,46,14
1970-01-01 00:00:00.000000121,86.03291,46,14
1970-01-01 00:00:00.000000122,86.02568,46,14
1970-01-01 00:00:00.000000121,85.754616,46,15
1970-01-01 00:00:00.000000122,85.777504,46,15
1970-01-01 00:00:00.000000123,85.77838,46,15
1970-01-01 00:00:00.000000122,85.73683,46,16
1970-01-01 00:00:00.000000123,85.77351,46,16
1970-01-01 00:00:00.000000124,85.77993,46,16
1970-01-01 00:00:00.000000243,77.93609,53,10
1970-01-01 00:00:00.000000244,78.043106,53,10
1970-01-01 00:00:00.000000245,78.158325,53,10
1970-01-01 00:00:00.000000244,79.71397,53,11
1970-01-01 00:00:00.000000245,79.77391,53,11
1970-01-01 00:00:00.000000246,79.8828,53,11
1970-01-01 00:00:00.000000245,78.98,53,12
1970-01-01 00:00:00.000000246,78.93105,53,12
1970-01-01 00:00:00.000000247,78.947044,53,12
1970-01-01 00:00:00.000000246,81.20083,53,13
1970-01-01 00:00:00.000000247,81.253654,53,13
1970-01-01 00:00:00.000000248,81.35593,53,13
1970-01-01 00:00:00.000000247,80.62927,53,14
1970-01-01 00:00:00.000000248,80.59102,53,14
1970-01-01 00:00:00.000000249,80.60563,53,14
1970-01-01 00:00:00.000000248,78.392975,53,15
1970-01-01 00:00:00.000000249,78.2496,53,15
1970-01-01 00:00:00.000000250,78.18389,53,15
1970-01-01 00:00:00.000000249,79.849174,53,16
1970-01-01 00:00:00.000000250,79.83909,53,16
1970-01-01 00:00:00.000000251,79.894196,53,16
1970-01-01 00:00:00.000000250,81.04103,53,17
1970-01-01 00:00:00.000000251,81.06172,53,17
1970-01-01 00:00:00.000000252,81.12772,53,17
1970-01-01 00:00:00.000000251,82.19277,53,18
1970-01-01 00:00:00.000000252,82.21944,53,18
1970-01-01 00:00:00.000000253,82.284294,53,18
1970-01-01 00:00:00.000000252,82.3969,53,19
1970-01-01 00:00:00.000000253,82.38518,53,19
1970-01-01 00:00:00.000000254,82.41605,53,19
1970-01-01 00:00:00.000000253,80.0556,53,20
1970-01-01 00:00:00.000000254,79.91175,53,20
1970-01-01 00:00:00.000000255,79.84814,53,20
1970-01-01 00:00:00.000000254,80.16876,53,21
1970-01-01 00:00:00.000000255,80.10583,53,21
1970-01-01 00:00:00.000000256,80.08433,53,21
1970-01-01 00:00:00.000000255,77.5887,53,22
1970-01-01 00:00:00.000000256,77.409805,53,22
1970-01-01 00:00:00.000000257,77.34762,53,22
1970-01-01 00:00:00.000000256,76.85323,53,23
1970-01-01 00:00:00.000000257,76.77529,53,23
1970-01-01 00:00:00.000000258,76.764244,53,23
1970-01-01 00:00:00.000000257,76.49978,53,24
1970-01-01 00:00:00.000000258,76.46102,53,24
1970-01-01 00:00:00.000000259,76.48884,53,24
1970-01-01 00:00:00.000000258,76.748314,53,25
1970-01-01 00:00:00.000000259,76.74634,53,25
1970-01-01 00:00:00.000000260,76.826164,53,25
1970-01-01 00:00:00.000000259,76.10346,53,26
1970-01-01 00:00:00.000000260,76.108665,53,26
1970-01-01 00:00:00.000000261,76.16103,53,26
1970-01-01 00:00:00.000000260,75.77865,53,27
1970-01-01 00:00:00.000000261,75.79465,53,27
1970-01-01 00:00:00.000000262,75.85985,53,27
1970-01-01 00:00:00.000000261,76.04526,53,28
1970-01-01 00:00:00.000000262,76.08671,53,28
1970-01-01 00:00:00.000000263,76.16472,53,28
1970-01-01 00:00:00.000000262,77.81969,53,29
1970-01-01 00:00:00.000000263,77.89788,53,29
1970-01-01 00:00:00.000000264,78.017265,53,29
1970-01-01 00:00:00.000000263,78.52187,53,30
1970-01-01 00:00:00.000000264,78.55502,53,30
1970-01-01 00:00:00.000000265,78.63569,53,30
1970-01-01 00:00:00.000000264,79.80156,53,31
1970-01-01 00:00:00.000000265,79.837814,53,31
1970-01-01 00:00:00.000000266,79.908966,53,31
1970-01-01 00:00:00.000000265,79.01752,53,32
1970-01-01 00:00:00.000000266,78.95183,53,32
1970-01-01 00:00:00.000000267,78.975266,53,32
1970-01-01 00:00:00.000000266,79.26939,53,33
1970-01-01 00:00:00.000000267,79.255455,53,33
1970-01-01 00:00:00.000000268,79.29898,53,33
1970-01-01 00:00:00.000000267,78.59945,53,34
1970-01-01 00:00:00.000000268,78.55281,53,34
1970-01-01 00:00:00.000000269,78.55692,53,34
1970-01-01 00:00:00.000000268,77.7276,53,35
1970-01-01 00:00:00.000000269,77.65533,53,35
1970-01-01 00:00:00.000000270,77.65628,53,35
1970-01-01 00:00:00.000000269,74.997215,53,36
1970-01-01 00:00:00.000000270,74.90878,53,36
1970-01-01 00:00:00.000000271,74.89663,53,36
1970-01-01 00:00:00.000000270,73.82295,53,37
1970-01-01 00:00:00.000000271,73.84738,53,37
1970-01-01 00:00:00.000000272,73.900116,53,37
1970-01-01 00:00:00.000000271,77.22134,53,38
1970-01-01 00:00:00.000000272,77.3767,53,38
1970-01-01 00:00:00.000000273,77.54178,53,38
1970-01-01 00:00:00.000000272,79.67013,53,39
1970-01-01 00:00:00.000000273,79.78638,53,39
1970-01-01 00:00:00.000000274,79.937904,53,39
1970-01-01 00:00:00.000000097,57.24087,54,10
1970-01-01 00:00:00.000000098,58.259514,54,10
1970-01-01 00:00:00.000000099,59.149635,54,10
1970-01-01 00:00:00.000000098,57.09108,54,11
1970-01-01 00:00:00.000000099,58.128872,54,11
1970-01-01 00:00:00.000000100,59.029762,54,11
1970-01-01 00:00:00.000000099,57.118767,54,12
1970-01-01 00:00:00.000000100,58.17031,54,12
1970-01-01 00:00:00.000000101,59.093475,54,12
1970-01-01 00:00:00.000000100,57.42261,54,13
1970-01-01 00:00:00.000000101,58.501934,54,13
1970-01-01 00:00:00.000000102,59.401875,54,13
1970-01-01 00:00:00.000000277,70.64537,60,10
1970-01-01 00:00:00.000000278,70.5771,60,10
1970-01-01 00:00:00.000000279,70.77424,60,10
1970-01-01 00:00:00.000000278,68.868706,60,11
1970-01-01 00:00:00.000000279,68.85033,60,11
1970-01-01 00:00:00.000000280,69.09831,60,11
1970-01-01 00:00:00.000000279,64.19042,60,12
1970-01-01 00:00:00.000000280,64.344666,60,12
1970-01-01 00:00:00.000000281,64.80182,60,12
1970-01-01 00:00:00.000000280,66.11738,60,13
1970-01-01 00:00:00.000000281,66.384415,60,13
1970-01-01 00:00:00.000000282,66.87659,60,13
1970-01-01 00:00:00.000000281,65.96535,60,14
1970-01-01 00:00:00.000000282,66.21369,60,14
1970-01-01 00:00:00.000000283,66.70303,60,14
1970-01-01 00:00:00.000000282,68.10785,60,15
1970-01-01 00:00:00.000000283,68.33893,60,15
1970-01-01 00:00:00.000000284,68.76611,60,15
1970-01-01 00:00:00.000000283,70.08979,60,16
1970-01-01 00:00:00.000000284,70.22671,60,16
1970-01-01 00:00:00.000000285,70.57677,60,16
1970-01-01 00:00:00.000000284,70.884895,60,17
1970-01-01 00:00:00.000000285,70.9329,60,17
1970-01-01 00:00:00.000000286,71.18837,60,17
1970-01-01 00:00:00.000000285,71.03987,60,18
1970-01-01 00:00:00.000000286,71.01437,60,18
1970-01-01 00:00:00.000000287,71.22303,60,18
1970-01-01 00:00:00.000000286,71.78162,60,19
1970-01-01 00:00:00.000000287,71.72957,60,19
1970-01-01 00:00:00.000000288,71.92081,60,19
1970-01-01 00:00:00.000000287,73.40353,60,20
1970-01-01 00:00:00.000000288,73.33869,60,20
1970-01-01 00:00:00.000000289,73.477776,60,20
1970-01-01 00:00:00.000000288,73.21201,60,21
1970-01-01 00:00:00.000000289,73.05878,60,21
1970-01-01 00:00:00.000000290,73.135056,60,21
1970-01-01 00:00:00.000000289,72.30766,60,22
1970-01-01 00:00:00.000000290,72.12561,60,22
1970-01-01 00:00:00.000000291,72.20711,60,22
1970-01-01 00:00:00.000000290,71.599556,60,23
1970-01-01 00:00:00.000000291,71.45213,60,23
1970-01-01 00:00:00.000000292,71.565636,60,23
1970-01-01 00:00:00.000000291,72.24823,60,24
1970-01-01 00:00:00.000000292,72.13528,60,24
1970-01-01 00:00:00.000000293,72.26629,60,24
1970-01-01 00:00:00.000000292,70.62434,60,25
1970-01-01 00:00:00.000000293,70.51195,60,25
1970-01-01 00:00:00.000000294,70.69008,60,25
1970-01-01 00:00:00.000000293,71.51729,60,26
1970-01-01 00:00:00.000000294,71.47771,60,26
1970-01-01 00:00:00.000000295,71.65627,60,26
1970-01-01 00:00:00.000000294,72.026344,60,27
1970-01-01 00:00:00.000000295,71.95336,60,27
1970-01-01 00:00:00.000000296,72.10888,60,27
1970-01-01 00:00:00.000000295,70.04289,60,28
1970-01-01 00:00:00.000000296,69.95009,60,28
1970-01-01 00:00:00.000000297,70.13234,60,28
1970-01-01 00:00:00.000000296,69.06309,60,29
1970-01-01 00:00:00.000000297,69.04357,60,29
1970-01-01 00:00:00.000000298,69.299934,60,29
1970-01-01 00:00:00.000000297,70.23567,60,30
1970-01-01 00:00:00.000000298,70.26594,60,30
1970-01-01 00:00:00.000000299,70.51475,60,30
1970-01-01 00:00:00.000000298,70.35687,60,31
1970-01-01 00:00:00.000000299,70.34405,60,31
1970-01-01 00:00:00.000000300,70.58879,60,31
1970-01-01 00:00:00.000000299,70.08753,60,32
1970-01-01 00:00:00.000000300,70.08233,60,32
1970-01-01 00:00:00.000000301,70.303825,60,32
1970-01-01 00:00:00.000000300,68.38858,60,33
1970-01-01 00:00:00.000000301,68.38788,60,33
1970-01-01 00:00:00.000000302,68.66049,60,33
1970-01-01 00:00:00.000000301,66.67821,60,34
1970-01-01 00:00:00.000000302,66.769196,60,34
1970-01-01 00:00:00.000000303,67.15091,60,34
1970-01-01 00:00:00.000000302,67.86921,60,35
1970-01-01 00:00:00.000000303,68.03177,60,35
1970-01-01 00:00:00.000000304,68.41636,60,35
1970-01-01 00:00:00.000000303,66.882576,60,36
1970-01-01 00:00:00.000000304,67.03038,60,36
1970-01-01 00:00:00.000000305,67.441124,60,36
1970-01-01 00:00:00.000000304,67.747696,60,37
1970-01-01 00:00:00.000000305,67.92394,60,37
1970-01-01 00:00:00.000000306,68.33075,60,37
1970-01-01 00:00:00.000000305,65.84684,60,38
1970-01-01 00:00:00.000000306,66.036766,60,38
1970-01-01 00:00:00.000000307,66.4807,60,38
1970-01-01 00:00:00.000000306,67.72001,60,39
1970-01-01 00:00:00.000000307,67.93307,60,39
1970-01-01 00:00:00.000000308,68.366745,60,39
1970-01-01 00:00:00.000000307,69.28729,60,40
1970-01-01 00:00:00.000000308,69.44768,60,40
1970-01-01 00:00:00.000000309,69.81493,60,40
1970-01-01 00:00:00.000000308,72.98235,60,41
1970-01-01 00:00:00.000000309,73.092125,60,41
1970-01-01 00:00:00.000000310,73.360085,60,41
1970-01-01 00:00:00.000000309,67.562805,60,42
1970-01-01 00:00:00.000000310,67.532646,60,42
1970-01-01 00:00:00.000000311,67.81909,60,42
1970-01-01 00:00:00.000000310,64.63791,60,43
1970-01-01 00:00:00.000000311,64.82027,60,43
1970-01-01 00:00:00.000000312,65.26306,60,43
1970-01-01 00:00:00.000000311,63.645176,60,44
1970-01-01 00:00:00.000000312,63.947643,60,44
1970-01-01 00:00:00.000000313,64.4956,60,44
1970-01-01 00:00:00.000000312,67.183105,60,45
1970-01-01 00:00:00.000000313,67.50889,60,45
1970-01-01 00:00:00.000000314,68.03086,60,45
1970-01-01 00:00:00.000000102,94.999306,61,10
1970-01-01 00:00:00.000000103,94.58413,61,10
1970-01-01 00:00:00.000000104,94.28709,61,10
1970-01-01 00:00:00.000000103,94.94757,61,11
1970-01-01 00:00:00.000000104,94.58151,61,11
1970-01-01 00:00:00.000000105,94.26953,61,11
1970-01-01 00:00:00.000000104,95.16135,61,12
1970-01-01 00:00:00.000000105,94.783424,61,12
1970-01-01 00:00:00.000000106,94.472435,61,12
1970-01-01 00:00:00.000000105,95.70086,61,13
1970-01-01 00:00:00.000000106,95.28657,61,13
1970-01-01 00:00:00.000000107,94.96172,61,13
1970-01-01 00:00:00.000000106,95.49981,61,14
1970-01-01 00:00:00.000000107,95.09738,61,14
1970-01-01 00:00:00.000000108,94.782974,61,14
1970-01-01 00:00:00.000000125,87.49688,62,10
1970-01-01 00:00:00.000000126,87.63613,62,10
1970-01-01 00:00:00.000000127,87.86438,62,10
1970-01-01 00:00:00.000000126,88.41826,62,11
1970-01-01 00:00:00.000000127,88.51533,62,11
1970-01-01 00:00:00.000000128,88.73781,62,11
1970-01-01 00:00:00.000000127,88.75498,62,12
1970-01-01 00:00:00.000000128,88.8282,62,12
1970-01-01 00:00:00.000000129,88.97367,62,12
1970-01-01 00:00:00.000000128,88.03307,62,13
1970-01-01 00:00:00.000000129,88.09112,62,13
1970-01-01 00:00:00.000000130,88.25908,62,13
1970-01-01 00:00:00.000000129,87.48631,62,14
1970-01-01 00:00:00.000000130,87.56128,62,14
1970-01-01 00:00:00.000000131,87.73146,62,14
1970-01-01 00:00:00.000000130,86.58708,62,15
1970-01-01 00:00:00.000000131,86.73691,62,15
1970-01-01 00:00:00.000000132,86.99277,62,15
1970-01-01 00:00:00.000000131,86.46964,62,16
1970-01-01 00:00:00.000000132,86.66798,62,16
1970-01-01 00:00:00.000000133,86.95406,62,16
1970-01-01 00:00:00.000000132,86.69211,62,17
1970-01-01 00:00:00.000000133,86.89547,62,17
1970-01-01 00:00:00.000000134,87.167244,62,17
1970-01-01 00:00:00.000000133,87.03146,62,18
1970-01-01 00:00:00.000000134,87.1977,62,18
1970-01-01 00:00:00.000000135,87.40725,62,18
1970-01-01 00:00:00.000000292,83.70846,63,10
1970-01-01 00:00:00.000000293,84.1962,63,10
1970-01-01 00:00:00.000000294,84.672066,63,10
1970-01-01 00:00:00.000000293,83.05074,63,11
1970-01-01 00:00:00.000000294,83.62263,63,11
1970-01-01 00:00:00.000000295,84.032776,63,11
1970-01-01 00:00:00.000000294,82.13771,63,12
1970-01-01 00:00:00.000000295,82.70838,63,12
1970-01-01 00:00:00.000000296,83.19951,63,12
1970-01-01 00:00:00.000000295,82.019714,63,13
1970-01-01 00:00:00.000000296,82.56267,63,13
1970-01-01 00:00:00.000000297,82.912735,63,13
1970-01-01 00:00:00.000000296,81.06827,63,14
1970-01-01 00:00:00.000000297,81.62324,63,14
1970-01-01 00:00:00.000000298,82.17767,63,14
1970-01-01 00:00:00.000000297,81.19917,63,15
1970-01-01 00:00:00.000000298,81.80374,63,15
1970-01-01 00:00:00.000000299,82.310905,63,15
1970-01-01 00:00:00.000000298,78.12283,63,16
1970-01-01 00:00:00.000000299,79.37715,63,16
1970-01-01 00:00:00.000000300,80.55182,63,16
1970-01-01 00:00:00.000000299,76.684364,63,17
1970-01-01 00:00:00.000000300,78.51188,63,17
1970-01-01 00:00:00.000000301,79.82999,63,17
1970-01-01 00:00:00.000000300,77.10773,63,18
1970-01-01 00:00:00.000000301,78.80245,63,18
1970-01-01 00:00:00.000000302,80.10958,63,18
1970-01-01 00:00:00.000000301,78.19747,63,19
1970-01-01 00:00:00.000000302,79.59091,63,19
1970-01-01 00:00:00.000000303,80.74389,63,19
1970-01-01 00:00:00.000000302,79.33812,63,20
1970-01-01 00:00:00.000000303,80.46853,63,20
1970-01-01 00:00:00.000000304,81.42675,63,20
1970-01-01 00:00:00.000000303,79.06621,63,21
1970-01-01 00:00:00.000000304,80.257835,63,21
1970-01-01 00:00:00.000000305,81.31269,63,21
1970-01-01 00:00:00.000000304,78.36804,63,22
1970-01-01 00:00:00.000000305,79.79732,63,22
1970-01-01 00:00:00.000000306,81.02456,63,22
1970-01-01 00:00:00.000000305,79.262886,63,23
1970-01-01 00:00:00.000000306,80.6172,63,23
1970-01-01 00:00:00.000000307,81.71347,63,23
1970-01-01 00:00:00.000000306,79.87562,63,24
1970-01-01 00:00:00.000000307,81.07216,63,24
1970-01-01 00:00:00.000000308,82.17108,63,24
1970-01-01 00:00:00.000000307,81.30612,63,25
1970-01-01 00:00:00.000000308,82.33379,63,25
1970-01-01 00:00:00.000000309,83.294685,63,25
1970-01-01 00:00:00.000000308,80.78359,63,26
1970-01-01 00:00:00.000000309,81.96737,63,26
1970-01-01 00:00:00.000000310,83.00066,63,26
1970-01-01 00:00:00.000000309,81.2955,63,27
1970-01-01 00:00:00.000000310,82.440636,63,27
1970-01-01 00:00:00.000000311,83.385414,63,27
1970-01-01 00:00:00.000000310,82.946144,63,28
1970-01-01 00:00:00.000000311,83.79039,63,28
1970-01-01 00:00:00.000000312,84.48641,63,28
1970-01-01 00:00:00.000000311,84.04368,63,29
1970-01-01 00:00:00.000000312,84.630394,63,29
1970-01-01 00:00:00.000000313,85.19139,63,29
1970-01-01 00:00:00.000000312,84.92608,63,30
1970-01-01 00:00:00.000000313,85.373604,63,30
1970-01-01 00:00:00.000000314,85.72319,63,30
1970-01-01 00:00:00.000000313,84.98365,63,31
1970-01-01 00:00:00.000000314,85.29581,63,31
1970-01-01 00:00:00.000000315,85.57322,63,31
1970-01-01 00:00:00.000000314,85.440735,63,32
1970-01-01 00:00:00.000000315,85.61757,63,32
1970-01-01 00:00:00.000000316,85.764366,63,32
1970-01-01 00:00:00.000000315,85.44942,63,33
1970-01-01 00:00:00.000000316,85.527916,63,33
1970-01-01 00:00:00.000000317,85.68653,63,33
1970-01-01 00:00:00.000000316,85.691895,63,34
1970-01-01 00:00:00.000000317,85.77618,63,34
1970-01-01 00:00:00.000000318,85.99362,63,34
1970-01-01 00:00:00.000000317,84.8583,63,35
1970-01-01 00:00:00.000000318,85.148575,63,35
1970-01-01 00:00:00.000000319,85.52559,63,35
1970-01-01 00:00:00.000000318,84.55082,63,36
1970-01-01 00:00:00.000000319,84.975,63,36
1970-01-01 00:00:00.000000320,85.43676,63,36
1970-01-01 00:00:00.000000319,84.27375,63,37
1970-01-01 00:00:00.000000320,84.7547,63,37
1970-01-01 00:00:00.000000321,85.32559,63,37
1970-01-01 00:00:00.000000320,84.08529,63,38
1970-01-01 00:00:00.000000321,84.67059,63,38
1970-01-01 00:00:00.000000322,85.261986,63,38
1970-01-01 00:00:00.000000321,84.16609,63,39
1970-01-01 00:00:00.000000322,84.77333,63,39
1970-01-01 00:00:00.000000323,85.3329,63,39
1970-01-01 00:00:00.000000322,85.03636,63,40
1970-01-01 00:00:00.000000323,85.48934,63,40
1970-01-01 00:00:00.000000324,85.83705,63,40
1970-01-01 00:00:00.000000323,85.16104,63,41
1970-01-01 00:00:00.000000324,85.432236,63,41
1970-01-01 00:00:00.000000325,85.71315,63,41
1970-01-01 00:00:00.000000324,84.930984,63,42
1970-01-01 00:00:00.000000325,85.17183,63,42
1970-01-01 00:00:00.000000326,85.446106,63,42
1970-01-01 00:00:00.000000325,84.12146,63,43
1970-01-01 00:00:00.000000326,84.47201,63,43
1970-01-01 00:00:00.000000327,84.84546,63,43
1970-01-01 00:00:00.000000326,83.13814,63,44
1970-01-01 00:00:00.000000327,83.66365,63,44
1970-01-01 00:00:00.000000328,84.16444,63,44
1970-01-01 00:00:00.000000327,82.55604,63,45
1970-01-01 00:00:00.000000328,83.20187,63,45
1970-01-01 00:00:00.000000329,83.8027,63,45
1970-01-01 00:00:00.000000328,82.36527,63,46
1970-01-01 00:00:00.000000329,83.06343,63,46
1970-01-01 00:00:00.000000330,83.62227,63,46
1970-01-01 00:00:00.000000329,83.054245,63,47
1970-01-01 00:00:00.000000330,83.57439,63,47
1970-01-01 00:00:00.000000331,84.00444,63,47
1970-01-01 00:00:00.000000156,75.859,64,10
1970-01-01 00:00:00.000000157,75.874016,64,10
1970-01-01 00:00:00.000000158,75.94599,64,10
1970-01-01 00:00:00.000000157,75.51258,64,11
1970-01-01 00:00:00.000000158,75.50869,64,11
1970-01-01 00:00:00.000000159,75.55984,64,11
1970-01-01 00:00:00.000000158,76.06406,64,12
1970-01-01 00:00:00.000000159,76.07523,64,12
1970-01-01 00:00:00.000000160,76.149956,64,12
1970-01-01 00:00:00.000000159,75.41559,64,13
1970-01-01 00:00:00.000000160,75.40394,64,13
1970-01-01 00:00:00.000000161,75.45239,64,13
1970-01-01 00:00:00.000000160,76.71777,64,14
1970-01-01 00:00:00.000000161,76.748405,64,14
1970-01-01 00:00:00.000000162,76.82393,64,14
1970-01-01 00:00:00.000000161,75.16384,64,15
1970-01-01 00:00:00.000000162,75.10863,64,15
1970-01-01 00:00:00.000000163,75.09464,64,15
1970-01-01 00:00:00.000000162,75.910095,64,16
1970-01-01 00:00:00.000000163,75.884384,64,16
1970-01-01 00:00:00.000000164,75.93776,64,16
1970-01-01 00:00:00.000000163,75.76672,64,17
1970-01-01 00:00:00.000000164,75.74251,64,17
1970-01-01 00:00:00.000000165,75.81185,64,17
1970-01-01 00:00:00.000000164,73.622505,64,18
1970-01-01 00:00:00.000000165,73.60269,64,18
1970-01-01 00:00:00.000000166,73.60336,64,18
1970-01-01 00:00:00.000000165,72.61368,64,19
1970-01-01 00:00:00.000000166,72.63579,64,19
1970-01-01 00:00:00.000000167,72.74963,64,19
1970-01-01 00:00:00.000000166,74.07523,64,20
1970-01-01 00:00:00.000000167,74.22809,64,20
1970-01-01 00:00:00.000000168,74.38785,64,20
1970-01-01 00:00:00.000000167,74.86321,64,21
1970-01-01 00:00:00.000000168,74.9764,64,21
1970-01-01 00:00:00.000000169,75.10976,64,21
1970-01-01 00:00:00.000000168,74.92619,64,22
1970-01-01 00:00:00.000000169,74.9807,64,22
1970-01-01 00:00:00.000000170,74.74621,64,22
1970-01-01 00:00:00.000000169,76.919014,64,23
1970-01-01 00:00:00.000000170,76.64166,64,23
1970-01-01 00:00:00.000000171,76.489494,64,23
1970-01-01 00:00:00.000000225,71.12062,65,10
1970-01-01 00:00:00.000000226,71.07108,65,10
1970-01-01 00:00:00.000000227,71.26272,65,10
1970-01-01 00:00:00.000000226,71.92426,65,11
1970-01-01 00:00:00.000000227,71.86737,65,11
1970-01-01 00:00:00.000000228,72.03781,65,11
1970-01-01 00:00:00.000000227,71.354965,65,12
1970-01-01 00:00:00.000000228,71.263535,65,12
1970-01-01 00:00:00.000000229,71.423615,65,12
1970-01-01 00:00:00.000000228,71.278786,65,13
1970-01-01 00:00:00.000000229,71.20184,65,13
1970-01-01 00:00:00.000000230,71.36192,65,13
1970-01-01 00:00:00.000000229,71.90825,65,14
1970-01-01 00:00:00.000000230,71.82717,65,14
1970-01-01 00:00:00.000000231,71.98954,65,14
1970-01-01 00:00:00.000000230,72.67201,65,15
1970-01-01 00:00:00.000000231,72.57809,65,15
1970-01-01 00:00:00.000000232,72.70445,65,15
1970-01-01 00:00:00.000000231,73.00005,65,16
1970-01-01 00:00:00.000000232,72.86396,65,16
1970-01-01 00:00:00.000000233,72.96186,65,16
1970-01-01 00:00:00.000000232,72.30366,65,17
1970-01-01 00:00:00.000000233,72.14286,65,17
1970-01-01 00:00:00.000000234,72.23402,65,17
1970-01-01 00:00:00.000000233,72.52759,65,18
1970-01-01 00:00:00.000000234,72.3863,65,18
1970-01-01 00:00:00.000000235,72.4891,65,18
1970-01-01 00:00:00.000000234,73.325134,65,19
1970-01-01 00:00:00.000000235,73.186676,65,19
1970-01-01 00:00:00.000000236,73.27476,65,19
1970-01-01 00:00:00.000000235,72.77702,65,20
1970-01-01 00:00:00.000000236,72.59839,65,20
1970-01-01 00:00:00.000000237,72.67044,65,20
1970-01-01 00:00:00.000000236,72.63529,65,21
1970-01-01 00:00:00.000000237,72.46819,65,21
1970-01-01 00:00:00.000000238,72.55197,65,21
1970-01-01 00:00:00.000000237,72.26937,65,22
1970-01-01 00:00:00.000000238,72.11149,65,22
1970-01-01 00:00:00.000000239,72.200516,65,22
1970-01-01 00:00:00.000000238,72.05836,65,23
1970-01-01 00:00:00.000000239,71.910034,65,23
1970-01-01 00:00:00.000000240,72.016624,65,23
1970-01-01 00:00:00.000000239,72.45086,65,24
1970-01-01 00:00:00.000000240,72.31796,65,24
1970-01-01 00:00:00.000000241,72.42867,65,24
1970-01-01 00:00:00.000000240,72.89929,65,25
1970-01-01 00:00:00.000000241,72.76053,65,25
1970-01-01 00:00:00.000000242,72.8579,65,25
1970-01-01 00:00:00.000000241,72.95653,65,26
1970-01-01 00:00:00.000000242,72.79858,65,26
1970-01-01 00:00:00.000000243,72.87701,65,26
1970-01-01 00:00:00.000000242,73.25867,65,27
1970-01-01 00:00:00.000000243,73.09029,65,27
1970-01-01 00:00:00.000000244,73.16295,65,27
1970-01-01 00:00:00.000000243,75.00263,65,28
1970-01-01 00:00:00.000000244,74.849976,65,28
1970-01-01 00:00:00.000000245,74.90352,65,28
1970-01-01 00:00:00.000000244,75.22598,65,29
1970-01-01 00:00:00.000000245,75.000946,65,29
1970-01-01 00:00:00.000000246,75.00421,65,29
1970-01-01 00:00:00.000000245,76.39945,65,30
1970-01-01 00:00:00.000000246,76.17668,65,30
1970-01-01 00:00:00.000000247,76.164,65,30
1970-01-01 00:00:00.000000246,75.44358,65,31
1970-01-01 00:00:00.000000247,75.13783,65,31
1970-01-01 00:00:00.000000248,75.08087,65,31
1970-01-01 00:00:00.000000247,73.69834,65,32
1970-01-01 00:00:00.000000248,73.39146,65,32
1970-01-01 00:00:00.000000249,73.355896,65,32
1970-01-01 00:00:00.000000248,72.44099,65,33
1970-01-01 00:00:00.000000249,72.197266,65,33
1970-01-01 00:00:00.000000250,72.2247,65,33
1970-01-01 00:00:00.000000249,74.494644,65,34
1970-01-01 00:00:00.000000250,74.335075,65,34
1970-01-01 00:00:00.000000251,74.39173,65,34
1970-01-01 00:00:00.000000250,72.476234,65,35
1970-01-01 00:00:00.000000251,72.23834,65,35
1970-01-01 00:00:00.000000252,72.26942,65,35
1970-01-01 00:00:00.000000083,94.40188,66,10
1970-01-01 00:00:00.000000084,94.15042,66,10
1970-01-01 00:00:00.000000085,93.87949,66,10
1970-01-01 00:00:00.000000124,86.005,67,10
1970-01-01 00:00:00.000000125,86.63297,67,10
1970-01-01 00:00:00.000000126,86.62063,67,10
1970-01-01 00:00:00.000000125,80.22947,67,11
1970-01-01 00:00:00.000000126,81.87599,67,11
1970-01-01 00:00:00.000000127,82.81059,67,11
1970-01-01 00:00:00.000000126,87.85715,67,12
1970-01-01 00:00:00.000000127,88.08256,67,12
1970-01-01 00:00:00.000000128,87.86906,67,12
1970-01-01 00:00:00.000000127,87.11673,67,13
1970-01-01 00:00:00.000000128,87.280914,67,13
1970-01-01 00:00:00.000000129,87.12836,67,13
1970-01-01 00:00:00.000000128,89.663445,67,14
1970-01-01 00:00:00.000000129,89.45166,67,14
1970-01-01 00:00:00.000000130,88.995636,67,14
1970-01-01 00:00:00.000000129,90.5764,67,15
1970-01-01 00:00:00.000000130,90.23984,67,15
1970-01-01 00:00:00.000000131,89.73611,67,15
1970-01-01 00:00:00.000000130,90.124374,67,16
1970-01-01 00:00:00.000000131,89.84677,67,16
1970-01-01 00:00:00.000000132,89.083405,67,16
1970-01-01 00:00:00.000000131,89.65834,67,17
1970-01-01 00:00:00.000000132,89.116516,67,17
1970-01-01 00:00:00.000000133,87.68958,67,17
1970-01-01 00:00:00.000000176,75.7041,69,10
1970-01-01 00:00:00.000000177,75.77266,69,10
1970-01-01 00:00:00.000000178,75.922714,69,10
1970-01-01 00:00:00.000000177,76.163536,69,11
1970-01-01 00:00:00.000000178,76.17641,69,11
1970-01-01 00:00:00.000000179,76.19679,69,11
1970-01-01 00:00:00.000000178,77.35,69,12
1970-01-01 00:00:00.000000179,77.29743,69,12
1970-01-01 00:00:00.000000180,77.40608,69,12
1970-01-01 00:00:00.000000179,75.54716,69,13
1970-01-01 00:00:00.000000180,75.48779,69,13
1970-01-01 00:00:00.000000181,75.58323,69,13
1970-01-01 00:00:00.000000180,74.188255,69,14
1970-01-01 00:00:00.000000181,74.211555,69,14
1970-01-01 00:00:00.000000182,74.30245,69,14
1970-01-01 00:00:00.000000181,77.13347,69,15
1970-01-01 00:00:00.000000182,77.258514,69,15
1970-01-01 00:00:00.000000183,77.42754,69,15
1970-01-01 00:00:00.000000182,75.533226,69,16
1970-01-01 00:00:00.000000183,75.49434,69,16
1970-01-01 00:00:00.000000184,75.54157,69,16
1970-01-01 00:00:00.000000183,78.02486,69,17
1970-01-01 00:00:00.000000184,78.098434,69,17
1970-01-01 00:00:00.000000185,78.23035,69,17
1970-01-01 00:00:00.000000184,80.05887,69,18
1970-01-01 00:00:00.000000185,80.131226,69,18
1970-01-01 00:00:00.000000186,80.257,69,18
1970-01-01 00:00:00.000000185,81.69437,69,19
1970-01-01 00:00:00.000000186,81.74915,69,19
1970-01-01 00:00:00.000000187,81.84692,69,19
1970-01-01 00:00:00.000000186,80.07679,69,20
1970-01-01 00:00:00.000000187,79.96347,69,20
1970-01-01 00:00:00.000000188,79.94686,69,20
1970-01-01 00:00:00.000000187,79.2931,69,21
1970-01-01 00:00:00.000000188,79.18603,69,21
1970-01-01 00:00:00.000000189,79.18252,69,21
1970-01-01 00:00:00.000000188,78.35764,69,22
1970-01-01 00:00:00.000000189,78.25256,69,22
1970-01-01 00:00:00.000000190,78.253075,69,22
1970-01-01 00:00:00.000000189,76.45431,69,23
1970-01-01 00:00:00.000000190,76.33293,69,23
1970-01-01 00:00:00.000000191,76.30875,69,23
1970-01-01 00:00:00.000000190,75.11636,69,24
1970-01-01 00:00:00.000000191,75.035286,69,24
1970-01-01 00:00:00.000000192,75.05506,69,24
1970-01-01 00:00:00.000000191,73.77611,69,25
1970-01-01 00:00:00.000000192,73.745735,69,25
1970-01-01 00:00:00.000000193,73.83751,69,25
1970-01-01 00:00:00.000000192,74.62577,69,26
1970-01-01 00:00:00.000000193,74.66221,69,26
1970-01-01 00:00:00.000000194,74.69039,69,26
1970-01-01 00:00:00.000000193,72.43052,69,27
1970-01-01 00:00:00.000000194,72.33837,69,27
1970-01-01 00:00:00.000000195,72.46531,69,27
1970-01-01 00:00:00.000000226,95.379684,70,10
1970-01-01 00:00:00.000000227,95.265205,70,10
1970-01-01 00:00:00.000000228,95.26984,70,10
1970-01-01 00:00:00.000000227,95.44815,70,11
1970-01-01 00:00:00.000000228,95.30701,70,11
1970-01-01 00:00:00.000000229,95.293884,70,11
1970-01-01 00:00:00.000000228,95.131226,70,12
1970-01-01 00:00:00.000000229,94.95662,70,12
1970-01-01 00:00:00.000000230,94.934685,70,12
1970-01-01 00:00:00.000000229,94.883995,70,13
1970-01-01 00:00:00.000000230,94.71878,70,13
1970-01-01 00:00:00.000000231,94.67519,70,13
1970-01-01 00:00:00.000000230,94.84105,70,14
1970-01-01 00:00:00.000000231,94.6665,70,14
1970-01-01 00:00:00.000000232,94.56198,70,14
1970-01-01 00:00:00.000000231,94.961586,70,15
1970-01-01 00:00:00.000000232,94.71467,70,15
1970-01-01 00:00:00.000000233,94.631065,70,15
1970-01-01 00:00:00.000000232,94.754265,70,16
1970-01-01 00:00:00.000000233,94.5383,70,16
1970-01-01 00:00:00.000000234,94.46433,70,16
1970-01-01 00:00:00.000000233,94.54278,70,17
1970-01-01 00:00:00.000000234,94.382744,70,17
1970-01-01 00:00:00.000000235,94.374825,70,17
1970-01-01 00:00:00.000000234,94.722206,70,18
1970-01-01 00:00:00.000000235,94.625305,70,18
1970-01-01 00:00:00.000000236,94.634224,70,18
1970-01-01 00:00:00.000000235,94.99937,70,19
1970-01-01 00:00:00.000000236,94.8972,70,19
1970-01-01 00:00:00.000000237,94.91502,70,19
1970-01-01 00:00:00.000000236,95.47811,70,20
1970-01-01 00:00:00.000000237,95.35018,70,20
1970-01-01 00:00:00.000000238,95.358864,70,20
1970-01-01 00:00:00.000000237,95.26756,70,21
1970-01-01 00:00:00.000000238,95.12714,70,21
1970-01-01 00:00:00.000000239,95.11085,70,21
1970-01-01 00:00:00.000000238,95.01776,70,22
1970-01-01 00:00:00.000000239,94.86743,70,22
1970-01-01 00:00:00.000000240,94.85376,70,22
1970-01-01 00:00:00.000000239,94.80408,70,23
1970-01-01 00:00:00.000000240,94.65635,70,23
1970-01-01 00:00:00.000000241,94.62275,70,23
1970-01-01 00:00:00.000000240,94.75693,70,24
1970-01-01 00:00:00.000000241,94.59891,70,24
1970-01-01 00:00:00.000000242,94.580826,70,24
1970-01-01 00:00:00.000000241,94.749626,70,25
1970-01-01 00:00:00.000000242,94.610275,70,25
1970-01-01 00:00:00.000000243,94.556564,70,25
1970-01-01 00:00:00.000000242,94.73003,70,26
1970-01-01 00:00:00.000000243,94.551895,70,26
1970-01-01 00:00:00.000000244,94.51145,70,26
1970-01-01 00:00:00.000000243,94.55405,70,27
1970-01-01 00:00:00.000000244,94.39135,70,27
1970-01-01 00:00:00.000000245,94.3432,70,27
1970-01-01 00:00:00.000000244,94.19224,70,28
1970-01-01 00:00:00.000000245,94.04818,70,28
1970-01-01 00:00:00.000000246,94.036514,70,28
1970-01-01 00:00:00.000000245,94.26668,70,29
1970-01-01 00:00:00.000000246,94.161224,70,29
1970-01-01 00:00:00.000000247,94.16608,70,29
1970-01-01 00:00:00.000000246,94.2777,70,30
1970-01-01 00:00:00.000000247,94.18585,70,30
1970-01-01 00:00:00.000000248,94.15184,70,30
1970-01-01 00:00:00.000000247,94.431206,70,31
1970-01-01 00:00:00.000000248,94.2777,70,31
1970-01-01 00:00:00.000000249,94.222725,70,31
1970-01-01 00:00:00.000000248,94.26708,70,32
1970-01-01 00:00:00.000000249,94.08931,70,32
1970-01-01 00:00:00.000000250,94.0371,70,32
1970-01-01 00:00:00.000000249,94.06553,70,33
1970-01-01 00:00:00.000000250,93.929504,70,33
1970-01-01 00:00:00.000000251,93.96151,70,33
1970-01-01 00:00:00.000000250,94.287926,70,34
1970-01-01 00:00:00.000000251,94.2523,70,34
1970-01-01 00:00:00.000000252,94.23085,70,34
1970-01-01 00:00:00.000000251,94.80041,70,35
1970-01-01 00:00:00.000000252,94.67403,70,35
1970-01-01 00:00:00.000000253,94.56315,70,35
1970-01-01 00:00:00.000000252,94.69313,70,36
1970-01-01 00:00:00.000000253,94.43105,70,36
1970-01-01 00:00:00.000000254,94.054985,70,36
1970-01-01 00:00:00.000000226,90.44103,71,10
1970-01-01 00:00:00.000000227,90.41535,71,10
1970-01-01 00:00:00.000000228,90.42176,71,10
1970-01-01 00:00:00.000000227,89.70495,71,11
1970-01-01 00:00:00.000000228,89.74206,71,11
1970-01-01 00:00:00.000000229,89.77825,71,11
1970-01-01 00:00:00.000000228,89.62975,71,12
1970-01-01 00:00:00.000000229,89.6537,71,12
1970-01-01 00:00:00.000000230,89.653496,71,12
1970-01-01 00:00:00.000000229,89.35833,71,13
1970-01-01 00:00:00.000000230,89.32571,71,13
1970-01-01 00:00:00.000000231,88.96326,71,13
1970-01-01 00:00:00.000000230,88.249725,71,14
1970-01-01 00:00:00.000000231,87.86442,71,14
1970-01-01 00:00:00.000000232,87.98286,71,14
1970-01-01 00:00:00.000000231,87.593735,71,15
1970-01-01 00:00:00.000000232,87.750435,71,15
1970-01-01 00:00:00.000000233,88.05753,71,15
1970-01-01 00:00:00.000000232,85.62672,71,16
1970-01-01 00:00:00.000000233,86.287544,71,16
1970-01-01 00:00:00.000000234,86.74865,71,16
1970-01-01 00:00:00.000000233,87.11143,71,17
1970-01-01 00:00:00.000000234,87.227776,71,17
1970-01-01 00:00:00.000000235,87.6997,71,17
1970-01-01 00:00:00.000000234,85.00342,71,18
1970-01-01 00:00:00.000000235,85.39004,71,18
1970-01-01 00:00:00.000000236,85.70067,71,18
1970-01-01 00:00:00.000000235,84.93978,71,19
1970-01-01 00:00:00.000000236,85.32342,71,19
1970-01-01 00:00:00.000000237,85.71328,71,19
1970-01-01 00:00:00.000000236,88.71829,71,20
1970-01-01 00:00:00.000000237,88.844696,71,20
1970-01-01 00:00:00.000000238,89.11398,71,20
1970-01-01 00:00:00.000000237,89.26834,71,21
1970-01-01 00:00:00.000000238,89.38043,71,21
1970-01-01 00:00:00.000000239,89.66655,71,21
1970-01-01 00:00:00.000000238,90.231,71,22
1970-01-01 00:00:00.000000239,90.31808,71,22
1970-01-01 00:00:00.000000240,90.624535,71,22
1970-01-01 00:00:00.000000239,90.65208,71,23
1970-01-01 00:00:00.000000240,90.76141,71,23
1970-01-01 00:00:00.000000241,91.03735,71,23
1970-01-01 00:00:00.000000240,91.36329,71,24
1970-01-01 00:00:00.000000241,91.43078,71,24
1970-01-01 00:00:00.000000242,91.70345,71,24
1970-01-01 00:00:00.000000241,93.04208,71,25
1970-01-01 00:00:00.000000242,93.04025,71,25
1970-01-01 00:00:00.000000243,93.2073,71,25
1970-01-01 00:00:00.000000242,93.5668,71,26
1970-01-01 00:00:00.000000243,93.48623,71,26
1970-01-01 00:00:00.000000244,93.60044,71,26
1970-01-01 00:00:00.000000243,94.13357,71,27
1970-01-01 00:00:00.000000244,93.99622,71,27
1970-01-01 00:00:00.000000245,94.06779,71,27
1970-01-01 00:00:00.000000244,94.083664,71,28
1970-01-01 00:00:00.000000245,93.92831,71,28
1970-01-01 00:00:00.000000246,93.92733,71,28
1970-01-01 00:00:00.000000245,94.22657,71,29
1970-01-01 00:00:00.000000246,94.01003,71,29
1970-01-01 00:00:00.000000247,94.00792,71,29
1970-01-01 00:00:00.000000246,94.327034,71,30
1970-01-01 00:00:00.000000247,94.12446,71,30
1970-01-01 00:00:00.000000248,94.103806,71,30
1970-01-01 00:00:00.000000247,94.58327,71,31
1970-01-01 00:00:00.000000248,94.364586,71,31
1970-01-01 00:00:00.000000249,94.30532,71,31
1970-01-01 00:00:00.000000248,95.0733,71,32
1970-01-01 00:00:00.000000249,94.79447,71,32
1970-01-01 00:00:00.000000250,94.68518,71,32
1970-01-01 00:00:00.000000249,95.414024,71,33
1970-01-01 00:00:00.000000250,95.07608,71,33
1970-01-01 00:00:00.000000251,94.9526,71,33
1970-01-01 00:00:00.000000250,95.67738,71,34
1970-01-01 00:00:00.000000251,95.32992,71,34
1970-01-01 00:00:00.000000252,95.233246,71,34
1970-01-01 00:00:00.000000251,95.81853,71,35
1970-01-01 00:00:00.000000252,95.51008,71,35
1970-01-01 00:00:00.000000253,95.34876,71,35
1970-01-01 00:00:00.000000320,92.37286,72,10
1970-01-01 00:00:00.000000321,92.37926,72,10
1970-01-01 00:00:00.000000322,92.34897,72,10
1970-01-01 00:00:00.000000321,92.445015,72,11
1970-01-01 00:00:00.000000322,92.32983,72,11
1970-01-01 00:00:00.000000323,92.27762,72,11
1970-01-01 00:00:00.000000322,92.36583,72,12
1970-01-01 00:00:00.000000323,92.246124,72,12
1970-01-01 00:00:00.000000324,92.15768,72,12
1970-01-01 00:00:00.000000323,92.22502,72,13
1970-01-01 00:00:00.000000324,92.10553,72,13
1970-01-01 00:00:00.000000325,92.03951,72,13
1970-01-01 00:00:00.000000324,92.78519,72,14
1970-01-01 00:00:00.000000325,92.69952,72,14
1970-01-01 00:00:00.000000326,92.65698,72,14
1970-01-01 00:00:00.000000325,93.76634,72,15
1970-01-01 00:00:00.000000326,93.68828,72,15
1970-01-01 00:00:00.000000327,93.65372,72,15
1970-01-01 00:00:00.000000326,93.8334,72,16
1970-01-01 00:00:00.000000327,93.770836,72,16
1970-01-01 00:00:00.000000328,93.70071,72,16
1970-01-01 00:00:00.000000327,93.35459,72,17
1970-01-01 00:00:00.000000328,93.24941,72,17
1970-01-01 00:00:00.000000329,93.255,72,17
1970-01-01 00:00:00.000000328,92.851295,72,18
1970-01-01 00:00:00.000000329,92.82757,72,18
1970-01-01 00:00:00.000000330,92.73653,72,18
1970-01-01 00:00:00.000000329,92.61437,72,19
1970-01-01 00:00:00.000000330,92.5093,72,19
1970-01-01 00:00:00.000000331,92.52043,72,19
1970-01-01 00:00:00.000000330,92.43029,72,20
1970-01-01 00:00:00.000000331,92.39331,72,20
1970-01-01 00:00:00.000000332,92.39472,72,20
1970-01-01 00:00:00.000000331,92.03646,72,21
1970-01-01 00:00:00.000000332,92.05929,72,21
1970-01-01 00:00:00.000000333,92.07459,72,21
1970-01-01 00:00:00.000000332,92.597305,72,22
1970-01-01 00:00:00.000000333,92.56049,72,22
1970-01-01 00:00:00.000000334,92.66168,72,22
1970-01-01 00:00:00.000000333,92.32348,72,23
1970-01-01 00:00:00.000000334,92.387276,72,23
1970-01-01 00:00:00.000000335,92.319214,72,23
1970-01-01 00:00:00.000000334,92.35161,72,24
1970-01-01 00:00:00.000000335,92.25243,72,24
1970-01-01 00:00:00.000000336,90.7214,72,24
1970-01-01 00:00:00.000000335,92.60449,72,25
1970-01-01 00:00:00.000000336,90.70792,72,25
1970-01-01 00:00:00.000000337,90.53009,72,25
1970-01-01 00:00:00.000000336,90.1752,72,26
1970-01-01 00:00:00.000000337,90.04804,72,26
1970-01-01 00:00:00.000000338,89.78903,72,26
1970-01-01 00:00:00.000000337,87.12533,72,27
1970-01-01 00:00:00.000000338,87.95092,72,27
1970-01-01 00:00:00.000000339,88.60473,72,27
1970-01-01 00:00:00.000000338,93.62199,72,28
1970-01-01 00:00:00.000000339,93.84853,72,28
1970-01-01 00:00:00.000000340,93.91688,72,28
1970-01-01 00:00:00.000000339,92.872055,72,29
1970-01-01 00:00:00.000000340,92.8284,72,29
1970-01-01 00:00:00.000000341,92.82222,72,29
1970-01-01 00:00:00.000000340,93.2802,72,30
1970-01-01 00:00:00.000000341,93.18184,72,30
1970-01-01 00:00:00.000000342,93.142075,72,30
1970-01-01 00:00:00.000000341,93.39611,72,31
1970-01-01 00:00:00.000000342,93.29326,72,31
1970-01-01 00:00:00.000000343,93.2206,72,31
1970-01-01 00:00:00.000000342,93.76707,72,32
1970-01-01 00:00:00.000000343,93.62706,72,32
1970-01-01 00:00:00.000000344,92.12497,72,32
1970-01-01 00:00:00.000000343,93.60783,72,33
1970-01-01 00:00:00.000000344,91.76572,72,33
1970-01-01 00:00:00.000000345,90.50126,72,33
1970-01-01 00:00:00.000000344,91.22446,72,34
1970-01-01 00:00:00.000000345,89.71084,72,34
1970-01-01 00:00:00.000000346,88.500046,72,34
1970-01-01 00:00:00.000000345,89.00141,72,35
1970-01-01 00:00:00.000000346,88.7846,72,35
1970-01-01 00:00:00.000000347,89.05498,72,35
1970-01-01 00:00:00.000000346,87.75198,72,36
1970-01-01 00:00:00.000000347,88.57651,72,36
1970-01-01 00:00:00.000000348,88.99513,72,36
1970-01-01 00:00:00.000000347,85.287285,72,37
1970-01-01 00:00:00.000000348,86.15959,72,37
1970-01-01 00:00:00.000000349,86.68623,72,37
1970-01-01 00:00:00.000000348,91.64492,72,38
1970-01-01 00:00:00.000000349,91.69137,72,38
1970-01-01 00:00:00.000000350,91.62391,72,38
1970-01-01 00:00:00.000000349,91.29633,72,39
1970-01-01 00:00:00.000000350,91.199524,72,39
1970-01-01 00:00:00.000000351,90.52933,72,39
1970-01-01 00:00:00.000000350,91.8314,72,40
1970-01-01 00:00:00.000000351,91.14304,72,40
1970-01-01 00:00:00.000000352,90.439156,72,40
1970-01-01 00:00:00.000000351,91.186066,72,41
1970-01-01 00:00:00.000000352,90.44455,72,41
1970-01-01 00:00:00.000000353,90.152176,72,41
1970-01-01 00:00:00.000000352,89.59823,72,42
1970-01-01 00:00:00.000000353,89.734535,72,42
1970-01-01 00:00:00.000000354,88.4313,72,42
1970-01-01 00:00:00.000000353,88.75472,72,43
1970-01-01 00:00:00.000000354,87.70701,72,43
1970-01-01 00:00:00.000000355,85.28226,72,43
1970-01-01 00:00:00.000000354,88.42194,72,44
1970-01-01 00:00:00.000000355,85.519875,72,44
1970-01-01 00:00:00.000000356,83.112335,72,44
1970-01-01 00:00:00.000000355,83.69945,72,45
1970-01-01 00:00:00.000000356,80.951866,72,45
1970-01-01 00:00:00.000000357,79.36698,72,45
1970-01-01 00:00:00.000000356,77.75073,72,46
1970-01-01 00:00:00.000000357,75.872856,72,46
1970-01-01 00:00:00.000000358,75.13264,72,46
1970-01-01 00:00:00.000000357,75.319626,72,47
1970-01-01 00:00:00.000000358,74.269104,72,47
1970-01-01 00:00:00.000000359,74.55873,72,47
1970-01-01 00:00:00.000000358,76.12955,72,48
1970-01-01 00:00:00.000000359,75.78886,72,48
1970-01-01 00:00:00.000000360,75.50704,72,48
1970-01-01 00:00:00.000000359,66.42646,72,49
1970-01-01 00:00:00.000000360,65.96062,72,49
1970-01-01 00:00:00.000000361,66.27089,72,49
1970-01-01 00:00:00.000000360,63.398033,72,50
1970-01-01 00:00:00.000000361,63.333195,72,50
1970-01-01 00:00:00.000000362,63.83436,72,50
1970-01-01 00:00:00.000000361,72.74028,72,51
1970-01-01 00:00:00.000000362,72.49954,72,51
1970-01-01 00:00:00.000000363,72.78918,72,51
1970-01-01 00:00:00.000000362,77.12682,72,52
1970-01-01 00:00:00.000000363,76.56738,72,52
1970-01-01 00:00:00.000000364,76.56153,72,52
1970-01-01 00:00:00.000000219,85.95753,73,10
1970-01-01 00:00:00.000000220,85.79545,73,10
1970-01-01 00:00:00.000000221,85.68148,73,10
1970-01-01 00:00:00.000000220,86.56683,73,11
1970-01-01 00:00:00.000000221,86.330605,73,11
1970-01-01 00:00:00.000000222,86.132484,73,11
1970-01-01 00:00:00.000000221,87.63019,73,12
1970-01-01 00:00:00.000000222,87.26591,73,12
1970-01-01 00:00:00.000000223,87.004555,73,12
1970-01-01 00:00:00.000000222,87.28936,73,13
1970-01-01 00:00:00.000000223,86.98785,73,13
1970-01-01 00:00:00.000000224,86.74335,73,13
1970-01-01 00:00:00.000000223,86.9046,73,14
1970-01-01 00:00:00.000000224,86.628365,73,14
1970-01-01 00:00:00.000000225,86.40399,73,14
1970-01-01 00:00:00.000000224,85.75007,73,15
1970-01-01 00:00:00.000000225,85.60662,73,15
1970-01-01 00:00:00.000000226,85.515,73,15
1970-01-01 00:00:00.000000225,86.85389,73,16
1970-01-01 00:00:00.000000226,86.58004,73,16
1970-01-01 00:00:00.000000227,86.3922,73,16
1970-01-01 00:00:00.000000226,87.70759,73,17
1970-01-01 00:00:00.000000227,87.37625,73,17
1970-01-01 00:00:00.000000228,87.087456,73,17
1970-01-01 00:00:00.000000227,84.99229,73,18
1970-01-01 00:00:00.000000228,84.98717,73,18
1970-01-01 00:00:00.000000229,84.98663,73,18
1970-01-01 00:00:00.000000228,87.70564,73,19
1970-01-01 00:00:00.000000229,87.33406,73,19
1970-01-01 00:00:00.000000230,87.01297,73,19
1970-01-01 00:00:00.000000229,86.49569,73,20
1970-01-01 00:00:00.000000230,86.2446,73,20
1970-01-01 00:00:00.000000231,86.10496,73,20
1970-01-01 00:00:00.000000230,87.495735,73,21
1970-01-01 00:00:00.000000231,87.18338,73,21
1970-01-01 00:00:00.000000232,86.91738,73,21
1970-01-01 00:00:00.000000231,84.61556,73,22
1970-01-01 00:00:00.000000232,84.688065,73,22
1970-01-01 00:00:00.000000233,84.73522,73,22
1970-01-01 00:00:00.000000232,86.10884,73,23
1970-01-01 00:00:00.000000233,85.929214,73,23
1970-01-01 00:00:00.000000234,85.78496,73,23
1970-01-01 00:00:00.000000233,85.23973,73,24
1970-01-01 00:00:00.000000234,85.18276,73,24
1970-01-01 00:00:00.000000235,85.13307,73,24
1970-01-01 00:00:00.000000234,84.41696,73,25
1970-01-01 00:00:00.000000235,84.4849,73,25
1970-01-01 00:00:00.000000236,84.49202,73,25
1970-01-01 00:00:00.000000235,84.15726,73,26
1970-01-01 00:00:00.000000236,84.213234,73,26
1970-01-01 00:00:00.000000237,84.27702,73,26
1970-01-01 00:00:00.000000236,83.34432,73,27
1970-01-01 00:00:00.000000237,83.56721,73,27
1970-01-01 00:00:00.000000238,83.64356,73,27
1970-01-01 00:00:00.000000237,82.77466,73,28
1970-01-01 00:00:00.000000238,83.00221,73,28
1970-01-01 00:00:00.000000239,83.14956,73,28
1970-01-01 00:00:00.000000238,83.64687,73,29
1970-01-01 00:00:00.000000239,83.65814,73,29
1970-01-01 00:00:00.000000240,83.73798,73,29
1970-01-01 00:00:00.000000239,83.27032,73,30
1970-01-01 00:00:00.000000240,83.4337,73,30
1970-01-01 00:00:00.000000241,83.5178,73,30
1970-01-01 00:00:00.000000240,82.08791,73,31
1970-01-01 00:00:00.000000241,82.45872,73,31
1970-01-01 00:00:00.000000242,82.6996,73,31
1970-01-01 00:00:00.000000241,83.82833,73,32
1970-01-01 00:00:00.000000242,83.79513,73,32
1970-01-01 00:00:00.000000243,83.80221,73,32
1970-01-01 00:00:00.000000242,83.14039,73,33
1970-01-01 00:00:00.000000243,83.269554,73,33
1970-01-01 00:00:00.000000244,83.36153,73,33
1970-01-01 00:00:00.000000243,81.57039,73,34
1970-01-01 00:00:00.000000244,82.02748,73,34
1970-01-01 00:00:00.000000245,82.32458,73,34
1970-01-01 00:00:00.000000116,87.087875,74,10
1970-01-01 00:00:00.000000117,86.79808,74,10
1970-01-01 00:00:00.000000118,86.58617,74,10
1970-01-01 00:00:00.000000117,86.67988,74,11
1970-01-01 00:00:00.000000118,86.43325,74,11
1970-01-01 00:00:00.000000119,86.21513,74,11
1970-01-01 00:00:00.000000118,87.13652,74,12
1970-01-01 00:00:00.000000119,86.80258,74,12
1970-01-01 00:00:00.000000120,86.59705,74,12
1970-01-01 00:00:00.000000119,87.08785,74,13
1970-01-01 00:00:00.000000120,86.82254,74,13
1970-01-01 00:00:00.000000121,86.57917,74,13
1970-01-01 00:00:00.000000120,86.57342,74,14
1970-01-01 00:00:00.000000121,86.333046,74,14
1970-01-01 00:00:00.000000122,86.18341,74,14
1970-01-01 00:00:00.000000121,87.25344,74,15
1970-01-01 00:00:00.000000122,86.95959,74,15
1970-01-01 00:00:00.000000123,86.7209,74,15
1970-01-01 00:00:00.000000122,87.337875,74,16
1970-01-01 00:00:00.000000123,87.0279,74,16
1970-01-01 00:00:00.000000124,86.77342,74,16
1970-01-01 00:00:00.000000129,81.14471,76,10
1970-01-01 00:00:00.000000130,81.1262,76,10
1970-01-01 00:00:00.000000131,81.21907,76,10
1970-01-01 00:00:00.000000130,81.37195,76,11
1970-01-01 00:00:00.000000131,81.36008,76,11
1970-01-01 00:00:00.000000132,81.44997,76,11
1970-01-01 00:00:00.000000131,81.45097,76,12
1970-01-01 00:00:00.000000132,81.43157,76,12
1970-01-01 00:00:00.000000133,81.518005,76,12
1970-01-01 00:00:00.000000132,81.49897,76,13
1970-01-01 00:00:00.000000133,81.4793,76,13
1970-01-01 00:00:00.000000134,81.568275,76,13
1970-01-01 00:00:00.000000133,81.59783,76,14
1970-01-01 00:00:00.000000134,81.5871,76,14
1970-01-01 00:00:00.000000135,81.67203,76,14
1970-01-01 00:00:00.000000134,81.47906,76,15
1970-01-01 00:00:00.000000135,81.45122,76,15
1970-01-01 00:00:00.000000136,81.53117,76,15
1970-01-01 00:00:00.000000135,81.79099,76,16
1970-01-01 00:00:00.000000136,81.7887,76,16
1970-01-01 00:00:00.000000137,81.88939,76,16
1970-01-01 00:00:00.000000136,81.705605,76,17
1970-01-01 00:00:00.000000137,81.69639,76,17
1970-01-01 00:00:00.000000138,81.78055,76,17
1970-01-01 00:00:00.000000137,81.93933,76,18
1970-01-01 00:00:00.000000138,81.93887,76,18
1970-01-01 00:00:00.000000139,82.09197,76,18
1970-01-01 00:00:00.000000151,75.28116,77,10
1970-01-01 00:00:00.000000152,75.32522,77,10
1970-01-01 00:00:00.000000153,75.50715,77,10
1970-01-01 00:00:00.000000152,75.13256,77,11
1970-01-01 00:00:00.000000153,75.17061,77,11
1970-01-01 00:00:00.000000154,75.36986,77,11
1970-01-01 00:00:00.000000153,75.16272,77,12
1970-01-01 00:00:00.000000154,75.2226,77,12
1970-01-01 00:00:00.000000155,75.418594,77,12
1970-01-01 00:00:00.000000154,74.896576,77,13
1970-01-01 00:00:00.000000155,74.94085,77,13
1970-01-01 00:00:00.000000156,75.13328,77,13
1970-01-01 00:00:00.000000155,74.540955,77,14
1970-01-01 00:00:00.000000156,74.58293,77,14
1970-01-01 00:00:00.000000157,74.777954,77,14
1970-01-01 00:00:00.000000156,74.65321,77,15
1970-01-01 00:00:00.000000157,74.71213,77,15
1970-01-01 00:00:00.000000158,74.916824,77,15
1970-01-01 00:00:00.000000157,75.0298,77,16
1970-01-01 00:00:00.000000158,75.09821,77,16
1970-01-01 00:00:00.000000159,75.31926,77,16
1970-01-01 00:00:00.000000158,74.271034,77,17
1970-01-01 00:00:00.000000159,74.31419,77,17
1970-01-01 00:00:00.000000160,74.50439,77,17
1970-01-01 00:00:00.000000159,74.57165,77,18
1970-01-01 00:00:00.000000160,74.63659,77,18
1970-01-01 00:00:00.000000161,74.85434,77,18
1970-01-01 00:00:00.000000160,74.66359,77,19
1970-01-01 00:00:00.000000161,74.732956,77,19
1970-01-01 00:00:00.000000162,74.94932,77,19
1970-01-01 00:00:00.000000161,74.49883,77,20
1970-01-01 00:00:00.000000162,74.56057,77,20
1970-01-01 00:00:00.000000163,74.76914,77,20
1970-01-01 00:00:00.000000162,74.5264,77,21
1970-01-01 00:00:00.000000163,74.59163,77,21
1970-01-01 00:00:00.000000164,74.80973,77,21
1970-01-01 00:00:00.000000163,74.96309,77,22
1970-01-01 00:00:00.000000164,75.046196,77,22
1970-01-01 00:00:00.000000165,75.26057,77,22
1970-01-01 00:00:00.000000098,93.46373,78,10
1970-01-01 00:00:00.000000099,93.76898,78,10
1970-01-01 00:00:00.000000100,93.84983,78,10
1970-01-01 00:00:00.000000099,92.461754,78,11
1970-01-01 00:00:00.000000100,91.55081,78,11
1970-01-01 00:00:00.000000101,90.95002,78,11
1970-01-01 00:00:00.000000100,89.944824,78,12
1970-01-01 00:00:00.000000101,88.422,78,12
1970-01-01 00:00:00.000000102,87.488815,78,12
1970-01-01 00:00:00.000000101,89.99252,78,13
1970-01-01 00:00:00.000000102,88.48248,78,13
1970-01-01 00:00:00.000000103,87.55391,78,13
1970-01-01 00:00:00.000000275,81.64334,79,10
1970-01-01 00:00:00.000000276,81.60414,79,10
1970-01-01 00:00:00.000000277,81.53638,79,10
1970-01-01 00:00:00.000000276,82.29139,79,11
1970-01-01 00:00:00.000000277,82.26067,79,11
1970-01-01 00:00:00.000000278,82.14612,79,11
1970-01-01 00:00:00.000000277,83.33554,79,12
1970-01-01 00:00:00.000000278,83.24698,79,12
1970-01-01 00:00:00.000000279,83.21436,79,12
1970-01-01 00:00:00.000000278,82.55633,79,13
1970-01-01 00:00:00.000000279,82.46057,79,13
1970-01-01 00:00:00.000000280,82.37633,79,13
1970-01-01 00:00:00.000000279,81.555115,79,14
1970-01-01 00:00:00.000000280,81.44301,79,14
1970-01-01 00:00:00.000000281,81.33275,79,14
1970-01-01 00:00:00.000000280,82.171425,79,15
1970-01-01 00:00:00.000000281,82.11104,79,15
1970-01-01 00:00:00.000000282,82.059525,79,15
1970-01-01 00:00:00.000000281,81.01261,79,16
1970-01-01 00:00:00.000000282,80.90065,79,16
1970-01-01 00:00:00.000000283,80.79533,79,16
1970-01-01 00:00:00.000000282,81.15698,79,17
1970-01-01 00:00:00.000000283,81.089615,79,17
1970-01-01 00:00:00.000000284,81.02453,79,17
1970-01-01 00:00:00.000000283,81.80385,79,18
1970-01-01 00:00:00.000000284,81.76845,79,18
1970-01-01 00:00:00.000000285,81.72233,79,18
1970-01-01 00:00:00.000000284,81.365814,79,19
1970-01-01 00:00:00.000000285,81.28285,79,19
1970-01-01 00:00:00.000000286,81.197334,79,19
1970-01-01 00:00:00.000000285,81.42575,79,20
1970-01-01 00:00:00.000000286,81.34324,79,20
1970-01-01 00:00:00.000000287,81.26704,79,20
1970-01-01 00:00:00.000000286,81.29173,79,21
1970-01-01 00:00:00.000000287,81.21144,79,21
1970-01-01 00:00:00.000000288,81.14341,79,21
1970-01-01 00:00:00.000000287,81.539955,79,22
1970-01-01 00:00:00.000000288,81.48832,79,22
1970-01-01 00:00:00.000000289,81.42167,79,22
1970-01-01 00:00:00.000000288,81.05188,79,23
1970-01-01 00:00:00.000000289,80.96054,79,23
1970-01-01 00:00:00.000000290,80.8668,79,23
1970-01-01 00:00:00.000000289,80.66965,79,24
1970-01-01 00:00:00.000000290,80.57002,79,24
1970-01-01 00:00:00.000000291,80.47794,79,24
1970-01-01 00:00:00.000000290,81.1648,79,25
1970-01-01 00:00:00.000000291,81.10676,79,25
1970-01-01 00:00:00.000000292,81.044785,79,25
1970-01-01 00:00:00.000000291,81.1881,79,26
1970-01-01 00:00:00.000000292,81.11306,79,26
1970-01-01 00:00:00.000000293,81.04864,79,26
1970-01-01 00:00:00.000000292,81.26982,79,27
1970-01-01 00:00:00.000000293,81.21104,79,27
1970-01-01 00:00:00.000000294,81.14558,79,27
1970-01-01 00:00:00.000000293,81.29904,79,28
1970-01-01 00:00:00.000000294,81.232666,79,28
1970-01-01 00:00:00.000000295,81.16439,79,28
1970-01-01 00:00:00.000000294,80.9247,79,29
1970-01-01 00:00:00.000000295,80.84363,79,29
1970-01-01 00:00:00.000000296,80.76833,79,29
1970-01-01 00:00:00.000000295,79.62956,79,30
1970-01-01 00:00:00.000000296,79.52397,79,30
1970-01-01 00:00:00.000000297,79.40887,79,30
1970-01-01 00:00:00.000000296,79.9102,79,31
1970-01-01 00:00:00.000000297,79.85147,79,31
1970-01-01 00:00:00.000000298,79.79406,79,31
1970-01-01 00:00:00.000000297,78.99377,79,32
1970-01-01 00:00:00.000000298,78.91689,79,32
1970-01-01 00:00:00.000000299,78.832184,79,32
1970-01-01 00:00:00.000000298,79.06575,79,33
1970-01-01 00:00:00.000000299,79.033394,79,33
1970-01-01 00:00:00.000000300,78.9971,79,33
1970-01-01 00:00:00.000000299,79.46984,79,34
1970-01-01 00:00:00.000000300,79.47579,79,34
1970-01-01 00:00:00.000000301,79.44885,79,34
1970-01-01 00:00:00.000000300,80.11066,79,35
1970-01-01 00:00:00.000000301,80.10877,79,35
1970-01-01 00:00:00.000000302,80.064835,79,35
1970-01-01 00:00:00.000000301,80.52216,79,36
1970-01-01 00:00:00.000000302,80.47901,79,36
1970-01-01 00:00:00.000000303,80.437416,79,36
1970-01-01 00:00:00.000000302,79.28363,79,37
1970-01-01 00:00:00.000000303,79.19344,79,37
1970-01-01 00:00:00.000000304,79.096596,79,37
1970-01-01 00:00:00.000000303,80.99753,79,38
1970-01-01 00:00:00.000000304,81.01237,79,38
1970-01-01 00:00:00.000000305,81.002525,79,38
1970-01-01 00:00:00.000000304,80.540306,79,39
1970-01-01 00:00:00.000000305,80.479126,79,39
1970-01-01 00:00:00.000000306,80.412964,79,39
1970-01-01 00:00:00.000000305,80.62326,79,40
1970-01-01 00:00:00.000000306,80.56601,79,40
1970-01-01 00:00:00.000000307,80.5052,79,40
1970-01-01 00:00:00.000000306,81.20731,79,41
1970-01-01 00:00:00.000000307,81.16895,79,41
1970-01-01 00:00:00.000000308,81.13297,79,41
1970-01-01 00:00:00.000000307,82.206024,79,42
1970-01-01 00:00:00.000000308,82.19471,79,42
1970-01-01 00:00:00.000000309,82.1687,79,42
1970-01-01 00:00:00.000000308,81.853676,79,43
1970-01-01 00:00:00.000000309,81.77984,79,43
1970-01-01 00:00:00.000000310,81.719986,79,43
1970-01-01 00:00:00.000000309,81.18924,79,44
1970-01-01 00:00:00.000000310,81.111565,79,44
1970-01-01 00:00:00.000000311,81.02539,79,44
1970-01-01 00:00:00.000000148,87.74011,80,10
1970-01-01 00:00:00.000000149,87.77309,80,10
1970-01-01 00:00:00.000000150,87.73849,80,10
1970-01-01 00:00:00.000000149,88.43247,80,11
1970-01-01 00:00:00.000000150,88.48124,80,11
1970-01-01 00:00:00.000000151,88.44661,80,11
1970-01-01 00:00:00.000000150,88.21277,80,12
1970-01-01 00:00:00.000000151,88.24199,80,12
1970-01-01 00:00:00.000000152,88.18887,80,12
1970-01-01 00:00:00.000000151,87.82333,80,13
1970-01-01 00:00:00.000000152,87.84254,80,13
1970-01-01 00:00:00.000000153,87.79141,80,13
1970-01-01 00:00:00.000000152,87.08888,80,14
1970-01-01 00:00:00.000000153,87.09006,80,14
1970-01-01 00:00:00.000000154,87.04958,80,14
1970-01-01 00:00:00.000000153,86.45207,80,15
1970-01-01 00:00:00.000000154,86.448814,80,15
1970-01-01 00:00:00.000000155,86.40665,80,15
1970-01-01 00:00:00.000000154,86.067474,80,16
1970-01-01 00:00:00.000000155,86.055435,80,16
1970-01-01 00:00:00.000000156,86.15459,80,16
1970-01-01 00:00:00.000000155,85.23993,80,17
1970-01-01 00:00:00.000000156,85.25816,80,17
1970-01-01 00:00:00.000000157,86.51503,80,17
1970-01-01 00:00:00.000000156,83.24404,80,18
1970-01-01 00:00:00.000000157,84.084984,80,18
1970-01-01 00:00:00.000000158,83.815994,80,18
1970-01-01 00:00:00.000000157,94.61053,80,19
1970-01-01 00:00:00.000000158,93.37646,80,19
1970-01-01 00:00:00.000000159,92.610146,80,19
1970-01-01 00:00:00.000000158,84.99446,80,20
1970-01-01 00:00:00.000000159,81.90206,80,20
1970-01-01 00:00:00.000000160,79.984924,80,20
1970-01-01 00:00:00.000000159,83.96908,80,21
1970-01-01 00:00:00.000000160,80.87541,80,21
1970-01-01 00:00:00.000000161,78.95614,80,21
1970-01-01 00:00:00.000000160,83.968956,80,22
1970-01-01 00:00:00.000000161,80.70981,80,22
1970-01-01 00:00:00.000000162,78.77858,80,22
1970-01-01 00:00:00.000000125,86.24253,81,10
1970-01-01 00:00:00.000000126,86.91048,81,10
1970-01-01 00:00:00.000000127,87.328995,81,10
1970-01-01 00:00:00.000000126,87.04794,81,11
1970-01-01 00:00:00.000000127,87.568756,81,11
1970-01-01 00:00:00.000000128,87.90601,81,11
1970-01-01 00:00:00.000000127,87.90927,81,12
1970-01-01 00:00:00.000000128,88.168,81,12
1970-01-01 00:00:00.000000129,88.2918,81,12
1970-01-01 00:00:00.000000128,87.54738,81,13
1970-01-01 00:00:00.000000129,87.77579,81,13
1970-01-01 00:00:00.000000130,87.90285,81,13
1970-01-01 00:00:00.000000129,87.778206,81,14
1970-01-01 00:00:00.000000130,87.98082,81,14
1970-01-01 00:00:00.000000131,88.07807,81,14
1970-01-01 00:00:00.000000130,87.67591,81,15
1970-01-01 00:00:00.000000131,87.87606,81,15
1970-01-01 00:00:00.000000132,87.50483,81,15
1970-01-01 00:00:00.000000131,88.35462,81,16
1970-01-01 00:00:00.000000132,88.02683,81,16
1970-01-01 00:00:00.000000133,86.93774,81,16
1970-01-01 00:00:00.000000132,87.80743,81,17
1970-01-01 00:00:00.000000133,86.521194,81,17
1970-01-01 00:00:00.000000134,85.50846,81,17
1970-01-01 00:00:00.000000133,87.43732,81,18
1970-01-01 00:00:00.000000134,86.546875,81,18
1970-01-01 00:00:00.000000135,86.07732,81,18
1970-01-01 00:00:00.000000318,79.38989,83,10
1970-01-01 00:00:00.000000319,79.34578,83,10
1970-01-01 00:00:00.000000320,79.43447,83,10
1970-01-01 00:00:00.000000319,79.43538,83,11
1970-01-01 00:00:00.000000320,79.38708,83,11
1970-01-01 00:00:00.000000321,79.47192,83,11
1970-01-01 00:00:00.000000320,79.52129,83,12
1970-01-01 00:00:00.000000321,79.47384,83,12
1970-01-01 00:00:00.000000322,79.56152,83,12
1970-01-01 00:00:00.000000321,79.73883,83,13
1970-01-01 00:00:00.000000322,79.70316,83,13
1970-01-01 00:00:00.000000323,79.8043,83,13
1970-01-01 00:00:00.000000322,79.791565,83,14
1970-01-01 00:00:00.000000323,79.75744,83,14
1970-01-01 00:00:00.000000324,79.84447,83,14
1970-01-01 00:00:00.000000323,79.91036,83,15
1970-01-01 00:00:00.000000324,79.87091,83,15
1970-01-01 00:00:00.000000325,79.95034,83,15
1970-01-01 00:00:00.000000324,80.27542,83,16
1970-01-01 00:00:00.000000325,80.244194,83,16
1970-01-01 00:00:00.000000326,80.335686,83,16
1970-01-01 00:00:00.000000325,80.56956,83,17
1970-01-01 00:00:00.000000326,80.54423,83,17
1970-01-01 00:00:00.000000327,80.64226,83,17
1970-01-01 00:00:00.000000326,80.3293,83,18
1970-01-01 00:00:00.000000327,80.28358,83,18
1970-01-01 00:00:00.000000328,80.360985,83,18
1970-01-01 00:00:00.000000327,80.13691,83,19
1970-01-01 00:00:00.000000328,80.081436,83,19
1970-01-01 00:00:00.000000329,80.14508,83,19
1970-01-01 00:00:00.000000328,80.11805,83,20
1970-01-01 00:00:00.000000329,80.05561,83,20
1970-01-01 00:00:00.000000330,80.130516,83,20
1970-01-01 00:00:00.000000329,79.794975,83,21
1970-01-01 00:00:00.000000330,79.72402,83,21
1970-01-01 00:00:00.000000331,79.78785,83,21
1970-01-01 00:00:00.000000330,79.38268,83,22
1970-01-01 00:00:00.000000331,79.30087,83,22
1970-01-01 00:00:00.000000332,79.367325,83,22
1970-01-01 00:00:00.000000331,79.94121,83,23
1970-01-01 00:00:00.000000332,79.91569,83,23
1970-01-01 00:00:00.000000333,80.0208,83,23
1970-01-01 00:00:00.000000332,79.87151,83,24
1970-01-01 00:00:00.000000333,79.831245,83,24
1970-01-01 00:00:00.000000334,79.87844,83,24
1970-01-01 00:00:00.000000333,79.788246,83,25
1970-01-01 00:00:00.000000334,79.70125,83,25
1970-01-01 00:00:00.000000335,79.79551,83,25
1970-01-01 00:00:00.000000334,79.539276,83,26
1970-01-01 00:00:00.000000335,79.49382,83,26
1970-01-01 00:00:00.000000336,79.56442,83,26
1970-01-01 00:00:00.000000335,78.75736,83,27
1970-01-01 00:00:00.000000336,78.66149,83,27
1970-01-01 00:00:00.000000337,78.71417,83,27
1970-01-01 00:00:00.000000336,79.61554,83,28
1970-01-01 00:00:00.000000337,79.59806,83,28
1970-01-01 00:00:00.000000338,79.70006,83,28
1970-01-01 00:00:00.000000337,79.348755,83,29
1970-01-01 00:00:00.000000338,79.28649,83,29
1970-01-01 00:00:00.000000339,79.361725,83,29
1970-01-01 00:00:00.000000338,79.12599,83,30
1970-01-01 00:00:00.000000339,79.05791,83,30
1970-01-01 00:00:00.000000340,79.13985,83,30
1970-01-01 00:00:00.000000339,79.380196,83,31
1970-01-01 00:00:00.000000340,79.34539,83,31
1970-01-01 00:00:00.000000341,79.4412,83,31
1970-01-01 00:00:00.000000340,79.531815,83,32
1970-01-01 00:00:00.000000341,79.49587,83,32
1970-01-01 00:00:00.000000342,79.58519,83,32
1970-01-01 00:00:00.000000341,79.78263,83,33
1970-01-01 00:00:00.000000342,79.74809,83,33
1970-01-01 00:00:00.000000343,79.84403,83,33
1970-01-01 00:00:00.000000342,79.987724,83,34
1970-01-01 00:00:00.000000343,79.95778,83,34
1970-01-01 00:00:00.000000344,80.04937,83,34
1970-01-01 00:00:00.000000343,80.283806,83,35
1970-01-01 00:00:00.000000344,80.25904,83,35
1970-01-01 00:00:00.000000345,80.35332,83,35
1970-01-01 00:00:00.000000344,80.20226,83,36
1970-01-01 00:00:00.000000345,80.16017,83,36
1970-01-01 00:00:00.000000346,80.24404,83,36
1970-01-01 00:00:00.000000345,80.46909,83,37
1970-01-01 00:00:00.000000346,80.44526,83,37
1970-01-01 00:00:00.000000347,80.53749,83,37
1970-01-01 00:00:00.000000346,80.55327,83,38
1970-01-01 00:00:00.000000347,80.52272,83,38
1970-01-01 00:00:00.000000348,80.61421,83,38
1970-01-01 00:00:00.000000347,80.45181,83,39
1970-01-01 00:00:00.000000348,80.413635,83,39
1970-01-01 00:00:00.000000349,80.49047,83,39
1970-01-01 00:00:00.000000348,80.80816,83,40
1970-01-01 00:00:00.000000349,80.785904,83,40
1970-01-01 00:00:00.000000350,80.88563,83,40
1970-01-01 00:00:00.000000349,80.74069,83,41
1970-01-01 00:00:00.000000350,80.709785,83,41
1970-01-01 00:00:00.000000351,80.79211,83,41
1970-01-01 00:00:00.000000350,80.89327,83,42
1970-01-01 00:00:00.000000351,80.86656,83,42
1970-01-01 00:00:00.000000352,80.94604,83,42
1970-01-01 00:00:00.000000351,81.12124,83,43
1970-01-01 00:00:00.000000352,81.09569,83,43
1970-01-01 00:00:00.000000353,81.18222,83,43
1970-01-01 00:00:00.000000352,81.21151,83,44
1970-01-01 00:00:00.000000353,81.184654,83,44
1970-01-01 00:00:00.000000354,81.25805,83,44
1970-01-01 00:00:00.000000353,80.963715,83,45
1970-01-01 00:00:00.000000354,80.90677,83,45
1970-01-01 00:00:00.000000355,80.96906,83,45
1970-01-01 00:00:00.000000354,81.360756,83,46
1970-01-01 00:00:00.000000355,81.33783,83,46
1970-01-01 00:00:00.000000356,81.42671,83,46
1970-01-01 00:00:00.000000355,81.22317,83,47
1970-01-01 00:00:00.000000356,81.18578,83,47
1970-01-01 00:00:00.000000357,81.26708,83,47
1970-01-01 00:00:00.000000356,81.20021,83,48
1970-01-01 00:00:00.000000357,81.17161,83,48
1970-01-01 00:00:00.000000358,81.25076,83,48
1970-01-01 00:00:00.000000357,80.94433,83,49
1970-01-01 00:00:00.000000358,80.89744,83,49
1970-01-01 00:00:00.000000359,80.97697,83,49
1970-01-01 00:00:00.000000358,80.66357,83,50
1970-01-01 00:00:00.000000359,80.61749,83,50
1970-01-01 00:00:00.000000360,80.69998,83,50
1970-01-01 00:00:00.000000359,80.0982,83,51
1970-01-01 00:00:00.000000360,80.035835,83,51
1970-01-01 00:00:00.000000361,80.091576,83,51
1970-01-01 00:00:00.000000360,80.81337,83,52
1970-01-01 00:00:00.000000361,80.80082,83,52
1970-01-01 00:00:00.000000362,80.89836,83,52
1970-01-01 00:00:00.000000110,92.897354,84,10
1970-01-01 00:00:00.000000111,92.857346,84,10
1970-01-01 00:00:00.000000112,92.824844,84,10
1970-01-01 00:00:00.000000111,92.786354,84,11
1970-01-01 00:00:00.000000112,92.804504,84,11
1970-01-01 00:00:00.000000113,92.81437,84,11
1970-01-01 00:00:00.000000112,92.89416,84,12
1970-01-01 00:00:00.000000113,92.94304,84,12
1970-01-01 00:00:00.000000114,92.8893,84,12
1970-01-01 00:00:00.000000113,93.15546,84,13
1970-01-01 00:00:00.000000114,93.09943,84,13
1970-01-01 00:00:00.000000115,93.05324,84,13
1970-01-01 00:00:00.000000114,93.35431,84,14
1970-01-01 00:00:00.000000115,93.30486,84,14
1970-01-01 00:00:00.000000116,93.24115,84,14
1970-01-01 00:00:00.000000115,93.31355,84,15
1970-01-01 00:00:00.000000116,93.28596,84,15
1970-01-01 00:00:00.000000117,93.27882,84,15
1970-01-01 00:00:00.000000118,84.370346,85,10
1970-01-01 00:00:00.000000119,84.62992,85,10
1970-01-01 00:00:00.000000120,84.769714,85,10
1970-01-01 00:00:00.000000119,84.152695,85,11
1970-01-01 00:00:00.000000120,84.54956,85,11
1970-01-01 00:00:00.000000121,84.64753,85,11
1970-01-01 00:00:00.000000120,84.87141,85,12
1970-01-01 00:00:00.000000121,85.13071,85,12
1970-01-01 00:00:00.000000122,85.248795,85,12
1970-01-01 00:00:00.000000121,86.17514,85,13
1970-01-01 00:00:00.000000122,86.34817,85,13
1970-01-01 00:00:00.000000123,86.33871,85,13
1970-01-01 00:00:00.000000122,86.22881,85,14
1970-01-01 00:00:00.000000123,86.394264,85,14
1970-01-01 00:00:00.000000124,86.41647,85,14
1970-01-01 00:00:00.000000123,86.84176,85,15
1970-01-01 00:00:00.000000124,86.960495,85,15
1970-01-01 00:00:00.000000125,86.93526,85,15
1970-01-01 00:00:00.000000124,87.15625,85,16
1970-01-01 00:00:00.000000125,87.237144,85,16
1970-01-01 00:00:00.000000126,86.38503,85,16
1970-01-01 00:00:00.000000215,93.56035,86,10
1970-01-01 00:00:00.000000216,93.60057,86,10
1970-01-01 00:00:00.000000217,93.501144,86,10
1970-01-01 00:00:00.000000216,93.83845,86,11
1970-01-01 00:00:00.000000217,93.82543,86,11
1970-01-01 00:00:00.000000218,93.759056,86,11
1970-01-01 00:00:00.000000217,93.517395,86,12
1970-01-01 00:00:00.000000218,93.5572,86,12
1970-01-01 00:00:00.000000219,93.429886,86,12
1970-01-01 00:00:00.000000218,92.63065,86,13
1970-01-01 00:00:00.000000219,92.64963,86,13
1970-01-01 00:00:00.000000220,92.61814,86,13
1970-01-01 00:00:00.000000219,91.626144,86,14
1970-01-01 00:00:00.000000220,91.7212,86,14
1970-01-01 00:00:00.000000221,91.73392,86,14
1970-01-01 00:00:00.000000220,90.865074,86,15
1970-01-01 00:00:00.000000221,91.03523,86,15
1970-01-01 00:00:00.000000222,91.09172,86,15
1970-01-01 00:00:00.000000221,90.834114,86,16
1970-01-01 00:00:00.000000222,91.01041,86,16
1970-01-01 00:00:00.000000223,91.019875,86,16
1970-01-01 00:00:00.000000222,90.53778,86,17
1970-01-01 00:00:00.000000223,90.64743,86,17
1970-01-01 00:00:00.000000224,90.67617,86,17
1970-01-01 00:00:00.000000223,91.08026,86,18
1970-01-01 00:00:00.000000224,91.1759,86,18
1970-01-01 00:00:00.000000225,91.19338,86,18
1970-01-01 00:00:00.000000224,91.724045,86,19
1970-01-01 00:00:00.000000225,91.84177,86,19
1970-01-01 00:00:00.000000226,91.81655,86,19
1970-01-01 00:00:00.000000225,92.61542,86,20
1970-01-01 00:00:00.000000226,92.67476,86,20
1970-01-01 00:00:00.000000227,92.60764,86,20
1970-01-01 00:00:00.000000226,92.55348,86,21
1970-01-01 00:00:00.000000227,92.57494,86,21
1970-01-01 00:00:00.000000228,92.545586,86,21
1970-01-01 00:00:00.000000227,92.68174,86,22
1970-01-01 00:00:00.000000228,92.74887,86,22
1970-01-01 00:00:00.000000229,92.38575,86,22
1970-01-01 00:00:00.000000228,91.89361,86,23
1970-01-01 00:00:00.000000229,91.62459,86,23
1970-01-01 00:00:00.000000230,91.24387,86,23
1970-01-01 00:00:00.000000229,90.818,86,24
1970-01-01 00:00:00.000000230,90.45073,86,24
1970-01-01 00:00:00.000000231,90.08537,86,24
1970-01-01 00:00:00.000000230,89.33332,86,25
1970-01-01 00:00:00.000000231,89.188194,86,25
1970-01-01 00:00:00.000000232,89.25767,86,25
1970-01-01 00:00:00.000000231,88.54398,86,26
1970-01-01 00:00:00.000000232,88.981865,86,26
1970-01-01 00:00:00.000000233,89.15932,86,26
1970-01-01 00:00:00.000000232,87.888084,86,27
1970-01-01 00:00:00.000000233,88.39345,86,27
1970-01-01 00:00:00.000000234,88.719124,86,27
1970-01-01 00:00:00.000000233,91.60161,86,28
1970-01-01 00:00:00.000000234,91.84524,86,28
1970-01-01 00:00:00.000000235,91.87496,86,28
1970-01-01 00:00:00.000000234,90.79007,86,29
1970-01-01 00:00:00.000000235,90.90023,86,29
1970-01-01 00:00:00.000000236,90.89466,86,29
1970-01-01 00:00:00.000000235,91.89265,86,30
1970-01-01 00:00:00.000000236,91.92955,86,30
1970-01-01 00:00:00.000000237,91.90844,86,30
1970-01-01 00:00:00.000000236,91.93543,86,31
1970-01-01 00:00:00.000000237,92.02077,86,31
1970-01-01 00:00:00.000000238,91.393776,86,31
1970-01-01 00:00:00.000000237,92.60784,86,32
1970-01-01 00:00:00.000000238,92.020386,86,32
1970-01-01 00:00:00.000000239,91.36728,86,32
1970-01-01 00:00:00.000000238,92.02678,86,33
1970-01-01 00:00:00.000000239,91.17618,86,33
1970-01-01 00:00:00.000000240,90.41982,86,33
1970-01-01 00:00:00.000000385,95.06852,87,10
1970-01-01 00:00:00.000000386,94.68732,87,10
1970-01-01 00:00:00.000000387,94.45368,87,10
1970-01-01 00:00:00.000000386,95.196365,87,11
1970-01-01 00:00:00.000000387,94.742455,87,11
1970-01-01 00:00:00.000000388,94.55515,87,11
1970-01-01 00:00:00.000000387,95.1514,87,12
1970-01-01 00:00:00.000000388,94.73494,87,12
1970-01-01 00:00:00.000000389,94.52887,87,12
1970-01-01 00:00:00.000000388,94.87696,87,13
1970-01-01 00:00:00.000000389,94.46989,87,13
1970-01-01 00:00:00.000000390,94.27371,87,13
1970-01-01 00:00:00.000000389,94.97508,87,14
1970-01-01 00:00:00.000000390,94.551765,87,14
1970-01-01 00:00:00.000000391,94.28359,87,14
1970-01-01 00:00:00.000000390,94.75241,87,15
1970-01-01 00:00:00.000000391,94.24669,87,15
1970-01-01 00:00:00.000000392,94.06601,87,15
1970-01-01 00:00:00.000000391,94.22868,87,16
1970-01-01 00:00:00.000000392,93.83199,87,16
1970-01-01 00:00:00.000000393,93.61446,87,16
1970-01-01 00:00:00.000000392,94.00611,87,17
1970-01-01 00:00:00.000000393,93.60157,87,17
1970-01-01 00:00:00.000000394,93.41921,87,17
1970-01-01 00:00:00.000000393,94.8256,87,18
1970-01-01 00:00:00.000000394,94.40392,87,18
1970-01-01 00:00:00.000000395,94.19441,87,18
1970-01-01 00:00:00.000000394,94.70875,87,19
1970-01-01 00:00:00.000000395,94.27994,87,19
1970-01-01 00:00:00.000000396,94.07241,87,19
1970-01-01 00:00:00.000000395,94.28742,87,20
1970-01-01 00:00:00.000000396,93.86348,87,20
1970-01-01 00:00:00.000000397,93.68052,87,20
1970-01-01 00:00:00.000000396,94.15346,87,21
1970-01-01 00:00:00.000000397,93.75375,87,21
1970-01-01 00:00:00.000000398,93.22997,87,21
1970-01-01 00:00:00.000000397,93.74618,87,22
1970-01-01 00:00:00.000000398,92.94933,87,22
1970-01-01 00:00:00.000000399,91.71891,87,22
1970-01-01 00:00:00.000000398,92.9279,87,23
1970-01-01 00:00:00.000000399,91.13832,87,23
1970-01-01 00:00:00.000000400,90.71697,87,23
1970-01-01 00:00:00.000000399,90.116776,87,24
1970-01-01 00:00:00.000000400,89.7109,87,24
1970-01-01 00:00:00.000000401,89.44981,87,24
1970-01-01 00:00:00.000000400,90.30894,87,25
1970-01-01 00:00:00.000000401,90.48277,87,25
1970-01-01 00:00:00.000000402,90.69236,87,25
1970-01-01 00:00:00.000000401,90.6146,87,26
1970-01-01 00:00:00.000000402,90.47327,87,26
1970-01-01 00:00:00.000000403,90.41495,87,26
1970-01-01 00:00:00.000000402,90.729774,87,27
1970-01-01 00:00:00.000000403,90.35628,87,27
1970-01-01 00:00:00.000000404,90.10493,87,27
1970-01-01 00:00:00.000000403,91.98272,87,28
1970-01-01 00:00:00.000000404,91.52565,87,28
1970-01-01 00:00:00.000000405,91.28652,87,28
1970-01-01 00:00:00.000000404,91.98831,87,29
1970-01-01 00:00:00.000000405,91.56621,87,29
1970-01-01 00:00:00.000000406,91.384415,87,29
1970-01-01 00:00:00.000000405,91.714455,87,30
1970-01-01 00:00:00.000000406,91.36912,87,30
1970-01-01 00:00:00.000000407,91.16233,87,30
1970-01-01 00:00:00.000000406,92.073555,87,31
1970-01-01 00:00:00.000000407,91.66772,87,31
1970-01-01 00:00:00.000000408,91.47142,87,31
1970-01-01 00:00:00.000000407,92.34931,87,32
1970-01-01 00:00:00.000000408,91.93557,87,32
1970-01-01 00:00:00.000000409,91.72243,87,32
1970-01-01 00:00:00.000000408,92.15791,87,33
1970-01-01 00:00:00.000000409,91.75958,87,33
1970-01-01 00:00:00.000000410,91.54673,87,33
1970-01-01 00:00:00.000000409,92.61995,87,34
1970-01-01 00:00:00.000000410,92.2021,87,34
1970-01-01 00:00:00.000000411,92.03515,87,34
1970-01-01 00:00:00.000000410,93.11144,87,35
1970-01-01 00:00:00.000000411,92.73434,87,35
1970-01-01 00:00:00.000000412,92.56876,87,35
1970-01-01 00:00:00.000000411,93.723206,87,36
1970-01-01 00:00:00.000000412,93.34743,87,36
1970-01-01 00:00:00.000000413,93.13379,87,36
1970-01-01 00:00:00.000000412,94.367775,87,37
1970-01-01 00:00:00.000000413,93.9171,87,37
1970-01-01 00:00:00.000000414,93.700615,87,37
1970-01-01 00:00:00.000000413,94.336205,87,38
1970-01-01 00:00:00.000000414,93.88278,87,38
1970-01-01 00:00:00.000000415,93.67097,87,38
1970-01-01 00:00:00.000000414,93.3514,87,39
1970-01-01 00:00:00.000000415,92.94258,87,39
1970-01-01 00:00:00.000000416,92.72018,87,39
1970-01-01 00:00:00.000000415,91.84253,87,40
1970-01-01 00:00:00.000000416,91.43765,87,40
1970-01-01 00:00:00.000000417,91.25107,87,40
1970-01-01 00:00:00.000000416,91.45392,87,41
1970-01-01 00:00:00.000000417,91.07956,87,41
1970-01-01 00:00:00.000000418,90.847626,87,41
1970-01-01 00:00:00.000000417,91.56011,87,42
1970-01-01 00:00:00.000000418,91.14691,87,42
1970-01-01 00:00:00.000000419,90.94252,87,42
1970-01-01 00:00:00.000000418,91.50678,87,43
1970-01-01 00:00:00.000000419,91.11055,87,43
1970-01-01 00:00:00.000000420,90.90141,87,43
1970-01-01 00:00:00.000000419,91.01463,87,44
1970-01-01 00:00:00.000000420,90.65024,87,44
1970-01-01 00:00:00.000000421,90.486305,87,44
1970-01-01 00:00:00.000000420,91.36176,87,45
1970-01-01 00:00:00.000000421,91.01354,87,45
1970-01-01 00:00:00.000000422,90.82049,87,45
1970-01-01 00:00:00.000000421,91.61448,87,46
1970-01-01 00:00:00.000000422,91.22809,87,46
1970-01-01 00:00:00.000000423,91.02746,87,46
1970-01-01 00:00:00.000000422,91.18123,87,47
1970-01-01 00:00:00.000000423,90.79956,87,47
1970-01-01 00:00:00.000000424,90.58202,87,47
1970-01-01 00:00:00.000000423,90.735695,87,48
1970-01-01 00:00:00.000000424,90.357216,87,48
1970-01-01 00:00:00.000000425,90.13331,87,48
1970-01-01 00:00:00.000000424,92.28377,87,49
1970-01-01 00:00:00.000000425,91.84686,87,49
1970-01-01 00:00:00.000000426,91.661964,87,49
1970-01-01 00:00:00.000000425,95.619965,87,50
1970-01-01 00:00:00.000000426,95.222694,87,50
1970-01-01 00:00:00.000000427,95.012184,87,50
1970-01-01 00:00:00.000000426,96.43178,87,51
1970-01-01 00:00:00.000000427,96.02196,87,51
1970-01-01 00:00:00.000000428,95.80683,87,51
1970-01-01 00:00:00.000000427,94.28412,87,52
1970-01-01 00:00:00.000000428,93.8622,87,52
1970-01-01 00:00:00.000000429,93.67619,87,52
1970-01-01 00:00:00.000000428,91.808685,87,53
1970-01-01 00:00:00.000000429,91.43313,87,53
1970-01-01 00:00:00.000000430,91.22618,87,53
1970-01-01 00:00:00.000000429,89.36952,87,54
1970-01-01 00:00:00.000000430,89.08623,87,54
1970-01-01 00:00:00.000000431,88.971466,87,54
1970-01-01 00:00:00.000000430,89.613846,87,55
1970-01-01 00:00:00.000000431,89.35016,87,55
1970-01-01 00:00:00.000000432,89.181854,87,55
1970-01-01 00:00:00.000000431,91.70634,87,56
1970-01-01 00:00:00.000000432,91.31539,87,56
1970-01-01 00:00:00.000000433,90.432556,87,56
1970-01-01 00:00:00.000000432,94.12189,87,57
1970-01-01 00:00:00.000000433,93.03475,87,57
1970-01-01 00:00:00.000000434,91.50473,87,57
1970-01-01 00:00:00.000000433,93.53378,87,58
1970-01-01 00:00:00.000000434,91.38891,87,58
1970-01-01 00:00:00.000000435,89.55591,87,58
1970-01-01 00:00:00.000000434,89.18235,87,59
1970-01-01 00:00:00.000000435,86.86472,87,59
1970-01-01 00:00:00.000000436,86.08088,87,59
1970-01-01 00:00:00.000000435,74.814674,87,60
1970-01-01 00:00:00.000000436,77.094124,87,60
1970-01-01 00:00:00.000000437,79.014755,87,60
1970-01-01 00:00:00.000000436,71.5851,87,61
1970-01-01 00:00:00.000000437,75.1318,87,61
1970-01-01 00:00:00.000000438,77.52995,87,61
1970-01-01 00:00:00.000000437,86.83797,87,62
1970-01-01 00:00:00.000000438,87.66066,87,62
1970-01-01 00:00:00.000000439,88.22929,87,62
1970-01-01 00:00:00.000000438,88.297935,87,63
1970-01-01 00:00:00.000000439,88.19395,87,63
1970-01-01 00:00:00.000000440,87.965805,87,63
1970-01-01 00:00:00.000000439,92.27155,87,64
1970-01-01 00:00:00.000000440,91.688934,87,64
1970-01-01 00:00:00.000000441,89.83306,87,64
1970-01-01 00:00:00.000000355,80.87038,88,10
1970-01-01 00:00:00.000000356,80.85638,88,10
1970-01-01 00:00:00.000000357,80.94362,88,10
1970-01-01 00:00:00.000000356,80.89836,88,11
1970-01-01 00:00:00.000000357,80.88099,88,11
1970-01-01 00:00:00.000000358,80.98045,88,11
1970-01-01 00:00:00.000000357,80.90022,88,12
1970-01-01 00:00:00.000000358,80.89101,88,12
1970-01-01 00:00:00.000000359,80.98659,88,12
1970-01-01 00:00:00.000000358,80.9498,88,13
1970-01-01 00:00:00.000000359,80.93972,88,13
1970-01-01 00:00:00.000000360,81.03175,88,13
1970-01-01 00:00:00.000000359,81.290695,88,14
1970-01-01 00:00:00.000000360,81.29394,88,14
1970-01-01 00:00:00.000000361,81.40285,88,14
1970-01-01 00:00:00.000000360,81.25834,88,15
1970-01-01 00:00:00.000000361,81.25234,88,15
1970-01-01 00:00:00.000000362,81.34685,88,15
1970-01-01 00:00:00.000000361,80.94628,88,16
1970-01-01 00:00:00.000000362,80.91785,88,16
1970-01-01 00:00:00.000000363,80.99577,88,16
1970-01-01 00:00:00.000000362,81.09145,88,17
1970-01-01 00:00:00.000000363,81.079544,88,17
1970-01-01 00:00:00.000000364,81.17986,88,17
1970-01-01 00:00:00.000000363,80.81581,88,18
1970-01-01 00:00:00.000000364,80.79226,88,18
1970-01-01 00:00:00.000000365,80.882515,88,18
1970-01-01 00:00:00.000000364,80.715965,88,19
1970-01-01 00:00:00.000000365,80.69749,88,19
1970-01-01 00:00:00.000000366,80.78907,88,19
1970-01-01 00:00:00.000000365,80.788025,88,20
1970-01-01 00:00:00.000000366,80.777824,88,20
1970-01-01 00:00:00.000000367,80.86977,88,20
1970-01-01 00:00:00.000000366,80.9354,88,21
1970-01-01 00:00:00.000000367,80.92645,88,21
1970-01-01 00:00:00.000000368,81.03214,88,21
1970-01-01 00:00:00.000000367,81.12495,88,22
1970-01-01 00:00:00.000000368,81.13091,88,22
1970-01-01 00:00:00.000000369,81.233185,88,22
1970-01-01 00:00:00.000000368,80.98269,88,23
1970-01-01 00:00:00.000000369,80.96311,88,23
1970-01-01 00:00:00.000000370,81.0574,88,23
1970-01-01 00:00:00.000000369,81.172295,88,24
1970-01-01 00:00:00.000000370,81.169876,88,24
1970-01-01 00:00:00.000000371,81.26543,88,24
1970-01-01 00:00:00.000000370,80.87289,88,25
1970-01-01 00:00:00.000000371,80.838135,88,25
1970-01-01 00:00:00.000000372,80.91936,88,25
1970-01-01 00:00:00.000000371,81.256905,88,26
1970-01-01 00:00:00.000000372,81.256294,88,26
1970-01-01 00:00:00.000000373,81.35794,88,26
1970-01-01 00:00:00.000000372,81.17912,88,27
1970-01-01 00:00:00.000000373,81.16136,88,27
1970-01-01 00:00:00.000000374,81.26158,88,27
1970-01-01 00:00:00.000000373,81.232834,88,28
1970-01-01 00:00:00.000000374,81.22898,88,28
1970-01-01 00:00:00.000000375,81.31184,88,28
1970-01-01 00:00:00.000000374,81.13735,88,29
1970-01-01 00:00:00.000000375,81.10511,88,29
1970-01-01 00:00:00.000000376,81.19336,88,29
1970-01-01 00:00:00.000000375,81.249725,88,30
1970-01-01 00:00:00.000000376,81.24152,88,30
1970-01-01 00:00:00.000000377,81.32718,88,30
1970-01-01 00:00:00.000000376,81.0193,88,31
1970-01-01 00:00:00.000000377,80.98744,88,31
1970-01-01 00:00:00.000000378,81.06418,88,31
1970-01-01 00:00:00.000000377,81.10034,88,32
1970-01-01 00:00:00.000000378,81.08231,88,32
1970-01-01 00:00:00.000000379,81.171974,88,32
1970-01-01 00:00:00.000000378,81.0429,88,33
1970-01-01 00:00:00.000000379,81.02257,88,33
1970-01-01 00:00:00.000000380,81.11721,88,33
1970-01-01 00:00:00.000000379,80.773155,88,34
1970-01-01 00:00:00.000000380,80.7442,88,34
1970-01-01 00:00:00.000000381,80.819824,88,34
1970-01-01 00:00:00.000000380,80.545006,88,35
1970-01-01 00:00:00.000000381,80.498825,88,35
1970-01-01 00:00:00.000000382,80.577255,88,35
1970-01-01 00:00:00.000000381,80.72316,88,36
1970-01-01 00:00:00.000000382,80.69993,88,36
1970-01-01 00:00:00.000000383,80.772385,88,36
1970-01-01 00:00:00.000000382,80.5483,88,37
1970-01-01 00:00:00.000000383,80.48973,88,37
1970-01-01 00:00:00.000000384,80.598175,88,37
1970-01-01 00:00:00.000000383,80.62879,88,38
1970-01-01 00:00:00.000000384,80.626854,88,38
1970-01-01 00:00:00.000000385,80.72123,88,38
1970-01-01 00:00:00.000000384,80.4897,88,39
1970-01-01 00:00:00.000000385,80.455986,88,39
1970-01-01 00:00:00.000000386,80.54193,88,39
1970-01-01 00:00:00.000000385,80.39105,88,40
1970-01-01 00:00:00.000000386,80.35137,88,40
1970-01-01 00:00:00.000000387,80.43397,88,40
1970-01-01 00:00:00.000000386,81.08928,88,41
1970-01-01 00:00:00.000000387,81.09005,88,41
1970-01-01 00:00:00.000000388,81.18836,88,41
1970-01-01 00:00:00.000000387,81.21159,88,42
1970-01-01 00:00:00.000000388,81.183556,88,42
1970-01-01 00:00:00.000000389,81.26893,88,42
1970-01-01 00:00:00.000000388,81.36827,88,43
1970-01-01 00:00:00.000000389,81.342026,88,43
1970-01-01 00:00:00.000000390,81.42903,88,43
1970-01-01 00:00:00.000000389,81.91059,88,44
1970-01-01 00:00:00.000000390,81.91634,88,44
1970-01-01 00:00:00.000000391,82.000565,88,44
1970-01-01 00:00:00.000000390,82.19902,88,45
1970-01-01 00:00:00.000000391,82.18665,88,45
1970-01-01 00:00:00.000000392,82.28056,88,45
1970-01-01 00:00:00.000000391,82.79387,88,46
1970-01-01 00:00:00.000000392,82.820305,88,46
1970-01-01 00:00:00.000000393,82.9368,88,46
1970-01-01 00:00:00.000000392,82.28495,88,47
1970-01-01 00:00:00.000000393,82.26996,88,47
1970-01-01 00:00:00.000000394,82.344376,88,47
1970-01-01 00:00:00.000000393,83.10111,88,48
1970-01-01 00:00:00.000000394,83.14247,88,48
1970-01-01 00:00:00.000000395,83.24327,88,48
1970-01-01 00:00:00.000000394,83.36048,88,49
1970-01-01 00:00:00.000000395,83.3881,88,49
1970-01-01 00:00:00.000000396,83.48187,88,49
1970-01-01 00:00:00.000000395,83.46917,88,50
1970-01-01 00:00:00.000000396,83.49829,88,50
1970-01-01 00:00:00.000000397,83.590195,88,50
1970-01-01 00:00:00.000000396,83.760254,88,51
1970-01-01 00:00:00.000000397,83.80572,88,51
1970-01-01 00:00:00.000000398,83.90238,88,51
1970-01-01 00:00:00.000000397,83.96451,88,52
1970-01-01 00:00:00.000000398,84.01134,88,52
1970-01-01 00:00:00.000000399,84.107895,88,52
1970-01-01 00:00:00.000000398,84.22806,88,53
1970-01-01 00:00:00.000000399,84.285934,88,53
1970-01-01 00:00:00.000000400,84.37578,88,53
1970-01-01 00:00:00.000000399,84.71017,88,54
1970-01-01 00:00:00.000000400,84.781624,88,54
1970-01-01 00:00:00.000000401,84.881805,88,54
1970-01-01 00:00:00.000000400,85.126976,88,55
1970-01-01 00:00:00.000000401,85.21294,88,55
1970-01-01 00:00:00.000000402,85.30862,88,55
1970-01-01 00:00:00.000000401,85.300896,88,56
1970-01-01 00:00:00.000000402,85.38296,88,56
1970-01-01 00:00:00.000000403,85.478,88,56
1970-01-01 00:00:00.000000402,84.87835,88,57
1970-01-01 00:00:00.000000403,84.940186,88,57
1970-01-01 00:00:00.000000404,85.00811,88,57
1970-01-01 00:00:00.000000403,84.83707,88,58
1970-01-01 00:00:00.000000404,84.897865,88,58
1970-01-01 00:00:00.000000405,84.97494,88,58
1970-01-01 00:00:00.000000093,93.55047,89,10
1970-01-01 00:00:00.000000094,92.83388,89,10
1970-01-01 00:00:00.000000095,92.28183,89,10
1970-01-01 00:00:00.000000094,92.56412,89,11
1970-01-01 00:00:00.000000095,91.63656,89,11
1970-01-01 00:00:00.000000096,90.98119,89,11
1970-01-01 00:00:00.000000095,92.57802,89,12
1970-01-01 00:00:00.000000096,91.652626,89,12
1970-01-01 00:00:00.000000097,90.990906,89,12
1970-01-01 00:00:00.000000101,69.96843,92,10
1970-01-01 00:00:00.000000102,70.01402,92,10
1970-01-01 00:00:00.000000103,70.29959,92,10
1970-01-01 00:00:00.000000102,71.19134,92,11
1970-01-01 00:00:00.000000103,71.25603,92,11
1970-01-01 00:00:00.000000104,71.52086,92,11
1970-01-01 00:00:00.000000103,71.0669,92,12
1970-01-01 00:00:00.000000104,71.08181,92,12
1970-01-01 00:00:00.000000105,71.3247,92,12
1970-01-01 00:00:00.000000104,70.89213,92,13
1970-01-01 00:00:00.000000105,70.90295,92,13
1970-01-01 00:00:00.000000106,71.11831,92,13
1970-01-01 00:00:00.000000166,84.61502,93,10
1970-01-01 00:00:00.000000167,85.072914,93,10
1970-01-01 00:00:00.000000168,85.37661,93,10
1970-01-01 00:00:00.000000167,84.31189,93,11
1970-01-01 00:00:00.000000168,84.76823,93,11
1970-01-01 00:00:00.000000169,85.10979,93,11
1970-01-01 00:00:00.000000168,84.19516,93,12
1970-01-01 00:00:00.000000169,84.70308,93,12
1970-01-01 00:00:00.000000170,85.00271,93,12
1970-01-01 00:00:00.000000169,84.45912,93,13
1970-01-01 00:00:00.000000170,84.90533,93,13
1970-01-01 00:00:00.000000171,85.15597,93,13
1970-01-01 00:00:00.000000170,84.57335,93,14
1970-01-01 00:00:00.000000171,84.94613,93,14
1970-01-01 00:00:00.000000172,85.14939,93,14
1970-01-01 00:00:00.000000171,85.55919,93,15
1970-01-01 00:00:00.000000172,85.861824,93,15
1970-01-01 00:00:00.000000173,86.03977,93,15
1970-01-01 00:00:00.000000172,87.1593,93,16
1970-01-01 00:00:00.000000173,87.40915,93,16
1970-01-01 00:00:00.000000174,87.51433,93,16
1970-01-01 00:00:00.000000173,88.88754,93,17
1970-01-01 00:00:00.000000174,89.05074,93,17
1970-01-01 00:00:00.000000175,88.42474,93,17
1970-01-01 00:00:00.000000174,88.83924,93,18
1970-01-01 00:00:00.000000175,88.21024,93,18
1970-01-01 00:00:00.000000176,87.43985,93,18
1970-01-01 00:00:00.000000175,87.05635,93,19
1970-01-01 00:00:00.000000176,85.98047,93,19
1970-01-01 00:00:00.000000177,84.66577,93,19
1970-01-01 00:00:00.000000176,82.18251,93,20
1970-01-01 00:00:00.000000177,80.64779,93,20
1970-01-01 00:00:00.000000178,79.778435,93,20
1970-01-01 00:00:00.000000177,66.7489,93,21
1970-01-01 00:00:00.000000178,66.38868,93,21
1970-01-01 00:00:00.000000179,66.50676,93,21
1970-01-01 00:00:00.000000178,93.87093,93,22
1970-01-01 00:00:00.000000179,93.89523,93,22
1970-01-01 00:00:00.000000180,93.81873,93,22
1970-01-01 00:00:00.000000179,91.71884,93,23
1970-01-01 00:00:00.000000180,90.554634,93,23
1970-01-01 00:00:00.000000181,89.79402,93,23
1970-01-01 00:00:00.000000180,91.854416,93,24
1970-01-01 00:00:00.000000181,90.7179,93,24
1970-01-01 00:00:00.000000182,89.73566,93,24
1970-01-01 00:00:00.000000181,91.84947,93,25
1970-01-01 00:00:00.000000182,90.47295,93,25
1970-01-01 00:00:00.000000183,89.534805,93,25
1970-01-01 00:00:00.000000114,76.39621,95,10
1970-01-01 00:00:00.000000115,76.35235,95,10
1970-01-01 00:00:00.000000116,76.37086,95,10
1970-01-01 00:00:00.000000115,75.925224,95,11
1970-01-01 00:00:00.000000116,75.897995,95,11
1970-01-01 00:00:00.000000117,75.96022,95,11
1970-01-01 00:00:00.000000116,77.164604,95,12
1970-01-01 00:00:00.000000117,77.21818,95,12
1970-01-01 00:00:00.000000118,77.33091,95,12
1970-01-01 00:00:00.000000117,78.54191,95,13
1970-01-01 00:00:00.000000118,78.59285,95,13
1970-01-01 00:00:00.000000119,78.693596,95,13
1970-01-01 00:00:00.000000118,77.30196,95,14
1970-01-01 00:00:00.000000119,77.222015,95,14
1970-01-01 00:00:00.000000120,77.2537,95,14
1970-01-01 00:00:00.000000119,77.503494,95,15
1970-01-01 00:00:00.000000120,77.47738,95,15
1970-01-01 00:00:00.000000121,77.54284,95,15
1970-01-01 00:00:00.000000120,76.85042,95,16
1970-01-01 00:00:00.000000121,76.80665,95,16
1970-01-01 00:00:00.000000122,76.8628,95,16
1970-01-01 00:00:00.000000183,74.237206,96,10
1970-01-01 00:00:00.000000184,74.225815,96,10
1970-01-01 00:00:00.000000185,74.2753,96,10
1970-01-01 00:00:00.000000184,73.46607,96,11
1970-01-01 00:00:00.000000185,73.47925,96,11
1970-01-01 00:00:00.000000186,73.60233,96,11
1970-01-01 00:00:00.000000185,75.43884,96,12
1970-01-01 00:00:00.000000186,75.56627,96,12
1970-01-01 00:00:00.000000187,75.733604,96,12
1970-01-01 00:00:00.000000186,74.64069,96,13
1970-01-01 00:00:00.000000187,74.68,96,13
1970-01-01 00:00:00.000000188,74.77123,96,13
1970-01-01 00:00:00.000000187,74.5487,96,14
1970-01-01 00:00:00.000000188,74.58191,96,14
1970-01-01 00:00:00.000000189,74.67377,96,14
1970-01-01 00:00:00.000000188,75.01245,96,15
1970-01-01 00:00:00.000000189,75.059235,96,15
1970-01-01 00:00:00.000000190,75.16137,96,15
1970-01-01 00:00:00.000000189,74.62251,96,16
1970-01-01 00:00:00.000000190,74.644005,96,16
1970-01-01 00:00:00.000000191,74.72868,96,16
1970-01-01 00:00:00.000000190,75.31972,96,17
1970-01-01 00:00:00.000000191,75.369026,96,17
1970-01-01 00:00:00.000000192,75.46563,96,17
1970-01-01 00:00:00.000000191,74.86513,96,18
1970-01-01 00:00:00.000000192,74.8672,96,18
1970-01-01 00:00:00.000000193,74.94139,96,18
1970-01-01 00:00:00.000000192,74.60448,96,19
1970-01-01 00:00:00.000000193,74.62325,96,19
1970-01-01 00:00:00.000000194,74.70858,96,19
1970-01-01 00:00:00.000000193,75.862755,96,20
1970-01-01 00:00:00.000000194,75.92186,96,20
1970-01-01 00:00:00.000000195,76.03724,96,20
1970-01-01 00:00:00.000000194,74.96191,96,21
1970-01-01 00:00:00.000000195,74.95629,96,21
1970-01-01 00:00:00.000000196,75.01085,96,21
1970-01-01 00:00:00.000000195,73.96304,96,22
1970-01-01 00:00:00.000000196,73.954575,96,22
1970-01-01 00:00:00.000000197,74.02183,96,22
1970-01-01 00:00:00.000000196,72.888084,96,23
1970-01-01 00:00:00.000000197,72.92495,96,23
1970-01-01 00:00:00.000000198,73.01908,96,23
1970-01-01 00:00:00.000000197,71.39219,96,24
1970-01-01 00:00:00.000000198,71.483986,96,24
1970-01-01 00:00:00.000000199,71.60618,96,24
1970-01-01 00:00:00.000000198,71.88125,96,25
1970-01-01 00:00:00.000000199,72.042946,96,25
1970-01-01 00:00:00.000000200,72.228714,96,25
1970-01-01 00:00:00.000000199,73.92742,96,26
1970-01-01 00:00:00.000000200,74.107086,96,26
1970-01-01 00:00:00.000000201,74.303345,96,26
1970-01-01 00:00:00.000000200,74.06226,96,27
1970-01-01 00:00:00.000000201,74.15656,96,27
1970-01-01 00:00:00.000000202,74.289604,96,27
1970-01-01 00:00:00.000000201,73.696,96,28
1970-01-01 00:00:00.000000202,73.75323,96,28
1970-01-01 00:00:00.000000203,73.865234,96,28
1970-01-01 00:00:00.000000079,77.21437,98,10
1970-01-01 00:00:00.000000080,72.36594,98,10
1970-01-01 00:00:00.000000081,64.823944,98,10
1970-01-01 00:00:00.000000096,95.270546,99,10
1970-01-01 00:00:00.000000097,95.18098,99,10
1970-01-01 00:00:00.000000098,95.01858,99,10
1970-01-01 00:00:00.000000097,94.140564,99,11
1970-01-01 00:00:00.000000098,92.99668,99,11
1970-01-01 00:00:00.000000099,92.19522,99,11
1970-01-01 00:00:00.000000098,89.19689,99,12
1970-01-01 00:00:00.000000099,87.05843,99,12
1970-01-01 00:00:00.000000100,85.73758,99,12
1970-01-01 00:00:00.000000099,86.41235,99,13
1970-01-01 00:00:00.000000100,83.87616,99,13
1970-01-01 00:00:00.000000101,82.32544,99,13
1970-01-01 00:00:00.000000340,84.295784,100,10
1970-01-01 00:00:00.000000341,84.104454,100,10
1970-01-01 00:00:00.000000342,84.04208,100,10
1970-01-01 00:00:00.000000341,82.47011,100,11
1970-01-01 00:00:00.000000342,82.15475,100,11
1970-01-01 00:00:00.000000343,82.02449,100,11
1970-01-01 00:00:00.000000342,81.878395,100,12
1970-01-01 00:00:00.000000343,81.582634,100,12
1970-01-01 00:00:00.000000344,81.46923,100,12
1970-01-01 00:00:00.000000343,81.52321,100,13
1970-01-01 00:00:00.000000344,81.22459,100,13
1970-01-01 00:00:00.000000345,81.1245,100,13
1970-01-01 00:00:00.000000344,80.72213,100,14
1970-01-01 00:00:00.000000345,80.398,100,14
1970-01-01 00:00:00.000000346,80.27682,100,14
1970-01-01 00:00:00.000000345,80.41258,100,15
1970-01-01 00:00:00.000000346,80.10413,100,15
1970-01-01 00:00:00.000000347,79.99537,100,15
1970-01-01 00:00:00.000000346,80.17929,100,16
1970-01-01 00:00:00.000000347,79.874886,100,16
1970-01-01 00:00:00.000000348,79.775444,100,16
1970-01-01 00:00:00.000000347,78.8508,100,17
1970-01-01 00:00:00.000000348,78.48768,100,17
1970-01-01 00:00:00.000000349,78.346855,100,17
1970-01-01 00:00:00.000000348,77.24757,100,18
1970-01-01 00:00:00.000000349,76.859856,100,18
1970-01-01 00:00:00.000000350,76.71833,100,18
1970-01-01 00:00:00.000000349,75.64273,100,19
1970-01-01 00:00:00.000000350,75.274254,100,19
1970-01-01 00:00:00.000000351,75.17046,100,19
1970-01-01 00:00:00.000000350,76.08599,100,20
1970-01-01 00:00:00.000000351,75.81057,100,20
1970-01-01 00:00:00.000000352,75.76592,100,20
1970-01-01 00:00:00.000000351,76.00276,100,21
1970-01-01 00:00:00.000000352,75.73145,100,21
1970-01-01 00:00:00.000000353,75.69331,100,21
1970-01-01 00:00:00.000000352,75.26337,100,22
1970-01-01 00:00:00.000000353,74.98633,100,22
1970-01-01 00:00:00.000000354,74.95103,100,22
1970-01-01 00:00:00.000000353,74.69056,100,23
1970-01-01 00:00:00.000000354,74.435394,100,23
1970-01-01 00:00:00.000000355,74.42402,100,23
1970-01-01 00:00:00.000000354,73.947014,100,24
1970-01-01 00:00:00.000000355,73.71317,100,24
1970-01-01 00:00:00.000000356,73.72661,100,24
1970-01-01 00:00:00.000000355,73.675064,100,25
1970-01-01 00:00:00.000000356,73.47817,100,25
1970-01-01 00:00:00.000000357,73.5181,100,25
1970-01-01 00:00:00.000000356,72.92357,100,26
1970-01-01 00:00:00.000000357,72.7406,100,26
1970-01-01 00:00:00.000000358,72.80997,100,26
1970-01-01 00:00:00.000000357,75.14093,100,27
1970-01-01 00:00:00.000000358,75.03963,100,27
1970-01-01 00:00:00.000000359,75.1404,100,27
1970-01-01 00:00:00.000000358,72.3415,100,28
1970-01-01 00:00:00.000000359,72.13688,100,28
1970-01-01 00:00:00.000000360,72.20644,100,28
1970-01-01 00:00:00.000000359,72.26578,100,29
1970-01-01 00:00:00.000000360,72.14708,100,29
1970-01-01 00:00:00.000000361,72.26341,100,29
1970-01-01 00:00:00.000000360,71.02345,100,30
1970-01-01 00:00:00.000000361,70.91862,100,30
1970-01-01 00:00:00.000000362,71.06647,100,30
1970-01-01 00:00:00.000000361,71.020325,100,31
1970-01-01 00:00:00.000000362,70.95661,100,31
1970-01-01 00:00:00.000000363,71.15369,100,31
1970-01-01 00:00:00.000000362,71.00417,100,32
1970-01-01 00:00:00.000000363,70.96925,100,32
1970-01-01 00:00:00.000000364,71.17187,100,32
1970-01-01 00:00:00.000000363,71.769394,100,33
1970-01-01 00:00:00.000000364,71.73686,100,33
1970-01-01 00:00:00.000000365,71.93235,100,33
1970-01-01 00:00:00.000000364,72.24364,100,34
1970-01-01 00:00:00.000000365,72.18998,100,34
1970-01-01 00:00:00.000000366,72.35855,100,34
1970-01-01 00:00:00.000000365,72.466995,100,35
1970-01-01 00:00:00.000000366,72.38591,100,35
1970-01-01 00:00:00.000000367,72.531906,100,35
1970-01-01 00:00:00.000000366,71.93304,100,36
1970-01-01 00:00:00.000000367,71.83167,100,36
1970-01-01 00:00:00.000000368,71.97543,100,36
1970-01-01 00:00:00.000000367,71.55708,100,37
1970-01-01 00:00:00.000000368,71.470764,100,37
1970-01-01 00:00:00.000000369,71.62576,100,37
1970-01-01 00:00:00.000000368,71.14799,100,38
1970-01-01 00:00:00.000000369,71.07559,100,38
1970-01-01 00:00:00.000000370,71.26265,100,38
1970-01-01 00:00:00.000000369,70.89698,100,39
1970-01-01 00:00:00.000000370,70.857285,100,39
1970-01-01 00:00:00.000000371,71.06944,100,39
1970-01-01 00:00:00.000000370,71.25399,100,40
1970-01-01 00:00:00.000000371,71.23488,100,40
1970-01-01 00:00:00.000000372,71.42495,100,40
1970-01-01 00:00:00.000000371,71.27002,100,41
1970-01-01 00:00:00.000000372,71.21859,100,41
1970-01-01 00:00:00.000000373,71.422005,100,41
1970-01-01 00:00:00.000000372,70.63525,100,42
1970-01-01 00:00:00.000000373,70.59875,100,42
1970-01-01 00:00:00.000000374,70.804,100,42
1970-01-01 00:00:00.000000373,70.91406,100,43
1970-01-01 00:00:00.000000374,70.889465,100,43
1970-01-01 00:00:00.000000375,71.11142,100,43
1970-01-01 00:00:00.000000374,72.193886,100,44
1970-01-01 00:00:00.000000375,72.18127,100,44
1970-01-01 00:00:00.000000376,72.3797,100,44
1970-01-01 00:00:00.000000375,70.71846,100,45
1970-01-01 00:00:00.000000376,70.649254,100,45
1970-01-01 00:00:00.000000377,70.84753,100,45
1970-01-01 00:00:00.000000376,70.12851,100,46
1970-01-01 00:00:00.000000377,70.10822,100,46
1970-01-01 00:00:00.000000378,70.3367,100,46
1970-01-01 00:00:00.000000377,69.51261,100,47
1970-01-01 00:00:00.000000378,69.521965,100,47
1970-01-01 00:00:00.000000379,69.79777,100,47
1970-01-01 00:00:00.000000378,68.35696,100,48
1970-01-01 00:00:00.000000379,68.4208,100,48
1970-01-01 00:00:00.000000380,68.75077,100,48
1970-01-01 00:00:00.000000379,66.88735,100,49
1970-01-01 00:00:00.000000380,67.023705,100,49
1970-01-01 00:00:00.000000381,67.28055,100,49
1970-01-01 00:00:00.000000380,64.713264,100,50
1970-01-01 00:00:00.000000381,64.790276,100,50
1970-01-01 00:00:00.000000382,65.09995,100,50
1970-01-01 00:00:00.000000381,65.14934,100,51
1970-01-01 00:00:00.000000382,65.251945,100,51
1970-01-01 00:00:00.000000383,65.83072,100,51
1970-01-01 00:00:00.000000382,60.691788,100,52
1970-01-01 00:00:00.000000383,61.164803,100,52
1970-01-01 00:00:00.000000384,61.906616,100,52
1970-01-01 00:00:00.000000383,94.45629,100,53
1970-01-01 00:00:00.000000384,94.66082,100,53
1970-01-01 00:00:00.000000385,94.660904,100,53
1970-01-01 00:00:00.000000384,92.93049,100,54
1970-01-01 00:00:00.000000385,91.89766,100,54
1970-01-01 00:00:00.000000386,91.187805,100,54
1970-01-01 00:00:00.000000385,92.73272,100,55
1970-01-01 00:00:00.000000386,91.669395,100,55
1970-01-01 00:00:00.000000387,90.943245,100,55
1970-01-01 00:00:00.000000386,92.85119,100,56
1970-01-01 00:00:00.000000387,91.81372,100,56
1970-01-01 00:00:00.000000388,91.09664,100,56
1970-01-01 00:00:00.000000142,83.728455,101,10
1970-01-01 00:00:00.000000143,83.55835,101,10
1970-01-01 00:00:00.000000144,83.53514,101,10
1970-01-01 00:00:00.000000143,84.10465,101,11
1970-01-01 00:00:00.000000144,83.89518,101,11
1970-01-01 00:00:00.000000145,83.83599,101,11
1970-01-01 00:00:00.000000144,84.9413,101,12
1970-01-01 00:00:00.000000145,84.76835,101,12
1970-01-01 00:00:00.000000146,84.72355,101,12
1970-01-01 00:00:00.000000145,85.869606,101,13
1970-01-01 00:00:00.000000146,85.73393,101,13
1970-01-01 00:00:00.000000147,85.69923,101,13
1970-01-01 00:00:00.000000146,86.47078,101,14
1970-01-01 00:00:00.000000147,86.34564,101,14
1970-01-01 00:00:00.000000148,86.30574,101,14
1970-01-01 00:00:00.000000147,87.35291,101,15
1970-01-01 00:00:00.000000148,87.26599,101,15
1970-01-01 00:00:00.000000149,87.23073,101,15
1970-01-01 00:00:00.000000148,87.953186,101,16
1970-01-01 00:00:00.000000149,87.87745,101,16
1970-01-01 00:00:00.000000150,87.82974,101,16
1970-01-01 00:00:00.000000149,88.44317,101,17
1970-01-01 00:00:00.000000150,88.37536,101,17
1970-01-01 00:00:00.000000151,88.32121,101,17
1970-01-01 00:00:00.000000150,89.55691,101,18
1970-01-01 00:00:00.000000151,89.537476,101,18
1970-01-01 00:00:00.000000152,89.48694,101,18
1970-01-01 00:00:00.000000151,89.83128,101,19
1970-01-01 00:00:00.000000152,89.79741,101,19
1970-01-01 00:00:00.000000153,89.72603,101,19
1970-01-01 00:00:00.000000152,89.87272,101,20
1970-01-01 00:00:00.000000153,89.832756,101,20
1970-01-01 00:00:00.000000154,89.7533,101,20
1970-01-01 00:00:00.000000153,89.97751,101,21
1970-01-01 00:00:00.000000154,89.940125,101,21
1970-01-01 00:00:00.000000155,89.8598,101,21
1970-01-01 00:00:00.000000187,79.215706,103,10
1970-01-01 00:00:00.000000188,79.14377,103,10
1970-01-01 00:00:00.000000189,79.21568,103,10
1970-01-01 00:00:00.000000188,79.81769,103,11
1970-01-01 00:00:00.000000189,79.779015,103,11
1970-01-01 00:00:00.000000190,79.872154,103,11
1970-01-01 00:00:00.000000189,79.53317,103,12
1970-01-01 00:00:00.000000190,79.4593,103,12
1970-01-01 00:00:00.000000191,79.51871,103,12
1970-01-01 00:00:00.000000190,79.87509,103,13
1970-01-01 00:00:00.000000191,79.81891,103,13
1970-01-01 00:00:00.000000192,79.89515,103,13
1970-01-01 00:00:00.000000191,80.17694,103,14
1970-01-01 00:00:00.000000192,80.12562,103,14
1970-01-01 00:00:00.000000193,80.20124,103,14
1970-01-01 00:00:00.000000192,80.30161,103,15
1970-01-01 00:00:00.000000193,80.24138,103,15
1970-01-01 00:00:00.000000194,80.32385,103,15
1970-01-01 00:00:00.000000193,80.317726,103,16
1970-01-01 00:00:00.000000194,80.263824,103,16
1970-01-01 00:00:00.000000195,80.3286,103,16
1970-01-01 00:00:00.000000194,81.40508,103,17
1970-01-01 00:00:00.000000195,81.40396,103,17
1970-01-01 00:00:00.000000196,81.50481,103,17
1970-01-01 00:00:00.000000195,80.808754,103,18
1970-01-01 00:00:00.000000196,80.73168,103,18
1970-01-01 00:00:00.000000197,80.7773,103,18
1970-01-01 00:00:00.000000196,81.29006,103,19
1970-01-01 00:00:00.000000197,81.25423,103,19
1970-01-01 00:00:00.000000198,81.33982,103,19
1970-01-01 00:00:00.000000197,81.431145,103,20
1970-01-01 00:00:00.000000198,81.40194,103,20
1970-01-01 00:00:00.000000199,81.48063,103,20
1970-01-01 00:00:00.000000198,81.42168,103,21
1970-01-01 00:00:00.000000199,81.382675,103,21
1970-01-01 00:00:00.000000200,81.45832,103,21
1970-01-01 00:00:00.000000199,81.85089,103,22
1970-01-01 00:00:00.000000200,81.83969,103,22
1970-01-01 00:00:00.000000201,81.9211,103,22
1970-01-01 00:00:00.000000200,82.383675,103,23
1970-01-01 00:00:00.000000201,82.38141,103,23
1970-01-01 00:00:00.000000202,82.4843,103,23
1970-01-01 00:00:00.000000201,83.32069,103,24
1970-01-01 00:00:00.000000202,83.373146,103,24
1970-01-01 00:00:00.000000203,83.4802,103,24
1970-01-01 00:00:00.000000202,82.973854,103,25
1970-01-01 00:00:00.000000203,82.961685,103,25
1970-01-01 00:00:00.000000204,83.02911,103,25
1970-01-01 00:00:00.000000203,82.66032,103,26
1970-01-01 00:00:00.000000204,82.632835,103,26
1970-01-01 00:00:00.000000205,82.691734,103,26
1970-01-01 00:00:00.000000204,83.08294,103,27
1970-01-01 00:00:00.000000205,83.09194,103,27
1970-01-01 00:00:00.000000206,83.18512,103,27
1970-01-01 00:00:00.000000205,83.277,103,28
1970-01-01 00:00:00.000000206,83.299416,103,28
1970-01-01 00:00:00.000000207,83.38611,103,28
1970-01-01 00:00:00.000000206,83.02412,103,29
1970-01-01 00:00:00.000000207,83.0182,103,29
1970-01-01 00:00:00.000000208,83.09546,103,29
1970-01-01 00:00:00.000000080,89.1342,104,10
1970-01-01 00:00:00.000000081,87.597115,104,10
1970-01-01 00:00:00.000000082,86.66494,104,10
1970-01-01 00:00:00.000000190,91.838684,105,10
1970-01-01 00:00:00.000000191,91.867226,105,10
1970-01-01 00:00:00.000000192,91.75077,105,10
1970-01-01 00:00:00.000000191,92.75467,105,11
1970-01-01 00:00:00.000000192,92.77641,105,11
1970-01-01 00:00:00.000000193,92.58443,105,11
1970-01-01 00:00:00.000000192,93.35913,105,12
1970-01-01 00:00:00.000000193,93.33402,105,12
1970-01-01 00:00:00.000000194,93.181786,105,12
1970-01-01 00:00:00.000000193,92.72761,105,13
1970-01-01 00:00:00.000000194,92.750374,105,13
1970-01-01 00:00:00.000000195,92.5932,105,13
1970-01-01 00:00:00.000000194,94.917564,105,14
1970-01-01 00:00:00.000000195,94.94219,105,14
1970-01-01 00:00:00.000000196,94.77841,105,14
1970-01-01 00:00:00.000000195,93.41634,105,15
1970-01-01 00:00:00.000000196,93.34852,105,15
1970-01-01 00:00:00.000000197,93.12762,105,15
1970-01-01 00:00:00.000000196,93.92881,105,16
1970-01-01 00:00:00.000000197,93.90378,105,16
1970-01-01 00:00:00.000000198,93.70809,105,16
1970-01-01 00:00:00.000000197,93.97064,105,17
1970-01-01 00:00:00.000000198,93.93261,105,17
1970-01-01 00:00:00.000000199,93.73234,105,17
1970-01-01 00:00:00.000000198,93.80225,105,18
1970-01-01 00:00:00.000000199,93.76627,105,18
1970-01-01 00:00:00.000000200,93.561806,105,18
1970-01-01 00:00:00.000000199,93.65202,105,19
1970-01-01 00:00:00.000000200,93.613914,105,19
1970-01-01 00:00:00.000000201,93.42331,105,19
1970-01-01 00:00:00.000000200,93.77378,105,20
1970-01-01 00:00:00.000000201,93.74503,105,20
1970-01-01 00:00:00.000000202,93.531746,105,20
1970-01-01 00:00:00.000000201,94.08816,105,21
1970-01-01 00:00:00.000000202,94.04262,105,21
1970-01-01 00:00:00.000000203,93.83533,105,21
1970-01-01 00:00:00.000000202,95.16266,105,22
1970-01-01 00:00:00.000000203,95.12454,105,22
1970-01-01 00:00:00.000000204,94.91838,105,22
1970-01-01 00:00:00.000000203,95.743164,105,23
1970-01-01 00:00:00.000000204,95.675896,105,23
1970-01-01 00:00:00.000000205,95.45497,105,23
1970-01-01 00:00:00.000000204,95.66993,105,24
1970-01-01 00:00:00.000000205,95.58669,105,24
1970-01-01 00:00:00.000000206,95.34758,105,24
1970-01-01 00:00:00.000000205,95.19574,105,25
1970-01-01 00:00:00.000000206,95.11506,105,25
1970-01-01 00:00:00.000000207,94.88829,105,25
1970-01-01 00:00:00.000000206,94.0506,105,26
1970-01-01 00:00:00.000000207,93.98399,105,26
1970-01-01 00:00:00.000000208,93.86656,105,26
1970-01-01 00:00:00.000000207,93.0767,105,27
1970-01-01 00:00:00.000000208,93.110985,105,27
1970-01-01 00:00:00.000000209,92.91839,105,27
1970-01-01 00:00:00.000000208,92.69158,105,28
1970-01-01 00:00:00.000000209,92.67122,105,28
1970-01-01 00:00:00.000000210,92.42919,105,28
1970-01-01 00:00:00.000000209,89.68811,105,29
1970-01-01 00:00:00.000000210,89.58949,105,29
1970-01-01 00:00:00.000000211,89.51889,105,29
1970-01-01 00:00:00.000000281,78.53136,106,10
1970-01-01 00:00:00.000000282,78.40092,106,10
1970-01-01 00:00:00.000000283,78.428185,106,10
1970-01-01 00:00:00.000000282,78.47621,106,11
1970-01-01 00:00:00.000000283,78.34021,106,11
1970-01-01 00:00:00.000000284,78.37198,106,11
1970-01-01 00:00:00.000000283,78.440475,106,12
1970-01-01 00:00:00.000000284,78.31048,106,12
1970-01-01 00:00:00.000000285,78.344345,106,12
1970-01-01 00:00:00.000000284,78.288506,106,13
1970-01-01 00:00:00.000000285,78.153946,106,13
1970-01-01 00:00:00.000000286,78.17787,106,13
1970-01-01 00:00:00.000000285,78.28825,106,14
1970-01-01 00:00:00.000000286,78.154884,106,14
1970-01-01 00:00:00.000000287,78.18581,106,14
1970-01-01 00:00:00.000000286,78.18649,106,15
1970-01-01 00:00:00.000000287,78.05021,106,15
1970-01-01 00:00:00.000000288,78.08068,106,15
1970-01-01 00:00:00.000000287,78.453804,106,16
1970-01-01 00:00:00.000000288,78.3371,106,16
1970-01-01 00:00:00.000000289,78.38097,106,16
1970-01-01 00:00:00.000000288,78.1957,106,17
1970-01-01 00:00:00.000000289,78.06005,106,17
1970-01-01 00:00:00.000000290,78.099174,106,17
1970-01-01 00:00:00.000000289,78.33142,106,18
1970-01-01 00:00:00.000000290,78.21947,106,18
1970-01-01 00:00:00.000000291,78.259865,106,18
1970-01-01 00:00:00.000000290,77.92174,106,19
1970-01-01 00:00:00.000000291,77.77652,106,19
1970-01-01 00:00:00.000000292,77.794014,106,19
1970-01-01 00:00:00.000000291,77.79621,106,20
1970-01-01 00:00:00.000000292,77.652214,106,20
1970-01-01 00:00:00.000000293,77.682236,106,20
1970-01-01 00:00:00.000000292,77.91552,106,21
1970-01-01 00:00:00.000000293,77.79154,106,21
1970-01-01 00:00:00.000000294,77.8359,106,21
1970-01-01 00:00:00.000000293,77.60722,106,22
1970-01-01 00:00:00.000000294,77.47134,106,22
1970-01-01 00:00:00.000000295,77.49846,106,22
1970-01-01 00:00:00.000000294,77.4172,106,23
1970-01-01 00:00:00.000000295,77.27567,106,23
1970-01-01 00:00:00.000000296,77.31188,106,23
1970-01-01 00:00:00.000000295,77.43311,106,24
1970-01-01 00:00:00.000000296,77.30805,106,24
1970-01-01 00:00:00.000000297,77.347145,106,24
1970-01-01 00:00:00.000000296,77.39659,106,25
1970-01-01 00:00:00.000000297,77.266846,106,25
1970-01-01 00:00:00.000000298,77.309,106,25
1970-01-01 00:00:00.000000297,77.28339,106,26
1970-01-01 00:00:00.000000298,77.15493,106,26
1970-01-01 00:00:00.000000299,77.20211,106,26
1970-01-01 00:00:00.000000298,77.16577,106,27
1970-01-01 00:00:00.000000299,77.043144,106,27
1970-01-01 00:00:00.000000300,77.08508,106,27
1970-01-01 00:00:00.000000299,76.840096,106,28
1970-01-01 00:00:00.000000300,76.704895,106,28
1970-01-01 00:00:00.000000301,76.7473,106,28
1970-01-01 00:00:00.000000300,76.84452,106,29
1970-01-01 00:00:00.000000301,76.72549,106,29
1970-01-01 00:00:00.000000302,76.78006,106,29
1970-01-01 00:00:00.000000301,76.472946,106,30
1970-01-01 00:00:00.000000302,76.342445,106,30
1970-01-01 00:00:00.000000303,76.39369,106,30
1970-01-01 00:00:00.000000302,76.46581,106,31
1970-01-01 00:00:00.000000303,76.35413,106,31
1970-01-01 00:00:00.000000304,76.410614,106,31
1970-01-01 00:00:00.000000303,76.54425,106,32
1970-01-01 00:00:00.000000304,76.435905,106,32
1970-01-01 00:00:00.000000305,76.50407,106,32
1970-01-01 00:00:00.000000304,76.06957,106,33
1970-01-01 00:00:00.000000305,75.94793,106,33
1970-01-01 00:00:00.000000306,76.00179,106,33
1970-01-01 00:00:00.000000305,75.97228,106,34
1970-01-01 00:00:00.000000306,75.862625,106,34
1970-01-01 00:00:00.000000307,75.93451,106,34
1970-01-01 00:00:00.000000306,75.99527,106,35
1970-01-01 00:00:00.000000307,75.905045,106,35
1970-01-01 00:00:00.000000308,75.987915,106,35
1970-01-01 00:00:00.000000307,75.81481,106,36
1970-01-01 00:00:00.000000308,75.72405,106,36
1970-01-01 00:00:00.000000309,75.80216,106,36
1970-01-01 00:00:00.000000308,75.7927,106,37
1970-01-01 00:00:00.000000309,75.70535,106,37
1970-01-01 00:00:00.000000310,75.64533,106,37
1970-01-01 00:00:00.000000309,75.763,106,38
1970-01-01 00:00:00.000000310,75.5321,106,38
1970-01-01 00:00:00.000000311,76.05912,106,38
1970-01-01 00:00:00.000000310,74.99224,106,39
1970-01-01 00:00:00.000000311,75.33497,106,39
1970-01-01 00:00:00.000000312,75.45595,106,39
1970-01-01 00:00:00.000000311,72.0089,106,40
1970-01-01 00:00:00.000000312,71.932396,106,40
1970-01-01 00:00:00.000000313,71.978615,106,40
1970-01-01 00:00:00.000000312,72.27451,106,41
1970-01-01 00:00:00.000000313,72.37495,106,41
1970-01-01 00:00:00.000000314,72.703064,106,41
1970-01-01 00:00:00.000000313,94.06479,106,42
1970-01-01 00:00:00.000000314,94.05131,106,42
1970-01-01 00:00:00.000000315,93.956215,106,42
1970-01-01 00:00:00.000000314,92.16196,106,43
1970-01-01 00:00:00.000000315,91.112366,106,43
1970-01-01 00:00:00.000000316,90.40433,106,43
1970-01-01 00:00:00.000000315,92.392105,106,44
1970-01-01 00:00:00.000000316,91.388214,106,44
1970-01-01 00:00:00.000000317,90.700905,106,44
1970-01-01 00:00:00.000000316,92.38176,106,45
1970-01-01 00:00:00.000000317,91.37305,106,45
1970-01-01 00:00:00.000000318,90.6839,106,45
1970-01-01 00:00:00.000000083,93.92313,107,10
1970-01-01 00:00:00.000000084,92.91606,107,10
1970-01-01 00:00:00.000000085,91.32196,107,10
1970-01-01 00:00:00.000000213,95.99348,108,10
1970-01-01 00:00:00.000000214,95.99661,108,10
1970-01-01 00:00:00.000000215,95.90341,108,10
1970-01-01 00:00:00.000000214,95.992485,108,11
1970-01-01 00:00:00.000000215,95.94876,108,11
1970-01-01 00:00:00.000000216,95.85917,108,11
1970-01-01 00:00:00.000000215,95.93818,108,12
1970-01-01 00:00:00.000000216,95.89985,108,12
1970-01-01 00:00:00.000000217,95.8368,108,12
1970-01-01 00:00:00.000000216,95.83001,108,13
1970-01-01 00:00:00.000000217,95.83718,108,13
1970-01-01 00:00:00.000000218,95.766426,108,13
1970-01-01 00:00:00.000000217,95.92694,108,14
1970-01-01 00:00:00.000000218,95.927155,108,14
1970-01-01 00:00:00.000000219,95.857925,108,14
1970-01-01 00:00:00.000000218,96.02832,108,15
1970-01-01 00:00:00.000000219,96.01131,108,15
1970-01-01 00:00:00.000000220,95.93892,108,15
1970-01-01 00:00:00.000000219,96.01107,108,16
1970-01-01 00:00:00.000000220,95.99834,108,16
1970-01-01 00:00:00.000000221,95.92613,108,16
1970-01-01 00:00:00.000000220,96.061806,108,17
1970-01-01 00:00:00.000000221,96.052704,108,17
1970-01-01 00:00:00.000000222,95.986374,108,17
1970-01-01 00:00:00.000000221,96.00798,108,18
1970-01-01 00:00:00.000000222,96.00532,108,18
1970-01-01 00:00:00.000000223,95.9381,108,18
1970-01-01 00:00:00.000000222,96.00301,108,19
1970-01-01 00:00:00.000000223,95.98818,108,19
1970-01-01 00:00:00.000000224,95.914536,108,19
1970-01-01 00:00:00.000000223,95.7867,108,20
1970-01-01 00:00:00.000000224,95.782265,108,20
1970-01-01 00:00:00.000000225,95.7118,108,20
1970-01-01 00:00:00.000000224,95.84312,108,21
1970-01-01 00:00:00.000000225,95.83273,108,21
1970-01-01 00:00:00.000000226,95.77292,108,21
1970-01-01 00:00:00.000000225,95.94531,108,22
1970-01-01 00:00:00.000000226,95.94249,108,22
1970-01-01 00:00:00.000000227,95.88083,108,22
1970-01-01 00:00:00.000000226,96.09902,108,23
1970-01-01 00:00:00.000000227,96.097,108,23
1970-01-01 00:00:00.000000228,96.03412,108,23
1970-01-01 00:00:00.000000227,96.15068,108,24
1970-01-01 00:00:00.000000228,96.14467,108,24
1970-01-01 00:00:00.000000229,96.089066,108,24
1970-01-01 00:00:00.000000228,96.06425,108,25
1970-01-01 00:00:00.000000229,96.06946,108,25
1970-01-01 00:00:00.000000230,95.987305,108,25
1970-01-01 00:00:00.000000229,96.02208,108,26
1970-01-01 00:00:00.000000230,95.9998,108,26
1970-01-01 00:00:00.000000231,95.935,108,26
1970-01-01 00:00:00.000000230,96.39185,108,27
1970-01-01 00:00:00.000000231,96.35929,108,27
1970-01-01 00:00:00.000000232,96.284225,108,27
1970-01-01 00:00:00.000000231,96.41818,108,28
1970-01-01 00:00:00.000000232,96.39949,108,28
1970-01-01 00:00:00.000000233,96.2956,108,28
1970-01-01 00:00:00.000000232,96.53238,108,29
1970-01-01 00:00:00.000000233,96.482376,108,29
1970-01-01 00:00:00.000000234,96.39314,108,29
1970-01-01 00:00:00.000000233,96.56284,108,30
1970-01-01 00:00:00.000000234,96.52014,108,30
1970-01-01 00:00:00.000000235,96.421425,108,30
1970-01-01 00:00:00.000000234,96.48142,108,31
1970-01-01 00:00:00.000000235,96.44741,108,31
1970-01-01 00:00:00.000000236,96.35324,108,31
1970-01-01 00:00:00.000000235,96.60641,108,32
1970-01-01 00:00:00.000000236,96.56465,108,32
1970-01-01 00:00:00.000000237,96.4886,108,32
1970-01-01 00:00:00.000000236,96.70673,108,33
1970-01-01 00:00:00.000000237,96.684135,108,33
1970-01-01 00:00:00.000000238,96.531715,108,33
1970-01-01 00:00:00.000000083,96.45259,109,10
1970-01-01 00:00:00.000000084,96.43372,109,10
1970-01-01 00:00:00.000000085,95.78965,109,10
1970-01-01 00:00:00.000000505,86.32789,110,10
1970-01-01 00:00:00.000000506,86.245476,110,10
1970-01-01 00:00:00.000000507,86.23554,110,10
1970-01-01 00:00:00.000000506,86.00168,110,11
1970-01-01 00:00:00.000000507,85.878494,110,11
1970-01-01 00:00:00.000000508,85.83468,110,11
1970-01-01 00:00:00.000000507,86.62274,110,12
1970-01-01 00:00:00.000000508,86.543465,110,12
1970-01-01 00:00:00.000000509,86.52576,110,12
1970-01-01 00:00:00.000000508,87.185646,110,13
1970-01-01 00:00:00.000000509,87.130875,110,13
1970-01-01 00:00:00.000000510,87.115616,110,13
1970-01-01 00:00:00.000000509,87.49601,110,14
1970-01-01 00:00:00.000000510,87.44496,110,14
1970-01-01 00:00:00.000000511,87.42051,110,14
1970-01-01 00:00:00.000000510,88.08021,110,15
1970-01-01 00:00:00.000000511,88.052666,110,15
1970-01-01 00:00:00.000000512,88.032715,110,15
1970-01-01 00:00:00.000000511,88.704346,110,16
1970-01-01 00:00:00.000000512,88.69724,110,16
1970-01-01 00:00:00.000000513,88.66968,110,16
1970-01-01 00:00:00.000000512,89.57561,110,17
1970-01-01 00:00:00.000000513,89.59223,110,17
1970-01-01 00:00:00.000000514,89.56117,110,17
1970-01-01 00:00:00.000000513,90.260155,110,18
1970-01-01 00:00:00.000000514,90.28413,110,18
1970-01-01 00:00:00.000000515,90.23721,110,18
1970-01-01 00:00:00.000000514,90.78413,110,19
1970-01-01 00:00:00.000000515,90.808945,110,19
1970-01-01 00:00:00.000000516,90.738,110,19
1970-01-01 00:00:00.000000515,91.9142,110,20
1970-01-01 00:00:00.000000516,91.95329,110,20
1970-01-01 00:00:00.000000517,91.882,110,20
1970-01-01 00:00:00.000000516,92.77071,110,21
1970-01-01 00:00:00.000000517,92.8098,110,21
1970-01-01 00:00:00.000000518,92.71334,110,21
1970-01-01 00:00:00.000000517,93.239914,110,22
1970-01-01 00:00:00.000000518,93.26601,110,22
1970-01-01 00:00:00.000000519,93.15011,110,22
1970-01-01 00:00:00.000000518,93.38477,110,23
1970-01-01 00:00:00.000000519,93.40103,110,23
1970-01-01 00:00:00.000000520,93.27515,110,23
1970-01-01 00:00:00.000000519,92.750854,110,24
1970-01-01 00:00:00.000000520,92.74881,110,24
1970-01-01 00:00:00.000000521,92.61904,110,24
1970-01-01 00:00:00.000000520,91.981834,110,25
1970-01-01 00:00:00.000000521,91.97709,110,25
1970-01-01 00:00:00.000000522,91.859146,110,25
1970-01-01 00:00:00.000000521,91.44078,110,26
1970-01-01 00:00:00.000000522,91.442276,110,26
1970-01-01 00:00:00.000000523,91.340904,110,26
1970-01-01 00:00:00.000000522,90.76666,110,27
1970-01-01 00:00:00.000000523,90.75966,110,27
1970-01-01 00:00:00.000000524,90.66905,110,27
1970-01-01 00:00:00.000000523,90.31886,110,28
1970-01-01 00:00:00.000000524,90.312614,110,28
1970-01-01 00:00:00.000000525,90.219246,110,28
1970-01-01 00:00:00.000000524,89.875984,110,29
1970-01-01 00:00:00.000000525,89.84484,110,29
1970-01-01 00:00:00.000000526,89.79275,110,29
1970-01-01 00:00:00.000000525,89.81467,110,30
1970-01-01 00:00:00.000000526,89.82928,110,30
1970-01-01 00:00:00.000000527,89.77237,110,30
1970-01-01 00:00:00.000000526,89.47677,110,31
1970-01-01 00:00:00.000000527,89.46677,110,31
1970-01-01 00:00:00.000000528,89.407196,110,31
1970-01-01 00:00:00.000000527,89.5632,110,32
1970-01-01 00:00:00.000000528,89.55841,110,32
1970-01-01 00:00:00.000000529,89.50953,110,32
1970-01-01 00:00:00.000000528,91.085556,110,33
1970-01-01 00:00:00.000000529,91.13899,110,33
1970-01-01 00:00:00.000000530,91.08983,110,33
1970-01-01 00:00:00.000000529,91.93814,110,34
1970-01-01 00:00:00.000000530,91.97657,110,34
1970-01-01 00:00:00.000000531,91.8978,110,34
1970-01-01 00:00:00.000000530,92.3751,110,35
1970-01-01 00:00:00.000000531,92.40257,110,35
1970-01-01 00:00:00.000000532,92.30708,110,35
1970-01-01 00:00:00.000000531,92.36406,110,36
1970-01-01 00:00:00.000000532,92.38175,110,36
1970-01-01 00:00:00.000000533,92.273224,110,36
1970-01-01 00:00:00.000000532,91.79712,110,37
1970-01-01 00:00:00.000000533,91.7963,110,37
1970-01-01 00:00:00.000000534,91.686905,110,37
1970-01-01 00:00:00.000000533,91.378044,110,38
1970-01-01 00:00:00.000000534,91.379616,110,38
1970-01-01 00:00:00.000000535,91.28098,110,38
1970-01-01 00:00:00.000000534,91.53903,110,39
1970-01-01 00:00:00.000000535,91.558945,110,39
1970-01-01 00:00:00.000000536,91.475914,110,39
1970-01-01 00:00:00.000000535,91.130844,110,40
1970-01-01 00:00:00.000000536,91.13775,110,40
1970-01-01 00:00:00.000000537,91.04496,110,40
1970-01-01 00:00:00.000000536,90.72557,110,41
1970-01-01 00:00:00.000000537,90.72263,110,41
1970-01-01 00:00:00.000000538,90.639854,110,41
1970-01-01 00:00:00.000000537,89.80526,110,42
1970-01-01 00:00:00.000000538,89.775024,110,42
1970-01-01 00:00:00.000000539,89.69479,110,42
1970-01-01 00:00:00.000000538,88.92951,110,43
1970-01-01 00:00:00.000000539,88.88166,110,43
1970-01-01 00:00:00.000000540,88.810425,110,43
1970-01-01 00:00:00.000000539,87.94317,110,44
1970-01-01 00:00:00.000000540,87.86008,110,44
1970-01-01 00:00:00.000000541,87.79548,110,44
1970-01-01 00:00:00.000000540,87.332794,110,45
1970-01-01 00:00:00.000000541,87.24297,110,45
1970-01-01 00:00:00.000000542,87.18788,110,45
1970-01-01 00:00:00.000000541,86.46805,110,46
1970-01-01 00:00:00.000000542,86.33776,110,46
1970-01-01 00:00:00.000000543,86.280266,110,46
1970-01-01 00:00:00.000000542,85.658676,110,47
1970-01-01 00:00:00.000000543,85.50249,110,47
1970-01-01 00:00:00.000000544,85.42784,110,47
1970-01-01 00:00:00.000000543,84.34866,110,48
1970-01-01 00:00:00.000000544,84.10537,110,48
1970-01-01 00:00:00.000000545,84.037476,110,48
1970-01-01 00:00:00.000000544,83.564705,110,49
1970-01-01 00:00:00.000000545,83.34367,110,49
1970-01-01 00:00:00.000000546,83.25797,110,49
1970-01-01 00:00:00.000000545,82.02454,110,50
1970-01-01 00:00:00.000000546,81.70125,110,50
1970-01-01 00:00:00.000000547,81.57075,110,50
1970-01-01 00:00:00.000000546,81.7945,110,51
1970-01-01 00:00:00.000000547,81.508766,110,51
1970-01-01 00:00:00.000000548,81.37463,110,51
1970-01-01 00:00:00.000000547,81.98589,110,52
1970-01-01 00:00:00.000000548,81.69265,110,52
1970-01-01 00:00:00.000000549,81.641914,110,52
1970-01-01 00:00:00.000000548,82.146805,110,53
1970-01-01 00:00:00.000000549,81.92708,110,53
1970-01-01 00:00:00.000000550,81.85616,110,53
1970-01-01 00:00:00.000000549,81.54944,110,54
1970-01-01 00:00:00.000000550,81.26352,110,54
1970-01-01 00:00:00.000000551,81.17354,110,54
1970-01-01 00:00:00.000000550,83.14857,110,55
1970-01-01 00:00:00.000000551,83.00116,110,55
1970-01-01 00:00:00.000000552,82.98833,110,55
1970-01-01 00:00:00.000000551,83.69612,110,56
1970-01-01 00:00:00.000000552,83.52256,110,56
1970-01-01 00:00:00.000000553,83.49813,110,56
1970-01-01 00:00:00.000000552,83.99421,110,57
1970-01-01 00:00:00.000000553,83.82296,110,57
1970-01-01 00:00:00.000000554,83.78678,110,57
1970-01-01 00:00:00.000000553,83.0843,110,58
1970-01-01 00:00:00.000000554,82.830315,110,58
1970-01-01 00:00:00.000000555,82.74264,110,58
1970-01-01 00:00:00.000000554,84.21984,110,59
1970-01-01 00:00:00.000000555,84.074036,110,59
1970-01-01 00:00:00.000000556,84.05688,110,59
1970-01-01 00:00:00.000000555,84.14143,110,60
1970-01-01 00:00:00.000000556,83.9592,110,60
1970-01-01 00:00:00.000000557,83.92163,110,60
1970-01-01 00:00:00.000000556,83.996574,110,61
1970-01-01 00:00:00.000000557,83.80932,110,61
1970-01-01 00:00:00.000000558,83.744896,110,61
1970-01-01 00:00:00.000000557,83.77463,110,62
1970-01-01 00:00:00.000000558,83.55533,110,62
1970-01-01 00:00:00.000000559,83.35846,110,62
1970-01-01 00:00:00.000000558,83.67967,110,63
1970-01-01 00:00:00.000000559,83.33318,110,63
1970-01-01 00:00:00.000000560,83.40218,110,63
1970-01-01 00:00:00.000000559,83.19355,110,64
1970-01-01 00:00:00.000000560,83.09148,110,64
1970-01-01 00:00:00.000000561,83.00782,110,64
1970-01-01 00:00:00.000000560,78.845375,110,65
1970-01-01 00:00:00.000000561,78.36034,110,65
1970-01-01 00:00:00.000000562,78.11501,110,65
1970-01-01 00:00:00.000000561,81.87422,110,66
1970-01-01 00:00:00.000000562,81.71663,110,66
1970-01-01 00:00:00.000000563,81.62481,110,66
1970-01-01 00:00:00.000000562,83.171906,110,67
1970-01-01 00:00:00.000000563,82.922165,110,67
1970-01-01 00:00:00.000000564,83.060875,110,67
1970-01-01 00:00:00.000000563,81.922844,110,68
1970-01-01 00:00:00.000000564,81.78515,110,68
1970-01-01 00:00:00.000000565,81.63647,110,68
1970-01-01 00:00:00.000000564,82.70035,110,69
1970-01-01 00:00:00.000000565,82.477234,110,69
1970-01-01 00:00:00.000000566,82.44965,110,69
1970-01-01 00:00:00.000000565,83.77716,110,70
1970-01-01 00:00:00.000000566,83.64271,110,70
1970-01-01 00:00:00.000000567,83.48642,110,70
1970-01-01 00:00:00.000000566,85.13834,110,71
1970-01-01 00:00:00.000000567,84.90963,110,71
1970-01-01 00:00:00.000000568,84.77284,110,71
1970-01-01 00:00:00.000000567,86.317406,110,72
1970-01-01 00:00:00.000000568,86.15741,110,72
1970-01-01 00:00:00.000000569,86.15385,110,72
1970-01-01 00:00:00.000000568,82.32358,110,73
1970-01-01 00:00:00.000000569,81.97428,110,73
1970-01-01 00:00:00.000000570,82.047905,110,73
1970-01-01 00:00:00.000000569,65.079124,110,74
1970-01-01 00:00:00.000000570,65.3961,110,74
1970-01-01 00:00:00.000000571,65.595695,110,74
1970-01-01 00:00:00.000000570,57.357254,110,75
1970-01-01 00:00:00.000000571,57.91641,110,75
1970-01-01 00:00:00.000000572,58.718765,110,75
1970-01-01 00:00:00.000000571,55.799454,110,76
1970-01-01 00:00:00.000000572,56.598396,110,76
1970-01-01 00:00:00.000000573,57.510128,110,76
1970-01-01 00:00:00.000000572,56.172752,110,77
1970-01-01 00:00:00.000000573,57.006912,110,77
1970-01-01 00:00:00.000000574,57.93101,110,77
1970-01-01 00:00:00.000000573,56.79822,110,78
1970-01-01 00:00:00.000000574,57.59058,110,78
1970-01-01 00:00:00.000000575,58.52339,110,78
1970-01-01 00:00:00.000000574,57.4012,110,79
1970-01-01 00:00:00.000000575,58.16059,110,79
1970-01-01 00:00:00.000000576,59.098915,110,79
1970-01-01 00:00:00.000000575,57.19747,110,80
1970-01-01 00:00:00.000000576,57.953983,110,80
1970-01-01 00:00:00.000000577,58.89562,110,80
1970-01-01 00:00:00.000000576,88.701866,110,81
1970-01-01 00:00:00.000000577,90.02017,110,81
1970-01-01 00:00:00.000000578,90.86731,110,81
1970-01-01 00:00:00.000000577,95.33274,110,82
1970-01-01 00:00:00.000000578,95.284,110,82
1970-01-01 00:00:00.000000579,95.14659,110,82
1970-01-01 00:00:00.000000578,93.27363,110,83
1970-01-01 00:00:00.000000579,92.34636,110,83
1970-01-01 00:00:00.000000580,91.68057,110,83
1970-01-01 00:00:00.000000579,93.353035,110,84
1970-01-01 00:00:00.000000580,92.441696,110,84
1970-01-01 00:00:00.000000581,91.78249,110,84
1970-01-01 00:00:00.000000580,93.37648,110,85
1970-01-01 00:00:00.000000581,92.46805,110,85
1970-01-01 00:00:00.000000582,91.80942,110,85
1970-01-01 00:00:00.000000183,96.22143,112,10
1970-01-01 00:00:00.000000184,96.4241,112,10
1970-01-01 00:00:00.000000185,95.82579,112,10
1970-01-01 00:00:00.000000184,96.421,112,11
1970-01-01 00:00:00.000000185,95.98218,112,11
1970-01-01 00:00:00.000000186,95.76052,112,11
1970-01-01 00:00:00.000000185,81.70592,112,12
1970-01-01 00:00:00.000000186,81.25422,112,12
1970-01-01 00:00:00.000000187,80.85086,112,12
1970-01-01 00:00:00.000000186,83.055595,112,13
1970-01-01 00:00:00.000000187,83.17612,112,13
1970-01-01 00:00:00.000000188,83.30349,112,13
1970-01-01 00:00:00.000000187,82.45011,112,14
1970-01-01 00:00:00.000000188,82.38598,112,14
1970-01-01 00:00:00.000000189,82.394325,112,14
1970-01-01 00:00:00.000000188,82.93484,112,15
1970-01-01 00:00:00.000000189,82.86972,112,15
1970-01-01 00:00:00.000000190,82.87858,112,15
1970-01-01 00:00:00.000000189,81.74577,112,16
1970-01-01 00:00:00.000000190,81.605644,112,16
1970-01-01 00:00:00.000000191,81.569275,112,16
1970-01-01 00:00:00.000000190,80.5431,112,17
1970-01-01 00:00:00.000000191,80.38208,112,17
1970-01-01 00:00:00.000000192,80.32357,112,17
1970-01-01 00:00:00.000000191,80.1878,112,18
1970-01-01 00:00:00.000000192,80.044876,112,18
1970-01-01 00:00:00.000000193,80.004845,112,18
1970-01-01 00:00:00.000000192,78.99301,112,19
1970-01-01 00:00:00.000000193,78.80895,112,19
1970-01-01 00:00:00.000000194,78.74985,112,19
1970-01-01 00:00:00.000000193,78.96081,112,20
1970-01-01 00:00:00.000000194,78.82706,112,20
1970-01-01 00:00:00.000000195,78.79787,112,20
1970-01-01 00:00:00.000000194,78.12859,112,21
1970-01-01 00:00:00.000000195,77.97325,112,21
1970-01-01 00:00:00.000000196,77.942856,112,21
1970-01-01 00:00:00.000000195,77.762344,112,22
1970-01-01 00:00:00.000000196,77.642075,112,22
1970-01-01 00:00:00.000000197,77.628265,112,22
1970-01-01 00:00:00.000000196,78.2925,112,23
1970-01-01 00:00:00.000000197,78.20996,112,23
1970-01-01 00:00:00.000000198,78.21629,112,23
1970-01-01 00:00:00.000000197,78.20618,112,24
1970-01-01 00:00:00.000000198,78.09402,112,24
1970-01-01 00:00:00.000000199,78.09888,112,24
1970-01-01 00:00:00.000000198,79.70146,112,25
1970-01-01 00:00:00.000000199,79.665565,112,25
1970-01-01 00:00:00.000000200,79.71838,112,25
1970-01-01 00:00:00.000000199,78.81845,112,26
1970-01-01 00:00:00.000000200,78.69448,112,26
1970-01-01 00:00:00.000000201,78.68077,112,26
1970-01-01 00:00:00.000000200,78.24625,112,27
1970-01-01 00:00:00.000000201,78.11471,112,27
1970-01-01 00:00:00.000000202,78.089294,112,27
1970-01-01 00:00:00.000000201,79.21041,112,28
1970-01-01 00:00:00.000000202,79.13531,112,28
1970-01-01 00:00:00.000000203,78.96003,112,28
1970-01-01 00:00:00.000000172,73.886856,113,10
1970-01-01 00:00:00.000000173,73.95822,113,10
1970-01-01 00:00:00.000000174,73.94775,113,10
1970-01-01 00:00:00.000000173,73.90985,113,11
1970-01-01 00:00:00.000000174,74.031906,113,11
1970-01-01 00:00:00.000000175,74.03435,113,11
1970-01-01 00:00:00.000000174,74.52668,113,12
1970-01-01 00:00:00.000000175,74.63472,113,12
1970-01-01 00:00:00.000000176,74.651665,113,12
1970-01-01 00:00:00.000000175,75.02932,113,13
1970-01-01 00:00:00.000000176,75.11661,113,13
1970-01-01 00:00:00.000000177,75.12401,113,13
1970-01-01 00:00:00.000000176,74.48027,113,14
1970-01-01 00:00:00.000000177,74.53393,113,14
1970-01-01 00:00:00.000000178,74.50835,113,14
1970-01-01 00:00:00.000000177,75.55941,113,15
1970-01-01 00:00:00.000000178,75.63017,113,15
1970-01-01 00:00:00.000000179,75.64246,113,15
1970-01-01 00:00:00.000000178,75.61617,113,16
1970-01-01 00:00:00.000000179,75.65505,113,16
1970-01-01 00:00:00.000000180,75.63907,113,16
1970-01-01 00:00:00.000000179,75.6017,113,17
1970-01-01 00:00:00.000000180,75.63148,113,17
1970-01-01 00:00:00.000000181,75.60201,113,17
1970-01-01 00:00:00.000000180,75.37373,113,18
1970-01-01 00:00:00.000000181,75.39559,113,18
1970-01-01 00:00:00.000000182,75.3546,113,18
1970-01-01 00:00:00.000000181,75.89892,113,19
1970-01-01 00:00:00.000000182,75.92806,113,19
1970-01-01 00:00:00.000000183,75.90086,113,19
1970-01-01 00:00:00.000000182,74.602585,113,20
1970-01-01 00:00:00.000000183,74.6132,113,20
1970-01-01 00:00:00.000000184,74.550186,113,20
1970-01-01 00:00:00.000000183,71.54897,113,21
1970-01-01 00:00:00.000000184,71.68214,113,21
1970-01-01 00:00:00.000000185,71.65874,113,21
1970-01-01 00:00:00.000000184,70.23573,113,22
1970-01-01 00:00:00.000000185,70.589836,113,22
1970-01-01 00:00:00.000000186,70.69334,113,22
1970-01-01 00:00:00.000000185,71.23382,113,23
1970-01-01 00:00:00.000000186,71.65632,113,23
1970-01-01 00:00:00.000000187,71.821014,113,23
1970-01-01 00:00:00.000000186,71.491196,113,24
1970-01-01 00:00:00.000000187,71.88667,113,24
1970-01-01 00:00:00.000000188,72.02172,113,24
1970-01-01 00:00:00.000000187,71.688,113,25
1970-01-01 00:00:00.000000188,72.03392,113,25
1970-01-01 00:00:00.000000189,72.08167,113,25
1970-01-01 00:00:00.000000188,73.20232,113,26
1970-01-01 00:00:00.000000189,73.31161,113,26
1970-01-01 00:00:00.000000190,73.35601,113,26
1970-01-01 00:00:00.000000157,78.904076,114,10
1970-01-01 00:00:00.000000158,78.851395,114,10
1970-01-01 00:00:00.000000159,78.93339,114,10
1970-01-01 00:00:00.000000158,78.99223,114,11
1970-01-01 00:00:00.000000159,78.93519,114,11
1970-01-01 00:00:00.000000160,79.01498,114,11
1970-01-01 00:00:00.000000159,78.73807,114,12
1970-01-01 00:00:00.000000160,78.66272,114,12
1970-01-01 00:00:00.000000161,78.73059,114,12
1970-01-01 00:00:00.000000160,78.56085,114,13
1970-01-01 00:00:00.000000161,78.48344,114,13
1970-01-01 00:00:00.000000162,78.5713,114,13
1970-01-01 00:00:00.000000161,78.45576,114,14
1970-01-01 00:00:00.000000162,78.399506,114,14
1970-01-01 00:00:00.000000163,78.24411,114,14
1970-01-01 00:00:00.000000162,78.32227,114,15
1970-01-01 00:00:00.000000163,78.01371,114,15
1970-01-01 00:00:00.000000164,78.024925,114,15
1970-01-01 00:00:00.000000163,78.16595,114,16
1970-01-01 00:00:00.000000164,78.03122,114,16
1970-01-01 00:00:00.000000165,78.38805,114,16
1970-01-01 00:00:00.000000164,74.06407,114,17
1970-01-01 00:00:00.000000165,74.24321,114,17
1970-01-01 00:00:00.000000166,74.37776,114,17
1970-01-01 00:00:00.000000165,61.66438,114,18
1970-01-01 00:00:00.000000166,62.071667,114,18
1970-01-01 00:00:00.000000167,62.841984,114,18
1970-01-01 00:00:00.000000166,92.52736,114,19
1970-01-01 00:00:00.000000167,93.46411,114,19
1970-01-01 00:00:00.000000168,94.20853,114,19
1970-01-01 00:00:00.000000167,93.653175,114,20
1970-01-01 00:00:00.000000168,93.49899,114,20
1970-01-01 00:00:00.000000169,93.08819,114,20
1970-01-01 00:00:00.000000168,90.34061,114,21
1970-01-01 00:00:00.000000169,88.80814,114,21
1970-01-01 00:00:00.000000170,87.861465,114,21
1970-01-01 00:00:00.000000169,90.69178,114,22
1970-01-01 00:00:00.000000170,89.14384,114,22
1970-01-01 00:00:00.000000171,88.18416,114,22
1970-01-01 00:00:00.000000170,90.586334,114,23
1970-01-01 00:00:00.000000171,88.99837,114,23
1970-01-01 00:00:00.000000172,88.01238,114,23
1970-01-01 00:00:00.000000086,86.161514,115,10
1970-01-01 00:00:00.000000087,83.704575,115,10
1970-01-01 00:00:00.000000088,82.20472,115,10
1970-01-01 00:00:00.000000087,85.63531,115,11
1970-01-01 00:00:00.000000088,83.10065,115,11
1970-01-01 00:00:00.000000089,81.56207,115,11
1970-01-01 00:00:00.000000096,78.85265,117,10
1970-01-01 00:00:00.000000097,78.56823,117,10
1970-01-01 00:00:00.000000098,78.48958,117,10
1970-01-01 00:00:00.000000097,79.23568,117,11
1970-01-01 00:00:00.000000098,78.975204,117,11
1970-01-01 00:00:00.000000099,78.86167,117,11
1970-01-01 00:00:00.000000098,79.05951,117,12
1970-01-01 00:00:00.000000099,78.724945,117,12
1970-01-01 00:00:00.000000100,78.65555,117,12
1970-01-01 00:00:00.000000082,88.99078,118,10
1970-01-01 00:00:00.000000083,88.704865,118,10
1970-01-01 00:00:00.000000084,86.43657,118,10
1970-01-01 00:00:00.000000109,74.68874,121,10
1970-01-01 00:00:00.000000110,74.4723,121,10
1970-01-01 00:00:00.000000111,74.48252,121,10
1970-01-01 00:00:00.000000110,74.72176,121,11
1970-01-01 00:00:00.000000111,74.51258,121,11
1970-01-01 00:00:00.000000112,74.51013,121,11
1970-01-01 00:00:00.000000111,75.95179,121,12
1970-01-01 00:00:00.000000112,75.75618,121,12
1970-01-01 00:00:00.000000113,75.79434,121,12
1970-01-01 00:00:00.000000112,75.61416,121,13
1970-01-01 00:00:00.000000113,75.392746,121,13
1970-01-01 00:00:00.000000114,75.355064,121,13
1970-01-01 00:00:00.000000113,75.84214,121,14
1970-01-01 00:00:00.000000114,75.58728,121,14
1970-01-01 00:00:00.000000115,75.53787,121,14
1970-01-01 00:00:00.000000114,76.61689,121,15
1970-01-01 00:00:00.000000115,76.35682,121,15
1970-01-01 00:00:00.000000116,76.5494,121,15
1970-01-01 00:00:00.000000165,94.10901,122,10
1970-01-01 00:00:00.000000166,93.7115,122,10
1970-01-01 00:00:00.000000167,93.83655,122,10
1970-01-01 00:00:00.000000166,93.28868,122,11
1970-01-01 00:00:00.000000167,93.92009,122,11
1970-01-01 00:00:00.000000168,94.064835,122,11
1970-01-01 00:00:00.000000167,93.818756,122,12
1970-01-01 00:00:00.000000168,94.37887,122,12
1970-01-01 00:00:00.000000169,94.70195,122,12
1970-01-01 00:00:00.000000168,96.27764,122,13
1970-01-01 00:00:00.000000169,96.46405,122,13
1970-01-01 00:00:00.000000170,96.46054,122,13
1970-01-01 00:00:00.000000169,94.68386,122,14
1970-01-01 00:00:00.000000170,94.74723,122,14
1970-01-01 00:00:00.000000171,94.76945,122,14
1970-01-01 00:00:00.000000170,95.246506,122,15
1970-01-01 00:00:00.000000171,95.2932,122,15
1970-01-01 00:00:00.000000172,95.24198,122,15
1970-01-01 00:00:00.000000171,95.58606,122,16
1970-01-01 00:00:00.000000172,95.58698,122,16
1970-01-01 00:00:00.000000173,95.569496,122,16
1970-01-01 00:00:00.000000172,95.67586,122,17
1970-01-01 00:00:00.000000173,95.714905,122,17
1970-01-01 00:00:00.000000174,95.68042,122,17
1970-01-01 00:00:00.000000173,95.517845,122,18
1970-01-01 00:00:00.000000174,95.560555,122,18
1970-01-01 00:00:00.000000175,95.57101,122,18
1970-01-01 00:00:00.000000174,94.90652,122,19
1970-01-01 00:00:00.000000175,95.00707,122,19
1970-01-01 00:00:00.000000176,95.03677,122,19
1970-01-01 00:00:00.000000175,93.7582,122,20
1970-01-01 00:00:00.000000176,93.9002,122,20
1970-01-01 00:00:00.000000177,94.018845,122,20
1970-01-01 00:00:00.000000176,92.70748,122,21
1970-01-01 00:00:00.000000177,92.936806,122,21
1970-01-01 00:00:00.000000178,92.25792,122,21
1970-01-01 00:00:00.000000177,91.93181,122,22
1970-01-01 00:00:00.000000178,91.20743,122,22
1970-01-01 00:00:00.000000179,91.51984,122,22
1970-01-01 00:00:00.000000178,90.399475,122,23
1970-01-01 00:00:00.000000179,90.72708,122,23
1970-01-01 00:00:00.000000180,90.80119,122,23
1970-01-01 00:00:00.000000179,90.29055,122,24
1970-01-01 00:00:00.000000180,90.88216,122,24
1970-01-01 00:00:00.000000181,91.27743,122,24
1970-01-01 00:00:00.000000180,90.75581,122,25
1970-01-01 00:00:00.000000181,91.20847,122,25
1970-01-01 00:00:00.000000182,90.15273,122,25
1970-01-01 00:00:00.000000101,90.547134,123,10
1970-01-01 00:00:00.000000102,88.4302,123,10
1970-01-01 00:00:00.000000103,88.40713,123,10
1970-01-01 00:00:00.000000102,80.69175,123,11
1970-01-01 00:00:00.000000103,81.8044,123,11
1970-01-01 00:00:00.000000104,82.98998,123,11
1970-01-01 00:00:00.000000103,79.5465,123,12
1970-01-01 00:00:00.000000104,81.81353,123,12
1970-01-01 00:00:00.000000105,83.679054,123,12
1970-01-01 00:00:00.000000104,87.812416,123,13
1970-01-01 00:00:00.000000105,88.609375,123,13
1970-01-01 00:00:00.000000106,89.436745,123,13
1970-01-01 00:00:00.000000105,87.92226,123,14
1970-01-01 00:00:00.000000106,88.29905,123,14
1970-01-01 00:00:00.000000107,88.665436,123,14
1970-01-01 00:00:00.000000107,68.0883,124,10
1970-01-01 00:00:00.000000108,68.26034,124,10
1970-01-01 00:00:00.000000109,68.79554,124,10
1970-01-01 00:00:00.000000108,92.80619,124,11
1970-01-01 00:00:00.000000109,92.49273,124,11
1970-01-01 00:00:00.000000110,92.22472,124,11
1970-01-01 00:00:00.000000109,89.81274,124,12
1970-01-01 00:00:00.000000110,88.04919,124,12
1970-01-01 00:00:00.000000111,86.96635,124,12
1970-01-01 00:00:00.000000110,89.82135,124,13
1970-01-01 00:00:00.000000111,88.05695,124,13
1970-01-01 00:00:00.000000112,86.97322,124,13
1970-01-01 00:00:00.000000111,89.874275,124,14
1970-01-01 00:00:00.000000112,88.12393,124,14
1970-01-01 00:00:00.000000113,87.04939,124,14
1970-01-01 00:00:00.000000164,78.250404,125,10
1970-01-01 00:00:00.000000165,78.1613,125,10
1970-01-01 00:00:00.000000166,78.1673,125,10
1970-01-01 00:00:00.000000165,79.49696,125,11
1970-01-01 00:00:00.000000166,79.486206,125,11
1970-01-01 00:00:00.000000167,79.55247,125,11
1970-01-01 00:00:00.000000166,79.1867,125,12
1970-01-01 00:00:00.000000167,79.12923,125,12
1970-01-01 00:00:00.000000168,79.15408,125,12
1970-01-01 00:00:00.000000167,78.07836,125,13
1970-01-01 00:00:00.000000168,77.97054,125,13
1970-01-01 00:00:00.000000169,77.96279,125,13
1970-01-01 00:00:00.000000168,78.51812,125,14
1970-01-01 00:00:00.000000169,78.464,125,14
1970-01-01 00:00:00.000000170,78.49096,125,14
1970-01-01 00:00:00.000000169,78.16541,125,15
1970-01-01 00:00:00.000000170,78.081955,125,15
1970-01-01 00:00:00.000000171,78.09146,125,15
1970-01-01 00:00:00.000000170,77.42523,125,16
1970-01-01 00:00:00.000000171,77.330536,125,16
1970-01-01 00:00:00.000000172,77.48674,125,16
1970-01-01 00:00:00.000000171,77.65612,125,17
1970-01-01 00:00:00.000000172,77.7501,125,17
1970-01-01 00:00:00.000000173,77.783165,125,17
1970-01-01 00:00:00.000000172,78.026245,125,18
1970-01-01 00:00:00.000000173,77.93965,125,18
1970-01-01 00:00:00.000000174,77.548096,125,18
1970-01-01 00:00:00.000000173,74.480515,125,19
1970-01-01 00:00:00.000000174,73.76341,125,19
1970-01-01 00:00:00.000000175,73.65922,125,19
1970-01-01 00:00:00.000000174,73.36555,125,20
1970-01-01 00:00:00.000000175,73.31184,125,20
1970-01-01 00:00:00.000000176,73.46567,125,20
1970-01-01 00:00:00.000000175,94.44918,125,21
1970-01-01 00:00:00.000000176,94.40588,125,21
1970-01-01 00:00:00.000000177,94.28953,125,21
1970-01-01 00:00:00.000000176,92.92355,125,22
1970-01-01 00:00:00.000000177,91.93975,125,22
1970-01-01 00:00:00.000000178,91.25205,125,22
1970-01-01 00:00:00.000000177,92.97814,125,23
1970-01-01 00:00:00.000000178,92.00549,125,23
1970-01-01 00:00:00.000000179,91.32181,125,23
1970-01-01 00:00:00.000000178,92.976234,125,24
1970-01-01 00:00:00.000000179,92.00218,125,24
1970-01-01 00:00:00.000000180,91.245705,125,24
1970-01-01 00:00:00.000000208,70.960526,126,10
1970-01-01 00:00:00.000000209,71.15098,126,10
1970-01-01 00:00:00.000000210,71.57494,126,10
1970-01-01 00:00:00.000000209,73.73427,126,11
1970-01-01 00:00:00.000000210,73.9949,126,11
1970-01-01 00:00:00.000000211,74.36737,126,11
1970-01-01 00:00:00.000000210,75.00943,126,12
1970-01-01 00:00:00.000000211,75.16098,126,12
1970-01-01 00:00:00.000000212,75.43609,126,12
1970-01-01 00:00:00.000000211,74.44011,126,13
1970-01-01 00:00:00.000000212,74.47732,126,13
1970-01-01 00:00:00.000000213,74.6797,126,13
1970-01-01 00:00:00.000000212,74.577644,126,14
1970-01-01 00:00:00.000000213,74.62131,126,14
1970-01-01 00:00:00.000000214,74.80958,126,14
1970-01-01 00:00:00.000000213,74.75366,126,15
1970-01-01 00:00:00.000000214,74.785194,126,15
1970-01-01 00:00:00.000000215,74.977394,126,15
1970-01-01 00:00:00.000000214,75.62649,126,16
1970-01-01 00:00:00.000000215,75.68687,126,16
1970-01-01 00:00:00.000000216,75.87337,126,16
1970-01-01 00:00:00.000000215,76.168015,126,17
1970-01-01 00:00:00.000000216,76.20243,126,17
1970-01-01 00:00:00.000000217,76.38767,126,17
1970-01-01 00:00:00.000000216,76.1773,126,18
1970-01-01 00:00:00.000000217,76.19838,126,18
1970-01-01 00:00:00.000000218,76.35612,126,18
1970-01-01 00:00:00.000000217,75.813835,126,19
1970-01-01 00:00:00.000000218,75.807556,126,19
1970-01-01 00:00:00.000000219,75.953835,126,19
1970-01-01 00:00:00.000000218,75.31109,126,20
1970-01-01 00:00:00.000000219,75.29964,126,20
1970-01-01 00:00:00.000000220,75.43658,126,20
1970-01-01 00:00:00.000000219,76.05733,126,21
1970-01-01 00:00:00.000000220,76.08328,126,21
1970-01-01 00:00:00.000000221,76.26393,126,21
1970-01-01 00:00:00.000000220,76.3079,126,22
1970-01-01 00:00:00.000000221,76.334854,126,22
1970-01-01 00:00:00.000000222,76.49083,126,22
1970-01-01 00:00:00.000000221,77.01096,126,23
1970-01-01 00:00:00.000000222,77.04145,126,23
1970-01-01 00:00:00.000000223,77.21131,126,23
1970-01-01 00:00:00.000000222,76.869896,126,24
1970-01-01 00:00:00.000000223,76.87263,126,24
1970-01-01 00:00:00.000000224,77.01136,126,24
1970-01-01 00:00:00.000000223,76.96659,126,25
1970-01-01 00:00:00.000000224,76.96567,126,25
1970-01-01 00:00:00.000000225,77.08956,126,25
1970-01-01 00:00:00.000000224,76.9927,126,26
1970-01-01 00:00:00.000000225,76.973946,126,26
1970-01-01 00:00:00.000000226,77.136,126,26
1970-01-01 00:00:00.000000225,76.455025,126,27
1970-01-01 00:00:00.000000226,76.45888,126,27
1970-01-01 00:00:00.000000227,76.56168,126,27
1970-01-01 00:00:00.000000226,75.17733,126,28
1970-01-01 00:00:00.000000227,75.10485,126,28
1970-01-01 00:00:00.000000228,75.23366,126,28
1970-01-01 00:00:00.000000227,75.451004,126,29
1970-01-01 00:00:00.000000228,75.47091,126,29
1970-01-01 00:00:00.000000229,75.634575,126,29
1970-01-01 00:00:00.000000228,75.08227,126,30
1970-01-01 00:00:00.000000229,75.085434,126,30
1970-01-01 00:00:00.000000230,75.22897,126,30
1970-01-01 00:00:00.000000229,75.45628,126,31
1970-01-01 00:00:00.000000230,75.4684,126,31
1970-01-01 00:00:00.000000231,75.66458,126,31
1970-01-01 00:00:00.000000230,75.977135,126,32
1970-01-01 00:00:00.000000231,76.03033,126,32
1970-01-01 00:00:00.000000232,76.20952,126,32
1970-01-01 00:00:00.000000188,88.95456,127,10
1970-01-01 00:00:00.000000189,89.00243,127,10
1970-01-01 00:00:00.000000190,89.053,127,10
1970-01-01 00:00:00.000000189,89.019035,127,11
1970-01-01 00:00:00.000000190,88.87256,127,11
1970-01-01 00:00:00.000000191,88.92299,127,11
1970-01-01 00:00:00.000000190,88.17124,127,12
1970-01-01 00:00:00.000000191,88.12111,127,12
1970-01-01 00:00:00.000000192,88.2424,127,12
1970-01-01 00:00:00.000000191,87.28204,127,13
1970-01-01 00:00:00.000000192,87.4219,127,13
1970-01-01 00:00:00.000000193,87.63949,127,13
1970-01-01 00:00:00.000000192,86.77282,127,14
1970-01-01 00:00:00.000000193,87.00062,127,14
1970-01-01 00:00:00.000000194,87.29586,127,14
1970-01-01 00:00:00.000000193,86.96813,127,15
1970-01-01 00:00:00.000000194,87.16286,127,15
1970-01-01 00:00:00.000000195,87.45431,127,15
1970-01-01 00:00:00.000000194,86.42174,127,16
1970-01-01 00:00:00.000000195,86.67483,127,16
1970-01-01 00:00:00.000000196,86.942375,127,16
1970-01-01 00:00:00.000000195,86.03147,127,17
1970-01-01 00:00:00.000000196,86.2678,127,17
1970-01-01 00:00:00.000000197,86.57828,127,17
1970-01-01 00:00:00.000000196,85.188515,127,18
1970-01-01 00:00:00.000000197,85.51763,127,18
1970-01-01 00:00:00.000000198,85.94504,127,18
1970-01-01 00:00:00.000000197,85.10849,127,19
1970-01-01 00:00:00.000000198,85.53143,127,19
1970-01-01 00:00:00.000000199,85.923485,127,19
1970-01-01 00:00:00.000000198,84.86436,127,20
1970-01-01 00:00:00.000000199,85.270424,127,20
1970-01-01 00:00:00.000000200,85.75056,127,20
1970-01-01 00:00:00.000000199,84.34542,127,21
1970-01-01 00:00:00.000000200,84.85251,127,21
1970-01-01 00:00:00.000000201,85.30867,127,21
1970-01-01 00:00:00.000000200,83.634705,127,22
1970-01-01 00:00:00.000000201,84.19653,127,22
1970-01-01 00:00:00.000000202,84.80287,127,22
1970-01-01 00:00:00.000000201,84.520515,127,23
1970-01-01 00:00:00.000000202,85.04297,127,23
1970-01-01 00:00:00.000000203,85.48955,127,23
1970-01-01 00:00:00.000000202,84.55272,127,24
1970-01-01 00:00:00.000000203,84.997086,127,24
1970-01-01 00:00:00.000000204,85.47526,127,24
1970-01-01 00:00:00.000000203,85.4942,127,25
1970-01-01 00:00:00.000000204,85.83304,127,25
1970-01-01 00:00:00.000000205,86.18499,127,25
1970-01-01 00:00:00.000000204,85.73819,127,26
1970-01-01 00:00:00.000000205,86.02578,127,26
1970-01-01 00:00:00.000000206,86.40968,127,26
1970-01-01 00:00:00.000000205,86.04874,127,27
1970-01-01 00:00:00.000000206,86.356636,127,27
1970-01-01 00:00:00.000000207,86.69184,127,27
1970-01-01 00:00:00.000000206,85.522865,127,28
1970-01-01 00:00:00.000000207,85.86358,127,28
1970-01-01 00:00:00.000000208,86.22556,127,28
1970-01-01 00:00:00.000000207,85.51983,127,29
1970-01-01 00:00:00.000000208,85.828316,127,29
1970-01-01 00:00:00.000000209,86.19192,127,29
1970-01-01 00:00:00.000000082,92.187836,129,10
1970-01-01 00:00:00.000000083,90.38774,129,10
1970-01-01 00:00:00.000000084,89.23584,129,10
