sequence_index,second_chamber_filling,block_idx,fcst_origin
1970-01-01 00:00:00.000000097,78.66021,0,10
1970-01-01 00:00:00.000000098,78.95977,0,10
1970-01-01 00:00:00.000000098,77.63622,0,11
1970-01-01 00:00:00.000000099,77.92112,0,11
1970-01-01 00:00:00.000000099,77.62133,0,12
1970-01-01 00:00:00.000000100,77.923,0,12
1970-01-01 00:00:00.000000100,77.23839,0,13
1970-01-01 00:00:00.000000101,77.53651,0,13
1970-01-01 00:00:00.000000101,76.76323,0,14
1970-01-01 00:00:00.000000102,76.99448,0,14
1970-01-01 00:00:00.000000081,74.561104,1,10
1970-01-01 00:00:00.000000082,74.4743,1,10
1970-01-01 00:00:00.000000082,74.48857,1,11
1970-01-01 00:00:00.000000083,74.40027,1,11
1970-01-01 00:00:00.000000079,68.81406,4,10
1970-01-01 00:00:00.000000080,68.587265,4,10
1970-01-01 00:00:00.000000080,68.42791,4,11
1970-01-01 00:00:00.000000081,69.015945,4,11
1970-01-01 00:00:00.000000079,74.94728,5,10
1970-01-01 00:00:00.000000080,75.22696,5,10
1970-01-01 00:00:00.000000080,74.966,5,11
1970-01-01 00:00:00.000000081,75.24566,5,11
1970-01-01 00:00:00.000000119,79.1988,11,10
1970-01-01 00:00:00.000000120,79.612885,11,10
1970-01-01 00:00:00.000000120,79.48487,11,11
1970-01-01 00:00:00.000000121,79.8592,11,11
1970-01-01 00:00:00.000000121,79.5937,11,12
1970-01-01 00:00:00.000000122,79.83748,11,12
1970-01-01 00:00:00.000000122,78.43646,11,13
1970-01-01 00:00:00.000000123,78.664925,11,13
1970-01-01 00:00:00.000000123,78.20098,11,14
1970-01-01 00:00:00.000000124,78.37305,11,14
1970-01-01 00:00:00.000000124,78.1679,11,15
1970-01-01 00:00:00.000000125,78.208206,11,15
1970-01-01 00:00:00.000000125,78.00196,11,16
1970-01-01 00:00:00.000000126,77.991394,11,16
1970-01-01 00:00:00.000000126,77.9428,11,17
1970-01-01 00:00:00.000000127,77.88545,11,17
1970-01-01 00:00:00.000000127,77.63078,11,18
1970-01-01 00:00:00.000000128,77.52754,11,18
1970-01-01 00:00:00.000000113,68.44892,12,10
1970-01-01 00:00:00.000000114,68.74337,12,10
1970-01-01 00:00:00.000000114,68.76964,12,11
1970-01-01 00:00:00.000000115,69.18023,12,11
1970-01-01 00:00:00.000000115,69.331154,12,12
1970-01-01 00:00:00.000000116,70.33447,12,12
1970-01-01 00:00:00.000000116,70.40132,12,13
1970-01-01 00:00:00.000000117,71.01744,12,13
1970-01-01 00:00:00.000000117,70.14649,12,14
1970-01-01 00:00:00.000000118,70.1817,12,14
1970-01-01 00:00:00.000000118,69.679794,12,15
1970-01-01 00:00:00.000000119,69.437225,12,15
1970-01-01 00:00:00.000000119,69.85036,12,16
1970-01-01 00:00:00.000000120,69.74528,12,16
1970-01-01 00:00:00.000000120,68.837105,12,17
1970-01-01 00:00:00.000000121,68.47975,12,17
1970-01-01 00:00:00.000000157,81.80909,13,10
1970-01-01 00:00:00.000000158,81.84926,13,10
1970-01-01 00:00:00.000000158,81.67054,13,11
1970-01-01 00:00:00.000000159,81.698616,13,11
1970-01-01 00:00:00.000000159,81.568924,13,12
1970-01-01 00:00:00.000000160,81.59347,13,12
1970-01-01 00:00:00.000000160,81.4448,13,13
1970-01-01 00:00:00.000000161,81.46912,13,13
1970-01-01 00:00:00.000000161,81.63572,13,14
1970-01-01 00:00:00.000000162,81.66467,13,14
1970-01-01 00:00:00.000000162,81.702,13,15
1970-01-01 00:00:00.000000163,81.72818,13,15
1970-01-01 00:00:00.000000163,81.91477,13,16
1970-01-01 00:00:00.000000164,81.94529,13,16
1970-01-01 00:00:00.000000164,82.188705,13,17
1970-01-01 00:00:00.000000165,82.23281,13,17
1970-01-01 00:00:00.000000165,82.16927,13,18
1970-01-01 00:00:00.000000166,82.20791,13,18
1970-01-01 00:00:00.000000166,82.230225,13,19
1970-01-01 00:00:00.000000167,82.26481,13,19
1970-01-01 00:00:00.000000167,82.3559,13,20
1970-01-01 00:00:00.000000168,82.39431,13,20
1970-01-01 00:00:00.000000168,82.62785,13,21
1970-01-01 00:00:00.000000169,82.669174,13,21
1970-01-01 00:00:00.000000169,82.617584,13,22
1970-01-01 00:00:00.000000170,82.666,13,22
1970-01-01 00:00:00.000000170,82.83078,13,23
1970-01-01 00:00:00.000000171,82.88981,13,23
1970-01-01 00:00:00.000000171,82.86567,13,24
1970-01-01 00:00:00.000000172,82.93117,13,24
1970-01-01 00:00:00.000000141,68.60577,15,10
1970-01-01 00:00:00.000000142,68.69839,15,10
1970-01-01 00:00:00.000000142,69.390366,15,11
1970-01-01 00:00:00.000000143,69.39458,15,11
1970-01-01 00:00:00.000000143,69.28933,15,12
1970-01-01 00:00:00.000000144,69.22518,15,12
1970-01-01 00:00:00.000000144,70.895874,15,13
1970-01-01 00:00:00.000000145,70.99731,15,13
1970-01-01 00:00:00.000000145,71.767586,15,14
1970-01-01 00:00:00.000000146,72.05714,15,14
1970-01-01 00:00:00.000000146,71.72123,15,15
1970-01-01 00:00:00.000000147,71.943184,15,15
1970-01-01 00:00:00.000000147,71.8662,15,16
1970-01-01 00:00:00.000000148,72.137505,15,16
1970-01-01 00:00:00.000000148,72.07538,15,17
1970-01-01 00:00:00.000000149,72.33658,15,17
1970-01-01 00:00:00.000000149,71.74429,15,18
1970-01-01 00:00:00.000000150,71.91422,15,18
1970-01-01 00:00:00.000000150,71.745636,15,19
1970-01-01 00:00:00.000000151,71.90025,15,19
1970-01-01 00:00:00.000000151,71.7822,15,20
1970-01-01 00:00:00.000000152,71.78283,15,20
1970-01-01 00:00:00.000000152,71.72249,15,21
1970-01-01 00:00:00.000000153,71.240814,15,21
1970-01-01 00:00:00.000000156,80.77072,16,10
1970-01-01 00:00:00.000000157,80.63993,16,10
1970-01-01 00:00:00.000000157,80.29637,16,11
1970-01-01 00:00:00.000000158,80.367744,16,11
1970-01-01 00:00:00.000000158,80.161606,16,12
1970-01-01 00:00:00.000000159,80.688614,16,12
1970-01-01 00:00:00.000000159,80.11343,16,13
1970-01-01 00:00:00.000000160,80.50768,16,13
1970-01-01 00:00:00.000000160,80.29538,16,14
1970-01-01 00:00:00.000000161,80.60954,16,14
1970-01-01 00:00:00.000000161,80.338875,16,15
1970-01-01 00:00:00.000000162,80.613045,16,15
1970-01-01 00:00:00.000000162,80.58457,16,16
1970-01-01 00:00:00.000000163,80.83399,16,16
1970-01-01 00:00:00.000000163,80.14253,16,17
1970-01-01 00:00:00.000000164,80.34613,16,17
1970-01-01 00:00:00.000000164,79.76336,16,18
1970-01-01 00:00:00.000000165,80.00891,16,18
1970-01-01 00:00:00.000000165,79.67022,16,19
1970-01-01 00:00:00.000000166,79.80475,16,19
1970-01-01 00:00:00.000000166,79.22148,16,20
1970-01-01 00:00:00.000000167,79.2647,16,20
1970-01-01 00:00:00.000000167,78.98191,16,21
1970-01-01 00:00:00.000000168,78.98157,16,21
1970-01-01 00:00:00.000000168,78.33986,16,22
1970-01-01 00:00:00.000000169,78.247025,16,22
1970-01-01 00:00:00.000000169,77.9605,16,23
1970-01-01 00:00:00.000000170,78.04293,16,23
1970-01-01 00:00:00.000000170,78.2257,16,24
1970-01-01 00:00:00.000000171,78.73367,16,24
1970-01-01 00:00:00.000000123,66.281586,17,10
1970-01-01 00:00:00.000000124,66.43802,17,10
1970-01-01 00:00:00.000000124,66.3442,17,11
1970-01-01 00:00:00.000000125,66.49429,17,11
1970-01-01 00:00:00.000000125,65.781456,17,12
1970-01-01 00:00:00.000000126,65.94857,17,12
1970-01-01 00:00:00.000000126,65.74358,17,13
1970-01-01 00:00:00.000000127,66.187164,17,13
1970-01-01 00:00:00.000000127,66.663635,17,14
1970-01-01 00:00:00.000000128,67.39471,17,14
1970-01-01 00:00:00.000000128,66.63394,17,15
1970-01-01 00:00:00.000000129,67.15542,17,15
1970-01-01 00:00:00.000000129,66.03118,17,16
1970-01-01 00:00:00.000000130,66.36623,17,16
1970-01-01 00:00:00.000000130,64.68185,17,17
1970-01-01 00:00:00.000000131,64.92772,17,17
1970-01-01 00:00:00.000000131,64.19588,17,18
1970-01-01 00:00:00.000000132,64.3505,17,18
1970-01-01 00:00:00.000000134,85.097565,19,10
1970-01-01 00:00:00.000000135,85.301414,19,10
1970-01-01 00:00:00.000000135,85.11303,19,11
1970-01-01 00:00:00.000000136,85.313416,19,11
1970-01-01 00:00:00.000000136,85.10639,19,12
1970-01-01 00:00:00.000000137,85.310005,19,12
1970-01-01 00:00:00.000000137,85.21108,19,13
1970-01-01 00:00:00.000000138,85.416336,19,13
1970-01-01 00:00:00.000000138,85.1518,19,14
1970-01-01 00:00:00.000000139,85.357376,19,14
1970-01-01 00:00:00.000000139,85.121925,19,15
1970-01-01 00:00:00.000000140,85.33466,19,15
1970-01-01 00:00:00.000000140,84.802,19,16
1970-01-01 00:00:00.000000141,85.0158,19,16
1970-01-01 00:00:00.000000141,84.869286,19,17
1970-01-01 00:00:00.000000142,85.05835,19,17
1970-01-01 00:00:00.000000142,85.10426,19,18
1970-01-01 00:00:00.000000143,85.25383,19,18
1970-01-01 00:00:00.000000143,85.486534,19,19
1970-01-01 00:00:00.000000144,85.67307,19,19
1970-01-01 00:00:00.000000144,85.490234,19,20
1970-01-01 00:00:00.000000145,85.530846,19,20
1970-01-01 00:00:00.000000121,70.741165,20,10
1970-01-01 00:00:00.000000122,71.10685,20,10
1970-01-01 00:00:00.000000122,70.43202,20,11
1970-01-01 00:00:00.000000123,70.75046,20,11
1970-01-01 00:00:00.000000123,70.972305,20,12
1970-01-01 00:00:00.000000124,71.25606,20,12
1970-01-01 00:00:00.000000124,71.87309,20,13
1970-01-01 00:00:00.000000125,72.13566,20,13
1970-01-01 00:00:00.000000125,71.881065,20,14
1970-01-01 00:00:00.000000126,72.12512,20,14
1970-01-01 00:00:00.000000126,71.362434,20,15
1970-01-01 00:00:00.000000127,71.5957,20,15
1970-01-01 00:00:00.000000127,71.43181,20,16
1970-01-01 00:00:00.000000128,71.65657,20,16
1970-01-01 00:00:00.000000128,71.322586,20,17
1970-01-01 00:00:00.000000129,71.54001,20,17
1970-01-01 00:00:00.000000129,71.013725,20,18
1970-01-01 00:00:00.000000130,71.34208,20,18
1970-01-01 00:00:00.000000130,72.37207,21,10
1970-01-01 00:00:00.000000131,72.70481,21,10
1970-01-01 00:00:00.000000131,73.50127,21,11
1970-01-01 00:00:00.000000132,73.82682,21,11
1970-01-01 00:00:00.000000132,74.745804,21,12
1970-01-01 00:00:00.000000133,75.081375,21,12
1970-01-01 00:00:00.000000133,75.23209,21,13
1970-01-01 00:00:00.000000134,75.55127,21,13
1970-01-01 00:00:00.000000134,74.77152,21,14
1970-01-01 00:00:00.000000135,75.09951,21,14
1970-01-01 00:00:00.000000135,74.582726,21,15
1970-01-01 00:00:00.000000136,75.19976,21,15
1970-01-01 00:00:00.000000136,74.931984,21,16
1970-01-01 00:00:00.000000137,75.203636,21,16
1970-01-01 00:00:00.000000137,75.6941,21,17
1970-01-01 00:00:00.000000138,75.61448,21,17
1970-01-01 00:00:00.000000138,75.724785,21,18
1970-01-01 00:00:00.000000139,75.55726,21,18
1970-01-01 00:00:00.000000139,75.62112,21,19
1970-01-01 00:00:00.000000140,75.4296,21,19
1970-01-01 00:00:00.000000171,58.765156,22,10
1970-01-01 00:00:00.000000172,58.851086,22,10
1970-01-01 00:00:00.000000172,58.586266,22,11
1970-01-01 00:00:00.000000173,58.63665,22,11
1970-01-01 00:00:00.000000173,57.90632,22,12
1970-01-01 00:00:00.000000174,57.88266,22,12
1970-01-01 00:00:00.000000174,58.066536,22,13
1970-01-01 00:00:00.000000175,57.839035,22,13
1970-01-01 00:00:00.000000175,57.5035,22,14
1970-01-01 00:00:00.000000176,56.705715,22,14
1970-01-01 00:00:00.000000176,57.810154,22,15
1970-01-01 00:00:00.000000177,57.56497,22,15
1970-01-01 00:00:00.000000177,55.938927,22,16
1970-01-01 00:00:00.000000178,56.32319,22,16
1970-01-01 00:00:00.000000178,55.76483,22,17
1970-01-01 00:00:00.000000179,56.336506,22,17
1970-01-01 00:00:00.000000179,56.100445,22,18
1970-01-01 00:00:00.000000180,56.584743,22,18
1970-01-01 00:00:00.000000180,55.97005,22,19
1970-01-01 00:00:00.000000181,56.31098,22,19
1970-01-01 00:00:00.000000181,55.758476,22,20
1970-01-01 00:00:00.000000182,56.013794,22,20
1970-01-01 00:00:00.000000182,55.324768,22,21
1970-01-01 00:00:00.000000183,55.398335,22,21
1970-01-01 00:00:00.000000183,54.655014,22,22
1970-01-01 00:00:00.000000184,54.57224,22,22
1970-01-01 00:00:00.000000184,54.844673,22,23
1970-01-01 00:00:00.000000185,54.977287,22,23
1970-01-01 00:00:00.000000185,54.172535,22,24
1970-01-01 00:00:00.000000186,54.30622,22,24
1970-01-01 00:00:00.000000186,53.921715,22,25
1970-01-01 00:00:00.000000187,54.159885,22,25
1970-01-01 00:00:00.000000187,56.206,22,26
1970-01-01 00:00:00.000000188,57.761147,22,26
1970-01-01 00:00:00.000000188,63.36798,22,27
1970-01-01 00:00:00.000000189,70.91407,22,27
1970-01-01 00:00:00.000000130,74.34321,23,10
1970-01-01 00:00:00.000000131,74.05135,23,10
1970-01-01 00:00:00.000000131,74.08954,23,11
1970-01-01 00:00:00.000000132,73.79119,23,11
1970-01-01 00:00:00.000000132,73.914024,23,12
1970-01-01 00:00:00.000000133,73.63043,23,12
1970-01-01 00:00:00.000000133,74.23988,23,13
1970-01-01 00:00:00.000000134,73.96277,23,13
1970-01-01 00:00:00.000000134,74.37296,23,14
1970-01-01 00:00:00.000000135,74.09843,23,14
1970-01-01 00:00:00.000000135,74.61864,23,15
1970-01-01 00:00:00.000000136,74.34849,23,15
1970-01-01 00:00:00.000000136,74.95218,23,16
1970-01-01 00:00:00.000000137,74.68923,23,16
1970-01-01 00:00:00.000000137,75.30286,23,17
1970-01-01 00:00:00.000000138,75.03316,23,17
1970-01-01 00:00:00.000000138,75.46408,23,18
1970-01-01 00:00:00.000000139,75.18608,23,18
1970-01-01 00:00:00.000000139,75.43456,23,19
1970-01-01 00:00:00.000000140,75.15048,23,19
1970-01-01 00:00:00.000000140,75.4138,23,20
1970-01-01 00:00:00.000000141,75.12989,23,20
1970-01-01 00:00:00.000000095,64.04282,25,10
1970-01-01 00:00:00.000000096,64.09482,25,10
1970-01-01 00:00:00.000000096,64.443985,25,11
1970-01-01 00:00:00.000000097,63.977257,25,11
1970-01-01 00:00:00.000000097,66.69468,25,12
1970-01-01 00:00:00.000000098,65.71357,25,12
1970-01-01 00:00:00.000000098,61.302364,25,13
1970-01-01 00:00:00.000000099,60.374424,25,13
1970-01-01 00:00:00.000000231,81.98362,26,10
1970-01-01 00:00:00.000000232,81.84086,26,10
1970-01-01 00:00:00.000000232,81.49427,26,11
1970-01-01 00:00:00.000000233,81.34598,26,11
1970-01-01 00:00:00.000000233,80.95075,26,12
1970-01-01 00:00:00.000000234,80.79831,26,12
1970-01-01 00:00:00.000000234,80.46812,26,13
1970-01-01 00:00:00.000000235,80.30667,26,13
1970-01-01 00:00:00.000000235,79.87397,26,14
1970-01-01 00:00:00.000000236,79.705956,26,14
1970-01-01 00:00:00.000000236,79.18197,26,15
1970-01-01 00:00:00.000000237,79.00718,26,15
1970-01-01 00:00:00.000000237,78.44875,26,16
1970-01-01 00:00:00.000000238,78.272415,26,16
1970-01-01 00:00:00.000000238,78.00932,26,17
1970-01-01 00:00:00.000000239,77.83706,26,17
1970-01-01 00:00:00.000000239,77.42309,26,18
1970-01-01 00:00:00.000000240,77.25461,26,18
1970-01-01 00:00:00.000000240,76.86983,26,19
1970-01-01 00:00:00.000000241,76.704414,26,19
1970-01-01 00:00:00.000000241,76.33126,26,20
1970-01-01 00:00:00.000000242,76.169586,26,20
1970-01-01 00:00:00.000000242,75.93352,26,21
1970-01-01 00:00:00.000000243,75.77471,26,21
1970-01-01 00:00:00.000000243,75.392075,26,22
1970-01-01 00:00:00.000000244,75.23851,26,22
1970-01-01 00:00:00.000000244,75.08854,26,23
1970-01-01 00:00:00.000000245,74.94177,26,23
1970-01-01 00:00:00.000000245,74.72498,26,24
1970-01-01 00:00:00.000000246,74.58607,26,24
1970-01-01 00:00:00.000000246,74.3827,26,25
1970-01-01 00:00:00.000000247,74.25535,26,25
1970-01-01 00:00:00.000000247,74.53147,26,26
1970-01-01 00:00:00.000000248,74.415,26,26
1970-01-01 00:00:00.000000248,74.57607,26,27
1970-01-01 00:00:00.000000249,75.03382,26,27
1970-01-01 00:00:00.000000249,76.423904,26,28
1970-01-01 00:00:00.000000250,77.19335,26,28
1970-01-01 00:00:00.000000250,77.85867,26,29
1970-01-01 00:00:00.000000251,78.485344,26,29
1970-01-01 00:00:00.000000251,80.64057,26,30
1970-01-01 00:00:00.000000252,81.11847,26,30
1970-01-01 00:00:00.000000252,80.27276,26,31
1970-01-01 00:00:00.000000253,79.828224,26,31
1970-01-01 00:00:00.000000253,84.61521,26,32
1970-01-01 00:00:00.000000254,83.53054,26,32
1970-01-01 00:00:00.000000254,90.6955,26,33
1970-01-01 00:00:00.000000255,91.02513,26,33
1970-01-01 00:00:00.000000255,88.85815,26,34
1970-01-01 00:00:00.000000256,89.288124,26,34
1970-01-01 00:00:00.000000256,88.324036,26,35
1970-01-01 00:00:00.000000257,88.76971,26,35
1970-01-01 00:00:00.000000257,88.27655,26,36
1970-01-01 00:00:00.000000258,88.714615,26,36
1970-01-01 00:00:00.000000258,88.17872,26,37
1970-01-01 00:00:00.000000259,88.55832,26,37
1970-01-01 00:00:00.000000181,63.821716,29,10
1970-01-01 00:00:00.000000182,64.07377,29,10
1970-01-01 00:00:00.000000182,63.93044,29,11
1970-01-01 00:00:00.000000183,64.247925,29,11
1970-01-01 00:00:00.000000183,64.71079,29,12
1970-01-01 00:00:00.000000184,65.01393,29,12
1970-01-01 00:00:00.000000184,65.12637,29,13
1970-01-01 00:00:00.000000185,65.41207,29,13
1970-01-01 00:00:00.000000185,65.54251,29,14
1970-01-01 00:00:00.000000186,65.82765,29,14
1970-01-01 00:00:00.000000186,66.46217,29,15
1970-01-01 00:00:00.000000187,66.782196,29,15
1970-01-01 00:00:00.000000187,68.4955,29,16
1970-01-01 00:00:00.000000188,68.84478,29,16
1970-01-01 00:00:00.000000188,69.17219,29,17
1970-01-01 00:00:00.000000189,69.506775,29,17
1970-01-01 00:00:00.000000189,66.52346,29,18
1970-01-01 00:00:00.000000190,66.83747,29,18
1970-01-01 00:00:00.000000190,66.789314,29,19
1970-01-01 00:00:00.000000191,67.088615,29,19
1970-01-01 00:00:00.000000191,67.535194,29,20
1970-01-01 00:00:00.000000192,67.81856,29,20
1970-01-01 00:00:00.000000192,68.32756,29,21
1970-01-01 00:00:00.000000193,68.57323,29,21
1970-01-01 00:00:00.000000193,67.76113,29,22
1970-01-01 00:00:00.000000194,67.92399,29,22
1970-01-01 00:00:00.000000194,65.75532,29,23
1970-01-01 00:00:00.000000195,65.743,29,23
1970-01-01 00:00:00.000000195,67.400795,29,24
1970-01-01 00:00:00.000000196,67.4897,29,24
1970-01-01 00:00:00.000000196,66.67766,29,25
1970-01-01 00:00:00.000000197,66.83208,29,25
1970-01-01 00:00:00.000000197,66.64559,29,26
1970-01-01 00:00:00.000000198,67.106674,29,26
1970-01-01 00:00:00.000000198,66.94508,29,27
1970-01-01 00:00:00.000000199,66.73443,29,27
1970-01-01 00:00:00.000000199,65.9383,29,28
1970-01-01 00:00:00.000000200,66.07912,29,28
1970-01-01 00:00:00.000000200,67.5722,29,29
1970-01-01 00:00:00.000000201,68.91066,29,29
1970-01-01 00:00:00.000000092,36.38758,40,10
1970-01-01 00:00:00.000000093,34.62387,40,10
1970-01-01 00:00:00.000000093,36.78001,40,11
1970-01-01 00:00:00.000000094,35.181515,40,11
1970-01-01 00:00:00.000000094,38.228195,40,12
1970-01-01 00:00:00.000000095,36.788536,40,12
1970-01-01 00:00:00.000000095,38.31098,40,13
1970-01-01 00:00:00.000000096,37.047764,40,13
1970-01-01 00:00:00.000000092,37.25286,42,10
1970-01-01 00:00:00.000000093,35.417187,42,10
1970-01-01 00:00:00.000000093,36.908463,42,11
1970-01-01 00:00:00.000000094,34.55225,42,11
1970-01-01 00:00:00.000000094,34.06015,42,12
1970-01-01 00:00:00.000000095,31.800915,42,12
1970-01-01 00:00:00.000000095,33.618004,42,13
1970-01-01 00:00:00.000000096,33.113323,42,13
1970-01-01 00:00:00.000000156,60.945576,45,10
1970-01-01 00:00:00.000000157,60.89685,45,10
1970-01-01 00:00:00.000000157,60.949512,45,11
1970-01-01 00:00:00.000000158,60.896877,45,11
1970-01-01 00:00:00.000000158,60.816463,45,12
1970-01-01 00:00:00.000000159,60.76063,45,12
1970-01-01 00:00:00.000000159,60.701763,45,13
1970-01-01 00:00:00.000000160,60.65042,45,13
1970-01-01 00:00:00.000000160,60.821587,45,14
1970-01-01 00:00:00.000000161,60.769028,45,14
1970-01-01 00:00:00.000000161,60.821484,45,15
1970-01-01 00:00:00.000000162,60.775463,45,15
1970-01-01 00:00:00.000000162,60.79213,45,16
1970-01-01 00:00:00.000000163,60.74962,45,16
1970-01-01 00:00:00.000000163,60.62305,45,17
1970-01-01 00:00:00.000000164,60.589413,45,17
1970-01-01 00:00:00.000000164,61.078743,45,18
1970-01-01 00:00:00.000000165,61.046185,45,18
1970-01-01 00:00:00.000000165,61.04061,45,19
1970-01-01 00:00:00.000000166,61.004692,45,19
1970-01-01 00:00:00.000000166,60.722527,45,20
1970-01-01 00:00:00.000000167,60.682793,45,20
1970-01-01 00:00:00.000000167,60.7118,45,21
1970-01-01 00:00:00.000000168,60.664017,45,21
1970-01-01 00:00:00.000000168,60.743065,45,22
1970-01-01 00:00:00.000000169,60.699425,45,22
1970-01-01 00:00:00.000000169,60.990307,45,23
1970-01-01 00:00:00.000000170,60.945965,45,23
1970-01-01 00:00:00.000000170,61.058716,45,24
1970-01-01 00:00:00.000000171,61.037,45,24
1970-01-01 00:00:00.000000116,56.206024,46,10
1970-01-01 00:00:00.000000117,56.897625,46,10
1970-01-01 00:00:00.000000117,56.82022,46,11
1970-01-01 00:00:00.000000118,57.489815,46,11
1970-01-01 00:00:00.000000118,57.782288,46,12
1970-01-01 00:00:00.000000119,58.569504,46,12
1970-01-01 00:00:00.000000119,58.065987,46,13
1970-01-01 00:00:00.000000120,58.799206,46,13
1970-01-01 00:00:00.000000120,59.272198,46,14
1970-01-01 00:00:00.000000121,59.96852,46,14
1970-01-01 00:00:00.000000121,59.571312,46,15
1970-01-01 00:00:00.000000122,60.276463,46,15
1970-01-01 00:00:00.000000122,60.440388,46,16
1970-01-01 00:00:00.000000123,61.177727,46,16
1970-01-01 00:00:00.000000123,61.19859,46,17
1970-01-01 00:00:00.000000124,61.900024,46,17
1970-01-01 00:00:00.000000243,39.440273,53,10
1970-01-01 00:00:00.000000244,39.44661,53,10
1970-01-01 00:00:00.000000244,40.008064,53,11
1970-01-01 00:00:00.000000245,39.73415,53,11
1970-01-01 00:00:00.000000245,40.81803,53,12
1970-01-01 00:00:00.000000246,40.25762,53,12
1970-01-01 00:00:00.000000246,42.29957,53,13
1970-01-01 00:00:00.000000247,41.961437,53,13
1970-01-01 00:00:00.000000247,42.917824,53,14
1970-01-01 00:00:00.000000248,43.050587,53,14
1970-01-01 00:00:00.000000248,41.655586,53,15
1970-01-01 00:00:00.000000249,41.841312,53,15
1970-01-01 00:00:00.000000249,40.554855,53,16
1970-01-01 00:00:00.000000250,40.74288,53,16
1970-01-01 00:00:00.000000250,40.719925,53,17
1970-01-01 00:00:00.000000251,40.929646,53,17
1970-01-01 00:00:00.000000251,41.209785,53,18
1970-01-01 00:00:00.000000252,41.447918,53,18
1970-01-01 00:00:00.000000252,41.59159,53,19
1970-01-01 00:00:00.000000253,41.80517,53,19
1970-01-01 00:00:00.000000253,41.328415,53,20
1970-01-01 00:00:00.000000254,42.03996,53,20
1970-01-01 00:00:00.000000254,41.996338,53,21
1970-01-01 00:00:00.000000255,43.7822,53,21
1970-01-01 00:00:00.000000255,44.39664,53,22
1970-01-01 00:00:00.000000256,45.331635,53,22
1970-01-01 00:00:00.000000256,45.88632,53,23
1970-01-01 00:00:00.000000257,46.244724,53,23
1970-01-01 00:00:00.000000257,46.567913,53,24
1970-01-01 00:00:00.000000258,46.61783,53,24
1970-01-01 00:00:00.000000258,46.86665,53,25
1970-01-01 00:00:00.000000259,46.224308,53,25
1970-01-01 00:00:00.000000259,43.97175,53,26
1970-01-01 00:00:00.000000260,43.093094,53,26
1970-01-01 00:00:00.000000260,42.354847,53,27
1970-01-01 00:00:00.000000261,42.09859,53,27
1970-01-01 00:00:00.000000261,41.969856,53,28
1970-01-01 00:00:00.000000262,41.50491,53,28
1970-01-01 00:00:00.000000262,41.13145,53,29
1970-01-01 00:00:00.000000263,40.62232,53,29
1970-01-01 00:00:00.000000263,40.894753,53,30
1970-01-01 00:00:00.000000264,40.616566,53,30
1970-01-01 00:00:00.000000264,41.80857,53,31
1970-01-01 00:00:00.000000265,41.91712,53,31
1970-01-01 00:00:00.000000265,40.734,53,32
1970-01-01 00:00:00.000000266,40.889336,53,32
1970-01-01 00:00:00.000000266,39.488617,53,33
1970-01-01 00:00:00.000000267,39.58854,53,33
1970-01-01 00:00:00.000000267,38.974712,53,34
1970-01-01 00:00:00.000000268,39.035023,53,34
1970-01-01 00:00:00.000000268,37.728867,53,35
1970-01-01 00:00:00.000000269,37.777897,53,35
1970-01-01 00:00:00.000000269,36.726727,53,36
1970-01-01 00:00:00.000000270,36.76935,53,36
1970-01-01 00:00:00.000000270,36.203613,53,37
1970-01-01 00:00:00.000000271,36.296967,53,37
1970-01-01 00:00:00.000000271,36.655067,53,38
1970-01-01 00:00:00.000000272,36.878994,53,38
1970-01-01 00:00:00.000000272,37.139366,53,39
1970-01-01 00:00:00.000000273,37.627182,53,39
1970-01-01 00:00:00.000000273,39.815086,53,40
1970-01-01 00:00:00.000000274,41.232258,53,40
1970-01-01 00:00:00.000000097,65.13927,54,10
1970-01-01 00:00:00.000000098,65.37198,54,10
1970-01-01 00:00:00.000000098,65.59706,54,11
1970-01-01 00:00:00.000000099,65.8014,54,11
1970-01-01 00:00:00.000000099,66.1916,54,12
1970-01-01 00:00:00.000000100,66.37998,54,12
1970-01-01 00:00:00.000000100,66.9395,54,13
1970-01-01 00:00:00.000000101,67.09571,54,13
1970-01-01 00:00:00.000000101,67.56794,54,14
1970-01-01 00:00:00.000000102,67.695404,54,14
1970-01-01 00:00:00.000000277,17.639912,60,10
1970-01-01 00:00:00.000000278,17.740578,60,10
1970-01-01 00:00:00.000000278,18.939217,60,11
1970-01-01 00:00:00.000000279,20.094536,60,11
1970-01-01 00:00:00.000000279,23.220207,60,12
1970-01-01 00:00:00.000000280,26.072649,60,12
1970-01-01 00:00:00.000000280,26.920872,60,13
1970-01-01 00:00:00.000000281,29.013819,60,13
1970-01-01 00:00:00.000000281,29.35423,60,14
1970-01-01 00:00:00.000000282,30.819695,60,14
1970-01-01 00:00:00.000000282,30.44939,60,15
1970-01-01 00:00:00.000000283,31.174587,60,15
1970-01-01 00:00:00.000000283,26.192564,60,16
1970-01-01 00:00:00.000000284,25.62228,60,16
1970-01-01 00:00:00.000000284,25.099396,60,17
1970-01-01 00:00:00.000000285,24.995743,60,17
1970-01-01 00:00:00.000000285,24.122528,60,18
1970-01-01 00:00:00.000000286,23.84824,60,18
1970-01-01 00:00:00.000000286,24.027853,60,19
1970-01-01 00:00:00.000000287,23.565224,60,19
1970-01-01 00:00:00.000000287,24.37174,60,20
1970-01-01 00:00:00.000000288,24.073704,60,20
1970-01-01 00:00:00.000000288,24.123049,60,21
1970-01-01 00:00:00.000000289,24.100891,60,21
1970-01-01 00:00:00.000000289,24.112906,60,22
1970-01-01 00:00:00.000000290,24.09298,60,22
1970-01-01 00:00:00.000000290,23.336706,60,23
1970-01-01 00:00:00.000000291,23.244137,60,23
1970-01-01 00:00:00.000000291,22.844913,60,24
1970-01-01 00:00:00.000000292,22.747818,60,24
1970-01-01 00:00:00.000000292,21.580795,60,25
1970-01-01 00:00:00.000000293,21.43581,60,25
1970-01-01 00:00:00.000000293,20.378265,60,26
1970-01-01 00:00:00.000000294,20.235401,60,26
1970-01-01 00:00:00.000000294,20.32739,60,27
1970-01-01 00:00:00.000000295,20.211224,60,27
1970-01-01 00:00:00.000000295,19.629498,60,28
1970-01-01 00:00:00.000000296,19.459394,60,28
1970-01-01 00:00:00.000000296,18.344397,60,29
1970-01-01 00:00:00.000000297,18.162905,60,29
1970-01-01 00:00:00.000000297,17.966562,60,30
1970-01-01 00:00:00.000000298,17.859934,60,30
1970-01-01 00:00:00.000000298,18.071634,60,31
1970-01-01 00:00:00.000000299,18.05606,60,31
1970-01-01 00:00:00.000000299,19.57415,60,32
1970-01-01 00:00:00.000000300,20.19309,60,32
1970-01-01 00:00:00.000000300,22.293606,60,33
1970-01-01 00:00:00.000000301,24.47511,60,33
1970-01-01 00:00:00.000000301,27.013575,60,34
1970-01-01 00:00:00.000000302,29.432621,60,34
1970-01-01 00:00:00.000000302,29.566568,60,35
1970-01-01 00:00:00.000000303,31.2406,60,35
1970-01-01 00:00:00.000000303,30.688877,60,36
1970-01-01 00:00:00.000000304,31.879211,60,36
1970-01-01 00:00:00.000000304,28.892488,60,37
1970-01-01 00:00:00.000000305,28.640947,60,37
1970-01-01 00:00:00.000000305,24.38961,60,38
1970-01-01 00:00:00.000000306,23.95688,60,38
1970-01-01 00:00:00.000000306,23.685055,60,39
1970-01-01 00:00:00.000000307,23.580458,60,39
1970-01-01 00:00:00.000000307,22.887531,60,40
1970-01-01 00:00:00.000000308,22.592293,60,40
1970-01-01 00:00:00.000000308,22.86004,60,41
1970-01-01 00:00:00.000000309,22.59677,60,41
1970-01-01 00:00:00.000000309,23.79584,60,42
1970-01-01 00:00:00.000000310,23.729973,60,42
1970-01-01 00:00:00.000000310,21.640825,60,43
1970-01-01 00:00:00.000000311,21.610598,60,43
1970-01-01 00:00:00.000000311,19.521742,60,44
1970-01-01 00:00:00.000000312,19.492968,60,44
1970-01-01 00:00:00.000000312,19.446602,60,45
1970-01-01 00:00:00.000000313,19.561798,60,45
1970-01-01 00:00:00.000000313,18.732418,60,46
1970-01-01 00:00:00.000000314,18.931534,60,46
1970-01-01 00:00:00.000000102,82.0311,61,10
1970-01-01 00:00:00.000000103,82.35567,61,10
1970-01-01 00:00:00.000000103,82.62189,61,11
1970-01-01 00:00:00.000000104,82.94475,61,11
1970-01-01 00:00:00.000000104,82.698135,61,12
1970-01-01 00:00:00.000000105,83.019035,61,12
1970-01-01 00:00:00.000000105,82.48958,61,13
1970-01-01 00:00:00.000000106,82.80637,61,13
1970-01-01 00:00:00.000000106,82.41918,61,14
1970-01-01 00:00:00.000000107,82.758835,61,14
1970-01-01 00:00:00.000000107,82.52883,61,15
1970-01-01 00:00:00.000000108,82.86426,61,15
1970-01-01 00:00:00.000000125,49.502758,62,10
1970-01-01 00:00:00.000000126,48.265846,62,10
1970-01-01 00:00:00.000000126,46.708176,62,11
1970-01-01 00:00:00.000000127,45.638783,62,11
1970-01-01 00:00:00.000000127,45.83806,62,12
1970-01-01 00:00:00.000000128,45.806946,62,12
1970-01-01 00:00:00.000000128,45.40924,62,13
1970-01-01 00:00:00.000000129,45.569637,62,13
1970-01-01 00:00:00.000000129,45.37107,62,14
1970-01-01 00:00:00.000000130,45.743385,62,14
1970-01-01 00:00:00.000000130,44.911316,62,15
1970-01-01 00:00:00.000000131,45.357277,62,15
1970-01-01 00:00:00.000000131,44.874435,62,16
1970-01-01 00:00:00.000000132,45.336403,62,16
1970-01-01 00:00:00.000000132,45.11755,62,17
1970-01-01 00:00:00.000000133,45.63566,62,17
1970-01-01 00:00:00.000000133,45.661083,62,18
1970-01-01 00:00:00.000000134,46.24782,62,18
1970-01-01 00:00:00.000000134,46.4242,62,19
1970-01-01 00:00:00.000000135,47.062958,62,19
1970-01-01 00:00:00.000000292,53.153072,63,10
1970-01-01 00:00:00.000000293,53.48848,63,10
1970-01-01 00:00:00.000000293,52.81645,63,11
1970-01-01 00:00:00.000000294,53.208088,63,11
1970-01-01 00:00:00.000000294,52.696445,63,12
1970-01-01 00:00:00.000000295,53.189053,63,12
1970-01-01 00:00:00.000000295,53.23937,63,13
1970-01-01 00:00:00.000000296,53.755646,63,13
1970-01-01 00:00:00.000000296,54.33058,63,14
1970-01-01 00:00:00.000000297,54.75613,63,14
1970-01-01 00:00:00.000000297,55.07391,63,15
1970-01-01 00:00:00.000000298,55.401936,63,15
1970-01-01 00:00:00.000000298,55.520348,63,16
1970-01-01 00:00:00.000000299,55.73796,63,16
1970-01-01 00:00:00.000000299,55.85954,63,17
1970-01-01 00:00:00.000000300,56.27948,63,17
1970-01-01 00:00:00.000000300,56.380253,63,18
1970-01-01 00:00:00.000000301,56.15853,63,18
1970-01-01 00:00:00.000000301,55.08782,63,19
1970-01-01 00:00:00.000000302,53.678093,63,19
1970-01-01 00:00:00.000000302,54.44742,63,20
1970-01-01 00:00:00.000000303,52.595318,63,20
1970-01-01 00:00:00.000000303,53.17801,63,21
1970-01-01 00:00:00.000000304,51.21212,63,21
1970-01-01 00:00:00.000000304,50.540104,63,22
1970-01-01 00:00:00.000000305,48.341354,63,22
1970-01-01 00:00:00.000000305,47.53373,63,23
1970-01-01 00:00:00.000000306,45.28055,63,23
1970-01-01 00:00:00.000000306,45.424828,63,24
1970-01-01 00:00:00.000000307,44.380592,63,24
1970-01-01 00:00:00.000000307,43.27247,63,25
1970-01-01 00:00:00.000000308,43.265877,63,25
1970-01-01 00:00:00.000000308,43.11534,63,26
1970-01-01 00:00:00.000000309,43.604034,63,26
1970-01-01 00:00:00.000000309,43.829914,63,27
1970-01-01 00:00:00.000000310,44.90657,63,27
1970-01-01 00:00:00.000000310,44.599514,63,28
1970-01-01 00:00:00.000000311,45.967827,63,28
1970-01-01 00:00:00.000000311,45.25563,63,29
1970-01-01 00:00:00.000000312,46.438282,63,29
1970-01-01 00:00:00.000000312,46.273518,63,30
1970-01-01 00:00:00.000000313,47.348083,63,30
1970-01-01 00:00:00.000000313,48.20676,63,31
1970-01-01 00:00:00.000000314,49.2403,63,31
1970-01-01 00:00:00.000000314,50.399498,63,32
1970-01-01 00:00:00.000000315,52.007946,63,32
1970-01-01 00:00:00.000000315,51.485195,63,33
1970-01-01 00:00:00.000000316,51.861958,63,33
1970-01-01 00:00:00.000000316,50.999336,63,34
1970-01-01 00:00:00.000000317,49.576675,63,34
1970-01-01 00:00:00.000000317,47.76441,63,35
1970-01-01 00:00:00.000000318,45.603683,63,35
1970-01-01 00:00:00.000000318,45.505943,63,36
1970-01-01 00:00:00.000000319,43.48183,63,36
1970-01-01 00:00:00.000000319,42.78257,63,37
1970-01-01 00:00:00.000000320,42.38998,63,37
1970-01-01 00:00:00.000000320,42.721283,63,38
1970-01-01 00:00:00.000000321,42.80445,63,38
1970-01-01 00:00:00.000000321,43.426453,63,39
1970-01-01 00:00:00.000000322,43.957737,63,39
1970-01-01 00:00:00.000000322,43.912712,63,40
1970-01-01 00:00:00.000000323,44.92128,63,40
1970-01-01 00:00:00.000000323,44.658028,63,41
1970-01-01 00:00:00.000000324,45.769176,63,41
1970-01-01 00:00:00.000000324,45.450756,63,42
1970-01-01 00:00:00.000000325,46.293198,63,42
1970-01-01 00:00:00.000000325,46.481983,63,43
1970-01-01 00:00:00.000000326,47.11617,63,43
1970-01-01 00:00:00.000000326,47.065098,63,44
1970-01-01 00:00:00.000000327,47.579006,63,44
1970-01-01 00:00:00.000000327,48.00111,63,45
1970-01-01 00:00:00.000000328,48.48188,63,45
1970-01-01 00:00:00.000000328,49.32579,63,46
1970-01-01 00:00:00.000000329,50.23711,63,46
1970-01-01 00:00:00.000000329,51.088036,63,47
1970-01-01 00:00:00.000000330,51.927254,63,47
1970-01-01 00:00:00.000000330,51.85229,63,48
1970-01-01 00:00:00.000000331,51.097145,63,48
1970-01-01 00:00:00.000000156,42.28834,64,10
1970-01-01 00:00:00.000000157,42.68839,64,10
1970-01-01 00:00:00.000000157,42.9522,64,11
1970-01-01 00:00:00.000000158,43.364357,64,11
1970-01-01 00:00:00.000000158,43.862057,64,12
1970-01-01 00:00:00.000000159,44.28397,64,12
1970-01-01 00:00:00.000000159,45.04138,64,13
1970-01-01 00:00:00.000000160,45.46536,64,13
1970-01-01 00:00:00.000000160,45.754597,64,14
1970-01-01 00:00:00.000000161,46.17488,64,14
1970-01-01 00:00:00.000000161,46.09962,64,15
1970-01-01 00:00:00.000000162,46.479183,64,15
1970-01-01 00:00:00.000000162,46.775528,64,16
1970-01-01 00:00:00.000000163,47.137383,64,16
1970-01-01 00:00:00.000000163,46.578903,64,17
1970-01-01 00:00:00.000000164,46.92,64,17
1970-01-01 00:00:00.000000164,45.806698,64,18
1970-01-01 00:00:00.000000165,46.07925,64,18
1970-01-01 00:00:00.000000165,45.69965,64,19
1970-01-01 00:00:00.000000166,45.95345,64,19
1970-01-01 00:00:00.000000166,45.520905,64,20
1970-01-01 00:00:00.000000167,45.784946,64,20
1970-01-01 00:00:00.000000167,45.380234,64,21
1970-01-01 00:00:00.000000168,45.677307,64,21
1970-01-01 00:00:00.000000168,45.759365,64,22
1970-01-01 00:00:00.000000169,46.06997,64,22
1970-01-01 00:00:00.000000169,46.13648,64,23
1970-01-01 00:00:00.000000170,46.472263,64,23
1970-01-01 00:00:00.000000170,46.515556,64,24
1970-01-01 00:00:00.000000171,46.78486,64,24
1970-01-01 00:00:00.000000225,24.232449,65,10
1970-01-01 00:00:00.000000226,24.553495,65,10
1970-01-01 00:00:00.000000226,24.281263,65,11
1970-01-01 00:00:00.000000227,24.614716,65,11
1970-01-01 00:00:00.000000227,24.72983,65,12
1970-01-01 00:00:00.000000228,25.05298,65,12
1970-01-01 00:00:00.000000228,24.779352,65,13
1970-01-01 00:00:00.000000229,25.093533,65,13
1970-01-01 00:00:00.000000229,25.411255,65,14
1970-01-01 00:00:00.000000230,25.748165,65,14
1970-01-01 00:00:00.000000230,25.77671,65,15
1970-01-01 00:00:00.000000231,26.106972,65,15
1970-01-01 00:00:00.000000231,25.866089,65,16
1970-01-01 00:00:00.000000232,26.181736,65,16
1970-01-01 00:00:00.000000232,26.556253,65,17
1970-01-01 00:00:00.000000233,26.877518,65,17
1970-01-01 00:00:00.000000233,26.26144,65,18
1970-01-01 00:00:00.000000234,26.538994,65,18
1970-01-01 00:00:00.000000234,26.17403,65,19
1970-01-01 00:00:00.000000235,26.457876,65,19
1970-01-01 00:00:00.000000235,26.280375,65,20
1970-01-01 00:00:00.000000236,26.617075,65,20
1970-01-01 00:00:00.000000236,26.20262,65,21
1970-01-01 00:00:00.000000237,26.449135,65,21
1970-01-01 00:00:00.000000237,26.14901,65,22
1970-01-01 00:00:00.000000238,26.39948,65,22
1970-01-01 00:00:00.000000238,26.12714,65,23
1970-01-01 00:00:00.000000239,26.392239,65,23
1970-01-01 00:00:00.000000239,26.531326,65,24
1970-01-01 00:00:00.000000240,26.809923,65,24
1970-01-01 00:00:00.000000240,26.21845,65,25
1970-01-01 00:00:00.000000241,26.499367,65,25
1970-01-01 00:00:00.000000241,26.352177,65,26
1970-01-01 00:00:00.000000242,26.623043,65,26
1970-01-01 00:00:00.000000242,25.94119,65,27
1970-01-01 00:00:00.000000243,26.193672,65,27
1970-01-01 00:00:00.000000243,26.328604,65,28
1970-01-01 00:00:00.000000244,26.576267,65,28
1970-01-01 00:00:00.000000244,26.619345,65,29
1970-01-01 00:00:00.000000245,26.847588,65,29
1970-01-01 00:00:00.000000245,26.447182,65,30
1970-01-01 00:00:00.000000246,26.654766,65,30
1970-01-01 00:00:00.000000246,26.249777,65,31
1970-01-01 00:00:00.000000247,26.414701,65,31
1970-01-01 00:00:00.000000247,25.82187,65,32
1970-01-01 00:00:00.000000248,25.91444,65,32
1970-01-01 00:00:00.000000248,25.458563,65,33
1970-01-01 00:00:00.000000249,25.497957,65,33
1970-01-01 00:00:00.000000249,25.241001,65,34
1970-01-01 00:00:00.000000250,25.321783,65,34
1970-01-01 00:00:00.000000250,25.88133,65,35
1970-01-01 00:00:00.000000251,25.956789,65,35
1970-01-01 00:00:00.000000251,25.511547,65,36
1970-01-01 00:00:00.000000252,25.593191,65,36
1970-01-01 00:00:00.000000083,77.50242,66,10
1970-01-01 00:00:00.000000084,77.021675,66,10
1970-01-01 00:00:00.000000084,76.75906,66,11
1970-01-01 00:00:00.000000085,76.54208,66,11
1970-01-01 00:00:00.000000124,85.68976,67,10
1970-01-01 00:00:00.000000125,86.11026,67,10
1970-01-01 00:00:00.000000125,84.53926,67,11
1970-01-01 00:00:00.000000126,84.99089,67,11
1970-01-01 00:00:00.000000126,87.03756,67,12
1970-01-01 00:00:00.000000127,87.307526,67,12
1970-01-01 00:00:00.000000127,87.7471,67,13
1970-01-01 00:00:00.000000128,87.83226,67,13
1970-01-01 00:00:00.000000128,87.3982,67,14
1970-01-01 00:00:00.000000129,87.43039,67,14
1970-01-01 00:00:00.000000129,86.353516,67,15
1970-01-01 00:00:00.000000130,86.40733,67,15
1970-01-01 00:00:00.000000130,85.50763,67,16
1970-01-01 00:00:00.000000131,85.631294,67,16
1970-01-01 00:00:00.000000131,85.5538,67,17
1970-01-01 00:00:00.000000132,85.84836,67,17
1970-01-01 00:00:00.000000132,86.060616,67,18
1970-01-01 00:00:00.000000133,86.477264,67,18
1970-01-01 00:00:00.000000176,46.023453,69,10
1970-01-01 00:00:00.000000177,45.49469,69,10
1970-01-01 00:00:00.000000177,47.962624,69,11
1970-01-01 00:00:00.000000178,47.42702,69,11
1970-01-01 00:00:00.000000178,50.128708,69,12
1970-01-01 00:00:00.000000179,49.83074,69,12
1970-01-01 00:00:00.000000179,51.125687,69,13
1970-01-01 00:00:00.000000180,50.94455,69,13
1970-01-01 00:00:00.000000180,47.114754,69,14
1970-01-01 00:00:00.000000181,45.57299,69,14
1970-01-01 00:00:00.000000181,43.14564,69,15
1970-01-01 00:00:00.000000182,42.65078,69,15
1970-01-01 00:00:00.000000182,42.562103,69,16
1970-01-01 00:00:00.000000183,42.052505,69,16
1970-01-01 00:00:00.000000183,40.727516,69,17
1970-01-01 00:00:00.000000184,40.184486,69,17
1970-01-01 00:00:00.000000184,39.386093,69,18
1970-01-01 00:00:00.000000185,39.019623,69,18
1970-01-01 00:00:00.000000185,38.749977,69,19
1970-01-01 00:00:00.000000186,38.86895,69,19
1970-01-01 00:00:00.000000186,37.572437,69,20
1970-01-01 00:00:00.000000187,37.84976,69,20
1970-01-01 00:00:00.000000187,38.2675,69,21
1970-01-01 00:00:00.000000188,39.122257,69,21
1970-01-01 00:00:00.000000188,40.0512,69,22
1970-01-01 00:00:00.000000189,41.875275,69,22
1970-01-01 00:00:00.000000189,41.865364,69,23
1970-01-01 00:00:00.000000190,42.67319,69,23
1970-01-01 00:00:00.000000190,43.72675,69,24
1970-01-01 00:00:00.000000191,44.040638,69,24
1970-01-01 00:00:00.000000191,46.21387,69,25
1970-01-01 00:00:00.000000192,46.258083,69,25
1970-01-01 00:00:00.000000192,47.794086,69,26
1970-01-01 00:00:00.000000193,47.298122,69,26
1970-01-01 00:00:00.000000193,49.285,69,27
1970-01-01 00:00:00.000000194,48.69347,69,27
1970-01-01 00:00:00.000000194,50.748913,69,28
1970-01-01 00:00:00.000000195,50.34759,69,28
1970-01-01 00:00:00.000000226,58.953304,70,10
1970-01-01 00:00:00.000000227,59.33996,70,10
1970-01-01 00:00:00.000000227,58.542862,70,11
1970-01-01 00:00:00.000000228,58.928402,70,11
1970-01-01 00:00:00.000000228,58.025307,70,12
1970-01-01 00:00:00.000000229,58.41372,70,12
1970-01-01 00:00:00.000000229,57.802273,70,13
1970-01-01 00:00:00.000000230,58.18854,70,13
1970-01-01 00:00:00.000000230,57.93194,70,14
1970-01-01 00:00:00.000000231,58.315147,70,14
1970-01-01 00:00:00.000000231,57.865173,70,15
1970-01-01 00:00:00.000000232,58.24244,70,15
1970-01-01 00:00:00.000000232,58.018383,70,16
1970-01-01 00:00:00.000000233,58.369976,70,16
1970-01-01 00:00:00.000000233,57.374268,70,17
1970-01-01 00:00:00.000000234,57.6823,70,17
1970-01-01 00:00:00.000000234,57.253067,70,18
1970-01-01 00:00:00.000000235,57.527138,70,18
1970-01-01 00:00:00.000000235,56.895638,70,19
1970-01-01 00:00:00.000000236,57.205353,70,19
1970-01-01 00:00:00.000000236,57.492714,70,20
1970-01-01 00:00:00.000000237,57.849052,70,20
1970-01-01 00:00:00.000000237,57.673084,70,21
1970-01-01 00:00:00.000000238,58.051434,70,21
1970-01-01 00:00:00.000000238,57.873135,70,22
1970-01-01 00:00:00.000000239,58.25833,70,22
1970-01-01 00:00:00.000000239,57.86412,70,23
1970-01-01 00:00:00.000000240,58.242645,70,23
1970-01-01 00:00:00.000000240,57.90295,70,24
1970-01-01 00:00:00.000000241,58.276226,70,24
1970-01-01 00:00:00.000000241,58.13067,70,25
1970-01-01 00:00:00.000000242,58.497055,70,25
1970-01-01 00:00:00.000000242,58.448437,70,26
1970-01-01 00:00:00.000000243,58.81026,70,26
1970-01-01 00:00:00.000000243,58.232845,70,27
1970-01-01 00:00:00.000000244,58.577923,70,27
1970-01-01 00:00:00.000000244,58.06477,70,28
1970-01-01 00:00:00.000000245,58.373104,70,28
1970-01-01 00:00:00.000000245,58.001938,70,29
1970-01-01 00:00:00.000000246,58.297253,70,29
1970-01-01 00:00:00.000000246,57.821205,70,30
1970-01-01 00:00:00.000000247,58.129986,70,30
1970-01-01 00:00:00.000000247,57.790417,70,31
1970-01-01 00:00:00.000000248,58.126987,70,31
1970-01-01 00:00:00.000000248,57.635746,70,32
1970-01-01 00:00:00.000000249,57.980938,70,32
1970-01-01 00:00:00.000000249,57.427326,70,33
1970-01-01 00:00:00.000000250,57.743774,70,33
1970-01-01 00:00:00.000000250,57.35846,70,34
1970-01-01 00:00:00.000000251,57.663578,70,34
1970-01-01 00:00:00.000000251,57.312927,70,35
1970-01-01 00:00:00.000000252,57.643963,70,35
1970-01-01 00:00:00.000000252,57.255318,70,36
1970-01-01 00:00:00.000000253,57.549076,70,36
1970-01-01 00:00:00.000000253,56.97382,70,37
1970-01-01 00:00:00.000000254,57.207138,70,37
1970-01-01 00:00:00.000000226,16.515165,71,10
1970-01-01 00:00:00.000000227,16.333937,71,10
1970-01-01 00:00:00.000000227,15.403645,71,11
1970-01-01 00:00:00.000000228,14.436484,71,11
1970-01-01 00:00:00.000000228,15.553442,71,12
1970-01-01 00:00:00.000000229,14.94446,71,12
1970-01-01 00:00:00.000000229,16.121088,71,13
1970-01-01 00:00:00.000000230,16.016329,71,13
1970-01-01 00:00:00.000000230,16.358084,71,14
1970-01-01 00:00:00.000000231,16.291946,71,14
1970-01-01 00:00:00.000000231,16.756535,71,15
1970-01-01 00:00:00.000000232,16.395458,71,15
1970-01-01 00:00:00.000000232,16.536343,71,16
1970-01-01 00:00:00.000000233,15.946842,71,16
1970-01-01 00:00:00.000000233,16.858162,71,17
1970-01-01 00:00:00.000000234,16.418743,71,17
1970-01-01 00:00:00.000000234,15.293373,71,18
1970-01-01 00:00:00.000000235,15.045419,71,18
1970-01-01 00:00:00.000000235,16.194336,71,19
1970-01-01 00:00:00.000000236,16.229353,71,19
1970-01-01 00:00:00.000000236,17.952896,71,20
1970-01-01 00:00:00.000000237,18.766218,71,20
1970-01-01 00:00:00.000000237,17.72303,71,21
1970-01-01 00:00:00.000000238,20.232473,71,21
1970-01-01 00:00:00.000000238,20.94351,71,22
1970-01-01 00:00:00.000000239,23.359379,71,22
1970-01-01 00:00:00.000000239,21.301485,71,23
1970-01-01 00:00:00.000000240,22.838263,71,23
1970-01-01 00:00:00.000000240,20.526316,71,24
1970-01-01 00:00:00.000000241,21.458536,71,24
1970-01-01 00:00:00.000000241,24.139893,71,25
1970-01-01 00:00:00.000000242,24.362526,71,25
1970-01-01 00:00:00.000000242,20.277733,71,26
1970-01-01 00:00:00.000000243,20.068819,71,26
1970-01-01 00:00:00.000000243,23.834995,71,27
1970-01-01 00:00:00.000000244,24.334084,71,27
1970-01-01 00:00:00.000000244,24.8208,71,28
1970-01-01 00:00:00.000000245,26.094675,71,28
1970-01-01 00:00:00.000000245,26.35538,71,29
1970-01-01 00:00:00.000000246,27.425472,71,29
1970-01-01 00:00:00.000000246,26.630598,71,30
1970-01-01 00:00:00.000000247,27.552204,71,30
1970-01-01 00:00:00.000000247,29.62022,71,31
1970-01-01 00:00:00.000000248,30.475782,71,31
1970-01-01 00:00:00.000000248,32.11074,71,32
1970-01-01 00:00:00.000000249,32.888462,71,32
1970-01-01 00:00:00.000000249,37.542404,71,33
1970-01-01 00:00:00.000000250,38.255043,71,33
1970-01-01 00:00:00.000000250,44.300804,71,34
1970-01-01 00:00:00.000000251,44.826317,71,34
1970-01-01 00:00:00.000000251,50.684887,71,35
1970-01-01 00:00:00.000000252,50.995007,71,35
1970-01-01 00:00:00.000000252,53.21712,71,36
1970-01-01 00:00:00.000000253,53.28685,71,36
1970-01-01 00:00:00.000000320,55.821674,72,10
1970-01-01 00:00:00.000000321,56.28587,72,10
1970-01-01 00:00:00.000000321,57.055073,72,11
1970-01-01 00:00:00.000000322,57.53299,72,11
1970-01-01 00:00:00.000000322,58.193775,72,12
1970-01-01 00:00:00.000000323,58.73567,72,12
1970-01-01 00:00:00.000000323,59.974194,72,13
1970-01-01 00:00:00.000000324,60.790005,72,13
1970-01-01 00:00:00.000000324,61.093475,72,14
1970-01-01 00:00:00.000000325,61.575687,72,14
1970-01-01 00:00:00.000000325,60.90539,72,15
1970-01-01 00:00:00.000000326,60.01828,72,15
1970-01-01 00:00:00.000000326,58.986694,72,16
1970-01-01 00:00:00.000000327,58.197865,72,16
1970-01-01 00:00:00.000000327,57.09827,72,17
1970-01-01 00:00:00.000000328,57.145756,72,17
1970-01-01 00:00:00.000000328,56.141514,72,18
1970-01-01 00:00:00.000000329,56.347137,72,18
1970-01-01 00:00:00.000000329,55.752815,72,19
1970-01-01 00:00:00.000000330,56.032654,72,19
1970-01-01 00:00:00.000000330,55.832188,72,20
1970-01-01 00:00:00.000000331,56.203094,72,20
1970-01-01 00:00:00.000000331,55.91573,72,21
1970-01-01 00:00:00.000000332,56.257095,72,21
1970-01-01 00:00:00.000000332,56.569054,72,22
1970-01-01 00:00:00.000000333,56.96308,72,22
1970-01-01 00:00:00.000000333,57.367603,72,23
1970-01-01 00:00:00.000000334,57.828045,72,23
1970-01-01 00:00:00.000000334,58.194027,72,24
1970-01-01 00:00:00.000000335,58.814583,72,24
1970-01-01 00:00:00.000000335,60.35216,72,25
1970-01-01 00:00:00.000000336,61.45491,72,25
1970-01-01 00:00:00.000000336,61.33205,72,26
1970-01-01 00:00:00.000000337,61.742836,72,26
1970-01-01 00:00:00.000000337,60.922977,72,27
1970-01-01 00:00:00.000000338,59.122158,72,27
1970-01-01 00:00:00.000000338,57.403076,72,28
1970-01-01 00:00:00.000000339,56.34207,72,28
1970-01-01 00:00:00.000000339,55.876343,72,29
1970-01-01 00:00:00.000000340,56.02192,72,29
1970-01-01 00:00:00.000000340,55.51339,72,30
1970-01-01 00:00:00.000000341,55.758686,72,30
1970-01-01 00:00:00.000000341,55.479156,72,31
1970-01-01 00:00:00.000000342,55.99945,72,31
1970-01-01 00:00:00.000000342,55.913708,72,32
1970-01-01 00:00:00.000000343,56.474365,72,32
1970-01-01 00:00:00.000000343,56.25663,72,33
1970-01-01 00:00:00.000000344,56.59604,72,33
1970-01-01 00:00:00.000000344,56.06238,72,34
1970-01-01 00:00:00.000000345,56.062023,72,34
1970-01-01 00:00:00.000000345,55.291367,72,35
1970-01-01 00:00:00.000000346,54.41014,72,35
1970-01-01 00:00:00.000000346,55.81791,72,36
1970-01-01 00:00:00.000000347,55.035267,72,36
1970-01-01 00:00:00.000000347,56.674404,72,37
1970-01-01 00:00:00.000000348,57.446198,72,37
1970-01-01 00:00:00.000000348,56.728477,72,38
1970-01-01 00:00:00.000000349,57.69551,72,38
1970-01-01 00:00:00.000000349,56.186512,72,39
1970-01-01 00:00:00.000000350,56.501255,72,39
1970-01-01 00:00:00.000000350,56.517235,72,40
1970-01-01 00:00:00.000000351,56.03779,72,40
1970-01-01 00:00:00.000000351,55.65683,72,41
1970-01-01 00:00:00.000000352,54.349476,72,41
1970-01-01 00:00:00.000000352,52.48875,72,42
1970-01-01 00:00:00.000000353,51.78305,72,42
1970-01-01 00:00:00.000000353,51.746254,72,43
1970-01-01 00:00:00.000000354,51.623898,72,43
1970-01-01 00:00:00.000000354,51.94614,72,44
1970-01-01 00:00:00.000000355,53.905735,72,44
1970-01-01 00:00:00.000000355,63.52492,72,45
1970-01-01 00:00:00.000000356,76.290924,72,45
1970-01-01 00:00:00.000000356,70.36445,72,46
1970-01-01 00:00:00.000000357,86.0337,72,46
1970-01-01 00:00:00.000000357,66.287056,72,47
1970-01-01 00:00:00.000000358,75.74064,72,47
1970-01-01 00:00:00.000000358,58.251774,72,48
1970-01-01 00:00:00.000000359,60.176537,72,48
1970-01-01 00:00:00.000000359,53.184036,72,49
1970-01-01 00:00:00.000000360,52.71539,72,49
1970-01-01 00:00:00.000000360,49.80851,72,50
1970-01-01 00:00:00.000000361,49.68005,72,50
1970-01-01 00:00:00.000000361,52.517345,72,51
1970-01-01 00:00:00.000000362,52.76498,72,51
1970-01-01 00:00:00.000000362,52.54036,72,52
1970-01-01 00:00:00.000000363,52.53742,72,52
1970-01-01 00:00:00.000000363,54.05628,72,53
1970-01-01 00:00:00.000000364,54.055042,72,53
1970-01-01 00:00:00.000000219,65.511505,73,10
1970-01-01 00:00:00.000000220,65.209816,73,10
1970-01-01 00:00:00.000000220,66.28391,73,11
1970-01-01 00:00:00.000000221,67.253204,73,11
1970-01-01 00:00:00.000000221,65.372284,73,12
1970-01-01 00:00:00.000000222,66.09631,73,12
1970-01-01 00:00:00.000000222,66.711075,73,13
1970-01-01 00:00:00.000000223,67.139,73,13
1970-01-01 00:00:00.000000223,67.91155,73,14
1970-01-01 00:00:00.000000224,68.63118,73,14
1970-01-01 00:00:00.000000224,68.02989,73,15
1970-01-01 00:00:00.000000225,68.48629,73,15
1970-01-01 00:00:00.000000225,65.603455,73,16
1970-01-01 00:00:00.000000226,65.807816,73,16
1970-01-01 00:00:00.000000226,65.455154,73,17
1970-01-01 00:00:00.000000227,66.763306,73,17
1970-01-01 00:00:00.000000227,65.89518,73,18
1970-01-01 00:00:00.000000228,66.74182,73,18
1970-01-01 00:00:00.000000228,65.54071,73,19
1970-01-01 00:00:00.000000229,65.585396,73,19
1970-01-01 00:00:00.000000229,65.389015,73,20
1970-01-01 00:00:00.000000230,65.17208,73,20
1970-01-01 00:00:00.000000230,64.78157,73,21
1970-01-01 00:00:00.000000231,64.72931,73,21
1970-01-01 00:00:00.000000231,63.237705,73,22
1970-01-01 00:00:00.000000232,63.23548,73,22
1970-01-01 00:00:00.000000232,63.92358,73,23
1970-01-01 00:00:00.000000233,65.241684,73,23
1970-01-01 00:00:00.000000233,64.20966,73,24
1970-01-01 00:00:00.000000234,64.8561,73,24
1970-01-01 00:00:00.000000234,66.73025,73,25
1970-01-01 00:00:00.000000235,67.644356,73,25
1970-01-01 00:00:00.000000235,67.27239,73,26
1970-01-01 00:00:00.000000236,68.018845,73,26
1970-01-01 00:00:00.000000236,66.91968,73,27
1970-01-01 00:00:00.000000237,67.37392,73,27
1970-01-01 00:00:00.000000237,69.592415,73,28
1970-01-01 00:00:00.000000238,70.19989,73,28
1970-01-01 00:00:00.000000238,72.339836,73,29
1970-01-01 00:00:00.000000239,72.886246,73,29
1970-01-01 00:00:00.000000239,74.632324,73,30
1970-01-01 00:00:00.000000240,75.144516,73,30
1970-01-01 00:00:00.000000240,75.58673,73,31
1970-01-01 00:00:00.000000241,75.62663,73,31
1970-01-01 00:00:00.000000241,73.89828,73,32
1970-01-01 00:00:00.000000242,73.32503,73,32
1970-01-01 00:00:00.000000242,74.20022,73,33
1970-01-01 00:00:00.000000243,74.68788,73,33
1970-01-01 00:00:00.000000243,75.32722,73,34
1970-01-01 00:00:00.000000244,75.97983,73,34
1970-01-01 00:00:00.000000244,76.79529,73,35
1970-01-01 00:00:00.000000245,77.18025,73,35
1970-01-01 00:00:00.000000116,74.67657,74,10
1970-01-01 00:00:00.000000117,75.29592,74,10
1970-01-01 00:00:00.000000117,74.890015,74,11
1970-01-01 00:00:00.000000118,75.34138,74,11
1970-01-01 00:00:00.000000118,75.32874,74,12
1970-01-01 00:00:00.000000119,75.68199,74,12
1970-01-01 00:00:00.000000119,76.0774,74,13
1970-01-01 00:00:00.000000120,76.462,74,13
1970-01-01 00:00:00.000000120,76.327576,74,14
1970-01-01 00:00:00.000000121,76.70072,74,14
1970-01-01 00:00:00.000000121,77.32174,74,15
1970-01-01 00:00:00.000000122,77.669235,74,15
1970-01-01 00:00:00.000000122,78.41949,74,16
1970-01-01 00:00:00.000000123,78.744125,74,16
1970-01-01 00:00:00.000000123,79.20588,74,17
1970-01-01 00:00:00.000000124,79.52511,74,17
1970-01-01 00:00:00.000000129,67.03395,76,10
1970-01-01 00:00:00.000000130,67.14783,76,10
1970-01-01 00:00:00.000000130,66.94814,76,11
1970-01-01 00:00:00.000000131,67.08687,76,11
1970-01-01 00:00:00.000000131,67.28466,76,12
1970-01-01 00:00:00.000000132,67.444244,76,12
1970-01-01 00:00:00.000000132,67.23168,76,13
1970-01-01 00:00:00.000000133,67.408844,76,13
1970-01-01 00:00:00.000000133,67.31902,76,14
1970-01-01 00:00:00.000000134,67.50873,76,14
1970-01-01 00:00:00.000000134,67.36565,76,15
1970-01-01 00:00:00.000000135,67.56392,76,15
1970-01-01 00:00:00.000000135,67.435265,76,16
1970-01-01 00:00:00.000000136,67.6441,76,16
1970-01-01 00:00:00.000000136,67.51396,76,17
1970-01-01 00:00:00.000000137,67.72748,76,17
1970-01-01 00:00:00.000000137,67.68167,76,18
1970-01-01 00:00:00.000000138,67.90446,76,18
1970-01-01 00:00:00.000000138,67.541306,76,19
1970-01-01 00:00:00.000000139,67.76948,76,19
1970-01-01 00:00:00.000000151,55.590874,77,10
1970-01-01 00:00:00.000000152,56.134563,77,10
1970-01-01 00:00:00.000000152,56.507755,77,11
1970-01-01 00:00:00.000000153,57.04019,77,11
1970-01-01 00:00:00.000000153,57.493633,77,12
1970-01-01 00:00:00.000000154,58.01308,77,12
1970-01-01 00:00:00.000000154,58.525387,77,13
1970-01-01 00:00:00.000000155,59.03371,77,13
1970-01-01 00:00:00.000000155,59.57658,77,14
1970-01-01 00:00:00.000000156,60.07563,77,14
1970-01-01 00:00:00.000000156,60.287903,77,15
1970-01-01 00:00:00.000000157,60.779335,77,15
1970-01-01 00:00:00.000000157,60.919556,77,16
1970-01-01 00:00:00.000000158,61.404137,77,16
1970-01-01 00:00:00.000000158,61.46982,77,17
1970-01-01 00:00:00.000000159,61.948704,77,17
1970-01-01 00:00:00.000000159,61.926903,77,18
1970-01-01 00:00:00.000000160,62.402084,77,18
1970-01-01 00:00:00.000000160,62.761417,77,19
1970-01-01 00:00:00.000000161,63.23271,77,19
1970-01-01 00:00:00.000000161,63.63768,77,20
1970-01-01 00:00:00.000000162,64.105194,77,20
1970-01-01 00:00:00.000000162,64.501564,77,21
1970-01-01 00:00:00.000000163,64.96463,77,21
1970-01-01 00:00:00.000000163,65.604546,77,22
1970-01-01 00:00:00.000000164,66.06111,77,22
1970-01-01 00:00:00.000000164,66.52746,77,23
1970-01-01 00:00:00.000000165,66.97721,77,23
1970-01-01 00:00:00.000000098,95.42331,78,10
1970-01-01 00:00:00.000000099,96.29945,78,10
1970-01-01 00:00:00.000000099,94.0964,78,11
1970-01-01 00:00:00.000000100,88.960236,78,11
1970-01-01 00:00:00.000000100,85.723595,78,12
1970-01-01 00:00:00.000000101,73.899254,78,12
1970-01-01 00:00:00.000000101,86.73567,78,13
1970-01-01 00:00:00.000000102,75.25484,78,13
1970-01-01 00:00:00.000000102,91.723724,78,14
1970-01-01 00:00:00.000000103,83.84127,78,14
1970-01-01 00:00:00.000000275,61.141834,79,10
1970-01-01 00:00:00.000000276,61.36823,79,10
1970-01-01 00:00:00.000000276,60.78684,79,11
1970-01-01 00:00:00.000000277,60.986275,79,11
1970-01-01 00:00:00.000000277,60.84728,79,12
1970-01-01 00:00:00.000000278,61.004738,79,12
1970-01-01 00:00:00.000000278,60.86933,79,13
1970-01-01 00:00:00.000000279,61.01251,79,13
1970-01-01 00:00:00.000000279,60.66725,79,14
1970-01-01 00:00:00.000000280,60.78376,79,14
1970-01-01 00:00:00.000000280,60.89237,79,15
1970-01-01 00:00:00.000000281,60.99514,79,15
1970-01-01 00:00:00.000000281,60.682434,79,16
1970-01-01 00:00:00.000000282,60.767,79,16
1970-01-01 00:00:00.000000282,60.63227,79,17
1970-01-01 00:00:00.000000283,60.684956,79,17
1970-01-01 00:00:00.000000283,60.775562,79,18
1970-01-01 00:00:00.000000284,60.839878,79,18
1970-01-01 00:00:00.000000284,60.522038,79,19
1970-01-01 00:00:00.000000285,60.568203,79,19
1970-01-01 00:00:00.000000285,60.316677,79,20
1970-01-01 00:00:00.000000286,60.3501,79,20
1970-01-01 00:00:00.000000286,59.898636,79,21
1970-01-01 00:00:00.000000287,59.911316,79,21
1970-01-01 00:00:00.000000287,59.28694,79,22
1970-01-01 00:00:00.000000288,59.27129,79,22
1970-01-01 00:00:00.000000288,58.606037,79,23
1970-01-01 00:00:00.000000289,58.558002,79,23
1970-01-01 00:00:00.000000289,58.40607,79,24
1970-01-01 00:00:00.000000290,58.34767,79,24
1970-01-01 00:00:00.000000290,57.64004,79,25
1970-01-01 00:00:00.000000291,57.586445,79,25
1970-01-01 00:00:00.000000291,57.415386,79,26
1970-01-01 00:00:00.000000292,57.355354,79,26
1970-01-01 00:00:00.000000292,56.69252,79,27
1970-01-01 00:00:00.000000293,56.620316,79,27
1970-01-01 00:00:00.000000293,56.308006,79,28
1970-01-01 00:00:00.000000294,56.22613,79,28
1970-01-01 00:00:00.000000294,55.79509,79,29
1970-01-01 00:00:00.000000295,55.69157,79,29
1970-01-01 00:00:00.000000295,55.29151,79,30
1970-01-01 00:00:00.000000296,55.182537,79,30
1970-01-01 00:00:00.000000296,54.536182,79,31
1970-01-01 00:00:00.000000297,54.46083,79,31
1970-01-01 00:00:00.000000297,53.997486,79,32
1970-01-01 00:00:00.000000298,53.9346,79,32
1970-01-01 00:00:00.000000298,53.536755,79,33
1970-01-01 00:00:00.000000299,53.47837,79,33
1970-01-01 00:00:00.000000299,53.499523,79,34
1970-01-01 00:00:00.000000300,53.529957,79,34
1970-01-01 00:00:00.000000300,55.379887,79,35
1970-01-01 00:00:00.000000301,55.905,79,35
1970-01-01 00:00:00.000000301,59.400417,79,36
1970-01-01 00:00:00.000000302,60.962303,79,36
1970-01-01 00:00:00.000000302,63.143074,79,37
1970-01-01 00:00:00.000000303,64.36691,79,37
1970-01-01 00:00:00.000000303,60.548138,79,38
1970-01-01 00:00:00.000000304,60.08654,79,38
1970-01-01 00:00:00.000000304,58.460632,79,39
1970-01-01 00:00:00.000000305,58.30968,79,39
1970-01-01 00:00:00.000000305,58.337215,79,40
1970-01-01 00:00:00.000000306,58.291954,79,40
1970-01-01 00:00:00.000000306,57.80093,79,41
1970-01-01 00:00:00.000000307,57.13481,79,41
1970-01-01 00:00:00.000000307,58.44373,79,42
1970-01-01 00:00:00.000000308,57.79657,79,42
1970-01-01 00:00:00.000000308,58.922367,79,43
1970-01-01 00:00:00.000000309,58.62202,79,43
1970-01-01 00:00:00.000000309,58.289425,79,44
1970-01-01 00:00:00.000000310,58.14764,79,44
1970-01-01 00:00:00.000000310,57.658203,79,45
1970-01-01 00:00:00.000000311,57.50873,79,45
1970-01-01 00:00:00.000000148,55.437366,80,10
1970-01-01 00:00:00.000000149,55.720436,80,10
1970-01-01 00:00:00.000000149,54.94213,80,11
1970-01-01 00:00:00.000000150,54.993652,80,11
1970-01-01 00:00:00.000000150,54.769238,80,12
1970-01-01 00:00:00.000000151,54.755596,80,12
1970-01-01 00:00:00.000000151,54.177216,80,13
1970-01-01 00:00:00.000000152,54.30694,80,13
1970-01-01 00:00:00.000000152,53.89029,80,14
1970-01-01 00:00:00.000000153,53.96365,80,14
1970-01-01 00:00:00.000000153,53.26979,80,15
1970-01-01 00:00:00.000000154,53.576546,80,15
1970-01-01 00:00:00.000000154,52.909874,80,16
1970-01-01 00:00:00.000000155,53.598606,80,16
1970-01-01 00:00:00.000000155,53.81411,80,17
1970-01-01 00:00:00.000000156,54.469784,80,17
1970-01-01 00:00:00.000000156,54.65061,80,18
1970-01-01 00:00:00.000000157,55.414017,80,18
1970-01-01 00:00:00.000000157,84.2242,80,19
1970-01-01 00:00:00.000000158,85.314156,80,19
1970-01-01 00:00:00.000000158,93.731735,80,20
1970-01-01 00:00:00.000000159,88.011765,80,20
1970-01-01 00:00:00.000000159,89.53668,80,21
1970-01-01 00:00:00.000000160,80.537384,80,21
1970-01-01 00:00:00.000000160,91.64593,80,22
1970-01-01 00:00:00.000000161,84.340965,80,22
1970-01-01 00:00:00.000000161,91.962685,80,23
1970-01-01 00:00:00.000000162,84.86701,80,23
1970-01-01 00:00:00.000000125,45.066143,81,10
1970-01-01 00:00:00.000000126,45.42787,81,10
1970-01-01 00:00:00.000000126,44.647118,81,11
1970-01-01 00:00:00.000000127,44.81095,81,11
1970-01-01 00:00:00.000000127,42.428288,81,12
1970-01-01 00:00:00.000000128,42.88313,81,12
1970-01-01 00:00:00.000000128,43.288414,81,13
1970-01-01 00:00:00.000000129,43.753548,81,13
1970-01-01 00:00:00.000000129,43.736366,81,14
1970-01-01 00:00:00.000000130,44.165756,81,14
1970-01-01 00:00:00.000000130,43.491344,81,15
1970-01-01 00:00:00.000000131,43.90457,81,15
1970-01-01 00:00:00.000000131,44.102333,81,16
1970-01-01 00:00:00.000000132,44.560795,81,16
1970-01-01 00:00:00.000000132,48.128166,81,17
1970-01-01 00:00:00.000000133,52.225445,81,17
1970-01-01 00:00:00.000000133,55.10949,81,18
1970-01-01 00:00:00.000000134,64.76091,81,18
1970-01-01 00:00:00.000000134,63.85848,81,19
1970-01-01 00:00:00.000000135,78.023384,81,19
1970-01-01 00:00:00.000000318,51.103455,83,10
1970-01-01 00:00:00.000000319,51.70026,83,10
1970-01-01 00:00:00.000000319,51.61561,83,11
1970-01-01 00:00:00.000000320,52.200336,83,11
1970-01-01 00:00:00.000000320,51.745224,83,12
1970-01-01 00:00:00.000000321,52.31428,83,12
1970-01-01 00:00:00.000000321,51.71795,83,13
1970-01-01 00:00:00.000000322,52.270996,83,13
1970-01-01 00:00:00.000000322,51.945343,83,14
1970-01-01 00:00:00.000000323,52.48254,83,14
1970-01-01 00:00:00.000000323,51.81113,83,15
1970-01-01 00:00:00.000000324,52.335922,83,15
1970-01-01 00:00:00.000000324,51.94685,83,16
1970-01-01 00:00:00.000000325,52.46416,83,16
1970-01-01 00:00:00.000000325,52.314766,83,17
1970-01-01 00:00:00.000000326,52.828106,83,17
1970-01-01 00:00:00.000000326,52.51692,83,18
1970-01-01 00:00:00.000000327,53.02108,83,18
1970-01-01 00:00:00.000000327,52.816246,83,19
1970-01-01 00:00:00.000000328,53.309345,83,19
1970-01-01 00:00:00.000000328,53.056965,83,20
1970-01-01 00:00:00.000000329,53.540783,83,20
1970-01-01 00:00:00.000000329,53.24601,83,21
1970-01-01 00:00:00.000000330,53.714706,83,21
1970-01-01 00:00:00.000000330,52.9519,83,22
1970-01-01 00:00:00.000000331,53.40547,83,22
1970-01-01 00:00:00.000000331,52.443035,83,23
1970-01-01 00:00:00.000000332,52.894978,83,23
1970-01-01 00:00:00.000000332,52.69783,83,24
1970-01-01 00:00:00.000000333,53.148205,83,24
1970-01-01 00:00:00.000000333,52.652317,83,25
1970-01-01 00:00:00.000000334,53.09821,83,25
1970-01-01 00:00:00.000000334,52.18243,83,26
1970-01-01 00:00:00.000000335,52.622902,83,26
1970-01-01 00:00:00.000000335,51.654205,83,27
1970-01-01 00:00:00.000000336,52.094006,83,27
1970-01-01 00:00:00.000000336,51.530632,83,28
1970-01-01 00:00:00.000000337,51.98756,83,28
1970-01-01 00:00:00.000000337,51.76285,83,29
1970-01-01 00:00:00.000000338,52.22784,83,29
1970-01-01 00:00:00.000000338,51.614964,83,30
1970-01-01 00:00:00.000000339,52.08984,83,30
1970-01-01 00:00:00.000000339,51.536583,83,31
1970-01-01 00:00:00.000000340,52.02435,83,31
1970-01-01 00:00:00.000000340,51.768185,83,32
1970-01-01 00:00:00.000000341,52.25724,83,32
1970-01-01 00:00:00.000000341,51.708565,83,33
1970-01-01 00:00:00.000000342,52.20154,83,33
1970-01-01 00:00:00.000000342,51.996613,83,34
1970-01-01 00:00:00.000000343,52.493015,83,34
1970-01-01 00:00:00.000000343,52.17414,83,35
1970-01-01 00:00:00.000000344,52.669735,83,35
1970-01-01 00:00:00.000000344,52.266945,83,36
1970-01-01 00:00:00.000000345,52.758266,83,36
1970-01-01 00:00:00.000000345,52.226597,83,37
1970-01-01 00:00:00.000000346,52.711742,83,37
1970-01-01 00:00:00.000000346,52.600998,83,38
1970-01-01 00:00:00.000000347,53.08114,83,38
1970-01-01 00:00:00.000000347,52.367565,83,39
1970-01-01 00:00:00.000000348,52.841454,83,39
1970-01-01 00:00:00.000000348,52.627033,83,40
1970-01-01 00:00:00.000000349,53.097286,83,40
1970-01-01 00:00:00.000000349,52.83568,83,41
1970-01-01 00:00:00.000000350,53.30087,83,41
1970-01-01 00:00:00.000000350,53.155663,83,42
1970-01-01 00:00:00.000000351,53.61561,83,42
1970-01-01 00:00:00.000000351,53.242645,83,43
1970-01-01 00:00:00.000000352,53.69627,83,43
1970-01-01 00:00:00.000000352,53.66148,83,44
1970-01-01 00:00:00.000000353,54.10745,83,44
1970-01-01 00:00:00.000000353,53.742477,83,45
1970-01-01 00:00:00.000000354,54.177296,83,45
1970-01-01 00:00:00.000000354,54.012226,83,46
1970-01-01 00:00:00.000000355,54.43798,83,46
1970-01-01 00:00:00.000000355,53.93179,83,47
1970-01-01 00:00:00.000000356,54.344513,83,47
1970-01-01 00:00:00.000000356,53.984264,83,48
1970-01-01 00:00:00.000000357,54.385777,83,48
1970-01-01 00:00:00.000000357,53.82012,83,49
1970-01-01 00:00:00.000000358,54.207928,83,49
1970-01-01 00:00:00.000000358,53.653015,83,50
1970-01-01 00:00:00.000000359,54.030144,83,50
1970-01-01 00:00:00.000000359,52.975513,83,51
1970-01-01 00:00:00.000000360,53.350933,83,51
1970-01-01 00:00:00.000000360,52.960922,83,52
1970-01-01 00:00:00.000000361,53.351562,83,52
1970-01-01 00:00:00.000000361,53.148113,83,53
1970-01-01 00:00:00.000000362,53.553944,83,53
1970-01-01 00:00:00.000000110,74.651276,84,10
1970-01-01 00:00:00.000000111,74.89657,84,10
1970-01-01 00:00:00.000000111,74.79854,84,11
1970-01-01 00:00:00.000000112,75.04129,84,11
1970-01-01 00:00:00.000000112,74.913826,84,12
1970-01-01 00:00:00.000000113,75.153786,84,12
1970-01-01 00:00:00.000000113,74.82914,84,13
1970-01-01 00:00:00.000000114,75.074875,84,13
1970-01-01 00:00:00.000000114,75.08578,84,14
1970-01-01 00:00:00.000000115,75.33469,84,14
1970-01-01 00:00:00.000000115,75.30194,84,15
1970-01-01 00:00:00.000000116,75.54597,84,15
1970-01-01 00:00:00.000000116,75.27389,84,16
1970-01-01 00:00:00.000000117,75.51345,84,16
1970-01-01 00:00:00.000000118,70.82982,85,10
1970-01-01 00:00:00.000000119,71.11816,85,10
1970-01-01 00:00:00.000000119,70.55511,85,11
1970-01-01 00:00:00.000000120,70.854004,85,11
1970-01-01 00:00:00.000000120,70.4594,85,12
1970-01-01 00:00:00.000000121,70.78275,85,12
1970-01-01 00:00:00.000000121,70.55796,85,13
1970-01-01 00:00:00.000000122,70.89002,85,13
1970-01-01 00:00:00.000000122,70.81797,85,14
1970-01-01 00:00:00.000000123,71.13342,85,14
1970-01-01 00:00:00.000000123,71.24615,85,15
1970-01-01 00:00:00.000000124,71.54664,85,15
1970-01-01 00:00:00.000000124,71.63542,85,16
1970-01-01 00:00:00.000000125,71.928246,85,16
1970-01-01 00:00:00.000000125,71.894516,85,17
1970-01-01 00:00:00.000000126,72.2261,85,17
1970-01-01 00:00:00.000000215,53.78632,86,10
1970-01-01 00:00:00.000000216,53.302666,86,10
1970-01-01 00:00:00.000000216,54.143055,86,11
1970-01-01 00:00:00.000000217,53.694473,86,11
1970-01-01 00:00:00.000000217,52.31395,86,12
1970-01-01 00:00:00.000000218,51.732277,86,12
1970-01-01 00:00:00.000000218,51.52333,86,13
1970-01-01 00:00:00.000000219,50.73056,86,13
1970-01-01 00:00:00.000000219,51.168446,86,14
1970-01-01 00:00:00.000000220,50.556763,86,14
1970-01-01 00:00:00.000000220,50.688835,86,15
1970-01-01 00:00:00.000000221,50.409016,86,15
1970-01-01 00:00:00.000000221,50.85992,86,16
1970-01-01 00:00:00.000000222,51.64517,86,16
1970-01-01 00:00:00.000000222,51.07483,86,17
1970-01-01 00:00:00.000000223,53.310307,86,17
1970-01-01 00:00:00.000000223,51.959328,86,18
1970-01-01 00:00:00.000000224,53.650383,86,18
1970-01-01 00:00:00.000000224,51.78522,86,19
1970-01-01 00:00:00.000000225,52.562366,86,19
1970-01-01 00:00:00.000000225,51.86511,86,20
1970-01-01 00:00:00.000000226,52.159565,86,20
1970-01-01 00:00:00.000000226,51.70577,86,21
1970-01-01 00:00:00.000000227,51.57727,86,21
1970-01-01 00:00:00.000000227,50.359135,86,22
1970-01-01 00:00:00.000000228,49.916435,86,22
1970-01-01 00:00:00.000000228,48.483727,86,23
1970-01-01 00:00:00.000000229,47.639175,86,23
1970-01-01 00:00:00.000000229,47.652172,86,24
1970-01-01 00:00:00.000000230,46.73933,86,24
1970-01-01 00:00:00.000000230,47.850582,86,25
1970-01-01 00:00:00.000000231,47.1769,86,25
1970-01-01 00:00:00.000000231,50.466526,86,26
1970-01-01 00:00:00.000000232,50.278393,86,26
1970-01-01 00:00:00.000000232,48.49469,86,27
1970-01-01 00:00:00.000000233,48.65564,86,27
1970-01-01 00:00:00.000000233,46.3649,86,28
1970-01-01 00:00:00.000000234,48.47556,86,28
1970-01-01 00:00:00.000000234,47.967117,86,29
1970-01-01 00:00:00.000000235,50.010014,86,29
1970-01-01 00:00:00.000000235,48.68465,86,30
1970-01-01 00:00:00.000000236,50.051067,86,30
1970-01-01 00:00:00.000000236,48.37055,86,31
1970-01-01 00:00:00.000000237,49.130585,86,31
1970-01-01 00:00:00.000000237,49.58072,86,32
1970-01-01 00:00:00.000000238,49.9635,86,32
1970-01-01 00:00:00.000000238,48.748856,86,33
1970-01-01 00:00:00.000000239,48.798588,86,33
1970-01-01 00:00:00.000000239,53.81615,86,34
1970-01-01 00:00:00.000000240,59.222237,86,34
1970-01-01 00:00:00.000000385,82.51004,87,10
1970-01-01 00:00:00.000000386,82.77871,87,10
1970-01-01 00:00:00.000000386,82.43213,87,11
1970-01-01 00:00:00.000000387,82.70306,87,11
1970-01-01 00:00:00.000000387,82.56532,87,12
1970-01-01 00:00:00.000000388,82.843216,87,12
1970-01-01 00:00:00.000000388,82.31462,87,13
1970-01-01 00:00:00.000000389,82.590576,87,13
1970-01-01 00:00:00.000000389,82.01091,87,14
1970-01-01 00:00:00.000000390,82.28183,87,14
1970-01-01 00:00:00.000000390,81.91589,87,15
1970-01-01 00:00:00.000000391,82.19571,87,15
1970-01-01 00:00:00.000000391,81.6512,87,16
1970-01-01 00:00:00.000000392,81.925385,87,16
1970-01-01 00:00:00.000000392,81.82208,87,17
1970-01-01 00:00:00.000000393,82.09184,87,17
1970-01-01 00:00:00.000000393,82.326256,87,18
1970-01-01 00:00:00.000000394,82.59321,87,18
1970-01-01 00:00:00.000000394,82.36039,87,19
1970-01-01 00:00:00.000000395,82.63266,87,19
1970-01-01 00:00:00.000000395,81.95426,87,20
1970-01-01 00:00:00.000000396,82.223976,87,20
1970-01-01 00:00:00.000000396,81.82454,87,21
1970-01-01 00:00:00.000000397,82.09551,87,21
1970-01-01 00:00:00.000000397,81.38371,87,22
1970-01-01 00:00:00.000000398,81.674965,87,22
1970-01-01 00:00:00.000000398,81.41687,87,23
1970-01-01 00:00:00.000000399,81.793335,87,23
1970-01-01 00:00:00.000000399,81.60553,87,24
1970-01-01 00:00:00.000000400,82.02996,87,24
1970-01-01 00:00:00.000000400,81.52578,87,25
1970-01-01 00:00:00.000000401,81.869125,87,25
1970-01-01 00:00:00.000000401,81.71865,87,26
1970-01-01 00:00:00.000000402,82.02656,87,26
1970-01-01 00:00:00.000000402,83.11941,87,27
1970-01-01 00:00:00.000000403,83.46247,87,27
1970-01-01 00:00:00.000000403,83.27538,87,28
1970-01-01 00:00:00.000000404,83.60335,87,28
1970-01-01 00:00:00.000000404,82.50583,87,29
1970-01-01 00:00:00.000000405,82.82832,87,29
1970-01-01 00:00:00.000000405,82.65431,87,30
1970-01-01 00:00:00.000000406,82.9513,87,30
1970-01-01 00:00:00.000000406,83.200836,87,31
1970-01-01 00:00:00.000000407,83.43919,87,31
1970-01-01 00:00:00.000000407,83.56883,87,32
1970-01-01 00:00:00.000000408,83.80548,87,32
1970-01-01 00:00:00.000000408,83.552,87,33
1970-01-01 00:00:00.000000409,83.77907,87,33
1970-01-01 00:00:00.000000409,83.81103,87,34
1970-01-01 00:00:00.000000410,84.02804,87,34
1970-01-01 00:00:00.000000410,83.69022,87,35
1970-01-01 00:00:00.000000411,83.65743,87,35
1970-01-01 00:00:00.000000411,82.74983,87,36
1970-01-01 00:00:00.000000412,82.70874,87,36
1970-01-01 00:00:00.000000412,81.83995,87,37
1970-01-01 00:00:00.000000413,81.96983,87,37
1970-01-01 00:00:00.000000413,81.34,87,38
1970-01-01 00:00:00.000000414,81.86416,87,38
1970-01-01 00:00:00.000000414,80.68247,87,39
1970-01-01 00:00:00.000000415,81.08757,87,39
1970-01-01 00:00:00.000000415,80.913956,87,40
1970-01-01 00:00:00.000000416,81.09237,87,40
1970-01-01 00:00:00.000000416,81.753876,87,41
1970-01-01 00:00:00.000000417,81.87519,87,41
1970-01-01 00:00:00.000000417,82.85661,87,42
1970-01-01 00:00:00.000000418,83.02284,87,42
1970-01-01 00:00:00.000000418,83.61,87,43
1970-01-01 00:00:00.000000419,83.86621,87,43
1970-01-01 00:00:00.000000419,84.079124,87,44
1970-01-01 00:00:00.000000420,84.3547,87,44
1970-01-01 00:00:00.000000420,84.46446,87,45
1970-01-01 00:00:00.000000421,84.729485,87,45
1970-01-01 00:00:00.000000421,84.749405,87,46
1970-01-01 00:00:00.000000422,85.007545,87,46
1970-01-01 00:00:00.000000422,85.05488,87,47
1970-01-01 00:00:00.000000423,85.3192,87,47
1970-01-01 00:00:00.000000423,84.768585,87,48
1970-01-01 00:00:00.000000424,84.66847,87,48
1970-01-01 00:00:00.000000424,83.60122,87,49
1970-01-01 00:00:00.000000425,83.19479,87,49
1970-01-01 00:00:00.000000425,83.25131,87,50
1970-01-01 00:00:00.000000426,83.43968,87,50
1970-01-01 00:00:00.000000426,82.96586,87,51
1970-01-01 00:00:00.000000427,83.18684,87,51
1970-01-01 00:00:00.000000427,81.2146,87,52
1970-01-01 00:00:00.000000428,81.796974,87,52
1970-01-01 00:00:00.000000428,80.57224,87,53
1970-01-01 00:00:00.000000429,80.870094,87,53
1970-01-01 00:00:00.000000429,80.679276,87,54
1970-01-01 00:00:00.000000430,80.923195,87,54
1970-01-01 00:00:00.000000430,82.19079,87,55
1970-01-01 00:00:00.000000431,82.40632,87,55
1970-01-01 00:00:00.000000431,83.591354,87,56
1970-01-01 00:00:00.000000432,83.84104,87,56
1970-01-01 00:00:00.000000432,84.27821,87,57
1970-01-01 00:00:00.000000433,84.571236,87,57
1970-01-01 00:00:00.000000433,83.748566,87,58
1970-01-01 00:00:00.000000434,84.133514,87,58
1970-01-01 00:00:00.000000434,82.81688,87,59
1970-01-01 00:00:00.000000435,83.3949,87,59
1970-01-01 00:00:00.000000435,81.78204,87,60
1970-01-01 00:00:00.000000436,82.666275,87,60
1970-01-01 00:00:00.000000436,84.604385,87,61
1970-01-01 00:00:00.000000437,85.25011,87,61
1970-01-01 00:00:00.000000437,87.01965,87,62
1970-01-01 00:00:00.000000438,87.28166,87,62
1970-01-01 00:00:00.000000438,87.63761,87,63
1970-01-01 00:00:00.000000439,87.66934,87,63
1970-01-01 00:00:00.000000439,87.07241,87,64
1970-01-01 00:00:00.000000440,86.997086,87,64
1970-01-01 00:00:00.000000440,85.844765,87,65
1970-01-01 00:00:00.000000441,85.9979,87,65
1970-01-01 00:00:00.000000355,72.97343,88,10
1970-01-01 00:00:00.000000356,73.28275,88,10
1970-01-01 00:00:00.000000356,73.3096,88,11
1970-01-01 00:00:00.000000357,73.607376,88,11
1970-01-01 00:00:00.000000357,73.47935,88,12
1970-01-01 00:00:00.000000358,73.76528,88,12
1970-01-01 00:00:00.000000358,73.64997,88,13
1970-01-01 00:00:00.000000359,73.926125,88,13
1970-01-01 00:00:00.000000359,73.67139,88,14
1970-01-01 00:00:00.000000360,73.93897,88,14
1970-01-01 00:00:00.000000360,73.75947,88,15
1970-01-01 00:00:00.000000361,74.01859,88,15
1970-01-01 00:00:00.000000361,73.65894,88,16
1970-01-01 00:00:00.000000362,73.91334,88,16
1970-01-01 00:00:00.000000362,73.402504,88,17
1970-01-01 00:00:00.000000363,73.65627,88,17
1970-01-01 00:00:00.000000363,73.10625,88,18
1970-01-01 00:00:00.000000364,73.36218,88,18
1970-01-01 00:00:00.000000364,73.02147,88,19
1970-01-01 00:00:00.000000365,73.28252,88,19
1970-01-01 00:00:00.000000365,72.95997,88,20
1970-01-01 00:00:00.000000366,73.22737,88,20
1970-01-01 00:00:00.000000366,72.866714,88,21
1970-01-01 00:00:00.000000367,73.13838,88,21
1970-01-01 00:00:00.000000367,73.17759,88,22
1970-01-01 00:00:00.000000368,73.45029,88,22
1970-01-01 00:00:00.000000368,73.21554,88,23
1970-01-01 00:00:00.000000369,73.48847,88,23
1970-01-01 00:00:00.000000369,73.35242,88,24
1970-01-01 00:00:00.000000370,73.62262,88,24
1970-01-01 00:00:00.000000370,73.447395,88,25
1970-01-01 00:00:00.000000371,73.71288,88,25
1970-01-01 00:00:00.000000371,73.567345,88,26
1970-01-01 00:00:00.000000372,73.82769,88,26
1970-01-01 00:00:00.000000372,73.775314,88,27
1970-01-01 00:00:00.000000373,74.0273,88,27
1970-01-01 00:00:00.000000373,73.87211,88,28
1970-01-01 00:00:00.000000374,74.116554,88,28
1970-01-01 00:00:00.000000374,73.96813,88,29
1970-01-01 00:00:00.000000375,74.20405,88,29
1970-01-01 00:00:00.000000375,73.871315,88,30
1970-01-01 00:00:00.000000376,74.103004,88,30
1970-01-01 00:00:00.000000376,73.70755,88,31
1970-01-01 00:00:00.000000377,73.936066,88,31
1970-01-01 00:00:00.000000377,73.570755,88,32
1970-01-01 00:00:00.000000378,73.79804,88,32
1970-01-01 00:00:00.000000378,73.50745,88,33
1970-01-01 00:00:00.000000379,73.737236,88,33
1970-01-01 00:00:00.000000379,73.38756,88,34
1970-01-01 00:00:00.000000380,73.62285,88,34
1970-01-01 00:00:00.000000380,73.51681,88,35
1970-01-01 00:00:00.000000381,73.7612,88,35
1970-01-01 00:00:00.000000381,73.50936,88,36
1970-01-01 00:00:00.000000382,73.75855,88,36
1970-01-01 00:00:00.000000382,73.70034,88,37
1970-01-01 00:00:00.000000383,73.94965,88,37
1970-01-01 00:00:00.000000383,74.05809,88,38
1970-01-01 00:00:00.000000384,74.304146,88,38
1970-01-01 00:00:00.000000384,74.23232,88,39
1970-01-01 00:00:00.000000385,74.473564,88,39
1970-01-01 00:00:00.000000385,74.35883,88,40
1970-01-01 00:00:00.000000386,74.59164,88,40
1970-01-01 00:00:00.000000386,74.8006,88,41
1970-01-01 00:00:00.000000387,75.02501,88,41
1970-01-01 00:00:00.000000387,75.14984,88,42
1970-01-01 00:00:00.000000388,75.36271,88,42
1970-01-01 00:00:00.000000388,75.52007,88,43
1970-01-01 00:00:00.000000389,75.71909,88,43
1970-01-01 00:00:00.000000389,75.413704,88,44
1970-01-01 00:00:00.000000390,75.59613,88,44
1970-01-01 00:00:00.000000390,75.60826,88,45
1970-01-01 00:00:00.000000391,75.77167,88,45
1970-01-01 00:00:00.000000391,75.89735,88,46
1970-01-01 00:00:00.000000392,76.04509,88,46
1970-01-01 00:00:00.000000392,75.64511,88,47
1970-01-01 00:00:00.000000393,75.78021,88,47
1970-01-01 00:00:00.000000393,75.4432,88,48
1970-01-01 00:00:00.000000394,75.57246,88,48
1970-01-01 00:00:00.000000394,75.4418,88,49
1970-01-01 00:00:00.000000395,75.56624,88,49
1970-01-01 00:00:00.000000395,75.368706,88,50
1970-01-01 00:00:00.000000396,75.48702,88,50
1970-01-01 00:00:00.000000396,75.36137,88,51
1970-01-01 00:00:00.000000397,75.47465,88,51
1970-01-01 00:00:00.000000397,75.22736,88,52
1970-01-01 00:00:00.000000398,75.33762,88,52
1970-01-01 00:00:00.000000398,75.328514,88,53
1970-01-01 00:00:00.000000399,75.4381,88,53
1970-01-01 00:00:00.000000399,75.307495,88,54
1970-01-01 00:00:00.000000400,75.41616,88,54
1970-01-01 00:00:00.000000400,75.280136,88,55
1970-01-01 00:00:00.000000401,75.38529,88,55
1970-01-01 00:00:00.000000401,75.61148,88,56
1970-01-01 00:00:00.000000402,75.71098,88,56
1970-01-01 00:00:00.000000402,75.44031,88,57
1970-01-01 00:00:00.000000403,75.53611,88,57
1970-01-01 00:00:00.000000403,74.85252,88,58
1970-01-01 00:00:00.000000404,74.94322,88,58
1970-01-01 00:00:00.000000404,74.5663,88,59
1970-01-01 00:00:00.000000405,74.65441,88,59
1970-01-01 00:00:00.000000093,90.67785,89,10
1970-01-01 00:00:00.000000094,81.50521,89,10
1970-01-01 00:00:00.000000094,83.62983,89,11
1970-01-01 00:00:00.000000095,68.94222,89,11
1970-01-01 00:00:00.000000095,88.12197,89,12
1970-01-01 00:00:00.000000096,76.94803,89,12
1970-01-01 00:00:00.000000096,92.27236,89,13
1970-01-01 00:00:00.000000097,84.39209,89,13
1970-01-01 00:00:00.000000101,66.31525,92,10
1970-01-01 00:00:00.000000102,66.664795,92,10
1970-01-01 00:00:00.000000102,66.80598,92,11
1970-01-01 00:00:00.000000103,67.145584,92,11
1970-01-01 00:00:00.000000103,67.068726,92,12
1970-01-01 00:00:00.000000104,67.390945,92,12
1970-01-01 00:00:00.000000104,67.401855,92,13
1970-01-01 00:00:00.000000105,67.70404,92,13
1970-01-01 00:00:00.000000105,67.581024,92,14
1970-01-01 00:00:00.000000106,67.87237,92,14
1970-01-01 00:00:00.000000166,47.110996,93,10
1970-01-01 00:00:00.000000167,47.56221,93,10
1970-01-01 00:00:00.000000167,46.10958,93,11
1970-01-01 00:00:00.000000168,46.589695,93,11
1970-01-01 00:00:00.000000168,44.621006,93,12
1970-01-01 00:00:00.000000169,45.13161,93,12
1970-01-01 00:00:00.000000169,43.99654,93,13
1970-01-01 00:00:00.000000170,44.567932,93,13
1970-01-01 00:00:00.000000170,44.247093,93,14
1970-01-01 00:00:00.000000171,44.858303,93,14
1970-01-01 00:00:00.000000171,44.677166,93,15
1970-01-01 00:00:00.000000172,45.319557,93,15
1970-01-01 00:00:00.000000172,46.82346,93,16
1970-01-01 00:00:00.000000173,47.488155,93,16
1970-01-01 00:00:00.000000173,49.398087,93,17
1970-01-01 00:00:00.000000174,50.07257,93,17
1970-01-01 00:00:00.000000174,51.839725,93,18
1970-01-01 00:00:00.000000175,52.564587,93,18
1970-01-01 00:00:00.000000175,51.887653,93,19
1970-01-01 00:00:00.000000176,52.72037,93,19
1970-01-01 00:00:00.000000176,50.85296,93,20
1970-01-01 00:00:00.000000177,51.002754,93,20
1970-01-01 00:00:00.000000177,70.28397,93,21
1970-01-01 00:00:00.000000178,75.8214,93,21
1970-01-01 00:00:00.000000178,100.0,93,22
1970-01-01 00:00:00.000000179,99.27822,93,22
1970-01-01 00:00:00.000000179,90.58396,93,23
1970-01-01 00:00:00.000000180,81.54471,93,23
1970-01-01 00:00:00.000000180,80.11709,93,24
1970-01-01 00:00:00.000000181,63.12032,93,24
1970-01-01 00:00:00.000000181,86.22424,93,25
1970-01-01 00:00:00.000000182,73.81237,93,25
1970-01-01 00:00:00.000000182,93.60086,93,26
1970-01-01 00:00:00.000000183,86.82118,93,26
1970-01-01 00:00:00.000000114,75.943565,95,10
1970-01-01 00:00:00.000000115,76.265305,95,10
1970-01-01 00:00:00.000000115,75.81424,95,11
1970-01-01 00:00:00.000000116,76.15771,95,11
1970-01-01 00:00:00.000000116,75.9079,95,12
1970-01-01 00:00:00.000000117,76.26249,95,12
1970-01-01 00:00:00.000000117,76.30702,95,13
1970-01-01 00:00:00.000000118,76.68418,95,13
1970-01-01 00:00:00.000000118,76.70559,95,14
1970-01-01 00:00:00.000000119,77.08524,95,14
1970-01-01 00:00:00.000000119,77.053375,95,15
1970-01-01 00:00:00.000000120,77.45797,95,15
1970-01-01 00:00:00.000000120,76.98987,95,16
1970-01-01 00:00:00.000000121,77.40494,95,16
1970-01-01 00:00:00.000000121,77.193016,95,17
1970-01-01 00:00:00.000000122,77.610245,95,17
1970-01-01 00:00:00.000000183,61.809284,96,10
1970-01-01 00:00:00.000000184,62.16446,96,10
1970-01-01 00:00:00.000000184,62.398415,96,11
1970-01-01 00:00:00.000000185,62.746067,96,11
1970-01-01 00:00:00.000000185,63.032597,96,12
1970-01-01 00:00:00.000000186,63.379112,96,12
1970-01-01 00:00:00.000000186,63.63742,96,13
1970-01-01 00:00:00.000000187,63.985256,96,13
1970-01-01 00:00:00.000000187,64.18621,96,14
1970-01-01 00:00:00.000000188,64.53449,96,14
1970-01-01 00:00:00.000000188,64.93818,96,15
1970-01-01 00:00:00.000000189,65.27432,96,15
1970-01-01 00:00:00.000000189,65.25572,96,16
1970-01-01 00:00:00.000000190,65.574425,96,16
1970-01-01 00:00:00.000000190,65.734924,96,17
1970-01-01 00:00:00.000000191,66.04304,96,17
1970-01-01 00:00:00.000000191,65.660774,96,18
1970-01-01 00:00:00.000000192,65.94097,96,18
1970-01-01 00:00:00.000000192,65.437515,96,19
1970-01-01 00:00:00.000000193,65.70185,96,19
1970-01-01 00:00:00.000000193,65.63207,96,20
1970-01-01 00:00:00.000000194,65.89602,96,20
1970-01-01 00:00:00.000000194,65.794754,96,21
1970-01-01 00:00:00.000000195,66.04867,96,21
1970-01-01 00:00:00.000000195,65.76985,96,22
1970-01-01 00:00:00.000000196,66.011505,96,22
1970-01-01 00:00:00.000000196,65.62948,96,23
1970-01-01 00:00:00.000000197,65.858475,96,23
1970-01-01 00:00:00.000000197,65.525276,96,24
1970-01-01 00:00:00.000000198,65.739914,96,24
1970-01-01 00:00:00.000000198,65.63392,96,25
1970-01-01 00:00:00.000000199,65.84222,96,25
1970-01-01 00:00:00.000000199,65.63335,96,26
1970-01-01 00:00:00.000000200,65.83826,96,26
1970-01-01 00:00:00.000000200,65.678024,96,27
1970-01-01 00:00:00.000000201,65.877266,96,27
1970-01-01 00:00:00.000000201,65.379,96,28
1970-01-01 00:00:00.000000202,65.566505,96,28
1970-01-01 00:00:00.000000202,64.82515,96,29
1970-01-01 00:00:00.000000203,65.01147,96,29
1970-01-01 00:00:00.000000079,98.002396,98,10
1970-01-01 00:00:00.000000080,95.84985,98,10
1970-01-01 00:00:00.000000080,98.68993,98,11
1970-01-01 00:00:00.000000081,97.21055,98,11
1970-01-01 00:00:00.000000096,100.0,99,10
1970-01-01 00:00:00.000000097,100.0,99,10
1970-01-01 00:00:00.000000097,96.65651,99,11
1970-01-01 00:00:00.000000098,93.20429,99,11
1970-01-01 00:00:00.000000098,83.733376,99,12
1970-01-01 00:00:00.000000099,69.87981,99,12
1970-01-01 00:00:00.000000099,85.313095,99,13
1970-01-01 00:00:00.000000100,72.78748,99,13
1970-01-01 00:00:00.000000100,91.81801,99,14
1970-01-01 00:00:00.000000101,84.5229,99,14
1970-01-01 00:00:00.000000340,57.35643,100,10
1970-01-01 00:00:00.000000341,57.712914,100,10
1970-01-01 00:00:00.000000341,57.308186,100,11
1970-01-01 00:00:00.000000342,57.64197,100,11
1970-01-01 00:00:00.000000342,57.204468,100,12
1970-01-01 00:00:00.000000343,57.531273,100,12
1970-01-01 00:00:00.000000343,57.468407,100,13
1970-01-01 00:00:00.000000344,57.832813,100,13
1970-01-01 00:00:00.000000344,57.361893,100,14
1970-01-01 00:00:00.000000345,57.727196,100,14
1970-01-01 00:00:00.000000345,57.67363,100,15
1970-01-01 00:00:00.000000346,58.062386,100,15
1970-01-01 00:00:00.000000346,57.94378,100,16
1970-01-01 00:00:00.000000347,58.345303,100,16
1970-01-01 00:00:00.000000347,58.10422,100,17
1970-01-01 00:00:00.000000348,58.502068,100,17
1970-01-01 00:00:00.000000348,58.29252,100,18
1970-01-01 00:00:00.000000349,58.680847,100,18
1970-01-01 00:00:00.000000349,58.237606,100,19
1970-01-01 00:00:00.000000350,58.621452,100,19
1970-01-01 00:00:00.000000350,58.937145,100,20
1970-01-01 00:00:00.000000351,59.33234,100,20
1970-01-01 00:00:00.000000351,59.467903,100,21
1970-01-01 00:00:00.000000352,59.86871,100,21
1970-01-01 00:00:00.000000352,59.976353,100,22
1970-01-01 00:00:00.000000353,60.363255,100,22
1970-01-01 00:00:00.000000353,60.393913,100,23
1970-01-01 00:00:00.000000354,60.770344,100,23
1970-01-01 00:00:00.000000354,60.741554,100,24
1970-01-01 00:00:00.000000355,61.114506,100,24
1970-01-01 00:00:00.000000355,61.0604,100,25
1970-01-01 00:00:00.000000356,61.436363,100,25
1970-01-01 00:00:00.000000356,61.268623,100,26
1970-01-01 00:00:00.000000357,61.639248,100,26
1970-01-01 00:00:00.000000357,61.615486,100,27
1970-01-01 00:00:00.000000358,61.990288,100,27
1970-01-01 00:00:00.000000358,61.726902,100,28
1970-01-01 00:00:00.000000359,62.09303,100,28
1970-01-01 00:00:00.000000359,61.85165,100,29
1970-01-01 00:00:00.000000360,62.211853,100,29
1970-01-01 00:00:00.000000360,62.246292,100,30
1970-01-01 00:00:00.000000361,62.595978,100,30
1970-01-01 00:00:00.000000361,62.590622,100,31
1970-01-01 00:00:00.000000362,62.93218,100,31
1970-01-01 00:00:00.000000362,63.01891,100,32
1970-01-01 00:00:00.000000363,63.35112,100,32
1970-01-01 00:00:00.000000363,63.582783,100,33
1970-01-01 00:00:00.000000364,63.897583,100,33
1970-01-01 00:00:00.000000364,64.23339,100,34
1970-01-01 00:00:00.000000365,64.5321,100,34
1970-01-01 00:00:00.000000365,64.72176,100,35
1970-01-01 00:00:00.000000366,65.00292,100,35
1970-01-01 00:00:00.000000366,65.09408,100,36
1970-01-01 00:00:00.000000367,65.36057,100,36
1970-01-01 00:00:00.000000367,65.65675,100,37
1970-01-01 00:00:00.000000368,65.91242,100,37
1970-01-01 00:00:00.000000368,65.68214,100,38
1970-01-01 00:00:00.000000369,65.92894,100,38
1970-01-01 00:00:00.000000369,65.97946,100,39
1970-01-01 00:00:00.000000370,66.21677,100,39
1970-01-01 00:00:00.000000370,66.082664,100,40
1970-01-01 00:00:00.000000371,66.31347,100,40
1970-01-01 00:00:00.000000371,66.47573,100,41
1970-01-01 00:00:00.000000372,66.70083,100,41
1970-01-01 00:00:00.000000372,66.737885,100,42
1970-01-01 00:00:00.000000373,66.95577,100,42
1970-01-01 00:00:00.000000373,66.69189,100,43
1970-01-01 00:00:00.000000374,66.90934,100,43
1970-01-01 00:00:00.000000374,67.06601,100,44
1970-01-01 00:00:00.000000375,67.282684,100,44
1970-01-01 00:00:00.000000375,67.385284,100,45
1970-01-01 00:00:00.000000376,67.585075,100,45
1970-01-01 00:00:00.000000376,67.394325,100,46
1970-01-01 00:00:00.000000377,67.58205,100,46
1970-01-01 00:00:00.000000377,67.14942,100,47
1970-01-01 00:00:00.000000378,67.33437,100,47
1970-01-01 00:00:00.000000378,66.9336,100,48
1970-01-01 00:00:00.000000379,67.121056,100,48
1970-01-01 00:00:00.000000379,66.46519,100,49
1970-01-01 00:00:00.000000380,66.65913,100,49
1970-01-01 00:00:00.000000380,65.77849,100,50
1970-01-01 00:00:00.000000381,65.989525,100,50
1970-01-01 00:00:00.000000381,65.639114,100,51
1970-01-01 00:00:00.000000382,65.86832,100,51
1970-01-01 00:00:00.000000382,67.048065,100,52
1970-01-01 00:00:00.000000383,67.76925,100,52
1970-01-01 00:00:00.000000383,100.0,100,53
1970-01-01 00:00:00.000000384,100.0,100,53
1970-01-01 00:00:00.000000384,96.681946,100,54
1970-01-01 00:00:00.000000385,93.32982,100,54
1970-01-01 00:00:00.000000385,88.41471,100,55
1970-01-01 00:00:00.000000386,78.43644,100,55
1970-01-01 00:00:00.000000386,88.415955,100,56
1970-01-01 00:00:00.000000387,78.289474,100,56
1970-01-01 00:00:00.000000387,91.61435,100,57
1970-01-01 00:00:00.000000388,83.94293,100,57
1970-01-01 00:00:00.000000142,46.6418,101,10
1970-01-01 00:00:00.000000143,47.063328,101,10
1970-01-01 00:00:00.000000143,47.75941,101,11
1970-01-01 00:00:00.000000144,48.18386,101,11
1970-01-01 00:00:00.000000144,49.63824,101,12
1970-01-01 00:00:00.000000145,50.067497,101,12
1970-01-01 00:00:00.000000145,51.84448,101,13
1970-01-01 00:00:00.000000146,52.306145,101,13
1970-01-01 00:00:00.000000146,53.392105,101,14
1970-01-01 00:00:00.000000147,53.86868,101,14
1970-01-01 00:00:00.000000147,54.672817,101,15
1970-01-01 00:00:00.000000148,55.13223,101,15
1970-01-01 00:00:00.000000148,56.20242,101,16
1970-01-01 00:00:00.000000149,56.644173,101,16
1970-01-01 00:00:00.000000149,57.411297,101,17
1970-01-01 00:00:00.000000150,57.820328,101,17
1970-01-01 00:00:00.000000150,58.62949,101,18
1970-01-01 00:00:00.000000151,59.016453,101,18
1970-01-01 00:00:00.000000151,59.925854,101,19
1970-01-01 00:00:00.000000152,60.2604,101,19
1970-01-01 00:00:00.000000152,60.57151,101,20
1970-01-01 00:00:00.000000153,60.853073,101,20
1970-01-01 00:00:00.000000153,60.984318,101,21
1970-01-01 00:00:00.000000154,61.22155,101,21
1970-01-01 00:00:00.000000154,61.37141,101,22
1970-01-01 00:00:00.000000155,61.593838,101,22
1970-01-01 00:00:00.000000187,70.02889,103,10
1970-01-01 00:00:00.000000188,70.323074,103,10
1970-01-01 00:00:00.000000188,70.57574,103,11
1970-01-01 00:00:00.000000189,70.86084,103,11
1970-01-01 00:00:00.000000189,70.894516,103,12
1970-01-01 00:00:00.000000190,71.17157,103,12
1970-01-01 00:00:00.000000190,71.24146,103,13
1970-01-01 00:00:00.000000191,71.509285,103,13
1970-01-01 00:00:00.000000191,71.86471,103,14
1970-01-01 00:00:00.000000192,72.12236,103,14
1970-01-01 00:00:00.000000192,72.38748,103,15
1970-01-01 00:00:00.000000193,72.63192,103,15
1970-01-01 00:00:00.000000193,72.729256,103,16
1970-01-01 00:00:00.000000194,72.95628,103,16
1970-01-01 00:00:00.000000194,73.409294,103,17
1970-01-01 00:00:00.000000195,73.61889,103,17
1970-01-01 00:00:00.000000195,73.79389,103,18
1970-01-01 00:00:00.000000196,73.98144,103,18
1970-01-01 00:00:00.000000196,73.97922,103,19
1970-01-01 00:00:00.000000197,74.148094,103,19
1970-01-01 00:00:00.000000197,73.78631,103,20
1970-01-01 00:00:00.000000198,73.94074,103,20
1970-01-01 00:00:00.000000198,73.87516,103,21
1970-01-01 00:00:00.000000199,74.01624,103,21
1970-01-01 00:00:00.000000199,74.26656,103,22
1970-01-01 00:00:00.000000200,74.40123,103,22
1970-01-01 00:00:00.000000200,74.6131,103,23
1970-01-01 00:00:00.000000201,74.74198,103,23
1970-01-01 00:00:00.000000201,74.673035,103,24
1970-01-01 00:00:00.000000202,74.793846,103,24
1970-01-01 00:00:00.000000202,75.12096,103,25
1970-01-01 00:00:00.000000203,75.227234,103,25
1970-01-01 00:00:00.000000203,75.23492,103,26
1970-01-01 00:00:00.000000204,75.32686,103,26
1970-01-01 00:00:00.000000204,74.84184,103,27
1970-01-01 00:00:00.000000205,74.92408,103,27
1970-01-01 00:00:00.000000205,74.96349,103,28
1970-01-01 00:00:00.000000206,75.0391,103,28
1970-01-01 00:00:00.000000206,74.72897,103,29
1970-01-01 00:00:00.000000207,74.799034,103,29
1970-01-01 00:00:00.000000207,74.81513,103,30
1970-01-01 00:00:00.000000208,74.882965,103,30
1970-01-01 00:00:00.000000080,83.194176,104,10
1970-01-01 00:00:00.000000081,68.608475,104,10
1970-01-01 00:00:00.000000081,88.5168,104,11
1970-01-01 00:00:00.000000082,77.921486,104,11
1970-01-01 00:00:00.000000190,60.156017,105,10
1970-01-01 00:00:00.000000191,60.634106,105,10
1970-01-01 00:00:00.000000191,61.42237,105,11
1970-01-01 00:00:00.000000192,61.81498,105,11
1970-01-01 00:00:00.000000192,62.99704,105,12
1970-01-01 00:00:00.000000193,63.272884,105,12
1970-01-01 00:00:00.000000193,64.26283,105,13
1970-01-01 00:00:00.000000194,64.462875,105,13
1970-01-01 00:00:00.000000194,63.70137,105,14
1970-01-01 00:00:00.000000195,64.013275,105,14
1970-01-01 00:00:00.000000195,64.179955,105,15
1970-01-01 00:00:00.000000196,64.5696,105,15
1970-01-01 00:00:00.000000196,64.457016,105,16
1970-01-01 00:00:00.000000197,64.783005,105,16
1970-01-01 00:00:00.000000197,65.38133,105,17
1970-01-01 00:00:00.000000198,65.09287,105,17
1970-01-01 00:00:00.000000198,65.03134,105,18
1970-01-01 00:00:00.000000199,64.55091,105,18
1970-01-01 00:00:00.000000199,63.588882,105,19
1970-01-01 00:00:00.000000200,63.861347,105,19
1970-01-01 00:00:00.000000200,64.74731,105,20
1970-01-01 00:00:00.000000201,65.567154,105,20
1970-01-01 00:00:00.000000201,65.120705,105,21
1970-01-01 00:00:00.000000202,65.71678,105,21
1970-01-01 00:00:00.000000202,66.448044,105,22
1970-01-01 00:00:00.000000203,66.85681,105,22
1970-01-01 00:00:00.000000203,68.13486,105,23
1970-01-01 00:00:00.000000204,68.491356,105,23
1970-01-01 00:00:00.000000204,67.846016,105,24
1970-01-01 00:00:00.000000205,68.21116,105,24
1970-01-01 00:00:00.000000205,66.99905,105,25
1970-01-01 00:00:00.000000206,66.98321,105,25
1970-01-01 00:00:00.000000206,66.05165,105,26
1970-01-01 00:00:00.000000207,65.32224,105,26
1970-01-01 00:00:00.000000207,65.39182,105,27
1970-01-01 00:00:00.000000208,64.5217,105,27
1970-01-01 00:00:00.000000208,63.18947,105,28
1970-01-01 00:00:00.000000209,62.427673,105,28
1970-01-01 00:00:00.000000209,62.57606,105,29
1970-01-01 00:00:00.000000210,62.606544,105,29
1970-01-01 00:00:00.000000210,59.774117,105,30
1970-01-01 00:00:00.000000211,59.86504,105,30
1970-01-01 00:00:00.000000281,57.25725,106,10
1970-01-01 00:00:00.000000282,57.0248,106,10
1970-01-01 00:00:00.000000282,56.98346,106,11
1970-01-01 00:00:00.000000283,56.737907,106,11
1970-01-01 00:00:00.000000283,57.197117,106,12
1970-01-01 00:00:00.000000284,56.949215,106,12
1970-01-01 00:00:00.000000284,56.93161,106,13
1970-01-01 00:00:00.000000285,56.686817,106,13
1970-01-01 00:00:00.000000285,56.74684,106,14
1970-01-01 00:00:00.000000286,56.505722,106,14
1970-01-01 00:00:00.000000286,56.549343,106,15
1970-01-01 00:00:00.000000287,56.314224,106,15
1970-01-01 00:00:00.000000287,56.493538,106,16
1970-01-01 00:00:00.000000288,56.261868,106,16
1970-01-01 00:00:00.000000288,56.474773,106,17
1970-01-01 00:00:00.000000289,56.2413,106,17
1970-01-01 00:00:00.000000289,56.61764,106,18
1970-01-01 00:00:00.000000290,56.390285,106,18
1970-01-01 00:00:00.000000290,56.35862,106,19
1970-01-01 00:00:00.000000291,56.141186,106,19
1970-01-01 00:00:00.000000291,56.235794,106,20
1970-01-01 00:00:00.000000292,56.024113,106,20
1970-01-01 00:00:00.000000292,55.762802,106,21
1970-01-01 00:00:00.000000293,55.55581,106,21
1970-01-01 00:00:00.000000293,55.782833,106,22
1970-01-01 00:00:00.000000294,55.570324,106,22
1970-01-01 00:00:00.000000294,55.778664,106,23
1970-01-01 00:00:00.000000295,55.56043,106,23
1970-01-01 00:00:00.000000295,55.32425,106,24
1970-01-01 00:00:00.000000296,55.106876,106,24
1970-01-01 00:00:00.000000296,55.104305,106,25
1970-01-01 00:00:00.000000297,54.8881,106,25
1970-01-01 00:00:00.000000297,54.870647,106,26
1970-01-01 00:00:00.000000298,54.65765,106,26
1970-01-01 00:00:00.000000298,54.57723,106,27
1970-01-01 00:00:00.000000299,54.367516,106,27
1970-01-01 00:00:00.000000299,54.409264,106,28
1970-01-01 00:00:00.000000300,54.19671,106,28
1970-01-01 00:00:00.000000300,53.834663,106,29
1970-01-01 00:00:00.000000301,53.615334,106,29
1970-01-01 00:00:00.000000301,53.66377,106,30
1970-01-01 00:00:00.000000302,53.44486,106,30
1970-01-01 00:00:00.000000302,53.486656,106,31
1970-01-01 00:00:00.000000303,53.270344,106,31
1970-01-01 00:00:00.000000303,53.09235,106,32
1970-01-01 00:00:00.000000304,52.88812,106,32
1970-01-01 00:00:00.000000304,53.038483,106,33
1970-01-01 00:00:00.000000305,52.834904,106,33
1970-01-01 00:00:00.000000305,52.597042,106,34
1970-01-01 00:00:00.000000306,52.38454,106,34
1970-01-01 00:00:00.000000306,51.871437,106,35
1970-01-01 00:00:00.000000307,51.643913,106,35
1970-01-01 00:00:00.000000307,51.975613,106,36
1970-01-01 00:00:00.000000308,51.739502,106,36
1970-01-01 00:00:00.000000308,51.646065,106,37
1970-01-01 00:00:00.000000309,51.41252,106,37
1970-01-01 00:00:00.000000309,51.13121,106,38
1970-01-01 00:00:00.000000310,50.895176,106,38
1970-01-01 00:00:00.000000310,50.90533,106,39
1970-01-01 00:00:00.000000311,50.67893,106,39
1970-01-01 00:00:00.000000311,54.514923,106,40
1970-01-01 00:00:00.000000312,56.411755,106,40
1970-01-01 00:00:00.000000312,74.80467,106,41
1970-01-01 00:00:00.000000313,76.12959,106,41
1970-01-01 00:00:00.000000313,94.29393,106,42
1970-01-01 00:00:00.000000314,89.398346,106,42
1970-01-01 00:00:00.000000314,84.68164,106,43
1970-01-01 00:00:00.000000315,72.20318,106,43
1970-01-01 00:00:00.000000315,79.759026,106,44
1970-01-01 00:00:00.000000316,63.11586,106,44
1970-01-01 00:00:00.000000316,85.88775,106,45
1970-01-01 00:00:00.000000317,73.49102,106,45
1970-01-01 00:00:00.000000317,90.87729,106,46
1970-01-01 00:00:00.000000318,82.43528,106,46
1970-01-01 00:00:00.000000083,91.13495,107,10
1970-01-01 00:00:00.000000084,83.42427,107,10
1970-01-01 00:00:00.000000084,92.80941,107,11
1970-01-01 00:00:00.000000085,86.42806,107,11
1970-01-01 00:00:00.000000213,63.43048,108,10
1970-01-01 00:00:00.000000214,63.08624,108,10
1970-01-01 00:00:00.000000214,63.681377,108,11
1970-01-01 00:00:00.000000215,63.495224,108,11
1970-01-01 00:00:00.000000215,64.259094,108,12
1970-01-01 00:00:00.000000216,64.34108,108,12
1970-01-01 00:00:00.000000216,64.3187,108,13
1970-01-01 00:00:00.000000217,64.474,108,13
1970-01-01 00:00:00.000000217,64.19839,108,14
1970-01-01 00:00:00.000000218,64.3628,108,14
1970-01-01 00:00:00.000000218,64.25907,108,15
1970-01-01 00:00:00.000000219,64.436775,108,15
1970-01-01 00:00:00.000000219,64.60418,108,16
1970-01-01 00:00:00.000000220,64.79649,108,16
1970-01-01 00:00:00.000000220,64.77293,108,17
1970-01-01 00:00:00.000000221,64.97693,108,17
1970-01-01 00:00:00.000000221,65.17396,108,18
1970-01-01 00:00:00.000000222,65.38566,108,18
1970-01-01 00:00:00.000000222,64.8702,108,19
1970-01-01 00:00:00.000000223,65.09183,108,19
1970-01-01 00:00:00.000000223,64.80662,108,20
1970-01-01 00:00:00.000000224,65.03399,108,20
1970-01-01 00:00:00.000000224,65.08469,108,21
1970-01-01 00:00:00.000000225,65.3207,108,21
1970-01-01 00:00:00.000000225,65.50187,108,22
1970-01-01 00:00:00.000000226,65.741035,108,22
1970-01-01 00:00:00.000000226,65.747696,108,23
1970-01-01 00:00:00.000000227,65.99894,108,23
1970-01-01 00:00:00.000000227,66.11056,108,24
1970-01-01 00:00:00.000000228,66.371574,108,24
1970-01-01 00:00:00.000000228,65.85702,108,25
1970-01-01 00:00:00.000000229,66.12361,108,25
1970-01-01 00:00:00.000000229,65.67972,108,26
1970-01-01 00:00:00.000000230,65.94513,108,26
1970-01-01 00:00:00.000000230,66.33543,108,27
1970-01-01 00:00:00.000000231,66.60419,108,27
1970-01-01 00:00:00.000000231,67.02286,108,28
1970-01-01 00:00:00.000000232,67.29288,108,28
1970-01-01 00:00:00.000000232,67.48325,108,29
1970-01-01 00:00:00.000000233,67.75784,108,29
1970-01-01 00:00:00.000000233,68.2553,108,30
1970-01-01 00:00:00.000000234,68.54035,108,30
1970-01-01 00:00:00.000000234,68.905174,108,31
1970-01-01 00:00:00.000000235,69.18951,108,31
1970-01-01 00:00:00.000000235,69.51243,108,32
1970-01-01 00:00:00.000000236,69.797775,108,32
1970-01-01 00:00:00.000000236,70.05279,108,33
1970-01-01 00:00:00.000000237,70.35646,108,33
1970-01-01 00:00:00.000000237,70.80072,108,34
1970-01-01 00:00:00.000000238,71.11864,108,34
1970-01-01 00:00:00.000000083,69.695274,109,10
1970-01-01 00:00:00.000000084,69.96496,109,10
1970-01-01 00:00:00.000000084,68.56726,109,11
1970-01-01 00:00:00.000000085,69.00162,109,11
1970-01-01 00:00:00.000000505,74.2344,110,10
1970-01-01 00:00:00.000000506,74.42514,110,10
1970-01-01 00:00:00.000000506,74.21829,110,11
1970-01-01 00:00:00.000000507,74.400856,110,11
1970-01-01 00:00:00.000000507,74.33112,110,12
1970-01-01 00:00:00.000000508,74.521835,110,12
1970-01-01 00:00:00.000000508,74.3621,110,13
1970-01-01 00:00:00.000000509,74.5609,110,13
1970-01-01 00:00:00.000000509,74.71115,110,14
1970-01-01 00:00:00.000000510,74.91002,110,14
1970-01-01 00:00:00.000000510,75.01583,110,15
1970-01-01 00:00:00.000000511,75.21962,110,15
1970-01-01 00:00:00.000000511,75.27829,110,16
1970-01-01 00:00:00.000000512,75.48253,110,16
1970-01-01 00:00:00.000000512,75.449,110,17
1970-01-01 00:00:00.000000513,75.655815,110,17
1970-01-01 00:00:00.000000513,75.865364,110,18
1970-01-01 00:00:00.000000514,76.06978,110,18
1970-01-01 00:00:00.000000514,76.0791,110,19
1970-01-01 00:00:00.000000515,76.27552,110,19
1970-01-01 00:00:00.000000515,76.26971,110,20
1970-01-01 00:00:00.000000516,76.46692,110,20
1970-01-01 00:00:00.000000516,76.40904,110,21
1970-01-01 00:00:00.000000517,76.60674,110,21
1970-01-01 00:00:00.000000517,76.78257,110,22
1970-01-01 00:00:00.000000518,76.97237,110,22
1970-01-01 00:00:00.000000518,76.65703,110,23
1970-01-01 00:00:00.000000519,76.82463,110,23
1970-01-01 00:00:00.000000519,76.24434,110,24
1970-01-01 00:00:00.000000520,76.37788,110,24
1970-01-01 00:00:00.000000520,75.4628,110,25
1970-01-01 00:00:00.000000521,75.58054,110,25
1970-01-01 00:00:00.000000521,75.04161,110,26
1970-01-01 00:00:00.000000522,75.15473,110,26
1970-01-01 00:00:00.000000522,74.69106,110,27
1970-01-01 00:00:00.000000523,74.79976,110,27
1970-01-01 00:00:00.000000523,74.14386,110,28
1970-01-01 00:00:00.000000524,74.25497,110,28
1970-01-01 00:00:00.000000524,73.56161,110,29
1970-01-01 00:00:00.000000525,73.674164,110,29
1970-01-01 00:00:00.000000525,73.21725,110,30
1970-01-01 00:00:00.000000526,73.343445,110,30
1970-01-01 00:00:00.000000526,72.86615,110,31
1970-01-01 00:00:00.000000527,72.99774,110,31
1970-01-01 00:00:00.000000527,72.50255,110,32
1970-01-01 00:00:00.000000528,72.63598,110,32
1970-01-01 00:00:00.000000528,72.52672,110,33
1970-01-01 00:00:00.000000529,72.70429,110,33
1970-01-01 00:00:00.000000529,72.788124,110,34
1970-01-01 00:00:00.000000530,72.98716,110,34
1970-01-01 00:00:00.000000530,72.76139,110,35
1970-01-01 00:00:00.000000531,72.96184,110,35
1970-01-01 00:00:00.000000531,72.83,110,36
1970-01-01 00:00:00.000000532,73.0239,110,36
1970-01-01 00:00:00.000000532,72.352005,110,37
1970-01-01 00:00:00.000000533,72.52194,110,37
1970-01-01 00:00:00.000000533,71.24578,110,38
1970-01-01 00:00:00.000000534,71.39582,110,38
1970-01-01 00:00:00.000000534,70.84533,110,39
1970-01-01 00:00:00.000000535,70.99614,110,39
1970-01-01 00:00:00.000000535,70.11731,110,40
1970-01-01 00:00:00.000000536,70.27186,110,40
1970-01-01 00:00:00.000000536,69.5874,110,41
1970-01-01 00:00:00.000000537,69.74781,110,41
1970-01-01 00:00:00.000000537,68.90638,110,42
1970-01-01 00:00:00.000000538,69.046684,110,42
1970-01-01 00:00:00.000000538,67.60469,110,43
1970-01-01 00:00:00.000000539,67.72823,110,43
1970-01-01 00:00:00.000000539,66.408104,110,44
1970-01-01 00:00:00.000000540,66.50454,110,44
1970-01-01 00:00:00.000000540,65.04329,110,45
1970-01-01 00:00:00.000000541,65.11732,110,45
1970-01-01 00:00:00.000000541,63.955547,110,46
1970-01-01 00:00:00.000000542,63.99973,110,46
1970-01-01 00:00:00.000000542,62.96986,110,47
1970-01-01 00:00:00.000000543,62.977398,110,47
1970-01-01 00:00:00.000000543,62.56068,110,48
1970-01-01 00:00:00.000000544,62.53889,110,48
1970-01-01 00:00:00.000000544,61.606365,110,49
1970-01-01 00:00:00.000000545,61.54374,110,49
1970-01-01 00:00:00.000000545,60.47706,110,50
1970-01-01 00:00:00.000000546,60.348244,110,50
1970-01-01 00:00:00.000000546,59.5021,110,51
1970-01-01 00:00:00.000000547,59.31951,110,51
1970-01-01 00:00:00.000000547,57.935318,110,52
1970-01-01 00:00:00.000000548,57.7201,110,52
1970-01-01 00:00:00.000000548,57.046986,110,53
1970-01-01 00:00:00.000000549,56.804398,110,53
1970-01-01 00:00:00.000000549,55.6929,110,54
1970-01-01 00:00:00.000000550,55.42462,110,54
1970-01-01 00:00:00.000000550,56.52901,110,55
1970-01-01 00:00:00.000000551,56.316837,110,55
1970-01-01 00:00:00.000000551,56.34843,110,56
1970-01-01 00:00:00.000000552,56.25053,110,56
1970-01-01 00:00:00.000000552,55.56347,110,57
1970-01-01 00:00:00.000000553,55.46423,110,57
1970-01-01 00:00:00.000000553,54.80923,110,58
1970-01-01 00:00:00.000000554,54.669884,110,58
1970-01-01 00:00:00.000000554,54.53491,110,59
1970-01-01 00:00:00.000000555,54.457546,110,59
1970-01-01 00:00:00.000000555,54.050655,110,60
1970-01-01 00:00:00.000000556,53.98293,110,60
1970-01-01 00:00:00.000000556,53.69707,110,61
1970-01-01 00:00:00.000000557,53.643898,110,61
1970-01-01 00:00:00.000000557,53.028316,110,62
1970-01-01 00:00:00.000000558,52.974678,110,62
1970-01-01 00:00:00.000000558,52.54561,110,63
1970-01-01 00:00:00.000000559,52.476562,110,63
1970-01-01 00:00:00.000000559,52.102646,110,64
1970-01-01 00:00:00.000000560,52.04364,110,64
1970-01-01 00:00:00.000000560,49.272717,110,65
1970-01-01 00:00:00.000000561,49.06244,110,65
1970-01-01 00:00:00.000000561,49.482162,110,66
1970-01-01 00:00:00.000000562,49.313023,110,66
1970-01-01 00:00:00.000000562,50.982315,110,67
1970-01-01 00:00:00.000000563,51.03166,110,67
1970-01-01 00:00:00.000000563,52.33,110,68
1970-01-01 00:00:00.000000564,52.473454,110,68
1970-01-01 00:00:00.000000564,52.12467,110,69
1970-01-01 00:00:00.000000565,52.269714,110,69
1970-01-01 00:00:00.000000565,53.077972,110,70
1970-01-01 00:00:00.000000566,53.273155,110,70
1970-01-01 00:00:00.000000566,54.654564,110,71
1970-01-01 00:00:00.000000567,54.963127,110,71
1970-01-01 00:00:00.000000567,56.47796,110,72
1970-01-01 00:00:00.000000568,56.848667,110,72
1970-01-01 00:00:00.000000568,56.51412,110,73
1970-01-01 00:00:00.000000569,56.70876,110,73
1970-01-01 00:00:00.000000569,58.59179,110,74
1970-01-01 00:00:00.000000570,59.3163,110,74
1970-01-01 00:00:00.000000570,53.290512,110,75
1970-01-01 00:00:00.000000571,54.369877,110,75
1970-01-01 00:00:00.000000571,56.828434,110,76
1970-01-01 00:00:00.000000572,59.37937,110,76
1970-01-01 00:00:00.000000572,57.721294,110,77
1970-01-01 00:00:00.000000573,59.011036,110,77
1970-01-01 00:00:00.000000573,63.060524,110,78
1970-01-01 00:00:00.000000574,63.64715,110,78
1970-01-01 00:00:00.000000574,70.885414,110,79
1970-01-01 00:00:00.000000575,71.49138,110,79
1970-01-01 00:00:00.000000575,74.44018,110,80
1970-01-01 00:00:00.000000576,75.004654,110,80
1970-01-01 00:00:00.000000576,92.21127,110,81
1970-01-01 00:00:00.000000577,92.171,110,81
1970-01-01 00:00:00.000000577,96.83636,110,82
1970-01-01 00:00:00.000000578,93.81773,110,82
1970-01-01 00:00:00.000000578,91.07042,110,83
1970-01-01 00:00:00.000000579,83.01935,110,83
1970-01-01 00:00:00.000000579,90.18567,110,84
1970-01-01 00:00:00.000000580,81.21139,110,84
1970-01-01 00:00:00.000000580,92.30958,110,85
1970-01-01 00:00:00.000000581,85.10286,110,85
1970-01-01 00:00:00.000000581,95.21717,110,86
1970-01-01 00:00:00.000000582,90.514366,110,86
1970-01-01 00:00:00.000000183,76.558716,112,10
1970-01-01 00:00:00.000000184,76.84392,112,10
1970-01-01 00:00:00.000000184,76.643745,112,11
1970-01-01 00:00:00.000000185,76.85936,112,11
1970-01-01 00:00:00.000000185,75.20704,112,12
1970-01-01 00:00:00.000000186,74.53981,112,12
1970-01-01 00:00:00.000000186,70.605965,112,13
1970-01-01 00:00:00.000000187,69.34888,112,13
1970-01-01 00:00:00.000000187,65.988266,112,14
1970-01-01 00:00:00.000000188,66.097466,112,14
1970-01-01 00:00:00.000000188,65.891754,112,15
1970-01-01 00:00:00.000000189,66.493454,112,15
1970-01-01 00:00:00.000000189,65.4091,112,16
1970-01-01 00:00:00.000000190,65.74248,112,16
1970-01-01 00:00:00.000000190,65.1655,112,17
1970-01-01 00:00:00.000000191,65.26775,112,17
1970-01-01 00:00:00.000000191,65.59867,112,18
1970-01-01 00:00:00.000000192,65.84681,112,18
1970-01-01 00:00:00.000000192,66.11428,112,19
1970-01-01 00:00:00.000000193,66.497894,112,19
1970-01-01 00:00:00.000000193,66.33317,112,20
1970-01-01 00:00:00.000000194,66.7186,112,20
1970-01-01 00:00:00.000000194,65.95286,112,21
1970-01-01 00:00:00.000000195,66.32606,112,21
1970-01-01 00:00:00.000000195,66.16205,112,22
1970-01-01 00:00:00.000000196,66.52003,112,22
1970-01-01 00:00:00.000000196,66.237305,112,23
1970-01-01 00:00:00.000000197,66.593155,112,23
1970-01-01 00:00:00.000000197,66.41438,112,24
1970-01-01 00:00:00.000000198,66.76346,112,24
1970-01-01 00:00:00.000000198,66.77593,112,25
1970-01-01 00:00:00.000000199,67.134285,112,25
1970-01-01 00:00:00.000000199,67.09313,112,26
1970-01-01 00:00:00.000000200,67.45275,112,26
1970-01-01 00:00:00.000000200,67.08503,112,27
1970-01-01 00:00:00.000000201,67.41434,112,27
1970-01-01 00:00:00.000000201,67.50665,112,28
1970-01-01 00:00:00.000000202,67.82099,112,28
1970-01-01 00:00:00.000000202,67.652916,112,29
1970-01-01 00:00:00.000000203,67.93936,112,29
1970-01-01 00:00:00.000000172,68.64797,113,10
1970-01-01 00:00:00.000000173,68.662994,113,10
1970-01-01 00:00:00.000000173,68.42358,113,11
1970-01-01 00:00:00.000000174,68.42285,113,11
1970-01-01 00:00:00.000000174,68.157555,113,12
1970-01-01 00:00:00.000000175,68.14635,113,12
1970-01-01 00:00:00.000000175,67.75022,113,13
1970-01-01 00:00:00.000000176,67.733185,113,13
1970-01-01 00:00:00.000000176,67.578094,113,14
1970-01-01 00:00:00.000000177,67.55626,113,14
1970-01-01 00:00:00.000000177,67.67117,113,15
1970-01-01 00:00:00.000000178,67.64986,113,15
1970-01-01 00:00:00.000000178,67.15285,113,16
1970-01-01 00:00:00.000000179,67.13387,113,16
1970-01-01 00:00:00.000000179,67.09948,113,17
1970-01-01 00:00:00.000000180,67.088585,113,17
1970-01-01 00:00:00.000000180,66.32328,113,18
1970-01-01 00:00:00.000000181,66.318535,113,18
1970-01-01 00:00:00.000000181,66.16633,113,19
1970-01-01 00:00:00.000000182,66.16978,113,19
1970-01-01 00:00:00.000000182,65.4582,113,20
1970-01-01 00:00:00.000000183,65.46568,113,20
1970-01-01 00:00:00.000000183,65.08871,113,21
1970-01-01 00:00:00.000000184,65.079254,113,21
1970-01-01 00:00:00.000000184,64.19009,113,22
1970-01-01 00:00:00.000000185,64.16911,113,22
1970-01-01 00:00:00.000000185,63.90716,113,23
1970-01-01 00:00:00.000000186,63.923145,113,23
1970-01-01 00:00:00.000000186,64.16401,113,24
1970-01-01 00:00:00.000000187,64.198975,113,24
1970-01-01 00:00:00.000000187,64.39344,113,25
1970-01-01 00:00:00.000000188,64.421776,113,25
1970-01-01 00:00:00.000000188,63.777637,113,26
1970-01-01 00:00:00.000000189,63.784256,113,26
1970-01-01 00:00:00.000000189,63.649845,113,27
1970-01-01 00:00:00.000000190,63.62638,113,27
1970-01-01 00:00:00.000000157,55.30311,114,10
1970-01-01 00:00:00.000000158,55.618706,114,10
1970-01-01 00:00:00.000000158,55.15036,114,11
1970-01-01 00:00:00.000000159,55.466705,114,11
1970-01-01 00:00:00.000000159,54.94176,114,12
1970-01-01 00:00:00.000000160,55.255653,114,12
1970-01-01 00:00:00.000000160,54.909355,114,13
1970-01-01 00:00:00.000000161,55.221695,114,13
1970-01-01 00:00:00.000000161,55.067398,114,14
1970-01-01 00:00:00.000000162,55.383938,114,14
1970-01-01 00:00:00.000000162,54.94042,114,15
1970-01-01 00:00:00.000000163,55.263256,114,15
1970-01-01 00:00:00.000000163,55.006516,114,16
1970-01-01 00:00:00.000000164,55.333344,114,16
1970-01-01 00:00:00.000000164,55.367096,114,17
1970-01-01 00:00:00.000000165,56.19738,114,17
1970-01-01 00:00:00.000000165,58.335136,114,18
1970-01-01 00:00:00.000000166,59.636063,114,18
1970-01-01 00:00:00.000000166,92.76296,114,19
1970-01-01 00:00:00.000000167,93.70572,114,19
1970-01-01 00:00:00.000000167,92.34199,114,20
1970-01-01 00:00:00.000000168,85.82854,114,20
1970-01-01 00:00:00.000000168,83.292984,114,21
1970-01-01 00:00:00.000000169,69.495605,114,21
1970-01-01 00:00:00.000000169,85.67223,114,22
1970-01-01 00:00:00.000000170,73.107956,114,22
1970-01-01 00:00:00.000000170,90.84931,114,23
1970-01-01 00:00:00.000000171,82.04846,114,23
1970-01-01 00:00:00.000000171,94.82905,114,24
1970-01-01 00:00:00.000000172,89.36233,114,24
1970-01-01 00:00:00.000000086,92.02852,115,10
1970-01-01 00:00:00.000000087,85.04001,115,10
1970-01-01 00:00:00.000000087,88.338715,115,11
1970-01-01 00:00:00.000000088,78.417984,115,11
1970-01-01 00:00:00.000000088,89.48903,115,12
1970-01-01 00:00:00.000000089,80.423805,115,12
1970-01-01 00:00:00.000000096,70.32064,117,10
1970-01-01 00:00:00.000000097,70.428314,117,10
1970-01-01 00:00:00.000000097,70.49192,117,11
1970-01-01 00:00:00.000000098,70.59992,117,11
1970-01-01 00:00:00.000000098,70.5368,117,12
1970-01-01 00:00:00.000000099,70.64248,117,12
1970-01-01 00:00:00.000000099,70.715866,117,13
1970-01-01 00:00:00.000000100,70.81487,117,13
1970-01-01 00:00:00.000000082,67.038734,118,10
1970-01-01 00:00:00.000000083,67.71188,118,10
1970-01-01 00:00:00.000000083,69.51742,118,11
1970-01-01 00:00:00.000000084,70.16199,118,11
1970-01-01 00:00:00.000000109,51.440388,121,10
1970-01-01 00:00:00.000000110,51.998432,121,10
1970-01-01 00:00:00.000000110,51.173916,121,11
1970-01-01 00:00:00.000000111,51.72589,121,11
1970-01-01 00:00:00.000000111,51.1409,121,12
1970-01-01 00:00:00.000000112,51.712433,121,12
1970-01-01 00:00:00.000000112,51.807083,121,13
1970-01-01 00:00:00.000000113,52.397804,121,13
1970-01-01 00:00:00.000000113,52.34568,121,14
1970-01-01 00:00:00.000000114,52.95511,121,14
1970-01-01 00:00:00.000000114,53.28388,121,15
1970-01-01 00:00:00.000000115,53.90893,121,15
1970-01-01 00:00:00.000000115,54.405098,121,16
1970-01-01 00:00:00.000000116,55.034912,121,16
1970-01-01 00:00:00.000000165,71.248245,122,10
1970-01-01 00:00:00.000000166,70.79249,122,10
1970-01-01 00:00:00.000000166,67.8906,122,11
1970-01-01 00:00:00.000000167,66.39183,122,11
1970-01-01 00:00:00.000000167,66.560005,122,12
1970-01-01 00:00:00.000000168,65.97387,122,12
1970-01-01 00:00:00.000000168,64.59,122,13
1970-01-01 00:00:00.000000169,64.114296,122,13
1970-01-01 00:00:00.000000169,66.38614,122,14
1970-01-01 00:00:00.000000170,66.52069,122,14
1970-01-01 00:00:00.000000170,67.830444,122,15
1970-01-01 00:00:00.000000171,68.28847,122,15
1970-01-01 00:00:00.000000171,68.410446,122,16
1970-01-01 00:00:00.000000172,68.92694,122,16
1970-01-01 00:00:00.000000172,67.12447,122,17
1970-01-01 00:00:00.000000173,67.32542,122,17
1970-01-01 00:00:00.000000173,66.723854,122,18
1970-01-01 00:00:00.000000174,66.165794,122,18
1970-01-01 00:00:00.000000174,65.67353,122,19
1970-01-01 00:00:00.000000175,65.06491,122,19
1970-01-01 00:00:00.000000175,64.173,122,20
1970-01-01 00:00:00.000000176,63.82213,122,20
1970-01-01 00:00:00.000000176,63.16059,122,21
1970-01-01 00:00:00.000000177,63.334194,122,21
1970-01-01 00:00:00.000000177,62.62108,122,22
1970-01-01 00:00:00.000000178,64.35287,122,22
1970-01-01 00:00:00.000000178,63.624287,122,23
1970-01-01 00:00:00.000000179,65.39083,122,23
1970-01-01 00:00:00.000000179,63.690983,122,24
1970-01-01 00:00:00.000000180,64.210625,122,24
1970-01-01 00:00:00.000000180,62.96407,122,25
1970-01-01 00:00:00.000000181,63.114178,122,25
1970-01-01 00:00:00.000000181,61.52374,122,26
1970-01-01 00:00:00.000000182,61.96902,122,26
1970-01-01 00:00:00.000000101,69.44261,123,10
1970-01-01 00:00:00.000000102,69.21416,123,10
1970-01-01 00:00:00.000000102,68.446495,123,11
1970-01-01 00:00:00.000000103,67.418686,123,11
1970-01-01 00:00:00.000000103,67.26855,123,12
1970-01-01 00:00:00.000000104,66.60594,123,12
1970-01-01 00:00:00.000000104,66.08257,123,13
1970-01-01 00:00:00.000000105,66.245926,123,13
1970-01-01 00:00:00.000000105,64.7932,123,14
1970-01-01 00:00:00.000000106,65.2698,123,14
1970-01-01 00:00:00.000000106,65.54093,123,15
1970-01-01 00:00:00.000000107,66.281235,123,15
1970-01-01 00:00:00.000000107,73.94116,124,10
1970-01-01 00:00:00.000000108,80.64683,124,10
1970-01-01 00:00:00.000000108,92.662605,124,11
1970-01-01 00:00:00.000000109,85.54537,124,11
1970-01-01 00:00:00.000000109,86.61171,124,12
1970-01-01 00:00:00.000000110,74.56633,124,12
1970-01-01 00:00:00.000000110,83.2612,124,13
1970-01-01 00:00:00.000000111,68.53818,124,13
1970-01-01 00:00:00.000000111,84.5904,124,14
1970-01-01 00:00:00.000000112,70.90214,124,14
1970-01-01 00:00:00.000000112,88.603745,124,15
1970-01-01 00:00:00.000000113,78.40077,124,15
1970-01-01 00:00:00.000000164,55.886597,125,10
1970-01-01 00:00:00.000000165,55.972027,125,10
1970-01-01 00:00:00.000000165,55.83262,125,11
1970-01-01 00:00:00.000000166,55.936214,125,11
1970-01-01 00:00:00.000000166,55.98263,125,12
1970-01-01 00:00:00.000000167,56.05107,125,12
1970-01-01 00:00:00.000000167,55.306103,125,13
1970-01-01 00:00:00.000000168,55.316147,125,13
1970-01-01 00:00:00.000000168,55.683887,125,14
1970-01-01 00:00:00.000000169,55.68587,125,14
1970-01-01 00:00:00.000000169,55.733635,125,15
1970-01-01 00:00:00.000000170,55.702763,125,15
1970-01-01 00:00:00.000000170,55.33318,125,16
1970-01-01 00:00:00.000000171,55.291737,125,16
1970-01-01 00:00:00.000000171,55.14713,125,17
1970-01-01 00:00:00.000000172,55.10964,125,17
1970-01-01 00:00:00.000000172,55.667084,125,18
1970-01-01 00:00:00.000000173,55.635345,125,18
1970-01-01 00:00:00.000000173,55.399605,125,19
1970-01-01 00:00:00.000000174,55.285374,125,19
1970-01-01 00:00:00.000000174,66.62437,125,20
1970-01-01 00:00:00.000000175,67.51875,125,20
1970-01-01 00:00:00.000000175,100.0,125,21
1970-01-01 00:00:00.000000176,100.0,125,21
1970-01-01 00:00:00.000000176,94.0158,125,22
1970-01-01 00:00:00.000000177,88.35455,125,22
1970-01-01 00:00:00.000000177,86.90281,125,23
1970-01-01 00:00:00.000000178,75.62521,125,23
1970-01-01 00:00:00.000000178,85.996216,125,24
1970-01-01 00:00:00.000000179,73.97147,125,24
1970-01-01 00:00:00.000000179,89.48896,125,25
1970-01-01 00:00:00.000000180,80.187935,125,25
1970-01-01 00:00:00.000000208,54.210228,126,10
1970-01-01 00:00:00.000000209,54.63296,126,10
1970-01-01 00:00:00.000000209,53.74188,126,11
1970-01-01 00:00:00.000000210,54.209824,126,11
1970-01-01 00:00:00.000000210,54.69335,126,12
1970-01-01 00:00:00.000000211,55.194168,126,12
1970-01-01 00:00:00.000000211,56.18334,126,13
1970-01-01 00:00:00.000000212,56.690613,126,13
1970-01-01 00:00:00.000000212,57.726025,126,14
1970-01-01 00:00:00.000000213,58.229015,126,14
1970-01-01 00:00:00.000000213,59.055893,126,15
1970-01-01 00:00:00.000000214,59.543587,126,15
1970-01-01 00:00:00.000000214,60.486683,126,16
1970-01-01 00:00:00.000000215,60.95453,126,16
1970-01-01 00:00:00.000000215,61.80919,126,17
1970-01-01 00:00:00.000000216,62.253326,126,17
1970-01-01 00:00:00.000000216,64.37812,126,18
1970-01-01 00:00:00.000000217,64.78547,126,18
1970-01-01 00:00:00.000000217,65.70323,126,19
1970-01-01 00:00:00.000000218,66.068436,126,19
1970-01-01 00:00:00.000000218,67.16696,126,20
1970-01-01 00:00:00.000000219,67.49349,126,20
1970-01-01 00:00:00.000000219,68.40184,126,21
1970-01-01 00:00:00.000000220,68.6807,126,21
1970-01-01 00:00:00.000000220,70.03895,126,22
1970-01-01 00:00:00.000000221,70.26254,126,22
1970-01-01 00:00:00.000000221,71.3316,126,23
1970-01-01 00:00:00.000000222,71.491615,126,23
1970-01-01 00:00:00.000000222,72.18662,126,24
1970-01-01 00:00:00.000000223,72.2943,126,24
1970-01-01 00:00:00.000000223,72.47759,126,25
1970-01-01 00:00:00.000000224,72.56231,126,25
1970-01-01 00:00:00.000000224,72.61642,126,26
1970-01-01 00:00:00.000000225,72.70895,126,26
1970-01-01 00:00:00.000000225,72.50252,126,27
1970-01-01 00:00:00.000000226,72.63212,126,27
1970-01-01 00:00:00.000000226,72.39604,126,28
1970-01-01 00:00:00.000000227,72.54202,126,28
1970-01-01 00:00:00.000000227,72.858,126,29
1970-01-01 00:00:00.000000228,73.019295,126,29
1970-01-01 00:00:00.000000228,73.678856,126,30
1970-01-01 00:00:00.000000229,73.852394,126,30
1970-01-01 00:00:00.000000229,74.89155,126,31
1970-01-01 00:00:00.000000230,75.03805,126,31
1970-01-01 00:00:00.000000230,75.35608,126,32
1970-01-01 00:00:00.000000231,75.465866,126,32
1970-01-01 00:00:00.000000231,75.59221,126,33
1970-01-01 00:00:00.000000232,75.6878,126,33
1970-01-01 00:00:00.000000188,66.775986,127,10
1970-01-01 00:00:00.000000189,66.986336,127,10
1970-01-01 00:00:00.000000189,66.7844,127,11
1970-01-01 00:00:00.000000190,66.99264,127,11
1970-01-01 00:00:00.000000190,67.02943,127,12
1970-01-01 00:00:00.000000191,67.207115,127,12
1970-01-01 00:00:00.000000191,67.05407,127,13
1970-01-01 00:00:00.000000192,67.17871,127,13
1970-01-01 00:00:00.000000192,66.40009,127,14
1970-01-01 00:00:00.000000193,66.491,127,14
1970-01-01 00:00:00.000000193,65.92391,127,15
1970-01-01 00:00:00.000000194,66.030495,127,15
1970-01-01 00:00:00.000000194,65.6451,127,16
1970-01-01 00:00:00.000000195,65.76889,127,16
1970-01-01 00:00:00.000000195,65.55312,127,17
1970-01-01 00:00:00.000000196,65.67935,127,17
1970-01-01 00:00:00.000000196,65.23566,127,18
1970-01-01 00:00:00.000000197,65.34232,127,18
1970-01-01 00:00:00.000000197,65.15597,127,19
1970-01-01 00:00:00.000000198,65.24139,127,19
1970-01-01 00:00:00.000000198,65.19466,127,20
1970-01-01 00:00:00.000000199,65.258934,127,20
1970-01-01 00:00:00.000000199,65.18142,127,21
1970-01-01 00:00:00.000000200,65.2268,127,21
1970-01-01 00:00:00.000000200,64.93634,127,22
1970-01-01 00:00:00.000000201,65.18967,127,22
1970-01-01 00:00:00.000000201,64.96743,127,23
1970-01-01 00:00:00.000000202,64.42666,127,23
1970-01-01 00:00:00.000000202,63.279163,127,24
1970-01-01 00:00:00.000000203,62.047104,127,24
1970-01-01 00:00:00.000000203,61.59178,127,25
1970-01-01 00:00:00.000000204,60.364727,127,25
1970-01-01 00:00:00.000000204,59.583477,127,26
1970-01-01 00:00:00.000000205,58.393612,127,26
1970-01-01 00:00:00.000000205,57.61533,127,27
1970-01-01 00:00:00.000000206,56.48015,127,27
1970-01-01 00:00:00.000000206,55.090057,127,28
1970-01-01 00:00:00.000000207,53.963886,127,28
1970-01-01 00:00:00.000000207,52.081715,127,29
1970-01-01 00:00:00.000000208,51.06562,127,29
1970-01-01 00:00:00.000000208,48.788193,127,30
1970-01-01 00:00:00.000000209,48.646572,127,30
1970-01-01 00:00:00.000000082,88.12251,129,10
1970-01-01 00:00:00.000000083,76.48956,129,10
1970-01-01 00:00:00.000000083,92.289925,129,11
1970-01-01 00:00:00.000000084,84.38571,129,11
