sequence_index,return,block_idx,fcst_origin
1970-01-01 00:00:00.000000097,153.78893,0,10
1970-01-01 00:00:00.000000098,153.82375,0,10
1970-01-01 00:00:00.000000099,158.145,0,10
1970-01-01 00:00:00.000000098,150.59941,0,11
1970-01-01 00:00:00.000000099,136.17538,0,11
1970-01-01 00:00:00.000000100,136.64886,0,11
1970-01-01 00:00:00.000000099,144.16464,0,12
1970-01-01 00:00:00.000000100,144.17024,0,12
1970-01-01 00:00:00.000000101,144.27734,0,12
1970-01-01 00:00:00.000000100,143.1109,0,13
1970-01-01 00:00:00.000000101,142.29575,0,13
1970-01-01 00:00:00.000000102,141.85231,0,13
1970-01-01 00:00:00.000000081,225.49202,1,10
1970-01-01 00:00:00.000000082,225.39746,1,10
1970-01-01 00:00:00.000000083,223.10214,1,10
1970-01-01 00:00:00.000000079,186.60327,4,10
1970-01-01 00:00:00.000000080,186.6401,4,10
1970-01-01 00:00:00.000000081,188.86911,4,10
1970-01-01 00:00:00.000000079,119.8463,5,10
1970-01-01 00:00:00.000000080,119.84028,5,10
1970-01-01 00:00:00.000000081,119.84868,5,10
1970-01-01 00:00:00.000000119,225.02905,11,10
1970-01-01 00:00:00.000000120,224.57857,11,10
1970-01-01 00:00:00.000000121,225.3591,11,10
1970-01-01 00:00:00.000000120,223.57361,11,11
1970-01-01 00:00:00.000000121,224.64665,11,11
1970-01-01 00:00:00.000000122,225.15219,11,11
1970-01-01 00:00:00.000000121,224.20462,11,12
1970-01-01 00:00:00.000000122,224.33281,11,12
1970-01-01 00:00:00.000000123,224.46118,11,12
1970-01-01 00:00:00.000000122,225.89076,11,13
1970-01-01 00:00:00.000000123,224.79703,11,13
1970-01-01 00:00:00.000000124,226.3404,11,13
1970-01-01 00:00:00.000000123,226.85234,11,14
1970-01-01 00:00:00.000000124,226.87703,11,14
1970-01-01 00:00:00.000000125,226.88695,11,14
1970-01-01 00:00:00.000000124,228.94019,11,15
1970-01-01 00:00:00.000000125,229.66551,11,15
1970-01-01 00:00:00.000000126,229.87505,11,15
1970-01-01 00:00:00.000000125,232.27795,11,16
1970-01-01 00:00:00.000000126,232.24765,11,16
1970-01-01 00:00:00.000000127,231.88855,11,16
1970-01-01 00:00:00.000000126,233.95326,11,17
1970-01-01 00:00:00.000000127,234.09315,11,17
1970-01-01 00:00:00.000000128,234.39755,11,17
1970-01-01 00:00:00.000000113,195.73953,12,10
1970-01-01 00:00:00.000000114,195.02562,12,10
1970-01-01 00:00:00.000000115,196.61006,12,10
1970-01-01 00:00:00.000000114,194.21008,12,11
1970-01-01 00:00:00.000000115,194.15439,12,11
1970-01-01 00:00:00.000000116,194.16245,12,11
1970-01-01 00:00:00.000000115,193.52342,12,12
1970-01-01 00:00:00.000000116,193.99124,12,12
1970-01-01 00:00:00.000000117,193.35027,12,12
1970-01-01 00:00:00.000000116,186.59572,12,13
1970-01-01 00:00:00.000000117,188.1485,12,13
1970-01-01 00:00:00.000000118,187.24866,12,13
1970-01-01 00:00:00.000000117,185.23003,12,14
1970-01-01 00:00:00.000000118,184.84885,12,14
1970-01-01 00:00:00.000000119,184.5787,12,14
1970-01-01 00:00:00.000000118,182.75426,12,15
1970-01-01 00:00:00.000000119,181.19136,12,15
1970-01-01 00:00:00.000000120,180.30356,12,15
1970-01-01 00:00:00.000000119,178.92046,12,16
1970-01-01 00:00:00.000000120,179.19778,12,16
1970-01-01 00:00:00.000000121,179.16267,12,16
1970-01-01 00:00:00.000000157,140.20898,13,10
1970-01-01 00:00:00.000000158,141.65259,13,10
1970-01-01 00:00:00.000000159,140.51755,13,10
1970-01-01 00:00:00.000000158,131.25291,13,11
1970-01-01 00:00:00.000000159,132.33441,13,11
1970-01-01 00:00:00.000000160,133.7182,13,11
1970-01-01 00:00:00.000000159,135.59344,13,12
1970-01-01 00:00:00.000000160,135.46574,13,12
1970-01-01 00:00:00.000000161,135.53381,13,12
1970-01-01 00:00:00.000000160,130.4974,13,13
1970-01-01 00:00:00.000000161,128.78,13,13
1970-01-01 00:00:00.000000162,129.73042,13,13
1970-01-01 00:00:00.000000161,130.07245,13,14
1970-01-01 00:00:00.000000162,130.08083,13,14
1970-01-01 00:00:00.000000163,129.79549,13,14
1970-01-01 00:00:00.000000162,133.39731,13,15
1970-01-01 00:00:00.000000163,132.842,13,15
1970-01-01 00:00:00.000000164,133.18983,13,15
1970-01-01 00:00:00.000000163,133.71924,13,16
1970-01-01 00:00:00.000000164,133.75647,13,16
1970-01-01 00:00:00.000000165,133.65198,13,16
1970-01-01 00:00:00.000000164,133.1965,13,17
1970-01-01 00:00:00.000000165,133.37808,13,17
1970-01-01 00:00:00.000000166,132.19548,13,17
1970-01-01 00:00:00.000000165,130.33873,13,18
1970-01-01 00:00:00.000000166,131.21843,13,18
1970-01-01 00:00:00.000000167,130.49893,13,18
1970-01-01 00:00:00.000000166,130.32613,13,19
1970-01-01 00:00:00.000000167,129.6489,13,19
1970-01-01 00:00:00.000000168,131.40674,13,19
1970-01-01 00:00:00.000000167,130.82045,13,20
1970-01-01 00:00:00.000000168,130.9961,13,20
1970-01-01 00:00:00.000000169,130.9648,13,20
1970-01-01 00:00:00.000000168,133.0622,13,21
1970-01-01 00:00:00.000000169,133.73724,13,21
1970-01-01 00:00:00.000000170,133.25613,13,21
1970-01-01 00:00:00.000000169,134.65898,13,22
1970-01-01 00:00:00.000000170,134.8562,13,22
1970-01-01 00:00:00.000000171,134.40382,13,22
1970-01-01 00:00:00.000000170,142.66818,13,23
1970-01-01 00:00:00.000000171,142.37267,13,23
1970-01-01 00:00:00.000000172,141.84953,13,23
1970-01-01 00:00:00.000000141,166.0806,15,10
1970-01-01 00:00:00.000000142,166.8915,15,10
1970-01-01 00:00:00.000000143,166.53284,15,10
1970-01-01 00:00:00.000000142,166.7641,15,11
1970-01-01 00:00:00.000000143,166.72655,15,11
1970-01-01 00:00:00.000000144,166.88571,15,11
1970-01-01 00:00:00.000000143,166.18271,15,12
1970-01-01 00:00:00.000000144,165.34286,15,12
1970-01-01 00:00:00.000000145,165.59412,15,12
1970-01-01 00:00:00.000000144,166.60272,15,13
1970-01-01 00:00:00.000000145,167.05193,15,13
1970-01-01 00:00:00.000000146,167.00847,15,13
1970-01-01 00:00:00.000000145,180.2408,15,14
1970-01-01 00:00:00.000000146,180.12683,15,14
1970-01-01 00:00:00.000000147,179.13574,15,14
1970-01-01 00:00:00.000000146,177.3921,15,15
1970-01-01 00:00:00.000000147,176.73315,15,15
1970-01-01 00:00:00.000000148,174.62633,15,15
1970-01-01 00:00:00.000000147,178.03766,15,16
1970-01-01 00:00:00.000000148,178.01704,15,16
1970-01-01 00:00:00.000000149,177.29721,15,16
1970-01-01 00:00:00.000000148,178.51868,15,17
1970-01-01 00:00:00.000000149,178.32436,15,17
1970-01-01 00:00:00.000000150,178.45978,15,17
1970-01-01 00:00:00.000000149,177.95485,15,18
1970-01-01 00:00:00.000000150,176.85844,15,18
1970-01-01 00:00:00.000000151,175.31265,15,18
1970-01-01 00:00:00.000000150,177.12344,15,19
1970-01-01 00:00:00.000000151,177.0407,15,19
1970-01-01 00:00:00.000000152,177.05257,15,19
1970-01-01 00:00:00.000000151,177.9564,15,20
1970-01-01 00:00:00.000000152,177.88602,15,20
1970-01-01 00:00:00.000000153,177.7535,15,20
1970-01-01 00:00:00.000000156,252.84656,16,10
1970-01-01 00:00:00.000000157,252.83803,16,10
1970-01-01 00:00:00.000000158,252.27808,16,10
1970-01-01 00:00:00.000000157,257.2519,16,11
1970-01-01 00:00:00.000000158,259.75128,16,11
1970-01-01 00:00:00.000000159,254.38542,16,11
1970-01-01 00:00:00.000000158,255.05284,16,12
1970-01-01 00:00:00.000000159,255.11221,16,12
1970-01-01 00:00:00.000000160,256.84552,16,12
1970-01-01 00:00:00.000000159,253.22394,16,13
1970-01-01 00:00:00.000000160,251.58351,16,13
1970-01-01 00:00:00.000000161,251.46893,16,13
1970-01-01 00:00:00.000000160,252.45628,16,14
1970-01-01 00:00:00.000000161,252.24133,16,14
1970-01-01 00:00:00.000000162,252.40488,16,14
1970-01-01 00:00:00.000000161,256.5683,16,15
1970-01-01 00:00:00.000000162,256.68503,16,15
1970-01-01 00:00:00.000000163,257.0137,16,15
1970-01-01 00:00:00.000000162,253.6923,16,16
1970-01-01 00:00:00.000000163,253.70273,16,16
1970-01-01 00:00:00.000000164,254.163,16,16
1970-01-01 00:00:00.000000163,252.966,16,17
1970-01-01 00:00:00.000000164,253.55678,16,17
1970-01-01 00:00:00.000000165,253.11424,16,17
1970-01-01 00:00:00.000000164,252.25206,16,18
1970-01-01 00:00:00.000000165,251.86145,16,18
1970-01-01 00:00:00.000000166,251.95244,16,18
1970-01-01 00:00:00.000000165,252.35728,16,19
1970-01-01 00:00:00.000000166,252.20569,16,19
1970-01-01 00:00:00.000000167,252.4803,16,19
1970-01-01 00:00:00.000000166,252.34743,16,20
1970-01-01 00:00:00.000000167,252.39523,16,20
1970-01-01 00:00:00.000000168,252.43622,16,20
1970-01-01 00:00:00.000000167,251.68346,16,21
1970-01-01 00:00:00.000000168,251.56026,16,21
1970-01-01 00:00:00.000000169,251.61292,16,21
1970-01-01 00:00:00.000000168,250.7432,16,22
1970-01-01 00:00:00.000000169,250.63034,16,22
1970-01-01 00:00:00.000000170,250.5796,16,22
1970-01-01 00:00:00.000000169,253.68019,16,23
1970-01-01 00:00:00.000000170,252.59714,16,23
1970-01-01 00:00:00.000000171,251.06152,16,23
1970-01-01 00:00:00.000000123,145.26192,17,10
1970-01-01 00:00:00.000000124,147.02576,17,10
1970-01-01 00:00:00.000000125,146.22081,17,10
1970-01-01 00:00:00.000000124,145.5881,17,11
1970-01-01 00:00:00.000000125,146.565,17,11
1970-01-01 00:00:00.000000126,144.99898,17,11
1970-01-01 00:00:00.000000125,144.99042,17,12
1970-01-01 00:00:00.000000126,142.74701,17,12
1970-01-01 00:00:00.000000127,143.34721,17,12
1970-01-01 00:00:00.000000126,139.55644,17,13
1970-01-01 00:00:00.000000127,140.02145,17,13
1970-01-01 00:00:00.000000128,139.90376,17,13
1970-01-01 00:00:00.000000127,131.97841,17,14
1970-01-01 00:00:00.000000128,134.12015,17,14
1970-01-01 00:00:00.000000129,134.25386,17,14
1970-01-01 00:00:00.000000128,114.77569,17,15
1970-01-01 00:00:00.000000129,113.66906,17,15
1970-01-01 00:00:00.000000130,116.832756,17,15
1970-01-01 00:00:00.000000129,116.83413,17,16
1970-01-01 00:00:00.000000130,117.39107,17,16
1970-01-01 00:00:00.000000131,117.561165,17,16
1970-01-01 00:00:00.000000130,106.58907,17,17
1970-01-01 00:00:00.000000131,100.912094,17,17
1970-01-01 00:00:00.000000132,112.28435,17,17
1970-01-01 00:00:00.000000134,204.22464,19,10
1970-01-01 00:00:00.000000135,203.18094,19,10
1970-01-01 00:00:00.000000136,203.58795,19,10
1970-01-01 00:00:00.000000135,200.32053,19,11
1970-01-01 00:00:00.000000136,200.15411,19,11
1970-01-01 00:00:00.000000137,200.50179,19,11
1970-01-01 00:00:00.000000136,198.80568,19,12
1970-01-01 00:00:00.000000137,198.5689,19,12
1970-01-01 00:00:00.000000138,198.66519,19,12
1970-01-01 00:00:00.000000137,192.61378,19,13
1970-01-01 00:00:00.000000138,191.15329,19,13
1970-01-01 00:00:00.000000139,190.127,19,13
1970-01-01 00:00:00.000000138,186.62552,19,14
1970-01-01 00:00:00.000000139,186.25223,19,14
1970-01-01 00:00:00.000000140,185.05862,19,14
1970-01-01 00:00:00.000000139,187.63242,19,15
1970-01-01 00:00:00.000000140,187.13799,19,15
1970-01-01 00:00:00.000000141,187.8146,19,15
1970-01-01 00:00:00.000000140,185.64386,19,16
1970-01-01 00:00:00.000000141,184.99911,19,16
1970-01-01 00:00:00.000000142,185.44496,19,16
1970-01-01 00:00:00.000000141,185.94302,19,17
1970-01-01 00:00:00.000000142,186.04054,19,17
1970-01-01 00:00:00.000000143,185.84306,19,17
1970-01-01 00:00:00.000000142,186.22232,19,18
1970-01-01 00:00:00.000000143,186.19008,19,18
1970-01-01 00:00:00.000000144,186.1672,19,18
1970-01-01 00:00:00.000000143,201.44331,19,19
1970-01-01 00:00:00.000000144,200.58788,19,19
1970-01-01 00:00:00.000000145,202.79257,19,19
1970-01-01 00:00:00.000000121,183.25082,20,10
1970-01-01 00:00:00.000000122,184.8761,20,10
1970-01-01 00:00:00.000000123,183.68057,20,10
1970-01-01 00:00:00.000000122,184.93147,20,11
1970-01-01 00:00:00.000000123,184.81784,20,11
1970-01-01 00:00:00.000000124,183.56284,20,11
1970-01-01 00:00:00.000000123,182.51125,20,12
1970-01-01 00:00:00.000000124,182.33194,20,12
1970-01-01 00:00:00.000000125,182.38155,20,12
1970-01-01 00:00:00.000000124,181.65448,20,13
1970-01-01 00:00:00.000000125,180.42488,20,13
1970-01-01 00:00:00.000000126,181.85852,20,13
1970-01-01 00:00:00.000000125,180.99126,20,14
1970-01-01 00:00:00.000000126,180.85245,20,14
1970-01-01 00:00:00.000000127,180.92317,20,14
1970-01-01 00:00:00.000000126,192.47932,20,15
1970-01-01 00:00:00.000000127,191.91406,20,15
1970-01-01 00:00:00.000000128,189.28123,20,15
1970-01-01 00:00:00.000000127,185.45412,20,16
1970-01-01 00:00:00.000000128,186.01405,20,16
1970-01-01 00:00:00.000000129,185.61227,20,16
1970-01-01 00:00:00.000000128,181.86307,20,17
1970-01-01 00:00:00.000000129,182.3371,20,17
1970-01-01 00:00:00.000000130,181.45222,20,17
1970-01-01 00:00:00.000000130,115.2081,21,10
1970-01-01 00:00:00.000000131,114.71733,21,10
1970-01-01 00:00:00.000000132,115.72254,21,10
1970-01-01 00:00:00.000000131,118.72041,21,11
1970-01-01 00:00:00.000000132,117.22113,21,11
1970-01-01 00:00:00.000000133,118.43317,21,11
1970-01-01 00:00:00.000000132,136.95686,21,12
1970-01-01 00:00:00.000000133,116.90516,21,12
1970-01-01 00:00:00.000000134,130.79915,21,12
1970-01-01 00:00:00.000000133,147.83379,21,13
1970-01-01 00:00:00.000000134,148.17854,21,13
1970-01-01 00:00:00.000000135,143.62932,21,13
1970-01-01 00:00:00.000000134,166.77904,21,14
1970-01-01 00:00:00.000000135,168.22137,21,14
1970-01-01 00:00:00.000000136,169.26335,21,14
1970-01-01 00:00:00.000000135,164.7923,21,15
1970-01-01 00:00:00.000000136,164.72615,21,15
1970-01-01 00:00:00.000000137,165.40512,21,15
1970-01-01 00:00:00.000000136,154.75633,21,16
1970-01-01 00:00:00.000000137,155.79697,21,16
1970-01-01 00:00:00.000000138,150.59583,21,16
1970-01-01 00:00:00.000000137,151.27715,21,17
1970-01-01 00:00:00.000000138,149.14555,21,17
1970-01-01 00:00:00.000000139,152.96715,21,17
1970-01-01 00:00:00.000000138,148.17474,21,18
1970-01-01 00:00:00.000000139,149.83498,21,18
1970-01-01 00:00:00.000000140,145.22382,21,18
1970-01-01 00:00:00.000000171,137.97205,22,10
1970-01-01 00:00:00.000000172,138.27278,22,10
1970-01-01 00:00:00.000000173,140.17236,22,10
1970-01-01 00:00:00.000000172,135.40382,22,11
1970-01-01 00:00:00.000000173,135.50601,22,11
1970-01-01 00:00:00.000000174,135.5083,22,11
1970-01-01 00:00:00.000000173,134.25385,22,12
1970-01-01 00:00:00.000000174,134.49597,22,12
1970-01-01 00:00:00.000000175,133.82043,22,12
1970-01-01 00:00:00.000000174,129.1371,22,13
1970-01-01 00:00:00.000000175,129.8193,22,13
1970-01-01 00:00:00.000000176,129.61485,22,13
1970-01-01 00:00:00.000000175,139.05457,22,14
1970-01-01 00:00:00.000000176,152.63362,22,14
1970-01-01 00:00:00.000000177,143.21948,22,14
1970-01-01 00:00:00.000000176,136.03203,22,15
1970-01-01 00:00:00.000000177,135.50874,22,15
1970-01-01 00:00:00.000000178,132.23776,22,15
1970-01-01 00:00:00.000000177,135.16292,22,16
1970-01-01 00:00:00.000000178,135.20335,22,16
1970-01-01 00:00:00.000000179,135.17567,22,16
1970-01-01 00:00:00.000000178,114.73016,22,17
1970-01-01 00:00:00.000000179,113.93933,22,17
1970-01-01 00:00:00.000000180,120.49303,22,17
1970-01-01 00:00:00.000000179,110.15353,22,18
1970-01-01 00:00:00.000000180,110.08976,22,18
1970-01-01 00:00:00.000000181,110.09969,22,18
1970-01-01 00:00:00.000000180,111.54535,22,19
1970-01-01 00:00:00.000000181,111.84993,22,19
1970-01-01 00:00:00.000000182,112.19273,22,19
1970-01-01 00:00:00.000000181,113.41929,22,20
1970-01-01 00:00:00.000000182,118.95037,22,20
1970-01-01 00:00:00.000000183,120.83204,22,20
1970-01-01 00:00:00.000000182,109.789154,22,21
1970-01-01 00:00:00.000000183,111.675316,22,21
1970-01-01 00:00:00.000000184,111.16303,22,21
1970-01-01 00:00:00.000000183,104.09651,22,22
1970-01-01 00:00:00.000000184,103.96073,22,22
1970-01-01 00:00:00.000000185,105.3862,22,22
1970-01-01 00:00:00.000000184,110.057526,22,23
1970-01-01 00:00:00.000000185,108.01699,22,23
1970-01-01 00:00:00.000000186,104.3171,22,23
1970-01-01 00:00:00.000000185,102.07725,22,24
1970-01-01 00:00:00.000000186,98.40759,22,24
1970-01-01 00:00:00.000000187,108.264305,22,24
1970-01-01 00:00:00.000000186,92.174065,22,25
1970-01-01 00:00:00.000000187,86.2534,22,25
1970-01-01 00:00:00.000000188,88.87117,22,25
1970-01-01 00:00:00.000000187,83.83623,22,26
1970-01-01 00:00:00.000000188,82.94836,22,26
1970-01-01 00:00:00.000000189,84.573555,22,26
1970-01-01 00:00:00.000000130,220.76703,23,10
1970-01-01 00:00:00.000000131,220.8831,23,10
1970-01-01 00:00:00.000000132,220.86124,23,10
1970-01-01 00:00:00.000000131,219.96219,23,11
1970-01-01 00:00:00.000000132,219.93277,23,11
1970-01-01 00:00:00.000000133,219.97751,23,11
1970-01-01 00:00:00.000000132,220.19322,23,12
1970-01-01 00:00:00.000000133,220.22324,23,12
1970-01-01 00:00:00.000000134,220.24767,23,12
1970-01-01 00:00:00.000000133,220.42154,23,13
1970-01-01 00:00:00.000000134,220.64188,23,13
1970-01-01 00:00:00.000000135,220.53711,23,13
1970-01-01 00:00:00.000000134,226.06918,23,14
1970-01-01 00:00:00.000000135,225.84497,23,14
1970-01-01 00:00:00.000000136,226.34706,23,14
1970-01-01 00:00:00.000000135,227.04869,23,15
1970-01-01 00:00:00.000000136,226.0335,23,15
1970-01-01 00:00:00.000000137,225.87193,23,15
1970-01-01 00:00:00.000000136,228.56073,23,16
1970-01-01 00:00:00.000000137,228.3639,23,16
1970-01-01 00:00:00.000000138,228.61569,23,16
1970-01-01 00:00:00.000000137,234.50302,23,17
1970-01-01 00:00:00.000000138,233.93674,23,17
1970-01-01 00:00:00.000000139,233.41109,23,17
1970-01-01 00:00:00.000000138,234.69919,23,18
1970-01-01 00:00:00.000000139,234.99254,23,18
1970-01-01 00:00:00.000000140,235.6526,23,18
1970-01-01 00:00:00.000000139,233.76382,23,19
1970-01-01 00:00:00.000000140,234.09656,23,19
1970-01-01 00:00:00.000000141,233.15277,23,19
1970-01-01 00:00:00.000000095,134.26282,25,10
1970-01-01 00:00:00.000000096,134.33846,25,10
1970-01-01 00:00:00.000000097,134.16248,25,10
1970-01-01 00:00:00.000000096,141.92719,25,11
1970-01-01 00:00:00.000000097,141.76674,25,11
1970-01-01 00:00:00.000000098,140.32791,25,11
1970-01-01 00:00:00.000000097,151.79549,25,12
1970-01-01 00:00:00.000000098,149.78952,25,12
1970-01-01 00:00:00.000000099,151.29881,25,12
1970-01-01 00:00:00.000000231,206.4689,26,10
1970-01-01 00:00:00.000000232,205.68741,26,10
1970-01-01 00:00:00.000000233,206.595,26,10
1970-01-01 00:00:00.000000232,214.41846,26,11
1970-01-01 00:00:00.000000233,215.02774,26,11
1970-01-01 00:00:00.000000234,213.73286,26,11
1970-01-01 00:00:00.000000233,212.86783,26,12
1970-01-01 00:00:00.000000234,212.2147,26,12
1970-01-01 00:00:00.000000235,212.27156,26,12
1970-01-01 00:00:00.000000234,212.61833,26,13
1970-01-01 00:00:00.000000235,212.35591,26,13
1970-01-01 00:00:00.000000236,212.8309,26,13
1970-01-01 00:00:00.000000235,213.02036,26,14
1970-01-01 00:00:00.000000236,213.16818,26,14
1970-01-01 00:00:00.000000237,212.968,26,14
1970-01-01 00:00:00.000000236,212.49182,26,15
1970-01-01 00:00:00.000000237,210.83534,26,15
1970-01-01 00:00:00.000000238,210.6303,26,15
1970-01-01 00:00:00.000000237,212.51576,26,16
1970-01-01 00:00:00.000000238,212.46739,26,16
1970-01-01 00:00:00.000000239,212.52045,26,16
1970-01-01 00:00:00.000000238,212.24045,26,17
1970-01-01 00:00:00.000000239,212.21317,26,17
1970-01-01 00:00:00.000000240,212.33812,26,17
1970-01-01 00:00:00.000000239,211.25148,26,18
1970-01-01 00:00:00.000000240,211.15921,26,18
1970-01-01 00:00:00.000000241,211.11115,26,18
1970-01-01 00:00:00.000000240,209.58797,26,19
1970-01-01 00:00:00.000000241,210.44048,26,19
1970-01-01 00:00:00.000000242,211.1062,26,19
1970-01-01 00:00:00.000000241,205.79976,26,20
1970-01-01 00:00:00.000000242,204.8829,26,20
1970-01-01 00:00:00.000000243,204.77388,26,20
1970-01-01 00:00:00.000000242,201.13295,26,21
1970-01-01 00:00:00.000000243,201.66258,26,21
1970-01-01 00:00:00.000000244,198.45827,26,21
1970-01-01 00:00:00.000000243,202.10742,26,22
1970-01-01 00:00:00.000000244,201.86832,26,22
1970-01-01 00:00:00.000000245,201.53386,26,22
1970-01-01 00:00:00.000000244,200.71944,26,23
1970-01-01 00:00:00.000000245,201.24736,26,23
1970-01-01 00:00:00.000000246,201.07298,26,23
1970-01-01 00:00:00.000000245,198.50491,26,24
1970-01-01 00:00:00.000000246,199.97601,26,24
1970-01-01 00:00:00.000000247,201.1033,26,24
1970-01-01 00:00:00.000000246,202.66661,26,25
1970-01-01 00:00:00.000000247,202.74605,26,25
1970-01-01 00:00:00.000000248,202.85161,26,25
1970-01-01 00:00:00.000000247,199.89757,26,26
1970-01-01 00:00:00.000000248,200.23975,26,26
1970-01-01 00:00:00.000000249,199.85211,26,26
1970-01-01 00:00:00.000000248,188.65909,26,27
1970-01-01 00:00:00.000000249,192.07918,26,27
1970-01-01 00:00:00.000000250,195.98412,26,27
1970-01-01 00:00:00.000000249,175.16493,26,28
1970-01-01 00:00:00.000000250,191.4008,26,28
1970-01-01 00:00:00.000000251,219.70273,26,28
1970-01-01 00:00:00.000000250,56.734035,26,29
1970-01-01 00:00:00.000000251,26.58629,26,29
1970-01-01 00:00:00.000000252,52.24973,26,29
1970-01-01 00:00:00.000000251,36.93507,26,30
1970-01-01 00:00:00.000000252,27.490763,26,30
1970-01-01 00:00:00.000000253,49.418,26,30
1970-01-01 00:00:00.000000252,42.392433,26,31
1970-01-01 00:00:00.000000253,41.041058,26,31
1970-01-01 00:00:00.000000254,42.551483,26,31
1970-01-01 00:00:00.000000253,67.69285,26,32
1970-01-01 00:00:00.000000254,66.898415,26,32
1970-01-01 00:00:00.000000255,68.49039,26,32
1970-01-01 00:00:00.000000254,102.083084,26,33
1970-01-01 00:00:00.000000255,102.90956,26,33
1970-01-01 00:00:00.000000256,88.825645,26,33
1970-01-01 00:00:00.000000255,125.76947,26,34
1970-01-01 00:00:00.000000256,132.64534,26,34
1970-01-01 00:00:00.000000257,136.55125,26,34
1970-01-01 00:00:00.000000256,132.73132,26,35
1970-01-01 00:00:00.000000257,132.3975,26,35
1970-01-01 00:00:00.000000258,132.94852,26,35
1970-01-01 00:00:00.000000257,140.77953,26,36
1970-01-01 00:00:00.000000258,137.89091,26,36
1970-01-01 00:00:00.000000259,142.35269,26,36
1970-01-01 00:00:00.000000181,88.29464,29,10
1970-01-01 00:00:00.000000182,88.896515,29,10
1970-01-01 00:00:00.000000183,87.366394,29,10
1970-01-01 00:00:00.000000182,89.25078,29,11
1970-01-01 00:00:00.000000183,88.23571,29,11
1970-01-01 00:00:00.000000184,86.30986,29,11
1970-01-01 00:00:00.000000183,91.85847,29,12
1970-01-01 00:00:00.000000184,92.311195,29,12
1970-01-01 00:00:00.000000185,92.505714,29,12
1970-01-01 00:00:00.000000184,94.54015,29,13
1970-01-01 00:00:00.000000185,95.50101,29,13
1970-01-01 00:00:00.000000186,95.6469,29,13
1970-01-01 00:00:00.000000185,98.594765,29,14
1970-01-01 00:00:00.000000186,99.45062,29,14
1970-01-01 00:00:00.000000187,99.815056,29,14
1970-01-01 00:00:00.000000186,103.67444,29,15
1970-01-01 00:00:00.000000187,103.848114,29,15
1970-01-01 00:00:00.000000188,103.77162,29,15
1970-01-01 00:00:00.000000187,106.53538,29,16
1970-01-01 00:00:00.000000188,110.47371,29,16
1970-01-01 00:00:00.000000189,112.3872,29,16
1970-01-01 00:00:00.000000188,108.201454,29,17
1970-01-01 00:00:00.000000189,108.17663,29,17
1970-01-01 00:00:00.000000190,108.27583,29,17
1970-01-01 00:00:00.000000189,101.4615,29,18
1970-01-01 00:00:00.000000190,104.736046,29,18
1970-01-01 00:00:00.000000191,103.18,29,18
1970-01-01 00:00:00.000000190,90.177475,29,19
1970-01-01 00:00:00.000000191,86.328384,29,19
1970-01-01 00:00:00.000000192,75.98698,29,19
1970-01-01 00:00:00.000000191,89.167816,29,20
1970-01-01 00:00:00.000000192,87.86068,29,20
1970-01-01 00:00:00.000000193,87.93064,29,20
1970-01-01 00:00:00.000000192,94.09281,29,21
1970-01-01 00:00:00.000000193,94.90564,29,21
1970-01-01 00:00:00.000000194,96.70918,29,21
1970-01-01 00:00:00.000000193,54.93769,29,22
1970-01-01 00:00:00.000000194,52.35301,29,22
1970-01-01 00:00:00.000000195,53.126736,29,22
1970-01-01 00:00:00.000000194,84.2096,29,23
1970-01-01 00:00:00.000000195,80.76804,29,23
1970-01-01 00:00:00.000000196,71.16211,29,23
1970-01-01 00:00:00.000000195,67.59783,29,24
1970-01-01 00:00:00.000000196,68.69347,29,24
1970-01-01 00:00:00.000000197,66.79555,29,24
1970-01-01 00:00:00.000000196,65.75069,29,25
1970-01-01 00:00:00.000000197,65.67608,29,25
1970-01-01 00:00:00.000000198,65.69916,29,25
1970-01-01 00:00:00.000000197,44.672646,29,26
1970-01-01 00:00:00.000000198,46.70636,29,26
1970-01-01 00:00:00.000000199,42.273987,29,26
1970-01-01 00:00:00.000000198,60.317013,29,27
1970-01-01 00:00:00.000000199,57.73457,29,27
1970-01-01 00:00:00.000000200,64.84135,29,27
1970-01-01 00:00:00.000000199,63.061825,29,28
1970-01-01 00:00:00.000000200,63.312916,29,28
1970-01-01 00:00:00.000000201,63.10634,29,28
1970-01-01 00:00:00.000000092,174.8559,40,10
1970-01-01 00:00:00.000000093,177.42061,40,10
1970-01-01 00:00:00.000000094,176.42032,40,10
1970-01-01 00:00:00.000000093,185.77174,40,11
1970-01-01 00:00:00.000000094,188.35666,40,11
1970-01-01 00:00:00.000000095,188.7923,40,11
1970-01-01 00:00:00.000000094,185.95448,40,12
1970-01-01 00:00:00.000000095,184.83852,40,12
1970-01-01 00:00:00.000000096,184.99174,40,12
1970-01-01 00:00:00.000000092,175.18413,42,10
1970-01-01 00:00:00.000000093,175.88469,42,10
1970-01-01 00:00:00.000000094,175.36456,42,10
1970-01-01 00:00:00.000000093,173.401,42,11
1970-01-01 00:00:00.000000094,175.52982,42,11
1970-01-01 00:00:00.000000095,172.6058,42,11
1970-01-01 00:00:00.000000094,178.38396,42,12
1970-01-01 00:00:00.000000095,179.25151,42,12
1970-01-01 00:00:00.000000096,178.96011,42,12
1970-01-01 00:00:00.000000156,119.49976,45,10
1970-01-01 00:00:00.000000157,119.69119,45,10
1970-01-01 00:00:00.000000158,119.217705,45,10
1970-01-01 00:00:00.000000157,119.45146,45,11
1970-01-01 00:00:00.000000158,119.45544,45,11
1970-01-01 00:00:00.000000159,119.45404,45,11
1970-01-01 00:00:00.000000158,119.12937,45,12
1970-01-01 00:00:00.000000159,119.07238,45,12
1970-01-01 00:00:00.000000160,119.14848,45,12
1970-01-01 00:00:00.000000159,117.456856,45,13
1970-01-01 00:00:00.000000160,117.17062,45,13
1970-01-01 00:00:00.000000161,116.901886,45,13
1970-01-01 00:00:00.000000160,117.886604,45,14
1970-01-01 00:00:00.000000161,117.808365,45,14
1970-01-01 00:00:00.000000162,117.979454,45,14
1970-01-01 00:00:00.000000161,116.983086,45,15
1970-01-01 00:00:00.000000162,116.827286,45,15
1970-01-01 00:00:00.000000163,116.70004,45,15
1970-01-01 00:00:00.000000162,118.27528,45,16
1970-01-01 00:00:00.000000163,118.41876,45,16
1970-01-01 00:00:00.000000164,118.2491,45,16
1970-01-01 00:00:00.000000163,118.0335,45,17
1970-01-01 00:00:00.000000164,118.385254,45,17
1970-01-01 00:00:00.000000165,118.77196,45,17
1970-01-01 00:00:00.000000164,119.41107,45,18
1970-01-01 00:00:00.000000165,119.18253,45,18
1970-01-01 00:00:00.000000166,119.523796,45,18
1970-01-01 00:00:00.000000165,119.48599,45,19
1970-01-01 00:00:00.000000166,119.465904,45,19
1970-01-01 00:00:00.000000167,119.46822,45,19
1970-01-01 00:00:00.000000166,118.83417,45,20
1970-01-01 00:00:00.000000167,119.002655,45,20
1970-01-01 00:00:00.000000168,119.01615,45,20
1970-01-01 00:00:00.000000167,116.55513,45,21
1970-01-01 00:00:00.000000168,115.71654,45,21
1970-01-01 00:00:00.000000169,115.966194,45,21
1970-01-01 00:00:00.000000168,117.32408,45,22
1970-01-01 00:00:00.000000169,117.09067,45,22
1970-01-01 00:00:00.000000170,117.133484,45,22
1970-01-01 00:00:00.000000169,117.87112,45,23
1970-01-01 00:00:00.000000170,117.917854,45,23
1970-01-01 00:00:00.000000171,117.82428,45,23
1970-01-01 00:00:00.000000116,106.12068,46,10
1970-01-01 00:00:00.000000117,110.59995,46,10
1970-01-01 00:00:00.000000118,112.01826,46,10
1970-01-01 00:00:00.000000117,106.875595,46,11
1970-01-01 00:00:00.000000118,103.6646,46,11
1970-01-01 00:00:00.000000119,104.99229,46,11
1970-01-01 00:00:00.000000118,107.44693,46,12
1970-01-01 00:00:00.000000119,107.63509,46,12
1970-01-01 00:00:00.000000120,108.01712,46,12
1970-01-01 00:00:00.000000119,103.33382,46,13
1970-01-01 00:00:00.000000120,104.89574,46,13
1970-01-01 00:00:00.000000121,103.22541,46,13
1970-01-01 00:00:00.000000120,102.74707,46,14
1970-01-01 00:00:00.000000121,102.9266,46,14
1970-01-01 00:00:00.000000122,103.2295,46,14
1970-01-01 00:00:00.000000121,103.34014,46,15
1970-01-01 00:00:00.000000122,102.87571,46,15
1970-01-01 00:00:00.000000123,103.37967,46,15
1970-01-01 00:00:00.000000122,101.81792,46,16
1970-01-01 00:00:00.000000123,99.928345,46,16
1970-01-01 00:00:00.000000124,100.14643,46,16
1970-01-01 00:00:00.000000243,102.69444,53,10
1970-01-01 00:00:00.000000244,102.71389,53,10
1970-01-01 00:00:00.000000245,102.61586,53,10
1970-01-01 00:00:00.000000244,108.55242,53,11
1970-01-01 00:00:00.000000245,108.78131,53,11
1970-01-01 00:00:00.000000246,108.641495,53,11
1970-01-01 00:00:00.000000245,111.082504,53,12
1970-01-01 00:00:00.000000246,111.25676,53,12
1970-01-01 00:00:00.000000247,110.668076,53,12
1970-01-01 00:00:00.000000246,107.95462,53,13
1970-01-01 00:00:00.000000247,107.579506,53,13
1970-01-01 00:00:00.000000248,108.32534,53,13
1970-01-01 00:00:00.000000247,95.003914,53,14
1970-01-01 00:00:00.000000248,99.12431,53,14
1970-01-01 00:00:00.000000249,103.038704,53,14
1970-01-01 00:00:00.000000248,108.25109,53,15
1970-01-01 00:00:00.000000249,107.9573,53,15
1970-01-01 00:00:00.000000250,109.26953,53,15
1970-01-01 00:00:00.000000249,106.83783,53,16
1970-01-01 00:00:00.000000250,107.52456,53,16
1970-01-01 00:00:00.000000251,106.56941,53,16
1970-01-01 00:00:00.000000250,108.01124,53,17
1970-01-01 00:00:00.000000251,108.48366,53,17
1970-01-01 00:00:00.000000252,108.4677,53,17
1970-01-01 00:00:00.000000251,111.50629,53,18
1970-01-01 00:00:00.000000252,111.813126,53,18
1970-01-01 00:00:00.000000253,110.26325,53,18
1970-01-01 00:00:00.000000252,113.70689,53,19
1970-01-01 00:00:00.000000253,113.73936,53,19
1970-01-01 00:00:00.000000254,113.68835,53,19
1970-01-01 00:00:00.000000253,119.42691,53,20
1970-01-01 00:00:00.000000254,121.19991,53,20
1970-01-01 00:00:00.000000255,118.77892,53,20
1970-01-01 00:00:00.000000254,108.34619,53,21
1970-01-01 00:00:00.000000255,110.03225,53,21
1970-01-01 00:00:00.000000256,108.329285,53,21
1970-01-01 00:00:00.000000255,101.200714,53,22
1970-01-01 00:00:00.000000256,104.652626,53,22
1970-01-01 00:00:00.000000257,105.875565,53,22
1970-01-01 00:00:00.000000256,88.62873,53,23
1970-01-01 00:00:00.000000257,86.459785,53,23
1970-01-01 00:00:00.000000258,86.367065,53,23
1970-01-01 00:00:00.000000257,91.343414,53,24
1970-01-01 00:00:00.000000258,91.8447,53,24
1970-01-01 00:00:00.000000259,91.771736,53,24
1970-01-01 00:00:00.000000258,90.50794,53,25
1970-01-01 00:00:00.000000259,90.841,53,25
1970-01-01 00:00:00.000000260,90.457405,53,25
1970-01-01 00:00:00.000000259,90.23494,53,26
1970-01-01 00:00:00.000000260,90.74332,53,26
1970-01-01 00:00:00.000000261,91.10431,53,26
1970-01-01 00:00:00.000000260,93.42875,53,27
1970-01-01 00:00:00.000000261,92.82843,53,27
1970-01-01 00:00:00.000000262,92.849045,53,27
1970-01-01 00:00:00.000000261,90.49976,53,28
1970-01-01 00:00:00.000000262,90.770805,53,28
1970-01-01 00:00:00.000000263,90.20061,53,28
1970-01-01 00:00:00.000000262,96.61009,53,29
1970-01-01 00:00:00.000000263,96.50764,53,29
1970-01-01 00:00:00.000000264,101.22851,53,29
1970-01-01 00:00:00.000000263,98.17927,53,30
1970-01-01 00:00:00.000000264,98.05903,53,30
1970-01-01 00:00:00.000000265,98.25687,53,30
1970-01-01 00:00:00.000000264,84.26276,53,31
1970-01-01 00:00:00.000000265,82.03872,53,31
1970-01-01 00:00:00.000000266,83.96895,53,31
1970-01-01 00:00:00.000000265,102.86223,53,32
1970-01-01 00:00:00.000000266,98.83038,53,32
1970-01-01 00:00:00.000000267,103.91792,53,32
1970-01-01 00:00:00.000000266,89.60294,53,33
1970-01-01 00:00:00.000000267,90.430244,53,33
1970-01-01 00:00:00.000000268,85.98568,53,33
1970-01-01 00:00:00.000000267,74.320564,53,34
1970-01-01 00:00:00.000000268,77.34425,53,34
1970-01-01 00:00:00.000000269,76.15683,53,34
1970-01-01 00:00:00.000000268,76.12274,53,35
1970-01-01 00:00:00.000000269,76.50717,53,35
1970-01-01 00:00:00.000000270,76.14403,53,35
1970-01-01 00:00:00.000000269,72.90169,53,36
1970-01-01 00:00:00.000000270,73.84563,53,36
1970-01-01 00:00:00.000000271,72.96164,53,36
1970-01-01 00:00:00.000000270,75.74201,53,37
1970-01-01 00:00:00.000000271,76.08834,53,37
1970-01-01 00:00:00.000000272,76.172585,53,37
1970-01-01 00:00:00.000000271,79.45236,53,38
1970-01-01 00:00:00.000000272,80.91398,53,38
1970-01-01 00:00:00.000000273,83.552925,53,38
1970-01-01 00:00:00.000000272,85.4651,53,39
1970-01-01 00:00:00.000000273,83.429375,53,39
1970-01-01 00:00:00.000000274,83.54834,53,39
1970-01-01 00:00:00.000000097,37.538048,54,10
1970-01-01 00:00:00.000000098,40.395233,54,10
1970-01-01 00:00:00.000000099,40.12144,54,10
1970-01-01 00:00:00.000000098,36.181625,54,11
1970-01-01 00:00:00.000000099,36.342915,54,11
1970-01-01 00:00:00.000000100,36.281178,54,11
1970-01-01 00:00:00.000000099,35.095085,54,12
1970-01-01 00:00:00.000000100,35.00571,54,12
1970-01-01 00:00:00.000000101,35.1661,54,12
1970-01-01 00:00:00.000000100,33.563423,54,13
1970-01-01 00:00:00.000000101,34.002098,54,13
1970-01-01 00:00:00.000000102,33.37568,54,13
1970-01-01 00:00:00.000000277,67.59645,60,10
1970-01-01 00:00:00.000000278,67.12173,60,10
1970-01-01 00:00:00.000000279,64.89851,60,10
1970-01-01 00:00:00.000000278,50.323635,60,11
1970-01-01 00:00:00.000000279,58.20956,60,11
1970-01-01 00:00:00.000000280,58.088253,60,11
1970-01-01 00:00:00.000000279,61.836433,60,12
1970-01-01 00:00:00.000000280,61.75956,60,12
1970-01-01 00:00:00.000000281,62.0745,60,12
1970-01-01 00:00:00.000000280,54.79615,60,13
1970-01-01 00:00:00.000000281,55.46761,60,13
1970-01-01 00:00:00.000000282,53.428017,60,13
1970-01-01 00:00:00.000000281,54.826546,60,14
1970-01-01 00:00:00.000000282,54.42342,60,14
1970-01-01 00:00:00.000000283,54.89945,60,14
1970-01-01 00:00:00.000000282,52.77563,60,15
1970-01-01 00:00:00.000000283,53.245674,60,15
1970-01-01 00:00:00.000000284,56.097607,60,15
1970-01-01 00:00:00.000000283,52.940845,60,16
1970-01-01 00:00:00.000000284,52.433918,60,16
1970-01-01 00:00:00.000000285,51.477325,60,16
1970-01-01 00:00:00.000000284,64.03672,60,17
1970-01-01 00:00:00.000000285,65.09126,60,17
1970-01-01 00:00:00.000000286,63.80867,60,17
1970-01-01 00:00:00.000000285,66.69468,60,18
1970-01-01 00:00:00.000000286,66.62868,60,18
1970-01-01 00:00:00.000000287,69.41809,60,18
1970-01-01 00:00:00.000000286,77.11784,60,19
1970-01-01 00:00:00.000000287,75.87941,60,19
1970-01-01 00:00:00.000000288,79.02516,60,19
1970-01-01 00:00:00.000000287,73.25366,60,20
1970-01-01 00:00:00.000000288,73.21434,60,20
1970-01-01 00:00:00.000000289,72.90338,60,20
1970-01-01 00:00:00.000000288,76.67105,60,21
1970-01-01 00:00:00.000000289,77.96329,60,21
1970-01-01 00:00:00.000000290,78.93462,60,21
1970-01-01 00:00:00.000000289,71.189995,60,22
1970-01-01 00:00:00.000000290,70.98353,60,22
1970-01-01 00:00:00.000000291,72.2945,60,22
1970-01-01 00:00:00.000000290,70.10691,60,23
1970-01-01 00:00:00.000000291,70.07189,60,23
1970-01-01 00:00:00.000000292,70.17209,60,23
1970-01-01 00:00:00.000000291,73.449684,60,24
1970-01-01 00:00:00.000000292,74.01871,60,24
1970-01-01 00:00:00.000000293,73.772575,60,24
1970-01-01 00:00:00.000000292,68.8842,60,25
1970-01-01 00:00:00.000000293,69.23052,60,25
1970-01-01 00:00:00.000000294,69.24735,60,25
1970-01-01 00:00:00.000000293,74.4367,60,26
1970-01-01 00:00:00.000000294,76.867294,60,26
1970-01-01 00:00:00.000000295,77.61729,60,26
1970-01-01 00:00:00.000000294,69.62065,60,27
1970-01-01 00:00:00.000000295,69.30148,60,27
1970-01-01 00:00:00.000000296,69.50855,60,27
1970-01-01 00:00:00.000000295,63.854195,60,28
1970-01-01 00:00:00.000000296,63.723183,60,28
1970-01-01 00:00:00.000000297,63.295357,60,28
1970-01-01 00:00:00.000000296,64.239426,60,29
1970-01-01 00:00:00.000000297,64.2665,60,29
1970-01-01 00:00:00.000000298,65.30532,60,29
1970-01-01 00:00:00.000000297,65.48056,60,30
1970-01-01 00:00:00.000000298,65.7011,60,30
1970-01-01 00:00:00.000000299,66.41094,60,30
1970-01-01 00:00:00.000000298,65.68575,60,31
1970-01-01 00:00:00.000000299,70.38355,60,31
1970-01-01 00:00:00.000000300,66.36121,60,31
1970-01-01 00:00:00.000000299,67.873055,60,32
1970-01-01 00:00:00.000000300,63.740337,60,32
1970-01-01 00:00:00.000000301,63.575455,60,32
1970-01-01 00:00:00.000000300,61.401657,60,33
1970-01-01 00:00:00.000000301,61.012203,60,33
1970-01-01 00:00:00.000000302,60.604637,60,33
1970-01-01 00:00:00.000000301,55.744995,60,34
1970-01-01 00:00:00.000000302,59.19022,60,34
1970-01-01 00:00:00.000000303,57.759716,60,34
1970-01-01 00:00:00.000000302,60.28811,60,35
1970-01-01 00:00:00.000000303,59.952255,60,35
1970-01-01 00:00:00.000000304,62.11827,60,35
1970-01-01 00:00:00.000000303,54.860954,60,36
1970-01-01 00:00:00.000000304,52.476025,60,36
1970-01-01 00:00:00.000000305,54.252228,60,36
1970-01-01 00:00:00.000000304,53.270325,60,37
1970-01-01 00:00:00.000000305,50.265934,60,37
1970-01-01 00:00:00.000000306,47.188633,60,37
1970-01-01 00:00:00.000000305,50.947575,60,38
1970-01-01 00:00:00.000000306,49.421,60,38
1970-01-01 00:00:00.000000307,52.19449,60,38
1970-01-01 00:00:00.000000306,58.81797,60,39
1970-01-01 00:00:00.000000307,57.951378,60,39
1970-01-01 00:00:00.000000308,57.864616,60,39
1970-01-01 00:00:00.000000307,63.508404,60,40
1970-01-01 00:00:00.000000308,63.690884,60,40
1970-01-01 00:00:00.000000309,64.12426,60,40
1970-01-01 00:00:00.000000308,58.180496,60,41
1970-01-01 00:00:00.000000309,57.41764,60,41
1970-01-01 00:00:00.000000310,57.110413,60,41
1970-01-01 00:00:00.000000309,55.25129,60,42
1970-01-01 00:00:00.000000310,56.276688,60,42
1970-01-01 00:00:00.000000311,54.80533,60,42
1970-01-01 00:00:00.000000310,40.422325,60,43
1970-01-01 00:00:00.000000311,48.38331,60,43
1970-01-01 00:00:00.000000312,41.189682,60,43
1970-01-01 00:00:00.000000311,44.811848,60,44
1970-01-01 00:00:00.000000312,44.45758,60,44
1970-01-01 00:00:00.000000313,44.133915,60,44
1970-01-01 00:00:00.000000312,51.610046,60,45
1970-01-01 00:00:00.000000313,50.640682,60,45
1970-01-01 00:00:00.000000314,49.343124,60,45
1970-01-01 00:00:00.000000102,68.31658,61,10
1970-01-01 00:00:00.000000103,67.85651,61,10
1970-01-01 00:00:00.000000104,68.00108,61,10
1970-01-01 00:00:00.000000103,60.540268,61,11
1970-01-01 00:00:00.000000104,59.72727,61,11
1970-01-01 00:00:00.000000105,61.398888,61,11
1970-01-01 00:00:00.000000104,64.67055,61,12
1970-01-01 00:00:00.000000105,64.73649,61,12
1970-01-01 00:00:00.000000106,63.514214,61,12
1970-01-01 00:00:00.000000105,64.513725,61,13
1970-01-01 00:00:00.000000106,64.65554,61,13
1970-01-01 00:00:00.000000107,64.302826,61,13
1970-01-01 00:00:00.000000106,63.21189,61,14
1970-01-01 00:00:00.000000107,63.717686,61,14
1970-01-01 00:00:00.000000108,63.743435,61,14
1970-01-01 00:00:00.000000125,126.28302,62,10
1970-01-01 00:00:00.000000126,126.627525,62,10
1970-01-01 00:00:00.000000127,126.64396,62,10
1970-01-01 00:00:00.000000126,126.059975,62,11
1970-01-01 00:00:00.000000127,126.06868,62,11
1970-01-01 00:00:00.000000128,126.05075,62,11
1970-01-01 00:00:00.000000127,113.971504,62,12
1970-01-01 00:00:00.000000128,117.4254,62,12
1970-01-01 00:00:00.000000129,120.84691,62,12
1970-01-01 00:00:00.000000128,116.04072,62,13
1970-01-01 00:00:00.000000129,116.01142,62,13
1970-01-01 00:00:00.000000130,116.040955,62,13
1970-01-01 00:00:00.000000129,117.485916,62,14
1970-01-01 00:00:00.000000130,117.28102,62,14
1970-01-01 00:00:00.000000131,116.992256,62,14
1970-01-01 00:00:00.000000130,116.55653,62,15
1970-01-01 00:00:00.000000131,116.82287,62,15
1970-01-01 00:00:00.000000132,116.89961,62,15
1970-01-01 00:00:00.000000131,117.0248,62,16
1970-01-01 00:00:00.000000132,116.8523,62,16
1970-01-01 00:00:00.000000133,116.633705,62,16
1970-01-01 00:00:00.000000132,114.37293,62,17
1970-01-01 00:00:00.000000133,115.44635,62,17
1970-01-01 00:00:00.000000134,114.62977,62,17
1970-01-01 00:00:00.000000133,114.17975,62,18
1970-01-01 00:00:00.000000134,113.97385,62,18
1970-01-01 00:00:00.000000135,114.316505,62,18
1970-01-01 00:00:00.000000292,77.4468,63,10
1970-01-01 00:00:00.000000293,74.11689,63,10
1970-01-01 00:00:00.000000294,75.45862,63,10
1970-01-01 00:00:00.000000293,73.85577,63,11
1970-01-01 00:00:00.000000294,74.90008,63,11
1970-01-01 00:00:00.000000295,78.153465,63,11
1970-01-01 00:00:00.000000294,72.81156,63,12
1970-01-01 00:00:00.000000295,75.010635,63,12
1970-01-01 00:00:00.000000296,74.80751,63,12
1970-01-01 00:00:00.000000295,72.52567,63,13
1970-01-01 00:00:00.000000296,72.61462,63,13
1970-01-01 00:00:00.000000297,72.864265,63,13
1970-01-01 00:00:00.000000296,70.392334,63,14
1970-01-01 00:00:00.000000297,69.119194,63,14
1970-01-01 00:00:00.000000298,69.22327,63,14
1970-01-01 00:00:00.000000297,68.34685,63,15
1970-01-01 00:00:00.000000298,68.78731,63,15
1970-01-01 00:00:00.000000299,69.00876,63,15
1970-01-01 00:00:00.000000298,66.1504,63,16
1970-01-01 00:00:00.000000299,67.06672,63,16
1970-01-01 00:00:00.000000300,69.350876,63,16
1970-01-01 00:00:00.000000299,65.06385,63,17
1970-01-01 00:00:00.000000300,64.863235,63,17
1970-01-01 00:00:00.000000301,64.84522,63,17
1970-01-01 00:00:00.000000300,66.6191,63,18
1970-01-01 00:00:00.000000301,66.12408,63,18
1970-01-01 00:00:00.000000302,65.23509,63,18
1970-01-01 00:00:00.000000301,66.77723,63,19
1970-01-01 00:00:00.000000302,66.72203,63,19
1970-01-01 00:00:00.000000303,66.96025,63,19
1970-01-01 00:00:00.000000302,60.80679,63,20
1970-01-01 00:00:00.000000303,62.104565,63,20
1970-01-01 00:00:00.000000304,64.552605,63,20
1970-01-01 00:00:00.000000303,63.26365,63,21
1970-01-01 00:00:00.000000304,63.066574,63,21
1970-01-01 00:00:00.000000305,62.83922,63,21
1970-01-01 00:00:00.000000304,61.864414,63,22
1970-01-01 00:00:00.000000305,61.059788,63,22
1970-01-01 00:00:00.000000306,61.37952,63,22
1970-01-01 00:00:00.000000305,66.82716,63,23
1970-01-01 00:00:00.000000306,68.615425,63,23
1970-01-01 00:00:00.000000307,68.46417,63,23
1970-01-01 00:00:00.000000306,66.93988,63,24
1970-01-01 00:00:00.000000307,66.42796,63,24
1970-01-01 00:00:00.000000308,67.3262,63,24
1970-01-01 00:00:00.000000307,65.65491,63,25
1970-01-01 00:00:00.000000308,65.30021,63,25
1970-01-01 00:00:00.000000309,64.926796,63,25
1970-01-01 00:00:00.000000308,61.02387,63,26
1970-01-01 00:00:00.000000309,62.268764,63,26
1970-01-01 00:00:00.000000310,62.994484,63,26
1970-01-01 00:00:00.000000309,63.78452,63,27
1970-01-01 00:00:00.000000310,63.892773,63,27
1970-01-01 00:00:00.000000311,64.09688,63,27
1970-01-01 00:00:00.000000310,63.610195,63,28
1970-01-01 00:00:00.000000311,63.5953,63,28
1970-01-01 00:00:00.000000312,63.579998,63,28
1970-01-01 00:00:00.000000311,66.63841,63,29
1970-01-01 00:00:00.000000312,66.442276,63,29
1970-01-01 00:00:00.000000313,66.62603,63,29
1970-01-01 00:00:00.000000312,65.91204,63,30
1970-01-01 00:00:00.000000313,65.880356,63,30
1970-01-01 00:00:00.000000314,65.70807,63,30
1970-01-01 00:00:00.000000313,65.76862,63,31
1970-01-01 00:00:00.000000314,65.79654,63,31
1970-01-01 00:00:00.000000315,65.729744,63,31
1970-01-01 00:00:00.000000314,69.727394,63,32
1970-01-01 00:00:00.000000315,67.8866,63,32
1970-01-01 00:00:00.000000316,68.50947,63,32
1970-01-01 00:00:00.000000315,73.84416,63,33
1970-01-01 00:00:00.000000316,75.0316,63,33
1970-01-01 00:00:00.000000317,75.00668,63,33
1970-01-01 00:00:00.000000316,76.51248,63,34
1970-01-01 00:00:00.000000317,76.80022,63,34
1970-01-01 00:00:00.000000318,76.10254,63,34
1970-01-01 00:00:00.000000317,68.80358,63,35
1970-01-01 00:00:00.000000318,70.8135,63,35
1970-01-01 00:00:00.000000319,72.91413,63,35
1970-01-01 00:00:00.000000318,71.554474,63,36
1970-01-01 00:00:00.000000319,71.445045,63,36
1970-01-01 00:00:00.000000320,74.66978,63,36
1970-01-01 00:00:00.000000319,80.403015,63,37
1970-01-01 00:00:00.000000320,79.700165,63,37
1970-01-01 00:00:00.000000321,80.71507,63,37
1970-01-01 00:00:00.000000320,75.7351,63,38
1970-01-01 00:00:00.000000321,75.56691,63,38
1970-01-01 00:00:00.000000322,74.26265,63,38
1970-01-01 00:00:00.000000321,74.093185,63,39
1970-01-01 00:00:00.000000322,74.08258,63,39
1970-01-01 00:00:00.000000323,74.11884,63,39
1970-01-01 00:00:00.000000322,74.67852,63,40
1970-01-01 00:00:00.000000323,74.52778,63,40
1970-01-01 00:00:00.000000324,74.233635,63,40
1970-01-01 00:00:00.000000323,74.474075,63,41
1970-01-01 00:00:00.000000324,74.7018,63,41
1970-01-01 00:00:00.000000325,74.80104,63,41
1970-01-01 00:00:00.000000324,79.045654,63,42
1970-01-01 00:00:00.000000325,79.55514,63,42
1970-01-01 00:00:00.000000326,79.06111,63,42
1970-01-01 00:00:00.000000325,80.97095,63,43
1970-01-01 00:00:00.000000326,81.468796,63,43
1970-01-01 00:00:00.000000327,80.19044,63,43
1970-01-01 00:00:00.000000326,79.45315,63,44
1970-01-01 00:00:00.000000327,79.17668,63,44
1970-01-01 00:00:00.000000328,79.17847,63,44
1970-01-01 00:00:00.000000327,78.90284,63,45
1970-01-01 00:00:00.000000328,78.86721,63,45
1970-01-01 00:00:00.000000329,78.95613,63,45
1970-01-01 00:00:00.000000328,78.162476,63,46
1970-01-01 00:00:00.000000329,78.317055,63,46
1970-01-01 00:00:00.000000330,77.971115,63,46
1970-01-01 00:00:00.000000329,77.845215,63,47
1970-01-01 00:00:00.000000330,80.70258,63,47
1970-01-01 00:00:00.000000331,80.34882,63,47
1970-01-01 00:00:00.000000156,100.86447,64,10
1970-01-01 00:00:00.000000157,97.739265,64,10
1970-01-01 00:00:00.000000158,97.57146,64,10
1970-01-01 00:00:00.000000157,97.53801,64,11
1970-01-01 00:00:00.000000158,98.330154,64,11
1970-01-01 00:00:00.000000159,97.86718,64,11
1970-01-01 00:00:00.000000158,107.86403,64,12
1970-01-01 00:00:00.000000159,105.09697,64,12
1970-01-01 00:00:00.000000160,105.304016,64,12
1970-01-01 00:00:00.000000159,101.82692,64,13
1970-01-01 00:00:00.000000160,101.6149,64,13
1970-01-01 00:00:00.000000161,102.80908,64,13
1970-01-01 00:00:00.000000160,107.70232,64,14
1970-01-01 00:00:00.000000161,106.458206,64,14
1970-01-01 00:00:00.000000162,107.704834,64,14
1970-01-01 00:00:00.000000161,111.58706,64,15
1970-01-01 00:00:00.000000162,111.45086,64,15
1970-01-01 00:00:00.000000163,111.78544,64,15
1970-01-01 00:00:00.000000162,112.333855,64,16
1970-01-01 00:00:00.000000163,112.304245,64,16
1970-01-01 00:00:00.000000164,112.32774,64,16
1970-01-01 00:00:00.000000163,120.542114,64,17
1970-01-01 00:00:00.000000164,121.3548,64,17
1970-01-01 00:00:00.000000165,119.674934,64,17
1970-01-01 00:00:00.000000164,110.1702,64,18
1970-01-01 00:00:00.000000165,110.65227,64,18
1970-01-01 00:00:00.000000166,111.23697,64,18
1970-01-01 00:00:00.000000165,108.83589,64,19
1970-01-01 00:00:00.000000166,109.77846,64,19
1970-01-01 00:00:00.000000167,109.06344,64,19
1970-01-01 00:00:00.000000166,109.13149,64,20
1970-01-01 00:00:00.000000167,109.57232,64,20
1970-01-01 00:00:00.000000168,108.0721,64,20
1970-01-01 00:00:00.000000167,99.13166,64,21
1970-01-01 00:00:00.000000168,100.12758,64,21
1970-01-01 00:00:00.000000169,101.39466,64,21
1970-01-01 00:00:00.000000168,99.4285,64,22
1970-01-01 00:00:00.000000169,98.21609,64,22
1970-01-01 00:00:00.000000170,95.50398,64,22
1970-01-01 00:00:00.000000169,98.58345,64,23
1970-01-01 00:00:00.000000170,98.49061,64,23
1970-01-01 00:00:00.000000171,98.89947,64,23
1970-01-01 00:00:00.000000225,46.62053,65,10
1970-01-01 00:00:00.000000226,47.51678,65,10
1970-01-01 00:00:00.000000227,47.27085,65,10
1970-01-01 00:00:00.000000226,46.1749,65,11
1970-01-01 00:00:00.000000227,46.106926,65,11
1970-01-01 00:00:00.000000228,46.138012,65,11
1970-01-01 00:00:00.000000227,43.521503,65,12
1970-01-01 00:00:00.000000228,43.63233,65,12
1970-01-01 00:00:00.000000229,44.46106,65,12
1970-01-01 00:00:00.000000228,45.015335,65,13
1970-01-01 00:00:00.000000229,44.83617,65,13
1970-01-01 00:00:00.000000230,45.133953,65,13
1970-01-01 00:00:00.000000229,55.26421,65,14
1970-01-01 00:00:00.000000230,42.498077,65,14
1970-01-01 00:00:00.000000231,48.76704,65,14
1970-01-01 00:00:00.000000230,53.682987,65,15
1970-01-01 00:00:00.000000231,55.539253,65,15
1970-01-01 00:00:00.000000232,57.43297,65,15
1970-01-01 00:00:00.000000231,57.53341,65,16
1970-01-01 00:00:00.000000232,58.24797,65,16
1970-01-01 00:00:00.000000233,58.39399,65,16
1970-01-01 00:00:00.000000232,56.397324,65,17
1970-01-01 00:00:00.000000233,56.43978,65,17
1970-01-01 00:00:00.000000234,56.49829,65,17
1970-01-01 00:00:00.000000233,54.210125,65,18
1970-01-01 00:00:00.000000234,53.948116,65,18
1970-01-01 00:00:00.000000235,54.89547,65,18
1970-01-01 00:00:00.000000234,57.01534,65,19
1970-01-01 00:00:00.000000235,55.838543,65,19
1970-01-01 00:00:00.000000236,55.91515,65,19
1970-01-01 00:00:00.000000235,58.737396,65,20
1970-01-01 00:00:00.000000236,58.714268,65,20
1970-01-01 00:00:00.000000237,58.83917,65,20
1970-01-01 00:00:00.000000236,56.937603,65,21
1970-01-01 00:00:00.000000237,57.622128,65,21
1970-01-01 00:00:00.000000238,54.55059,65,21
1970-01-01 00:00:00.000000237,59.82957,65,22
1970-01-01 00:00:00.000000238,55.323242,65,22
1970-01-01 00:00:00.000000239,61.972797,65,22
1970-01-01 00:00:00.000000238,60.36031,65,23
1970-01-01 00:00:00.000000239,60.101925,65,23
1970-01-01 00:00:00.000000240,60.031326,65,23
1970-01-01 00:00:00.000000239,60.38602,65,24
1970-01-01 00:00:00.000000240,60.28804,65,24
1970-01-01 00:00:00.000000241,62.425842,65,24
1970-01-01 00:00:00.000000240,64.038315,65,25
1970-01-01 00:00:00.000000241,63.92548,65,25
1970-01-01 00:00:00.000000242,63.86835,65,25
1970-01-01 00:00:00.000000241,65.64766,65,26
1970-01-01 00:00:00.000000242,65.635796,65,26
1970-01-01 00:00:00.000000243,65.786194,65,26
1970-01-01 00:00:00.000000242,65.53766,65,27
1970-01-01 00:00:00.000000243,65.5079,65,27
1970-01-01 00:00:00.000000244,65.53448,65,27
1970-01-01 00:00:00.000000243,66.88559,65,28
1970-01-01 00:00:00.000000244,68.64562,65,28
1970-01-01 00:00:00.000000245,68.23434,65,28
1970-01-01 00:00:00.000000244,68.53618,65,29
1970-01-01 00:00:00.000000245,67.89898,65,29
1970-01-01 00:00:00.000000246,67.96432,65,29
1970-01-01 00:00:00.000000245,68.6578,65,30
1970-01-01 00:00:00.000000246,68.65617,65,30
1970-01-01 00:00:00.000000247,69.048386,65,30
1970-01-01 00:00:00.000000246,70.83937,65,31
1970-01-01 00:00:00.000000247,70.826126,65,31
1970-01-01 00:00:00.000000248,70.88219,65,31
1970-01-01 00:00:00.000000247,70.11954,65,32
1970-01-01 00:00:00.000000248,69.962654,65,32
1970-01-01 00:00:00.000000249,69.86265,65,32
1970-01-01 00:00:00.000000248,66.90896,65,33
1970-01-01 00:00:00.000000249,67.73938,65,33
1970-01-01 00:00:00.000000250,66.83994,65,33
1970-01-01 00:00:00.000000249,65.002014,65,34
1970-01-01 00:00:00.000000250,64.88654,65,34
1970-01-01 00:00:00.000000251,64.785576,65,34
1970-01-01 00:00:00.000000250,66.64167,65,35
1970-01-01 00:00:00.000000251,66.57022,65,35
1970-01-01 00:00:00.000000252,66.661865,65,35
1970-01-01 00:00:00.000000083,76.33068,66,10
1970-01-01 00:00:00.000000084,76.89318,66,10
1970-01-01 00:00:00.000000085,76.37416,66,10
1970-01-01 00:00:00.000000124,36.93146,67,10
1970-01-01 00:00:00.000000125,38.747017,67,10
1970-01-01 00:00:00.000000126,40.06068,67,10
1970-01-01 00:00:00.000000125,56.009956,67,11
1970-01-01 00:00:00.000000126,41.09524,67,11
1970-01-01 00:00:00.000000127,51.10047,67,11
1970-01-01 00:00:00.000000126,45.539574,67,12
1970-01-01 00:00:00.000000127,49.482212,67,12
1970-01-01 00:00:00.000000128,43.013733,67,12
1970-01-01 00:00:00.000000127,42.683266,67,13
1970-01-01 00:00:00.000000128,45.26504,67,13
1970-01-01 00:00:00.000000129,45.026108,67,13
1970-01-01 00:00:00.000000128,34.55196,67,14
1970-01-01 00:00:00.000000129,28.23205,67,14
1970-01-01 00:00:00.000000130,28.759024,67,14
1970-01-01 00:00:00.000000129,31.37182,67,15
1970-01-01 00:00:00.000000130,31.584259,67,15
1970-01-01 00:00:00.000000131,30.911179,67,15
1970-01-01 00:00:00.000000130,27.63242,67,16
1970-01-01 00:00:00.000000131,28.718725,67,16
1970-01-01 00:00:00.000000132,27.087614,67,16
1970-01-01 00:00:00.000000131,33.146748,67,17
1970-01-01 00:00:00.000000132,28.147364,67,17
1970-01-01 00:00:00.000000133,27.184399,67,17
1970-01-01 00:00:00.000000176,93.0482,69,10
1970-01-01 00:00:00.000000177,92.552574,69,10
1970-01-01 00:00:00.000000178,90.22683,69,10
1970-01-01 00:00:00.000000177,91.88546,69,11
1970-01-01 00:00:00.000000178,92.11666,69,11
1970-01-01 00:00:00.000000179,92.20532,69,11
1970-01-01 00:00:00.000000178,87.19274,69,12
1970-01-01 00:00:00.000000179,84.40204,69,12
1970-01-01 00:00:00.000000180,84.72593,69,12
1970-01-01 00:00:00.000000179,102.919914,69,13
1970-01-01 00:00:00.000000180,99.052765,69,13
1970-01-01 00:00:00.000000181,97.38893,69,13
1970-01-01 00:00:00.000000180,93.77002,69,14
1970-01-01 00:00:00.000000181,93.7845,69,14
1970-01-01 00:00:00.000000182,93.80873,69,14
1970-01-01 00:00:00.000000181,100.34271,69,15
1970-01-01 00:00:00.000000182,100.52409,69,15
1970-01-01 00:00:00.000000183,100.18828,69,15
1970-01-01 00:00:00.000000182,92.79417,69,16
1970-01-01 00:00:00.000000183,90.71023,69,16
1970-01-01 00:00:00.000000184,97.86732,69,16
1970-01-01 00:00:00.000000183,101.50634,69,17
1970-01-01 00:00:00.000000184,95.5435,69,17
1970-01-01 00:00:00.000000185,96.09459,69,17
1970-01-01 00:00:00.000000184,101.2066,69,18
1970-01-01 00:00:00.000000185,102.80299,69,18
1970-01-01 00:00:00.000000186,104.035416,69,18
1970-01-01 00:00:00.000000185,105.37709,69,19
1970-01-01 00:00:00.000000186,104.031746,69,19
1970-01-01 00:00:00.000000187,104.59434,69,19
1970-01-01 00:00:00.000000186,120.228935,69,20
1970-01-01 00:00:00.000000187,118.67084,69,20
1970-01-01 00:00:00.000000188,117.9275,69,20
1970-01-01 00:00:00.000000187,115.56133,69,21
1970-01-01 00:00:00.000000188,115.78381,69,21
1970-01-01 00:00:00.000000189,115.33478,69,21
1970-01-01 00:00:00.000000188,113.12692,69,22
1970-01-01 00:00:00.000000189,112.89092,69,22
1970-01-01 00:00:00.000000190,113.96846,69,22
1970-01-01 00:00:00.000000189,108.43503,69,23
1970-01-01 00:00:00.000000190,112.73623,69,23
1970-01-01 00:00:00.000000191,111.59335,69,23
1970-01-01 00:00:00.000000190,104.99593,69,24
1970-01-01 00:00:00.000000191,104.83776,69,24
1970-01-01 00:00:00.000000192,102.59372,69,24
1970-01-01 00:00:00.000000191,100.5982,69,25
1970-01-01 00:00:00.000000192,100.64831,69,25
1970-01-01 00:00:00.000000193,100.390785,69,25
1970-01-01 00:00:00.000000192,99.206085,69,26
1970-01-01 00:00:00.000000193,99.83769,69,26
1970-01-01 00:00:00.000000194,99.550766,69,26
1970-01-01 00:00:00.000000193,98.6329,69,27
1970-01-01 00:00:00.000000194,98.61667,69,27
1970-01-01 00:00:00.000000195,98.555016,69,27
1970-01-01 00:00:00.000000226,124.3994,70,10
1970-01-01 00:00:00.000000227,125.27651,70,10
1970-01-01 00:00:00.000000228,125.041794,70,10
1970-01-01 00:00:00.000000227,127.32942,70,11
1970-01-01 00:00:00.000000228,128.01869,70,11
1970-01-01 00:00:00.000000229,125.7887,70,11
1970-01-01 00:00:00.000000228,127.81556,70,12
1970-01-01 00:00:00.000000229,127.557465,70,12
1970-01-01 00:00:00.000000230,126.67944,70,12
1970-01-01 00:00:00.000000229,127.45873,70,13
1970-01-01 00:00:00.000000230,127.52637,70,13
1970-01-01 00:00:00.000000231,127.503075,70,13
1970-01-01 00:00:00.000000230,134.31342,70,14
1970-01-01 00:00:00.000000231,135.46506,70,14
1970-01-01 00:00:00.000000232,137.91982,70,14
1970-01-01 00:00:00.000000231,132.44292,70,15
1970-01-01 00:00:00.000000232,132.5616,70,15
1970-01-01 00:00:00.000000233,132.71507,70,15
1970-01-01 00:00:00.000000232,138.08522,70,16
1970-01-01 00:00:00.000000233,140.292,70,16
1970-01-01 00:00:00.000000234,139.47041,70,16
1970-01-01 00:00:00.000000233,134.56526,70,17
1970-01-01 00:00:00.000000234,134.41605,70,17
1970-01-01 00:00:00.000000235,134.54251,70,17
1970-01-01 00:00:00.000000234,136.98407,70,18
1970-01-01 00:00:00.000000235,136.0738,70,18
1970-01-01 00:00:00.000000236,135.3213,70,18
1970-01-01 00:00:00.000000235,139.05814,70,19
1970-01-01 00:00:00.000000236,138.67764,70,19
1970-01-01 00:00:00.000000237,139.94408,70,19
1970-01-01 00:00:00.000000236,138.71172,70,20
1970-01-01 00:00:00.000000237,139.14948,70,20
1970-01-01 00:00:00.000000238,139.0548,70,20
1970-01-01 00:00:00.000000237,140.76051,70,21
1970-01-01 00:00:00.000000238,143.25974,70,21
1970-01-01 00:00:00.000000239,142.99738,70,21
1970-01-01 00:00:00.000000238,142.87097,70,22
1970-01-01 00:00:00.000000239,143.8093,70,22
1970-01-01 00:00:00.000000240,144.46124,70,22
1970-01-01 00:00:00.000000239,144.97122,70,23
1970-01-01 00:00:00.000000240,144.90067,70,23
1970-01-01 00:00:00.000000241,144.86592,70,23
1970-01-01 00:00:00.000000240,148.00517,70,24
1970-01-01 00:00:00.000000241,149.40749,70,24
1970-01-01 00:00:00.000000242,148.28781,70,24
1970-01-01 00:00:00.000000241,150.93703,70,25
1970-01-01 00:00:00.000000242,150.76779,70,25
1970-01-01 00:00:00.000000243,151.61475,70,25
1970-01-01 00:00:00.000000242,149.10081,70,26
1970-01-01 00:00:00.000000243,149.1516,70,26
1970-01-01 00:00:00.000000244,149.23026,70,26
1970-01-01 00:00:00.000000243,149.29605,70,27
1970-01-01 00:00:00.000000244,149.27498,70,27
1970-01-01 00:00:00.000000245,149.2956,70,27
1970-01-01 00:00:00.000000244,148.57779,70,28
1970-01-01 00:00:00.000000245,148.49724,70,28
1970-01-01 00:00:00.000000246,148.57292,70,28
1970-01-01 00:00:00.000000245,148.81667,70,29
1970-01-01 00:00:00.000000246,148.81035,70,29
1970-01-01 00:00:00.000000247,148.8039,70,29
1970-01-01 00:00:00.000000246,149.05191,70,30
1970-01-01 00:00:00.000000247,149.03313,70,30
1970-01-01 00:00:00.000000248,148.97607,70,30
1970-01-01 00:00:00.000000247,149.53815,70,31
1970-01-01 00:00:00.000000248,149.47961,70,31
1970-01-01 00:00:00.000000249,149.42874,70,31
1970-01-01 00:00:00.000000248,148.94057,70,32
1970-01-01 00:00:00.000000249,148.97061,70,32
1970-01-01 00:00:00.000000250,148.67,70,32
1970-01-01 00:00:00.000000249,148.77931,70,33
1970-01-01 00:00:00.000000250,148.72379,70,33
1970-01-01 00:00:00.000000251,148.78409,70,33
1970-01-01 00:00:00.000000250,149.28804,70,34
1970-01-01 00:00:00.000000251,149.49998,70,34
1970-01-01 00:00:00.000000252,149.46959,70,34
1970-01-01 00:00:00.000000251,148.28218,70,35
1970-01-01 00:00:00.000000252,149.5371,70,35
1970-01-01 00:00:00.000000253,148.9514,70,35
1970-01-01 00:00:00.000000252,145.86687,70,36
1970-01-01 00:00:00.000000253,147.95679,70,36
1970-01-01 00:00:00.000000254,137.02628,70,36
1970-01-01 00:00:00.000000226,117.50434,71,10
1970-01-01 00:00:00.000000227,115.22778,71,10
1970-01-01 00:00:00.000000228,118.08349,71,10
1970-01-01 00:00:00.000000227,116.91216,71,11
1970-01-01 00:00:00.000000228,116.187325,71,11
1970-01-01 00:00:00.000000229,116.41421,71,11
1970-01-01 00:00:00.000000228,116.18006,71,12
1970-01-01 00:00:00.000000229,116.282936,71,12
1970-01-01 00:00:00.000000230,116.91591,71,12
1970-01-01 00:00:00.000000229,115.81668,71,13
1970-01-01 00:00:00.000000230,115.81754,71,13
1970-01-01 00:00:00.000000231,115.807465,71,13
1970-01-01 00:00:00.000000230,115.678825,71,14
1970-01-01 00:00:00.000000231,115.73806,71,14
1970-01-01 00:00:00.000000232,115.76355,71,14
1970-01-01 00:00:00.000000231,114.6879,71,15
1970-01-01 00:00:00.000000232,115.63182,71,15
1970-01-01 00:00:00.000000233,115.51335,71,15
1970-01-01 00:00:00.000000232,107.83988,71,16
1970-01-01 00:00:00.000000233,113.00693,71,16
1970-01-01 00:00:00.000000234,113.66438,71,16
1970-01-01 00:00:00.000000233,87.87456,71,17
1970-01-01 00:00:00.000000234,89.13872,71,17
1970-01-01 00:00:00.000000235,89.670975,71,17
1970-01-01 00:00:00.000000234,63.07656,71,18
1970-01-01 00:00:00.000000235,64.276184,71,18
1970-01-01 00:00:00.000000236,65.15702,71,18
1970-01-01 00:00:00.000000235,82.24662,71,19
1970-01-01 00:00:00.000000236,82.79169,71,19
1970-01-01 00:00:00.000000237,81.77073,71,19
1970-01-01 00:00:00.000000236,99.184296,71,20
1970-01-01 00:00:00.000000237,99.33412,71,20
1970-01-01 00:00:00.000000238,101.719315,71,20
1970-01-01 00:00:00.000000237,104.373024,71,21
1970-01-01 00:00:00.000000238,104.642975,71,21
1970-01-01 00:00:00.000000239,105.55833,71,21
1970-01-01 00:00:00.000000238,111.20355,71,22
1970-01-01 00:00:00.000000239,111.22018,71,22
1970-01-01 00:00:00.000000240,111.21077,71,22
1970-01-01 00:00:00.000000239,120.1018,71,23
1970-01-01 00:00:00.000000240,123.01627,71,23
1970-01-01 00:00:00.000000241,124.04342,71,23
1970-01-01 00:00:00.000000240,127.899284,71,24
1970-01-01 00:00:00.000000241,130.18158,71,24
1970-01-01 00:00:00.000000242,129.57988,71,24
1970-01-01 00:00:00.000000241,145.22911,71,25
1970-01-01 00:00:00.000000242,153.55916,71,25
1970-01-01 00:00:00.000000243,142.20238,71,25
1970-01-01 00:00:00.000000242,158.76056,71,26
1970-01-01 00:00:00.000000243,155.16124,71,26
1970-01-01 00:00:00.000000244,166.97292,71,26
1970-01-01 00:00:00.000000243,140.13329,71,27
1970-01-01 00:00:00.000000244,138.70224,71,27
1970-01-01 00:00:00.000000245,138.70515,71,27
1970-01-01 00:00:00.000000244,151.79002,71,28
1970-01-01 00:00:00.000000245,156.92134,71,28
1970-01-01 00:00:00.000000246,155.88405,71,28
1970-01-01 00:00:00.000000245,155.73592,71,29
1970-01-01 00:00:00.000000246,156.92168,71,29
1970-01-01 00:00:00.000000247,156.98378,71,29
1970-01-01 00:00:00.000000246,159.09018,71,30
1970-01-01 00:00:00.000000247,159.78868,71,30
1970-01-01 00:00:00.000000248,159.44075,71,30
1970-01-01 00:00:00.000000247,157.32465,71,31
1970-01-01 00:00:00.000000248,156.22156,71,31
1970-01-01 00:00:00.000000249,158.23975,71,31
1970-01-01 00:00:00.000000248,167.38467,71,32
1970-01-01 00:00:00.000000249,167.11009,71,32
1970-01-01 00:00:00.000000250,167.22073,71,32
1970-01-01 00:00:00.000000249,182.23273,71,33
1970-01-01 00:00:00.000000250,183.98648,71,33
1970-01-01 00:00:00.000000251,182.45401,71,33
1970-01-01 00:00:00.000000250,210.5206,71,34
1970-01-01 00:00:00.000000251,212.19984,71,34
1970-01-01 00:00:00.000000252,213.69707,71,34
1970-01-01 00:00:00.000000251,254.77477,71,35
1970-01-01 00:00:00.000000252,267.09296,71,35
1970-01-01 00:00:00.000000253,261.79794,71,35
1970-01-01 00:00:00.000000320,132.10097,72,10
1970-01-01 00:00:00.000000321,132.72102,72,10
1970-01-01 00:00:00.000000322,132.1223,72,10
1970-01-01 00:00:00.000000321,136.88155,72,11
1970-01-01 00:00:00.000000322,142.74126,72,11
1970-01-01 00:00:00.000000323,141.36981,72,11
1970-01-01 00:00:00.000000322,145.27655,72,12
1970-01-01 00:00:00.000000323,142.72066,72,12
1970-01-01 00:00:00.000000324,145.18495,72,12
1970-01-01 00:00:00.000000323,145.30287,72,13
1970-01-01 00:00:00.000000324,146.97025,72,13
1970-01-01 00:00:00.000000325,146.39546,72,13
1970-01-01 00:00:00.000000324,153.65262,72,14
1970-01-01 00:00:00.000000325,154.05544,72,14
1970-01-01 00:00:00.000000326,152.37817,72,14
1970-01-01 00:00:00.000000325,147.73286,72,15
1970-01-01 00:00:00.000000326,147.87971,72,15
1970-01-01 00:00:00.000000327,147.752,72,15
1970-01-01 00:00:00.000000326,151.4489,72,16
1970-01-01 00:00:00.000000327,148.62065,72,16
1970-01-01 00:00:00.000000328,153.13571,72,16
1970-01-01 00:00:00.000000327,144.30122,72,17
1970-01-01 00:00:00.000000328,149.29039,72,17
1970-01-01 00:00:00.000000329,144.19743,72,17
1970-01-01 00:00:00.000000328,145.29247,72,18
1970-01-01 00:00:00.000000329,145.13666,72,18
1970-01-01 00:00:00.000000330,145.11124,72,18
1970-01-01 00:00:00.000000329,145.06311,72,19
1970-01-01 00:00:00.000000330,145.07126,72,19
1970-01-01 00:00:00.000000331,145.09038,72,19
1970-01-01 00:00:00.000000330,145.8248,72,20
1970-01-01 00:00:00.000000331,145.66379,72,20
1970-01-01 00:00:00.000000332,145.67664,72,20
1970-01-01 00:00:00.000000331,145.90881,72,21
1970-01-01 00:00:00.000000332,145.95236,72,21
1970-01-01 00:00:00.000000333,146.01067,72,21
1970-01-01 00:00:00.000000332,145.54175,72,22
1970-01-01 00:00:00.000000333,145.57652,72,22
1970-01-01 00:00:00.000000334,145.54436,72,22
1970-01-01 00:00:00.000000333,144.3388,72,23
1970-01-01 00:00:00.000000334,143.67113,72,23
1970-01-01 00:00:00.000000335,143.6682,72,23
1970-01-01 00:00:00.000000334,147.26363,72,24
1970-01-01 00:00:00.000000335,149.1595,72,24
1970-01-01 00:00:00.000000336,148.01413,72,24
1970-01-01 00:00:00.000000335,146.796,72,25
1970-01-01 00:00:00.000000336,145.89738,72,25
1970-01-01 00:00:00.000000337,146.39256,72,25
1970-01-01 00:00:00.000000336,148.1852,72,26
1970-01-01 00:00:00.000000337,148.55455,72,26
1970-01-01 00:00:00.000000338,149.70667,72,26
1970-01-01 00:00:00.000000337,148.10255,72,27
1970-01-01 00:00:00.000000338,149.84837,72,27
1970-01-01 00:00:00.000000339,149.92839,72,27
1970-01-01 00:00:00.000000338,175.61375,72,28
1970-01-01 00:00:00.000000339,181.77579,72,28
1970-01-01 00:00:00.000000340,177.65862,72,28
1970-01-01 00:00:00.000000339,140.67795,72,29
1970-01-01 00:00:00.000000340,139.74487,72,29
1970-01-01 00:00:00.000000341,143.74593,72,29
1970-01-01 00:00:00.000000340,138.9533,72,30
1970-01-01 00:00:00.000000341,139.30782,72,30
1970-01-01 00:00:00.000000342,138.9468,72,30
1970-01-01 00:00:00.000000341,138.253,72,31
1970-01-01 00:00:00.000000342,138.23404,72,31
1970-01-01 00:00:00.000000343,138.11496,72,31
1970-01-01 00:00:00.000000342,141.36787,72,32
1970-01-01 00:00:00.000000343,143.48628,72,32
1970-01-01 00:00:00.000000344,143.30547,72,32
1970-01-01 00:00:00.000000343,139.748,72,33
1970-01-01 00:00:00.000000344,139.37413,72,33
1970-01-01 00:00:00.000000345,140.08002,72,33
1970-01-01 00:00:00.000000344,141.86902,72,34
1970-01-01 00:00:00.000000345,140.62288,72,34
1970-01-01 00:00:00.000000346,139.43983,72,34
1970-01-01 00:00:00.000000345,138.86203,72,35
1970-01-01 00:00:00.000000346,141.23763,72,35
1970-01-01 00:00:00.000000347,141.70969,72,35
1970-01-01 00:00:00.000000346,148.52606,72,36
1970-01-01 00:00:00.000000347,150.93318,72,36
1970-01-01 00:00:00.000000348,149.15045,72,36
1970-01-01 00:00:00.000000347,130.12029,72,37
1970-01-01 00:00:00.000000348,131.55008,72,37
1970-01-01 00:00:00.000000349,135.57808,72,37
1970-01-01 00:00:00.000000348,134.24698,72,38
1970-01-01 00:00:00.000000349,132.9753,72,38
1970-01-01 00:00:00.000000350,132.18127,72,38
1970-01-01 00:00:00.000000349,105.59688,72,39
1970-01-01 00:00:00.000000350,91.348564,72,39
1970-01-01 00:00:00.000000351,78.96075,72,39
1970-01-01 00:00:00.000000350,130.73338,72,40
1970-01-01 00:00:00.000000351,133.99924,72,40
1970-01-01 00:00:00.000000352,132.83308,72,40
1970-01-01 00:00:00.000000351,121.26442,72,41
1970-01-01 00:00:00.000000352,121.02726,72,41
1970-01-01 00:00:00.000000353,121.183556,72,41
1970-01-01 00:00:00.000000352,131.3928,72,42
1970-01-01 00:00:00.000000353,131.36516,72,42
1970-01-01 00:00:00.000000354,133.53583,72,42
1970-01-01 00:00:00.000000353,122.51987,72,43
1970-01-01 00:00:00.000000354,118.07859,72,43
1970-01-01 00:00:00.000000355,118.58708,72,43
1970-01-01 00:00:00.000000354,124.432495,72,44
1970-01-01 00:00:00.000000355,123.33692,72,44
1970-01-01 00:00:00.000000356,122.89928,72,44
1970-01-01 00:00:00.000000355,110.22243,72,45
1970-01-01 00:00:00.000000356,108.64269,72,45
1970-01-01 00:00:00.000000357,108.94759,72,45
1970-01-01 00:00:00.000000356,111.716034,72,46
1970-01-01 00:00:00.000000357,113.062775,72,46
1970-01-01 00:00:00.000000358,108.17072,72,46
1970-01-01 00:00:00.000000357,134.29007,72,47
1970-01-01 00:00:00.000000358,141.49898,72,47
1970-01-01 00:00:00.000000359,132.49268,72,47
1970-01-01 00:00:00.000000358,135.46571,72,48
1970-01-01 00:00:00.000000359,132.80948,72,48
1970-01-01 00:00:00.000000360,133.82812,72,48
1970-01-01 00:00:00.000000359,58.332775,72,49
1970-01-01 00:00:00.000000360,53.9628,72,49
1970-01-01 00:00:00.000000361,55.38253,72,49
1970-01-01 00:00:00.000000360,46.05239,72,50
1970-01-01 00:00:00.000000361,46.57026,72,50
1970-01-01 00:00:00.000000362,46.35747,72,50
1970-01-01 00:00:00.000000361,54.320133,72,51
1970-01-01 00:00:00.000000362,59.41515,72,51
1970-01-01 00:00:00.000000363,66.72386,72,51
1970-01-01 00:00:00.000000362,57.79443,72,52
1970-01-01 00:00:00.000000363,52.571774,72,52
1970-01-01 00:00:00.000000364,52.920895,72,52
1970-01-01 00:00:00.000000219,56.274834,73,10
1970-01-01 00:00:00.000000220,58.985405,73,10
1970-01-01 00:00:00.000000221,55.108486,73,10
1970-01-01 00:00:00.000000220,57.70385,73,11
1970-01-01 00:00:00.000000221,59.516434,73,11
1970-01-01 00:00:00.000000222,59.252678,73,11
1970-01-01 00:00:00.000000221,67.32995,73,12
1970-01-01 00:00:00.000000222,71.542496,73,12
1970-01-01 00:00:00.000000223,66.87091,73,12
1970-01-01 00:00:00.000000222,59.210087,73,13
1970-01-01 00:00:00.000000223,55.933136,73,13
1970-01-01 00:00:00.000000224,58.233784,73,13
1970-01-01 00:00:00.000000223,62.196697,73,14
1970-01-01 00:00:00.000000224,62.461067,73,14
1970-01-01 00:00:00.000000225,62.86978,73,14
1970-01-01 00:00:00.000000224,65.66559,73,15
1970-01-01 00:00:00.000000225,65.13916,73,15
1970-01-01 00:00:00.000000226,66.35554,73,15
1970-01-01 00:00:00.000000225,60.973972,73,16
1970-01-01 00:00:00.000000226,61.78821,73,16
1970-01-01 00:00:00.000000227,62.310055,73,16
1970-01-01 00:00:00.000000226,62.07522,73,17
1970-01-01 00:00:00.000000227,62.104336,73,17
1970-01-01 00:00:00.000000228,61.98546,73,17
1970-01-01 00:00:00.000000227,68.800705,73,18
1970-01-01 00:00:00.000000228,69.13524,73,18
1970-01-01 00:00:00.000000229,68.83814,73,18
1970-01-01 00:00:00.000000228,65.63242,73,19
1970-01-01 00:00:00.000000229,65.65468,73,19
1970-01-01 00:00:00.000000230,65.82066,73,19
1970-01-01 00:00:00.000000229,66.17542,73,20
1970-01-01 00:00:00.000000230,66.37244,73,20
1970-01-01 00:00:00.000000231,66.11052,73,20
1970-01-01 00:00:00.000000230,59.275326,73,21
1970-01-01 00:00:00.000000231,55.30023,73,21
1970-01-01 00:00:00.000000232,53.38206,73,21
1970-01-01 00:00:00.000000231,65.36274,73,22
1970-01-01 00:00:00.000000232,65.81987,73,22
1970-01-01 00:00:00.000000233,67.057106,73,22
1970-01-01 00:00:00.000000232,67.094124,73,23
1970-01-01 00:00:00.000000233,67.12232,73,23
1970-01-01 00:00:00.000000234,67.253815,73,23
1970-01-01 00:00:00.000000233,67.908295,73,24
1970-01-01 00:00:00.000000234,67.77155,73,24
1970-01-01 00:00:00.000000235,68.143974,73,24
1970-01-01 00:00:00.000000234,49.984005,73,25
1970-01-01 00:00:00.000000235,52.40294,73,25
1970-01-01 00:00:00.000000236,54.503235,73,25
1970-01-01 00:00:00.000000235,56.34369,73,26
1970-01-01 00:00:00.000000236,55.698776,73,26
1970-01-01 00:00:00.000000237,56.037727,73,26
1970-01-01 00:00:00.000000236,57.722416,73,27
1970-01-01 00:00:00.000000237,57.612526,73,27
1970-01-01 00:00:00.000000238,57.66926,73,27
1970-01-01 00:00:00.000000237,57.67046,73,28
1970-01-01 00:00:00.000000238,57.790226,73,28
1970-01-01 00:00:00.000000239,57.769016,73,28
1970-01-01 00:00:00.000000238,57.838665,73,29
1970-01-01 00:00:00.000000239,57.795845,73,29
1970-01-01 00:00:00.000000240,58.57587,73,29
1970-01-01 00:00:00.000000239,59.97117,73,30
1970-01-01 00:00:00.000000240,59.75239,73,30
1970-01-01 00:00:00.000000241,59.86829,73,30
1970-01-01 00:00:00.000000240,60.17419,73,31
1970-01-01 00:00:00.000000241,60.611084,73,31
1970-01-01 00:00:00.000000242,60.75155,73,31
1970-01-01 00:00:00.000000241,59.922993,73,32
1970-01-01 00:00:00.000000242,59.94214,73,32
1970-01-01 00:00:00.000000243,59.92731,73,32
1970-01-01 00:00:00.000000242,59.806885,73,33
1970-01-01 00:00:00.000000243,59.816208,73,33
1970-01-01 00:00:00.000000244,59.812103,73,33
1970-01-01 00:00:00.000000243,61.48419,73,34
1970-01-01 00:00:00.000000244,61.914005,73,34
1970-01-01 00:00:00.000000245,61.966454,73,34
1970-01-01 00:00:00.000000116,55.125057,74,10
1970-01-01 00:00:00.000000117,55.645912,74,10
1970-01-01 00:00:00.000000118,56.130745,74,10
1970-01-01 00:00:00.000000117,54.12506,74,11
1970-01-01 00:00:00.000000118,54.13637,74,11
1970-01-01 00:00:00.000000119,54.173176,74,11
1970-01-01 00:00:00.000000118,51.16401,74,12
1970-01-01 00:00:00.000000119,50.461273,74,12
1970-01-01 00:00:00.000000120,51.432415,74,12
1970-01-01 00:00:00.000000119,52.446148,74,13
1970-01-01 00:00:00.000000120,52.954693,74,13
1970-01-01 00:00:00.000000121,53.59294,74,13
1970-01-01 00:00:00.000000120,53.673847,74,14
1970-01-01 00:00:00.000000121,53.647198,74,14
1970-01-01 00:00:00.000000122,53.641327,74,14
1970-01-01 00:00:00.000000121,52.615334,74,15
1970-01-01 00:00:00.000000122,53.194286,74,15
1970-01-01 00:00:00.000000123,52.107124,74,15
1970-01-01 00:00:00.000000122,52.98246,74,16
1970-01-01 00:00:00.000000123,53.104187,74,16
1970-01-01 00:00:00.000000124,52.840668,74,16
1970-01-01 00:00:00.000000129,146.20049,76,10
1970-01-01 00:00:00.000000130,145.44461,76,10
1970-01-01 00:00:00.000000131,145.81114,76,10
1970-01-01 00:00:00.000000130,144.77069,76,11
1970-01-01 00:00:00.000000131,145.57863,76,11
1970-01-01 00:00:00.000000132,145.31021,76,11
1970-01-01 00:00:00.000000131,144.77966,76,12
1970-01-01 00:00:00.000000132,144.98439,76,12
1970-01-01 00:00:00.000000133,145.33632,76,12
1970-01-01 00:00:00.000000132,145.7387,76,13
1970-01-01 00:00:00.000000133,145.65686,76,13
1970-01-01 00:00:00.000000134,145.78163,76,13
1970-01-01 00:00:00.000000133,145.76334,76,14
1970-01-01 00:00:00.000000134,145.7621,76,14
1970-01-01 00:00:00.000000135,145.76303,76,14
1970-01-01 00:00:00.000000134,147.5056,76,15
1970-01-01 00:00:00.000000135,147.35637,76,15
1970-01-01 00:00:00.000000136,147.48509,76,15
1970-01-01 00:00:00.000000135,147.5412,76,16
1970-01-01 00:00:00.000000136,147.57681,76,16
1970-01-01 00:00:00.000000137,147.55807,76,16
1970-01-01 00:00:00.000000136,145.38637,76,17
1970-01-01 00:00:00.000000137,147.12193,76,17
1970-01-01 00:00:00.000000138,145.79787,76,17
1970-01-01 00:00:00.000000137,146.16893,76,18
1970-01-01 00:00:00.000000138,145.16695,76,18
1970-01-01 00:00:00.000000139,148.25456,76,18
1970-01-01 00:00:00.000000151,50.196915,77,10
1970-01-01 00:00:00.000000152,50.373287,77,10
1970-01-01 00:00:00.000000153,49.9609,77,10
1970-01-01 00:00:00.000000152,50.59481,77,11
1970-01-01 00:00:00.000000153,50.126705,77,11
1970-01-01 00:00:00.000000154,52.14641,77,11
1970-01-01 00:00:00.000000153,51.09495,77,12
1970-01-01 00:00:00.000000154,52.04362,77,12
1970-01-01 00:00:00.000000155,51.83907,77,12
1970-01-01 00:00:00.000000154,50.888607,77,13
1970-01-01 00:00:00.000000155,50.959755,77,13
1970-01-01 00:00:00.000000156,50.186405,77,13
1970-01-01 00:00:00.000000155,50.986702,77,14
1970-01-01 00:00:00.000000156,50.383816,77,14
1970-01-01 00:00:00.000000157,50.852085,77,14
1970-01-01 00:00:00.000000156,51.273575,77,15
1970-01-01 00:00:00.000000157,51.289917,77,15
1970-01-01 00:00:00.000000158,51.297607,77,15
1970-01-01 00:00:00.000000157,50.12199,77,16
1970-01-01 00:00:00.000000158,50.25259,77,16
1970-01-01 00:00:00.000000159,50.526,77,16
1970-01-01 00:00:00.000000158,45.68883,77,17
1970-01-01 00:00:00.000000159,49.134266,77,17
1970-01-01 00:00:00.000000160,47.395805,77,17
1970-01-01 00:00:00.000000159,48.898537,77,18
1970-01-01 00:00:00.000000160,48.363144,77,18
1970-01-01 00:00:00.000000161,48.509384,77,18
1970-01-01 00:00:00.000000160,49.76402,77,19
1970-01-01 00:00:00.000000161,50.720184,77,19
1970-01-01 00:00:00.000000162,49.60279,77,19
1970-01-01 00:00:00.000000161,48.35618,77,20
1970-01-01 00:00:00.000000162,48.93361,77,20
1970-01-01 00:00:00.000000163,49.07508,77,20
1970-01-01 00:00:00.000000162,48.483673,77,21
1970-01-01 00:00:00.000000163,48.544388,77,21
1970-01-01 00:00:00.000000164,48.870323,77,21
1970-01-01 00:00:00.000000163,49.377113,77,22
1970-01-01 00:00:00.000000164,50.190033,77,22
1970-01-01 00:00:00.000000165,48.759323,77,22
1970-01-01 00:00:00.000000098,28.323729,78,10
1970-01-01 00:00:00.000000099,7.063918,78,10
1970-01-01 00:00:00.000000100,7.246283,78,10
1970-01-01 00:00:00.000000099,1.0130327,78,11
1970-01-01 00:00:00.000000100,1.2156384,78,11
1970-01-01 00:00:00.000000101,0.80925375,78,11
1970-01-01 00:00:00.000000100,0.23081137,78,12
1970-01-01 00:00:00.000000101,0.2308123,78,12
1970-01-01 00:00:00.000000102,0.23081921,78,12
1970-01-01 00:00:00.000000101,0.23043203,78,13
1970-01-01 00:00:00.000000102,0.23035862,78,13
1970-01-01 00:00:00.000000103,0.23042423,78,13
1970-01-01 00:00:00.000000275,100.96421,79,10
1970-01-01 00:00:00.000000276,100.09026,79,10
1970-01-01 00:00:00.000000277,100.69337,79,10
1970-01-01 00:00:00.000000276,100.407364,79,11
1970-01-01 00:00:00.000000277,100.78245,79,11
1970-01-01 00:00:00.000000278,101.5852,79,11
1970-01-01 00:00:00.000000277,104.276,79,12
1970-01-01 00:00:00.000000278,98.55252,79,12
1970-01-01 00:00:00.000000279,99.42679,79,12
1970-01-01 00:00:00.000000278,103.0259,79,13
1970-01-01 00:00:00.000000279,103.14558,79,13
1970-01-01 00:00:00.000000280,103.11581,79,13
1970-01-01 00:00:00.000000279,102.67787,79,14
1970-01-01 00:00:00.000000280,102.654465,79,14
1970-01-01 00:00:00.000000281,102.67368,79,14
1970-01-01 00:00:00.000000280,103.266205,79,15
1970-01-01 00:00:00.000000281,103.32586,79,15
1970-01-01 00:00:00.000000282,103.58984,79,15
1970-01-01 00:00:00.000000281,102.795425,79,16
1970-01-01 00:00:00.000000282,103.18541,79,16
1970-01-01 00:00:00.000000283,103.18845,79,16
1970-01-01 00:00:00.000000282,103.80133,79,17
1970-01-01 00:00:00.000000283,103.94504,79,17
1970-01-01 00:00:00.000000284,103.82052,79,17
1970-01-01 00:00:00.000000283,100.89321,79,18
1970-01-01 00:00:00.000000284,100.610306,79,18
1970-01-01 00:00:00.000000285,100.72801,79,18
1970-01-01 00:00:00.000000284,102.859535,79,19
1970-01-01 00:00:00.000000285,102.84489,79,19
1970-01-01 00:00:00.000000286,101.69752,79,19
1970-01-01 00:00:00.000000285,101.98352,79,20
1970-01-01 00:00:00.000000286,102.301025,79,20
1970-01-01 00:00:00.000000287,102.03373,79,20
1970-01-01 00:00:00.000000286,101.3662,79,21
1970-01-01 00:00:00.000000287,101.46125,79,21
1970-01-01 00:00:00.000000288,101.56938,79,21
1970-01-01 00:00:00.000000287,102.644684,79,22
1970-01-01 00:00:00.000000288,102.50452,79,22
1970-01-01 00:00:00.000000289,102.638214,79,22
1970-01-01 00:00:00.000000288,99.10784,79,23
1970-01-01 00:00:00.000000289,101.26241,79,23
1970-01-01 00:00:00.000000290,99.88473,79,23
1970-01-01 00:00:00.000000289,97.71949,79,24
1970-01-01 00:00:00.000000290,96.93406,79,24
1970-01-01 00:00:00.000000291,97.68503,79,24
1970-01-01 00:00:00.000000290,100.20481,79,25
1970-01-01 00:00:00.000000291,100.65784,79,25
1970-01-01 00:00:00.000000292,100.5598,79,25
1970-01-01 00:00:00.000000291,102.96248,79,26
1970-01-01 00:00:00.000000292,102.39848,79,26
1970-01-01 00:00:00.000000293,102.152985,79,26
1970-01-01 00:00:00.000000292,100.8677,79,27
1970-01-01 00:00:00.000000293,101.05604,79,27
1970-01-01 00:00:00.000000294,101.311874,79,27
1970-01-01 00:00:00.000000293,98.06143,79,28
1970-01-01 00:00:00.000000294,97.53323,79,28
1970-01-01 00:00:00.000000295,97.186516,79,28
1970-01-01 00:00:00.000000294,94.73737,79,29
1970-01-01 00:00:00.000000295,95.48857,79,29
1970-01-01 00:00:00.000000296,94.78059,79,29
1970-01-01 00:00:00.000000295,89.82359,79,30
1970-01-01 00:00:00.000000296,89.6675,79,30
1970-01-01 00:00:00.000000297,86.98748,79,30
1970-01-01 00:00:00.000000296,95.42375,79,31
1970-01-01 00:00:00.000000297,92.56327,79,31
1970-01-01 00:00:00.000000298,94.10732,79,31
1970-01-01 00:00:00.000000297,93.23321,79,32
1970-01-01 00:00:00.000000298,93.2259,79,32
1970-01-01 00:00:00.000000299,93.287025,79,32
1970-01-01 00:00:00.000000298,91.03621,79,33
1970-01-01 00:00:00.000000299,91.86369,79,33
1970-01-01 00:00:00.000000300,91.89227,79,33
1970-01-01 00:00:00.000000299,101.5267,79,34
1970-01-01 00:00:00.000000300,108.58686,79,34
1970-01-01 00:00:00.000000301,105.533,79,34
1970-01-01 00:00:00.000000300,93.55389,79,35
1970-01-01 00:00:00.000000301,93.55661,79,35
1970-01-01 00:00:00.000000302,94.09385,79,35
1970-01-01 00:00:00.000000301,90.87847,79,36
1970-01-01 00:00:00.000000302,91.47295,79,36
1970-01-01 00:00:00.000000303,90.64705,79,36
1970-01-01 00:00:00.000000302,88.10938,79,37
1970-01-01 00:00:00.000000303,87.73672,79,37
1970-01-01 00:00:00.000000304,88.57363,79,37
1970-01-01 00:00:00.000000303,88.15163,79,38
1970-01-01 00:00:00.000000304,88.05092,79,38
1970-01-01 00:00:00.000000305,88.720146,79,38
1970-01-01 00:00:00.000000304,90.524,79,39
1970-01-01 00:00:00.000000305,89.11954,79,39
1970-01-01 00:00:00.000000306,88.30885,79,39
1970-01-01 00:00:00.000000305,96.02805,79,40
1970-01-01 00:00:00.000000306,92.64144,79,40
1970-01-01 00:00:00.000000307,95.684,79,40
1970-01-01 00:00:00.000000306,102.98238,79,41
1970-01-01 00:00:00.000000307,103.29597,79,41
1970-01-01 00:00:00.000000308,102.625084,79,41
1970-01-01 00:00:00.000000307,100.54352,79,42
1970-01-01 00:00:00.000000308,100.55123,79,42
1970-01-01 00:00:00.000000309,100.30072,79,42
1970-01-01 00:00:00.000000308,99.72382,79,43
1970-01-01 00:00:00.000000309,99.79282,79,43
1970-01-01 00:00:00.000000310,99.70675,79,43
1970-01-01 00:00:00.000000309,99.70946,79,44
1970-01-01 00:00:00.000000310,99.82772,79,44
1970-01-01 00:00:00.000000311,99.71786,79,44
1970-01-01 00:00:00.000000148,156.65157,80,10
1970-01-01 00:00:00.000000149,151.15794,80,10
1970-01-01 00:00:00.000000150,152.9831,80,10
1970-01-01 00:00:00.000000149,152.49121,80,11
1970-01-01 00:00:00.000000150,152.84084,80,11
1970-01-01 00:00:00.000000151,152.84518,80,11
1970-01-01 00:00:00.000000150,149.53741,80,12
1970-01-01 00:00:00.000000151,149.89793,80,12
1970-01-01 00:00:00.000000152,149.45105,80,12
1970-01-01 00:00:00.000000151,148.05307,80,13
1970-01-01 00:00:00.000000152,146.5355,80,13
1970-01-01 00:00:00.000000153,148.14458,80,13
1970-01-01 00:00:00.000000152,145.11328,80,14
1970-01-01 00:00:00.000000153,141.82634,80,14
1970-01-01 00:00:00.000000154,142.7156,80,14
1970-01-01 00:00:00.000000153,143.03438,80,15
1970-01-01 00:00:00.000000154,143.12717,80,15
1970-01-01 00:00:00.000000155,142.59988,80,15
1970-01-01 00:00:00.000000154,135.44244,80,16
1970-01-01 00:00:00.000000155,138.39287,80,16
1970-01-01 00:00:00.000000156,135.8381,80,16
1970-01-01 00:00:00.000000155,132.33266,80,17
1970-01-01 00:00:00.000000156,131.50226,80,17
1970-01-01 00:00:00.000000157,131.92323,80,17
1970-01-01 00:00:00.000000156,124.16201,80,18
1970-01-01 00:00:00.000000157,123.81008,80,18
1970-01-01 00:00:00.000000158,124.77778,80,18
1970-01-01 00:00:00.000000157,52.710407,80,19
1970-01-01 00:00:00.000000158,51.597637,80,19
1970-01-01 00:00:00.000000159,55.688507,80,19
1970-01-01 00:00:00.000000158,0.026556075,80,20
1970-01-01 00:00:00.000000159,5.251926,80,20
1970-01-01 00:00:00.000000160,5.46561,80,20
1970-01-01 00:00:00.000000159,0.18267617,80,21
1970-01-01 00:00:00.000000160,0.18435079,80,21
1970-01-01 00:00:00.000000161,0.18021202,80,21
1970-01-01 00:00:00.000000160,0.17034592,80,22
1970-01-01 00:00:00.000000161,0.17220867,80,22
1970-01-01 00:00:00.000000162,0.17110904,80,22
1970-01-01 00:00:00.000000125,122.20973,81,10
1970-01-01 00:00:00.000000126,123.1337,81,10
1970-01-01 00:00:00.000000127,123.368004,81,10
1970-01-01 00:00:00.000000126,139.86935,81,11
1970-01-01 00:00:00.000000127,138.04567,81,11
1970-01-01 00:00:00.000000128,137.45305,81,11
1970-01-01 00:00:00.000000127,117.45098,81,12
1970-01-01 00:00:00.000000128,115.19044,81,12
1970-01-01 00:00:00.000000129,122.964455,81,12
1970-01-01 00:00:00.000000128,121.32677,81,13
1970-01-01 00:00:00.000000129,121.36212,81,13
1970-01-01 00:00:00.000000130,121.33367,81,13
1970-01-01 00:00:00.000000129,122.52489,81,14
1970-01-01 00:00:00.000000130,122.09817,81,14
1970-01-01 00:00:00.000000131,122.191315,81,14
1970-01-01 00:00:00.000000130,123.22112,81,15
1970-01-01 00:00:00.000000131,123.44476,81,15
1970-01-01 00:00:00.000000132,125.91869,81,15
1970-01-01 00:00:00.000000131,125.91472,81,16
1970-01-01 00:00:00.000000132,125.537605,81,16
1970-01-01 00:00:00.000000133,126.1319,81,16
1970-01-01 00:00:00.000000132,135.84477,81,17
1970-01-01 00:00:00.000000133,134.08835,81,17
1970-01-01 00:00:00.000000134,135.64171,81,17
1970-01-01 00:00:00.000000133,130.16338,81,18
1970-01-01 00:00:00.000000134,130.17076,81,18
1970-01-01 00:00:00.000000135,130.4109,81,18
1970-01-01 00:00:00.000000318,138.28914,83,10
1970-01-01 00:00:00.000000319,137.42009,83,10
1970-01-01 00:00:00.000000320,135.86671,83,10
1970-01-01 00:00:00.000000319,136.67989,83,11
1970-01-01 00:00:00.000000320,136.05293,83,11
1970-01-01 00:00:00.000000321,135.72478,83,11
1970-01-01 00:00:00.000000320,140.9161,83,12
1970-01-01 00:00:00.000000321,140.43094,83,12
1970-01-01 00:00:00.000000322,141.1461,83,12
1970-01-01 00:00:00.000000321,141.19392,83,13
1970-01-01 00:00:00.000000322,141.65434,83,13
1970-01-01 00:00:00.000000323,141.83217,83,13
1970-01-01 00:00:00.000000322,141.74973,83,14
1970-01-01 00:00:00.000000323,143.37132,83,14
1970-01-01 00:00:00.000000324,143.7423,83,14
1970-01-01 00:00:00.000000323,143.99527,83,15
1970-01-01 00:00:00.000000324,143.99721,83,15
1970-01-01 00:00:00.000000325,144.0032,83,15
1970-01-01 00:00:00.000000324,147.20384,83,16
1970-01-01 00:00:00.000000325,146.91006,83,16
1970-01-01 00:00:00.000000326,146.87558,83,16
1970-01-01 00:00:00.000000325,147.16985,83,17
1970-01-01 00:00:00.000000326,147.01459,83,17
1970-01-01 00:00:00.000000327,147.83041,83,17
1970-01-01 00:00:00.000000326,147.3158,83,18
1970-01-01 00:00:00.000000327,148.01219,83,18
1970-01-01 00:00:00.000000328,148.88214,83,18
1970-01-01 00:00:00.000000327,149.86906,83,19
1970-01-01 00:00:00.000000328,148.60231,83,19
1970-01-01 00:00:00.000000329,150.83339,83,19
1970-01-01 00:00:00.000000328,155.17369,83,20
1970-01-01 00:00:00.000000329,152.92226,83,20
1970-01-01 00:00:00.000000330,153.58492,83,20
1970-01-01 00:00:00.000000329,152.89258,83,21
1970-01-01 00:00:00.000000330,152.47873,83,21
1970-01-01 00:00:00.000000331,149.02661,83,21
1970-01-01 00:00:00.000000330,148.15518,83,22
1970-01-01 00:00:00.000000331,148.65419,83,22
1970-01-01 00:00:00.000000332,148.87425,83,22
1970-01-01 00:00:00.000000331,149.26807,83,23
1970-01-01 00:00:00.000000332,149.02286,83,23
1970-01-01 00:00:00.000000333,149.58684,83,23
1970-01-01 00:00:00.000000332,150.66725,83,24
1970-01-01 00:00:00.000000333,150.59491,83,24
1970-01-01 00:00:00.000000334,150.75264,83,24
1970-01-01 00:00:00.000000333,144.31479,83,25
1970-01-01 00:00:00.000000334,145.17911,83,25
1970-01-01 00:00:00.000000335,144.37538,83,25
1970-01-01 00:00:00.000000334,141.2078,83,26
1970-01-01 00:00:00.000000335,141.09657,83,26
1970-01-01 00:00:00.000000336,140.96115,83,26
1970-01-01 00:00:00.000000335,142.29071,83,27
1970-01-01 00:00:00.000000336,142.1131,83,27
1970-01-01 00:00:00.000000337,141.95345,83,27
1970-01-01 00:00:00.000000336,143.33308,83,28
1970-01-01 00:00:00.000000337,143.09335,83,28
1970-01-01 00:00:00.000000338,143.72841,83,28
1970-01-01 00:00:00.000000337,139.6594,83,29
1970-01-01 00:00:00.000000338,137.12152,83,29
1970-01-01 00:00:00.000000339,137.96771,83,29
1970-01-01 00:00:00.000000338,138.9826,83,30
1970-01-01 00:00:00.000000339,138.97188,83,30
1970-01-01 00:00:00.000000340,138.93463,83,30
1970-01-01 00:00:00.000000339,139.66666,83,31
1970-01-01 00:00:00.000000340,139.50212,83,31
1970-01-01 00:00:00.000000341,139.1516,83,31
1970-01-01 00:00:00.000000340,139.57391,83,32
1970-01-01 00:00:00.000000341,139.90176,83,32
1970-01-01 00:00:00.000000342,139.8643,83,32
1970-01-01 00:00:00.000000341,143.39728,83,33
1970-01-01 00:00:00.000000342,143.34442,83,33
1970-01-01 00:00:00.000000343,143.40654,83,33
1970-01-01 00:00:00.000000342,142.81352,83,34
1970-01-01 00:00:00.000000343,142.92493,83,34
1970-01-01 00:00:00.000000344,142.90228,83,34
1970-01-01 00:00:00.000000343,144.05205,83,35
1970-01-01 00:00:00.000000344,143.55486,83,35
1970-01-01 00:00:00.000000345,143.01978,83,35
1970-01-01 00:00:00.000000344,145.3921,83,36
1970-01-01 00:00:00.000000345,143.86533,83,36
1970-01-01 00:00:00.000000346,145.72176,83,36
1970-01-01 00:00:00.000000345,146.08234,83,37
1970-01-01 00:00:00.000000346,146.08029,83,37
1970-01-01 00:00:00.000000347,146.0173,83,37
1970-01-01 00:00:00.000000346,148.26349,83,38
1970-01-01 00:00:00.000000347,149.4369,83,38
1970-01-01 00:00:00.000000348,148.3571,83,38
1970-01-01 00:00:00.000000347,148.85739,83,39
1970-01-01 00:00:00.000000348,148.86996,83,39
1970-01-01 00:00:00.000000349,148.83272,83,39
1970-01-01 00:00:00.000000348,149.86343,83,40
1970-01-01 00:00:00.000000349,150.23586,83,40
1970-01-01 00:00:00.000000350,149.69485,83,40
1970-01-01 00:00:00.000000349,152.19566,83,41
1970-01-01 00:00:00.000000350,152.32126,83,41
1970-01-01 00:00:00.000000351,152.15144,83,41
1970-01-01 00:00:00.000000350,154.35585,83,42
1970-01-01 00:00:00.000000351,154.3521,83,42
1970-01-01 00:00:00.000000352,155.11494,83,42
1970-01-01 00:00:00.000000351,158.66112,83,43
1970-01-01 00:00:00.000000352,156.50941,83,43
1970-01-01 00:00:00.000000353,155.52951,83,43
1970-01-01 00:00:00.000000352,158.0051,83,44
1970-01-01 00:00:00.000000353,157.93944,83,44
1970-01-01 00:00:00.000000354,158.16393,83,44
1970-01-01 00:00:00.000000353,166.06277,83,45
1970-01-01 00:00:00.000000354,168.98738,83,45
1970-01-01 00:00:00.000000355,169.04155,83,45
1970-01-01 00:00:00.000000354,162.82687,83,46
1970-01-01 00:00:00.000000355,164.0794,83,46
1970-01-01 00:00:00.000000356,163.84534,83,46
1970-01-01 00:00:00.000000355,164.39607,83,47
1970-01-01 00:00:00.000000356,164.53716,83,47
1970-01-01 00:00:00.000000357,164.44133,83,47
1970-01-01 00:00:00.000000356,165.63504,83,48
1970-01-01 00:00:00.000000357,165.00453,83,48
1970-01-01 00:00:00.000000358,164.80626,83,48
1970-01-01 00:00:00.000000357,164.71408,83,49
1970-01-01 00:00:00.000000358,165.26749,83,49
1970-01-01 00:00:00.000000359,165.11842,83,49
1970-01-01 00:00:00.000000358,161.42944,83,50
1970-01-01 00:00:00.000000359,157.36377,83,50
1970-01-01 00:00:00.000000360,156.25688,83,50
1970-01-01 00:00:00.000000359,158.75629,83,51
1970-01-01 00:00:00.000000360,158.55557,83,51
1970-01-01 00:00:00.000000361,158.44977,83,51
1970-01-01 00:00:00.000000360,159.68172,83,52
1970-01-01 00:00:00.000000361,159.79315,83,52
1970-01-01 00:00:00.000000362,159.67415,83,52
1970-01-01 00:00:00.000000110,187.5208,84,10
1970-01-01 00:00:00.000000111,187.57684,84,10
1970-01-01 00:00:00.000000112,187.54042,84,10
1970-01-01 00:00:00.000000111,187.44093,84,11
1970-01-01 00:00:00.000000112,187.48293,84,11
1970-01-01 00:00:00.000000113,187.469,84,11
1970-01-01 00:00:00.000000112,186.87817,84,12
1970-01-01 00:00:00.000000113,186.82271,84,12
1970-01-01 00:00:00.000000114,186.62808,84,12
1970-01-01 00:00:00.000000113,186.28432,84,13
1970-01-01 00:00:00.000000114,187.18265,84,13
1970-01-01 00:00:00.000000115,187.15524,84,13
1970-01-01 00:00:00.000000114,186.37872,84,14
1970-01-01 00:00:00.000000115,186.2236,84,14
1970-01-01 00:00:00.000000116,186.31273,84,14
1970-01-01 00:00:00.000000115,191.48006,84,15
1970-01-01 00:00:00.000000116,190.89998,84,15
1970-01-01 00:00:00.000000117,190.26253,84,15
1970-01-01 00:00:00.000000118,143.19655,85,10
1970-01-01 00:00:00.000000119,143.01384,85,10
1970-01-01 00:00:00.000000120,143.36958,85,10
1970-01-01 00:00:00.000000119,138.62907,85,11
1970-01-01 00:00:00.000000120,137.54227,85,11
1970-01-01 00:00:00.000000121,137.79593,85,11
1970-01-01 00:00:00.000000120,137.90968,85,12
1970-01-01 00:00:00.000000121,137.868,85,12
1970-01-01 00:00:00.000000122,137.86314,85,12
1970-01-01 00:00:00.000000121,138.1381,85,13
1970-01-01 00:00:00.000000122,138.108,85,13
1970-01-01 00:00:00.000000123,138.14725,85,13
1970-01-01 00:00:00.000000122,140.57896,85,14
1970-01-01 00:00:00.000000123,140.83012,85,14
1970-01-01 00:00:00.000000124,140.08292,85,14
1970-01-01 00:00:00.000000123,148.19081,85,15
1970-01-01 00:00:00.000000124,147.29617,85,15
1970-01-01 00:00:00.000000125,142.3032,85,15
1970-01-01 00:00:00.000000124,147.35594,85,16
1970-01-01 00:00:00.000000125,146.92804,85,16
1970-01-01 00:00:00.000000126,145.71996,85,16
1970-01-01 00:00:00.000000215,148.34172,86,10
1970-01-01 00:00:00.000000216,147.86148,86,10
1970-01-01 00:00:00.000000217,145.60823,86,10
1970-01-01 00:00:00.000000216,147.1022,86,11
1970-01-01 00:00:00.000000217,141.7993,86,11
1970-01-01 00:00:00.000000218,148.1668,86,11
1970-01-01 00:00:00.000000217,153.42636,86,12
1970-01-01 00:00:00.000000218,153.42308,86,12
1970-01-01 00:00:00.000000219,153.43333,86,12
1970-01-01 00:00:00.000000218,152.56853,86,13
1970-01-01 00:00:00.000000219,151.68578,86,13
1970-01-01 00:00:00.000000220,151.90482,86,13
1970-01-01 00:00:00.000000219,142.70244,86,14
1970-01-01 00:00:00.000000220,143.79292,86,14
1970-01-01 00:00:00.000000221,142.0468,86,14
1970-01-01 00:00:00.000000220,139.12056,86,15
1970-01-01 00:00:00.000000221,140.22519,86,15
1970-01-01 00:00:00.000000222,138.32387,86,15
1970-01-01 00:00:00.000000221,141.82547,86,16
1970-01-01 00:00:00.000000222,141.89676,86,16
1970-01-01 00:00:00.000000223,141.08562,86,16
1970-01-01 00:00:00.000000222,139.49539,86,17
1970-01-01 00:00:00.000000223,139.72691,86,17
1970-01-01 00:00:00.000000224,139.64177,86,17
1970-01-01 00:00:00.000000223,139.55884,86,18
1970-01-01 00:00:00.000000224,139.01315,86,18
1970-01-01 00:00:00.000000225,139.03922,86,18
1970-01-01 00:00:00.000000224,145.1526,86,19
1970-01-01 00:00:00.000000225,144.89528,86,19
1970-01-01 00:00:00.000000226,146.66922,86,19
1970-01-01 00:00:00.000000225,151.05356,86,20
1970-01-01 00:00:00.000000226,149.68842,86,20
1970-01-01 00:00:00.000000227,147.40083,86,20
1970-01-01 00:00:00.000000226,148.41708,86,21
1970-01-01 00:00:00.000000227,149.3086,86,21
1970-01-01 00:00:00.000000228,149.18144,86,21
1970-01-01 00:00:00.000000227,152.09221,86,22
1970-01-01 00:00:00.000000228,151.73335,86,22
1970-01-01 00:00:00.000000229,153.29967,86,22
1970-01-01 00:00:00.000000228,145.22119,86,23
1970-01-01 00:00:00.000000229,140.33772,86,23
1970-01-01 00:00:00.000000230,139.01184,86,23
1970-01-01 00:00:00.000000229,139.96764,86,24
1970-01-01 00:00:00.000000230,141.44267,86,24
1970-01-01 00:00:00.000000231,138.55725,86,24
1970-01-01 00:00:00.000000230,134.21059,86,25
1970-01-01 00:00:00.000000231,134.2474,86,25
1970-01-01 00:00:00.000000232,134.92941,86,25
1970-01-01 00:00:00.000000231,135.72142,86,26
1970-01-01 00:00:00.000000232,135.68231,86,26
1970-01-01 00:00:00.000000233,135.61086,86,26
1970-01-01 00:00:00.000000232,139.32147,86,27
1970-01-01 00:00:00.000000233,139.0571,86,27
1970-01-01 00:00:00.000000234,139.80374,86,27
1970-01-01 00:00:00.000000233,130.33957,86,28
1970-01-01 00:00:00.000000234,132.08951,86,28
1970-01-01 00:00:00.000000235,128.87547,86,28
1970-01-01 00:00:00.000000234,131.23698,86,29
1970-01-01 00:00:00.000000235,130.90315,86,29
1970-01-01 00:00:00.000000236,130.81053,86,29
1970-01-01 00:00:00.000000235,132.43553,86,30
1970-01-01 00:00:00.000000236,130.9091,86,30
1970-01-01 00:00:00.000000237,134.34486,86,30
1970-01-01 00:00:00.000000236,138.71365,86,31
1970-01-01 00:00:00.000000237,138.55576,86,31
1970-01-01 00:00:00.000000238,138.90213,86,31
1970-01-01 00:00:00.000000237,150.70325,86,32
1970-01-01 00:00:00.000000238,149.51312,86,32
1970-01-01 00:00:00.000000239,145.2649,86,32
1970-01-01 00:00:00.000000238,147.45488,86,33
1970-01-01 00:00:00.000000239,145.02603,86,33
1970-01-01 00:00:00.000000240,137.5568,86,33
1970-01-01 00:00:00.000000385,122.06901,87,10
1970-01-01 00:00:00.000000386,122.12469,87,10
1970-01-01 00:00:00.000000387,122.8534,87,10
1970-01-01 00:00:00.000000386,126.3322,87,11
1970-01-01 00:00:00.000000387,125.34888,87,11
1970-01-01 00:00:00.000000388,126.22668,87,11
1970-01-01 00:00:00.000000387,131.72221,87,12
1970-01-01 00:00:00.000000388,134.19139,87,12
1970-01-01 00:00:00.000000389,132.49966,87,12
1970-01-01 00:00:00.000000388,128.30681,87,13
1970-01-01 00:00:00.000000389,128.12941,87,13
1970-01-01 00:00:00.000000390,127.81378,87,13
1970-01-01 00:00:00.000000389,126.6335,87,14
1970-01-01 00:00:00.000000390,129.8216,87,14
1970-01-01 00:00:00.000000391,129.44073,87,14
1970-01-01 00:00:00.000000390,121.01969,87,15
1970-01-01 00:00:00.000000391,122.09828,87,15
1970-01-01 00:00:00.000000392,121.59194,87,15
1970-01-01 00:00:00.000000391,118.047516,87,16
1970-01-01 00:00:00.000000392,119.41468,87,16
1970-01-01 00:00:00.000000393,118.15939,87,16
1970-01-01 00:00:00.000000392,117.62547,87,17
1970-01-01 00:00:00.000000393,117.42231,87,17
1970-01-01 00:00:00.000000394,117.52858,87,17
1970-01-01 00:00:00.000000393,116.06595,87,18
1970-01-01 00:00:00.000000394,116.07852,87,18
1970-01-01 00:00:00.000000395,116.06589,87,18
1970-01-01 00:00:00.000000394,130.08043,87,19
1970-01-01 00:00:00.000000395,128.61925,87,19
1970-01-01 00:00:00.000000396,123.25232,87,19
1970-01-01 00:00:00.000000395,129.9706,87,20
1970-01-01 00:00:00.000000396,126.522255,87,20
1970-01-01 00:00:00.000000397,131.65002,87,20
1970-01-01 00:00:00.000000396,124.85873,87,21
1970-01-01 00:00:00.000000397,123.60764,87,21
1970-01-01 00:00:00.000000398,123.246124,87,21
1970-01-01 00:00:00.000000397,125.46308,87,22
1970-01-01 00:00:00.000000398,129.88591,87,22
1970-01-01 00:00:00.000000399,130.38983,87,22
1970-01-01 00:00:00.000000398,125.953575,87,23
1970-01-01 00:00:00.000000399,126.6533,87,23
1970-01-01 00:00:00.000000400,121.49074,87,23
1970-01-01 00:00:00.000000399,113.50029,87,24
1970-01-01 00:00:00.000000400,116.18792,87,24
1970-01-01 00:00:00.000000401,114.85593,87,24
1970-01-01 00:00:00.000000400,108.34591,87,25
1970-01-01 00:00:00.000000401,107.98043,87,25
1970-01-01 00:00:00.000000402,107.83679,87,25
1970-01-01 00:00:00.000000401,116.87951,87,26
1970-01-01 00:00:00.000000402,120.281746,87,26
1970-01-01 00:00:00.000000403,117.85897,87,26
1970-01-01 00:00:00.000000402,102.828415,87,27
1970-01-01 00:00:00.000000403,98.65352,87,27
1970-01-01 00:00:00.000000404,99.1127,87,27
1970-01-01 00:00:00.000000403,115.608894,87,28
1970-01-01 00:00:00.000000404,116.528656,87,28
1970-01-01 00:00:00.000000405,116.53056,87,28
1970-01-01 00:00:00.000000404,123.7084,87,29
1970-01-01 00:00:00.000000405,127.029305,87,29
1970-01-01 00:00:00.000000406,126.60295,87,29
1970-01-01 00:00:00.000000405,122.87235,87,30
1970-01-01 00:00:00.000000406,122.91128,87,30
1970-01-01 00:00:00.000000407,122.90039,87,30
1970-01-01 00:00:00.000000406,120.73642,87,31
1970-01-01 00:00:00.000000407,120.4769,87,31
1970-01-01 00:00:00.000000408,120.301285,87,31
1970-01-01 00:00:00.000000407,120.426956,87,32
1970-01-01 00:00:00.000000408,120.384674,87,32
1970-01-01 00:00:00.000000409,120.41029,87,32
1970-01-01 00:00:00.000000408,120.79881,87,33
1970-01-01 00:00:00.000000409,120.61208,87,33
1970-01-01 00:00:00.000000410,120.74655,87,33
1970-01-01 00:00:00.000000409,118.07854,87,34
1970-01-01 00:00:00.000000410,120.3451,87,34
1970-01-01 00:00:00.000000411,117.8604,87,34
1970-01-01 00:00:00.000000410,120.16259,87,35
1970-01-01 00:00:00.000000411,126.81829,87,35
1970-01-01 00:00:00.000000412,125.2625,87,35
1970-01-01 00:00:00.000000411,128.07167,87,36
1970-01-01 00:00:00.000000412,133.51915,87,36
1970-01-01 00:00:00.000000413,126.21886,87,36
1970-01-01 00:00:00.000000412,125.63078,87,37
1970-01-01 00:00:00.000000413,123.67606,87,37
1970-01-01 00:00:00.000000414,127.06641,87,37
1970-01-01 00:00:00.000000413,120.70067,87,38
1970-01-01 00:00:00.000000414,123.01684,87,38
1970-01-01 00:00:00.000000415,124.01112,87,38
1970-01-01 00:00:00.000000414,127.11529,87,39
1970-01-01 00:00:00.000000415,127.35791,87,39
1970-01-01 00:00:00.000000416,128.63853,87,39
1970-01-01 00:00:00.000000415,120.377525,87,40
1970-01-01 00:00:00.000000416,120.22324,87,40
1970-01-01 00:00:00.000000417,120.253975,87,40
1970-01-01 00:00:00.000000416,113.508125,87,41
1970-01-01 00:00:00.000000417,118.62932,87,41
1970-01-01 00:00:00.000000418,114.23684,87,41
1970-01-01 00:00:00.000000417,113.16495,87,42
1970-01-01 00:00:00.000000418,114.671394,87,42
1970-01-01 00:00:00.000000419,113.537224,87,42
1970-01-01 00:00:00.000000418,113.39682,87,43
1970-01-01 00:00:00.000000419,112.219406,87,43
1970-01-01 00:00:00.000000420,111.52708,87,43
1970-01-01 00:00:00.000000419,112.44941,87,44
1970-01-01 00:00:00.000000420,112.30322,87,44
1970-01-01 00:00:00.000000421,112.57431,87,44
1970-01-01 00:00:00.000000420,110.20952,87,45
1970-01-01 00:00:00.000000421,108.57727,87,45
1970-01-01 00:00:00.000000422,110.27868,87,45
1970-01-01 00:00:00.000000421,107.10233,87,46
1970-01-01 00:00:00.000000422,106.96754,87,46
1970-01-01 00:00:00.000000423,106.92118,87,46
1970-01-01 00:00:00.000000422,104.15832,87,47
1970-01-01 00:00:00.000000423,103.33128,87,47
1970-01-01 00:00:00.000000424,103.82147,87,47
1970-01-01 00:00:00.000000423,97.7539,87,48
1970-01-01 00:00:00.000000424,94.623215,87,48
1970-01-01 00:00:00.000000425,93.86681,87,48
1970-01-01 00:00:00.000000424,96.594246,87,49
1970-01-01 00:00:00.000000425,96.58259,87,49
1970-01-01 00:00:00.000000426,96.59237,87,49
1970-01-01 00:00:00.000000425,98.52528,87,50
1970-01-01 00:00:00.000000426,97.803276,87,50
1970-01-01 00:00:00.000000427,96.85078,87,50
1970-01-01 00:00:00.000000426,94.50359,87,51
1970-01-01 00:00:00.000000427,103.043655,87,51
1970-01-01 00:00:00.000000428,92.94214,87,51
1970-01-01 00:00:00.000000427,127.668495,87,52
1970-01-01 00:00:00.000000428,128.43646,87,52
1970-01-01 00:00:00.000000429,128.75388,87,52
1970-01-01 00:00:00.000000428,108.16954,87,53
1970-01-01 00:00:00.000000429,112.473816,87,53
1970-01-01 00:00:00.000000430,110.88626,87,53
1970-01-01 00:00:00.000000429,107.16984,87,54
1970-01-01 00:00:00.000000430,102.37644,87,54
1970-01-01 00:00:00.000000431,107.29405,87,54
1970-01-01 00:00:00.000000430,93.653175,87,55
1970-01-01 00:00:00.000000431,85.00734,87,55
1970-01-01 00:00:00.000000432,87.18154,87,55
1970-01-01 00:00:00.000000431,88.05267,87,56
1970-01-01 00:00:00.000000432,87.622246,87,56
1970-01-01 00:00:00.000000433,87.24924,87,56
1970-01-01 00:00:00.000000432,114.0804,87,57
1970-01-01 00:00:00.000000433,115.87449,87,57
1970-01-01 00:00:00.000000434,108.675606,87,57
1970-01-01 00:00:00.000000433,117.96809,87,58
1970-01-01 00:00:00.000000434,120.9893,87,58
1970-01-01 00:00:00.000000435,117.763245,87,58
1970-01-01 00:00:00.000000434,96.58726,87,59
1970-01-01 00:00:00.000000435,103.66211,87,59
1970-01-01 00:00:00.000000436,104.66576,87,59
1970-01-01 00:00:00.000000435,63.658318,87,60
1970-01-01 00:00:00.000000436,68.86037,87,60
1970-01-01 00:00:00.000000437,68.60271,87,60
1970-01-01 00:00:00.000000436,62.69188,87,61
1970-01-01 00:00:00.000000437,62.894035,87,61
1970-01-01 00:00:00.000000438,62.55267,87,61
1970-01-01 00:00:00.000000437,88.15131,87,62
1970-01-01 00:00:00.000000438,82.37411,87,62
1970-01-01 00:00:00.000000439,85.21176,87,62
1970-01-01 00:00:00.000000438,80.24953,87,63
1970-01-01 00:00:00.000000439,80.77155,87,63
1970-01-01 00:00:00.000000440,80.7958,87,63
1970-01-01 00:00:00.000000439,93.24926,87,64
1970-01-01 00:00:00.000000440,91.27082,87,64
1970-01-01 00:00:00.000000441,76.54347,87,64
1970-01-01 00:00:00.000000355,143.10359,88,10
1970-01-01 00:00:00.000000356,140.05246,88,10
1970-01-01 00:00:00.000000357,139.00659,88,10
1970-01-01 00:00:00.000000356,144.32315,88,11
1970-01-01 00:00:00.000000357,143.66301,88,11
1970-01-01 00:00:00.000000358,145.32098,88,11
1970-01-01 00:00:00.000000357,145.97687,88,12
1970-01-01 00:00:00.000000358,145.83606,88,12
1970-01-01 00:00:00.000000359,145.86037,88,12
1970-01-01 00:00:00.000000358,146.1713,88,13
1970-01-01 00:00:00.000000359,146.05363,88,13
1970-01-01 00:00:00.000000360,146.19217,88,13
1970-01-01 00:00:00.000000359,146.505,88,14
1970-01-01 00:00:00.000000360,146.71986,88,14
1970-01-01 00:00:00.000000361,147.29767,88,14
1970-01-01 00:00:00.000000360,145.4894,88,15
1970-01-01 00:00:00.000000361,146.62325,88,15
1970-01-01 00:00:00.000000362,147.15514,88,15
1970-01-01 00:00:00.000000361,139.26196,88,16
1970-01-01 00:00:00.000000362,144.05618,88,16
1970-01-01 00:00:00.000000363,137.7321,88,16
1970-01-01 00:00:00.000000362,141.42625,88,17
1970-01-01 00:00:00.000000363,141.18066,88,17
1970-01-01 00:00:00.000000364,141.42415,88,17
1970-01-01 00:00:00.000000363,137.56105,88,18
1970-01-01 00:00:00.000000364,138.06218,88,18
1970-01-01 00:00:00.000000365,139.09833,88,18
1970-01-01 00:00:00.000000364,138.10162,88,19
1970-01-01 00:00:00.000000365,138.07434,88,19
1970-01-01 00:00:00.000000366,137.96075,88,19
1970-01-01 00:00:00.000000365,139.45929,88,20
1970-01-01 00:00:00.000000366,139.99252,88,20
1970-01-01 00:00:00.000000367,139.87381,88,20
1970-01-01 00:00:00.000000366,140.36896,88,21
1970-01-01 00:00:00.000000367,140.01912,88,21
1970-01-01 00:00:00.000000368,140.3066,88,21
1970-01-01 00:00:00.000000367,140.94374,88,22
1970-01-01 00:00:00.000000368,141.18378,88,22
1970-01-01 00:00:00.000000369,141.11267,88,22
1970-01-01 00:00:00.000000368,141.4036,88,23
1970-01-01 00:00:00.000000369,141.53667,88,23
1970-01-01 00:00:00.000000370,141.87064,88,23
1970-01-01 00:00:00.000000369,145.8785,88,24
1970-01-01 00:00:00.000000370,145.85236,88,24
1970-01-01 00:00:00.000000371,145.41974,88,24
1970-01-01 00:00:00.000000370,145.82204,88,25
1970-01-01 00:00:00.000000371,145.78079,88,25
1970-01-01 00:00:00.000000372,145.71832,88,25
1970-01-01 00:00:00.000000371,145.79921,88,26
1970-01-01 00:00:00.000000372,145.7996,88,26
1970-01-01 00:00:00.000000373,145.74783,88,26
1970-01-01 00:00:00.000000372,146.24646,88,27
1970-01-01 00:00:00.000000373,146.25081,88,27
1970-01-01 00:00:00.000000374,146.08075,88,27
1970-01-01 00:00:00.000000373,148.85455,88,28
1970-01-01 00:00:00.000000374,149.16045,88,28
1970-01-01 00:00:00.000000375,149.49593,88,28
1970-01-01 00:00:00.000000374,148.1065,88,29
1970-01-01 00:00:00.000000375,148.08246,88,29
1970-01-01 00:00:00.000000376,148.13184,88,29
1970-01-01 00:00:00.000000375,147.39867,88,30
1970-01-01 00:00:00.000000376,147.14987,88,30
1970-01-01 00:00:00.000000377,147.182,88,30
1970-01-01 00:00:00.000000376,144.63348,88,31
1970-01-01 00:00:00.000000377,144.20633,88,31
1970-01-01 00:00:00.000000378,143.55714,88,31
1970-01-01 00:00:00.000000377,142.78233,88,32
1970-01-01 00:00:00.000000378,142.76994,88,32
1970-01-01 00:00:00.000000379,142.69913,88,32
1970-01-01 00:00:00.000000378,139.7099,88,33
1970-01-01 00:00:00.000000379,139.39655,88,33
1970-01-01 00:00:00.000000380,140.46495,88,33
1970-01-01 00:00:00.000000379,141.05974,88,34
1970-01-01 00:00:00.000000380,141.17892,88,34
1970-01-01 00:00:00.000000381,141.35188,88,34
1970-01-01 00:00:00.000000380,140.97957,88,35
1970-01-01 00:00:00.000000381,140.90009,88,35
1970-01-01 00:00:00.000000382,140.81725,88,35
1970-01-01 00:00:00.000000381,144.51743,88,36
1970-01-01 00:00:00.000000382,143.45633,88,36
1970-01-01 00:00:00.000000383,140.55843,88,36
1970-01-01 00:00:00.000000382,143.86115,88,37
1970-01-01 00:00:00.000000383,143.52672,88,37
1970-01-01 00:00:00.000000384,144.13647,88,37
1970-01-01 00:00:00.000000383,149.5315,88,38
1970-01-01 00:00:00.000000384,146.66731,88,38
1970-01-01 00:00:00.000000385,146.22772,88,38
1970-01-01 00:00:00.000000384,149.60626,88,39
1970-01-01 00:00:00.000000385,149.78957,88,39
1970-01-01 00:00:00.000000386,149.57448,88,39
1970-01-01 00:00:00.000000385,153.62408,88,40
1970-01-01 00:00:00.000000386,154.23119,88,40
1970-01-01 00:00:00.000000387,155.16306,88,40
1970-01-01 00:00:00.000000386,158.06436,88,41
1970-01-01 00:00:00.000000387,161.98485,88,41
1970-01-01 00:00:00.000000388,162.63869,88,41
1970-01-01 00:00:00.000000387,160.80122,88,42
1970-01-01 00:00:00.000000388,160.03778,88,42
1970-01-01 00:00:00.000000389,160.63522,88,42
1970-01-01 00:00:00.000000388,163.94855,88,43
1970-01-01 00:00:00.000000389,164.83208,88,43
1970-01-01 00:00:00.000000390,166.24463,88,43
1970-01-01 00:00:00.000000389,166.17282,88,44
1970-01-01 00:00:00.000000390,165.68185,88,44
1970-01-01 00:00:00.000000391,166.99655,88,44
1970-01-01 00:00:00.000000390,171.78294,88,45
1970-01-01 00:00:00.000000391,168.67403,88,45
1970-01-01 00:00:00.000000392,172.10393,88,45
1970-01-01 00:00:00.000000391,167.61125,88,46
1970-01-01 00:00:00.000000392,167.65154,88,46
1970-01-01 00:00:00.000000393,167.8073,88,46
1970-01-01 00:00:00.000000392,168.82437,88,47
1970-01-01 00:00:00.000000393,167.77019,88,47
1970-01-01 00:00:00.000000394,168.12947,88,47
1970-01-01 00:00:00.000000393,175.25896,88,48
1970-01-01 00:00:00.000000394,174.40543,88,48
1970-01-01 00:00:00.000000395,173.91316,88,48
1970-01-01 00:00:00.000000394,178.24617,88,49
1970-01-01 00:00:00.000000395,179.1169,88,49
1970-01-01 00:00:00.000000396,178.37967,88,49
1970-01-01 00:00:00.000000395,179.34978,88,50
1970-01-01 00:00:00.000000396,179.35576,88,50
1970-01-01 00:00:00.000000397,179.35489,88,50
1970-01-01 00:00:00.000000396,181.54942,88,51
1970-01-01 00:00:00.000000397,182.11652,88,51
1970-01-01 00:00:00.000000398,182.04132,88,51
1970-01-01 00:00:00.000000397,186.2675,88,52
1970-01-01 00:00:00.000000398,186.26796,88,52
1970-01-01 00:00:00.000000399,183.26024,88,52
1970-01-01 00:00:00.000000398,185.8837,88,53
1970-01-01 00:00:00.000000399,185.85237,88,53
1970-01-01 00:00:00.000000400,187.38097,88,53
1970-01-01 00:00:00.000000399,190.78984,88,54
1970-01-01 00:00:00.000000400,191.05008,88,54
1970-01-01 00:00:00.000000401,191.07048,88,54
1970-01-01 00:00:00.000000400,190.86449,88,55
1970-01-01 00:00:00.000000401,190.41112,88,55
1970-01-01 00:00:00.000000402,190.8052,88,55
1970-01-01 00:00:00.000000401,198.61606,88,56
1970-01-01 00:00:00.000000402,198.36765,88,56
1970-01-01 00:00:00.000000403,198.51947,88,56
1970-01-01 00:00:00.000000402,194.46301,88,57
1970-01-01 00:00:00.000000403,194.87064,88,57
1970-01-01 00:00:00.000000404,194.28795,88,57
1970-01-01 00:00:00.000000403,192.06427,88,58
1970-01-01 00:00:00.000000404,191.25972,88,58
1970-01-01 00:00:00.000000405,190.9924,88,58
1970-01-01 00:00:00.000000093,12.867816,89,10
1970-01-01 00:00:00.000000094,8.0329275,89,10
1970-01-01 00:00:00.000000095,12.387093,89,10
1970-01-01 00:00:00.000000094,1.524358,89,11
1970-01-01 00:00:00.000000095,1.5429955,89,11
1970-01-01 00:00:00.000000096,1.5317098,89,11
1970-01-01 00:00:00.000000095,1.5385941,89,12
1970-01-01 00:00:00.000000096,1.5390592,89,12
1970-01-01 00:00:00.000000097,1.5391297,89,12
1970-01-01 00:00:00.000000101,46.90836,92,10
1970-01-01 00:00:00.000000102,38.253994,92,10
1970-01-01 00:00:00.000000103,38.64605,92,10
1970-01-01 00:00:00.000000102,43.261673,92,11
1970-01-01 00:00:00.000000103,43.44066,92,11
1970-01-01 00:00:00.000000104,43.54391,92,11
1970-01-01 00:00:00.000000103,41.086823,92,12
1970-01-01 00:00:00.000000104,42.11835,92,12
1970-01-01 00:00:00.000000105,41.898247,92,12
1970-01-01 00:00:00.000000104,41.25292,92,13
1970-01-01 00:00:00.000000105,41.02105,92,13
1970-01-01 00:00:00.000000106,39.22419,92,13
1970-01-01 00:00:00.000000166,96.00217,93,10
1970-01-01 00:00:00.000000167,97.95844,93,10
1970-01-01 00:00:00.000000168,96.8212,93,10
1970-01-01 00:00:00.000000167,84.10303,93,11
1970-01-01 00:00:00.000000168,84.106804,93,11
1970-01-01 00:00:00.000000169,82.73809,93,11
1970-01-01 00:00:00.000000168,79.29806,93,12
1970-01-01 00:00:00.000000169,81.74365,93,12
1970-01-01 00:00:00.000000170,81.67151,93,12
1970-01-01 00:00:00.000000169,72.95288,93,13
1970-01-01 00:00:00.000000170,73.193924,93,13
1970-01-01 00:00:00.000000171,71.65059,93,13
1970-01-01 00:00:00.000000170,76.94579,93,14
1970-01-01 00:00:00.000000171,78.79593,93,14
1970-01-01 00:00:00.000000172,79.016396,93,14
1970-01-01 00:00:00.000000171,79.75464,93,15
1970-01-01 00:00:00.000000172,79.78497,93,15
1970-01-01 00:00:00.000000173,79.673775,93,15
1970-01-01 00:00:00.000000172,89.02337,93,16
1970-01-01 00:00:00.000000173,90.79664,93,16
1970-01-01 00:00:00.000000174,89.260735,93,16
1970-01-01 00:00:00.000000173,97.51687,93,17
1970-01-01 00:00:00.000000174,102.66446,93,17
1970-01-01 00:00:00.000000175,108.51184,93,17
1970-01-01 00:00:00.000000174,106.42884,93,18
1970-01-01 00:00:00.000000175,106.24238,93,18
1970-01-01 00:00:00.000000176,105.76576,93,18
1970-01-01 00:00:00.000000175,125.88274,93,19
1970-01-01 00:00:00.000000176,127.82428,93,19
1970-01-01 00:00:00.000000177,128.96786,93,19
1970-01-01 00:00:00.000000176,104.752075,93,20
1970-01-01 00:00:00.000000177,104.81504,93,20
1970-01-01 00:00:00.000000178,105.51896,93,20
1970-01-01 00:00:00.000000177,62.042786,93,21
1970-01-01 00:00:00.000000178,63.19854,93,21
1970-01-01 00:00:00.000000179,72.31751,93,21
1970-01-01 00:00:00.000000178,4.7461815,93,22
1970-01-01 00:00:00.000000179,0.0,93,22
1970-01-01 00:00:00.000000180,0.0,93,22
1970-01-01 00:00:00.000000179,0.58135456,93,23
1970-01-01 00:00:00.000000180,0.6818632,93,23
1970-01-01 00:00:00.000000181,0.529095,93,23
1970-01-01 00:00:00.000000180,0.23147525,93,24
1970-01-01 00:00:00.000000181,0.2314672,93,24
1970-01-01 00:00:00.000000182,0.23146826,93,24
1970-01-01 00:00:00.000000181,0.30134353,93,25
1970-01-01 00:00:00.000000182,0.31227854,93,25
1970-01-01 00:00:00.000000183,0.27408406,93,25
1970-01-01 00:00:00.000000114,92.34495,95,10
1970-01-01 00:00:00.000000115,90.179596,95,10
1970-01-01 00:00:00.000000116,90.81232,95,10
1970-01-01 00:00:00.000000115,87.48813,95,11
1970-01-01 00:00:00.000000116,91.66423,95,11
1970-01-01 00:00:00.000000117,87.89308,95,11
1970-01-01 00:00:00.000000116,90.81021,95,12
1970-01-01 00:00:00.000000117,103.86544,95,12
1970-01-01 00:00:00.000000118,106.3074,95,12
1970-01-01 00:00:00.000000117,89.92738,95,13
1970-01-01 00:00:00.000000118,88.53253,95,13
1970-01-01 00:00:00.000000119,88.2669,95,13
1970-01-01 00:00:00.000000118,88.10096,95,14
1970-01-01 00:00:00.000000119,88.04037,95,14
1970-01-01 00:00:00.000000120,87.58724,95,14
1970-01-01 00:00:00.000000119,83.34133,95,15
1970-01-01 00:00:00.000000120,82.43727,95,15
1970-01-01 00:00:00.000000121,83.171715,95,15
1970-01-01 00:00:00.000000120,83.03382,95,16
1970-01-01 00:00:00.000000121,85.115944,95,16
1970-01-01 00:00:00.000000122,87.67118,95,16
1970-01-01 00:00:00.000000183,108.441826,96,10
1970-01-01 00:00:00.000000184,108.2097,96,10
1970-01-01 00:00:00.000000185,108.41114,96,10
1970-01-01 00:00:00.000000184,112.66871,96,11
1970-01-01 00:00:00.000000185,113.0609,96,11
1970-01-01 00:00:00.000000186,118.69665,96,11
1970-01-01 00:00:00.000000185,112.16082,96,12
1970-01-01 00:00:00.000000186,113.10161,96,12
1970-01-01 00:00:00.000000187,113.943344,96,12
1970-01-01 00:00:00.000000186,113.31481,96,13
1970-01-01 00:00:00.000000187,113.891014,96,13
1970-01-01 00:00:00.000000188,114.061455,96,13
1970-01-01 00:00:00.000000187,114.16531,96,14
1970-01-01 00:00:00.000000188,114.6527,96,14
1970-01-01 00:00:00.000000189,116.28605,96,14
1970-01-01 00:00:00.000000188,120.15825,96,15
1970-01-01 00:00:00.000000189,118.77518,96,15
1970-01-01 00:00:00.000000190,119.01186,96,15
1970-01-01 00:00:00.000000189,119.67316,96,16
1970-01-01 00:00:00.000000190,119.71542,96,16
1970-01-01 00:00:00.000000191,119.724655,96,16
1970-01-01 00:00:00.000000190,119.57567,96,17
1970-01-01 00:00:00.000000191,119.814415,96,17
1970-01-01 00:00:00.000000192,119.620285,96,17
1970-01-01 00:00:00.000000191,118.44549,96,18
1970-01-01 00:00:00.000000192,117.16549,96,18
1970-01-01 00:00:00.000000193,117.894936,96,18
1970-01-01 00:00:00.000000192,119.400604,96,19
1970-01-01 00:00:00.000000193,120.18996,96,19
1970-01-01 00:00:00.000000194,118.980415,96,19
1970-01-01 00:00:00.000000193,122.008446,96,20
1970-01-01 00:00:00.000000194,122.11777,96,20
1970-01-01 00:00:00.000000195,122.31918,96,20
1970-01-01 00:00:00.000000194,123.3606,96,21
1970-01-01 00:00:00.000000195,123.268265,96,21
1970-01-01 00:00:00.000000196,123.226944,96,21
1970-01-01 00:00:00.000000195,121.18121,96,22
1970-01-01 00:00:00.000000196,121.973076,96,22
1970-01-01 00:00:00.000000197,123.38133,96,22
1970-01-01 00:00:00.000000196,121.18824,96,23
1970-01-01 00:00:00.000000197,121.58696,96,23
1970-01-01 00:00:00.000000198,121.686134,96,23
1970-01-01 00:00:00.000000197,122.60367,96,24
1970-01-01 00:00:00.000000198,122.38731,96,24
1970-01-01 00:00:00.000000199,121.82687,96,24
1970-01-01 00:00:00.000000198,124.053474,96,25
1970-01-01 00:00:00.000000199,123.02772,96,25
1970-01-01 00:00:00.000000200,124.121574,96,25
1970-01-01 00:00:00.000000199,121.97075,96,26
1970-01-01 00:00:00.000000200,121.96288,96,26
1970-01-01 00:00:00.000000201,120.889,96,26
1970-01-01 00:00:00.000000200,119.257706,96,27
1970-01-01 00:00:00.000000201,119.606064,96,27
1970-01-01 00:00:00.000000202,119.262085,96,27
1970-01-01 00:00:00.000000201,113.02483,96,28
1970-01-01 00:00:00.000000202,103.0955,96,28
1970-01-01 00:00:00.000000203,103.86638,96,28
1970-01-01 00:00:00.000000079,0.32157043,98,10
1970-01-01 00:00:00.000000080,0.34588987,98,10
1970-01-01 00:00:00.000000081,0.3406062,98,10
1970-01-01 00:00:00.000000096,0.0,99,10
1970-01-01 00:00:00.000000097,3.102845,99,10
1970-01-01 00:00:00.000000098,0.0,99,10
1970-01-01 00:00:00.000000097,0.29091004,99,11
1970-01-01 00:00:00.000000098,0.8594251,99,11
1970-01-01 00:00:00.000000099,0.7374055,99,11
1970-01-01 00:00:00.000000098,0.23148538,99,12
1970-01-01 00:00:00.000000099,0.23147282,99,12
1970-01-01 00:00:00.000000100,0.23147489,99,12
1970-01-01 00:00:00.000000099,0.23149212,99,13
1970-01-01 00:00:00.000000100,0.23148549,99,13
1970-01-01 00:00:00.000000101,0.23147489,99,13
1970-01-01 00:00:00.000000340,140.33937,100,10
1970-01-01 00:00:00.000000341,140.84181,100,10
1970-01-01 00:00:00.000000342,142.77472,100,10
1970-01-01 00:00:00.000000341,137.69785,100,11
1970-01-01 00:00:00.000000342,140.91579,100,11
1970-01-01 00:00:00.000000343,135.94986,100,11
1970-01-01 00:00:00.000000342,131.21765,100,12
1970-01-01 00:00:00.000000343,132.30168,100,12
1970-01-01 00:00:00.000000344,133.82947,100,12
1970-01-01 00:00:00.000000343,129.02654,100,13
1970-01-01 00:00:00.000000344,126.87559,100,13
1970-01-01 00:00:00.000000345,128.43753,100,13
1970-01-01 00:00:00.000000344,121.53265,100,14
1970-01-01 00:00:00.000000345,122.31284,100,14
1970-01-01 00:00:00.000000346,119.49999,100,14
1970-01-01 00:00:00.000000345,118.79912,100,15
1970-01-01 00:00:00.000000346,118.61807,100,15
1970-01-01 00:00:00.000000347,118.6838,100,15
1970-01-01 00:00:00.000000346,111.794914,100,16
1970-01-01 00:00:00.000000347,111.66267,100,16
1970-01-01 00:00:00.000000348,110.26548,100,16
1970-01-01 00:00:00.000000347,111.17122,100,17
1970-01-01 00:00:00.000000348,110.840034,100,17
1970-01-01 00:00:00.000000349,110.1685,100,17
1970-01-01 00:00:00.000000348,109.32223,100,18
1970-01-01 00:00:00.000000349,110.18009,100,18
1970-01-01 00:00:00.000000350,109.50222,100,18
1970-01-01 00:00:00.000000349,108.99226,100,19
1970-01-01 00:00:00.000000350,108.32559,100,19
1970-01-01 00:00:00.000000351,107.92749,100,19
1970-01-01 00:00:00.000000350,106.366905,100,20
1970-01-01 00:00:00.000000351,106.20307,100,20
1970-01-01 00:00:00.000000352,106.47289,100,20
1970-01-01 00:00:00.000000351,102.42868,100,21
1970-01-01 00:00:00.000000352,102.21441,100,21
1970-01-01 00:00:00.000000353,103.31044,100,21
1970-01-01 00:00:00.000000352,96.865585,100,22
1970-01-01 00:00:00.000000353,94.240906,100,22
1970-01-01 00:00:00.000000354,93.70582,100,22
1970-01-01 00:00:00.000000353,92.308044,100,23
1970-01-01 00:00:00.000000354,91.99025,100,23
1970-01-01 00:00:00.000000355,92.82191,100,23
1970-01-01 00:00:00.000000354,88.8324,100,24
1970-01-01 00:00:00.000000355,88.85894,100,24
1970-01-01 00:00:00.000000356,88.82669,100,24
1970-01-01 00:00:00.000000355,85.01626,100,25
1970-01-01 00:00:00.000000356,84.59418,100,25
1970-01-01 00:00:00.000000357,84.84765,100,25
1970-01-01 00:00:00.000000356,80.16645,100,26
1970-01-01 00:00:00.000000357,82.96731,100,26
1970-01-01 00:00:00.000000358,82.12914,100,26
1970-01-01 00:00:00.000000357,80.19053,100,27
1970-01-01 00:00:00.000000358,80.21525,100,27
1970-01-01 00:00:00.000000359,80.38553,100,27
1970-01-01 00:00:00.000000358,77.60486,100,28
1970-01-01 00:00:00.000000359,77.25023,100,28
1970-01-01 00:00:00.000000360,77.629395,100,28
1970-01-01 00:00:00.000000359,78.45587,100,29
1970-01-01 00:00:00.000000360,78.58344,100,29
1970-01-01 00:00:00.000000361,78.58233,100,29
1970-01-01 00:00:00.000000360,77.23779,100,30
1970-01-01 00:00:00.000000361,77.13738,100,30
1970-01-01 00:00:00.000000362,77.3205,100,30
1970-01-01 00:00:00.000000361,77.0897,100,31
1970-01-01 00:00:00.000000362,77.42893,100,31
1970-01-01 00:00:00.000000363,77.26513,100,31
1970-01-01 00:00:00.000000362,77.85934,100,32
1970-01-01 00:00:00.000000363,77.73612,100,32
1970-01-01 00:00:00.000000364,77.5328,100,32
1970-01-01 00:00:00.000000363,78.4803,100,33
1970-01-01 00:00:00.000000364,78.5456,100,33
1970-01-01 00:00:00.000000365,78.572914,100,33
1970-01-01 00:00:00.000000364,79.08508,100,34
1970-01-01 00:00:00.000000365,79.13013,100,34
1970-01-01 00:00:00.000000366,79.24158,100,34
1970-01-01 00:00:00.000000365,81.00288,100,35
1970-01-01 00:00:00.000000366,80.44453,100,35
1970-01-01 00:00:00.000000367,80.41755,100,35
1970-01-01 00:00:00.000000366,80.36714,100,36
1970-01-01 00:00:00.000000367,80.422295,100,36
1970-01-01 00:00:00.000000368,80.40975,100,36
1970-01-01 00:00:00.000000367,82.803406,100,37
1970-01-01 00:00:00.000000368,83.40413,100,37
1970-01-01 00:00:00.000000369,81.05523,100,37
1970-01-01 00:00:00.000000368,79.28257,100,38
1970-01-01 00:00:00.000000369,78.61457,100,38
1970-01-01 00:00:00.000000370,78.80967,100,38
1970-01-01 00:00:00.000000369,78.31964,100,39
1970-01-01 00:00:00.000000370,78.10012,100,39
1970-01-01 00:00:00.000000371,78.508316,100,39
1970-01-01 00:00:00.000000370,78.87469,100,40
1970-01-01 00:00:00.000000371,78.95783,100,40
1970-01-01 00:00:00.000000372,78.8299,100,40
1970-01-01 00:00:00.000000371,68.2487,100,41
1970-01-01 00:00:00.000000372,70.18441,100,41
1970-01-01 00:00:00.000000373,70.17844,100,41
1970-01-01 00:00:00.000000372,75.11781,100,42
1970-01-01 00:00:00.000000373,75.63109,100,42
1970-01-01 00:00:00.000000374,75.11023,100,42
1970-01-01 00:00:00.000000373,79.23188,100,43
1970-01-01 00:00:00.000000374,79.139015,100,43
1970-01-01 00:00:00.000000375,79.16762,100,43
1970-01-01 00:00:00.000000374,80.11494,100,44
1970-01-01 00:00:00.000000375,80.694595,100,44
1970-01-01 00:00:00.000000376,80.80154,100,44
1970-01-01 00:00:00.000000375,78.42924,100,45
1970-01-01 00:00:00.000000376,79.51299,100,45
1970-01-01 00:00:00.000000377,80.24631,100,45
1970-01-01 00:00:00.000000376,74.57834,100,46
1970-01-01 00:00:00.000000377,75.374794,100,46
1970-01-01 00:00:00.000000378,75.52499,100,46
1970-01-01 00:00:00.000000377,69.63681,100,47
1970-01-01 00:00:00.000000378,64.91993,100,47
1970-01-01 00:00:00.000000379,65.97546,100,47
1970-01-01 00:00:00.000000378,61.380207,100,48
1970-01-01 00:00:00.000000379,60.11352,100,48
1970-01-01 00:00:00.000000380,62.295086,100,48
1970-01-01 00:00:00.000000379,48.594833,100,49
1970-01-01 00:00:00.000000380,37.67069,100,49
1970-01-01 00:00:00.000000381,32.679916,100,49
1970-01-01 00:00:00.000000380,40.333435,100,50
1970-01-01 00:00:00.000000381,34.329163,100,50
1970-01-01 00:00:00.000000382,34.69407,100,50
1970-01-01 00:00:00.000000381,43.322906,100,51
1970-01-01 00:00:00.000000382,43.88218,100,51
1970-01-01 00:00:00.000000383,44.514793,100,51
1970-01-01 00:00:00.000000382,24.81674,100,52
1970-01-01 00:00:00.000000383,27.005056,100,52
1970-01-01 00:00:00.000000384,24.864407,100,52
1970-01-01 00:00:00.000000383,0.0,100,53
1970-01-01 00:00:00.000000384,2.8175197,100,53
1970-01-01 00:00:00.000000385,0.0,100,53
1970-01-01 00:00:00.000000384,0.26057822,100,54
1970-01-01 00:00:00.000000385,0.21506694,100,54
1970-01-01 00:00:00.000000386,0.18465126,100,54
1970-01-01 00:00:00.000000385,0.23188119,100,55
1970-01-01 00:00:00.000000386,0.23176424,100,55
1970-01-01 00:00:00.000000387,0.23203246,100,55
1970-01-01 00:00:00.000000386,0.23108996,100,56
1970-01-01 00:00:00.000000387,0.23131108,100,56
1970-01-01 00:00:00.000000388,0.23145218,100,56
1970-01-01 00:00:00.000000142,115.46996,101,10
1970-01-01 00:00:00.000000143,115.32641,101,10
1970-01-01 00:00:00.000000144,115.70015,101,10
1970-01-01 00:00:00.000000143,122.73767,101,11
1970-01-01 00:00:00.000000144,122.875534,101,11
1970-01-01 00:00:00.000000145,122.70845,101,11
1970-01-01 00:00:00.000000144,128.38034,101,12
1970-01-01 00:00:00.000000145,129.44263,101,12
1970-01-01 00:00:00.000000146,127.44525,101,12
1970-01-01 00:00:00.000000145,133.61192,101,13
1970-01-01 00:00:00.000000146,137.20204,101,13
1970-01-01 00:00:00.000000147,135.5615,101,13
1970-01-01 00:00:00.000000146,143.674,101,14
1970-01-01 00:00:00.000000147,146.0162,101,14
1970-01-01 00:00:00.000000148,144.12686,101,14
1970-01-01 00:00:00.000000147,149.21352,101,15
1970-01-01 00:00:00.000000148,147.72057,101,15
1970-01-01 00:00:00.000000149,147.02998,101,15
1970-01-01 00:00:00.000000148,153.16745,101,16
1970-01-01 00:00:00.000000149,152.84949,101,16
1970-01-01 00:00:00.000000150,154.35107,101,16
1970-01-01 00:00:00.000000149,163.71104,101,17
1970-01-01 00:00:00.000000150,163.09238,101,17
1970-01-01 00:00:00.000000151,162.43582,101,17
1970-01-01 00:00:00.000000150,163.64272,101,18
1970-01-01 00:00:00.000000151,162.96558,101,18
1970-01-01 00:00:00.000000152,163.60709,101,18
1970-01-01 00:00:00.000000151,161.94577,101,19
1970-01-01 00:00:00.000000152,161.05962,101,19
1970-01-01 00:00:00.000000153,161.67131,101,19
1970-01-01 00:00:00.000000152,163.34865,101,20
1970-01-01 00:00:00.000000153,163.62276,101,20
1970-01-01 00:00:00.000000154,163.97336,101,20
1970-01-01 00:00:00.000000153,163.66959,101,21
1970-01-01 00:00:00.000000154,163.67082,101,21
1970-01-01 00:00:00.000000155,163.64883,101,21
1970-01-01 00:00:00.000000187,164.60626,103,10
1970-01-01 00:00:00.000000188,164.52739,103,10
1970-01-01 00:00:00.000000189,164.48811,103,10
1970-01-01 00:00:00.000000188,165.02043,103,11
1970-01-01 00:00:00.000000189,165.01602,103,11
1970-01-01 00:00:00.000000190,165.04938,103,11
1970-01-01 00:00:00.000000189,162.8937,103,12
1970-01-01 00:00:00.000000190,162.99522,103,12
1970-01-01 00:00:00.000000191,162.36763,103,12
1970-01-01 00:00:00.000000190,166.38086,103,13
1970-01-01 00:00:00.000000191,165.099,103,13
1970-01-01 00:00:00.000000192,165.14381,103,13
1970-01-01 00:00:00.000000191,169.00838,103,14
1970-01-01 00:00:00.000000192,169.06831,103,14
1970-01-01 00:00:00.000000193,169.06958,103,14
1970-01-01 00:00:00.000000192,171.70029,103,15
1970-01-01 00:00:00.000000193,172.58556,103,15
1970-01-01 00:00:00.000000194,171.56139,103,15
1970-01-01 00:00:00.000000193,178.30852,103,16
1970-01-01 00:00:00.000000194,180.22025,103,16
1970-01-01 00:00:00.000000195,179.57442,103,16
1970-01-01 00:00:00.000000194,179.88948,103,17
1970-01-01 00:00:00.000000195,180.28839,103,17
1970-01-01 00:00:00.000000196,181.32906,103,17
1970-01-01 00:00:00.000000195,180.81552,103,18
1970-01-01 00:00:00.000000196,180.78107,103,18
1970-01-01 00:00:00.000000197,181.1524,103,18
1970-01-01 00:00:00.000000196,180.79391,103,19
1970-01-01 00:00:00.000000197,180.8855,103,19
1970-01-01 00:00:00.000000198,180.75035,103,19
1970-01-01 00:00:00.000000197,178.60757,103,20
1970-01-01 00:00:00.000000198,178.43393,103,20
1970-01-01 00:00:00.000000199,179.04333,103,20
1970-01-01 00:00:00.000000198,180.01045,103,21
1970-01-01 00:00:00.000000199,180.28668,103,21
1970-01-01 00:00:00.000000200,180.36426,103,21
1970-01-01 00:00:00.000000199,187.66934,103,22
1970-01-01 00:00:00.000000200,187.60837,103,22
1970-01-01 00:00:00.000000201,186.55287,103,22
1970-01-01 00:00:00.000000200,189.31618,103,23
1970-01-01 00:00:00.000000201,186.87971,103,23
1970-01-01 00:00:00.000000202,188.87962,103,23
1970-01-01 00:00:00.000000201,191.40826,103,24
1970-01-01 00:00:00.000000202,197.27254,103,24
1970-01-01 00:00:00.000000203,199.77121,103,24
1970-01-01 00:00:00.000000202,192.75201,103,25
1970-01-01 00:00:00.000000203,193.17278,103,25
1970-01-01 00:00:00.000000204,192.99213,103,25
1970-01-01 00:00:00.000000203,196.21695,103,26
1970-01-01 00:00:00.000000204,195.95773,103,26
1970-01-01 00:00:00.000000205,195.43506,103,26
1970-01-01 00:00:00.000000204,194.22528,103,27
1970-01-01 00:00:00.000000205,194.26503,103,27
1970-01-01 00:00:00.000000206,194.15645,103,27
1970-01-01 00:00:00.000000205,184.26924,103,28
1970-01-01 00:00:00.000000206,190.07977,103,28
1970-01-01 00:00:00.000000207,189.99373,103,28
1970-01-01 00:00:00.000000206,186.65355,103,29
1970-01-01 00:00:00.000000207,186.46669,103,29
1970-01-01 00:00:00.000000208,186.62729,103,29
1970-01-01 00:00:00.000000080,0.21301873,104,10
1970-01-01 00:00:00.000000081,0.21349978,104,10
1970-01-01 00:00:00.000000082,0.21338144,104,10
1970-01-01 00:00:00.000000190,180.79245,105,10
1970-01-01 00:00:00.000000191,180.91112,105,10
1970-01-01 00:00:00.000000192,182.18538,105,10
1970-01-01 00:00:00.000000191,182.16403,105,11
1970-01-01 00:00:00.000000192,191.10132,105,11
1970-01-01 00:00:00.000000193,192.05489,105,11
1970-01-01 00:00:00.000000192,202.28304,105,12
1970-01-01 00:00:00.000000193,199.76976,105,12
1970-01-01 00:00:00.000000194,205.33452,105,12
1970-01-01 00:00:00.000000193,208.0569,105,13
1970-01-01 00:00:00.000000194,207.10838,105,13
1970-01-01 00:00:00.000000195,206.96393,105,13
1970-01-01 00:00:00.000000194,203.49556,105,14
1970-01-01 00:00:00.000000195,207.13664,105,14
1970-01-01 00:00:00.000000196,203.30971,105,14
1970-01-01 00:00:00.000000195,220.2787,105,15
1970-01-01 00:00:00.000000196,218.58194,105,15
1970-01-01 00:00:00.000000197,216.13391,105,15
1970-01-01 00:00:00.000000196,213.68494,105,16
1970-01-01 00:00:00.000000197,214.45016,105,16
1970-01-01 00:00:00.000000198,212.8448,105,16
1970-01-01 00:00:00.000000197,207.75406,105,17
1970-01-01 00:00:00.000000198,210.46162,105,17
1970-01-01 00:00:00.000000199,211.63506,105,17
1970-01-01 00:00:00.000000198,207.55624,105,18
1970-01-01 00:00:00.000000199,207.53705,105,18
1970-01-01 00:00:00.000000200,207.4828,105,18
1970-01-01 00:00:00.000000199,204.7591,105,19
1970-01-01 00:00:00.000000200,205.14452,105,19
1970-01-01 00:00:00.000000201,205.4472,105,19
1970-01-01 00:00:00.000000200,209.26103,105,20
1970-01-01 00:00:00.000000201,209.98009,105,20
1970-01-01 00:00:00.000000202,208.98329,105,20
1970-01-01 00:00:00.000000201,218.5019,105,21
1970-01-01 00:00:00.000000202,212.35905,105,21
1970-01-01 00:00:00.000000203,208.7919,105,21
1970-01-01 00:00:00.000000202,233.12521,105,22
1970-01-01 00:00:00.000000203,236.91553,105,22
1970-01-01 00:00:00.000000204,219.33809,105,22
1970-01-01 00:00:00.000000203,239.25446,105,23
1970-01-01 00:00:00.000000204,234.06857,105,23
1970-01-01 00:00:00.000000205,244.1464,105,23
1970-01-01 00:00:00.000000204,245.17284,105,24
1970-01-01 00:00:00.000000205,243.36938,105,24
1970-01-01 00:00:00.000000206,244.79779,105,24
1970-01-01 00:00:00.000000205,224.45955,105,25
1970-01-01 00:00:00.000000206,224.75214,105,25
1970-01-01 00:00:00.000000207,217.5702,105,25
1970-01-01 00:00:00.000000206,206.23723,105,26
1970-01-01 00:00:00.000000207,206.45966,105,26
1970-01-01 00:00:00.000000208,204.43317,105,26
1970-01-01 00:00:00.000000207,197.21216,105,27
1970-01-01 00:00:00.000000208,199.04015,105,27
1970-01-01 00:00:00.000000209,197.55252,105,27
1970-01-01 00:00:00.000000208,190.82632,105,28
1970-01-01 00:00:00.000000209,191.38977,105,28
1970-01-01 00:00:00.000000210,191.71307,105,28
1970-01-01 00:00:00.000000209,187.4797,105,29
1970-01-01 00:00:00.000000210,188.47575,105,29
1970-01-01 00:00:00.000000211,189.58086,105,29
1970-01-01 00:00:00.000000281,190.04578,106,10
1970-01-01 00:00:00.000000282,189.99222,106,10
1970-01-01 00:00:00.000000283,190.10442,106,10
1970-01-01 00:00:00.000000282,189.9598,106,11
1970-01-01 00:00:00.000000283,190.00545,106,11
1970-01-01 00:00:00.000000284,190.12007,106,11
1970-01-01 00:00:00.000000283,190.18336,106,12
1970-01-01 00:00:00.000000284,190.08238,106,12
1970-01-01 00:00:00.000000285,189.97363,106,12
1970-01-01 00:00:00.000000284,187.9165,106,13
1970-01-01 00:00:00.000000285,187.05064,106,13
1970-01-01 00:00:00.000000286,187.39355,106,13
1970-01-01 00:00:00.000000285,186.54146,106,14
1970-01-01 00:00:00.000000286,186.36914,106,14
1970-01-01 00:00:00.000000287,186.50673,106,14
1970-01-01 00:00:00.000000286,186.63942,106,15
1970-01-01 00:00:00.000000287,186.64519,106,15
1970-01-01 00:00:00.000000288,186.6499,106,15
1970-01-01 00:00:00.000000287,185.60255,106,16
1970-01-01 00:00:00.000000288,186.72882,106,16
1970-01-01 00:00:00.000000289,186.90166,106,16
1970-01-01 00:00:00.000000288,185.592,106,17
1970-01-01 00:00:00.000000289,185.62804,106,17
1970-01-01 00:00:00.000000290,185.63417,106,17
1970-01-01 00:00:00.000000289,185.32558,106,18
1970-01-01 00:00:00.000000290,185.41264,106,18
1970-01-01 00:00:00.000000291,185.40822,106,18
1970-01-01 00:00:00.000000290,184.99283,106,19
1970-01-01 00:00:00.000000291,185.06711,106,19
1970-01-01 00:00:00.000000292,184.96678,106,19
1970-01-01 00:00:00.000000291,180.87088,106,20
1970-01-01 00:00:00.000000292,182.30359,106,20
1970-01-01 00:00:00.000000293,182.14893,106,20
1970-01-01 00:00:00.000000292,180.79549,106,21
1970-01-01 00:00:00.000000293,180.37994,106,21
1970-01-01 00:00:00.000000294,179.74783,106,21
1970-01-01 00:00:00.000000293,178.08356,106,22
1970-01-01 00:00:00.000000294,178.52736,106,22
1970-01-01 00:00:00.000000295,178.01477,106,22
1970-01-01 00:00:00.000000294,173.4163,106,23
1970-01-01 00:00:00.000000295,174.67792,106,23
1970-01-01 00:00:00.000000296,173.0876,106,23
1970-01-01 00:00:00.000000295,174.55666,106,24
1970-01-01 00:00:00.000000296,174.581,106,24
1970-01-01 00:00:00.000000297,174.58034,106,24
1970-01-01 00:00:00.000000296,173.0767,106,25
1970-01-01 00:00:00.000000297,173.1233,106,25
1970-01-01 00:00:00.000000298,173.62077,106,25
1970-01-01 00:00:00.000000297,172.22668,106,26
1970-01-01 00:00:00.000000298,173.46614,106,26
1970-01-01 00:00:00.000000299,173.33156,106,26
1970-01-01 00:00:00.000000298,170.83823,106,27
1970-01-01 00:00:00.000000299,170.8177,106,27
1970-01-01 00:00:00.000000300,170.47603,106,27
1970-01-01 00:00:00.000000299,165.7898,106,28
1970-01-01 00:00:00.000000300,171.03326,106,28
1970-01-01 00:00:00.000000301,168.61766,106,28
1970-01-01 00:00:00.000000300,162.98633,106,29
1970-01-01 00:00:00.000000301,162.9949,106,29
1970-01-01 00:00:00.000000302,162.99586,106,29
1970-01-01 00:00:00.000000301,160.1448,106,30
1970-01-01 00:00:00.000000302,160.77994,106,30
1970-01-01 00:00:00.000000303,162.05013,106,30
1970-01-01 00:00:00.000000302,160.3414,106,31
1970-01-01 00:00:00.000000303,160.3002,106,31
1970-01-01 00:00:00.000000304,160.33986,106,31
1970-01-01 00:00:00.000000303,157.3707,106,32
1970-01-01 00:00:00.000000304,155.49062,106,32
1970-01-01 00:00:00.000000305,157.01057,106,32
1970-01-01 00:00:00.000000304,155.08247,106,33
1970-01-01 00:00:00.000000305,154.9306,106,33
1970-01-01 00:00:00.000000306,155.76485,106,33
1970-01-01 00:00:00.000000305,152.79475,106,34
1970-01-01 00:00:00.000000306,154.12688,106,34
1970-01-01 00:00:00.000000307,154.18047,106,34
1970-01-01 00:00:00.000000306,150.49611,106,35
1970-01-01 00:00:00.000000307,150.78618,106,35
1970-01-01 00:00:00.000000308,149.81145,106,35
1970-01-01 00:00:00.000000307,148.23402,106,36
1970-01-01 00:00:00.000000308,148.60347,106,36
1970-01-01 00:00:00.000000309,146.91983,106,36
1970-01-01 00:00:00.000000308,146.6016,106,37
1970-01-01 00:00:00.000000309,146.69377,106,37
1970-01-01 00:00:00.000000310,146.60628,106,37
1970-01-01 00:00:00.000000309,144.63156,106,38
1970-01-01 00:00:00.000000310,144.37383,106,38
1970-01-01 00:00:00.000000311,144.34853,106,38
1970-01-01 00:00:00.000000310,142.9483,106,39
1970-01-01 00:00:00.000000311,143.01717,106,39
1970-01-01 00:00:00.000000312,142.70139,106,39
1970-01-01 00:00:00.000000311,119.933304,106,40
1970-01-01 00:00:00.000000312,120.00381,106,40
1970-01-01 00:00:00.000000313,121.129745,106,40
1970-01-01 00:00:00.000000312,35.48201,106,41
1970-01-01 00:00:00.000000313,49.118263,106,41
1970-01-01 00:00:00.000000314,42.712845,106,41
1970-01-01 00:00:00.000000313,2.882837,106,42
1970-01-01 00:00:00.000000314,4.5496464,106,42
1970-01-01 00:00:00.000000315,3.5628273,106,42
1970-01-01 00:00:00.000000314,0.23149079,106,43
1970-01-01 00:00:00.000000315,0.23148759,106,43
1970-01-01 00:00:00.000000316,0.23149401,106,43
1970-01-01 00:00:00.000000315,0.2311707,106,44
1970-01-01 00:00:00.000000316,0.23117033,106,44
1970-01-01 00:00:00.000000317,0.23116949,106,44
1970-01-01 00:00:00.000000316,0.2308455,106,45
1970-01-01 00:00:00.000000317,0.23154007,106,45
1970-01-01 00:00:00.000000318,0.23042569,106,45
1970-01-01 00:00:00.000000083,0.23092476,107,10
1970-01-01 00:00:00.000000084,0.2309253,107,10
1970-01-01 00:00:00.000000085,0.23092757,107,10
1970-01-01 00:00:00.000000213,206.36525,108,10
1970-01-01 00:00:00.000000214,206.04826,108,10
1970-01-01 00:00:00.000000215,203.36986,108,10
1970-01-01 00:00:00.000000214,202.87329,108,11
1970-01-01 00:00:00.000000215,202.39967,108,11
1970-01-01 00:00:00.000000216,202.5035,108,11
1970-01-01 00:00:00.000000215,202.8494,108,12
1970-01-01 00:00:00.000000216,202.83305,108,12
1970-01-01 00:00:00.000000217,202.95851,108,12
1970-01-01 00:00:00.000000216,201.18513,108,13
1970-01-01 00:00:00.000000217,200.92627,108,13
1970-01-01 00:00:00.000000218,200.88002,108,13
1970-01-01 00:00:00.000000217,201.96994,108,14
1970-01-01 00:00:00.000000218,202.25278,108,14
1970-01-01 00:00:00.000000219,202.11313,108,14
1970-01-01 00:00:00.000000218,201.44678,108,15
1970-01-01 00:00:00.000000219,200.89119,108,15
1970-01-01 00:00:00.000000220,201.36041,108,15
1970-01-01 00:00:00.000000219,200.57599,108,16
1970-01-01 00:00:00.000000220,200.55031,108,16
1970-01-01 00:00:00.000000221,200.78627,108,16
1970-01-01 00:00:00.000000220,201.94894,108,17
1970-01-01 00:00:00.000000221,204.42075,108,17
1970-01-01 00:00:00.000000222,203.28131,108,17
1970-01-01 00:00:00.000000221,201.31107,108,18
1970-01-01 00:00:00.000000222,201.15216,108,18
1970-01-01 00:00:00.000000223,201.725,108,18
1970-01-01 00:00:00.000000222,198.06165,108,19
1970-01-01 00:00:00.000000223,198.09315,108,19
1970-01-01 00:00:00.000000224,198.05069,108,19
1970-01-01 00:00:00.000000223,202.31601,108,20
1970-01-01 00:00:00.000000224,202.49245,108,20
1970-01-01 00:00:00.000000225,203.17502,108,20
1970-01-01 00:00:00.000000224,207.11278,108,21
1970-01-01 00:00:00.000000225,206.64886,108,21
1970-01-01 00:00:00.000000226,205.05597,108,21
1970-01-01 00:00:00.000000225,202.70573,108,22
1970-01-01 00:00:00.000000226,203.70056,108,22
1970-01-01 00:00:00.000000227,203.8298,108,22
1970-01-01 00:00:00.000000226,204.9475,108,23
1970-01-01 00:00:00.000000227,205.07793,108,23
1970-01-01 00:00:00.000000228,206.40518,108,23
1970-01-01 00:00:00.000000227,208.30995,108,24
1970-01-01 00:00:00.000000228,208.12659,108,24
1970-01-01 00:00:00.000000229,208.29112,108,24
1970-01-01 00:00:00.000000228,208.90349,108,25
1970-01-01 00:00:00.000000229,208.94966,108,25
1970-01-01 00:00:00.000000230,208.60039,108,25
1970-01-01 00:00:00.000000229,207.64883,108,26
1970-01-01 00:00:00.000000230,209.13716,108,26
1970-01-01 00:00:00.000000231,208.39728,108,26
1970-01-01 00:00:00.000000230,206.12526,108,27
1970-01-01 00:00:00.000000231,206.27016,108,27
1970-01-01 00:00:00.000000232,206.60587,108,27
1970-01-01 00:00:00.000000231,212.838,108,28
1970-01-01 00:00:00.000000232,210.21881,108,28
1970-01-01 00:00:00.000000233,212.71239,108,28
1970-01-01 00:00:00.000000232,217.01732,108,29
1970-01-01 00:00:00.000000233,225.09181,108,29
1970-01-01 00:00:00.000000234,221.68703,108,29
1970-01-01 00:00:00.000000233,218.08621,108,30
1970-01-01 00:00:00.000000234,218.62303,108,30
1970-01-01 00:00:00.000000235,218.60667,108,30
1970-01-01 00:00:00.000000234,222.58798,108,31
1970-01-01 00:00:00.000000235,223.04396,108,31
1970-01-01 00:00:00.000000236,222.4319,108,31
1970-01-01 00:00:00.000000235,228.41966,108,32
1970-01-01 00:00:00.000000236,227.22275,108,32
1970-01-01 00:00:00.000000237,230.80511,108,32
1970-01-01 00:00:00.000000236,234.55212,108,33
1970-01-01 00:00:00.000000237,236.56818,108,33
1970-01-01 00:00:00.000000238,245.73628,108,33
1970-01-01 00:00:00.000000083,200.30339,109,10
1970-01-01 00:00:00.000000084,200.4744,109,10
1970-01-01 00:00:00.000000085,209.40956,109,10
1970-01-01 00:00:00.000000505,135.68947,110,10
1970-01-01 00:00:00.000000506,140.51027,110,10
1970-01-01 00:00:00.000000507,134.89323,110,10
1970-01-01 00:00:00.000000506,141.56725,110,11
1970-01-01 00:00:00.000000507,140.69157,110,11
1970-01-01 00:00:00.000000508,142.52844,110,11
1970-01-01 00:00:00.000000507,142.85461,110,12
1970-01-01 00:00:00.000000508,143.63991,110,12
1970-01-01 00:00:00.000000509,143.80275,110,12
1970-01-01 00:00:00.000000508,146.50589,110,13
1970-01-01 00:00:00.000000509,146.68237,110,13
1970-01-01 00:00:00.000000510,147.15181,110,13
1970-01-01 00:00:00.000000509,148.54045,110,14
1970-01-01 00:00:00.000000510,148.39287,110,14
1970-01-01 00:00:00.000000511,148.34175,110,14
1970-01-01 00:00:00.000000510,155.24765,110,15
1970-01-01 00:00:00.000000511,153.13606,110,15
1970-01-01 00:00:00.000000512,154.5892,110,15
1970-01-01 00:00:00.000000511,160.18427,110,16
1970-01-01 00:00:00.000000512,161.05672,110,16
1970-01-01 00:00:00.000000513,160.05444,110,16
1970-01-01 00:00:00.000000512,161.03763,110,17
1970-01-01 00:00:00.000000513,162.9088,110,17
1970-01-01 00:00:00.000000514,158.34044,110,17
1970-01-01 00:00:00.000000513,163.12173,110,18
1970-01-01 00:00:00.000000514,164.14488,110,18
1970-01-01 00:00:00.000000515,163.53699,110,18
1970-01-01 00:00:00.000000514,169.15074,110,19
1970-01-01 00:00:00.000000515,170.47234,110,19
1970-01-01 00:00:00.000000516,171.05669,110,19
1970-01-01 00:00:00.000000515,174.23494,110,20
1970-01-01 00:00:00.000000516,173.65309,110,20
1970-01-01 00:00:00.000000517,174.73521,110,20
1970-01-01 00:00:00.000000516,178.63037,110,21
1970-01-01 00:00:00.000000517,178.67215,110,21
1970-01-01 00:00:00.000000518,180.16714,110,21
1970-01-01 00:00:00.000000517,184.38045,110,22
1970-01-01 00:00:00.000000518,183.16232,110,22
1970-01-01 00:00:00.000000519,183.79887,110,22
1970-01-01 00:00:00.000000518,182.32532,110,23
1970-01-01 00:00:00.000000519,182.26895,110,23
1970-01-01 00:00:00.000000520,181.76689,110,23
1970-01-01 00:00:00.000000519,178.24683,110,24
1970-01-01 00:00:00.000000520,180.30736,110,24
1970-01-01 00:00:00.000000521,177.22871,110,24
1970-01-01 00:00:00.000000520,176.32527,110,25
1970-01-01 00:00:00.000000521,177.62193,110,25
1970-01-01 00:00:00.000000522,176.3211,110,25
1970-01-01 00:00:00.000000521,174.90111,110,26
1970-01-01 00:00:00.000000522,173.57173,110,26
1970-01-01 00:00:00.000000523,173.81577,110,26
1970-01-01 00:00:00.000000522,171.30824,110,27
1970-01-01 00:00:00.000000523,173.22635,110,27
1970-01-01 00:00:00.000000524,171.4607,110,27
1970-01-01 00:00:00.000000523,168.91217,110,28
1970-01-01 00:00:00.000000524,168.83534,110,28
1970-01-01 00:00:00.000000525,168.49966,110,28
1970-01-01 00:00:00.000000524,168.12271,110,29
1970-01-01 00:00:00.000000525,167.74567,110,29
1970-01-01 00:00:00.000000526,168.23494,110,29
1970-01-01 00:00:00.000000525,170.67712,110,30
1970-01-01 00:00:00.000000526,168.01045,110,30
1970-01-01 00:00:00.000000527,169.63338,110,30
1970-01-01 00:00:00.000000526,168.38135,110,31
1970-01-01 00:00:00.000000527,168.65276,110,31
1970-01-01 00:00:00.000000528,168.69025,110,31
1970-01-01 00:00:00.000000527,171.22261,110,32
1970-01-01 00:00:00.000000528,171.30467,110,32
1970-01-01 00:00:00.000000529,171.12299,110,32
1970-01-01 00:00:00.000000528,178.11763,110,33
1970-01-01 00:00:00.000000529,179.01851,110,33
1970-01-01 00:00:00.000000530,175.3828,110,33
1970-01-01 00:00:00.000000529,180.19873,110,34
1970-01-01 00:00:00.000000530,180.94868,110,34
1970-01-01 00:00:00.000000531,181.49002,110,34
1970-01-01 00:00:00.000000530,186.92671,110,35
1970-01-01 00:00:00.000000531,188.15625,110,35
1970-01-01 00:00:00.000000532,188.69658,110,35
1970-01-01 00:00:00.000000531,192.15387,110,36
1970-01-01 00:00:00.000000532,192.24973,110,36
1970-01-01 00:00:00.000000533,192.39833,110,36
1970-01-01 00:00:00.000000532,190.7298,110,37
1970-01-01 00:00:00.000000533,190.43051,110,37
1970-01-01 00:00:00.000000534,189.87119,110,37
1970-01-01 00:00:00.000000533,185.43776,110,38
1970-01-01 00:00:00.000000534,186.50189,110,38
1970-01-01 00:00:00.000000535,184.53468,110,38
1970-01-01 00:00:00.000000534,179.86589,110,39
1970-01-01 00:00:00.000000535,178.03178,110,39
1970-01-01 00:00:00.000000536,179.11543,110,39
1970-01-01 00:00:00.000000535,179.77483,110,40
1970-01-01 00:00:00.000000536,179.8397,110,40
1970-01-01 00:00:00.000000537,179.77415,110,40
1970-01-01 00:00:00.000000536,178.4226,110,41
1970-01-01 00:00:00.000000537,177.7262,110,41
1970-01-01 00:00:00.000000538,178.03488,110,41
1970-01-01 00:00:00.000000537,172.87508,110,42
1970-01-01 00:00:00.000000538,173.05815,110,42
1970-01-01 00:00:00.000000539,172.57079,110,42
1970-01-01 00:00:00.000000538,170.84088,110,43
1970-01-01 00:00:00.000000539,170.58443,110,43
1970-01-01 00:00:00.000000540,170.51822,110,43
1970-01-01 00:00:00.000000539,166.65099,110,44
1970-01-01 00:00:00.000000540,167.38663,110,44
1970-01-01 00:00:00.000000541,169.5049,110,44
1970-01-01 00:00:00.000000540,159.47409,110,45
1970-01-01 00:00:00.000000541,156.72368,110,45
1970-01-01 00:00:00.000000542,158.61826,110,45
1970-01-01 00:00:00.000000541,151.23735,110,46
1970-01-01 00:00:00.000000542,149.25034,110,46
1970-01-01 00:00:00.000000543,151.3706,110,46
1970-01-01 00:00:00.000000542,145.17659,110,47
1970-01-01 00:00:00.000000543,147.00998,110,47
1970-01-01 00:00:00.000000544,146.2215,110,47
1970-01-01 00:00:00.000000543,145.10706,110,48
1970-01-01 00:00:00.000000544,144.95898,110,48
1970-01-01 00:00:00.000000545,145.22217,110,48
1970-01-01 00:00:00.000000544,143.88988,110,49
1970-01-01 00:00:00.000000545,141.02763,110,49
1970-01-01 00:00:00.000000546,142.13628,110,49
1970-01-01 00:00:00.000000545,141.29991,110,50
1970-01-01 00:00:00.000000546,140.32196,110,50
1970-01-01 00:00:00.000000547,140.91928,110,50
1970-01-01 00:00:00.000000546,137.82567,110,51
1970-01-01 00:00:00.000000547,137.30309,110,51
1970-01-01 00:00:00.000000548,138.45476,110,51
1970-01-01 00:00:00.000000547,132.39156,110,52
1970-01-01 00:00:00.000000548,133.5039,110,52
1970-01-01 00:00:00.000000549,131.91515,110,52
1970-01-01 00:00:00.000000548,127.61958,110,53
1970-01-01 00:00:00.000000549,131.72105,110,53
1970-01-01 00:00:00.000000550,133.94067,110,53
1970-01-01 00:00:00.000000549,125.529526,110,54
1970-01-01 00:00:00.000000550,125.539665,110,54
1970-01-01 00:00:00.000000551,125.52144,110,54
1970-01-01 00:00:00.000000550,124.53878,110,55
1970-01-01 00:00:00.000000551,123.15901,110,55
1970-01-01 00:00:00.000000552,124.33114,110,55
1970-01-01 00:00:00.000000551,128.81349,110,56
1970-01-01 00:00:00.000000552,136.30453,110,56
1970-01-01 00:00:00.000000553,134.23932,110,56
1970-01-01 00:00:00.000000552,130.23618,110,57
1970-01-01 00:00:00.000000553,134.05547,110,57
1970-01-01 00:00:00.000000554,134.80766,110,57
1970-01-01 00:00:00.000000553,130.4389,110,58
1970-01-01 00:00:00.000000554,131.15164,110,58
1970-01-01 00:00:00.000000555,131.95018,110,58
1970-01-01 00:00:00.000000554,135.41237,110,59
1970-01-01 00:00:00.000000555,134.95515,110,59
1970-01-01 00:00:00.000000556,135.14531,110,59
1970-01-01 00:00:00.000000555,131.87581,110,60
1970-01-01 00:00:00.000000556,132.68924,110,60
1970-01-01 00:00:00.000000557,131.37303,110,60
1970-01-01 00:00:00.000000556,132.3274,110,61
1970-01-01 00:00:00.000000557,129.90688,110,61
1970-01-01 00:00:00.000000558,134.03003,110,61
1970-01-01 00:00:00.000000557,132.77258,110,62
1970-01-01 00:00:00.000000558,133.05391,110,62
1970-01-01 00:00:00.000000559,131.39345,110,62
1970-01-01 00:00:00.000000558,128.76851,110,63
1970-01-01 00:00:00.000000559,127.88977,110,63
1970-01-01 00:00:00.000000560,127.84422,110,63
1970-01-01 00:00:00.000000559,124.50021,110,64
1970-01-01 00:00:00.000000560,125.309204,110,64
1970-01-01 00:00:00.000000561,125.16124,110,64
1970-01-01 00:00:00.000000560,114.05643,110,65
1970-01-01 00:00:00.000000561,111.297035,110,65
1970-01-01 00:00:00.000000562,118.538994,110,65
1970-01-01 00:00:00.000000561,116.607506,110,66
1970-01-01 00:00:00.000000562,116.23984,110,66
1970-01-01 00:00:00.000000563,116.32673,110,66
1970-01-01 00:00:00.000000562,123.498085,110,67
1970-01-01 00:00:00.000000563,123.408066,110,67
1970-01-01 00:00:00.000000564,123.50589,110,67
1970-01-01 00:00:00.000000563,140.5351,110,68
1970-01-01 00:00:00.000000564,136.50616,110,68
1970-01-01 00:00:00.000000565,140.42232,110,68
1970-01-01 00:00:00.000000564,131.21826,110,69
1970-01-01 00:00:00.000000565,130.92468,110,69
1970-01-01 00:00:00.000000566,128.97563,110,69
1970-01-01 00:00:00.000000565,143.83824,110,70
1970-01-01 00:00:00.000000566,139.43779,110,70
1970-01-01 00:00:00.000000567,134.69072,110,70
1970-01-01 00:00:00.000000566,136.04149,110,71
1970-01-01 00:00:00.000000567,134.26584,110,71
1970-01-01 00:00:00.000000568,135.77095,110,71
1970-01-01 00:00:00.000000567,142.01184,110,72
1970-01-01 00:00:00.000000568,141.81703,110,72
1970-01-01 00:00:00.000000569,145.05208,110,72
1970-01-01 00:00:00.000000568,132.95804,110,73
1970-01-01 00:00:00.000000569,129.78964,110,73
1970-01-01 00:00:00.000000570,117.63484,110,73
1970-01-01 00:00:00.000000569,102.42996,110,74
1970-01-01 00:00:00.000000570,114.52017,110,74
1970-01-01 00:00:00.000000571,111.0316,110,74
1970-01-01 00:00:00.000000570,55.207916,110,75
1970-01-01 00:00:00.000000571,58.862362,110,75
1970-01-01 00:00:00.000000572,55.327084,110,75
1970-01-01 00:00:00.000000571,4.7375445,110,76
1970-01-01 00:00:00.000000572,8.764249,110,76
1970-01-01 00:00:00.000000573,6.315066,110,76
1970-01-01 00:00:00.000000572,0.31448492,110,77
1970-01-01 00:00:00.000000573,0.48179498,110,77
1970-01-01 00:00:00.000000574,0.32991356,110,77
1970-01-01 00:00:00.000000573,0.24280748,110,78
1970-01-01 00:00:00.000000574,0.25379002,110,78
1970-01-01 00:00:00.000000575,0.2529561,110,78
1970-01-01 00:00:00.000000574,0.23326045,110,79
1970-01-01 00:00:00.000000575,0.22779788,110,79
1970-01-01 00:00:00.000000576,0.23836769,110,79
1970-01-01 00:00:00.000000575,0.23104182,110,80
1970-01-01 00:00:00.000000576,0.23119074,110,80
1970-01-01 00:00:00.000000577,0.2310914,110,80
1970-01-01 00:00:00.000000576,0.23049873,110,81
1970-01-01 00:00:00.000000577,0.23013923,110,81
1970-01-01 00:00:00.000000578,0.22985314,110,81
1970-01-01 00:00:00.000000577,0.2312697,110,82
1970-01-01 00:00:00.000000578,0.23122518,110,82
1970-01-01 00:00:00.000000579,0.23162591,110,82
1970-01-01 00:00:00.000000578,0.23116663,110,83
1970-01-01 00:00:00.000000579,0.23132332,110,83
1970-01-01 00:00:00.000000580,0.23117888,110,83
1970-01-01 00:00:00.000000579,0.23086946,110,84
1970-01-01 00:00:00.000000580,0.23037957,110,84
1970-01-01 00:00:00.000000581,0.22991526,110,84
1970-01-01 00:00:00.000000580,0.2307835,110,85
1970-01-01 00:00:00.000000581,0.23060156,110,85
1970-01-01 00:00:00.000000582,0.23128177,110,85
1970-01-01 00:00:00.000000183,239.46275,112,10
1970-01-01 00:00:00.000000184,236.55414,112,10
1970-01-01 00:00:00.000000185,239.72832,112,10
1970-01-01 00:00:00.000000184,255.98688,112,11
1970-01-01 00:00:00.000000185,251.03906,112,11
1970-01-01 00:00:00.000000186,249.32988,112,11
1970-01-01 00:00:00.000000185,203.10469,112,12
1970-01-01 00:00:00.000000186,209.45825,112,12
1970-01-01 00:00:00.000000187,197.07167,112,12
1970-01-01 00:00:00.000000186,121.79585,112,13
1970-01-01 00:00:00.000000187,129.1041,112,13
1970-01-01 00:00:00.000000188,113.195015,112,13
1970-01-01 00:00:00.000000187,132.85298,112,14
1970-01-01 00:00:00.000000188,128.63081,112,14
1970-01-01 00:00:00.000000189,133.0954,112,14
1970-01-01 00:00:00.000000188,129.65622,112,15
1970-01-01 00:00:00.000000189,128.75479,112,15
1970-01-01 00:00:00.000000190,129.616,112,15
1970-01-01 00:00:00.000000189,126.8159,112,16
1970-01-01 00:00:00.000000190,126.63068,112,16
1970-01-01 00:00:00.000000191,126.674355,112,16
1970-01-01 00:00:00.000000190,121.29247,112,17
1970-01-01 00:00:00.000000191,119.621506,112,17
1970-01-01 00:00:00.000000192,118.077614,112,17
1970-01-01 00:00:00.000000191,119.675575,112,18
1970-01-01 00:00:00.000000192,120.265816,112,18
1970-01-01 00:00:00.000000193,117.504944,112,18
1970-01-01 00:00:00.000000192,116.692245,112,19
1970-01-01 00:00:00.000000193,117.06023,112,19
1970-01-01 00:00:00.000000194,116.65843,112,19
1970-01-01 00:00:00.000000193,114.62693,112,20
1970-01-01 00:00:00.000000194,115.46436,112,20
1970-01-01 00:00:00.000000195,114.40513,112,20
1970-01-01 00:00:00.000000194,110.34668,112,21
1970-01-01 00:00:00.000000195,109.72444,112,21
1970-01-01 00:00:00.000000196,109.313065,112,21
1970-01-01 00:00:00.000000195,107.20954,112,22
1970-01-01 00:00:00.000000196,107.339745,112,22
1970-01-01 00:00:00.000000197,106.79522,112,22
1970-01-01 00:00:00.000000196,103.26854,112,23
1970-01-01 00:00:00.000000197,104.621635,112,23
1970-01-01 00:00:00.000000198,97.8521,112,23
1970-01-01 00:00:00.000000197,103.266975,112,24
1970-01-01 00:00:00.000000198,101.62868,112,24
1970-01-01 00:00:00.000000199,102.46016,112,24
1970-01-01 00:00:00.000000198,102.1497,112,25
1970-01-01 00:00:00.000000199,101.29792,112,25
1970-01-01 00:00:00.000000200,101.921265,112,25
1970-01-01 00:00:00.000000199,107.86396,112,26
1970-01-01 00:00:00.000000200,107.84676,112,26
1970-01-01 00:00:00.000000201,107.858665,112,26
1970-01-01 00:00:00.000000200,108.726616,112,27
1970-01-01 00:00:00.000000201,108.20774,112,27
1970-01-01 00:00:00.000000202,108.38389,112,27
1970-01-01 00:00:00.000000201,110.91986,112,28
1970-01-01 00:00:00.000000202,109.772415,112,28
1970-01-01 00:00:00.000000203,109.14135,112,28
1970-01-01 00:00:00.000000172,96.35304,113,10
1970-01-01 00:00:00.000000173,87.10369,113,10
1970-01-01 00:00:00.000000174,86.70384,113,10
1970-01-01 00:00:00.000000173,78.270386,113,11
1970-01-01 00:00:00.000000174,78.4881,113,11
1970-01-01 00:00:00.000000175,78.22865,113,11
1970-01-01 00:00:00.000000174,81.42182,113,12
1970-01-01 00:00:00.000000175,82.0039,113,12
1970-01-01 00:00:00.000000176,82.061516,113,12
1970-01-01 00:00:00.000000175,82.230865,113,13
1970-01-01 00:00:00.000000176,82.64474,113,13
1970-01-01 00:00:00.000000177,82.9568,113,13
1970-01-01 00:00:00.000000176,82.194,113,14
1970-01-01 00:00:00.000000177,82.325035,113,14
1970-01-01 00:00:00.000000178,82.215485,113,14
1970-01-01 00:00:00.000000177,80.70604,113,15
1970-01-01 00:00:00.000000178,80.46324,113,15
1970-01-01 00:00:00.000000179,80.88922,113,15
1970-01-01 00:00:00.000000178,78.551506,113,16
1970-01-01 00:00:00.000000179,78.24968,113,16
1970-01-01 00:00:00.000000180,78.91219,113,16
1970-01-01 00:00:00.000000179,78.53716,113,17
1970-01-01 00:00:00.000000180,78.510635,113,17
1970-01-01 00:00:00.000000181,78.52306,113,17
1970-01-01 00:00:00.000000180,79.40833,113,18
1970-01-01 00:00:00.000000181,79.50998,113,18
1970-01-01 00:00:00.000000182,79.90017,113,18
1970-01-01 00:00:00.000000181,83.103935,113,19
1970-01-01 00:00:00.000000182,83.075066,113,19
1970-01-01 00:00:00.000000183,83.462456,113,19
1970-01-01 00:00:00.000000182,77.51584,113,20
1970-01-01 00:00:00.000000183,76.70129,113,20
1970-01-01 00:00:00.000000184,76.190384,113,20
1970-01-01 00:00:00.000000183,75.21718,113,21
1970-01-01 00:00:00.000000184,78.374916,113,21
1970-01-01 00:00:00.000000185,79.14645,113,21
1970-01-01 00:00:00.000000184,77.78258,113,22
1970-01-01 00:00:00.000000185,74.717735,113,22
1970-01-01 00:00:00.000000186,74.61508,113,22
1970-01-01 00:00:00.000000185,82.711624,113,23
1970-01-01 00:00:00.000000186,80.91479,113,23
1970-01-01 00:00:00.000000187,84.708046,113,23
1970-01-01 00:00:00.000000186,77.7486,113,24
1970-01-01 00:00:00.000000187,76.149796,113,24
1970-01-01 00:00:00.000000188,76.655075,113,24
1970-01-01 00:00:00.000000187,77.89888,113,25
1970-01-01 00:00:00.000000188,77.86449,113,25
1970-01-01 00:00:00.000000189,77.91117,113,25
1970-01-01 00:00:00.000000188,74.156944,113,26
1970-01-01 00:00:00.000000189,73.22296,113,26
1970-01-01 00:00:00.000000190,73.7857,113,26
1970-01-01 00:00:00.000000157,129.56966,114,10
1970-01-01 00:00:00.000000158,129.63841,114,10
1970-01-01 00:00:00.000000159,129.62367,114,10
1970-01-01 00:00:00.000000158,129.52698,114,11
1970-01-01 00:00:00.000000159,129.46104,114,11
1970-01-01 00:00:00.000000160,129.57948,114,11
1970-01-01 00:00:00.000000159,127.56824,114,12
1970-01-01 00:00:00.000000160,126.53974,114,12
1970-01-01 00:00:00.000000161,127.98226,114,12
1970-01-01 00:00:00.000000160,126.14891,114,13
1970-01-01 00:00:00.000000161,125.87475,114,13
1970-01-01 00:00:00.000000162,126.67508,114,13
1970-01-01 00:00:00.000000161,127.149994,114,14
1970-01-01 00:00:00.000000162,126.28852,114,14
1970-01-01 00:00:00.000000163,126.20249,114,14
1970-01-01 00:00:00.000000162,130.12389,114,15
1970-01-01 00:00:00.000000163,132.23541,114,15
1970-01-01 00:00:00.000000164,131.82077,114,15
1970-01-01 00:00:00.000000163,126.3049,114,16
1970-01-01 00:00:00.000000164,126.398155,114,16
1970-01-01 00:00:00.000000165,126.2871,114,16
1970-01-01 00:00:00.000000164,109.83398,114,17
1970-01-01 00:00:00.000000165,108.16931,114,17
1970-01-01 00:00:00.000000166,109.75494,114,17
1970-01-01 00:00:00.000000165,24.04881,114,18
1970-01-01 00:00:00.000000166,11.883795,114,18
1970-01-01 00:00:00.000000167,11.750842,114,18
1970-01-01 00:00:00.000000166,15.471992,114,19
1970-01-01 00:00:00.000000167,19.330854,114,19
1970-01-01 00:00:00.000000168,18.103046,114,19
1970-01-01 00:00:00.000000167,0.24528582,114,20
1970-01-01 00:00:00.000000168,0.2876865,114,20
1970-01-01 00:00:00.000000169,0.34345812,114,20
1970-01-01 00:00:00.000000168,0.2243652,114,21
1970-01-01 00:00:00.000000169,0.22931254,114,21
1970-01-01 00:00:00.000000170,0.2377017,114,21
1970-01-01 00:00:00.000000169,0.23070292,114,22
1970-01-01 00:00:00.000000170,0.23068579,114,22
1970-01-01 00:00:00.000000171,0.23074083,114,22
1970-01-01 00:00:00.000000170,0.2301681,114,23
1970-01-01 00:00:00.000000171,0.23010923,114,23
1970-01-01 00:00:00.000000172,0.23010316,114,23
1970-01-01 00:00:00.000000086,0.23175478,115,10
1970-01-01 00:00:00.000000087,0.2317759,115,10
1970-01-01 00:00:00.000000088,0.23202965,115,10
1970-01-01 00:00:00.000000087,0.23098426,115,11
1970-01-01 00:00:00.000000088,0.23105004,115,11
1970-01-01 00:00:00.000000089,0.2308598,115,11
1970-01-01 00:00:00.000000096,73.297104,117,10
1970-01-01 00:00:00.000000097,73.1381,117,10
1970-01-01 00:00:00.000000098,73.32774,117,10
1970-01-01 00:00:00.000000097,76.639565,117,11
1970-01-01 00:00:00.000000098,75.925674,117,11
1970-01-01 00:00:00.000000099,74.22099,117,11
1970-01-01 00:00:00.000000098,76.12859,117,12
1970-01-01 00:00:00.000000099,75.6419,117,12
1970-01-01 00:00:00.000000100,76.107704,117,12
1970-01-01 00:00:00.000000082,48.491608,118,10
1970-01-01 00:00:00.000000083,49.574505,118,10
1970-01-01 00:00:00.000000084,56.67022,118,10
1970-01-01 00:00:00.000000109,34.246384,121,10
1970-01-01 00:00:00.000000110,37.2213,121,10
1970-01-01 00:00:00.000000111,35.070873,121,10
1970-01-01 00:00:00.000000110,30.887657,121,11
1970-01-01 00:00:00.000000111,31.739935,121,11
1970-01-01 00:00:00.000000112,31.405077,121,11
1970-01-01 00:00:00.000000111,31.99043,121,12
1970-01-01 00:00:00.000000112,32.30815,121,12
1970-01-01 00:00:00.000000113,31.827745,121,12
1970-01-01 00:00:00.000000112,32.41557,121,13
1970-01-01 00:00:00.000000113,32.501385,121,13
1970-01-01 00:00:00.000000114,32.479576,121,13
1970-01-01 00:00:00.000000113,28.523922,121,14
1970-01-01 00:00:00.000000114,27.020088,121,14
1970-01-01 00:00:00.000000115,27.912994,121,14
1970-01-01 00:00:00.000000114,31.848602,121,15
1970-01-01 00:00:00.000000115,29.884539,121,15
1970-01-01 00:00:00.000000116,29.16118,121,15
1970-01-01 00:00:00.000000165,194.34633,122,10
1970-01-01 00:00:00.000000166,192.55728,122,10
1970-01-01 00:00:00.000000167,190.16762,122,10
1970-01-01 00:00:00.000000166,193.02867,122,11
1970-01-01 00:00:00.000000167,193.06387,122,11
1970-01-01 00:00:00.000000168,193.0023,122,11
1970-01-01 00:00:00.000000167,147.22849,122,12
1970-01-01 00:00:00.000000168,151.96,122,12
1970-01-01 00:00:00.000000169,151.87263,122,12
1970-01-01 00:00:00.000000168,159.66632,122,13
1970-01-01 00:00:00.000000169,163.339,122,13
1970-01-01 00:00:00.000000170,163.6652,122,13
1970-01-01 00:00:00.000000169,165.2388,122,14
1970-01-01 00:00:00.000000170,164.69324,122,14
1970-01-01 00:00:00.000000171,164.89868,122,14
1970-01-01 00:00:00.000000170,172.05511,122,15
1970-01-01 00:00:00.000000171,172.98126,122,15
1970-01-01 00:00:00.000000172,170.59718,122,15
1970-01-01 00:00:00.000000171,177.44365,122,16
1970-01-01 00:00:00.000000172,178.92783,122,16
1970-01-01 00:00:00.000000173,177.73877,122,16
1970-01-01 00:00:00.000000172,176.35495,122,17
1970-01-01 00:00:00.000000173,176.29861,122,17
1970-01-01 00:00:00.000000174,176.36008,122,17
1970-01-01 00:00:00.000000173,177.76646,122,18
1970-01-01 00:00:00.000000174,180.86234,122,18
1970-01-01 00:00:00.000000175,181.39021,122,18
1970-01-01 00:00:00.000000174,171.3328,122,19
1970-01-01 00:00:00.000000175,172.04688,122,19
1970-01-01 00:00:00.000000176,170.80943,122,19
1970-01-01 00:00:00.000000175,157.53719,122,20
1970-01-01 00:00:00.000000176,158.24934,122,20
1970-01-01 00:00:00.000000177,155.0314,122,20
1970-01-01 00:00:00.000000176,142.01268,122,21
1970-01-01 00:00:00.000000177,143.96036,122,21
1970-01-01 00:00:00.000000178,149.88525,122,21
1970-01-01 00:00:00.000000177,141.3232,122,22
1970-01-01 00:00:00.000000178,136.01187,122,22
1970-01-01 00:00:00.000000179,138.59874,122,22
1970-01-01 00:00:00.000000178,136.52519,122,23
1970-01-01 00:00:00.000000179,137.33128,122,23
1970-01-01 00:00:00.000000180,138.02303,122,23
1970-01-01 00:00:00.000000179,142.93481,122,24
1970-01-01 00:00:00.000000180,145.07085,122,24
1970-01-01 00:00:00.000000181,142.95996,122,24
1970-01-01 00:00:00.000000180,145.55322,122,25
1970-01-01 00:00:00.000000181,148.39113,122,25
1970-01-01 00:00:00.000000182,138.23575,122,25
1970-01-01 00:00:00.000000101,138.67496,123,10
1970-01-01 00:00:00.000000102,139.07645,123,10
1970-01-01 00:00:00.000000103,139.37927,123,10
1970-01-01 00:00:00.000000102,129.40071,123,11
1970-01-01 00:00:00.000000103,136.80692,123,11
1970-01-01 00:00:00.000000104,132.64977,123,11
1970-01-01 00:00:00.000000103,123.34749,123,12
1970-01-01 00:00:00.000000104,124.11205,123,12
1970-01-01 00:00:00.000000105,124.976295,123,12
1970-01-01 00:00:00.000000104,113.388115,123,13
1970-01-01 00:00:00.000000105,114.104454,123,13
1970-01-01 00:00:00.000000106,111.95661,123,13
1970-01-01 00:00:00.000000105,63.959366,123,14
1970-01-01 00:00:00.000000106,85.45196,123,14
1970-01-01 00:00:00.000000107,53.926723,123,14
1970-01-01 00:00:00.000000107,12.540479,124,10
1970-01-01 00:00:00.000000108,14.172456,124,10
1970-01-01 00:00:00.000000109,14.093655,124,10
1970-01-01 00:00:00.000000108,0.0,124,11
1970-01-01 00:00:00.000000109,0.0,124,11
1970-01-01 00:00:00.000000110,0.8806443,124,11
1970-01-01 00:00:00.000000109,0.20092179,124,12
1970-01-01 00:00:00.000000110,0.20427895,124,12
1970-01-01 00:00:00.000000111,0.2019343,124,12
1970-01-01 00:00:00.000000110,0.19912748,124,13
1970-01-01 00:00:00.000000111,0.19977912,124,13
1970-01-01 00:00:00.000000112,0.20001158,124,13
1970-01-01 00:00:00.000000111,0.16594651,124,14
1970-01-01 00:00:00.000000112,0.16182902,124,14
1970-01-01 00:00:00.000000113,0.16269282,124,14
1970-01-01 00:00:00.000000164,112.88344,125,10
1970-01-01 00:00:00.000000165,112.846634,125,10
1970-01-01 00:00:00.000000166,112.83947,125,10
1970-01-01 00:00:00.000000165,113.10183,125,11
1970-01-01 00:00:00.000000166,113.31152,125,11
1970-01-01 00:00:00.000000167,113.25626,125,11
1970-01-01 00:00:00.000000166,109.832886,125,12
1970-01-01 00:00:00.000000167,110.70556,125,12
1970-01-01 00:00:00.000000168,110.323425,125,12
1970-01-01 00:00:00.000000167,106.399765,125,13
1970-01-01 00:00:00.000000168,106.94438,125,13
1970-01-01 00:00:00.000000169,106.74037,125,13
1970-01-01 00:00:00.000000168,105.380135,125,14
1970-01-01 00:00:00.000000169,105.31123,125,14
1970-01-01 00:00:00.000000170,105.32519,125,14
1970-01-01 00:00:00.000000169,104.03386,125,15
1970-01-01 00:00:00.000000170,103.84926,125,15
1970-01-01 00:00:00.000000171,105.50212,125,15
1970-01-01 00:00:00.000000170,104.05175,125,16
1970-01-01 00:00:00.000000171,104.07262,125,16
1970-01-01 00:00:00.000000172,104.05243,125,16
1970-01-01 00:00:00.000000171,104.10819,125,17
1970-01-01 00:00:00.000000172,104.111855,125,17
1970-01-01 00:00:00.000000173,103.837585,125,17
1970-01-01 00:00:00.000000172,104.68521,125,18
1970-01-01 00:00:00.000000173,103.97535,125,18
1970-01-01 00:00:00.000000174,104.240425,125,18
1970-01-01 00:00:00.000000173,80.33199,125,19
1970-01-01 00:00:00.000000174,83.07388,125,19
1970-01-01 00:00:00.000000175,78.2914,125,19
1970-01-01 00:00:00.000000174,25.603065,125,20
1970-01-01 00:00:00.000000175,55.810482,125,20
1970-01-01 00:00:00.000000176,30.696888,125,20
1970-01-01 00:00:00.000000175,9.256651,125,21
1970-01-01 00:00:00.000000176,6.3219585,125,21
1970-01-01 00:00:00.000000177,7.2849183,125,21
1970-01-01 00:00:00.000000176,0.2314424,125,22
1970-01-01 00:00:00.000000177,0.23150815,125,22
1970-01-01 00:00:00.000000178,0.23155211,125,22
1970-01-01 00:00:00.000000177,0.23070388,125,23
1970-01-01 00:00:00.000000178,0.2306248,125,23
1970-01-01 00:00:00.000000179,0.23068991,125,23
1970-01-01 00:00:00.000000178,0.23127817,125,24
1970-01-01 00:00:00.000000179,0.23208661,125,24
1970-01-01 00:00:00.000000180,0.23029655,125,24
1970-01-01 00:00:00.000000208,32.21928,126,10
1970-01-01 00:00:00.000000209,34.109768,126,10
1970-01-01 00:00:00.000000210,33.16881,126,10
1970-01-01 00:00:00.000000209,44.483093,126,11
1970-01-01 00:00:00.000000210,43.851982,126,11
1970-01-01 00:00:00.000000211,48.803753,126,11
1970-01-01 00:00:00.000000210,56.377037,126,12
1970-01-01 00:00:00.000000211,52.237797,126,12
1970-01-01 00:00:00.000000212,51.211315,126,12
1970-01-01 00:00:00.000000211,57.983337,126,13
1970-01-01 00:00:00.000000212,58.66926,126,13
1970-01-01 00:00:00.000000213,57.57526,126,13
1970-01-01 00:00:00.000000212,60.882675,126,14
1970-01-01 00:00:00.000000213,58.74376,126,14
1970-01-01 00:00:00.000000214,59.95514,126,14
1970-01-01 00:00:00.000000213,59.60205,126,15
1970-01-01 00:00:00.000000214,59.579243,126,15
1970-01-01 00:00:00.000000215,59.59081,126,15
1970-01-01 00:00:00.000000214,62.990242,126,16
1970-01-01 00:00:00.000000215,63.340683,126,16
1970-01-01 00:00:00.000000216,61.125988,126,16
1970-01-01 00:00:00.000000215,62.34994,126,17
1970-01-01 00:00:00.000000216,62.185806,126,17
1970-01-01 00:00:00.000000217,62.317944,126,17
1970-01-01 00:00:00.000000216,61.45035,126,18
1970-01-01 00:00:00.000000217,61.085804,126,18
1970-01-01 00:00:00.000000218,61.878464,126,18
1970-01-01 00:00:00.000000217,58.784584,126,19
1970-01-01 00:00:00.000000218,58.82397,126,19
1970-01-01 00:00:00.000000219,58.77664,126,19
1970-01-01 00:00:00.000000218,56.597504,126,20
1970-01-01 00:00:00.000000219,56.623817,126,20
1970-01-01 00:00:00.000000220,57.777702,126,20
1970-01-01 00:00:00.000000219,60.208115,126,21
1970-01-01 00:00:00.000000220,59.373413,126,21
1970-01-01 00:00:00.000000221,58.152653,126,21
1970-01-01 00:00:00.000000220,61.107418,126,22
1970-01-01 00:00:00.000000221,62.129185,126,22
1970-01-01 00:00:00.000000222,61.157215,126,22
1970-01-01 00:00:00.000000221,64.369225,126,23
1970-01-01 00:00:00.000000222,64.47042,126,23
1970-01-01 00:00:00.000000223,63.75631,126,23
1970-01-01 00:00:00.000000222,66.05933,126,24
1970-01-01 00:00:00.000000223,66.25825,126,24
1970-01-01 00:00:00.000000224,67.07277,126,24
1970-01-01 00:00:00.000000223,69.00648,126,25
1970-01-01 00:00:00.000000224,67.27715,126,25
1970-01-01 00:00:00.000000225,69.0578,126,25
1970-01-01 00:00:00.000000224,70.80454,126,26
1970-01-01 00:00:00.000000225,70.2558,126,26
1970-01-01 00:00:00.000000226,71.35417,126,26
1970-01-01 00:00:00.000000225,60.420185,126,27
1970-01-01 00:00:00.000000226,59.93478,126,27
1970-01-01 00:00:00.000000227,61.922924,126,27
1970-01-01 00:00:00.000000226,55.799065,126,28
1970-01-01 00:00:00.000000227,58.152596,126,28
1970-01-01 00:00:00.000000228,56.425697,126,28
1970-01-01 00:00:00.000000227,52.316696,126,29
1970-01-01 00:00:00.000000228,52.35054,126,29
1970-01-01 00:00:00.000000229,52.856483,126,29
1970-01-01 00:00:00.000000228,50.367893,126,30
1970-01-01 00:00:00.000000229,51.520397,126,30
1970-01-01 00:00:00.000000230,49.73639,126,30
1970-01-01 00:00:00.000000229,55.891304,126,31
1970-01-01 00:00:00.000000230,57.26944,126,31
1970-01-01 00:00:00.000000231,56.00371,126,31
1970-01-01 00:00:00.000000230,59.14544,126,32
1970-01-01 00:00:00.000000231,63.732826,126,32
1970-01-01 00:00:00.000000232,62.850826,126,32
1970-01-01 00:00:00.000000188,103.4308,127,10
1970-01-01 00:00:00.000000189,102.8884,127,10
1970-01-01 00:00:00.000000190,103.171974,127,10
1970-01-01 00:00:00.000000189,103.06228,127,11
1970-01-01 00:00:00.000000190,103.099464,127,11
1970-01-01 00:00:00.000000191,103.0008,127,11
1970-01-01 00:00:00.000000190,105.1753,127,12
1970-01-01 00:00:00.000000191,104.50615,127,12
1970-01-01 00:00:00.000000192,105.391914,127,12
1970-01-01 00:00:00.000000191,100.83916,127,13
1970-01-01 00:00:00.000000192,102.657776,127,13
1970-01-01 00:00:00.000000193,102.128334,127,13
1970-01-01 00:00:00.000000192,99.21341,127,14
1970-01-01 00:00:00.000000193,98.91123,127,14
1970-01-01 00:00:00.000000194,98.02691,127,14
1970-01-01 00:00:00.000000193,94.501686,127,15
1970-01-01 00:00:00.000000194,94.50958,127,15
1970-01-01 00:00:00.000000195,94.82386,127,15
1970-01-01 00:00:00.000000194,89.992645,127,16
1970-01-01 00:00:00.000000195,89.819275,127,16
1970-01-01 00:00:00.000000196,88.83296,127,16
1970-01-01 00:00:00.000000195,86.50288,127,17
1970-01-01 00:00:00.000000196,86.389984,127,17
1970-01-01 00:00:00.000000197,83.3885,127,17
1970-01-01 00:00:00.000000196,85.75612,127,18
1970-01-01 00:00:00.000000197,85.412186,127,18
1970-01-01 00:00:00.000000198,83.61022,127,18
1970-01-01 00:00:00.000000197,82.691734,127,19
1970-01-01 00:00:00.000000198,83.66597,127,19
1970-01-01 00:00:00.000000199,81.55132,127,19
1970-01-01 00:00:00.000000198,75.092735,127,20
1970-01-01 00:00:00.000000199,76.9141,127,20
1970-01-01 00:00:00.000000200,76.51468,127,20
1970-01-01 00:00:00.000000199,75.55574,127,21
1970-01-01 00:00:00.000000200,75.63099,127,21
1970-01-01 00:00:00.000000201,75.50137,127,21
1970-01-01 00:00:00.000000200,74.66427,127,22
1970-01-01 00:00:00.000000201,73.55691,127,22
1970-01-01 00:00:00.000000202,75.377495,127,22
1970-01-01 00:00:00.000000201,72.92647,127,23
1970-01-01 00:00:00.000000202,73.73532,127,23
1970-01-01 00:00:00.000000203,73.55254,127,23
1970-01-01 00:00:00.000000202,72.62406,127,24
1970-01-01 00:00:00.000000203,72.75383,127,24
1970-01-01 00:00:00.000000204,73.14873,127,24
1970-01-01 00:00:00.000000203,75.89337,127,25
1970-01-01 00:00:00.000000204,75.956436,127,25
1970-01-01 00:00:00.000000205,75.981476,127,25
1970-01-01 00:00:00.000000204,73.881355,127,26
1970-01-01 00:00:00.000000205,74.20836,127,26
1970-01-01 00:00:00.000000206,73.572586,127,26
1970-01-01 00:00:00.000000205,74.17452,127,27
1970-01-01 00:00:00.000000206,74.851295,127,27
1970-01-01 00:00:00.000000207,74.42903,127,27
1970-01-01 00:00:00.000000206,74.73357,127,28
1970-01-01 00:00:00.000000207,74.4806,127,28
1970-01-01 00:00:00.000000208,74.363235,127,28
1970-01-01 00:00:00.000000207,74.88632,127,29
1970-01-01 00:00:00.000000208,74.85702,127,29
1970-01-01 00:00:00.000000209,74.83183,127,29
1970-01-01 00:00:00.000000082,0.23157711,129,10
1970-01-01 00:00:00.000000083,0.23172453,129,10
1970-01-01 00:00:00.000000084,0.23173276,129,10
