sequence_index,return,block_idx,fcst_origin
1970-01-01 00:00:00.000000009,63.68264,82,8
1970-01-01 00:00:00.000000010,63.932785,82,8
1970-01-01 00:00:00.000000011,64.53422,82,8
1970-01-01 00:00:00.000000012,64.528,82,8
1970-01-01 00:00:00.000000010,66.96553,82,9
1970-01-01 00:00:00.000000011,66.854744,82,9
1970-01-01 00:00:00.000000012,67.424675,82,9
1970-01-01 00:00:00.000000013,67.55372,82,9
1970-01-01 00:00:00.000000011,74.9895,82,10
1970-01-01 00:00:00.000000012,75.13012,82,10
1970-01-01 00:00:00.000000013,76.96721,82,10
1970-01-01 00:00:00.000000014,76.8842,82,10
1970-01-01 00:00:00.000000012,73.570244,82,11
1970-01-01 00:00:00.000000013,73.974075,82,11
1970-01-01 00:00:00.000000014,73.8942,82,11
1970-01-01 00:00:00.000000015,73.58888,82,11
1970-01-01 00:00:00.000000013,72.34022,82,12
1970-01-01 00:00:00.000000014,72.461296,82,12
1970-01-01 00:00:00.000000015,72.517136,82,12
1970-01-01 00:00:00.000000016,72.46765,82,12
1970-01-01 00:00:00.000000014,76.09904,82,13
1970-01-01 00:00:00.000000015,76.0952,82,13
1970-01-01 00:00:00.000000016,76.87385,82,13
1970-01-01 00:00:00.000000017,76.75607,82,13
1970-01-01 00:00:00.000000015,77.71956,82,14
1970-01-01 00:00:00.000000016,77.8331,82,14
1970-01-01 00:00:00.000000017,78.09526,82,14
1970-01-01 00:00:00.000000018,78.0271,82,14
1970-01-01 00:00:00.000000016,78.669945,82,15
1970-01-01 00:00:00.000000017,78.74895,82,15
1970-01-01 00:00:00.000000018,78.87573,82,15
1970-01-01 00:00:00.000000019,78.75846,82,15
1970-01-01 00:00:00.000000017,77.658226,82,16
1970-01-01 00:00:00.000000018,77.86166,82,16
1970-01-01 00:00:00.000000019,77.677986,82,16
1970-01-01 00:00:00.000000020,77.454475,82,16
1970-01-01 00:00:00.000000018,76.46719,82,17
1970-01-01 00:00:00.000000019,76.57077,82,17
1970-01-01 00:00:00.000000020,76.45415,82,17
1970-01-01 00:00:00.000000021,76.43202,82,17
1970-01-01 00:00:00.000000019,77.89567,82,18
1970-01-01 00:00:00.000000020,77.90227,82,18
1970-01-01 00:00:00.000000021,78.34548,82,18
1970-01-01 00:00:00.000000022,78.329796,82,18
1970-01-01 00:00:00.000000020,78.4286,82,19
1970-01-01 00:00:00.000000021,78.5941,82,19
1970-01-01 00:00:00.000000022,78.783936,82,19
1970-01-01 00:00:00.000000023,78.67141,82,19
1970-01-01 00:00:00.000000021,78.73864,82,20
1970-01-01 00:00:00.000000022,78.865616,82,20
1970-01-01 00:00:00.000000023,78.9449,82,20
1970-01-01 00:00:00.000000024,78.85256,82,20
1970-01-01 00:00:00.000000022,79.3404,82,21
1970-01-01 00:00:00.000000023,79.4293,82,21
1970-01-01 00:00:00.000000024,79.53548,82,21
1970-01-01 00:00:00.000000025,79.44161,82,21
1970-01-01 00:00:00.000000023,77.67214,82,22
1970-01-01 00:00:00.000000024,77.85929,82,22
1970-01-01 00:00:00.000000025,77.62959,82,22
1970-01-01 00:00:00.000000026,77.37549,82,22
1970-01-01 00:00:00.000000024,80.00103,82,23
1970-01-01 00:00:00.000000025,80.03957,82,23
1970-01-01 00:00:00.000000026,80.517586,82,23
1970-01-01 00:00:00.000000027,80.4182,82,23
1970-01-01 00:00:00.000000025,79.32584,82,24
1970-01-01 00:00:00.000000026,79.47528,82,24
1970-01-01 00:00:00.000000027,79.35034,82,24
1970-01-01 00:00:00.000000028,79.11086,82,24
1970-01-01 00:00:00.000000026,77.72823,82,25
1970-01-01 00:00:00.000000027,77.9183,82,25
1970-01-01 00:00:00.000000028,77.67824,82,25
1970-01-01 00:00:00.000000029,77.47466,82,25
1970-01-01 00:00:00.000000027,76.99519,82,26
1970-01-01 00:00:00.000000028,77.16756,82,26
1970-01-01 00:00:00.000000029,77.03104,82,26
1970-01-01 00:00:00.000000030,76.937355,82,26
1970-01-01 00:00:00.000000028,77.35486,82,27
1970-01-01 00:00:00.000000029,77.466835,82,27
1970-01-01 00:00:00.000000030,77.599846,82,27
1970-01-01 00:00:00.000000031,77.52385,82,27
1970-01-01 00:00:00.000000029,77.21776,82,28
1970-01-01 00:00:00.000000030,77.43438,82,28
1970-01-01 00:00:00.000000031,77.46591,82,28
1970-01-01 00:00:00.000000032,77.33299,82,28
1970-01-01 00:00:00.000000030,75.500984,82,29
1970-01-01 00:00:00.000000031,75.76125,82,29
1970-01-01 00:00:00.000000032,75.61315,82,29
1970-01-01 00:00:00.000000033,75.384476,82,29
1970-01-01 00:00:00.000000031,72.05107,82,30
1970-01-01 00:00:00.000000032,72.36018,82,30
1970-01-01 00:00:00.000000033,72.0447,82,30
1970-01-01 00:00:00.000000034,71.64793,82,30
1970-01-01 00:00:00.000000032,68.97006,82,31
1970-01-01 00:00:00.000000033,69.36723,82,31
1970-01-01 00:00:00.000000034,69.02367,82,31
1970-01-01 00:00:00.000000035,68.69885,82,31
1970-01-01 00:00:00.000000033,70.49879,82,32
1970-01-01 00:00:00.000000034,70.540344,82,32
1970-01-01 00:00:00.000000035,70.90654,82,32
1970-01-01 00:00:00.000000036,70.79798,82,32
1970-01-01 00:00:00.000000034,72.38453,82,33
1970-01-01 00:00:00.000000035,72.52441,82,33
1970-01-01 00:00:00.000000036,72.74953,82,33
1970-01-01 00:00:00.000000037,72.60452,82,33
1970-01-01 00:00:00.000000035,74.25069,82,34
1970-01-01 00:00:00.000000036,74.32807,82,34
1970-01-01 00:00:00.000000037,74.59612,82,34
1970-01-01 00:00:00.000000038,74.57298,82,34
1970-01-01 00:00:00.000000036,74.440254,82,35
1970-01-01 00:00:00.000000037,74.55704,82,35
1970-01-01 00:00:00.000000038,74.62208,82,35
1970-01-01 00:00:00.000000039,74.57112,82,35
1970-01-01 00:00:00.000000037,74.97373,82,36
1970-01-01 00:00:00.000000038,75.1837,82,36
1970-01-01 00:00:00.000000039,75.345474,82,36
1970-01-01 00:00:00.000000040,75.180336,82,36
1970-01-01 00:00:00.000000038,78.39779,82,37
1970-01-01 00:00:00.000000039,78.55977,82,37
1970-01-01 00:00:00.000000040,79.10006,82,37
1970-01-01 00:00:00.000000041,78.95475,82,37
1970-01-01 00:00:00.000000039,81.75745,82,38
1970-01-01 00:00:00.000000040,81.842926,82,38
1970-01-01 00:00:00.000000041,82.12189,82,38
1970-01-01 00:00:00.000000042,81.90395,82,38
1970-01-01 00:00:00.000000040,80.210464,82,39
1970-01-01 00:00:00.000000041,80.53234,82,39
1970-01-01 00:00:00.000000042,80.11797,82,39
1970-01-01 00:00:00.000000043,79.824844,82,39
1970-01-01 00:00:00.000000041,76.87377,82,40
1970-01-01 00:00:00.000000042,77.15989,82,40
1970-01-01 00:00:00.000000043,76.63676,82,40
1970-01-01 00:00:00.000000044,76.23376,82,40
1970-01-01 00:00:00.000000042,75.51463,82,41
1970-01-01 00:00:00.000000043,75.73322,82,41
1970-01-01 00:00:00.000000044,75.635605,82,41
1970-01-01 00:00:00.000000045,75.43227,82,41
1970-01-01 00:00:00.000000043,75.25016,82,42
1970-01-01 00:00:00.000000044,75.43682,82,42
1970-01-01 00:00:00.000000045,75.35439,82,42
1970-01-01 00:00:00.000000046,75.1937,82,42
1970-01-01 00:00:00.000000044,77.1607,82,43
1970-01-01 00:00:00.000000045,77.28623,82,43
1970-01-01 00:00:00.000000046,77.51464,82,43
1970-01-01 00:00:00.000000047,77.45676,82,43
1970-01-01 00:00:00.000000045,74.70548,82,44
1970-01-01 00:00:00.000000046,75.04326,82,44
1970-01-01 00:00:00.000000047,74.69891,82,44
1970-01-01 00:00:00.000000048,74.483925,82,44
1970-01-01 00:00:00.000000046,76.43481,82,45
1970-01-01 00:00:00.000000047,76.58582,82,45
1970-01-01 00:00:00.000000048,77.11093,82,45
1970-01-01 00:00:00.000000049,77.01997,82,45
1970-01-01 00:00:00.000000047,76.63542,82,46
1970-01-01 00:00:00.000000048,76.86733,82,46
1970-01-01 00:00:00.000000049,76.91339,82,46
1970-01-01 00:00:00.000000050,76.77672,82,46
1970-01-01 00:00:00.000000048,71.975586,82,47
1970-01-01 00:00:00.000000049,72.6327,82,47
1970-01-01 00:00:00.000000050,71.91927,82,47
1970-01-01 00:00:00.000000051,71.33385,82,47
1970-01-01 00:00:00.000000049,72.70364,82,48
1970-01-01 00:00:00.000000050,72.84822,82,48
1970-01-01 00:00:00.000000051,73.20836,82,48
1970-01-01 00:00:00.000000052,73.070465,82,48
1970-01-01 00:00:00.000000050,73.34071,82,49
1970-01-01 00:00:00.000000051,73.52295,82,49
1970-01-01 00:00:00.000000052,73.55038,82,49
1970-01-01 00:00:00.000000053,73.45464,82,49
1970-01-01 00:00:00.000000051,77.87092,82,50
1970-01-01 00:00:00.000000052,78.02891,82,50
1970-01-01 00:00:00.000000053,78.613945,82,50
1970-01-01 00:00:00.000000054,78.28213,82,50
1970-01-01 00:00:00.000000052,77.26417,82,51
1970-01-01 00:00:00.000000053,77.561035,82,51
1970-01-01 00:00:00.000000054,77.33707,82,51
1970-01-01 00:00:00.000000055,77.204956,82,51
1970-01-01 00:00:00.000000053,75.94597,82,52
1970-01-01 00:00:00.000000054,76.091034,82,52
1970-01-01 00:00:00.000000055,75.93518,82,52
1970-01-01 00:00:00.000000056,75.80923,82,52
1970-01-01 00:00:00.000000054,77.73858,82,53
1970-01-01 00:00:00.000000055,77.92401,82,53
1970-01-01 00:00:00.000000056,78.366104,82,53
1970-01-01 00:00:00.000000057,78.30179,82,53
1970-01-01 00:00:00.000000055,76.66965,82,54
1970-01-01 00:00:00.000000056,76.95106,82,54
1970-01-01 00:00:00.000000057,76.82699,82,54
1970-01-01 00:00:00.000000058,76.52628,82,54
1970-01-01 00:00:00.000000056,76.06761,82,55
1970-01-01 00:00:00.000000057,76.301704,82,55
1970-01-01 00:00:00.000000058,76.260025,82,55
1970-01-01 00:00:00.000000059,76.12925,82,55
1970-01-01 00:00:00.000000057,74.79555,82,56
1970-01-01 00:00:00.000000058,74.97586,82,56
1970-01-01 00:00:00.000000059,74.80209,82,56
1970-01-01 00:00:00.000000060,74.572754,82,56
1970-01-01 00:00:00.000000058,75.95262,82,57
1970-01-01 00:00:00.000000059,76.2139,82,57
1970-01-01 00:00:00.000000060,76.352234,82,57
1970-01-01 00:00:00.000000061,76.17233,82,57
1970-01-01 00:00:00.000000009,54.729023,83,8
1970-01-01 00:00:00.000000010,54.853,83,8
1970-01-01 00:00:00.000000011,55.10775,83,8
1970-01-01 00:00:00.000000012,55.096886,83,8
1970-01-01 00:00:00.000000010,55.118565,83,9
1970-01-01 00:00:00.000000011,55.36928,83,9
1970-01-01 00:00:00.000000012,55.575684,83,9
1970-01-01 00:00:00.000000013,55.42267,83,9
1970-01-01 00:00:00.000000011,55.63987,83,10
1970-01-01 00:00:00.000000012,55.9258,83,10
1970-01-01 00:00:00.000000013,56.09747,83,10
1970-01-01 00:00:00.000000014,55.932125,83,10
1970-01-01 00:00:00.000000012,56.02696,83,11
1970-01-01 00:00:00.000000013,56.222652,83,11
1970-01-01 00:00:00.000000014,56.304134,83,11
1970-01-01 00:00:00.000000015,56.147087,83,11
1970-01-01 00:00:00.000000013,57.7679,83,12
1970-01-01 00:00:00.000000014,57.924583,83,12
1970-01-01 00:00:00.000000015,58.192013,83,12
1970-01-01 00:00:00.000000016,58.013412,83,12
1970-01-01 00:00:00.000000014,57.429596,83,13
1970-01-01 00:00:00.000000015,57.66686,83,13
1970-01-01 00:00:00.000000016,57.565037,83,13
1970-01-01 00:00:00.000000017,57.322327,83,13
1970-01-01 00:00:00.000000015,60.206074,83,14
1970-01-01 00:00:00.000000016,60.393345,83,14
1970-01-01 00:00:00.000000017,60.65443,83,14
1970-01-01 00:00:00.000000018,60.37208,83,14
1970-01-01 00:00:00.000000016,60.033,83,15
1970-01-01 00:00:00.000000017,60.262924,83,15
1970-01-01 00:00:00.000000018,60.07539,83,15
1970-01-01 00:00:00.000000019,59.886925,83,15
1970-01-01 00:00:00.000000017,60.789787,83,16
1970-01-01 00:00:00.000000018,60.936993,83,16
1970-01-01 00:00:00.000000019,61.010094,83,16
1970-01-01 00:00:00.000000020,60.98291,83,16
1970-01-01 00:00:00.000000018,60.485172,83,17
1970-01-01 00:00:00.000000019,60.69525,83,17
1970-01-01 00:00:00.000000020,60.766388,83,17
1970-01-01 00:00:00.000000021,60.630863,83,17
1970-01-01 00:00:00.000000019,58.426983,83,18
1970-01-01 00:00:00.000000020,58.920296,83,18
1970-01-01 00:00:00.000000021,58.782646,83,18
1970-01-01 00:00:00.000000022,58.339035,83,18
1970-01-01 00:00:00.000000020,56.301373,83,19
1970-01-01 00:00:00.000000021,56.699596,83,19
1970-01-01 00:00:00.000000022,56.411488,83,19
1970-01-01 00:00:00.000000023,56.189415,83,19
1970-01-01 00:00:00.000000021,56.902145,83,20
1970-01-01 00:00:00.000000022,57.015858,83,20
1970-01-01 00:00:00.000000023,57.182407,83,20
1970-01-01 00:00:00.000000024,56.992035,83,20
1970-01-01 00:00:00.000000022,56.372543,83,21
1970-01-01 00:00:00.000000023,56.69114,83,21
1970-01-01 00:00:00.000000024,56.573666,83,21
1970-01-01 00:00:00.000000025,56.358276,83,21
1970-01-01 00:00:00.000000023,52.81457,83,22
1970-01-01 00:00:00.000000024,53.377434,83,22
1970-01-01 00:00:00.000000025,52.661255,83,22
1970-01-01 00:00:00.000000026,52.024715,83,22
1970-01-01 00:00:00.000000024,55.18199,83,23
1970-01-01 00:00:00.000000025,55.4619,83,23
1970-01-01 00:00:00.000000026,55.81368,83,23
1970-01-01 00:00:00.000000027,55.576313,83,23
1970-01-01 00:00:00.000000025,49.9141,83,24
1970-01-01 00:00:00.000000026,50.82292,83,24
1970-01-01 00:00:00.000000027,49.717064,83,24
1970-01-01 00:00:00.000000028,49.109627,83,24
1970-01-01 00:00:00.000000026,47.568943,83,25
1970-01-01 00:00:00.000000027,47.822414,83,25
1970-01-01 00:00:00.000000028,47.8437,83,25
1970-01-01 00:00:00.000000029,47.80405,83,25
1970-01-01 00:00:00.000000027,44.310253,83,26
1970-01-01 00:00:00.000000028,44.844975,83,26
1970-01-01 00:00:00.000000029,44.840496,83,26
1970-01-01 00:00:00.000000030,44.482346,83,26
1970-01-01 00:00:00.000000028,46.28904,83,27
1970-01-01 00:00:00.000000029,46.62879,83,27
1970-01-01 00:00:00.000000030,47.34126,83,27
1970-01-01 00:00:00.000000031,47.20137,83,27
1970-01-01 00:00:00.000000029,49.136948,83,28
1970-01-01 00:00:00.000000030,49.298023,83,28
1970-01-01 00:00:00.000000031,49.78195,83,28
1970-01-01 00:00:00.000000032,49.65164,83,28
1970-01-01 00:00:00.000000030,52.04392,83,29
1970-01-01 00:00:00.000000031,52.22799,83,29
1970-01-01 00:00:00.000000032,52.670383,83,29
1970-01-01 00:00:00.000000033,52.452667,83,29
1970-01-01 00:00:00.000000031,53.26957,83,30
1970-01-01 00:00:00.000000032,53.46926,83,30
1970-01-01 00:00:00.000000033,53.57493,83,30
1970-01-01 00:00:00.000000034,53.418224,83,30
1970-01-01 00:00:00.000000032,55.64213,83,31
1970-01-01 00:00:00.000000033,55.749302,83,31
1970-01-01 00:00:00.000000034,56.05572,83,31
1970-01-01 00:00:00.000000035,55.928295,83,31
1970-01-01 00:00:00.000000033,57.493706,83,32
1970-01-01 00:00:00.000000034,57.69488,83,32
1970-01-01 00:00:00.000000035,57.89816,83,32
1970-01-01 00:00:00.000000036,57.583817,83,32
1970-01-01 00:00:00.000000034,57.36687,83,33
1970-01-01 00:00:00.000000035,57.63431,83,33
1970-01-01 00:00:00.000000036,57.50211,83,33
1970-01-01 00:00:00.000000037,57.558926,83,33
1970-01-01 00:00:00.000000035,57.3259,83,34
1970-01-01 00:00:00.000000036,57.355984,83,34
1970-01-01 00:00:00.000000037,57.569954,83,34
1970-01-01 00:00:00.000000038,57.531082,83,34
1970-01-01 00:00:00.000000036,60.807903,83,35
1970-01-01 00:00:00.000000037,61.30431,83,35
1970-01-01 00:00:00.000000038,62.28987,83,35
1970-01-01 00:00:00.000000039,61.962723,83,35
1970-01-01 00:00:00.000000037,60.346893,83,36
1970-01-01 00:00:00.000000038,60.702587,83,36
1970-01-01 00:00:00.000000039,60.600075,83,36
1970-01-01 00:00:00.000000040,60.35922,83,36
1970-01-01 00:00:00.000000038,59.719437,83,37
1970-01-01 00:00:00.000000039,59.85677,83,37
1970-01-01 00:00:00.000000040,59.861,83,37
1970-01-01 00:00:00.000000041,59.671696,83,37
1970-01-01 00:00:00.000000039,60.887947,83,38
1970-01-01 00:00:00.000000040,61.067314,83,38
1970-01-01 00:00:00.000000041,61.23684,83,38
1970-01-01 00:00:00.000000042,61.0468,83,38
1970-01-01 00:00:00.000000040,59.89006,83,39
1970-01-01 00:00:00.000000041,60.127216,83,39
1970-01-01 00:00:00.000000042,59.912178,83,39
1970-01-01 00:00:00.000000043,59.63386,83,39
1970-01-01 00:00:00.000000041,62.298893,83,40
1970-01-01 00:00:00.000000042,62.420055,83,40
1970-01-01 00:00:00.000000043,62.73076,83,40
1970-01-01 00:00:00.000000044,62.502605,83,40
1970-01-01 00:00:00.000000042,62.87089,83,41
1970-01-01 00:00:00.000000043,63.07614,83,41
1970-01-01 00:00:00.000000044,63.019688,83,41
1970-01-01 00:00:00.000000045,62.761448,83,41
1970-01-01 00:00:00.000000043,62.6561,83,42
1970-01-01 00:00:00.000000044,62.88239,83,42
1970-01-01 00:00:00.000000045,62.71467,83,42
1970-01-01 00:00:00.000000046,62.655407,83,42
1970-01-01 00:00:00.000000044,62.414265,83,43
1970-01-01 00:00:00.000000045,62.511486,83,43
1970-01-01 00:00:00.000000046,62.554653,83,43
1970-01-01 00:00:00.000000047,62.449146,83,43
1970-01-01 00:00:00.000000045,61.31073,83,44
1970-01-01 00:00:00.000000046,61.69125,83,44
1970-01-01 00:00:00.000000047,61.703674,83,44
1970-01-01 00:00:00.000000048,61.42379,83,44
1970-01-01 00:00:00.000000046,56.7233,83,45
1970-01-01 00:00:00.000000047,57.59025,83,45
1970-01-01 00:00:00.000000048,56.96531,83,45
1970-01-01 00:00:00.000000049,56.193222,83,45
1970-01-01 00:00:00.000000047,55.37711,83,46
1970-01-01 00:00:00.000000048,55.56595,83,46
1970-01-01 00:00:00.000000049,55.621708,83,46
1970-01-01 00:00:00.000000050,55.429768,83,46
1970-01-01 00:00:00.000000048,58.12422,83,47
1970-01-01 00:00:00.000000049,58.21972,83,47
1970-01-01 00:00:00.000000050,58.55899,83,47
1970-01-01 00:00:00.000000051,58.429092,83,47
1970-01-01 00:00:00.000000049,59.65314,83,48
1970-01-01 00:00:00.000000050,59.843716,83,48
1970-01-01 00:00:00.000000051,59.94384,83,48
1970-01-01 00:00:00.000000052,59.662632,83,48
1970-01-01 00:00:00.000000050,58.3128,83,49
1970-01-01 00:00:00.000000051,58.785824,83,49
1970-01-01 00:00:00.000000052,58.42552,83,49
1970-01-01 00:00:00.000000053,58.08738,83,49
1970-01-01 00:00:00.000000051,56.07645,83,50
1970-01-01 00:00:00.000000052,56.3609,83,50
1970-01-01 00:00:00.000000053,56.04173,83,50
1970-01-01 00:00:00.000000054,55.803516,83,50
1970-01-01 00:00:00.000000052,56.960915,83,51
1970-01-01 00:00:00.000000053,57.14831,83,51
1970-01-01 00:00:00.000000054,57.454185,83,51
1970-01-01 00:00:00.000000055,57.41745,83,51
1970-01-01 00:00:00.000000053,57.045193,83,52
1970-01-01 00:00:00.000000054,57.258015,83,52
1970-01-01 00:00:00.000000055,57.430695,83,52
1970-01-01 00:00:00.000000056,57.2151,83,52
1970-01-01 00:00:00.000000054,62.009674,83,53
1970-01-01 00:00:00.000000055,62.47077,83,53
1970-01-01 00:00:00.000000056,63.176853,83,53
1970-01-01 00:00:00.000000057,62.82716,83,53
1970-01-01 00:00:00.000000055,62.922924,83,54
1970-01-01 00:00:00.000000056,63.111004,83,54
1970-01-01 00:00:00.000000057,63.113434,83,54
1970-01-01 00:00:00.000000058,62.845654,83,54
1970-01-01 00:00:00.000000056,64.34809,83,55
1970-01-01 00:00:00.000000057,64.52442,83,55
1970-01-01 00:00:00.000000058,64.58143,83,55
1970-01-01 00:00:00.000000059,64.38887,83,55
1970-01-01 00:00:00.000000057,64.64739,83,56
1970-01-01 00:00:00.000000058,64.78597,83,56
1970-01-01 00:00:00.000000059,64.69369,83,56
1970-01-01 00:00:00.000000060,64.56524,83,56
1970-01-01 00:00:00.000000058,67.27002,83,57
1970-01-01 00:00:00.000000059,67.441025,83,57
1970-01-01 00:00:00.000000060,67.81212,83,57
1970-01-01 00:00:00.000000061,67.584465,83,57
1970-01-01 00:00:00.000000059,61.762165,83,58
1970-01-01 00:00:00.000000060,62.973267,83,58
1970-01-01 00:00:00.000000061,61.911526,83,58
1970-01-01 00:00:00.000000062,60.56679,83,58
1970-01-01 00:00:00.000000060,56.692986,83,59
1970-01-01 00:00:00.000000061,57.268185,83,59
1970-01-01 00:00:00.000000062,56.545982,83,59
1970-01-01 00:00:00.000000063,56.268528,83,59
1970-01-01 00:00:00.000000061,61.16474,83,60
1970-01-01 00:00:00.000000062,61.058037,83,60
1970-01-01 00:00:00.000000063,61.937897,83,60
1970-01-01 00:00:00.000000064,61.96141,83,60
1970-01-01 00:00:00.000000062,62.127563,83,61
1970-01-01 00:00:00.000000063,62.3869,83,61
1970-01-01 00:00:00.000000064,62.59115,83,61
1970-01-01 00:00:00.000000065,62.38979,83,61
1970-01-01 00:00:00.000000063,63.57885,83,62
1970-01-01 00:00:00.000000064,63.847134,83,62
1970-01-01 00:00:00.000000065,64.05348,83,62
1970-01-01 00:00:00.000000066,63.807964,83,62
1970-01-01 00:00:00.000000064,62.9905,83,63
1970-01-01 00:00:00.000000065,63.217365,83,63
1970-01-01 00:00:00.000000066,63.064358,83,63
1970-01-01 00:00:00.000000067,62.84704,83,63
1970-01-01 00:00:00.000000065,61.90263,83,64
1970-01-01 00:00:00.000000066,62.113903,83,64
1970-01-01 00:00:00.000000067,61.9807,83,64
1970-01-01 00:00:00.000000068,61.75677,83,64
1970-01-01 00:00:00.000000066,62.191845,83,65
1970-01-01 00:00:00.000000067,62.385567,83,65
1970-01-01 00:00:00.000000068,62.47022,83,65
1970-01-01 00:00:00.000000069,62.263775,83,65
1970-01-01 00:00:00.000000067,62.744728,83,66
1970-01-01 00:00:00.000000068,62.94348,83,66
1970-01-01 00:00:00.000000069,62.956512,83,66
1970-01-01 00:00:00.000000070,62.772102,83,66
1970-01-01 00:00:00.000000068,63.1418,83,67
1970-01-01 00:00:00.000000069,63.33313,83,67
1970-01-01 00:00:00.000000070,63.302197,83,67
1970-01-01 00:00:00.000000071,63.084877,83,67
1970-01-01 00:00:00.000000069,64.03509,83,68
1970-01-01 00:00:00.000000070,64.22743,83,68
1970-01-01 00:00:00.000000071,64.27046,83,68
1970-01-01 00:00:00.000000072,64.13652,83,68
1970-01-01 00:00:00.000000070,64.16477,83,69
1970-01-01 00:00:00.000000071,64.32072,83,69
1970-01-01 00:00:00.000000072,64.320656,83,69
1970-01-01 00:00:00.000000073,64.22428,83,69
1970-01-01 00:00:00.000000071,65.49639,83,70
1970-01-01 00:00:00.000000072,65.6621,83,70
1970-01-01 00:00:00.000000073,65.95196,83,70
1970-01-01 00:00:00.000000074,65.7727,83,70
1970-01-01 00:00:00.000000072,66.00518,83,71
1970-01-01 00:00:00.000000073,66.24718,83,71
1970-01-01 00:00:00.000000074,66.330826,83,71
1970-01-01 00:00:00.000000075,66.13328,83,71
1970-01-01 00:00:00.000000073,61.425198,83,72
1970-01-01 00:00:00.000000074,62.17763,83,72
1970-01-01 00:00:00.000000075,61.273533,83,72
1970-01-01 00:00:00.000000076,60.54442,83,72
1970-01-01 00:00:00.000000074,60.57364,83,73
1970-01-01 00:00:00.000000075,60.7143,83,73
1970-01-01 00:00:00.000000076,60.882797,83,73
1970-01-01 00:00:00.000000077,60.664005,83,73
1970-01-01 00:00:00.000000075,59.766167,83,74
1970-01-01 00:00:00.000000076,60.03605,83,74
1970-01-01 00:00:00.000000077,59.818176,83,74
1970-01-01 00:00:00.000000078,59.563107,83,74
1970-01-01 00:00:00.000000076,59.901962,83,75
1970-01-01 00:00:00.000000077,60.064705,83,75
1970-01-01 00:00:00.000000078,60.06705,83,75
1970-01-01 00:00:00.000000079,59.892876,83,75
1970-01-01 00:00:00.000000077,58.56446,83,76
1970-01-01 00:00:00.000000078,58.883205,83,76
1970-01-01 00:00:00.000000079,58.663868,83,76
1970-01-01 00:00:00.000000080,58.437153,83,76
1970-01-01 00:00:00.000000078,53.061855,83,77
1970-01-01 00:00:00.000000079,53.8019,83,77
1970-01-01 00:00:00.000000080,53.092728,83,77
1970-01-01 00:00:00.000000081,52.616646,83,77
1970-01-01 00:00:00.000000079,54.495087,83,78
1970-01-01 00:00:00.000000080,54.682346,83,78
1970-01-01 00:00:00.000000081,55.324493,83,78
1970-01-01 00:00:00.000000082,55.189606,83,78
1970-01-01 00:00:00.000000080,59.3629,83,79
1970-01-01 00:00:00.000000081,59.620476,83,79
1970-01-01 00:00:00.000000082,60.319847,83,79
1970-01-01 00:00:00.000000083,60.013912,83,79
1970-01-01 00:00:00.000000081,56.80538,83,80
1970-01-01 00:00:00.000000082,57.35494,83,80
1970-01-01 00:00:00.000000083,56.792908,83,80
1970-01-01 00:00:00.000000084,56.275227,83,80
1970-01-01 00:00:00.000000082,56.881203,83,81
1970-01-01 00:00:00.000000083,57.05557,83,81
1970-01-01 00:00:00.000000084,57.10132,83,81
1970-01-01 00:00:00.000000085,56.97574,83,81
1970-01-01 00:00:00.000000083,59.291462,83,82
1970-01-01 00:00:00.000000084,59.371227,83,82
1970-01-01 00:00:00.000000085,59.760826,83,82
1970-01-01 00:00:00.000000086,59.585308,83,82
1970-01-01 00:00:00.000000084,57.098408,83,83
1970-01-01 00:00:00.000000085,57.60105,83,83
1970-01-01 00:00:00.000000086,57.291645,83,83
1970-01-01 00:00:00.000000087,56.87489,83,83
1970-01-01 00:00:00.000000085,59.189964,83,84
1970-01-01 00:00:00.000000086,59.276566,83,84
1970-01-01 00:00:00.000000087,59.747932,83,84
1970-01-01 00:00:00.000000088,59.454643,83,84
1970-01-01 00:00:00.000000086,61.2572,83,85
1970-01-01 00:00:00.000000087,61.418755,83,85
1970-01-01 00:00:00.000000088,61.567974,83,85
1970-01-01 00:00:00.000000089,61.488083,83,85
1970-01-01 00:00:00.000000087,62.74377,83,86
1970-01-01 00:00:00.000000088,62.74576,83,86
1970-01-01 00:00:00.000000089,63.012756,83,86
1970-01-01 00:00:00.000000090,62.982555,83,86
1970-01-01 00:00:00.000000088,64.242935,83,87
1970-01-01 00:00:00.000000089,64.425385,83,87
1970-01-01 00:00:00.000000090,64.7456,83,87
1970-01-01 00:00:00.000000091,64.55347,83,87
1970-01-01 00:00:00.000000089,65.20599,83,88
1970-01-01 00:00:00.000000090,65.44421,83,88
1970-01-01 00:00:00.000000091,65.56065,83,88
1970-01-01 00:00:00.000000092,65.34849,83,88
1970-01-01 00:00:00.000000090,63.83677,83,89
1970-01-01 00:00:00.000000091,64.08718,83,89
1970-01-01 00:00:00.000000092,63.79778,83,89
1970-01-01 00:00:00.000000093,63.493164,83,89
1970-01-01 00:00:00.000000091,63.045666,83,90
1970-01-01 00:00:00.000000092,63.199013,83,90
1970-01-01 00:00:00.000000093,63.154594,83,90
1970-01-01 00:00:00.000000094,63.03675,83,90
1970-01-01 00:00:00.000000092,61.47633,83,91
1970-01-01 00:00:00.000000093,61.71935,83,91
1970-01-01 00:00:00.000000094,61.56482,83,91
1970-01-01 00:00:00.000000095,61.236115,83,91
1970-01-01 00:00:00.000000093,60.127388,83,92
1970-01-01 00:00:00.000000094,60.389015,83,92
1970-01-01 00:00:00.000000095,60.27807,83,92
1970-01-01 00:00:00.000000096,60.00406,83,92
1970-01-01 00:00:00.000000094,59.38813,83,93
1970-01-01 00:00:00.000000095,59.593838,83,93
1970-01-01 00:00:00.000000096,59.414185,83,93
1970-01-01 00:00:00.000000097,59.159615,83,93
1970-01-01 00:00:00.000000095,60.139435,83,94
1970-01-01 00:00:00.000000096,60.228844,83,94
1970-01-01 00:00:00.000000097,60.32325,83,94
1970-01-01 00:00:00.000000098,60.388428,83,94
1970-01-01 00:00:00.000000096,61.07482,83,95
1970-01-01 00:00:00.000000097,61.129955,83,95
1970-01-01 00:00:00.000000098,61.442825,83,95
1970-01-01 00:00:00.000000099,61.311466,83,95
1970-01-01 00:00:00.000000097,59.70981,83,96
1970-01-01 00:00:00.000000098,60.159164,83,96
1970-01-01 00:00:00.000000099,60.133358,83,96
1970-01-01 00:00:00.000000100,59.863796,83,96
1970-01-01 00:00:00.000000098,56.87919,83,97
1970-01-01 00:00:00.000000099,57.162815,83,97
1970-01-01 00:00:00.000000100,56.883163,83,97
1970-01-01 00:00:00.000000101,56.538498,83,97
1970-01-01 00:00:00.000000099,61.28954,83,98
1970-01-01 00:00:00.000000100,61.361927,83,98
1970-01-01 00:00:00.000000101,62.286682,83,98
1970-01-01 00:00:00.000000102,61.94695,83,98
1970-01-01 00:00:00.000000100,61.058655,83,99
1970-01-01 00:00:00.000000101,61.267937,83,99
1970-01-01 00:00:00.000000102,61.13852,83,99
1970-01-01 00:00:00.000000103,60.928085,83,99
1970-01-01 00:00:00.000000101,63.817997,83,100
1970-01-01 00:00:00.000000102,63.810215,83,100
1970-01-01 00:00:00.000000103,64.191,83,100
1970-01-01 00:00:00.000000104,64.06825,83,100
1970-01-01 00:00:00.000000102,66.60788,83,101
1970-01-01 00:00:00.000000103,66.715675,83,101
1970-01-01 00:00:00.000000104,67.03125,83,101
1970-01-01 00:00:00.000000105,66.73369,83,101
1970-01-01 00:00:00.000000103,64.14548,83,102
1970-01-01 00:00:00.000000104,64.665,83,102
1970-01-01 00:00:00.000000105,64.055954,83,102
1970-01-01 00:00:00.000000106,63.686928,83,102
1970-01-01 00:00:00.000000104,62.251076,83,103
1970-01-01 00:00:00.000000105,62.334988,83,103
1970-01-01 00:00:00.000000106,62.25869,83,103
1970-01-01 00:00:00.000000107,62.210625,83,103
1970-01-01 00:00:00.000000105,65.199745,83,104
1970-01-01 00:00:00.000000106,65.298195,83,104
1970-01-01 00:00:00.000000107,65.97725,83,104
1970-01-01 00:00:00.000000108,65.73414,83,104
1970-01-01 00:00:00.000000106,65.33156,83,105
1970-01-01 00:00:00.000000107,65.60022,83,105
1970-01-01 00:00:00.000000108,65.62869,83,105
1970-01-01 00:00:00.000000109,65.455185,83,105
1970-01-01 00:00:00.000000107,66.67415,83,106
1970-01-01 00:00:00.000000108,66.708084,83,106
1970-01-01 00:00:00.000000109,66.92845,83,106
1970-01-01 00:00:00.000000110,66.76023,83,106
1970-01-01 00:00:00.000000108,67.36831,83,107
1970-01-01 00:00:00.000000109,67.53427,83,107
1970-01-01 00:00:00.000000110,67.570015,83,107
1970-01-01 00:00:00.000000111,67.393654,83,107
1970-01-01 00:00:00.000000109,66.101494,83,108
1970-01-01 00:00:00.000000110,66.31399,83,108
1970-01-01 00:00:00.000000111,66.02378,83,108
1970-01-01 00:00:00.000000112,65.70964,83,108
1970-01-01 00:00:00.000000110,67.64042,83,109
1970-01-01 00:00:00.000000111,67.74287,83,109
1970-01-01 00:00:00.000000112,67.94971,83,109
1970-01-01 00:00:00.000000113,67.74866,83,109
1970-01-01 00:00:00.000000111,62.85224,83,110
1970-01-01 00:00:00.000000112,63.566372,83,110
1970-01-01 00:00:00.000000113,62.335075,83,110
1970-01-01 00:00:00.000000114,61.51968,83,110
1970-01-01 00:00:00.000000112,60.10257,83,111
1970-01-01 00:00:00.000000113,60.31727,83,111
1970-01-01 00:00:00.000000114,60.16569,83,111
1970-01-01 00:00:00.000000115,60.13466,83,111
1970-01-01 00:00:00.000000113,57.376682,83,112
1970-01-01 00:00:00.000000114,57.637756,83,112
1970-01-01 00:00:00.000000115,57.59636,83,112
1970-01-01 00:00:00.000000116,57.274338,83,112
1970-01-01 00:00:00.000000114,57.249557,83,113
1970-01-01 00:00:00.000000115,57.564716,83,113
1970-01-01 00:00:00.000000116,57.8269,83,113
1970-01-01 00:00:00.000000117,57.583122,83,113
1970-01-01 00:00:00.000000115,56.59013,83,114
1970-01-01 00:00:00.000000116,56.892292,83,114
1970-01-01 00:00:00.000000117,56.72756,83,114
1970-01-01 00:00:00.000000118,56.48599,83,114
1970-01-01 00:00:00.000000116,58.314007,83,115
1970-01-01 00:00:00.000000117,58.339493,83,115
1970-01-01 00:00:00.000000118,58.67256,83,115
1970-01-01 00:00:00.000000119,58.575497,83,115
1970-01-01 00:00:00.000000117,59.073963,83,116
1970-01-01 00:00:00.000000118,59.259995,83,116
1970-01-01 00:00:00.000000119,59.372093,83,116
1970-01-01 00:00:00.000000120,59.173275,83,116
1970-01-01 00:00:00.000000118,55.69356,83,117
1970-01-01 00:00:00.000000119,56.345608,83,117
1970-01-01 00:00:00.000000120,55.74382,83,117
1970-01-01 00:00:00.000000121,55.147507,83,117
1970-01-01 00:00:00.000000119,56.749268,83,118
1970-01-01 00:00:00.000000120,56.82668,83,118
1970-01-01 00:00:00.000000121,57.141968,83,118
1970-01-01 00:00:00.000000122,56.920925,83,118
1970-01-01 00:00:00.000000120,61.799744,83,119
1970-01-01 00:00:00.000000121,61.98372,83,119
1970-01-01 00:00:00.000000122,62.509556,83,119
1970-01-01 00:00:00.000000123,62.33212,83,119
1970-01-01 00:00:00.000000121,57.630695,83,120
1970-01-01 00:00:00.000000122,58.248127,83,120
1970-01-01 00:00:00.000000123,57.511475,83,120
1970-01-01 00:00:00.000000124,56.873665,83,120
1970-01-01 00:00:00.000000122,57.86863,83,121
1970-01-01 00:00:00.000000123,58.07116,83,121
1970-01-01 00:00:00.000000124,58.361397,83,121
1970-01-01 00:00:00.000000125,58.116905,83,121
1970-01-01 00:00:00.000000123,61.036358,83,122
1970-01-01 00:00:00.000000124,61.213017,83,122
1970-01-01 00:00:00.000000125,61.48471,83,122
1970-01-01 00:00:00.000000126,61.29916,83,122
1970-01-01 00:00:00.000000124,61.587715,83,123
1970-01-01 00:00:00.000000125,61.7627,83,123
1970-01-01 00:00:00.000000126,61.68034,83,123
1970-01-01 00:00:00.000000127,61.51395,83,123
1970-01-01 00:00:00.000000125,58.922203,83,124
1970-01-01 00:00:00.000000126,59.388016,83,124
1970-01-01 00:00:00.000000127,58.880775,83,124
1970-01-01 00:00:00.000000128,58.63979,83,124
1970-01-01 00:00:00.000000126,56.489708,83,125
1970-01-01 00:00:00.000000127,56.73578,83,125
1970-01-01 00:00:00.000000128,56.620426,83,125
1970-01-01 00:00:00.000000129,56.414177,83,125
1970-01-01 00:00:00.000000127,49.26535,83,126
1970-01-01 00:00:00.000000128,50.6091,83,126
1970-01-01 00:00:00.000000129,49.83534,83,126
1970-01-01 00:00:00.000000130,48.98298,83,126
1970-01-01 00:00:00.000000128,43.881893,83,127
1970-01-01 00:00:00.000000129,44.540634,83,127
1970-01-01 00:00:00.000000130,44.055607,83,127
1970-01-01 00:00:00.000000131,43.461704,83,127
1970-01-01 00:00:00.000000129,49.54366,83,128
1970-01-01 00:00:00.000000130,49.838524,83,128
1970-01-01 00:00:00.000000131,50.713573,83,128
1970-01-01 00:00:00.000000132,50.91551,83,128
1970-01-01 00:00:00.000000130,51.878033,83,129
1970-01-01 00:00:00.000000131,51.954044,83,129
1970-01-01 00:00:00.000000132,52.33238,83,129
1970-01-01 00:00:00.000000133,52.273567,83,129
1970-01-01 00:00:00.000000131,53.12391,83,130
1970-01-01 00:00:00.000000132,53.397896,83,130
1970-01-01 00:00:00.000000133,53.693363,83,130
1970-01-01 00:00:00.000000134,53.59453,83,130
1970-01-01 00:00:00.000000132,52.413605,83,131
1970-01-01 00:00:00.000000133,52.66888,83,131
1970-01-01 00:00:00.000000134,52.598625,83,131
1970-01-01 00:00:00.000000135,52.446507,83,131
1970-01-01 00:00:00.000000133,56.89478,83,132
1970-01-01 00:00:00.000000134,57.135315,83,132
1970-01-01 00:00:00.000000135,57.909355,83,132
1970-01-01 00:00:00.000000136,57.58978,83,132
1970-01-01 00:00:00.000000134,53.79084,83,133
1970-01-01 00:00:00.000000135,54.41724,83,133
1970-01-01 00:00:00.000000136,53.743813,83,133
1970-01-01 00:00:00.000000137,53.35634,83,133
1970-01-01 00:00:00.000000135,56.794376,83,134
1970-01-01 00:00:00.000000136,56.853786,83,134
1970-01-01 00:00:00.000000137,57.395588,83,134
1970-01-01 00:00:00.000000138,57.26443,83,134
1970-01-01 00:00:00.000000136,58.4138,83,135
1970-01-01 00:00:00.000000137,58.5924,83,135
1970-01-01 00:00:00.000000138,58.791218,83,135
1970-01-01 00:00:00.000000139,58.68026,83,135
1970-01-01 00:00:00.000000137,54.869476,83,136
1970-01-01 00:00:00.000000138,55.464214,83,136
1970-01-01 00:00:00.000000139,54.826927,83,136
1970-01-01 00:00:00.000000140,54.380814,83,136
1970-01-01 00:00:00.000000138,56.99196,83,137
1970-01-01 00:00:00.000000139,57.157837,83,137
1970-01-01 00:00:00.000000140,57.614326,83,137
1970-01-01 00:00:00.000000141,57.699764,83,137
1970-01-01 00:00:00.000000139,57.14329,83,138
1970-01-01 00:00:00.000000140,57.270947,83,138
1970-01-01 00:00:00.000000141,57.4237,83,138
1970-01-01 00:00:00.000000142,57.310787,83,138
1970-01-01 00:00:00.000000140,60.252174,83,139
1970-01-01 00:00:00.000000141,60.60432,83,139
1970-01-01 00:00:00.000000142,61.27363,83,139
1970-01-01 00:00:00.000000143,61.02487,83,139
1970-01-01 00:00:00.000000141,56.55653,83,140
1970-01-01 00:00:00.000000142,57.237377,83,140
1970-01-01 00:00:00.000000143,56.548756,83,140
1970-01-01 00:00:00.000000144,56.049427,83,140
1970-01-01 00:00:00.000000142,58.788296,83,141
1970-01-01 00:00:00.000000143,58.86227,83,141
1970-01-01 00:00:00.000000144,59.40271,83,141
1970-01-01 00:00:00.000000145,59.241673,83,141
1970-01-01 00:00:00.000000143,59.21927,83,142
1970-01-01 00:00:00.000000144,59.419067,83,142
1970-01-01 00:00:00.000000145,59.460133,83,142
1970-01-01 00:00:00.000000146,59.348835,83,142
1970-01-01 00:00:00.000000144,59.8004,83,143
1970-01-01 00:00:00.000000145,59.9437,83,143
1970-01-01 00:00:00.000000146,60.090244,83,143
1970-01-01 00:00:00.000000147,59.90568,83,143
1970-01-01 00:00:00.000000145,58.835793,83,144
1970-01-01 00:00:00.000000146,59.124348,83,144
1970-01-01 00:00:00.000000147,58.93664,83,144
1970-01-01 00:00:00.000000148,58.68059,83,144
1970-01-01 00:00:00.000000146,59.568478,83,145
1970-01-01 00:00:00.000000147,59.66419,83,145
1970-01-01 00:00:00.000000148,59.729706,83,145
1970-01-01 00:00:00.000000149,59.680782,83,145
1970-01-01 00:00:00.000000147,63.41982,83,146
1970-01-01 00:00:00.000000148,63.42946,83,146
1970-01-01 00:00:00.000000149,64.06826,83,146
1970-01-01 00:00:00.000000150,64.06768,83,146
1970-01-01 00:00:00.000000148,63.784718,83,147
1970-01-01 00:00:00.000000149,63.97651,83,147
1970-01-01 00:00:00.000000150,64.09059,83,147
1970-01-01 00:00:00.000000151,63.920662,83,147
1970-01-01 00:00:00.000000149,64.9919,83,148
1970-01-01 00:00:00.000000150,65.17961,83,148
1970-01-01 00:00:00.000000151,65.39706,83,148
1970-01-01 00:00:00.000000152,65.25458,83,148
1970-01-01 00:00:00.000000150,63.079372,83,149
1970-01-01 00:00:00.000000151,63.337547,83,149
1970-01-01 00:00:00.000000152,63.0008,83,149
1970-01-01 00:00:00.000000153,62.704365,83,149
1970-01-01 00:00:00.000000151,63.944088,83,150
1970-01-01 00:00:00.000000152,64.07446,83,150
1970-01-01 00:00:00.000000153,64.27536,83,150
1970-01-01 00:00:00.000000154,64.10126,83,150
1970-01-01 00:00:00.000000152,63.447792,83,151
1970-01-01 00:00:00.000000153,63.63171,83,151
1970-01-01 00:00:00.000000154,63.511295,83,151
1970-01-01 00:00:00.000000155,63.305683,83,151
1970-01-01 00:00:00.000000153,64.680405,83,152
1970-01-01 00:00:00.000000154,64.838234,83,152
1970-01-01 00:00:00.000000155,64.9241,83,152
1970-01-01 00:00:00.000000156,64.703606,83,152
1970-01-01 00:00:00.000000154,65.240776,83,153
1970-01-01 00:00:00.000000155,65.45437,83,153
1970-01-01 00:00:00.000000156,65.41108,83,153
1970-01-01 00:00:00.000000157,65.2652,83,153
1970-01-01 00:00:00.000000155,66.96538,83,154
1970-01-01 00:00:00.000000156,67.06393,83,154
1970-01-01 00:00:00.000000157,67.26586,83,154
1970-01-01 00:00:00.000000158,67.16532,83,154
1970-01-01 00:00:00.000000156,67.145325,83,155
1970-01-01 00:00:00.000000157,67.35426,83,155
1970-01-01 00:00:00.000000158,67.38296,83,155
1970-01-01 00:00:00.000000159,67.22913,83,155
1970-01-01 00:00:00.000000157,67.8355,83,156
1970-01-01 00:00:00.000000158,68.01248,83,156
1970-01-01 00:00:00.000000159,68.14305,83,156
1970-01-01 00:00:00.000000160,67.98837,83,156
1970-01-01 00:00:00.000000158,68.229645,83,157
1970-01-01 00:00:00.000000159,68.422554,83,157
1970-01-01 00:00:00.000000160,68.41708,83,157
1970-01-01 00:00:00.000000161,68.25842,83,157
1970-01-01 00:00:00.000000159,69.20398,83,158
1970-01-01 00:00:00.000000160,69.37087,83,158
1970-01-01 00:00:00.000000161,69.46198,83,158
1970-01-01 00:00:00.000000162,69.295395,83,158
1970-01-01 00:00:00.000000160,67.48475,83,159
1970-01-01 00:00:00.000000161,67.783356,83,159
1970-01-01 00:00:00.000000162,67.46076,83,159
1970-01-01 00:00:00.000000163,67.11002,83,159
1970-01-01 00:00:00.000000161,68.82827,83,160
1970-01-01 00:00:00.000000162,68.995415,83,160
1970-01-01 00:00:00.000000163,69.1333,83,160
1970-01-01 00:00:00.000000164,68.93455,83,160
1970-01-01 00:00:00.000000162,69.480225,83,161
1970-01-01 00:00:00.000000163,69.63951,83,161
1970-01-01 00:00:00.000000164,69.60275,83,161
1970-01-01 00:00:00.000000165,69.33,83,161
1970-01-01 00:00:00.000000163,69.35853,83,162
1970-01-01 00:00:00.000000164,69.60652,83,162
1970-01-01 00:00:00.000000165,69.375084,83,162
1970-01-01 00:00:00.000000166,69.27347,83,162
1970-01-01 00:00:00.000000164,70.13167,83,163
1970-01-01 00:00:00.000000165,70.22291,83,163
1970-01-01 00:00:00.000000166,70.267006,83,163
1970-01-01 00:00:00.000000167,70.14617,83,163
1970-01-01 00:00:00.000000165,70.461006,83,164
1970-01-01 00:00:00.000000166,70.724464,83,164
1970-01-01 00:00:00.000000167,70.79869,83,164
1970-01-01 00:00:00.000000168,70.66529,83,164
1970-01-01 00:00:00.000000166,65.9554,83,165
1970-01-01 00:00:00.000000167,66.75751,83,165
1970-01-01 00:00:00.000000168,66.02041,83,165
1970-01-01 00:00:00.000000169,65.14964,83,165
1970-01-01 00:00:00.000000167,67.80161,83,166
1970-01-01 00:00:00.000000168,67.98871,83,166
1970-01-01 00:00:00.000000169,68.36409,83,166
1970-01-01 00:00:00.000000170,68.19409,83,166
1970-01-01 00:00:00.000000168,67.73673,83,167
1970-01-01 00:00:00.000000169,67.8815,83,167
1970-01-01 00:00:00.000000170,67.75451,83,167
1970-01-01 00:00:00.000000171,67.58038,83,167
1970-01-01 00:00:00.000000169,69.340034,83,168
1970-01-01 00:00:00.000000170,69.55541,83,168
1970-01-01 00:00:00.000000171,69.724075,83,168
1970-01-01 00:00:00.000000172,69.465065,83,168
1970-01-01 00:00:00.000000170,67.02695,83,169
1970-01-01 00:00:00.000000171,67.46623,83,169
1970-01-01 00:00:00.000000172,66.877975,83,169
1970-01-01 00:00:00.000000173,66.38749,83,169
1970-01-01 00:00:00.000000171,68.06614,83,170
1970-01-01 00:00:00.000000172,68.20777,83,170
1970-01-01 00:00:00.000000173,68.26108,83,170
1970-01-01 00:00:00.000000174,68.09598,83,170
1970-01-01 00:00:00.000000172,69.30746,83,171
1970-01-01 00:00:00.000000173,69.42742,83,171
1970-01-01 00:00:00.000000174,69.50962,83,171
1970-01-01 00:00:00.000000175,69.49819,83,171
1970-01-01 00:00:00.000000173,67.44756,83,172
1970-01-01 00:00:00.000000174,67.77373,83,172
1970-01-01 00:00:00.000000175,67.573296,83,172
1970-01-01 00:00:00.000000176,67.07396,83,172
1970-01-01 00:00:00.000000174,67.68716,83,173
1970-01-01 00:00:00.000000175,68.02541,83,173
1970-01-01 00:00:00.000000176,67.982086,83,173
1970-01-01 00:00:00.000000177,67.7786,83,173
1970-01-01 00:00:00.000000175,69.69499,83,174
1970-01-01 00:00:00.000000176,69.76435,83,174
1970-01-01 00:00:00.000000177,69.78028,83,174
1970-01-01 00:00:00.000000178,69.62478,83,174
1970-01-01 00:00:00.000000176,70.61494,83,175
1970-01-01 00:00:00.000000177,70.80715,83,175
1970-01-01 00:00:00.000000178,70.86036,83,175
1970-01-01 00:00:00.000000179,70.75279,83,175
1970-01-01 00:00:00.000000177,61.63102,83,176
1970-01-01 00:00:00.000000178,63.022236,83,176
1970-01-01 00:00:00.000000179,61.80849,83,176
1970-01-01 00:00:00.000000180,60.737553,83,176
1970-01-01 00:00:00.000000178,56.863403,83,177
1970-01-01 00:00:00.000000179,57.309498,83,177
1970-01-01 00:00:00.000000180,57.12691,83,177
1970-01-01 00:00:00.000000181,56.76454,83,177
1970-01-01 00:00:00.000000179,55.867588,83,178
1970-01-01 00:00:00.000000180,56.09702,83,178
1970-01-01 00:00:00.000000181,56.0207,83,178
1970-01-01 00:00:00.000000182,55.741615,83,178
1970-01-01 00:00:00.000000180,64.736565,83,179
1970-01-01 00:00:00.000000181,65.129616,83,179
1970-01-01 00:00:00.000000182,65.64346,83,179
1970-01-01 00:00:00.000000183,65.30634,83,179
1970-01-01 00:00:00.000000181,66.317345,83,180
1970-01-01 00:00:00.000000182,66.41689,83,180
1970-01-01 00:00:00.000000183,66.50964,83,180
1970-01-01 00:00:00.000000184,66.433784,83,180
1970-01-01 00:00:00.000000182,72.44187,83,181
1970-01-01 00:00:00.000000183,72.600204,83,181
1970-01-01 00:00:00.000000184,73.49334,83,181
1970-01-01 00:00:00.000000185,73.326225,83,181
1970-01-01 00:00:00.000000183,71.79675,83,182
1970-01-01 00:00:00.000000184,72.07398,83,182
1970-01-01 00:00:00.000000185,71.97887,83,182
1970-01-01 00:00:00.000000186,71.69699,83,182
1970-01-01 00:00:00.000000184,75.24128,83,183
1970-01-01 00:00:00.000000185,75.43628,83,183
1970-01-01 00:00:00.000000186,75.79805,83,183
1970-01-01 00:00:00.000000187,75.50592,83,183
1970-01-01 00:00:00.000000185,73.696556,83,184
1970-01-01 00:00:00.000000186,73.949165,83,184
1970-01-01 00:00:00.000000187,73.51532,83,184
1970-01-01 00:00:00.000000188,73.19167,83,184
1970-01-01 00:00:00.000000186,75.52419,83,185
1970-01-01 00:00:00.000000187,75.65145,83,185
1970-01-01 00:00:00.000000188,75.74888,83,185
1970-01-01 00:00:00.000000189,75.4559,83,185
1970-01-01 00:00:00.000000187,77.75777,83,186
1970-01-01 00:00:00.000000188,77.92901,83,186
1970-01-01 00:00:00.000000189,77.99024,83,186
1970-01-01 00:00:00.000000190,77.767166,83,186
1970-01-01 00:00:00.000000188,77.828896,83,187
1970-01-01 00:00:00.000000189,77.985794,83,187
1970-01-01 00:00:00.000000190,77.82498,83,187
1970-01-01 00:00:00.000000191,77.56742,83,187
1970-01-01 00:00:00.000000189,76.78662,83,188
1970-01-01 00:00:00.000000190,77.07697,83,188
1970-01-01 00:00:00.000000191,76.704475,83,188
1970-01-01 00:00:00.000000192,76.48933,83,188
1970-01-01 00:00:00.000000190,76.20319,83,189
1970-01-01 00:00:00.000000191,76.35923,83,189
1970-01-01 00:00:00.000000192,76.145905,83,189
1970-01-01 00:00:00.000000193,75.89385,83,189
1970-01-01 00:00:00.000000191,77.14941,83,190
1970-01-01 00:00:00.000000192,77.38972,83,190
1970-01-01 00:00:00.000000193,77.37908,83,190
1970-01-01 00:00:00.000000194,77.36537,83,190
1970-01-01 00:00:00.000000192,75.10227,83,191
1970-01-01 00:00:00.000000193,75.412186,83,191
1970-01-01 00:00:00.000000194,75.18083,83,191
1970-01-01 00:00:00.000000195,74.74516,83,191
1970-01-01 00:00:00.000000193,72.00209,83,192
1970-01-01 00:00:00.000000194,72.666855,83,192
1970-01-01 00:00:00.000000195,72.27136,83,192
1970-01-01 00:00:00.000000196,71.69392,83,192
1970-01-01 00:00:00.000000194,69.022064,83,193
1970-01-01 00:00:00.000000195,69.46209,83,193
1970-01-01 00:00:00.000000196,68.697296,83,193
1970-01-01 00:00:00.000000197,68.24085,83,193
1970-01-01 00:00:00.000000195,73.076904,83,194
1970-01-01 00:00:00.000000196,73.138054,83,194
1970-01-01 00:00:00.000000197,73.39654,83,194
1970-01-01 00:00:00.000000198,73.15963,83,194
1970-01-01 00:00:00.000000196,72.19559,83,195
1970-01-01 00:00:00.000000197,72.47557,83,195
1970-01-01 00:00:00.000000198,72.17393,83,195
1970-01-01 00:00:00.000000199,71.85426,83,195
1970-01-01 00:00:00.000000197,70.4108,83,196
1970-01-01 00:00:00.000000198,70.877686,83,196
1970-01-01 00:00:00.000000199,70.36192,83,196
1970-01-01 00:00:00.000000200,69.98967,83,196
1970-01-01 00:00:00.000000198,72.10175,83,197
1970-01-01 00:00:00.000000199,72.25105,83,197
1970-01-01 00:00:00.000000200,72.34054,83,197
1970-01-01 00:00:00.000000201,72.28287,83,197
1970-01-01 00:00:00.000000199,74.73503,83,198
1970-01-01 00:00:00.000000200,74.93537,83,198
1970-01-01 00:00:00.000000201,75.23576,83,198
1970-01-01 00:00:00.000000202,74.936035,83,198
1970-01-01 00:00:00.000000200,73.12699,83,199
1970-01-01 00:00:00.000000201,73.65787,83,199
1970-01-01 00:00:00.000000202,73.275536,83,199
1970-01-01 00:00:00.000000203,72.96165,83,199
1970-01-01 00:00:00.000000201,74.5217,83,200
1970-01-01 00:00:00.000000202,74.65887,83,200
1970-01-01 00:00:00.000000203,74.76391,83,200
1970-01-01 00:00:00.000000204,74.53773,83,200
1970-01-01 00:00:00.000000202,76.35433,83,201
1970-01-01 00:00:00.000000203,76.64389,83,201
1970-01-01 00:00:00.000000204,76.712425,83,201
1970-01-01 00:00:00.000000205,76.4537,83,201
1970-01-01 00:00:00.000000203,71.99386,83,202
1970-01-01 00:00:00.000000204,72.75755,83,202
1970-01-01 00:00:00.000000205,71.6717,83,202
1970-01-01 00:00:00.000000206,70.91003,83,202
1970-01-01 00:00:00.000000204,74.067635,83,203
1970-01-01 00:00:00.000000205,74.31888,83,203
1970-01-01 00:00:00.000000206,74.48669,83,203
1970-01-01 00:00:00.000000207,74.19552,83,203
1970-01-01 00:00:00.000000205,73.76539,83,204
1970-01-01 00:00:00.000000206,74.008156,83,204
1970-01-01 00:00:00.000000207,73.80295,83,204
1970-01-01 00:00:00.000000208,73.535995,83,204
1970-01-01 00:00:00.000000206,74.2875,83,205
1970-01-01 00:00:00.000000207,74.52227,83,205
1970-01-01 00:00:00.000000208,74.446686,83,205
1970-01-01 00:00:00.000000209,74.23729,83,205
1970-01-01 00:00:00.000000207,72.64669,83,206
1970-01-01 00:00:00.000000208,73.03021,83,206
1970-01-01 00:00:00.000000209,72.55531,83,206
1970-01-01 00:00:00.000000210,72.33834,83,206
1970-01-01 00:00:00.000000208,74.719345,83,207
1970-01-01 00:00:00.000000209,74.858795,83,207
1970-01-01 00:00:00.000000210,75.11616,83,207
1970-01-01 00:00:00.000000211,74.93625,83,207
1970-01-01 00:00:00.000000209,75.71651,83,208
1970-01-01 00:00:00.000000210,75.99573,83,208
1970-01-01 00:00:00.000000211,76.061035,83,208
1970-01-01 00:00:00.000000212,75.84569,83,208
1970-01-01 00:00:00.000000210,74.79831,83,209
1970-01-01 00:00:00.000000211,75.13259,83,209
1970-01-01 00:00:00.000000212,74.86674,83,209
1970-01-01 00:00:00.000000213,74.48971,83,209
1970-01-01 00:00:00.000000211,75.14576,83,210
1970-01-01 00:00:00.000000212,75.35292,83,210
1970-01-01 00:00:00.000000213,75.234535,83,210
1970-01-01 00:00:00.000000214,75.03284,83,210
1970-01-01 00:00:00.000000212,78.61674,83,211
1970-01-01 00:00:00.000000213,78.7768,83,211
1970-01-01 00:00:00.000000214,78.82962,83,211
1970-01-01 00:00:00.000000215,78.525986,83,211
1970-01-01 00:00:00.000000213,79.04587,83,212
1970-01-01 00:00:00.000000214,79.28101,83,212
1970-01-01 00:00:00.000000215,79.161705,83,212
1970-01-01 00:00:00.000000216,78.89204,83,212
1970-01-01 00:00:00.000000214,76.39398,83,213
1970-01-01 00:00:00.000000215,76.96563,83,213
1970-01-01 00:00:00.000000216,76.06571,83,213
1970-01-01 00:00:00.000000217,75.23507,83,213
1970-01-01 00:00:00.000000215,78.03967,83,214
1970-01-01 00:00:00.000000216,78.36251,83,214
1970-01-01 00:00:00.000000217,77.93854,83,214
1970-01-01 00:00:00.000000218,77.84255,83,214
1970-01-01 00:00:00.000000216,80.69339,83,215
1970-01-01 00:00:00.000000217,80.65148,83,215
1970-01-01 00:00:00.000000218,80.68278,83,215
1970-01-01 00:00:00.000000219,80.550385,83,215
1970-01-01 00:00:00.000000217,79.2945,83,216
1970-01-01 00:00:00.000000218,79.79755,83,216
1970-01-01 00:00:00.000000219,79.63059,83,216
1970-01-01 00:00:00.000000220,79.41806,83,216
1970-01-01 00:00:00.000000218,77.66496,83,217
1970-01-01 00:00:00.000000219,78.132866,83,217
1970-01-01 00:00:00.000000220,77.99294,83,217
1970-01-01 00:00:00.000000221,77.53275,83,217
1970-01-01 00:00:00.000000219,76.8492,83,218
1970-01-01 00:00:00.000000220,77.23092,83,218
1970-01-01 00:00:00.000000221,77.115364,83,218
1970-01-01 00:00:00.000000222,76.82657,83,218
1970-01-01 00:00:00.000000220,69.85977,83,219
1970-01-01 00:00:00.000000221,70.8735,83,219
1970-01-01 00:00:00.000000222,69.05152,83,219
1970-01-01 00:00:00.000000223,67.94141,83,219
1970-01-01 00:00:00.000000221,72.04462,83,220
1970-01-01 00:00:00.000000222,72.420715,83,220
1970-01-01 00:00:00.000000223,72.54939,83,220
1970-01-01 00:00:00.000000224,72.20551,83,220
1970-01-01 00:00:00.000000222,70.222855,83,221
1970-01-01 00:00:00.000000223,70.733925,83,221
1970-01-01 00:00:00.000000224,70.23476,83,221
1970-01-01 00:00:00.000000225,69.70382,83,221
1970-01-01 00:00:00.000000223,69.27467,83,222
1970-01-01 00:00:00.000000224,69.617805,83,222
1970-01-01 00:00:00.000000225,69.37195,83,222
1970-01-01 00:00:00.000000226,69.08551,83,222
1970-01-01 00:00:00.000000224,71.255325,83,223
1970-01-01 00:00:00.000000225,71.45624,83,223
1970-01-01 00:00:00.000000226,71.469536,83,223
1970-01-01 00:00:00.000000227,71.333206,83,223
1970-01-01 00:00:00.000000225,78.375595,83,224
1970-01-01 00:00:00.000000226,78.59274,83,224
1970-01-01 00:00:00.000000227,79.23321,83,224
1970-01-01 00:00:00.000000228,78.72214,83,224
1970-01-01 00:00:00.000000226,80.14858,83,225
1970-01-01 00:00:00.000000227,80.51118,83,225
1970-01-01 00:00:00.000000228,80.5215,83,225
1970-01-01 00:00:00.000000229,80.25248,83,225
1970-01-01 00:00:00.000000227,81.72138,83,226
1970-01-01 00:00:00.000000228,81.92915,83,226
1970-01-01 00:00:00.000000229,81.94805,83,226
1970-01-01 00:00:00.000000230,81.67294,83,226
1970-01-01 00:00:00.000000228,81.24565,83,227
1970-01-01 00:00:00.000000229,81.51937,83,227
1970-01-01 00:00:00.000000230,81.27268,83,227
1970-01-01 00:00:00.000000231,81.01078,83,227
1970-01-01 00:00:00.000000229,82.82826,83,228
1970-01-01 00:00:00.000000230,83.012634,83,228
1970-01-01 00:00:00.000000231,83.002426,83,228
1970-01-01 00:00:00.000000232,82.635574,83,228
1970-01-01 00:00:00.000000230,84.57123,83,229
1970-01-01 00:00:00.000000231,84.83551,83,229
1970-01-01 00:00:00.000000232,84.66223,83,229
1970-01-01 00:00:00.000000233,84.40063,83,229
1970-01-01 00:00:00.000000231,84.88471,83,230
1970-01-01 00:00:00.000000232,85.05057,83,230
1970-01-01 00:00:00.000000233,84.84113,83,230
1970-01-01 00:00:00.000000234,84.649864,83,230
1970-01-01 00:00:00.000000232,86.11207,83,231
1970-01-01 00:00:00.000000233,86.34516,83,231
1970-01-01 00:00:00.000000234,86.352974,83,231
1970-01-01 00:00:00.000000235,86.20961,83,231
1970-01-01 00:00:00.000000233,84.17946,83,232
1970-01-01 00:00:00.000000234,84.61466,83,232
1970-01-01 00:00:00.000000235,84.16788,83,232
1970-01-01 00:00:00.000000236,83.66734,83,232
1970-01-01 00:00:00.000000234,86.74784,83,233
1970-01-01 00:00:00.000000235,87.106445,83,233
1970-01-01 00:00:00.000000236,87.16052,83,233
1970-01-01 00:00:00.000000237,86.767166,83,233
1970-01-01 00:00:00.000000235,85.03384,83,234
1970-01-01 00:00:00.000000236,85.388596,83,234
1970-01-01 00:00:00.000000237,84.70154,83,234
1970-01-01 00:00:00.000000238,84.26083,83,234
1970-01-01 00:00:00.000000009,125.58082,84,8
1970-01-01 00:00:00.000000010,126.04979,84,8
1970-01-01 00:00:00.000000011,125.95476,84,8
1970-01-01 00:00:00.000000012,125.718506,84,8
1970-01-01 00:00:00.000000010,122.838394,84,9
1970-01-01 00:00:00.000000011,123.4677,84,9
1970-01-01 00:00:00.000000012,123.07637,84,9
1970-01-01 00:00:00.000000013,122.956955,84,9
1970-01-01 00:00:00.000000011,125.662476,84,10
1970-01-01 00:00:00.000000012,125.93505,84,10
1970-01-01 00:00:00.000000013,126.593056,84,10
1970-01-01 00:00:00.000000014,126.86757,84,10
1970-01-01 00:00:00.000000012,124.56798,84,11
1970-01-01 00:00:00.000000013,125.01439,84,11
1970-01-01 00:00:00.000000014,125.05137,84,11
1970-01-01 00:00:00.000000015,124.91673,84,11
1970-01-01 00:00:00.000000013,124.4787,84,12
1970-01-01 00:00:00.000000014,124.96585,84,12
1970-01-01 00:00:00.000000015,125.05315,84,12
1970-01-01 00:00:00.000000016,124.941025,84,12
1970-01-01 00:00:00.000000014,122.55636,84,13
1970-01-01 00:00:00.000000015,122.99936,84,13
1970-01-01 00:00:00.000000016,122.83159,84,13
1970-01-01 00:00:00.000000017,122.64964,84,13
1970-01-01 00:00:00.000000015,122.98575,84,14
1970-01-01 00:00:00.000000016,123.33973,84,14
1970-01-01 00:00:00.000000017,123.43577,84,14
1970-01-01 00:00:00.000000018,123.44769,84,14
1970-01-01 00:00:00.000000016,121.32755,84,15
1970-01-01 00:00:00.000000017,121.71203,84,15
1970-01-01 00:00:00.000000018,121.65534,84,15
1970-01-01 00:00:00.000000019,121.51247,84,15
1970-01-01 00:00:00.000000017,120.47702,84,16
1970-01-01 00:00:00.000000018,120.89483,84,16
1970-01-01 00:00:00.000000019,120.89242,84,16
1970-01-01 00:00:00.000000020,120.822426,84,16
1970-01-01 00:00:00.000000018,115.56739,84,17
1970-01-01 00:00:00.000000019,116.41196,84,17
1970-01-01 00:00:00.000000020,115.94707,84,17
1970-01-01 00:00:00.000000021,115.54369,84,17
1970-01-01 00:00:00.000000019,117.18731,84,18
1970-01-01 00:00:00.000000020,117.63506,84,18
1970-01-01 00:00:00.000000021,117.921135,84,18
1970-01-01 00:00:00.000000022,118.01378,84,18
1970-01-01 00:00:00.000000020,115.912926,84,19
1970-01-01 00:00:00.000000021,116.28273,84,19
1970-01-01 00:00:00.000000022,116.20546,84,19
1970-01-01 00:00:00.000000023,116.218445,84,19
1970-01-01 00:00:00.000000021,115.5151,84,20
1970-01-01 00:00:00.000000022,115.93237,84,20
1970-01-01 00:00:00.000000023,116.0709,84,20
1970-01-01 00:00:00.000000024,116.0221,84,20
1970-01-01 00:00:00.000000022,112.847984,84,21
1970-01-01 00:00:00.000000023,113.53067,84,21
1970-01-01 00:00:00.000000024,113.50379,84,21
1970-01-01 00:00:00.000000025,113.43644,84,21
1970-01-01 00:00:00.000000023,109.62567,84,22
1970-01-01 00:00:00.000000024,110.212395,84,22
1970-01-01 00:00:00.000000025,110.135765,84,22
1970-01-01 00:00:00.000000026,109.89988,84,22
1970-01-01 00:00:00.000000024,109.832954,84,23
1970-01-01 00:00:00.000000025,110.28875,84,23
1970-01-01 00:00:00.000000026,110.39492,84,23
1970-01-01 00:00:00.000000027,110.38089,84,23
1970-01-01 00:00:00.000000025,109.835175,84,24
1970-01-01 00:00:00.000000026,110.183586,84,24
1970-01-01 00:00:00.000000027,110.24784,84,24
1970-01-01 00:00:00.000000028,110.1671,84,24
1970-01-01 00:00:00.000000026,110.329185,84,25
1970-01-01 00:00:00.000000027,110.73024,84,25
1970-01-01 00:00:00.000000028,110.901436,84,25
1970-01-01 00:00:00.000000029,110.89444,84,25
1970-01-01 00:00:00.000000027,106.62181,84,26
1970-01-01 00:00:00.000000028,107.34745,84,26
1970-01-01 00:00:00.000000029,107.037575,84,26
1970-01-01 00:00:00.000000030,106.795166,84,26
1970-01-01 00:00:00.000000028,107.67442,84,27
1970-01-01 00:00:00.000000029,108.03651,84,27
1970-01-01 00:00:00.000000030,108.338936,84,27
1970-01-01 00:00:00.000000031,108.54567,84,27
1970-01-01 00:00:00.000000029,105.826454,84,28
1970-01-01 00:00:00.000000030,106.229294,84,28
1970-01-01 00:00:00.000000031,106.281654,84,28
1970-01-01 00:00:00.000000032,106.26899,84,28
1970-01-01 00:00:00.000000030,106.19888,84,29
1970-01-01 00:00:00.000000031,106.65009,84,29
1970-01-01 00:00:00.000000032,106.934265,84,29
1970-01-01 00:00:00.000000033,106.939575,84,29
1970-01-01 00:00:00.000000031,104.560394,84,30
1970-01-01 00:00:00.000000032,105.076675,84,30
1970-01-01 00:00:00.000000033,105.04931,84,30
1970-01-01 00:00:00.000000034,104.91401,84,30
1970-01-01 00:00:00.000000032,105.188,84,31
1970-01-01 00:00:00.000000033,105.534584,84,31
1970-01-01 00:00:00.000000034,105.78868,84,31
1970-01-01 00:00:00.000000035,105.838974,84,31
1970-01-01 00:00:00.000000033,104.76859,84,32
1970-01-01 00:00:00.000000034,105.18698,84,32
1970-01-01 00:00:00.000000035,105.18937,84,32
1970-01-01 00:00:00.000000036,105.05938,84,32
1970-01-01 00:00:00.000000034,101.98004,84,33
1970-01-01 00:00:00.000000035,102.53544,84,33
1970-01-01 00:00:00.000000036,102.33583,84,33
1970-01-01 00:00:00.000000037,102.32523,84,33
1970-01-01 00:00:00.000000035,100.76988,84,34
1970-01-01 00:00:00.000000036,101.147896,84,34
1970-01-01 00:00:00.000000037,101.16165,84,34
1970-01-01 00:00:00.000000038,101.02069,84,34
1970-01-01 00:00:00.000000036,100.12572,84,35
1970-01-01 00:00:00.000000037,100.63782,84,35
1970-01-01 00:00:00.000000038,100.61553,84,35
1970-01-01 00:00:00.000000039,100.60117,84,35
1970-01-01 00:00:00.000000037,97.308754,84,36
1970-01-01 00:00:00.000000038,97.77948,84,36
1970-01-01 00:00:00.000000039,97.70936,84,36
1970-01-01 00:00:00.000000040,97.85511,84,36
1970-01-01 00:00:00.000000038,98.93502,84,37
1970-01-01 00:00:00.000000039,99.332275,84,37
1970-01-01 00:00:00.000000040,100.00382,84,37
1970-01-01 00:00:00.000000041,100.176216,84,37
1970-01-01 00:00:00.000000039,96.50853,84,38
1970-01-01 00:00:00.000000040,97.41887,84,38
1970-01-01 00:00:00.000000041,97.3509,84,38
1970-01-01 00:00:00.000000042,97.18247,84,38
1970-01-01 00:00:00.000000040,95.747986,84,39
1970-01-01 00:00:00.000000041,96.13007,84,39
1970-01-01 00:00:00.000000042,96.18512,84,39
1970-01-01 00:00:00.000000043,96.19429,84,39
1970-01-01 00:00:00.000000041,96.430664,84,40
1970-01-01 00:00:00.000000042,96.7383,84,40
1970-01-01 00:00:00.000000043,97.02544,84,40
1970-01-01 00:00:00.000000044,97.04785,84,40
1970-01-01 00:00:00.000000042,95.51568,84,41
1970-01-01 00:00:00.000000043,96.0127,84,41
1970-01-01 00:00:00.000000044,95.97429,84,41
1970-01-01 00:00:00.000000045,95.977425,84,41
1970-01-01 00:00:00.000000043,93.81875,84,42
1970-01-01 00:00:00.000000044,94.238716,84,42
1970-01-01 00:00:00.000000045,94.26226,84,42
1970-01-01 00:00:00.000000046,94.17546,84,42
1970-01-01 00:00:00.000000044,94.68129,84,43
1970-01-01 00:00:00.000000045,95.08611,84,43
1970-01-01 00:00:00.000000046,95.41145,84,43
1970-01-01 00:00:00.000000047,95.50323,84,43
1970-01-01 00:00:00.000000045,90.56984,84,44
1970-01-01 00:00:00.000000046,91.47433,84,44
1970-01-01 00:00:00.000000047,91.20594,84,44
1970-01-01 00:00:00.000000048,91.32736,84,44
1970-01-01 00:00:00.000000046,92.95043,84,45
1970-01-01 00:00:00.000000047,93.3286,84,45
1970-01-01 00:00:00.000000048,94.18292,84,45
1970-01-01 00:00:00.000000049,94.600395,84,45
1970-01-01 00:00:00.000000047,93.59391,84,46
1970-01-01 00:00:00.000000048,94.073235,84,46
1970-01-01 00:00:00.000000049,94.221695,84,46
1970-01-01 00:00:00.000000050,94.16718,84,46
1970-01-01 00:00:00.000000048,93.42971,84,47
1970-01-01 00:00:00.000000049,93.796936,84,47
1970-01-01 00:00:00.000000050,93.95444,84,47
1970-01-01 00:00:00.000000051,93.96254,84,47
1970-01-01 00:00:00.000000049,94.87689,84,48
1970-01-01 00:00:00.000000050,95.16021,84,48
1970-01-01 00:00:00.000000051,95.55654,84,48
1970-01-01 00:00:00.000000052,95.67963,84,48
1970-01-01 00:00:00.000000050,94.183205,84,49
1970-01-01 00:00:00.000000051,94.6505,84,49
1970-01-01 00:00:00.000000052,94.65005,84,49
1970-01-01 00:00:00.000000053,94.691185,84,49
1970-01-01 00:00:00.000000051,94.21564,84,50
1970-01-01 00:00:00.000000052,94.48047,84,50
1970-01-01 00:00:00.000000053,94.720474,84,50
1970-01-01 00:00:00.000000054,94.67758,84,50
1970-01-01 00:00:00.000000052,94.1019,84,51
1970-01-01 00:00:00.000000053,94.58444,84,51
1970-01-01 00:00:00.000000054,94.58367,84,51
1970-01-01 00:00:00.000000055,94.56661,84,51
1970-01-01 00:00:00.000000053,93.789276,84,52
1970-01-01 00:00:00.000000054,94.11177,84,52
1970-01-01 00:00:00.000000055,94.149055,84,52
1970-01-01 00:00:00.000000056,94.165436,84,52
1970-01-01 00:00:00.000000054,96.00206,84,53
1970-01-01 00:00:00.000000055,96.428535,84,53
1970-01-01 00:00:00.000000056,97.016624,84,53
1970-01-01 00:00:00.000000057,97.31626,84,53
1970-01-01 00:00:00.000000055,88.77951,84,54
1970-01-01 00:00:00.000000056,90.28916,84,54
1970-01-01 00:00:00.000000057,90.27387,84,54
1970-01-01 00:00:00.000000058,90.793564,84,54
1970-01-01 00:00:00.000000056,90.89409,84,55
1970-01-01 00:00:00.000000057,91.27184,84,55
1970-01-01 00:00:00.000000058,92.399,84,55
1970-01-01 00:00:00.000000059,92.672424,84,55
1970-01-01 00:00:00.000000057,91.38998,84,56
1970-01-01 00:00:00.000000058,91.97291,84,56
1970-01-01 00:00:00.000000059,92.04223,84,56
1970-01-01 00:00:00.000000060,92.03536,84,56
1970-01-01 00:00:00.000000058,88.93096,84,57
1970-01-01 00:00:00.000000059,89.34829,84,57
1970-01-01 00:00:00.000000060,89.44137,84,57
1970-01-01 00:00:00.000000061,89.44468,84,57
1970-01-01 00:00:00.000000059,92.8667,84,58
1970-01-01 00:00:00.000000060,93.40915,84,58
1970-01-01 00:00:00.000000061,94.6433,84,58
1970-01-01 00:00:00.000000062,94.999435,84,58
1970-01-01 00:00:00.000000060,94.86085,84,59
1970-01-01 00:00:00.000000061,95.209305,84,59
1970-01-01 00:00:00.000000062,95.30914,84,59
1970-01-01 00:00:00.000000063,95.29771,84,59
1970-01-01 00:00:00.000000061,96.94091,84,60
1970-01-01 00:00:00.000000062,97.151825,84,60
1970-01-01 00:00:00.000000063,97.72237,84,60
1970-01-01 00:00:00.000000064,97.9584,84,60
1970-01-01 00:00:00.000000062,99.72047,84,61
1970-01-01 00:00:00.000000063,99.97433,84,61
1970-01-01 00:00:00.000000064,100.47184,84,61
1970-01-01 00:00:00.000000065,100.6386,84,61
1970-01-01 00:00:00.000000063,100.02613,84,62
1970-01-01 00:00:00.000000064,100.36491,84,62
1970-01-01 00:00:00.000000065,100.45435,84,62
1970-01-01 00:00:00.000000066,100.54483,84,62
1970-01-01 00:00:00.000000064,100.97872,84,63
1970-01-01 00:00:00.000000065,101.10671,84,63
1970-01-01 00:00:00.000000066,101.61457,84,63
1970-01-01 00:00:00.000000067,101.79321,84,63
1970-01-01 00:00:00.000000065,103.84535,84,64
1970-01-01 00:00:00.000000066,104.20823,84,64
1970-01-01 00:00:00.000000067,104.99989,84,64
1970-01-01 00:00:00.000000068,105.20272,84,64
1970-01-01 00:00:00.000000066,103.74362,84,65
1970-01-01 00:00:00.000000067,104.1397,84,65
1970-01-01 00:00:00.000000068,104.20432,84,65
1970-01-01 00:00:00.000000069,104.13277,84,65
1970-01-01 00:00:00.000000067,104.60367,84,66
1970-01-01 00:00:00.000000068,104.76659,84,66
1970-01-01 00:00:00.000000069,105.17894,84,66
1970-01-01 00:00:00.000000070,105.326614,84,66
1970-01-01 00:00:00.000000068,107.72163,84,67
1970-01-01 00:00:00.000000069,107.9166,84,67
1970-01-01 00:00:00.000000070,108.620255,84,67
1970-01-01 00:00:00.000000071,108.88495,84,67
1970-01-01 00:00:00.000000069,108.49431,84,68
1970-01-01 00:00:00.000000070,108.803734,84,68
1970-01-01 00:00:00.000000071,108.9477,84,68
1970-01-01 00:00:00.000000072,108.89468,84,68
1970-01-01 00:00:00.000000070,108.2638,84,69
1970-01-01 00:00:00.000000071,108.61163,84,69
1970-01-01 00:00:00.000000072,108.71393,84,69
1970-01-01 00:00:00.000000073,108.66321,84,69
1970-01-01 00:00:00.000000071,109.73423,84,70
1970-01-01 00:00:00.000000072,109.924515,84,70
1970-01-01 00:00:00.000000073,110.368835,84,70
1970-01-01 00:00:00.000000074,110.631424,84,70
1970-01-01 00:00:00.000000072,112.32706,84,71
1970-01-01 00:00:00.000000073,112.501305,84,71
1970-01-01 00:00:00.000000074,113.21395,84,71
1970-01-01 00:00:00.000000075,113.44498,84,71
1970-01-01 00:00:00.000000073,112.575714,84,72
1970-01-01 00:00:00.000000074,112.9734,84,72
1970-01-01 00:00:00.000000075,113.157135,84,72
1970-01-01 00:00:00.000000076,113.073,84,72
1970-01-01 00:00:00.000000074,113.958466,84,73
1970-01-01 00:00:00.000000075,114.19667,84,73
1970-01-01 00:00:00.000000076,114.65552,84,73
1970-01-01 00:00:00.000000077,114.79609,84,73
1970-01-01 00:00:00.000000075,116.50104,84,74
1970-01-01 00:00:00.000000076,116.668526,84,74
1970-01-01 00:00:00.000000077,117.273384,84,74
1970-01-01 00:00:00.000000078,117.44364,84,74
1970-01-01 00:00:00.000000076,117.130104,84,75
1970-01-01 00:00:00.000000077,117.44578,84,75
1970-01-01 00:00:00.000000078,117.62105,84,75
1970-01-01 00:00:00.000000079,117.550964,84,75
1970-01-01 00:00:00.000000077,114.45152,84,76
1970-01-01 00:00:00.000000078,114.9388,84,76
1970-01-01 00:00:00.000000079,114.76992,84,76
1970-01-01 00:00:00.000000080,114.60551,84,76
1970-01-01 00:00:00.000000078,117.51471,84,77
1970-01-01 00:00:00.000000079,117.78274,84,77
1970-01-01 00:00:00.000000080,118.50694,84,77
1970-01-01 00:00:00.000000081,118.74633,84,77
1970-01-01 00:00:00.000000079,120.40314,84,78
1970-01-01 00:00:00.000000080,120.60658,84,78
1970-01-01 00:00:00.000000081,121.109344,84,78
1970-01-01 00:00:00.000000082,121.25082,84,78
1970-01-01 00:00:00.000000080,119.839676,84,79
1970-01-01 00:00:00.000000081,120.1899,84,79
1970-01-01 00:00:00.000000082,120.233475,84,79
1970-01-01 00:00:00.000000083,120.2014,84,79
1970-01-01 00:00:00.000000081,118.065994,84,80
1970-01-01 00:00:00.000000082,118.447395,84,80
1970-01-01 00:00:00.000000083,118.473656,84,80
1970-01-01 00:00:00.000000084,118.38053,84,80
1970-01-01 00:00:00.000000082,120.91362,84,81
1970-01-01 00:00:00.000000083,121.26575,84,81
1970-01-01 00:00:00.000000084,122.056175,84,81
1970-01-01 00:00:00.000000085,122.3056,84,81
1970-01-01 00:00:00.000000083,122.2349,84,82
1970-01-01 00:00:00.000000084,122.5465,84,82
1970-01-01 00:00:00.000000085,122.7167,84,82
1970-01-01 00:00:00.000000086,122.669754,84,82
1970-01-01 00:00:00.000000084,118.20198,84,83
1970-01-01 00:00:00.000000085,118.97061,84,83
1970-01-01 00:00:00.000000086,118.81441,84,83
1970-01-01 00:00:00.000000087,118.75215,84,83
1970-01-01 00:00:00.000000085,116.621056,84,84
1970-01-01 00:00:00.000000086,116.88189,84,84
1970-01-01 00:00:00.000000087,116.97249,84,84
1970-01-01 00:00:00.000000088,116.89049,84,84
1970-01-01 00:00:00.000000086,119.06785,84,85
1970-01-01 00:00:00.000000087,119.4626,84,85
1970-01-01 00:00:00.000000088,120.14352,84,85
1970-01-01 00:00:00.000000089,120.303345,84,85
1970-01-01 00:00:00.000000087,120.19967,84,86
1970-01-01 00:00:00.000000088,120.50289,84,86
1970-01-01 00:00:00.000000089,120.65475,84,86
1970-01-01 00:00:00.000000090,120.54845,84,86
1970-01-01 00:00:00.000000088,120.82328,84,87
1970-01-01 00:00:00.000000089,121.16926,84,87
1970-01-01 00:00:00.000000090,121.312965,84,87
1970-01-01 00:00:00.000000091,121.31823,84,87
1970-01-01 00:00:00.000000089,122.109215,84,88
1970-01-01 00:00:00.000000090,122.3164,84,88
1970-01-01 00:00:00.000000091,122.639854,84,88
1970-01-01 00:00:00.000000092,122.771065,84,88
1970-01-01 00:00:00.000000090,122.21468,84,89
1970-01-01 00:00:00.000000091,122.52767,84,89
1970-01-01 00:00:00.000000092,122.72156,84,89
1970-01-01 00:00:00.000000093,122.69104,84,89
1970-01-01 00:00:00.000000091,122.17734,84,90
1970-01-01 00:00:00.000000092,122.57007,84,90
1970-01-01 00:00:00.000000093,122.71755,84,90
1970-01-01 00:00:00.000000094,122.65545,84,90
1970-01-01 00:00:00.000000092,123.92776,84,91
1970-01-01 00:00:00.000000093,124.18759,84,91
1970-01-01 00:00:00.000000094,124.66099,84,91
1970-01-01 00:00:00.000000095,124.76368,84,91
1970-01-01 00:00:00.000000093,122.41809,84,92
1970-01-01 00:00:00.000000094,122.7774,84,92
1970-01-01 00:00:00.000000095,122.6949,84,92
1970-01-01 00:00:00.000000096,122.545265,84,92
1970-01-01 00:00:00.000000094,122.84691,84,93
1970-01-01 00:00:00.000000095,123.21801,84,93
1970-01-01 00:00:00.000000096,123.35124,84,93
1970-01-01 00:00:00.000000097,123.32373,84,93
1970-01-01 00:00:00.000000095,121.9063,84,94
1970-01-01 00:00:00.000000096,122.213806,84,94
1970-01-01 00:00:00.000000097,122.1723,84,94
1970-01-01 00:00:00.000000098,122.06164,84,94
1970-01-01 00:00:00.000000096,122.79487,84,95
1970-01-01 00:00:00.000000097,123.133316,84,95
1970-01-01 00:00:00.000000098,123.37225,84,95
1970-01-01 00:00:00.000000099,123.358025,84,95
1970-01-01 00:00:00.000000097,118.494194,84,96
1970-01-01 00:00:00.000000098,119.25214,84,96
1970-01-01 00:00:00.000000099,118.82202,84,96
1970-01-01 00:00:00.000000100,118.82228,84,96
1970-01-01 00:00:00.000000098,120.005905,84,97
1970-01-01 00:00:00.000000099,120.25875,84,97
1970-01-01 00:00:00.000000100,120.79237,84,97
1970-01-01 00:00:00.000000101,120.947044,84,97
1970-01-01 00:00:00.000000099,119.91552,84,98
1970-01-01 00:00:00.000000100,120.30919,84,98
1970-01-01 00:00:00.000000101,120.416725,84,98
1970-01-01 00:00:00.000000102,120.306015,84,98
1970-01-01 00:00:00.000000100,119.11813,84,99
1970-01-01 00:00:00.000000101,119.579796,84,99
1970-01-01 00:00:00.000000102,119.55986,84,99
1970-01-01 00:00:00.000000103,119.48316,84,99
1970-01-01 00:00:00.000000101,118.51198,84,100
1970-01-01 00:00:00.000000102,118.81302,84,100
1970-01-01 00:00:00.000000103,118.83708,84,100
1970-01-01 00:00:00.000000104,118.74625,84,100
1970-01-01 00:00:00.000000102,117.85647,84,101
1970-01-01 00:00:00.000000103,118.24465,84,101
1970-01-01 00:00:00.000000104,118.23612,84,101
1970-01-01 00:00:00.000000105,118.15448,84,101
1970-01-01 00:00:00.000000103,114.23233,84,102
1970-01-01 00:00:00.000000104,114.8964,84,102
1970-01-01 00:00:00.000000105,114.617195,84,102
1970-01-01 00:00:00.000000106,114.52465,84,102
1970-01-01 00:00:00.000000104,114.417244,84,103
1970-01-01 00:00:00.000000105,114.78713,84,103
1970-01-01 00:00:00.000000106,114.94304,84,103
1970-01-01 00:00:00.000000107,114.87405,84,103
1970-01-01 00:00:00.000000105,112.04346,84,104
1970-01-01 00:00:00.000000106,112.68446,84,104
1970-01-01 00:00:00.000000107,112.45574,84,104
1970-01-01 00:00:00.000000108,112.3047,84,104
1970-01-01 00:00:00.000000106,109.15597,84,105
1970-01-01 00:00:00.000000107,109.729515,84,105
1970-01-01 00:00:00.000000108,109.524635,84,105
1970-01-01 00:00:00.000000109,109.62522,84,105
1970-01-01 00:00:00.000000107,110.36924,84,106
1970-01-01 00:00:00.000000108,110.67732,84,106
1970-01-01 00:00:00.000000109,111.19973,84,106
1970-01-01 00:00:00.000000110,111.350235,84,106
1970-01-01 00:00:00.000000108,108.53848,84,107
1970-01-01 00:00:00.000000109,109.20583,84,107
1970-01-01 00:00:00.000000110,109.29617,84,107
1970-01-01 00:00:00.000000111,109.13449,84,107
1970-01-01 00:00:00.000000109,107.832466,84,108
1970-01-01 00:00:00.000000110,108.28428,84,108
1970-01-01 00:00:00.000000111,108.32083,84,108
1970-01-01 00:00:00.000000112,108.23605,84,108
1970-01-01 00:00:00.000000110,109.13259,84,109
1970-01-01 00:00:00.000000111,109.42994,84,109
1970-01-01 00:00:00.000000112,109.79032,84,109
1970-01-01 00:00:00.000000113,109.84918,84,109
1970-01-01 00:00:00.000000111,109.82291,84,110
1970-01-01 00:00:00.000000112,110.21572,84,110
1970-01-01 00:00:00.000000113,110.31842,84,110
1970-01-01 00:00:00.000000114,110.31488,84,110
1970-01-01 00:00:00.000000112,108.35615,84,111
1970-01-01 00:00:00.000000113,108.80653,84,111
1970-01-01 00:00:00.000000114,108.77714,84,111
1970-01-01 00:00:00.000000115,108.61844,84,111
1970-01-01 00:00:00.000000113,107.06355,84,112
1970-01-01 00:00:00.000000114,107.52468,84,112
1970-01-01 00:00:00.000000115,107.47751,84,112
1970-01-01 00:00:00.000000116,107.419495,84,112
1970-01-01 00:00:00.000000114,106.4234,84,113
1970-01-01 00:00:00.000000115,106.77055,84,113
1970-01-01 00:00:00.000000116,106.82496,84,113
1970-01-01 00:00:00.000000117,106.83396,84,113
1970-01-01 00:00:00.000000009,31.729353,85,8
1970-01-01 00:00:00.000000010,31.995758,85,8
1970-01-01 00:00:00.000000011,32.3321,85,8
1970-01-01 00:00:00.000000012,32.48837,85,8
1970-01-01 00:00:00.000000010,30.777021,85,9
1970-01-01 00:00:00.000000011,31.20009,85,9
1970-01-01 00:00:00.000000012,31.47908,85,9
1970-01-01 00:00:00.000000013,31.50846,85,9
1970-01-01 00:00:00.000000011,32.692314,85,10
1970-01-01 00:00:00.000000012,33.094826,85,10
1970-01-01 00:00:00.000000013,33.772923,85,10
1970-01-01 00:00:00.000000014,34.00724,85,10
1970-01-01 00:00:00.000000012,38.340385,85,11
1970-01-01 00:00:00.000000013,38.787193,85,11
1970-01-01 00:00:00.000000014,39.951653,85,11
1970-01-01 00:00:00.000000015,40.33949,85,11
1970-01-01 00:00:00.000000013,40.4836,85,12
1970-01-01 00:00:00.000000014,40.75921,85,12
1970-01-01 00:00:00.000000015,40.953316,85,12
1970-01-01 00:00:00.000000016,41.008915,85,12
1970-01-01 00:00:00.000000014,42.278286,85,13
1970-01-01 00:00:00.000000015,42.518715,85,13
1970-01-01 00:00:00.000000016,43.03155,85,13
1970-01-01 00:00:00.000000017,43.197144,85,13
1970-01-01 00:00:00.000000015,44.248978,85,14
1970-01-01 00:00:00.000000016,44.504345,85,14
1970-01-01 00:00:00.000000017,44.92682,85,14
1970-01-01 00:00:00.000000018,45.0505,85,14
1970-01-01 00:00:00.000000016,43.479065,85,15
1970-01-01 00:00:00.000000017,43.81565,85,15
1970-01-01 00:00:00.000000018,43.945587,85,15
1970-01-01 00:00:00.000000019,43.91191,85,15
1970-01-01 00:00:00.000000017,45.651836,85,16
1970-01-01 00:00:00.000000018,46.00988,85,16
1970-01-01 00:00:00.000000019,46.62343,85,16
1970-01-01 00:00:00.000000020,46.98506,85,16
1970-01-01 00:00:00.000000018,47.796852,85,17
1970-01-01 00:00:00.000000019,47.96902,85,17
1970-01-01 00:00:00.000000020,48.396175,85,17
1970-01-01 00:00:00.000000021,48.524654,85,17
1970-01-01 00:00:00.000000019,50.58131,85,18
1970-01-01 00:00:00.000000020,50.942165,85,18
1970-01-01 00:00:00.000000021,51.779892,85,18
1970-01-01 00:00:00.000000022,52.031403,85,18
1970-01-01 00:00:00.000000020,52.24305,85,19
1970-01-01 00:00:00.000000021,52.48854,85,19
1970-01-01 00:00:00.000000022,52.83337,85,19
1970-01-01 00:00:00.000000023,52.859283,85,19
1970-01-01 00:00:00.000000021,51.983147,85,20
1970-01-01 00:00:00.000000022,52.276703,85,20
1970-01-01 00:00:00.000000023,52.464794,85,20
1970-01-01 00:00:00.000000024,52.44741,85,20
1970-01-01 00:00:00.000000022,48.69194,85,21
1970-01-01 00:00:00.000000023,49.18614,85,21
1970-01-01 00:00:00.000000024,49.258846,85,21
1970-01-01 00:00:00.000000025,49.244736,85,21
1970-01-01 00:00:00.000000023,53.33131,85,22
1970-01-01 00:00:00.000000024,53.7696,85,22
1970-01-01 00:00:00.000000025,55.121914,85,22
1970-01-01 00:00:00.000000026,55.407127,85,22
1970-01-01 00:00:00.000000024,55.92419,85,23
1970-01-01 00:00:00.000000025,56.17054,85,23
1970-01-01 00:00:00.000000026,56.420532,85,23
1970-01-01 00:00:00.000000027,56.41973,85,23
1970-01-01 00:00:00.000000025,56.27461,85,24
1970-01-01 00:00:00.000000026,56.517853,85,24
1970-01-01 00:00:00.000000027,56.660515,85,24
1970-01-01 00:00:00.000000028,56.646576,85,24
1970-01-01 00:00:00.000000026,57.501705,85,25
1970-01-01 00:00:00.000000027,57.737293,85,25
1970-01-01 00:00:00.000000028,58.05349,85,25
1970-01-01 00:00:00.000000029,58.181137,85,25
1970-01-01 00:00:00.000000027,56.75767,85,26
1970-01-01 00:00:00.000000028,57.01346,85,26
1970-01-01 00:00:00.000000029,57.201813,85,26
1970-01-01 00:00:00.000000030,57.274883,85,26
1970-01-01 00:00:00.000000028,56.94315,85,27
1970-01-01 00:00:00.000000029,57.223034,85,27
1970-01-01 00:00:00.000000030,57.55818,85,27
1970-01-01 00:00:00.000000031,57.54388,85,27
1970-01-01 00:00:00.000000029,59.83774,85,28
1970-01-01 00:00:00.000000030,60.228523,85,28
1970-01-01 00:00:00.000000031,60.953316,85,28
1970-01-01 00:00:00.000000032,61.06724,85,28
1970-01-01 00:00:00.000000030,61.18736,85,29
1970-01-01 00:00:00.000000031,61.403217,85,29
1970-01-01 00:00:00.000000032,61.60434,85,29
1970-01-01 00:00:00.000000033,61.583992,85,29
1970-01-01 00:00:00.000000031,61.326042,85,30
1970-01-01 00:00:00.000000032,61.568497,85,30
1970-01-01 00:00:00.000000033,61.72719,85,30
1970-01-01 00:00:00.000000034,61.758762,85,30
1970-01-01 00:00:00.000000032,62.546047,85,31
1970-01-01 00:00:00.000000033,62.77545,85,31
1970-01-01 00:00:00.000000034,63.10152,85,31
1970-01-01 00:00:00.000000035,63.053,85,31
1970-01-01 00:00:00.000000033,63.48669,85,32
1970-01-01 00:00:00.000000034,63.80503,85,32
1970-01-01 00:00:00.000000035,63.95614,85,32
1970-01-01 00:00:00.000000036,63.948524,85,32
1970-01-01 00:00:00.000000034,62.82312,85,33
1970-01-01 00:00:00.000000035,63.034607,85,33
1970-01-01 00:00:00.000000036,63.09266,85,33
1970-01-01 00:00:00.000000037,63.156666,85,33
1970-01-01 00:00:00.000000035,64.69515,85,34
1970-01-01 00:00:00.000000036,64.9727,85,34
1970-01-01 00:00:00.000000037,65.62535,85,34
1970-01-01 00:00:00.000000038,65.769966,85,34
1970-01-01 00:00:00.000000036,61.126648,85,35
1970-01-01 00:00:00.000000037,61.93925,85,35
1970-01-01 00:00:00.000000038,62.147068,85,35
1970-01-01 00:00:00.000000039,61.918156,85,35
1970-01-01 00:00:00.000000037,65.62272,85,36
1970-01-01 00:00:00.000000038,66.19509,85,36
1970-01-01 00:00:00.000000039,67.46736,85,36
1970-01-01 00:00:00.000000040,67.56529,85,36
1970-01-01 00:00:00.000000038,71.3332,85,37
1970-01-01 00:00:00.000000039,71.626114,85,37
1970-01-01 00:00:00.000000040,72.53886,85,37
1970-01-01 00:00:00.000000041,72.675804,85,37
1970-01-01 00:00:00.000000039,70.20295,85,38
1970-01-01 00:00:00.000000040,70.563705,85,38
1970-01-01 00:00:00.000000041,70.57017,85,38
1970-01-01 00:00:00.000000042,70.471756,85,38
1970-01-01 00:00:00.000000040,69.37202,85,39
1970-01-01 00:00:00.000000041,69.632996,85,39
1970-01-01 00:00:00.000000042,69.75027,85,39
1970-01-01 00:00:00.000000043,69.67568,85,39
1970-01-01 00:00:00.000000041,69.570595,85,40
1970-01-01 00:00:00.000000042,69.80333,85,40
1970-01-01 00:00:00.000000043,69.94026,85,40
1970-01-01 00:00:00.000000044,69.91792,85,40
1970-01-01 00:00:00.000000042,71.97116,85,41
1970-01-01 00:00:00.000000043,72.24124,85,41
1970-01-01 00:00:00.000000044,72.683105,85,41
1970-01-01 00:00:00.000000045,72.66998,85,41
1970-01-01 00:00:00.000000043,73.12293,85,42
1970-01-01 00:00:00.000000044,73.38361,85,42
1970-01-01 00:00:00.000000045,73.53199,85,42
1970-01-01 00:00:00.000000046,73.55704,85,42
1970-01-01 00:00:00.000000044,72.92571,85,43
1970-01-01 00:00:00.000000045,73.12205,85,43
1970-01-01 00:00:00.000000046,73.2617,85,43
1970-01-01 00:00:00.000000047,73.32026,85,43
1970-01-01 00:00:00.000000045,74.228096,85,44
1970-01-01 00:00:00.000000046,74.47639,85,44
1970-01-01 00:00:00.000000047,74.9398,85,44
1970-01-01 00:00:00.000000048,74.966576,85,44
1970-01-01 00:00:00.000000046,75.63873,85,45
1970-01-01 00:00:00.000000047,75.95096,85,45
1970-01-01 00:00:00.000000048,76.27408,85,45
1970-01-01 00:00:00.000000049,76.22784,85,45
1970-01-01 00:00:00.000000047,76.24414,85,46
1970-01-01 00:00:00.000000048,76.46721,85,46
1970-01-01 00:00:00.000000049,76.61274,85,46
1970-01-01 00:00:00.000000050,76.57783,85,46
1970-01-01 00:00:00.000000048,77.360275,85,47
1970-01-01 00:00:00.000000049,77.574066,85,47
1970-01-01 00:00:00.000000050,77.78428,85,47
1970-01-01 00:00:00.000000051,77.77695,85,47
1970-01-01 00:00:00.000000049,80.21411,85,48
1970-01-01 00:00:00.000000050,80.50419,85,48
1970-01-01 00:00:00.000000051,81.00956,85,48
1970-01-01 00:00:00.000000052,80.99767,85,48
1970-01-01 00:00:00.000000050,78.02278,85,49
1970-01-01 00:00:00.000000051,78.47728,85,49
1970-01-01 00:00:00.000000052,78.275276,85,49
1970-01-01 00:00:00.000000053,78.07054,85,49
1970-01-01 00:00:00.000000051,78.529106,85,50
1970-01-01 00:00:00.000000052,78.78369,85,50
1970-01-01 00:00:00.000000053,78.93274,85,50
1970-01-01 00:00:00.000000054,78.8911,85,50
1970-01-01 00:00:00.000000052,78.56233,85,51
1970-01-01 00:00:00.000000053,78.80245,85,51
1970-01-01 00:00:00.000000054,78.86843,85,51
1970-01-01 00:00:00.000000055,78.947365,85,51
1970-01-01 00:00:00.000000053,79.75006,85,52
1970-01-01 00:00:00.000000054,79.938576,85,52
1970-01-01 00:00:00.000000055,80.32903,85,52
1970-01-01 00:00:00.000000056,80.32761,85,52
1970-01-01 00:00:00.000000054,80.458,85,53
1970-01-01 00:00:00.000000055,80.80158,85,53
1970-01-01 00:00:00.000000056,81.01116,85,53
1970-01-01 00:00:00.000000057,80.94258,85,53
1970-01-01 00:00:00.000000055,81.4007,85,54
1970-01-01 00:00:00.000000056,81.619774,85,54
1970-01-01 00:00:00.000000057,81.782715,85,54
1970-01-01 00:00:00.000000058,81.769196,85,54
1970-01-01 00:00:00.000000056,81.694496,85,55
1970-01-01 00:00:00.000000057,81.89703,85,55
1970-01-01 00:00:00.000000058,82.01746,85,55
1970-01-01 00:00:00.000000059,81.955,85,55
1970-01-01 00:00:00.000000057,80.01143,85,56
1970-01-01 00:00:00.000000058,80.36727,85,56
1970-01-01 00:00:00.000000059,80.26066,85,56
1970-01-01 00:00:00.000000060,80.145294,85,56
1970-01-01 00:00:00.000000058,79.61197,85,57
1970-01-01 00:00:00.000000059,79.84433,85,57
1970-01-01 00:00:00.000000060,79.89997,85,57
1970-01-01 00:00:00.000000061,79.78973,85,57
1970-01-01 00:00:00.000000059,79.959625,85,58
1970-01-01 00:00:00.000000060,80.22659,85,58
1970-01-01 00:00:00.000000061,80.29188,85,58
1970-01-01 00:00:00.000000062,80.2315,85,58
1970-01-01 00:00:00.000000060,80.477585,85,59
1970-01-01 00:00:00.000000061,80.72602,85,59
1970-01-01 00:00:00.000000062,80.76769,85,59
1970-01-01 00:00:00.000000063,80.7235,85,59
1970-01-01 00:00:00.000000061,80.31887,85,60
1970-01-01 00:00:00.000000062,80.61438,85,60
1970-01-01 00:00:00.000000063,80.63586,85,60
1970-01-01 00:00:00.000000064,80.59827,85,60
1970-01-01 00:00:00.000000062,76.64318,85,61
1970-01-01 00:00:00.000000063,77.23866,85,61
1970-01-01 00:00:00.000000064,76.99648,85,61
1970-01-01 00:00:00.000000065,76.823845,85,61
1970-01-01 00:00:00.000000063,77.873764,85,62
1970-01-01 00:00:00.000000064,78.22781,85,62
1970-01-01 00:00:00.000000065,78.541176,85,62
1970-01-01 00:00:00.000000066,78.53968,85,62
1970-01-01 00:00:00.000000064,75.86324,85,63
1970-01-01 00:00:00.000000065,76.364845,85,63
1970-01-01 00:00:00.000000066,76.270294,85,63
1970-01-01 00:00:00.000000067,76.054085,85,63
1970-01-01 00:00:00.000000065,68.77784,85,64
1970-01-01 00:00:00.000000066,69.93749,85,64
1970-01-01 00:00:00.000000067,69.34106,85,64
1970-01-01 00:00:00.000000068,68.91639,85,64
1970-01-01 00:00:00.000000066,65.98709,85,65
1970-01-01 00:00:00.000000067,66.333565,85,65
1970-01-01 00:00:00.000000068,66.25721,85,65
1970-01-01 00:00:00.000000069,66.192,85,65
1970-01-01 00:00:00.000000067,66.155396,85,66
1970-01-01 00:00:00.000000068,66.398926,85,66
1970-01-01 00:00:00.000000069,66.58097,85,66
1970-01-01 00:00:00.000000070,66.55774,85,66
1970-01-01 00:00:00.000000068,64.89474,85,67
1970-01-01 00:00:00.000000069,65.29834,85,67
1970-01-01 00:00:00.000000070,65.28248,85,67
1970-01-01 00:00:00.000000071,65.03505,85,67
1970-01-01 00:00:00.000000069,61.814728,85,68
1970-01-01 00:00:00.000000070,62.472214,85,68
1970-01-01 00:00:00.000000071,62.068157,85,68
1970-01-01 00:00:00.000000072,61.97184,85,68
1970-01-01 00:00:00.000000070,64.03296,85,69
1970-01-01 00:00:00.000000071,64.20961,85,69
1970-01-01 00:00:00.000000072,64.73368,85,69
1970-01-01 00:00:00.000000073,64.999466,85,69
1970-01-01 00:00:00.000000071,63.998272,85,70
1970-01-01 00:00:00.000000072,64.31412,85,70
1970-01-01 00:00:00.000000073,64.52727,85,70
1970-01-01 00:00:00.000000074,64.45547,85,70
1970-01-01 00:00:00.000000072,58.802723,85,71
1970-01-01 00:00:00.000000073,60.017048,85,71
1970-01-01 00:00:00.000000074,60.02932,85,71
1970-01-01 00:00:00.000000075,59.756462,85,71
1970-01-01 00:00:00.000000009,94.52396,86,8
1970-01-01 00:00:00.000000010,94.75186,86,8
1970-01-01 00:00:00.000000011,94.683235,86,8
1970-01-01 00:00:00.000000012,94.55934,86,8
1970-01-01 00:00:00.000000010,97.38581,86,9
1970-01-01 00:00:00.000000011,97.66796,86,9
1970-01-01 00:00:00.000000012,97.86699,86,9
1970-01-01 00:00:00.000000013,97.56848,86,9
1970-01-01 00:00:00.000000011,97.06152,86,10
1970-01-01 00:00:00.000000012,97.40782,86,10
1970-01-01 00:00:00.000000013,97.170296,86,10
1970-01-01 00:00:00.000000014,96.94257,86,10
1970-01-01 00:00:00.000000012,96.12485,86,11
1970-01-01 00:00:00.000000013,96.382675,86,11
1970-01-01 00:00:00.000000014,96.10757,86,11
1970-01-01 00:00:00.000000015,95.983696,86,11
1970-01-01 00:00:00.000000013,98.615364,86,12
1970-01-01 00:00:00.000000014,98.88704,86,12
1970-01-01 00:00:00.000000015,99.13222,86,12
1970-01-01 00:00:00.000000016,99.02042,86,12
1970-01-01 00:00:00.000000014,98.951126,86,13
1970-01-01 00:00:00.000000015,99.24251,86,13
1970-01-01 00:00:00.000000016,99.24688,86,13
1970-01-01 00:00:00.000000017,99.10699,86,13
1970-01-01 00:00:00.000000015,99.86786,86,14
1970-01-01 00:00:00.000000016,100.14026,86,14
1970-01-01 00:00:00.000000017,100.22177,86,14
1970-01-01 00:00:00.000000018,100.05149,86,14
1970-01-01 00:00:00.000000016,100.525055,86,15
1970-01-01 00:00:00.000000017,100.781265,86,15
1970-01-01 00:00:00.000000018,100.770645,86,15
1970-01-01 00:00:00.000000019,100.60361,86,15
1970-01-01 00:00:00.000000017,99.53918,86,16
1970-01-01 00:00:00.000000018,99.81968,86,16
1970-01-01 00:00:00.000000019,99.566284,86,16
1970-01-01 00:00:00.000000020,99.34475,86,16
1970-01-01 00:00:00.000000018,100.08856,86,17
1970-01-01 00:00:00.000000019,100.32978,86,17
1970-01-01 00:00:00.000000020,100.28998,86,17
1970-01-01 00:00:00.000000021,100.10445,86,17
1970-01-01 00:00:00.000000019,101.51616,86,18
1970-01-01 00:00:00.000000020,101.76384,86,18
1970-01-01 00:00:00.000000021,101.76175,86,18
1970-01-01 00:00:00.000000022,101.58622,86,18
1970-01-01 00:00:00.000000020,102.15747,86,19
1970-01-01 00:00:00.000000021,102.38787,86,19
1970-01-01 00:00:00.000000022,102.28179,86,19
1970-01-01 00:00:00.000000023,102.07828,86,19
1970-01-01 00:00:00.000000021,102.046135,86,20
1970-01-01 00:00:00.000000022,102.33221,86,20
1970-01-01 00:00:00.000000023,102.13373,86,20
1970-01-01 00:00:00.000000024,102.06512,86,20
1970-01-01 00:00:00.000000022,100.62534,86,21
1970-01-01 00:00:00.000000023,100.88981,86,21
1970-01-01 00:00:00.000000024,100.67728,86,21
1970-01-01 00:00:00.000000025,100.4721,86,21
1970-01-01 00:00:00.000000023,101.723915,86,22
1970-01-01 00:00:00.000000024,102.06181,86,22
1970-01-01 00:00:00.000000025,102.20697,86,22
1970-01-01 00:00:00.000000026,102.04162,86,22
1970-01-01 00:00:00.000000024,100.819,86,23
1970-01-01 00:00:00.000000025,101.154785,86,23
1970-01-01 00:00:00.000000026,100.928,86,23
1970-01-01 00:00:00.000000027,100.72635,86,23
1970-01-01 00:00:00.000000025,101.67194,86,24
1970-01-01 00:00:00.000000026,101.89821,86,24
1970-01-01 00:00:00.000000027,101.963104,86,24
1970-01-01 00:00:00.000000028,101.76392,86,24
1970-01-01 00:00:00.000000026,100.173874,86,25
1970-01-01 00:00:00.000000027,100.5733,86,25
1970-01-01 00:00:00.000000028,100.16581,86,25
1970-01-01 00:00:00.000000029,99.865685,86,25
1970-01-01 00:00:00.000000027,102.79539,86,26
1970-01-01 00:00:00.000000028,103.03575,86,26
1970-01-01 00:00:00.000000029,103.09212,86,26
1970-01-01 00:00:00.000000030,102.810844,86,26
1970-01-01 00:00:00.000000028,103.08634,86,27
1970-01-01 00:00:00.000000029,103.3491,86,27
1970-01-01 00:00:00.000000030,103.14412,86,27
1970-01-01 00:00:00.000000031,102.94436,86,27
1970-01-01 00:00:00.000000029,101.636345,86,28
1970-01-01 00:00:00.000000030,101.9649,86,28
1970-01-01 00:00:00.000000031,101.519165,86,28
1970-01-01 00:00:00.000000032,101.27254,86,28
1970-01-01 00:00:00.000000030,98.82461,86,29
1970-01-01 00:00:00.000000031,99.31541,86,29
1970-01-01 00:00:00.000000032,98.73377,86,29
1970-01-01 00:00:00.000000033,98.594734,86,29
1970-01-01 00:00:00.000000031,96.710785,86,30
1970-01-01 00:00:00.000000032,97.06278,86,30
1970-01-01 00:00:00.000000033,96.8665,86,30
1970-01-01 00:00:00.000000034,96.52342,86,30
1970-01-01 00:00:00.000000032,93.882774,86,31
1970-01-01 00:00:00.000000033,94.56582,86,31
1970-01-01 00:00:00.000000034,94.07795,86,31
1970-01-01 00:00:00.000000035,93.679756,86,31
1970-01-01 00:00:00.000000033,92.51372,86,32
1970-01-01 00:00:00.000000034,92.811264,86,32
1970-01-01 00:00:00.000000035,92.50069,86,32
1970-01-01 00:00:00.000000036,92.271736,86,32
1970-01-01 00:00:00.000000034,91.164185,86,33
1970-01-01 00:00:00.000000035,91.47591,86,33
1970-01-01 00:00:00.000000036,91.23401,86,33
1970-01-01 00:00:00.000000037,91.05558,86,33
1970-01-01 00:00:00.000000035,85.067566,86,34
1970-01-01 00:00:00.000000036,86.02659,86,34
1970-01-01 00:00:00.000000037,85.07136,86,34
1970-01-01 00:00:00.000000038,84.38953,86,34
1970-01-01 00:00:00.000000036,86.154915,86,35
1970-01-01 00:00:00.000000037,86.50233,86,35
1970-01-01 00:00:00.000000038,86.69235,86,35
1970-01-01 00:00:00.000000039,86.5129,86,35
1970-01-01 00:00:00.000000037,83.37331,86,36
1970-01-01 00:00:00.000000038,83.925835,86,36
1970-01-01 00:00:00.000000039,83.384514,86,36
1970-01-01 00:00:00.000000040,82.96368,86,36
1970-01-01 00:00:00.000000038,86.20626,86,37
1970-01-01 00:00:00.000000039,86.61207,86,37
1970-01-01 00:00:00.000000040,86.80913,86,37
1970-01-01 00:00:00.000000041,86.61594,86,37
1970-01-01 00:00:00.000000039,86.97463,86,38
1970-01-01 00:00:00.000000040,87.22167,86,38
1970-01-01 00:00:00.000000041,87.2046,86,38
1970-01-01 00:00:00.000000042,87.1843,86,38
1970-01-01 00:00:00.000000040,87.02582,86,39
1970-01-01 00:00:00.000000041,87.262085,86,39
1970-01-01 00:00:00.000000042,87.32613,86,39
1970-01-01 00:00:00.000000043,87.15224,86,39
1970-01-01 00:00:00.000000041,88.19261,86,40
1970-01-01 00:00:00.000000042,88.59324,86,40
1970-01-01 00:00:00.000000043,88.657234,86,40
1970-01-01 00:00:00.000000044,88.43121,86,40
1970-01-01 00:00:00.000000042,87.95647,86,41
1970-01-01 00:00:00.000000043,88.21007,86,41
1970-01-01 00:00:00.000000044,88.02607,86,41
1970-01-01 00:00:00.000000045,87.96262,86,41
1970-01-01 00:00:00.000000043,87.911316,86,42
1970-01-01 00:00:00.000000044,88.098206,86,42
1970-01-01 00:00:00.000000045,88.1229,86,42
1970-01-01 00:00:00.000000046,87.95875,86,42
1970-01-01 00:00:00.000000044,83.96554,86,43
1970-01-01 00:00:00.000000045,84.87688,86,43
1970-01-01 00:00:00.000000046,84.304085,86,43
1970-01-01 00:00:00.000000047,83.81244,86,43
1970-01-01 00:00:00.000000045,79.89691,86,44
1970-01-01 00:00:00.000000046,80.44421,86,44
1970-01-01 00:00:00.000000047,79.864044,86,44
1970-01-01 00:00:00.000000048,79.4171,86,44
1970-01-01 00:00:00.000000046,87.064156,86,45
1970-01-01 00:00:00.000000047,87.71741,86,45
1970-01-01 00:00:00.000000048,88.42451,86,45
1970-01-01 00:00:00.000000049,88.00607,86,45
1970-01-01 00:00:00.000000047,85.296875,86,46
1970-01-01 00:00:00.000000048,85.80486,86,46
1970-01-01 00:00:00.000000049,85.27103,86,46
1970-01-01 00:00:00.000000050,85.041176,86,46
1970-01-01 00:00:00.000000048,86.78908,86,47
1970-01-01 00:00:00.000000049,87.04611,86,47
1970-01-01 00:00:00.000000050,87.25586,86,47
1970-01-01 00:00:00.000000051,87.23146,86,47
1970-01-01 00:00:00.000000049,85.97294,86,48
1970-01-01 00:00:00.000000050,86.27887,86,48
1970-01-01 00:00:00.000000051,86.27887,86,48
1970-01-01 00:00:00.000000052,86.12274,86,48
1970-01-01 00:00:00.000000050,88.434296,86,49
1970-01-01 00:00:00.000000051,88.84101,86,49
1970-01-01 00:00:00.000000052,89.216034,86,49
1970-01-01 00:00:00.000000053,88.93306,86,49
1970-01-01 00:00:00.000000051,85.34122,86,50
1970-01-01 00:00:00.000000052,86.03391,86,50
1970-01-01 00:00:00.000000053,85.40865,86,50
1970-01-01 00:00:00.000000054,85.02788,86,50
1970-01-01 00:00:00.000000052,87.0232,86,51
1970-01-01 00:00:00.000000053,87.18408,86,51
1970-01-01 00:00:00.000000054,87.43354,86,51
1970-01-01 00:00:00.000000055,87.31166,86,51
1970-01-01 00:00:00.000000053,90.87054,86,52
1970-01-01 00:00:00.000000054,91.27581,86,52
1970-01-01 00:00:00.000000055,91.62315,86,52
1970-01-01 00:00:00.000000056,91.30292,86,52
1970-01-01 00:00:00.000000054,88.55537,86,53
1970-01-01 00:00:00.000000055,89.10203,86,53
1970-01-01 00:00:00.000000056,88.538635,86,53
1970-01-01 00:00:00.000000057,88.16237,86,53
1970-01-01 00:00:00.000000055,91.37654,86,54
1970-01-01 00:00:00.000000056,91.65363,86,54
1970-01-01 00:00:00.000000057,91.850685,86,54
1970-01-01 00:00:00.000000058,91.59878,86,54
1970-01-01 00:00:00.000000056,93.97937,86,55
1970-01-01 00:00:00.000000057,94.2973,86,55
1970-01-01 00:00:00.000000058,94.3903,86,55
1970-01-01 00:00:00.000000059,94.38441,86,55
1970-01-01 00:00:00.000000057,93.515,86,56
1970-01-01 00:00:00.000000058,93.72587,86,56
1970-01-01 00:00:00.000000059,93.65792,86,56
1970-01-01 00:00:00.000000060,93.515236,86,56
1970-01-01 00:00:00.000000058,94.10363,86,57
1970-01-01 00:00:00.000000059,94.45867,86,57
1970-01-01 00:00:00.000000060,94.56898,86,57
1970-01-01 00:00:00.000000061,94.445,86,57
1970-01-01 00:00:00.000000059,91.62894,86,58
1970-01-01 00:00:00.000000060,92.18201,86,58
1970-01-01 00:00:00.000000061,91.80267,86,58
1970-01-01 00:00:00.000000062,91.342995,86,58
1970-01-01 00:00:00.000000060,91.16073,86,59
1970-01-01 00:00:00.000000061,91.43428,86,59
1970-01-01 00:00:00.000000062,91.38672,86,59
1970-01-01 00:00:00.000000063,91.29044,86,59
1970-01-01 00:00:00.000000061,90.84672,86,60
1970-01-01 00:00:00.000000062,91.07317,86,60
1970-01-01 00:00:00.000000063,90.99166,86,60
1970-01-01 00:00:00.000000064,90.78316,86,60
1970-01-01 00:00:00.000000062,90.53974,86,61
1970-01-01 00:00:00.000000063,90.88031,86,61
1970-01-01 00:00:00.000000064,90.762344,86,61
1970-01-01 00:00:00.000000065,90.55331,86,61
1970-01-01 00:00:00.000000063,88.848854,86,62
1970-01-01 00:00:00.000000064,89.17157,86,62
1970-01-01 00:00:00.000000065,88.782486,86,62
1970-01-01 00:00:00.000000066,88.584274,86,62
1970-01-01 00:00:00.000000064,92.044426,86,63
1970-01-01 00:00:00.000000065,92.4007,86,63
1970-01-01 00:00:00.000000066,92.6519,86,63
1970-01-01 00:00:00.000000067,92.439095,86,63
1970-01-01 00:00:00.000000065,89.35869,86,64
1970-01-01 00:00:00.000000066,90.01024,86,64
1970-01-01 00:00:00.000000067,89.50782,86,64
1970-01-01 00:00:00.000000068,89.38606,86,64
1970-01-01 00:00:00.000000066,88.694824,86,65
1970-01-01 00:00:00.000000067,88.90319,86,65
1970-01-01 00:00:00.000000068,88.97436,86,65
1970-01-01 00:00:00.000000069,88.848015,86,65
1970-01-01 00:00:00.000000067,88.50933,86,66
1970-01-01 00:00:00.000000068,88.89523,86,66
1970-01-01 00:00:00.000000069,88.91118,86,66
1970-01-01 00:00:00.000000070,88.71654,86,66
1970-01-01 00:00:00.000000068,87.466034,86,67
1970-01-01 00:00:00.000000069,87.80491,86,67
1970-01-01 00:00:00.000000070,87.60008,86,67
1970-01-01 00:00:00.000000071,87.35855,86,67
1970-01-01 00:00:00.000000069,87.1498,86,68
1970-01-01 00:00:00.000000070,87.39963,86,68
1970-01-01 00:00:00.000000071,87.29978,86,68
1970-01-01 00:00:00.000000072,87.176796,86,68
1970-01-01 00:00:00.000000070,86.19073,86,69
1970-01-01 00:00:00.000000071,86.49963,86,69
1970-01-01 00:00:00.000000072,86.30967,86,69
1970-01-01 00:00:00.000000073,86.10174,86,69
1970-01-01 00:00:00.000000071,87.0189,86,70
1970-01-01 00:00:00.000000072,87.32868,86,70
1970-01-01 00:00:00.000000073,87.35876,86,70
1970-01-01 00:00:00.000000074,87.17125,86,70
1970-01-01 00:00:00.000000072,85.72824,86,71
1970-01-01 00:00:00.000000073,86.10934,86,71
1970-01-01 00:00:00.000000074,85.781334,86,71
1970-01-01 00:00:00.000000075,85.65475,86,71
1970-01-01 00:00:00.000000073,85.57477,86,72
1970-01-01 00:00:00.000000074,85.79202,86,72
1970-01-01 00:00:00.000000075,85.81103,86,72
1970-01-01 00:00:00.000000076,85.74994,86,72
1970-01-01 00:00:00.000000074,84.64914,86,73
1970-01-01 00:00:00.000000075,85.019264,86,73
1970-01-01 00:00:00.000000076,84.99543,86,73
1970-01-01 00:00:00.000000077,84.826935,86,73
1970-01-01 00:00:00.000000075,82.43874,86,74
1970-01-01 00:00:00.000000076,82.95365,86,74
1970-01-01 00:00:00.000000077,82.712364,86,74
1970-01-01 00:00:00.000000078,82.41588,86,74
1970-01-01 00:00:00.000000076,83.70579,86,75
1970-01-01 00:00:00.000000077,83.98632,86,75
1970-01-01 00:00:00.000000078,84.153145,86,75
1970-01-01 00:00:00.000000079,84.04697,86,75
1970-01-01 00:00:00.000000077,84.42511,86,76
1970-01-01 00:00:00.000000078,84.67641,86,76
1970-01-01 00:00:00.000000079,84.708015,86,76
1970-01-01 00:00:00.000000080,84.57713,86,76
1970-01-01 00:00:00.000000078,82.56951,86,77
1970-01-01 00:00:00.000000079,83.01217,86,77
1970-01-01 00:00:00.000000080,82.71142,86,77
1970-01-01 00:00:00.000000081,82.47237,86,77
1970-01-01 00:00:00.000000079,82.87019,86,78
1970-01-01 00:00:00.000000080,83.1201,86,78
1970-01-01 00:00:00.000000081,83.17212,86,78
1970-01-01 00:00:00.000000082,83.018616,86,78
1970-01-01 00:00:00.000000080,81.15087,86,79
1970-01-01 00:00:00.000000081,81.61061,86,79
1970-01-01 00:00:00.000000082,81.239105,86,79
1970-01-01 00:00:00.000000083,80.89577,86,79
1970-01-01 00:00:00.000000081,81.526024,86,80
1970-01-01 00:00:00.000000082,81.800545,86,80
1970-01-01 00:00:00.000000083,81.71963,86,80
1970-01-01 00:00:00.000000084,81.64025,86,80
1970-01-01 00:00:00.000000082,80.876816,86,81
1970-01-01 00:00:00.000000083,81.11667,86,81
1970-01-01 00:00:00.000000084,81.00729,86,81
1970-01-01 00:00:00.000000085,80.977,86,81
1970-01-01 00:00:00.000000083,76.737144,86,82
1970-01-01 00:00:00.000000084,77.47204,86,82
1970-01-01 00:00:00.000000085,77.21154,86,82
1970-01-01 00:00:00.000000086,76.87723,86,82
1970-01-01 00:00:00.000000084,73.37109,86,83
1970-01-01 00:00:00.000000085,74.04762,86,83
1970-01-01 00:00:00.000000086,73.84905,86,83
1970-01-01 00:00:00.000000087,73.45715,86,83
1970-01-01 00:00:00.000000085,72.24563,86,84
1970-01-01 00:00:00.000000086,72.5737,86,84
1970-01-01 00:00:00.000000087,72.47387,86,84
1970-01-01 00:00:00.000000088,72.30977,86,84
1970-01-01 00:00:00.000000086,71.254776,86,85
1970-01-01 00:00:00.000000087,71.55974,86,85
1970-01-01 00:00:00.000000088,71.40855,86,85
1970-01-01 00:00:00.000000089,71.261055,86,85
1970-01-01 00:00:00.000000087,70.209854,86,86
1970-01-01 00:00:00.000000088,70.532005,86,86
1970-01-01 00:00:00.000000089,70.43524,86,86
1970-01-01 00:00:00.000000090,70.260765,86,86
1970-01-01 00:00:00.000000088,66.25965,86,87
1970-01-01 00:00:00.000000089,66.98801,86,87
1970-01-01 00:00:00.000000090,66.48929,86,87
1970-01-01 00:00:00.000000091,66.10851,86,87
1970-01-01 00:00:00.000000089,64.58539,86,88
1970-01-01 00:00:00.000000090,64.94773,86,88
1970-01-01 00:00:00.000000091,64.804756,86,88
1970-01-01 00:00:00.000000092,64.6558,86,88
1970-01-01 00:00:00.000000090,63.148155,86,89
1970-01-01 00:00:00.000000091,63.48006,86,89
1970-01-01 00:00:00.000000092,63.42109,86,89
1970-01-01 00:00:00.000000093,63.480476,86,89
1970-01-01 00:00:00.000000091,62.04878,86,90
1970-01-01 00:00:00.000000092,62.31894,86,90
1970-01-01 00:00:00.000000093,62.504333,86,90
1970-01-01 00:00:00.000000094,62.377827,86,90
1970-01-01 00:00:00.000000092,61.347614,86,91
1970-01-01 00:00:00.000000093,61.809097,86,91
1970-01-01 00:00:00.000000094,61.908558,86,91
1970-01-01 00:00:00.000000095,61.704475,86,91
1970-01-01 00:00:00.000000093,63.25245,86,92
1970-01-01 00:00:00.000000094,63.496704,86,92
1970-01-01 00:00:00.000000095,63.798954,86,92
1970-01-01 00:00:00.000000096,63.85387,86,92
1970-01-01 00:00:00.000000094,66.71248,86,93
1970-01-01 00:00:00.000000095,66.93724,86,93
1970-01-01 00:00:00.000000096,67.50605,86,93
1970-01-01 00:00:00.000000097,67.34467,86,93
1970-01-01 00:00:00.000000095,67.84952,86,94
1970-01-01 00:00:00.000000096,68.218605,86,94
1970-01-01 00:00:00.000000097,68.2855,86,94
1970-01-01 00:00:00.000000098,68.17268,86,94
1970-01-01 00:00:00.000000096,65.17948,86,95
1970-01-01 00:00:00.000000097,65.570045,86,95
1970-01-01 00:00:00.000000098,65.23646,86,95
1970-01-01 00:00:00.000000099,65.114,86,95
1970-01-01 00:00:00.000000097,68.248604,86,96
1970-01-01 00:00:00.000000098,68.67198,86,96
1970-01-01 00:00:00.000000099,69.29338,86,96
1970-01-01 00:00:00.000000100,69.1114,86,96
1970-01-01 00:00:00.000000098,67.9307,86,97
1970-01-01 00:00:00.000000099,68.36193,86,97
1970-01-01 00:00:00.000000100,68.28883,86,97
1970-01-01 00:00:00.000000101,68.23251,86,97
1970-01-01 00:00:00.000000099,65.184975,86,98
1970-01-01 00:00:00.000000100,65.52424,86,98
1970-01-01 00:00:00.000000101,65.4893,86,98
1970-01-01 00:00:00.000000102,65.34885,86,98
1970-01-01 00:00:00.000000100,70.04639,86,99
1970-01-01 00:00:00.000000101,70.72049,86,99
1970-01-01 00:00:00.000000102,71.864395,86,99
1970-01-01 00:00:00.000000103,71.81401,86,99
1970-01-01 00:00:00.000000101,69.24855,86,100
1970-01-01 00:00:00.000000102,69.69311,86,100
1970-01-01 00:00:00.000000103,69.61148,86,100
1970-01-01 00:00:00.000000104,69.343254,86,100
1970-01-01 00:00:00.000000009,48.32716,87,8
1970-01-01 00:00:00.000000010,48.4308,87,8
1970-01-01 00:00:00.000000011,48.410873,87,8
1970-01-01 00:00:00.000000012,48.323982,87,8
1970-01-01 00:00:00.000000010,48.095165,87,9
1970-01-01 00:00:00.000000011,48.15688,87,9
1970-01-01 00:00:00.000000012,48.076675,87,9
1970-01-01 00:00:00.000000013,48.018482,87,9
1970-01-01 00:00:00.000000011,49.107075,87,10
1970-01-01 00:00:00.000000012,49.122272,87,10
1970-01-01 00:00:00.000000013,49.20284,87,10
1970-01-01 00:00:00.000000014,49.120995,87,10
1970-01-01 00:00:00.000000012,48.600327,87,11
1970-01-01 00:00:00.000000013,48.720497,87,11
1970-01-01 00:00:00.000000014,48.55027,87,11
1970-01-01 00:00:00.000000015,48.568527,87,11
1970-01-01 00:00:00.000000013,47.844734,87,12
1970-01-01 00:00:00.000000014,47.854706,87,12
1970-01-01 00:00:00.000000015,47.86023,87,12
1970-01-01 00:00:00.000000016,47.906776,87,12
1970-01-01 00:00:00.000000014,49.030937,87,13
1970-01-01 00:00:00.000000015,49.064762,87,13
1970-01-01 00:00:00.000000016,49.391205,87,13
1970-01-01 00:00:00.000000017,49.395523,87,13
1970-01-01 00:00:00.000000015,50.744072,87,14
1970-01-01 00:00:00.000000016,50.786774,87,14
1970-01-01 00:00:00.000000017,51.060024,87,14
1970-01-01 00:00:00.000000018,51.01903,87,14
1970-01-01 00:00:00.000000016,54.0338,87,15
1970-01-01 00:00:00.000000017,53.91453,87,15
1970-01-01 00:00:00.000000018,54.353546,87,15
1970-01-01 00:00:00.000000019,54.363857,87,15
1970-01-01 00:00:00.000000017,54.70491,87,16
1970-01-01 00:00:00.000000018,54.667137,87,16
1970-01-01 00:00:00.000000019,54.739643,87,16
1970-01-01 00:00:00.000000020,54.761185,87,16
1970-01-01 00:00:00.000000018,57.526443,87,17
1970-01-01 00:00:00.000000019,57.35608,87,17
1970-01-01 00:00:00.000000020,57.795742,87,17
1970-01-01 00:00:00.000000021,57.719677,87,17
1970-01-01 00:00:00.000000019,58.86737,87,18
1970-01-01 00:00:00.000000020,58.87414,87,18
1970-01-01 00:00:00.000000021,58.98225,87,18
1970-01-01 00:00:00.000000022,58.906048,87,18
1970-01-01 00:00:00.000000020,62.202564,87,19
1970-01-01 00:00:00.000000021,62.019146,87,19
1970-01-01 00:00:00.000000022,62.171127,87,19
1970-01-01 00:00:00.000000023,61.991653,87,19
1970-01-01 00:00:00.000000021,64.237015,87,20
1970-01-01 00:00:00.000000022,64.15253,87,20
1970-01-01 00:00:00.000000023,64.16148,87,20
1970-01-01 00:00:00.000000024,64.23834,87,20
1970-01-01 00:00:00.000000022,67.630875,87,21
1970-01-01 00:00:00.000000023,67.30083,87,21
1970-01-01 00:00:00.000000024,67.5675,87,21
1970-01-01 00:00:00.000000025,67.54825,87,21
1970-01-01 00:00:00.000000023,70.197105,87,22
1970-01-01 00:00:00.000000024,70.217896,87,22
1970-01-01 00:00:00.000000025,70.3895,87,22
1970-01-01 00:00:00.000000026,70.18305,87,22
1970-01-01 00:00:00.000000024,68.48124,87,23
1970-01-01 00:00:00.000000025,68.58822,87,23
1970-01-01 00:00:00.000000026,68.00454,87,23
1970-01-01 00:00:00.000000027,67.72113,87,23
1970-01-01 00:00:00.000000025,69.35712,87,24
1970-01-01 00:00:00.000000026,69.23894,87,24
1970-01-01 00:00:00.000000027,69.11546,87,24
1970-01-01 00:00:00.000000028,68.98125,87,24
1970-01-01 00:00:00.000000026,69.24071,87,25
1970-01-01 00:00:00.000000027,69.25555,87,25
1970-01-01 00:00:00.000000028,68.98388,87,25
1970-01-01 00:00:00.000000029,68.84945,87,25
1970-01-01 00:00:00.000000027,68.73676,87,26
1970-01-01 00:00:00.000000028,68.76475,87,26
1970-01-01 00:00:00.000000029,68.49468,87,26
1970-01-01 00:00:00.000000030,68.33068,87,26
1970-01-01 00:00:00.000000028,67.78378,87,27
1970-01-01 00:00:00.000000029,67.890495,87,27
1970-01-01 00:00:00.000000030,67.51219,87,27
1970-01-01 00:00:00.000000031,67.23317,87,27
1970-01-01 00:00:00.000000029,65.55636,87,28
1970-01-01 00:00:00.000000030,65.74471,87,28
1970-01-01 00:00:00.000000031,64.96947,87,28
1970-01-01 00:00:00.000000032,64.68556,87,28
1970-01-01 00:00:00.000000030,66.64652,87,29
1970-01-01 00:00:00.000000031,66.546875,87,29
1970-01-01 00:00:00.000000032,66.37317,87,29
1970-01-01 00:00:00.000000033,66.387566,87,29
1970-01-01 00:00:00.000000031,67.85637,87,30
1970-01-01 00:00:00.000000032,67.81772,87,30
1970-01-01 00:00:00.000000033,67.794426,87,30
1970-01-01 00:00:00.000000034,67.648415,87,30
1970-01-01 00:00:00.000000032,64.22366,87,31
1970-01-01 00:00:00.000000033,64.762856,87,31
1970-01-01 00:00:00.000000034,63.870613,87,31
1970-01-01 00:00:00.000000035,63.38116,87,31
1970-01-01 00:00:00.000000033,62.086678,87,32
1970-01-01 00:00:00.000000034,62.19805,87,32
1970-01-01 00:00:00.000000035,61.7423,87,32
1970-01-01 00:00:00.000000036,61.54923,87,32
1970-01-01 00:00:00.000000034,62.159363,87,33
1970-01-01 00:00:00.000000035,62.20845,87,33
1970-01-01 00:00:00.000000036,62.011444,87,33
1970-01-01 00:00:00.000000037,61.83419,87,33
1970-01-01 00:00:00.000000035,59.821907,87,34
1970-01-01 00:00:00.000000036,60.062782,87,34
1970-01-01 00:00:00.000000037,59.39823,87,34
1970-01-01 00:00:00.000000038,59.194977,87,34
1970-01-01 00:00:00.000000036,60.406258,87,35
1970-01-01 00:00:00.000000037,60.40435,87,35
1970-01-01 00:00:00.000000038,60.31661,87,35
1970-01-01 00:00:00.000000039,60.08762,87,35
1970-01-01 00:00:00.000000037,61.102547,87,36
1970-01-01 00:00:00.000000038,61.23688,87,36
1970-01-01 00:00:00.000000039,61.010925,87,36
1970-01-01 00:00:00.000000040,60.833134,87,36
1970-01-01 00:00:00.000000038,59.817352,87,37
1970-01-01 00:00:00.000000039,59.890232,87,37
1970-01-01 00:00:00.000000040,59.374695,87,37
1970-01-01 00:00:00.000000041,59.213745,87,37
1970-01-01 00:00:00.000000039,60.741074,87,38
1970-01-01 00:00:00.000000040,60.745605,87,38
1970-01-01 00:00:00.000000041,60.66233,87,38
1970-01-01 00:00:00.000000042,60.602913,87,38
1970-01-01 00:00:00.000000040,61.000633,87,39
1970-01-01 00:00:00.000000041,61.083355,87,39
1970-01-01 00:00:00.000000042,60.949253,87,39
1970-01-01 00:00:00.000000043,60.758987,87,39
1970-01-01 00:00:00.000000041,63.89188,87,40
1970-01-01 00:00:00.000000042,63.95084,87,40
1970-01-01 00:00:00.000000043,63.907288,87,40
1970-01-01 00:00:00.000000044,63.73932,87,40
1970-01-01 00:00:00.000000042,62.122116,87,41
1970-01-01 00:00:00.000000043,62.267178,87,41
1970-01-01 00:00:00.000000044,61.661903,87,41
1970-01-01 00:00:00.000000045,61.28344,87,41
1970-01-01 00:00:00.000000043,63.71539,87,42
1970-01-01 00:00:00.000000044,63.773724,87,42
1970-01-01 00:00:00.000000045,63.552063,87,42
1970-01-01 00:00:00.000000046,63.288513,87,42
1970-01-01 00:00:00.000000044,64.44123,87,43
1970-01-01 00:00:00.000000045,64.4527,87,43
1970-01-01 00:00:00.000000046,64.13373,87,43
1970-01-01 00:00:00.000000047,63.946007,87,43
1970-01-01 00:00:00.000000045,64.869194,87,44
1970-01-01 00:00:00.000000046,64.91338,87,44
1970-01-01 00:00:00.000000047,64.564865,87,44
1970-01-01 00:00:00.000000048,64.31816,87,44
1970-01-01 00:00:00.000000046,64.78796,87,45
1970-01-01 00:00:00.000000047,64.90842,87,45
1970-01-01 00:00:00.000000048,64.46994,87,45
1970-01-01 00:00:00.000000049,64.26744,87,45
1970-01-01 00:00:00.000000047,61.55341,87,46
1970-01-01 00:00:00.000000048,61.813244,87,46
1970-01-01 00:00:00.000000049,60.746704,87,46
1970-01-01 00:00:00.000000050,60.44953,87,46
1970-01-01 00:00:00.000000048,60.46587,87,47
1970-01-01 00:00:00.000000049,60.60261,87,47
1970-01-01 00:00:00.000000050,60.23213,87,47
1970-01-01 00:00:00.000000051,60.010372,87,47
1970-01-01 00:00:00.000000049,59.288113,87,48
1970-01-01 00:00:00.000000050,59.529587,87,48
1970-01-01 00:00:00.000000051,59.043888,87,48
1970-01-01 00:00:00.000000052,58.806168,87,48
1970-01-01 00:00:00.000000050,56.82128,87,49
1970-01-01 00:00:00.000000051,57.07503,87,49
1970-01-01 00:00:00.000000052,56.361954,87,49
1970-01-01 00:00:00.000000053,56.022354,87,49
1970-01-01 00:00:00.000000051,52.462543,87,50
1970-01-01 00:00:00.000000052,52.993126,87,50
1970-01-01 00:00:00.000000053,51.81184,87,50
1970-01-01 00:00:00.000000054,51.262257,87,50
1970-01-01 00:00:00.000000052,50.875282,87,51
1970-01-01 00:00:00.000000053,51.068096,87,51
1970-01-01 00:00:00.000000054,50.550896,87,51
1970-01-01 00:00:00.000000055,50.27998,87,51
1970-01-01 00:00:00.000000053,48.52329,87,52
1970-01-01 00:00:00.000000054,48.797268,87,52
1970-01-01 00:00:00.000000055,48.016754,87,52
1970-01-01 00:00:00.000000056,47.74299,87,52
1970-01-01 00:00:00.000000054,46.69222,87,53
1970-01-01 00:00:00.000000055,46.911705,87,53
1970-01-01 00:00:00.000000056,46.30475,87,53
1970-01-01 00:00:00.000000057,45.98082,87,53
1970-01-01 00:00:00.000000055,47.391796,87,54
1970-01-01 00:00:00.000000056,47.529755,87,54
1970-01-01 00:00:00.000000057,47.279697,87,54
1970-01-01 00:00:00.000000058,47.179222,87,54
1970-01-01 00:00:00.000000056,43.25513,87,55
1970-01-01 00:00:00.000000057,43.61601,87,55
1970-01-01 00:00:00.000000058,42.60512,87,55
1970-01-01 00:00:00.000000059,42.338154,87,55
1970-01-01 00:00:00.000000057,44.238163,87,56
1970-01-01 00:00:00.000000058,44.372795,87,56
1970-01-01 00:00:00.000000059,44.396427,87,56
1970-01-01 00:00:00.000000060,44.20793,87,56
1970-01-01 00:00:00.000000058,45.239594,87,57
1970-01-01 00:00:00.000000059,45.401352,87,57
1970-01-01 00:00:00.000000060,45.257282,87,57
1970-01-01 00:00:00.000000061,45.044132,87,57
1970-01-01 00:00:00.000000059,47.62546,87,58
1970-01-01 00:00:00.000000060,47.69224,87,58
1970-01-01 00:00:00.000000061,47.541805,87,58
1970-01-01 00:00:00.000000062,47.36169,87,58
1970-01-01 00:00:00.000000060,47.65862,87,59
1970-01-01 00:00:00.000000061,47.754456,87,59
1970-01-01 00:00:00.000000062,47.46688,87,59
1970-01-01 00:00:00.000000063,47.301964,87,59
1970-01-01 00:00:00.000000061,47.796097,87,60
1970-01-01 00:00:00.000000062,47.929245,87,60
1970-01-01 00:00:00.000000063,47.7051,87,60
1970-01-01 00:00:00.000000064,47.526245,87,60
1970-01-01 00:00:00.000000062,46.70952,87,61
1970-01-01 00:00:00.000000063,46.925835,87,61
1970-01-01 00:00:00.000000064,46.489456,87,61
1970-01-01 00:00:00.000000065,46.17497,87,61
1970-01-01 00:00:00.000000063,47.74702,87,62
1970-01-01 00:00:00.000000064,47.861786,87,62
1970-01-01 00:00:00.000000065,47.589493,87,62
1970-01-01 00:00:00.000000066,47.368378,87,62
1970-01-01 00:00:00.000000064,50.48832,87,63
1970-01-01 00:00:00.000000065,50.557262,87,63
1970-01-01 00:00:00.000000066,50.268463,87,63
1970-01-01 00:00:00.000000067,50.150948,87,63
1970-01-01 00:00:00.000000065,53.201477,87,64
1970-01-01 00:00:00.000000066,53.23187,87,64
1970-01-01 00:00:00.000000067,53.17789,87,64
1970-01-01 00:00:00.000000068,53.07801,87,64
1970-01-01 00:00:00.000000066,52.67776,87,65
1970-01-01 00:00:00.000000067,52.88718,87,65
1970-01-01 00:00:00.000000068,52.59631,87,65
1970-01-01 00:00:00.000000069,52.385998,87,65
1970-01-01 00:00:00.000000067,53.779686,87,66
1970-01-01 00:00:00.000000068,53.946312,87,66
1970-01-01 00:00:00.000000069,53.816753,87,66
1970-01-01 00:00:00.000000070,53.563957,87,66
1970-01-01 00:00:00.000000068,55.031162,87,67
1970-01-01 00:00:00.000000069,55.129356,87,67
1970-01-01 00:00:00.000000070,54.92125,87,67
1970-01-01 00:00:00.000000071,54.734875,87,67
1970-01-01 00:00:00.000000069,54.674774,87,68
1970-01-01 00:00:00.000000070,54.795033,87,68
1970-01-01 00:00:00.000000071,54.38995,87,68
1970-01-01 00:00:00.000000072,54.14351,87,68
1970-01-01 00:00:00.000000070,59.34892,87,69
1970-01-01 00:00:00.000000071,59.53173,87,69
1970-01-01 00:00:00.000000072,59.14137,87,69
1970-01-01 00:00:00.000000073,58.747517,87,69
1970-01-01 00:00:00.000000071,57.88309,87,70
1970-01-01 00:00:00.000000072,58.139313,87,70
1970-01-01 00:00:00.000000073,57.3834,87,70
1970-01-01 00:00:00.000000074,56.954964,87,70
1970-01-01 00:00:00.000000072,58.207336,87,71
1970-01-01 00:00:00.000000073,58.380188,87,71
1970-01-01 00:00:00.000000074,57.970863,87,71
1970-01-01 00:00:00.000000075,57.75416,87,71
1970-01-01 00:00:00.000000009,135.75836,88,8
1970-01-01 00:00:00.000000010,136.44518,88,8
1970-01-01 00:00:00.000000011,135.25298,88,8
1970-01-01 00:00:00.000000012,134.73131,88,8
1970-01-01 00:00:00.000000010,133.87729,88,9
1970-01-01 00:00:00.000000011,134.33499,88,9
1970-01-01 00:00:00.000000012,133.46309,88,9
1970-01-01 00:00:00.000000013,133.01118,88,9
1970-01-01 00:00:00.000000011,132.97002,88,10
1970-01-01 00:00:00.000000012,133.35046,88,10
1970-01-01 00:00:00.000000013,132.62146,88,10
1970-01-01 00:00:00.000000014,132.35631,88,10
1970-01-01 00:00:00.000000012,132.53566,88,11
1970-01-01 00:00:00.000000013,132.79039,88,11
1970-01-01 00:00:00.000000014,132.19003,88,11
1970-01-01 00:00:00.000000015,131.94075,88,11
1970-01-01 00:00:00.000000013,132.45062,88,12
1970-01-01 00:00:00.000000014,132.8099,88,12
1970-01-01 00:00:00.000000015,132.26672,88,12
1970-01-01 00:00:00.000000016,131.9495,88,12
1970-01-01 00:00:00.000000014,125.59587,88,13
1970-01-01 00:00:00.000000015,126.888145,88,13
1970-01-01 00:00:00.000000016,124.50348,88,13
1970-01-01 00:00:00.000000017,123.91607,88,13
1970-01-01 00:00:00.000000015,125.546196,88,14
1970-01-01 00:00:00.000000016,125.735634,88,14
1970-01-01 00:00:00.000000017,125.35555,88,14
1970-01-01 00:00:00.000000018,125.137794,88,14
1970-01-01 00:00:00.000000016,128.46606,88,15
1970-01-01 00:00:00.000000017,129.28513,88,15
1970-01-01 00:00:00.000000018,128.59288,88,15
1970-01-01 00:00:00.000000019,127.97278,88,15
1970-01-01 00:00:00.000000017,123.080956,88,16
1970-01-01 00:00:00.000000018,124.37666,88,16
1970-01-01 00:00:00.000000019,121.91793,88,16
1970-01-01 00:00:00.000000020,120.9534,88,16
1970-01-01 00:00:00.000000018,125.64043,88,17
1970-01-01 00:00:00.000000019,126.061584,88,17
1970-01-01 00:00:00.000000020,125.14419,88,17
1970-01-01 00:00:00.000000021,124.675064,88,17
1970-01-01 00:00:00.000000019,124.506256,88,18
1970-01-01 00:00:00.000000020,125.19478,88,18
1970-01-01 00:00:00.000000021,124.01337,88,18
1970-01-01 00:00:00.000000022,123.47814,88,18
1970-01-01 00:00:00.000000020,123.56774,88,19
1970-01-01 00:00:00.000000021,123.90071,88,19
1970-01-01 00:00:00.000000022,123.23836,88,19
1970-01-01 00:00:00.000000023,122.96016,88,19
1970-01-01 00:00:00.000000021,122.75452,88,20
1970-01-01 00:00:00.000000022,123.09256,88,20
1970-01-01 00:00:00.000000023,122.413506,88,20
1970-01-01 00:00:00.000000024,122.13466,88,20
1970-01-01 00:00:00.000000022,121.75221,88,21
1970-01-01 00:00:00.000000023,122.12366,88,21
1970-01-01 00:00:00.000000024,121.44338,88,21
1970-01-01 00:00:00.000000025,121.175316,88,21
1970-01-01 00:00:00.000000023,123.449585,88,22
1970-01-01 00:00:00.000000024,123.78638,88,22
1970-01-01 00:00:00.000000025,123.250046,88,22
1970-01-01 00:00:00.000000026,123.000015,88,22
1970-01-01 00:00:00.000000024,121.47917,88,23
1970-01-01 00:00:00.000000025,122.11223,88,23
1970-01-01 00:00:00.000000026,121.068054,88,23
1970-01-01 00:00:00.000000027,120.60548,88,23
1970-01-01 00:00:00.000000025,122.55382,88,24
1970-01-01 00:00:00.000000026,122.902016,88,24
1970-01-01 00:00:00.000000027,122.369736,88,24
1970-01-01 00:00:00.000000028,122.05562,88,24
1970-01-01 00:00:00.000000026,122.25988,88,25
1970-01-01 00:00:00.000000027,122.62141,88,25
1970-01-01 00:00:00.000000028,121.90773,88,25
1970-01-01 00:00:00.000000029,121.562584,88,25
1970-01-01 00:00:00.000000027,119.250114,88,26
1970-01-01 00:00:00.000000028,119.866425,88,26
1970-01-01 00:00:00.000000029,118.516716,88,26
1970-01-01 00:00:00.000000030,118.16915,88,26
1970-01-01 00:00:00.000000028,119.36465,88,27
1970-01-01 00:00:00.000000029,119.58089,88,27
1970-01-01 00:00:00.000000030,119.10941,88,27
1970-01-01 00:00:00.000000031,118.88462,88,27
1970-01-01 00:00:00.000000029,111.225876,88,28
1970-01-01 00:00:00.000000030,112.93895,88,28
1970-01-01 00:00:00.000000031,110.35988,88,28
1970-01-01 00:00:00.000000032,109.23746,88,28
1970-01-01 00:00:00.000000030,104.63717,88,29
1970-01-01 00:00:00.000000031,105.884384,88,29
1970-01-01 00:00:00.000000032,103.492615,88,29
1970-01-01 00:00:00.000000033,102.72965,88,29
1970-01-01 00:00:00.000000031,107.78474,88,30
1970-01-01 00:00:00.000000032,108.23994,88,30
1970-01-01 00:00:00.000000033,107.44963,88,30
1970-01-01 00:00:00.000000034,107.28483,88,30
1970-01-01 00:00:00.000000032,111.09753,88,31
1970-01-01 00:00:00.000000033,111.42122,88,31
1970-01-01 00:00:00.000000034,111.05568,88,31
1970-01-01 00:00:00.000000035,110.82988,88,31
1970-01-01 00:00:00.000000033,108.35788,88,32
1970-01-01 00:00:00.000000034,109.191414,88,32
1970-01-01 00:00:00.000000035,107.987625,88,32
1970-01-01 00:00:00.000000036,107.3913,88,32
1970-01-01 00:00:00.000000034,107.787506,88,33
1970-01-01 00:00:00.000000035,108.15236,88,33
1970-01-01 00:00:00.000000036,107.482414,88,33
1970-01-01 00:00:00.000000037,107.28283,88,33
1970-01-01 00:00:00.000000035,105.94499,88,34
1970-01-01 00:00:00.000000036,106.33709,88,34
1970-01-01 00:00:00.000000037,105.42455,88,34
1970-01-01 00:00:00.000000038,105.14586,88,34
1970-01-01 00:00:00.000000036,105.495575,88,35
1970-01-01 00:00:00.000000037,105.88479,88,35
1970-01-01 00:00:00.000000038,105.35056,88,35
1970-01-01 00:00:00.000000039,105.05373,88,35
1970-01-01 00:00:00.000000037,101.61594,88,36
1970-01-01 00:00:00.000000038,102.47159,88,36
1970-01-01 00:00:00.000000039,100.90802,88,36
1970-01-01 00:00:00.000000040,100.48897,88,36
1970-01-01 00:00:00.000000038,99.887184,88,37
1970-01-01 00:00:00.000000039,100.338394,88,37
1970-01-01 00:00:00.000000040,99.45986,88,37
1970-01-01 00:00:00.000000041,99.16046,88,37
1970-01-01 00:00:00.000000039,97.27045,88,38
1970-01-01 00:00:00.000000040,97.928925,88,38
1970-01-01 00:00:00.000000041,96.86599,88,38
1970-01-01 00:00:00.000000042,96.553,88,38
1970-01-01 00:00:00.000000040,94.95073,88,39
1970-01-01 00:00:00.000000041,95.487076,88,39
1970-01-01 00:00:00.000000042,94.52462,88,39
1970-01-01 00:00:00.000000043,94.33273,88,39
1970-01-01 00:00:00.000000041,95.74359,88,40
1970-01-01 00:00:00.000000042,96.070076,88,40
1970-01-01 00:00:00.000000043,95.74745,88,40
1970-01-01 00:00:00.000000044,95.55422,88,40
1970-01-01 00:00:00.000000042,91.22729,88,41
1970-01-01 00:00:00.000000043,92.2674,88,41
1970-01-01 00:00:00.000000044,90.81012,88,41
1970-01-01 00:00:00.000000045,90.403755,88,41
1970-01-01 00:00:00.000000043,90.03799,88,42
1970-01-01 00:00:00.000000044,90.47495,88,42
1970-01-01 00:00:00.000000045,89.80404,88,42
1970-01-01 00:00:00.000000046,89.574104,88,42
1970-01-01 00:00:00.000000044,89.31443,88,43
1970-01-01 00:00:00.000000045,89.7305,88,43
1970-01-01 00:00:00.000000046,89.22028,88,43
1970-01-01 00:00:00.000000047,89.00625,88,43
1970-01-01 00:00:00.000000045,86.58735,88,44
1970-01-01 00:00:00.000000046,87.1946,88,44
1970-01-01 00:00:00.000000047,86.19574,88,44
1970-01-01 00:00:00.000000048,85.92988,88,44
1970-01-01 00:00:00.000000046,87.62554,88,45
1970-01-01 00:00:00.000000047,87.931145,88,45
1970-01-01 00:00:00.000000048,87.59898,88,45
1970-01-01 00:00:00.000000049,87.42647,88,45
1970-01-01 00:00:00.000000047,87.789665,88,46
1970-01-01 00:00:00.000000048,88.26725,88,46
1970-01-01 00:00:00.000000049,87.643265,88,46
1970-01-01 00:00:00.000000050,87.028336,88,46
1970-01-01 00:00:00.000000048,87.69196,88,47
1970-01-01 00:00:00.000000049,88.47273,88,47
1970-01-01 00:00:00.000000050,86.97547,88,47
1970-01-01 00:00:00.000000051,86.00683,88,47
1970-01-01 00:00:00.000000049,87.37592,88,48
1970-01-01 00:00:00.000000050,87.83058,88,48
1970-01-01 00:00:00.000000051,85.90227,88,48
1970-01-01 00:00:00.000000052,86.30146,88,48
1970-01-01 00:00:00.000000050,87.768486,88,49
1970-01-01 00:00:00.000000051,87.51872,88,49
1970-01-01 00:00:00.000000052,86.92649,88,49
1970-01-01 00:00:00.000000053,87.27572,88,49
1970-01-01 00:00:00.000000051,87.22848,88,50
1970-01-01 00:00:00.000000052,88.5477,88,50
1970-01-01 00:00:00.000000053,88.521904,88,50
1970-01-01 00:00:00.000000054,88.28279,88,50
1970-01-01 00:00:00.000000052,59.71385,88,51
1970-01-01 00:00:00.000000053,68.0309,88,51
1970-01-01 00:00:00.000000054,64.5159,88,51
1970-01-01 00:00:00.000000055,63.435665,88,51
1970-01-01 00:00:00.000000053,68.05352,88,52
1970-01-01 00:00:00.000000054,68.40017,88,52
1970-01-01 00:00:00.000000055,68.64305,88,52
1970-01-01 00:00:00.000000056,69.7857,88,52
1970-01-01 00:00:00.000000054,72.5759,88,53
1970-01-01 00:00:00.000000055,76.5048,88,53
1970-01-01 00:00:00.000000056,81.83251,88,53
1970-01-01 00:00:00.000000057,75.929726,88,53
1970-01-01 00:00:00.000000055,64.750854,88,54
1970-01-01 00:00:00.000000056,72.91874,88,54
1970-01-01 00:00:00.000000057,67.64058,88,54
1970-01-01 00:00:00.000000058,66.082375,88,54
1970-01-01 00:00:00.000000056,65.22682,88,55
1970-01-01 00:00:00.000000057,64.40662,88,55
1970-01-01 00:00:00.000000058,61.379257,88,55
1970-01-01 00:00:00.000000059,62.531822,88,55
1970-01-01 00:00:00.000000057,64.761284,88,56
1970-01-01 00:00:00.000000058,66.49752,88,56
1970-01-01 00:00:00.000000059,67.59407,88,56
1970-01-01 00:00:00.000000060,71.19393,88,56
1970-01-01 00:00:00.000000058,51.936344,88,57
1970-01-01 00:00:00.000000059,55.804287,88,57
1970-01-01 00:00:00.000000060,61.399284,88,57
1970-01-01 00:00:00.000000061,61.996227,88,57
1970-01-01 00:00:00.000000059,49.063236,88,58
1970-01-01 00:00:00.000000060,53.0094,88,58
1970-01-01 00:00:00.000000061,55.797718,88,58
1970-01-01 00:00:00.000000062,54.868687,88,58
1970-01-01 00:00:00.000000060,51.954643,88,59
1970-01-01 00:00:00.000000061,52.49556,88,59
1970-01-01 00:00:00.000000062,52.91595,88,59
1970-01-01 00:00:00.000000063,52.8785,88,59
1970-01-01 00:00:00.000000061,49.84691,88,60
1970-01-01 00:00:00.000000062,50.11872,88,60
1970-01-01 00:00:00.000000063,49.951828,88,60
1970-01-01 00:00:00.000000064,49.960648,88,60
1970-01-01 00:00:00.000000062,52.962265,88,61
1970-01-01 00:00:00.000000063,53.109493,88,61
1970-01-01 00:00:00.000000064,53.401524,88,61
1970-01-01 00:00:00.000000065,53.557365,88,61
1970-01-01 00:00:00.000000063,57.558372,88,62
1970-01-01 00:00:00.000000064,57.648323,88,62
1970-01-01 00:00:00.000000065,57.854744,88,62
1970-01-01 00:00:00.000000066,58.01948,88,62
1970-01-01 00:00:00.000000064,63.83633,88,63
1970-01-01 00:00:00.000000065,63.870476,88,63
1970-01-01 00:00:00.000000066,64.562904,88,63
1970-01-01 00:00:00.000000067,64.722694,88,63
1970-01-01 00:00:00.000000065,68.74491,88,64
1970-01-01 00:00:00.000000066,68.60291,88,64
1970-01-01 00:00:00.000000067,69.339386,88,64
1970-01-01 00:00:00.000000068,69.72856,88,64
1970-01-01 00:00:00.000000066,74.64953,88,65
1970-01-01 00:00:00.000000067,74.2915,88,65
1970-01-01 00:00:00.000000068,75.29041,88,65
1970-01-01 00:00:00.000000069,75.697845,88,65
1970-01-01 00:00:00.000000009,115.68555,89,8
1970-01-01 00:00:00.000000010,115.998276,89,8
1970-01-01 00:00:00.000000011,115.48272,89,8
1970-01-01 00:00:00.000000012,115.069725,89,8
1970-01-01 00:00:00.000000010,117.60288,89,9
1970-01-01 00:00:00.000000011,117.89991,89,9
1970-01-01 00:00:00.000000012,117.31212,89,9
1970-01-01 00:00:00.000000013,117.117775,89,9
1970-01-01 00:00:00.000000011,120.21326,89,10
1970-01-01 00:00:00.000000012,120.39354,89,10
1970-01-01 00:00:00.000000013,119.868454,89,10
1970-01-01 00:00:00.000000014,119.6633,89,10
1970-01-01 00:00:00.000000012,122.12057,89,11
1970-01-01 00:00:00.000000013,122.38678,89,11
1970-01-01 00:00:00.000000014,122.0071,89,11
1970-01-01 00:00:00.000000015,121.72862,89,11
1970-01-01 00:00:00.000000013,123.04513,89,12
1970-01-01 00:00:00.000000014,123.33382,89,12
1970-01-01 00:00:00.000000015,122.856094,89,12
1970-01-01 00:00:00.000000016,122.56693,89,12
1970-01-01 00:00:00.000000014,125.778824,89,13
1970-01-01 00:00:00.000000015,126.076706,89,13
1970-01-01 00:00:00.000000016,125.306496,89,13
1970-01-01 00:00:00.000000017,125.02318,89,13
1970-01-01 00:00:00.000000015,126.9456,89,14
1970-01-01 00:00:00.000000016,127.17797,89,14
1970-01-01 00:00:00.000000017,126.68861,89,14
1970-01-01 00:00:00.000000018,126.45227,89,14
1970-01-01 00:00:00.000000016,127.48515,89,15
1970-01-01 00:00:00.000000017,127.74881,89,15
1970-01-01 00:00:00.000000018,127.33945,89,15
1970-01-01 00:00:00.000000019,127.05331,89,15
1970-01-01 00:00:00.000000017,125.532,89,16
1970-01-01 00:00:00.000000018,126.08731,89,16
1970-01-01 00:00:00.000000019,125.12412,89,16
1970-01-01 00:00:00.000000020,124.610634,89,16
1970-01-01 00:00:00.000000018,125.78334,89,17
1970-01-01 00:00:00.000000019,125.97455,89,17
1970-01-01 00:00:00.000000020,125.42514,89,17
1970-01-01 00:00:00.000000021,125.20088,89,17
1970-01-01 00:00:00.000000019,125.66593,89,18
1970-01-01 00:00:00.000000020,125.92498,89,18
1970-01-01 00:00:00.000000021,125.36768,89,18
1970-01-01 00:00:00.000000022,125.14522,89,18
1970-01-01 00:00:00.000000020,123.86335,89,19
1970-01-01 00:00:00.000000021,124.27758,89,19
1970-01-01 00:00:00.000000022,123.634544,89,19
1970-01-01 00:00:00.000000023,123.264694,89,19
1970-01-01 00:00:00.000000021,125.26213,89,20
1970-01-01 00:00:00.000000022,125.6159,89,20
1970-01-01 00:00:00.000000023,125.14534,89,20
1970-01-01 00:00:00.000000024,124.77398,89,20
1970-01-01 00:00:00.000000022,127.87501,89,21
1970-01-01 00:00:00.000000023,128.15697,89,21
1970-01-01 00:00:00.000000024,127.554,89,21
1970-01-01 00:00:00.000000025,127.20036,89,21
1970-01-01 00:00:00.000000023,127.33731,89,22
1970-01-01 00:00:00.000000024,127.67668,89,22
1970-01-01 00:00:00.000000025,126.91393,89,22
1970-01-01 00:00:00.000000026,126.51009,89,22
1970-01-01 00:00:00.000000024,128.63118,89,23
1970-01-01 00:00:00.000000025,128.833,89,23
1970-01-01 00:00:00.000000026,128.18181,89,23
1970-01-01 00:00:00.000000027,127.84468,89,23
1970-01-01 00:00:00.000000025,127.49975,89,24
1970-01-01 00:00:00.000000026,127.9016,89,24
1970-01-01 00:00:00.000000027,127.0233,89,24
1970-01-01 00:00:00.000000028,126.620224,89,24
1970-01-01 00:00:00.000000026,129.6921,89,25
1970-01-01 00:00:00.000000027,129.9941,89,25
1970-01-01 00:00:00.000000028,129.19464,89,25
1970-01-01 00:00:00.000000029,128.68253,89,25
1970-01-01 00:00:00.000000027,130.32214,89,26
1970-01-01 00:00:00.000000028,130.62186,89,26
1970-01-01 00:00:00.000000029,129.9811,89,26
1970-01-01 00:00:00.000000030,129.70807,89,26
1970-01-01 00:00:00.000000028,128.52278,89,27
1970-01-01 00:00:00.000000029,128.8803,89,27
1970-01-01 00:00:00.000000030,128.11458,89,27
1970-01-01 00:00:00.000000031,127.7364,89,27
1970-01-01 00:00:00.000000029,128.78033,89,28
1970-01-01 00:00:00.000000030,128.99677,89,28
1970-01-01 00:00:00.000000031,128.58269,89,28
1970-01-01 00:00:00.000000032,128.33127,89,28
1970-01-01 00:00:00.000000030,129.55228,89,29
1970-01-01 00:00:00.000000031,129.75484,89,29
1970-01-01 00:00:00.000000032,129.30241,89,29
1970-01-01 00:00:00.000000033,129.00133,89,29
1970-01-01 00:00:00.000000031,129.17783,89,30
1970-01-01 00:00:00.000000032,129.49088,89,30
1970-01-01 00:00:00.000000033,128.8675,89,30
1970-01-01 00:00:00.000000034,128.55315,89,30
1970-01-01 00:00:00.000000032,128.39694,89,31
1970-01-01 00:00:00.000000033,128.65599,89,31
1970-01-01 00:00:00.000000034,128.02821,89,31
1970-01-01 00:00:00.000000035,127.69524,89,31
1970-01-01 00:00:00.000000033,127.0094,89,32
1970-01-01 00:00:00.000000034,127.3709,89,32
1970-01-01 00:00:00.000000035,126.647484,89,32
1970-01-01 00:00:00.000000036,126.30833,89,32
1970-01-01 00:00:00.000000034,127.06016,89,33
1970-01-01 00:00:00.000000035,127.25458,89,33
1970-01-01 00:00:00.000000036,126.77272,89,33
1970-01-01 00:00:00.000000037,126.46669,89,33
1970-01-01 00:00:00.000000035,129.5213,89,34
1970-01-01 00:00:00.000000036,129.91867,89,34
1970-01-01 00:00:00.000000037,129.04004,89,34
1970-01-01 00:00:00.000000038,128.52182,89,34
1970-01-01 00:00:00.000000036,130.56544,89,35
1970-01-01 00:00:00.000000037,130.79478,89,35
1970-01-01 00:00:00.000000038,130.1865,89,35
1970-01-01 00:00:00.000000039,129.97676,89,35
1970-01-01 00:00:00.000000037,131.07372,89,36
1970-01-01 00:00:00.000000038,131.20825,89,36
1970-01-01 00:00:00.000000039,130.80594,89,36
1970-01-01 00:00:00.000000040,130.58748,89,36
1970-01-01 00:00:00.000000038,132.5907,89,37
1970-01-01 00:00:00.000000039,132.89322,89,37
1970-01-01 00:00:00.000000040,132.44296,89,37
1970-01-01 00:00:00.000000041,132.10872,89,37
1970-01-01 00:00:00.000000039,131.82329,89,38
1970-01-01 00:00:00.000000040,132.27116,89,38
1970-01-01 00:00:00.000000041,131.504,89,38
1970-01-01 00:00:00.000000042,131.06544,89,38
1970-01-01 00:00:00.000000040,130.33797,89,39
1970-01-01 00:00:00.000000041,130.67435,89,39
1970-01-01 00:00:00.000000042,129.97206,89,39
1970-01-01 00:00:00.000000043,129.58672,89,39
1970-01-01 00:00:00.000000041,130.66714,89,40
1970-01-01 00:00:00.000000042,130.85568,89,40
1970-01-01 00:00:00.000000043,130.32631,89,40
1970-01-01 00:00:00.000000044,130.05103,89,40
1970-01-01 00:00:00.000000042,129.95543,89,41
1970-01-01 00:00:00.000000043,130.28363,89,41
1970-01-01 00:00:00.000000044,129.58495,89,41
1970-01-01 00:00:00.000000045,129.2329,89,41
1970-01-01 00:00:00.000000043,130.84497,89,42
1970-01-01 00:00:00.000000044,131.05608,89,42
1970-01-01 00:00:00.000000045,130.49696,89,42
1970-01-01 00:00:00.000000046,130.13553,89,42
1970-01-01 00:00:00.000000044,130.46875,89,43
1970-01-01 00:00:00.000000045,130.81332,89,43
1970-01-01 00:00:00.000000046,130.09505,89,43
1970-01-01 00:00:00.000000047,129.779,89,43
1970-01-01 00:00:00.000000045,130.12894,89,44
1970-01-01 00:00:00.000000046,130.34752,89,44
1970-01-01 00:00:00.000000047,129.81332,89,44
1970-01-01 00:00:00.000000048,129.57863,89,44
1970-01-01 00:00:00.000000046,131.22379,89,45
1970-01-01 00:00:00.000000047,131.44862,89,45
1970-01-01 00:00:00.000000048,131.00291,89,45
1970-01-01 00:00:00.000000049,130.74695,89,45
1970-01-01 00:00:00.000000047,129.9867,89,46
1970-01-01 00:00:00.000000048,130.4644,89,46
1970-01-01 00:00:00.000000049,129.7047,89,46
1970-01-01 00:00:00.000000050,129.25021,89,46
1970-01-01 00:00:00.000000048,129.93091,89,47
1970-01-01 00:00:00.000000049,130.17494,89,47
1970-01-01 00:00:00.000000050,129.69775,89,47
1970-01-01 00:00:00.000000051,129.40398,89,47
1970-01-01 00:00:00.000000049,130.53363,89,48
1970-01-01 00:00:00.000000050,130.7251,89,48
1970-01-01 00:00:00.000000051,130.22884,89,48
1970-01-01 00:00:00.000000052,129.97256,89,48
1970-01-01 00:00:00.000000050,131.04115,89,49
1970-01-01 00:00:00.000000051,131.2491,89,49
1970-01-01 00:00:00.000000052,130.73172,89,49
1970-01-01 00:00:00.000000053,130.39717,89,49
1970-01-01 00:00:00.000000051,130.93718,89,50
1970-01-01 00:00:00.000000052,131.23228,89,50
1970-01-01 00:00:00.000000053,130.61772,89,50
1970-01-01 00:00:00.000000054,130.34026,89,50
1970-01-01 00:00:00.000000052,131.14311,89,51
1970-01-01 00:00:00.000000053,131.30013,89,51
1970-01-01 00:00:00.000000054,130.77283,89,51
1970-01-01 00:00:00.000000055,130.45964,89,51
1970-01-01 00:00:00.000000053,131.62108,89,52
1970-01-01 00:00:00.000000054,131.87372,89,52
1970-01-01 00:00:00.000000055,131.317,89,52
1970-01-01 00:00:00.000000056,131.10217,89,52
1970-01-01 00:00:00.000000054,130.16922,89,53
1970-01-01 00:00:00.000000055,130.52686,89,53
1970-01-01 00:00:00.000000056,129.72346,89,53
1970-01-01 00:00:00.000000057,129.2941,89,53
1970-01-01 00:00:00.000000055,129.8824,89,54
1970-01-01 00:00:00.000000056,130.16197,89,54
1970-01-01 00:00:00.000000057,129.66713,89,54
1970-01-01 00:00:00.000000058,129.37875,89,54
1970-01-01 00:00:00.000000056,128.63353,89,55
1970-01-01 00:00:00.000000057,129.03639,89,55
1970-01-01 00:00:00.000000058,128.25874,89,55
1970-01-01 00:00:00.000000059,127.88945,89,55
1970-01-01 00:00:00.000000057,130.88744,89,56
1970-01-01 00:00:00.000000058,131.19098,89,56
1970-01-01 00:00:00.000000059,130.49187,89,56
1970-01-01 00:00:00.000000060,130.10782,89,56
1970-01-01 00:00:00.000000058,127.735565,89,57
1970-01-01 00:00:00.000000059,128.61653,89,57
1970-01-01 00:00:00.000000060,127.17454,89,57
1970-01-01 00:00:00.000000061,126.3143,89,57
1970-01-01 00:00:00.000000059,125.9143,89,58
1970-01-01 00:00:00.000000060,126.3008,89,58
1970-01-01 00:00:00.000000061,125.604,89,58
1970-01-01 00:00:00.000000062,125.254005,89,58
1970-01-01 00:00:00.000000060,126.58791,89,59
1970-01-01 00:00:00.000000061,126.74371,89,59
1970-01-01 00:00:00.000000062,126.20214,89,59
1970-01-01 00:00:00.000000063,125.85298,89,59
1970-01-01 00:00:00.000000061,128.69637,89,60
1970-01-01 00:00:00.000000062,129.00313,89,60
1970-01-01 00:00:00.000000063,128.24937,89,60
1970-01-01 00:00:00.000000064,127.966675,89,60
1970-01-01 00:00:00.000000062,128.47894,89,61
1970-01-01 00:00:00.000000063,128.85872,89,61
1970-01-01 00:00:00.000000064,128.03044,89,61
1970-01-01 00:00:00.000000065,127.45884,89,61
1970-01-01 00:00:00.000000063,129.49411,89,62
1970-01-01 00:00:00.000000064,130.15154,89,62
1970-01-01 00:00:00.000000065,128.90034,89,62
1970-01-01 00:00:00.000000066,127.942085,89,62
1970-01-01 00:00:00.000000064,129.5141,89,63
1970-01-01 00:00:00.000000065,129.70016,89,63
1970-01-01 00:00:00.000000066,128.71346,89,63
1970-01-01 00:00:00.000000067,129.16498,89,63
1970-01-01 00:00:00.000000065,130.92953,89,64
1970-01-01 00:00:00.000000066,130.48071,89,64
1970-01-01 00:00:00.000000067,131.04143,89,64
1970-01-01 00:00:00.000000068,130.88374,89,64
1970-01-01 00:00:00.000000066,132.14388,89,65
1970-01-01 00:00:00.000000067,133.38914,89,65
1970-01-01 00:00:00.000000068,133.42537,89,65
1970-01-01 00:00:00.000000069,132.76282,89,65
1970-01-01 00:00:00.000000067,120.26517,89,66
1970-01-01 00:00:00.000000068,122.38772,89,66
1970-01-01 00:00:00.000000069,117.57276,89,66
1970-01-01 00:00:00.000000070,115.123344,89,66
1970-01-01 00:00:00.000000068,126.318436,89,67
1970-01-01 00:00:00.000000069,126.365555,89,67
1970-01-01 00:00:00.000000070,123.24653,89,67
1970-01-01 00:00:00.000000071,122.11536,89,67
1970-01-01 00:00:00.000000069,133.57187,89,68
1970-01-01 00:00:00.000000070,133.74303,89,68
1970-01-01 00:00:00.000000071,133.22096,89,68
1970-01-01 00:00:00.000000072,132.9875,89,68
1970-01-01 00:00:00.000000070,124.18444,89,69
1970-01-01 00:00:00.000000071,125.821434,89,69
1970-01-01 00:00:00.000000072,122.87282,89,69
1970-01-01 00:00:00.000000073,121.38399,89,69
1970-01-01 00:00:00.000000071,120.38533,89,70
1970-01-01 00:00:00.000000072,120.8998,89,70
1970-01-01 00:00:00.000000073,119.989,89,70
1970-01-01 00:00:00.000000074,119.62751,89,70
1970-01-01 00:00:00.000000072,120.4244,89,71
1970-01-01 00:00:00.000000073,120.580376,89,71
1970-01-01 00:00:00.000000074,120.23363,89,71
1970-01-01 00:00:00.000000075,119.97825,89,71
1970-01-01 00:00:00.000000073,122.004715,89,72
1970-01-01 00:00:00.000000074,122.32115,89,72
1970-01-01 00:00:00.000000075,121.84938,89,72
1970-01-01 00:00:00.000000076,121.497154,89,72
1970-01-01 00:00:00.000000074,121.75208,89,73
1970-01-01 00:00:00.000000075,122.04609,89,73
1970-01-01 00:00:00.000000076,121.38695,89,73
1970-01-01 00:00:00.000000077,121.06614,89,73
1970-01-01 00:00:00.000000075,125.615685,89,74
1970-01-01 00:00:00.000000076,126.184906,89,74
1970-01-01 00:00:00.000000077,124.68428,89,74
1970-01-01 00:00:00.000000078,123.128006,89,74
1970-01-01 00:00:00.000000076,128.18002,89,75
1970-01-01 00:00:00.000000077,128.58371,89,75
1970-01-01 00:00:00.000000078,127.646675,89,75
1970-01-01 00:00:00.000000079,127.18215,89,75
1970-01-01 00:00:00.000000077,127.569466,89,76
1970-01-01 00:00:00.000000078,127.60319,89,76
1970-01-01 00:00:00.000000079,126.775665,89,76
1970-01-01 00:00:00.000000080,127.04203,89,76
1970-01-01 00:00:00.000000078,127.70961,89,77
1970-01-01 00:00:00.000000079,127.650276,89,77
1970-01-01 00:00:00.000000080,127.76299,89,77
1970-01-01 00:00:00.000000081,127.5251,89,77
1970-01-01 00:00:00.000000079,130.30878,89,78
1970-01-01 00:00:00.000000080,132.0407,89,78
1970-01-01 00:00:00.000000081,131.85463,89,78
1970-01-01 00:00:00.000000082,131.023,89,78
1970-01-01 00:00:00.000000080,125.72226,89,79
1970-01-01 00:00:00.000000081,126.58971,89,79
1970-01-01 00:00:00.000000082,124.18107,89,79
1970-01-01 00:00:00.000000083,122.87775,89,79
1970-01-01 00:00:00.000000081,131.33577,89,80
1970-01-01 00:00:00.000000082,131.5664,89,80
1970-01-01 00:00:00.000000083,129.40237,89,80
1970-01-01 00:00:00.000000084,128.51428,89,80
1970-01-01 00:00:00.000000082,138.3772,89,81
1970-01-01 00:00:00.000000083,138.764,89,81
1970-01-01 00:00:00.000000084,137.74443,89,81
1970-01-01 00:00:00.000000085,136.522,89,81
1970-01-01 00:00:00.000000083,134.97977,89,82
1970-01-01 00:00:00.000000084,136.62209,89,82
1970-01-01 00:00:00.000000085,133.18163,89,82
1970-01-01 00:00:00.000000086,131.0306,89,82
1970-01-01 00:00:00.000000084,130.84218,89,83
1970-01-01 00:00:00.000000085,131.26758,89,83
1970-01-01 00:00:00.000000086,128.29593,89,83
1970-01-01 00:00:00.000000087,128.6719,89,83
1970-01-01 00:00:00.000000085,131.02773,89,84
1970-01-01 00:00:00.000000086,130.66075,89,84
1970-01-01 00:00:00.000000087,130.2399,89,84
1970-01-01 00:00:00.000000088,130.13301,89,84
1970-01-01 00:00:00.000000086,131.83801,89,85
1970-01-01 00:00:00.000000087,133.56126,89,85
1970-01-01 00:00:00.000000088,133.1051,89,85
1970-01-01 00:00:00.000000089,132.00246,89,85
1970-01-01 00:00:00.000000009,99.8695,90,8
1970-01-01 00:00:00.000000010,100.145485,90,8
1970-01-01 00:00:00.000000011,100.246216,90,8
1970-01-01 00:00:00.000000012,100.056076,90,8
1970-01-01 00:00:00.000000010,102.03498,90,9
1970-01-01 00:00:00.000000011,102.24474,90,9
1970-01-01 00:00:00.000000012,102.234695,90,9
1970-01-01 00:00:00.000000013,102.04902,90,9
1970-01-01 00:00:00.000000011,103.08186,90,10
1970-01-01 00:00:00.000000012,103.305565,90,10
1970-01-01 00:00:00.000000013,103.219406,90,10
1970-01-01 00:00:00.000000014,103.175934,90,10
1970-01-01 00:00:00.000000012,100.076256,90,11
1970-01-01 00:00:00.000000013,100.445694,90,11
1970-01-01 00:00:00.000000014,99.95464,90,11
1970-01-01 00:00:00.000000015,99.72507,90,11
1970-01-01 00:00:00.000000013,99.6292,90,12
1970-01-01 00:00:00.000000014,99.89056,90,12
1970-01-01 00:00:00.000000015,99.91276,90,12
1970-01-01 00:00:00.000000016,99.82836,90,12
1970-01-01 00:00:00.000000014,97.84171,90,13
1970-01-01 00:00:00.000000015,98.185776,90,13
1970-01-01 00:00:00.000000016,97.97094,90,13
1970-01-01 00:00:00.000000017,97.764465,90,13
1970-01-01 00:00:00.000000015,100.21478,90,14
1970-01-01 00:00:00.000000016,100.492,90,14
1970-01-01 00:00:00.000000017,100.788475,90,14
1970-01-01 00:00:00.000000018,100.63852,90,14
1970-01-01 00:00:00.000000016,97.56823,90,15
1970-01-01 00:00:00.000000017,98.02545,90,15
1970-01-01 00:00:00.000000018,97.51399,90,15
1970-01-01 00:00:00.000000019,97.116035,90,15
1970-01-01 00:00:00.000000017,101.47519,90,16
1970-01-01 00:00:00.000000018,101.76164,90,16
1970-01-01 00:00:00.000000019,101.9967,90,16
1970-01-01 00:00:00.000000020,101.67866,90,16
1970-01-01 00:00:00.000000018,104.15043,90,17
1970-01-01 00:00:00.000000019,104.384926,90,17
1970-01-01 00:00:00.000000020,104.348694,90,17
1970-01-01 00:00:00.000000021,104.085335,90,17
1970-01-01 00:00:00.000000019,103.57368,90,18
1970-01-01 00:00:00.000000020,103.81936,90,18
1970-01-01 00:00:00.000000021,103.41106,90,18
1970-01-01 00:00:00.000000022,103.25182,90,18
1970-01-01 00:00:00.000000020,103.795,90,19
1970-01-01 00:00:00.000000021,103.94892,90,19
1970-01-01 00:00:00.000000022,103.76853,90,19
1970-01-01 00:00:00.000000023,103.67394,90,19
1970-01-01 00:00:00.000000021,104.957344,90,20
1970-01-01 00:00:00.000000022,105.23337,90,20
1970-01-01 00:00:00.000000023,105.19112,90,20
1970-01-01 00:00:00.000000024,105.16357,90,20
1970-01-01 00:00:00.000000022,101.25048,90,21
1970-01-01 00:00:00.000000023,101.81422,90,21
1970-01-01 00:00:00.000000024,101.17485,90,21
1970-01-01 00:00:00.000000025,100.78609,90,21
1970-01-01 00:00:00.000000023,95.95352,90,22
1970-01-01 00:00:00.000000024,96.82152,90,22
1970-01-01 00:00:00.000000025,95.94138,90,22
1970-01-01 00:00:00.000000026,95.58747,90,22
1970-01-01 00:00:00.000000024,90.848915,90,23
1970-01-01 00:00:00.000000025,91.5303,90,23
1970-01-01 00:00:00.000000026,90.695755,90,23
1970-01-01 00:00:00.000000027,90.283,90,23
1970-01-01 00:00:00.000000025,86.65491,90,24
1970-01-01 00:00:00.000000026,87.29498,90,24
1970-01-01 00:00:00.000000027,86.648346,90,24
1970-01-01 00:00:00.000000028,86.37206,90,24
1970-01-01 00:00:00.000000026,82.44452,90,25
1970-01-01 00:00:00.000000027,83.066185,90,25
1970-01-01 00:00:00.000000028,82.39666,90,25
1970-01-01 00:00:00.000000029,82.117584,90,25
1970-01-01 00:00:00.000000027,79.461586,90,26
1970-01-01 00:00:00.000000028,79.97934,90,26
1970-01-01 00:00:00.000000029,79.55297,90,26
1970-01-01 00:00:00.000000030,79.28604,90,26
1970-01-01 00:00:00.000000028,77.669525,90,27
1970-01-01 00:00:00.000000029,78.11646,90,27
1970-01-01 00:00:00.000000030,77.79124,90,27
1970-01-01 00:00:00.000000031,77.582146,90,27
1970-01-01 00:00:00.000000029,74.47243,90,28
1970-01-01 00:00:00.000000030,75.02556,90,28
1970-01-01 00:00:00.000000031,74.48065,90,28
1970-01-01 00:00:00.000000032,74.36466,90,28
1970-01-01 00:00:00.000000030,73.97754,90,29
1970-01-01 00:00:00.000000031,74.25409,90,29
1970-01-01 00:00:00.000000032,74.21874,90,29
1970-01-01 00:00:00.000000033,74.16169,90,29
1970-01-01 00:00:00.000000031,71.41316,90,30
1970-01-01 00:00:00.000000032,72.00057,90,30
1970-01-01 00:00:00.000000033,71.73494,90,30
1970-01-01 00:00:00.000000034,71.53612,90,30
1970-01-01 00:00:00.000000032,66.21446,90,31
1970-01-01 00:00:00.000000033,67.14946,90,31
1970-01-01 00:00:00.000000034,66.585106,90,31
1970-01-01 00:00:00.000000035,66.37507,90,31
1970-01-01 00:00:00.000000033,65.372086,90,32
1970-01-01 00:00:00.000000034,65.66322,90,32
1970-01-01 00:00:00.000000035,65.690125,90,32
1970-01-01 00:00:00.000000036,65.61725,90,32
1970-01-01 00:00:00.000000034,59.931385,90,33
1970-01-01 00:00:00.000000035,60.924046,90,33
1970-01-01 00:00:00.000000036,60.49771,90,33
1970-01-01 00:00:00.000000037,60.38687,90,33
1970-01-01 00:00:00.000000035,57.977444,90,34
1970-01-01 00:00:00.000000036,58.324917,90,34
1970-01-01 00:00:00.000000037,58.31148,90,34
1970-01-01 00:00:00.000000038,58.176167,90,34
1970-01-01 00:00:00.000000036,59.55324,90,35
1970-01-01 00:00:00.000000037,59.99844,90,35
1970-01-01 00:00:00.000000038,60.201534,90,35
1970-01-01 00:00:00.000000039,60.099064,90,35
1970-01-01 00:00:00.000000037,60.57944,90,36
1970-01-01 00:00:00.000000038,60.863815,90,36
1970-01-01 00:00:00.000000039,60.86998,90,36
1970-01-01 00:00:00.000000040,60.876846,90,36
1970-01-01 00:00:00.000000038,63.54654,90,37
1970-01-01 00:00:00.000000039,63.93992,90,37
1970-01-01 00:00:00.000000040,64.31154,90,37
1970-01-01 00:00:00.000000041,64.412605,90,37
1970-01-01 00:00:00.000000039,60.452465,90,38
1970-01-01 00:00:00.000000040,61.183434,90,38
1970-01-01 00:00:00.000000041,60.998894,90,38
1970-01-01 00:00:00.000000042,60.84481,90,38
1970-01-01 00:00:00.000000040,59.139053,90,39
1970-01-01 00:00:00.000000041,59.501423,90,39
1970-01-01 00:00:00.000000042,59.52958,90,39
1970-01-01 00:00:00.000000043,59.480087,90,39
1970-01-01 00:00:00.000000041,61.918915,90,40
1970-01-01 00:00:00.000000042,62.386463,90,40
1970-01-01 00:00:00.000000043,62.84416,90,40
1970-01-01 00:00:00.000000044,62.715405,90,40
1970-01-01 00:00:00.000000042,58.43693,90,41
1970-01-01 00:00:00.000000043,59.317825,90,41
1970-01-01 00:00:00.000000044,58.69551,90,41
1970-01-01 00:00:00.000000045,58.366188,90,41
1970-01-01 00:00:00.000000043,59.59116,90,42
1970-01-01 00:00:00.000000044,59.835716,90,42
1970-01-01 00:00:00.000000045,59.952946,90,42
1970-01-01 00:00:00.000000046,60.12616,90,42
1970-01-01 00:00:00.000000044,63.39255,90,43
1970-01-01 00:00:00.000000045,63.7777,90,43
1970-01-01 00:00:00.000000046,64.4888,90,43
1970-01-01 00:00:00.000000047,64.53542,90,43
1970-01-01 00:00:00.000000045,52.54381,90,44
1970-01-01 00:00:00.000000046,55.137108,90,44
1970-01-01 00:00:00.000000047,54.546837,90,44
1970-01-01 00:00:00.000000048,53.6212,90,44
1970-01-01 00:00:00.000000046,49.56283,90,45
1970-01-01 00:00:00.000000047,50.03937,90,45
1970-01-01 00:00:00.000000048,49.8537,90,45
1970-01-01 00:00:00.000000049,49.874027,90,45
1970-01-01 00:00:00.000000047,57.702774,90,46
1970-01-01 00:00:00.000000048,58.39512,90,46
1970-01-01 00:00:00.000000049,59.993553,90,46
1970-01-01 00:00:00.000000050,60.283623,90,46
1970-01-01 00:00:00.000000048,61.043983,90,47
1970-01-01 00:00:00.000000049,61.411015,90,47
1970-01-01 00:00:00.000000050,61.67259,90,47
1970-01-01 00:00:00.000000051,61.660038,90,47
1970-01-01 00:00:00.000000049,60.375896,90,48
1970-01-01 00:00:00.000000050,60.706875,90,48
1970-01-01 00:00:00.000000051,60.720524,90,48
1970-01-01 00:00:00.000000052,60.65347,90,48
1970-01-01 00:00:00.000000050,62.08689,90,49
1970-01-01 00:00:00.000000051,62.41337,90,49
1970-01-01 00:00:00.000000052,62.72997,90,49
1970-01-01 00:00:00.000000053,62.745636,90,49
1970-01-01 00:00:00.000000051,60.963394,90,50
1970-01-01 00:00:00.000000052,61.313374,90,50
1970-01-01 00:00:00.000000053,61.268467,90,50
1970-01-01 00:00:00.000000054,61.227585,90,50
1970-01-01 00:00:00.000000052,60.94213,90,51
1970-01-01 00:00:00.000000053,61.206203,90,51
1970-01-01 00:00:00.000000054,61.34355,90,51
1970-01-01 00:00:00.000000055,61.274975,90,51
1970-01-01 00:00:00.000000053,61.99742,90,52
1970-01-01 00:00:00.000000054,62.31803,90,52
1970-01-01 00:00:00.000000055,62.476498,90,52
1970-01-01 00:00:00.000000056,62.40599,90,52
1970-01-01 00:00:00.000000054,63.561596,90,53
1970-01-01 00:00:00.000000055,63.848957,90,53
1970-01-01 00:00:00.000000056,63.953762,90,53
1970-01-01 00:00:00.000000057,63.920918,90,53
1970-01-01 00:00:00.000000055,66.45,90,54
1970-01-01 00:00:00.000000056,66.80826,90,54
1970-01-01 00:00:00.000000057,67.0758,90,54
1970-01-01 00:00:00.000000058,67.1916,90,54
1970-01-01 00:00:00.000000056,65.87029,90,55
1970-01-01 00:00:00.000000057,66.182236,90,55
1970-01-01 00:00:00.000000058,66.147766,90,55
1970-01-01 00:00:00.000000059,66.06275,90,55
1970-01-01 00:00:00.000000057,64.02842,90,56
1970-01-01 00:00:00.000000058,64.483,90,56
1970-01-01 00:00:00.000000059,64.39262,90,56
1970-01-01 00:00:00.000000060,64.303925,90,56
1970-01-01 00:00:00.000000058,61.83434,90,57
1970-01-01 00:00:00.000000059,62.242073,90,57
1970-01-01 00:00:00.000000060,62.130817,90,57
1970-01-01 00:00:00.000000061,62.057373,90,57
1970-01-01 00:00:00.000000059,59.782055,90,58
1970-01-01 00:00:00.000000060,60.181515,90,58
1970-01-01 00:00:00.000000061,60.11651,90,58
1970-01-01 00:00:00.000000062,60.00135,90,58
1970-01-01 00:00:00.000000060,55.825836,90,59
1970-01-01 00:00:00.000000061,56.53231,90,59
1970-01-01 00:00:00.000000062,56.21969,90,59
1970-01-01 00:00:00.000000063,56.00819,90,59
1970-01-01 00:00:00.000000061,57.361294,90,60
1970-01-01 00:00:00.000000062,57.710983,90,60
1970-01-01 00:00:00.000000063,57.97429,90,60
1970-01-01 00:00:00.000000064,58.002705,90,60
1970-01-01 00:00:00.000000062,57.358456,90,61
1970-01-01 00:00:00.000000063,57.64843,90,61
1970-01-01 00:00:00.000000064,57.673267,90,61
1970-01-01 00:00:00.000000065,57.648857,90,61
1970-01-01 00:00:00.000000063,56.793236,90,62
1970-01-01 00:00:00.000000064,57.12176,90,62
1970-01-01 00:00:00.000000065,57.163616,90,62
1970-01-01 00:00:00.000000066,57.056763,90,62
1970-01-01 00:00:00.000000064,53.635437,90,63
1970-01-01 00:00:00.000000065,54.279697,90,63
1970-01-01 00:00:00.000000066,54.042606,90,63
1970-01-01 00:00:00.000000067,54.12523,90,63
1970-01-01 00:00:00.000000065,56.26048,90,64
1970-01-01 00:00:00.000000066,56.54626,90,64
1970-01-01 00:00:00.000000067,57.209183,90,64
1970-01-01 00:00:00.000000068,57.25894,90,64
1970-01-01 00:00:00.000000066,59.08213,90,65
1970-01-01 00:00:00.000000067,59.58507,90,65
1970-01-01 00:00:00.000000068,60.02625,90,65
1970-01-01 00:00:00.000000069,60.037064,90,65
1970-01-01 00:00:00.000000067,54.759415,90,66
1970-01-01 00:00:00.000000068,55.509586,90,66
1970-01-01 00:00:00.000000069,55.249603,90,66
1970-01-01 00:00:00.000000070,55.1294,90,66
1970-01-01 00:00:00.000000068,57.59234,90,67
1970-01-01 00:00:00.000000069,58.046333,90,67
1970-01-01 00:00:00.000000070,58.754128,90,67
1970-01-01 00:00:00.000000071,58.80152,90,67
1970-01-01 00:00:00.000000069,57.0421,90,68
1970-01-01 00:00:00.000000070,57.41809,90,68
1970-01-01 00:00:00.000000071,57.37284,90,68
1970-01-01 00:00:00.000000072,57.307964,90,68
1970-01-01 00:00:00.000000070,57.276154,90,69
1970-01-01 00:00:00.000000071,57.52557,90,69
1970-01-01 00:00:00.000000072,57.660725,90,69
1970-01-01 00:00:00.000000073,57.624767,90,69
1970-01-01 00:00:00.000000071,59.198463,90,70
1970-01-01 00:00:00.000000072,59.544262,90,70
1970-01-01 00:00:00.000000073,59.823605,90,70
1970-01-01 00:00:00.000000074,59.809547,90,70
1970-01-01 00:00:00.000000072,58.51693,90,71
1970-01-01 00:00:00.000000073,58.82595,90,71
1970-01-01 00:00:00.000000074,58.793606,90,71
1970-01-01 00:00:00.000000075,58.827282,90,71
1970-01-01 00:00:00.000000073,59.14216,90,72
1970-01-01 00:00:00.000000074,59.368114,90,72
1970-01-01 00:00:00.000000075,59.619144,90,72
1970-01-01 00:00:00.000000076,59.611786,90,72
1970-01-01 00:00:00.000000074,60.26059,90,73
1970-01-01 00:00:00.000000075,60.576317,90,73
1970-01-01 00:00:00.000000076,60.815933,90,73
1970-01-01 00:00:00.000000077,60.855946,90,73
1970-01-01 00:00:00.000000075,59.831974,90,74
1970-01-01 00:00:00.000000076,60.060886,90,74
1970-01-01 00:00:00.000000077,60.148907,90,74
1970-01-01 00:00:00.000000078,60.104588,90,74
1970-01-01 00:00:00.000000076,61.12264,90,75
1970-01-01 00:00:00.000000077,61.432766,90,75
1970-01-01 00:00:00.000000078,61.743217,90,75
1970-01-01 00:00:00.000000079,61.738514,90,75
1970-01-01 00:00:00.000000077,57.031864,90,76
1970-01-01 00:00:00.000000078,57.70528,90,76
1970-01-01 00:00:00.000000079,57.406914,90,76
1970-01-01 00:00:00.000000080,57.271088,90,76
1970-01-01 00:00:00.000000078,58.571552,90,77
1970-01-01 00:00:00.000000079,58.900066,90,77
1970-01-01 00:00:00.000000080,59.34701,90,77
1970-01-01 00:00:00.000000081,59.3475,90,77
1970-01-01 00:00:00.000000079,57.745697,90,78
1970-01-01 00:00:00.000000080,58.089733,90,78
1970-01-01 00:00:00.000000081,58.004307,90,78
1970-01-01 00:00:00.000000082,57.978798,90,78
1970-01-01 00:00:00.000000080,57.034325,90,79
1970-01-01 00:00:00.000000081,57.276035,90,79
1970-01-01 00:00:00.000000082,57.32367,90,79
1970-01-01 00:00:00.000000083,57.27376,90,79
1970-01-01 00:00:00.000000081,58.870975,90,80
1970-01-01 00:00:00.000000082,59.2386,90,80
1970-01-01 00:00:00.000000083,59.564396,90,80
1970-01-01 00:00:00.000000084,59.635586,90,80
1970-01-01 00:00:00.000000082,55.683784,90,81
1970-01-01 00:00:00.000000083,56.279877,90,81
1970-01-01 00:00:00.000000084,56.05748,90,81
1970-01-01 00:00:00.000000085,55.88423,90,81
1970-01-01 00:00:00.000000009,77.60808,91,8
1970-01-01 00:00:00.000000010,77.682945,91,8
1970-01-01 00:00:00.000000011,77.79557,91,8
1970-01-01 00:00:00.000000012,77.757385,91,8
1970-01-01 00:00:00.000000010,78.92838,91,9
1970-01-01 00:00:00.000000011,78.98795,91,9
1970-01-01 00:00:00.000000012,79.1492,91,9
1970-01-01 00:00:00.000000013,79.13258,91,9
1970-01-01 00:00:00.000000011,81.30134,91,10
1970-01-01 00:00:00.000000012,81.367455,91,10
1970-01-01 00:00:00.000000013,81.654144,91,10
1970-01-01 00:00:00.000000014,81.57908,91,10
1970-01-01 00:00:00.000000012,84.70491,91,11
1970-01-01 00:00:00.000000013,84.83672,91,11
1970-01-01 00:00:00.000000014,85.06243,91,11
1970-01-01 00:00:00.000000015,84.969986,91,11
1970-01-01 00:00:00.000000013,84.03412,91,12
1970-01-01 00:00:00.000000014,84.17617,91,12
1970-01-01 00:00:00.000000015,83.84222,91,12
1970-01-01 00:00:00.000000016,83.71448,91,12
1970-01-01 00:00:00.000000014,92.335014,91,13
1970-01-01 00:00:00.000000015,92.49474,91,13
1970-01-01 00:00:00.000000016,92.65694,91,13
1970-01-01 00:00:00.000000017,92.28345,91,13
1970-01-01 00:00:00.000000015,91.87608,91,14
1970-01-01 00:00:00.000000016,92.1706,91,14
1970-01-01 00:00:00.000000017,91.737854,91,14
1970-01-01 00:00:00.000000018,91.51643,91,14
1970-01-01 00:00:00.000000016,86.43007,91,15
1970-01-01 00:00:00.000000017,87.32593,91,15
1970-01-01 00:00:00.000000018,85.75071,91,15
1970-01-01 00:00:00.000000019,84.92718,91,15
1970-01-01 00:00:00.000000017,90.91974,91,16
1970-01-01 00:00:00.000000018,91.43611,91,16
1970-01-01 00:00:00.000000019,90.982254,91,16
1970-01-01 00:00:00.000000020,90.575386,91,16
1970-01-01 00:00:00.000000018,89.92471,91,17
1970-01-01 00:00:00.000000019,90.31503,91,17
1970-01-01 00:00:00.000000020,89.62143,91,17
1970-01-01 00:00:00.000000021,89.22752,91,17
1970-01-01 00:00:00.000000019,90.481415,91,18
1970-01-01 00:00:00.000000020,90.78318,91,18
1970-01-01 00:00:00.000000021,90.38804,91,18
1970-01-01 00:00:00.000000022,90.08537,91,18
1970-01-01 00:00:00.000000020,90.94163,91,19
1970-01-01 00:00:00.000000021,91.19963,91,19
1970-01-01 00:00:00.000000022,90.747154,91,19
1970-01-01 00:00:00.000000023,90.55922,91,19
1970-01-01 00:00:00.000000021,94.960365,91,20
1970-01-01 00:00:00.000000022,95.17853,91,20
1970-01-01 00:00:00.000000023,94.88975,91,20
1970-01-01 00:00:00.000000024,94.74357,91,20
1970-01-01 00:00:00.000000022,92.12671,91,21
1970-01-01 00:00:00.000000023,92.70772,91,21
1970-01-01 00:00:00.000000024,91.95233,91,21
1970-01-01 00:00:00.000000025,91.451065,91,21
1970-01-01 00:00:00.000000023,94.6526,91,22
1970-01-01 00:00:00.000000024,94.96331,91,22
1970-01-01 00:00:00.000000025,94.88326,91,22
1970-01-01 00:00:00.000000026,94.43559,91,22
1970-01-01 00:00:00.000000024,93.1071,91,23
1970-01-01 00:00:00.000000025,93.447174,91,23
1970-01-01 00:00:00.000000026,92.71979,91,23
1970-01-01 00:00:00.000000027,92.43724,91,23
1970-01-01 00:00:00.000000025,104.80278,91,24
1970-01-01 00:00:00.000000026,104.05279,91,24
1970-01-01 00:00:00.000000027,104.50063,91,24
1970-01-01 00:00:00.000000028,104.396126,91,24
1970-01-01 00:00:00.000000026,103.76945,91,25
1970-01-01 00:00:00.000000027,103.90904,91,25
1970-01-01 00:00:00.000000028,103.733765,91,25
1970-01-01 00:00:00.000000029,103.42946,91,25
1970-01-01 00:00:00.000000027,99.80279,91,26
1970-01-01 00:00:00.000000028,100.20047,91,26
1970-01-01 00:00:00.000000029,98.831474,91,26
1970-01-01 00:00:00.000000030,98.050064,91,26
1970-01-01 00:00:00.000000028,107.71736,91,27
1970-01-01 00:00:00.000000029,107.08783,91,27
1970-01-01 00:00:00.000000030,106.89261,91,27
1970-01-01 00:00:00.000000031,106.65227,91,27
1970-01-01 00:00:00.000000029,117.04364,91,28
1970-01-01 00:00:00.000000030,116.69,91,28
1970-01-01 00:00:00.000000031,116.407646,91,28
1970-01-01 00:00:00.000000032,115.9591,91,28
1970-01-01 00:00:00.000000030,119.79741,91,29
1970-01-01 00:00:00.000000031,119.65622,91,29
1970-01-01 00:00:00.000000032,119.50807,91,29
1970-01-01 00:00:00.000000033,119.4648,91,29
1970-01-01 00:00:00.000000031,123.16787,91,30
1970-01-01 00:00:00.000000032,123.02798,91,30
1970-01-01 00:00:00.000000033,122.95698,91,30
1970-01-01 00:00:00.000000034,122.56704,91,30
1970-01-01 00:00:00.000000032,127.49126,91,31
1970-01-01 00:00:00.000000033,127.65588,91,31
1970-01-01 00:00:00.000000034,127.233574,91,31
1970-01-01 00:00:00.000000035,126.86407,91,31
1970-01-01 00:00:00.000000033,124.631744,91,32
1970-01-01 00:00:00.000000034,124.7666,91,32
1970-01-01 00:00:00.000000035,123.64171,91,32
1970-01-01 00:00:00.000000036,123.18256,91,32
1970-01-01 00:00:00.000000034,131.19432,91,33
1970-01-01 00:00:00.000000035,131.51239,91,33
1970-01-01 00:00:00.000000036,130.30087,91,33
1970-01-01 00:00:00.000000037,129.37227,91,33
1970-01-01 00:00:00.000000035,122.70437,91,34
1970-01-01 00:00:00.000000036,124.40437,91,34
1970-01-01 00:00:00.000000037,120.98609,91,34
1970-01-01 00:00:00.000000038,119.26811,91,34
1970-01-01 00:00:00.000000036,121.6168,91,35
1970-01-01 00:00:00.000000037,122.065346,91,35
1970-01-01 00:00:00.000000038,121.24887,91,35
1970-01-01 00:00:00.000000039,120.477234,91,35
1970-01-01 00:00:00.000000037,121.59633,91,36
1970-01-01 00:00:00.000000038,122.22074,91,36
1970-01-01 00:00:00.000000039,120.95965,91,36
1970-01-01 00:00:00.000000040,120.52765,91,36
1970-01-01 00:00:00.000000038,116.57372,91,37
1970-01-01 00:00:00.000000039,117.33545,91,37
1970-01-01 00:00:00.000000040,114.52674,91,37
1970-01-01 00:00:00.000000041,113.70464,91,37
1970-01-01 00:00:00.000000039,114.543526,91,38
1970-01-01 00:00:00.000000040,115.24123,91,38
1970-01-01 00:00:00.000000041,114.373886,91,38
1970-01-01 00:00:00.000000042,114.43183,91,38
1970-01-01 00:00:00.000000040,117.48302,91,39
1970-01-01 00:00:00.000000041,117.68194,91,39
1970-01-01 00:00:00.000000042,118.486725,91,39
1970-01-01 00:00:00.000000043,118.77414,91,39
1970-01-01 00:00:00.000000041,105.829315,91,40
1970-01-01 00:00:00.000000042,109.70906,91,40
1970-01-01 00:00:00.000000043,110.33347,91,40
1970-01-01 00:00:00.000000044,106.999596,91,40
1970-01-01 00:00:00.000000042,115.00165,91,41
1970-01-01 00:00:00.000000043,117.12225,91,41
1970-01-01 00:00:00.000000044,117.04025,91,41
1970-01-01 00:00:00.000000045,115.90618,91,41
1970-01-01 00:00:00.000000043,116.7603,91,42
1970-01-01 00:00:00.000000044,116.763695,91,42
1970-01-01 00:00:00.000000045,116.20522,91,42
1970-01-01 00:00:00.000000046,116.07476,91,42
1970-01-01 00:00:00.000000044,112.41437,91,43
1970-01-01 00:00:00.000000045,113.04124,91,43
1970-01-01 00:00:00.000000046,111.6352,91,43
1970-01-01 00:00:00.000000047,111.11576,91,43
1970-01-01 00:00:00.000000045,96.47364,91,44
1970-01-01 00:00:00.000000046,99.466255,91,44
1970-01-01 00:00:00.000000047,94.81105,91,44
1970-01-01 00:00:00.000000048,92.54542,91,44
1970-01-01 00:00:00.000000046,90.622986,91,45
1970-01-01 00:00:00.000000047,91.82963,91,45
1970-01-01 00:00:00.000000048,89.975044,91,45
1970-01-01 00:00:00.000000049,89.29249,91,45
1970-01-01 00:00:00.000000047,90.26366,91,46
1970-01-01 00:00:00.000000048,90.633606,91,46
1970-01-01 00:00:00.000000049,90.21251,91,46
1970-01-01 00:00:00.000000050,89.88536,91,46
1970-01-01 00:00:00.000000048,93.86691,91,47
1970-01-01 00:00:00.000000049,94.350266,91,47
1970-01-01 00:00:00.000000050,94.13265,91,47
1970-01-01 00:00:00.000000051,93.812996,91,47
1970-01-01 00:00:00.000000049,97.9603,91,48
1970-01-01 00:00:00.000000050,98.074234,91,48
1970-01-01 00:00:00.000000051,98.061264,91,48
1970-01-01 00:00:00.000000052,97.87876,91,48
1970-01-01 00:00:00.000000050,99.80232,91,49
1970-01-01 00:00:00.000000051,99.94285,91,49
1970-01-01 00:00:00.000000052,99.95678,91,49
1970-01-01 00:00:00.000000053,99.75945,91,49
1970-01-01 00:00:00.000000051,98.4187,91,50
1970-01-01 00:00:00.000000052,98.68546,91,50
1970-01-01 00:00:00.000000053,98.21508,91,50
1970-01-01 00:00:00.000000054,97.92302,91,50
1970-01-01 00:00:00.000000052,103.15233,91,51
1970-01-01 00:00:00.000000053,103.09453,91,51
1970-01-01 00:00:00.000000054,103.186966,91,51
1970-01-01 00:00:00.000000055,103.04964,91,51
1970-01-01 00:00:00.000000053,111.42482,91,52
1970-01-01 00:00:00.000000054,111.40249,91,52
1970-01-01 00:00:00.000000055,111.612335,91,52
1970-01-01 00:00:00.000000056,111.141335,91,52
1970-01-01 00:00:00.000000054,111.59973,91,53
1970-01-01 00:00:00.000000055,111.7509,91,53
1970-01-01 00:00:00.000000056,111.49028,91,53
1970-01-01 00:00:00.000000057,111.28869,91,53
1970-01-01 00:00:00.000000055,117.74341,91,54
1970-01-01 00:00:00.000000056,117.60307,91,54
1970-01-01 00:00:00.000000057,117.527016,91,54
1970-01-01 00:00:00.000000058,117.47082,91,54
1970-01-01 00:00:00.000000056,119.49451,91,55
1970-01-01 00:00:00.000000057,119.498924,91,55
1970-01-01 00:00:00.000000058,119.52119,91,55
1970-01-01 00:00:00.000000059,119.3809,91,55
1970-01-01 00:00:00.000000057,121.3168,91,56
1970-01-01 00:00:00.000000058,121.46113,91,56
1970-01-01 00:00:00.000000059,121.347305,91,56
1970-01-01 00:00:00.000000060,121.07859,91,56
1970-01-01 00:00:00.000000058,125.68187,91,57
1970-01-01 00:00:00.000000059,125.97348,91,57
1970-01-01 00:00:00.000000060,125.485504,91,57
1970-01-01 00:00:00.000000061,124.9812,91,57
1970-01-01 00:00:00.000000059,127.395325,91,58
1970-01-01 00:00:00.000000060,127.74888,91,58
1970-01-01 00:00:00.000000061,127.11371,91,58
1970-01-01 00:00:00.000000062,126.525406,91,58
1970-01-01 00:00:00.000000060,131.79063,91,59
1970-01-01 00:00:00.000000061,132.1816,91,59
1970-01-01 00:00:00.000000062,131.39378,91,59
1970-01-01 00:00:00.000000063,130.98288,91,59
1970-01-01 00:00:00.000000061,132.56725,91,60
1970-01-01 00:00:00.000000062,132.66417,91,60
1970-01-01 00:00:00.000000063,132.13893,91,60
1970-01-01 00:00:00.000000064,131.76813,91,60
1970-01-01 00:00:00.000000062,131.99672,91,61
1970-01-01 00:00:00.000000063,132.39781,91,61
1970-01-01 00:00:00.000000064,131.7475,91,61
1970-01-01 00:00:00.000000065,131.36842,91,61
1970-01-01 00:00:00.000000063,128.16057,91,62
1970-01-01 00:00:00.000000064,128.88159,91,62
1970-01-01 00:00:00.000000065,127.25727,91,62
1970-01-01 00:00:00.000000066,126.36248,91,62
1970-01-01 00:00:00.000000064,130.74545,91,63
1970-01-01 00:00:00.000000065,131.33427,91,63
1970-01-01 00:00:00.000000066,130.30888,91,63
1970-01-01 00:00:00.000000067,129.7189,91,63
1970-01-01 00:00:00.000000065,131.80385,91,64
1970-01-01 00:00:00.000000066,132.09184,91,64
1970-01-01 00:00:00.000000067,131.56927,91,64
1970-01-01 00:00:00.000000068,131.2555,91,64
1970-01-01 00:00:00.000000066,129.24762,91,65
1970-01-01 00:00:00.000000067,129.91653,91,65
1970-01-01 00:00:00.000000068,128.85873,91,65
1970-01-01 00:00:00.000000069,128.11452,91,65
1970-01-01 00:00:00.000000067,126.38664,91,66
1970-01-01 00:00:00.000000068,127.03925,91,66
1970-01-01 00:00:00.000000069,125.865715,91,66
1970-01-01 00:00:00.000000070,125.26642,91,66
1970-01-01 00:00:00.000000068,124.62723,91,67
1970-01-01 00:00:00.000000069,125.00296,91,67
1970-01-01 00:00:00.000000070,124.13683,91,67
1970-01-01 00:00:00.000000071,123.654465,91,67
1970-01-01 00:00:00.000000069,123.507576,91,68
1970-01-01 00:00:00.000000070,123.90197,91,68
1970-01-01 00:00:00.000000071,123.20035,91,68
1970-01-01 00:00:00.000000072,122.88515,91,68
1970-01-01 00:00:00.000000070,122.16364,91,69
1970-01-01 00:00:00.000000071,122.53556,91,69
1970-01-01 00:00:00.000000072,121.82498,91,69
1970-01-01 00:00:00.000000073,121.33668,91,69
1970-01-01 00:00:00.000000071,118.997826,91,70
1970-01-01 00:00:00.000000072,119.84218,91,70
1970-01-01 00:00:00.000000073,118.52889,91,70
1970-01-01 00:00:00.000000074,117.67821,91,70
1970-01-01 00:00:00.000000072,119.78971,91,71
1970-01-01 00:00:00.000000073,120.09907,91,71
1970-01-01 00:00:00.000000074,119.390816,91,71
1970-01-01 00:00:00.000000075,119.18186,91,71
1970-01-01 00:00:00.000000073,126.41149,91,72
1970-01-01 00:00:00.000000074,126.71923,91,72
1970-01-01 00:00:00.000000075,125.7406,91,72
1970-01-01 00:00:00.000000076,125.03664,91,72
1970-01-01 00:00:00.000000074,122.46606,91,73
1970-01-01 00:00:00.000000075,123.730515,91,73
1970-01-01 00:00:00.000000076,122.18659,91,73
1970-01-01 00:00:00.000000077,121.10642,91,73
1970-01-01 00:00:00.000000075,119.54945,91,74
1970-01-01 00:00:00.000000076,120.15819,91,74
1970-01-01 00:00:00.000000077,119.15759,91,74
1970-01-01 00:00:00.000000078,118.49498,91,74
1970-01-01 00:00:00.000000076,122.92266,91,75
1970-01-01 00:00:00.000000077,123.34796,91,75
1970-01-01 00:00:00.000000078,122.54535,91,75
1970-01-01 00:00:00.000000079,121.91019,91,75
1970-01-01 00:00:00.000000077,125.46639,91,76
1970-01-01 00:00:00.000000078,125.718185,91,76
1970-01-01 00:00:00.000000079,125.13745,91,76
1970-01-01 00:00:00.000000080,124.721344,91,76
1970-01-01 00:00:00.000000078,128.88292,91,77
1970-01-01 00:00:00.000000079,129.06294,91,77
1970-01-01 00:00:00.000000080,128.44739,91,77
1970-01-01 00:00:00.000000081,128.22437,91,77
1970-01-01 00:00:00.000000079,129.50853,91,78
1970-01-01 00:00:00.000000080,129.62813,91,78
1970-01-01 00:00:00.000000081,129.34242,91,78
1970-01-01 00:00:00.000000082,129.07063,91,78
1970-01-01 00:00:00.000000080,125.82609,91,79
1970-01-01 00:00:00.000000081,126.482025,91,79
1970-01-01 00:00:00.000000082,125.46803,91,79
1970-01-01 00:00:00.000000083,124.65922,91,79
1970-01-01 00:00:00.000000081,125.86294,91,80
1970-01-01 00:00:00.000000082,125.969666,91,80
1970-01-01 00:00:00.000000083,125.63179,91,80
1970-01-01 00:00:00.000000084,125.46513,91,80
1970-01-01 00:00:00.000000082,137.0228,91,81
1970-01-01 00:00:00.000000083,136.76358,91,81
1970-01-01 00:00:00.000000084,136.48851,91,81
1970-01-01 00:00:00.000000085,135.86423,91,81
1970-01-01 00:00:00.000000083,141.79147,91,82
1970-01-01 00:00:00.000000084,141.95251,91,82
1970-01-01 00:00:00.000000085,141.63586,91,82
1970-01-01 00:00:00.000000086,141.02919,91,82
1970-01-01 00:00:00.000000084,140.01514,91,83
1970-01-01 00:00:00.000000085,140.2743,91,83
1970-01-01 00:00:00.000000086,139.52664,91,83
1970-01-01 00:00:00.000000087,139.12778,91,83
1970-01-01 00:00:00.000000085,141.85176,91,84
1970-01-01 00:00:00.000000086,141.94571,91,84
1970-01-01 00:00:00.000000087,141.41023,91,84
1970-01-01 00:00:00.000000088,140.91786,91,84
1970-01-01 00:00:00.000000086,144.03497,91,85
1970-01-01 00:00:00.000000087,144.4406,91,85
1970-01-01 00:00:00.000000088,143.54112,91,85
1970-01-01 00:00:00.000000089,143.03143,91,85
1970-01-01 00:00:00.000000087,139.88423,91,86
1970-01-01 00:00:00.000000088,140.61208,91,86
1970-01-01 00:00:00.000000089,138.72073,91,86
1970-01-01 00:00:00.000000090,137.61896,91,86
1970-01-01 00:00:00.000000088,143.42682,91,87
1970-01-01 00:00:00.000000089,144.2762,91,87
1970-01-01 00:00:00.000000090,142.75389,91,87
1970-01-01 00:00:00.000000091,141.69925,91,87
1970-01-01 00:00:00.000000089,141.03902,91,88
1970-01-01 00:00:00.000000090,141.8117,91,88
1970-01-01 00:00:00.000000091,140.12086,91,88
1970-01-01 00:00:00.000000092,139.28877,91,88
1970-01-01 00:00:00.000000090,141.03647,91,89
1970-01-01 00:00:00.000000091,141.32909,91,89
1970-01-01 00:00:00.000000092,140.78464,91,89
1970-01-01 00:00:00.000000093,140.32027,91,89
1970-01-01 00:00:00.000000091,140.47462,91,90
1970-01-01 00:00:00.000000092,140.92274,91,90
1970-01-01 00:00:00.000000093,140.19499,91,90
1970-01-01 00:00:00.000000094,139.77948,91,90
1970-01-01 00:00:00.000000092,139.64531,91,91
1970-01-01 00:00:00.000000093,139.9456,91,91
1970-01-01 00:00:00.000000094,139.28786,91,91
1970-01-01 00:00:00.000000095,138.9309,91,91
1970-01-01 00:00:00.000000093,134.36931,91,92
1970-01-01 00:00:00.000000094,135.42532,91,92
1970-01-01 00:00:00.000000095,133.65514,91,92
1970-01-01 00:00:00.000000096,132.50616,91,92
1970-01-01 00:00:00.000000094,130.8314,91,93
1970-01-01 00:00:00.000000095,131.48473,91,93
1970-01-01 00:00:00.000000096,130.37932,91,93
1970-01-01 00:00:00.000000097,129.69885,91,93
1970-01-01 00:00:00.000000095,135.14767,91,94
1970-01-01 00:00:00.000000096,135.735,91,94
1970-01-01 00:00:00.000000097,134.46107,91,94
1970-01-01 00:00:00.000000098,133.48784,91,94
1970-01-01 00:00:00.000000096,136.72821,91,95
1970-01-01 00:00:00.000000097,137.0346,91,95
1970-01-01 00:00:00.000000098,136.43996,91,95
1970-01-01 00:00:00.000000099,136.02919,91,95
1970-01-01 00:00:00.000000097,136.97041,91,96
1970-01-01 00:00:00.000000098,137.26494,91,96
1970-01-01 00:00:00.000000099,136.64363,91,96
1970-01-01 00:00:00.000000100,136.31343,91,96
1970-01-01 00:00:00.000000098,135.21136,91,97
1970-01-01 00:00:00.000000099,135.63092,91,97
1970-01-01 00:00:00.000000100,134.72841,91,97
1970-01-01 00:00:00.000000101,134.21498,91,97
1970-01-01 00:00:00.000000099,134.13718,91,98
1970-01-01 00:00:00.000000100,134.50607,91,98
1970-01-01 00:00:00.000000101,133.8863,91,98
1970-01-01 00:00:00.000000102,133.49835,91,98
1970-01-01 00:00:00.000000100,135.27766,91,99
1970-01-01 00:00:00.000000101,135.60117,91,99
1970-01-01 00:00:00.000000102,135.0754,91,99
1970-01-01 00:00:00.000000103,134.7226,91,99
1970-01-01 00:00:00.000000101,134.80794,91,100
1970-01-01 00:00:00.000000102,135.16187,91,100
1970-01-01 00:00:00.000000103,134.5536,91,100
1970-01-01 00:00:00.000000104,134.09773,91,100
1970-01-01 00:00:00.000000102,131.33862,91,101
1970-01-01 00:00:00.000000103,132.08568,91,101
1970-01-01 00:00:00.000000104,130.71574,91,101
1970-01-01 00:00:00.000000105,129.91139,91,101
1970-01-01 00:00:00.000000103,133.17555,91,102
1970-01-01 00:00:00.000000104,133.48611,91,102
1970-01-01 00:00:00.000000105,132.74164,91,102
1970-01-01 00:00:00.000000106,132.27223,91,102
1970-01-01 00:00:00.000000104,133.62816,91,103
1970-01-01 00:00:00.000000105,133.88754,91,103
1970-01-01 00:00:00.000000106,133.34825,91,103
1970-01-01 00:00:00.000000107,132.96413,91,103
1970-01-01 00:00:00.000000105,134.69423,91,104
1970-01-01 00:00:00.000000106,135.01443,91,104
1970-01-01 00:00:00.000000107,134.43037,91,104
1970-01-01 00:00:00.000000108,134.07832,91,104
1970-01-01 00:00:00.000000106,135.08522,91,105
1970-01-01 00:00:00.000000107,135.34265,91,105
1970-01-01 00:00:00.000000108,134.83534,91,105
1970-01-01 00:00:00.000000109,134.52025,91,105
1970-01-01 00:00:00.000000107,137.71663,91,106
1970-01-01 00:00:00.000000108,137.9742,91,106
1970-01-01 00:00:00.000000109,137.49922,91,106
1970-01-01 00:00:00.000000110,137.0273,91,106
1970-01-01 00:00:00.000000108,136.83334,91,107
1970-01-01 00:00:00.000000109,137.15855,91,107
1970-01-01 00:00:00.000000110,136.50609,91,107
1970-01-01 00:00:00.000000111,136.13351,91,107
1970-01-01 00:00:00.000000109,144.40602,91,108
1970-01-01 00:00:00.000000110,144.39105,91,108
1970-01-01 00:00:00.000000111,143.77322,91,108
1970-01-01 00:00:00.000000112,143.0907,91,108
1970-01-01 00:00:00.000000110,144.91731,91,109
1970-01-01 00:00:00.000000111,145.09956,91,109
1970-01-01 00:00:00.000000112,144.74008,91,109
1970-01-01 00:00:00.000000113,144.3687,91,109
1970-01-01 00:00:00.000000111,142.66978,91,110
1970-01-01 00:00:00.000000112,142.9287,91,110
1970-01-01 00:00:00.000000113,142.06296,91,110
1970-01-01 00:00:00.000000114,141.6006,91,110
1970-01-01 00:00:00.000000112,148.92958,91,111
1970-01-01 00:00:00.000000113,148.79163,91,111
1970-01-01 00:00:00.000000114,148.22343,91,111
1970-01-01 00:00:00.000000115,147.45154,91,111
1970-01-01 00:00:00.000000113,153.16592,91,112
1970-01-01 00:00:00.000000114,153.37955,91,112
1970-01-01 00:00:00.000000115,152.67827,91,112
1970-01-01 00:00:00.000000116,152.17041,91,112
1970-01-01 00:00:00.000000114,154.41586,91,113
1970-01-01 00:00:00.000000115,154.4944,91,113
1970-01-01 00:00:00.000000116,153.92804,91,113
1970-01-01 00:00:00.000000117,153.46353,91,113
1970-01-01 00:00:00.000000115,153.37996,91,114
1970-01-01 00:00:00.000000116,153.67215,91,114
1970-01-01 00:00:00.000000117,152.98451,91,114
1970-01-01 00:00:00.000000118,152.63274,91,114
1970-01-01 00:00:00.000000116,149.56929,91,115
1970-01-01 00:00:00.000000117,150.05492,91,115
1970-01-01 00:00:00.000000118,148.81361,91,115
1970-01-01 00:00:00.000000119,147.91805,91,115
1970-01-01 00:00:00.000000117,151.85811,91,116
1970-01-01 00:00:00.000000118,152.48975,91,116
1970-01-01 00:00:00.000000119,151.54062,91,116
1970-01-01 00:00:00.000000120,150.6255,91,116
1970-01-01 00:00:00.000000118,149.50888,91,117
1970-01-01 00:00:00.000000119,150.26704,91,117
1970-01-01 00:00:00.000000120,148.72076,91,117
1970-01-01 00:00:00.000000121,147.71776,91,117
1970-01-01 00:00:00.000000119,149.61316,91,118
1970-01-01 00:00:00.000000120,149.79823,91,118
1970-01-01 00:00:00.000000121,149.19702,91,118
1970-01-01 00:00:00.000000122,148.6364,91,118
1970-01-01 00:00:00.000000120,151.74008,91,119
1970-01-01 00:00:00.000000121,152.03185,91,119
1970-01-01 00:00:00.000000122,151.31749,91,119
1970-01-01 00:00:00.000000123,150.79308,91,119
1970-01-01 00:00:00.000000121,151.91339,91,120
1970-01-01 00:00:00.000000122,152.1117,91,120
1970-01-01 00:00:00.000000123,151.48734,91,120
1970-01-01 00:00:00.000000124,151.10796,91,120
1970-01-01 00:00:00.000000122,154.18501,91,121
1970-01-01 00:00:00.000000123,154.45131,91,121
1970-01-01 00:00:00.000000124,153.64038,91,121
1970-01-01 00:00:00.000000125,152.98842,91,121
1970-01-01 00:00:00.000000123,152.00343,91,122
1970-01-01 00:00:00.000000124,152.62341,91,122
1970-01-01 00:00:00.000000125,151.33043,91,122
1970-01-01 00:00:00.000000126,150.54999,91,122
1970-01-01 00:00:00.000000124,150.24586,91,123
1970-01-01 00:00:00.000000125,150.50024,91,123
1970-01-01 00:00:00.000000126,149.86186,91,123
1970-01-01 00:00:00.000000127,149.45605,91,123
1970-01-01 00:00:00.000000125,150.91238,91,124
1970-01-01 00:00:00.000000126,151.13556,91,124
1970-01-01 00:00:00.000000127,150.62846,91,124
1970-01-01 00:00:00.000000128,150.2117,91,124
1970-01-01 00:00:00.000000126,150.35675,91,125
1970-01-01 00:00:00.000000127,150.68874,91,125
1970-01-01 00:00:00.000000128,150.04527,91,125
1970-01-01 00:00:00.000000129,149.56993,91,125
1970-01-01 00:00:00.000000127,149.74838,91,126
1970-01-01 00:00:00.000000128,150.01685,91,126
1970-01-01 00:00:00.000000129,149.40738,91,126
1970-01-01 00:00:00.000000130,149.00148,91,126
1970-01-01 00:00:00.000000128,149.1305,91,127
1970-01-01 00:00:00.000000129,149.37653,91,127
1970-01-01 00:00:00.000000130,148.76094,91,127
1970-01-01 00:00:00.000000131,148.3564,91,127
1970-01-01 00:00:00.000000129,147.20541,91,128
1970-01-01 00:00:00.000000130,147.6436,91,128
1970-01-01 00:00:00.000000131,146.74567,91,128
1970-01-01 00:00:00.000000132,146.15297,91,128
1970-01-01 00:00:00.000000130,145.61156,91,129
1970-01-01 00:00:00.000000131,145.9358,91,129
1970-01-01 00:00:00.000000132,145.22095,91,129
1970-01-01 00:00:00.000000133,144.71953,91,129
1970-01-01 00:00:00.000000131,147.29625,91,130
1970-01-01 00:00:00.000000132,147.60098,91,130
1970-01-01 00:00:00.000000133,146.81503,91,130
1970-01-01 00:00:00.000000134,146.27856,91,130
1970-01-01 00:00:00.000000132,148.68385,91,131
1970-01-01 00:00:00.000000133,148.86041,91,131
1970-01-01 00:00:00.000000134,148.30075,91,131
1970-01-01 00:00:00.000000135,147.99168,91,131
1970-01-01 00:00:00.000000133,149.33046,91,132
1970-01-01 00:00:00.000000134,149.50748,91,132
1970-01-01 00:00:00.000000135,149.08221,91,132
1970-01-01 00:00:00.000000136,148.70787,91,132
1970-01-01 00:00:00.000000134,150.03351,91,133
1970-01-01 00:00:00.000000135,150.3186,91,133
1970-01-01 00:00:00.000000136,149.84729,91,133
1970-01-01 00:00:00.000000137,149.39868,91,133
1970-01-01 00:00:00.000000135,151.42575,91,134
1970-01-01 00:00:00.000000136,151.6596,91,134
1970-01-01 00:00:00.000000137,151.0718,91,134
1970-01-01 00:00:00.000000138,150.63391,91,134
1970-01-01 00:00:00.000000136,149.29906,91,135
1970-01-01 00:00:00.000000137,149.70438,91,135
1970-01-01 00:00:00.000000138,148.65567,91,135
1970-01-01 00:00:00.000000139,147.99734,91,135
1970-01-01 00:00:00.000000137,151.27997,91,136
1970-01-01 00:00:00.000000138,151.60876,91,136
1970-01-01 00:00:00.000000139,150.76411,91,136
1970-01-01 00:00:00.000000140,150.00275,91,136
1970-01-01 00:00:00.000000138,152.95314,91,137
1970-01-01 00:00:00.000000139,153.17311,91,137
1970-01-01 00:00:00.000000140,152.59418,91,137
1970-01-01 00:00:00.000000141,152.22682,91,137
1970-01-01 00:00:00.000000139,151.60338,91,138
1970-01-01 00:00:00.000000140,151.9053,91,138
1970-01-01 00:00:00.000000141,151.08957,91,138
1970-01-01 00:00:00.000000142,150.49101,91,138
1970-01-01 00:00:00.000000140,152.87437,91,139
1970-01-01 00:00:00.000000141,153.20512,91,139
1970-01-01 00:00:00.000000142,152.46292,91,139
1970-01-01 00:00:00.000000143,151.94815,91,139
1970-01-01 00:00:00.000000141,152.77673,91,140
1970-01-01 00:00:00.000000142,152.98407,91,140
1970-01-01 00:00:00.000000143,152.36465,91,140
1970-01-01 00:00:00.000000144,152.01881,91,140
1970-01-01 00:00:00.000000142,154.50616,91,141
1970-01-01 00:00:00.000000143,154.74237,91,141
1970-01-01 00:00:00.000000144,154.18378,91,141
1970-01-01 00:00:00.000000145,153.56914,91,141
1970-01-01 00:00:00.000000143,155.33455,91,142
1970-01-01 00:00:00.000000144,155.6126,91,142
1970-01-01 00:00:00.000000145,155.07965,91,142
1970-01-01 00:00:00.000000146,154.72806,91,142
1970-01-01 00:00:00.000000144,155.17036,91,143
1970-01-01 00:00:00.000000145,155.3342,91,143
1970-01-01 00:00:00.000000146,154.80798,91,143
1970-01-01 00:00:00.000000147,154.41719,91,143
1970-01-01 00:00:00.000000145,155.39426,91,144
1970-01-01 00:00:00.000000146,155.62482,91,144
1970-01-01 00:00:00.000000147,155.14398,91,144
1970-01-01 00:00:00.000000148,154.72472,91,144
1970-01-01 00:00:00.000000146,153.80905,91,145
1970-01-01 00:00:00.000000147,154.19617,91,145
1970-01-01 00:00:00.000000148,153.3063,91,145
1970-01-01 00:00:00.000000149,152.69775,91,145
1970-01-01 00:00:00.000000147,158.82674,91,146
1970-01-01 00:00:00.000000148,159.04634,91,146
1970-01-01 00:00:00.000000149,157.8664,91,146
1970-01-01 00:00:00.000000150,156.82523,91,146
1970-01-01 00:00:00.000000148,160.0679,91,147
1970-01-01 00:00:00.000000149,160.25212,91,147
1970-01-01 00:00:00.000000150,159.68811,91,147
1970-01-01 00:00:00.000000151,159.2489,91,147
1970-01-01 00:00:00.000000149,161.33565,91,148
1970-01-01 00:00:00.000000150,161.42076,91,148
1970-01-01 00:00:00.000000151,160.8797,91,148
1970-01-01 00:00:00.000000152,160.60611,91,148
1970-01-01 00:00:00.000000150,165.05524,91,149
1970-01-01 00:00:00.000000151,165.0264,91,149
1970-01-01 00:00:00.000000152,164.52782,91,149
1970-01-01 00:00:00.000000153,163.89679,91,149
1970-01-01 00:00:00.000000151,165.10396,91,150
1970-01-01 00:00:00.000000152,165.34001,91,150
1970-01-01 00:00:00.000000153,164.8407,91,150
1970-01-01 00:00:00.000000154,164.45256,91,150
1970-01-01 00:00:00.000000152,171.10081,91,151
1970-01-01 00:00:00.000000153,170.87958,91,151
1970-01-01 00:00:00.000000154,169.95657,91,151
1970-01-01 00:00:00.000000155,169.33218,91,151
1970-01-01 00:00:00.000000153,174.90303,91,152
1970-01-01 00:00:00.000000154,175.02466,91,152
1970-01-01 00:00:00.000000155,174.22794,91,152
1970-01-01 00:00:00.000000156,173.1279,91,152
1970-01-01 00:00:00.000000154,173.25157,91,153
1970-01-01 00:00:00.000000155,173.68521,91,153
1970-01-01 00:00:00.000000156,172.65244,91,153
1970-01-01 00:00:00.000000157,171.91246,91,153
1970-01-01 00:00:00.000000155,169.03455,91,154
1970-01-01 00:00:00.000000156,169.38889,91,154
1970-01-01 00:00:00.000000157,167.72041,91,154
1970-01-01 00:00:00.000000158,166.70337,91,154
1970-01-01 00:00:00.000000156,173.64279,91,155
1970-01-01 00:00:00.000000157,173.82896,91,155
1970-01-01 00:00:00.000000158,172.01001,91,155
1970-01-01 00:00:00.000000159,170.53668,91,155
1970-01-01 00:00:00.000000157,172.95183,91,156
1970-01-01 00:00:00.000000158,173.4754,91,156
1970-01-01 00:00:00.000000159,172.23805,91,156
1970-01-01 00:00:00.000000160,171.3402,91,156
1970-01-01 00:00:00.000000158,172.5072,91,157
1970-01-01 00:00:00.000000159,172.63808,91,157
1970-01-01 00:00:00.000000160,172.08197,91,157
1970-01-01 00:00:00.000000161,171.76828,91,157
1970-01-01 00:00:00.000000159,172.74312,91,158
1970-01-01 00:00:00.000000160,172.88823,91,158
1970-01-01 00:00:00.000000161,172.44998,91,158
1970-01-01 00:00:00.000000162,172.04988,91,158
1970-01-01 00:00:00.000000160,173.73567,91,159
1970-01-01 00:00:00.000000161,174.00224,91,159
1970-01-01 00:00:00.000000162,173.50262,91,159
1970-01-01 00:00:00.000000163,173.05286,91,159
1970-01-01 00:00:00.000000161,172.712,91,160
1970-01-01 00:00:00.000000162,173.00812,91,160
1970-01-01 00:00:00.000000163,172.22609,91,160
1970-01-01 00:00:00.000000164,171.61792,91,160
1970-01-01 00:00:00.000000162,170.84148,91,161
1970-01-01 00:00:00.000000163,171.1403,91,161
1970-01-01 00:00:00.000000164,170.41228,91,161
1970-01-01 00:00:00.000000165,169.91856,91,161
1970-01-01 00:00:00.000000163,170.27367,91,162
1970-01-01 00:00:00.000000164,170.44931,91,162
1970-01-01 00:00:00.000000165,169.90784,91,162
1970-01-01 00:00:00.000000166,169.4914,91,162
1970-01-01 00:00:00.000000164,169.56535,91,163
1970-01-01 00:00:00.000000165,169.83084,91,163
1970-01-01 00:00:00.000000166,169.2069,91,163
1970-01-01 00:00:00.000000167,168.77625,91,163
1970-01-01 00:00:00.000000165,168.13907,91,164
1970-01-01 00:00:00.000000166,168.42862,91,164
1970-01-01 00:00:00.000000167,167.68192,91,164
1970-01-01 00:00:00.000000168,167.1051,91,164
1970-01-01 00:00:00.000000166,167.99222,91,165
1970-01-01 00:00:00.000000167,168.20802,91,165
1970-01-01 00:00:00.000000168,167.61801,91,165
1970-01-01 00:00:00.000000169,167.28682,91,165
1970-01-01 00:00:00.000000167,167.10826,91,166
1970-01-01 00:00:00.000000168,167.29347,91,166
1970-01-01 00:00:00.000000169,166.6889,91,166
1970-01-01 00:00:00.000000170,166.28017,91,166
1970-01-01 00:00:00.000000168,166.89957,91,167
1970-01-01 00:00:00.000000169,167.12645,91,167
1970-01-01 00:00:00.000000170,166.72359,91,167
1970-01-01 00:00:00.000000171,166.29724,91,167
1970-01-01 00:00:00.000000169,165.56348,91,168
1970-01-01 00:00:00.000000170,165.96007,91,168
1970-01-01 00:00:00.000000171,165.21494,91,168
1970-01-01 00:00:00.000000172,164.60304,91,168
1970-01-01 00:00:00.000000170,170.48856,91,169
1970-01-01 00:00:00.000000171,170.73679,91,169
1970-01-01 00:00:00.000000172,169.2973,91,169
1970-01-01 00:00:00.000000173,168.07236,91,169
1970-01-01 00:00:00.000000171,169.9131,91,170
1970-01-01 00:00:00.000000172,170.24149,91,170
1970-01-01 00:00:00.000000173,169.33713,91,170
1970-01-01 00:00:00.000000174,168.76767,91,170
1970-01-01 00:00:00.000000172,170.16249,91,171
1970-01-01 00:00:00.000000173,170.24336,91,171
1970-01-01 00:00:00.000000174,169.75441,91,171
1970-01-01 00:00:00.000000175,169.30106,91,171
1970-01-01 00:00:00.000000173,170.77814,91,172
1970-01-01 00:00:00.000000174,170.99472,91,172
1970-01-01 00:00:00.000000175,170.48975,91,172
1970-01-01 00:00:00.000000176,170.08072,91,172
1970-01-01 00:00:00.000000174,170.09859,91,173
1970-01-01 00:00:00.000000175,170.29874,91,173
1970-01-01 00:00:00.000000176,169.66878,91,173
1970-01-01 00:00:00.000000177,169.19937,91,173
1970-01-01 00:00:00.000000175,173.52718,91,174
1970-01-01 00:00:00.000000176,173.70215,91,174
1970-01-01 00:00:00.000000177,172.68784,91,174
1970-01-01 00:00:00.000000178,171.98639,91,174
1970-01-01 00:00:00.000000176,173.8189,91,175
1970-01-01 00:00:00.000000177,173.99586,91,175
1970-01-01 00:00:00.000000178,173.48653,91,175
1970-01-01 00:00:00.000000179,173.07509,91,175
1970-01-01 00:00:00.000000177,176.44876,91,176
1970-01-01 00:00:00.000000178,176.65134,91,176
1970-01-01 00:00:00.000000179,176.01091,91,176
1970-01-01 00:00:00.000000180,175.19559,91,176
1970-01-01 00:00:00.000000178,177.98508,91,177
1970-01-01 00:00:00.000000179,178.14032,91,177
1970-01-01 00:00:00.000000180,177.61186,91,177
1970-01-01 00:00:00.000000181,177.15672,91,177
1970-01-01 00:00:00.000000179,180.29262,91,178
1970-01-01 00:00:00.000000180,180.33406,91,178
1970-01-01 00:00:00.000000181,179.59874,91,178
1970-01-01 00:00:00.000000182,178.97386,91,178
1970-01-01 00:00:00.000000180,181.63248,91,179
1970-01-01 00:00:00.000000181,181.72185,91,179
1970-01-01 00:00:00.000000182,181.14757,91,179
1970-01-01 00:00:00.000000183,180.7875,91,179
1970-01-01 00:00:00.000000181,182.33693,91,180
1970-01-01 00:00:00.000000182,182.41237,91,180
1970-01-01 00:00:00.000000183,181.93996,91,180
1970-01-01 00:00:00.000000184,181.532,91,180
1970-01-01 00:00:00.000000182,180.146,91,181
1970-01-01 00:00:00.000000183,180.62448,91,181
1970-01-01 00:00:00.000000184,179.59804,91,181
1970-01-01 00:00:00.000000185,178.7409,91,181
1970-01-01 00:00:00.000000183,177.97545,91,182
1970-01-01 00:00:00.000000184,178.21725,91,182
1970-01-01 00:00:00.000000185,177.45836,91,182
1970-01-01 00:00:00.000000186,176.9885,91,182
1970-01-01 00:00:00.000000184,178.45685,91,183
1970-01-01 00:00:00.000000185,178.50014,91,183
1970-01-01 00:00:00.000000186,177.96611,91,183
1970-01-01 00:00:00.000000187,177.56532,91,183
1970-01-01 00:00:00.000000185,178.17314,91,184
1970-01-01 00:00:00.000000186,178.39769,91,184
1970-01-01 00:00:00.000000187,177.86444,91,184
1970-01-01 00:00:00.000000188,177.4612,91,184
1970-01-01 00:00:00.000000186,176.37485,91,185
1970-01-01 00:00:00.000000187,176.68036,91,185
1970-01-01 00:00:00.000000188,175.93117,91,185
1970-01-01 00:00:00.000000189,175.33142,91,185
1970-01-01 00:00:00.000000187,179.5712,91,186
1970-01-01 00:00:00.000000188,179.801,91,186
1970-01-01 00:00:00.000000189,178.90285,91,186
1970-01-01 00:00:00.000000190,177.92595,91,186
1970-01-01 00:00:00.000000188,175.92899,91,187
1970-01-01 00:00:00.000000189,176.54286,91,187
1970-01-01 00:00:00.000000190,174.72998,91,187
1970-01-01 00:00:00.000000191,173.6218,91,187
1970-01-01 00:00:00.000000189,173.90956,91,188
1970-01-01 00:00:00.000000190,173.91286,91,188
1970-01-01 00:00:00.000000191,173.47249,91,188
1970-01-01 00:00:00.000000192,172.9854,91,188
1970-01-01 00:00:00.000000190,180.03596,91,189
1970-01-01 00:00:00.000000191,180.46014,91,189
1970-01-01 00:00:00.000000192,179.00969,91,189
1970-01-01 00:00:00.000000193,177.58513,91,189
1970-01-01 00:00:00.000000191,177.05524,91,190
1970-01-01 00:00:00.000000192,177.34616,91,190
1970-01-01 00:00:00.000000193,175.63968,91,190
1970-01-01 00:00:00.000000194,174.67107,91,190
1970-01-01 00:00:00.000000192,183.04778,91,191
1970-01-01 00:00:00.000000193,182.8584,91,191
1970-01-01 00:00:00.000000194,180.97452,91,191
1970-01-01 00:00:00.000000195,179.45671,91,191
1970-01-01 00:00:00.000000193,184.81482,91,192
1970-01-01 00:00:00.000000194,184.98718,91,192
1970-01-01 00:00:00.000000195,184.37762,91,192
1970-01-01 00:00:00.000000196,183.8938,91,192
1970-01-01 00:00:00.000000194,178.95831,91,193
1970-01-01 00:00:00.000000195,179.78499,91,193
1970-01-01 00:00:00.000000196,177.28343,91,193
1970-01-01 00:00:00.000000197,175.56274,91,193
1970-01-01 00:00:00.000000195,185.05943,91,194
1970-01-01 00:00:00.000000196,185.5256,91,194
1970-01-01 00:00:00.000000197,183.03624,91,194
1970-01-01 00:00:00.000000198,180.95122,91,194
1970-01-01 00:00:00.000000196,181.7653,91,195
1970-01-01 00:00:00.000000197,182.88326,91,195
1970-01-01 00:00:00.000000198,180.26881,91,195
1970-01-01 00:00:00.000000199,178.45212,91,195
1970-01-01 00:00:00.000000197,176.06998,91,196
1970-01-01 00:00:00.000000198,176.52966,91,196
1970-01-01 00:00:00.000000199,175.35728,91,196
1970-01-01 00:00:00.000000200,174.55086,91,196
1970-01-01 00:00:00.000000198,174.41924,91,197
1970-01-01 00:00:00.000000199,174.67406,91,197
1970-01-01 00:00:00.000000200,174.04755,91,197
1970-01-01 00:00:00.000000201,173.61298,91,197
1970-01-01 00:00:00.000000199,170.81705,91,198
1970-01-01 00:00:00.000000200,171.47931,91,198
1970-01-01 00:00:00.000000201,169.90018,91,198
1970-01-01 00:00:00.000000202,168.82675,91,198
1970-01-01 00:00:00.000000200,166.22221,91,199
1970-01-01 00:00:00.000000201,166.80124,91,199
1970-01-01 00:00:00.000000202,165.32571,91,199
1970-01-01 00:00:00.000000203,164.51804,91,199
1970-01-01 00:00:00.000000201,164.52983,91,200
1970-01-01 00:00:00.000000202,164.7647,91,200
1970-01-01 00:00:00.000000203,164.12451,91,200
1970-01-01 00:00:00.000000204,163.73181,91,200
1970-01-01 00:00:00.000000202,159.75793,91,201
1970-01-01 00:00:00.000000203,160.66429,91,201
1970-01-01 00:00:00.000000204,158.90111,91,201
1970-01-01 00:00:00.000000205,157.85648,91,201
1970-01-01 00:00:00.000000203,156.04988,91,202
1970-01-01 00:00:00.000000204,156.52818,91,202
1970-01-01 00:00:00.000000205,155.57007,91,202
1970-01-01 00:00:00.000000206,154.88306,91,202
1970-01-01 00:00:00.000000204,154.95085,91,203
1970-01-01 00:00:00.000000205,155.28773,91,203
1970-01-01 00:00:00.000000206,154.67635,91,203
1970-01-01 00:00:00.000000207,154.2633,91,203
1970-01-01 00:00:00.000000205,151.42726,91,204
1970-01-01 00:00:00.000000206,152.12737,91,204
1970-01-01 00:00:00.000000207,150.59734,91,204
1970-01-01 00:00:00.000000208,149.61826,91,204
1970-01-01 00:00:00.000000206,149.70776,91,205
1970-01-01 00:00:00.000000207,150.0215,91,205
1970-01-01 00:00:00.000000208,149.33362,91,205
1970-01-01 00:00:00.000000209,148.92148,91,205
1970-01-01 00:00:00.000000207,147.00363,91,206
1970-01-01 00:00:00.000000208,147.5682,91,206
1970-01-01 00:00:00.000000209,146.30263,91,206
1970-01-01 00:00:00.000000210,145.58667,91,206
1970-01-01 00:00:00.000000208,145.23872,91,207
1970-01-01 00:00:00.000000209,145.5584,91,207
1970-01-01 00:00:00.000000210,144.8336,91,207
1970-01-01 00:00:00.000000211,144.31142,91,207
1970-01-01 00:00:00.000000209,142.54599,91,208
1970-01-01 00:00:00.000000210,143.10417,91,208
1970-01-01 00:00:00.000000211,141.8901,91,208
1970-01-01 00:00:00.000000212,141.20503,91,208
1970-01-01 00:00:00.000000210,141.18474,91,209
1970-01-01 00:00:00.000000211,141.39812,91,209
1970-01-01 00:00:00.000000212,140.72998,91,209
1970-01-01 00:00:00.000000213,140.35329,91,209
1970-01-01 00:00:00.000000211,142.56194,91,210
1970-01-01 00:00:00.000000212,142.67422,91,210
1970-01-01 00:00:00.000000213,142.31183,91,210
1970-01-01 00:00:00.000000214,142.00667,91,210
1970-01-01 00:00:00.000000212,142.39253,91,211
1970-01-01 00:00:00.000000213,142.63916,91,211
1970-01-01 00:00:00.000000214,142.13799,91,211
1970-01-01 00:00:00.000000215,141.70654,91,211
1970-01-01 00:00:00.000000213,144.4756,91,212
1970-01-01 00:00:00.000000214,144.63373,91,212
1970-01-01 00:00:00.000000215,144.06238,91,212
1970-01-01 00:00:00.000000216,143.61621,91,212
1970-01-01 00:00:00.000000214,143.95499,91,213
1970-01-01 00:00:00.000000215,144.1113,91,213
1970-01-01 00:00:00.000000216,143.44069,91,213
1970-01-01 00:00:00.000000217,143.1655,91,213
1970-01-01 00:00:00.000000215,144.98015,91,214
1970-01-01 00:00:00.000000216,145.05182,91,214
1970-01-01 00:00:00.000000217,144.6561,91,214
1970-01-01 00:00:00.000000218,144.33046,91,214
1970-01-01 00:00:00.000000216,142.17258,91,215
1970-01-01 00:00:00.000000217,142.69182,91,215
1970-01-01 00:00:00.000000218,141.70503,91,215
1970-01-01 00:00:00.000000219,140.96468,91,215
1970-01-01 00:00:00.000000217,137.11026,91,216
1970-01-01 00:00:00.000000218,137.80579,91,216
1970-01-01 00:00:00.000000219,135.93224,91,216
1970-01-01 00:00:00.000000220,134.75441,91,216
1970-01-01 00:00:00.000000218,145.25735,91,217
1970-01-01 00:00:00.000000219,145.53271,91,217
1970-01-01 00:00:00.000000220,143.90642,91,217
1970-01-01 00:00:00.000000221,142.54301,91,217
1970-01-01 00:00:00.000000219,144.25386,91,218
1970-01-01 00:00:00.000000220,144.51726,91,218
1970-01-01 00:00:00.000000221,143.7437,91,218
1970-01-01 00:00:00.000000222,143.39876,91,218
1970-01-01 00:00:00.000000220,145.23811,91,219
1970-01-01 00:00:00.000000221,145.38814,91,219
1970-01-01 00:00:00.000000222,144.83119,91,219
1970-01-01 00:00:00.000000223,144.42262,91,219
1970-01-01 00:00:00.000000221,142.24411,91,220
1970-01-01 00:00:00.000000222,142.96542,91,220
1970-01-01 00:00:00.000000223,141.72466,91,220
1970-01-01 00:00:00.000000224,140.90619,91,220
1970-01-01 00:00:00.000000222,139.57129,91,221
1970-01-01 00:00:00.000000223,140.05856,91,221
1970-01-01 00:00:00.000000224,139.01233,91,221
1970-01-01 00:00:00.000000225,138.31117,91,221
1970-01-01 00:00:00.000000223,136.4606,91,222
1970-01-01 00:00:00.000000224,137.10353,91,222
1970-01-01 00:00:00.000000225,135.7772,91,222
1970-01-01 00:00:00.000000226,135.10747,91,222
1970-01-01 00:00:00.000000224,136.04326,91,223
1970-01-01 00:00:00.000000225,136.27652,91,223
1970-01-01 00:00:00.000000226,135.65024,91,223
1970-01-01 00:00:00.000000227,135.29568,91,223
1970-01-01 00:00:00.000000225,130.09882,91,224
1970-01-01 00:00:00.000000226,131.38295,91,224
1970-01-01 00:00:00.000000227,128.9996,91,224
1970-01-01 00:00:00.000000228,127.67542,91,224
1970-01-01 00:00:00.000000226,125.52434,91,225
1970-01-01 00:00:00.000000227,126.25168,91,225
1970-01-01 00:00:00.000000228,124.75003,91,225
1970-01-01 00:00:00.000000229,123.918205,91,225
1970-01-01 00:00:00.000000227,123.121735,91,226
1970-01-01 00:00:00.000000228,123.57267,91,226
1970-01-01 00:00:00.000000229,122.67528,91,226
1970-01-01 00:00:00.000000230,122.29012,91,226
1970-01-01 00:00:00.000000228,121.0003,91,227
1970-01-01 00:00:00.000000229,121.29707,91,227
1970-01-01 00:00:00.000000230,120.633675,91,227
1970-01-01 00:00:00.000000231,120.13993,91,227
1970-01-01 00:00:00.000000229,124.48586,91,228
1970-01-01 00:00:00.000000230,124.77628,91,228
1970-01-01 00:00:00.000000231,124.489174,91,228
1970-01-01 00:00:00.000000232,124.024605,91,228
1970-01-01 00:00:00.000000230,124.365364,91,229
1970-01-01 00:00:00.000000231,124.54887,91,229
1970-01-01 00:00:00.000000232,124.046745,91,229
1970-01-01 00:00:00.000000233,123.77509,91,229
1970-01-01 00:00:00.000000231,126.405304,91,230
1970-01-01 00:00:00.000000232,126.481514,91,230
1970-01-01 00:00:00.000000233,126.14187,91,230
1970-01-01 00:00:00.000000234,125.79597,91,230
1970-01-01 00:00:00.000000232,126.48021,91,231
1970-01-01 00:00:00.000000233,126.68016,91,231
1970-01-01 00:00:00.000000234,126.224045,91,231
1970-01-01 00:00:00.000000235,125.9516,91,231
1970-01-01 00:00:00.000000233,127.83843,91,232
1970-01-01 00:00:00.000000234,127.926895,91,232
1970-01-01 00:00:00.000000235,127.52534,91,232
1970-01-01 00:00:00.000000236,127.207405,91,232
1970-01-01 00:00:00.000000234,130.15802,91,233
1970-01-01 00:00:00.000000235,130.36636,91,233
1970-01-01 00:00:00.000000236,129.91515,91,233
1970-01-01 00:00:00.000000237,129.44312,91,233
1970-01-01 00:00:00.000000235,127.155685,91,234
1970-01-01 00:00:00.000000236,127.561806,91,234
1970-01-01 00:00:00.000000237,126.27092,91,234
1970-01-01 00:00:00.000000238,125.76528,91,234
1970-01-01 00:00:00.000000236,127.537834,91,235
1970-01-01 00:00:00.000000237,127.60623,91,235
1970-01-01 00:00:00.000000238,127.20845,91,235
1970-01-01 00:00:00.000000239,126.95058,91,235
1970-01-01 00:00:00.000000237,127.50633,91,236
1970-01-01 00:00:00.000000238,127.78409,91,236
1970-01-01 00:00:00.000000239,127.367386,91,236
1970-01-01 00:00:00.000000240,127.07517,91,236
1970-01-01 00:00:00.000000238,123.78356,91,237
1970-01-01 00:00:00.000000239,124.28521,91,237
1970-01-01 00:00:00.000000240,123.01465,91,237
1970-01-01 00:00:00.000000241,122.195786,91,237
1970-01-01 00:00:00.000000239,126.288666,91,238
1970-01-01 00:00:00.000000240,126.52163,91,238
1970-01-01 00:00:00.000000241,125.997154,91,238
1970-01-01 00:00:00.000000242,125.59016,91,238
1970-01-01 00:00:00.000000240,123.03369,91,239
1970-01-01 00:00:00.000000241,123.51457,91,239
1970-01-01 00:00:00.000000242,122.20543,91,239
1970-01-01 00:00:00.000000243,121.47593,91,239
1970-01-01 00:00:00.000000241,124.63868,91,240
1970-01-01 00:00:00.000000242,124.81062,91,240
1970-01-01 00:00:00.000000243,124.37306,91,240
1970-01-01 00:00:00.000000244,123.978584,91,240
1970-01-01 00:00:00.000000242,122.24469,91,241
1970-01-01 00:00:00.000000243,122.69141,91,241
1970-01-01 00:00:00.000000244,121.63015,91,241
1970-01-01 00:00:00.000000245,121.07783,91,241
1970-01-01 00:00:00.000000243,122.91501,91,242
1970-01-01 00:00:00.000000244,123.019,91,242
1970-01-01 00:00:00.000000245,122.60897,91,242
1970-01-01 00:00:00.000000246,122.28056,91,242
1970-01-01 00:00:00.000000244,122.53535,91,243
1970-01-01 00:00:00.000000245,122.801926,91,243
1970-01-01 00:00:00.000000246,122.215385,91,243
1970-01-01 00:00:00.000000247,121.91607,91,243
1970-01-01 00:00:00.000000245,119.0903,91,244
1970-01-01 00:00:00.000000246,119.54568,91,244
1970-01-01 00:00:00.000000247,118.26483,91,244
1970-01-01 00:00:00.000000248,117.72692,91,244
1970-01-01 00:00:00.000000246,119.378784,91,245
1970-01-01 00:00:00.000000247,119.543396,91,245
1970-01-01 00:00:00.000000248,119.244934,91,245
1970-01-01 00:00:00.000000249,118.94485,91,245
1970-01-01 00:00:00.000000247,116.37695,91,246
1970-01-01 00:00:00.000000248,116.94016,91,246
1970-01-01 00:00:00.000000249,115.92201,91,246
1970-01-01 00:00:00.000000250,115.427315,91,246
1970-01-01 00:00:00.000000248,116.21431,91,247
1970-01-01 00:00:00.000000249,116.3677,91,247
1970-01-01 00:00:00.000000250,116.02223,91,247
1970-01-01 00:00:00.000000251,115.80494,91,247
1970-01-01 00:00:00.000000249,114.03121,91,248
1970-01-01 00:00:00.000000250,114.38914,91,248
1970-01-01 00:00:00.000000251,113.749535,91,248
1970-01-01 00:00:00.000000252,113.305275,91,248
1970-01-01 00:00:00.000000250,113.17157,91,249
1970-01-01 00:00:00.000000251,113.46278,91,249
1970-01-01 00:00:00.000000252,112.96166,91,249
1970-01-01 00:00:00.000000253,112.62923,91,249
1970-01-01 00:00:00.000000251,116.37529,91,250
1970-01-01 00:00:00.000000252,116.46755,91,250
1970-01-01 00:00:00.000000253,116.22721,91,250
1970-01-01 00:00:00.000000254,115.919495,91,250
1970-01-01 00:00:00.000000252,115.280045,91,251
1970-01-01 00:00:00.000000253,115.51397,91,251
1970-01-01 00:00:00.000000254,114.93408,91,251
1970-01-01 00:00:00.000000255,114.5498,91,251
1970-01-01 00:00:00.000000253,113.989044,91,252
1970-01-01 00:00:00.000000254,114.265564,91,252
1970-01-01 00:00:00.000000255,113.6329,91,252
1970-01-01 00:00:00.000000256,113.30195,91,252
1970-01-01 00:00:00.000000254,109.78038,91,253
1970-01-01 00:00:00.000000255,110.23368,91,253
1970-01-01 00:00:00.000000256,108.8825,91,253
1970-01-01 00:00:00.000000257,107.87209,91,253
1970-01-01 00:00:00.000000255,107.99586,91,254
1970-01-01 00:00:00.000000256,108.30989,91,254
1970-01-01 00:00:00.000000257,107.68631,91,254
1970-01-01 00:00:00.000000258,107.308716,91,254
1970-01-01 00:00:00.000000256,107.21131,91,255
1970-01-01 00:00:00.000000257,107.40328,91,255
1970-01-01 00:00:00.000000258,106.73707,91,255
1970-01-01 00:00:00.000000259,106.35737,91,255
1970-01-01 00:00:00.000000257,107.036316,91,256
1970-01-01 00:00:00.000000258,107.212975,91,256
1970-01-01 00:00:00.000000259,106.72922,91,256
1970-01-01 00:00:00.000000260,106.45616,91,256
1970-01-01 00:00:00.000000258,101.57283,91,257
1970-01-01 00:00:00.000000259,102.3266,91,257
1970-01-01 00:00:00.000000260,100.406006,91,257
1970-01-01 00:00:00.000000261,99.55357,91,257
1970-01-01 00:00:00.000000259,96.54782,91,258
1970-01-01 00:00:00.000000260,97.01775,91,258
1970-01-01 00:00:00.000000261,95.91859,91,258
1970-01-01 00:00:00.000000262,95.35393,91,258
1970-01-01 00:00:00.000000260,96.66548,91,259
1970-01-01 00:00:00.000000261,96.83619,91,259
1970-01-01 00:00:00.000000262,96.73785,91,259
1970-01-01 00:00:00.000000263,96.47434,91,259
1970-01-01 00:00:00.000000261,93.36135,91,260
1970-01-01 00:00:00.000000262,93.88502,91,260
1970-01-01 00:00:00.000000263,92.92014,91,260
1970-01-01 00:00:00.000000264,92.25815,91,260
1970-01-01 00:00:00.000000262,95.16104,91,261
1970-01-01 00:00:00.000000263,95.17834,91,261
1970-01-01 00:00:00.000000264,95.04935,91,261
1970-01-01 00:00:00.000000265,94.77014,91,261
1970-01-01 00:00:00.000000263,102.68695,91,262
1970-01-01 00:00:00.000000264,102.83932,91,262
1970-01-01 00:00:00.000000265,102.4905,91,262
1970-01-01 00:00:00.000000266,101.91431,91,262
1970-01-01 00:00:00.000000264,102.21919,91,263
1970-01-01 00:00:00.000000265,102.377464,91,263
1970-01-01 00:00:00.000000266,101.97087,91,263
1970-01-01 00:00:00.000000267,101.759705,91,263
1970-01-01 00:00:00.000000265,103.07866,91,264
1970-01-01 00:00:00.000000266,103.14429,91,264
1970-01-01 00:00:00.000000267,103.01879,91,264
1970-01-01 00:00:00.000000268,102.87432,91,264
1970-01-01 00:00:00.000000009,126.29894,92,8
1970-01-01 00:00:00.000000010,129.4891,92,8
1970-01-01 00:00:00.000000011,124.82414,92,8
1970-01-01 00:00:00.000000012,122.8533,92,8
1970-01-01 00:00:00.000000010,117.80225,92,9
1970-01-01 00:00:00.000000011,119.20663,92,9
1970-01-01 00:00:00.000000012,116.75542,92,9
1970-01-01 00:00:00.000000013,115.61201,92,9
1970-01-01 00:00:00.000000011,118.9884,92,10
1970-01-01 00:00:00.000000012,119.35189,92,10
1970-01-01 00:00:00.000000013,118.77446,92,10
1970-01-01 00:00:00.000000014,118.434235,92,10
1970-01-01 00:00:00.000000012,120.72039,92,11
1970-01-01 00:00:00.000000013,120.98483,92,11
1970-01-01 00:00:00.000000014,120.44659,92,11
1970-01-01 00:00:00.000000015,120.19948,92,11
1970-01-01 00:00:00.000000013,123.08727,92,12
1970-01-01 00:00:00.000000014,123.3615,92,12
1970-01-01 00:00:00.000000015,122.717804,92,12
1970-01-01 00:00:00.000000016,122.40429,92,12
1970-01-01 00:00:00.000000014,124.454575,92,13
1970-01-01 00:00:00.000000015,124.68022,92,13
1970-01-01 00:00:00.000000016,124.202866,92,13
1970-01-01 00:00:00.000000017,123.98323,92,13
1970-01-01 00:00:00.000000015,125.74933,92,14
1970-01-01 00:00:00.000000016,126.00767,92,14
1970-01-01 00:00:00.000000017,125.495735,92,14
1970-01-01 00:00:00.000000018,125.22756,92,14
1970-01-01 00:00:00.000000016,127.33324,92,15
1970-01-01 00:00:00.000000017,127.600815,92,15
1970-01-01 00:00:00.000000018,127.062355,92,15
1970-01-01 00:00:00.000000019,126.77615,92,15
1970-01-01 00:00:00.000000017,128.85542,92,16
1970-01-01 00:00:00.000000018,129.06984,92,16
1970-01-01 00:00:00.000000019,128.51158,92,16
1970-01-01 00:00:00.000000020,128.2794,92,16
1970-01-01 00:00:00.000000018,131.08539,92,17
1970-01-01 00:00:00.000000019,131.3604,92,17
1970-01-01 00:00:00.000000020,130.70131,92,17
1970-01-01 00:00:00.000000021,130.34407,92,17
1970-01-01 00:00:00.000000019,132.12196,92,18
1970-01-01 00:00:00.000000020,132.37956,92,18
1970-01-01 00:00:00.000000021,131.87549,92,18
1970-01-01 00:00:00.000000022,131.62314,92,18
1970-01-01 00:00:00.000000020,132.84573,92,19
1970-01-01 00:00:00.000000021,133.02301,92,19
1970-01-01 00:00:00.000000022,132.55733,92,19
1970-01-01 00:00:00.000000023,132.30243,92,19
1970-01-01 00:00:00.000000021,134.38177,92,20
1970-01-01 00:00:00.000000022,134.66838,92,20
1970-01-01 00:00:00.000000023,134.07602,92,20
1970-01-01 00:00:00.000000024,133.69348,92,20
1970-01-01 00:00:00.000000022,135.4179,92,21
1970-01-01 00:00:00.000000023,135.63179,92,21
1970-01-01 00:00:00.000000024,135.05661,92,21
1970-01-01 00:00:00.000000025,134.76518,92,21
1970-01-01 00:00:00.000000023,135.85753,92,22
1970-01-01 00:00:00.000000024,136.01495,92,22
1970-01-01 00:00:00.000000025,135.43446,92,22
1970-01-01 00:00:00.000000026,135.16158,92,22
1970-01-01 00:00:00.000000024,136.79282,92,23
1970-01-01 00:00:00.000000025,136.99307,92,23
1970-01-01 00:00:00.000000026,136.41154,92,23
1970-01-01 00:00:00.000000027,136.17273,92,23
1970-01-01 00:00:00.000000025,137.15427,92,24
1970-01-01 00:00:00.000000026,137.36711,92,24
1970-01-01 00:00:00.000000027,136.83395,92,24
1970-01-01 00:00:00.000000028,136.54964,92,24
1970-01-01 00:00:00.000000026,138.41182,92,25
1970-01-01 00:00:00.000000027,138.68948,92,25
1970-01-01 00:00:00.000000028,138.09126,92,25
1970-01-01 00:00:00.000000029,137.80943,92,25
1970-01-01 00:00:00.000000027,138.48996,92,26
1970-01-01 00:00:00.000000028,138.75278,92,26
1970-01-01 00:00:00.000000029,138.15178,92,26
1970-01-01 00:00:00.000000030,137.85994,92,26
1970-01-01 00:00:00.000000028,140.4877,92,27
1970-01-01 00:00:00.000000029,140.8453,92,27
1970-01-01 00:00:00.000000030,140.07928,92,27
1970-01-01 00:00:00.000000031,139.61725,92,27
1970-01-01 00:00:00.000000029,141.92233,92,28
1970-01-01 00:00:00.000000030,142.17488,92,28
1970-01-01 00:00:00.000000031,141.60481,92,28
1970-01-01 00:00:00.000000032,141.30203,92,28
1970-01-01 00:00:00.000000030,143.40929,92,29
1970-01-01 00:00:00.000000031,143.60237,92,29
1970-01-01 00:00:00.000000032,142.9472,92,29
1970-01-01 00:00:00.000000033,142.7406,92,29
1970-01-01 00:00:00.000000031,142.50616,92,30
1970-01-01 00:00:00.000000032,142.96228,92,30
1970-01-01 00:00:00.000000033,142.08604,92,30
1970-01-01 00:00:00.000000034,141.40857,92,30
1970-01-01 00:00:00.000000032,142.18573,92,31
1970-01-01 00:00:00.000000033,142.87802,92,31
1970-01-01 00:00:00.000000034,141.6031,92,31
1970-01-01 00:00:00.000000035,140.53076,92,31
1970-01-01 00:00:00.000000033,143.18088,92,32
1970-01-01 00:00:00.000000034,143.60458,92,32
1970-01-01 00:00:00.000000035,141.46928,92,32
1970-01-01 00:00:00.000000036,141.47421,92,32
1970-01-01 00:00:00.000000034,145.94356,92,33
1970-01-01 00:00:00.000000035,144.97113,92,33
1970-01-01 00:00:00.000000036,143.43828,92,33
1970-01-01 00:00:00.000000037,144.45915,92,33
1970-01-01 00:00:00.000000035,147.92383,92,34
1970-01-01 00:00:00.000000036,148.89072,92,34
1970-01-01 00:00:00.000000037,148.8801,92,34
1970-01-01 00:00:00.000000038,148.08891,92,34
1970-01-01 00:00:00.000000036,130.3613,92,35
1970-01-01 00:00:00.000000037,137.55305,92,35
1970-01-01 00:00:00.000000038,131.23463,92,35
1970-01-01 00:00:00.000000039,128.65955,92,35
1970-01-01 00:00:00.000000037,136.76668,92,36
1970-01-01 00:00:00.000000038,136.7468,92,36
1970-01-01 00:00:00.000000039,136.24603,92,36
1970-01-01 00:00:00.000000040,137.25314,92,36
1970-01-01 00:00:00.000000038,140.32944,92,37
1970-01-01 00:00:00.000000039,140.91518,92,37
1970-01-01 00:00:00.000000040,145.98042,92,37
1970-01-01 00:00:00.000000041,147.06052,92,37
1970-01-01 00:00:00.000000039,130.69862,92,38
1970-01-01 00:00:00.000000040,137.0372,92,38
1970-01-01 00:00:00.000000041,137.7649,92,38
1970-01-01 00:00:00.000000042,133.84883,92,38
1970-01-01 00:00:00.000000040,123.64056,92,39
1970-01-01 00:00:00.000000041,127.20493,92,39
1970-01-01 00:00:00.000000042,124.21236,92,39
1970-01-01 00:00:00.000000043,122.479195,92,39
1970-01-01 00:00:00.000000041,118.90237,92,40
1970-01-01 00:00:00.000000042,119.51349,92,40
1970-01-01 00:00:00.000000043,117.107475,92,40
1970-01-01 00:00:00.000000044,116.51744,92,40
1970-01-01 00:00:00.000000042,119.70638,92,41
1970-01-01 00:00:00.000000043,120.04061,92,41
1970-01-01 00:00:00.000000044,119.345276,92,41
1970-01-01 00:00:00.000000045,119.10858,92,41
1970-01-01 00:00:00.000000043,103.54634,92,42
1970-01-01 00:00:00.000000044,106.58189,92,42
1970-01-01 00:00:00.000000045,101.70453,92,42
1970-01-01 00:00:00.000000046,100.093956,92,42
1970-01-01 00:00:00.000000044,97.385574,92,43
1970-01-01 00:00:00.000000045,98.66047,92,43
1970-01-01 00:00:00.000000046,96.5899,92,43
1970-01-01 00:00:00.000000047,95.91368,92,43
1970-01-01 00:00:00.000000045,92.38721,92,44
1970-01-01 00:00:00.000000046,93.366135,92,44
1970-01-01 00:00:00.000000047,91.86909,92,44
1970-01-01 00:00:00.000000048,91.42033,92,44
1970-01-01 00:00:00.000000046,94.647934,92,45
1970-01-01 00:00:00.000000047,94.95834,92,45
1970-01-01 00:00:00.000000048,94.75799,92,45
1970-01-01 00:00:00.000000049,94.561646,92,45
1970-01-01 00:00:00.000000047,98.18993,92,46
1970-01-01 00:00:00.000000048,98.4605,92,46
1970-01-01 00:00:00.000000049,98.31504,92,46
1970-01-01 00:00:00.000000050,98.19416,92,46
1970-01-01 00:00:00.000000048,97.2768,92,47
1970-01-01 00:00:00.000000049,97.50064,92,47
1970-01-01 00:00:00.000000050,97.055145,92,47
1970-01-01 00:00:00.000000051,96.92189,92,47
1970-01-01 00:00:00.000000049,104.81935,92,48
1970-01-01 00:00:00.000000050,104.55779,92,48
1970-01-01 00:00:00.000000051,104.954124,92,48
1970-01-01 00:00:00.000000052,105.02871,92,48
1970-01-01 00:00:00.000000050,109.82685,92,49
1970-01-01 00:00:00.000000051,109.76078,92,49
1970-01-01 00:00:00.000000052,109.85311,92,49
1970-01-01 00:00:00.000000053,109.80175,92,49
1970-01-01 00:00:00.000000051,113.99293,92,50
1970-01-01 00:00:00.000000052,113.835846,92,50
1970-01-01 00:00:00.000000053,113.775406,92,50
1970-01-01 00:00:00.000000054,113.78797,92,50
1970-01-01 00:00:00.000000052,117.74899,92,51
1970-01-01 00:00:00.000000053,117.56044,92,51
1970-01-01 00:00:00.000000054,117.42848,92,51
1970-01-01 00:00:00.000000055,117.39642,92,51
1970-01-01 00:00:00.000000053,122.198685,92,52
1970-01-01 00:00:00.000000054,122.09382,92,52
1970-01-01 00:00:00.000000055,121.80943,92,52
1970-01-01 00:00:00.000000056,121.57649,92,52
1970-01-01 00:00:00.000000054,127.37404,92,53
1970-01-01 00:00:00.000000055,127.31967,92,53
1970-01-01 00:00:00.000000056,126.733284,92,53
1970-01-01 00:00:00.000000057,126.69242,92,53
1970-01-01 00:00:00.000000055,130.0371,92,54
1970-01-01 00:00:00.000000056,130.00368,92,54
1970-01-01 00:00:00.000000057,129.60446,92,54
1970-01-01 00:00:00.000000058,129.37985,92,54
1970-01-01 00:00:00.000000056,130.62263,92,55
1970-01-01 00:00:00.000000057,130.85252,92,55
1970-01-01 00:00:00.000000058,130.32477,92,55
1970-01-01 00:00:00.000000059,130.06625,92,55
1970-01-01 00:00:00.000000009,111.345375,93,8
1970-01-01 00:00:00.000000010,111.64108,93,8
1970-01-01 00:00:00.000000011,111.36773,93,8
1970-01-01 00:00:00.000000012,111.085175,93,8
1970-01-01 00:00:00.000000010,107.908585,93,9
1970-01-01 00:00:00.000000011,108.50515,93,9
1970-01-01 00:00:00.000000012,107.50173,93,9
1970-01-01 00:00:00.000000013,106.94171,93,9
1970-01-01 00:00:00.000000011,110.0139,93,10
1970-01-01 00:00:00.000000012,110.2615,93,10
1970-01-01 00:00:00.000000013,110.27651,93,10
1970-01-01 00:00:00.000000014,110.01827,93,10
1970-01-01 00:00:00.000000012,108.20042,93,11
1970-01-01 00:00:00.000000013,108.62516,93,11
1970-01-01 00:00:00.000000014,108.07004,93,11
1970-01-01 00:00:00.000000015,107.62906,93,11
1970-01-01 00:00:00.000000013,103.50458,93,12
1970-01-01 00:00:00.000000014,104.29637,93,12
1970-01-01 00:00:00.000000015,103.04953,93,12
1970-01-01 00:00:00.000000016,102.4535,93,12
1970-01-01 00:00:00.000000014,109.10951,93,13
1970-01-01 00:00:00.000000015,109.4151,93,13
1970-01-01 00:00:00.000000016,109.70392,93,13
1970-01-01 00:00:00.000000017,109.318184,93,13
1970-01-01 00:00:00.000000015,106.29667,93,14
1970-01-01 00:00:00.000000016,106.89137,93,14
1970-01-01 00:00:00.000000017,106.24465,93,14
1970-01-01 00:00:00.000000018,105.7395,93,14
1970-01-01 00:00:00.000000016,102.61214,93,15
1970-01-01 00:00:00.000000017,103.33031,93,15
1970-01-01 00:00:00.000000018,102.47691,93,15
1970-01-01 00:00:00.000000019,101.79735,93,15
1970-01-01 00:00:00.000000017,105.386055,93,16
1970-01-01 00:00:00.000000018,105.67027,93,16
1970-01-01 00:00:00.000000019,105.72041,93,16
1970-01-01 00:00:00.000000020,105.37823,93,16
1970-01-01 00:00:00.000000018,114.53711,93,17
1970-01-01 00:00:00.000000019,114.96827,93,17
1970-01-01 00:00:00.000000020,115.18055,93,17
1970-01-01 00:00:00.000000021,114.669426,93,17
1970-01-01 00:00:00.000000019,108.95617,93,18
1970-01-01 00:00:00.000000020,109.73807,93,18
1970-01-01 00:00:00.000000021,108.382744,93,18
1970-01-01 00:00:00.000000022,107.644394,93,18
1970-01-01 00:00:00.000000020,107.80553,93,19
1970-01-01 00:00:00.000000021,108.085266,93,19
1970-01-01 00:00:00.000000022,107.97837,93,19
1970-01-01 00:00:00.000000023,107.74364,93,19
1970-01-01 00:00:00.000000021,108.35967,93,20
1970-01-01 00:00:00.000000022,108.667366,93,20
1970-01-01 00:00:00.000000023,108.55292,93,20
1970-01-01 00:00:00.000000024,108.282486,93,20
1970-01-01 00:00:00.000000022,110.86821,93,21
1970-01-01 00:00:00.000000023,111.13813,93,21
1970-01-01 00:00:00.000000024,111.040665,93,21
1970-01-01 00:00:00.000000025,110.71588,93,21
1970-01-01 00:00:00.000000023,118.4674,93,22
1970-01-01 00:00:00.000000024,118.773674,93,22
1970-01-01 00:00:00.000000025,118.89309,93,22
1970-01-01 00:00:00.000000026,118.47382,93,22
1970-01-01 00:00:00.000000024,115.082184,93,23
1970-01-01 00:00:00.000000025,115.568245,93,23
1970-01-01 00:00:00.000000026,114.76924,93,23
1970-01-01 00:00:00.000000027,114.32453,93,23
1970-01-01 00:00:00.000000025,108.984535,93,24
1970-01-01 00:00:00.000000026,109.96847,93,24
1970-01-01 00:00:00.000000027,108.83097,93,24
1970-01-01 00:00:00.000000028,107.90624,93,24
1970-01-01 00:00:00.000000026,111.482574,93,25
1970-01-01 00:00:00.000000027,111.78556,93,25
1970-01-01 00:00:00.000000028,111.98783,93,25
1970-01-01 00:00:00.000000029,111.666,93,25
1970-01-01 00:00:00.000000027,116.94193,93,26
1970-01-01 00:00:00.000000028,117.246895,93,26
1970-01-01 00:00:00.000000029,117.41929,93,26
1970-01-01 00:00:00.000000030,116.959656,93,26
1970-01-01 00:00:00.000000028,120.83541,93,27
1970-01-01 00:00:00.000000029,121.05963,93,27
1970-01-01 00:00:00.000000030,121.15454,93,27
1970-01-01 00:00:00.000000031,120.74069,93,27
1970-01-01 00:00:00.000000029,123.327484,93,28
1970-01-01 00:00:00.000000030,123.54454,93,28
1970-01-01 00:00:00.000000031,123.45518,93,28
1970-01-01 00:00:00.000000032,123.14731,93,28
1970-01-01 00:00:00.000000030,123.85341,93,29
1970-01-01 00:00:00.000000031,124.093666,93,29
1970-01-01 00:00:00.000000032,123.86079,93,29
1970-01-01 00:00:00.000000033,123.66954,93,29
1970-01-01 00:00:00.000000031,122.60688,93,30
1970-01-01 00:00:00.000000032,122.937744,93,30
1970-01-01 00:00:00.000000033,122.5028,93,30
1970-01-01 00:00:00.000000034,122.05641,93,30
1970-01-01 00:00:00.000000032,122.573524,93,31
1970-01-01 00:00:00.000000033,122.905815,93,31
1970-01-01 00:00:00.000000034,122.617355,93,31
1970-01-01 00:00:00.000000035,122.43916,93,31
1970-01-01 00:00:00.000000033,124.145134,93,32
1970-01-01 00:00:00.000000034,124.25424,93,32
1970-01-01 00:00:00.000000035,124.26804,93,32
1970-01-01 00:00:00.000000036,124.02377,93,32
1970-01-01 00:00:00.000000034,125.8456,93,33
1970-01-01 00:00:00.000000035,126.16816,93,33
1970-01-01 00:00:00.000000036,126.130516,93,33
1970-01-01 00:00:00.000000037,125.78808,93,33
1970-01-01 00:00:00.000000035,126.88721,93,34
1970-01-01 00:00:00.000000036,127.134865,93,34
1970-01-01 00:00:00.000000037,126.93927,93,34
1970-01-01 00:00:00.000000038,126.64285,93,34
1970-01-01 00:00:00.000000036,132.72571,93,35
1970-01-01 00:00:00.000000037,132.93758,93,35
1970-01-01 00:00:00.000000038,132.8794,93,35
1970-01-01 00:00:00.000000039,132.26999,93,35
1970-01-01 00:00:00.000000037,134.37633,93,36
1970-01-01 00:00:00.000000038,134.64774,93,36
1970-01-01 00:00:00.000000039,134.36002,93,36
1970-01-01 00:00:00.000000040,133.95811,93,36
1970-01-01 00:00:00.000000038,133.78876,93,37
1970-01-01 00:00:00.000000039,134.1105,93,37
1970-01-01 00:00:00.000000040,133.55568,93,37
1970-01-01 00:00:00.000000041,133.26453,93,37
1970-01-01 00:00:00.000000039,133.8911,93,38
1970-01-01 00:00:00.000000040,134.09666,93,38
1970-01-01 00:00:00.000000041,133.77875,93,38
1970-01-01 00:00:00.000000042,133.51642,93,38
1970-01-01 00:00:00.000000040,134.76373,93,39
1970-01-01 00:00:00.000000041,135.1164,93,39
1970-01-01 00:00:00.000000042,134.86316,93,39
1970-01-01 00:00:00.000000043,134.56854,93,39
1970-01-01 00:00:00.000000041,129.20787,93,40
1970-01-01 00:00:00.000000042,130.24269,93,40
1970-01-01 00:00:00.000000043,128.56,93,40
1970-01-01 00:00:00.000000044,127.49665,93,40
1970-01-01 00:00:00.000000042,132.55804,93,41
1970-01-01 00:00:00.000000043,132.91704,93,41
1970-01-01 00:00:00.000000044,132.92279,93,41
1970-01-01 00:00:00.000000045,132.4222,93,41
1970-01-01 00:00:00.000000043,130.65906,93,42
1970-01-01 00:00:00.000000044,131.17207,93,42
1970-01-01 00:00:00.000000045,130.48521,93,42
1970-01-01 00:00:00.000000046,129.8625,93,42
1970-01-01 00:00:00.000000044,132.12193,93,43
1970-01-01 00:00:00.000000045,132.39616,93,43
1970-01-01 00:00:00.000000046,132.16318,93,43
1970-01-01 00:00:00.000000047,131.84192,93,43
1970-01-01 00:00:00.000000045,133.389,93,44
1970-01-01 00:00:00.000000046,133.59102,93,44
1970-01-01 00:00:00.000000047,133.30946,93,44
1970-01-01 00:00:00.000000048,132.97597,93,44
1970-01-01 00:00:00.000000046,136.49359,93,45
1970-01-01 00:00:00.000000047,136.8181,93,45
1970-01-01 00:00:00.000000048,136.60464,93,45
1970-01-01 00:00:00.000000049,136.14885,93,45
1970-01-01 00:00:00.000000009,93.78158,94,8
1970-01-01 00:00:00.000000010,93.81625,94,8
1970-01-01 00:00:00.000000011,94.92076,94,8
1970-01-01 00:00:00.000000012,95.24923,94,8
1970-01-01 00:00:00.000000010,98.55677,94,9
1970-01-01 00:00:00.000000011,98.62613,94,9
1970-01-01 00:00:00.000000012,99.660126,94,9
1970-01-01 00:00:00.000000013,99.960915,94,9
1970-01-01 00:00:00.000000011,103.14096,94,10
1970-01-01 00:00:00.000000012,103.16894,94,10
1970-01-01 00:00:00.000000013,104.22486,94,10
1970-01-01 00:00:00.000000014,104.48986,94,10
1970-01-01 00:00:00.000000012,107.39341,94,11
1970-01-01 00:00:00.000000013,107.44376,94,11
1970-01-01 00:00:00.000000014,108.4241,94,11
1970-01-01 00:00:00.000000015,108.557014,94,11
1970-01-01 00:00:00.000000009,127.544914,95,8
1970-01-01 00:00:00.000000010,127.78403,95,8
1970-01-01 00:00:00.000000011,127.50037,95,8
1970-01-01 00:00:00.000000012,126.938675,95,8
1970-01-01 00:00:00.000000010,123.84974,95,9
1970-01-01 00:00:00.000000011,124.30407,95,9
1970-01-01 00:00:00.000000012,122.96877,95,9
1970-01-01 00:00:00.000000013,121.87581,95,9
1970-01-01 00:00:00.000000011,130.9101,95,10
1970-01-01 00:00:00.000000012,130.72202,95,10
1970-01-01 00:00:00.000000013,129.70824,95,10
1970-01-01 00:00:00.000000014,128.93198,95,10
1970-01-01 00:00:00.000000012,138.11086,95,11
1970-01-01 00:00:00.000000013,137.85464,95,11
1970-01-01 00:00:00.000000014,137.15764,95,11
1970-01-01 00:00:00.000000015,136.85596,95,11
1970-01-01 00:00:00.000000013,137.8941,95,12
1970-01-01 00:00:00.000000014,137.92656,95,12
1970-01-01 00:00:00.000000015,137.68953,95,12
1970-01-01 00:00:00.000000016,137.17467,95,12
1970-01-01 00:00:00.000000014,142.08047,95,13
1970-01-01 00:00:00.000000015,142.35022,95,13
1970-01-01 00:00:00.000000016,141.61261,95,13
1970-01-01 00:00:00.000000017,141.0743,95,13
1970-01-01 00:00:00.000000015,146.81184,95,14
1970-01-01 00:00:00.000000016,146.4824,95,14
1970-01-01 00:00:00.000000017,145.78867,95,14
1970-01-01 00:00:00.000000018,145.11542,95,14
1970-01-01 00:00:00.000000016,160.0949,95,15
1970-01-01 00:00:00.000000017,160.56001,95,15
1970-01-01 00:00:00.000000018,158.33582,95,15
1970-01-01 00:00:00.000000019,154.78246,95,15
1970-01-01 00:00:00.000000017,160.12755,95,16
1970-01-01 00:00:00.000000018,160.60622,95,16
1970-01-01 00:00:00.000000019,159.34,95,16
1970-01-01 00:00:00.000000020,158.27939,95,16
1970-01-01 00:00:00.000000018,169.09515,95,17
1970-01-01 00:00:00.000000019,168.58852,95,17
1970-01-01 00:00:00.000000020,165.80594,95,17
1970-01-01 00:00:00.000000021,164.04327,95,17
1970-01-01 00:00:00.000000019,177.42441,95,18
1970-01-01 00:00:00.000000020,177.19823,95,18
1970-01-01 00:00:00.000000021,175.76843,95,18
1970-01-01 00:00:00.000000022,174.51166,95,18
1970-01-01 00:00:00.000000020,182.00923,95,19
1970-01-01 00:00:00.000000021,182.09154,95,19
1970-01-01 00:00:00.000000022,181.31117,95,19
1970-01-01 00:00:00.000000023,180.54453,95,19
1970-01-01 00:00:00.000000021,179.98727,95,20
1970-01-01 00:00:00.000000022,180.41075,95,20
1970-01-01 00:00:00.000000023,179.18086,95,20
1970-01-01 00:00:00.000000024,178.11012,95,20
1970-01-01 00:00:00.000000022,182.48254,95,21
1970-01-01 00:00:00.000000023,182.50667,95,21
1970-01-01 00:00:00.000000024,181.38615,95,21
1970-01-01 00:00:00.000000025,180.5035,95,21
1970-01-01 00:00:00.000000023,182.67917,95,22
1970-01-01 00:00:00.000000024,182.8674,95,22
1970-01-01 00:00:00.000000025,182.26854,95,22
1970-01-01 00:00:00.000000026,181.75917,95,22
1970-01-01 00:00:00.000000024,181.2547,95,23
1970-01-01 00:00:00.000000025,181.48053,95,23
1970-01-01 00:00:00.000000026,180.92752,95,23
1970-01-01 00:00:00.000000027,180.41617,95,23
1970-01-01 00:00:00.000000025,179.66733,95,24
1970-01-01 00:00:00.000000026,179.9128,95,24
1970-01-01 00:00:00.000000027,179.23474,95,24
1970-01-01 00:00:00.000000028,178.67209,95,24
1970-01-01 00:00:00.000000026,179.54521,95,25
1970-01-01 00:00:00.000000027,179.64029,95,25
1970-01-01 00:00:00.000000028,179.14236,95,25
1970-01-01 00:00:00.000000029,178.73203,95,25
1970-01-01 00:00:00.000000027,180.43237,95,26
1970-01-01 00:00:00.000000028,180.53375,95,26
1970-01-01 00:00:00.000000029,180.04878,95,26
1970-01-01 00:00:00.000000030,179.62534,95,26
1970-01-01 00:00:00.000000028,180.42215,95,27
1970-01-01 00:00:00.000000029,180.57854,95,27
1970-01-01 00:00:00.000000030,180.08104,95,27
1970-01-01 00:00:00.000000031,179.67897,95,27
1970-01-01 00:00:00.000000029,181.58627,95,28
1970-01-01 00:00:00.000000030,181.65895,95,28
1970-01-01 00:00:00.000000031,181.14043,95,28
1970-01-01 00:00:00.000000032,180.62845,95,28
1970-01-01 00:00:00.000000030,181.7355,95,29
1970-01-01 00:00:00.000000031,181.9056,95,29
1970-01-01 00:00:00.000000032,181.41504,95,29
1970-01-01 00:00:00.000000033,181.01399,95,29
1970-01-01 00:00:00.000000031,181.14531,95,30
1970-01-01 00:00:00.000000032,181.26222,95,30
1970-01-01 00:00:00.000000033,180.81532,95,30
1970-01-01 00:00:00.000000034,180.41487,95,30
1970-01-01 00:00:00.000000032,181.89908,95,31
1970-01-01 00:00:00.000000033,182.02505,95,31
1970-01-01 00:00:00.000000034,181.5979,95,31
1970-01-01 00:00:00.000000035,181.068,95,31
1970-01-01 00:00:00.000000033,182.55185,95,32
1970-01-01 00:00:00.000000034,182.68407,95,32
1970-01-01 00:00:00.000000035,182.19485,95,32
1970-01-01 00:00:00.000000036,181.79239,95,32
1970-01-01 00:00:00.000000034,183.82803,95,33
1970-01-01 00:00:00.000000035,183.79355,95,33
1970-01-01 00:00:00.000000036,183.29047,95,33
1970-01-01 00:00:00.000000037,182.83385,95,33
1970-01-01 00:00:00.000000035,188.10329,95,34
1970-01-01 00:00:00.000000036,188.15343,95,34
1970-01-01 00:00:00.000000037,187.30684,95,34
1970-01-01 00:00:00.000000038,186.48862,95,34
1970-01-01 00:00:00.000000036,189.69507,95,35
1970-01-01 00:00:00.000000037,189.74055,95,35
1970-01-01 00:00:00.000000038,189.35405,95,35
1970-01-01 00:00:00.000000039,188.97136,95,35
1970-01-01 00:00:00.000000037,193.0913,95,36
1970-01-01 00:00:00.000000038,193.09962,95,36
1970-01-01 00:00:00.000000039,192.43362,95,36
1970-01-01 00:00:00.000000040,191.57289,95,36
1970-01-01 00:00:00.000000038,195.61098,95,37
1970-01-01 00:00:00.000000039,195.65462,95,37
1970-01-01 00:00:00.000000040,195.07368,95,37
1970-01-01 00:00:00.000000041,194.55536,95,37
1970-01-01 00:00:00.000000039,198.92686,95,38
1970-01-01 00:00:00.000000040,198.76857,95,38
1970-01-01 00:00:00.000000041,198.08458,95,38
1970-01-01 00:00:00.000000042,197.42458,95,38
1970-01-01 00:00:00.000000040,200.88774,95,39
1970-01-01 00:00:00.000000041,200.89856,95,39
1970-01-01 00:00:00.000000042,200.4233,95,39
1970-01-01 00:00:00.000000043,199.92929,95,39
1970-01-01 00:00:00.000000041,204.38391,95,40
1970-01-01 00:00:00.000000042,204.29962,95,40
1970-01-01 00:00:00.000000043,203.61053,95,40
1970-01-01 00:00:00.000000044,202.89676,95,40
1970-01-01 00:00:00.000000042,208.96825,95,41
1970-01-01 00:00:00.000000043,208.87311,95,41
1970-01-01 00:00:00.000000044,208.06546,95,41
1970-01-01 00:00:00.000000045,207.22502,95,41
1970-01-01 00:00:00.000000043,208.1799,95,42
1970-01-01 00:00:00.000000044,208.38135,95,42
1970-01-01 00:00:00.000000045,207.61891,95,42
1970-01-01 00:00:00.000000046,206.90948,95,42
1970-01-01 00:00:00.000000044,208.33153,95,43
1970-01-01 00:00:00.000000045,208.29643,95,43
1970-01-01 00:00:00.000000046,207.83789,95,43
1970-01-01 00:00:00.000000047,207.28944,95,43
1970-01-01 00:00:00.000000045,210.45215,95,44
1970-01-01 00:00:00.000000046,210.44293,95,44
1970-01-01 00:00:00.000000047,209.8832,95,44
1970-01-01 00:00:00.000000048,209.32253,95,44
1970-01-01 00:00:00.000000046,211.7245,95,45
1970-01-01 00:00:00.000000047,211.69742,95,45
1970-01-01 00:00:00.000000048,211.20715,95,45
1970-01-01 00:00:00.000000049,210.71901,95,45
1970-01-01 00:00:00.000000047,212.5106,95,46
1970-01-01 00:00:00.000000048,212.52144,95,46
1970-01-01 00:00:00.000000049,212.03964,95,46
1970-01-01 00:00:00.000000050,211.67445,95,46
1970-01-01 00:00:00.000000048,213.58427,95,47
1970-01-01 00:00:00.000000049,213.51732,95,47
1970-01-01 00:00:00.000000050,213.12242,95,47
1970-01-01 00:00:00.000000051,212.6727,95,47
1970-01-01 00:00:00.000000049,213.53357,95,48
1970-01-01 00:00:00.000000050,213.66556,95,48
1970-01-01 00:00:00.000000051,213.22888,95,48
1970-01-01 00:00:00.000000052,212.80818,95,48
1970-01-01 00:00:00.000000050,212.71033,95,49
1970-01-01 00:00:00.000000051,212.80937,95,49
1970-01-01 00:00:00.000000052,212.2877,95,49
1970-01-01 00:00:00.000000053,211.75119,95,49
1970-01-01 00:00:00.000000051,213.05302,95,50
1970-01-01 00:00:00.000000052,213.08214,95,50
1970-01-01 00:00:00.000000053,212.6053,95,50
1970-01-01 00:00:00.000000054,212.16432,95,50
1970-01-01 00:00:00.000000052,213.19954,95,51
1970-01-01 00:00:00.000000053,213.23776,95,51
1970-01-01 00:00:00.000000054,212.78482,95,51
1970-01-01 00:00:00.000000055,212.37036,95,51
1970-01-01 00:00:00.000000053,214.13696,95,52
1970-01-01 00:00:00.000000054,214.152,95,52
1970-01-01 00:00:00.000000055,213.69661,95,52
1970-01-01 00:00:00.000000056,213.23717,95,52
1970-01-01 00:00:00.000000054,212.99127,95,53
1970-01-01 00:00:00.000000055,213.1856,95,53
1970-01-01 00:00:00.000000056,212.44554,95,53
1970-01-01 00:00:00.000000057,211.72997,95,53
1970-01-01 00:00:00.000000055,212.2664,95,54
1970-01-01 00:00:00.000000056,212.43703,95,54
1970-01-01 00:00:00.000000057,211.80428,95,54
1970-01-01 00:00:00.000000058,210.91542,95,54
1970-01-01 00:00:00.000000056,212.49452,95,55
1970-01-01 00:00:00.000000057,212.67834,95,55
1970-01-01 00:00:00.000000058,211.75891,95,55
1970-01-01 00:00:00.000000059,211.60243,95,55
1970-01-01 00:00:00.000000057,214.7927,95,56
1970-01-01 00:00:00.000000058,214.0708,95,56
1970-01-01 00:00:00.000000059,213.7816,95,56
1970-01-01 00:00:00.000000060,213.76091,95,56
1970-01-01 00:00:00.000000058,214.61269,95,57
1970-01-01 00:00:00.000000059,214.98796,95,57
1970-01-01 00:00:00.000000060,214.91347,95,57
1970-01-01 00:00:00.000000061,214.28159,95,57
1970-01-01 00:00:00.000000059,217.54242,95,58
1970-01-01 00:00:00.000000060,218.12395,95,58
1970-01-01 00:00:00.000000061,217.36435,95,58
1970-01-01 00:00:00.000000062,216.54425,95,58
1970-01-01 00:00:00.000000060,213.87662,95,59
1970-01-01 00:00:00.000000061,213.90527,95,59
1970-01-01 00:00:00.000000062,211.81339,95,59
1970-01-01 00:00:00.000000063,210.03703,95,59
1970-01-01 00:00:00.000000061,219.13408,95,60
1970-01-01 00:00:00.000000062,219.13333,95,60
1970-01-01 00:00:00.000000063,216.93481,95,60
1970-01-01 00:00:00.000000064,215.18936,95,60
1970-01-01 00:00:00.000000062,214.29755,95,61
1970-01-01 00:00:00.000000063,214.89711,95,61
1970-01-01 00:00:00.000000064,212.0322,95,61
1970-01-01 00:00:00.000000065,209.52956,95,61
1970-01-01 00:00:00.000000063,208.2669,95,62
1970-01-01 00:00:00.000000064,208.35823,95,62
1970-01-01 00:00:00.000000065,207.9495,95,62
1970-01-01 00:00:00.000000066,207.49696,95,62
1970-01-01 00:00:00.000000064,207.18245,95,63
1970-01-01 00:00:00.000000065,207.40364,95,63
1970-01-01 00:00:00.000000066,206.69841,95,63
1970-01-01 00:00:00.000000067,206.09296,95,63
1970-01-01 00:00:00.000000065,207.57626,95,64
1970-01-01 00:00:00.000000066,207.56282,95,64
1970-01-01 00:00:00.000000067,207.05217,95,64
1970-01-01 00:00:00.000000068,206.57245,95,64
1970-01-01 00:00:00.000000066,207.96376,95,65
1970-01-01 00:00:00.000000067,208.06396,95,65
1970-01-01 00:00:00.000000068,207.59625,95,65
1970-01-01 00:00:00.000000069,207.17845,95,65
1970-01-01 00:00:00.000000067,206.46146,95,66
1970-01-01 00:00:00.000000068,206.68277,95,66
1970-01-01 00:00:00.000000069,205.91792,95,66
1970-01-01 00:00:00.000000070,205.29301,95,66
1970-01-01 00:00:00.000000068,204.33195,95,67
1970-01-01 00:00:00.000000069,204.49318,95,67
1970-01-01 00:00:00.000000070,203.88928,95,67
1970-01-01 00:00:00.000000071,203.3114,95,67
1970-01-01 00:00:00.000000069,203.18465,95,68
1970-01-01 00:00:00.000000070,203.3556,95,68
1970-01-01 00:00:00.000000071,202.83174,95,68
1970-01-01 00:00:00.000000072,202.42102,95,68
1970-01-01 00:00:00.000000070,201.7766,95,69
1970-01-01 00:00:00.000000071,201.90623,95,69
1970-01-01 00:00:00.000000072,201.28354,95,69
1970-01-01 00:00:00.000000073,200.73158,95,69
1970-01-01 00:00:00.000000071,202.30244,95,70
1970-01-01 00:00:00.000000072,202.363,95,70
1970-01-01 00:00:00.000000073,201.89368,95,70
1970-01-01 00:00:00.000000074,201.3447,95,70
1970-01-01 00:00:00.000000072,201.77957,95,71
1970-01-01 00:00:00.000000073,201.97032,95,71
1970-01-01 00:00:00.000000074,201.34465,95,71
1970-01-01 00:00:00.000000075,200.81995,95,71
1970-01-01 00:00:00.000000073,203.2484,95,72
1970-01-01 00:00:00.000000074,203.16748,95,72
1970-01-01 00:00:00.000000075,202.58122,95,72
1970-01-01 00:00:00.000000076,201.94876,95,72
1970-01-01 00:00:00.000000074,205.2478,95,73
1970-01-01 00:00:00.000000075,205.2939,95,73
1970-01-01 00:00:00.000000076,204.70856,95,73
1970-01-01 00:00:00.000000077,204.1884,95,73
1970-01-01 00:00:00.000000075,205.5097,95,74
1970-01-01 00:00:00.000000076,205.58458,95,74
1970-01-01 00:00:00.000000077,205.07866,95,74
1970-01-01 00:00:00.000000078,204.64569,95,74
1970-01-01 00:00:00.000000076,204.7716,95,75
1970-01-01 00:00:00.000000077,204.92532,95,75
1970-01-01 00:00:00.000000078,204.36546,95,75
1970-01-01 00:00:00.000000079,203.90329,95,75
1970-01-01 00:00:00.000000077,204.99983,95,76
1970-01-01 00:00:00.000000078,205.03989,95,76
1970-01-01 00:00:00.000000079,204.5658,95,76
1970-01-01 00:00:00.000000080,204.15323,95,76
1970-01-01 00:00:00.000000078,202.94473,95,77
1970-01-01 00:00:00.000000079,203.26004,95,77
1970-01-01 00:00:00.000000080,202.27795,95,77
1970-01-01 00:00:00.000000081,201.39307,95,77
1970-01-01 00:00:00.000000079,200.63834,95,78
1970-01-01 00:00:00.000000080,200.8163,95,78
1970-01-01 00:00:00.000000081,200.21344,95,78
1970-01-01 00:00:00.000000082,199.74643,95,78
1970-01-01 00:00:00.000000080,201.56992,95,79
1970-01-01 00:00:00.000000081,201.55963,95,79
1970-01-01 00:00:00.000000082,201.06104,95,79
1970-01-01 00:00:00.000000083,200.59024,95,79
1970-01-01 00:00:00.000000081,201.49292,95,80
1970-01-01 00:00:00.000000082,201.63956,95,80
1970-01-01 00:00:00.000000083,201.1614,95,80
1970-01-01 00:00:00.000000084,200.71964,95,80
1970-01-01 00:00:00.000000082,200.74158,95,81
1970-01-01 00:00:00.000000083,200.89378,95,81
1970-01-01 00:00:00.000000084,200.37769,95,81
1970-01-01 00:00:00.000000085,199.92667,95,81
1970-01-01 00:00:00.000000083,200.20796,95,82
1970-01-01 00:00:00.000000084,200.33412,95,82
1970-01-01 00:00:00.000000085,199.84982,95,82
1970-01-01 00:00:00.000000086,199.41264,95,82
1970-01-01 00:00:00.000000084,199.69505,95,83
1970-01-01 00:00:00.000000085,199.83313,95,83
1970-01-01 00:00:00.000000086,199.31058,95,83
1970-01-01 00:00:00.000000087,198.87425,95,83
1970-01-01 00:00:00.000000085,199.02237,95,84
1970-01-01 00:00:00.000000086,199.14151,95,84
1970-01-01 00:00:00.000000087,198.61887,95,84
1970-01-01 00:00:00.000000088,198.17651,95,84
1970-01-01 00:00:00.000000086,198.21738,95,85
1970-01-01 00:00:00.000000087,198.35806,95,85
1970-01-01 00:00:00.000000088,197.84766,95,85
1970-01-01 00:00:00.000000089,197.43535,95,85
1970-01-01 00:00:00.000000087,198.43445,95,86
1970-01-01 00:00:00.000000088,198.49791,95,86
1970-01-01 00:00:00.000000089,198.08505,95,86
1970-01-01 00:00:00.000000090,197.6506,95,86
1970-01-01 00:00:00.000000088,197.87994,95,87
1970-01-01 00:00:00.000000089,198.08205,95,87
1970-01-01 00:00:00.000000090,197.5217,95,87
1970-01-01 00:00:00.000000091,197.01372,95,87
1970-01-01 00:00:00.000000089,198.19312,95,88
1970-01-01 00:00:00.000000090,198.2426,95,88
1970-01-01 00:00:00.000000091,197.73239,95,88
1970-01-01 00:00:00.000000092,197.30779,95,88
1970-01-01 00:00:00.000000090,199.68541,95,89
1970-01-01 00:00:00.000000091,199.73668,95,89
1970-01-01 00:00:00.000000092,199.21628,95,89
1970-01-01 00:00:00.000000093,198.70473,95,89
1970-01-01 00:00:00.000000091,199.38165,95,90
1970-01-01 00:00:00.000000092,199.56062,95,90
1970-01-01 00:00:00.000000093,198.98746,95,90
1970-01-01 00:00:00.000000094,198.52206,95,90
1970-01-01 00:00:00.000000092,196.23378,95,91
1970-01-01 00:00:00.000000093,196.74687,95,91
1970-01-01 00:00:00.000000094,195.31197,95,91
1970-01-01 00:00:00.000000095,193.83882,95,91
1970-01-01 00:00:00.000000093,197.18022,95,92
1970-01-01 00:00:00.000000094,197.81313,95,92
1970-01-01 00:00:00.000000095,195.86261,95,92
1970-01-01 00:00:00.000000096,194.09546,95,92
1970-01-01 00:00:00.000000094,195.8763,95,93
1970-01-01 00:00:00.000000095,196.30742,95,93
1970-01-01 00:00:00.000000096,194.07642,95,93
1970-01-01 00:00:00.000000097,193.66667,95,93
1970-01-01 00:00:00.000000095,194.18268,95,94
1970-01-01 00:00:00.000000096,194.15593,95,94
1970-01-01 00:00:00.000000097,193.4547,95,94
1970-01-01 00:00:00.000000098,193.38904,95,94
1970-01-01 00:00:00.000000096,193.8779,95,95
1970-01-01 00:00:00.000000097,194.26463,95,95
1970-01-01 00:00:00.000000098,194.31842,95,95
1970-01-01 00:00:00.000000099,194.39987,95,95
1970-01-01 00:00:00.000000097,189.02545,95,96
1970-01-01 00:00:00.000000098,190.57965,95,96
1970-01-01 00:00:00.000000099,190.91321,95,96
1970-01-01 00:00:00.000000100,188.90881,95,96
1970-01-01 00:00:00.000000098,190.68596,95,97
1970-01-01 00:00:00.000000099,192.28535,95,97
1970-01-01 00:00:00.000000100,191.68993,95,97
1970-01-01 00:00:00.000000101,190.50955,95,97
1970-01-01 00:00:00.000000099,186.04243,95,98
1970-01-01 00:00:00.000000100,186.59447,95,98
1970-01-01 00:00:00.000000101,183.55284,95,98
1970-01-01 00:00:00.000000102,182.13727,95,98
1970-01-01 00:00:00.000000100,178.56789,95,99
1970-01-01 00:00:00.000000101,179.06197,95,99
1970-01-01 00:00:00.000000102,177.52785,95,99
1970-01-01 00:00:00.000000103,176.60544,95,99
1970-01-01 00:00:00.000000101,164.29431,95,100
1970-01-01 00:00:00.000000102,167.10501,95,100
1970-01-01 00:00:00.000000103,163.30704,95,100
1970-01-01 00:00:00.000000104,160.0019,95,100
1970-01-01 00:00:00.000000102,152.73206,95,101
1970-01-01 00:00:00.000000103,154.15744,95,101
1970-01-01 00:00:00.000000104,151.89767,95,101
1970-01-01 00:00:00.000000105,150.18864,95,101
1970-01-01 00:00:00.000000103,149.92322,95,102
1970-01-01 00:00:00.000000104,150.13507,95,102
1970-01-01 00:00:00.000000105,149.65677,95,102
1970-01-01 00:00:00.000000106,149.17146,95,102
1970-01-01 00:00:00.000000104,150.02106,95,103
1970-01-01 00:00:00.000000105,150.22891,95,103
1970-01-01 00:00:00.000000106,149.73677,95,103
1970-01-01 00:00:00.000000107,149.30989,95,103
1970-01-01 00:00:00.000000105,150.20656,95,104
1970-01-01 00:00:00.000000106,150.32692,95,104
1970-01-01 00:00:00.000000107,149.83698,95,104
1970-01-01 00:00:00.000000108,149.39973,95,104
1970-01-01 00:00:00.000000106,153.00697,95,105
1970-01-01 00:00:00.000000107,153.15625,95,105
1970-01-01 00:00:00.000000108,152.54326,95,105
1970-01-01 00:00:00.000000109,151.98439,95,105
1970-01-01 00:00:00.000000107,159.16386,95,106
1970-01-01 00:00:00.000000108,159.28311,95,106
1970-01-01 00:00:00.000000109,158.3143,95,106
1970-01-01 00:00:00.000000110,157.32396,95,106
1970-01-01 00:00:00.000000108,159.7441,95,107
1970-01-01 00:00:00.000000109,159.87273,95,107
1970-01-01 00:00:00.000000110,159.42468,95,107
1970-01-01 00:00:00.000000111,158.96162,95,107
1970-01-01 00:00:00.000000109,163.81032,95,108
1970-01-01 00:00:00.000000110,163.89105,95,108
1970-01-01 00:00:00.000000111,163.11443,95,108
1970-01-01 00:00:00.000000112,162.34843,95,108
1970-01-01 00:00:00.000000009,101.68917,96,8
1970-01-01 00:00:00.000000010,102.04398,96,8
1970-01-01 00:00:00.000000011,101.50825,96,8
1970-01-01 00:00:00.000000012,101.02754,96,8
1970-01-01 00:00:00.000000010,107.02939,96,9
1970-01-01 00:00:00.000000011,107.584,96,9
1970-01-01 00:00:00.000000012,106.65807,96,9
1970-01-01 00:00:00.000000013,106.21272,96,9
1970-01-01 00:00:00.000000011,110.75205,96,10
1970-01-01 00:00:00.000000012,110.9504,96,10
1970-01-01 00:00:00.000000013,110.46777,96,10
1970-01-01 00:00:00.000000014,110.14649,96,10
1970-01-01 00:00:00.000000012,115.049446,96,11
1970-01-01 00:00:00.000000013,115.56505,96,11
1970-01-01 00:00:00.000000014,114.85918,96,11
1970-01-01 00:00:00.000000015,114.369385,96,11
1970-01-01 00:00:00.000000013,119.61561,96,12
1970-01-01 00:00:00.000000014,119.92546,96,12
1970-01-01 00:00:00.000000015,119.25724,96,12
1970-01-01 00:00:00.000000016,118.698875,96,12
1970-01-01 00:00:00.000000014,122.527756,96,13
1970-01-01 00:00:00.000000015,122.83502,96,13
1970-01-01 00:00:00.000000016,122.22068,96,13
1970-01-01 00:00:00.000000017,121.88167,96,13
1970-01-01 00:00:00.000000015,126.19751,96,14
1970-01-01 00:00:00.000000016,126.42371,96,14
1970-01-01 00:00:00.000000017,125.73687,96,14
1970-01-01 00:00:00.000000018,125.274124,96,14
1970-01-01 00:00:00.000000016,130.53416,96,15
1970-01-01 00:00:00.000000017,130.94536,96,15
1970-01-01 00:00:00.000000018,130.03375,96,15
1970-01-01 00:00:00.000000019,129.44423,96,15
1970-01-01 00:00:00.000000017,131.55244,96,16
1970-01-01 00:00:00.000000018,131.8587,96,16
1970-01-01 00:00:00.000000019,131.25513,96,16
1970-01-01 00:00:00.000000020,130.89252,96,16
1970-01-01 00:00:00.000000018,134.84067,96,17
1970-01-01 00:00:00.000000019,135.16391,96,17
1970-01-01 00:00:00.000000020,134.23964,96,17
1970-01-01 00:00:00.000000021,133.66716,96,17
1970-01-01 00:00:00.000000019,137.67076,96,18
1970-01-01 00:00:00.000000020,137.82071,96,18
1970-01-01 00:00:00.000000021,137.37079,96,18
1970-01-01 00:00:00.000000022,137.06908,96,18
1970-01-01 00:00:00.000000020,139.79631,96,19
1970-01-01 00:00:00.000000021,139.9835,96,19
1970-01-01 00:00:00.000000022,139.44638,96,19
1970-01-01 00:00:00.000000023,139.04001,96,19
1970-01-01 00:00:00.000000021,144.23677,96,20
1970-01-01 00:00:00.000000022,144.54971,96,20
1970-01-01 00:00:00.000000023,143.4509,96,20
1970-01-01 00:00:00.000000024,142.73883,96,20
1970-01-01 00:00:00.000000022,147.22154,96,21
1970-01-01 00:00:00.000000023,147.34532,96,21
1970-01-01 00:00:00.000000024,146.81198,96,21
1970-01-01 00:00:00.000000025,146.54495,96,21
1970-01-01 00:00:00.000000023,149.49434,96,22
1970-01-01 00:00:00.000000024,149.61691,96,22
1970-01-01 00:00:00.000000025,149.0667,96,22
1970-01-01 00:00:00.000000026,148.6803,96,22
1970-01-01 00:00:00.000000024,150.52272,96,23
1970-01-01 00:00:00.000000025,150.74577,96,23
1970-01-01 00:00:00.000000026,150.27159,96,23
1970-01-01 00:00:00.000000027,149.9347,96,23
1970-01-01 00:00:00.000000025,153.55164,96,24
1970-01-01 00:00:00.000000026,153.7576,96,24
1970-01-01 00:00:00.000000027,152.88483,96,24
1970-01-01 00:00:00.000000028,152.42363,96,24
1970-01-01 00:00:00.000000026,153.68031,96,25
1970-01-01 00:00:00.000000027,153.99638,96,25
1970-01-01 00:00:00.000000028,153.31264,96,25
1970-01-01 00:00:00.000000029,152.84734,96,25
1970-01-01 00:00:00.000000027,155.13422,96,26
1970-01-01 00:00:00.000000028,155.34842,96,26
1970-01-01 00:00:00.000000029,154.71811,96,26
1970-01-01 00:00:00.000000030,154.29564,96,26
1970-01-01 00:00:00.000000028,156.50041,96,27
1970-01-01 00:00:00.000000029,156.70602,96,27
1970-01-01 00:00:00.000000030,156.2221,96,27
1970-01-01 00:00:00.000000031,155.8465,96,27
1970-01-01 00:00:00.000000029,158.29947,96,28
1970-01-01 00:00:00.000000030,158.52461,96,28
1970-01-01 00:00:00.000000031,157.79776,96,28
1970-01-01 00:00:00.000000032,157.39334,96,28
1970-01-01 00:00:00.000000030,159.181,96,29
1970-01-01 00:00:00.000000031,159.3318,96,29
1970-01-01 00:00:00.000000032,158.80415,96,29
1970-01-01 00:00:00.000000033,158.51169,96,29
1970-01-01 00:00:00.000000031,159.86427,96,30
1970-01-01 00:00:00.000000032,160.04765,96,30
1970-01-01 00:00:00.000000033,159.56425,96,30
1970-01-01 00:00:00.000000034,159.2588,96,30
1970-01-01 00:00:00.000000032,159.35205,96,31
1970-01-01 00:00:00.000000033,159.66881,96,31
1970-01-01 00:00:00.000000034,159.07382,96,31
1970-01-01 00:00:00.000000035,158.64882,96,31
1970-01-01 00:00:00.000000033,158.50386,96,32
1970-01-01 00:00:00.000000034,158.77405,96,32
1970-01-01 00:00:00.000000035,158.22217,96,32
1970-01-01 00:00:00.000000036,157.8459,96,32
1970-01-01 00:00:00.000000034,159.55046,96,33
1970-01-01 00:00:00.000000035,159.71883,96,33
1970-01-01 00:00:00.000000036,159.11827,96,33
1970-01-01 00:00:00.000000037,158.83896,96,33
1970-01-01 00:00:00.000000035,159.53868,96,34
1970-01-01 00:00:00.000000036,159.77637,96,34
1970-01-01 00:00:00.000000037,159.23956,96,34
1970-01-01 00:00:00.000000038,158.86052,96,34
1970-01-01 00:00:00.000000036,158.99638,96,35
1970-01-01 00:00:00.000000037,159.30028,96,35
1970-01-01 00:00:00.000000038,158.77573,96,35
1970-01-01 00:00:00.000000039,158.4231,96,35
1970-01-01 00:00:00.000000037,156.48155,96,36
1970-01-01 00:00:00.000000038,156.96635,96,36
1970-01-01 00:00:00.000000039,155.92526,96,36
1970-01-01 00:00:00.000000040,155.34431,96,36
1970-01-01 00:00:00.000000038,155.06006,96,37
1970-01-01 00:00:00.000000039,155.30571,96,37
1970-01-01 00:00:00.000000040,154.7687,96,37
1970-01-01 00:00:00.000000041,154.40836,96,37
1970-01-01 00:00:00.000000039,154.68803,96,38
1970-01-01 00:00:00.000000040,154.9654,96,38
1970-01-01 00:00:00.000000041,154.42412,96,38
1970-01-01 00:00:00.000000042,154.0987,96,38
1970-01-01 00:00:00.000000040,155.12764,96,39
1970-01-01 00:00:00.000000041,155.31628,96,39
1970-01-01 00:00:00.000000042,154.81752,96,39
1970-01-01 00:00:00.000000043,154.5151,96,39
1970-01-01 00:00:00.000000041,154.82253,96,40
1970-01-01 00:00:00.000000042,155.1016,96,40
1970-01-01 00:00:00.000000043,154.55382,96,40
1970-01-01 00:00:00.000000044,154.19312,96,40
1970-01-01 00:00:00.000000042,154.25616,96,41
1970-01-01 00:00:00.000000043,154.5445,96,41
1970-01-01 00:00:00.000000044,153.98605,96,41
1970-01-01 00:00:00.000000045,153.65378,96,41
1970-01-01 00:00:00.000000043,154.31714,96,42
1970-01-01 00:00:00.000000044,154.52745,96,42
1970-01-01 00:00:00.000000045,154.02397,96,42
1970-01-01 00:00:00.000000046,153.7199,96,42
1970-01-01 00:00:00.000000044,154.33086,96,43
1970-01-01 00:00:00.000000045,154.56686,96,43
1970-01-01 00:00:00.000000046,154.07272,96,43
1970-01-01 00:00:00.000000047,153.7646,96,43
1970-01-01 00:00:00.000000045,155.49936,96,44
1970-01-01 00:00:00.000000046,155.70567,96,44
1970-01-01 00:00:00.000000047,155.2128,96,44
1970-01-01 00:00:00.000000048,154.91774,96,44
1970-01-01 00:00:00.000000046,157.7068,96,45
1970-01-01 00:00:00.000000047,157.88307,96,45
1970-01-01 00:00:00.000000048,157.39159,96,45
1970-01-01 00:00:00.000000049,156.99414,96,45
1970-01-01 00:00:00.000000047,158.12364,96,46
1970-01-01 00:00:00.000000048,158.3941,96,46
1970-01-01 00:00:00.000000049,157.90355,96,46
1970-01-01 00:00:00.000000050,157.58813,96,46
1970-01-01 00:00:00.000000048,159.10443,96,47
1970-01-01 00:00:00.000000049,159.27678,96,47
1970-01-01 00:00:00.000000050,158.79057,96,47
1970-01-01 00:00:00.000000051,158.37378,96,47
1970-01-01 00:00:00.000000049,161.36366,96,48
1970-01-01 00:00:00.000000050,161.6263,96,48
1970-01-01 00:00:00.000000051,160.90294,96,48
1970-01-01 00:00:00.000000052,160.463,96,48
1970-01-01 00:00:00.000000050,163.78186,96,49
1970-01-01 00:00:00.000000051,163.89212,96,49
1970-01-01 00:00:00.000000052,163.2866,96,49
1970-01-01 00:00:00.000000053,162.95753,96,49
1970-01-01 00:00:00.000000051,165.25652,96,50
1970-01-01 00:00:00.000000052,165.43216,96,50
1970-01-01 00:00:00.000000053,164.97687,96,50
1970-01-01 00:00:00.000000054,164.66905,96,50
1970-01-01 00:00:00.000000052,164.58347,96,51
1970-01-01 00:00:00.000000053,164.90547,96,51
1970-01-01 00:00:00.000000054,164.30684,96,51
1970-01-01 00:00:00.000000055,163.85999,96,51
1970-01-01 00:00:00.000000053,162.94293,96,52
1970-01-01 00:00:00.000000054,163.25851,96,52
1970-01-01 00:00:00.000000055,162.61395,96,52
1970-01-01 00:00:00.000000056,162.19113,96,52
1970-01-01 00:00:00.000000054,164.49954,96,53
1970-01-01 00:00:00.000000055,164.6299,96,53
1970-01-01 00:00:00.000000056,163.96164,96,53
1970-01-01 00:00:00.000000057,163.52951,96,53
1970-01-01 00:00:00.000000055,166.3029,96,54
1970-01-01 00:00:00.000000056,166.46727,96,54
1970-01-01 00:00:00.000000057,166.03212,96,54
1970-01-01 00:00:00.000000058,165.74437,96,54
1970-01-01 00:00:00.000000056,167.7625,96,55
1970-01-01 00:00:00.000000057,167.90097,96,55
1970-01-01 00:00:00.000000058,167.45291,96,55
1970-01-01 00:00:00.000000059,167.06306,96,55
1970-01-01 00:00:00.000000057,168.62834,96,56
1970-01-01 00:00:00.000000058,168.85934,96,56
1970-01-01 00:00:00.000000059,168.35387,96,56
1970-01-01 00:00:00.000000060,167.94666,96,56
1970-01-01 00:00:00.000000058,170.40309,96,57
1970-01-01 00:00:00.000000059,170.52869,96,57
1970-01-01 00:00:00.000000060,169.84537,96,57
1970-01-01 00:00:00.000000061,169.5683,96,57
1970-01-01 00:00:00.000000059,172.3048,96,58
1970-01-01 00:00:00.000000060,172.34016,96,58
1970-01-01 00:00:00.000000061,171.90887,96,58
1970-01-01 00:00:00.000000062,171.57281,96,58
1970-01-01 00:00:00.000000060,173.20482,96,59
1970-01-01 00:00:00.000000061,173.44888,96,59
1970-01-01 00:00:00.000000062,173.01372,96,59
1970-01-01 00:00:00.000000063,172.66058,96,59
1970-01-01 00:00:00.000000061,170.59093,96,60
1970-01-01 00:00:00.000000062,171.06238,96,60
1970-01-01 00:00:00.000000063,169.96933,96,60
1970-01-01 00:00:00.000000064,169.23906,96,60
1970-01-01 00:00:00.000000062,171.93086,96,61
1970-01-01 00:00:00.000000063,172.07014,96,61
1970-01-01 00:00:00.000000064,171.26288,96,61
1970-01-01 00:00:00.000000065,170.65508,96,61
1970-01-01 00:00:00.000000063,175.29425,96,62
1970-01-01 00:00:00.000000064,175.43007,96,62
1970-01-01 00:00:00.000000065,174.77216,96,62
1970-01-01 00:00:00.000000066,174.36037,96,62
1970-01-01 00:00:00.000000064,176.7847,96,63
1970-01-01 00:00:00.000000065,176.91362,96,63
1970-01-01 00:00:00.000000066,176.46826,96,63
1970-01-01 00:00:00.000000067,176.15129,96,63
1970-01-01 00:00:00.000000065,176.38655,96,64
1970-01-01 00:00:00.000000066,176.63622,96,64
1970-01-01 00:00:00.000000067,176.13092,96,64
1970-01-01 00:00:00.000000068,175.73547,96,64
1970-01-01 00:00:00.000000066,175.79338,96,65
1970-01-01 00:00:00.000000067,175.98701,96,65
1970-01-01 00:00:00.000000068,175.50253,96,65
1970-01-01 00:00:00.000000069,175.15816,96,65
1970-01-01 00:00:00.000000067,176.67834,96,66
1970-01-01 00:00:00.000000068,176.78967,96,66
1970-01-01 00:00:00.000000069,176.2852,96,66
1970-01-01 00:00:00.000000070,175.94128,96,66
1970-01-01 00:00:00.000000068,178.51562,96,67
1970-01-01 00:00:00.000000069,178.6529,96,67
1970-01-01 00:00:00.000000070,178.10048,96,67
1970-01-01 00:00:00.000000071,177.64877,96,67
1970-01-01 00:00:00.000000069,179.16685,96,68
1970-01-01 00:00:00.000000070,179.35335,96,68
1970-01-01 00:00:00.000000071,178.8304,96,68
1970-01-01 00:00:00.000000072,178.51953,96,68
1970-01-01 00:00:00.000000070,178.69835,96,69
1970-01-01 00:00:00.000000071,178.83131,96,69
1970-01-01 00:00:00.000000072,178.33469,96,69
1970-01-01 00:00:00.000000073,177.9958,96,69
1970-01-01 00:00:00.000000071,179.98907,96,70
1970-01-01 00:00:00.000000072,180.14853,96,70
1970-01-01 00:00:00.000000073,179.60432,96,70
1970-01-01 00:00:00.000000074,179.18729,96,70
1970-01-01 00:00:00.000000072,180.91733,96,71
1970-01-01 00:00:00.000000073,181.08047,96,71
1970-01-01 00:00:00.000000074,180.64641,96,71
1970-01-01 00:00:00.000000075,180.3161,96,71
1970-01-01 00:00:00.000000073,182.51848,96,72
1970-01-01 00:00:00.000000074,182.6168,96,72
1970-01-01 00:00:00.000000075,182.08221,96,72
1970-01-01 00:00:00.000000076,181.67708,96,72
1970-01-01 00:00:00.000000074,182.97453,96,73
1970-01-01 00:00:00.000000075,183.15985,96,73
1970-01-01 00:00:00.000000076,182.69394,96,73
1970-01-01 00:00:00.000000077,182.3165,96,73
1970-01-01 00:00:00.000000075,184.26024,96,74
1970-01-01 00:00:00.000000076,184.38004,96,74
1970-01-01 00:00:00.000000077,183.80798,96,74
1970-01-01 00:00:00.000000078,183.35916,96,74
1970-01-01 00:00:00.000000076,185.66205,96,75
1970-01-01 00:00:00.000000077,185.7777,96,75
1970-01-01 00:00:00.000000078,185.25064,96,75
1970-01-01 00:00:00.000000079,184.8565,96,75
1970-01-01 00:00:00.000000077,186.45236,96,76
1970-01-01 00:00:00.000000078,186.60187,96,76
1970-01-01 00:00:00.000000079,186.04288,96,76
1970-01-01 00:00:00.000000080,185.67024,96,76
1970-01-01 00:00:00.000000078,186.25082,96,77
1970-01-01 00:00:00.000000079,186.42561,96,77
1970-01-01 00:00:00.000000080,185.83995,96,77
1970-01-01 00:00:00.000000081,185.49013,96,77
1970-01-01 00:00:00.000000079,185.27144,96,78
1970-01-01 00:00:00.000000080,185.47421,96,78
1970-01-01 00:00:00.000000081,184.90402,96,78
1970-01-01 00:00:00.000000082,184.53323,96,78
1970-01-01 00:00:00.000000080,180.97076,96,79
1970-01-01 00:00:00.000000081,181.66882,96,79
1970-01-01 00:00:00.000000082,180.24709,96,79
1970-01-01 00:00:00.000000083,179.18088,96,79
1970-01-01 00:00:00.000000081,178.00523,96,80
1970-01-01 00:00:00.000000082,178.3362,96,80
1970-01-01 00:00:00.000000083,177.60168,96,80
1970-01-01 00:00:00.000000084,177.11737,96,80
1970-01-01 00:00:00.000000082,177.09216,96,81
1970-01-01 00:00:00.000000083,177.2924,96,81
1970-01-01 00:00:00.000000084,176.71829,96,81
1970-01-01 00:00:00.000000085,176.39374,96,81
1970-01-01 00:00:00.000000083,176.4898,96,82
1970-01-01 00:00:00.000000084,176.71564,96,82
1970-01-01 00:00:00.000000085,176.18005,96,82
1970-01-01 00:00:00.000000086,175.82045,96,82
1970-01-01 00:00:00.000000084,173.63455,96,83
1970-01-01 00:00:00.000000085,174.16696,96,83
1970-01-01 00:00:00.000000086,173.1401,96,83
1970-01-01 00:00:00.000000087,172.4525,96,83
1970-01-01 00:00:00.000000085,171.7866,96,84
1970-01-01 00:00:00.000000086,172.07875,96,84
1970-01-01 00:00:00.000000087,171.45425,96,84
1970-01-01 00:00:00.000000088,171.01115,96,84
1970-01-01 00:00:00.000000086,170.82198,96,85
1970-01-01 00:00:00.000000087,171.09006,96,85
1970-01-01 00:00:00.000000088,170.4745,96,85
1970-01-01 00:00:00.000000089,170.15698,96,85
1970-01-01 00:00:00.000000087,170.61469,96,86
1970-01-01 00:00:00.000000088,170.77069,96,86
1970-01-01 00:00:00.000000089,170.315,96,86
1970-01-01 00:00:00.000000090,170.02345,96,86
1970-01-01 00:00:00.000000088,169.42497,96,87
1970-01-01 00:00:00.000000089,169.80522,96,87
1970-01-01 00:00:00.000000090,169.20752,96,87
1970-01-01 00:00:00.000000091,168.71811,96,87
1970-01-01 00:00:00.000000089,168.6147,96,88
1970-01-01 00:00:00.000000090,168.89734,96,88
1970-01-01 00:00:00.000000091,168.33633,96,88
1970-01-01 00:00:00.000000092,167.93541,96,88
1970-01-01 00:00:00.000000090,168.0097,96,89
1970-01-01 00:00:00.000000091,168.24191,96,89
1970-01-01 00:00:00.000000092,167.64423,96,89
1970-01-01 00:00:00.000000093,167.32158,96,89
1970-01-01 00:00:00.000000091,167.83101,96,90
1970-01-01 00:00:00.000000092,168.03185,96,90
1970-01-01 00:00:00.000000093,167.52206,96,90
1970-01-01 00:00:00.000000094,167.16216,96,90
1970-01-01 00:00:00.000000092,166.63817,96,91
1970-01-01 00:00:00.000000093,167.0124,96,91
1970-01-01 00:00:00.000000094,166.30273,96,91
1970-01-01 00:00:00.000000095,165.86711,96,91
1970-01-01 00:00:00.000000093,164.5057,96,92
1970-01-01 00:00:00.000000094,164.85046,96,92
1970-01-01 00:00:00.000000095,164.03575,96,92
1970-01-01 00:00:00.000000096,163.50539,96,92
1970-01-01 00:00:00.000000094,164.83836,96,93
1970-01-01 00:00:00.000000095,165.05511,96,93
1970-01-01 00:00:00.000000096,164.47928,96,93
1970-01-01 00:00:00.000000097,164.13098,96,93
1970-01-01 00:00:00.000000095,164.21996,96,94
1970-01-01 00:00:00.000000096,164.53316,96,94
1970-01-01 00:00:00.000000097,163.8352,96,94
1970-01-01 00:00:00.000000098,163.36816,96,94
1970-01-01 00:00:00.000000096,163.78395,96,95
1970-01-01 00:00:00.000000097,164.02266,96,95
1970-01-01 00:00:00.000000098,163.49918,96,95
1970-01-01 00:00:00.000000099,163.20479,96,95
1970-01-01 00:00:00.000000097,163.27428,96,96
1970-01-01 00:00:00.000000098,163.52658,96,96
1970-01-01 00:00:00.000000099,162.97238,96,96
1970-01-01 00:00:00.000000100,162.56543,96,96
1970-01-01 00:00:00.000000098,163.7159,96,97
1970-01-01 00:00:00.000000099,163.97565,96,97
1970-01-01 00:00:00.000000100,163.40215,96,97
1970-01-01 00:00:00.000000101,162.93866,96,97
1970-01-01 00:00:00.000000099,162.91177,96,98
1970-01-01 00:00:00.000000100,163.25613,96,98
1970-01-01 00:00:00.000000101,162.40146,96,98
1970-01-01 00:00:00.000000102,161.98288,96,98
1970-01-01 00:00:00.000000100,162.95142,96,99
1970-01-01 00:00:00.000000101,163.07298,96,99
1970-01-01 00:00:00.000000102,162.51309,96,99
1970-01-01 00:00:00.000000103,162.22462,96,99
1970-01-01 00:00:00.000000101,162.28468,96,100
1970-01-01 00:00:00.000000102,162.5965,96,100
1970-01-01 00:00:00.000000103,161.99785,96,100
1970-01-01 00:00:00.000000104,161.62912,96,100
1970-01-01 00:00:00.000000102,160.74564,96,101
1970-01-01 00:00:00.000000103,161.11166,96,101
1970-01-01 00:00:00.000000104,160.44165,96,101
1970-01-01 00:00:00.000000105,159.97119,96,101
1970-01-01 00:00:00.000000103,158.41162,96,102
1970-01-01 00:00:00.000000104,158.87038,96,102
1970-01-01 00:00:00.000000105,157.9855,96,102
1970-01-01 00:00:00.000000106,157.4299,96,102
1970-01-01 00:00:00.000000104,158.61836,96,103
1970-01-01 00:00:00.000000105,158.7827,96,103
1970-01-01 00:00:00.000000106,158.22906,96,103
1970-01-01 00:00:00.000000107,157.94955,96,103
1970-01-01 00:00:00.000000105,159.67325,96,104
1970-01-01 00:00:00.000000106,159.8679,96,104
1970-01-01 00:00:00.000000107,159.39969,96,104
1970-01-01 00:00:00.000000108,159.043,96,104
1970-01-01 00:00:00.000000106,159.29076,96,105
1970-01-01 00:00:00.000000107,159.653,96,105
1970-01-01 00:00:00.000000108,159.03632,96,105
1970-01-01 00:00:00.000000109,158.62451,96,105
1970-01-01 00:00:00.000000107,159.20212,96,106
1970-01-01 00:00:00.000000108,159.4261,96,106
1970-01-01 00:00:00.000000109,158.85536,96,106
1970-01-01 00:00:00.000000110,158.53008,96,106
1970-01-01 00:00:00.000000108,158.59985,96,107
1970-01-01 00:00:00.000000109,158.8842,96,107
1970-01-01 00:00:00.000000110,158.25563,96,107
1970-01-01 00:00:00.000000111,157.88539,96,107
1970-01-01 00:00:00.000000109,158.2471,96,108
1970-01-01 00:00:00.000000110,158.52911,96,108
1970-01-01 00:00:00.000000111,157.9671,96,108
1970-01-01 00:00:00.000000112,157.61229,96,108
1970-01-01 00:00:00.000000110,156.69672,96,109
1970-01-01 00:00:00.000000111,157.13254,96,109
1970-01-01 00:00:00.000000112,156.28621,96,109
1970-01-01 00:00:00.000000113,155.79817,96,109
1970-01-01 00:00:00.000000111,155.2635,96,110
1970-01-01 00:00:00.000000112,155.5873,96,110
1970-01-01 00:00:00.000000113,154.89372,96,110
1970-01-01 00:00:00.000000114,154.51662,96,110
1970-01-01 00:00:00.000000112,153.93776,96,111
1970-01-01 00:00:00.000000113,154.285,96,111
1970-01-01 00:00:00.000000114,153.5899,96,111
1970-01-01 00:00:00.000000115,153.20526,96,111
1970-01-01 00:00:00.000000113,153.79674,96,112
1970-01-01 00:00:00.000000114,154.06013,96,112
1970-01-01 00:00:00.000000115,153.52554,96,112
1970-01-01 00:00:00.000000116,153.20966,96,112
1970-01-01 00:00:00.000000114,154.8334,96,113
1970-01-01 00:00:00.000000115,155.11035,96,113
1970-01-01 00:00:00.000000116,154.53468,96,113
1970-01-01 00:00:00.000000117,154.15305,96,113
1970-01-01 00:00:00.000000115,152.89005,96,114
1970-01-01 00:00:00.000000116,153.49532,96,114
1970-01-01 00:00:00.000000117,152.41318,96,114
1970-01-01 00:00:00.000000118,151.83353,96,114
1970-01-01 00:00:00.000000116,150.5943,96,115
1970-01-01 00:00:00.000000117,151.02956,96,115
1970-01-01 00:00:00.000000118,150.17572,96,115
1970-01-01 00:00:00.000000119,149.66592,96,115
1970-01-01 00:00:00.000000117,147.43246,96,116
1970-01-01 00:00:00.000000118,148.07036,96,116
1970-01-01 00:00:00.000000119,146.92928,96,116
1970-01-01 00:00:00.000000120,146.3842,96,116
1970-01-01 00:00:00.000000118,145.92345,96,117
1970-01-01 00:00:00.000000119,146.25357,96,117
1970-01-01 00:00:00.000000120,145.59871,96,117
1970-01-01 00:00:00.000000121,145.24348,96,117
1970-01-01 00:00:00.000000119,144.88603,96,118
1970-01-01 00:00:00.000000120,145.2859,96,118
1970-01-01 00:00:00.000000121,144.65091,96,118
1970-01-01 00:00:00.000000122,144.28116,96,118
1970-01-01 00:00:00.000000120,143.88513,96,119
1970-01-01 00:00:00.000000121,144.27473,96,119
1970-01-01 00:00:00.000000122,143.58693,96,119
1970-01-01 00:00:00.000000123,143.1735,96,119
1970-01-01 00:00:00.000000121,143.68462,96,120
1970-01-01 00:00:00.000000122,143.99576,96,120
1970-01-01 00:00:00.000000123,143.38129,96,120
1970-01-01 00:00:00.000000124,143.06993,96,120
1970-01-01 00:00:00.000000122,140.86061,96,121
1970-01-01 00:00:00.000000123,141.49501,96,121
1970-01-01 00:00:00.000000124,140.28937,96,121
1970-01-01 00:00:00.000000125,139.69827,96,121
1970-01-01 00:00:00.000000123,140.17268,96,122
1970-01-01 00:00:00.000000124,140.48997,96,122
1970-01-01 00:00:00.000000125,139.9332,96,122
1970-01-01 00:00:00.000000126,139.62874,96,122
1970-01-01 00:00:00.000000124,136.55112,96,123
1970-01-01 00:00:00.000000125,137.37904,96,123
1970-01-01 00:00:00.000000126,136.03291,96,123
1970-01-01 00:00:00.000000127,135.3307,96,123
1970-01-01 00:00:00.000000125,136.23625,96,124
1970-01-01 00:00:00.000000126,136.52477,96,124
1970-01-01 00:00:00.000000127,136.01506,96,124
1970-01-01 00:00:00.000000128,135.71066,96,124
1970-01-01 00:00:00.000000126,136.68518,96,125
1970-01-01 00:00:00.000000127,136.98439,96,125
1970-01-01 00:00:00.000000128,136.46358,96,125
1970-01-01 00:00:00.000000129,136.1604,96,125
1970-01-01 00:00:00.000000127,136.83258,96,126
1970-01-01 00:00:00.000000128,137.12035,96,126
1970-01-01 00:00:00.000000129,136.59483,96,126
1970-01-01 00:00:00.000000130,136.30421,96,126
1970-01-01 00:00:00.000000128,136.46185,96,127
1970-01-01 00:00:00.000000129,136.8096,96,127
1970-01-01 00:00:00.000000130,136.20602,96,127
1970-01-01 00:00:00.000000131,135.796,96,127
1970-01-01 00:00:00.000000129,137.43634,96,128
1970-01-01 00:00:00.000000130,137.7746,96,128
1970-01-01 00:00:00.000000131,137.11584,96,128
1970-01-01 00:00:00.000000132,136.87566,96,128
1970-01-01 00:00:00.000000130,136.96524,96,129
1970-01-01 00:00:00.000000131,137.28647,96,129
1970-01-01 00:00:00.000000132,136.60696,96,129
1970-01-01 00:00:00.000000133,136.1793,96,129
1970-01-01 00:00:00.000000131,138.17827,96,130
1970-01-01 00:00:00.000000132,138.92708,96,130
1970-01-01 00:00:00.000000133,137.89362,96,130
1970-01-01 00:00:00.000000134,136.78197,96,130
1970-01-01 00:00:00.000000132,136.03694,96,131
1970-01-01 00:00:00.000000133,136.7729,96,131
1970-01-01 00:00:00.000000134,134.8506,96,131
1970-01-01 00:00:00.000000135,134.89049,96,131
1970-01-01 00:00:00.000000133,139.23004,96,132
1970-01-01 00:00:00.000000134,138.53351,96,132
1970-01-01 00:00:00.000000135,138.18655,96,132
1970-01-01 00:00:00.000000136,137.88371,96,132
1970-01-01 00:00:00.000000134,139.8604,96,133
1970-01-01 00:00:00.000000135,140.86978,96,133
1970-01-01 00:00:00.000000136,140.3632,96,133
1970-01-01 00:00:00.000000137,139.77849,96,133
1970-01-01 00:00:00.000000135,138.69414,96,134
1970-01-01 00:00:00.000000136,139.17676,96,134
1970-01-01 00:00:00.000000137,138.45686,96,134
1970-01-01 00:00:00.000000138,137.95792,96,134
1970-01-01 00:00:00.000000136,136.4627,96,135
1970-01-01 00:00:00.000000137,136.95598,96,135
1970-01-01 00:00:00.000000138,136.0095,96,135
1970-01-01 00:00:00.000000139,135.54347,96,135
1970-01-01 00:00:00.000000137,139.56,96,136
1970-01-01 00:00:00.000000138,140.07079,96,136
1970-01-01 00:00:00.000000139,138.6955,96,136
1970-01-01 00:00:00.000000140,137.91852,96,136
1970-01-01 00:00:00.000000138,140.90118,96,137
1970-01-01 00:00:00.000000139,141.40562,96,137
1970-01-01 00:00:00.000000140,140.55719,96,137
1970-01-01 00:00:00.000000141,140.11478,96,137
1970-01-01 00:00:00.000000139,138.05978,96,138
1970-01-01 00:00:00.000000140,138.62675,96,138
1970-01-01 00:00:00.000000141,137.60587,96,138
1970-01-01 00:00:00.000000142,137.14488,96,138
1970-01-01 00:00:00.000000140,135.70825,96,139
1970-01-01 00:00:00.000000141,136.23154,96,139
1970-01-01 00:00:00.000000142,135.40994,96,139
1970-01-01 00:00:00.000000143,134.86894,96,139
1970-01-01 00:00:00.000000141,135.85576,96,140
1970-01-01 00:00:00.000000142,136.21341,96,140
1970-01-01 00:00:00.000000143,135.62294,96,140
1970-01-01 00:00:00.000000144,135.28061,96,140
1970-01-01 00:00:00.000000142,135.84084,96,141
1970-01-01 00:00:00.000000143,136.12906,96,141
1970-01-01 00:00:00.000000144,135.45955,96,141
1970-01-01 00:00:00.000000145,135.1368,96,141
1970-01-01 00:00:00.000000143,136.63463,96,142
1970-01-01 00:00:00.000000144,137.26205,96,142
1970-01-01 00:00:00.000000145,136.20618,96,142
1970-01-01 00:00:00.000000146,134.89528,96,142
1970-01-01 00:00:00.000000144,137.19449,96,143
1970-01-01 00:00:00.000000145,137.83409,96,143
1970-01-01 00:00:00.000000146,136.20705,96,143
1970-01-01 00:00:00.000000147,136.03171,96,143
1970-01-01 00:00:00.000000145,136.34813,96,144
1970-01-01 00:00:00.000000146,136.31241,96,144
1970-01-01 00:00:00.000000147,134.97865,96,144
1970-01-01 00:00:00.000000148,134.68329,96,144
1970-01-01 00:00:00.000000146,135.9272,96,145
1970-01-01 00:00:00.000000147,136.99736,96,145
1970-01-01 00:00:00.000000148,136.15883,96,145
1970-01-01 00:00:00.000000149,136.18384,96,145
1970-01-01 00:00:00.000000147,124.36065,96,146
1970-01-01 00:00:00.000000148,125.85966,96,146
1970-01-01 00:00:00.000000149,124.67073,96,146
1970-01-01 00:00:00.000000150,126.515,96,146
1970-01-01 00:00:00.000000148,127.22931,96,147
1970-01-01 00:00:00.000000149,128.29204,96,147
1970-01-01 00:00:00.000000150,129.4807,96,147
1970-01-01 00:00:00.000000151,128.493,96,147
1970-01-01 00:00:00.000000149,120.22023,96,148
1970-01-01 00:00:00.000000150,124.41847,96,148
1970-01-01 00:00:00.000000151,121.92102,96,148
1970-01-01 00:00:00.000000152,118.966835,96,148
1970-01-01 00:00:00.000000150,113.88243,96,149
1970-01-01 00:00:00.000000151,116.43855,96,149
1970-01-01 00:00:00.000000152,109.156075,96,149
1970-01-01 00:00:00.000000153,105.16663,96,149
1970-01-01 00:00:00.000000151,114.126785,96,150
1970-01-01 00:00:00.000000152,115.87483,96,150
1970-01-01 00:00:00.000000153,109.92577,96,150
1970-01-01 00:00:00.000000154,108.25256,96,150
