sequence_index,second_chamber_filling,block_idx,fcst_origin
1970-01-01 00:00:00.000000097,77.947014,0,10
1970-01-01 00:00:00.000000098,78.3693,0,10
1970-01-01 00:00:00.000000099,78.603165,0,10
1970-01-01 00:00:00.000000098,77.02105,0,11
1970-01-01 00:00:00.000000099,77.177505,0,11
1970-01-01 00:00:00.000000100,77.279854,0,11
1970-01-01 00:00:00.000000099,77.64808,0,12
1970-01-01 00:00:00.000000100,78.127144,0,12
1970-01-01 00:00:00.000000101,78.401634,0,12
1970-01-01 00:00:00.000000100,77.182175,0,13
1970-01-01 00:00:00.000000101,77.71878,0,13
1970-01-01 00:00:00.000000102,78.02474,0,13
1970-01-01 00:00:00.000000081,74.6051,1,10
1970-01-01 00:00:00.000000082,74.63729,1,10
1970-01-01 00:00:00.000000083,74.56787,1,10
1970-01-01 00:00:00.000000079,68.62989,4,10
1970-01-01 00:00:00.000000080,68.65747,4,10
1970-01-01 00:00:00.000000081,68.46222,4,10
1970-01-01 00:00:00.000000079,74.67053,5,10
1970-01-01 00:00:00.000000080,74.73547,5,10
1970-01-01 00:00:00.000000081,74.77333,5,10
1970-01-01 00:00:00.000000119,78.58735,11,10
1970-01-01 00:00:00.000000120,78.72459,11,10
1970-01-01 00:00:00.000000121,78.647766,11,10
1970-01-01 00:00:00.000000120,78.99128,11,11
1970-01-01 00:00:00.000000121,79.10292,11,11
1970-01-01 00:00:00.000000122,79.035965,11,11
1970-01-01 00:00:00.000000121,79.40339,11,12
1970-01-01 00:00:00.000000122,79.508,11,12
1970-01-01 00:00:00.000000123,79.43459,11,12
1970-01-01 00:00:00.000000122,77.82812,11,13
1970-01-01 00:00:00.000000123,77.81994,11,13
1970-01-01 00:00:00.000000124,77.70519,11,13
1970-01-01 00:00:00.000000123,77.73645,11,14
1970-01-01 00:00:00.000000124,77.74204,11,14
1970-01-01 00:00:00.000000125,77.59126,11,14
1970-01-01 00:00:00.000000124,78.074615,11,15
1970-01-01 00:00:00.000000125,78.122826,11,15
1970-01-01 00:00:00.000000126,77.97524,11,15
1970-01-01 00:00:00.000000125,78.0011,11,16
1970-01-01 00:00:00.000000126,78.034035,11,16
1970-01-01 00:00:00.000000127,77.96183,11,16
1970-01-01 00:00:00.000000126,78.00395,11,17
1970-01-01 00:00:00.000000127,78.03969,11,17
1970-01-01 00:00:00.000000128,77.97294,11,17
1970-01-01 00:00:00.000000113,68.20435,12,10
1970-01-01 00:00:00.000000114,68.24809,12,10
1970-01-01 00:00:00.000000115,68.16214,12,10
1970-01-01 00:00:00.000000114,68.49713,12,11
1970-01-01 00:00:00.000000115,68.56098,12,11
1970-01-01 00:00:00.000000116,68.471886,12,11
1970-01-01 00:00:00.000000115,68.00218,12,12
1970-01-01 00:00:00.000000116,68.05289,12,12
1970-01-01 00:00:00.000000117,67.977554,12,12
1970-01-01 00:00:00.000000116,69.701164,12,13
1970-01-01 00:00:00.000000117,69.888145,12,13
1970-01-01 00:00:00.000000118,69.80259,12,13
1970-01-01 00:00:00.000000117,69.571846,12,14
1970-01-01 00:00:00.000000118,69.727036,12,14
1970-01-01 00:00:00.000000119,69.61534,12,14
1970-01-01 00:00:00.000000118,69.11488,12,15
1970-01-01 00:00:00.000000119,69.197334,12,15
1970-01-01 00:00:00.000000120,69.0783,12,15
1970-01-01 00:00:00.000000119,69.50123,12,16
1970-01-01 00:00:00.000000120,69.5433,12,16
1970-01-01 00:00:00.000000121,69.48669,12,16
1970-01-01 00:00:00.000000157,81.60706,13,10
1970-01-01 00:00:00.000000158,81.66812,13,10
1970-01-01 00:00:00.000000159,81.66526,13,10
1970-01-01 00:00:00.000000158,81.51029,13,11
1970-01-01 00:00:00.000000159,81.5726,13,11
1970-01-01 00:00:00.000000160,81.56902,13,11
1970-01-01 00:00:00.000000159,81.43212,13,12
1970-01-01 00:00:00.000000160,81.49927,13,12
1970-01-01 00:00:00.000000161,81.498726,13,12
1970-01-01 00:00:00.000000160,81.28908,13,13
1970-01-01 00:00:00.000000161,81.35032,13,13
1970-01-01 00:00:00.000000162,81.350365,13,13
1970-01-01 00:00:00.000000161,81.556816,13,14
1970-01-01 00:00:00.000000162,81.628075,13,14
1970-01-01 00:00:00.000000163,81.629715,13,14
1970-01-01 00:00:00.000000162,81.5859,13,15
1970-01-01 00:00:00.000000163,81.656494,13,15
1970-01-01 00:00:00.000000164,81.65673,13,15
1970-01-01 00:00:00.000000163,81.83654,13,16
1970-01-01 00:00:00.000000164,81.92392,13,16
1970-01-01 00:00:00.000000165,81.92525,13,16
1970-01-01 00:00:00.000000164,82.13402,13,17
1970-01-01 00:00:00.000000165,82.236435,13,17
1970-01-01 00:00:00.000000166,82.23935,13,17
1970-01-01 00:00:00.000000165,81.97611,13,18
1970-01-01 00:00:00.000000166,82.05993,13,18
1970-01-01 00:00:00.000000167,82.062004,13,18
1970-01-01 00:00:00.000000166,82.07001,13,19
1970-01-01 00:00:00.000000167,82.14098,13,19
1970-01-01 00:00:00.000000168,82.14095,13,19
1970-01-01 00:00:00.000000167,82.236694,13,20
1970-01-01 00:00:00.000000168,82.31001,13,20
1970-01-01 00:00:00.000000169,82.31123,13,20
1970-01-01 00:00:00.000000168,82.56977,13,21
1970-01-01 00:00:00.000000169,82.665085,13,21
1970-01-01 00:00:00.000000170,82.66697,13,21
1970-01-01 00:00:00.000000169,82.42873,13,22
1970-01-01 00:00:00.000000170,82.506294,13,22
1970-01-01 00:00:00.000000171,82.50517,13,22
1970-01-01 00:00:00.000000170,82.73863,13,23
1970-01-01 00:00:00.000000171,82.86132,13,23
1970-01-01 00:00:00.000000172,82.88357,13,23
1970-01-01 00:00:00.000000141,68.433685,15,10
1970-01-01 00:00:00.000000142,68.67138,15,10
1970-01-01 00:00:00.000000143,68.72729,15,10
1970-01-01 00:00:00.000000142,69.45871,15,11
1970-01-01 00:00:00.000000143,69.61988,15,11
1970-01-01 00:00:00.000000144,69.61476,15,11
1970-01-01 00:00:00.000000143,69.173,15,12
1970-01-01 00:00:00.000000144,69.24732,15,12
1970-01-01 00:00:00.000000145,69.24282,15,12
1970-01-01 00:00:00.000000144,71.41707,15,13
1970-01-01 00:00:00.000000145,71.66614,15,13
1970-01-01 00:00:00.000000146,71.68936,15,13
1970-01-01 00:00:00.000000145,71.85638,15,14
1970-01-01 00:00:00.000000146,72.2167,15,14
1970-01-01 00:00:00.000000147,72.32547,15,14
1970-01-01 00:00:00.000000146,71.314224,15,15
1970-01-01 00:00:00.000000147,71.49274,15,15
1970-01-01 00:00:00.000000148,71.532936,15,15
1970-01-01 00:00:00.000000147,71.58306,15,16
1970-01-01 00:00:00.000000148,71.685776,15,16
1970-01-01 00:00:00.000000149,71.72409,15,16
1970-01-01 00:00:00.000000148,71.88338,15,17
1970-01-01 00:00:00.000000149,71.95779,15,17
1970-01-01 00:00:00.000000150,71.98189,15,17
1970-01-01 00:00:00.000000149,71.46817,15,18
1970-01-01 00:00:00.000000150,71.55558,15,18
1970-01-01 00:00:00.000000151,71.59384,15,18
1970-01-01 00:00:00.000000150,71.63376,15,19
1970-01-01 00:00:00.000000151,71.86634,15,19
1970-01-01 00:00:00.000000152,71.984406,15,19
1970-01-01 00:00:00.000000151,71.66389,15,20
1970-01-01 00:00:00.000000152,71.743004,15,20
1970-01-01 00:00:00.000000153,71.7576,15,20
1970-01-01 00:00:00.000000156,80.72856,16,10
1970-01-01 00:00:00.000000157,80.75497,16,10
1970-01-01 00:00:00.000000158,80.63021,16,10
1970-01-01 00:00:00.000000157,79.978165,16,11
1970-01-01 00:00:00.000000158,80.03911,16,11
1970-01-01 00:00:00.000000159,79.89436,16,11
1970-01-01 00:00:00.000000158,79.080055,16,12
1970-01-01 00:00:00.000000159,79.21064,16,12
1970-01-01 00:00:00.000000160,79.088066,16,12
1970-01-01 00:00:00.000000159,79.45459,16,13
1970-01-01 00:00:00.000000160,79.60802,16,13
1970-01-01 00:00:00.000000161,79.523186,16,13
1970-01-01 00:00:00.000000160,79.879616,16,14
1970-01-01 00:00:00.000000161,79.991325,16,14
1970-01-01 00:00:00.000000162,79.941635,16,14
1970-01-01 00:00:00.000000161,79.889626,16,15
1970-01-01 00:00:00.000000162,79.962036,16,15
1970-01-01 00:00:00.000000163,79.91194,16,15
1970-01-01 00:00:00.000000162,80.27442,16,16
1970-01-01 00:00:00.000000163,80.3676,16,16
1970-01-01 00:00:00.000000164,80.31339,16,16
1970-01-01 00:00:00.000000163,79.84845,16,17
1970-01-01 00:00:00.000000164,79.87978,16,17
1970-01-01 00:00:00.000000165,79.81432,16,17
1970-01-01 00:00:00.000000164,79.223885,16,18
1970-01-01 00:00:00.000000165,79.22152,16,18
1970-01-01 00:00:00.000000166,79.12246,16,18
1970-01-01 00:00:00.000000165,79.4166,16,19
1970-01-01 00:00:00.000000166,79.43844,16,19
1970-01-01 00:00:00.000000167,79.3299,16,19
1970-01-01 00:00:00.000000166,79.04705,16,20
1970-01-01 00:00:00.000000167,79.07238,16,20
1970-01-01 00:00:00.000000168,78.96744,16,20
1970-01-01 00:00:00.000000167,78.9269,16,21
1970-01-01 00:00:00.000000168,78.95997,16,21
1970-01-01 00:00:00.000000169,78.876205,16,21
1970-01-01 00:00:00.000000168,78.250946,16,22
1970-01-01 00:00:00.000000169,78.28199,16,22
1970-01-01 00:00:00.000000170,78.16745,16,22
1970-01-01 00:00:00.000000169,77.69037,16,23
1970-01-01 00:00:00.000000170,77.74728,16,23
1970-01-01 00:00:00.000000171,77.62461,16,23
1970-01-01 00:00:00.000000123,66.177376,17,10
1970-01-01 00:00:00.000000124,66.23826,17,10
1970-01-01 00:00:00.000000125,66.171196,17,10
1970-01-01 00:00:00.000000124,66.24359,17,11
1970-01-01 00:00:00.000000125,66.29783,17,11
1970-01-01 00:00:00.000000126,66.24366,17,11
1970-01-01 00:00:00.000000125,65.47885,17,12
1970-01-01 00:00:00.000000126,65.512985,17,12
1970-01-01 00:00:00.000000127,65.43835,17,12
1970-01-01 00:00:00.000000126,65.31156,17,13
1970-01-01 00:00:00.000000127,65.38048,17,13
1970-01-01 00:00:00.000000128,65.30556,17,13
1970-01-01 00:00:00.000000127,66.177864,17,14
1970-01-01 00:00:00.000000128,66.30498,17,14
1970-01-01 00:00:00.000000129,66.256065,17,14
1970-01-01 00:00:00.000000128,66.18935,17,15
1970-01-01 00:00:00.000000129,66.2984,17,15
1970-01-01 00:00:00.000000130,66.24871,17,15
1970-01-01 00:00:00.000000129,65.701065,17,16
1970-01-01 00:00:00.000000130,65.75607,17,16
1970-01-01 00:00:00.000000131,65.691025,17,16
1970-01-01 00:00:00.000000130,64.04911,17,17
1970-01-01 00:00:00.000000131,64.06867,17,17
1970-01-01 00:00:00.000000132,63.92445,17,17
1970-01-01 00:00:00.000000134,84.86987,19,10
1970-01-01 00:00:00.000000135,84.937164,19,10
1970-01-01 00:00:00.000000136,84.94136,19,10
1970-01-01 00:00:00.000000135,84.90132,19,11
1970-01-01 00:00:00.000000136,84.96891,19,11
1970-01-01 00:00:00.000000137,84.972435,19,11
1970-01-01 00:00:00.000000136,84.88831,19,12
1970-01-01 00:00:00.000000137,84.95573,19,12
1970-01-01 00:00:00.000000138,84.959274,19,12
1970-01-01 00:00:00.000000137,85.02519,19,13
1970-01-01 00:00:00.000000138,85.09919,19,13
1970-01-01 00:00:00.000000139,85.10466,19,13
1970-01-01 00:00:00.000000138,84.915306,19,14
1970-01-01 00:00:00.000000139,84.98158,19,14
1970-01-01 00:00:00.000000140,84.98643,19,14
1970-01-01 00:00:00.000000139,84.89698,19,15
1970-01-01 00:00:00.000000140,84.988075,19,15
1970-01-01 00:00:00.000000141,85.00927,19,15
1970-01-01 00:00:00.000000140,84.48987,19,16
1970-01-01 00:00:00.000000141,84.54964,19,16
1970-01-01 00:00:00.000000142,84.55127,19,16
1970-01-01 00:00:00.000000141,84.68785,19,17
1970-01-01 00:00:00.000000142,84.768364,19,17
1970-01-01 00:00:00.000000143,84.77721,19,17
1970-01-01 00:00:00.000000142,85.11384,19,18
1970-01-01 00:00:00.000000143,85.33877,19,18
1970-01-01 00:00:00.000000144,85.421844,19,18
1970-01-01 00:00:00.000000143,85.3767,19,19
1970-01-01 00:00:00.000000144,85.50195,19,19
1970-01-01 00:00:00.000000145,85.497696,19,19
1970-01-01 00:00:00.000000121,70.29516,20,10
1970-01-01 00:00:00.000000122,70.33868,20,10
1970-01-01 00:00:00.000000123,70.24025,20,10
1970-01-01 00:00:00.000000122,69.97427,20,11
1970-01-01 00:00:00.000000123,70.01017,20,11
1970-01-01 00:00:00.000000124,69.90899,20,11
1970-01-01 00:00:00.000000123,70.82617,20,12
1970-01-01 00:00:00.000000124,70.90862,20,12
1970-01-01 00:00:00.000000125,70.81538,20,12
1970-01-01 00:00:00.000000124,71.89217,20,13
1970-01-01 00:00:00.000000125,72.0566,20,13
1970-01-01 00:00:00.000000126,71.88615,20,13
1970-01-01 00:00:00.000000125,71.380585,20,14
1970-01-01 00:00:00.000000126,71.4924,20,14
1970-01-01 00:00:00.000000127,71.29045,20,14
1970-01-01 00:00:00.000000126,70.77164,20,15
1970-01-01 00:00:00.000000127,70.80925,20,15
1970-01-01 00:00:00.000000128,70.663635,20,15
1970-01-01 00:00:00.000000127,71.14625,20,16
1970-01-01 00:00:00.000000128,71.190506,20,16
1970-01-01 00:00:00.000000129,71.08672,20,16
1970-01-01 00:00:00.000000128,71.03482,20,17
1970-01-01 00:00:00.000000129,71.07589,20,17
1970-01-01 00:00:00.000000130,70.97355,20,17
1970-01-01 00:00:00.000000130,72.531006,21,10
1970-01-01 00:00:00.000000131,72.7011,21,10
1970-01-01 00:00:00.000000132,72.61097,21,10
1970-01-01 00:00:00.000000131,73.65688,21,11
1970-01-01 00:00:00.000000132,73.9327,21,11
1970-01-01 00:00:00.000000133,73.76314,21,11
1970-01-01 00:00:00.000000132,74.67289,21,12
1970-01-01 00:00:00.000000133,75.0162,21,12
1970-01-01 00:00:00.000000134,74.760544,21,12
1970-01-01 00:00:00.000000133,74.83894,21,13
1970-01-01 00:00:00.000000134,75.09294,21,13
1970-01-01 00:00:00.000000135,74.860794,21,13
1970-01-01 00:00:00.000000134,74.115616,21,14
1970-01-01 00:00:00.000000135,74.23605,21,14
1970-01-01 00:00:00.000000136,74.09876,21,14
1970-01-01 00:00:00.000000135,73.84573,21,15
1970-01-01 00:00:00.000000136,73.93443,21,15
1970-01-01 00:00:00.000000137,73.871056,21,15
1970-01-01 00:00:00.000000136,74.26759,21,16
1970-01-01 00:00:00.000000137,74.42146,21,16
1970-01-01 00:00:00.000000138,74.38317,21,16
1970-01-01 00:00:00.000000137,75.663086,21,17
1970-01-01 00:00:00.000000138,75.95468,21,17
1970-01-01 00:00:00.000000139,75.948296,21,17
1970-01-01 00:00:00.000000138,75.33698,21,18
1970-01-01 00:00:00.000000139,75.56954,21,18
1970-01-01 00:00:00.000000140,75.520836,21,18
1970-01-01 00:00:00.000000171,58.586136,22,10
1970-01-01 00:00:00.000000172,58.733887,22,10
1970-01-01 00:00:00.000000173,58.793236,22,10
1970-01-01 00:00:00.000000172,58.41811,22,11
1970-01-01 00:00:00.000000173,58.619286,22,11
1970-01-01 00:00:00.000000174,58.705326,22,11
1970-01-01 00:00:00.000000173,57.412827,22,12
1970-01-01 00:00:00.000000174,57.563625,22,12
1970-01-01 00:00:00.000000175,57.592888,22,12
1970-01-01 00:00:00.000000174,57.26889,22,13
1970-01-01 00:00:00.000000175,57.22033,22,13
1970-01-01 00:00:00.000000176,57.111355,22,13
1970-01-01 00:00:00.000000175,57.822205,22,14
1970-01-01 00:00:00.000000176,57.786842,22,14
1970-01-01 00:00:00.000000177,57.687313,22,14
1970-01-01 00:00:00.000000176,58.19475,22,15
1970-01-01 00:00:00.000000177,58.268795,22,15
1970-01-01 00:00:00.000000178,58.24394,22,15
1970-01-01 00:00:00.000000177,54.99973,22,16
1970-01-01 00:00:00.000000178,55.19602,22,16
1970-01-01 00:00:00.000000179,55.239388,22,16
1970-01-01 00:00:00.000000178,55.300724,22,17
1970-01-01 00:00:00.000000179,55.643776,22,17
1970-01-01 00:00:00.000000180,55.742645,22,17
1970-01-01 00:00:00.000000179,55.942738,22,18
1970-01-01 00:00:00.000000180,56.217613,22,18
1970-01-01 00:00:00.000000181,56.271603,22,18
1970-01-01 00:00:00.000000180,55.6826,22,19
1970-01-01 00:00:00.000000181,55.813595,22,19
1970-01-01 00:00:00.000000182,55.862946,22,19
1970-01-01 00:00:00.000000181,55.348824,22,20
1970-01-01 00:00:00.000000182,55.428387,22,20
1970-01-01 00:00:00.000000183,55.448265,22,20
1970-01-01 00:00:00.000000182,54.97292,22,21
1970-01-01 00:00:00.000000183,55.023052,22,21
1970-01-01 00:00:00.000000184,55.017838,22,21
1970-01-01 00:00:00.000000183,54.5117,22,22
1970-01-01 00:00:00.000000184,54.6495,22,22
1970-01-01 00:00:00.000000185,54.684105,22,22
1970-01-01 00:00:00.000000184,54.68784,22,23
1970-01-01 00:00:00.000000185,54.800545,22,23
1970-01-01 00:00:00.000000186,54.81552,22,23
1970-01-01 00:00:00.000000185,53.81156,22,24
1970-01-01 00:00:00.000000186,54.087833,22,24
1970-01-01 00:00:00.000000187,54.20446,22,24
1970-01-01 00:00:00.000000186,53.38694,22,25
1970-01-01 00:00:00.000000187,53.779278,22,25
1970-01-01 00:00:00.000000188,53.943035,22,25
1970-01-01 00:00:00.000000187,53.633266,22,26
1970-01-01 00:00:00.000000188,54.02551,22,26
1970-01-01 00:00:00.000000189,54.160835,22,26
1970-01-01 00:00:00.000000130,74.47035,23,10
1970-01-01 00:00:00.000000131,74.50201,23,10
1970-01-01 00:00:00.000000132,74.42862,23,10
1970-01-01 00:00:00.000000131,74.1784,23,11
1970-01-01 00:00:00.000000132,74.20376,23,11
1970-01-01 00:00:00.000000133,74.118805,23,11
1970-01-01 00:00:00.000000132,74.003136,23,12
1970-01-01 00:00:00.000000133,74.03549,23,12
1970-01-01 00:00:00.000000134,73.94691,23,12
1970-01-01 00:00:00.000000133,74.49209,23,13
1970-01-01 00:00:00.000000134,74.54918,23,13
1970-01-01 00:00:00.000000135,74.47159,23,13
1970-01-01 00:00:00.000000134,74.55002,23,14
1970-01-01 00:00:00.000000135,74.60348,23,14
1970-01-01 00:00:00.000000136,74.52099,23,14
1970-01-01 00:00:00.000000135,74.78013,23,15
1970-01-01 00:00:00.000000136,74.843376,23,15
1970-01-01 00:00:00.000000137,74.747826,23,15
1970-01-01 00:00:00.000000136,75.16131,23,16
1970-01-01 00:00:00.000000137,75.23512,23,16
1970-01-01 00:00:00.000000138,75.13866,23,16
1970-01-01 00:00:00.000000137,75.50308,23,17
1970-01-01 00:00:00.000000138,75.58707,23,17
1970-01-01 00:00:00.000000139,75.47389,23,17
1970-01-01 00:00:00.000000138,75.57142,23,18
1970-01-01 00:00:00.000000139,75.63926,23,18
1970-01-01 00:00:00.000000140,75.52721,23,18
1970-01-01 00:00:00.000000139,75.4862,23,19
1970-01-01 00:00:00.000000140,75.52994,23,19
1970-01-01 00:00:00.000000141,75.43934,23,19
1970-01-01 00:00:00.000000095,65.38617,25,10
1970-01-01 00:00:00.000000096,66.21222,25,10
1970-01-01 00:00:00.000000097,66.300064,25,10
1970-01-01 00:00:00.000000096,64.750206,25,11
1970-01-01 00:00:00.000000097,65.17768,25,11
1970-01-01 00:00:00.000000098,64.97434,25,11
1970-01-01 00:00:00.000000097,67.86369,25,12
1970-01-01 00:00:00.000000098,68.16194,25,12
1970-01-01 00:00:00.000000099,67.797226,25,12
1970-01-01 00:00:00.000000231,82.03299,26,10
1970-01-01 00:00:00.000000232,82.12843,26,10
1970-01-01 00:00:00.000000233,82.01175,26,10
1970-01-01 00:00:00.000000232,81.52077,26,11
1970-01-01 00:00:00.000000233,81.60798,26,11
1970-01-01 00:00:00.000000234,81.49305,26,11
1970-01-01 00:00:00.000000233,80.95197,26,12
1970-01-01 00:00:00.000000234,81.04558,26,12
1970-01-01 00:00:00.000000235,80.9179,26,12
1970-01-01 00:00:00.000000234,80.4888,26,13
1970-01-01 00:00:00.000000235,80.58223,26,13
1970-01-01 00:00:00.000000236,80.4502,26,13
1970-01-01 00:00:00.000000235,79.8566,26,14
1970-01-01 00:00:00.000000236,79.94578,26,14
1970-01-01 00:00:00.000000237,79.80706,26,14
1970-01-01 00:00:00.000000236,79.1152,26,15
1970-01-01 00:00:00.000000237,79.20115,26,15
1970-01-01 00:00:00.000000238,79.04686,26,15
1970-01-01 00:00:00.000000237,78.34841,26,16
1970-01-01 00:00:00.000000238,78.44054,26,16
1970-01-01 00:00:00.000000239,78.26566,26,16
1970-01-01 00:00:00.000000238,77.995316,26,17
1970-01-01 00:00:00.000000239,78.09049,26,17
1970-01-01 00:00:00.000000240,77.92525,26,17
1970-01-01 00:00:00.000000239,77.37367,26,18
1970-01-01 00:00:00.000000240,77.451775,26,18
1970-01-01 00:00:00.000000241,77.29631,26,18
1970-01-01 00:00:00.000000240,76.82091,26,19
1970-01-01 00:00:00.000000241,76.89094,26,19
1970-01-01 00:00:00.000000242,76.74475,26,19
1970-01-01 00:00:00.000000241,76.28195,26,20
1970-01-01 00:00:00.000000242,76.35451,26,20
1970-01-01 00:00:00.000000243,76.20298,26,20
1970-01-01 00:00:00.000000242,75.93167,26,21
1970-01-01 00:00:00.000000243,76.00162,26,21
1970-01-01 00:00:00.000000244,75.864555,26,21
1970-01-01 00:00:00.000000243,75.34223,26,22
1970-01-01 00:00:00.000000244,75.40027,26,22
1970-01-01 00:00:00.000000245,75.26368,26,22
1970-01-01 00:00:00.000000244,75.10265,26,23
1970-01-01 00:00:00.000000245,75.159294,26,23
1970-01-01 00:00:00.000000246,75.03461,26,23
1970-01-01 00:00:00.000000245,74.72406,26,24
1970-01-01 00:00:00.000000246,74.77557,26,24
1970-01-01 00:00:00.000000247,74.65668,26,24
1970-01-01 00:00:00.000000246,74.373474,26,25
1970-01-01 00:00:00.000000247,74.41934,26,25
1970-01-01 00:00:00.000000248,74.312485,26,25
1970-01-01 00:00:00.000000247,74.66769,26,26
1970-01-01 00:00:00.000000248,74.72654,26,26
1970-01-01 00:00:00.000000249,74.64473,26,26
1970-01-01 00:00:00.000000248,73.957054,26,27
1970-01-01 00:00:00.000000249,74.01186,26,27
1970-01-01 00:00:00.000000250,73.94154,26,27
1970-01-01 00:00:00.000000249,75.96713,26,28
1970-01-01 00:00:00.000000250,76.201225,26,28
1970-01-01 00:00:00.000000251,76.15641,26,28
1970-01-01 00:00:00.000000250,77.58921,26,29
1970-01-01 00:00:00.000000251,78.01324,26,29
1970-01-01 00:00:00.000000252,77.92989,26,29
1970-01-01 00:00:00.000000251,80.66087,26,30
1970-01-01 00:00:00.000000252,81.29479,26,30
1970-01-01 00:00:00.000000253,81.11311,26,30
1970-01-01 00:00:00.000000252,79.656715,26,31
1970-01-01 00:00:00.000000253,79.9108,26,31
1970-01-01 00:00:00.000000254,79.658615,26,31
1970-01-01 00:00:00.000000253,86.39334,26,32
1970-01-01 00:00:00.000000254,86.94461,26,32
1970-01-01 00:00:00.000000255,86.58867,26,32
1970-01-01 00:00:00.000000254,91.210365,26,33
1970-01-01 00:00:00.000000255,92.12956,26,33
1970-01-01 00:00:00.000000256,91.672,26,33
1970-01-01 00:00:00.000000255,86.05061,26,34
1970-01-01 00:00:00.000000256,86.68029,26,34
1970-01-01 00:00:00.000000257,86.252594,26,34
1970-01-01 00:00:00.000000256,86.69714,26,35
1970-01-01 00:00:00.000000257,87.05786,26,35
1970-01-01 00:00:00.000000258,86.87768,26,35
1970-01-01 00:00:00.000000257,87.57182,26,36
1970-01-01 00:00:00.000000258,87.83691,26,36
1970-01-01 00:00:00.000000259,87.76183,26,36
1970-01-01 00:00:00.000000181,64.0723,29,10
1970-01-01 00:00:00.000000182,64.393524,29,10
1970-01-01 00:00:00.000000183,64.2554,29,10
1970-01-01 00:00:00.000000182,63.679768,29,11
1970-01-01 00:00:00.000000183,63.929447,29,11
1970-01-01 00:00:00.000000184,63.78913,29,11
1970-01-01 00:00:00.000000183,64.55381,29,12
1970-01-01 00:00:00.000000184,64.90165,29,12
1970-01-01 00:00:00.000000185,64.729,29,12
1970-01-01 00:00:00.000000184,64.99471,29,13
1970-01-01 00:00:00.000000185,65.24548,29,13
1970-01-01 00:00:00.000000186,65.12358,29,13
1970-01-01 00:00:00.000000185,65.31557,29,14
1970-01-01 00:00:00.000000186,65.58278,29,14
1970-01-01 00:00:00.000000187,65.44847,29,14
1970-01-01 00:00:00.000000186,66.47626,29,15
1970-01-01 00:00:00.000000187,66.79568,29,15
1970-01-01 00:00:00.000000188,66.65815,29,15
1970-01-01 00:00:00.000000187,68.920815,29,16
1970-01-01 00:00:00.000000188,69.56489,29,16
1970-01-01 00:00:00.000000189,69.31405,29,16
1970-01-01 00:00:00.000000188,68.85014,29,17
1970-01-01 00:00:00.000000189,69.49445,29,17
1970-01-01 00:00:00.000000190,69.20127,29,17
1970-01-01 00:00:00.000000189,65.11306,29,18
1970-01-01 00:00:00.000000190,65.43779,29,18
1970-01-01 00:00:00.000000191,65.15915,29,18
1970-01-01 00:00:00.000000190,66.42006,29,19
1970-01-01 00:00:00.000000191,66.8133,29,19
1970-01-01 00:00:00.000000192,66.58873,29,19
1970-01-01 00:00:00.000000191,67.517365,29,20
1970-01-01 00:00:00.000000192,67.951,29,20
1970-01-01 00:00:00.000000193,67.75676,29,20
1970-01-01 00:00:00.000000192,68.39404,29,21
1970-01-01 00:00:00.000000193,68.757195,29,21
1970-01-01 00:00:00.000000194,68.60791,29,21
1970-01-01 00:00:00.000000193,67.308,29,22
1970-01-01 00:00:00.000000194,67.52584,29,22
1970-01-01 00:00:00.000000195,67.388115,29,22
1970-01-01 00:00:00.000000194,65.1384,29,23
1970-01-01 00:00:00.000000195,65.393265,29,23
1970-01-01 00:00:00.000000196,65.21112,29,23
1970-01-01 00:00:00.000000195,67.82745,29,24
1970-01-01 00:00:00.000000196,68.24231,29,24
1970-01-01 00:00:00.000000197,68.0936,29,24
1970-01-01 00:00:00.000000196,66.348946,29,25
1970-01-01 00:00:00.000000197,66.613235,29,25
1970-01-01 00:00:00.000000198,66.450584,29,25
1970-01-01 00:00:00.000000197,65.56123,29,26
1970-01-01 00:00:00.000000198,65.816444,29,26
1970-01-01 00:00:00.000000199,65.711365,29,26
1970-01-01 00:00:00.000000198,67.549515,29,27
1970-01-01 00:00:00.000000199,67.852806,29,27
1970-01-01 00:00:00.000000200,67.75721,29,27
1970-01-01 00:00:00.000000199,65.511765,29,28
1970-01-01 00:00:00.000000200,65.65792,29,28
1970-01-01 00:00:00.000000201,65.5306,29,28
1970-01-01 00:00:00.000000092,37.68876,40,10
1970-01-01 00:00:00.000000093,38.093555,40,10
1970-01-01 00:00:00.000000094,37.929634,40,10
1970-01-01 00:00:00.000000093,37.417286,40,11
1970-01-01 00:00:00.000000094,37.7411,40,11
1970-01-01 00:00:00.000000095,37.58421,40,11
1970-01-01 00:00:00.000000094,39.421227,40,12
1970-01-01 00:00:00.000000095,39.710125,40,12
1970-01-01 00:00:00.000000096,39.611717,40,12
1970-01-01 00:00:00.000000092,37.961735,42,10
1970-01-01 00:00:00.000000093,38.216476,42,10
1970-01-01 00:00:00.000000094,38.024055,42,10
1970-01-01 00:00:00.000000093,38.481995,42,11
1970-01-01 00:00:00.000000094,38.58799,42,11
1970-01-01 00:00:00.000000095,38.437233,42,11
1970-01-01 00:00:00.000000094,36.190964,42,12
1970-01-01 00:00:00.000000095,36.137405,42,12
1970-01-01 00:00:00.000000096,35.8977,42,12
1970-01-01 00:00:00.000000156,61.000698,45,10
1970-01-01 00:00:00.000000157,61.05447,45,10
1970-01-01 00:00:00.000000158,60.990143,45,10
1970-01-01 00:00:00.000000157,61.022533,45,11
1970-01-01 00:00:00.000000158,61.077354,45,11
1970-01-01 00:00:00.000000159,61.013966,45,11
1970-01-01 00:00:00.000000158,60.86319,45,12
1970-01-01 00:00:00.000000159,60.913017,45,12
1970-01-01 00:00:00.000000160,60.847195,45,12
1970-01-01 00:00:00.000000159,60.74668,45,13
1970-01-01 00:00:00.000000160,60.79718,45,13
1970-01-01 00:00:00.000000161,60.728756,45,13
1970-01-01 00:00:00.000000160,60.942783,45,14
1970-01-01 00:00:00.000000161,61.005447,45,14
1970-01-01 00:00:00.000000162,60.941307,45,14
1970-01-01 00:00:00.000000161,60.893745,45,15
1970-01-01 00:00:00.000000162,60.950886,45,15
1970-01-01 00:00:00.000000163,60.886837,45,15
1970-01-01 00:00:00.000000162,60.837513,45,16
1970-01-01 00:00:00.000000163,60.890892,45,16
1970-01-01 00:00:00.000000164,60.826103,45,16
1970-01-01 00:00:00.000000163,60.632515,45,17
1970-01-01 00:00:00.000000164,60.679413,45,17
1970-01-01 00:00:00.000000165,60.610756,45,17
1970-01-01 00:00:00.000000164,61.31162,45,18
1970-01-01 00:00:00.000000165,61.40099,45,18
1970-01-01 00:00:00.000000166,61.33192,45,18
1970-01-01 00:00:00.000000165,61.077602,45,19
1970-01-01 00:00:00.000000166,61.147125,45,19
1970-01-01 00:00:00.000000167,61.06972,45,19
1970-01-01 00:00:00.000000166,60.647778,45,20
1970-01-01 00:00:00.000000167,60.697296,45,20
1970-01-01 00:00:00.000000168,60.615414,45,20
1970-01-01 00:00:00.000000167,60.783672,45,21
1970-01-01 00:00:00.000000168,60.843914,45,21
1970-01-01 00:00:00.000000169,60.771076,45,21
1970-01-01 00:00:00.000000168,60.834335,45,22
1970-01-01 00:00:00.000000169,60.89733,45,22
1970-01-01 00:00:00.000000170,60.82855,45,22
1970-01-01 00:00:00.000000169,61.146927,45,23
1970-01-01 00:00:00.000000170,61.21915,45,23
1970-01-01 00:00:00.000000171,61.149944,45,23
1970-01-01 00:00:00.000000116,55.329357,46,10
1970-01-01 00:00:00.000000117,55.46933,46,10
1970-01-01 00:00:00.000000118,55.421074,46,10
1970-01-01 00:00:00.000000117,56.21555,46,11
1970-01-01 00:00:00.000000118,56.414593,46,11
1970-01-01 00:00:00.000000119,56.371155,46,11
1970-01-01 00:00:00.000000118,57.102585,46,12
1970-01-01 00:00:00.000000119,57.424156,46,12
1970-01-01 00:00:00.000000120,57.35764,46,12
1970-01-01 00:00:00.000000119,57.153618,46,13
1970-01-01 00:00:00.000000120,57.443623,46,13
1970-01-01 00:00:00.000000121,57.37307,46,13
1970-01-01 00:00:00.000000120,58.82656,46,14
1970-01-01 00:00:00.000000121,59.22595,46,14
1970-01-01 00:00:00.000000122,59.148487,46,14
1970-01-01 00:00:00.000000121,58.704666,46,15
1970-01-01 00:00:00.000000122,59.025955,46,15
1970-01-01 00:00:00.000000123,58.94822,46,15
1970-01-01 00:00:00.000000122,59.694252,46,16
1970-01-01 00:00:00.000000123,60.05207,46,16
1970-01-01 00:00:00.000000124,59.97276,46,16
1970-01-01 00:00:00.000000243,38.84908,53,10
1970-01-01 00:00:00.000000244,39.000633,53,10
1970-01-01 00:00:00.000000245,38.393566,53,10
1970-01-01 00:00:00.000000244,40.42132,53,11
1970-01-01 00:00:00.000000245,40.710503,53,11
1970-01-01 00:00:00.000000246,40.18333,53,11
1970-01-01 00:00:00.000000245,41.84637,53,12
1970-01-01 00:00:00.000000246,42.098206,53,12
1970-01-01 00:00:00.000000247,41.89297,53,12
1970-01-01 00:00:00.000000246,43.119995,53,13
1970-01-01 00:00:00.000000247,43.430492,53,13
1970-01-01 00:00:00.000000248,43.21015,53,13
1970-01-01 00:00:00.000000247,42.61338,53,14
1970-01-01 00:00:00.000000248,42.83512,53,14
1970-01-01 00:00:00.000000249,42.631714,53,14
1970-01-01 00:00:00.000000248,40.985493,53,15
1970-01-01 00:00:00.000000249,41.061382,53,15
1970-01-01 00:00:00.000000250,40.90791,53,15
1970-01-01 00:00:00.000000249,39.9987,53,16
1970-01-01 00:00:00.000000250,40.12803,53,16
1970-01-01 00:00:00.000000251,39.908283,53,16
1970-01-01 00:00:00.000000250,40.553265,53,17
1970-01-01 00:00:00.000000251,40.72713,53,17
1970-01-01 00:00:00.000000252,40.51778,53,17
1970-01-01 00:00:00.000000251,41.198757,53,18
1970-01-01 00:00:00.000000252,41.31651,53,18
1970-01-01 00:00:00.000000253,41.21201,53,18
1970-01-01 00:00:00.000000252,41.548347,53,19
1970-01-01 00:00:00.000000253,41.66148,53,19
1970-01-01 00:00:00.000000254,41.55675,53,19
1970-01-01 00:00:00.000000253,40.388134,53,20
1970-01-01 00:00:00.000000254,40.445915,53,20
1970-01-01 00:00:00.000000255,40.358944,53,20
1970-01-01 00:00:00.000000254,39.226955,53,21
1970-01-01 00:00:00.000000255,39.378513,53,21
1970-01-01 00:00:00.000000256,39.287243,53,21
1970-01-01 00:00:00.000000255,44.1605,53,22
1970-01-01 00:00:00.000000256,44.73527,53,22
1970-01-01 00:00:00.000000257,44.6638,53,22
1970-01-01 00:00:00.000000256,45.85222,53,23
1970-01-01 00:00:00.000000257,46.64683,53,23
1970-01-01 00:00:00.000000258,46.47222,53,23
1970-01-01 00:00:00.000000257,45.780216,53,24
1970-01-01 00:00:00.000000258,46.443195,53,24
1970-01-01 00:00:00.000000259,46.14602,53,24
1970-01-01 00:00:00.000000258,47.387028,53,25
1970-01-01 00:00:00.000000259,47.824253,53,25
1970-01-01 00:00:00.000000260,47.57956,53,25
1970-01-01 00:00:00.000000259,44.840046,53,26
1970-01-01 00:00:00.000000260,44.865032,53,26
1970-01-01 00:00:00.000000261,44.6478,53,26
1970-01-01 00:00:00.000000260,41.97547,53,27
1970-01-01 00:00:00.000000261,41.978027,53,27
1970-01-01 00:00:00.000000262,41.592167,53,27
1970-01-01 00:00:00.000000261,42.30852,53,28
1970-01-01 00:00:00.000000262,42.508266,53,28
1970-01-01 00:00:00.000000263,42.069515,53,28
1970-01-01 00:00:00.000000262,41.493515,53,29
1970-01-01 00:00:00.000000263,41.722282,53,29
1970-01-01 00:00:00.000000264,41.41228,53,29
1970-01-01 00:00:00.000000263,41.112183,53,30
1970-01-01 00:00:00.000000264,41.23503,53,30
1970-01-01 00:00:00.000000265,41.074966,53,30
1970-01-01 00:00:00.000000264,41.88464,53,31
1970-01-01 00:00:00.000000265,42.00988,53,31
1970-01-01 00:00:00.000000266,41.89279,53,31
1970-01-01 00:00:00.000000265,40.268604,53,32
1970-01-01 00:00:00.000000266,40.3143,53,32
1970-01-01 00:00:00.000000267,40.183853,53,32
1970-01-01 00:00:00.000000266,38.940723,53,33
1970-01-01 00:00:00.000000267,39.018196,53,33
1970-01-01 00:00:00.000000268,38.80974,53,33
1970-01-01 00:00:00.000000267,38.747665,53,34
1970-01-01 00:00:00.000000268,38.891953,53,34
1970-01-01 00:00:00.000000269,38.652607,53,34
1970-01-01 00:00:00.000000268,37.302986,53,35
1970-01-01 00:00:00.000000269,37.392014,53,35
1970-01-01 00:00:00.000000270,37.15203,53,35
1970-01-01 00:00:00.000000269,36.363552,53,36
1970-01-01 00:00:00.000000270,36.45926,53,36
1970-01-01 00:00:00.000000271,36.224636,53,36
1970-01-01 00:00:00.000000270,35.960327,53,37
1970-01-01 00:00:00.000000271,36.08704,53,37
1970-01-01 00:00:00.000000272,35.856186,53,37
1970-01-01 00:00:00.000000271,36.57531,53,38
1970-01-01 00:00:00.000000272,36.680225,53,38
1970-01-01 00:00:00.000000273,36.545883,53,38
1970-01-01 00:00:00.000000272,36.81563,53,39
1970-01-01 00:00:00.000000273,36.885387,53,39
1970-01-01 00:00:00.000000274,36.808765,53,39
1970-01-01 00:00:00.000000097,65.15343,54,10
1970-01-01 00:00:00.000000098,65.45452,54,10
1970-01-01 00:00:00.000000099,65.3151,54,10
1970-01-01 00:00:00.000000098,65.65168,54,11
1970-01-01 00:00:00.000000099,65.913864,54,11
1970-01-01 00:00:00.000000100,65.7964,54,11
1970-01-01 00:00:00.000000099,66.33622,54,12
1970-01-01 00:00:00.000000100,66.60365,54,12
1970-01-01 00:00:00.000000101,66.48678,54,12
1970-01-01 00:00:00.000000100,67.18744,54,13
1970-01-01 00:00:00.000000101,67.492874,54,13
1970-01-01 00:00:00.000000102,67.35313,54,13
1970-01-01 00:00:00.000000277,17.533003,60,10
1970-01-01 00:00:00.000000278,17.613792,60,10
1970-01-01 00:00:00.000000279,17.476526,60,10
1970-01-01 00:00:00.000000278,17.996857,60,11
1970-01-01 00:00:00.000000279,18.100695,60,11
1970-01-01 00:00:00.000000280,18.020533,60,11
1970-01-01 00:00:00.000000279,20.805754,60,12
1970-01-01 00:00:00.000000280,21.256216,60,12
1970-01-01 00:00:00.000000281,21.141897,60,12
1970-01-01 00:00:00.000000280,25.967484,60,13
1970-01-01 00:00:00.000000281,27.217102,60,13
1970-01-01 00:00:00.000000282,26.882465,60,13
1970-01-01 00:00:00.000000281,28.147842,60,14
1970-01-01 00:00:00.000000282,29.657036,60,14
1970-01-01 00:00:00.000000283,29.135906,60,14
1970-01-01 00:00:00.000000282,29.343966,60,15
1970-01-01 00:00:00.000000283,30.571787,60,15
1970-01-01 00:00:00.000000284,29.969204,60,15
1970-01-01 00:00:00.000000283,25.912437,60,16
1970-01-01 00:00:00.000000284,26.187881,60,16
1970-01-01 00:00:00.000000285,25.7025,60,16
1970-01-01 00:00:00.000000284,24.851156,60,17
1970-01-01 00:00:00.000000285,24.933079,60,17
1970-01-01 00:00:00.000000286,24.549347,60,17
1970-01-01 00:00:00.000000285,24.082598,60,18
1970-01-01 00:00:00.000000286,24.288458,60,18
1970-01-01 00:00:00.000000287,23.774443,60,18
1970-01-01 00:00:00.000000286,24.571978,60,19
1970-01-01 00:00:00.000000287,24.808746,60,19
1970-01-01 00:00:00.000000288,24.520096,60,19
1970-01-01 00:00:00.000000287,24.84012,60,20
1970-01-01 00:00:00.000000288,24.977083,60,20
1970-01-01 00:00:00.000000289,24.848242,60,20
1970-01-01 00:00:00.000000288,24.066074,60,21
1970-01-01 00:00:00.000000289,24.127617,60,21
1970-01-01 00:00:00.000000290,24.034132,60,21
1970-01-01 00:00:00.000000289,24.20167,60,22
1970-01-01 00:00:00.000000290,24.291138,60,22
1970-01-01 00:00:00.000000291,24.199423,60,22
1970-01-01 00:00:00.000000290,23.31673,60,23
1970-01-01 00:00:00.000000291,23.416536,60,23
1970-01-01 00:00:00.000000292,23.282158,60,23
1970-01-01 00:00:00.000000291,22.85261,60,24
1970-01-01 00:00:00.000000292,22.960365,60,24
1970-01-01 00:00:00.000000293,22.815777,60,24
1970-01-01 00:00:00.000000292,21.390959,60,25
1970-01-01 00:00:00.000000293,21.536516,60,25
1970-01-01 00:00:00.000000294,21.297113,60,25
1970-01-01 00:00:00.000000293,20.127405,60,26
1970-01-01 00:00:00.000000294,20.315145,60,26
1970-01-01 00:00:00.000000295,20.013529,60,26
1970-01-01 00:00:00.000000294,20.428043,60,27
1970-01-01 00:00:00.000000295,20.645948,60,27
1970-01-01 00:00:00.000000296,20.38209,60,27
1970-01-01 00:00:00.000000295,19.702196,60,28
1970-01-01 00:00:00.000000296,19.8389,60,28
1970-01-01 00:00:00.000000297,19.647186,60,28
1970-01-01 00:00:00.000000296,18.187346,60,29
1970-01-01 00:00:00.000000297,18.310232,60,29
1970-01-01 00:00:00.000000298,18.09222,60,29
1970-01-01 00:00:00.000000297,17.98013,60,30
1970-01-01 00:00:00.000000298,18.169163,60,30
1970-01-01 00:00:00.000000299,17.923677,60,30
1970-01-01 00:00:00.000000298,18.202559,60,31
1970-01-01 00:00:00.000000299,18.375408,60,31
1970-01-01 00:00:00.000000300,18.192286,60,31
1970-01-01 00:00:00.000000299,19.544708,60,32
1970-01-01 00:00:00.000000300,19.739243,60,32
1970-01-01 00:00:00.000000301,19.643621,60,32
1970-01-01 00:00:00.000000300,20.258017,60,33
1970-01-01 00:00:00.000000301,20.59548,60,33
1970-01-01 00:00:00.000000302,20.470207,60,33
1970-01-01 00:00:00.000000301,25.656488,60,34
1970-01-01 00:00:00.000000302,26.797228,60,34
1970-01-01 00:00:00.000000303,26.533985,60,34
1970-01-01 00:00:00.000000302,28.423717,60,35
1970-01-01 00:00:00.000000303,29.886873,60,35
1970-01-01 00:00:00.000000304,29.4578,60,35
1970-01-01 00:00:00.000000303,29.014427,60,36
1970-01-01 00:00:00.000000304,30.298899,60,36
1970-01-01 00:00:00.000000305,29.785728,60,36
1970-01-01 00:00:00.000000304,28.667053,60,37
1970-01-01 00:00:00.000000305,29.24795,60,37
1970-01-01 00:00:00.000000306,28.815626,60,37
1970-01-01 00:00:00.000000305,23.818678,60,38
1970-01-01 00:00:00.000000306,23.907532,60,38
1970-01-01 00:00:00.000000307,23.467175,60,38
1970-01-01 00:00:00.000000306,23.367147,60,39
1970-01-01 00:00:00.000000307,23.643745,60,39
1970-01-01 00:00:00.000000308,23.035316,60,39
1970-01-01 00:00:00.000000307,22.962965,60,40
1970-01-01 00:00:00.000000308,23.380346,60,40
1970-01-01 00:00:00.000000309,22.775242,60,40
1970-01-01 00:00:00.000000308,23.216164,60,41
1970-01-01 00:00:00.000000309,23.414047,60,41
1970-01-01 00:00:00.000000310,23.186016,60,41
1970-01-01 00:00:00.000000309,24.280834,60,42
1970-01-01 00:00:00.000000310,24.447279,60,42
1970-01-01 00:00:00.000000311,24.343376,60,42
1970-01-01 00:00:00.000000310,21.078571,60,43
1970-01-01 00:00:00.000000311,21.216288,60,43
1970-01-01 00:00:00.000000312,20.99969,60,43
1970-01-01 00:00:00.000000311,18.85206,60,44
1970-01-01 00:00:00.000000312,19.201885,60,44
1970-01-01 00:00:00.000000313,18.808628,60,44
1970-01-01 00:00:00.000000312,19.29023,60,45
1970-01-01 00:00:00.000000313,19.776094,60,45
1970-01-01 00:00:00.000000314,19.34574,60,45
1970-01-01 00:00:00.000000102,81.61302,61,10
1970-01-01 00:00:00.000000103,81.659065,61,10
1970-01-01 00:00:00.000000104,81.663025,61,10
1970-01-01 00:00:00.000000103,82.40992,61,11
1970-01-01 00:00:00.000000104,82.50049,61,11
1970-01-01 00:00:00.000000105,82.5042,61,11
1970-01-01 00:00:00.000000104,82.236176,61,12
1970-01-01 00:00:00.000000105,82.31011,61,12
1970-01-01 00:00:00.000000106,82.31673,61,12
1970-01-01 00:00:00.000000105,81.9085,61,13
1970-01-01 00:00:00.000000106,81.94458,61,13
1970-01-01 00:00:00.000000107,81.94575,61,13
1970-01-01 00:00:00.000000106,81.90592,61,14
1970-01-01 00:00:00.000000107,81.930405,61,14
1970-01-01 00:00:00.000000108,81.92976,61,14
1970-01-01 00:00:00.000000125,50.168285,62,10
1970-01-01 00:00:00.000000126,50.32381,62,10
1970-01-01 00:00:00.000000127,50.279545,62,10
1970-01-01 00:00:00.000000126,47.173916,62,11
1970-01-01 00:00:00.000000127,47.202816,62,11
1970-01-01 00:00:00.000000128,47.20264,62,11
1970-01-01 00:00:00.000000127,45.47813,62,12
1970-01-01 00:00:00.000000128,45.68402,62,12
1970-01-01 00:00:00.000000129,45.79803,62,12
1970-01-01 00:00:00.000000128,45.39949,62,13
1970-01-01 00:00:00.000000129,45.75973,62,13
1970-01-01 00:00:00.000000130,45.969334,62,13
1970-01-01 00:00:00.000000129,45.170685,62,14
1970-01-01 00:00:00.000000130,45.343727,62,14
1970-01-01 00:00:00.000000131,45.45431,62,14
1970-01-01 00:00:00.000000130,44.399727,62,15
1970-01-01 00:00:00.000000131,44.453133,62,15
1970-01-01 00:00:00.000000132,44.49581,62,15
1970-01-01 00:00:00.000000131,44.427135,62,16
1970-01-01 00:00:00.000000132,44.478977,62,16
1970-01-01 00:00:00.000000133,44.512726,62,16
1970-01-01 00:00:00.000000132,44.703716,62,17
1970-01-01 00:00:00.000000133,44.767643,62,17
1970-01-01 00:00:00.000000134,44.799595,62,17
1970-01-01 00:00:00.000000133,45.323124,62,18
1970-01-01 00:00:00.000000134,45.422386,62,18
1970-01-01 00:00:00.000000135,45.457676,62,18
1970-01-01 00:00:00.000000292,52.83253,63,10
1970-01-01 00:00:00.000000293,52.971584,63,10
1970-01-01 00:00:00.000000294,53.076313,63,10
1970-01-01 00:00:00.000000293,52.45758,63,11
1970-01-01 00:00:00.000000294,52.58585,63,11
1970-01-01 00:00:00.000000295,52.67379,63,11
1970-01-01 00:00:00.000000294,52.33123,63,12
1970-01-01 00:00:00.000000295,52.480976,63,12
1970-01-01 00:00:00.000000296,52.569046,63,12
1970-01-01 00:00:00.000000295,53.047398,63,13
1970-01-01 00:00:00.000000296,53.16987,63,13
1970-01-01 00:00:00.000000297,53.2228,63,13
1970-01-01 00:00:00.000000296,54.574184,63,14
1970-01-01 00:00:00.000000297,54.823296,63,14
1970-01-01 00:00:00.000000298,54.89846,63,14
1970-01-01 00:00:00.000000297,55.117184,63,15
1970-01-01 00:00:00.000000298,55.376797,63,15
1970-01-01 00:00:00.000000299,55.443153,63,15
1970-01-01 00:00:00.000000298,55.5297,63,16
1970-01-01 00:00:00.000000299,55.737762,63,16
1970-01-01 00:00:00.000000300,55.78074,63,16
1970-01-01 00:00:00.000000299,56.074993,63,17
1970-01-01 00:00:00.000000300,56.223465,63,17
1970-01-01 00:00:00.000000301,56.23088,63,17
1970-01-01 00:00:00.000000300,56.441807,63,18
1970-01-01 00:00:00.000000301,56.570164,63,18
1970-01-01 00:00:00.000000302,56.564907,63,18
1970-01-01 00:00:00.000000301,55.582436,63,19
1970-01-01 00:00:00.000000302,55.62352,63,19
1970-01-01 00:00:00.000000303,55.604588,63,19
1970-01-01 00:00:00.000000302,55.678375,63,20
1970-01-01 00:00:00.000000303,55.724533,63,20
1970-01-01 00:00:00.000000304,55.710938,63,20
1970-01-01 00:00:00.000000303,54.453857,63,21
1970-01-01 00:00:00.000000304,54.490677,63,21
1970-01-01 00:00:00.000000305,54.449913,63,21
1970-01-01 00:00:00.000000304,51.796093,63,22
1970-01-01 00:00:00.000000305,51.845715,63,22
1970-01-01 00:00:00.000000306,51.761955,63,22
1970-01-01 00:00:00.000000305,48.915394,63,23
1970-01-01 00:00:00.000000306,49.0836,63,23
1970-01-01 00:00:00.000000307,48.994286,63,23
1970-01-01 00:00:00.000000306,46.413063,63,24
1970-01-01 00:00:00.000000307,46.813972,63,24
1970-01-01 00:00:00.000000308,46.864227,63,24
1970-01-01 00:00:00.000000307,43.09223,63,25
1970-01-01 00:00:00.000000308,43.592102,63,25
1970-01-01 00:00:00.000000309,43.750465,63,25
1970-01-01 00:00:00.000000308,43.1116,63,26
1970-01-01 00:00:00.000000309,43.57124,63,26
1970-01-01 00:00:00.000000310,43.761913,63,26
1970-01-01 00:00:00.000000309,43.508785,63,27
1970-01-01 00:00:00.000000310,43.796024,63,27
1970-01-01 00:00:00.000000311,43.931713,63,27
1970-01-01 00:00:00.000000310,43.755707,63,28
1970-01-01 00:00:00.000000311,43.854572,63,28
1970-01-01 00:00:00.000000312,43.894012,63,28
1970-01-01 00:00:00.000000311,44.66464,63,29
1970-01-01 00:00:00.000000312,44.84102,63,29
1970-01-01 00:00:00.000000313,44.90289,63,29
1970-01-01 00:00:00.000000312,45.92427,63,30
1970-01-01 00:00:00.000000313,46.214993,63,30
1970-01-01 00:00:00.000000314,46.323013,63,30
1970-01-01 00:00:00.000000313,48.34009,63,31
1970-01-01 00:00:00.000000314,48.86402,63,31
1970-01-01 00:00:00.000000315,49.061436,63,31
1970-01-01 00:00:00.000000314,49.73776,63,32
1970-01-01 00:00:00.000000315,50.24211,63,32
1970-01-01 00:00:00.000000316,50.38561,63,32
1970-01-01 00:00:00.000000315,50.975677,63,33
1970-01-01 00:00:00.000000316,51.347984,63,33
1970-01-01 00:00:00.000000317,51.3776,63,33
1970-01-01 00:00:00.000000316,51.641,63,34
1970-01-01 00:00:00.000000317,51.82835,63,34
1970-01-01 00:00:00.000000318,51.75906,63,34
1970-01-01 00:00:00.000000317,48.38023,63,35
1970-01-01 00:00:00.000000318,48.33627,63,35
1970-01-01 00:00:00.000000319,48.25027,63,35
1970-01-01 00:00:00.000000318,46.689274,63,36
1970-01-01 00:00:00.000000319,46.743797,63,36
1970-01-01 00:00:00.000000320,46.708076,63,36
1970-01-01 00:00:00.000000319,42.707657,63,37
1970-01-01 00:00:00.000000320,43.048122,63,37
1970-01-01 00:00:00.000000321,43.192333,63,37
1970-01-01 00:00:00.000000320,42.907955,63,38
1970-01-01 00:00:00.000000321,43.333504,63,38
1970-01-01 00:00:00.000000322,43.539257,63,38
1970-01-01 00:00:00.000000321,43.503757,63,39
1970-01-01 00:00:00.000000322,43.84337,63,39
1970-01-01 00:00:00.000000323,44.025097,63,39
1970-01-01 00:00:00.000000322,43.276268,63,40
1970-01-01 00:00:00.000000323,43.354797,63,40
1970-01-01 00:00:00.000000324,43.39637,63,40
1970-01-01 00:00:00.000000323,43.959457,63,41
1970-01-01 00:00:00.000000324,44.09463,63,41
1970-01-01 00:00:00.000000325,44.152702,63,41
1970-01-01 00:00:00.000000324,45.24053,63,42
1970-01-01 00:00:00.000000325,45.476646,63,42
1970-01-01 00:00:00.000000326,45.565685,63,42
1970-01-01 00:00:00.000000325,46.48148,63,43
1970-01-01 00:00:00.000000326,46.795044,63,43
1970-01-01 00:00:00.000000327,46.90429,63,43
1970-01-01 00:00:00.000000326,46.848476,63,44
1970-01-01 00:00:00.000000327,47.12743,63,44
1970-01-01 00:00:00.000000328,47.222874,63,44
1970-01-01 00:00:00.000000327,47.93364,63,45
1970-01-01 00:00:00.000000328,48.219814,63,45
1970-01-01 00:00:00.000000329,48.311108,63,45
1970-01-01 00:00:00.000000328,49.205425,63,46
1970-01-01 00:00:00.000000329,49.487553,63,46
1970-01-01 00:00:00.000000330,49.55001,63,46
1970-01-01 00:00:00.000000329,50.609543,63,47
1970-01-01 00:00:00.000000330,50.900562,63,47
1970-01-01 00:00:00.000000331,50.920044,63,47
1970-01-01 00:00:00.000000156,42.073982,64,10
1970-01-01 00:00:00.000000157,42.288536,64,10
1970-01-01 00:00:00.000000158,42.16467,64,10
1970-01-01 00:00:00.000000157,42.82428,64,11
1970-01-01 00:00:00.000000158,43.064743,64,11
1970-01-01 00:00:00.000000159,42.94239,64,11
1970-01-01 00:00:00.000000158,43.8279,64,12
1970-01-01 00:00:00.000000159,44.132256,64,12
1970-01-01 00:00:00.000000160,43.982273,64,12
1970-01-01 00:00:00.000000159,45.07059,64,13
1970-01-01 00:00:00.000000160,45.485287,64,13
1970-01-01 00:00:00.000000161,45.29395,64,13
1970-01-01 00:00:00.000000160,45.51085,64,14
1970-01-01 00:00:00.000000161,45.90595,64,14
1970-01-01 00:00:00.000000162,45.69622,64,14
1970-01-01 00:00:00.000000161,45.752907,64,15
1970-01-01 00:00:00.000000162,46.070507,64,15
1970-01-01 00:00:00.000000163,45.904736,64,15
1970-01-01 00:00:00.000000162,46.684498,64,16
1970-01-01 00:00:00.000000163,46.9643,64,16
1970-01-01 00:00:00.000000164,46.842403,64,16
1970-01-01 00:00:00.000000163,46.17061,64,17
1970-01-01 00:00:00.000000164,46.33084,64,17
1970-01-01 00:00:00.000000165,46.23624,64,17
1970-01-01 00:00:00.000000164,45.341183,64,18
1970-01-01 00:00:00.000000165,45.444443,64,18
1970-01-01 00:00:00.000000166,45.35306,64,18
1970-01-01 00:00:00.000000165,45.493046,64,19
1970-01-01 00:00:00.000000166,45.632027,64,19
1970-01-01 00:00:00.000000167,45.536423,64,19
1970-01-01 00:00:00.000000166,45.29952,64,20
1970-01-01 00:00:00.000000167,45.425594,64,20
1970-01-01 00:00:00.000000168,45.335403,64,20
1970-01-01 00:00:00.000000167,45.124184,64,21
1970-01-01 00:00:00.000000168,45.211937,64,21
1970-01-01 00:00:00.000000169,45.14914,64,21
1970-01-01 00:00:00.000000168,45.70285,64,22
1970-01-01 00:00:00.000000169,45.860794,64,22
1970-01-01 00:00:00.000000170,45.831753,64,22
1970-01-01 00:00:00.000000169,46.056107,64,23
1970-01-01 00:00:00.000000170,46.270187,64,23
1970-01-01 00:00:00.000000171,46.240562,64,23
1970-01-01 00:00:00.000000225,24.038128,65,10
1970-01-01 00:00:00.000000226,24.14475,65,10
1970-01-01 00:00:00.000000227,24.066692,65,10
1970-01-01 00:00:00.000000226,24.033934,65,11
1970-01-01 00:00:00.000000227,24.128494,65,11
1970-01-01 00:00:00.000000228,24.058441,65,11
1970-01-01 00:00:00.000000227,24.698923,65,12
1970-01-01 00:00:00.000000228,24.837202,65,12
1970-01-01 00:00:00.000000229,24.762543,65,12
1970-01-01 00:00:00.000000228,24.567974,65,13
1970-01-01 00:00:00.000000229,24.694658,65,13
1970-01-01 00:00:00.000000230,24.609575,65,13
1970-01-01 00:00:00.000000229,25.375313,65,14
1970-01-01 00:00:00.000000230,25.569792,65,14
1970-01-01 00:00:00.000000231,25.464216,65,14
1970-01-01 00:00:00.000000230,25.633226,65,15
1970-01-01 00:00:00.000000231,25.802217,65,15
1970-01-01 00:00:00.000000232,25.674221,65,15
1970-01-01 00:00:00.000000231,25.579231,65,16
1970-01-01 00:00:00.000000232,25.74761,65,16
1970-01-01 00:00:00.000000233,25.640793,65,16
1970-01-01 00:00:00.000000232,26.56993,65,17
1970-01-01 00:00:00.000000233,26.766354,65,17
1970-01-01 00:00:00.000000234,26.658539,65,17
1970-01-01 00:00:00.000000233,25.931581,65,18
1970-01-01 00:00:00.000000234,26.053974,65,18
1970-01-01 00:00:00.000000235,25.952648,65,18
1970-01-01 00:00:00.000000234,25.8882,65,19
1970-01-01 00:00:00.000000235,26.003384,65,19
1970-01-01 00:00:00.000000236,25.921694,65,19
1970-01-01 00:00:00.000000235,26.08442,65,20
1970-01-01 00:00:00.000000236,26.187471,65,20
1970-01-01 00:00:00.000000237,26.122538,65,20
1970-01-01 00:00:00.000000236,26.04909,65,21
1970-01-01 00:00:00.000000237,26.14141,65,21
1970-01-01 00:00:00.000000238,26.080667,65,21
1970-01-01 00:00:00.000000237,25.969185,65,22
1970-01-01 00:00:00.000000238,26.058567,65,22
1970-01-01 00:00:00.000000239,25.997997,65,22
1970-01-01 00:00:00.000000238,25.950901,65,23
1970-01-01 00:00:00.000000239,26.04198,65,23
1970-01-01 00:00:00.000000240,25.981894,65,23
1970-01-01 00:00:00.000000239,26.507895,65,24
1970-01-01 00:00:00.000000240,26.640135,65,24
1970-01-01 00:00:00.000000241,26.575222,65,24
1970-01-01 00:00:00.000000240,25.92166,65,25
1970-01-01 00:00:00.000000241,26.017311,65,25
1970-01-01 00:00:00.000000242,25.944426,65,25
1970-01-01 00:00:00.000000241,26.181555,65,26
1970-01-01 00:00:00.000000242,26.290855,65,26
1970-01-01 00:00:00.000000243,26.223759,65,26
1970-01-01 00:00:00.000000242,25.675713,65,27
1970-01-01 00:00:00.000000243,25.772345,65,27
1970-01-01 00:00:00.000000244,25.692604,65,27
1970-01-01 00:00:00.000000243,26.283361,65,28
1970-01-01 00:00:00.000000244,26.403923,65,28
1970-01-01 00:00:00.000000245,26.337196,65,28
1970-01-01 00:00:00.000000244,26.60212,65,29
1970-01-01 00:00:00.000000245,26.74541,65,29
1970-01-01 00:00:00.000000246,26.66518,65,29
1970-01-01 00:00:00.000000245,26.19522,65,30
1970-01-01 00:00:00.000000246,26.305588,65,30
1970-01-01 00:00:00.000000247,26.21699,65,30
1970-01-01 00:00:00.000000246,26.08802,65,31
1970-01-01 00:00:00.000000247,26.169476,65,31
1970-01-01 00:00:00.000000248,26.098734,65,31
1970-01-01 00:00:00.000000247,25.713577,65,32
1970-01-01 00:00:00.000000248,25.806067,65,32
1970-01-01 00:00:00.000000249,25.722012,65,32
1970-01-01 00:00:00.000000248,25.431004,65,33
1970-01-01 00:00:00.000000249,25.540628,65,33
1970-01-01 00:00:00.000000250,25.449171,65,33
1970-01-01 00:00:00.000000249,25.189444,65,34
1970-01-01 00:00:00.000000250,25.303534,65,34
1970-01-01 00:00:00.000000251,25.205406,65,34
1970-01-01 00:00:00.000000250,26.172314,65,35
1970-01-01 00:00:00.000000251,26.324669,65,35
1970-01-01 00:00:00.000000252,26.24829,65,35
1970-01-01 00:00:00.000000083,77.582466,66,10
1970-01-01 00:00:00.000000084,78.1715,66,10
1970-01-01 00:00:00.000000085,78.2618,66,10
1970-01-01 00:00:00.000000124,84.662926,67,10
1970-01-01 00:00:00.000000125,84.691315,67,10
1970-01-01 00:00:00.000000126,84.62086,67,10
1970-01-01 00:00:00.000000125,83.57473,67,11
1970-01-01 00:00:00.000000126,83.8254,67,11
1970-01-01 00:00:00.000000127,83.84941,67,11
1970-01-01 00:00:00.000000126,88.009254,67,12
1970-01-01 00:00:00.000000127,88.79477,67,12
1970-01-01 00:00:00.000000128,88.92294,67,12
1970-01-01 00:00:00.000000127,88.03376,67,13
1970-01-01 00:00:00.000000128,88.8204,67,13
1970-01-01 00:00:00.000000129,88.86287,67,13
1970-01-01 00:00:00.000000128,86.75535,67,14
1970-01-01 00:00:00.000000129,87.355156,67,14
1970-01-01 00:00:00.000000130,87.36973,67,14
1970-01-01 00:00:00.000000129,85.727066,67,15
1970-01-01 00:00:00.000000130,85.921165,67,15
1970-01-01 00:00:00.000000131,85.93196,67,15
1970-01-01 00:00:00.000000130,84.97996,67,16
1970-01-01 00:00:00.000000131,85.35999,67,16
1970-01-01 00:00:00.000000132,85.41931,67,16
1970-01-01 00:00:00.000000131,85.12374,67,17
1970-01-01 00:00:00.000000132,85.6174,67,17
1970-01-01 00:00:00.000000133,85.73705,67,17
1970-01-01 00:00:00.000000176,46.38757,69,10
1970-01-01 00:00:00.000000177,46.844597,69,10
1970-01-01 00:00:00.000000178,46.670357,69,10
1970-01-01 00:00:00.000000177,48.074074,69,11
1970-01-01 00:00:00.000000178,48.56035,69,11
1970-01-01 00:00:00.000000179,48.32233,69,11
1970-01-01 00:00:00.000000178,49.705143,69,12
1970-01-01 00:00:00.000000179,50.04539,69,12
1970-01-01 00:00:00.000000180,49.668922,69,12
1970-01-01 00:00:00.000000179,50.257004,69,13
1970-01-01 00:00:00.000000180,50.453026,69,13
1970-01-01 00:00:00.000000181,50.090446,69,13
1970-01-01 00:00:00.000000180,48.34955,69,14
1970-01-01 00:00:00.000000181,48.308544,69,14
1970-01-01 00:00:00.000000182,48.035557,69,14
1970-01-01 00:00:00.000000181,41.995144,69,15
1970-01-01 00:00:00.000000182,41.806374,69,15
1970-01-01 00:00:00.000000183,41.14992,69,15
1970-01-01 00:00:00.000000182,42.286503,69,16
1970-01-01 00:00:00.000000183,42.31033,69,16
1970-01-01 00:00:00.000000184,41.520695,69,16
1970-01-01 00:00:00.000000183,40.402843,69,17
1970-01-01 00:00:00.000000184,40.529278,69,17
1970-01-01 00:00:00.000000185,39.79483,69,17
1970-01-01 00:00:00.000000184,39.083084,69,18
1970-01-01 00:00:00.000000185,39.156025,69,18
1970-01-01 00:00:00.000000186,38.73141,69,18
1970-01-01 00:00:00.000000185,38.073704,69,19
1970-01-01 00:00:00.000000186,38.162907,69,19
1970-01-01 00:00:00.000000187,37.73408,69,19
1970-01-01 00:00:00.000000186,36.720394,69,20
1970-01-01 00:00:00.000000187,36.763035,69,20
1970-01-01 00:00:00.000000188,36.388752,69,20
1970-01-01 00:00:00.000000187,37.357388,69,21
1970-01-01 00:00:00.000000188,37.45446,69,21
1970-01-01 00:00:00.000000189,37.230648,69,21
1970-01-01 00:00:00.000000188,37.615173,69,22
1970-01-01 00:00:00.000000189,37.733368,69,22
1970-01-01 00:00:00.000000190,37.647808,69,22
1970-01-01 00:00:00.000000189,41.316593,69,23
1970-01-01 00:00:00.000000190,41.7472,69,23
1970-01-01 00:00:00.000000191,41.599705,69,23
1970-01-01 00:00:00.000000190,43.60111,69,24
1970-01-01 00:00:00.000000191,44.205265,69,24
1970-01-01 00:00:00.000000192,43.926342,69,24
1970-01-01 00:00:00.000000191,46.302155,69,25
1970-01-01 00:00:00.000000192,47.158592,69,25
1970-01-01 00:00:00.000000193,46.85312,69,25
1970-01-01 00:00:00.000000192,47.745625,69,26
1970-01-01 00:00:00.000000193,48.406933,69,26
1970-01-01 00:00:00.000000194,48.036808,69,26
1970-01-01 00:00:00.000000193,48.70158,69,27
1970-01-01 00:00:00.000000194,49.025715,69,27
1970-01-01 00:00:00.000000195,48.58942,69,27
1970-01-01 00:00:00.000000226,58.829166,70,10
1970-01-01 00:00:00.000000227,58.93579,70,10
1970-01-01 00:00:00.000000228,58.97805,70,10
1970-01-01 00:00:00.000000227,57.952026,70,11
1970-01-01 00:00:00.000000228,58.00143,70,11
1970-01-01 00:00:00.000000229,58.034843,70,11
1970-01-01 00:00:00.000000228,57.422367,70,12
1970-01-01 00:00:00.000000229,57.45973,70,12
1970-01-01 00:00:00.000000230,57.497406,70,12
1970-01-01 00:00:00.000000229,57.369415,70,13
1970-01-01 00:00:00.000000230,57.436466,70,13
1970-01-01 00:00:00.000000231,57.489746,70,13
1970-01-01 00:00:00.000000230,57.59796,70,14
1970-01-01 00:00:00.000000231,57.673443,70,14
1970-01-01 00:00:00.000000232,57.721733,70,14
1970-01-01 00:00:00.000000231,57.447746,70,15
1970-01-01 00:00:00.000000232,57.500557,70,15
1970-01-01 00:00:00.000000233,57.534172,70,15
1970-01-01 00:00:00.000000232,57.669327,70,16
1970-01-01 00:00:00.000000233,57.729095,70,16
1970-01-01 00:00:00.000000234,57.761375,70,16
1970-01-01 00:00:00.000000233,56.835617,70,17
1970-01-01 00:00:00.000000234,56.856464,70,17
1970-01-01 00:00:00.000000235,56.879875,70,17
1970-01-01 00:00:00.000000234,56.888256,70,18
1970-01-01 00:00:00.000000235,56.924805,70,18
1970-01-01 00:00:00.000000236,56.953896,70,18
1970-01-01 00:00:00.000000235,56.469597,70,19
1970-01-01 00:00:00.000000236,56.51172,70,19
1970-01-01 00:00:00.000000237,56.54687,70,19
1970-01-01 00:00:00.000000236,57.30695,70,20
1970-01-01 00:00:00.000000237,57.38419,70,20
1970-01-01 00:00:00.000000238,57.41954,70,20
1970-01-01 00:00:00.000000237,57.333145,70,21
1970-01-01 00:00:00.000000238,57.407463,70,21
1970-01-01 00:00:00.000000239,57.442154,70,21
1970-01-01 00:00:00.000000238,57.46651,70,22
1970-01-01 00:00:00.000000239,57.544273,70,22
1970-01-01 00:00:00.000000240,57.582947,70,22
1970-01-01 00:00:00.000000239,57.41509,70,23
1970-01-01 00:00:00.000000240,57.46362,70,23
1970-01-01 00:00:00.000000241,57.491337,70,23
1970-01-01 00:00:00.000000240,57.47195,70,24
1970-01-01 00:00:00.000000241,57.516468,70,24
1970-01-01 00:00:00.000000242,57.542553,70,24
1970-01-01 00:00:00.000000241,57.7999,70,25
1970-01-01 00:00:00.000000242,57.86117,70,25
1970-01-01 00:00:00.000000243,57.89089,70,25
1970-01-01 00:00:00.000000242,58.166733,70,26
1970-01-01 00:00:00.000000243,58.24991,70,26
1970-01-01 00:00:00.000000244,58.28581,70,26
1970-01-01 00:00:00.000000243,57.733994,70,27
1970-01-01 00:00:00.000000244,57.780666,70,27
1970-01-01 00:00:00.000000245,57.809258,70,27
1970-01-01 00:00:00.000000244,57.631634,70,28
1970-01-01 00:00:00.000000245,57.66671,70,28
1970-01-01 00:00:00.000000246,57.691162,70,28
1970-01-01 00:00:00.000000245,57.641315,70,29
1970-01-01 00:00:00.000000246,57.67935,70,29
1970-01-01 00:00:00.000000247,57.703514,70,29
1970-01-01 00:00:00.000000246,57.41221,70,30
1970-01-01 00:00:00.000000247,57.448555,70,30
1970-01-01 00:00:00.000000248,57.47326,70,30
1970-01-01 00:00:00.000000247,57.39574,70,31
1970-01-01 00:00:00.000000248,57.441753,70,31
1970-01-01 00:00:00.000000249,57.47064,70,31
1970-01-01 00:00:00.000000248,57.206512,70,32
1970-01-01 00:00:00.000000249,57.250465,70,32
1970-01-01 00:00:00.000000250,57.278893,70,32
1970-01-01 00:00:00.000000249,56.99782,70,33
1970-01-01 00:00:00.000000250,57.02925,70,33
1970-01-01 00:00:00.000000251,57.050915,70,33
1970-01-01 00:00:00.000000250,56.982513,70,34
1970-01-01 00:00:00.000000251,57.02058,70,34
1970-01-01 00:00:00.000000252,57.04385,70,34
1970-01-01 00:00:00.000000251,56.908073,70,35
1970-01-01 00:00:00.000000252,56.937775,70,35
1970-01-01 00:00:00.000000253,56.954643,70,35
1970-01-01 00:00:00.000000252,56.900276,70,36
1970-01-01 00:00:00.000000253,56.948517,70,36
1970-01-01 00:00:00.000000254,56.975945,70,36
1970-01-01 00:00:00.000000226,15.867676,71,10
1970-01-01 00:00:00.000000227,16.048868,71,10
1970-01-01 00:00:00.000000228,16.050217,71,10
1970-01-01 00:00:00.000000227,15.974943,71,11
1970-01-01 00:00:00.000000228,16.106274,71,11
1970-01-01 00:00:00.000000229,16.131481,71,11
1970-01-01 00:00:00.000000228,16.377295,71,12
1970-01-01 00:00:00.000000229,16.538013,71,12
1970-01-01 00:00:00.000000230,16.581959,71,12
1970-01-01 00:00:00.000000229,16.627167,71,13
1970-01-01 00:00:00.000000230,16.734695,71,13
1970-01-01 00:00:00.000000231,16.769026,71,13
1970-01-01 00:00:00.000000230,16.493471,71,14
1970-01-01 00:00:00.000000231,16.559301,71,14
1970-01-01 00:00:00.000000232,16.570929,71,14
1970-01-01 00:00:00.000000231,17.321444,71,15
1970-01-01 00:00:00.000000232,17.390465,71,15
1970-01-01 00:00:00.000000233,17.37717,71,15
1970-01-01 00:00:00.000000232,17.13836,71,16
1970-01-01 00:00:00.000000233,17.194721,71,16
1970-01-01 00:00:00.000000234,17.188604,71,16
1970-01-01 00:00:00.000000233,17.488554,71,17
1970-01-01 00:00:00.000000234,17.582737,71,17
1970-01-01 00:00:00.000000235,17.600618,71,17
1970-01-01 00:00:00.000000234,15.3039,71,18
1970-01-01 00:00:00.000000235,15.434479,71,18
1970-01-01 00:00:00.000000236,15.514276,71,18
1970-01-01 00:00:00.000000235,16.722807,71,19
1970-01-01 00:00:00.000000236,16.893099,71,19
1970-01-01 00:00:00.000000237,16.96629,71,19
1970-01-01 00:00:00.000000236,18.366468,71,20
1970-01-01 00:00:00.000000237,18.572453,71,20
1970-01-01 00:00:00.000000238,18.596773,71,20
1970-01-01 00:00:00.000000237,14.344035,71,21
1970-01-01 00:00:00.000000238,14.316435,71,21
1970-01-01 00:00:00.000000239,14.257275,71,21
1970-01-01 00:00:00.000000238,18.75136,71,22
1970-01-01 00:00:00.000000239,18.965082,71,22
1970-01-01 00:00:00.000000240,18.947128,71,22
1970-01-01 00:00:00.000000239,19.496435,71,23
1970-01-01 00:00:00.000000240,19.719486,71,23
1970-01-01 00:00:00.000000241,19.668743,71,23
1970-01-01 00:00:00.000000240,18.60154,71,24
1970-01-01 00:00:00.000000241,18.764647,71,24
1970-01-01 00:00:00.000000242,18.718922,71,24
1970-01-01 00:00:00.000000241,26.345268,71,25
1970-01-01 00:00:00.000000242,27.133656,71,25
1970-01-01 00:00:00.000000243,27.308886,71,25
1970-01-01 00:00:00.000000242,19.2283,71,26
1970-01-01 00:00:00.000000243,19.487293,71,26
1970-01-01 00:00:00.000000244,19.63431,71,26
1970-01-01 00:00:00.000000243,24.088972,71,27
1970-01-01 00:00:00.000000244,24.605122,71,27
1970-01-01 00:00:00.000000245,24.880823,71,27
1970-01-01 00:00:00.000000244,23.83302,71,28
1970-01-01 00:00:00.000000245,24.117002,71,28
1970-01-01 00:00:00.000000246,24.29722,71,28
1970-01-01 00:00:00.000000245,25.856682,71,29
1970-01-01 00:00:00.000000246,26.25996,71,29
1970-01-01 00:00:00.000000247,26.486238,71,29
1970-01-01 00:00:00.000000246,25.815416,71,30
1970-01-01 00:00:00.000000247,26.048344,71,30
1970-01-01 00:00:00.000000248,26.184269,71,30
1970-01-01 00:00:00.000000247,30.129246,71,31
1970-01-01 00:00:00.000000248,30.713892,71,31
1970-01-01 00:00:00.000000249,30.996971,71,31
1970-01-01 00:00:00.000000248,32.61135,71,32
1970-01-01 00:00:00.000000249,33.3958,71,32
1970-01-01 00:00:00.000000250,33.799408,71,32
1970-01-01 00:00:00.000000249,39.468117,71,33
1970-01-01 00:00:00.000000250,40.923637,71,33
1970-01-01 00:00:00.000000251,41.66033,71,33
1970-01-01 00:00:00.000000250,47.166485,71,34
1970-01-01 00:00:00.000000251,49.0614,71,34
1970-01-01 00:00:00.000000252,49.988503,71,34
1970-01-01 00:00:00.000000251,53.267784,71,35
1970-01-01 00:00:00.000000252,55.518017,71,35
1970-01-01 00:00:00.000000253,56.631073,71,35
1970-01-01 00:00:00.000000320,55.72128,72,10
1970-01-01 00:00:00.000000321,55.866207,72,10
1970-01-01 00:00:00.000000322,55.909042,72,10
1970-01-01 00:00:00.000000321,57.130863,72,11
1970-01-01 00:00:00.000000322,57.429363,72,11
1970-01-01 00:00:00.000000323,57.522488,72,11
1970-01-01 00:00:00.000000322,58.05194,72,12
1970-01-01 00:00:00.000000323,58.40442,72,12
1970-01-01 00:00:00.000000324,58.510555,72,12
1970-01-01 00:00:00.000000323,59.544262,72,13
1970-01-01 00:00:00.000000324,59.86234,72,13
1970-01-01 00:00:00.000000325,59.90341,72,13
1970-01-01 00:00:00.000000324,60.53627,72,14
1970-01-01 00:00:00.000000325,60.74779,72,14
1970-01-01 00:00:00.000000326,60.701244,72,14
1970-01-01 00:00:00.000000325,61.240986,72,15
1970-01-01 00:00:00.000000326,61.38812,72,15
1970-01-01 00:00:00.000000327,61.30396,72,15
1970-01-01 00:00:00.000000326,59.18828,72,16
1970-01-01 00:00:00.000000327,59.260128,72,16
1970-01-01 00:00:00.000000328,59.257694,72,16
1970-01-01 00:00:00.000000327,56.344917,72,17
1970-01-01 00:00:00.000000328,56.510006,72,17
1970-01-01 00:00:00.000000329,56.57433,72,17
1970-01-01 00:00:00.000000328,55.902515,72,18
1970-01-01 00:00:00.000000329,56.27832,72,18
1970-01-01 00:00:00.000000330,56.449253,72,18
1970-01-01 00:00:00.000000329,55.564213,72,19
1970-01-01 00:00:00.000000330,55.79923,72,19
1970-01-01 00:00:00.000000331,55.904633,72,19
1970-01-01 00:00:00.000000330,55.479122,72,20
1970-01-01 00:00:00.000000331,55.56575,72,20
1970-01-01 00:00:00.000000332,55.60063,72,20
1970-01-01 00:00:00.000000331,55.560333,72,21
1970-01-01 00:00:00.000000332,55.617237,72,21
1970-01-01 00:00:00.000000333,55.638664,72,21
1970-01-01 00:00:00.000000332,56.383965,72,22
1970-01-01 00:00:00.000000333,56.480453,72,22
1970-01-01 00:00:00.000000334,56.50087,72,22
1970-01-01 00:00:00.000000333,57.201313,72,23
1970-01-01 00:00:00.000000334,57.384777,72,23
1970-01-01 00:00:00.000000335,57.43308,72,23
1970-01-01 00:00:00.000000334,57.953274,72,24
1970-01-01 00:00:00.000000335,58.406208,72,24
1970-01-01 00:00:00.000000336,58.60002,72,24
1970-01-01 00:00:00.000000335,59.756554,72,25
1970-01-01 00:00:00.000000336,60.08673,72,25
1970-01-01 00:00:00.000000337,60.123104,72,25
1970-01-01 00:00:00.000000336,60.37064,72,26
1970-01-01 00:00:00.000000337,60.29564,72,26
1970-01-01 00:00:00.000000338,60.042625,72,26
1970-01-01 00:00:00.000000337,62.417404,72,27
1970-01-01 00:00:00.000000338,62.305042,72,27
1970-01-01 00:00:00.000000339,61.950966,72,27
1970-01-01 00:00:00.000000338,57.388863,72,28
1970-01-01 00:00:00.000000339,57.357983,72,28
1970-01-01 00:00:00.000000340,57.243637,72,28
1970-01-01 00:00:00.000000339,55.264744,72,29
1970-01-01 00:00:00.000000340,55.9584,72,29
1970-01-01 00:00:00.000000341,56.28338,72,29
1970-01-01 00:00:00.000000340,55.667118,72,30
1970-01-01 00:00:00.000000341,56.32555,72,30
1970-01-01 00:00:00.000000342,56.61324,72,30
1970-01-01 00:00:00.000000341,55.150444,72,31
1970-01-01 00:00:00.000000342,55.441113,72,31
1970-01-01 00:00:00.000000343,55.57975,72,31
1970-01-01 00:00:00.000000342,55.535946,72,32
1970-01-01 00:00:00.000000343,55.743114,72,32
1970-01-01 00:00:00.000000344,55.849953,72,32
1970-01-01 00:00:00.000000343,56.062756,72,33
1970-01-01 00:00:00.000000344,56.263016,72,33
1970-01-01 00:00:00.000000345,56.34219,72,33
1970-01-01 00:00:00.000000344,55.73504,72,34
1970-01-01 00:00:00.000000345,55.79897,72,34
1970-01-01 00:00:00.000000346,55.79732,72,34
1970-01-01 00:00:00.000000345,55.591885,72,35
1970-01-01 00:00:00.000000346,55.533657,72,35
1970-01-01 00:00:00.000000347,55.469536,72,35
1970-01-01 00:00:00.000000346,56.748554,72,36
1970-01-01 00:00:00.000000347,56.73759,72,36
1970-01-01 00:00:00.000000348,56.665737,72,36
1970-01-01 00:00:00.000000347,55.886917,72,37
1970-01-01 00:00:00.000000348,55.928757,72,37
1970-01-01 00:00:00.000000349,55.920105,72,37
1970-01-01 00:00:00.000000348,55.253628,72,38
1970-01-01 00:00:00.000000349,55.291874,72,38
1970-01-01 00:00:00.000000350,55.2817,72,38
1970-01-01 00:00:00.000000349,55.17408,72,39
1970-01-01 00:00:00.000000350,55.309494,72,39
1970-01-01 00:00:00.000000351,55.341946,72,39
1970-01-01 00:00:00.000000350,56.94815,72,40
1970-01-01 00:00:00.000000351,57.16112,72,40
1970-01-01 00:00:00.000000352,57.19013,72,40
1970-01-01 00:00:00.000000351,56.711926,72,41
1970-01-01 00:00:00.000000352,56.81718,72,41
1970-01-01 00:00:00.000000353,56.775482,72,41
1970-01-01 00:00:00.000000352,52.34502,72,42
1970-01-01 00:00:00.000000353,52.555176,72,42
1970-01-01 00:00:00.000000354,52.60291,72,42
1970-01-01 00:00:00.000000353,52.02121,72,43
1970-01-01 00:00:00.000000354,53.423588,72,43
1970-01-01 00:00:00.000000355,54.09998,72,43
1970-01-01 00:00:00.000000354,50.73803,72,44
1970-01-01 00:00:00.000000355,52.52613,72,44
1970-01-01 00:00:00.000000356,53.342716,72,44
1970-01-01 00:00:00.000000355,49.26165,72,45
1970-01-01 00:00:00.000000356,49.829773,72,45
1970-01-01 00:00:00.000000357,49.9627,72,45
1970-01-01 00:00:00.000000356,51.604134,72,46
1970-01-01 00:00:00.000000357,51.721718,72,46
1970-01-01 00:00:00.000000358,51.561466,72,46
1970-01-01 00:00:00.000000357,54.100426,72,47
1970-01-01 00:00:00.000000358,54.19473,72,47
1970-01-01 00:00:00.000000359,53.757336,72,47
1970-01-01 00:00:00.000000358,53.647144,72,48
1970-01-01 00:00:00.000000359,53.88921,72,48
1970-01-01 00:00:00.000000360,53.464172,72,48
1970-01-01 00:00:00.000000359,51.22044,72,49
1970-01-01 00:00:00.000000360,51.30167,72,49
1970-01-01 00:00:00.000000361,51.052906,72,49
1970-01-01 00:00:00.000000360,47.9355,72,50
1970-01-01 00:00:00.000000361,48.213207,72,50
1970-01-01 00:00:00.000000362,47.938896,72,50
1970-01-01 00:00:00.000000361,52.895897,72,51
1970-01-01 00:00:00.000000362,53.462463,72,51
1970-01-01 00:00:00.000000363,53.255928,72,51
1970-01-01 00:00:00.000000362,52.731632,72,52
1970-01-01 00:00:00.000000363,53.128307,72,52
1970-01-01 00:00:00.000000364,52.88329,72,52
1970-01-01 00:00:00.000000219,66.16593,73,10
1970-01-01 00:00:00.000000220,66.36661,73,10
1970-01-01 00:00:00.000000221,66.35441,73,10
1970-01-01 00:00:00.000000220,65.473404,73,11
1970-01-01 00:00:00.000000221,65.68378,73,11
1970-01-01 00:00:00.000000222,65.70227,73,11
1970-01-01 00:00:00.000000221,64.05461,73,12
1970-01-01 00:00:00.000000222,64.3982,73,12
1970-01-01 00:00:00.000000223,64.44755,73,12
1970-01-01 00:00:00.000000222,66.6307,73,13
1970-01-01 00:00:00.000000223,67.08523,73,13
1970-01-01 00:00:00.000000224,67.17041,73,13
1970-01-01 00:00:00.000000223,67.374084,73,14
1970-01-01 00:00:00.000000224,67.88165,73,14
1970-01-01 00:00:00.000000225,67.95843,73,14
1970-01-01 00:00:00.000000224,67.55477,73,15
1970-01-01 00:00:00.000000225,68.11898,73,15
1970-01-01 00:00:00.000000226,68.20141,73,15
1970-01-01 00:00:00.000000225,66.13592,73,16
1970-01-01 00:00:00.000000226,66.26444,73,16
1970-01-01 00:00:00.000000227,66.22272,73,16
1970-01-01 00:00:00.000000226,63.81023,73,17
1970-01-01 00:00:00.000000227,64.017746,73,17
1970-01-01 00:00:00.000000228,63.93929,73,17
1970-01-01 00:00:00.000000227,65.43676,73,18
1970-01-01 00:00:00.000000228,65.83787,73,18
1970-01-01 00:00:00.000000229,65.803085,73,18
1970-01-01 00:00:00.000000228,66.07467,73,19
1970-01-01 00:00:00.000000229,66.46021,73,19
1970-01-01 00:00:00.000000230,66.45908,73,19
1970-01-01 00:00:00.000000229,65.980545,73,20
1970-01-01 00:00:00.000000230,66.26718,73,20
1970-01-01 00:00:00.000000231,66.249886,73,20
1970-01-01 00:00:00.000000230,64.87936,73,21
1970-01-01 00:00:00.000000231,65.02259,73,21
1970-01-01 00:00:00.000000232,65.000694,73,21
1970-01-01 00:00:00.000000231,63.16764,73,22
1970-01-01 00:00:00.000000232,63.506805,73,22
1970-01-01 00:00:00.000000233,63.485023,73,22
1970-01-01 00:00:00.000000232,62.61513,73,23
1970-01-01 00:00:00.000000233,63.27642,73,23
1970-01-01 00:00:00.000000234,63.367157,73,23
1970-01-01 00:00:00.000000233,63.533024,73,24
1970-01-01 00:00:00.000000234,64.11975,73,24
1970-01-01 00:00:00.000000235,64.228325,73,24
1970-01-01 00:00:00.000000234,66.3937,73,25
1970-01-01 00:00:00.000000235,67.06333,73,25
1970-01-01 00:00:00.000000236,67.15705,73,25
1970-01-01 00:00:00.000000235,66.43452,73,26
1970-01-01 00:00:00.000000236,67.010056,73,26
1970-01-01 00:00:00.000000237,67.03277,73,26
1970-01-01 00:00:00.000000236,66.00873,73,27
1970-01-01 00:00:00.000000237,66.38758,73,27
1970-01-01 00:00:00.000000238,66.437325,73,27
1970-01-01 00:00:00.000000237,69.79401,73,28
1970-01-01 00:00:00.000000238,70.27753,73,28
1970-01-01 00:00:00.000000239,70.33173,73,28
1970-01-01 00:00:00.000000238,72.711136,73,29
1970-01-01 00:00:00.000000239,73.391136,73,29
1970-01-01 00:00:00.000000240,73.41584,73,29
1970-01-01 00:00:00.000000239,74.35011,73,30
1970-01-01 00:00:00.000000240,75.01077,73,30
1970-01-01 00:00:00.000000241,74.93201,73,30
1970-01-01 00:00:00.000000240,75.59808,73,31
1970-01-01 00:00:00.000000241,76.22718,73,31
1970-01-01 00:00:00.000000242,76.18728,73,31
1970-01-01 00:00:00.000000241,74.6508,73,32
1970-01-01 00:00:00.000000242,74.81358,73,32
1970-01-01 00:00:00.000000243,74.65338,73,32
1970-01-01 00:00:00.000000242,73.55547,73,33
1970-01-01 00:00:00.000000243,73.57745,73,33
1970-01-01 00:00:00.000000244,73.48957,73,33
1970-01-01 00:00:00.000000243,74.821915,73,34
1970-01-01 00:00:00.000000244,74.93874,73,34
1970-01-01 00:00:00.000000245,74.89709,73,34
1970-01-01 00:00:00.000000116,74.10944,74,10
1970-01-01 00:00:00.000000117,74.48151,74,10
1970-01-01 00:00:00.000000118,74.55387,74,10
1970-01-01 00:00:00.000000117,74.47074,74,11
1970-01-01 00:00:00.000000118,74.77829,74,11
1970-01-01 00:00:00.000000119,74.819046,74,11
1970-01-01 00:00:00.000000118,75.10699,74,12
1970-01-01 00:00:00.000000119,75.477936,74,12
1970-01-01 00:00:00.000000120,75.51744,74,12
1970-01-01 00:00:00.000000119,75.90486,74,13
1970-01-01 00:00:00.000000120,76.26897,74,13
1970-01-01 00:00:00.000000121,76.30862,74,13
1970-01-01 00:00:00.000000120,75.9071,74,14
1970-01-01 00:00:00.000000121,76.21053,74,14
1970-01-01 00:00:00.000000122,76.24582,74,14
1970-01-01 00:00:00.000000121,77.30429,74,15
1970-01-01 00:00:00.000000122,77.681206,74,15
1970-01-01 00:00:00.000000123,77.72527,74,15
1970-01-01 00:00:00.000000122,78.54013,74,16
1970-01-01 00:00:00.000000123,79.035645,74,16
1970-01-01 00:00:00.000000124,79.097824,74,16
1970-01-01 00:00:00.000000129,66.863464,76,10
1970-01-01 00:00:00.000000130,66.96999,76,10
1970-01-01 00:00:00.000000131,66.856895,76,10
1970-01-01 00:00:00.000000130,66.81654,76,11
1970-01-01 00:00:00.000000131,66.90647,76,11
1970-01-01 00:00:00.000000132,66.81918,76,11
1970-01-01 00:00:00.000000131,67.27904,76,12
1970-01-01 00:00:00.000000132,67.37557,76,12
1970-01-01 00:00:00.000000133,67.3115,76,12
1970-01-01 00:00:00.000000132,67.05671,76,13
1970-01-01 00:00:00.000000133,67.1333,76,13
1970-01-01 00:00:00.000000134,67.06831,76,13
1970-01-01 00:00:00.000000133,67.15478,76,14
1970-01-01 00:00:00.000000134,67.23634,76,14
1970-01-01 00:00:00.000000135,67.17211,76,14
1970-01-01 00:00:00.000000134,67.21509,76,15
1970-01-01 00:00:00.000000135,67.291595,76,15
1970-01-01 00:00:00.000000136,67.23361,76,15
1970-01-01 00:00:00.000000135,67.27042,76,16
1970-01-01 00:00:00.000000136,67.34964,76,16
1970-01-01 00:00:00.000000137,67.29082,76,16
1970-01-01 00:00:00.000000136,67.35324,76,17
1970-01-01 00:00:00.000000137,67.434814,76,17
1970-01-01 00:00:00.000000138,67.37629,76,17
1970-01-01 00:00:00.000000137,67.53959,76,18
1970-01-01 00:00:00.000000138,67.63157,76,18
1970-01-01 00:00:00.000000139,67.571335,76,18
1970-01-01 00:00:00.000000151,55.248753,77,10
1970-01-01 00:00:00.000000152,55.742836,77,10
1970-01-01 00:00:00.000000153,55.42041,77,10
1970-01-01 00:00:00.000000152,56.102184,77,11
1970-01-01 00:00:00.000000153,56.536526,77,11
1970-01-01 00:00:00.000000154,56.25379,77,11
1970-01-01 00:00:00.000000153,57.157078,77,12
1970-01-01 00:00:00.000000154,57.5723,77,12
1970-01-01 00:00:00.000000155,57.311394,77,12
1970-01-01 00:00:00.000000154,58.281788,77,13
1970-01-01 00:00:00.000000155,58.689655,77,13
1970-01-01 00:00:00.000000156,58.444153,77,13
1970-01-01 00:00:00.000000155,59.34018,77,14
1970-01-01 00:00:00.000000156,59.77019,77,14
1970-01-01 00:00:00.000000157,59.518078,77,14
1970-01-01 00:00:00.000000156,59.90369,77,15
1970-01-01 00:00:00.000000157,60.28646,77,15
1970-01-01 00:00:00.000000158,60.050354,77,15
1970-01-01 00:00:00.000000157,60.53911,77,16
1970-01-01 00:00:00.000000158,60.863464,77,16
1970-01-01 00:00:00.000000159,60.662304,77,16
1970-01-01 00:00:00.000000158,61.135555,77,17
1970-01-01 00:00:00.000000159,61.406025,77,17
1970-01-01 00:00:00.000000160,61.244335,77,17
1970-01-01 00:00:00.000000159,61.577957,77,18
1970-01-01 00:00:00.000000160,61.815872,77,18
1970-01-01 00:00:00.000000161,61.67294,77,18
1970-01-01 00:00:00.000000160,62.60337,77,19
1970-01-01 00:00:00.000000161,62.88556,77,19
1970-01-01 00:00:00.000000162,62.733837,77,19
1970-01-01 00:00:00.000000161,63.48179,77,20
1970-01-01 00:00:00.000000162,63.817303,77,20
1970-01-01 00:00:00.000000163,63.63485,77,20
1970-01-01 00:00:00.000000162,64.27626,77,21
1970-01-01 00:00:00.000000163,64.651375,77,21
1970-01-01 00:00:00.000000164,64.442764,77,21
1970-01-01 00:00:00.000000163,65.48041,77,22
1970-01-01 00:00:00.000000164,65.89806,77,22
1970-01-01 00:00:00.000000165,65.67146,77,22
1970-01-01 00:00:00.000000098,100.0,78,10
1970-01-01 00:00:00.000000099,100.0,78,10
1970-01-01 00:00:00.000000100,100.0,78,10
1970-01-01 00:00:00.000000099,96.42661,78,11
1970-01-01 00:00:00.000000100,97.79958,78,11
1970-01-01 00:00:00.000000101,94.38106,78,11
1970-01-01 00:00:00.000000100,90.56686,78,12
1970-01-01 00:00:00.000000101,88.01378,78,12
1970-01-01 00:00:00.000000102,84.58676,78,12
1970-01-01 00:00:00.000000101,98.24429,78,13
1970-01-01 00:00:00.000000102,97.6006,78,13
1970-01-01 00:00:00.000000103,97.001854,78,13
1970-01-01 00:00:00.000000275,61.074783,79,10
1970-01-01 00:00:00.000000276,61.204407,79,10
1970-01-01 00:00:00.000000277,61.15705,79,10
1970-01-01 00:00:00.000000276,60.726284,79,11
1970-01-01 00:00:00.000000277,60.866302,79,11
1970-01-01 00:00:00.000000278,60.818615,79,11
1970-01-01 00:00:00.000000277,60.933296,79,12
1970-01-01 00:00:00.000000278,61.07032,79,12
1970-01-01 00:00:00.000000279,61.032814,79,12
1970-01-01 00:00:00.000000278,60.94197,79,13
1970-01-01 00:00:00.000000279,61.050655,79,13
1970-01-01 00:00:00.000000280,61.008278,79,13
1970-01-01 00:00:00.000000279,60.682667,79,14
1970-01-01 00:00:00.000000280,60.777657,79,14
1970-01-01 00:00:00.000000281,60.736057,79,14
1970-01-01 00:00:00.000000280,61.06162,79,15
1970-01-01 00:00:00.000000281,61.178223,79,15
1970-01-01 00:00:00.000000282,61.14048,79,15
1970-01-01 00:00:00.000000281,60.743847,79,16
1970-01-01 00:00:00.000000282,60.83886,79,16
1970-01-01 00:00:00.000000283,60.794765,79,16
1970-01-01 00:00:00.000000282,60.753494,79,17
1970-01-01 00:00:00.000000283,60.849663,79,17
1970-01-01 00:00:00.000000284,60.80844,79,17
1970-01-01 00:00:00.000000283,60.964157,79,18
1970-01-01 00:00:00.000000284,61.06734,79,18
1970-01-01 00:00:00.000000285,61.0286,79,18
1970-01-01 00:00:00.000000284,60.591427,79,19
1970-01-01 00:00:00.000000285,60.676174,79,19
1970-01-01 00:00:00.000000286,60.633064,79,19
1970-01-01 00:00:00.000000285,60.407944,79,20
1970-01-01 00:00:00.000000286,60.49918,79,20
1970-01-01 00:00:00.000000287,60.452522,79,20
1970-01-01 00:00:00.000000286,59.972675,79,21
1970-01-01 00:00:00.000000287,60.079803,79,21
1970-01-01 00:00:00.000000288,60.017017,79,21
1970-01-01 00:00:00.000000287,59.320404,79,22
1970-01-01 00:00:00.000000288,59.447266,79,22
1970-01-01 00:00:00.000000289,59.364357,79,22
1970-01-01 00:00:00.000000288,58.650036,79,23
1970-01-01 00:00:00.000000289,58.819294,79,23
1970-01-01 00:00:00.000000290,58.716713,79,23
1970-01-01 00:00:00.000000289,58.604458,79,24
1970-01-01 00:00:00.000000290,58.783314,79,24
1970-01-01 00:00:00.000000291,58.694733,79,24
1970-01-01 00:00:00.000000290,57.669792,79,25
1970-01-01 00:00:00.000000291,57.825287,79,25
1970-01-01 00:00:00.000000292,57.726765,79,25
1970-01-01 00:00:00.000000291,57.58809,79,26
1970-01-01 00:00:00.000000292,57.738853,79,26
1970-01-01 00:00:00.000000293,57.652428,79,26
1970-01-01 00:00:00.000000292,56.749706,79,27
1970-01-01 00:00:00.000000293,56.910774,79,27
1970-01-01 00:00:00.000000294,56.80463,79,27
1970-01-01 00:00:00.000000293,56.44953,79,28
1970-01-01 00:00:00.000000294,56.598755,79,28
1970-01-01 00:00:00.000000295,56.50678,79,28
1970-01-01 00:00:00.000000294,55.93936,79,29
1970-01-01 00:00:00.000000295,56.092052,79,29
1970-01-01 00:00:00.000000296,55.989964,79,29
1970-01-01 00:00:00.000000295,55.437874,79,30
1970-01-01 00:00:00.000000296,55.57944,79,30
1970-01-01 00:00:00.000000297,55.491665,79,30
1970-01-01 00:00:00.000000296,54.562916,79,31
1970-01-01 00:00:00.000000297,54.724533,79,31
1970-01-01 00:00:00.000000298,54.614376,79,31
1970-01-01 00:00:00.000000297,54.064163,79,32
1970-01-01 00:00:00.000000298,54.2371,79,32
1970-01-01 00:00:00.000000299,54.11546,79,32
1970-01-01 00:00:00.000000298,53.627506,79,33
1970-01-01 00:00:00.000000299,53.791077,79,33
1970-01-01 00:00:00.000000300,53.66886,79,33
1970-01-01 00:00:00.000000299,53.605186,79,34
1970-01-01 00:00:00.000000300,53.745975,79,34
1970-01-01 00:00:00.000000301,53.668106,79,34
1970-01-01 00:00:00.000000300,55.475185,79,35
1970-01-01 00:00:00.000000301,55.75695,79,35
1970-01-01 00:00:00.000000302,55.712204,79,35
1970-01-01 00:00:00.000000301,58.184864,79,36
1970-01-01 00:00:00.000000302,58.955704,79,36
1970-01-01 00:00:00.000000303,58.90923,79,36
1970-01-01 00:00:00.000000302,62.81022,79,37
1970-01-01 00:00:00.000000303,64.275276,79,37
1970-01-01 00:00:00.000000304,64.190155,79,37
1970-01-01 00:00:00.000000303,60.768253,79,38
1970-01-01 00:00:00.000000304,61.66309,79,38
1970-01-01 00:00:00.000000305,61.389706,79,38
1970-01-01 00:00:00.000000304,58.13336,79,39
1970-01-01 00:00:00.000000305,58.395576,79,39
1970-01-01 00:00:00.000000306,58.103878,79,39
1970-01-01 00:00:00.000000305,58.482246,79,40
1970-01-01 00:00:00.000000306,58.669712,79,40
1970-01-01 00:00:00.000000307,58.482357,79,40
1970-01-01 00:00:00.000000306,58.779346,79,41
1970-01-01 00:00:00.000000307,59.058243,79,41
1970-01-01 00:00:00.000000308,58.897736,79,41
1970-01-01 00:00:00.000000307,59.64676,79,42
1970-01-01 00:00:00.000000308,59.813705,79,42
1970-01-01 00:00:00.000000309,59.76115,79,42
1970-01-01 00:00:00.000000308,59.44061,79,43
1970-01-01 00:00:00.000000309,59.57138,79,43
1970-01-01 00:00:00.000000310,59.499393,79,43
1970-01-01 00:00:00.000000309,58.269714,79,44
1970-01-01 00:00:00.000000310,58.337303,79,44
1970-01-01 00:00:00.000000311,58.248524,79,44
1970-01-01 00:00:00.000000148,55.563637,80,10
1970-01-01 00:00:00.000000149,55.657227,80,10
1970-01-01 00:00:00.000000150,55.490246,80,10
1970-01-01 00:00:00.000000149,54.754265,80,11
1970-01-01 00:00:00.000000150,54.791073,80,11
1970-01-01 00:00:00.000000151,54.676575,80,11
1970-01-01 00:00:00.000000150,54.65099,80,12
1970-01-01 00:00:00.000000151,54.685585,80,12
1970-01-01 00:00:00.000000152,54.58309,80,12
1970-01-01 00:00:00.000000151,53.798397,80,13
1970-01-01 00:00:00.000000152,53.802364,80,13
1970-01-01 00:00:00.000000153,53.673283,80,13
1970-01-01 00:00:00.000000152,53.700413,80,14
1970-01-01 00:00:00.000000153,53.719315,80,14
1970-01-01 00:00:00.000000154,53.588623,80,14
1970-01-01 00:00:00.000000153,52.747433,80,15
1970-01-01 00:00:00.000000154,52.776253,80,15
1970-01-01 00:00:00.000000155,52.627068,80,15
1970-01-01 00:00:00.000000154,51.640236,80,16
1970-01-01 00:00:00.000000155,51.92362,80,16
1970-01-01 00:00:00.000000156,51.90664,80,16
1970-01-01 00:00:00.000000155,52.852158,80,17
1970-01-01 00:00:00.000000156,53.395493,80,17
1970-01-01 00:00:00.000000157,53.5482,80,17
1970-01-01 00:00:00.000000156,53.73287,80,18
1970-01-01 00:00:00.000000157,54.20141,80,18
1970-01-01 00:00:00.000000158,54.325764,80,18
1970-01-01 00:00:00.000000157,95.958275,80,19
1970-01-01 00:00:00.000000158,100.0,80,19
1970-01-01 00:00:00.000000159,100.0,80,19
1970-01-01 00:00:00.000000158,98.72583,80,20
1970-01-01 00:00:00.000000159,96.00114,80,20
1970-01-01 00:00:00.000000160,89.79062,80,20
1970-01-01 00:00:00.000000159,89.50042,80,21
1970-01-01 00:00:00.000000160,85.99245,80,21
1970-01-01 00:00:00.000000161,81.961586,80,21
1970-01-01 00:00:00.000000160,95.79422,80,22
1970-01-01 00:00:00.000000161,94.494385,80,22
1970-01-01 00:00:00.000000162,93.48678,80,22
1970-01-01 00:00:00.000000125,44.60758,81,10
1970-01-01 00:00:00.000000126,44.677067,81,10
1970-01-01 00:00:00.000000127,44.604893,81,10
1970-01-01 00:00:00.000000126,44.440376,81,11
1970-01-01 00:00:00.000000127,44.54259,81,11
1970-01-01 00:00:00.000000128,44.48886,81,11
1970-01-01 00:00:00.000000127,41.22164,81,12
1970-01-01 00:00:00.000000128,41.41861,81,12
1970-01-01 00:00:00.000000129,41.494205,81,12
1970-01-01 00:00:00.000000128,43.09878,81,13
1970-01-01 00:00:00.000000129,43.30793,81,13
1970-01-01 00:00:00.000000130,43.35596,81,13
1970-01-01 00:00:00.000000129,43.53043,81,14
1970-01-01 00:00:00.000000130,43.744198,81,14
1970-01-01 00:00:00.000000131,43.78749,81,14
1970-01-01 00:00:00.000000130,42.814877,81,15
1970-01-01 00:00:00.000000131,42.9725,81,15
1970-01-01 00:00:00.000000132,43.024548,81,15
1970-01-01 00:00:00.000000131,43.733624,81,16
1970-01-01 00:00:00.000000132,43.98366,81,16
1970-01-01 00:00:00.000000133,44.08822,81,16
1970-01-01 00:00:00.000000132,43.279747,81,17
1970-01-01 00:00:00.000000133,43.44638,81,17
1970-01-01 00:00:00.000000134,43.508007,81,17
1970-01-01 00:00:00.000000133,43.40998,81,18
1970-01-01 00:00:00.000000134,43.566868,81,18
1970-01-01 00:00:00.000000135,43.609768,81,18
1970-01-01 00:00:00.000000318,50.568016,83,10
1970-01-01 00:00:00.000000319,50.766884,83,10
1970-01-01 00:00:00.000000320,50.640347,83,10
1970-01-01 00:00:00.000000319,51.16367,83,11
1970-01-01 00:00:00.000000320,51.36847,83,11
1970-01-01 00:00:00.000000321,51.24637,83,11
1970-01-01 00:00:00.000000320,51.185925,83,12
1970-01-01 00:00:00.000000321,51.334694,83,12
1970-01-01 00:00:00.000000322,51.235218,83,12
1970-01-01 00:00:00.000000321,51.114223,83,13
1970-01-01 00:00:00.000000322,51.219196,83,13
1970-01-01 00:00:00.000000323,51.13905,83,13
1970-01-01 00:00:00.000000322,51.509174,83,14
1970-01-01 00:00:00.000000323,51.60715,83,14
1970-01-01 00:00:00.000000324,51.546505,83,14
1970-01-01 00:00:00.000000323,51.26152,83,15
1970-01-01 00:00:00.000000324,51.33697,83,15
1970-01-01 00:00:00.000000325,51.276077,83,15
1970-01-01 00:00:00.000000324,51.478382,83,16
1970-01-01 00:00:00.000000325,51.564632,83,16
1970-01-01 00:00:00.000000326,51.50605,83,16
1970-01-01 00:00:00.000000325,51.97561,83,17
1970-01-01 00:00:00.000000326,52.09345,83,17
1970-01-01 00:00:00.000000327,52.02859,83,17
1970-01-01 00:00:00.000000326,52.082825,83,18
1970-01-01 00:00:00.000000327,52.210575,83,18
1970-01-01 00:00:00.000000328,52.13039,83,18
1970-01-01 00:00:00.000000327,52.41545,83,19
1970-01-01 00:00:00.000000328,52.55572,83,19
1970-01-01 00:00:00.000000329,52.470963,83,19
1970-01-01 00:00:00.000000328,52.65706,83,20
1970-01-01 00:00:00.000000329,52.789288,83,20
1970-01-01 00:00:00.000000330,52.7087,83,20
1970-01-01 00:00:00.000000329,52.83553,83,21
1970-01-01 00:00:00.000000330,52.961864,83,21
1970-01-01 00:00:00.000000331,52.881668,83,21
1970-01-01 00:00:00.000000330,52.412598,83,22
1970-01-01 00:00:00.000000331,52.488476,83,22
1970-01-01 00:00:00.000000332,52.4202,83,22
1970-01-01 00:00:00.000000331,51.8498,83,23
1970-01-01 00:00:00.000000332,51.927277,83,23
1970-01-01 00:00:00.000000333,51.841465,83,23
1970-01-01 00:00:00.000000332,52.3468,83,24
1970-01-01 00:00:00.000000333,52.46061,83,24
1970-01-01 00:00:00.000000334,52.383884,83,24
1970-01-01 00:00:00.000000333,52.235516,83,25
1970-01-01 00:00:00.000000334,52.324314,83,25
1970-01-01 00:00:00.000000335,52.25738,83,25
1970-01-01 00:00:00.000000334,51.61456,83,26
1970-01-01 00:00:00.000000335,51.679672,83,26
1970-01-01 00:00:00.000000336,51.60486,83,26
1970-01-01 00:00:00.000000335,51.072884,83,27
1970-01-01 00:00:00.000000336,51.16989,83,27
1970-01-01 00:00:00.000000337,51.065037,83,27
1970-01-01 00:00:00.000000336,51.0618,83,28
1970-01-01 00:00:00.000000337,51.182407,83,28
1970-01-01 00:00:00.000000338,51.076633,83,28
1970-01-01 00:00:00.000000337,51.414257,83,29
1970-01-01 00:00:00.000000338,51.5197,83,29
1970-01-01 00:00:00.000000339,51.447998,83,29
1970-01-01 00:00:00.000000338,51.128403,83,30
1970-01-01 00:00:00.000000339,51.19718,83,30
1970-01-01 00:00:00.000000340,51.13644,83,30
1970-01-01 00:00:00.000000339,51.039013,83,31
1970-01-01 00:00:00.000000340,51.10654,83,31
1970-01-01 00:00:00.000000341,51.045143,83,31
1970-01-01 00:00:00.000000340,51.39255,83,32
1970-01-01 00:00:00.000000341,51.47917,83,32
1970-01-01 00:00:00.000000342,51.42113,83,32
1970-01-01 00:00:00.000000341,51.21855,83,33
1970-01-01 00:00:00.000000342,51.29134,83,33
1970-01-01 00:00:00.000000343,51.23098,83,33
1970-01-01 00:00:00.000000342,51.609795,83,34
1970-01-01 00:00:00.000000343,51.70808,83,34
1970-01-01 00:00:00.000000344,51.644516,83,34
1970-01-01 00:00:00.000000343,51.7617,83,35
1970-01-01 00:00:00.000000344,51.861626,83,35
1970-01-01 00:00:00.000000345,51.794495,83,35
1970-01-01 00:00:00.000000344,51.792255,83,36
1970-01-01 00:00:00.000000345,51.889503,83,36
1970-01-01 00:00:00.000000346,51.818043,83,36
1970-01-01 00:00:00.000000345,51.72807,83,37
1970-01-01 00:00:00.000000346,51.80243,83,37
1970-01-01 00:00:00.000000347,51.74073,83,37
1970-01-01 00:00:00.000000346,52.281067,83,38
1970-01-01 00:00:00.000000347,52.38809,83,38
1970-01-01 00:00:00.000000348,52.324062,83,38
1970-01-01 00:00:00.000000347,51.828438,83,39
1970-01-01 00:00:00.000000348,51.90076,83,39
1970-01-01 00:00:00.000000349,51.833626,83,39
1970-01-01 00:00:00.000000348,52.234543,83,40
1970-01-01 00:00:00.000000349,52.329227,83,40
1970-01-01 00:00:00.000000350,52.264595,83,40
1970-01-01 00:00:00.000000349,52.47946,83,41
1970-01-01 00:00:00.000000350,52.579594,83,41
1970-01-01 00:00:00.000000351,52.51491,83,41
1970-01-01 00:00:00.000000350,52.805748,83,42
1970-01-01 00:00:00.000000351,52.933697,83,42
1970-01-01 00:00:00.000000352,52.852455,83,42
1970-01-01 00:00:00.000000351,52.800907,83,43
1970-01-01 00:00:00.000000352,52.90822,83,43
1970-01-01 00:00:00.000000353,52.831722,83,43
1970-01-01 00:00:00.000000352,53.36362,83,44
1970-01-01 00:00:00.000000353,53.499783,83,44
1970-01-01 00:00:00.000000354,53.41953,83,44
1970-01-01 00:00:00.000000353,53.327984,83,45
1970-01-01 00:00:00.000000354,53.44079,83,45
1970-01-01 00:00:00.000000355,53.364063,83,45
1970-01-01 00:00:00.000000354,53.65582,83,46
1970-01-01 00:00:00.000000355,53.778996,83,46
1970-01-01 00:00:00.000000356,53.69989,83,46
1970-01-01 00:00:00.000000355,53.486614,83,47
1970-01-01 00:00:00.000000356,53.56795,83,47
1970-01-01 00:00:00.000000357,53.502377,83,47
1970-01-01 00:00:00.000000356,53.58976,83,48
1970-01-01 00:00:00.000000357,53.66816,83,48
1970-01-01 00:00:00.000000358,53.606823,83,48
1970-01-01 00:00:00.000000357,53.407772,83,49
1970-01-01 00:00:00.000000358,53.471607,83,49
1970-01-01 00:00:00.000000359,53.411087,83,49
1970-01-01 00:00:00.000000358,53.247074,83,50
1970-01-01 00:00:00.000000359,53.311043,83,50
1970-01-01 00:00:00.000000360,53.247208,83,50
1970-01-01 00:00:00.000000359,52.414772,83,51
1970-01-01 00:00:00.000000360,52.493587,83,51
1970-01-01 00:00:00.000000361,52.39248,83,51
1970-01-01 00:00:00.000000360,52.57026,83,52
1970-01-01 00:00:00.000000361,52.67752,83,52
1970-01-01 00:00:00.000000362,52.58193,83,52
1970-01-01 00:00:00.000000110,74.511665,84,10
1970-01-01 00:00:00.000000111,74.59091,84,10
1970-01-01 00:00:00.000000112,74.612404,84,10
1970-01-01 00:00:00.000000111,74.62469,84,11
1970-01-01 00:00:00.000000112,74.705,84,11
1970-01-01 00:00:00.000000113,74.72569,84,11
1970-01-01 00:00:00.000000112,74.733345,84,12
1970-01-01 00:00:00.000000113,74.81501,84,12
1970-01-01 00:00:00.000000114,74.83883,84,12
1970-01-01 00:00:00.000000113,74.57011,84,13
1970-01-01 00:00:00.000000114,74.6363,84,13
1970-01-01 00:00:00.000000115,74.659164,84,13
1970-01-01 00:00:00.000000114,74.94621,84,14
1970-01-01 00:00:00.000000115,75.03086,84,14
1970-01-01 00:00:00.000000116,75.05762,84,14
1970-01-01 00:00:00.000000115,75.16971,84,15
1970-01-01 00:00:00.000000116,75.26018,84,15
1970-01-01 00:00:00.000000117,75.28503,84,15
1970-01-01 00:00:00.000000118,70.49882,85,10
1970-01-01 00:00:00.000000119,70.56433,85,10
1970-01-01 00:00:00.000000120,70.57926,85,10
1970-01-01 00:00:00.000000119,70.24851,85,11
1970-01-01 00:00:00.000000120,70.33831,85,11
1970-01-01 00:00:00.000000121,70.36647,85,11
1970-01-01 00:00:00.000000120,70.21379,85,12
1970-01-01 00:00:00.000000121,70.33363,85,12
1970-01-01 00:00:00.000000122,70.37368,85,12
1970-01-01 00:00:00.000000121,70.32415,85,13
1970-01-01 00:00:00.000000122,70.42394,85,13
1970-01-01 00:00:00.000000123,70.45511,85,13
1970-01-01 00:00:00.000000122,70.64632,85,14
1970-01-01 00:00:00.000000123,70.75742,85,14
1970-01-01 00:00:00.000000124,70.788475,85,14
1970-01-01 00:00:00.000000123,71.16114,85,15
1970-01-01 00:00:00.000000124,71.31827,85,15
1970-01-01 00:00:00.000000125,71.35789,85,15
1970-01-01 00:00:00.000000124,71.55285,85,16
1970-01-01 00:00:00.000000125,71.79665,85,16
1970-01-01 00:00:00.000000126,71.878044,85,16
1970-01-01 00:00:00.000000215,54.597904,86,10
1970-01-01 00:00:00.000000216,54.743797,86,10
1970-01-01 00:00:00.000000217,54.70151,86,10
1970-01-01 00:00:00.000000216,54.846897,86,11
1970-01-01 00:00:00.000000217,55.021835,86,11
1970-01-01 00:00:00.000000218,54.97577,86,11
1970-01-01 00:00:00.000000217,52.240578,86,12
1970-01-01 00:00:00.000000218,52.3438,86,12
1970-01-01 00:00:00.000000219,52.338726,86,12
1970-01-01 00:00:00.000000218,51.845257,86,13
1970-01-01 00:00:00.000000219,52.069183,86,13
1970-01-01 00:00:00.000000220,52.106644,86,13
1970-01-01 00:00:00.000000219,51.663498,86,14
1970-01-01 00:00:00.000000220,51.909687,86,14
1970-01-01 00:00:00.000000221,51.95282,86,14
1970-01-01 00:00:00.000000220,50.809288,86,15
1970-01-01 00:00:00.000000221,50.90277,86,15
1970-01-01 00:00:00.000000222,50.910275,86,15
1970-01-01 00:00:00.000000221,50.584476,86,16
1970-01-01 00:00:00.000000222,50.648865,86,16
1970-01-01 00:00:00.000000223,50.635475,86,16
1970-01-01 00:00:00.000000222,48.46735,86,17
1970-01-01 00:00:00.000000223,48.48307,86,17
1970-01-01 00:00:00.000000224,48.402306,86,17
1970-01-01 00:00:00.000000223,50.083572,86,18
1970-01-01 00:00:00.000000224,50.17755,86,18
1970-01-01 00:00:00.000000225,50.116318,86,18
1970-01-01 00:00:00.000000224,50.871346,86,19
1970-01-01 00:00:00.000000225,51.012493,86,19
1970-01-01 00:00:00.000000226,50.95233,86,19
1970-01-01 00:00:00.000000225,51.416954,86,20
1970-01-01 00:00:00.000000226,51.61258,86,20
1970-01-01 00:00:00.000000227,51.544357,86,20
1970-01-01 00:00:00.000000226,51.77633,86,21
1970-01-01 00:00:00.000000227,51.930492,86,21
1970-01-01 00:00:00.000000228,51.874672,86,21
1970-01-01 00:00:00.000000227,50.760098,86,22
1970-01-01 00:00:00.000000228,50.87716,86,22
1970-01-01 00:00:00.000000229,50.88306,86,22
1970-01-01 00:00:00.000000228,48.59696,86,23
1970-01-01 00:00:00.000000229,48.913292,86,23
1970-01-01 00:00:00.000000230,49.006786,86,23
1970-01-01 00:00:00.000000229,48.1369,86,24
1970-01-01 00:00:00.000000230,48.55559,86,24
1970-01-01 00:00:00.000000231,48.655113,86,24
1970-01-01 00:00:00.000000230,48.125843,86,25
1970-01-01 00:00:00.000000231,48.22493,86,25
1970-01-01 00:00:00.000000232,48.152916,86,25
1970-01-01 00:00:00.000000231,51.11109,86,26
1970-01-01 00:00:00.000000232,51.24697,86,26
1970-01-01 00:00:00.000000233,51.15115,86,26
1970-01-01 00:00:00.000000232,48.371838,86,27
1970-01-01 00:00:00.000000233,48.38104,86,27
1970-01-01 00:00:00.000000234,48.28689,86,27
1970-01-01 00:00:00.000000233,42.970776,86,28
1970-01-01 00:00:00.000000234,42.897453,86,28
1970-01-01 00:00:00.000000235,42.663574,86,28
1970-01-01 00:00:00.000000234,45.704754,86,29
1970-01-01 00:00:00.000000235,46.002567,86,29
1970-01-01 00:00:00.000000236,45.867863,86,29
1970-01-01 00:00:00.000000235,47.384533,86,30
1970-01-01 00:00:00.000000236,47.670025,86,30
1970-01-01 00:00:00.000000237,47.54382,86,30
1970-01-01 00:00:00.000000236,47.36866,86,31
1970-01-01 00:00:00.000000237,47.782192,86,31
1970-01-01 00:00:00.000000238,47.81359,86,31
1970-01-01 00:00:00.000000237,49.98407,86,32
1970-01-01 00:00:00.000000238,50.98756,86,32
1970-01-01 00:00:00.000000239,51.29247,86,32
1970-01-01 00:00:00.000000238,48.492115,86,33
1970-01-01 00:00:00.000000239,49.146698,86,33
1970-01-01 00:00:00.000000240,49.35779,86,33
1970-01-01 00:00:00.000000385,82.19646,87,10
1970-01-01 00:00:00.000000386,82.29899,87,10
1970-01-01 00:00:00.000000387,82.30878,87,10
1970-01-01 00:00:00.000000386,82.015816,87,11
1970-01-01 00:00:00.000000387,82.09063,87,11
1970-01-01 00:00:00.000000388,82.096466,87,11
1970-01-01 00:00:00.000000387,82.24411,87,12
1970-01-01 00:00:00.000000388,82.316185,87,12
1970-01-01 00:00:00.000000389,82.32357,87,12
1970-01-01 00:00:00.000000388,81.89176,87,13
1970-01-01 00:00:00.000000389,81.94732,87,13
1970-01-01 00:00:00.000000390,81.95078,87,13
1970-01-01 00:00:00.000000389,81.583786,87,14
1970-01-01 00:00:00.000000390,81.6518,87,14
1970-01-01 00:00:00.000000391,81.6606,87,14
1970-01-01 00:00:00.000000390,81.54977,87,15
1970-01-01 00:00:00.000000391,81.63072,87,15
1970-01-01 00:00:00.000000392,81.640884,87,15
1970-01-01 00:00:00.000000391,81.23269,87,16
1970-01-01 00:00:00.000000392,81.297516,87,16
1970-01-01 00:00:00.000000393,81.30043,87,16
1970-01-01 00:00:00.000000392,81.52034,87,17
1970-01-01 00:00:00.000000393,81.59466,87,17
1970-01-01 00:00:00.000000394,81.60194,87,17
1970-01-01 00:00:00.000000393,82.22095,87,18
1970-01-01 00:00:00.000000394,82.34601,87,18
1970-01-01 00:00:00.000000395,82.35696,87,18
1970-01-01 00:00:00.000000394,81.99861,87,19
1970-01-01 00:00:00.000000395,82.11339,87,19
1970-01-01 00:00:00.000000396,82.124565,87,19
1970-01-01 00:00:00.000000395,81.44069,87,20
1970-01-01 00:00:00.000000396,81.50193,87,20
1970-01-01 00:00:00.000000397,81.50199,87,20
1970-01-01 00:00:00.000000396,81.469284,87,21
1970-01-01 00:00:00.000000397,81.58497,87,21
1970-01-01 00:00:00.000000398,81.61606,87,21
1970-01-01 00:00:00.000000397,80.98872,87,22
1970-01-01 00:00:00.000000398,81.227165,87,22
1970-01-01 00:00:00.000000399,81.32131,87,22
1970-01-01 00:00:00.000000398,80.82471,87,23
1970-01-01 00:00:00.000000399,80.90972,87,23
1970-01-01 00:00:00.000000400,80.906075,87,23
1970-01-01 00:00:00.000000399,80.86724,87,24
1970-01-01 00:00:00.000000400,80.85788,87,24
1970-01-01 00:00:00.000000401,80.79671,87,24
1970-01-01 00:00:00.000000400,80.912285,87,25
1970-01-01 00:00:00.000000401,80.911255,87,25
1970-01-01 00:00:00.000000402,80.86645,87,25
1970-01-01 00:00:00.000000401,81.4152,87,26
1970-01-01 00:00:00.000000402,81.51058,87,26
1970-01-01 00:00:00.000000403,81.50902,87,26
1970-01-01 00:00:00.000000402,83.42637,87,27
1970-01-01 00:00:00.000000403,83.85398,87,27
1970-01-01 00:00:00.000000404,83.94905,87,27
1970-01-01 00:00:00.000000403,82.87767,87,28
1970-01-01 00:00:00.000000404,83.15597,87,28
1970-01-01 00:00:00.000000405,83.174904,87,28
1970-01-01 00:00:00.000000404,81.70696,87,29
1970-01-01 00:00:00.000000405,81.84002,87,29
1970-01-01 00:00:00.000000406,81.83938,87,29
1970-01-01 00:00:00.000000405,82.267204,87,30
1970-01-01 00:00:00.000000406,82.377174,87,30
1970-01-01 00:00:00.000000407,82.3883,87,30
1970-01-01 00:00:00.000000406,83.12741,87,31
1970-01-01 00:00:00.000000407,83.297386,87,31
1970-01-01 00:00:00.000000408,83.31707,87,31
1970-01-01 00:00:00.000000407,83.378,87,32
1970-01-01 00:00:00.000000408,83.57384,87,32
1970-01-01 00:00:00.000000409,83.592995,87,32
1970-01-01 00:00:00.000000408,83.154686,87,33
1970-01-01 00:00:00.000000409,83.30512,87,33
1970-01-01 00:00:00.000000410,83.32056,87,33
1970-01-01 00:00:00.000000409,83.56062,87,34
1970-01-01 00:00:00.000000410,83.67673,87,34
1970-01-01 00:00:00.000000411,83.68615,87,34
1970-01-01 00:00:00.000000410,83.983986,87,35
1970-01-01 00:00:00.000000411,84.09408,87,35
1970-01-01 00:00:00.000000412,84.08725,87,35
1970-01-01 00:00:00.000000411,83.03129,87,36
1970-01-01 00:00:00.000000412,83.07671,87,36
1970-01-01 00:00:00.000000413,83.052216,87,36
1970-01-01 00:00:00.000000412,81.57862,87,37
1970-01-01 00:00:00.000000413,81.65651,87,37
1970-01-01 00:00:00.000000414,81.60875,87,37
1970-01-01 00:00:00.000000413,80.38053,87,38
1970-01-01 00:00:00.000000414,80.656166,87,38
1970-01-01 00:00:00.000000415,80.66295,87,38
1970-01-01 00:00:00.000000414,79.874794,87,39
1970-01-01 00:00:00.000000415,80.235825,87,39
1970-01-01 00:00:00.000000416,80.28872,87,39
1970-01-01 00:00:00.000000415,80.65624,87,40
1970-01-01 00:00:00.000000416,80.92699,87,40
1970-01-01 00:00:00.000000417,80.97846,87,40
1970-01-01 00:00:00.000000416,81.914085,87,41
1970-01-01 00:00:00.000000417,82.170135,87,41
1970-01-01 00:00:00.000000418,82.20495,87,41
1970-01-01 00:00:00.000000417,83.09357,87,42
1970-01-01 00:00:00.000000418,83.4995,87,42
1970-01-01 00:00:00.000000419,83.54159,87,42
1970-01-01 00:00:00.000000418,83.41458,87,43
1970-01-01 00:00:00.000000419,83.79436,87,43
1970-01-01 00:00:00.000000420,83.825356,87,43
1970-01-01 00:00:00.000000419,83.725945,87,44
1970-01-01 00:00:00.000000420,84.01677,87,44
1970-01-01 00:00:00.000000421,84.038284,87,44
1970-01-01 00:00:00.000000420,84.16542,87,45
1970-01-01 00:00:00.000000421,84.371925,87,45
1970-01-01 00:00:00.000000422,84.38813,87,45
1970-01-01 00:00:00.000000421,84.439186,87,46
1970-01-01 00:00:00.000000422,84.61514,87,46
1970-01-01 00:00:00.000000423,84.63399,87,46
1970-01-01 00:00:00.000000422,84.73692,87,47
1970-01-01 00:00:00.000000423,84.90071,87,47
1970-01-01 00:00:00.000000424,84.92121,87,47
1970-01-01 00:00:00.000000423,84.97249,87,48
1970-01-01 00:00:00.000000424,85.1077,87,48
1970-01-01 00:00:00.000000425,85.113525,87,48
1970-01-01 00:00:00.000000424,84.26321,87,49
1970-01-01 00:00:00.000000425,84.30782,87,49
1970-01-01 00:00:00.000000426,84.284645,87,49
1970-01-01 00:00:00.000000425,83.00104,87,50
1970-01-01 00:00:00.000000426,83.01265,87,50
1970-01-01 00:00:00.000000427,82.93448,87,50
1970-01-01 00:00:00.000000426,82.768814,87,51
1970-01-01 00:00:00.000000427,82.89277,87,51
1970-01-01 00:00:00.000000428,82.85092,87,51
1970-01-01 00:00:00.000000427,79.6965,87,52
1970-01-01 00:00:00.000000428,79.98732,87,52
1970-01-01 00:00:00.000000429,79.994774,87,52
1970-01-01 00:00:00.000000428,79.90538,87,53
1970-01-01 00:00:00.000000429,80.3551,87,53
1970-01-01 00:00:00.000000430,80.444305,87,53
1970-01-01 00:00:00.000000429,80.27009,87,54
1970-01-01 00:00:00.000000430,80.63178,87,54
1970-01-01 00:00:00.000000431,80.69628,87,54
1970-01-01 00:00:00.000000430,82.64923,87,55
1970-01-01 00:00:00.000000431,82.990425,87,55
1970-01-01 00:00:00.000000432,83.03022,87,55
1970-01-01 00:00:00.000000431,84.022354,87,56
1970-01-01 00:00:00.000000432,84.75259,87,56
1970-01-01 00:00:00.000000433,84.93187,87,56
1970-01-01 00:00:00.000000432,84.32326,87,57
1970-01-01 00:00:00.000000433,85.43,87,57
1970-01-01 00:00:00.000000434,85.83539,87,57
1970-01-01 00:00:00.000000433,82.86415,87,58
1970-01-01 00:00:00.000000434,83.27272,87,58
1970-01-01 00:00:00.000000435,83.38798,87,58
1970-01-01 00:00:00.000000434,81.19727,87,59
1970-01-01 00:00:00.000000435,81.08702,87,59
1970-01-01 00:00:00.000000436,80.9021,87,59
1970-01-01 00:00:00.000000435,79.54236,87,60
1970-01-01 00:00:00.000000436,79.21411,87,60
1970-01-01 00:00:00.000000437,78.79892,87,60
1970-01-01 00:00:00.000000436,84.951836,87,61
1970-01-01 00:00:00.000000437,85.24532,87,61
1970-01-01 00:00:00.000000438,85.071144,87,61
1970-01-01 00:00:00.000000437,88.20275,87,62
1970-01-01 00:00:00.000000438,89.35151,87,62
1970-01-01 00:00:00.000000439,89.41999,87,62
1970-01-01 00:00:00.000000438,87.85936,87,63
1970-01-01 00:00:00.000000439,89.21433,87,63
1970-01-01 00:00:00.000000440,89.42828,87,63
1970-01-01 00:00:00.000000439,87.11056,87,64
1970-01-01 00:00:00.000000440,88.3449,87,64
1970-01-01 00:00:00.000000441,88.80471,87,64
1970-01-01 00:00:00.000000355,72.74807,88,10
1970-01-01 00:00:00.000000356,72.873184,88,10
1970-01-01 00:00:00.000000357,72.81462,88,10
1970-01-01 00:00:00.000000356,73.16897,88,11
1970-01-01 00:00:00.000000357,73.32908,88,11
1970-01-01 00:00:00.000000358,73.26068,88,11
1970-01-01 00:00:00.000000357,73.29083,88,12
1970-01-01 00:00:00.000000358,73.44109,88,12
1970-01-01 00:00:00.000000359,73.37227,88,12
1970-01-01 00:00:00.000000358,73.44724,88,13
1970-01-01 00:00:00.000000359,73.596,88,13
1970-01-01 00:00:00.000000360,73.526505,88,13
1970-01-01 00:00:00.000000359,73.436966,88,14
1970-01-01 00:00:00.000000360,73.5534,88,14
1970-01-01 00:00:00.000000361,73.49441,88,14
1970-01-01 00:00:00.000000360,73.563385,88,15
1970-01-01 00:00:00.000000361,73.67414,88,15
1970-01-01 00:00:00.000000362,73.61959,88,15
1970-01-01 00:00:00.000000361,73.42294,88,16
1970-01-01 00:00:00.000000362,73.51762,88,16
1970-01-01 00:00:00.000000363,73.46481,88,16
1970-01-01 00:00:00.000000362,73.12859,88,17
1970-01-01 00:00:00.000000363,73.22012,88,17
1970-01-01 00:00:00.000000364,73.1612,88,17
1970-01-01 00:00:00.000000363,72.82999,88,18
1970-01-01 00:00:00.000000364,72.93901,88,18
1970-01-01 00:00:00.000000365,72.86833,88,18
1970-01-01 00:00:00.000000364,72.809166,88,19
1970-01-01 00:00:00.000000365,72.928276,88,19
1970-01-01 00:00:00.000000366,72.8599,88,19
1970-01-01 00:00:00.000000365,72.75103,88,20
1970-01-01 00:00:00.000000366,72.85721,88,20
1970-01-01 00:00:00.000000367,72.79724,88,20
1970-01-01 00:00:00.000000366,72.63425,88,21
1970-01-01 00:00:00.000000367,72.72746,88,21
1970-01-01 00:00:00.000000368,72.67245,88,21
1970-01-01 00:00:00.000000367,73.07889,88,22
1970-01-01 00:00:00.000000368,73.19783,88,22
1970-01-01 00:00:00.000000369,73.14553,88,22
1970-01-01 00:00:00.000000368,73.007065,88,23
1970-01-01 00:00:00.000000369,73.12012,88,23
1970-01-01 00:00:00.000000370,73.06242,88,23
1970-01-01 00:00:00.000000369,73.151054,88,24
1970-01-01 00:00:00.000000370,73.27204,88,24
1970-01-01 00:00:00.000000371,73.21183,88,24
1970-01-01 00:00:00.000000370,73.26212,88,25
1970-01-01 00:00:00.000000371,73.3728,88,25
1970-01-01 00:00:00.000000372,73.318504,88,25
1970-01-01 00:00:00.000000371,73.38765,88,26
1970-01-01 00:00:00.000000372,73.50277,88,26
1970-01-01 00:00:00.000000373,73.44652,88,26
1970-01-01 00:00:00.000000372,73.644035,88,27
1970-01-01 00:00:00.000000373,73.76938,88,27
1970-01-01 00:00:00.000000374,73.71015,88,27
1970-01-01 00:00:00.000000373,73.69566,88,28
1970-01-01 00:00:00.000000374,73.815544,88,28
1970-01-01 00:00:00.000000375,73.7534,88,28
1970-01-01 00:00:00.000000374,73.79572,88,29
1970-01-01 00:00:00.000000375,73.91034,88,29
1970-01-01 00:00:00.000000376,73.849525,88,29
1970-01-01 00:00:00.000000375,73.65031,88,30
1970-01-01 00:00:00.000000376,73.74386,88,30
1970-01-01 00:00:00.000000377,73.688416,88,30
1970-01-01 00:00:00.000000376,73.4872,88,31
1970-01-01 00:00:00.000000377,73.577515,88,31
1970-01-01 00:00:00.000000378,73.521835,88,31
1970-01-01 00:00:00.000000377,73.373985,88,32
1970-01-01 00:00:00.000000378,73.469635,88,32
1970-01-01 00:00:00.000000379,73.40951,88,32
1970-01-01 00:00:00.000000378,73.33089,88,33
1970-01-01 00:00:00.000000379,73.425606,88,33
1970-01-01 00:00:00.000000380,73.36578,88,33
1970-01-01 00:00:00.000000379,73.18802,88,34
1970-01-01 00:00:00.000000380,73.2772,88,34
1970-01-01 00:00:00.000000381,73.21781,88,34
1970-01-01 00:00:00.000000380,73.37527,88,35
1970-01-01 00:00:00.000000381,73.472534,88,35
1970-01-01 00:00:00.000000382,73.41892,88,35
1970-01-01 00:00:00.000000381,73.31807,88,36
1970-01-01 00:00:00.000000382,73.41006,88,36
1970-01-01 00:00:00.000000383,73.35482,88,36
1970-01-01 00:00:00.000000382,73.563675,88,37
1970-01-01 00:00:00.000000383,73.669945,88,37
1970-01-01 00:00:00.000000384,73.612206,88,37
1970-01-01 00:00:00.000000383,74.00369,88,38
1970-01-01 00:00:00.000000384,74.143585,88,38
1970-01-01 00:00:00.000000385,74.07453,88,38
1970-01-01 00:00:00.000000384,74.06856,88,39
1970-01-01 00:00:00.000000385,74.21282,88,39
1970-01-01 00:00:00.000000386,74.1329,88,39
1970-01-01 00:00:00.000000385,74.17022,88,40
1970-01-01 00:00:00.000000386,74.302086,88,40
1970-01-01 00:00:00.000000387,74.22728,88,40
1970-01-01 00:00:00.000000386,74.77582,88,41
1970-01-01 00:00:00.000000387,74.93694,88,41
1970-01-01 00:00:00.000000388,74.86072,88,41
1970-01-01 00:00:00.000000387,75.08038,88,42
1970-01-01 00:00:00.000000388,75.26406,88,42
1970-01-01 00:00:00.000000389,75.172165,88,42
1970-01-01 00:00:00.000000388,75.43449,88,43
1970-01-01 00:00:00.000000389,75.638954,88,43
1970-01-01 00:00:00.000000390,75.53652,88,43
1970-01-01 00:00:00.000000389,75.163574,88,44
1970-01-01 00:00:00.000000390,75.29683,88,44
1970-01-01 00:00:00.000000391,75.214294,88,44
1970-01-01 00:00:00.000000390,75.50986,88,45
1970-01-01 00:00:00.000000391,75.63048,88,45
1970-01-01 00:00:00.000000392,75.5633,88,45
1970-01-01 00:00:00.000000391,75.900116,88,46
1970-01-01 00:00:00.000000392,76.03258,88,46
1970-01-01 00:00:00.000000393,75.963936,88,46
1970-01-01 00:00:00.000000392,75.43004,88,47
1970-01-01 00:00:00.000000393,75.52799,88,47
1970-01-01 00:00:00.000000394,75.45594,88,47
1970-01-01 00:00:00.000000393,75.26518,88,48
1970-01-01 00:00:00.000000394,75.35296,88,48
1970-01-01 00:00:00.000000395,75.28434,88,48
1970-01-01 00:00:00.000000394,75.35338,88,49
1970-01-01 00:00:00.000000395,75.454575,88,49
1970-01-01 00:00:00.000000396,75.38634,88,49
1970-01-01 00:00:00.000000395,75.266304,88,50
1970-01-01 00:00:00.000000396,75.35585,88,50
1970-01-01 00:00:00.000000397,75.293816,88,50
1970-01-01 00:00:00.000000396,75.26985,88,51
1970-01-01 00:00:00.000000397,75.35689,88,51
1970-01-01 00:00:00.000000398,75.29854,88,51
1970-01-01 00:00:00.000000397,75.10449,88,52
1970-01-01 00:00:00.000000398,75.18813,88,52
1970-01-01 00:00:00.000000399,75.12688,88,52
1970-01-01 00:00:00.000000398,75.26969,88,53
1970-01-01 00:00:00.000000399,75.3634,88,53
1970-01-01 00:00:00.000000400,75.30597,88,53
1970-01-01 00:00:00.000000399,75.212875,88,54
1970-01-01 00:00:00.000000400,75.30167,88,54
1970-01-01 00:00:00.000000401,75.24206,88,54
1970-01-01 00:00:00.000000400,75.1718,88,55
1970-01-01 00:00:00.000000401,75.257195,88,55
1970-01-01 00:00:00.000000402,75.19681,88,55
1970-01-01 00:00:00.000000401,75.654655,88,56
1970-01-01 00:00:00.000000402,75.77185,88,56
1970-01-01 00:00:00.000000403,75.70784,88,56
1970-01-01 00:00:00.000000402,75.29513,88,57
1970-01-01 00:00:00.000000403,75.389854,88,57
1970-01-01 00:00:00.000000404,75.32309,88,57
1970-01-01 00:00:00.000000403,74.58352,88,58
1970-01-01 00:00:00.000000404,74.67901,88,58
1970-01-01 00:00:00.000000405,74.59179,88,58
1970-01-01 00:00:00.000000093,94.271965,89,10
1970-01-01 00:00:00.000000094,93.156715,89,10
1970-01-01 00:00:00.000000095,89.09954,89,10
1970-01-01 00:00:00.000000094,90.25127,89,11
1970-01-01 00:00:00.000000095,86.8451,89,11
1970-01-01 00:00:00.000000096,83.03027,89,11
1970-01-01 00:00:00.000000095,99.356674,89,12
1970-01-01 00:00:00.000000096,99.08114,89,12
1970-01-01 00:00:00.000000097,98.83636,89,12
1970-01-01 00:00:00.000000101,66.07293,92,10
1970-01-01 00:00:00.000000102,66.304855,92,10
1970-01-01 00:00:00.000000103,66.20887,92,10
1970-01-01 00:00:00.000000102,66.65681,92,11
1970-01-01 00:00:00.000000103,66.910355,92,11
1970-01-01 00:00:00.000000104,66.80829,92,11
1970-01-01 00:00:00.000000103,66.83473,92,12
1970-01-01 00:00:00.000000104,67.07003,92,12
1970-01-01 00:00:00.000000105,66.96826,92,12
1970-01-01 00:00:00.000000104,67.20346,92,13
1970-01-01 00:00:00.000000105,67.434944,92,13
1970-01-01 00:00:00.000000106,67.336586,92,13
1970-01-01 00:00:00.000000166,46.313393,93,10
1970-01-01 00:00:00.000000167,46.632988,93,10
1970-01-01 00:00:00.000000168,46.579437,93,10
1970-01-01 00:00:00.000000167,45.48305,93,11
1970-01-01 00:00:00.000000168,45.864643,93,11
1970-01-01 00:00:00.000000169,45.806187,93,11
1970-01-01 00:00:00.000000168,43.8706,93,12
1970-01-01 00:00:00.000000169,44.266262,93,12
1970-01-01 00:00:00.000000170,44.207623,93,12
1970-01-01 00:00:00.000000169,43.406506,93,13
1970-01-01 00:00:00.000000170,43.776714,93,13
1970-01-01 00:00:00.000000171,43.739395,93,13
1970-01-01 00:00:00.000000170,43.87239,93,14
1970-01-01 00:00:00.000000171,44.18119,93,14
1970-01-01 00:00:00.000000172,44.168766,93,14
1970-01-01 00:00:00.000000171,44.275425,93,15
1970-01-01 00:00:00.000000172,44.43165,93,15
1970-01-01 00:00:00.000000173,44.42333,93,15
1970-01-01 00:00:00.000000172,47.171967,93,16
1970-01-01 00:00:00.000000173,47.67768,93,16
1970-01-01 00:00:00.000000174,47.638218,93,16
1970-01-01 00:00:00.000000173,50.007133,93,17
1970-01-01 00:00:00.000000174,51.153923,93,17
1970-01-01 00:00:00.000000175,51.244938,93,17
1970-01-01 00:00:00.000000174,52.7672,93,18
1970-01-01 00:00:00.000000175,55.287388,93,18
1970-01-01 00:00:00.000000176,56.017235,93,18
1970-01-01 00:00:00.000000175,51.21637,93,19
1970-01-01 00:00:00.000000176,53.003586,93,19
1970-01-01 00:00:00.000000177,53.463917,93,19
1970-01-01 00:00:00.000000176,50.298412,93,20
1970-01-01 00:00:00.000000177,50.846165,93,20
1970-01-01 00:00:00.000000178,50.854633,93,20
1970-01-01 00:00:00.000000177,67.23186,93,21
1970-01-01 00:00:00.000000178,69.87868,93,21
1970-01-01 00:00:00.000000179,69.353004,93,21
1970-01-01 00:00:00.000000178,100.0,93,22
1970-01-01 00:00:00.000000179,100.0,93,22
1970-01-01 00:00:00.000000180,100.0,93,22
1970-01-01 00:00:00.000000179,88.78681,93,23
1970-01-01 00:00:00.000000180,88.47435,93,23
1970-01-01 00:00:00.000000181,82.458244,93,23
1970-01-01 00:00:00.000000180,87.56335,93,24
1970-01-01 00:00:00.000000181,83.825005,93,24
1970-01-01 00:00:00.000000182,78.96702,93,24
1970-01-01 00:00:00.000000181,99.822205,93,25
1970-01-01 00:00:00.000000182,99.73874,93,25
1970-01-01 00:00:00.000000183,99.65349,93,25
1970-01-01 00:00:00.000000114,75.53374,95,10
1970-01-01 00:00:00.000000115,75.7059,95,10
1970-01-01 00:00:00.000000116,75.64254,95,10
1970-01-01 00:00:00.000000115,75.48523,95,11
1970-01-01 00:00:00.000000116,75.686935,95,11
1970-01-01 00:00:00.000000117,75.61553,95,11
1970-01-01 00:00:00.000000116,75.64251,95,12
1970-01-01 00:00:00.000000117,75.82516,95,12
1970-01-01 00:00:00.000000118,75.77063,95,12
1970-01-01 00:00:00.000000117,76.1143,95,13
1970-01-01 00:00:00.000000118,76.289314,95,13
1970-01-01 00:00:00.000000119,76.23565,95,13
1970-01-01 00:00:00.000000118,76.48012,95,14
1970-01-01 00:00:00.000000119,76.70664,95,14
1970-01-01 00:00:00.000000120,76.63346,95,14
1970-01-01 00:00:00.000000119,76.72825,95,15
1970-01-01 00:00:00.000000120,76.97224,95,15
1970-01-01 00:00:00.000000121,76.88732,95,15
1970-01-01 00:00:00.000000120,76.48414,95,16
1970-01-01 00:00:00.000000121,76.65031,95,16
1970-01-01 00:00:00.000000122,76.57376,95,16
1970-01-01 00:00:00.000000183,61.558426,96,10
1970-01-01 00:00:00.000000184,61.73267,96,10
1970-01-01 00:00:00.000000185,61.662636,96,10
1970-01-01 00:00:00.000000184,62.3152,96,11
1970-01-01 00:00:00.000000185,62.54548,96,11
1970-01-01 00:00:00.000000186,62.454323,96,11
1970-01-01 00:00:00.000000185,62.97627,96,12
1970-01-01 00:00:00.000000186,63.257984,96,12
1970-01-01 00:00:00.000000187,63.145702,96,12
1970-01-01 00:00:00.000000186,63.505833,96,13
1970-01-01 00:00:00.000000187,63.837383,96,13
1970-01-01 00:00:00.000000188,63.706974,96,13
1970-01-01 00:00:00.000000187,64.0329,96,14
1970-01-01 00:00:00.000000188,64.36532,96,14
1970-01-01 00:00:00.000000189,64.24793,96,14
1970-01-01 00:00:00.000000188,64.89644,96,15
1970-01-01 00:00:00.000000189,65.2508,96,15
1970-01-01 00:00:00.000000190,65.12538,96,15
1970-01-01 00:00:00.000000189,65.02635,96,16
1970-01-01 00:00:00.000000190,65.32931,96,16
1970-01-01 00:00:00.000000191,65.20875,96,16
1970-01-01 00:00:00.000000190,65.58178,96,17
1970-01-01 00:00:00.000000191,65.869125,96,17
1970-01-01 00:00:00.000000192,65.763115,96,17
1970-01-01 00:00:00.000000191,65.35582,96,18
1970-01-01 00:00:00.000000192,65.52794,96,18
1970-01-01 00:00:00.000000193,65.45204,96,18
1970-01-01 00:00:00.000000192,65.11963,96,19
1970-01-01 00:00:00.000000193,65.23585,96,19
1970-01-01 00:00:00.000000194,65.17454,96,19
1970-01-01 00:00:00.000000193,65.48398,96,20
1970-01-01 00:00:00.000000194,65.602875,96,20
1970-01-01 00:00:00.000000195,65.55409,96,20
1970-01-01 00:00:00.000000194,65.66274,96,21
1970-01-01 00:00:00.000000195,65.79276,96,21
1970-01-01 00:00:00.000000196,65.74137,96,21
1970-01-01 00:00:00.000000195,65.55653,96,22
1970-01-01 00:00:00.000000196,65.68179,96,22
1970-01-01 00:00:00.000000197,65.629,96,22
1970-01-01 00:00:00.000000196,65.41762,96,23
1970-01-01 00:00:00.000000197,65.52557,96,23
1970-01-01 00:00:00.000000198,65.47756,96,23
1970-01-01 00:00:00.000000197,65.365456,96,24
1970-01-01 00:00:00.000000198,65.47452,96,24
1970-01-01 00:00:00.000000199,65.42566,96,24
1970-01-01 00:00:00.000000198,65.54902,96,25
1970-01-01 00:00:00.000000199,65.66827,96,25
1970-01-01 00:00:00.000000200,65.621796,96,25
1970-01-01 00:00:00.000000199,65.49713,96,26
1970-01-01 00:00:00.000000200,65.608444,96,26
1970-01-01 00:00:00.000000201,65.55972,96,26
1970-01-01 00:00:00.000000200,65.53635,96,27
1970-01-01 00:00:00.000000201,65.6458,96,27
1970-01-01 00:00:00.000000202,65.59609,96,27
1970-01-01 00:00:00.000000201,65.16191,96,28
1970-01-01 00:00:00.000000202,65.25813,96,28
1970-01-01 00:00:00.000000203,65.20213,96,28
1970-01-01 00:00:00.000000079,98.830826,98,10
1970-01-01 00:00:00.000000080,99.20634,98,10
1970-01-01 00:00:00.000000081,99.31424,98,10
1970-01-01 00:00:00.000000096,100.0,99,10
1970-01-01 00:00:00.000000097,100.0,99,10
1970-01-01 00:00:00.000000098,100.0,99,10
1970-01-01 00:00:00.000000097,94.64598,99,11
1970-01-01 00:00:00.000000098,94.27027,99,11
1970-01-01 00:00:00.000000099,91.038666,99,11
1970-01-01 00:00:00.000000098,92.93825,99,12
1970-01-01 00:00:00.000000099,90.51389,99,12
1970-01-01 00:00:00.000000100,87.69615,99,12
1970-01-01 00:00:00.000000099,99.80478,99,13
1970-01-01 00:00:00.000000100,99.69914,99,13
1970-01-01 00:00:00.000000101,99.60337,99,13
1970-01-01 00:00:00.000000340,56.978474,100,10
1970-01-01 00:00:00.000000341,57.10519,100,10
1970-01-01 00:00:00.000000342,57.002804,100,10
1970-01-01 00:00:00.000000341,56.9088,100,11
1970-01-01 00:00:00.000000342,57.004044,100,11
1970-01-01 00:00:00.000000343,56.921844,100,11
1970-01-01 00:00:00.000000342,56.83499,100,12
1970-01-01 00:00:00.000000343,56.91043,100,12
1970-01-01 00:00:00.000000344,56.842056,100,12
1970-01-01 00:00:00.000000343,57.17683,100,13
1970-01-01 00:00:00.000000344,57.272057,100,13
1970-01-01 00:00:00.000000345,57.20659,100,13
1970-01-01 00:00:00.000000344,56.956112,100,14
1970-01-01 00:00:00.000000345,57.037148,100,14
1970-01-01 00:00:00.000000346,56.968227,100,14
1970-01-01 00:00:00.000000345,57.36194,100,15
1970-01-01 00:00:00.000000346,57.470573,100,15
1970-01-01 00:00:00.000000347,57.3992,100,15
1970-01-01 00:00:00.000000346,57.625004,100,16
1970-01-01 00:00:00.000000347,57.74787,100,16
1970-01-01 00:00:00.000000348,57.66941,100,16
1970-01-01 00:00:00.000000347,57.711563,100,17
1970-01-01 00:00:00.000000348,57.84254,100,17
1970-01-01 00:00:00.000000349,57.75457,100,17
1970-01-01 00:00:00.000000348,57.941338,100,18
1970-01-01 00:00:00.000000349,58.07011,100,18
1970-01-01 00:00:00.000000350,57.990463,100,18
1970-01-01 00:00:00.000000349,57.814034,100,19
1970-01-01 00:00:00.000000350,57.91774,100,19
1970-01-01 00:00:00.000000351,57.847725,100,19
1970-01-01 00:00:00.000000350,58.81909,100,20
1970-01-01 00:00:00.000000351,59.010563,100,20
1970-01-01 00:00:00.000000352,58.92014,100,20
1970-01-01 00:00:00.000000351,59.252064,100,21
1970-01-01 00:00:00.000000352,59.494354,100,21
1970-01-01 00:00:00.000000353,59.367336,100,21
1970-01-01 00:00:00.000000352,59.67006,100,22
1970-01-01 00:00:00.000000353,59.952637,100,22
1970-01-01 00:00:00.000000354,59.79749,100,22
1970-01-01 00:00:00.000000353,60.090637,100,23
1970-01-01 00:00:00.000000354,60.340973,100,23
1970-01-01 00:00:00.000000355,60.205498,100,23
1970-01-01 00:00:00.000000354,60.421833,100,24
1970-01-01 00:00:00.000000355,60.647297,100,24
1970-01-01 00:00:00.000000356,60.525566,100,24
1970-01-01 00:00:00.000000355,60.749973,100,25
1970-01-01 00:00:00.000000356,60.9511,100,25
1970-01-01 00:00:00.000000357,60.843647,100,25
1970-01-01 00:00:00.000000356,60.93622,100,26
1970-01-01 00:00:00.000000357,61.10966,100,26
1970-01-01 00:00:00.000000358,61.015076,100,26
1970-01-01 00:00:00.000000357,61.33669,100,27
1970-01-01 00:00:00.000000358,61.50891,100,27
1970-01-01 00:00:00.000000359,61.416187,100,27
1970-01-01 00:00:00.000000358,61.371517,100,28
1970-01-01 00:00:00.000000359,61.519306,100,28
1970-01-01 00:00:00.000000360,61.43465,100,28
1970-01-01 00:00:00.000000359,61.502384,100,29
1970-01-01 00:00:00.000000360,61.638226,100,29
1970-01-01 00:00:00.000000361,61.56187,100,29
1970-01-01 00:00:00.000000360,62.055992,100,30
1970-01-01 00:00:00.000000361,62.223557,100,30
1970-01-01 00:00:00.000000362,62.147522,100,30
1970-01-01 00:00:00.000000361,62.37381,100,31
1970-01-01 00:00:00.000000362,62.574894,100,31
1970-01-01 00:00:00.000000363,62.48249,100,31
1970-01-01 00:00:00.000000362,62.81701,100,32
1970-01-01 00:00:00.000000363,63.054142,100,32
1970-01-01 00:00:00.000000364,62.946003,100,32
1970-01-01 00:00:00.000000363,63.45205,100,33
1970-01-01 00:00:00.000000364,63.722057,100,33
1970-01-01 00:00:00.000000365,63.600254,100,33
1970-01-01 00:00:00.000000364,64.12546,100,34
1970-01-01 00:00:00.000000365,64.440796,100,34
1970-01-01 00:00:00.000000366,64.2944,100,34
1970-01-01 00:00:00.000000365,64.5264,100,35
1970-01-01 00:00:00.000000366,64.838936,100,35
1970-01-01 00:00:00.000000367,64.68532,100,35
1970-01-01 00:00:00.000000366,64.86382,100,36
1970-01-01 00:00:00.000000367,65.13985,100,36
1970-01-01 00:00:00.000000368,65.00285,100,36
1970-01-01 00:00:00.000000367,65.56013,100,37
1970-01-01 00:00:00.000000368,65.835915,100,37
1970-01-01 00:00:00.000000369,65.71047,100,37
1970-01-01 00:00:00.000000368,65.37246,100,38
1970-01-01 00:00:00.000000369,65.57532,100,38
1970-01-01 00:00:00.000000370,65.46755,100,38
1970-01-01 00:00:00.000000369,65.79974,100,39
1970-01-01 00:00:00.000000370,65.98695,100,39
1970-01-01 00:00:00.000000371,65.896454,100,39
1970-01-01 00:00:00.000000370,65.886696,100,40
1970-01-01 00:00:00.000000371,66.028755,100,40
1970-01-01 00:00:00.000000372,65.95697,100,40
1970-01-01 00:00:00.000000371,66.384,100,41
1970-01-01 00:00:00.000000372,66.56588,100,41
1970-01-01 00:00:00.000000373,66.4821,100,41
1970-01-01 00:00:00.000000372,66.60914,100,42
1970-01-01 00:00:00.000000373,66.79348,100,42
1970-01-01 00:00:00.000000374,66.706604,100,42
1970-01-01 00:00:00.000000373,66.40661,100,43
1970-01-01 00:00:00.000000374,66.55473,100,43
1970-01-01 00:00:00.000000375,66.47241,100,43
1970-01-01 00:00:00.000000374,66.978485,100,44
1970-01-01 00:00:00.000000375,67.13608,100,44
1970-01-01 00:00:00.000000376,67.06324,100,44
1970-01-01 00:00:00.000000375,67.319145,100,45
1970-01-01 00:00:00.000000376,67.5006,100,45
1970-01-01 00:00:00.000000377,67.41761,100,45
1970-01-01 00:00:00.000000376,67.16003,100,46
1970-01-01 00:00:00.000000377,67.32279,100,46
1970-01-01 00:00:00.000000378,67.23628,100,46
1970-01-01 00:00:00.000000377,66.873215,100,47
1970-01-01 00:00:00.000000378,66.982124,100,47
1970-01-01 00:00:00.000000379,66.91337,100,47
1970-01-01 00:00:00.000000378,66.70245,100,48
1970-01-01 00:00:00.000000379,66.8164,100,48
1970-01-01 00:00:00.000000380,66.74551,100,48
1970-01-01 00:00:00.000000379,66.16364,100,49
1970-01-01 00:00:00.000000380,66.3049,100,49
1970-01-01 00:00:00.000000381,66.21079,100,49
1970-01-01 00:00:00.000000380,65.37532,100,50
1970-01-01 00:00:00.000000381,65.56611,100,50
1970-01-01 00:00:00.000000382,65.440254,100,50
1970-01-01 00:00:00.000000381,65.39342,100,51
1970-01-01 00:00:00.000000382,65.609535,100,51
1970-01-01 00:00:00.000000383,65.48742,100,51
1970-01-01 00:00:00.000000382,66.72706,100,52
1970-01-01 00:00:00.000000383,67.001656,100,52
1970-01-01 00:00:00.000000384,66.93599,100,52
1970-01-01 00:00:00.000000383,100.0,100,53
1970-01-01 00:00:00.000000384,100.0,100,53
1970-01-01 00:00:00.000000385,100.0,100,53
1970-01-01 00:00:00.000000384,93.12148,100,54
1970-01-01 00:00:00.000000385,94.31479,100,54
1970-01-01 00:00:00.000000386,89.74232,100,54
1970-01-01 00:00:00.000000385,89.877235,100,55
1970-01-01 00:00:00.000000386,87.774734,100,55
1970-01-01 00:00:00.000000387,83.994385,100,55
1970-01-01 00:00:00.000000386,99.738045,100,56
1970-01-01 00:00:00.000000387,99.63934,100,56
1970-01-01 00:00:00.000000388,99.53659,100,56
1970-01-01 00:00:00.000000142,46.51239,101,10
1970-01-01 00:00:00.000000143,46.946808,101,10
1970-01-01 00:00:00.000000144,46.690445,101,10
1970-01-01 00:00:00.000000143,47.466953,101,11
1970-01-01 00:00:00.000000144,47.974686,101,11
1970-01-01 00:00:00.000000145,47.65232,101,11
1970-01-01 00:00:00.000000144,49.56005,101,12
1970-01-01 00:00:00.000000145,50.18351,101,12
1970-01-01 00:00:00.000000146,49.759125,101,12
1970-01-01 00:00:00.000000145,51.766624,101,13
1970-01-01 00:00:00.000000146,52.57758,101,13
1970-01-01 00:00:00.000000147,52.06576,101,13
1970-01-01 00:00:00.000000146,52.796673,101,14
1970-01-01 00:00:00.000000147,53.575115,101,14
1970-01-01 00:00:00.000000148,52.99758,101,14
1970-01-01 00:00:00.000000147,53.98191,101,15
1970-01-01 00:00:00.000000148,54.61521,101,15
1970-01-01 00:00:00.000000149,54.078262,101,15
1970-01-01 00:00:00.000000148,55.805588,101,16
1970-01-01 00:00:00.000000149,56.403812,101,16
1970-01-01 00:00:00.000000150,55.95795,101,16
1970-01-01 00:00:00.000000149,56.943253,101,17
1970-01-01 00:00:00.000000150,57.49446,101,17
1970-01-01 00:00:00.000000151,57.064358,101,17
1970-01-01 00:00:00.000000150,58.16217,101,18
1970-01-01 00:00:00.000000151,58.676296,101,18
1970-01-01 00:00:00.000000152,58.246204,101,18
1970-01-01 00:00:00.000000151,59.63178,101,19
1970-01-01 00:00:00.000000152,60.140133,101,19
1970-01-01 00:00:00.000000153,59.728123,101,19
1970-01-01 00:00:00.000000152,60.07545,101,20
1970-01-01 00:00:00.000000153,60.49366,101,20
1970-01-01 00:00:00.000000154,60.122276,101,20
1970-01-01 00:00:00.000000153,60.51694,101,21
1970-01-01 00:00:00.000000154,60.81775,101,21
1970-01-01 00:00:00.000000155,60.531242,101,21
1970-01-01 00:00:00.000000187,69.86703,103,10
1970-01-01 00:00:00.000000188,70.163765,103,10
1970-01-01 00:00:00.000000189,70.04366,103,10
1970-01-01 00:00:00.000000188,70.419266,103,11
1970-01-01 00:00:00.000000189,70.72966,103,11
1970-01-01 00:00:00.000000190,70.60347,103,11
1970-01-01 00:00:00.000000189,70.678185,103,12
1970-01-01 00:00:00.000000190,70.93676,103,12
1970-01-01 00:00:00.000000191,70.828545,103,12
1970-01-01 00:00:00.000000190,71.05081,103,13
1970-01-01 00:00:00.000000191,71.28584,103,13
1970-01-01 00:00:00.000000192,71.18922,103,13
1970-01-01 00:00:00.000000191,71.83809,103,14
1970-01-01 00:00:00.000000192,72.10473,103,14
1970-01-01 00:00:00.000000193,72.00525,103,14
1970-01-01 00:00:00.000000192,72.302986,103,15
1970-01-01 00:00:00.000000193,72.59616,103,15
1970-01-01 00:00:00.000000194,72.47719,103,15
1970-01-01 00:00:00.000000193,72.55043,103,16
1970-01-01 00:00:00.000000194,72.82519,103,16
1970-01-01 00:00:00.000000195,72.705765,103,16
1970-01-01 00:00:00.000000194,73.41589,103,17
1970-01-01 00:00:00.000000195,73.70982,103,17
1970-01-01 00:00:00.000000196,73.590866,103,17
1970-01-01 00:00:00.000000195,73.70476,103,18
1970-01-01 00:00:00.000000196,73.98693,103,18
1970-01-01 00:00:00.000000197,73.86944,103,18
1970-01-01 00:00:00.000000196,73.79612,103,19
1970-01-01 00:00:00.000000197,74.03574,103,19
1970-01-01 00:00:00.000000198,73.92978,103,19
1970-01-01 00:00:00.000000197,73.53584,103,20
1970-01-01 00:00:00.000000198,73.66254,103,20
1970-01-01 00:00:00.000000199,73.591965,103,20
1970-01-01 00:00:00.000000198,73.76934,103,21
1970-01-01 00:00:00.000000199,73.87888,103,21
1970-01-01 00:00:00.000000200,73.824394,103,21
1970-01-01 00:00:00.000000199,74.31966,103,22
1970-01-01 00:00:00.000000200,74.46925,103,22
1970-01-01 00:00:00.000000201,74.40789,103,22
1970-01-01 00:00:00.000000200,74.611755,103,23
1970-01-01 00:00:00.000000201,74.796135,103,23
1970-01-01 00:00:00.000000202,74.71034,103,23
1970-01-01 00:00:00.000000201,74.515884,103,24
1970-01-01 00:00:00.000000202,74.67165,103,24
1970-01-01 00:00:00.000000203,74.58384,103,24
1970-01-01 00:00:00.000000202,75.17238,103,25
1970-01-01 00:00:00.000000203,75.34756,103,25
1970-01-01 00:00:00.000000204,75.2651,103,25
1970-01-01 00:00:00.000000203,75.18065,103,26
1970-01-01 00:00:00.000000204,75.3353,103,26
1970-01-01 00:00:00.000000205,75.256065,103,26
1970-01-01 00:00:00.000000204,74.61211,103,27
1970-01-01 00:00:00.000000205,74.71837,103,27
1970-01-01 00:00:00.000000206,74.642235,103,27
1970-01-01 00:00:00.000000205,74.93493,103,28
1970-01-01 00:00:00.000000206,75.04029,103,28
1970-01-01 00:00:00.000000207,74.97875,103,28
1970-01-01 00:00:00.000000206,74.63439,103,29
1970-01-01 00:00:00.000000207,74.73195,103,29
1970-01-01 00:00:00.000000208,74.66219,103,29
1970-01-01 00:00:00.000000080,95.942184,104,10
1970-01-01 00:00:00.000000081,94.07263,104,10
1970-01-01 00:00:00.000000082,92.57395,104,10
1970-01-01 00:00:00.000000190,59.98952,105,10
1970-01-01 00:00:00.000000191,60.269115,105,10
1970-01-01 00:00:00.000000192,60.09645,105,10
1970-01-01 00:00:00.000000191,61.28583,105,11
1970-01-01 00:00:00.000000192,61.52457,105,11
1970-01-01 00:00:00.000000193,61.210793,105,11
1970-01-01 00:00:00.000000192,62.928646,105,12
1970-01-01 00:00:00.000000193,63.1451,105,12
1970-01-01 00:00:00.000000194,62.678265,105,12
1970-01-01 00:00:00.000000193,64.06698,105,13
1970-01-01 00:00:00.000000194,64.29747,105,13
1970-01-01 00:00:00.000000195,63.80558,105,13
1970-01-01 00:00:00.000000194,62.64752,105,14
1970-01-01 00:00:00.000000195,62.75177,105,14
1970-01-01 00:00:00.000000196,62.434017,105,14
1970-01-01 00:00:00.000000195,63.79604,105,15
1970-01-01 00:00:00.000000196,63.92387,105,15
1970-01-01 00:00:00.000000197,63.813442,105,15
1970-01-01 00:00:00.000000196,63.871307,105,16
1970-01-01 00:00:00.000000197,63.961277,105,16
1970-01-01 00:00:00.000000198,63.903866,105,16
1970-01-01 00:00:00.000000197,65.69649,105,17
1970-01-01 00:00:00.000000198,65.973595,105,17
1970-01-01 00:00:00.000000199,65.88952,105,17
1970-01-01 00:00:00.000000198,65.26612,105,18
1970-01-01 00:00:00.000000199,65.45143,105,18
1970-01-01 00:00:00.000000200,65.33619,105,18
1970-01-01 00:00:00.000000199,62.899517,105,19
1970-01-01 00:00:00.000000200,62.920414,105,19
1970-01-01 00:00:00.000000201,62.74449,105,19
1970-01-01 00:00:00.000000200,63.816006,105,20
1970-01-01 00:00:00.000000201,63.85227,105,20
1970-01-01 00:00:00.000000202,63.6578,105,20
1970-01-01 00:00:00.000000201,64.46509,105,21
1970-01-01 00:00:00.000000202,64.52787,105,21
1970-01-01 00:00:00.000000203,64.34363,105,21
1970-01-01 00:00:00.000000202,66.45631,105,22
1970-01-01 00:00:00.000000203,66.65408,105,22
1970-01-01 00:00:00.000000204,66.405525,105,22
1970-01-01 00:00:00.000000203,68.13986,105,23
1970-01-01 00:00:00.000000204,68.46807,105,23
1970-01-01 00:00:00.000000205,68.07987,105,23
1970-01-01 00:00:00.000000204,66.969666,105,24
1970-01-01 00:00:00.000000205,67.25104,105,24
1970-01-01 00:00:00.000000206,66.9707,105,24
1970-01-01 00:00:00.000000205,66.0195,105,25
1970-01-01 00:00:00.000000206,66.19095,105,25
1970-01-01 00:00:00.000000207,66.0855,105,25
1970-01-01 00:00:00.000000206,66.180916,105,26
1970-01-01 00:00:00.000000207,66.45386,105,26
1970-01-01 00:00:00.000000208,66.43661,105,26
1970-01-01 00:00:00.000000207,65.617805,105,27
1970-01-01 00:00:00.000000208,65.87128,105,27
1970-01-01 00:00:00.000000209,65.84229,105,27
1970-01-01 00:00:00.000000208,63.323906,105,28
1970-01-01 00:00:00.000000209,63.30129,105,28
1970-01-01 00:00:00.000000210,63.035572,105,28
1970-01-01 00:00:00.000000209,62.067406,105,29
1970-01-01 00:00:00.000000210,61.985302,105,29
1970-01-01 00:00:00.000000211,61.53757,105,29
1970-01-01 00:00:00.000000281,57.463898,106,10
1970-01-01 00:00:00.000000282,57.538937,106,10
1970-01-01 00:00:00.000000283,57.44661,106,10
1970-01-01 00:00:00.000000282,57.08708,106,11
1970-01-01 00:00:00.000000283,57.126118,106,11
1970-01-01 00:00:00.000000284,57.04478,106,11
1970-01-01 00:00:00.000000283,57.447227,106,12
1970-01-01 00:00:00.000000284,57.5053,106,12
1970-01-01 00:00:00.000000285,57.43053,106,12
1970-01-01 00:00:00.000000284,57.04968,106,13
1970-01-01 00:00:00.000000285,57.08995,106,13
1970-01-01 00:00:00.000000286,57.006874,106,13
1970-01-01 00:00:00.000000285,56.85983,106,14
1970-01-01 00:00:00.000000286,56.90063,106,14
1970-01-01 00:00:00.000000287,56.815086,106,14
1970-01-01 00:00:00.000000286,56.673138,106,15
1970-01-01 00:00:00.000000287,56.722527,106,15
1970-01-01 00:00:00.000000288,56.62574,106,15
1970-01-01 00:00:00.000000287,56.657993,106,16
1970-01-01 00:00:00.000000288,56.706524,106,16
1970-01-01 00:00:00.000000289,56.620804,106,16
1970-01-01 00:00:00.000000288,56.651657,106,17
1970-01-01 00:00:00.000000289,56.697575,106,17
1970-01-01 00:00:00.000000290,56.61928,106,17
1970-01-01 00:00:00.000000289,56.830204,106,18
1970-01-01 00:00:00.000000290,56.882523,106,18
1970-01-01 00:00:00.000000291,56.80931,106,18
1970-01-01 00:00:00.000000290,56.43064,106,19
1970-01-01 00:00:00.000000291,56.46582,106,19
1970-01-01 00:00:00.000000292,56.385628,106,19
1970-01-01 00:00:00.000000291,56.333702,106,20
1970-01-01 00:00:00.000000292,56.375652,106,20
1970-01-01 00:00:00.000000293,56.292557,106,20
1970-01-01 00:00:00.000000292,55.760727,106,21
1970-01-01 00:00:00.000000293,55.80305,106,21
1970-01-01 00:00:00.000000294,55.68867,106,21
1970-01-01 00:00:00.000000293,55.93165,106,22
1970-01-01 00:00:00.000000294,55.987408,106,22
1970-01-01 00:00:00.000000295,55.887417,106,22
1970-01-01 00:00:00.000000294,55.949776,106,23
1970-01-01 00:00:00.000000295,56.00254,106,23
1970-01-01 00:00:00.000000296,55.913715,106,23
1970-01-01 00:00:00.000000295,55.34507,106,24
1970-01-01 00:00:00.000000296,55.372536,106,24
1970-01-01 00:00:00.000000297,55.27838,106,24
1970-01-01 00:00:00.000000296,55.184956,106,25
1970-01-01 00:00:00.000000297,55.227203,106,25
1970-01-01 00:00:00.000000298,55.119164,106,25
1970-01-01 00:00:00.000000297,54.960297,106,26
1970-01-01 00:00:00.000000298,55.00897,106,26
1970-01-01 00:00:00.000000299,54.89227,106,26
1970-01-01 00:00:00.000000298,54.644436,106,27
1970-01-01 00:00:00.000000299,54.683544,106,27
1970-01-01 00:00:00.000000300,54.57649,106,27
1970-01-01 00:00:00.000000299,54.519165,106,28
1970-01-01 00:00:00.000000300,54.562397,106,28
1970-01-01 00:00:00.000000301,54.458885,106,28
1970-01-01 00:00:00.000000300,53.828156,106,29
1970-01-01 00:00:00.000000301,53.862972,106,29
1970-01-01 00:00:00.000000302,53.734444,106,29
1970-01-01 00:00:00.000000301,53.767914,106,30
1970-01-01 00:00:00.000000302,53.8166,106,30
1970-01-01 00:00:00.000000303,53.6926,106,30
1970-01-01 00:00:00.000000302,53.61799,106,31
1970-01-01 00:00:00.000000303,53.667053,106,31
1970-01-01 00:00:00.000000304,53.54987,106,31
1970-01-01 00:00:00.000000303,53.135334,106,32
1970-01-01 00:00:00.000000304,53.165165,106,32
1970-01-01 00:00:00.000000305,53.056232,106,32
1970-01-01 00:00:00.000000304,53.18575,106,33
1970-01-01 00:00:00.000000305,53.229836,106,33
1970-01-01 00:00:00.000000306,53.12743,106,33
1970-01-01 00:00:00.000000305,52.652435,106,34
1970-01-01 00:00:00.000000306,52.68569,106,34
1970-01-01 00:00:00.000000307,52.57002,106,34
1970-01-01 00:00:00.000000306,51.81443,106,35
1970-01-01 00:00:00.000000307,51.843796,106,35
1970-01-01 00:00:00.000000308,51.689896,106,35
1970-01-01 00:00:00.000000307,52.189907,106,36
1970-01-01 00:00:00.000000308,52.25479,106,36
1970-01-01 00:00:00.000000309,52.11483,106,36
1970-01-01 00:00:00.000000308,51.770493,106,37
1970-01-01 00:00:00.000000309,51.809998,106,37
1970-01-01 00:00:00.000000310,51.690033,106,37
1970-01-01 00:00:00.000000309,51.169666,106,38
1970-01-01 00:00:00.000000310,51.1913,106,38
1970-01-01 00:00:00.000000311,51.072365,106,38
1970-01-01 00:00:00.000000310,51.01598,106,39
1970-01-01 00:00:00.000000311,51.04906,106,39
1970-01-01 00:00:00.000000312,50.90646,106,39
1970-01-01 00:00:00.000000311,52.85265,106,40
1970-01-01 00:00:00.000000312,53.05495,106,40
1970-01-01 00:00:00.000000313,52.970295,106,40
1970-01-01 00:00:00.000000312,81.08758,106,41
1970-01-01 00:00:00.000000313,84.32061,106,41
1970-01-01 00:00:00.000000314,82.741196,106,41
1970-01-01 00:00:00.000000313,100.0,106,42
1970-01-01 00:00:00.000000314,100.0,106,42
1970-01-01 00:00:00.000000315,100.0,106,42
1970-01-01 00:00:00.000000314,88.174576,106,43
1970-01-01 00:00:00.000000315,83.78998,106,43
1970-01-01 00:00:00.000000316,78.3067,106,43
1970-01-01 00:00:00.000000315,90.90802,106,44
1970-01-01 00:00:00.000000316,86.45799,106,44
1970-01-01 00:00:00.000000317,82.94869,106,44
1970-01-01 00:00:00.000000316,99.81579,106,45
1970-01-01 00:00:00.000000317,99.68852,106,45
1970-01-01 00:00:00.000000318,99.59912,106,45
1970-01-01 00:00:00.000000083,98.98286,107,10
1970-01-01 00:00:00.000000084,98.5721,107,10
1970-01-01 00:00:00.000000085,98.16518,107,10
1970-01-01 00:00:00.000000213,63.473194,108,10
1970-01-01 00:00:00.000000214,63.567993,108,10
1970-01-01 00:00:00.000000215,63.591007,108,10
1970-01-01 00:00:00.000000214,63.807884,108,11
1970-01-01 00:00:00.000000215,63.895638,108,11
1970-01-01 00:00:00.000000216,63.919556,108,11
1970-01-01 00:00:00.000000215,64.26199,108,12
1970-01-01 00:00:00.000000216,64.36248,108,12
1970-01-01 00:00:00.000000217,64.38066,108,12
1970-01-01 00:00:00.000000216,64.07325,108,13
1970-01-01 00:00:00.000000217,64.150826,108,13
1970-01-01 00:00:00.000000218,64.16097,108,13
1970-01-01 00:00:00.000000217,63.905216,108,14
1970-01-01 00:00:00.000000218,63.961617,108,14
1970-01-01 00:00:00.000000219,63.96968,108,14
1970-01-01 00:00:00.000000218,64.04448,108,15
1970-01-01 00:00:00.000000219,64.1054,108,15
1970-01-01 00:00:00.000000220,64.1167,108,15
1970-01-01 00:00:00.000000219,64.50303,108,16
1970-01-01 00:00:00.000000220,64.59233,108,16
1970-01-01 00:00:00.000000221,64.60669,108,16
1970-01-01 00:00:00.000000220,64.57791,108,17
1970-01-01 00:00:00.000000221,64.66908,108,17
1970-01-01 00:00:00.000000222,64.68148,108,17
1970-01-01 00:00:00.000000221,65.06336,108,18
1970-01-01 00:00:00.000000222,65.1846,108,18
1970-01-01 00:00:00.000000223,65.20189,108,18
1970-01-01 00:00:00.000000222,64.4909,108,19
1970-01-01 00:00:00.000000223,64.555176,108,19
1970-01-01 00:00:00.000000224,64.56534,108,19
1970-01-01 00:00:00.000000223,64.50036,108,20
1970-01-01 00:00:00.000000224,64.56441,108,20
1970-01-01 00:00:00.000000225,64.57812,108,20
1970-01-01 00:00:00.000000224,64.92614,108,21
1970-01-01 00:00:00.000000225,65.01046,108,21
1970-01-01 00:00:00.000000226,65.02687,108,21
1970-01-01 00:00:00.000000225,65.41114,108,22
1970-01-01 00:00:00.000000226,65.52718,108,22
1970-01-01 00:00:00.000000227,65.543274,108,22
1970-01-01 00:00:00.000000226,65.53001,108,23
1970-01-01 00:00:00.000000227,65.65082,108,23
1970-01-01 00:00:00.000000228,65.666565,108,23
1970-01-01 00:00:00.000000227,65.92809,108,24
1970-01-01 00:00:00.000000228,66.056206,108,24
1970-01-01 00:00:00.000000229,66.07356,108,24
1970-01-01 00:00:00.000000228,65.4454,108,25
1970-01-01 00:00:00.000000229,65.51656,108,25
1970-01-01 00:00:00.000000230,65.52817,108,25
1970-01-01 00:00:00.000000229,65.31571,108,26
1970-01-01 00:00:00.000000230,65.37914,108,26
1970-01-01 00:00:00.000000231,65.392105,108,26
1970-01-01 00:00:00.000000230,66.32383,108,27
1970-01-01 00:00:00.000000231,66.44937,108,27
1970-01-01 00:00:00.000000232,66.471344,108,27
1970-01-01 00:00:00.000000231,67.04339,108,28
1970-01-01 00:00:00.000000232,67.23892,108,28
1970-01-01 00:00:00.000000233,67.26749,108,28
1970-01-01 00:00:00.000000232,67.29561,108,29
1970-01-01 00:00:00.000000233,67.506256,108,29
1970-01-01 00:00:00.000000234,67.53594,108,29
1970-01-01 00:00:00.000000233,68.206314,108,30
1970-01-01 00:00:00.000000234,68.43991,108,30
1970-01-01 00:00:00.000000235,68.47256,108,30
1970-01-01 00:00:00.000000234,68.819016,108,31
1970-01-01 00:00:00.000000235,69.056435,108,31
1970-01-01 00:00:00.000000236,69.08913,108,31
1970-01-01 00:00:00.000000235,69.36616,108,32
1970-01-01 00:00:00.000000236,69.59661,108,32
1970-01-01 00:00:00.000000237,69.62321,108,32
1970-01-01 00:00:00.000000236,69.881195,108,33
1970-01-01 00:00:00.000000237,70.10592,108,33
1970-01-01 00:00:00.000000238,70.13942,108,33
1970-01-01 00:00:00.000000083,69.29593,109,10
1970-01-01 00:00:00.000000084,69.9574,109,10
1970-01-01 00:00:00.000000085,70.17879,109,10
1970-01-01 00:00:00.000000505,74.028725,110,10
1970-01-01 00:00:00.000000506,74.10391,110,10
1970-01-01 00:00:00.000000507,74.03146,110,10
1970-01-01 00:00:00.000000506,73.995155,110,11
1970-01-01 00:00:00.000000507,74.0668,110,11
1970-01-01 00:00:00.000000508,73.99601,110,11
1970-01-01 00:00:00.000000507,74.13111,110,12
1970-01-01 00:00:00.000000508,74.20911,110,12
1970-01-01 00:00:00.000000509,74.13807,110,12
1970-01-01 00:00:00.000000508,74.123695,110,13
1970-01-01 00:00:00.000000509,74.197624,110,13
1970-01-01 00:00:00.000000510,74.1248,110,13
1970-01-01 00:00:00.000000509,74.59078,110,14
1970-01-01 00:00:00.000000510,74.69681,110,14
1970-01-01 00:00:00.000000511,74.61458,110,14
1970-01-01 00:00:00.000000510,74.859,110,15
1970-01-01 00:00:00.000000511,74.98249,110,15
1970-01-01 00:00:00.000000512,74.88343,110,15
1970-01-01 00:00:00.000000511,75.05552,110,16
1970-01-01 00:00:00.000000512,75.18545,110,16
1970-01-01 00:00:00.000000513,75.072876,110,16
1970-01-01 00:00:00.000000512,75.19553,110,17
1970-01-01 00:00:00.000000513,75.30556,110,17
1970-01-01 00:00:00.000000514,75.20408,110,17
1970-01-01 00:00:00.000000513,75.72681,110,18
1970-01-01 00:00:00.000000514,75.857445,110,18
1970-01-01 00:00:00.000000515,75.75153,110,18
1970-01-01 00:00:00.000000514,75.85723,110,19
1970-01-01 00:00:00.000000515,75.98011,110,19
1970-01-01 00:00:00.000000516,75.87,110,19
1970-01-01 00:00:00.000000515,76.0091,110,20
1970-01-01 00:00:00.000000516,76.12286,110,20
1970-01-01 00:00:00.000000517,76.01517,110,20
1970-01-01 00:00:00.000000516,76.16089,110,21
1970-01-01 00:00:00.000000517,76.25178,110,21
1970-01-01 00:00:00.000000518,76.16128,110,21
1970-01-01 00:00:00.000000517,76.64641,110,22
1970-01-01 00:00:00.000000518,76.758705,110,22
1970-01-01 00:00:00.000000519,76.65999,110,22
1970-01-01 00:00:00.000000518,76.34351,110,23
1970-01-01 00:00:00.000000519,76.417274,110,23
1970-01-01 00:00:00.000000520,76.32241,110,23
1970-01-01 00:00:00.000000519,75.89838,110,24
1970-01-01 00:00:00.000000520,75.948814,110,24
1970-01-01 00:00:00.000000521,75.853645,110,24
1970-01-01 00:00:00.000000520,75.004364,110,25
1970-01-01 00:00:00.000000521,75.07818,110,25
1970-01-01 00:00:00.000000522,74.92419,110,25
1970-01-01 00:00:00.000000521,74.68178,110,26
1970-01-01 00:00:00.000000522,74.79078,110,26
1970-01-01 00:00:00.000000523,74.61305,110,26
1970-01-01 00:00:00.000000522,74.38844,110,27
1970-01-01 00:00:00.000000523,74.49702,110,27
1970-01-01 00:00:00.000000524,74.33009,110,27
1970-01-01 00:00:00.000000523,73.786446,110,28
1970-01-01 00:00:00.000000524,73.868645,110,28
1970-01-01 00:00:00.000000525,73.7184,110,28
1970-01-01 00:00:00.000000524,73.169395,110,29
1970-01-01 00:00:00.000000525,73.26037,110,29
1970-01-01 00:00:00.000000526,73.08955,110,29
1970-01-01 00:00:00.000000525,72.879486,110,30
1970-01-01 00:00:00.000000526,72.983604,110,30
1970-01-01 00:00:00.000000527,72.81283,110,30
1970-01-01 00:00:00.000000526,72.544395,110,31
1970-01-01 00:00:00.000000527,72.637146,110,31
1970-01-01 00:00:00.000000528,72.48656,110,31
1970-01-01 00:00:00.000000527,72.18221,110,32
1970-01-01 00:00:00.000000528,72.263824,110,32
1970-01-01 00:00:00.000000529,72.13089,110,32
1970-01-01 00:00:00.000000528,72.26975,110,33
1970-01-01 00:00:00.000000529,72.352325,110,33
1970-01-01 00:00:00.000000530,72.24296,110,33
1970-01-01 00:00:00.000000529,72.60703,110,34
1970-01-01 00:00:00.000000530,72.68704,110,34
1970-01-01 00:00:00.000000531,72.60354,110,34
1970-01-01 00:00:00.000000530,72.46168,110,35
1970-01-01 00:00:00.000000531,72.52329,110,35
1970-01-01 00:00:00.000000532,72.44199,110,35
1970-01-01 00:00:00.000000531,72.55362,110,36
1970-01-01 00:00:00.000000532,72.617256,110,36
1970-01-01 00:00:00.000000533,72.53684,110,36
1970-01-01 00:00:00.000000532,71.960365,110,37
1970-01-01 00:00:00.000000533,72.005424,110,37
1970-01-01 00:00:00.000000534,71.91039,110,37
1970-01-01 00:00:00.000000533,70.592255,110,38
1970-01-01 00:00:00.000000534,70.6687,110,38
1970-01-01 00:00:00.000000535,70.47702,110,38
1970-01-01 00:00:00.000000534,70.38308,110,39
1970-01-01 00:00:00.000000535,70.51692,110,39
1970-01-01 00:00:00.000000536,70.292366,110,39
1970-01-01 00:00:00.000000535,69.583435,110,40
1970-01-01 00:00:00.000000536,69.70994,110,40
1970-01-01 00:00:00.000000537,69.478584,110,40
1970-01-01 00:00:00.000000536,69.11696,110,41
1970-01-01 00:00:00.000000537,69.2185,110,41
1970-01-01 00:00:00.000000538,69.02747,110,41
1970-01-01 00:00:00.000000537,68.44006,110,42
1970-01-01 00:00:00.000000538,68.55055,110,42
1970-01-01 00:00:00.000000539,68.34478,110,42
1970-01-01 00:00:00.000000538,66.9161,110,43
1970-01-01 00:00:00.000000539,67.03464,110,43
1970-01-01 00:00:00.000000540,66.76918,110,43
1970-01-01 00:00:00.000000539,65.741066,110,44
1970-01-01 00:00:00.000000540,65.9119,110,44
1970-01-01 00:00:00.000000541,65.58283,110,44
1970-01-01 00:00:00.000000540,64.339676,110,45
1970-01-01 00:00:00.000000541,64.54307,110,45
1970-01-01 00:00:00.000000542,64.158936,110,45
1970-01-01 00:00:00.000000541,63.390842,110,46
1970-01-01 00:00:00.000000542,63.5951,110,46
1970-01-01 00:00:00.000000543,63.229088,110,46
1970-01-01 00:00:00.000000542,62.51113,110,47
1970-01-01 00:00:00.000000543,62.702534,110,47
1970-01-01 00:00:00.000000544,62.361507,110,47
1970-01-01 00:00:00.000000543,62.37548,110,48
1970-01-01 00:00:00.000000544,62.537296,110,48
1970-01-01 00:00:00.000000545,62.283817,110,48
1970-01-01 00:00:00.000000544,61.33974,110,49
1970-01-01 00:00:00.000000545,61.460285,110,49
1970-01-01 00:00:00.000000546,61.228745,110,49
1970-01-01 00:00:00.000000545,60.183296,110,50
1970-01-01 00:00:00.000000546,60.31327,110,50
1970-01-01 00:00:00.000000547,60.054054,110,50
1970-01-01 00:00:00.000000546,59.287148,110,51
1970-01-01 00:00:00.000000547,59.46053,110,51
1970-01-01 00:00:00.000000548,59.156727,110,51
1970-01-01 00:00:00.000000547,57.521748,110,52
1970-01-01 00:00:00.000000548,57.70168,110,52
1970-01-01 00:00:00.000000549,57.33486,110,52
1970-01-01 00:00:00.000000548,56.844788,110,53
1970-01-01 00:00:00.000000549,57.047054,110,53
1970-01-01 00:00:00.000000550,56.685772,110,53
1970-01-01 00:00:00.000000549,55.40091,110,54
1970-01-01 00:00:00.000000550,55.598026,110,54
1970-01-01 00:00:00.000000551,55.21747,110,54
1970-01-01 00:00:00.000000550,56.872406,110,55
1970-01-01 00:00:00.000000551,57.060123,110,55
1970-01-01 00:00:00.000000552,56.843227,110,55
1970-01-01 00:00:00.000000551,56.3423,110,56
1970-01-01 00:00:00.000000552,56.443157,110,56
1970-01-01 00:00:00.000000553,56.289173,110,56
1970-01-01 00:00:00.000000552,55.336105,110,57
1970-01-01 00:00:00.000000553,55.385914,110,57
1970-01-01 00:00:00.000000554,55.23814,110,57
1970-01-01 00:00:00.000000553,54.668255,110,58
1970-01-01 00:00:00.000000554,54.76782,110,58
1970-01-01 00:00:00.000000555,54.559,110,58
1970-01-01 00:00:00.000000554,54.462494,110,59
1970-01-01 00:00:00.000000555,54.58063,110,59
1970-01-01 00:00:00.000000556,54.375957,110,59
1970-01-01 00:00:00.000000555,53.9655,110,60
1970-01-01 00:00:00.000000556,54.055798,110,60
1970-01-01 00:00:00.000000557,53.88378,110,60
1970-01-01 00:00:00.000000556,53.645245,110,61
1970-01-01 00:00:00.000000557,53.72477,110,61
1970-01-01 00:00:00.000000558,53.57934,110,61
1970-01-01 00:00:00.000000557,52.878048,110,62
1970-01-01 00:00:00.000000558,52.961464,110,62
1970-01-01 00:00:00.000000559,52.79028,110,62
1970-01-01 00:00:00.000000558,52.46286,110,63
1970-01-01 00:00:00.000000559,52.559338,110,63
1970-01-01 00:00:00.000000560,52.385525,110,63
1970-01-01 00:00:00.000000559,52.037357,110,64
1970-01-01 00:00:00.000000560,52.13952,110,64
1970-01-01 00:00:00.000000561,51.96637,110,64
1970-01-01 00:00:00.000000560,48.5043,110,65
1970-01-01 00:00:00.000000561,48.660637,110,65
1970-01-01 00:00:00.000000562,48.271023,110,65
1970-01-01 00:00:00.000000561,49.513077,110,66
1970-01-01 00:00:00.000000562,49.803097,110,66
1970-01-01 00:00:00.000000563,49.44438,110,66
1970-01-01 00:00:00.000000562,51.34528,110,67
1970-01-01 00:00:00.000000563,51.6627,110,67
1970-01-01 00:00:00.000000564,51.390297,110,67
1970-01-01 00:00:00.000000563,52.55126,110,68
1970-01-01 00:00:00.000000564,52.909668,110,68
1970-01-01 00:00:00.000000565,52.621223,110,68
1970-01-01 00:00:00.000000564,51.5497,110,69
1970-01-01 00:00:00.000000565,51.7764,110,69
1970-01-01 00:00:00.000000566,51.49549,110,69
1970-01-01 00:00:00.000000565,53.042183,110,70
1970-01-01 00:00:00.000000566,53.267193,110,70
1970-01-01 00:00:00.000000567,53.08161,110,70
1970-01-01 00:00:00.000000566,54.857273,110,71
1970-01-01 00:00:00.000000567,55.18719,110,71
1970-01-01 00:00:00.000000568,54.943798,110,71
1970-01-01 00:00:00.000000567,56.43574,110,72
1970-01-01 00:00:00.000000568,56.919083,110,72
1970-01-01 00:00:00.000000569,56.49776,110,72
1970-01-01 00:00:00.000000568,55.9609,110,73
1970-01-01 00:00:00.000000569,56.370018,110,73
1970-01-01 00:00:00.000000570,56.037796,110,73
1970-01-01 00:00:00.000000569,57.488075,110,74
1970-01-01 00:00:00.000000570,58.007244,110,74
1970-01-01 00:00:00.000000571,57.88405,110,74
1970-01-01 00:00:00.000000570,49.33874,110,75
1970-01-01 00:00:00.000000571,50.097054,110,75
1970-01-01 00:00:00.000000572,49.851448,110,75
1970-01-01 00:00:00.000000571,53.820183,110,76
1970-01-01 00:00:00.000000572,54.899376,110,76
1970-01-01 00:00:00.000000573,54.750237,110,76
1970-01-01 00:00:00.000000572,57.32255,110,77
1970-01-01 00:00:00.000000573,58.342648,110,77
1970-01-01 00:00:00.000000574,58.056038,110,77
1970-01-01 00:00:00.000000573,64.20662,110,78
1970-01-01 00:00:00.000000574,65.85964,110,78
1970-01-01 00:00:00.000000575,65.169876,110,78
1970-01-01 00:00:00.000000574,72.17674,110,79
1970-01-01 00:00:00.000000575,74.45525,110,79
1970-01-01 00:00:00.000000576,73.31123,110,79
1970-01-01 00:00:00.000000575,73.147804,110,80
1970-01-01 00:00:00.000000576,75.20709,110,80
1970-01-01 00:00:00.000000577,74.0347,110,80
1970-01-01 00:00:00.000000576,96.64233,110,81
1970-01-01 00:00:00.000000577,98.90218,110,81
1970-01-01 00:00:00.000000578,96.10785,110,81
1970-01-01 00:00:00.000000577,97.2878,110,82
1970-01-01 00:00:00.000000578,96.58638,110,82
1970-01-01 00:00:00.000000579,92.504456,110,82
1970-01-01 00:00:00.000000578,92.45418,110,83
1970-01-01 00:00:00.000000579,89.99537,110,83
1970-01-01 00:00:00.000000580,86.61793,110,83
1970-01-01 00:00:00.000000579,97.304565,110,84
1970-01-01 00:00:00.000000580,96.25388,110,84
1970-01-01 00:00:00.000000581,95.22716,110,84
1970-01-01 00:00:00.000000580,99.819695,110,85
1970-01-01 00:00:00.000000581,99.72264,110,85
1970-01-01 00:00:00.000000582,99.63845,110,85
1970-01-01 00:00:00.000000183,76.029945,112,10
1970-01-01 00:00:00.000000184,76.11,112,10
1970-01-01 00:00:00.000000185,76.01522,112,10
1970-01-01 00:00:00.000000184,76.35631,112,11
1970-01-01 00:00:00.000000185,76.39524,112,11
1970-01-01 00:00:00.000000186,76.3069,112,11
1970-01-01 00:00:00.000000185,75.12733,112,12
1970-01-01 00:00:00.000000186,75.18267,112,12
1970-01-01 00:00:00.000000187,75.079544,112,12
1970-01-01 00:00:00.000000186,70.15626,112,13
1970-01-01 00:00:00.000000187,70.4598,112,13
1970-01-01 00:00:00.000000188,70.11104,112,13
1970-01-01 00:00:00.000000187,63.90819,112,14
1970-01-01 00:00:00.000000188,64.49784,112,14
1970-01-01 00:00:00.000000189,63.782352,112,14
1970-01-01 00:00:00.000000188,64.26866,112,15
1970-01-01 00:00:00.000000189,64.499725,112,15
1970-01-01 00:00:00.000000190,63.455116,112,15
1970-01-01 00:00:00.000000189,64.626236,112,16
1970-01-01 00:00:00.000000190,64.90795,112,16
1970-01-01 00:00:00.000000191,64.2163,112,16
1970-01-01 00:00:00.000000190,65.16905,112,17
1970-01-01 00:00:00.000000191,65.27206,112,17
1970-01-01 00:00:00.000000192,65.15456,112,17
1970-01-01 00:00:00.000000191,65.49779,112,18
1970-01-01 00:00:00.000000192,65.58145,112,18
1970-01-01 00:00:00.000000193,65.51471,112,18
1970-01-01 00:00:00.000000192,65.8836,112,19
1970-01-01 00:00:00.000000193,65.997604,112,19
1970-01-01 00:00:00.000000194,65.92265,112,19
1970-01-01 00:00:00.000000193,66.01498,112,20
1970-01-01 00:00:00.000000194,66.13413,112,20
1970-01-01 00:00:00.000000195,66.04321,112,20
1970-01-01 00:00:00.000000194,65.45408,112,21
1970-01-01 00:00:00.000000195,65.52155,112,21
1970-01-01 00:00:00.000000196,65.43988,112,21
1970-01-01 00:00:00.000000195,65.89329,112,22
1970-01-01 00:00:00.000000196,65.983025,112,22
1970-01-01 00:00:00.000000197,65.921326,112,22
1970-01-01 00:00:00.000000196,65.95601,112,23
1970-01-01 00:00:00.000000197,66.0459,112,23
1970-01-01 00:00:00.000000198,65.98024,112,23
1970-01-01 00:00:00.000000197,66.13521,112,24
1970-01-01 00:00:00.000000198,66.23437,112,24
1970-01-01 00:00:00.000000199,66.164024,112,24
1970-01-01 00:00:00.000000198,66.57295,112,25
1970-01-01 00:00:00.000000199,66.69593,112,25
1970-01-01 00:00:00.000000200,66.6195,112,25
1970-01-01 00:00:00.000000199,66.82366,112,26
1970-01-01 00:00:00.000000200,66.95935,112,26
1970-01-01 00:00:00.000000201,66.86453,112,26
1970-01-01 00:00:00.000000200,66.69003,112,27
1970-01-01 00:00:00.000000201,66.8015,112,27
1970-01-01 00:00:00.000000202,66.71344,112,27
1970-01-01 00:00:00.000000201,67.32989,112,28
1970-01-01 00:00:00.000000202,67.49238,112,28
1970-01-01 00:00:00.000000203,67.42322,112,28
1970-01-01 00:00:00.000000172,68.60494,113,10
1970-01-01 00:00:00.000000173,68.74529,113,10
1970-01-01 00:00:00.000000174,68.69465,113,10
1970-01-01 00:00:00.000000173,68.43497,113,11
1970-01-01 00:00:00.000000174,68.560936,113,11
1970-01-01 00:00:00.000000175,68.5141,113,11
1970-01-01 00:00:00.000000174,68.183365,113,12
1970-01-01 00:00:00.000000175,68.33036,113,12
1970-01-01 00:00:00.000000176,68.273865,113,12
1970-01-01 00:00:00.000000175,67.738556,113,13
1970-01-01 00:00:00.000000176,67.900696,113,13
1970-01-01 00:00:00.000000177,67.83566,113,13
1970-01-01 00:00:00.000000176,67.636406,113,14
1970-01-01 00:00:00.000000177,67.80755,113,14
1970-01-01 00:00:00.000000178,67.74477,113,14
1970-01-01 00:00:00.000000177,67.800575,113,15
1970-01-01 00:00:00.000000178,67.950615,113,15
1970-01-01 00:00:00.000000179,67.898994,113,15
1970-01-01 00:00:00.000000178,67.09243,113,16
1970-01-01 00:00:00.000000179,67.216576,113,16
1970-01-01 00:00:00.000000180,67.15594,113,16
1970-01-01 00:00:00.000000179,67.15393,113,17
1970-01-01 00:00:00.000000180,67.29958,113,17
1970-01-01 00:00:00.000000181,67.242676,113,17
1970-01-01 00:00:00.000000180,66.19069,113,18
1970-01-01 00:00:00.000000181,66.38192,113,18
1970-01-01 00:00:00.000000182,66.29255,113,18
1970-01-01 00:00:00.000000181,66.18601,113,19
1970-01-01 00:00:00.000000182,66.38698,113,19
1970-01-01 00:00:00.000000183,66.30856,113,19
1970-01-01 00:00:00.000000182,65.35429,113,20
1970-01-01 00:00:00.000000183,65.59355,113,20
1970-01-01 00:00:00.000000184,65.496284,113,20
1970-01-01 00:00:00.000000183,65.0918,113,21
1970-01-01 00:00:00.000000184,65.31813,113,21
1970-01-01 00:00:00.000000185,65.23929,113,21
1970-01-01 00:00:00.000000184,64.08081,113,22
1970-01-01 00:00:00.000000185,64.36783,113,22
1970-01-01 00:00:00.000000186,64.25987,113,22
1970-01-01 00:00:00.000000185,63.91229,113,23
1970-01-01 00:00:00.000000186,64.19514,113,23
1970-01-01 00:00:00.000000187,64.09768,113,23
1970-01-01 00:00:00.000000186,64.32565,113,24
1970-01-01 00:00:00.000000187,64.57609,113,24
1970-01-01 00:00:00.000000188,64.50535,113,24
1970-01-01 00:00:00.000000187,64.57825,113,25
1970-01-01 00:00:00.000000188,64.780045,113,25
1970-01-01 00:00:00.000000189,64.75609,113,25
1970-01-01 00:00:00.000000188,63.682346,113,26
1970-01-01 00:00:00.000000189,63.89364,113,26
1970-01-01 00:00:00.000000190,63.876667,113,26
1970-01-01 00:00:00.000000157,54.9462,114,10
1970-01-01 00:00:00.000000158,55.00522,114,10
1970-01-01 00:00:00.000000159,54.93685,114,10
1970-01-01 00:00:00.000000158,54.78494,114,11
1970-01-01 00:00:00.000000159,54.84167,114,11
1970-01-01 00:00:00.000000160,54.76992,114,11
1970-01-01 00:00:00.000000159,54.571476,114,12
1970-01-01 00:00:00.000000160,54.6324,114,12
1970-01-01 00:00:00.000000161,54.553143,114,12
1970-01-01 00:00:00.000000160,54.59591,114,13
1970-01-01 00:00:00.000000161,54.663887,114,13
1970-01-01 00:00:00.000000162,54.58857,114,13
1970-01-01 00:00:00.000000161,54.810646,114,14
1970-01-01 00:00:00.000000162,54.8858,114,14
1970-01-01 00:00:00.000000163,54.818592,114,14
1970-01-01 00:00:00.000000162,54.57456,114,15
1970-01-01 00:00:00.000000163,54.634483,114,15
1970-01-01 00:00:00.000000164,54.56562,114,15
1970-01-01 00:00:00.000000163,54.687733,114,16
1970-01-01 00:00:00.000000164,54.754665,114,16
1970-01-01 00:00:00.000000165,54.68797,114,16
1970-01-01 00:00:00.000000164,54.557823,114,17
1970-01-01 00:00:00.000000165,54.640717,114,17
1970-01-01 00:00:00.000000166,54.589977,114,17
1970-01-01 00:00:00.000000165,57.477627,114,18
1970-01-01 00:00:00.000000166,57.978115,114,18
1970-01-01 00:00:00.000000167,57.919327,114,18
1970-01-01 00:00:00.000000166,100.0,114,19
1970-01-01 00:00:00.000000167,100.0,114,19
1970-01-01 00:00:00.000000168,100.0,114,19
1970-01-01 00:00:00.000000167,95.66046,114,20
1970-01-01 00:00:00.000000168,96.060555,114,20
1970-01-01 00:00:00.000000169,91.221985,114,20
1970-01-01 00:00:00.000000168,88.13741,114,21
1970-01-01 00:00:00.000000169,84.372604,114,21
1970-01-01 00:00:00.000000170,79.72413,114,21
1970-01-01 00:00:00.000000169,97.30238,114,22
1970-01-01 00:00:00.000000170,96.22295,114,22
1970-01-01 00:00:00.000000171,95.26592,114,22
1970-01-01 00:00:00.000000170,99.83578,114,23
1970-01-01 00:00:00.000000171,99.740845,114,23
1970-01-01 00:00:00.000000172,99.66696,114,23
1970-01-01 00:00:00.000000086,92.32085,115,10
1970-01-01 00:00:00.000000087,91.23673,115,10
1970-01-01 00:00:00.000000088,88.04428,115,10
1970-01-01 00:00:00.000000087,96.08669,115,11
1970-01-01 00:00:00.000000088,94.69299,115,11
1970-01-01 00:00:00.000000089,93.25592,115,11
1970-01-01 00:00:00.000000096,70.19322,117,10
1970-01-01 00:00:00.000000097,70.301926,117,10
1970-01-01 00:00:00.000000098,70.22827,117,10
1970-01-01 00:00:00.000000097,70.42038,117,11
1970-01-01 00:00:00.000000098,70.53019,117,11
1970-01-01 00:00:00.000000099,70.46078,117,11
1970-01-01 00:00:00.000000098,70.4417,117,12
1970-01-01 00:00:00.000000099,70.53958,117,12
1970-01-01 00:00:00.000000100,70.474174,117,12
1970-01-01 00:00:00.000000082,68.07375,118,10
1970-01-01 00:00:00.000000083,69.74144,118,10
1970-01-01 00:00:00.000000084,70.3233,118,10
1970-01-01 00:00:00.000000109,50.71259,121,10
1970-01-01 00:00:00.000000110,50.83805,121,10
1970-01-01 00:00:00.000000111,50.753094,121,10
1970-01-01 00:00:00.000000110,50.525043,121,11
1970-01-01 00:00:00.000000111,50.689816,121,11
1970-01-01 00:00:00.000000112,50.591057,121,11
1970-01-01 00:00:00.000000111,50.54301,121,12
1970-01-01 00:00:00.000000112,50.70324,121,12
1970-01-01 00:00:00.000000113,50.613316,121,12
1970-01-01 00:00:00.000000112,51.47088,121,13
1970-01-01 00:00:00.000000113,51.663937,121,13
1970-01-01 00:00:00.000000114,51.58716,121,13
1970-01-01 00:00:00.000000113,51.89693,121,14
1970-01-01 00:00:00.000000114,52.16063,121,14
1970-01-01 00:00:00.000000115,52.04021,121,14
1970-01-01 00:00:00.000000114,52.891594,121,15
1970-01-01 00:00:00.000000115,53.28278,121,15
1970-01-01 00:00:00.000000116,53.105713,121,15
1970-01-01 00:00:00.000000165,71.24657,122,10
1970-01-01 00:00:00.000000166,71.09069,122,10
1970-01-01 00:00:00.000000167,70.68156,122,10
1970-01-01 00:00:00.000000166,67.942085,122,11
1970-01-01 00:00:00.000000167,67.419945,122,11
1970-01-01 00:00:00.000000168,66.865814,122,11
1970-01-01 00:00:00.000000167,66.44215,122,12
1970-01-01 00:00:00.000000168,66.21275,122,12
1970-01-01 00:00:00.000000169,65.79356,122,12
1970-01-01 00:00:00.000000168,64.7564,122,13
1970-01-01 00:00:00.000000169,65.09741,122,13
1970-01-01 00:00:00.000000170,64.934135,122,13
1970-01-01 00:00:00.000000169,66.703094,122,14
1970-01-01 00:00:00.000000170,67.20183,122,14
1970-01-01 00:00:00.000000171,67.26283,122,14
1970-01-01 00:00:00.000000170,67.81785,122,15
1970-01-01 00:00:00.000000171,68.07952,122,15
1970-01-01 00:00:00.000000172,68.05213,122,15
1970-01-01 00:00:00.000000171,68.01191,122,16
1970-01-01 00:00:00.000000172,68.27068,122,16
1970-01-01 00:00:00.000000173,68.226105,122,16
1970-01-01 00:00:00.000000172,66.5213,122,17
1970-01-01 00:00:00.000000173,66.64725,122,17
1970-01-01 00:00:00.000000174,66.643776,122,17
1970-01-01 00:00:00.000000173,67.06337,122,18
1970-01-01 00:00:00.000000174,67.19553,122,18
1970-01-01 00:00:00.000000175,67.219055,122,18
1970-01-01 00:00:00.000000174,65.95065,122,19
1970-01-01 00:00:00.000000175,66.113655,122,19
1970-01-01 00:00:00.000000176,66.15165,122,19
1970-01-01 00:00:00.000000175,64.089966,122,20
1970-01-01 00:00:00.000000176,64.27007,122,20
1970-01-01 00:00:00.000000177,64.31463,122,20
1970-01-01 00:00:00.000000176,63.096577,122,21
1970-01-01 00:00:00.000000177,63.730816,122,21
1970-01-01 00:00:00.000000178,63.997284,122,21
1970-01-01 00:00:00.000000177,60.761448,122,22
1970-01-01 00:00:00.000000178,61.017925,122,22
1970-01-01 00:00:00.000000179,60.983944,122,22
1970-01-01 00:00:00.000000178,61.549732,122,23
1970-01-01 00:00:00.000000179,61.5064,122,23
1970-01-01 00:00:00.000000180,61.289864,122,23
1970-01-01 00:00:00.000000179,63.533756,122,24
1970-01-01 00:00:00.000000180,63.611465,122,24
1970-01-01 00:00:00.000000181,63.46226,122,24
1970-01-01 00:00:00.000000180,62.768433,122,25
1970-01-01 00:00:00.000000181,63.153748,122,25
1970-01-01 00:00:00.000000182,63.21917,122,25
1970-01-01 00:00:00.000000101,69.33879,123,10
1970-01-01 00:00:00.000000102,69.31403,123,10
1970-01-01 00:00:00.000000103,69.28148,123,10
1970-01-01 00:00:00.000000102,68.464355,123,11
1970-01-01 00:00:00.000000103,68.265305,123,11
1970-01-01 00:00:00.000000104,68.12991,123,11
1970-01-01 00:00:00.000000103,67.338844,123,12
1970-01-01 00:00:00.000000104,67.138145,123,12
1970-01-01 00:00:00.000000105,66.9959,123,12
1970-01-01 00:00:00.000000104,65.69274,123,13
1970-01-01 00:00:00.000000105,65.836624,123,13
1970-01-01 00:00:00.000000106,65.908035,123,13
1970-01-01 00:00:00.000000105,64.28821,123,14
1970-01-01 00:00:00.000000106,64.787704,123,14
1970-01-01 00:00:00.000000107,65.112495,123,14
1970-01-01 00:00:00.000000107,69.06774,124,10
1970-01-01 00:00:00.000000108,70.34061,124,10
1970-01-01 00:00:00.000000109,69.926056,124,10
1970-01-01 00:00:00.000000108,100.0,124,11
1970-01-01 00:00:00.000000109,100.0,124,11
1970-01-01 00:00:00.000000110,100.0,124,11
1970-01-01 00:00:00.000000109,88.788925,124,12
1970-01-01 00:00:00.000000110,83.86816,124,12
1970-01-01 00:00:00.000000111,77.590004,124,12
1970-01-01 00:00:00.000000110,88.404175,124,13
1970-01-01 00:00:00.000000111,82.6195,124,13
1970-01-01 00:00:00.000000112,78.15197,124,13
1970-01-01 00:00:00.000000111,99.817986,124,14
1970-01-01 00:00:00.000000112,99.68919,124,14
1970-01-01 00:00:00.000000113,99.60419,124,14
1970-01-01 00:00:00.000000164,55.88806,125,10
1970-01-01 00:00:00.000000165,55.937187,125,10
1970-01-01 00:00:00.000000166,55.8648,125,10
1970-01-01 00:00:00.000000165,55.817513,125,11
1970-01-01 00:00:00.000000166,55.867687,125,11
1970-01-01 00:00:00.000000167,55.793205,125,11
1970-01-01 00:00:00.000000166,56.061466,125,12
1970-01-01 00:00:00.000000167,56.119522,125,12
1970-01-01 00:00:00.000000168,56.05431,125,12
1970-01-01 00:00:00.000000167,55.197163,125,13
1970-01-01 00:00:00.000000168,55.23926,125,13
1970-01-01 00:00:00.000000169,55.152695,125,13
1970-01-01 00:00:00.000000168,55.87539,125,14
1970-01-01 00:00:00.000000169,55.96582,125,14
1970-01-01 00:00:00.000000170,55.894257,125,14
1970-01-01 00:00:00.000000169,55.89787,125,15
1970-01-01 00:00:00.000000170,55.984444,125,15
1970-01-01 00:00:00.000000171,55.90425,125,15
1970-01-01 00:00:00.000000170,55.320232,125,16
1970-01-01 00:00:00.000000171,55.37622,125,16
1970-01-01 00:00:00.000000172,55.294704,125,16
1970-01-01 00:00:00.000000171,55.249542,125,17
1970-01-01 00:00:00.000000172,55.35599,125,17
1970-01-01 00:00:00.000000173,55.299633,125,17
1970-01-01 00:00:00.000000172,56.01054,125,18
1970-01-01 00:00:00.000000173,56.183792,125,18
1970-01-01 00:00:00.000000174,56.145977,125,18
1970-01-01 00:00:00.000000173,55.516945,125,19
1970-01-01 00:00:00.000000174,55.6452,125,19
1970-01-01 00:00:00.000000175,55.597458,125,19
1970-01-01 00:00:00.000000174,70.37815,125,20
1970-01-01 00:00:00.000000175,73.14273,125,20
1970-01-01 00:00:00.000000176,72.68648,125,20
1970-01-01 00:00:00.000000175,100.0,125,21
1970-01-01 00:00:00.000000176,100.0,125,21
1970-01-01 00:00:00.000000177,100.0,125,21
1970-01-01 00:00:00.000000176,90.32186,125,22
1970-01-01 00:00:00.000000177,90.66609,125,22
1970-01-01 00:00:00.000000178,84.7913,125,22
1970-01-01 00:00:00.000000177,89.264885,125,23
1970-01-01 00:00:00.000000178,86.35403,125,23
1970-01-01 00:00:00.000000179,82.2947,125,23
1970-01-01 00:00:00.000000178,99.80885,125,24
1970-01-01 00:00:00.000000179,99.6983,125,24
1970-01-01 00:00:00.000000180,99.60548,125,24
1970-01-01 00:00:00.000000208,53.380016,126,10
1970-01-01 00:00:00.000000209,53.708485,126,10
1970-01-01 00:00:00.000000210,53.288933,126,10
1970-01-01 00:00:00.000000209,53.122505,126,11
1970-01-01 00:00:00.000000210,53.32834,126,11
1970-01-01 00:00:00.000000211,53.106224,126,11
1970-01-01 00:00:00.000000210,54.56435,126,12
1970-01-01 00:00:00.000000211,54.739433,126,12
1970-01-01 00:00:00.000000212,54.637608,126,12
1970-01-01 00:00:00.000000211,56.348526,126,13
1970-01-01 00:00:00.000000212,56.708828,126,13
1970-01-01 00:00:00.000000213,56.534,126,13
1970-01-01 00:00:00.000000212,57.69062,126,14
1970-01-01 00:00:00.000000213,58.260715,126,14
1970-01-01 00:00:00.000000214,57.98634,126,14
1970-01-01 00:00:00.000000213,58.86753,126,15
1970-01-01 00:00:00.000000214,59.50256,126,15
1970-01-01 00:00:00.000000215,59.203403,126,15
1970-01-01 00:00:00.000000214,60.40064,126,16
1970-01-01 00:00:00.000000215,61.074596,126,16
1970-01-01 00:00:00.000000216,60.7901,126,16
1970-01-01 00:00:00.000000215,61.74658,126,17
1970-01-01 00:00:00.000000216,62.42797,126,17
1970-01-01 00:00:00.000000217,62.162666,126,17
1970-01-01 00:00:00.000000216,64.95343,126,18
1970-01-01 00:00:00.000000217,65.92799,126,18
1970-01-01 00:00:00.000000218,65.61927,126,18
1970-01-01 00:00:00.000000217,65.71649,126,19
1970-01-01 00:00:00.000000218,66.71672,126,19
1970-01-01 00:00:00.000000219,66.400406,126,19
1970-01-01 00:00:00.000000218,67.21714,126,20
1970-01-01 00:00:00.000000219,68.23461,126,20
1970-01-01 00:00:00.000000220,67.94573,126,20
1970-01-01 00:00:00.000000219,68.613075,126,21
1970-01-01 00:00:00.000000220,69.46455,126,21
1970-01-01 00:00:00.000000221,69.24237,126,21
1970-01-01 00:00:00.000000220,70.51335,126,22
1970-01-01 00:00:00.000000221,71.45573,126,22
1970-01-01 00:00:00.000000222,71.22842,126,22
1970-01-01 00:00:00.000000221,71.727516,126,23
1970-01-01 00:00:00.000000222,72.658516,126,23
1970-01-01 00:00:00.000000223,72.43185,126,23
1970-01-01 00:00:00.000000222,72.39288,126,24
1970-01-01 00:00:00.000000223,73.21712,126,24
1970-01-01 00:00:00.000000224,73.01313,126,24
1970-01-01 00:00:00.000000223,72.49232,126,25
1970-01-01 00:00:00.000000224,73.027145,126,25
1970-01-01 00:00:00.000000225,72.88111,126,25
1970-01-01 00:00:00.000000224,72.61991,126,26
1970-01-01 00:00:00.000000225,72.915955,126,26
1970-01-01 00:00:00.000000226,72.83071,126,26
1970-01-01 00:00:00.000000225,72.45341,126,27
1970-01-01 00:00:00.000000226,72.59904,126,27
1970-01-01 00:00:00.000000227,72.55314,126,27
1970-01-01 00:00:00.000000226,72.38149,126,28
1970-01-01 00:00:00.000000227,72.511925,126,28
1970-01-01 00:00:00.000000228,72.471825,126,28
1970-01-01 00:00:00.000000227,73.052956,126,29
1970-01-01 00:00:00.000000228,73.231995,126,29
1970-01-01 00:00:00.000000229,73.1931,126,29
1970-01-01 00:00:00.000000228,74.05146,126,30
1970-01-01 00:00:00.000000229,74.38204,126,30
1970-01-01 00:00:00.000000230,74.309555,126,30
1970-01-01 00:00:00.000000229,75.41767,126,31
1970-01-01 00:00:00.000000230,75.987045,126,31
1970-01-01 00:00:00.000000231,75.857605,126,31
1970-01-01 00:00:00.000000230,75.49344,126,32
1970-01-01 00:00:00.000000231,76.04334,126,32
1970-01-01 00:00:00.000000232,75.89863,126,32
1970-01-01 00:00:00.000000188,66.56214,127,10
1970-01-01 00:00:00.000000189,66.7155,127,10
1970-01-01 00:00:00.000000190,66.78004,127,10
1970-01-01 00:00:00.000000189,66.61857,127,11
1970-01-01 00:00:00.000000190,66.77781,127,11
1970-01-01 00:00:00.000000191,66.84605,127,11
1970-01-01 00:00:00.000000190,66.96703,127,12
1970-01-01 00:00:00.000000191,67.140755,127,12
1970-01-01 00:00:00.000000192,67.20446,127,12
1970-01-01 00:00:00.000000191,66.92473,127,13
1970-01-01 00:00:00.000000192,67.08449,127,13
1970-01-01 00:00:00.000000193,67.13632,127,13
1970-01-01 00:00:00.000000192,66.092285,127,14
1970-01-01 00:00:00.000000193,66.24093,127,14
1970-01-01 00:00:00.000000194,66.29298,127,14
1970-01-01 00:00:00.000000193,65.72371,127,15
1970-01-01 00:00:00.000000194,65.95096,127,15
1970-01-01 00:00:00.000000195,66.03692,127,15
1970-01-01 00:00:00.000000194,65.56854,127,16
1970-01-01 00:00:00.000000195,65.846275,127,16
1970-01-01 00:00:00.000000196,65.95494,127,16
1970-01-01 00:00:00.000000195,65.491714,127,17
1970-01-01 00:00:00.000000196,65.698296,127,17
1970-01-01 00:00:00.000000197,65.77607,127,17
1970-01-01 00:00:00.000000196,65.10744,127,18
1970-01-01 00:00:00.000000197,65.271866,127,18
1970-01-01 00:00:00.000000198,65.33061,127,18
1970-01-01 00:00:00.000000197,65.09681,127,19
1970-01-01 00:00:00.000000198,65.26083,127,19
1970-01-01 00:00:00.000000199,65.317406,127,19
1970-01-01 00:00:00.000000198,65.185326,127,20
1970-01-01 00:00:00.000000199,65.34406,127,20
1970-01-01 00:00:00.000000200,65.39713,127,20
1970-01-01 00:00:00.000000199,65.35885,127,21
1970-01-01 00:00:00.000000200,65.50645,127,21
1970-01-01 00:00:00.000000201,65.5501,127,21
1970-01-01 00:00:00.000000200,64.67318,127,22
1970-01-01 00:00:00.000000201,64.76961,127,22
1970-01-01 00:00:00.000000202,64.78556,127,22
1970-01-01 00:00:00.000000201,65.35737,127,23
1970-01-01 00:00:00.000000202,65.49843,127,23
1970-01-01 00:00:00.000000203,65.52228,127,23
1970-01-01 00:00:00.000000202,63.840908,127,24
1970-01-01 00:00:00.000000203,64.01526,127,24
1970-01-01 00:00:00.000000204,64.0373,127,24
1970-01-01 00:00:00.000000203,62.177166,127,25
1970-01-01 00:00:00.000000204,62.574364,127,25
1970-01-01 00:00:00.000000205,62.639015,127,25
1970-01-01 00:00:00.000000204,60.346992,127,26
1970-01-01 00:00:00.000000205,61.013813,127,26
1970-01-01 00:00:00.000000206,61.117302,127,26
1970-01-01 00:00:00.000000205,58.48014,127,27
1970-01-01 00:00:00.000000206,59.215176,127,27
1970-01-01 00:00:00.000000207,59.318535,127,27
1970-01-01 00:00:00.000000206,55.812275,127,28
1970-01-01 00:00:00.000000207,56.631157,127,28
1970-01-01 00:00:00.000000208,56.757378,127,28
1970-01-01 00:00:00.000000207,52.7817,127,29
1970-01-01 00:00:00.000000208,53.722496,127,29
1970-01-01 00:00:00.000000209,53.892254,127,29
1970-01-01 00:00:00.000000082,99.8314,129,10
1970-01-01 00:00:00.000000083,99.73969,129,10
1970-01-01 00:00:00.000000084,99.662865,129,10
