sequence_index,gran1_blain,block_idx,fcst_origin
1970-01-01 00:00:00.000000009,3761.0767,82,8
1970-01-01 00:00:00.000000010,3754.2537,82,8
1970-01-01 00:00:00.000000011,3746.4778,82,8
1970-01-01 00:00:00.000000012,3756.6726,82,8
1970-01-01 00:00:00.000000010,3764.1228,82,9
1970-01-01 00:00:00.000000011,3754.8477,82,9
1970-01-01 00:00:00.000000012,3763.0684,82,9
1970-01-01 00:00:00.000000013,3758.7031,82,9
1970-01-01 00:00:00.000000011,3748.4802,82,10
1970-01-01 00:00:00.000000012,3753.9607,82,10
1970-01-01 00:00:00.000000013,3744.3616,82,10
1970-01-01 00:00:00.000000014,3741.3633,82,10
1970-01-01 00:00:00.000000012,3737.155,82,11
1970-01-01 00:00:00.000000013,3727.4846,82,11
1970-01-01 00:00:00.000000014,3725.279,82,11
1970-01-01 00:00:00.000000015,3725.7375,82,11
1970-01-01 00:00:00.000000013,3748.1614,82,12
1970-01-01 00:00:00.000000014,3752.9873,82,12
1970-01-01 00:00:00.000000015,3762.34,82,12
1970-01-01 00:00:00.000000016,3758.6313,82,12
1970-01-01 00:00:00.000000014,3752.5295,82,13
1970-01-01 00:00:00.000000015,3761.7788,82,13
1970-01-01 00:00:00.000000016,3760.7134,82,13
1970-01-01 00:00:00.000000017,3757.9236,82,13
1970-01-01 00:00:00.000000015,3767.1482,82,14
1970-01-01 00:00:00.000000016,3769.18,82,14
1970-01-01 00:00:00.000000017,3775.1487,82,14
1970-01-01 00:00:00.000000018,3771.5317,82,14
1970-01-01 00:00:00.000000016,3809.284,82,15
1970-01-01 00:00:00.000000017,3823.596,82,15
1970-01-01 00:00:00.000000018,3835.607,82,15
1970-01-01 00:00:00.000000019,3822.3093,82,15
1970-01-01 00:00:00.000000017,3850.3376,82,16
1970-01-01 00:00:00.000000018,3872.7532,82,16
1970-01-01 00:00:00.000000019,3875.01,82,16
1970-01-01 00:00:00.000000020,3867.1768,82,16
1970-01-01 00:00:00.000000018,3887.8364,82,17
1970-01-01 00:00:00.000000019,3895.5276,82,17
1970-01-01 00:00:00.000000020,3898.8252,82,17
1970-01-01 00:00:00.000000021,3892.326,82,17
1970-01-01 00:00:00.000000019,3921.3223,82,18
1970-01-01 00:00:00.000000020,3930.9226,82,18
1970-01-01 00:00:00.000000021,3932.119,82,18
1970-01-01 00:00:00.000000022,3922.7664,82,18
1970-01-01 00:00:00.000000020,3925.8975,82,19
1970-01-01 00:00:00.000000021,3923.5608,82,19
1970-01-01 00:00:00.000000022,3908.0662,82,19
1970-01-01 00:00:00.000000023,3900.8342,82,19
1970-01-01 00:00:00.000000021,3926.1643,82,20
1970-01-01 00:00:00.000000022,3906.639,82,20
1970-01-01 00:00:00.000000023,3894.1345,82,20
1970-01-01 00:00:00.000000024,3882.0427,82,20
1970-01-01 00:00:00.000000022,3911.7202,82,21
1970-01-01 00:00:00.000000023,3889.3367,82,21
1970-01-01 00:00:00.000000024,3863.2588,82,21
1970-01-01 00:00:00.000000025,3841.3096,82,21
1970-01-01 00:00:00.000000023,3889.6824,82,22
1970-01-01 00:00:00.000000024,3862.3213,82,22
1970-01-01 00:00:00.000000025,3833.8562,82,22
1970-01-01 00:00:00.000000026,3810.8352,82,22
1970-01-01 00:00:00.000000024,3886.0586,82,23
1970-01-01 00:00:00.000000025,3857.7217,82,23
1970-01-01 00:00:00.000000026,3835.2354,82,23
1970-01-01 00:00:00.000000027,3806.439,82,23
1970-01-01 00:00:00.000000025,3883.4382,82,24
1970-01-01 00:00:00.000000026,3867.2102,82,24
1970-01-01 00:00:00.000000027,3845.4216,82,24
1970-01-01 00:00:00.000000028,3813.589,82,24
1970-01-01 00:00:00.000000026,3876.716,82,25
1970-01-01 00:00:00.000000027,3855.26,82,25
1970-01-01 00:00:00.000000028,3828.6567,82,25
1970-01-01 00:00:00.000000029,3808.7217,82,25
1970-01-01 00:00:00.000000027,3884.5386,82,26
1970-01-01 00:00:00.000000028,3863.288,82,26
1970-01-01 00:00:00.000000029,3852.2966,82,26
1970-01-01 00:00:00.000000030,3830.8247,82,26
1970-01-01 00:00:00.000000028,3894.8508,82,27
1970-01-01 00:00:00.000000029,3889.9133,82,27
1970-01-01 00:00:00.000000030,3877.2122,82,27
1970-01-01 00:00:00.000000031,3867.1956,82,27
1970-01-01 00:00:00.000000029,3894.9814,82,28
1970-01-01 00:00:00.000000030,3882.8271,82,28
1970-01-01 00:00:00.000000031,3873.3108,82,28
1970-01-01 00:00:00.000000032,3866.733,82,28
1970-01-01 00:00:00.000000030,3918.9658,82,29
1970-01-01 00:00:00.000000031,3914.6606,82,29
1970-01-01 00:00:00.000000032,3917.8616,82,29
1970-01-01 00:00:00.000000033,3908.4858,82,29
1970-01-01 00:00:00.000000031,3923.674,82,30
1970-01-01 00:00:00.000000032,3926.7905,82,30
1970-01-01 00:00:00.000000033,3917.1284,82,30
1970-01-01 00:00:00.000000034,3911.1711,82,30
1970-01-01 00:00:00.000000032,3930.1895,82,31
1970-01-01 00:00:00.000000033,3920.5354,82,31
1970-01-01 00:00:00.000000034,3915.5684,82,31
1970-01-01 00:00:00.000000035,3911.8584,82,31
1970-01-01 00:00:00.000000033,3945.746,82,32
1970-01-01 00:00:00.000000034,3943.8518,82,32
1970-01-01 00:00:00.000000035,3944.0754,82,32
1970-01-01 00:00:00.000000036,3935.946,82,32
1970-01-01 00:00:00.000000034,3941.7239,82,33
1970-01-01 00:00:00.000000035,3936.5667,82,33
1970-01-01 00:00:00.000000036,3923.5757,82,33
1970-01-01 00:00:00.000000037,3919.9646,82,33
1970-01-01 00:00:00.000000035,3948.8882,82,34
1970-01-01 00:00:00.000000036,3934.7231,82,34
1970-01-01 00:00:00.000000037,3931.7034,82,34
1970-01-01 00:00:00.000000038,3924.76,82,34
1970-01-01 00:00:00.000000036,3962.326,82,35
1970-01-01 00:00:00.000000037,3961.6968,82,35
1970-01-01 00:00:00.000000038,3957.3132,82,35
1970-01-01 00:00:00.000000039,3947.8862,82,35
1970-01-01 00:00:00.000000037,3957.253,82,36
1970-01-01 00:00:00.000000038,3951.2659,82,36
1970-01-01 00:00:00.000000039,3937.5964,82,36
1970-01-01 00:00:00.000000040,3932.6995,82,36
1970-01-01 00:00:00.000000038,3980.6577,82,37
1970-01-01 00:00:00.000000039,3974.2568,82,37
1970-01-01 00:00:00.000000040,3978.6528,82,37
1970-01-01 00:00:00.000000041,3965.808,82,37
1970-01-01 00:00:00.000000039,3994.7004,82,38
1970-01-01 00:00:00.000000040,4001.7085,82,38
1970-01-01 00:00:00.000000041,3992.8535,82,38
1970-01-01 00:00:00.000000042,3981.0972,82,38
1970-01-01 00:00:00.000000040,3985.9329,82,39
1970-01-01 00:00:00.000000041,3975.4932,82,39
1970-01-01 00:00:00.000000042,3961.7695,82,39
1970-01-01 00:00:00.000000043,3958.163,82,39
1970-01-01 00:00:00.000000041,3994.8945,82,40
1970-01-01 00:00:00.000000042,3983.677,82,40
1970-01-01 00:00:00.000000043,3983.1438,82,40
1970-01-01 00:00:00.000000044,3973.931,82,40
1970-01-01 00:00:00.000000042,3987.4656,82,41
1970-01-01 00:00:00.000000043,3984.1895,82,41
1970-01-01 00:00:00.000000044,3969.843,82,41
1970-01-01 00:00:00.000000045,3961.0024,82,41
1970-01-01 00:00:00.000000043,3969.3818,82,42
1970-01-01 00:00:00.000000044,3952.1653,82,42
1970-01-01 00:00:00.000000045,3940.3613,82,42
1970-01-01 00:00:00.000000046,3934.5195,82,42
1970-01-01 00:00:00.000000044,3959.2627,82,43
1970-01-01 00:00:00.000000045,3946.0537,82,43
1970-01-01 00:00:00.000000046,3939.0886,82,43
1970-01-01 00:00:00.000000047,3930.2124,82,43
1970-01-01 00:00:00.000000045,3938.3076,82,44
1970-01-01 00:00:00.000000046,3925.422,82,44
1970-01-01 00:00:00.000000047,3908.0413,82,44
1970-01-01 00:00:00.000000048,3901.1252,82,44
1970-01-01 00:00:00.000000046,3923.1519,82,45
1970-01-01 00:00:00.000000047,3904.119,82,45
1970-01-01 00:00:00.000000048,3894.195,82,45
1970-01-01 00:00:00.000000049,3886.2744,82,45
1970-01-01 00:00:00.000000047,3914.2654,82,46
1970-01-01 00:00:00.000000048,3904.0996,82,46
1970-01-01 00:00:00.000000049,3895.3018,82,46
1970-01-01 00:00:00.000000050,3884.2864,82,46
1970-01-01 00:00:00.000000048,3896.006,82,47
1970-01-01 00:00:00.000000049,3884.277,82,47
1970-01-01 00:00:00.000000050,3868.1921,82,47
1970-01-01 00:00:00.000000051,3858.934,82,47
1970-01-01 00:00:00.000000049,3880.6038,82,48
1970-01-01 00:00:00.000000050,3862.7036,82,48
1970-01-01 00:00:00.000000051,3851.2341,82,48
1970-01-01 00:00:00.000000052,3840.3374,82,48
1970-01-01 00:00:00.000000050,3890.8696,82,49
1970-01-01 00:00:00.000000051,3884.359,82,49
1970-01-01 00:00:00.000000052,3881.4282,82,49
1970-01-01 00:00:00.000000053,3868.5647,82,49
1970-01-01 00:00:00.000000051,3891.46,82,50
1970-01-01 00:00:00.000000052,3894.372,82,50
1970-01-01 00:00:00.000000053,3886.2595,82,50
1970-01-01 00:00:00.000000054,3878.6985,82,50
1970-01-01 00:00:00.000000052,3900.5952,82,51
1970-01-01 00:00:00.000000053,3892.9485,82,51
1970-01-01 00:00:00.000000054,3889.528,82,51
1970-01-01 00:00:00.000000055,3880.8857,82,51
1970-01-01 00:00:00.000000053,3921.7434,82,52
1970-01-01 00:00:00.000000054,3923.8555,82,52
1970-01-01 00:00:00.000000055,3923.5303,82,52
1970-01-01 00:00:00.000000056,3911.8455,82,52
1970-01-01 00:00:00.000000054,3903.3008,82,53
1970-01-01 00:00:00.000000055,3898.5461,82,53
1970-01-01 00:00:00.000000056,3878.686,82,53
1970-01-01 00:00:00.000000057,3875.9148,82,53
1970-01-01 00:00:00.000000055,3910.2344,82,54
1970-01-01 00:00:00.000000056,3893.0146,82,54
1970-01-01 00:00:00.000000057,3894.1255,82,54
1970-01-01 00:00:00.000000058,3886.5,82,54
1970-01-01 00:00:00.000000056,3918.7742,82,55
1970-01-01 00:00:00.000000057,3918.5283,82,55
1970-01-01 00:00:00.000000058,3913.093,82,55
1970-01-01 00:00:00.000000059,3899.8127,82,55
1970-01-01 00:00:00.000000057,3906.722,82,56
1970-01-01 00:00:00.000000058,3898.3904,82,56
1970-01-01 00:00:00.000000059,3882.2795,82,56
1970-01-01 00:00:00.000000060,3876.9915,82,56
1970-01-01 00:00:00.000000058,3924.9888,82,57
1970-01-01 00:00:00.000000059,3915.0842,82,57
1970-01-01 00:00:00.000000060,3918.2185,82,57
1970-01-01 00:00:00.000000061,3909.8745,82,57
1970-01-01 00:00:00.000000009,3343.6,83,8
1970-01-01 00:00:00.000000010,3363.4375,83,8
1970-01-01 00:00:00.000000011,3388.0576,83,8
1970-01-01 00:00:00.000000012,3405.9688,83,8
1970-01-01 00:00:00.000000010,3359.4775,83,9
1970-01-01 00:00:00.000000011,3378.0925,83,9
1970-01-01 00:00:00.000000012,3391.9663,83,9
1970-01-01 00:00:00.000000013,3402.7544,83,9
1970-01-01 00:00:00.000000011,3354.0125,83,10
1970-01-01 00:00:00.000000012,3357.881,83,10
1970-01-01 00:00:00.000000013,3353.8293,83,10
1970-01-01 00:00:00.000000014,3365.3066,83,10
1970-01-01 00:00:00.000000012,3342.5344,83,11
1970-01-01 00:00:00.000000013,3336.1929,83,11
1970-01-01 00:00:00.000000014,3346.301,83,11
1970-01-01 00:00:00.000000015,3350.2617,83,11
1970-01-01 00:00:00.000000013,3329.1018,83,12
1970-01-01 00:00:00.000000014,3334.3972,83,12
1970-01-01 00:00:00.000000015,3331.2693,83,12
1970-01-01 00:00:00.000000016,3334.3667,83,12
1970-01-01 00:00:00.000000014,3312.337,83,13
1970-01-01 00:00:00.000000015,3303.7917,83,13
1970-01-01 00:00:00.000000016,3302.1794,83,13
1970-01-01 00:00:00.000000017,3311.6584,83,13
1970-01-01 00:00:00.000000015,3402.6528,83,14
1970-01-01 00:00:00.000000016,3407.0044,83,14
1970-01-01 00:00:00.000000017,3427.601,83,14
1970-01-01 00:00:00.000000018,3411.8237,83,14
1970-01-01 00:00:00.000000016,3434.974,83,15
1970-01-01 00:00:00.000000017,3455.9116,83,15
1970-01-01 00:00:00.000000018,3434.078,83,15
1970-01-01 00:00:00.000000019,3415.7625,83,15
1970-01-01 00:00:00.000000017,3448.8481,83,16
1970-01-01 00:00:00.000000018,3429.2437,83,16
1970-01-01 00:00:00.000000019,3406.2385,83,16
1970-01-01 00:00:00.000000020,3374.4824,83,16
1970-01-01 00:00:00.000000018,3461.846,83,17
1970-01-01 00:00:00.000000019,3442.782,83,17
1970-01-01 00:00:00.000000020,3416.9324,83,17
1970-01-01 00:00:00.000000021,3381.687,83,17
1970-01-01 00:00:00.000000019,3429.2124,83,18
1970-01-01 00:00:00.000000020,3404.315,83,18
1970-01-01 00:00:00.000000021,3372.2961,83,18
1970-01-01 00:00:00.000000022,3343.1445,83,18
1970-01-01 00:00:00.000000020,3415.7666,83,19
1970-01-01 00:00:00.000000021,3387.7974,83,19
1970-01-01 00:00:00.000000022,3367.1538,83,19
1970-01-01 00:00:00.000000023,3348.7722,83,19
1970-01-01 00:00:00.000000021,3443.9077,83,20
1970-01-01 00:00:00.000000022,3431.016,83,20
1970-01-01 00:00:00.000000023,3429.256,83,20
1970-01-01 00:00:00.000000024,3409.5913,83,20
1970-01-01 00:00:00.000000022,3458.005,83,21
1970-01-01 00:00:00.000000023,3458.5125,83,21
1970-01-01 00:00:00.000000024,3444.5176,83,21
1970-01-01 00:00:00.000000025,3427.3577,83,21
1970-01-01 00:00:00.000000023,3432.8894,83,22
1970-01-01 00:00:00.000000024,3416.848,83,22
1970-01-01 00:00:00.000000025,3397.7407,83,22
1970-01-01 00:00:00.000000026,3387.4673,83,22
1970-01-01 00:00:00.000000024,3426.1455,83,23
1970-01-01 00:00:00.000000025,3411.7305,83,23
1970-01-01 00:00:00.000000026,3414.0488,83,23
1970-01-01 00:00:00.000000027,3405.116,83,23
1970-01-01 00:00:00.000000025,3351.602,83,24
1970-01-01 00:00:00.000000026,3340.5183,83,24
1970-01-01 00:00:00.000000027,3315.7207,83,24
1970-01-01 00:00:00.000000028,3325.62,83,24
1970-01-01 00:00:00.000000026,3343.2227,83,25
1970-01-01 00:00:00.000000027,3314.5527,83,25
1970-01-01 00:00:00.000000028,3326.5337,83,25
1970-01-01 00:00:00.000000029,3338.558,83,25
1970-01-01 00:00:00.000000027,3384.5554,83,26
1970-01-01 00:00:00.000000028,3397.9104,83,26
1970-01-01 00:00:00.000000029,3412.053,83,26
1970-01-01 00:00:00.000000030,3414.1536,83,26
1970-01-01 00:00:00.000000028,3367.5793,83,27
1970-01-01 00:00:00.000000029,3378.865,83,27
1970-01-01 00:00:00.000000030,3369.3855,83,27
1970-01-01 00:00:00.000000031,3372.4265,83,27
1970-01-01 00:00:00.000000029,3457.9539,83,28
1970-01-01 00:00:00.000000030,3462.1387,83,28
1970-01-01 00:00:00.000000031,3487.773,83,28
1970-01-01 00:00:00.000000032,3474.9321,83,28
1970-01-01 00:00:00.000000030,3475.097,83,29
1970-01-01 00:00:00.000000031,3500.9934,83,29
1970-01-01 00:00:00.000000032,3485.5544,83,29
1970-01-01 00:00:00.000000033,3472.3206,83,29
1970-01-01 00:00:00.000000031,3444.8838,83,30
1970-01-01 00:00:00.000000032,3422.129,83,30
1970-01-01 00:00:00.000000033,3402.2056,83,30
1970-01-01 00:00:00.000000034,3392.5525,83,30
1970-01-01 00:00:00.000000032,3495.9602,83,31
1970-01-01 00:00:00.000000033,3484.9426,83,31
1970-01-01 00:00:00.000000034,3486.8853,83,31
1970-01-01 00:00:00.000000035,3472.9521,83,31
1970-01-01 00:00:00.000000033,3434.959,83,32
1970-01-01 00:00:00.000000034,3432.3335,83,32
1970-01-01 00:00:00.000000035,3406.6294,83,32
1970-01-01 00:00:00.000000036,3405.4937,83,32
1970-01-01 00:00:00.000000034,3394.8008,83,33
1970-01-01 00:00:00.000000035,3370.3352,83,33
1970-01-01 00:00:00.000000036,3372.4485,83,33
1970-01-01 00:00:00.000000037,3365.9783,83,33
1970-01-01 00:00:00.000000035,3378.8271,83,34
1970-01-01 00:00:00.000000036,3376.3806,83,34
1970-01-01 00:00:00.000000037,3370.118,83,34
1970-01-01 00:00:00.000000038,3357.988,83,34
1970-01-01 00:00:00.000000036,3290.2368,83,35
1970-01-01 00:00:00.000000037,3257.965,83,35
1970-01-01 00:00:00.000000038,3213.4744,83,35
1970-01-01 00:00:00.000000039,3186.0156,83,35
1970-01-01 00:00:00.000000037,3197.251,83,36
1970-01-01 00:00:00.000000038,3126.114,83,36
1970-01-01 00:00:00.000000039,3069.1995,83,36
1970-01-01 00:00:00.000000040,3033.3328,83,36
1970-01-01 00:00:00.000000038,3193.8147,83,37
1970-01-01 00:00:00.000000039,3135.6394,83,37
1970-01-01 00:00:00.000000040,3092.1724,83,37
1970-01-01 00:00:00.000000041,3047.8938,83,37
1970-01-01 00:00:00.000000039,3211.4348,83,38
1970-01-01 00:00:00.000000040,3188.2556,83,38
1970-01-01 00:00:00.000000041,3161.1057,83,38
1970-01-01 00:00:00.000000042,3119.4524,83,38
1970-01-01 00:00:00.000000040,3308.0918,83,39
1970-01-01 00:00:00.000000041,3313.4539,83,39
1970-01-01 00:00:00.000000042,3308.054,83,39
1970-01-01 00:00:00.000000043,3292.3281,83,39
1970-01-01 00:00:00.000000041,3455.0908,83,40
1970-01-01 00:00:00.000000042,3491.3208,83,40
1970-01-01 00:00:00.000000043,3517.9846,83,40
1970-01-01 00:00:00.000000044,3501.7656,83,40
1970-01-01 00:00:00.000000042,3433.7747,83,41
1970-01-01 00:00:00.000000043,3457.4165,83,41
1970-01-01 00:00:00.000000044,3433.9932,83,41
1970-01-01 00:00:00.000000045,3416.44,83,41
1970-01-01 00:00:00.000000043,3380.1985,83,42
1970-01-01 00:00:00.000000044,3351.5288,83,42
1970-01-01 00:00:00.000000045,3331.0051,83,42
1970-01-01 00:00:00.000000046,3319.682,83,42
1970-01-01 00:00:00.000000044,3360.0247,83,43
1970-01-01 00:00:00.000000045,3339.729,83,43
1970-01-01 00:00:00.000000046,3339.447,83,43
1970-01-01 00:00:00.000000047,3321.6062,83,43
1970-01-01 00:00:00.000000045,3382.6646,83,44
1970-01-01 00:00:00.000000046,3381.055,83,44
1970-01-01 00:00:00.000000047,3369.5647,83,44
1970-01-01 00:00:00.000000048,3358.6936,83,44
1970-01-01 00:00:00.000000046,3410.7263,83,45
1970-01-01 00:00:00.000000047,3404.9258,83,45
1970-01-01 00:00:00.000000048,3402.9973,83,45
1970-01-01 00:00:00.000000049,3394.9048,83,45
1970-01-01 00:00:00.000000047,3418.1716,83,46
1970-01-01 00:00:00.000000048,3417.5833,83,46
1970-01-01 00:00:00.000000049,3406.2537,83,46
1970-01-01 00:00:00.000000050,3390.7136,83,46
1970-01-01 00:00:00.000000048,3400.7173,83,47
1970-01-01 00:00:00.000000049,3380.8022,83,47
1970-01-01 00:00:00.000000050,3354.2295,83,47
1970-01-01 00:00:00.000000051,3342.2527,83,47
1970-01-01 00:00:00.000000049,3343.9773,83,48
1970-01-01 00:00:00.000000050,3316.8777,83,48
1970-01-01 00:00:00.000000051,3305.6824,83,48
1970-01-01 00:00:00.000000052,3295.2148,83,48
1970-01-01 00:00:00.000000050,3273.6372,83,49
1970-01-01 00:00:00.000000051,3254.26,83,49
1970-01-01 00:00:00.000000052,3238.667,83,49
1970-01-01 00:00:00.000000053,3241.142,83,49
1970-01-01 00:00:00.000000051,3268.1821,83,50
1970-01-01 00:00:00.000000052,3248.3887,83,50
1970-01-01 00:00:00.000000053,3247.996,83,50
1970-01-01 00:00:00.000000054,3259.5474,83,50
1970-01-01 00:00:00.000000052,3264.1572,83,51
1970-01-01 00:00:00.000000053,3261.0261,83,51
1970-01-01 00:00:00.000000054,3270.3582,83,51
1970-01-01 00:00:00.000000055,3273.6484,83,51
1970-01-01 00:00:00.000000053,3257.5715,83,52
1970-01-01 00:00:00.000000054,3256.2898,83,52
1970-01-01 00:00:00.000000055,3241.2236,83,52
1970-01-01 00:00:00.000000056,3235.123,83,52
1970-01-01 00:00:00.000000054,3338.5017,83,53
1970-01-01 00:00:00.000000055,3331.7827,83,53
1970-01-01 00:00:00.000000056,3332.602,83,53
1970-01-01 00:00:00.000000057,3314.8418,83,53
1970-01-01 00:00:00.000000055,3358.3137,83,54
1970-01-01 00:00:00.000000056,3366.2192,83,54
1970-01-01 00:00:00.000000057,3349.1033,83,54
1970-01-01 00:00:00.000000058,3316.3098,83,54
1970-01-01 00:00:00.000000056,3350.757,83,55
1970-01-01 00:00:00.000000057,3338.3315,83,55
1970-01-01 00:00:00.000000058,3304.8506,83,55
1970-01-01 00:00:00.000000059,3273.2705,83,55
1970-01-01 00:00:00.000000057,3381.6958,83,56
1970-01-01 00:00:00.000000058,3359.1482,83,56
1970-01-01 00:00:00.000000059,3346.3691,83,56
1970-01-01 00:00:00.000000060,3318.5825,83,56
1970-01-01 00:00:00.000000058,3353.687,83,57
1970-01-01 00:00:00.000000059,3339.7983,83,57
1970-01-01 00:00:00.000000060,3313.6401,83,57
1970-01-01 00:00:00.000000061,3289.2212,83,57
1970-01-01 00:00:00.000000059,3326.7507,83,58
1970-01-01 00:00:00.000000060,3299.9226,83,58
1970-01-01 00:00:00.000000061,3277.6318,83,58
1970-01-01 00:00:00.000000062,3266.0122,83,58
1970-01-01 00:00:00.000000060,3358.5916,83,59
1970-01-01 00:00:00.000000061,3342.372,83,59
1970-01-01 00:00:00.000000062,3344.7527,83,59
1970-01-01 00:00:00.000000063,3332.429,83,59
1970-01-01 00:00:00.000000061,3371.042,83,60
1970-01-01 00:00:00.000000062,3375.2908,83,60
1970-01-01 00:00:00.000000063,3365.8232,83,60
1970-01-01 00:00:00.000000064,3350.6418,83,60
1970-01-01 00:00:00.000000062,3364.1895,83,61
1970-01-01 00:00:00.000000063,3356.781,83,61
1970-01-01 00:00:00.000000064,3344.936,83,61
1970-01-01 00:00:00.000000065,3334.8018,83,61
1970-01-01 00:00:00.000000063,3372.0935,83,62
1970-01-01 00:00:00.000000064,3358.5095,83,62
1970-01-01 00:00:00.000000065,3351.5945,83,62
1970-01-01 00:00:00.000000066,3339.7056,83,62
1970-01-01 00:00:00.000000064,3370.3503,83,63
1970-01-01 00:00:00.000000065,3366.105,83,63
1970-01-01 00:00:00.000000066,3355.7732,83,63
1970-01-01 00:00:00.000000067,3345.8691,83,63
1970-01-01 00:00:00.000000065,3351.7122,83,64
1970-01-01 00:00:00.000000066,3335.573,83,64
1970-01-01 00:00:00.000000067,3317.411,83,64
1970-01-01 00:00:00.000000068,3309.633,83,64
1970-01-01 00:00:00.000000066,3374.5283,83,65
1970-01-01 00:00:00.000000067,3360.8098,83,65
1970-01-01 00:00:00.000000068,3358.4834,83,65
1970-01-01 00:00:00.000000069,3343.588,83,65
1970-01-01 00:00:00.000000067,3390.687,83,66
1970-01-01 00:00:00.000000068,3390.8418,83,66
1970-01-01 00:00:00.000000069,3376.0154,83,66
1970-01-01 00:00:00.000000070,3356.1055,83,66
1970-01-01 00:00:00.000000068,3367.4028,83,67
1970-01-01 00:00:00.000000069,3348.6765,83,67
1970-01-01 00:00:00.000000070,3318.8923,83,67
1970-01-01 00:00:00.000000071,3301.5881,83,67
1970-01-01 00:00:00.000000069,3349.804,83,68
1970-01-01 00:00:00.000000070,3319.7913,83,68
1970-01-01 00:00:00.000000071,3305.0671,83,68
1970-01-01 00:00:00.000000072,3287.1663,83,68
1970-01-01 00:00:00.000000070,3324.5232,83,69
1970-01-01 00:00:00.000000071,3306.173,83,69
1970-01-01 00:00:00.000000072,3284.2466,83,69
1970-01-01 00:00:00.000000073,3266.4973,83,69
1970-01-01 00:00:00.000000071,3312.4216,83,70
1970-01-01 00:00:00.000000072,3291.0686,83,70
1970-01-01 00:00:00.000000073,3273.6958,83,70
1970-01-01 00:00:00.000000074,3261.7659,83,70
1970-01-01 00:00:00.000000072,3341.9812,83,71
1970-01-01 00:00:00.000000073,3334.0308,83,71
1970-01-01 00:00:00.000000074,3338.5095,83,71
1970-01-01 00:00:00.000000075,3320.4382,83,71
1970-01-01 00:00:00.000000073,3349.534,83,72
1970-01-01 00:00:00.000000074,3355.1929,83,72
1970-01-01 00:00:00.000000075,3339.4253,83,72
1970-01-01 00:00:00.000000076,3322.2883,83,72
1970-01-01 00:00:00.000000074,3368.2722,83,73
1970-01-01 00:00:00.000000075,3355.52,83,73
1970-01-01 00:00:00.000000076,3346.582,83,73
1970-01-01 00:00:00.000000077,3335.4177,83,73
1970-01-01 00:00:00.000000075,3397.1135,83,74
1970-01-01 00:00:00.000000076,3396.2183,83,74
1970-01-01 00:00:00.000000077,3395.6885,83,74
1970-01-01 00:00:00.000000078,3381.1118,83,74
1970-01-01 00:00:00.000000076,3403.0781,83,75
1970-01-01 00:00:00.000000077,3402.8962,83,75
1970-01-01 00:00:00.000000078,3388.5227,83,75
1970-01-01 00:00:00.000000079,3379.093,83,75
1970-01-01 00:00:00.000000077,3427.9685,83,76
1970-01-01 00:00:00.000000078,3422.7905,83,76
1970-01-01 00:00:00.000000079,3426.791,83,76
1970-01-01 00:00:00.000000080,3416.1377,83,76
1970-01-01 00:00:00.000000078,3450.4648,83,77
1970-01-01 00:00:00.000000079,3459.5205,83,77
1970-01-01 00:00:00.000000080,3459.998,83,77
1970-01-01 00:00:00.000000081,3448.0676,83,77
1970-01-01 00:00:00.000000079,3462.2998,83,78
1970-01-01 00:00:00.000000080,3465.036,83,78
1970-01-01 00:00:00.000000081,3457.9219,83,78
1970-01-01 00:00:00.000000082,3452.5244,83,78
1970-01-01 00:00:00.000000080,3496.2644,83,79
1970-01-01 00:00:00.000000081,3488.2483,83,79
1970-01-01 00:00:00.000000082,3487.9114,83,79
1970-01-01 00:00:00.000000083,3477.7368,83,79
1970-01-01 00:00:00.000000081,3498.2888,83,80
1970-01-01 00:00:00.000000082,3491.7085,83,80
1970-01-01 00:00:00.000000083,3471.1365,83,80
1970-01-01 00:00:00.000000084,3455.0059,83,80
1970-01-01 00:00:00.000000082,3473.811,83,81
1970-01-01 00:00:00.000000083,3444.479,83,81
1970-01-01 00:00:00.000000084,3412.4648,83,81
1970-01-01 00:00:00.000000085,3395.9983,83,81
1970-01-01 00:00:00.000000083,3471.3792,83,82
1970-01-01 00:00:00.000000084,3444.3347,83,82
1970-01-01 00:00:00.000000085,3431.5308,83,82
1970-01-01 00:00:00.000000086,3408.879,83,82
1970-01-01 00:00:00.000000084,3451.02,83,83
1970-01-01 00:00:00.000000085,3440.6162,83,83
1970-01-01 00:00:00.000000086,3418.674,83,83
1970-01-01 00:00:00.000000087,3398.1548,83,83
1970-01-01 00:00:00.000000085,3444.501,83,84
1970-01-01 00:00:00.000000086,3425.833,83,84
1970-01-01 00:00:00.000000087,3412.8225,83,84
1970-01-01 00:00:00.000000088,3402.4695,83,84
1970-01-01 00:00:00.000000086,3445.1716,83,85
1970-01-01 00:00:00.000000087,3435.4358,83,85
1970-01-01 00:00:00.000000088,3433.431,83,85
1970-01-01 00:00:00.000000089,3421.898,83,85
1970-01-01 00:00:00.000000087,3426.47,83,86
1970-01-01 00:00:00.000000088,3422.3179,83,86
1970-01-01 00:00:00.000000089,3409.1306,83,86
1970-01-01 00:00:00.000000090,3402.948,83,86
1970-01-01 00:00:00.000000088,3410.8857,83,87
1970-01-01 00:00:00.000000089,3390.0688,83,87
1970-01-01 00:00:00.000000090,3370.1562,83,87
1970-01-01 00:00:00.000000091,3366.793,83,87
1970-01-01 00:00:00.000000089,3387.8672,83,88
1970-01-01 00:00:00.000000090,3358.8416,83,88
1970-01-01 00:00:00.000000091,3343.0825,83,88
1970-01-01 00:00:00.000000092,3327.768,83,88
1970-01-01 00:00:00.000000090,3373.206,83,89
1970-01-01 00:00:00.000000091,3357.0398,83,89
1970-01-01 00:00:00.000000092,3334.422,83,89
1970-01-01 00:00:00.000000093,3311.517,83,89
1970-01-01 00:00:00.000000091,3372.6975,83,90
1970-01-01 00:00:00.000000092,3348.9788,83,90
1970-01-01 00:00:00.000000093,3321.005,83,90
1970-01-01 00:00:00.000000094,3296.534,83,90
1970-01-01 00:00:00.000000092,3399.0176,83,91
1970-01-01 00:00:00.000000093,3383.1433,83,91
1970-01-01 00:00:00.000000094,3378.4238,83,91
1970-01-01 00:00:00.000000095,3343.4617,83,91
1970-01-01 00:00:00.000000093,3424.2512,83,92
1970-01-01 00:00:00.000000094,3430.8318,83,92
1970-01-01 00:00:00.000000095,3410.8047,83,92
1970-01-01 00:00:00.000000096,3380.431,83,92
1970-01-01 00:00:00.000000094,3461.227,83,93
1970-01-01 00:00:00.000000095,3451.804,83,93
1970-01-01 00:00:00.000000096,3442.2527,83,93
1970-01-01 00:00:00.000000097,3422.3142,83,93
1970-01-01 00:00:00.000000095,3497.5232,83,94
1970-01-01 00:00:00.000000096,3498.735,83,94
1970-01-01 00:00:00.000000097,3496.0095,83,94
1970-01-01 00:00:00.000000098,3476.3518,83,94
1970-01-01 00:00:00.000000096,3496.1064,83,95
1970-01-01 00:00:00.000000097,3490.1777,83,95
1970-01-01 00:00:00.000000098,3467.8696,83,95
1970-01-01 00:00:00.000000099,3459.4011,83,95
1970-01-01 00:00:00.000000097,3520.9702,83,96
1970-01-01 00:00:00.000000098,3504.5774,83,96
1970-01-01 00:00:00.000000099,3505.5994,83,96
1970-01-01 00:00:00.000000100,3493.8484,83,96
1970-01-01 00:00:00.000000098,3543.6824,83,97
1970-01-01 00:00:00.000000099,3545.5576,83,97
1970-01-01 00:00:00.000000100,3538.3862,83,97
1970-01-01 00:00:00.000000101,3522.1528,83,97
1970-01-01 00:00:00.000000099,3554.4585,83,98
1970-01-01 00:00:00.000000100,3545.2456,83,98
1970-01-01 00:00:00.000000101,3530.8662,83,98
1970-01-01 00:00:00.000000102,3516.5696,83,98
1970-01-01 00:00:00.000000100,3587.117,83,99
1970-01-01 00:00:00.000000101,3578.4976,83,99
1970-01-01 00:00:00.000000102,3576.3428,83,99
1970-01-01 00:00:00.000000103,3559.6682,83,99
1970-01-01 00:00:00.000000101,3604.654,83,100
1970-01-01 00:00:00.000000102,3605.3406,83,100
1970-01-01 00:00:00.000000103,3590.202,83,100
1970-01-01 00:00:00.000000104,3574.793,83,100
1970-01-01 00:00:00.000000102,3598.1826,83,101
1970-01-01 00:00:00.000000103,3579.749,83,101
1970-01-01 00:00:00.000000104,3557.3557,83,101
1970-01-01 00:00:00.000000105,3547.998,83,101
1970-01-01 00:00:00.000000103,3599.8333,83,102
1970-01-01 00:00:00.000000104,3581.8408,83,102
1970-01-01 00:00:00.000000105,3576.0308,83,102
1970-01-01 00:00:00.000000106,3560.7644,83,102
1970-01-01 00:00:00.000000104,3570.9966,83,103
1970-01-01 00:00:00.000000105,3561.3591,83,103
1970-01-01 00:00:00.000000106,3535.5315,83,103
1970-01-01 00:00:00.000000107,3521.56,83,103
1970-01-01 00:00:00.000000105,3547.1604,83,104
1970-01-01 00:00:00.000000106,3517.242,83,104
1970-01-01 00:00:00.000000107,3497.1104,83,104
1970-01-01 00:00:00.000000108,3484.8535,83,104
1970-01-01 00:00:00.000000106,3539.8865,83,105
1970-01-01 00:00:00.000000107,3521.0947,83,105
1970-01-01 00:00:00.000000108,3510.582,83,105
1970-01-01 00:00:00.000000109,3489.8164,83,105
1970-01-01 00:00:00.000000107,3501.538,83,106
1970-01-01 00:00:00.000000108,3481.3208,83,106
1970-01-01 00:00:00.000000109,3445.1772,83,106
1970-01-01 00:00:00.000000110,3424.7126,83,106
1970-01-01 00:00:00.000000108,3482.099,83,107
1970-01-01 00:00:00.000000109,3448.4426,83,107
1970-01-01 00:00:00.000000110,3426.7822,83,107
1970-01-01 00:00:00.000000111,3405.248,83,107
1970-01-01 00:00:00.000000109,3469.9326,83,108
1970-01-01 00:00:00.000000110,3444.1033,83,108
1970-01-01 00:00:00.000000111,3419.1821,83,108
1970-01-01 00:00:00.000000112,3388.468,83,108
1970-01-01 00:00:00.000000110,3430.5667,83,109
1970-01-01 00:00:00.000000111,3405.518,83,109
1970-01-01 00:00:00.000000112,3368.9626,83,109
1970-01-01 00:00:00.000000113,3343.6736,83,109
1970-01-01 00:00:00.000000111,3427.9744,83,110
1970-01-01 00:00:00.000000112,3394.8293,83,110
1970-01-01 00:00:00.000000113,3376.0183,83,110
1970-01-01 00:00:00.000000114,3350.7295,83,110
1970-01-01 00:00:00.000000112,3428.7898,83,111
1970-01-01 00:00:00.000000113,3413.4514,83,111
1970-01-01 00:00:00.000000114,3393.9868,83,111
1970-01-01 00:00:00.000000115,3364.8364,83,111
1970-01-01 00:00:00.000000113,3414.3862,83,112
1970-01-01 00:00:00.000000114,3400.6472,83,112
1970-01-01 00:00:00.000000115,3377.5562,83,112
1970-01-01 00:00:00.000000116,3360.038,83,112
1970-01-01 00:00:00.000000114,3450.6187,83,113
1970-01-01 00:00:00.000000115,3440.0417,83,113
1970-01-01 00:00:00.000000116,3442.7517,83,113
1970-01-01 00:00:00.000000117,3427.0186,83,113
1970-01-01 00:00:00.000000115,3468.2278,83,114
1970-01-01 00:00:00.000000116,3476.845,83,114
1970-01-01 00:00:00.000000117,3467.5913,83,114
1970-01-01 00:00:00.000000118,3452.6296,83,114
1970-01-01 00:00:00.000000116,3453.489,83,115
1970-01-01 00:00:00.000000117,3435.553,83,115
1970-01-01 00:00:00.000000118,3409.6714,83,115
1970-01-01 00:00:00.000000119,3398.4436,83,115
1970-01-01 00:00:00.000000117,3457.7449,83,116
1970-01-01 00:00:00.000000118,3429.5237,83,116
1970-01-01 00:00:00.000000119,3416.742,83,116
1970-01-01 00:00:00.000000120,3395.4368,83,116
1970-01-01 00:00:00.000000118,3445.7712,83,117
1970-01-01 00:00:00.000000119,3430.5422,83,117
1970-01-01 00:00:00.000000120,3403.5676,83,117
1970-01-01 00:00:00.000000121,3377.336,83,117
1970-01-01 00:00:00.000000119,3452.941,83,118
1970-01-01 00:00:00.000000120,3430.5723,83,118
1970-01-01 00:00:00.000000121,3412.1667,83,118
1970-01-01 00:00:00.000000122,3388.7942,83,118
1970-01-01 00:00:00.000000120,3486.5513,83,119
1970-01-01 00:00:00.000000121,3479.0552,83,119
1970-01-01 00:00:00.000000122,3474.2627,83,119
1970-01-01 00:00:00.000000123,3449.3198,83,119
1970-01-01 00:00:00.000000121,3501.4592,83,120
1970-01-01 00:00:00.000000122,3501.269,83,120
1970-01-01 00:00:00.000000123,3483.4915,83,120
1970-01-01 00:00:00.000000124,3465.6453,83,120
1970-01-01 00:00:00.000000122,3514.5671,83,121
1970-01-01 00:00:00.000000123,3499.199,83,121
1970-01-01 00:00:00.000000124,3486.92,83,121
1970-01-01 00:00:00.000000125,3473.5205,83,121
1970-01-01 00:00:00.000000123,3525.9485,83,122
1970-01-01 00:00:00.000000124,3519.8052,83,122
1970-01-01 00:00:00.000000125,3513.0876,83,122
1970-01-01 00:00:00.000000126,3497.4346,83,122
1970-01-01 00:00:00.000000124,3530.4326,83,123
1970-01-01 00:00:00.000000125,3524.6482,83,123
1970-01-01 00:00:00.000000126,3510.0479,83,123
1970-01-01 00:00:00.000000127,3497.7815,83,123
1970-01-01 00:00:00.000000125,3536.7385,83,124
1970-01-01 00:00:00.000000126,3519.6453,83,124
1970-01-01 00:00:00.000000127,3507.1138,83,124
1970-01-01 00:00:00.000000128,3493.2417,83,124
1970-01-01 00:00:00.000000126,3536.713,83,125
1970-01-01 00:00:00.000000127,3524.732,83,125
1970-01-01 00:00:00.000000128,3510.3923,83,125
1970-01-01 00:00:00.000000129,3493.6333,83,125
1970-01-01 00:00:00.000000127,3530.877,83,126
1970-01-01 00:00:00.000000128,3512.4995,83,126
1970-01-01 00:00:00.000000129,3491.8386,83,126
1970-01-01 00:00:00.000000130,3477.5217,83,126
1970-01-01 00:00:00.000000128,3532.9856,83,127
1970-01-01 00:00:00.000000129,3518.4739,83,127
1970-01-01 00:00:00.000000130,3509.6956,83,127
1970-01-01 00:00:00.000000131,3493.0596,83,127
1970-01-01 00:00:00.000000129,3550.8198,83,128
1970-01-01 00:00:00.000000130,3544.3562,83,128
1970-01-01 00:00:00.000000131,3532.8567,83,128
1970-01-01 00:00:00.000000132,3513.9587,83,128
1970-01-01 00:00:00.000000130,3555.5886,83,129
1970-01-01 00:00:00.000000131,3544.212,83,129
1970-01-01 00:00:00.000000132,3524.9612,83,129
1970-01-01 00:00:00.000000133,3503.0967,83,129
1970-01-01 00:00:00.000000131,3567.928,83,130
1970-01-01 00:00:00.000000132,3552.6582,83,130
1970-01-01 00:00:00.000000133,3537.7131,83,130
1970-01-01 00:00:00.000000134,3514.5627,83,130
1970-01-01 00:00:00.000000132,3572.244,83,131
1970-01-01 00:00:00.000000133,3555.967,83,131
1970-01-01 00:00:00.000000134,3532.8894,83,131
1970-01-01 00:00:00.000000135,3509.294,83,131
1970-01-01 00:00:00.000000133,3552.5454,83,132
1970-01-01 00:00:00.000000134,3526.85,83,132
1970-01-01 00:00:00.000000135,3498.13,83,132
1970-01-01 00:00:00.000000136,3478.5166,83,132
1970-01-01 00:00:00.000000134,3559.8638,83,133
1970-01-01 00:00:00.000000135,3537.092,83,133
1970-01-01 00:00:00.000000136,3526.3022,83,133
1970-01-01 00:00:00.000000137,3509.99,83,133
1970-01-01 00:00:00.000000135,3557.723,83,134
1970-01-01 00:00:00.000000136,3550.017,83,134
1970-01-01 00:00:00.000000137,3535.5676,83,134
1970-01-01 00:00:00.000000138,3519.859,83,134
1970-01-01 00:00:00.000000136,3544.6528,83,135
1970-01-01 00:00:00.000000137,3527.593,83,135
1970-01-01 00:00:00.000000138,3507.0815,83,135
1970-01-01 00:00:00.000000139,3493.6873,83,135
1970-01-01 00:00:00.000000137,3563.1096,83,136
1970-01-01 00:00:00.000000138,3549.12,83,136
1970-01-01 00:00:00.000000139,3545.9858,83,136
1970-01-01 00:00:00.000000140,3521.3125,83,136
1970-01-01 00:00:00.000000138,3565.744,83,137
1970-01-01 00:00:00.000000139,3556.0933,83,137
1970-01-01 00:00:00.000000140,3526.872,83,137
1970-01-01 00:00:00.000000141,3492.2388,83,137
1970-01-01 00:00:00.000000139,3544.7727,83,138
1970-01-01 00:00:00.000000140,3503.6619,83,138
1970-01-01 00:00:00.000000141,3454.9182,83,138
1970-01-01 00:00:00.000000142,3420.8923,83,138
1970-01-01 00:00:00.000000140,3558.8105,83,139
1970-01-01 00:00:00.000000141,3521.5593,83,139
1970-01-01 00:00:00.000000142,3499.9514,83,139
1970-01-01 00:00:00.000000143,3473.7104,83,139
1970-01-01 00:00:00.000000141,3544.0332,83,140
1970-01-01 00:00:00.000000142,3517.7095,83,140
1970-01-01 00:00:00.000000143,3482.7124,83,140
1970-01-01 00:00:00.000000144,3477.4834,83,140
1970-01-01 00:00:00.000000142,3527.822,83,141
1970-01-01 00:00:00.000000143,3493.718,83,141
1970-01-01 00:00:00.000000144,3488.073,83,141
1970-01-01 00:00:00.000000145,3505.6128,83,141
1970-01-01 00:00:00.000000143,3572.0425,83,142
1970-01-01 00:00:00.000000144,3578.678,83,142
1970-01-01 00:00:00.000000145,3615.2952,83,142
1970-01-01 00:00:00.000000146,3631.885,83,142
1970-01-01 00:00:00.000000144,3587.0312,83,143
1970-01-01 00:00:00.000000145,3620.3203,83,143
1970-01-01 00:00:00.000000146,3630.4211,83,143
1970-01-01 00:00:00.000000147,3649.8347,83,143
1970-01-01 00:00:00.000000145,3579.1277,83,144
1970-01-01 00:00:00.000000146,3557.2905,83,144
1970-01-01 00:00:00.000000147,3546.8586,83,144
1970-01-01 00:00:00.000000148,3534.2998,83,144
1970-01-01 00:00:00.000000146,3567.5085,83,145
1970-01-01 00:00:00.000000147,3554.6145,83,145
1970-01-01 00:00:00.000000148,3535.375,83,145
1970-01-01 00:00:00.000000149,3516.5652,83,145
1970-01-01 00:00:00.000000147,3532.3489,83,146
1970-01-01 00:00:00.000000148,3509.301,83,146
1970-01-01 00:00:00.000000149,3479.8535,83,146
1970-01-01 00:00:00.000000150,3463.8599,83,146
1970-01-01 00:00:00.000000148,3548.9849,83,147
1970-01-01 00:00:00.000000149,3525.9094,83,147
1970-01-01 00:00:00.000000150,3522.4106,83,147
1970-01-01 00:00:00.000000151,3496.6116,83,147
1970-01-01 00:00:00.000000149,3553.911,83,148
1970-01-01 00:00:00.000000150,3550.7546,83,148
1970-01-01 00:00:00.000000151,3527.8928,83,148
1970-01-01 00:00:00.000000152,3495.759,83,148
1970-01-01 00:00:00.000000150,3563.4604,83,149
1970-01-01 00:00:00.000000151,3541.7363,83,149
1970-01-01 00:00:00.000000152,3515.8074,83,149
1970-01-01 00:00:00.000000153,3484.9775,83,149
1970-01-01 00:00:00.000000151,3592.0686,83,150
1970-01-01 00:00:00.000000152,3574.2292,83,150
1970-01-01 00:00:00.000000153,3555.7605,83,150
1970-01-01 00:00:00.000000154,3535.7957,83,150
1970-01-01 00:00:00.000000152,3573.5303,83,151
1970-01-01 00:00:00.000000153,3551.844,83,151
1970-01-01 00:00:00.000000154,3523.3484,83,151
1970-01-01 00:00:00.000000155,3520.0637,83,151
1970-01-01 00:00:00.000000153,3551.9136,83,152
1970-01-01 00:00:00.000000154,3518.2773,83,152
1970-01-01 00:00:00.000000155,3509.306,83,152
1970-01-01 00:00:00.000000156,3522.5017,83,152
1970-01-01 00:00:00.000000154,3556.0825,83,153
1970-01-01 00:00:00.000000155,3549.253,83,153
1970-01-01 00:00:00.000000156,3563.7432,83,153
1970-01-01 00:00:00.000000157,3579.0586,83,153
1970-01-01 00:00:00.000000155,3550.545,83,154
1970-01-01 00:00:00.000000156,3563.2578,83,154
1970-01-01 00:00:00.000000157,3570.6877,83,154
1970-01-01 00:00:00.000000158,3588.0498,83,154
1970-01-01 00:00:00.000000156,3524.5884,83,155
1970-01-01 00:00:00.000000157,3504.4236,83,155
1970-01-01 00:00:00.000000158,3491.3398,83,155
1970-01-01 00:00:00.000000159,3479.6448,83,155
1970-01-01 00:00:00.000000157,3520.6091,83,156
1970-01-01 00:00:00.000000158,3510.453,83,156
1970-01-01 00:00:00.000000159,3500.8477,83,156
1970-01-01 00:00:00.000000160,3481.154,83,156
1970-01-01 00:00:00.000000158,3514.4434,83,157
1970-01-01 00:00:00.000000159,3504.0376,83,157
1970-01-01 00:00:00.000000160,3485.5386,83,157
1970-01-01 00:00:00.000000161,3464.6646,83,157
1970-01-01 00:00:00.000000159,3504.624,83,158
1970-01-01 00:00:00.000000160,3485.041,83,158
1970-01-01 00:00:00.000000161,3464.4692,83,158
1970-01-01 00:00:00.000000162,3447.246,83,158
1970-01-01 00:00:00.000000160,3508.2114,83,159
1970-01-01 00:00:00.000000161,3494.5698,83,159
1970-01-01 00:00:00.000000162,3484.5713,83,159
1970-01-01 00:00:00.000000163,3469.0547,83,159
1970-01-01 00:00:00.000000161,3496.2004,83,160
1970-01-01 00:00:00.000000162,3483.82,83,160
1970-01-01 00:00:00.000000163,3466.2676,83,160
1970-01-01 00:00:00.000000164,3456.7976,83,160
1970-01-01 00:00:00.000000162,3476.7278,83,161
1970-01-01 00:00:00.000000163,3458.2102,83,161
1970-01-01 00:00:00.000000164,3446.915,83,161
1970-01-01 00:00:00.000000165,3443.898,83,161
1970-01-01 00:00:00.000000163,3484.2188,83,162
1970-01-01 00:00:00.000000164,3474.7783,83,162
1970-01-01 00:00:00.000000165,3474.4834,83,162
1970-01-01 00:00:00.000000166,3469.226,83,162
1970-01-01 00:00:00.000000164,3470.126,83,163
1970-01-01 00:00:00.000000165,3462.543,83,163
1970-01-01 00:00:00.000000166,3445.147,83,163
1970-01-01 00:00:00.000000167,3439.6736,83,163
1970-01-01 00:00:00.000000165,3479.4197,83,164
1970-01-01 00:00:00.000000166,3465.7502,83,164
1970-01-01 00:00:00.000000167,3465.7527,83,164
1970-01-01 00:00:00.000000168,3457.332,83,164
1970-01-01 00:00:00.000000166,3477.4043,83,165
1970-01-01 00:00:00.000000167,3475.6572,83,165
1970-01-01 00:00:00.000000168,3465.501,83,165
1970-01-01 00:00:00.000000169,3452.7778,83,165
1970-01-01 00:00:00.000000167,3476.1992,83,166
1970-01-01 00:00:00.000000168,3472.3328,83,166
1970-01-01 00:00:00.000000169,3468.5889,83,166
1970-01-01 00:00:00.000000170,3471.8965,83,166
1970-01-01 00:00:00.000000168,3500.9727,83,167
1970-01-01 00:00:00.000000169,3506.7456,83,167
1970-01-01 00:00:00.000000170,3526.347,83,167
1970-01-01 00:00:00.000000171,3538.4397,83,167
1970-01-01 00:00:00.000000169,3505.1274,83,168
1970-01-01 00:00:00.000000170,3517.771,83,168
1970-01-01 00:00:00.000000171,3521.7466,83,168
1970-01-01 00:00:00.000000172,3532.769,83,168
1970-01-01 00:00:00.000000170,3500.5435,83,169
1970-01-01 00:00:00.000000171,3503.2358,83,169
1970-01-01 00:00:00.000000172,3507.9749,83,169
1970-01-01 00:00:00.000000173,3523.409,83,169
1970-01-01 00:00:00.000000171,3522.355,83,170
1970-01-01 00:00:00.000000172,3524.6367,83,170
1970-01-01 00:00:00.000000173,3541.9285,83,170
1970-01-01 00:00:00.000000174,3539.2236,83,170
1970-01-01 00:00:00.000000172,3514.2583,83,171
1970-01-01 00:00:00.000000173,3527.8945,83,171
1970-01-01 00:00:00.000000174,3516.123,83,171
1970-01-01 00:00:00.000000175,3506.2996,83,171
1970-01-01 00:00:00.000000173,3526.1284,83,172
1970-01-01 00:00:00.000000174,3516.9062,83,172
1970-01-01 00:00:00.000000175,3512.8157,83,172
1970-01-01 00:00:00.000000176,3507.2317,83,172
1970-01-01 00:00:00.000000174,3545.5837,83,173
1970-01-01 00:00:00.000000175,3545.4912,83,173
1970-01-01 00:00:00.000000176,3546.8955,83,173
1970-01-01 00:00:00.000000177,3534.1619,83,173
1970-01-01 00:00:00.000000175,3533.383,83,174
1970-01-01 00:00:00.000000176,3531.5088,83,174
1970-01-01 00:00:00.000000177,3512.9587,83,174
1970-01-01 00:00:00.000000178,3504.6543,83,174
1970-01-01 00:00:00.000000176,3530.4692,83,175
1970-01-01 00:00:00.000000177,3510.8174,83,175
1970-01-01 00:00:00.000000178,3503.32,83,175
1970-01-01 00:00:00.000000179,3496.7166,83,175
1970-01-01 00:00:00.000000177,3516.6519,83,176
1970-01-01 00:00:00.000000178,3499.3123,83,176
1970-01-01 00:00:00.000000179,3479.9236,83,176
1970-01-01 00:00:00.000000180,3467.0994,83,176
1970-01-01 00:00:00.000000178,3494.4897,83,177
1970-01-01 00:00:00.000000179,3465.9329,83,177
1970-01-01 00:00:00.000000180,3439.537,83,177
1970-01-01 00:00:00.000000181,3427.5432,83,177
1970-01-01 00:00:00.000000179,3469.1672,83,178
1970-01-01 00:00:00.000000180,3435.793,83,178
1970-01-01 00:00:00.000000181,3415.6296,83,178
1970-01-01 00:00:00.000000182,3407.8145,83,178
1970-01-01 00:00:00.000000180,3478.4565,83,179
1970-01-01 00:00:00.000000181,3472.0662,83,179
1970-01-01 00:00:00.000000182,3481.8245,83,179
1970-01-01 00:00:00.000000183,3495.0015,83,179
1970-01-01 00:00:00.000000181,3476.141,83,180
1970-01-01 00:00:00.000000182,3491.3376,83,180
1970-01-01 00:00:00.000000183,3510.144,83,180
1970-01-01 00:00:00.000000184,3544.8577,83,180
1970-01-01 00:00:00.000000182,3525.0115,83,181
1970-01-01 00:00:00.000000183,3561.498,83,181
1970-01-01 00:00:00.000000184,3623.8494,83,181
1970-01-01 00:00:00.000000185,3678.0957,83,181
1970-01-01 00:00:00.000000183,3567.3574,83,182
1970-01-01 00:00:00.000000184,3630.3716,83,182
1970-01-01 00:00:00.000000185,3689.2917,83,182
1970-01-01 00:00:00.000000186,3745.9734,83,182
1970-01-01 00:00:00.000000184,3561.0261,83,183
1970-01-01 00:00:00.000000185,3596.8276,83,183
1970-01-01 00:00:00.000000186,3624.3655,83,183
1970-01-01 00:00:00.000000187,3663.505,83,183
1970-01-01 00:00:00.000000185,3581.1611,83,184
1970-01-01 00:00:00.000000186,3599.4456,83,184
1970-01-01 00:00:00.000000187,3630.7224,83,184
1970-01-01 00:00:00.000000188,3650.9841,83,184
1970-01-01 00:00:00.000000186,3557.7478,83,185
1970-01-01 00:00:00.000000187,3568.369,83,185
1970-01-01 00:00:00.000000188,3561.943,83,185
1970-01-01 00:00:00.000000189,3562.0288,83,185
1970-01-01 00:00:00.000000187,3538.6208,83,186
1970-01-01 00:00:00.000000188,3525.0518,83,186
1970-01-01 00:00:00.000000189,3515.3833,83,186
1970-01-01 00:00:00.000000190,3513.6245,83,186
1970-01-01 00:00:00.000000188,3552.69,83,187
1970-01-01 00:00:00.000000189,3547.0396,83,187
1970-01-01 00:00:00.000000190,3551.1177,83,187
1970-01-01 00:00:00.000000191,3543.2034,83,187
1970-01-01 00:00:00.000000189,3548.386,83,188
1970-01-01 00:00:00.000000190,3551.2695,83,188
1970-01-01 00:00:00.000000191,3541.1428,83,188
1970-01-01 00:00:00.000000192,3535.66,83,188
1970-01-01 00:00:00.000000190,3524.167,83,189
1970-01-01 00:00:00.000000191,3507.768,83,189
1970-01-01 00:00:00.000000192,3492.1033,83,189
1970-01-01 00:00:00.000000193,3488.222,83,189
1970-01-01 00:00:00.000000191,3524.2578,83,190
1970-01-01 00:00:00.000000192,3508.0784,83,190
1970-01-01 00:00:00.000000193,3503.8784,83,190
1970-01-01 00:00:00.000000194,3490.5857,83,190
1970-01-01 00:00:00.000000192,3511.5032,83,191
1970-01-01 00:00:00.000000193,3506.5242,83,191
1970-01-01 00:00:00.000000194,3489.3433,83,191
1970-01-01 00:00:00.000000195,3471.4363,83,191
1970-01-01 00:00:00.000000193,3491.103,83,192
1970-01-01 00:00:00.000000194,3475.0457,83,192
1970-01-01 00:00:00.000000195,3453.8433,83,192
1970-01-01 00:00:00.000000196,3440.0022,83,192
1970-01-01 00:00:00.000000194,3499.553,83,193
1970-01-01 00:00:00.000000195,3481.496,83,193
1970-01-01 00:00:00.000000196,3476.111,83,193
1970-01-01 00:00:00.000000197,3460.9727,83,193
1970-01-01 00:00:00.000000195,3474.422,83,194
1970-01-01 00:00:00.000000196,3466.5598,83,194
1970-01-01 00:00:00.000000197,3443.8008,83,194
1970-01-01 00:00:00.000000198,3427.2263,83,194
1970-01-01 00:00:00.000000196,3475.5742,83,195
1970-01-01 00:00:00.000000197,3453.7927,83,195
1970-01-01 00:00:00.000000198,3442.0142,83,195
1970-01-01 00:00:00.000000199,3434.2031,83,195
1970-01-01 00:00:00.000000197,3483.5547,83,196
1970-01-01 00:00:00.000000198,3478.3496,83,196
1970-01-01 00:00:00.000000199,3478.0703,83,196
1970-01-01 00:00:00.000000200,3469.15,83,196
1970-01-01 00:00:00.000000198,3467.6633,83,197
1970-01-01 00:00:00.000000199,3462.5422,83,197
1970-01-01 00:00:00.000000200,3446.3875,83,197
1970-01-01 00:00:00.000000201,3437.5933,83,197
1970-01-01 00:00:00.000000199,3481.2236,83,198
1970-01-01 00:00:00.000000200,3472.8997,83,198
1970-01-01 00:00:00.000000201,3474.4058,83,198
1970-01-01 00:00:00.000000202,3467.804,83,198
1970-01-01 00:00:00.000000200,3485.109,83,199
1970-01-01 00:00:00.000000201,3487.8667,83,199
1970-01-01 00:00:00.000000202,3482.543,83,199
1970-01-01 00:00:00.000000203,3477.144,83,199
1970-01-01 00:00:00.000000201,3483.8743,83,200
1970-01-01 00:00:00.000000202,3476.7288,83,200
1970-01-01 00:00:00.000000203,3470.039,83,200
1970-01-01 00:00:00.000000204,3463.7983,83,200
1970-01-01 00:00:00.000000202,3506.4915,83,201
1970-01-01 00:00:00.000000203,3506.2239,83,201
1970-01-01 00:00:00.000000204,3511.2827,83,201
1970-01-01 00:00:00.000000205,3502.757,83,201
1970-01-01 00:00:00.000000203,3513.0352,83,202
1970-01-01 00:00:00.000000204,3521.7747,83,202
1970-01-01 00:00:00.000000205,3515.3608,83,202
1970-01-01 00:00:00.000000206,3512.6777,83,202
1970-01-01 00:00:00.000000204,3505.288,83,203
1970-01-01 00:00:00.000000205,3496.071,83,203
1970-01-01 00:00:00.000000206,3487.7593,83,203
1970-01-01 00:00:00.000000207,3486.9978,83,203
1970-01-01 00:00:00.000000205,3504.763,83,204
1970-01-01 00:00:00.000000206,3494.6816,83,204
1970-01-01 00:00:00.000000207,3492.577,83,204
1970-01-01 00:00:00.000000208,3483.164,83,204
1970-01-01 00:00:00.000000206,3493.0886,83,205
1970-01-01 00:00:00.000000207,3484.6182,83,205
1970-01-01 00:00:00.000000208,3468.694,83,205
1970-01-01 00:00:00.000000209,3460.2078,83,205
1970-01-01 00:00:00.000000207,3494.8276,83,206
1970-01-01 00:00:00.000000208,3484.2236,83,206
1970-01-01 00:00:00.000000209,3481.1008,83,206
1970-01-01 00:00:00.000000210,3474.2224,83,206
1970-01-01 00:00:00.000000208,3514.546,83,207
1970-01-01 00:00:00.000000209,3513.7188,83,207
1970-01-01 00:00:00.000000210,3514.5806,83,207
1970-01-01 00:00:00.000000211,3506.4,83,207
1970-01-01 00:00:00.000000209,3510.669,83,208
1970-01-01 00:00:00.000000210,3514.204,83,208
1970-01-01 00:00:00.000000211,3504.7083,83,208
1970-01-01 00:00:00.000000212,3500.8547,83,208
1970-01-01 00:00:00.000000210,3501.3076,83,209
1970-01-01 00:00:00.000000211,3483.1895,83,209
1970-01-01 00:00:00.000000212,3469.3254,83,209
1970-01-01 00:00:00.000000213,3465.5642,83,209
1970-01-01 00:00:00.000000211,3496.978,83,210
1970-01-01 00:00:00.000000212,3486.2239,83,210
1970-01-01 00:00:00.000000213,3483.0376,83,210
1970-01-01 00:00:00.000000214,3473.7642,83,210
1970-01-01 00:00:00.000000212,3477.893,83,211
1970-01-01 00:00:00.000000213,3470.7002,83,211
1970-01-01 00:00:00.000000214,3456.5044,83,211
1970-01-01 00:00:00.000000215,3448.3074,83,211
1970-01-01 00:00:00.000000213,3470.7463,83,212
1970-01-01 00:00:00.000000214,3458.8398,83,212
1970-01-01 00:00:00.000000215,3453.1902,83,212
1970-01-01 00:00:00.000000216,3451.0056,83,212
1970-01-01 00:00:00.000000214,3490.0093,83,213
1970-01-01 00:00:00.000000215,3491.2175,83,213
1970-01-01 00:00:00.000000216,3500.9963,83,213
1970-01-01 00:00:00.000000217,3495.9138,83,213
1970-01-01 00:00:00.000000215,3472.5002,83,214
1970-01-01 00:00:00.000000216,3475.4983,83,214
1970-01-01 00:00:00.000000217,3460.3245,83,214
1970-01-01 00:00:00.000000218,3459.9111,83,214
1970-01-01 00:00:00.000000216,3474.3018,83,215
1970-01-01 00:00:00.000000217,3458.8962,83,215
1970-01-01 00:00:00.000000218,3460.1567,83,215
1970-01-01 00:00:00.000000219,3456.7388,83,215
1970-01-01 00:00:00.000000217,3484.3738,83,216
1970-01-01 00:00:00.000000218,3487.5298,83,216
1970-01-01 00:00:00.000000219,3487.3174,83,216
1970-01-01 00:00:00.000000220,3477.1301,83,216
1970-01-01 00:00:00.000000218,3485.337,83,217
1970-01-01 00:00:00.000000219,3487.8428,83,217
1970-01-01 00:00:00.000000220,3480.3652,83,217
1970-01-01 00:00:00.000000221,3481.603,83,217
1970-01-01 00:00:00.000000219,3503.905,83,218
1970-01-01 00:00:00.000000220,3504.0488,83,218
1970-01-01 00:00:00.000000221,3514.8562,83,218
1970-01-01 00:00:00.000000222,3514.5603,83,218
1970-01-01 00:00:00.000000220,3501.2844,83,219
1970-01-01 00:00:00.000000221,3507.024,83,219
1970-01-01 00:00:00.000000222,3500.5327,83,219
1970-01-01 00:00:00.000000223,3505.3289,83,219
1970-01-01 00:00:00.000000221,3478.606,83,220
1970-01-01 00:00:00.000000222,3461.6387,83,220
1970-01-01 00:00:00.000000223,3452.6577,83,220
1970-01-01 00:00:00.000000224,3455.1995,83,220
1970-01-01 00:00:00.000000222,3487.8828,83,221
1970-01-01 00:00:00.000000223,3476.913,83,221
1970-01-01 00:00:00.000000224,3480.886,83,221
1970-01-01 00:00:00.000000225,3474.642,83,221
1970-01-01 00:00:00.000000223,3484.828,83,222
1970-01-01 00:00:00.000000224,3489.3672,83,222
1970-01-01 00:00:00.000000225,3479.067,83,222
1970-01-01 00:00:00.000000226,3476.566,83,222
1970-01-01 00:00:00.000000224,3487.671,83,223
1970-01-01 00:00:00.000000225,3480.5874,83,223
1970-01-01 00:00:00.000000226,3479.388,83,223
1970-01-01 00:00:00.000000227,3479.557,83,223
1970-01-01 00:00:00.000000225,3484.7175,83,224
1970-01-01 00:00:00.000000226,3482.5652,83,224
1970-01-01 00:00:00.000000227,3478.8674,83,224
1970-01-01 00:00:00.000000228,3477.2449,83,224
1970-01-01 00:00:00.000000226,3435.6414,83,225
1970-01-01 00:00:00.000000227,3415.724,83,225
1970-01-01 00:00:00.000000228,3389.752,83,225
1970-01-01 00:00:00.000000229,3386.178,83,225
1970-01-01 00:00:00.000000227,3405.1355,83,226
1970-01-01 00:00:00.000000228,3382.2158,83,226
1970-01-01 00:00:00.000000229,3373.3628,83,226
1970-01-01 00:00:00.000000230,3371.4575,83,226
1970-01-01 00:00:00.000000228,3360.8032,83,227
1970-01-01 00:00:00.000000229,3341.2783,83,227
1970-01-01 00:00:00.000000230,3320.0059,83,227
1970-01-01 00:00:00.000000231,3306.2476,83,227
1970-01-01 00:00:00.000000229,3360.979,83,228
1970-01-01 00:00:00.000000230,3352.7031,83,228
1970-01-01 00:00:00.000000231,3353.5383,83,228
1970-01-01 00:00:00.000000232,3339.6052,83,228
1970-01-01 00:00:00.000000230,3366.2964,83,229
1970-01-01 00:00:00.000000231,3370.343,83,229
1970-01-01 00:00:00.000000232,3367.9492,83,229
1970-01-01 00:00:00.000000233,3352.5637,83,229
1970-01-01 00:00:00.000000231,3382.9622,83,230
1970-01-01 00:00:00.000000232,3390.9607,83,230
1970-01-01 00:00:00.000000233,3392.0664,83,230
1970-01-01 00:00:00.000000234,3385.0298,83,230
1970-01-01 00:00:00.000000232,3389.144,83,231
1970-01-01 00:00:00.000000233,3391.0276,83,231
1970-01-01 00:00:00.000000234,3388.302,83,231
1970-01-01 00:00:00.000000235,3388.3525,83,231
1970-01-01 00:00:00.000000233,3398.5154,83,232
1970-01-01 00:00:00.000000234,3398.3481,83,232
1970-01-01 00:00:00.000000235,3402.8655,83,232
1970-01-01 00:00:00.000000236,3402.631,83,232
1970-01-01 00:00:00.000000234,3390.1414,83,233
1970-01-01 00:00:00.000000235,3388.024,83,233
1970-01-01 00:00:00.000000236,3380.224,83,233
1970-01-01 00:00:00.000000237,3380.9763,83,233
1970-01-01 00:00:00.000000235,3385.7295,83,234
1970-01-01 00:00:00.000000236,3372.7002,83,234
1970-01-01 00:00:00.000000237,3369.8474,83,234
1970-01-01 00:00:00.000000238,3366.6733,83,234
1970-01-01 00:00:00.000000009,4772.7446,84,8
1970-01-01 00:00:00.000000010,4765.8003,84,8
1970-01-01 00:00:00.000000011,4765.7505,84,8
1970-01-01 00:00:00.000000012,4757.6177,84,8
1970-01-01 00:00:00.000000010,4760.9673,84,9
1970-01-01 00:00:00.000000011,4757.4185,84,9
1970-01-01 00:00:00.000000012,4744.7007,84,9
1970-01-01 00:00:00.000000013,4741.539,84,9
1970-01-01 00:00:00.000000011,4783.1865,84,10
1970-01-01 00:00:00.000000012,4774.1465,84,10
1970-01-01 00:00:00.000000013,4776.8623,84,10
1970-01-01 00:00:00.000000014,4768.765,84,10
1970-01-01 00:00:00.000000012,4801.442,84,11
1970-01-01 00:00:00.000000013,4807.6064,84,11
1970-01-01 00:00:00.000000014,4803.115,84,11
1970-01-01 00:00:00.000000015,4793.039,84,11
1970-01-01 00:00:00.000000013,4793.144,84,12
1970-01-01 00:00:00.000000014,4789.8623,84,12
1970-01-01 00:00:00.000000015,4780.2944,84,12
1970-01-01 00:00:00.000000016,4780.691,84,12
1970-01-01 00:00:00.000000014,4805.581,84,13
1970-01-01 00:00:00.000000015,4800.4663,84,13
1970-01-01 00:00:00.000000016,4805.536,84,13
1970-01-01 00:00:00.000000017,4804.587,84,13
1970-01-01 00:00:00.000000015,4811.0947,84,14
1970-01-01 00:00:00.000000016,4815.4727,84,14
1970-01-01 00:00:00.000000017,4813.9146,84,14
1970-01-01 00:00:00.000000018,4809.2246,84,14
1970-01-01 00:00:00.000000016,4801.9165,84,15
1970-01-01 00:00:00.000000017,4795.8535,84,15
1970-01-01 00:00:00.000000018,4788.3047,84,15
1970-01-01 00:00:00.000000019,4787.5405,84,15
1970-01-01 00:00:00.000000017,4816.749,84,16
1970-01-01 00:00:00.000000018,4809.328,84,16
1970-01-01 00:00:00.000000019,4809.752,84,16
1970-01-01 00:00:00.000000020,4801.319,84,16
1970-01-01 00:00:00.000000018,4817.661,84,17
1970-01-01 00:00:00.000000019,4817.6045,84,17
1970-01-01 00:00:00.000000020,4808.1924,84,17
1970-01-01 00:00:00.000000021,4802.1743,84,17
1970-01-01 00:00:00.000000019,4799.2583,84,18
1970-01-01 00:00:00.000000020,4787.5356,84,18
1970-01-01 00:00:00.000000021,4778.1123,84,18
1970-01-01 00:00:00.000000022,4780.6562,84,18
1970-01-01 00:00:00.000000020,4810.158,84,19
1970-01-01 00:00:00.000000021,4801.6514,84,19
1970-01-01 00:00:00.000000022,4807.7085,84,19
1970-01-01 00:00:00.000000023,4801.9263,84,19
1970-01-01 00:00:00.000000021,4802.3228,84,20
1970-01-01 00:00:00.000000022,4803.2734,84,20
1970-01-01 00:00:00.000000023,4794.1226,84,20
1970-01-01 00:00:00.000000024,4791.79,84,20
1970-01-01 00:00:00.000000022,4802.193,84,21
1970-01-01 00:00:00.000000023,4792.9272,84,21
1970-01-01 00:00:00.000000024,4790.09,84,21
1970-01-01 00:00:00.000000025,4788.0493,84,21
1970-01-01 00:00:00.000000023,4820.5566,84,22
1970-01-01 00:00:00.000000024,4819.6475,84,22
1970-01-01 00:00:00.000000025,4820.743,84,22
1970-01-01 00:00:00.000000026,4812.656,84,22
1970-01-01 00:00:00.000000024,4825.227,84,23
1970-01-01 00:00:00.000000025,4826.349,84,23
1970-01-01 00:00:00.000000026,4820.0244,84,23
1970-01-01 00:00:00.000000027,4815.5605,84,23
1970-01-01 00:00:00.000000025,4836.209,84,24
1970-01-01 00:00:00.000000026,4833.485,84,24
1970-01-01 00:00:00.000000027,4831.853,84,24
1970-01-01 00:00:00.000000028,4829.552,84,24
1970-01-01 00:00:00.000000026,4860.9463,84,25
1970-01-01 00:00:00.000000027,4863.712,84,25
1970-01-01 00:00:00.000000028,4865.4937,84,25
1970-01-01 00:00:00.000000029,4859.841,84,25
1970-01-01 00:00:00.000000027,4858.7544,84,26
1970-01-01 00:00:00.000000028,4860.393,84,26
1970-01-01 00:00:00.000000029,4853.9673,84,26
1970-01-01 00:00:00.000000030,4853.1562,84,26
1970-01-01 00:00:00.000000028,4842.6123,84,27
1970-01-01 00:00:00.000000029,4834.862,84,27
1970-01-01 00:00:00.000000030,4831.2056,84,27
1970-01-01 00:00:00.000000031,4835.7134,84,27
1970-01-01 00:00:00.000000029,4847.5815,84,28
1970-01-01 00:00:00.000000030,4842.514,84,28
1970-01-01 00:00:00.000000031,4846.017,84,28
1970-01-01 00:00:00.000000032,4843.381,84,28
1970-01-01 00:00:00.000000030,4828.369,84,29
1970-01-01 00:00:00.000000031,4828.327,84,29
1970-01-01 00:00:00.000000032,4821.2876,84,29
1970-01-01 00:00:00.000000033,4822.5425,84,29
1970-01-01 00:00:00.000000031,4837.601,84,30
1970-01-01 00:00:00.000000032,4829.6187,84,30
1970-01-01 00:00:00.000000033,4834.0273,84,30
1970-01-01 00:00:00.000000034,4831.387,84,30
1970-01-01 00:00:00.000000032,4859.7217,84,31
1970-01-01 00:00:00.000000033,4872.5957,84,31
1970-01-01 00:00:00.000000034,4878.6694,84,31
1970-01-01 00:00:00.000000035,4873.1494,84,31
1970-01-01 00:00:00.000000033,4857.75,84,32
1970-01-01 00:00:00.000000034,4862.442,84,32
1970-01-01 00:00:00.000000035,4855.268,84,32
1970-01-01 00:00:00.000000036,4856.0215,84,32
1970-01-01 00:00:00.000000034,4880.4307,84,33
1970-01-01 00:00:00.000000035,4881.9497,84,33
1970-01-01 00:00:00.000000036,4891.4507,84,33
1970-01-01 00:00:00.000000037,4888.323,84,33
1970-01-01 00:00:00.000000035,4880.3833,84,34
1970-01-01 00:00:00.000000036,4884.169,84,34
1970-01-01 00:00:00.000000037,4874.8125,84,34
1970-01-01 00:00:00.000000038,4867.059,84,34
1970-01-01 00:00:00.000000036,4867.4233,84,35
1970-01-01 00:00:00.000000037,4854.068,84,35
1970-01-01 00:00:00.000000038,4843.3677,84,35
1970-01-01 00:00:00.000000039,4834.5586,84,35
1970-01-01 00:00:00.000000037,4873.2183,84,36
1970-01-01 00:00:00.000000038,4862.1963,84,36
1970-01-01 00:00:00.000000039,4855.4146,84,36
1970-01-01 00:00:00.000000040,4844.8022,84,36
1970-01-01 00:00:00.000000038,4864.406,84,37
1970-01-01 00:00:00.000000039,4858.0293,84,37
1970-01-01 00:00:00.000000040,4846.646,84,37
1970-01-01 00:00:00.000000041,4839.1445,84,37
1970-01-01 00:00:00.000000039,4854.6655,84,38
1970-01-01 00:00:00.000000040,4844.947,84,38
1970-01-01 00:00:00.000000041,4841.054,84,38
1970-01-01 00:00:00.000000042,4843.0205,84,38
1970-01-01 00:00:00.000000040,4848.3887,84,39
1970-01-01 00:00:00.000000041,4841.9106,84,39
1970-01-01 00:00:00.000000042,4842.325,84,39
1970-01-01 00:00:00.000000043,4841.3687,84,39
1970-01-01 00:00:00.000000041,4831.237,84,40
1970-01-01 00:00:00.000000042,4829.6113,84,40
1970-01-01 00:00:00.000000043,4824.5054,84,40
1970-01-01 00:00:00.000000044,4825.386,84,40
1970-01-01 00:00:00.000000042,4817.2314,84,41
1970-01-01 00:00:00.000000043,4806.746,84,41
1970-01-01 00:00:00.000000044,4802.4688,84,41
1970-01-01 00:00:00.000000045,4799.888,84,41
1970-01-01 00:00:00.000000043,4813.4814,84,42
1970-01-01 00:00:00.000000044,4807.085,84,42
1970-01-01 00:00:00.000000045,4802.6133,84,42
1970-01-01 00:00:00.000000046,4797.185,84,42
1970-01-01 00:00:00.000000044,4776.713,84,43
1970-01-01 00:00:00.000000045,4766.952,84,43
1970-01-01 00:00:00.000000046,4754.9204,84,43
1970-01-01 00:00:00.000000047,4758.447,84,43
1970-01-01 00:00:00.000000045,4748.4204,84,44
1970-01-01 00:00:00.000000046,4736.451,84,44
1970-01-01 00:00:00.000000047,4740.916,84,44
1970-01-01 00:00:00.000000048,4756.416,84,44
1970-01-01 00:00:00.000000046,4752.2817,84,45
1970-01-01 00:00:00.000000047,4762.049,84,45
1970-01-01 00:00:00.000000048,4779.5444,84,45
1970-01-01 00:00:00.000000049,4789.096,84,45
1970-01-01 00:00:00.000000047,4736.3535,84,46
1970-01-01 00:00:00.000000048,4752.9487,84,46
1970-01-01 00:00:00.000000049,4759.0747,84,46
1970-01-01 00:00:00.000000050,4769.6475,84,46
1970-01-01 00:00:00.000000048,4738.3135,84,47
1970-01-01 00:00:00.000000049,4741.941,84,47
1970-01-01 00:00:00.000000050,4754.9883,84,47
1970-01-01 00:00:00.000000051,4760.041,84,47
1970-01-01 00:00:00.000000049,4750.6357,84,48
1970-01-01 00:00:00.000000050,4760.927,84,48
1970-01-01 00:00:00.000000051,4765.485,84,48
1970-01-01 00:00:00.000000052,4753.1094,84,48
1970-01-01 00:00:00.000000050,4747.8105,84,49
1970-01-01 00:00:00.000000051,4751.6167,84,49
1970-01-01 00:00:00.000000052,4738.9927,84,49
1970-01-01 00:00:00.000000053,4737.4976,84,49
1970-01-01 00:00:00.000000051,4784.485,84,50
1970-01-01 00:00:00.000000052,4781.082,84,50
1970-01-01 00:00:00.000000053,4790.724,84,50
1970-01-01 00:00:00.000000054,4783.731,84,50
1970-01-01 00:00:00.000000052,4801.5054,84,51
1970-01-01 00:00:00.000000053,4815.8022,84,51
1970-01-01 00:00:00.000000054,4813.7573,84,51
1970-01-01 00:00:00.000000055,4807.4814,84,51
1970-01-01 00:00:00.000000053,4780.014,84,52
1970-01-01 00:00:00.000000054,4772.408,84,52
1970-01-01 00:00:00.000000055,4760.0825,84,52
1970-01-01 00:00:00.000000056,4765.423,84,52
1970-01-01 00:00:00.000000054,4791.209,84,53
1970-01-01 00:00:00.000000055,4776.6084,84,53
1970-01-01 00:00:00.000000056,4779.8257,84,53
1970-01-01 00:00:00.000000057,4773.614,84,53
1970-01-01 00:00:00.000000055,4783.511,84,54
1970-01-01 00:00:00.000000056,4784.231,84,54
1970-01-01 00:00:00.000000057,4774.1,84,54
1970-01-01 00:00:00.000000058,4770.3706,84,54
1970-01-01 00:00:00.000000056,4764.2,84,55
1970-01-01 00:00:00.000000057,4752.7485,84,55
1970-01-01 00:00:00.000000058,4749.6855,84,55
1970-01-01 00:00:00.000000059,4760.791,84,55
1970-01-01 00:00:00.000000057,4793.8066,84,56
1970-01-01 00:00:00.000000058,4802.1074,84,56
1970-01-01 00:00:00.000000059,4831.4707,84,56
1970-01-01 00:00:00.000000060,4847.3994,84,56
1970-01-01 00:00:00.000000058,4802.8433,84,57
1970-01-01 00:00:00.000000059,4832.947,84,57
1970-01-01 00:00:00.000000060,4850.193,84,57
1970-01-01 00:00:00.000000061,4881.283,84,57
1970-01-01 00:00:00.000000059,4822.583,84,58
1970-01-01 00:00:00.000000060,4838.5903,84,58
1970-01-01 00:00:00.000000061,4869.705,84,58
1970-01-01 00:00:00.000000062,4899.0835,84,58
1970-01-01 00:00:00.000000060,4875.69,84,59
1970-01-01 00:00:00.000000061,4909.38,84,59
1970-01-01 00:00:00.000000062,4942.814,84,59
1970-01-01 00:00:00.000000063,4953.7476,84,59
1970-01-01 00:00:00.000000061,4882.7437,84,60
1970-01-01 00:00:00.000000062,4906.32,84,60
1970-01-01 00:00:00.000000063,4903.6455,84,60
1970-01-01 00:00:00.000000064,4905.495,84,60
1970-01-01 00:00:00.000000062,4917.0054,84,61
1970-01-01 00:00:00.000000063,4916.7773,84,61
1970-01-01 00:00:00.000000064,4921.507,84,61
1970-01-01 00:00:00.000000065,4913.458,84,61
1970-01-01 00:00:00.000000063,4959.0176,84,62
1970-01-01 00:00:00.000000064,4965.761,84,62
1970-01-01 00:00:00.000000065,4961.937,84,62
1970-01-01 00:00:00.000000066,4950.5005,84,62
1970-01-01 00:00:00.000000064,4958.176,84,63
1970-01-01 00:00:00.000000065,4951.093,84,63
1970-01-01 00:00:00.000000066,4936.129,84,63
1970-01-01 00:00:00.000000067,4933.918,84,63
1970-01-01 00:00:00.000000065,4963.977,84,64
1970-01-01 00:00:00.000000066,4949.0234,84,64
1970-01-01 00:00:00.000000067,4946.8813,84,64
1970-01-01 00:00:00.000000068,4944.882,84,64
1970-01-01 00:00:00.000000066,4975.1284,84,65
1970-01-01 00:00:00.000000067,4976.949,84,65
1970-01-01 00:00:00.000000068,4976.885,84,65
1970-01-01 00:00:00.000000069,4974.518,84,65
1970-01-01 00:00:00.000000067,4959.6416,84,66
1970-01-01 00:00:00.000000068,4955.139,84,66
1970-01-01 00:00:00.000000069,4947.856,84,66
1970-01-01 00:00:00.000000070,4950.0444,84,66
1970-01-01 00:00:00.000000068,4958.0293,84,67
1970-01-01 00:00:00.000000069,4944.17,84,67
1970-01-01 00:00:00.000000070,4944.186,84,67
1970-01-01 00:00:00.000000071,4939.2827,84,67
1970-01-01 00:00:00.000000069,4962.0874,84,68
1970-01-01 00:00:00.000000070,4959.9487,84,68
1970-01-01 00:00:00.000000071,4955.5483,84,68
1970-01-01 00:00:00.000000072,4948.1274,84,68
1970-01-01 00:00:00.000000070,4953.3623,84,69
1970-01-01 00:00:00.000000071,4949.431,84,69
1970-01-01 00:00:00.000000072,4940.514,84,69
1970-01-01 00:00:00.000000073,4941.1743,84,69
1970-01-01 00:00:00.000000071,4957.174,84,70
1970-01-01 00:00:00.000000072,4950.6875,84,70
1970-01-01 00:00:00.000000073,4952.125,84,70
1970-01-01 00:00:00.000000074,4950.0674,84,70
1970-01-01 00:00:00.000000072,4933.533,84,71
1970-01-01 00:00:00.000000073,4929.6006,84,71
1970-01-01 00:00:00.000000074,4922.3877,84,71
1970-01-01 00:00:00.000000075,4923.1816,84,71
1970-01-01 00:00:00.000000073,4901.401,84,72
1970-01-01 00:00:00.000000074,4888.3384,84,72
1970-01-01 00:00:00.000000075,4883.7617,84,72
1970-01-01 00:00:00.000000076,4886.419,84,72
1970-01-01 00:00:00.000000074,4906.6206,84,73
1970-01-01 00:00:00.000000075,4903.347,84,73
1970-01-01 00:00:00.000000076,4908.4424,84,73
1970-01-01 00:00:00.000000077,4902.4556,84,73
1970-01-01 00:00:00.000000075,4900.287,84,74
1970-01-01 00:00:00.000000076,4905.3525,84,74
1970-01-01 00:00:00.000000077,4900.539,84,74
1970-01-01 00:00:00.000000078,4897.162,84,74
1970-01-01 00:00:00.000000076,4889.0405,84,75
1970-01-01 00:00:00.000000077,4884.328,84,75
1970-01-01 00:00:00.000000078,4881.8135,84,75
1970-01-01 00:00:00.000000079,4881.9526,84,75
1970-01-01 00:00:00.000000077,4910.057,84,76
1970-01-01 00:00:00.000000078,4910.196,84,76
1970-01-01 00:00:00.000000079,4915.2085,84,76
1970-01-01 00:00:00.000000080,4906.957,84,76
1970-01-01 00:00:00.000000078,4884.9604,84,77
1970-01-01 00:00:00.000000079,4888.582,84,77
1970-01-01 00:00:00.000000080,4875.645,84,77
1970-01-01 00:00:00.000000081,4878.2646,84,77
1970-01-01 00:00:00.000000079,4870.6953,84,78
1970-01-01 00:00:00.000000080,4854.68,84,78
1970-01-01 00:00:00.000000081,4853.8296,84,78
1970-01-01 00:00:00.000000082,4856.5454,84,78
1970-01-01 00:00:00.000000080,4883.3643,84,79
1970-01-01 00:00:00.000000081,4886.674,84,79
1970-01-01 00:00:00.000000082,4895.3228,84,79
1970-01-01 00:00:00.000000083,4887.7876,84,79
1970-01-01 00:00:00.000000081,4859.49,84,80
1970-01-01 00:00:00.000000082,4862.7783,84,80
1970-01-01 00:00:00.000000083,4850.038,84,80
1970-01-01 00:00:00.000000084,4851.8203,84,80
1970-01-01 00:00:00.000000082,4871.845,84,81
1970-01-01 00:00:00.000000083,4862.07,84,81
1970-01-01 00:00:00.000000084,4868.198,84,81
1970-01-01 00:00:00.000000085,4865.692,84,81
1970-01-01 00:00:00.000000083,4882.709,84,82
1970-01-01 00:00:00.000000084,4889.674,84,82
1970-01-01 00:00:00.000000085,4889.419,84,82
1970-01-01 00:00:00.000000086,4882.5884,84,82
1970-01-01 00:00:00.000000084,4855.422,84,83
1970-01-01 00:00:00.000000085,4850.3433,84,83
1970-01-01 00:00:00.000000086,4836.8184,84,83
1970-01-01 00:00:00.000000087,4841.7554,84,83
1970-01-01 00:00:00.000000085,4851.925,84,84
1970-01-01 00:00:00.000000086,4837.356,84,84
1970-01-01 00:00:00.000000087,4841.446,84,84
1970-01-01 00:00:00.000000088,4842.6147,84,84
1970-01-01 00:00:00.000000086,4857.2637,84,85
1970-01-01 00:00:00.000000087,4862.156,84,85
1970-01-01 00:00:00.000000088,4864.756,84,85
1970-01-01 00:00:00.000000089,4857.5806,84,85
1970-01-01 00:00:00.000000087,4853.132,84,86
1970-01-01 00:00:00.000000088,4853.3325,84,86
1970-01-01 00:00:00.000000089,4847.897,84,86
1970-01-01 00:00:00.000000090,4846.936,84,86
1970-01-01 00:00:00.000000088,4856.6396,84,87
1970-01-01 00:00:00.000000089,4849.68,84,87
1970-01-01 00:00:00.000000090,4848.8413,84,87
1970-01-01 00:00:00.000000091,4847.5356,84,87
1970-01-01 00:00:00.000000089,4856.391,84,88
1970-01-01 00:00:00.000000090,4858.2354,84,88
1970-01-01 00:00:00.000000091,4858.862,84,88
1970-01-01 00:00:00.000000092,4858.5356,84,88
1970-01-01 00:00:00.000000090,4844.3555,84,89
1970-01-01 00:00:00.000000091,4842.745,84,89
1970-01-01 00:00:00.000000092,4840.464,84,89
1970-01-01 00:00:00.000000093,4846.3193,84,89
1970-01-01 00:00:00.000000091,4854.829,84,90
1970-01-01 00:00:00.000000092,4859.1787,84,90
1970-01-01 00:00:00.000000093,4870.9263,84,90
1970-01-01 00:00:00.000000094,4869.1875,84,90
1970-01-01 00:00:00.000000092,4877.634,84,91
1970-01-01 00:00:00.000000093,4889.2324,84,91
1970-01-01 00:00:00.000000094,4889.499,84,91
1970-01-01 00:00:00.000000095,4879.903,84,91
1970-01-01 00:00:00.000000093,4873.1333,84,92
1970-01-01 00:00:00.000000094,4870.177,84,92
1970-01-01 00:00:00.000000095,4857.0024,84,92
1970-01-01 00:00:00.000000096,4844.2993,84,92
1970-01-01 00:00:00.000000094,4882.3257,84,93
1970-01-01 00:00:00.000000095,4871.438,84,93
1970-01-01 00:00:00.000000096,4862.954,84,93
1970-01-01 00:00:00.000000097,4848.3145,84,93
1970-01-01 00:00:00.000000095,4859.3423,84,94
1970-01-01 00:00:00.000000096,4847.0513,84,94
1970-01-01 00:00:00.000000097,4824.9326,84,94
1970-01-01 00:00:00.000000098,4812.9062,84,94
1970-01-01 00:00:00.000000096,4832.8574,84,95
1970-01-01 00:00:00.000000097,4807.744,84,95
1970-01-01 00:00:00.000000098,4793.1147,84,95
1970-01-01 00:00:00.000000099,4783.7095,84,95
1970-01-01 00:00:00.000000097,4836.4336,84,96
1970-01-01 00:00:00.000000098,4822.7935,84,96
1970-01-01 00:00:00.000000099,4816.6133,84,96
1970-01-01 00:00:00.000000100,4798.192,84,96
1970-01-01 00:00:00.000000098,4820.415,84,97
1970-01-01 00:00:00.000000099,4816.153,84,97
1970-01-01 00:00:00.000000100,4799.79,84,97
1970-01-01 00:00:00.000000101,4788.2666,84,97
1970-01-01 00:00:00.000000099,4812.601,84,98
1970-01-01 00:00:00.000000100,4796.387,84,98
1970-01-01 00:00:00.000000101,4785.67,84,98
1970-01-01 00:00:00.000000102,4774.1567,84,98
1970-01-01 00:00:00.000000100,4813.3535,84,99
1970-01-01 00:00:00.000000101,4806.5283,84,99
1970-01-01 00:00:00.000000102,4798.8877,84,99
1970-01-01 00:00:00.000000103,4781.8037,84,99
1970-01-01 00:00:00.000000101,4794.3823,84,100
1970-01-01 00:00:00.000000102,4784.1997,84,100
1970-01-01 00:00:00.000000103,4766.1533,84,100
1970-01-01 00:00:00.000000104,4757.168,84,100
1970-01-01 00:00:00.000000102,4778.5337,84,101
1970-01-01 00:00:00.000000103,4758.8276,84,101
1970-01-01 00:00:00.000000104,4748.064,84,101
1970-01-01 00:00:00.000000105,4735.336,84,101
1970-01-01 00:00:00.000000103,4785.0454,84,102
1970-01-01 00:00:00.000000104,4781.6133,84,102
1970-01-01 00:00:00.000000105,4777.8247,84,102
1970-01-01 00:00:00.000000106,4767.752,84,102
1970-01-01 00:00:00.000000104,4776.586,84,103
1970-01-01 00:00:00.000000105,4772.2124,84,103
1970-01-01 00:00:00.000000106,4762.9507,84,103
1970-01-01 00:00:00.000000107,4757.5234,84,103
1970-01-01 00:00:00.000000105,4777.8145,84,104
1970-01-01 00:00:00.000000106,4771.737,84,104
1970-01-01 00:00:00.000000107,4770.756,84,104
1970-01-01 00:00:00.000000108,4767.3438,84,104
1970-01-01 00:00:00.000000106,4774.0195,84,105
1970-01-01 00:00:00.000000107,4772.1743,84,105
1970-01-01 00:00:00.000000108,4769.1763,84,105
1970-01-01 00:00:00.000000109,4768.395,84,105
1970-01-01 00:00:00.000000107,4734.857,84,106
1970-01-01 00:00:00.000000108,4724.0493,84,106
1970-01-01 00:00:00.000000109,4714.2397,84,106
1970-01-01 00:00:00.000000110,4720.4805,84,106
1970-01-01 00:00:00.000000108,4717.721,84,107
1970-01-01 00:00:00.000000109,4707.347,84,107
1970-01-01 00:00:00.000000110,4712.9297,84,107
1970-01-01 00:00:00.000000111,4717.046,84,107
1970-01-01 00:00:00.000000109,4728.699,84,108
1970-01-01 00:00:00.000000110,4733.791,84,108
1970-01-01 00:00:00.000000111,4739.234,84,108
1970-01-01 00:00:00.000000112,4734.7744,84,108
1970-01-01 00:00:00.000000110,4730.9785,84,109
1970-01-01 00:00:00.000000111,4737.0957,84,109
1970-01-01 00:00:00.000000112,4735.4365,84,109
1970-01-01 00:00:00.000000113,4732.029,84,109
1970-01-01 00:00:00.000000111,4746.9023,84,110
1970-01-01 00:00:00.000000112,4743.7925,84,110
1970-01-01 00:00:00.000000113,4744.9126,84,110
1970-01-01 00:00:00.000000114,4739.665,84,110
1970-01-01 00:00:00.000000112,4768.8647,84,111
1970-01-01 00:00:00.000000113,4776.3135,84,111
1970-01-01 00:00:00.000000114,4775.8076,84,111
1970-01-01 00:00:00.000000115,4769.4097,84,111
1970-01-01 00:00:00.000000113,4758.6606,84,112
1970-01-01 00:00:00.000000114,4757.135,84,112
1970-01-01 00:00:00.000000115,4748.602,84,112
1970-01-01 00:00:00.000000116,4753.577,84,112
1970-01-01 00:00:00.000000114,4762.449,84,113
1970-01-01 00:00:00.000000115,4752.295,84,113
1970-01-01 00:00:00.000000116,4756.1978,84,113
1970-01-01 00:00:00.000000117,4755.2544,84,113
1970-01-01 00:00:00.000000009,4270.4873,85,8
1970-01-01 00:00:00.000000010,4274.305,85,8
1970-01-01 00:00:00.000000011,4275.2036,85,8
1970-01-01 00:00:00.000000012,4281.2373,85,8
1970-01-01 00:00:00.000000010,4260.9727,85,9
1970-01-01 00:00:00.000000011,4266.085,85,9
1970-01-01 00:00:00.000000012,4275.8784,85,9
1970-01-01 00:00:00.000000013,4285.638,85,9
1970-01-01 00:00:00.000000011,4277.674,85,10
1970-01-01 00:00:00.000000012,4293.977,85,10
1970-01-01 00:00:00.000000013,4311.8037,85,10
1970-01-01 00:00:00.000000014,4319.399,85,10
1970-01-01 00:00:00.000000012,4282.665,85,11
1970-01-01 00:00:00.000000013,4303.602,85,11
1970-01-01 00:00:00.000000014,4312.237,85,11
1970-01-01 00:00:00.000000015,4323.5015,85,11
1970-01-01 00:00:00.000000013,4276.9897,85,12
1970-01-01 00:00:00.000000014,4283.133,85,12
1970-01-01 00:00:00.000000015,4292.6113,85,12
1970-01-01 00:00:00.000000016,4301.974,85,12
1970-01-01 00:00:00.000000014,4290.6274,85,13
1970-01-01 00:00:00.000000015,4299.188,85,13
1970-01-01 00:00:00.000000016,4310.3975,85,13
1970-01-01 00:00:00.000000017,4310.4243,85,13
1970-01-01 00:00:00.000000015,4309.647,85,14
1970-01-01 00:00:00.000000016,4324.7725,85,14
1970-01-01 00:00:00.000000017,4330.5674,85,14
1970-01-01 00:00:00.000000018,4332.3013,85,14
1970-01-01 00:00:00.000000016,4315.6904,85,15
1970-01-01 00:00:00.000000017,4323.983,85,15
1970-01-01 00:00:00.000000018,4328.7183,85,15
1970-01-01 00:00:00.000000019,4334.774,85,15
1970-01-01 00:00:00.000000017,4351.4985,85,16
1970-01-01 00:00:00.000000018,4361.291,85,16
1970-01-01 00:00:00.000000019,4376.2515,85,16
1970-01-01 00:00:00.000000020,4378.1934,85,16
1970-01-01 00:00:00.000000018,4344.305,85,17
1970-01-01 00:00:00.000000019,4355.4375,85,17
1970-01-01 00:00:00.000000020,4350.4556,85,17
1970-01-01 00:00:00.000000021,4357.5728,85,17
1970-01-01 00:00:00.000000019,4334.0903,85,18
1970-01-01 00:00:00.000000020,4322.6943,85,18
1970-01-01 00:00:00.000000021,4323.8145,85,18
1970-01-01 00:00:00.000000022,4332.1494,85,18
1970-01-01 00:00:00.000000020,4350.1875,85,19
1970-01-01 00:00:00.000000021,4351.67,85,19
1970-01-01 00:00:00.000000022,4360.9746,85,19
1970-01-01 00:00:00.000000023,4361.0557,85,19
1970-01-01 00:00:00.000000021,4344.195,85,20
1970-01-01 00:00:00.000000022,4353.3765,85,20
1970-01-01 00:00:00.000000023,4349.5874,85,20
1970-01-01 00:00:00.000000024,4356.937,85,20
1970-01-01 00:00:00.000000022,4332.603,85,21
1970-01-01 00:00:00.000000023,4325.894,85,21
1970-01-01 00:00:00.000000024,4330.0996,85,21
1970-01-01 00:00:00.000000025,4334.296,85,21
1970-01-01 00:00:00.000000023,4347.8467,85,22
1970-01-01 00:00:00.000000024,4355.7583,85,22
1970-01-01 00:00:00.000000025,4364.835,85,22
1970-01-01 00:00:00.000000026,4369.3237,85,22
1970-01-01 00:00:00.000000024,4331.6113,85,23
1970-01-01 00:00:00.000000025,4336.0664,85,23
1970-01-01 00:00:00.000000026,4330.6084,85,23
1970-01-01 00:00:00.000000027,4336.0903,85,23
1970-01-01 00:00:00.000000025,4301.9526,85,24
1970-01-01 00:00:00.000000026,4290.5464,85,24
1970-01-01 00:00:00.000000027,4286.928,85,24
1970-01-01 00:00:00.000000028,4292.338,85,24
1970-01-01 00:00:00.000000026,4315.3286,85,25
1970-01-01 00:00:00.000000027,4312.961,85,25
1970-01-01 00:00:00.000000028,4323.683,85,25
1970-01-01 00:00:00.000000029,4322.0513,85,25
1970-01-01 00:00:00.000000027,4290.3604,85,26
1970-01-01 00:00:00.000000028,4298.091,85,26
1970-01-01 00:00:00.000000029,4289.924,85,26
1970-01-01 00:00:00.000000030,4294.903,85,26
1970-01-01 00:00:00.000000028,4292.575,85,27
1970-01-01 00:00:00.000000029,4286.4185,85,27
1970-01-01 00:00:00.000000030,4295.578,85,27
1970-01-01 00:00:00.000000031,4300.719,85,27
1970-01-01 00:00:00.000000029,4296.883,85,28
1970-01-01 00:00:00.000000030,4307.867,85,28
1970-01-01 00:00:00.000000031,4313.616,85,28
1970-01-01 00:00:00.000000032,4316.139,85,28
1970-01-01 00:00:00.000000030,4269.2173,85,29
1970-01-01 00:00:00.000000031,4266.9927,85,29
1970-01-01 00:00:00.000000032,4260.2134,85,29
1970-01-01 00:00:00.000000033,4268.181,85,29
1970-01-01 00:00:00.000000031,4265.505,85,30
1970-01-01 00:00:00.000000032,4258.3887,85,30
1970-01-01 00:00:00.000000033,4265.915,85,30
1970-01-01 00:00:00.000000034,4269.895,85,30
1970-01-01 00:00:00.000000032,4246.1655,85,31
1970-01-01 00:00:00.000000033,4246.4756,85,31
1970-01-01 00:00:00.000000034,4239.717,85,31
1970-01-01 00:00:00.000000035,4242.2075,85,31
1970-01-01 00:00:00.000000033,4234.055,85,32
1970-01-01 00:00:00.000000034,4227.5254,85,32
1970-01-01 00:00:00.000000035,4229.434,85,32
1970-01-01 00:00:00.000000036,4231.843,85,32
1970-01-01 00:00:00.000000034,4234.985,85,33
1970-01-01 00:00:00.000000035,4238.205,85,33
1970-01-01 00:00:00.000000036,4243.0376,85,33
1970-01-01 00:00:00.000000037,4243.22,85,33
1970-01-01 00:00:00.000000035,4245.593,85,34
1970-01-01 00:00:00.000000036,4256.8203,85,34
1970-01-01 00:00:00.000000037,4266.396,85,34
1970-01-01 00:00:00.000000038,4272.666,85,34
1970-01-01 00:00:00.000000036,4250.926,85,35
1970-01-01 00:00:00.000000037,4259.781,85,35
1970-01-01 00:00:00.000000038,4267.334,85,35
1970-01-01 00:00:00.000000039,4275.3496,85,35
1970-01-01 00:00:00.000000037,4276.2505,85,36
1970-01-01 00:00:00.000000038,4291.05,85,36
1970-01-01 00:00:00.000000039,4307.13,85,36
1970-01-01 00:00:00.000000040,4314.759,85,36
1970-01-01 00:00:00.000000038,4290.1455,85,37
1970-01-01 00:00:00.000000039,4308.3447,85,37
1970-01-01 00:00:00.000000040,4317.597,85,37
1970-01-01 00:00:00.000000041,4327.7134,85,37
1970-01-01 00:00:00.000000039,4289.411,85,38
1970-01-01 00:00:00.000000040,4295.0234,85,38
1970-01-01 00:00:00.000000041,4300.159,85,38
1970-01-01 00:00:00.000000042,4305.0854,85,38
1970-01-01 00:00:00.000000040,4312.3887,85,39
1970-01-01 00:00:00.000000041,4317.9043,85,39
1970-01-01 00:00:00.000000042,4326.9185,85,39
1970-01-01 00:00:00.000000043,4327.9907,85,39
1970-01-01 00:00:00.000000041,4305.2363,85,40
1970-01-01 00:00:00.000000042,4310.486,85,40
1970-01-01 00:00:00.000000043,4305.519,85,40
1970-01-01 00:00:00.000000044,4310.784,85,40
1970-01-01 00:00:00.000000042,4313.8755,85,41
1970-01-01 00:00:00.000000043,4313.3086,85,41
1970-01-01 00:00:00.000000044,4321.924,85,41
1970-01-01 00:00:00.000000045,4327.437,85,41
1970-01-01 00:00:00.000000043,4327.1885,85,42
1970-01-01 00:00:00.000000044,4334.9194,85,42
1970-01-01 00:00:00.000000045,4340.159,85,42
1970-01-01 00:00:00.000000046,4342.9365,85,42
1970-01-01 00:00:00.000000044,4288.4336,85,43
1970-01-01 00:00:00.000000045,4281.2563,85,43
1970-01-01 00:00:00.000000046,4267.8657,85,43
1970-01-01 00:00:00.000000047,4274.039,85,43
1970-01-01 00:00:00.000000045,4284.03,85,44
1970-01-01 00:00:00.000000046,4269.2534,85,44
1970-01-01 00:00:00.000000047,4275.003,85,44
1970-01-01 00:00:00.000000048,4277.7056,85,44
1970-01-01 00:00:00.000000046,4281.1104,85,45
1970-01-01 00:00:00.000000047,4289.494,85,45
1970-01-01 00:00:00.000000048,4290.819,85,45
1970-01-01 00:00:00.000000049,4292.7603,85,45
1970-01-01 00:00:00.000000047,4256.1123,85,46
1970-01-01 00:00:00.000000048,4253.5703,85,46
1970-01-01 00:00:00.000000049,4254.126,85,46
1970-01-01 00:00:00.000000050,4266.163,85,46
1970-01-01 00:00:00.000000048,4282.511,85,47
1970-01-01 00:00:00.000000049,4289.0566,85,47
1970-01-01 00:00:00.000000050,4312.673,85,47
1970-01-01 00:00:00.000000051,4318.0083,85,47
1970-01-01 00:00:00.000000049,4305.245,85,48
1970-01-01 00:00:00.000000050,4330.7905,85,48
1970-01-01 00:00:00.000000051,4338.6357,85,48
1970-01-01 00:00:00.000000052,4343.928,85,48
1970-01-01 00:00:00.000000050,4291.7495,85,49
1970-01-01 00:00:00.000000051,4291.128,85,49
1970-01-01 00:00:00.000000052,4289.9795,85,49
1970-01-01 00:00:00.000000053,4303.1104,85,49
1970-01-01 00:00:00.000000051,4314.085,85,50
1970-01-01 00:00:00.000000052,4312.0957,85,50
1970-01-01 00:00:00.000000053,4326.9014,85,50
1970-01-01 00:00:00.000000054,4324.0312,85,50
1970-01-01 00:00:00.000000052,4304.951,85,51
1970-01-01 00:00:00.000000053,4318.393,85,51
1970-01-01 00:00:00.000000054,4305.644,85,51
1970-01-01 00:00:00.000000055,4308.264,85,51
1970-01-01 00:00:00.000000053,4295.0723,85,52
1970-01-01 00:00:00.000000054,4281.5815,85,52
1970-01-01 00:00:00.000000055,4281.574,85,52
1970-01-01 00:00:00.000000056,4285.863,85,52
1970-01-01 00:00:00.000000054,4295.6294,85,53
1970-01-01 00:00:00.000000055,4295.474,85,53
1970-01-01 00:00:00.000000056,4298.712,85,53
1970-01-01 00:00:00.000000057,4296.6836,85,53
1970-01-01 00:00:00.000000055,4256.2246,85,54
1970-01-01 00:00:00.000000056,4253.5874,85,54
1970-01-01 00:00:00.000000057,4238.7007,85,54
1970-01-01 00:00:00.000000058,4247.2217,85,54
1970-01-01 00:00:00.000000056,4254.223,85,55
1970-01-01 00:00:00.000000057,4239.7485,85,55
1970-01-01 00:00:00.000000058,4250.726,85,55
1970-01-01 00:00:00.000000059,4253.3174,85,55
1970-01-01 00:00:00.000000057,4250.721,85,56
1970-01-01 00:00:00.000000058,4264.9053,85,56
1970-01-01 00:00:00.000000059,4269.9644,85,56
1970-01-01 00:00:00.000000060,4276.99,85,56
1970-01-01 00:00:00.000000058,4255.873,85,57
1970-01-01 00:00:00.000000059,4264.121,85,57
1970-01-01 00:00:00.000000060,4275.105,85,57
1970-01-01 00:00:00.000000061,4286.093,85,57
1970-01-01 00:00:00.000000059,4259.9624,85,58
1970-01-01 00:00:00.000000060,4269.2197,85,58
1970-01-01 00:00:00.000000061,4281.634,85,58
1970-01-01 00:00:00.000000062,4289.4736,85,58
1970-01-01 00:00:00.000000060,4270.779,85,59
1970-01-01 00:00:00.000000061,4284.998,85,59
1970-01-01 00:00:00.000000062,4298.11,85,59
1970-01-01 00:00:00.000000063,4313.3135,85,59
1970-01-01 00:00:00.000000061,4279.358,85,60
1970-01-01 00:00:00.000000062,4298.0923,85,60
1970-01-01 00:00:00.000000063,4319.4004,85,60
1970-01-01 00:00:00.000000064,4339.595,85,60
1970-01-01 00:00:00.000000062,4288.768,85,61
1970-01-01 00:00:00.000000063,4309.998,85,61
1970-01-01 00:00:00.000000064,4330.165,85,61
1970-01-01 00:00:00.000000065,4346.669,85,61
1970-01-01 00:00:00.000000063,4284.745,85,62
1970-01-01 00:00:00.000000064,4300.181,85,62
1970-01-01 00:00:00.000000065,4312.122,85,62
1970-01-01 00:00:00.000000066,4311.055,85,62
1970-01-01 00:00:00.000000064,4268.169,85,63
1970-01-01 00:00:00.000000065,4273.723,85,63
1970-01-01 00:00:00.000000066,4264.262,85,63
1970-01-01 00:00:00.000000067,4240.5703,85,63
1970-01-01 00:00:00.000000065,4257.2354,85,64
1970-01-01 00:00:00.000000066,4247.4453,85,64
1970-01-01 00:00:00.000000067,4219.8647,85,64
1970-01-01 00:00:00.000000068,4178.634,85,64
1970-01-01 00:00:00.000000066,4195.193,85,65
1970-01-01 00:00:00.000000067,4160.7603,85,65
1970-01-01 00:00:00.000000068,4108.555,85,65
1970-01-01 00:00:00.000000069,4065.68,85,65
1970-01-01 00:00:00.000000067,4141.532,85,66
1970-01-01 00:00:00.000000068,4101.565,85,66
1970-01-01 00:00:00.000000069,4070.001,85,66
1970-01-01 00:00:00.000000070,4052.591,85,66
1970-01-01 00:00:00.000000068,4112.568,85,67
1970-01-01 00:00:00.000000069,4104.799,85,67
1970-01-01 00:00:00.000000070,4107.5186,85,67
1970-01-01 00:00:00.000000071,4117.697,85,67
1970-01-01 00:00:00.000000069,4072.1924,85,68
1970-01-01 00:00:00.000000070,4066.1194,85,68
1970-01-01 00:00:00.000000071,4066.7673,85,68
1970-01-01 00:00:00.000000072,4073.5464,85,68
1970-01-01 00:00:00.000000070,4089.7869,85,69
1970-01-01 00:00:00.000000071,4096.6724,85,69
1970-01-01 00:00:00.000000072,4115.017,85,69
1970-01-01 00:00:00.000000073,4114.508,85,69
1970-01-01 00:00:00.000000071,4084.1501,85,70
1970-01-01 00:00:00.000000072,4100.5063,85,70
1970-01-01 00:00:00.000000073,4097.824,85,70
1970-01-01 00:00:00.000000074,4100.09,85,70
1970-01-01 00:00:00.000000072,4079.9756,85,71
1970-01-01 00:00:00.000000073,4077.4668,85,71
1970-01-01 00:00:00.000000074,4080.7021,85,71
1970-01-01 00:00:00.000000075,4085.932,85,71
1970-01-01 00:00:00.000000009,3792.1277,86,8
1970-01-01 00:00:00.000000010,3798.4924,86,8
1970-01-01 00:00:00.000000011,3809.7515,86,8
1970-01-01 00:00:00.000000012,3813.684,86,8
1970-01-01 00:00:00.000000010,3782.2012,86,9
1970-01-01 00:00:00.000000011,3790.1458,86,9
1970-01-01 00:00:00.000000012,3787.4773,86,9
1970-01-01 00:00:00.000000013,3792.3914,86,9
1970-01-01 00:00:00.000000011,3790.9556,86,10
1970-01-01 00:00:00.000000012,3788.458,86,10
1970-01-01 00:00:00.000000013,3796.9727,86,10
1970-01-01 00:00:00.000000014,3797.5452,86,10
1970-01-01 00:00:00.000000012,3809.0442,86,11
1970-01-01 00:00:00.000000013,3816.9836,86,11
1970-01-01 00:00:00.000000014,3822.9502,86,11
1970-01-01 00:00:00.000000015,3822.1467,86,11
1970-01-01 00:00:00.000000013,3803.5325,86,12
1970-01-01 00:00:00.000000014,3812.7063,86,12
1970-01-01 00:00:00.000000015,3809.1265,86,12
1970-01-01 00:00:00.000000016,3816.387,86,12
1970-01-01 00:00:00.000000014,3826.217,86,13
1970-01-01 00:00:00.000000015,3826.852,86,13
1970-01-01 00:00:00.000000016,3841.374,86,13
1970-01-01 00:00:00.000000017,3844.898,86,13
1970-01-01 00:00:00.000000015,3833.2292,86,14
1970-01-01 00:00:00.000000016,3851.5872,86,14
1970-01-01 00:00:00.000000017,3855.792,86,14
1970-01-01 00:00:00.000000018,3860.1318,86,14
1970-01-01 00:00:00.000000016,3814.3442,86,15
1970-01-01 00:00:00.000000017,3806.768,86,15
1970-01-01 00:00:00.000000018,3799.897,86,15
1970-01-01 00:00:00.000000019,3805.9631,86,15
1970-01-01 00:00:00.000000017,3815.1592,86,16
1970-01-01 00:00:00.000000018,3810.1042,86,16
1970-01-01 00:00:00.000000019,3818.5112,86,16
1970-01-01 00:00:00.000000020,3819.9434,86,16
1970-01-01 00:00:00.000000018,3804.521,86,17
1970-01-01 00:00:00.000000019,3809.9333,86,17
1970-01-01 00:00:00.000000020,3802.9683,86,17
1970-01-01 00:00:00.000000021,3806.4338,86,17
1970-01-01 00:00:00.000000019,3798.021,86,18
1970-01-01 00:00:00.000000020,3792.7666,86,18
1970-01-01 00:00:00.000000021,3796.69,86,18
1970-01-01 00:00:00.000000022,3801.135,86,18
1970-01-01 00:00:00.000000020,3801.8618,86,19
1970-01-01 00:00:00.000000021,3798.7107,86,19
1970-01-01 00:00:00.000000022,3802.3013,86,19
1970-01-01 00:00:00.000000023,3799.4688,86,19
1970-01-01 00:00:00.000000021,3802.0483,86,20
1970-01-01 00:00:00.000000022,3810.6392,86,20
1970-01-01 00:00:00.000000023,3811.8293,86,20
1970-01-01 00:00:00.000000024,3813.0725,86,20
1970-01-01 00:00:00.000000022,3810.1377,86,21
1970-01-01 00:00:00.000000023,3809.329,86,21
1970-01-01 00:00:00.000000024,3812.0872,86,21
1970-01-01 00:00:00.000000025,3818.2585,86,21
1970-01-01 00:00:00.000000023,3806.757,86,22
1970-01-01 00:00:00.000000024,3811.941,86,22
1970-01-01 00:00:00.000000025,3814.3613,86,22
1970-01-01 00:00:00.000000026,3819.3293,86,22
1970-01-01 00:00:00.000000024,3791.7688,86,23
1970-01-01 00:00:00.000000025,3782.0994,86,23
1970-01-01 00:00:00.000000026,3777.4727,86,23
1970-01-01 00:00:00.000000027,3782.3062,86,23
1970-01-01 00:00:00.000000025,3774.1353,86,24
1970-01-01 00:00:00.000000026,3774.267,86,24
1970-01-01 00:00:00.000000027,3777.0125,86,24
1970-01-01 00:00:00.000000028,3780.8276,86,24
1970-01-01 00:00:00.000000026,3782.72,86,25
1970-01-01 00:00:00.000000027,3780.9739,86,25
1970-01-01 00:00:00.000000028,3784.8225,86,25
1970-01-01 00:00:00.000000029,3786.0093,86,25
1970-01-01 00:00:00.000000027,3792.8506,86,26
1970-01-01 00:00:00.000000028,3807.2212,86,26
1970-01-01 00:00:00.000000029,3818.1462,86,26
1970-01-01 00:00:00.000000030,3818.708,86,26
1970-01-01 00:00:00.000000028,3806.7825,86,27
1970-01-01 00:00:00.000000029,3816.124,86,27
1970-01-01 00:00:00.000000030,3820.8818,86,27
1970-01-01 00:00:00.000000031,3823.6062,86,27
1970-01-01 00:00:00.000000029,3815.2576,86,28
1970-01-01 00:00:00.000000030,3817.9185,86,28
1970-01-01 00:00:00.000000031,3821.1396,86,28
1970-01-01 00:00:00.000000032,3824.718,86,28
1970-01-01 00:00:00.000000030,3802.824,86,29
1970-01-01 00:00:00.000000031,3803.1025,86,29
1970-01-01 00:00:00.000000032,3802.6165,86,29
1970-01-01 00:00:00.000000033,3808.5476,86,29
1970-01-01 00:00:00.000000031,3796.5752,86,30
1970-01-01 00:00:00.000000032,3793.3196,86,30
1970-01-01 00:00:00.000000033,3793.8132,86,30
1970-01-01 00:00:00.000000034,3801.4246,86,30
1970-01-01 00:00:00.000000032,3793.9436,86,31
1970-01-01 00:00:00.000000033,3791.7153,86,31
1970-01-01 00:00:00.000000034,3797.211,86,31
1970-01-01 00:00:00.000000035,3801.6877,86,31
1970-01-01 00:00:00.000000033,3787.927,86,32
1970-01-01 00:00:00.000000034,3793.2288,86,32
1970-01-01 00:00:00.000000035,3801.3245,86,32
1970-01-01 00:00:00.000000036,3804.9648,86,32
1970-01-01 00:00:00.000000034,3816.1433,86,33
1970-01-01 00:00:00.000000035,3829.6157,86,33
1970-01-01 00:00:00.000000036,3841.0083,86,33
1970-01-01 00:00:00.000000037,3848.149,86,33
1970-01-01 00:00:00.000000035,3829.4202,86,34
1970-01-01 00:00:00.000000036,3839.1018,86,34
1970-01-01 00:00:00.000000037,3845.4949,86,34
1970-01-01 00:00:00.000000038,3851.134,86,34
1970-01-01 00:00:00.000000036,3809.864,86,35
1970-01-01 00:00:00.000000037,3810.3706,86,35
1970-01-01 00:00:00.000000038,3808.7307,86,35
1970-01-01 00:00:00.000000039,3816.873,86,35
1970-01-01 00:00:00.000000037,3827.486,86,36
1970-01-01 00:00:00.000000038,3825.9763,86,36
1970-01-01 00:00:00.000000039,3836.4382,86,36
1970-01-01 00:00:00.000000040,3842.6223,86,36
1970-01-01 00:00:00.000000038,3815.5989,86,37
1970-01-01 00:00:00.000000039,3827.6338,86,37
1970-01-01 00:00:00.000000040,3828.8499,86,37
1970-01-01 00:00:00.000000041,3834.4702,86,37
1970-01-01 00:00:00.000000039,3822.3625,86,38
1970-01-01 00:00:00.000000040,3821.5325,86,38
1970-01-01 00:00:00.000000041,3830.7617,86,38
1970-01-01 00:00:00.000000042,3834.3086,86,38
1970-01-01 00:00:00.000000040,3855.0752,86,39
1970-01-01 00:00:00.000000041,3872.5496,86,39
1970-01-01 00:00:00.000000042,3887.541,86,39
1970-01-01 00:00:00.000000043,3888.5574,86,39
1970-01-01 00:00:00.000000041,3834.1929,86,40
1970-01-01 00:00:00.000000042,3841.3801,86,40
1970-01-01 00:00:00.000000043,3830.9165,86,40
1970-01-01 00:00:00.000000044,3836.0557,86,40
1970-01-01 00:00:00.000000042,3840.1074,86,41
1970-01-01 00:00:00.000000043,3829.0134,86,41
1970-01-01 00:00:00.000000044,3835.4731,86,41
1970-01-01 00:00:00.000000045,3837.8525,86,41
1970-01-01 00:00:00.000000043,3828.3896,86,42
1970-01-01 00:00:00.000000044,3831.6375,86,42
1970-01-01 00:00:00.000000045,3826.682,86,42
1970-01-01 00:00:00.000000046,3826.6726,86,42
1970-01-01 00:00:00.000000044,3806.683,86,43
1970-01-01 00:00:00.000000045,3795.9111,86,43
1970-01-01 00:00:00.000000046,3787.461,86,43
1970-01-01 00:00:00.000000047,3789.4507,86,43
1970-01-01 00:00:00.000000045,3808.3628,86,44
1970-01-01 00:00:00.000000046,3803.7512,86,44
1970-01-01 00:00:00.000000047,3809.9111,86,44
1970-01-01 00:00:00.000000048,3811.5337,86,44
1970-01-01 00:00:00.000000046,3803.646,86,45
1970-01-01 00:00:00.000000047,3807.4365,86,45
1970-01-01 00:00:00.000000048,3808.1326,86,45
1970-01-01 00:00:00.000000049,3809.527,86,45
1970-01-01 00:00:00.000000047,3803.5574,86,46
1970-01-01 00:00:00.000000048,3802.7754,86,46
1970-01-01 00:00:00.000000049,3804.8955,86,46
1970-01-01 00:00:00.000000050,3807.5325,86,46
1970-01-01 00:00:00.000000048,3798.494,86,47
1970-01-01 00:00:00.000000049,3799.6577,86,47
1970-01-01 00:00:00.000000050,3797.9404,86,47
1970-01-01 00:00:00.000000051,3800.7563,86,47
1970-01-01 00:00:00.000000049,3787.4897,86,48
1970-01-01 00:00:00.000000050,3784.3955,86,48
1970-01-01 00:00:00.000000051,3785.8381,86,48
1970-01-01 00:00:00.000000052,3789.3013,86,48
1970-01-01 00:00:00.000000050,3782.79,86,49
1970-01-01 00:00:00.000000051,3785.4214,86,49
1970-01-01 00:00:00.000000052,3788.569,86,49
1970-01-01 00:00:00.000000053,3791.5427,86,49
1970-01-01 00:00:00.000000051,3787.8223,86,50
1970-01-01 00:00:00.000000052,3793.2493,86,50
1970-01-01 00:00:00.000000053,3801.3533,86,50
1970-01-01 00:00:00.000000054,3802.8643,86,50
1970-01-01 00:00:00.000000052,3794.3538,86,51
1970-01-01 00:00:00.000000053,3803.959,86,51
1970-01-01 00:00:00.000000054,3808.3752,86,51
1970-01-01 00:00:00.000000055,3814.4307,86,51
1970-01-01 00:00:00.000000053,3793.0876,86,52
1970-01-01 00:00:00.000000054,3795.3535,86,52
1970-01-01 00:00:00.000000055,3799.5505,86,52
1970-01-01 00:00:00.000000056,3806.0544,86,52
1970-01-01 00:00:00.000000054,3792.442,86,53
1970-01-01 00:00:00.000000055,3797.1672,86,53
1970-01-01 00:00:00.000000056,3802.2327,86,53
1970-01-01 00:00:00.000000057,3809.29,86,53
1970-01-01 00:00:00.000000055,3781.0105,86,54
1970-01-01 00:00:00.000000056,3782.4392,86,54
1970-01-01 00:00:00.000000057,3779.121,86,54
1970-01-01 00:00:00.000000058,3785.1143,86,54
1970-01-01 00:00:00.000000056,3760.496,86,55
1970-01-01 00:00:00.000000057,3752.873,86,55
1970-01-01 00:00:00.000000058,3752.8098,86,55
1970-01-01 00:00:00.000000059,3756.8687,86,55
1970-01-01 00:00:00.000000057,3761.013,86,56
1970-01-01 00:00:00.000000058,3761.576,86,56
1970-01-01 00:00:00.000000059,3768.427,86,56
1970-01-01 00:00:00.000000060,3768.6602,86,56
1970-01-01 00:00:00.000000058,3752.9158,86,57
1970-01-01 00:00:00.000000059,3759.0862,86,57
1970-01-01 00:00:00.000000060,3756.5725,86,57
1970-01-01 00:00:00.000000061,3759.4702,86,57
1970-01-01 00:00:00.000000059,3749.368,86,58
1970-01-01 00:00:00.000000060,3749.2092,86,58
1970-01-01 00:00:00.000000061,3756.1167,86,58
1970-01-01 00:00:00.000000062,3762.9382,86,58
1970-01-01 00:00:00.000000060,3757.1223,86,59
1970-01-01 00:00:00.000000061,3763.6606,86,59
1970-01-01 00:00:00.000000062,3770.788,86,59
1970-01-01 00:00:00.000000063,3773.5972,86,59
1970-01-01 00:00:00.000000061,3738.4812,86,60
1970-01-01 00:00:00.000000062,3739.2139,86,60
1970-01-01 00:00:00.000000063,3733.554,86,60
1970-01-01 00:00:00.000000064,3740.4937,86,60
1970-01-01 00:00:00.000000062,3725.109,86,61
1970-01-01 00:00:00.000000063,3713.554,86,61
1970-01-01 00:00:00.000000064,3713.2322,86,61
1970-01-01 00:00:00.000000065,3717.3704,86,61
1970-01-01 00:00:00.000000063,3736.1848,86,62
1970-01-01 00:00:00.000000064,3741.184,86,62
1970-01-01 00:00:00.000000065,3751.5415,86,62
1970-01-01 00:00:00.000000066,3751.2356,86,62
1970-01-01 00:00:00.000000064,3726.5415,86,63
1970-01-01 00:00:00.000000065,3732.339,86,63
1970-01-01 00:00:00.000000066,3726.9526,86,63
1970-01-01 00:00:00.000000067,3731.598,86,63
1970-01-01 00:00:00.000000065,3734.0076,86,64
1970-01-01 00:00:00.000000066,3732.561,86,64
1970-01-01 00:00:00.000000067,3743.7312,86,64
1970-01-01 00:00:00.000000068,3748.0188,86,64
1970-01-01 00:00:00.000000066,3748.4795,86,65
1970-01-01 00:00:00.000000067,3763.0505,86,65
1970-01-01 00:00:00.000000068,3775.4763,86,65
1970-01-01 00:00:00.000000069,3781.6628,86,65
1970-01-01 00:00:00.000000067,3739.0618,86,66
1970-01-01 00:00:00.000000068,3745.9685,86,66
1970-01-01 00:00:00.000000069,3744.112,86,66
1970-01-01 00:00:00.000000070,3756.1123,86,66
1970-01-01 00:00:00.000000068,3756.1074,86,67
1970-01-01 00:00:00.000000069,3754.999,86,67
1970-01-01 00:00:00.000000070,3772.1084,86,67
1970-01-01 00:00:00.000000071,3779.1104,86,67
1970-01-01 00:00:00.000000069,3747.9568,86,68
1970-01-01 00:00:00.000000070,3755.9475,86,68
1970-01-01 00:00:00.000000071,3756.35,86,68
1970-01-01 00:00:00.000000072,3761.673,86,68
1970-01-01 00:00:00.000000070,3746.4614,86,69
1970-01-01 00:00:00.000000071,3745.1497,86,69
1970-01-01 00:00:00.000000072,3747.1265,86,69
1970-01-01 00:00:00.000000073,3755.7507,86,69
1970-01-01 00:00:00.000000071,3771.1272,86,70
1970-01-01 00:00:00.000000072,3780.662,86,70
1970-01-01 00:00:00.000000073,3799.5884,86,70
1970-01-01 00:00:00.000000074,3803.457,86,70
1970-01-01 00:00:00.000000072,3771.2102,86,71
1970-01-01 00:00:00.000000073,3785.0286,86,71
1970-01-01 00:00:00.000000074,3785.0645,86,71
1970-01-01 00:00:00.000000075,3792.0066,86,71
1970-01-01 00:00:00.000000073,3776.6863,86,72
1970-01-01 00:00:00.000000074,3780.5618,86,72
1970-01-01 00:00:00.000000075,3791.8054,86,72
1970-01-01 00:00:00.000000076,3800.3628,86,72
1970-01-01 00:00:00.000000074,3779.7095,86,73
1970-01-01 00:00:00.000000075,3786.3992,86,73
1970-01-01 00:00:00.000000076,3792.597,86,73
1970-01-01 00:00:00.000000077,3800.2468,86,73
1970-01-01 00:00:00.000000075,3775.1804,86,74
1970-01-01 00:00:00.000000076,3780.5027,86,74
1970-01-01 00:00:00.000000077,3784.9836,86,74
1970-01-01 00:00:00.000000078,3794.5815,86,74
1970-01-01 00:00:00.000000076,3763.2017,86,75
1970-01-01 00:00:00.000000077,3762.095,86,75
1970-01-01 00:00:00.000000078,3763.2612,86,75
1970-01-01 00:00:00.000000079,3771.0383,86,75
1970-01-01 00:00:00.000000077,3769.2754,86,76
1970-01-01 00:00:00.000000078,3768.3328,86,76
1970-01-01 00:00:00.000000079,3777.5552,86,76
1970-01-01 00:00:00.000000080,3780.612,86,76
1970-01-01 00:00:00.000000078,3768.0376,86,77
1970-01-01 00:00:00.000000079,3778.7583,86,77
1970-01-01 00:00:00.000000080,3781.0427,86,77
1970-01-01 00:00:00.000000081,3784.5598,86,77
1970-01-01 00:00:00.000000079,3752.8755,86,78
1970-01-01 00:00:00.000000080,3749.6033,86,78
1970-01-01 00:00:00.000000081,3745.7397,86,78
1970-01-01 00:00:00.000000082,3753.9363,86,78
1970-01-01 00:00:00.000000080,3770.148,86,79
1970-01-01 00:00:00.000000081,3772.6265,86,79
1970-01-01 00:00:00.000000082,3789.611,86,79
1970-01-01 00:00:00.000000083,3792.774,86,79
1970-01-01 00:00:00.000000081,3751.0576,86,80
1970-01-01 00:00:00.000000082,3758.8606,86,80
1970-01-01 00:00:00.000000083,3750.131,86,80
1970-01-01 00:00:00.000000084,3756.4587,86,80
1970-01-01 00:00:00.000000082,3748.3677,86,81
1970-01-01 00:00:00.000000083,3744.0525,86,81
1970-01-01 00:00:00.000000084,3754.7988,86,81
1970-01-01 00:00:00.000000085,3764.4802,86,81
1970-01-01 00:00:00.000000083,3770.6975,86,82
1970-01-01 00:00:00.000000084,3785.3396,86,82
1970-01-01 00:00:00.000000085,3802.046,86,82
1970-01-01 00:00:00.000000086,3806.6973,86,82
1970-01-01 00:00:00.000000084,3751.1074,86,83
1970-01-01 00:00:00.000000085,3759.1401,86,83
1970-01-01 00:00:00.000000086,3756.138,86,83
1970-01-01 00:00:00.000000087,3765.7131,86,83
1970-01-01 00:00:00.000000085,3768.8364,86,84
1970-01-01 00:00:00.000000086,3768.1787,86,84
1970-01-01 00:00:00.000000087,3789.6907,86,84
1970-01-01 00:00:00.000000088,3799.778,86,84
1970-01-01 00:00:00.000000086,3784.5325,86,85
1970-01-01 00:00:00.000000087,3806.9536,86,85
1970-01-01 00:00:00.000000088,3818.2524,86,85
1970-01-01 00:00:00.000000089,3829.3125,86,85
1970-01-01 00:00:00.000000087,3797.156,86,86
1970-01-01 00:00:00.000000088,3808.382,86,86
1970-01-01 00:00:00.000000089,3816.1924,86,86
1970-01-01 00:00:00.000000090,3829.4136,86,86
1970-01-01 00:00:00.000000088,3825.9949,86,87
1970-01-01 00:00:00.000000089,3836.6902,86,87
1970-01-01 00:00:00.000000090,3856.5212,86,87
1970-01-01 00:00:00.000000091,3861.0542,86,87
1970-01-01 00:00:00.000000089,3809.12,86,88
1970-01-01 00:00:00.000000090,3817.1072,86,88
1970-01-01 00:00:00.000000091,3808.1191,86,88
1970-01-01 00:00:00.000000092,3815.3452,86,88
1970-01-01 00:00:00.000000090,3805.9958,86,89
1970-01-01 00:00:00.000000091,3799.2039,86,89
1970-01-01 00:00:00.000000092,3804.3,86,89
1970-01-01 00:00:00.000000093,3811.783,86,89
1970-01-01 00:00:00.000000091,3818.3809,86,90
1970-01-01 00:00:00.000000092,3822.8901,86,90
1970-01-01 00:00:00.000000093,3833.0916,86,90
1970-01-01 00:00:00.000000094,3834.0015,86,90
1970-01-01 00:00:00.000000092,3806.526,86,91
1970-01-01 00:00:00.000000093,3813.1948,86,91
1970-01-01 00:00:00.000000094,3809.9534,86,91
1970-01-01 00:00:00.000000095,3817.1848,86,91
1970-01-01 00:00:00.000000093,3817.0105,86,92
1970-01-01 00:00:00.000000094,3815.5635,86,92
1970-01-01 00:00:00.000000095,3828.2195,86,92
1970-01-01 00:00:00.000000096,3833.1016,86,92
1970-01-01 00:00:00.000000094,3824.235,86,93
1970-01-01 00:00:00.000000095,3835.4473,86,93
1970-01-01 00:00:00.000000096,3841.408,86,93
1970-01-01 00:00:00.000000097,3846.325,86,93
1970-01-01 00:00:00.000000095,3813.8142,86,94
1970-01-01 00:00:00.000000096,3820.9407,86,94
1970-01-01 00:00:00.000000097,3824.65,86,94
1970-01-01 00:00:00.000000098,3835.6953,86,94
1970-01-01 00:00:00.000000096,3813.4663,86,95
1970-01-01 00:00:00.000000097,3814.935,86,95
1970-01-01 00:00:00.000000098,3824.4463,86,95
1970-01-01 00:00:00.000000099,3835.1409,86,95
1970-01-01 00:00:00.000000097,3800.8606,86,96
1970-01-01 00:00:00.000000098,3802.423,86,96
1970-01-01 00:00:00.000000099,3804.341,86,96
1970-01-01 00:00:00.000000100,3810.0435,86,96
1970-01-01 00:00:00.000000098,3807.0825,86,97
1970-01-01 00:00:00.000000099,3815.8105,86,97
1970-01-01 00:00:00.000000100,3827.2266,86,97
1970-01-01 00:00:00.000000101,3831.6072,86,97
1970-01-01 00:00:00.000000099,3815.4775,86,98
1970-01-01 00:00:00.000000100,3829.5972,86,98
1970-01-01 00:00:00.000000101,3836.297,86,98
1970-01-01 00:00:00.000000102,3843.3865,86,98
1970-01-01 00:00:00.000000100,3817.5437,86,99
1970-01-01 00:00:00.000000101,3825.1785,86,99
1970-01-01 00:00:00.000000102,3833.6492,86,99
1970-01-01 00:00:00.000000103,3837.6428,86,99
1970-01-01 00:00:00.000000101,3818.1897,86,100
1970-01-01 00:00:00.000000102,3826.4988,86,100
1970-01-01 00:00:00.000000103,3829.6775,86,100
1970-01-01 00:00:00.000000104,3831.6072,86,100
1970-01-01 00:00:00.000000009,3568.1343,87,8
1970-01-01 00:00:00.000000010,3602.1497,87,8
1970-01-01 00:00:00.000000011,3675.7183,87,8
1970-01-01 00:00:00.000000012,3697.2803,87,8
1970-01-01 00:00:00.000000010,3662.7627,87,9
1970-01-01 00:00:00.000000011,3756.7493,87,9
1970-01-01 00:00:00.000000012,3817.7168,87,9
1970-01-01 00:00:00.000000013,3844.8733,87,9
1970-01-01 00:00:00.000000011,3769.552,87,10
1970-01-01 00:00:00.000000012,3852.4644,87,10
1970-01-01 00:00:00.000000013,3923.965,87,10
1970-01-01 00:00:00.000000014,3966.9104,87,10
1970-01-01 00:00:00.000000012,3908.1494,87,11
1970-01-01 00:00:00.000000013,3997.67,87,11
1970-01-01 00:00:00.000000014,4080.3865,87,11
1970-01-01 00:00:00.000000015,4120.947,87,11
1970-01-01 00:00:00.000000013,4025.9753,87,12
1970-01-01 00:00:00.000000014,4112.1045,87,12
1970-01-01 00:00:00.000000015,4167.917,87,12
1970-01-01 00:00:00.000000016,4201.973,87,12
1970-01-01 00:00:00.000000014,4129.562,87,13
1970-01-01 00:00:00.000000015,4188.6626,87,13
1970-01-01 00:00:00.000000016,4236.4146,87,13
1970-01-01 00:00:00.000000017,4266.119,87,13
1970-01-01 00:00:00.000000015,4199.008,87,14
1970-01-01 00:00:00.000000016,4237.4087,87,14
1970-01-01 00:00:00.000000017,4257.0386,87,14
1970-01-01 00:00:00.000000018,4274.6714,87,14
1970-01-01 00:00:00.000000016,4241.8467,87,15
1970-01-01 00:00:00.000000017,4255.864,87,15
1970-01-01 00:00:00.000000018,4263.198,87,15
1970-01-01 00:00:00.000000019,4269.155,87,15
1970-01-01 00:00:00.000000017,4301.892,87,16
1970-01-01 00:00:00.000000018,4314.2207,87,16
1970-01-01 00:00:00.000000019,4329.667,87,16
1970-01-01 00:00:00.000000020,4326.23,87,16
1970-01-01 00:00:00.000000018,4324.584,87,17
1970-01-01 00:00:00.000000019,4335.151,87,17
1970-01-01 00:00:00.000000020,4323.3,87,17
1970-01-01 00:00:00.000000021,4314.9585,87,17
1970-01-01 00:00:00.000000019,4318.232,87,18
1970-01-01 00:00:00.000000020,4299.2896,87,18
1970-01-01 00:00:00.000000021,4277.2915,87,18
1970-01-01 00:00:00.000000022,4264.379,87,18
1970-01-01 00:00:00.000000020,4323.766,87,19
1970-01-01 00:00:00.000000021,4296.4243,87,19
1970-01-01 00:00:00.000000022,4277.603,87,19
1970-01-01 00:00:00.000000023,4247.1787,87,19
1970-01-01 00:00:00.000000021,4285.3857,87,20
1970-01-01 00:00:00.000000022,4263.7637,87,20
1970-01-01 00:00:00.000000023,4226.2754,87,20
1970-01-01 00:00:00.000000024,4203.6777,87,20
1970-01-01 00:00:00.000000022,4261.013,87,21
1970-01-01 00:00:00.000000023,4225.22,87,21
1970-01-01 00:00:00.000000024,4202.7075,87,21
1970-01-01 00:00:00.000000025,4180.2354,87,21
1970-01-01 00:00:00.000000023,4276.5054,87,22
1970-01-01 00:00:00.000000024,4267.435,87,22
1970-01-01 00:00:00.000000025,4259.7686,87,22
1970-01-01 00:00:00.000000026,4236.52,87,22
1970-01-01 00:00:00.000000024,4268.356,87,23
1970-01-01 00:00:00.000000025,4265.3745,87,23
1970-01-01 00:00:00.000000026,4247.277,87,23
1970-01-01 00:00:00.000000027,4237.5376,87,23
1970-01-01 00:00:00.000000025,4262.256,87,24
1970-01-01 00:00:00.000000026,4249.581,87,24
1970-01-01 00:00:00.000000027,4245.988,87,24
1970-01-01 00:00:00.000000028,4232.185,87,24
1970-01-01 00:00:00.000000026,4266.464,87,25
1970-01-01 00:00:00.000000027,4261.536,87,25
1970-01-01 00:00:00.000000028,4249.169,87,25
1970-01-01 00:00:00.000000029,4234.891,87,25
1970-01-01 00:00:00.000000027,4231.1094,87,26
1970-01-01 00:00:00.000000028,4221.202,87,26
1970-01-01 00:00:00.000000029,4201.543,87,26
1970-01-01 00:00:00.000000030,4189.4385,87,26
1970-01-01 00:00:00.000000028,4234.729,87,27
1970-01-01 00:00:00.000000029,4218.1,87,27
1970-01-01 00:00:00.000000030,4214.4346,87,27
1970-01-01 00:00:00.000000031,4196.642,87,27
1970-01-01 00:00:00.000000029,4243.245,87,28
1970-01-01 00:00:00.000000030,4240.6255,87,28
1970-01-01 00:00:00.000000031,4228.5728,87,28
1970-01-01 00:00:00.000000032,4209.6562,87,28
1970-01-01 00:00:00.000000030,4228.8857,87,29
1970-01-01 00:00:00.000000031,4224.713,87,29
1970-01-01 00:00:00.000000032,4211.1797,87,29
1970-01-01 00:00:00.000000033,4198.629,87,29
1970-01-01 00:00:00.000000031,4249.9346,87,30
1970-01-01 00:00:00.000000032,4240.106,87,30
1970-01-01 00:00:00.000000033,4238.658,87,30
1970-01-01 00:00:00.000000034,4220.9365,87,30
1970-01-01 00:00:00.000000032,4275.5786,87,31
1970-01-01 00:00:00.000000033,4276.9316,87,31
1970-01-01 00:00:00.000000034,4266.2607,87,31
1970-01-01 00:00:00.000000035,4251.6226,87,31
1970-01-01 00:00:00.000000033,4279.869,87,32
1970-01-01 00:00:00.000000034,4269.599,87,32
1970-01-01 00:00:00.000000035,4256.8325,87,32
1970-01-01 00:00:00.000000036,4238.931,87,32
1970-01-01 00:00:00.000000034,4296.657,87,33
1970-01-01 00:00:00.000000035,4281.23,87,33
1970-01-01 00:00:00.000000036,4267.7144,87,33
1970-01-01 00:00:00.000000037,4253.997,87,33
1970-01-01 00:00:00.000000035,4308.018,87,34
1970-01-01 00:00:00.000000036,4298.471,87,34
1970-01-01 00:00:00.000000037,4289.2524,87,34
1970-01-01 00:00:00.000000038,4279.882,87,34
1970-01-01 00:00:00.000000036,4310.917,87,35
1970-01-01 00:00:00.000000037,4308.5977,87,35
1970-01-01 00:00:00.000000038,4304.614,87,35
1970-01-01 00:00:00.000000039,4298.777,87,35
1970-01-01 00:00:00.000000037,4320.9575,87,36
1970-01-01 00:00:00.000000038,4311.879,87,36
1970-01-01 00:00:00.000000039,4307.523,87,36
1970-01-01 00:00:00.000000040,4303.919,87,36
1970-01-01 00:00:00.000000038,4337.724,87,37
1970-01-01 00:00:00.000000039,4338.046,87,37
1970-01-01 00:00:00.000000040,4340.557,87,37
1970-01-01 00:00:00.000000041,4333.728,87,37
1970-01-01 00:00:00.000000039,4358.3887,87,38
1970-01-01 00:00:00.000000040,4366.6987,87,38
1970-01-01 00:00:00.000000041,4365.925,87,38
1970-01-01 00:00:00.000000042,4355.232,87,38
1970-01-01 00:00:00.000000040,4359.608,87,39
1970-01-01 00:00:00.000000041,4353.468,87,39
1970-01-01 00:00:00.000000042,4339.617,87,39
1970-01-01 00:00:00.000000043,4339.597,87,39
1970-01-01 00:00:00.000000041,4362.9507,87,40
1970-01-01 00:00:00.000000042,4348.116,87,40
1970-01-01 00:00:00.000000043,4350.87,87,40
1970-01-01 00:00:00.000000044,4345.2993,87,40
1970-01-01 00:00:00.000000042,4369.135,87,41
1970-01-01 00:00:00.000000043,4376.4453,87,41
1970-01-01 00:00:00.000000044,4378.2817,87,41
1970-01-01 00:00:00.000000045,4384.221,87,41
1970-01-01 00:00:00.000000043,4380.461,87,42
1970-01-01 00:00:00.000000044,4386.928,87,42
1970-01-01 00:00:00.000000045,4397.2817,87,42
1970-01-01 00:00:00.000000046,4403.579,87,42
1970-01-01 00:00:00.000000044,4420.815,87,43
1970-01-01 00:00:00.000000045,4442.565,87,43
1970-01-01 00:00:00.000000046,4460.0903,87,43
1970-01-01 00:00:00.000000047,4443.683,87,43
1970-01-01 00:00:00.000000045,4419.2666,87,44
1970-01-01 00:00:00.000000046,4432.2705,87,44
1970-01-01 00:00:00.000000047,4414.3823,87,44
1970-01-01 00:00:00.000000048,4380.4507,87,44
1970-01-01 00:00:00.000000046,4432.944,87,45
1970-01-01 00:00:00.000000047,4418.4897,87,45
1970-01-01 00:00:00.000000048,4391.6646,87,45
1970-01-01 00:00:00.000000049,4348.432,87,45
1970-01-01 00:00:00.000000047,4436.838,87,46
1970-01-01 00:00:00.000000048,4415.127,87,46
1970-01-01 00:00:00.000000049,4376.723,87,46
1970-01-01 00:00:00.000000050,4323.3877,87,46
1970-01-01 00:00:00.000000048,4427.718,87,47
1970-01-01 00:00:00.000000049,4407.318,87,47
1970-01-01 00:00:00.000000050,4374.0327,87,47
1970-01-01 00:00:00.000000051,4351.0874,87,47
1970-01-01 00:00:00.000000049,4439.322,87,48
1970-01-01 00:00:00.000000050,4428.162,87,48
1970-01-01 00:00:00.000000051,4425.6035,87,48
1970-01-01 00:00:00.000000052,4423.772,87,48
1970-01-01 00:00:00.000000050,4409.4004,87,49
1970-01-01 00:00:00.000000051,4404.269,87,49
1970-01-01 00:00:00.000000052,4393.8726,87,49
1970-01-01 00:00:00.000000053,4393.2515,87,49
1970-01-01 00:00:00.000000051,4401.46,87,50
1970-01-01 00:00:00.000000052,4389.587,87,50
1970-01-01 00:00:00.000000053,4389.334,87,50
1970-01-01 00:00:00.000000054,4380.965,87,50
1970-01-01 00:00:00.000000052,4407.348,87,51
1970-01-01 00:00:00.000000053,4398.7554,87,51
1970-01-01 00:00:00.000000054,4386.144,87,51
1970-01-01 00:00:00.000000055,4378.0835,87,51
1970-01-01 00:00:00.000000053,4380.149,87,52
1970-01-01 00:00:00.000000054,4369.194,87,52
1970-01-01 00:00:00.000000055,4356.7046,87,52
1970-01-01 00:00:00.000000056,4347.0137,87,52
1970-01-01 00:00:00.000000054,4375.9326,87,53
1970-01-01 00:00:00.000000055,4358.7314,87,53
1970-01-01 00:00:00.000000056,4347.4697,87,53
1970-01-01 00:00:00.000000057,4338.1777,87,53
1970-01-01 00:00:00.000000055,4363.0,87,54
1970-01-01 00:00:00.000000056,4348.377,87,54
1970-01-01 00:00:00.000000057,4333.9434,87,54
1970-01-01 00:00:00.000000058,4325.1704,87,54
1970-01-01 00:00:00.000000056,4334.098,87,55
1970-01-01 00:00:00.000000057,4319.1475,87,55
1970-01-01 00:00:00.000000058,4308.1553,87,55
1970-01-01 00:00:00.000000059,4295.5996,87,55
1970-01-01 00:00:00.000000057,4348.1763,87,56
1970-01-01 00:00:00.000000058,4338.1357,87,56
1970-01-01 00:00:00.000000059,4330.137,87,56
1970-01-01 00:00:00.000000060,4319.175,87,56
1970-01-01 00:00:00.000000058,4380.8926,87,57
1970-01-01 00:00:00.000000059,4382.3823,87,57
1970-01-01 00:00:00.000000060,4385.583,87,57
1970-01-01 00:00:00.000000061,4367.818,87,57
1970-01-01 00:00:00.000000059,4381.875,87,58
1970-01-01 00:00:00.000000060,4386.3926,87,58
1970-01-01 00:00:00.000000061,4370.6836,87,58
1970-01-01 00:00:00.000000062,4359.211,87,58
1970-01-01 00:00:00.000000060,4421.022,87,59
1970-01-01 00:00:00.000000061,4413.157,87,59
1970-01-01 00:00:00.000000062,4414.699,87,59
1970-01-01 00:00:00.000000063,4404.3228,87,59
1970-01-01 00:00:00.000000061,4449.28,87,60
1970-01-01 00:00:00.000000062,4458.7373,87,60
1970-01-01 00:00:00.000000063,4456.144,87,60
1970-01-01 00:00:00.000000064,4443.551,87,60
1970-01-01 00:00:00.000000062,4439.668,87,61
1970-01-01 00:00:00.000000063,4431.4395,87,61
1970-01-01 00:00:00.000000064,4412.294,87,61
1970-01-01 00:00:00.000000065,4405.631,87,61
1970-01-01 00:00:00.000000063,4451.7334,87,62
1970-01-01 00:00:00.000000064,4437.7036,87,62
1970-01-01 00:00:00.000000065,4437.7285,87,62
1970-01-01 00:00:00.000000066,4430.0596,87,62
1970-01-01 00:00:00.000000064,4471.272,87,63
1970-01-01 00:00:00.000000065,4474.3154,87,63
1970-01-01 00:00:00.000000066,4471.0303,87,63
1970-01-01 00:00:00.000000067,4458.752,87,63
1970-01-01 00:00:00.000000065,4474.8037,87,64
1970-01-01 00:00:00.000000066,4473.0483,87,64
1970-01-01 00:00:00.000000067,4463.569,87,64
1970-01-01 00:00:00.000000068,4454.762,87,64
1970-01-01 00:00:00.000000066,4516.33,87,65
1970-01-01 00:00:00.000000067,4513.5757,87,65
1970-01-01 00:00:00.000000068,4516.7427,87,65
1970-01-01 00:00:00.000000069,4507.764,87,65
1970-01-01 00:00:00.000000067,4530.08,87,66
1970-01-01 00:00:00.000000068,4538.2954,87,66
1970-01-01 00:00:00.000000069,4529.4507,87,66
1970-01-01 00:00:00.000000070,4518.9487,87,66
1970-01-01 00:00:00.000000068,4523.25,87,67
1970-01-01 00:00:00.000000069,4509.824,87,67
1970-01-01 00:00:00.000000070,4497.276,87,67
1970-01-01 00:00:00.000000071,4492.144,87,67
1970-01-01 00:00:00.000000069,4555.275,87,68
1970-01-01 00:00:00.000000070,4549.274,87,68
1970-01-01 00:00:00.000000071,4553.195,87,68
1970-01-01 00:00:00.000000072,4541.8354,87,68
1970-01-01 00:00:00.000000070,4553.721,87,69
1970-01-01 00:00:00.000000071,4558.889,87,69
1970-01-01 00:00:00.000000072,4544.2275,87,69
1970-01-01 00:00:00.000000073,4533.009,87,69
1970-01-01 00:00:00.000000071,4585.221,87,70
1970-01-01 00:00:00.000000072,4575.1274,87,70
1970-01-01 00:00:00.000000073,4574.142,87,70
1970-01-01 00:00:00.000000074,4561.4272,87,70
1970-01-01 00:00:00.000000072,4618.001,87,71
1970-01-01 00:00:00.000000073,4623.4404,87,71
1970-01-01 00:00:00.000000074,4618.294,87,71
1970-01-01 00:00:00.000000075,4603.34,87,71
1970-01-01 00:00:00.000000009,5153.944,88,8
1970-01-01 00:00:00.000000010,5170.7812,88,8
1970-01-01 00:00:00.000000011,5160.6606,88,8
1970-01-01 00:00:00.000000012,5167.964,88,8
1970-01-01 00:00:00.000000010,5166.4146,88,9
1970-01-01 00:00:00.000000011,5157.802,88,9
1970-01-01 00:00:00.000000012,5168.874,88,9
1970-01-01 00:00:00.000000013,5172.598,88,9
1970-01-01 00:00:00.000000011,5209.0645,88,10
1970-01-01 00:00:00.000000012,5224.664,88,10
1970-01-01 00:00:00.000000013,5233.9106,88,10
1970-01-01 00:00:00.000000014,5230.5527,88,10
1970-01-01 00:00:00.000000012,5149.149,88,11
1970-01-01 00:00:00.000000013,5146.2036,88,11
1970-01-01 00:00:00.000000014,5130.725,88,11
1970-01-01 00:00:00.000000015,5142.4497,88,11
1970-01-01 00:00:00.000000013,5156.785,88,12
1970-01-01 00:00:00.000000014,5144.084,88,12
1970-01-01 00:00:00.000000015,5157.286,88,12
1970-01-01 00:00:00.000000016,5156.713,88,12
1970-01-01 00:00:00.000000014,5165.2803,88,13
1970-01-01 00:00:00.000000015,5178.048,88,13
1970-01-01 00:00:00.000000016,5179.5825,88,13
1970-01-01 00:00:00.000000017,5182.0312,88,13
1970-01-01 00:00:00.000000015,5089.7773,88,14
1970-01-01 00:00:00.000000016,5082.1245,88,14
1970-01-01 00:00:00.000000017,5077.519,88,14
1970-01-01 00:00:00.000000018,5095.0137,88,14
1970-01-01 00:00:00.000000016,5136.04,88,15
1970-01-01 00:00:00.000000017,5137.2603,88,15
1970-01-01 00:00:00.000000018,5164.5303,88,15
1970-01-01 00:00:00.000000019,5167.558,88,15
1970-01-01 00:00:00.000000017,5141.325,88,16
1970-01-01 00:00:00.000000018,5159.9937,88,16
1970-01-01 00:00:00.000000019,5149.3335,88,16
1970-01-01 00:00:00.000000020,5145.0103,88,16
1970-01-01 00:00:00.000000018,5090.908,88,17
1970-01-01 00:00:00.000000019,5069.0303,88,17
1970-01-01 00:00:00.000000020,5055.0605,88,17
1970-01-01 00:00:00.000000021,5046.4136,88,17
1970-01-01 00:00:00.000000019,5157.124,88,18
1970-01-01 00:00:00.000000020,5155.493,88,18
1970-01-01 00:00:00.000000021,5160.5938,88,18
1970-01-01 00:00:00.000000022,5132.1743,88,18
1970-01-01 00:00:00.000000020,5141.3,88,19
1970-01-01 00:00:00.000000021,5143.6343,88,19
1970-01-01 00:00:00.000000022,5111.481,88,19
1970-01-01 00:00:00.000000023,5096.0776,88,19
1970-01-01 00:00:00.000000021,5081.0884,88,20
1970-01-01 00:00:00.000000022,5046.1816,88,20
1970-01-01 00:00:00.000000023,5031.5986,88,20
1970-01-01 00:00:00.000000024,5037.8657,88,20
1970-01-01 00:00:00.000000022,5108.2954,88,21
1970-01-01 00:00:00.000000023,5093.337,88,21
1970-01-01 00:00:00.000000024,5103.838,88,21
1970-01-01 00:00:00.000000025,5102.29,88,21
1970-01-01 00:00:00.000000023,5089.0967,88,22
1970-01-01 00:00:00.000000024,5104.1255,88,22
1970-01-01 00:00:00.000000025,5101.9355,88,22
1970-01-01 00:00:00.000000026,5109.994,88,22
1970-01-01 00:00:00.000000024,5078.437,88,23
1970-01-01 00:00:00.000000025,5077.5034,88,23
1970-01-01 00:00:00.000000026,5089.6265,88,23
1970-01-01 00:00:00.000000027,5098.766,88,23
1970-01-01 00:00:00.000000025,5150.655,88,24
1970-01-01 00:00:00.000000026,5178.2188,88,24
1970-01-01 00:00:00.000000027,5206.856,88,24
1970-01-01 00:00:00.000000028,5197.0186,88,24
1970-01-01 00:00:00.000000026,5168.45,88,25
1970-01-01 00:00:00.000000027,5195.4653,88,25
1970-01-01 00:00:00.000000028,5190.248,88,25
1970-01-01 00:00:00.000000029,5187.0737,88,25
1970-01-01 00:00:00.000000027,5158.758,88,26
1970-01-01 00:00:00.000000028,5152.0586,88,26
1970-01-01 00:00:00.000000029,5148.497,88,26
1970-01-01 00:00:00.000000030,5151.898,88,26
1970-01-01 00:00:00.000000028,5190.985,88,27
1970-01-01 00:00:00.000000029,5180.772,88,27
1970-01-01 00:00:00.000000030,5177.807,88,27
1970-01-01 00:00:00.000000031,5167.5522,88,27
1970-01-01 00:00:00.000000029,5134.268,88,28
1970-01-01 00:00:00.000000030,5123.93,88,28
1970-01-01 00:00:00.000000031,5102.2847,88,28
1970-01-01 00:00:00.000000032,5109.932,88,28
1970-01-01 00:00:00.000000030,5087.0186,88,29
1970-01-01 00:00:00.000000031,5056.714,88,29
1970-01-01 00:00:00.000000032,5056.5303,88,29
1970-01-01 00:00:00.000000033,5069.859,88,29
1970-01-01 00:00:00.000000031,5088.5586,88,30
1970-01-01 00:00:00.000000032,5093.8413,88,30
1970-01-01 00:00:00.000000033,5114.628,88,30
1970-01-01 00:00:00.000000034,5123.5503,88,30
1970-01-01 00:00:00.000000032,5063.7134,88,31
1970-01-01 00:00:00.000000033,5085.728,88,31
1970-01-01 00:00:00.000000034,5099.0264,88,31
1970-01-01 00:00:00.000000035,5121.3545,88,31
1970-01-01 00:00:00.000000033,5122.896,88,32
1970-01-01 00:00:00.000000034,5138.836,88,32
1970-01-01 00:00:00.000000035,5168.333,88,32
1970-01-01 00:00:00.000000036,5167.4688,88,32
1970-01-01 00:00:00.000000034,5160.2217,88,33
1970-01-01 00:00:00.000000035,5191.171,88,33
1970-01-01 00:00:00.000000036,5189.383,88,33
1970-01-01 00:00:00.000000037,5181.862,88,33
1970-01-01 00:00:00.000000035,5129.8726,88,34
1970-01-01 00:00:00.000000036,5121.314,88,34
1970-01-01 00:00:00.000000037,5106.4043,88,34
1970-01-01 00:00:00.000000038,5100.179,88,34
1970-01-01 00:00:00.000000036,5186.006,88,35
1970-01-01 00:00:00.000000037,5174.4404,88,35
1970-01-01 00:00:00.000000038,5176.3853,88,35
1970-01-01 00:00:00.000000039,5150.5483,88,35
1970-01-01 00:00:00.000000037,5144.799,88,36
1970-01-01 00:00:00.000000038,5144.0464,88,36
1970-01-01 00:00:00.000000039,5117.2295,88,36
1970-01-01 00:00:00.000000040,5115.8003,88,36
1970-01-01 00:00:00.000000038,5085.3735,88,37
1970-01-01 00:00:00.000000039,5047.089,88,37
1970-01-01 00:00:00.000000040,5037.567,88,37
1970-01-01 00:00:00.000000041,5044.727,88,37
1970-01-01 00:00:00.000000039,5128.35,88,38
1970-01-01 00:00:00.000000040,5123.7324,88,38
1970-01-01 00:00:00.000000041,5135.2183,88,38
1970-01-01 00:00:00.000000042,5131.8716,88,38
1970-01-01 00:00:00.000000040,5068.833,88,39
1970-01-01 00:00:00.000000041,5069.7085,88,39
1970-01-01 00:00:00.000000042,5047.732,88,39
1970-01-01 00:00:00.000000043,5049.8447,88,39
1970-01-01 00:00:00.000000041,5049.6284,88,40
1970-01-01 00:00:00.000000042,5027.1987,88,40
1970-01-01 00:00:00.000000043,5029.944,88,40
1970-01-01 00:00:00.000000044,5025.068,88,40
1970-01-01 00:00:00.000000042,5077.5864,88,41
1970-01-01 00:00:00.000000043,5084.5503,88,41
1970-01-01 00:00:00.000000044,5088.5835,88,41
1970-01-01 00:00:00.000000045,5078.419,88,41
1970-01-01 00:00:00.000000043,5040.6245,88,42
1970-01-01 00:00:00.000000044,5042.3887,88,42
1970-01-01 00:00:00.000000045,5031.6577,88,42
1970-01-01 00:00:00.000000046,5039.113,88,42
1970-01-01 00:00:00.000000044,5047.427,88,43
1970-01-01 00:00:00.000000045,5043.396,88,43
1970-01-01 00:00:00.000000046,5061.1787,88,43
1970-01-01 00:00:00.000000047,5073.856,88,43
1970-01-01 00:00:00.000000045,5077.2915,88,44
1970-01-01 00:00:00.000000046,5098.61,88,44
1970-01-01 00:00:00.000000047,5115.8926,88,44
1970-01-01 00:00:00.000000048,5127.344,88,44
1970-01-01 00:00:00.000000046,5081.6704,88,45
1970-01-01 00:00:00.000000047,5106.0796,88,45
1970-01-01 00:00:00.000000048,5126.4185,88,45
1970-01-01 00:00:00.000000049,5141.012,88,45
1970-01-01 00:00:00.000000047,5111.7563,88,46
1970-01-01 00:00:00.000000048,5133.0483,88,46
1970-01-01 00:00:00.000000049,5152.5938,88,46
1970-01-01 00:00:00.000000050,5158.313,88,46
1970-01-01 00:00:00.000000048,5142.6167,88,47
1970-01-01 00:00:00.000000049,5160.2793,88,47
1970-01-01 00:00:00.000000050,5167.8477,88,47
1970-01-01 00:00:00.000000051,5174.87,88,47
1970-01-01 00:00:00.000000049,5154.2524,88,48
1970-01-01 00:00:00.000000050,5159.2944,88,48
1970-01-01 00:00:00.000000051,5164.0312,88,48
1970-01-01 00:00:00.000000052,5162.057,88,48
1970-01-01 00:00:00.000000050,5175.158,88,49
1970-01-01 00:00:00.000000051,5173.774,88,49
1970-01-01 00:00:00.000000052,5164.371,88,49
1970-01-01 00:00:00.000000053,5154.1514,88,49
1970-01-01 00:00:00.000000051,5193.1294,88,50
1970-01-01 00:00:00.000000052,5184.5723,88,50
1970-01-01 00:00:00.000000053,5173.224,88,50
1970-01-01 00:00:00.000000054,5167.26,88,50
1970-01-01 00:00:00.000000052,5172.586,88,51
1970-01-01 00:00:00.000000053,5164.371,88,51
1970-01-01 00:00:00.000000054,5158.027,88,51
1970-01-01 00:00:00.000000055,5163.224,88,51
1970-01-01 00:00:00.000000053,5156.096,88,52
1970-01-01 00:00:00.000000054,5145.722,88,52
1970-01-01 00:00:00.000000055,5151.059,88,52
1970-01-01 00:00:00.000000056,5141.1436,88,52
1970-01-01 00:00:00.000000054,5204.0615,88,53
1970-01-01 00:00:00.000000055,5214.2334,88,53
1970-01-01 00:00:00.000000056,5213.943,88,53
1970-01-01 00:00:00.000000057,5237.35,88,53
1970-01-01 00:00:00.000000055,5160.8623,88,54
1970-01-01 00:00:00.000000056,5152.015,88,54
1970-01-01 00:00:00.000000057,5151.306,88,54
1970-01-01 00:00:00.000000058,5136.589,88,54
1970-01-01 00:00:00.000000056,5218.3794,88,55
1970-01-01 00:00:00.000000057,5221.0747,88,55
1970-01-01 00:00:00.000000058,5226.0215,88,55
1970-01-01 00:00:00.000000059,5215.2007,88,55
1970-01-01 00:00:00.000000057,5201.1445,88,56
1970-01-01 00:00:00.000000058,5202.1855,88,56
1970-01-01 00:00:00.000000059,5189.2827,88,56
1970-01-01 00:00:00.000000060,5191.155,88,56
1970-01-01 00:00:00.000000058,5137.661,88,57
1970-01-01 00:00:00.000000059,5114.7563,88,57
1970-01-01 00:00:00.000000060,5105.0425,88,57
1970-01-01 00:00:00.000000061,5118.7144,88,57
1970-01-01 00:00:00.000000059,5130.753,88,58
1970-01-01 00:00:00.000000060,5109.572,88,58
1970-01-01 00:00:00.000000061,5109.7554,88,58
1970-01-01 00:00:00.000000062,5098.122,88,58
1970-01-01 00:00:00.000000060,5119.438,88,59
1970-01-01 00:00:00.000000061,5104.3853,88,59
1970-01-01 00:00:00.000000062,5080.7173,88,59
1970-01-01 00:00:00.000000063,5055.225,88,59
1970-01-01 00:00:00.000000061,5172.5854,88,60
1970-01-01 00:00:00.000000062,5160.7603,88,60
1970-01-01 00:00:00.000000063,5150.4854,88,60
1970-01-01 00:00:00.000000064,5131.2837,88,60
1970-01-01 00:00:00.000000062,5245.0913,88,61
1970-01-01 00:00:00.000000063,5239.431,88,61
1970-01-01 00:00:00.000000064,5226.166,88,61
1970-01-01 00:00:00.000000065,5228.6187,88,61
1970-01-01 00:00:00.000000063,5234.7764,88,62
1970-01-01 00:00:00.000000064,5228.232,88,62
1970-01-01 00:00:00.000000065,5237.571,88,62
1970-01-01 00:00:00.000000066,5294.173,88,62
1970-01-01 00:00:00.000000064,5312.3433,88,63
1970-01-01 00:00:00.000000065,5334.3,88,63
1970-01-01 00:00:00.000000066,5405.917,88,63
1970-01-01 00:00:00.000000067,5470.498,88,63
1970-01-01 00:00:00.000000065,5466.9463,88,64
1970-01-01 00:00:00.000000066,5549.1816,88,64
1970-01-01 00:00:00.000000067,5627.036,88,64
1970-01-01 00:00:00.000000068,5657.7803,88,64
1970-01-01 00:00:00.000000066,5585.662,88,65
1970-01-01 00:00:00.000000067,5630.111,88,65
1970-01-01 00:00:00.000000068,5631.5483,88,65
1970-01-01 00:00:00.000000069,5589.8486,88,65
1970-01-01 00:00:00.000000009,5344.861,89,8
1970-01-01 00:00:00.000000010,5361.8457,89,8
1970-01-01 00:00:00.000000011,5368.376,89,8
1970-01-01 00:00:00.000000012,5373.0566,89,8
1970-01-01 00:00:00.000000010,5341.169,89,9
1970-01-01 00:00:00.000000011,5341.923,89,9
1970-01-01 00:00:00.000000012,5340.7,89,9
1970-01-01 00:00:00.000000013,5345.633,89,9
1970-01-01 00:00:00.000000011,5309.491,89,10
1970-01-01 00:00:00.000000012,5302.1763,89,10
1970-01-01 00:00:00.000000013,5299.302,89,10
1970-01-01 00:00:00.000000014,5297.389,89,10
1970-01-01 00:00:00.000000012,5406.924,89,11
1970-01-01 00:00:00.000000013,5425.7734,89,11
1970-01-01 00:00:00.000000014,5446.3013,89,11
1970-01-01 00:00:00.000000015,5428.823,89,11
1970-01-01 00:00:00.000000013,5442.375,89,12
1970-01-01 00:00:00.000000014,5461.911,89,12
1970-01-01 00:00:00.000000015,5441.13,89,12
1970-01-01 00:00:00.000000016,5419.7925,89,12
1970-01-01 00:00:00.000000014,5436.367,89,13
1970-01-01 00:00:00.000000015,5411.746,89,13
1970-01-01 00:00:00.000000016,5384.943,89,13
1970-01-01 00:00:00.000000017,5364.77,89,13
1970-01-01 00:00:00.000000015,5442.04,89,14
1970-01-01 00:00:00.000000016,5412.6514,89,14
1970-01-01 00:00:00.000000017,5385.1484,89,14
1970-01-01 00:00:00.000000018,5355.4985,89,14
1970-01-01 00:00:00.000000016,5369.77,89,15
1970-01-01 00:00:00.000000017,5340.4204,89,15
1970-01-01 00:00:00.000000018,5304.551,89,15
1970-01-01 00:00:00.000000019,5286.9404,89,15
1970-01-01 00:00:00.000000017,5376.716,89,16
1970-01-01 00:00:00.000000018,5351.0215,89,16
1970-01-01 00:00:00.000000019,5351.054,89,16
1970-01-01 00:00:00.000000020,5333.04,89,16
1970-01-01 00:00:00.000000018,5397.972,89,17
1970-01-01 00:00:00.000000019,5399.599,89,17
1970-01-01 00:00:00.000000020,5387.4966,89,17
1970-01-01 00:00:00.000000021,5369.8774,89,17
1970-01-01 00:00:00.000000019,5345.4053,89,18
1970-01-01 00:00:00.000000020,5336.006,89,18
1970-01-01 00:00:00.000000021,5319.874,89,18
1970-01-01 00:00:00.000000022,5329.876,89,18
1970-01-01 00:00:00.000000020,5349.707,89,19
1970-01-01 00:00:00.000000021,5324.2544,89,19
1970-01-01 00:00:00.000000022,5326.8354,89,19
1970-01-01 00:00:00.000000023,5325.0347,89,19
1970-01-01 00:00:00.000000021,5337.8677,89,20
1970-01-01 00:00:00.000000022,5348.069,89,20
1970-01-01 00:00:00.000000023,5342.434,89,20
1970-01-01 00:00:00.000000024,5341.588,89,20
1970-01-01 00:00:00.000000022,5300.9854,89,21
1970-01-01 00:00:00.000000023,5295.3535,89,21
1970-01-01 00:00:00.000000024,5291.3096,89,21
1970-01-01 00:00:00.000000025,5296.6973,89,21
1970-01-01 00:00:00.000000023,5353.8677,89,22
1970-01-01 00:00:00.000000024,5358.5083,89,22
1970-01-01 00:00:00.000000025,5370.101,89,22
1970-01-01 00:00:00.000000026,5350.622,89,22
1970-01-01 00:00:00.000000024,5384.624,89,23
1970-01-01 00:00:00.000000025,5413.003,89,23
1970-01-01 00:00:00.000000026,5408.5513,89,23
1970-01-01 00:00:00.000000027,5396.7524,89,23
1970-01-01 00:00:00.000000025,5352.3335,89,24
1970-01-01 00:00:00.000000026,5339.331,89,24
1970-01-01 00:00:00.000000027,5321.4985,89,24
1970-01-01 00:00:00.000000028,5318.8584,89,24
1970-01-01 00:00:00.000000026,5411.6396,89,25
1970-01-01 00:00:00.000000027,5409.8057,89,25
1970-01-01 00:00:00.000000028,5423.6577,89,25
1970-01-01 00:00:00.000000029,5411.9546,89,25
1970-01-01 00:00:00.000000027,5419.258,89,26
1970-01-01 00:00:00.000000028,5427.486,89,26
1970-01-01 00:00:00.000000029,5411.2734,89,26
1970-01-01 00:00:00.000000030,5406.3623,89,26
1970-01-01 00:00:00.000000028,5363.0073,89,27
1970-01-01 00:00:00.000000029,5334.793,89,27
1970-01-01 00:00:00.000000030,5312.321,89,27
1970-01-01 00:00:00.000000031,5311.402,89,27
1970-01-01 00:00:00.000000029,5380.511,89,28
1970-01-01 00:00:00.000000030,5358.932,89,28
1970-01-01 00:00:00.000000031,5357.9033,89,28
1970-01-01 00:00:00.000000032,5344.0986,89,28
1970-01-01 00:00:00.000000030,5291.1406,89,29
1970-01-01 00:00:00.000000031,5278.191,89,29
1970-01-01 00:00:00.000000032,5246.8457,89,29
1970-01-01 00:00:00.000000033,5248.0547,89,29
1970-01-01 00:00:00.000000031,5226.1616,89,30
1970-01-01 00:00:00.000000032,5194.84,89,30
1970-01-01 00:00:00.000000033,5199.005,89,30
1970-01-01 00:00:00.000000034,5213.4175,89,30
1970-01-01 00:00:00.000000032,5245.733,89,31
1970-01-01 00:00:00.000000033,5254.45,89,31
1970-01-01 00:00:00.000000034,5276.859,89,31
1970-01-01 00:00:00.000000035,5277.1694,89,31
1970-01-01 00:00:00.000000033,5240.44,89,32
1970-01-01 00:00:00.000000034,5263.013,89,32
1970-01-01 00:00:00.000000035,5269.0225,89,32
1970-01-01 00:00:00.000000036,5281.444,89,32
1970-01-01 00:00:00.000000034,5292.71,89,33
1970-01-01 00:00:00.000000035,5314.9487,89,33
1970-01-01 00:00:00.000000036,5345.7495,89,33
1970-01-01 00:00:00.000000037,5349.7017,89,33
1970-01-01 00:00:00.000000035,5363.595,89,34
1970-01-01 00:00:00.000000036,5398.91,89,34
1970-01-01 00:00:00.000000037,5408.743,89,34
1970-01-01 00:00:00.000000038,5400.7266,89,34
1970-01-01 00:00:00.000000036,5342.2383,89,35
1970-01-01 00:00:00.000000037,5347.15,89,35
1970-01-01 00:00:00.000000038,5334.4307,89,35
1970-01-01 00:00:00.000000039,5340.985,89,35
1970-01-01 00:00:00.000000037,5381.1294,89,36
1970-01-01 00:00:00.000000038,5369.0415,89,36
1970-01-01 00:00:00.000000039,5374.6836,89,36
1970-01-01 00:00:00.000000040,5361.4966,89,36
1970-01-01 00:00:00.000000038,5377.0845,89,37
1970-01-01 00:00:00.000000039,5378.856,89,37
1970-01-01 00:00:00.000000040,5357.6304,89,37
1970-01-01 00:00:00.000000041,5352.1597,89,37
1970-01-01 00:00:00.000000039,5332.031,89,38
1970-01-01 00:00:00.000000040,5304.036,89,38
1970-01-01 00:00:00.000000041,5293.3237,89,38
1970-01-01 00:00:00.000000042,5294.257,89,38
1970-01-01 00:00:00.000000040,5376.835,89,39
1970-01-01 00:00:00.000000041,5376.8984,89,39
1970-01-01 00:00:00.000000042,5388.7354,89,39
1970-01-01 00:00:00.000000043,5378.5596,89,39
1970-01-01 00:00:00.000000041,5342.6025,89,40
1970-01-01 00:00:00.000000042,5348.128,89,40
1970-01-01 00:00:00.000000043,5331.408,89,40
1970-01-01 00:00:00.000000044,5343.354,89,40
1970-01-01 00:00:00.000000042,5329.5063,89,41
1970-01-01 00:00:00.000000043,5309.818,89,41
1970-01-01 00:00:00.000000044,5320.0186,89,41
1970-01-01 00:00:00.000000045,5323.6777,89,41
1970-01-01 00:00:00.000000043,5340.336,89,42
1970-01-01 00:00:00.000000044,5351.4478,89,42
1970-01-01 00:00:00.000000045,5351.4707,89,42
1970-01-01 00:00:00.000000046,5347.203,89,42
1970-01-01 00:00:00.000000044,5268.2144,89,43
1970-01-01 00:00:00.000000045,5249.16,89,43
1970-01-01 00:00:00.000000046,5225.8296,89,43
1970-01-01 00:00:00.000000047,5232.425,89,43
1970-01-01 00:00:00.000000045,5252.984,89,44
1970-01-01 00:00:00.000000046,5241.2407,89,44
1970-01-01 00:00:00.000000047,5258.902,89,44
1970-01-01 00:00:00.000000048,5258.99,89,44
1970-01-01 00:00:00.000000046,5265.833,89,45
1970-01-01 00:00:00.000000047,5276.1553,89,45
1970-01-01 00:00:00.000000048,5275.498,89,45
1970-01-01 00:00:00.000000049,5275.7656,89,45
1970-01-01 00:00:00.000000047,5258.5625,89,46
1970-01-01 00:00:00.000000048,5273.465,89,46
1970-01-01 00:00:00.000000049,5287.678,89,46
1970-01-01 00:00:00.000000050,5298.7954,89,46
1970-01-01 00:00:00.000000048,5311.117,89,47
1970-01-01 00:00:00.000000049,5325.807,89,47
1970-01-01 00:00:00.000000050,5347.0,89,47
1970-01-01 00:00:00.000000051,5349.9995,89,47
1970-01-01 00:00:00.000000049,5328.9434,89,48
1970-01-01 00:00:00.000000050,5353.43,89,48
1970-01-01 00:00:00.000000051,5354.367,89,48
1970-01-01 00:00:00.000000052,5354.984,89,48
1970-01-01 00:00:00.000000050,5354.236,89,49
1970-01-01 00:00:00.000000051,5355.8564,89,49
1970-01-01 00:00:00.000000052,5361.6284,89,49
1970-01-01 00:00:00.000000053,5360.124,89,49
1970-01-01 00:00:00.000000051,5414.832,89,50
1970-01-01 00:00:00.000000052,5418.222,89,50
1970-01-01 00:00:00.000000053,5412.014,89,50
1970-01-01 00:00:00.000000054,5385.225,89,50
1970-01-01 00:00:00.000000052,5446.5728,89,51
1970-01-01 00:00:00.000000053,5448.552,89,51
1970-01-01 00:00:00.000000054,5425.798,89,51
1970-01-01 00:00:00.000000055,5401.4673,89,51
1970-01-01 00:00:00.000000053,5440.4424,89,52
1970-01-01 00:00:00.000000054,5412.661,89,52
1970-01-01 00:00:00.000000055,5384.286,89,52
1970-01-01 00:00:00.000000056,5363.4326,89,52
1970-01-01 00:00:00.000000054,5419.2446,89,53
1970-01-01 00:00:00.000000055,5397.3384,89,53
1970-01-01 00:00:00.000000056,5377.905,89,53
1970-01-01 00:00:00.000000057,5363.191,89,53
1970-01-01 00:00:00.000000055,5382.1206,89,54
1970-01-01 00:00:00.000000056,5354.0493,89,54
1970-01-01 00:00:00.000000057,5336.6167,89,54
1970-01-01 00:00:00.000000058,5338.4966,89,54
1970-01-01 00:00:00.000000056,5340.836,89,55
1970-01-01 00:00:00.000000057,5325.3545,89,55
1970-01-01 00:00:00.000000058,5326.6494,89,55
1970-01-01 00:00:00.000000059,5323.6,89,55
1970-01-01 00:00:00.000000057,5375.121,89,56
1970-01-01 00:00:00.000000058,5380.2734,89,56
1970-01-01 00:00:00.000000059,5385.1587,89,56
1970-01-01 00:00:00.000000060,5378.448,89,56
1970-01-01 00:00:00.000000058,5369.192,89,57
1970-01-01 00:00:00.000000059,5376.78,89,57
1970-01-01 00:00:00.000000060,5369.369,89,57
1970-01-01 00:00:00.000000061,5363.5825,89,57
1970-01-01 00:00:00.000000059,5344.421,89,58
1970-01-01 00:00:00.000000060,5334.454,89,58
1970-01-01 00:00:00.000000061,5329.187,89,58
1970-01-01 00:00:00.000000062,5330.6724,89,58
1970-01-01 00:00:00.000000060,5347.885,89,59
1970-01-01 00:00:00.000000061,5333.5293,89,59
1970-01-01 00:00:00.000000062,5328.003,89,59
1970-01-01 00:00:00.000000063,5326.1733,89,59
1970-01-01 00:00:00.000000061,5313.918,89,60
1970-01-01 00:00:00.000000062,5311.873,89,60
1970-01-01 00:00:00.000000063,5310.065,89,60
1970-01-01 00:00:00.000000064,5320.252,89,60
1970-01-01 00:00:00.000000062,5293.226,89,61
1970-01-01 00:00:00.000000063,5288.325,89,61
1970-01-01 00:00:00.000000064,5296.5166,89,61
1970-01-01 00:00:00.000000065,5308.733,89,61
1970-01-01 00:00:00.000000063,5300.2134,89,62
1970-01-01 00:00:00.000000064,5314.811,89,62
1970-01-01 00:00:00.000000065,5333.0425,89,62
1970-01-01 00:00:00.000000066,5342.1455,89,62
1970-01-01 00:00:00.000000064,5303.1445,89,63
1970-01-01 00:00:00.000000065,5314.9697,89,63
1970-01-01 00:00:00.000000066,5326.7417,89,63
1970-01-01 00:00:00.000000067,5334.4165,89,63
1970-01-01 00:00:00.000000065,5345.127,89,64
1970-01-01 00:00:00.000000066,5364.0215,89,64
1970-01-01 00:00:00.000000067,5378.595,89,64
1970-01-01 00:00:00.000000068,5373.6294,89,64
1970-01-01 00:00:00.000000066,5426.585,89,65
1970-01-01 00:00:00.000000067,5450.267,89,65
1970-01-01 00:00:00.000000068,5451.7544,89,65
1970-01-01 00:00:00.000000069,5435.845,89,65
1970-01-01 00:00:00.000000067,5447.0825,89,66
1970-01-01 00:00:00.000000068,5453.384,89,66
1970-01-01 00:00:00.000000069,5435.3286,89,66
1970-01-01 00:00:00.000000070,5413.88,89,66
1970-01-01 00:00:00.000000068,5421.565,89,67
1970-01-01 00:00:00.000000069,5387.8843,89,67
1970-01-01 00:00:00.000000070,5353.777,89,67
1970-01-01 00:00:00.000000071,5335.85,89,67
1970-01-01 00:00:00.000000069,5357.64,89,68
1970-01-01 00:00:00.000000070,5312.6523,89,68
1970-01-01 00:00:00.000000071,5287.249,89,68
1970-01-01 00:00:00.000000072,5278.2197,89,68
1970-01-01 00:00:00.000000070,5336.9233,89,69
1970-01-01 00:00:00.000000071,5317.6113,89,69
1970-01-01 00:00:00.000000072,5320.8184,89,69
1970-01-01 00:00:00.000000073,5330.2407,89,69
1970-01-01 00:00:00.000000071,5368.693,89,70
1970-01-01 00:00:00.000000072,5379.0244,89,70
1970-01-01 00:00:00.000000073,5396.423,89,70
1970-01-01 00:00:00.000000074,5403.2227,89,70
1970-01-01 00:00:00.000000072,5398.458,89,71
1970-01-01 00:00:00.000000073,5424.055,89,71
1970-01-01 00:00:00.000000074,5440.335,89,71
1970-01-01 00:00:00.000000075,5448.1523,89,71
1970-01-01 00:00:00.000000073,5399.455,89,72
1970-01-01 00:00:00.000000074,5415.729,89,72
1970-01-01 00:00:00.000000075,5423.153,89,72
1970-01-01 00:00:00.000000076,5435.507,89,72
1970-01-01 00:00:00.000000074,5420.071,89,73
1970-01-01 00:00:00.000000075,5422.8804,89,73
1970-01-01 00:00:00.000000076,5428.859,89,73
1970-01-01 00:00:00.000000077,5425.697,89,73
1970-01-01 00:00:00.000000075,5411.822,89,74
1970-01-01 00:00:00.000000076,5413.472,89,74
1970-01-01 00:00:00.000000077,5405.8774,89,74
1970-01-01 00:00:00.000000078,5402.061,89,74
1970-01-01 00:00:00.000000076,5388.729,89,75
1970-01-01 00:00:00.000000077,5371.726,89,75
1970-01-01 00:00:00.000000078,5361.4287,89,75
1970-01-01 00:00:00.000000079,5357.8296,89,75
1970-01-01 00:00:00.000000077,5432.8223,89,76
1970-01-01 00:00:00.000000078,5432.7227,89,76
1970-01-01 00:00:00.000000079,5438.546,89,76
1970-01-01 00:00:00.000000080,5428.7334,89,76
1970-01-01 00:00:00.000000078,5396.3267,89,77
1970-01-01 00:00:00.000000079,5403.371,89,77
1970-01-01 00:00:00.000000080,5391.4497,89,77
1970-01-01 00:00:00.000000081,5400.531,89,77
1970-01-01 00:00:00.000000079,5382.1997,89,78
1970-01-01 00:00:00.000000080,5374.439,89,78
1970-01-01 00:00:00.000000081,5386.2427,89,78
1970-01-01 00:00:00.000000082,5395.666,89,78
1970-01-01 00:00:00.000000080,5414.1865,89,79
1970-01-01 00:00:00.000000081,5423.904,89,79
1970-01-01 00:00:00.000000082,5428.634,89,79
1970-01-01 00:00:00.000000083,5415.7544,89,79
1970-01-01 00:00:00.000000081,5407.842,89,80
1970-01-01 00:00:00.000000082,5416.5547,89,80
1970-01-01 00:00:00.000000083,5403.384,89,80
1970-01-01 00:00:00.000000084,5385.9795,89,80
1970-01-01 00:00:00.000000082,5393.883,89,81
1970-01-01 00:00:00.000000083,5370.6963,89,81
1970-01-01 00:00:00.000000084,5347.865,89,81
1970-01-01 00:00:00.000000085,5332.039,89,81
1970-01-01 00:00:00.000000083,5371.0146,89,82
1970-01-01 00:00:00.000000084,5351.1494,89,82
1970-01-01 00:00:00.000000085,5337.806,89,82
1970-01-01 00:00:00.000000086,5324.789,89,82
1970-01-01 00:00:00.000000084,5345.3403,89,83
1970-01-01 00:00:00.000000085,5329.9727,89,83
1970-01-01 00:00:00.000000086,5322.5576,89,83
1970-01-01 00:00:00.000000087,5326.8203,89,83
1970-01-01 00:00:00.000000085,5368.049,89,84
1970-01-01 00:00:00.000000086,5371.0767,89,84
1970-01-01 00:00:00.000000087,5384.1753,89,84
1970-01-01 00:00:00.000000088,5384.681,89,84
1970-01-01 00:00:00.000000086,5409.7534,89,85
1970-01-01 00:00:00.000000087,5420.707,89,85
1970-01-01 00:00:00.000000088,5420.5093,89,85
1970-01-01 00:00:00.000000089,5408.5356,89,85
1970-01-01 00:00:00.000000009,3715.7056,90,8
1970-01-01 00:00:00.000000010,3712.6758,90,8
1970-01-01 00:00:00.000000011,3720.353,90,8
1970-01-01 00:00:00.000000012,3715.131,90,8
1970-01-01 00:00:00.000000010,3703.9124,90,9
1970-01-01 00:00:00.000000011,3709.0386,90,9
1970-01-01 00:00:00.000000012,3702.0115,90,9
1970-01-01 00:00:00.000000013,3702.2246,90,9
1970-01-01 00:00:00.000000011,3708.3389,90,10
1970-01-01 00:00:00.000000012,3709.7175,90,10
1970-01-01 00:00:00.000000013,3718.7444,90,10
1970-01-01 00:00:00.000000014,3724.6042,90,10
1970-01-01 00:00:00.000000012,3733.9722,90,11
1970-01-01 00:00:00.000000013,3748.2783,90,11
1970-01-01 00:00:00.000000014,3758.472,90,11
1970-01-01 00:00:00.000000015,3760.6785,90,11
1970-01-01 00:00:00.000000013,3725.7559,90,12
1970-01-01 00:00:00.000000014,3731.9744,90,12
1970-01-01 00:00:00.000000015,3726.6255,90,12
1970-01-01 00:00:00.000000016,3730.6318,90,12
1970-01-01 00:00:00.000000014,3710.1296,90,13
1970-01-01 00:00:00.000000015,3698.0881,90,13
1970-01-01 00:00:00.000000016,3697.0063,90,13
1970-01-01 00:00:00.000000017,3697.955,90,13
1970-01-01 00:00:00.000000015,3708.0366,90,14
1970-01-01 00:00:00.000000016,3706.5005,90,14
1970-01-01 00:00:00.000000017,3708.6511,90,14
1970-01-01 00:00:00.000000018,3711.802,90,14
1970-01-01 00:00:00.000000016,3694.9067,90,15
1970-01-01 00:00:00.000000017,3699.9211,90,15
1970-01-01 00:00:00.000000018,3700.759,90,15
1970-01-01 00:00:00.000000019,3710.7236,90,15
1970-01-01 00:00:00.000000017,3717.0024,90,16
1970-01-01 00:00:00.000000018,3720.6885,90,16
1970-01-01 00:00:00.000000019,3737.8804,90,16
1970-01-01 00:00:00.000000020,3747.8467,90,16
1970-01-01 00:00:00.000000018,3728.9897,90,17
1970-01-01 00:00:00.000000019,3752.7703,90,17
1970-01-01 00:00:00.000000020,3767.8518,90,17
1970-01-01 00:00:00.000000021,3779.249,90,17
1970-01-01 00:00:00.000000019,3734.432,90,18
1970-01-01 00:00:00.000000020,3759.6182,90,18
1970-01-01 00:00:00.000000021,3781.7385,90,18
1970-01-01 00:00:00.000000022,3805.6746,90,18
1970-01-01 00:00:00.000000020,3740.268,90,19
1970-01-01 00:00:00.000000021,3753.9673,90,19
1970-01-01 00:00:00.000000022,3772.336,90,19
1970-01-01 00:00:00.000000023,3783.537,90,19
1970-01-01 00:00:00.000000021,3755.643,90,20
1970-01-01 00:00:00.000000022,3768.9563,90,20
1970-01-01 00:00:00.000000023,3772.6467,90,20
1970-01-01 00:00:00.000000024,3768.22,90,20
1970-01-01 00:00:00.000000022,3729.879,90,21
1970-01-01 00:00:00.000000023,3708.8972,90,21
1970-01-01 00:00:00.000000024,3668.7646,90,21
1970-01-01 00:00:00.000000025,3626.05,90,21
1970-01-01 00:00:00.000000023,3715.252,90,22
1970-01-01 00:00:00.000000024,3668.521,90,22
1970-01-01 00:00:00.000000025,3625.0261,90,22
1970-01-01 00:00:00.000000026,3562.9182,90,22
1970-01-01 00:00:00.000000024,3663.4949,90,23
1970-01-01 00:00:00.000000025,3624.1404,90,23
1970-01-01 00:00:00.000000026,3560.0935,90,23
1970-01-01 00:00:00.000000027,3517.104,90,23
1970-01-01 00:00:00.000000025,3602.565,90,24
1970-01-01 00:00:00.000000026,3530.4373,90,24
1970-01-01 00:00:00.000000027,3475.5715,90,24
1970-01-01 00:00:00.000000028,3438.1677,90,24
1970-01-01 00:00:00.000000026,3608.2717,90,25
1970-01-01 00:00:00.000000027,3579.4465,90,25
1970-01-01 00:00:00.000000028,3574.9504,90,25
1970-01-01 00:00:00.000000029,3575.325,90,25
1970-01-01 00:00:00.000000027,3552.9194,90,26
1970-01-01 00:00:00.000000028,3534.8748,90,26
1970-01-01 00:00:00.000000029,3515.127,90,26
1970-01-01 00:00:00.000000030,3512.385,90,26
1970-01-01 00:00:00.000000028,3543.0051,90,27
1970-01-01 00:00:00.000000029,3527.595,90,27
1970-01-01 00:00:00.000000030,3524.5986,90,27
1970-01-01 00:00:00.000000031,3518.5933,90,27
1970-01-01 00:00:00.000000029,3557.546,90,28
1970-01-01 00:00:00.000000030,3562.2454,90,28
1970-01-01 00:00:00.000000031,3570.0886,90,28
1970-01-01 00:00:00.000000032,3560.33,90,28
1970-01-01 00:00:00.000000030,3551.618,90,29
1970-01-01 00:00:00.000000031,3565.642,90,29
1970-01-01 00:00:00.000000032,3562.5461,90,29
1970-01-01 00:00:00.000000033,3565.1013,90,29
1970-01-01 00:00:00.000000031,3552.3135,90,30
1970-01-01 00:00:00.000000032,3556.2522,90,30
1970-01-01 00:00:00.000000033,3564.8237,90,30
1970-01-01 00:00:00.000000034,3576.2278,90,30
1970-01-01 00:00:00.000000032,3581.4712,90,31
1970-01-01 00:00:00.000000033,3595.0178,90,31
1970-01-01 00:00:00.000000034,3616.701,90,31
1970-01-01 00:00:00.000000035,3624.9495,90,31
1970-01-01 00:00:00.000000033,3586.0933,90,32
1970-01-01 00:00:00.000000034,3605.231,90,32
1970-01-01 00:00:00.000000035,3610.2712,90,32
1970-01-01 00:00:00.000000036,3621.352,90,32
1970-01-01 00:00:00.000000034,3593.7612,90,33
1970-01-01 00:00:00.000000035,3595.4397,90,33
1970-01-01 00:00:00.000000036,3603.5193,90,33
1970-01-01 00:00:00.000000037,3614.3054,90,33
1970-01-01 00:00:00.000000035,3609.2366,90,34
1970-01-01 00:00:00.000000036,3614.4666,90,34
1970-01-01 00:00:00.000000037,3624.1567,90,34
1970-01-01 00:00:00.000000038,3627.8596,90,34
1970-01-01 00:00:00.000000036,3591.9495,90,35
1970-01-01 00:00:00.000000037,3597.405,90,35
1970-01-01 00:00:00.000000038,3596.328,90,35
1970-01-01 00:00:00.000000039,3603.0618,90,35
1970-01-01 00:00:00.000000037,3595.5298,90,36
1970-01-01 00:00:00.000000038,3588.0303,90,36
1970-01-01 00:00:00.000000039,3592.6873,90,36
1970-01-01 00:00:00.000000040,3594.423,90,36
1970-01-01 00:00:00.000000038,3624.1792,90,37
1970-01-01 00:00:00.000000039,3637.397,90,37
1970-01-01 00:00:00.000000040,3652.9814,90,37
1970-01-01 00:00:00.000000041,3652.5093,90,37
1970-01-01 00:00:00.000000039,3642.9153,90,38
1970-01-01 00:00:00.000000040,3653.6023,90,38
1970-01-01 00:00:00.000000041,3657.2444,90,38
1970-01-01 00:00:00.000000042,3668.1646,90,38
1970-01-01 00:00:00.000000040,3661.6704,90,39
1970-01-01 00:00:00.000000041,3664.0562,90,39
1970-01-01 00:00:00.000000042,3667.4797,90,39
1970-01-01 00:00:00.000000043,3682.7617,90,39
1970-01-01 00:00:00.000000041,3671.4204,90,40
1970-01-01 00:00:00.000000042,3675.28,90,40
1970-01-01 00:00:00.000000043,3682.9382,90,40
1970-01-01 00:00:00.000000044,3689.6487,90,40
1970-01-01 00:00:00.000000042,3633.7437,90,41
1970-01-01 00:00:00.000000043,3627.6113,90,41
1970-01-01 00:00:00.000000044,3614.0151,90,41
1970-01-01 00:00:00.000000045,3619.1226,90,41
1970-01-01 00:00:00.000000043,3622.9116,90,42
1970-01-01 00:00:00.000000044,3606.5483,90,42
1970-01-01 00:00:00.000000045,3610.5054,90,42
1970-01-01 00:00:00.000000046,3613.2322,90,42
1970-01-01 00:00:00.000000044,3644.468,90,43
1970-01-01 00:00:00.000000045,3658.2817,90,43
1970-01-01 00:00:00.000000046,3674.071,90,43
1970-01-01 00:00:00.000000047,3673.2998,90,43
1970-01-01 00:00:00.000000045,3630.4568,90,44
1970-01-01 00:00:00.000000046,3640.11,90,44
1970-01-01 00:00:00.000000047,3631.3733,90,44
1970-01-01 00:00:00.000000048,3642.0554,90,44
1970-01-01 00:00:00.000000046,3647.6406,90,45
1970-01-01 00:00:00.000000047,3640.2673,90,45
1970-01-01 00:00:00.000000048,3654.8845,90,45
1970-01-01 00:00:00.000000049,3661.0913,90,45
1970-01-01 00:00:00.000000047,3639.8018,90,46
1970-01-01 00:00:00.000000048,3647.8508,90,46
1970-01-01 00:00:00.000000049,3645.0134,90,46
1970-01-01 00:00:00.000000050,3642.1162,90,46
1970-01-01 00:00:00.000000048,3614.3228,90,47
1970-01-01 00:00:00.000000049,3608.3455,90,47
1970-01-01 00:00:00.000000050,3598.9941,90,47
1970-01-01 00:00:00.000000051,3605.3794,90,47
1970-01-01 00:00:00.000000049,3640.4243,90,48
1970-01-01 00:00:00.000000050,3642.954,90,48
1970-01-01 00:00:00.000000051,3666.7122,90,48
1970-01-01 00:00:00.000000052,3667.7378,90,48
1970-01-01 00:00:00.000000050,3658.4502,90,49
1970-01-01 00:00:00.000000051,3682.3477,90,49
1970-01-01 00:00:00.000000052,3689.3635,90,49
1970-01-01 00:00:00.000000053,3691.2727,90,49
1970-01-01 00:00:00.000000051,3670.9333,90,50
1970-01-01 00:00:00.000000052,3677.5527,90,50
1970-01-01 00:00:00.000000053,3685.8965,90,50
1970-01-01 00:00:00.000000054,3696.6626,90,50
1970-01-01 00:00:00.000000052,3694.5505,90,51
1970-01-01 00:00:00.000000053,3705.0276,90,51
1970-01-01 00:00:00.000000054,3719.0015,90,51
1970-01-01 00:00:00.000000055,3727.1804,90,51
1970-01-01 00:00:00.000000053,3685.683,90,52
1970-01-01 00:00:00.000000054,3694.2278,90,52
1970-01-01 00:00:00.000000055,3689.8274,90,52
1970-01-01 00:00:00.000000056,3700.2983,90,52
1970-01-01 00:00:00.000000054,3653.7046,90,53
1970-01-01 00:00:00.000000055,3637.4956,90,53
1970-01-01 00:00:00.000000056,3631.6475,90,53
1970-01-01 00:00:00.000000057,3637.275,90,53
1970-01-01 00:00:00.000000055,3623.4448,90,54
1970-01-01 00:00:00.000000056,3608.2383,90,54
1970-01-01 00:00:00.000000057,3600.7683,90,54
1970-01-01 00:00:00.000000058,3599.398,90,54
1970-01-01 00:00:00.000000056,3610.4597,90,55
1970-01-01 00:00:00.000000057,3604.3245,90,55
1970-01-01 00:00:00.000000058,3603.2625,90,55
1970-01-01 00:00:00.000000059,3600.9727,90,55
1970-01-01 00:00:00.000000057,3624.2263,90,56
1970-01-01 00:00:00.000000058,3632.1404,90,56
1970-01-01 00:00:00.000000059,3641.4104,90,56
1970-01-01 00:00:00.000000060,3642.5618,90,56
1970-01-01 00:00:00.000000058,3664.1045,90,57
1970-01-01 00:00:00.000000059,3689.614,90,57
1970-01-01 00:00:00.000000060,3712.884,90,57
1970-01-01 00:00:00.000000061,3715.8364,90,57
1970-01-01 00:00:00.000000059,3719.8413,90,58
1970-01-01 00:00:00.000000060,3757.6467,90,58
1970-01-01 00:00:00.000000061,3786.437,90,58
1970-01-01 00:00:00.000000062,3794.8684,90,58
1970-01-01 00:00:00.000000060,3784.4949,90,59
1970-01-01 00:00:00.000000061,3821.7053,90,59
1970-01-01 00:00:00.000000062,3848.7432,90,59
1970-01-01 00:00:00.000000063,3860.3057,90,59
1970-01-01 00:00:00.000000061,3808.3857,90,60
1970-01-01 00:00:00.000000062,3828.2388,90,60
1970-01-01 00:00:00.000000063,3837.962,90,60
1970-01-01 00:00:00.000000064,3852.5586,90,60
1970-01-01 00:00:00.000000062,3763.0234,90,61
1970-01-01 00:00:00.000000063,3750.815,90,61
1970-01-01 00:00:00.000000064,3732.4294,90,61
1970-01-01 00:00:00.000000065,3752.3853,90,61
1970-01-01 00:00:00.000000063,3712.504,90,62
1970-01-01 00:00:00.000000064,3675.0098,90,62
1970-01-01 00:00:00.000000065,3663.1267,90,62
1970-01-01 00:00:00.000000066,3672.9502,90,62
1970-01-01 00:00:00.000000064,3640.9053,90,63
1970-01-01 00:00:00.000000065,3614.8284,90,63
1970-01-01 00:00:00.000000066,3596.644,90,63
1970-01-01 00:00:00.000000067,3593.463,90,63
1970-01-01 00:00:00.000000065,3605.2847,90,64
1970-01-01 00:00:00.000000066,3582.581,90,64
1970-01-01 00:00:00.000000067,3573.8408,90,64
1970-01-01 00:00:00.000000068,3562.773,90,64
1970-01-01 00:00:00.000000066,3616.9885,90,65
1970-01-01 00:00:00.000000067,3616.6702,90,65
1970-01-01 00:00:00.000000068,3620.9067,90,65
1970-01-01 00:00:00.000000069,3602.7583,90,65
1970-01-01 00:00:00.000000067,3626.0251,90,66
1970-01-01 00:00:00.000000068,3637.9443,90,66
1970-01-01 00:00:00.000000069,3634.39,90,66
1970-01-01 00:00:00.000000070,3625.879,90,66
1970-01-01 00:00:00.000000068,3638.937,90,67
1970-01-01 00:00:00.000000069,3645.9536,90,67
1970-01-01 00:00:00.000000070,3648.0193,90,67
1970-01-01 00:00:00.000000071,3648.432,90,67
1970-01-01 00:00:00.000000069,3657.678,90,68
1970-01-01 00:00:00.000000070,3663.5588,90,68
1970-01-01 00:00:00.000000071,3670.6946,90,68
1970-01-01 00:00:00.000000072,3668.6567,90,68
1970-01-01 00:00:00.000000070,3646.8767,90,69
1970-01-01 00:00:00.000000071,3649.794,90,69
1970-01-01 00:00:00.000000072,3643.5159,90,69
1970-01-01 00:00:00.000000073,3646.3613,90,69
1970-01-01 00:00:00.000000071,3652.898,90,70
1970-01-01 00:00:00.000000072,3648.3284,90,70
1970-01-01 00:00:00.000000073,3655.1248,90,70
1970-01-01 00:00:00.000000074,3656.0046,90,70
1970-01-01 00:00:00.000000072,3702.6294,90,71
1970-01-01 00:00:00.000000073,3724.2588,90,71
1970-01-01 00:00:00.000000074,3745.7856,90,71
1970-01-01 00:00:00.000000075,3747.2593,90,71
1970-01-01 00:00:00.000000073,3718.9924,90,72
1970-01-01 00:00:00.000000074,3742.7644,90,72
1970-01-01 00:00:00.000000075,3747.9307,90,72
1970-01-01 00:00:00.000000076,3754.2908,90,72
1970-01-01 00:00:00.000000074,3740.6912,90,73
1970-01-01 00:00:00.000000075,3748.5237,90,73
1970-01-01 00:00:00.000000076,3762.8447,90,73
1970-01-01 00:00:00.000000077,3773.087,90,73
1970-01-01 00:00:00.000000075,3760.1665,90,74
1970-01-01 00:00:00.000000076,3771.119,90,74
1970-01-01 00:00:00.000000077,3779.493,90,74
1970-01-01 00:00:00.000000078,3784.942,90,74
1970-01-01 00:00:00.000000076,3736.1472,90,75
1970-01-01 00:00:00.000000077,3738.0454,90,75
1970-01-01 00:00:00.000000078,3729.5342,90,75
1970-01-01 00:00:00.000000079,3736.5408,90,75
1970-01-01 00:00:00.000000077,3748.5117,90,76
1970-01-01 00:00:00.000000078,3734.9453,90,76
1970-01-01 00:00:00.000000079,3742.05,90,76
1970-01-01 00:00:00.000000080,3741.363,90,76
1970-01-01 00:00:00.000000078,3747.2405,90,77
1970-01-01 00:00:00.000000079,3752.7458,90,77
1970-01-01 00:00:00.000000080,3748.805,90,77
1970-01-01 00:00:00.000000081,3742.5024,90,77
1970-01-01 00:00:00.000000079,3721.5837,90,78
1970-01-01 00:00:00.000000080,3711.898,90,78
1970-01-01 00:00:00.000000081,3694.7659,90,78
1970-01-01 00:00:00.000000082,3699.8484,90,78
1970-01-01 00:00:00.000000080,3717.658,90,79
1970-01-01 00:00:00.000000081,3701.8694,90,79
1970-01-01 00:00:00.000000082,3705.9573,90,79
1970-01-01 00:00:00.000000083,3709.6177,90,79
1970-01-01 00:00:00.000000081,3661.708,90,80
1970-01-01 00:00:00.000000082,3653.7449,90,80
1970-01-01 00:00:00.000000083,3636.4597,90,80
1970-01-01 00:00:00.000000084,3640.1914,90,80
1970-01-01 00:00:00.000000082,3633.5625,90,81
1970-01-01 00:00:00.000000083,3615.0933,90,81
1970-01-01 00:00:00.000000084,3615.7063,90,81
1970-01-01 00:00:00.000000085,3621.5066,90,81
1970-01-01 00:00:00.000000009,3812.3342,91,8
1970-01-01 00:00:00.000000010,3822.731,91,8
1970-01-01 00:00:00.000000011,3837.4111,91,8
1970-01-01 00:00:00.000000012,3847.0962,91,8
1970-01-01 00:00:00.000000010,3769.5803,91,9
1970-01-01 00:00:00.000000011,3773.9016,91,9
1970-01-01 00:00:00.000000012,3763.8489,91,9
1970-01-01 00:00:00.000000013,3783.2642,91,9
1970-01-01 00:00:00.000000011,3777.8713,91,10
1970-01-01 00:00:00.000000012,3770.965,91,10
1970-01-01 00:00:00.000000013,3793.6184,91,10
1970-01-01 00:00:00.000000014,3807.2874,91,10
1970-01-01 00:00:00.000000012,3770.4392,91,11
1970-01-01 00:00:00.000000013,3785.985,91,11
1970-01-01 00:00:00.000000014,3790.2817,91,11
1970-01-01 00:00:00.000000015,3795.914,91,11
1970-01-01 00:00:00.000000013,3730.4841,91,12
1970-01-01 00:00:00.000000014,3723.9111,91,12
1970-01-01 00:00:00.000000015,3714.9773,91,12
1970-01-01 00:00:00.000000016,3727.5032,91,12
1970-01-01 00:00:00.000000014,3760.7336,91,13
1970-01-01 00:00:00.000000015,3758.8923,91,13
1970-01-01 00:00:00.000000016,3784.7866,91,13
1970-01-01 00:00:00.000000017,3788.6633,91,13
1970-01-01 00:00:00.000000015,3766.1267,91,14
1970-01-01 00:00:00.000000016,3792.1992,91,14
1970-01-01 00:00:00.000000017,3795.4705,91,14
1970-01-01 00:00:00.000000018,3798.3918,91,14
1970-01-01 00:00:00.000000016,3758.8167,91,15
1970-01-01 00:00:00.000000017,3762.0156,91,15
1970-01-01 00:00:00.000000018,3763.9507,91,15
1970-01-01 00:00:00.000000019,3779.8552,91,15
1970-01-01 00:00:00.000000017,3815.3257,91,16
1970-01-01 00:00:00.000000018,3823.9758,91,16
1970-01-01 00:00:00.000000019,3857.9907,91,16
1970-01-01 00:00:00.000000020,3859.6758,91,16
1970-01-01 00:00:00.000000018,3817.609,91,17
1970-01-01 00:00:00.000000019,3850.385,91,17
1970-01-01 00:00:00.000000020,3849.0476,91,17
1970-01-01 00:00:00.000000021,3857.7004,91,17
1970-01-01 00:00:00.000000019,3818.2336,91,18
1970-01-01 00:00:00.000000020,3816.7756,91,18
1970-01-01 00:00:00.000000021,3826.6406,91,18
1970-01-01 00:00:00.000000022,3852.0498,91,18
1970-01-01 00:00:00.000000020,3822.2314,91,19
1970-01-01 00:00:00.000000021,3823.6045,91,19
1970-01-01 00:00:00.000000022,3840.685,91,19
1970-01-01 00:00:00.000000023,3856.326,91,19
1970-01-01 00:00:00.000000021,3775.6313,91,20
1970-01-01 00:00:00.000000022,3778.4912,91,20
1970-01-01 00:00:00.000000023,3772.7776,91,20
1970-01-01 00:00:00.000000024,3792.7866,91,20
1970-01-01 00:00:00.000000022,3758.4248,91,21
1970-01-01 00:00:00.000000023,3744.1023,91,21
1970-01-01 00:00:00.000000024,3754.7268,91,21
1970-01-01 00:00:00.000000025,3774.5244,91,21
1970-01-01 00:00:00.000000023,3756.2388,91,22
1970-01-01 00:00:00.000000024,3764.0464,91,22
1970-01-01 00:00:00.000000025,3780.043,91,22
1970-01-01 00:00:00.000000026,3788.5679,91,22
1970-01-01 00:00:00.000000024,3748.754,91,23
1970-01-01 00:00:00.000000025,3767.5085,91,23
1970-01-01 00:00:00.000000026,3775.7957,91,23
1970-01-01 00:00:00.000000027,3790.3806,91,23
1970-01-01 00:00:00.000000025,3765.0654,91,24
1970-01-01 00:00:00.000000026,3777.7175,91,24
1970-01-01 00:00:00.000000027,3799.8872,91,24
1970-01-01 00:00:00.000000028,3819.406,91,24
1970-01-01 00:00:00.000000026,3769.5093,91,25
1970-01-01 00:00:00.000000027,3785.861,91,25
1970-01-01 00:00:00.000000028,3801.5874,91,25
1970-01-01 00:00:00.000000029,3816.63,91,25
1970-01-01 00:00:00.000000027,3756.203,91,26
1970-01-01 00:00:00.000000028,3761.9023,91,26
1970-01-01 00:00:00.000000029,3768.5896,91,26
1970-01-01 00:00:00.000000030,3785.0808,91,26
1970-01-01 00:00:00.000000028,3797.9907,91,27
1970-01-01 00:00:00.000000029,3817.54,91,27
1970-01-01 00:00:00.000000030,3851.832,91,27
1970-01-01 00:00:00.000000031,3871.187,91,27
1970-01-01 00:00:00.000000029,3843.2332,91,28
1970-01-01 00:00:00.000000030,3885.1074,91,28
1970-01-01 00:00:00.000000031,3917.751,91,28
1970-01-01 00:00:00.000000032,3931.2375,91,28
1970-01-01 00:00:00.000000030,3868.9617,91,29
1970-01-01 00:00:00.000000031,3906.551,91,29
1970-01-01 00:00:00.000000032,3925.907,91,29
1970-01-01 00:00:00.000000033,3952.7332,91,29
1970-01-01 00:00:00.000000031,3920.403,91,30
1970-01-01 00:00:00.000000032,3938.1924,91,30
1970-01-01 00:00:00.000000033,3968.7793,91,30
1970-01-01 00:00:00.000000034,3976.946,91,30
1970-01-01 00:00:00.000000032,3941.5225,91,31
1970-01-01 00:00:00.000000033,3969.8853,91,31
1970-01-01 00:00:00.000000034,3973.2935,91,31
1970-01-01 00:00:00.000000035,3973.7236,91,31
1970-01-01 00:00:00.000000033,3924.0693,91,32
1970-01-01 00:00:00.000000034,3912.6582,91,32
1970-01-01 00:00:00.000000035,3895.748,91,32
1970-01-01 00:00:00.000000036,3897.3242,91,32
1970-01-01 00:00:00.000000034,3936.3928,91,33
1970-01-01 00:00:00.000000035,3921.754,91,33
1970-01-01 00:00:00.000000036,3924.392,91,33
1970-01-01 00:00:00.000000037,3915.443,91,33
1970-01-01 00:00:00.000000035,3923.946,91,34
1970-01-01 00:00:00.000000036,3920.9075,91,34
1970-01-01 00:00:00.000000037,3902.7217,91,34
1970-01-01 00:00:00.000000038,3895.854,91,34
1970-01-01 00:00:00.000000036,3909.1438,91,35
1970-01-01 00:00:00.000000037,3894.954,91,35
1970-01-01 00:00:00.000000038,3888.3044,91,35
1970-01-01 00:00:00.000000039,3894.7341,91,35
1970-01-01 00:00:00.000000037,3919.3147,91,36
1970-01-01 00:00:00.000000038,3908.2993,91,36
1970-01-01 00:00:00.000000039,3914.9102,91,36
1970-01-01 00:00:00.000000040,3908.1902,91,36
1970-01-01 00:00:00.000000038,3901.7314,91,37
1970-01-01 00:00:00.000000039,3905.385,91,37
1970-01-01 00:00:00.000000040,3893.4963,91,37
1970-01-01 00:00:00.000000041,3891.897,91,37
1970-01-01 00:00:00.000000039,3906.0251,91,38
1970-01-01 00:00:00.000000040,3891.8325,91,38
1970-01-01 00:00:00.000000041,3891.8164,91,38
1970-01-01 00:00:00.000000042,3892.7964,91,38
1970-01-01 00:00:00.000000040,3914.0227,91,39
1970-01-01 00:00:00.000000041,3918.0251,91,39
1970-01-01 00:00:00.000000042,3920.9932,91,39
1970-01-01 00:00:00.000000043,3919.4995,91,39
1970-01-01 00:00:00.000000041,3869.725,91,40
1970-01-01 00:00:00.000000042,3863.9167,91,40
1970-01-01 00:00:00.000000043,3848.4768,91,40
1970-01-01 00:00:00.000000044,3857.3235,91,40
1970-01-01 00:00:00.000000042,3860.662,91,41
1970-01-01 00:00:00.000000043,3848.4104,91,41
1970-01-01 00:00:00.000000044,3860.7268,91,41
1970-01-01 00:00:00.000000045,3867.3044,91,41
1970-01-01 00:00:00.000000043,3855.0444,91,42
1970-01-01 00:00:00.000000044,3868.1875,91,42
1970-01-01 00:00:00.000000045,3874.1313,91,42
1970-01-01 00:00:00.000000046,3876.9302,91,42
1970-01-01 00:00:00.000000044,3844.5137,91,43
1970-01-01 00:00:00.000000045,3840.3525,91,43
1970-01-01 00:00:00.000000046,3838.4802,91,43
1970-01-01 00:00:00.000000047,3840.888,91,43
1970-01-01 00:00:00.000000045,3855.4978,91,44
1970-01-01 00:00:00.000000046,3848.966,91,44
1970-01-01 00:00:00.000000047,3855.9878,91,44
1970-01-01 00:00:00.000000048,3854.545,91,44
1970-01-01 00:00:00.000000046,3847.5076,91,45
1970-01-01 00:00:00.000000047,3844.6821,91,45
1970-01-01 00:00:00.000000048,3835.7366,91,45
1970-01-01 00:00:00.000000049,3834.3364,91,45
1970-01-01 00:00:00.000000047,3810.9944,91,46
1970-01-01 00:00:00.000000048,3797.3806,91,46
1970-01-01 00:00:00.000000049,3782.4326,91,46
1970-01-01 00:00:00.000000050,3796.38,91,46
1970-01-01 00:00:00.000000048,3802.168,91,47
1970-01-01 00:00:00.000000049,3786.7217,91,47
1970-01-01 00:00:00.000000050,3798.0425,91,47
1970-01-01 00:00:00.000000051,3805.6821,91,47
1970-01-01 00:00:00.000000049,3794.932,91,48
1970-01-01 00:00:00.000000050,3810.2087,91,48
1970-01-01 00:00:00.000000051,3819.4968,91,48
1970-01-01 00:00:00.000000052,3821.0266,91,48
1970-01-01 00:00:00.000000050,3795.7268,91,49
1970-01-01 00:00:00.000000051,3806.8936,91,49
1970-01-01 00:00:00.000000052,3813.1226,91,49
1970-01-01 00:00:00.000000053,3818.4575,91,49
1970-01-01 00:00:00.000000051,3843.5432,91,50
1970-01-01 00:00:00.000000052,3861.0283,91,50
1970-01-01 00:00:00.000000053,3888.9856,91,50
1970-01-01 00:00:00.000000054,3888.067,91,50
1970-01-01 00:00:00.000000052,3877.006,91,51
1970-01-01 00:00:00.000000053,3912.3118,91,51
1970-01-01 00:00:00.000000054,3924.392,91,51
1970-01-01 00:00:00.000000055,3927.4746,91,51
1970-01-01 00:00:00.000000053,3913.0452,91,52
1970-01-01 00:00:00.000000054,3928.7854,91,52
1970-01-01 00:00:00.000000055,3939.1733,91,52
1970-01-01 00:00:00.000000056,3950.9429,91,52
1970-01-01 00:00:00.000000054,3962.0994,91,53
1970-01-01 00:00:00.000000055,3977.1257,91,53
1970-01-01 00:00:00.000000056,3996.8862,91,53
1970-01-01 00:00:00.000000057,3999.7415,91,53
1970-01-01 00:00:00.000000055,3972.7058,91,54
1970-01-01 00:00:00.000000056,3987.1306,91,54
1970-01-01 00:00:00.000000057,3982.0386,91,54
1970-01-01 00:00:00.000000058,3984.2449,91,54
1970-01-01 00:00:00.000000056,3958.6167,91,55
1970-01-01 00:00:00.000000057,3945.2415,91,55
1970-01-01 00:00:00.000000058,3932.4148,91,55
1970-01-01 00:00:00.000000059,3936.8748,91,55
1970-01-01 00:00:00.000000057,3951.823,91,56
1970-01-01 00:00:00.000000058,3942.2173,91,56
1970-01-01 00:00:00.000000059,3943.1672,91,56
1970-01-01 00:00:00.000000060,3938.4307,91,56
1970-01-01 00:00:00.000000058,3936.2585,91,57
1970-01-01 00:00:00.000000059,3931.2366,91,57
1970-01-01 00:00:00.000000060,3919.1943,91,57
1970-01-01 00:00:00.000000061,3907.8691,91,57
1970-01-01 00:00:00.000000059,3928.7478,91,58
1970-01-01 00:00:00.000000060,3915.0376,91,58
1970-01-01 00:00:00.000000061,3904.7214,91,58
1970-01-01 00:00:00.000000062,3891.7039,91,58
1970-01-01 00:00:00.000000060,3939.158,91,59
1970-01-01 00:00:00.000000061,3934.4934,91,59
1970-01-01 00:00:00.000000062,3929.238,91,59
1970-01-01 00:00:00.000000063,3912.1958,91,59
1970-01-01 00:00:00.000000061,3923.8845,91,60
1970-01-01 00:00:00.000000062,3914.5293,91,60
1970-01-01 00:00:00.000000063,3891.8882,91,60
1970-01-01 00:00:00.000000064,3883.052,91,60
1970-01-01 00:00:00.000000062,3911.5962,91,61
1970-01-01 00:00:00.000000063,3893.5303,91,61
1970-01-01 00:00:00.000000064,3885.3008,91,61
1970-01-01 00:00:00.000000065,3881.1848,91,61
1970-01-01 00:00:00.000000063,3914.1238,91,62
1970-01-01 00:00:00.000000064,3906.6638,91,62
1970-01-01 00:00:00.000000065,3902.2173,91,62
1970-01-01 00:00:00.000000066,3890.8027,91,62
1970-01-01 00:00:00.000000064,3895.2637,91,63
1970-01-01 00:00:00.000000065,3895.1257,91,63
1970-01-01 00:00:00.000000066,3881.5264,91,63
1970-01-01 00:00:00.000000067,3878.9146,91,63
1970-01-01 00:00:00.000000065,3898.905,91,64
1970-01-01 00:00:00.000000066,3881.414,91,64
1970-01-01 00:00:00.000000067,3881.8862,91,64
1970-01-01 00:00:00.000000068,3872.673,91,64
1970-01-01 00:00:00.000000066,3884.4998,91,65
1970-01-01 00:00:00.000000067,3884.3372,91,65
1970-01-01 00:00:00.000000068,3874.6926,91,65
1970-01-01 00:00:00.000000069,3867.7634,91,65
1970-01-01 00:00:00.000000067,3854.1748,91,66
1970-01-01 00:00:00.000000068,3833.762,91,66
1970-01-01 00:00:00.000000069,3815.3716,91,66
1970-01-01 00:00:00.000000070,3816.333,91,66
1970-01-01 00:00:00.000000068,3867.2998,91,67
1970-01-01 00:00:00.000000069,3860.402,91,67
1970-01-01 00:00:00.000000070,3873.2288,91,67
1970-01-01 00:00:00.000000071,3874.5334,91,67
1970-01-01 00:00:00.000000069,3853.9565,91,68
1970-01-01 00:00:00.000000070,3860.4414,91,68
1970-01-01 00:00:00.000000071,3856.5063,91,68
1970-01-01 00:00:00.000000072,3860.5425,91,68
1970-01-01 00:00:00.000000070,3835.5815,91,69
1970-01-01 00:00:00.000000071,3831.0088,91,69
1970-01-01 00:00:00.000000072,3833.189,91,69
1970-01-01 00:00:00.000000073,3845.2256,91,69
1970-01-01 00:00:00.000000071,3855.8103,91,70
1970-01-01 00:00:00.000000072,3862.671,91,70
1970-01-01 00:00:00.000000073,3882.7876,91,70
1970-01-01 00:00:00.000000074,3888.8616,91,70
1970-01-01 00:00:00.000000072,3861.39,91,71
1970-01-01 00:00:00.000000073,3879.7224,91,71
1970-01-01 00:00:00.000000074,3884.3325,91,71
1970-01-01 00:00:00.000000075,3889.0273,91,71
1970-01-01 00:00:00.000000073,3862.251,91,72
1970-01-01 00:00:00.000000074,3868.4834,91,72
1970-01-01 00:00:00.000000075,3875.2998,91,72
1970-01-01 00:00:00.000000076,3884.076,91,72
1970-01-01 00:00:00.000000074,3881.835,91,73
1970-01-01 00:00:00.000000075,3882.298,91,73
1970-01-01 00:00:00.000000076,3890.753,91,73
1970-01-01 00:00:00.000000077,3885.168,91,73
1970-01-01 00:00:00.000000075,3879.8213,91,74
1970-01-01 00:00:00.000000076,3888.1028,91,74
1970-01-01 00:00:00.000000077,3881.2886,91,74
1970-01-01 00:00:00.000000078,3881.1938,91,74
1970-01-01 00:00:00.000000076,3879.2478,91,75
1970-01-01 00:00:00.000000077,3869.5833,91,75
1970-01-01 00:00:00.000000078,3867.8455,91,75
1970-01-01 00:00:00.000000079,3872.2073,91,75
1970-01-01 00:00:00.000000077,3888.4504,91,76
1970-01-01 00:00:00.000000078,3891.584,91,76
1970-01-01 00:00:00.000000079,3899.1848,91,76
1970-01-01 00:00:00.000000080,3899.9294,91,76
1970-01-01 00:00:00.000000078,3857.6963,91,77
1970-01-01 00:00:00.000000079,3854.8235,91,77
1970-01-01 00:00:00.000000080,3842.651,91,77
1970-01-01 00:00:00.000000081,3851.2454,91,77
1970-01-01 00:00:00.000000079,3856.4675,91,78
1970-01-01 00:00:00.000000080,3847.42,91,78
1970-01-01 00:00:00.000000081,3861.0212,91,78
1970-01-01 00:00:00.000000082,3865.9595,91,78
1970-01-01 00:00:00.000000080,3862.9646,91,79
1970-01-01 00:00:00.000000081,3873.3708,91,79
1970-01-01 00:00:00.000000082,3879.4673,91,79
1970-01-01 00:00:00.000000083,3880.5088,91,79
1970-01-01 00:00:00.000000081,3864.2783,91,80
1970-01-01 00:00:00.000000082,3873.9456,91,80
1970-01-01 00:00:00.000000083,3876.5186,91,80
1970-01-01 00:00:00.000000084,3880.7148,91,80
1970-01-01 00:00:00.000000082,3907.124,91,81
1970-01-01 00:00:00.000000083,3912.4822,91,81
1970-01-01 00:00:00.000000084,3927.4917,91,81
1970-01-01 00:00:00.000000085,3918.6387,91,81
1970-01-01 00:00:00.000000083,3911.44,91,82
1970-01-01 00:00:00.000000084,3927.2144,91,82
1970-01-01 00:00:00.000000085,3916.5098,91,82
1970-01-01 00:00:00.000000086,3909.6577,91,82
1970-01-01 00:00:00.000000084,3878.0908,91,83
1970-01-01 00:00:00.000000085,3856.9485,91,83
1970-01-01 00:00:00.000000086,3833.4226,91,83
1970-01-01 00:00:00.000000087,3835.6887,91,83
1970-01-01 00:00:00.000000085,3880.3389,91,84
1970-01-01 00:00:00.000000086,3861.5046,91,84
1970-01-01 00:00:00.000000087,3865.2593,91,84
1970-01-01 00:00:00.000000088,3856.6006,91,84
1970-01-01 00:00:00.000000086,3867.5554,91,85
1970-01-01 00:00:00.000000087,3864.0425,91,85
1970-01-01 00:00:00.000000088,3849.4475,91,85
1970-01-01 00:00:00.000000089,3838.9365,91,85
1970-01-01 00:00:00.000000087,3865.7278,91,86
1970-01-01 00:00:00.000000088,3863.1282,91,86
1970-01-01 00:00:00.000000089,3862.1453,91,86
1970-01-01 00:00:00.000000090,3855.8042,91,86
1970-01-01 00:00:00.000000088,3916.0298,91,87
1970-01-01 00:00:00.000000089,3925.9421,91,87
1970-01-01 00:00:00.000000090,3938.2593,91,87
1970-01-01 00:00:00.000000091,3921.879,91,87
1970-01-01 00:00:00.000000089,3910.5398,91,88
1970-01-01 00:00:00.000000090,3921.6184,91,88
1970-01-01 00:00:00.000000091,3902.7053,91,88
1970-01-01 00:00:00.000000092,3893.0938,91,88
1970-01-01 00:00:00.000000090,3886.2893,91,89
1970-01-01 00:00:00.000000091,3850.7153,91,89
1970-01-01 00:00:00.000000092,3829.4724,91,89
1970-01-01 00:00:00.000000093,3822.7888,91,89
1970-01-01 00:00:00.000000091,3871.787,91,90
1970-01-01 00:00:00.000000092,3844.876,91,90
1970-01-01 00:00:00.000000093,3831.0012,91,90
1970-01-01 00:00:00.000000094,3819.2375,91,90
1970-01-01 00:00:00.000000092,3838.0823,91,91
1970-01-01 00:00:00.000000093,3820.6777,91,91
1970-01-01 00:00:00.000000094,3799.0374,91,91
1970-01-01 00:00:00.000000095,3799.741,91,91
1970-01-01 00:00:00.000000093,3815.2886,91,92
1970-01-01 00:00:00.000000094,3799.6306,91,92
1970-01-01 00:00:00.000000095,3799.2146,91,92
1970-01-01 00:00:00.000000096,3803.6382,91,92
1970-01-01 00:00:00.000000094,3807.2837,91,93
1970-01-01 00:00:00.000000095,3812.2146,91,93
1970-01-01 00:00:00.000000096,3820.3806,91,93
1970-01-01 00:00:00.000000097,3826.0713,91,93
1970-01-01 00:00:00.000000095,3774.8022,91,94
1970-01-01 00:00:00.000000096,3770.7769,91,94
1970-01-01 00:00:00.000000097,3766.2954,91,94
1970-01-01 00:00:00.000000098,3772.6006,91,94
1970-01-01 00:00:00.000000096,3769.816,91,95
1970-01-01 00:00:00.000000097,3759.9944,91,95
1970-01-01 00:00:00.000000098,3770.3564,91,95
1970-01-01 00:00:00.000000099,3777.622,91,95
1970-01-01 00:00:00.000000097,3791.5093,91,96
1970-01-01 00:00:00.000000098,3812.5593,91,96
1970-01-01 00:00:00.000000099,3833.4983,91,96
1970-01-01 00:00:00.000000100,3842.8557,91,96
1970-01-01 00:00:00.000000098,3817.3728,91,97
1970-01-01 00:00:00.000000099,3846.7615,91,97
1970-01-01 00:00:00.000000100,3864.1387,91,97
1970-01-01 00:00:00.000000101,3881.1277,91,97
1970-01-01 00:00:00.000000099,3850.6562,91,98
1970-01-01 00:00:00.000000100,3868.5916,91,98
1970-01-01 00:00:00.000000101,3892.3433,91,98
1970-01-01 00:00:00.000000102,3905.7266,91,98
1970-01-01 00:00:00.000000100,3856.535,91,99
1970-01-01 00:00:00.000000101,3869.4202,91,99
1970-01-01 00:00:00.000000102,3876.2913,91,99
1970-01-01 00:00:00.000000103,3877.9917,91,99
1970-01-01 00:00:00.000000101,3854.1711,91,100
1970-01-01 00:00:00.000000102,3861.92,91,100
1970-01-01 00:00:00.000000103,3860.3872,91,100
1970-01-01 00:00:00.000000104,3870.4539,91,100
1970-01-01 00:00:00.000000102,3867.3445,91,101
1970-01-01 00:00:00.000000103,3861.68,91,101
1970-01-01 00:00:00.000000104,3868.4292,91,101
1970-01-01 00:00:00.000000105,3873.352,91,101
1970-01-01 00:00:00.000000103,3851.0776,91,102
1970-01-01 00:00:00.000000104,3852.9924,91,102
1970-01-01 00:00:00.000000105,3849.1147,91,102
1970-01-01 00:00:00.000000106,3848.7913,91,102
1970-01-01 00:00:00.000000104,3828.5803,91,103
1970-01-01 00:00:00.000000105,3817.7856,91,103
1970-01-01 00:00:00.000000106,3808.6538,91,103
1970-01-01 00:00:00.000000107,3814.5469,91,103
1970-01-01 00:00:00.000000105,3838.9688,91,104
1970-01-01 00:00:00.000000106,3828.0706,91,104
1970-01-01 00:00:00.000000107,3834.1614,91,104
1970-01-01 00:00:00.000000108,3827.941,91,104
1970-01-01 00:00:00.000000106,3831.0361,91,105
1970-01-01 00:00:00.000000107,3843.8765,91,105
1970-01-01 00:00:00.000000108,3840.3672,91,105
1970-01-01 00:00:00.000000109,3836.2559,91,105
1970-01-01 00:00:00.000000107,3833.4792,91,106
1970-01-01 00:00:00.000000108,3831.7954,91,106
1970-01-01 00:00:00.000000109,3830.9902,91,106
1970-01-01 00:00:00.000000110,3832.82,91,106
1970-01-01 00:00:00.000000108,3852.6028,91,107
1970-01-01 00:00:00.000000109,3850.0056,91,107
1970-01-01 00:00:00.000000110,3856.0383,91,107
1970-01-01 00:00:00.000000111,3847.2776,91,107
1970-01-01 00:00:00.000000109,3832.056,91,108
1970-01-01 00:00:00.000000110,3826.7305,91,108
1970-01-01 00:00:00.000000111,3806.8198,91,108
1970-01-01 00:00:00.000000112,3797.2505,91,108
1970-01-01 00:00:00.000000110,3840.1975,91,109
1970-01-01 00:00:00.000000111,3821.9648,91,109
1970-01-01 00:00:00.000000112,3815.9844,91,109
1970-01-01 00:00:00.000000113,3809.648,91,109
1970-01-01 00:00:00.000000111,3851.2263,91,110
1970-01-01 00:00:00.000000112,3853.69,91,110
1970-01-01 00:00:00.000000113,3854.0903,91,110
1970-01-01 00:00:00.000000114,3843.451,91,110
1970-01-01 00:00:00.000000112,3842.5085,91,111
1970-01-01 00:00:00.000000113,3844.2747,91,111
1970-01-01 00:00:00.000000114,3828.4365,91,111
1970-01-01 00:00:00.000000115,3821.8665,91,111
1970-01-01 00:00:00.000000113,3855.4685,91,112
1970-01-01 00:00:00.000000114,3848.0837,91,112
1970-01-01 00:00:00.000000115,3847.8066,91,112
1970-01-01 00:00:00.000000116,3835.5183,91,112
1970-01-01 00:00:00.000000114,3845.9807,91,113
1970-01-01 00:00:00.000000115,3844.4321,91,113
1970-01-01 00:00:00.000000116,3831.5366,91,113
1970-01-01 00:00:00.000000117,3812.5671,91,113
1970-01-01 00:00:00.000000115,3814.733,91,114
1970-01-01 00:00:00.000000116,3794.6843,91,114
1970-01-01 00:00:00.000000117,3768.144,91,114
1970-01-01 00:00:00.000000118,3756.8052,91,114
1970-01-01 00:00:00.000000116,3821.124,91,115
1970-01-01 00:00:00.000000117,3798.1616,91,115
1970-01-01 00:00:00.000000118,3796.437,91,115
1970-01-01 00:00:00.000000119,3777.9084,91,115
1970-01-01 00:00:00.000000117,3839.8723,91,116
1970-01-01 00:00:00.000000118,3851.8394,91,116
1970-01-01 00:00:00.000000119,3848.9956,91,116
1970-01-01 00:00:00.000000120,3841.62,91,116
1970-01-01 00:00:00.000000118,3833.0366,91,117
1970-01-01 00:00:00.000000119,3832.4177,91,117
1970-01-01 00:00:00.000000120,3824.2705,91,117
1970-01-01 00:00:00.000000121,3828.4463,91,117
1970-01-01 00:00:00.000000119,3839.1753,91,118
1970-01-01 00:00:00.000000120,3822.8533,91,118
1970-01-01 00:00:00.000000121,3823.7798,91,118
1970-01-01 00:00:00.000000122,3816.335,91,118
1970-01-01 00:00:00.000000120,3813.3386,91,119
1970-01-01 00:00:00.000000121,3813.282,91,119
1970-01-01 00:00:00.000000122,3797.8232,91,119
1970-01-01 00:00:00.000000123,3788.889,91,119
1970-01-01 00:00:00.000000121,3779.5293,91,120
1970-01-01 00:00:00.000000122,3758.5771,91,120
1970-01-01 00:00:00.000000123,3737.5928,91,120
1970-01-01 00:00:00.000000124,3737.1697,91,120
1970-01-01 00:00:00.000000122,3762.5437,91,121
1970-01-01 00:00:00.000000123,3741.9395,91,121
1970-01-01 00:00:00.000000124,3738.4539,91,121
1970-01-01 00:00:00.000000125,3729.064,91,121
1970-01-01 00:00:00.000000123,3732.0503,91,122
1970-01-01 00:00:00.000000124,3725.9072,91,122
1970-01-01 00:00:00.000000125,3712.9172,91,122
1970-01-01 00:00:00.000000126,3705.1697,91,122
1970-01-01 00:00:00.000000124,3715.4727,91,123
1970-01-01 00:00:00.000000125,3699.8936,91,123
1970-01-01 00:00:00.000000126,3691.547,91,123
1970-01-01 00:00:00.000000127,3692.0107,91,123
1970-01-01 00:00:00.000000125,3727.6145,91,124
1970-01-01 00:00:00.000000126,3727.9482,91,124
1970-01-01 00:00:00.000000127,3740.7676,91,124
1970-01-01 00:00:00.000000128,3737.9978,91,124
1970-01-01 00:00:00.000000126,3741.7598,91,125
1970-01-01 00:00:00.000000127,3757.596,91,125
1970-01-01 00:00:00.000000128,3759.7083,91,125
1970-01-01 00:00:00.000000129,3760.377,91,125
1970-01-01 00:00:00.000000127,3743.094,91,126
1970-01-01 00:00:00.000000128,3742.0737,91,126
1970-01-01 00:00:00.000000129,3740.7693,91,126
1970-01-01 00:00:00.000000130,3744.9817,91,126
1970-01-01 00:00:00.000000128,3746.9417,91,127
1970-01-01 00:00:00.000000129,3736.9492,91,127
1970-01-01 00:00:00.000000130,3741.5667,91,127
1970-01-01 00:00:00.000000131,3740.002,91,127
1970-01-01 00:00:00.000000129,3733.507,91,128
1970-01-01 00:00:00.000000130,3735.7937,91,128
1970-01-01 00:00:00.000000131,3728.7,91,128
1970-01-01 00:00:00.000000132,3735.4746,91,128
1970-01-01 00:00:00.000000130,3742.665,91,129
1970-01-01 00:00:00.000000131,3742.529,91,129
1970-01-01 00:00:00.000000132,3757.8655,91,129
1970-01-01 00:00:00.000000133,3773.7466,91,129
1970-01-01 00:00:00.000000131,3767.9385,91,130
1970-01-01 00:00:00.000000132,3785.3337,91,130
1970-01-01 00:00:00.000000133,3805.1162,91,130
1970-01-01 00:00:00.000000134,3814.6477,91,130
1970-01-01 00:00:00.000000132,3764.5234,91,131
1970-01-01 00:00:00.000000133,3785.0605,91,131
1970-01-01 00:00:00.000000134,3791.162,91,131
1970-01-01 00:00:00.000000135,3803.801,91,131
1970-01-01 00:00:00.000000133,3787.4497,91,132
1970-01-01 00:00:00.000000134,3782.631,91,132
1970-01-01 00:00:00.000000135,3795.2017,91,132
1970-01-01 00:00:00.000000136,3796.8792,91,132
1970-01-01 00:00:00.000000134,3795.1487,91,133
1970-01-01 00:00:00.000000135,3811.2078,91,133
1970-01-01 00:00:00.000000136,3813.4324,91,133
1970-01-01 00:00:00.000000137,3808.2078,91,133
1970-01-01 00:00:00.000000135,3799.4756,91,134
1970-01-01 00:00:00.000000136,3803.2822,91,134
1970-01-01 00:00:00.000000137,3799.8127,91,134
1970-01-01 00:00:00.000000138,3807.1755,91,134
1970-01-01 00:00:00.000000136,3818.9695,91,135
1970-01-01 00:00:00.000000137,3823.124,91,135
1970-01-01 00:00:00.000000138,3837.7192,91,135
1970-01-01 00:00:00.000000139,3842.2358,91,135
1970-01-01 00:00:00.000000137,3818.8208,91,136
1970-01-01 00:00:00.000000138,3822.2783,91,136
1970-01-01 00:00:00.000000139,3819.9263,91,136
1970-01-01 00:00:00.000000140,3819.7622,91,136
1970-01-01 00:00:00.000000138,3814.183,91,137
1970-01-01 00:00:00.000000139,3805.2302,91,137
1970-01-01 00:00:00.000000140,3800.5083,91,137
1970-01-01 00:00:00.000000141,3799.6624,91,137
1970-01-01 00:00:00.000000139,3823.8928,91,138
1970-01-01 00:00:00.000000140,3818.061,91,138
1970-01-01 00:00:00.000000141,3817.0317,91,138
1970-01-01 00:00:00.000000142,3811.5337,91,138
1970-01-01 00:00:00.000000140,3818.7493,91,139
1970-01-01 00:00:00.000000141,3821.9097,91,139
1970-01-01 00:00:00.000000142,3813.4253,91,139
1970-01-01 00:00:00.000000143,3810.7693,91,139
1970-01-01 00:00:00.000000141,3801.8926,91,140
1970-01-01 00:00:00.000000142,3792.4055,91,140
1970-01-01 00:00:00.000000143,3784.0918,91,140
1970-01-01 00:00:00.000000144,3784.7278,91,140
1970-01-01 00:00:00.000000142,3785.0732,91,141
1970-01-01 00:00:00.000000143,3772.1245,91,141
1970-01-01 00:00:00.000000144,3767.8591,91,141
1970-01-01 00:00:00.000000145,3764.2673,91,141
1970-01-01 00:00:00.000000143,3766.495,91,142
1970-01-01 00:00:00.000000144,3752.6091,91,142
1970-01-01 00:00:00.000000145,3741.9863,91,142
1970-01-01 00:00:00.000000146,3733.3242,91,142
1970-01-01 00:00:00.000000144,3759.4612,91,143
1970-01-01 00:00:00.000000145,3752.036,91,143
1970-01-01 00:00:00.000000146,3745.4822,91,143
1970-01-01 00:00:00.000000147,3738.6326,91,143
1970-01-01 00:00:00.000000145,3769.048,91,144
1970-01-01 00:00:00.000000146,3764.2742,91,144
1970-01-01 00:00:00.000000147,3761.7578,91,144
1970-01-01 00:00:00.000000148,3757.3657,91,144
1970-01-01 00:00:00.000000146,3749.2766,91,145
1970-01-01 00:00:00.000000147,3748.4517,91,145
1970-01-01 00:00:00.000000148,3740.7556,91,145
1970-01-01 00:00:00.000000149,3740.5508,91,145
1970-01-01 00:00:00.000000147,3744.1428,91,146
1970-01-01 00:00:00.000000148,3733.045,91,146
1970-01-01 00:00:00.000000149,3733.0232,91,146
1970-01-01 00:00:00.000000150,3735.1936,91,146
1970-01-01 00:00:00.000000148,3755.1687,91,147
1970-01-01 00:00:00.000000149,3765.827,91,147
1970-01-01 00:00:00.000000150,3778.7341,91,147
1970-01-01 00:00:00.000000151,3780.577,91,147
1970-01-01 00:00:00.000000149,3743.0288,91,148
1970-01-01 00:00:00.000000150,3747.0642,91,148
1970-01-01 00:00:00.000000151,3739.8662,91,148
1970-01-01 00:00:00.000000152,3742.9468,91,148
1970-01-01 00:00:00.000000150,3762.5718,91,149
1970-01-01 00:00:00.000000151,3761.1094,91,149
1970-01-01 00:00:00.000000152,3773.6345,91,149
1970-01-01 00:00:00.000000153,3770.6016,91,149
1970-01-01 00:00:00.000000151,3769.8308,91,150
1970-01-01 00:00:00.000000152,3785.0164,91,150
1970-01-01 00:00:00.000000153,3785.1204,91,150
1970-01-01 00:00:00.000000154,3780.4055,91,150
1970-01-01 00:00:00.000000152,3761.213,91,151
1970-01-01 00:00:00.000000153,3762.5967,91,151
1970-01-01 00:00:00.000000154,3755.4697,91,151
1970-01-01 00:00:00.000000155,3756.315,91,151
1970-01-01 00:00:00.000000153,3783.635,91,152
1970-01-01 00:00:00.000000154,3783.3157,91,152
1970-01-01 00:00:00.000000155,3795.6716,91,152
1970-01-01 00:00:00.000000156,3791.1187,91,152
1970-01-01 00:00:00.000000154,3768.8923,91,153
1970-01-01 00:00:00.000000155,3770.5154,91,153
1970-01-01 00:00:00.000000156,3756.6213,91,153
1970-01-01 00:00:00.000000157,3750.3691,91,153
1970-01-01 00:00:00.000000155,3753.132,91,154
1970-01-01 00:00:00.000000156,3735.8284,91,154
1970-01-01 00:00:00.000000157,3725.2705,91,154
1970-01-01 00:00:00.000000158,3723.327,91,154
1970-01-01 00:00:00.000000156,3780.4006,91,155
1970-01-01 00:00:00.000000157,3778.7021,91,155
1970-01-01 00:00:00.000000158,3789.2058,91,155
1970-01-01 00:00:00.000000159,3778.967,91,155
1970-01-01 00:00:00.000000157,3776.3252,91,156
1970-01-01 00:00:00.000000158,3788.1191,91,156
1970-01-01 00:00:00.000000159,3777.3308,91,156
1970-01-01 00:00:00.000000160,3774.861,91,156
1970-01-01 00:00:00.000000158,3781.6653,91,157
1970-01-01 00:00:00.000000159,3771.26,91,157
1970-01-01 00:00:00.000000160,3774.0613,91,157
1970-01-01 00:00:00.000000161,3777.051,91,157
1970-01-01 00:00:00.000000159,3806.9646,91,158
1970-01-01 00:00:00.000000160,3817.4797,91,158
1970-01-01 00:00:00.000000161,3831.7693,91,158
1970-01-01 00:00:00.000000162,3828.7708,91,158
1970-01-01 00:00:00.000000160,3787.0679,91,159
1970-01-01 00:00:00.000000161,3792.0918,91,159
1970-01-01 00:00:00.000000162,3774.8733,91,159
1970-01-01 00:00:00.000000163,3780.6038,91,159
1970-01-01 00:00:00.000000161,3773.084,91,160
1970-01-01 00:00:00.000000162,3752.7336,91,160
1970-01-01 00:00:00.000000163,3750.7092,91,160
1970-01-01 00:00:00.000000164,3752.333,91,160
1970-01-01 00:00:00.000000162,3761.7668,91,161
1970-01-01 00:00:00.000000163,3745.915,91,161
1970-01-01 00:00:00.000000164,3736.288,91,161
1970-01-01 00:00:00.000000165,3720.932,91,161
1970-01-01 00:00:00.000000163,3725.7292,91,162
1970-01-01 00:00:00.000000164,3713.6062,91,162
1970-01-01 00:00:00.000000165,3690.2761,91,162
1970-01-01 00:00:00.000000166,3684.4734,91,162
1970-01-01 00:00:00.000000164,3727.4487,91,163
1970-01-01 00:00:00.000000165,3708.6401,91,163
1970-01-01 00:00:00.000000166,3709.1272,91,163
1970-01-01 00:00:00.000000167,3708.0103,91,163
1970-01-01 00:00:00.000000165,3726.4941,91,164
1970-01-01 00:00:00.000000166,3724.1655,91,164
1970-01-01 00:00:00.000000167,3722.0447,91,164
1970-01-01 00:00:00.000000168,3717.3015,91,164
1970-01-01 00:00:00.000000166,3714.4578,91,165
1970-01-01 00:00:00.000000167,3712.0461,91,165
1970-01-01 00:00:00.000000168,3708.4448,91,165
1970-01-01 00:00:00.000000169,3712.9927,91,165
1970-01-01 00:00:00.000000167,3729.0242,91,166
1970-01-01 00:00:00.000000168,3726.179,91,166
1970-01-01 00:00:00.000000169,3734.3752,91,166
1970-01-01 00:00:00.000000170,3734.9255,91,166
1970-01-01 00:00:00.000000168,3742.8264,91,167
1970-01-01 00:00:00.000000169,3763.305,91,167
1970-01-01 00:00:00.000000170,3772.7393,91,167
1970-01-01 00:00:00.000000171,3773.6025,91,167
1970-01-01 00:00:00.000000169,3752.0837,91,168
1970-01-01 00:00:00.000000170,3767.1035,91,168
1970-01-01 00:00:00.000000171,3775.177,91,168
1970-01-01 00:00:00.000000172,3782.2356,91,168
1970-01-01 00:00:00.000000170,3763.5317,91,169
1970-01-01 00:00:00.000000171,3767.5095,91,169
1970-01-01 00:00:00.000000172,3776.4539,91,169
1970-01-01 00:00:00.000000173,3778.8916,91,169
1970-01-01 00:00:00.000000171,3762.3943,91,170
1970-01-01 00:00:00.000000172,3773.1438,91,170
1970-01-01 00:00:00.000000173,3778.964,91,170
1970-01-01 00:00:00.000000174,3784.3525,91,170
1970-01-01 00:00:00.000000172,3766.8894,91,171
1970-01-01 00:00:00.000000173,3770.5723,91,171
1970-01-01 00:00:00.000000174,3774.6926,91,171
1970-01-01 00:00:00.000000175,3783.6296,91,171
1970-01-01 00:00:00.000000173,3781.9504,91,172
1970-01-01 00:00:00.000000174,3782.2336,91,172
1970-01-01 00:00:00.000000175,3791.697,91,172
1970-01-01 00:00:00.000000176,3793.9094,91,172
1970-01-01 00:00:00.000000174,3778.145,91,173
1970-01-01 00:00:00.000000175,3789.7217,91,173
1970-01-01 00:00:00.000000176,3791.3008,91,173
1970-01-01 00:00:00.000000177,3794.4094,91,173
1970-01-01 00:00:00.000000175,3774.158,91,174
1970-01-01 00:00:00.000000176,3766.3423,91,174
1970-01-01 00:00:00.000000177,3758.296,91,174
1970-01-01 00:00:00.000000178,3764.7993,91,174
1970-01-01 00:00:00.000000176,3777.007,91,175
1970-01-01 00:00:00.000000177,3772.9778,91,175
1970-01-01 00:00:00.000000178,3780.8086,91,175
1970-01-01 00:00:00.000000179,3778.0962,91,175
1970-01-01 00:00:00.000000177,3756.0637,91,176
1970-01-01 00:00:00.000000178,3756.4346,91,176
1970-01-01 00:00:00.000000179,3743.3086,91,176
1970-01-01 00:00:00.000000180,3742.996,91,176
1970-01-01 00:00:00.000000178,3739.3196,91,177
1970-01-01 00:00:00.000000179,3724.117,91,177
1970-01-01 00:00:00.000000180,3718.552,91,177
1970-01-01 00:00:00.000000181,3719.7275,91,177
1970-01-01 00:00:00.000000179,3756.9429,91,178
1970-01-01 00:00:00.000000180,3760.2437,91,178
1970-01-01 00:00:00.000000181,3777.3728,91,178
1970-01-01 00:00:00.000000182,3770.2878,91,178
1970-01-01 00:00:00.000000180,3755.8267,91,179
1970-01-01 00:00:00.000000181,3774.168,91,179
1970-01-01 00:00:00.000000182,3769.9553,91,179
1970-01-01 00:00:00.000000183,3772.7527,91,179
1970-01-01 00:00:00.000000181,3768.0874,91,180
1970-01-01 00:00:00.000000182,3763.2217,91,180
1970-01-01 00:00:00.000000183,3770.4946,91,180
1970-01-01 00:00:00.000000184,3774.912,91,180
1970-01-01 00:00:00.000000182,3790.0312,91,181
1970-01-01 00:00:00.000000183,3801.129,91,181
1970-01-01 00:00:00.000000184,3813.0117,91,181
1970-01-01 00:00:00.000000185,3811.0532,91,181
1970-01-01 00:00:00.000000183,3770.075,91,182
1970-01-01 00:00:00.000000184,3771.4338,91,182
1970-01-01 00:00:00.000000185,3753.2625,91,182
1970-01-01 00:00:00.000000186,3758.6082,91,182
1970-01-01 00:00:00.000000184,3775.854,91,183
1970-01-01 00:00:00.000000185,3761.767,91,183
1970-01-01 00:00:00.000000186,3769.3572,91,183
1970-01-01 00:00:00.000000187,3769.0754,91,183
1970-01-01 00:00:00.000000185,3777.6536,91,184
1970-01-01 00:00:00.000000186,3787.8977,91,184
1970-01-01 00:00:00.000000187,3789.9375,91,184
1970-01-01 00:00:00.000000188,3784.4365,91,184
1970-01-01 00:00:00.000000186,3780.4656,91,185
1970-01-01 00:00:00.000000187,3785.3423,91,185
1970-01-01 00:00:00.000000188,3786.5703,91,185
1970-01-01 00:00:00.000000189,3787.1614,91,185
1970-01-01 00:00:00.000000187,3819.3286,91,186
1970-01-01 00:00:00.000000188,3824.9722,91,186
1970-01-01 00:00:00.000000189,3842.9336,91,186
1970-01-01 00:00:00.000000190,3837.8384,91,186
1970-01-01 00:00:00.000000188,3832.195,91,187
1970-01-01 00:00:00.000000189,3850.8467,91,187
1970-01-01 00:00:00.000000190,3848.1084,91,187
1970-01-01 00:00:00.000000191,3846.0325,91,187
1970-01-01 00:00:00.000000189,3829.1233,91,188
1970-01-01 00:00:00.000000190,3817.2585,91,188
1970-01-01 00:00:00.000000191,3804.8794,91,188
1970-01-01 00:00:00.000000192,3810.1133,91,188
1970-01-01 00:00:00.000000190,3827.4077,91,189
1970-01-01 00:00:00.000000191,3814.4988,91,189
1970-01-01 00:00:00.000000192,3813.3015,91,189
1970-01-01 00:00:00.000000193,3805.7139,91,189
1970-01-01 00:00:00.000000191,3817.261,91,190
1970-01-01 00:00:00.000000192,3815.1567,91,190
1970-01-01 00:00:00.000000193,3802.794,91,190
1970-01-01 00:00:00.000000194,3794.7676,91,190
1970-01-01 00:00:00.000000192,3815.7168,91,191
1970-01-01 00:00:00.000000193,3803.6313,91,191
1970-01-01 00:00:00.000000194,3798.0093,91,191
1970-01-01 00:00:00.000000195,3791.4248,91,191
1970-01-01 00:00:00.000000193,3821.048,91,192
1970-01-01 00:00:00.000000194,3815.0037,91,192
1970-01-01 00:00:00.000000195,3814.1272,91,192
1970-01-01 00:00:00.000000196,3807.8582,91,192
1970-01-01 00:00:00.000000194,3818.1042,91,193
1970-01-01 00:00:00.000000195,3823.0935,91,193
1970-01-01 00:00:00.000000196,3819.889,91,193
1970-01-01 00:00:00.000000197,3823.7317,91,193
1970-01-01 00:00:00.000000195,3824.025,91,194
1970-01-01 00:00:00.000000196,3818.2644,91,194
1970-01-01 00:00:00.000000197,3819.4705,91,194
1970-01-01 00:00:00.000000198,3823.0789,91,194
1970-01-01 00:00:00.000000196,3843.367,91,195
1970-01-01 00:00:00.000000197,3853.07,91,195
1970-01-01 00:00:00.000000198,3866.984,91,195
1970-01-01 00:00:00.000000199,3862.4526,91,195
1970-01-01 00:00:00.000000197,3856.7383,91,196
1970-01-01 00:00:00.000000198,3865.6184,91,196
1970-01-01 00:00:00.000000199,3863.234,91,196
1970-01-01 00:00:00.000000200,3857.3,91,196
1970-01-01 00:00:00.000000198,3862.4155,91,197
1970-01-01 00:00:00.000000199,3859.393,91,197
1970-01-01 00:00:00.000000200,3853.8416,91,197
1970-01-01 00:00:00.000000201,3850.0708,91,197
1970-01-01 00:00:00.000000199,3872.023,91,198
1970-01-01 00:00:00.000000200,3869.795,91,198
1970-01-01 00:00:00.000000201,3870.085,91,198
1970-01-01 00:00:00.000000202,3866.227,91,198
1970-01-01 00:00:00.000000200,3858.4045,91,199
1970-01-01 00:00:00.000000201,3850.697,91,199
1970-01-01 00:00:00.000000202,3837.129,91,199
1970-01-01 00:00:00.000000203,3836.825,91,199
1970-01-01 00:00:00.000000201,3844.0085,91,200
1970-01-01 00:00:00.000000202,3825.0073,91,200
1970-01-01 00:00:00.000000203,3820.365,91,200
1970-01-01 00:00:00.000000204,3815.6194,91,200
1970-01-01 00:00:00.000000202,3837.9482,91,201
1970-01-01 00:00:00.000000203,3833.0254,91,201
1970-01-01 00:00:00.000000204,3827.994,91,201
1970-01-01 00:00:00.000000205,3824.0413,91,201
1970-01-01 00:00:00.000000203,3803.4126,91,202
1970-01-01 00:00:00.000000204,3785.2542,91,202
1970-01-01 00:00:00.000000205,3763.6418,91,202
1970-01-01 00:00:00.000000206,3764.2432,91,202
1970-01-01 00:00:00.000000204,3798.3245,91,203
1970-01-01 00:00:00.000000205,3783.4465,91,203
1970-01-01 00:00:00.000000206,3790.9937,91,203
1970-01-01 00:00:00.000000207,3787.8333,91,203
1970-01-01 00:00:00.000000205,3799.995,91,204
1970-01-01 00:00:00.000000206,3811.6946,91,204
1970-01-01 00:00:00.000000207,3813.7717,91,204
1970-01-01 00:00:00.000000208,3814.8704,91,204
1970-01-01 00:00:00.000000206,3787.6504,91,205
1970-01-01 00:00:00.000000207,3786.3013,91,205
1970-01-01 00:00:00.000000208,3784.1877,91,205
1970-01-01 00:00:00.000000209,3792.9277,91,205
1970-01-01 00:00:00.000000207,3806.143,91,206
1970-01-01 00:00:00.000000208,3810.7026,91,206
1970-01-01 00:00:00.000000209,3832.0796,91,206
1970-01-01 00:00:00.000000210,3836.6577,91,206
1970-01-01 00:00:00.000000208,3823.1216,91,207
1970-01-01 00:00:00.000000209,3839.5896,91,207
1970-01-01 00:00:00.000000210,3845.4382,91,207
1970-01-01 00:00:00.000000211,3847.2344,91,207
1970-01-01 00:00:00.000000209,3824.8323,91,208
1970-01-01 00:00:00.000000210,3829.5535,91,208
1970-01-01 00:00:00.000000211,3829.7192,91,208
1970-01-01 00:00:00.000000212,3836.4534,91,208
1970-01-01 00:00:00.000000210,3842.4075,91,209
1970-01-01 00:00:00.000000211,3838.901,91,209
1970-01-01 00:00:00.000000212,3846.9658,91,209
1970-01-01 00:00:00.000000213,3845.9014,91,209
1970-01-01 00:00:00.000000211,3861.52,91,210
1970-01-01 00:00:00.000000212,3869.1523,91,210
1970-01-01 00:00:00.000000213,3871.7817,91,210
1970-01-01 00:00:00.000000214,3868.4072,91,210
1970-01-01 00:00:00.000000212,3861.4329,91,211
1970-01-01 00:00:00.000000213,3860.2195,91,211
1970-01-01 00:00:00.000000214,3851.9512,91,211
1970-01-01 00:00:00.000000215,3854.9194,91,211
1970-01-01 00:00:00.000000213,3876.3374,91,212
1970-01-01 00:00:00.000000214,3872.5745,91,212
1970-01-01 00:00:00.000000215,3877.6013,91,212
1970-01-01 00:00:00.000000216,3878.4277,91,212
1970-01-01 00:00:00.000000214,3874.423,91,213
1970-01-01 00:00:00.000000215,3877.415,91,213
1970-01-01 00:00:00.000000216,3873.965,91,213
1970-01-01 00:00:00.000000217,3872.0796,91,213
1970-01-01 00:00:00.000000215,3888.626,91,214
1970-01-01 00:00:00.000000216,3888.2358,91,214
1970-01-01 00:00:00.000000217,3892.842,91,214
1970-01-01 00:00:00.000000218,3888.1016,91,214
1970-01-01 00:00:00.000000216,3879.7327,91,215
1970-01-01 00:00:00.000000217,3877.3423,91,215
1970-01-01 00:00:00.000000218,3864.6086,91,215
1970-01-01 00:00:00.000000219,3861.889,91,215
1970-01-01 00:00:00.000000217,3863.499,91,216
1970-01-01 00:00:00.000000218,3850.576,91,216
1970-01-01 00:00:00.000000219,3843.63,91,216
1970-01-01 00:00:00.000000220,3842.2878,91,216
1970-01-01 00:00:00.000000218,3873.8748,91,217
1970-01-01 00:00:00.000000219,3865.7395,91,217
1970-01-01 00:00:00.000000220,3867.5833,91,217
1970-01-01 00:00:00.000000221,3858.1426,91,217
1970-01-01 00:00:00.000000219,3879.0447,91,218
1970-01-01 00:00:00.000000220,3883.6375,91,218
1970-01-01 00:00:00.000000221,3879.2417,91,218
1970-01-01 00:00:00.000000222,3870.0374,91,218
1970-01-01 00:00:00.000000220,3872.395,91,219
1970-01-01 00:00:00.000000221,3865.1929,91,219
1970-01-01 00:00:00.000000222,3854.2627,91,219
1970-01-01 00:00:00.000000223,3854.263,91,219
1970-01-01 00:00:00.000000221,3903.1287,91,220
1970-01-01 00:00:00.000000222,3898.3923,91,220
1970-01-01 00:00:00.000000223,3909.064,91,220
1970-01-01 00:00:00.000000224,3901.5042,91,220
1970-01-01 00:00:00.000000222,3906.524,91,221
1970-01-01 00:00:00.000000223,3911.9026,91,221
1970-01-01 00:00:00.000000224,3901.468,91,221
1970-01-01 00:00:00.000000225,3894.7751,91,221
1970-01-01 00:00:00.000000223,3895.1086,91,222
1970-01-01 00:00:00.000000224,3885.9937,91,222
1970-01-01 00:00:00.000000225,3876.6238,91,222
1970-01-01 00:00:00.000000226,3878.4863,91,222
1970-01-01 00:00:00.000000224,3929.8228,91,223
1970-01-01 00:00:00.000000225,3923.677,91,223
1970-01-01 00:00:00.000000226,3935.4272,91,223
1970-01-01 00:00:00.000000227,3925.9534,91,223
1970-01-01 00:00:00.000000225,3918.8125,91,224
1970-01-01 00:00:00.000000226,3935.8523,91,224
1970-01-01 00:00:00.000000227,3927.3389,91,224
1970-01-01 00:00:00.000000228,3925.7358,91,224
1970-01-01 00:00:00.000000226,3902.1655,91,225
1970-01-01 00:00:00.000000227,3880.0933,91,225
1970-01-01 00:00:00.000000228,3869.3496,91,225
1970-01-01 00:00:00.000000229,3875.4587,91,225
1970-01-01 00:00:00.000000227,3891.6084,91,226
1970-01-01 00:00:00.000000228,3879.426,91,226
1970-01-01 00:00:00.000000229,3882.2197,91,226
1970-01-01 00:00:00.000000230,3881.2898,91,226
1970-01-01 00:00:00.000000228,3846.4106,91,227
1970-01-01 00:00:00.000000229,3838.6858,91,227
1970-01-01 00:00:00.000000230,3820.9177,91,227
1970-01-01 00:00:00.000000231,3829.6404,91,227
1970-01-01 00:00:00.000000229,3800.8708,91,228
1970-01-01 00:00:00.000000230,3778.9565,91,228
1970-01-01 00:00:00.000000231,3773.7024,91,228
1970-01-01 00:00:00.000000232,3785.317,91,228
1970-01-01 00:00:00.000000230,3806.718,91,229
1970-01-01 00:00:00.000000231,3805.8716,91,229
1970-01-01 00:00:00.000000232,3825.3743,91,229
1970-01-01 00:00:00.000000233,3824.9746,91,229
1970-01-01 00:00:00.000000231,3802.0544,91,230
1970-01-01 00:00:00.000000232,3820.9788,91,230
1970-01-01 00:00:00.000000233,3823.1807,91,230
1970-01-01 00:00:00.000000234,3824.4856,91,230
1970-01-01 00:00:00.000000232,3833.503,91,231
1970-01-01 00:00:00.000000233,3841.9102,91,231
1970-01-01 00:00:00.000000234,3859.9172,91,231
1970-01-01 00:00:00.000000235,3866.7668,91,231
1970-01-01 00:00:00.000000233,3884.9868,91,232
1970-01-01 00:00:00.000000234,3914.5518,91,232
1970-01-01 00:00:00.000000235,3939.3862,91,232
1970-01-01 00:00:00.000000236,3943.201,91,232
1970-01-01 00:00:00.000000234,3887.5293,91,233
1970-01-01 00:00:00.000000235,3910.2708,91,233
1970-01-01 00:00:00.000000236,3907.5327,91,233
1970-01-01 00:00:00.000000237,3921.6453,91,233
1970-01-01 00:00:00.000000235,3905.5103,91,234
1970-01-01 00:00:00.000000236,3906.8557,91,234
1970-01-01 00:00:00.000000237,3923.8293,91,234
1970-01-01 00:00:00.000000238,3933.2427,91,234
1970-01-01 00:00:00.000000236,3935.4302,91,235
1970-01-01 00:00:00.000000237,3953.2173,91,235
1970-01-01 00:00:00.000000238,3967.967,91,235
1970-01-01 00:00:00.000000239,3960.884,91,235
1970-01-01 00:00:00.000000237,3960.9119,91,236
1970-01-01 00:00:00.000000238,3975.6155,91,236
1970-01-01 00:00:00.000000239,3975.0874,91,236
1970-01-01 00:00:00.000000240,3968.3823,91,236
1970-01-01 00:00:00.000000238,3978.218,91,237
1970-01-01 00:00:00.000000239,3973.789,91,237
1970-01-01 00:00:00.000000240,3967.2178,91,237
1970-01-01 00:00:00.000000241,3960.3313,91,237
1970-01-01 00:00:00.000000239,3965.5947,91,238
1970-01-01 00:00:00.000000240,3953.2512,91,238
1970-01-01 00:00:00.000000241,3934.2449,91,238
1970-01-01 00:00:00.000000242,3929.7412,91,238
1970-01-01 00:00:00.000000240,3917.0032,91,239
1970-01-01 00:00:00.000000241,3882.515,91,239
1970-01-01 00:00:00.000000242,3853.3318,91,239
1970-01-01 00:00:00.000000243,3846.9275,91,239
1970-01-01 00:00:00.000000241,3918.868,91,240
1970-01-01 00:00:00.000000242,3896.4033,91,240
1970-01-01 00:00:00.000000243,3897.1733,91,240
1970-01-01 00:00:00.000000244,3879.232,91,240
1970-01-01 00:00:00.000000242,3938.225,91,241
1970-01-01 00:00:00.000000243,3945.2214,91,241
1970-01-01 00:00:00.000000244,3941.0469,91,241
1970-01-01 00:00:00.000000245,3924.1934,91,241
1970-01-01 00:00:00.000000243,3930.0388,91,242
1970-01-01 00:00:00.000000244,3930.0999,91,242
1970-01-01 00:00:00.000000245,3918.5999,91,242
1970-01-01 00:00:00.000000246,3919.3203,91,242
1970-01-01 00:00:00.000000244,3923.443,91,243
1970-01-01 00:00:00.000000245,3906.3774,91,243
1970-01-01 00:00:00.000000246,3903.2344,91,243
1970-01-01 00:00:00.000000247,3910.613,91,243
1970-01-01 00:00:00.000000245,3884.3513,91,244
1970-01-01 00:00:00.000000246,3873.451,91,244
1970-01-01 00:00:00.000000247,3864.7434,91,244
1970-01-01 00:00:00.000000248,3872.458,91,244
1970-01-01 00:00:00.000000246,3860.2644,91,245
1970-01-01 00:00:00.000000247,3845.881,91,245
1970-01-01 00:00:00.000000248,3846.7495,91,245
1970-01-01 00:00:00.000000249,3856.5398,91,245
1970-01-01 00:00:00.000000247,3891.8848,91,246
1970-01-01 00:00:00.000000248,3899.7903,91,246
1970-01-01 00:00:00.000000249,3925.8362,91,246
1970-01-01 00:00:00.000000250,3922.2527,91,246
1970-01-01 00:00:00.000000248,3930.6077,91,247
1970-01-01 00:00:00.000000249,3970.1882,91,247
1970-01-01 00:00:00.000000250,3986.6428,91,247
1970-01-01 00:00:00.000000251,3989.5461,91,247
1970-01-01 00:00:00.000000249,3987.6704,91,248
1970-01-01 00:00:00.000000250,4014.8423,91,248
1970-01-01 00:00:00.000000251,4035.829,91,248
1970-01-01 00:00:00.000000252,4045.204,91,248
1970-01-01 00:00:00.000000250,4003.9312,91,249
1970-01-01 00:00:00.000000251,4018.1262,91,249
1970-01-01 00:00:00.000000252,4020.3071,91,249
1970-01-01 00:00:00.000000253,4021.881,91,249
1970-01-01 00:00:00.000000251,3942.0654,91,250
1970-01-01 00:00:00.000000252,3920.8013,91,250
1970-01-01 00:00:00.000000253,3888.3025,91,250
1970-01-01 00:00:00.000000254,3898.8374,91,250
1970-01-01 00:00:00.000000252,3893.6926,91,251
1970-01-01 00:00:00.000000253,3843.049,91,251
1970-01-01 00:00:00.000000254,3828.5066,91,251
1970-01-01 00:00:00.000000255,3826.17,91,251
1970-01-01 00:00:00.000000253,3851.637,91,252
1970-01-01 00:00:00.000000254,3833.2673,91,252
1970-01-01 00:00:00.000000255,3819.5774,91,252
1970-01-01 00:00:00.000000256,3812.6372,91,252
1970-01-01 00:00:00.000000254,3826.8071,91,253
1970-01-01 00:00:00.000000255,3820.8499,91,253
1970-01-01 00:00:00.000000256,3819.4087,91,253
1970-01-01 00:00:00.000000257,3827.382,91,253
1970-01-01 00:00:00.000000255,3876.194,91,254
1970-01-01 00:00:00.000000256,3893.1743,91,254
1970-01-01 00:00:00.000000257,3931.4302,91,254
1970-01-01 00:00:00.000000258,3931.9678,91,254
1970-01-01 00:00:00.000000256,3926.6943,91,255
1970-01-01 00:00:00.000000257,3975.34,91,255
1970-01-01 00:00:00.000000258,3998.0757,91,255
1970-01-01 00:00:00.000000259,4001.4536,91,255
1970-01-01 00:00:00.000000257,3961.1882,91,256
1970-01-01 00:00:00.000000258,3985.249,91,256
1970-01-01 00:00:00.000000259,3997.4028,91,256
1970-01-01 00:00:00.000000260,4008.006,91,256
1970-01-01 00:00:00.000000258,4029.6343,91,257
1970-01-01 00:00:00.000000259,4044.8755,91,257
1970-01-01 00:00:00.000000260,4067.1123,91,257
1970-01-01 00:00:00.000000261,4060.3623,91,257
1970-01-01 00:00:00.000000259,4032.777,91,258
1970-01-01 00:00:00.000000260,4051.8213,91,258
1970-01-01 00:00:00.000000261,4035.6367,91,258
1970-01-01 00:00:00.000000262,4034.6274,91,258
1970-01-01 00:00:00.000000260,3995.4387,91,259
1970-01-01 00:00:00.000000261,3960.0378,91,259
1970-01-01 00:00:00.000000262,3934.1316,91,259
1970-01-01 00:00:00.000000263,3936.879,91,259
1970-01-01 00:00:00.000000261,3983.8127,91,260
1970-01-01 00:00:00.000000262,3957.3765,91,260
1970-01-01 00:00:00.000000263,3955.167,91,260
1970-01-01 00:00:00.000000264,3943.8792,91,260
1970-01-01 00:00:00.000000262,3940.0266,91,261
1970-01-01 00:00:00.000000263,3929.6433,91,261
1970-01-01 00:00:00.000000264,3904.8708,91,261
1970-01-01 00:00:00.000000265,3901.6057,91,261
1970-01-01 00:00:00.000000263,3929.3594,91,262
1970-01-01 00:00:00.000000264,3908.6,91,262
1970-01-01 00:00:00.000000265,3909.6323,91,262
1970-01-01 00:00:00.000000266,3906.378,91,262
1970-01-01 00:00:00.000000264,3953.0847,91,263
1970-01-01 00:00:00.000000265,3964.408,91,263
1970-01-01 00:00:00.000000266,3976.5642,91,263
1970-01-01 00:00:00.000000267,3965.5298,91,263
1970-01-01 00:00:00.000000265,3968.9055,91,264
1970-01-01 00:00:00.000000266,3987.0938,91,264
1970-01-01 00:00:00.000000267,3985.2703,91,264
1970-01-01 00:00:00.000000268,3982.2864,91,264
1970-01-01 00:00:00.000000009,5039.277,92,8
1970-01-01 00:00:00.000000010,5016.4717,92,8
1970-01-01 00:00:00.000000011,5013.295,92,8
1970-01-01 00:00:00.000000012,5015.2007,92,8
1970-01-01 00:00:00.000000010,5031.4487,92,9
1970-01-01 00:00:00.000000011,5026.0454,92,9
1970-01-01 00:00:00.000000012,5025.234,92,9
1970-01-01 00:00:00.000000013,5025.575,92,9
1970-01-01 00:00:00.000000011,5024.109,92,10
1970-01-01 00:00:00.000000012,5026.5474,92,10
1970-01-01 00:00:00.000000013,5028.0576,92,10
1970-01-01 00:00:00.000000014,5035.1274,92,10
1970-01-01 00:00:00.000000012,5033.0845,92,11
1970-01-01 00:00:00.000000013,5036.419,92,11
1970-01-01 00:00:00.000000014,5046.5547,92,11
1970-01-01 00:00:00.000000015,5049.928,92,11
1970-01-01 00:00:00.000000013,5035.986,92,12
1970-01-01 00:00:00.000000014,5045.5225,92,12
1970-01-01 00:00:00.000000015,5049.8184,92,12
1970-01-01 00:00:00.000000016,5047.078,92,12
1970-01-01 00:00:00.000000014,5046.972,92,13
1970-01-01 00:00:00.000000015,5055.1655,92,13
1970-01-01 00:00:00.000000016,5057.9897,92,13
1970-01-01 00:00:00.000000017,5056.2793,92,13
1970-01-01 00:00:00.000000015,5076.566,92,14
1970-01-01 00:00:00.000000016,5088.169,92,14
1970-01-01 00:00:00.000000017,5095.761,92,14
1970-01-01 00:00:00.000000018,5093.117,92,14
1970-01-01 00:00:00.000000016,5086.743,92,15
1970-01-01 00:00:00.000000017,5090.1787,92,15
1970-01-01 00:00:00.000000018,5086.0674,92,15
1970-01-01 00:00:00.000000019,5085.2905,92,15
1970-01-01 00:00:00.000000017,5072.535,92,16
1970-01-01 00:00:00.000000018,5069.4175,92,16
1970-01-01 00:00:00.000000019,5068.7397,92,16
1970-01-01 00:00:00.000000020,5075.29,92,16
1970-01-01 00:00:00.000000018,5072.983,92,17
1970-01-01 00:00:00.000000019,5068.9546,92,17
1970-01-01 00:00:00.000000020,5073.284,92,17
1970-01-01 00:00:00.000000021,5079.8423,92,17
1970-01-01 00:00:00.000000019,5073.5317,92,18
1970-01-01 00:00:00.000000020,5081.078,92,18
1970-01-01 00:00:00.000000021,5088.9824,92,18
1970-01-01 00:00:00.000000022,5093.4917,92,18
1970-01-01 00:00:00.000000020,5066.8657,92,19
1970-01-01 00:00:00.000000021,5069.9194,92,19
1970-01-01 00:00:00.000000022,5073.1045,92,19
1970-01-01 00:00:00.000000023,5079.28,92,19
1970-01-01 00:00:00.000000021,5068.768,92,20
1970-01-01 00:00:00.000000022,5071.5703,92,20
1970-01-01 00:00:00.000000023,5076.765,92,20
1970-01-01 00:00:00.000000024,5078.4424,92,20
1970-01-01 00:00:00.000000022,5068.77,92,21
1970-01-01 00:00:00.000000023,5073.3135,92,21
1970-01-01 00:00:00.000000024,5074.756,92,21
1970-01-01 00:00:00.000000025,5076.7534,92,21
1970-01-01 00:00:00.000000023,5051.997,92,22
1970-01-01 00:00:00.000000024,5053.063,92,22
1970-01-01 00:00:00.000000025,5051.862,92,22
1970-01-01 00:00:00.000000026,5059.8477,92,22
1970-01-01 00:00:00.000000024,5055.945,92,23
1970-01-01 00:00:00.000000025,5051.5205,92,23
1970-01-01 00:00:00.000000026,5056.571,92,23
1970-01-01 00:00:00.000000027,5056.1196,92,23
1970-01-01 00:00:00.000000025,5047.2944,92,24
1970-01-01 00:00:00.000000026,5050.7983,92,24
1970-01-01 00:00:00.000000027,5048.377,92,24
1970-01-01 00:00:00.000000028,5048.1226,92,24
1970-01-01 00:00:00.000000026,5060.815,92,25
1970-01-01 00:00:00.000000027,5065.8247,92,25
1970-01-01 00:00:00.000000028,5071.657,92,25
1970-01-01 00:00:00.000000029,5070.544,92,25
1970-01-01 00:00:00.000000027,5078.6274,92,26
1970-01-01 00:00:00.000000028,5082.1606,92,26
1970-01-01 00:00:00.000000029,5081.0977,92,26
1970-01-01 00:00:00.000000030,5075.3623,92,26
1970-01-01 00:00:00.000000028,5062.28,92,27
1970-01-01 00:00:00.000000029,5065.8506,92,27
1970-01-01 00:00:00.000000030,5062.2524,92,27
1970-01-01 00:00:00.000000031,5063.414,92,27
1970-01-01 00:00:00.000000029,5094.335,92,28
1970-01-01 00:00:00.000000030,5095.758,92,28
1970-01-01 00:00:00.000000031,5104.8994,92,28
1970-01-01 00:00:00.000000032,5102.0586,92,28
1970-01-01 00:00:00.000000030,5102.327,92,29
1970-01-01 00:00:00.000000031,5114.6074,92,29
1970-01-01 00:00:00.000000032,5113.5396,92,29
1970-01-01 00:00:00.000000033,5111.7935,92,29
1970-01-01 00:00:00.000000031,5087.967,92,30
1970-01-01 00:00:00.000000032,5081.6533,92,30
1970-01-01 00:00:00.000000033,5078.286,92,30
1970-01-01 00:00:00.000000034,5083.1367,92,30
1970-01-01 00:00:00.000000032,5104.348,92,31
1970-01-01 00:00:00.000000033,5103.2827,92,31
1970-01-01 00:00:00.000000034,5109.641,92,31
1970-01-01 00:00:00.000000035,5108.5225,92,31
1970-01-01 00:00:00.000000033,5097.1787,92,32
1970-01-01 00:00:00.000000034,5103.734,92,32
1970-01-01 00:00:00.000000035,5100.537,92,32
1970-01-01 00:00:00.000000036,5100.875,92,32
1970-01-01 00:00:00.000000034,5082.907,92,33
1970-01-01 00:00:00.000000035,5078.235,92,33
1970-01-01 00:00:00.000000036,5078.6123,92,33
1970-01-01 00:00:00.000000037,5082.52,92,33
1970-01-01 00:00:00.000000035,5087.354,92,34
1970-01-01 00:00:00.000000036,5082.6943,92,34
1970-01-01 00:00:00.000000037,5084.493,92,34
1970-01-01 00:00:00.000000038,5080.16,92,34
1970-01-01 00:00:00.000000036,5095.521,92,35
1970-01-01 00:00:00.000000037,5107.691,92,35
1970-01-01 00:00:00.000000038,5113.231,92,35
1970-01-01 00:00:00.000000039,5113.04,92,35
1970-01-01 00:00:00.000000037,5092.452,92,36
1970-01-01 00:00:00.000000038,5104.1035,92,36
1970-01-01 00:00:00.000000039,5108.179,92,36
1970-01-01 00:00:00.000000040,5121.275,92,36
1970-01-01 00:00:00.000000038,5106.209,92,37
1970-01-01 00:00:00.000000039,5113.3867,92,37
1970-01-01 00:00:00.000000040,5128.42,92,37
1970-01-01 00:00:00.000000041,5134.3193,92,37
1970-01-01 00:00:00.000000039,5097.51,92,38
1970-01-01 00:00:00.000000040,5097.5405,92,38
1970-01-01 00:00:00.000000041,5095.1143,92,38
1970-01-01 00:00:00.000000042,5093.19,92,38
1970-01-01 00:00:00.000000040,5081.362,92,39
1970-01-01 00:00:00.000000041,5069.958,92,39
1970-01-01 00:00:00.000000042,5061.6523,92,39
1970-01-01 00:00:00.000000043,5059.5605,92,39
1970-01-01 00:00:00.000000041,5097.7515,92,40
1970-01-01 00:00:00.000000042,5083.8604,92,40
1970-01-01 00:00:00.000000043,5080.5547,92,40
1970-01-01 00:00:00.000000044,5074.943,92,40
1970-01-01 00:00:00.000000042,5094.1445,92,41
1970-01-01 00:00:00.000000043,5089.9077,92,41
1970-01-01 00:00:00.000000044,5082.4585,92,41
1970-01-01 00:00:00.000000045,5080.3433,92,41
1970-01-01 00:00:00.000000043,5108.892,92,42
1970-01-01 00:00:00.000000044,5100.993,92,42
1970-01-01 00:00:00.000000045,5101.409,92,42
1970-01-01 00:00:00.000000046,5102.0356,92,42
1970-01-01 00:00:00.000000044,5125.9375,92,43
1970-01-01 00:00:00.000000045,5129.351,92,43
1970-01-01 00:00:00.000000046,5131.749,92,43
1970-01-01 00:00:00.000000047,5131.6694,92,43
1970-01-01 00:00:00.000000045,5130.2773,92,44
1970-01-01 00:00:00.000000046,5135.528,92,44
1970-01-01 00:00:00.000000047,5136.9766,92,44
1970-01-01 00:00:00.000000048,5138.2036,92,44
1970-01-01 00:00:00.000000046,5141.217,92,45
1970-01-01 00:00:00.000000047,5144.321,92,45
1970-01-01 00:00:00.000000048,5148.325,92,45
1970-01-01 00:00:00.000000049,5148.7544,92,45
1970-01-01 00:00:00.000000047,5148.7905,92,46
1970-01-01 00:00:00.000000048,5151.416,92,46
1970-01-01 00:00:00.000000049,5151.108,92,46
1970-01-01 00:00:00.000000050,5144.011,92,46
1970-01-01 00:00:00.000000048,5163.433,92,47
1970-01-01 00:00:00.000000049,5164.8794,92,47
1970-01-01 00:00:00.000000050,5161.9995,92,47
1970-01-01 00:00:00.000000051,5156.0337,92,47
1970-01-01 00:00:00.000000049,5177.708,92,48
1970-01-01 00:00:00.000000050,5174.613,92,48
1970-01-01 00:00:00.000000051,5169.3584,92,48
1970-01-01 00:00:00.000000052,5156.5293,92,48
1970-01-01 00:00:00.000000050,5189.4214,92,49
1970-01-01 00:00:00.000000051,5195.475,92,49
1970-01-01 00:00:00.000000052,5195.2627,92,49
1970-01-01 00:00:00.000000053,5197.965,92,49
1970-01-01 00:00:00.000000051,5167.6763,92,50
1970-01-01 00:00:00.000000052,5159.812,92,50
1970-01-01 00:00:00.000000053,5155.181,92,50
1970-01-01 00:00:00.000000054,5166.2236,92,50
1970-01-01 00:00:00.000000052,5158.401,92,51
1970-01-01 00:00:00.000000053,5151.553,92,51
1970-01-01 00:00:00.000000054,5160.535,92,51
1970-01-01 00:00:00.000000055,5165.6904,92,51
1970-01-01 00:00:00.000000053,5155.5664,92,52
1970-01-01 00:00:00.000000054,5166.511,92,52
1970-01-01 00:00:00.000000055,5176.0903,92,52
1970-01-01 00:00:00.000000056,5192.059,92,52
1970-01-01 00:00:00.000000054,5138.2236,92,53
1970-01-01 00:00:00.000000055,5143.0396,92,53
1970-01-01 00:00:00.000000056,5149.7363,92,53
1970-01-01 00:00:00.000000057,5155.7207,92,53
1970-01-01 00:00:00.000000055,5162.0576,92,54
1970-01-01 00:00:00.000000056,5176.1396,92,54
1970-01-01 00:00:00.000000057,5188.388,92,54
1970-01-01 00:00:00.000000058,5187.062,92,54
1970-01-01 00:00:00.000000056,5151.0786,92,55
1970-01-01 00:00:00.000000057,5151.696,92,55
1970-01-01 00:00:00.000000058,5142.1064,92,55
1970-01-01 00:00:00.000000059,5141.4575,92,55
1970-01-01 00:00:00.000000009,3810.7927,93,8
1970-01-01 00:00:00.000000010,3820.3994,93,8
1970-01-01 00:00:00.000000011,3816.907,93,8
1970-01-01 00:00:00.000000012,3810.5906,93,8
1970-01-01 00:00:00.000000010,3826.0168,93,9
1970-01-01 00:00:00.000000011,3823.364,93,9
1970-01-01 00:00:00.000000012,3819.948,93,9
1970-01-01 00:00:00.000000013,3817.2554,93,9
1970-01-01 00:00:00.000000011,3825.3071,93,10
1970-01-01 00:00:00.000000012,3814.7815,93,10
1970-01-01 00:00:00.000000013,3806.9678,93,10
1970-01-01 00:00:00.000000014,3794.1997,93,10
1970-01-01 00:00:00.000000012,3814.247,93,11
1970-01-01 00:00:00.000000013,3805.533,93,11
1970-01-01 00:00:00.000000014,3786.758,93,11
1970-01-01 00:00:00.000000015,3774.548,93,11
1970-01-01 00:00:00.000000013,3814.9766,93,12
1970-01-01 00:00:00.000000014,3799.0566,93,12
1970-01-01 00:00:00.000000015,3790.0874,93,12
1970-01-01 00:00:00.000000016,3784.8042,93,12
1970-01-01 00:00:00.000000014,3809.626,93,13
1970-01-01 00:00:00.000000015,3802.0698,93,13
1970-01-01 00:00:00.000000016,3798.9697,93,13
1970-01-01 00:00:00.000000017,3789.279,93,13
1970-01-01 00:00:00.000000015,3795.2578,93,14
1970-01-01 00:00:00.000000016,3791.891,93,14
1970-01-01 00:00:00.000000017,3781.9258,93,14
1970-01-01 00:00:00.000000018,3784.7793,93,14
1970-01-01 00:00:00.000000016,3791.657,93,15
1970-01-01 00:00:00.000000017,3779.097,93,15
1970-01-01 00:00:00.000000018,3780.2195,93,15
1970-01-01 00:00:00.000000019,3781.2317,93,15
1970-01-01 00:00:00.000000017,3792.5002,93,16
1970-01-01 00:00:00.000000018,3791.9346,93,16
1970-01-01 00:00:00.000000019,3793.1326,93,16
1970-01-01 00:00:00.000000020,3787.8667,93,16
1970-01-01 00:00:00.000000018,3780.705,93,17
1970-01-01 00:00:00.000000019,3776.7776,93,17
1970-01-01 00:00:00.000000020,3765.184,93,17
1970-01-01 00:00:00.000000021,3765.7405,93,17
1970-01-01 00:00:00.000000019,3799.9573,93,18
1970-01-01 00:00:00.000000020,3796.579,93,18
1970-01-01 00:00:00.000000021,3805.4104,93,18
1970-01-01 00:00:00.000000022,3799.843,93,18
1970-01-01 00:00:00.000000020,3805.7131,93,19
1970-01-01 00:00:00.000000021,3811.8752,93,19
1970-01-01 00:00:00.000000022,3804.9265,93,19
1970-01-01 00:00:00.000000023,3799.2983,93,19
1970-01-01 00:00:00.000000021,3793.8647,93,20
1970-01-01 00:00:00.000000022,3785.845,93,20
1970-01-01 00:00:00.000000023,3778.4656,93,20
1970-01-01 00:00:00.000000024,3778.4402,93,20
1970-01-01 00:00:00.000000022,3816.0906,93,21
1970-01-01 00:00:00.000000023,3814.2327,93,21
1970-01-01 00:00:00.000000024,3824.1775,93,21
1970-01-01 00:00:00.000000025,3819.6533,93,21
1970-01-01 00:00:00.000000023,3820.4521,93,22
1970-01-01 00:00:00.000000024,3832.149,93,22
1970-01-01 00:00:00.000000025,3826.6794,93,22
1970-01-01 00:00:00.000000026,3821.6167,93,22
1970-01-01 00:00:00.000000024,3818.5679,93,23
1970-01-01 00:00:00.000000025,3812.9094,93,23
1970-01-01 00:00:00.000000026,3807.2751,93,23
1970-01-01 00:00:00.000000027,3806.8381,93,23
1970-01-01 00:00:00.000000025,3826.4443,93,24
1970-01-01 00:00:00.000000026,3815.6267,93,24
1970-01-01 00:00:00.000000027,3813.3057,93,24
1970-01-01 00:00:00.000000028,3803.542,93,24
1970-01-01 00:00:00.000000026,3813.6938,93,25
1970-01-01 00:00:00.000000027,3813.8738,93,25
1970-01-01 00:00:00.000000028,3803.568,93,25
1970-01-01 00:00:00.000000029,3793.383,93,25
1970-01-01 00:00:00.000000027,3811.0618,93,26
1970-01-01 00:00:00.000000028,3802.8792,93,26
1970-01-01 00:00:00.000000029,3793.47,93,26
1970-01-01 00:00:00.000000030,3793.0815,93,26
1970-01-01 00:00:00.000000028,3815.4453,93,27
1970-01-01 00:00:00.000000029,3809.8176,93,27
1970-01-01 00:00:00.000000030,3812.6235,93,27
1970-01-01 00:00:00.000000031,3807.1853,93,27
1970-01-01 00:00:00.000000029,3788.8496,93,28
1970-01-01 00:00:00.000000030,3778.7012,93,28
1970-01-01 00:00:00.000000031,3758.9402,93,28
1970-01-01 00:00:00.000000032,3747.7603,93,28
1970-01-01 00:00:00.000000030,3780.3198,93,29
1970-01-01 00:00:00.000000031,3761.6633,93,29
1970-01-01 00:00:00.000000032,3750.9785,93,29
1970-01-01 00:00:00.000000033,3743.5625,93,29
1970-01-01 00:00:00.000000031,3782.976,93,30
1970-01-01 00:00:00.000000032,3774.7566,93,30
1970-01-01 00:00:00.000000033,3773.1436,93,30
1970-01-01 00:00:00.000000034,3758.1655,93,30
1970-01-01 00:00:00.000000032,3776.3584,93,31
1970-01-01 00:00:00.000000033,3775.5369,93,31
1970-01-01 00:00:00.000000034,3758.925,93,31
1970-01-01 00:00:00.000000035,3750.3254,93,31
1970-01-01 00:00:00.000000033,3785.2815,93,32
1970-01-01 00:00:00.000000034,3774.3572,93,32
1970-01-01 00:00:00.000000035,3774.4893,93,32
1970-01-01 00:00:00.000000036,3773.999,93,32
1970-01-01 00:00:00.000000034,3771.5093,93,33
1970-01-01 00:00:00.000000035,3773.5825,93,33
1970-01-01 00:00:00.000000036,3771.9702,93,33
1970-01-01 00:00:00.000000037,3769.2341,93,33
1970-01-01 00:00:00.000000035,3760.7937,93,34
1970-01-01 00:00:00.000000036,3755.9355,93,34
1970-01-01 00:00:00.000000037,3749.8726,93,34
1970-01-01 00:00:00.000000038,3755.4333,93,34
1970-01-01 00:00:00.000000036,3775.4458,93,35
1970-01-01 00:00:00.000000037,3776.768,93,35
1970-01-01 00:00:00.000000038,3790.085,93,35
1970-01-01 00:00:00.000000039,3789.445,93,35
1970-01-01 00:00:00.000000037,3792.025,93,36
1970-01-01 00:00:00.000000038,3806.6042,93,36
1970-01-01 00:00:00.000000039,3807.622,93,36
1970-01-01 00:00:00.000000040,3795.8455,93,36
1970-01-01 00:00:00.000000038,3790.591,93,37
1970-01-01 00:00:00.000000039,3789.119,93,37
1970-01-01 00:00:00.000000040,3773.9497,93,37
1970-01-01 00:00:00.000000041,3767.5044,93,37
1970-01-01 00:00:00.000000039,3787.6138,93,38
1970-01-01 00:00:00.000000040,3770.449,93,38
1970-01-01 00:00:00.000000041,3765.3325,93,38
1970-01-01 00:00:00.000000042,3748.4282,93,38
1970-01-01 00:00:00.000000040,3776.2214,93,39
1970-01-01 00:00:00.000000041,3766.0488,93,39
1970-01-01 00:00:00.000000042,3747.8345,93,39
1970-01-01 00:00:00.000000043,3731.7231,93,39
1970-01-01 00:00:00.000000041,3765.2195,93,40
1970-01-01 00:00:00.000000042,3750.2542,93,40
1970-01-01 00:00:00.000000043,3735.3135,93,40
1970-01-01 00:00:00.000000044,3737.9612,93,40
1970-01-01 00:00:00.000000042,3794.016,93,41
1970-01-01 00:00:00.000000043,3787.5964,93,41
1970-01-01 00:00:00.000000044,3799.232,93,41
1970-01-01 00:00:00.000000045,3794.7427,93,41
1970-01-01 00:00:00.000000043,3794.2793,93,42
1970-01-01 00:00:00.000000044,3807.1277,93,42
1970-01-01 00:00:00.000000045,3798.421,93,42
1970-01-01 00:00:00.000000046,3792.7605,93,42
1970-01-01 00:00:00.000000044,3774.7402,93,43
1970-01-01 00:00:00.000000045,3762.7864,93,43
1970-01-01 00:00:00.000000046,3752.6987,93,43
1970-01-01 00:00:00.000000047,3749.0857,93,43
1970-01-01 00:00:00.000000045,3780.69,93,44
1970-01-01 00:00:00.000000046,3771.9094,93,44
1970-01-01 00:00:00.000000047,3775.4202,93,44
1970-01-01 00:00:00.000000048,3760.7205,93,44
1970-01-01 00:00:00.000000046,3761.0857,93,45
1970-01-01 00:00:00.000000047,3758.438,93,45
1970-01-01 00:00:00.000000048,3737.2505,93,45
1970-01-01 00:00:00.000000049,3731.8577,93,45
1970-01-01 00:00:00.000000009,5092.3267,94,8
1970-01-01 00:00:00.000000010,5101.0356,94,8
1970-01-01 00:00:00.000000011,5110.4585,94,8
1970-01-01 00:00:00.000000012,5123.6797,94,8
1970-01-01 00:00:00.000000010,5079.7046,94,9
1970-01-01 00:00:00.000000011,5088.7046,94,9
1970-01-01 00:00:00.000000012,5102.4033,94,9
1970-01-01 00:00:00.000000013,5105.92,94,9
1970-01-01 00:00:00.000000011,5085.0703,94,10
1970-01-01 00:00:00.000000012,5099.6836,94,10
1970-01-01 00:00:00.000000013,5113.009,94,10
1970-01-01 00:00:00.000000014,5121.685,94,10
1970-01-01 00:00:00.000000012,5095.349,94,11
1970-01-01 00:00:00.000000013,5105.8267,94,11
1970-01-01 00:00:00.000000014,5115.6143,94,11
1970-01-01 00:00:00.000000015,5130.994,94,11
1970-01-01 00:00:00.000000009,3699.8545,95,8
1970-01-01 00:00:00.000000010,3715.809,95,8
1970-01-01 00:00:00.000000011,3718.7498,95,8
1970-01-01 00:00:00.000000012,3722.545,95,8
1970-01-01 00:00:00.000000010,3683.0022,95,9
1970-01-01 00:00:00.000000011,3678.2515,95,9
1970-01-01 00:00:00.000000012,3680.3896,95,9
1970-01-01 00:00:00.000000013,3688.78,95,9
1970-01-01 00:00:00.000000011,3690.8105,95,10
1970-01-01 00:00:00.000000012,3693.9734,95,10
1970-01-01 00:00:00.000000013,3704.5093,95,10
1970-01-01 00:00:00.000000014,3710.6208,95,10
1970-01-01 00:00:00.000000012,3685.7976,95,11
1970-01-01 00:00:00.000000013,3691.8496,95,11
1970-01-01 00:00:00.000000014,3690.494,95,11
1970-01-01 00:00:00.000000015,3696.7092,95,11
1970-01-01 00:00:00.000000013,3678.1528,95,12
1970-01-01 00:00:00.000000014,3675.1472,95,12
1970-01-01 00:00:00.000000015,3678.3652,95,12
1970-01-01 00:00:00.000000016,3684.828,95,12
1970-01-01 00:00:00.000000014,3678.5237,95,13
1970-01-01 00:00:00.000000015,3677.4888,95,13
1970-01-01 00:00:00.000000016,3679.6104,95,13
1970-01-01 00:00:00.000000017,3679.5586,95,13
1970-01-01 00:00:00.000000015,3649.4043,95,14
1970-01-01 00:00:00.000000016,3643.3342,95,14
1970-01-01 00:00:00.000000017,3629.7888,95,14
1970-01-01 00:00:00.000000018,3627.6187,95,14
1970-01-01 00:00:00.000000016,3665.4683,95,15
1970-01-01 00:00:00.000000017,3664.3499,95,15
1970-01-01 00:00:00.000000018,3679.0264,95,15
1970-01-01 00:00:00.000000019,3685.071,95,15
1970-01-01 00:00:00.000000017,3687.9717,95,16
1970-01-01 00:00:00.000000018,3732.0322,95,16
1970-01-01 00:00:00.000000019,3762.1555,95,16
1970-01-01 00:00:00.000000020,3778.3777,95,16
1970-01-01 00:00:00.000000018,3692.1895,95,17
1970-01-01 00:00:00.000000019,3718.4644,95,17
1970-01-01 00:00:00.000000020,3731.5264,95,17
1970-01-01 00:00:00.000000021,3743.7786,95,17
1970-01-01 00:00:00.000000019,3721.3442,95,18
1970-01-01 00:00:00.000000020,3740.5203,95,18
1970-01-01 00:00:00.000000021,3760.8286,95,18
1970-01-01 00:00:00.000000022,3737.831,95,18
1970-01-01 00:00:00.000000020,3717.5269,95,19
1970-01-01 00:00:00.000000021,3737.1538,95,19
1970-01-01 00:00:00.000000022,3714.9666,95,19
1970-01-01 00:00:00.000000023,3671.8145,95,19
1970-01-01 00:00:00.000000021,3686.0684,95,20
1970-01-01 00:00:00.000000022,3664.0525,95,20
1970-01-01 00:00:00.000000023,3618.9536,95,20
1970-01-01 00:00:00.000000024,3586.084,95,20
1970-01-01 00:00:00.000000022,3617.9229,95,21
1970-01-01 00:00:00.000000023,3555.2886,95,21
1970-01-01 00:00:00.000000024,3496.6777,95,21
1970-01-01 00:00:00.000000025,3454.8474,95,21
1970-01-01 00:00:00.000000023,3568.239,95,22
1970-01-01 00:00:00.000000024,3528.3555,95,22
1970-01-01 00:00:00.000000025,3493.789,95,22
1970-01-01 00:00:00.000000026,3487.619,95,22
1970-01-01 00:00:00.000000024,3495.6365,95,23
1970-01-01 00:00:00.000000025,3457.607,95,23
1970-01-01 00:00:00.000000026,3438.7922,95,23
1970-01-01 00:00:00.000000027,3447.5723,95,23
1970-01-01 00:00:00.000000025,3454.7163,95,24
1970-01-01 00:00:00.000000026,3425.9897,95,24
1970-01-01 00:00:00.000000027,3425.3303,95,24
1970-01-01 00:00:00.000000028,3422.0037,95,24
1970-01-01 00:00:00.000000026,3453.783,95,25
1970-01-01 00:00:00.000000027,3460.865,95,25
1970-01-01 00:00:00.000000028,3467.2256,95,25
1970-01-01 00:00:00.000000029,3461.1814,95,25
1970-01-01 00:00:00.000000027,3476.034,95,26
1970-01-01 00:00:00.000000028,3493.7598,95,26
1970-01-01 00:00:00.000000029,3508.2205,95,26
1970-01-01 00:00:00.000000030,3512.301,95,26
1970-01-01 00:00:00.000000028,3528.7095,95,27
1970-01-01 00:00:00.000000029,3561.6113,95,27
1970-01-01 00:00:00.000000030,3587.3298,95,27
1970-01-01 00:00:00.000000031,3599.8875,95,27
1970-01-01 00:00:00.000000029,3524.368,95,28
1970-01-01 00:00:00.000000030,3541.6633,95,28
1970-01-01 00:00:00.000000031,3545.1187,95,28
1970-01-01 00:00:00.000000032,3558.7722,95,28
1970-01-01 00:00:00.000000030,3540.4895,95,29
1970-01-01 00:00:00.000000031,3544.2905,95,29
1970-01-01 00:00:00.000000032,3565.0054,95,29
1970-01-01 00:00:00.000000033,3582.3376,95,29
1970-01-01 00:00:00.000000031,3560.0847,95,30
1970-01-01 00:00:00.000000032,3582.6135,95,30
1970-01-01 00:00:00.000000033,3602.0203,95,30
1970-01-01 00:00:00.000000034,3614.2861,95,30
1970-01-01 00:00:00.000000032,3564.7927,95,31
1970-01-01 00:00:00.000000033,3578.6614,95,31
1970-01-01 00:00:00.000000034,3582.9912,95,31
1970-01-01 00:00:00.000000035,3599.3,95,31
1970-01-01 00:00:00.000000033,3596.459,95,32
1970-01-01 00:00:00.000000034,3599.104,95,32
1970-01-01 00:00:00.000000035,3620.5398,95,32
1970-01-01 00:00:00.000000036,3629.8098,95,32
1970-01-01 00:00:00.000000034,3598.4756,95,33
1970-01-01 00:00:00.000000035,3615.3274,95,33
1970-01-01 00:00:00.000000036,3623.9253,95,33
1970-01-01 00:00:00.000000037,3632.032,95,33
1970-01-01 00:00:00.000000035,3599.4739,95,34
1970-01-01 00:00:00.000000036,3601.4104,95,34
1970-01-01 00:00:00.000000037,3602.57,95,34
1970-01-01 00:00:00.000000038,3618.1978,95,34
1970-01-01 00:00:00.000000036,3617.4182,95,35
1970-01-01 00:00:00.000000037,3618.202,95,35
1970-01-01 00:00:00.000000038,3633.7725,95,35
1970-01-01 00:00:00.000000039,3641.5657,95,35
1970-01-01 00:00:00.000000037,3629.2627,95,36
1970-01-01 00:00:00.000000038,3644.3376,95,36
1970-01-01 00:00:00.000000039,3652.6667,95,36
1970-01-01 00:00:00.000000040,3652.994,95,36
1970-01-01 00:00:00.000000038,3620.5464,95,37
1970-01-01 00:00:00.000000039,3627.1821,95,37
1970-01-01 00:00:00.000000040,3619.956,95,37
1970-01-01 00:00:00.000000041,3628.772,95,37
1970-01-01 00:00:00.000000039,3629.2493,95,38
1970-01-01 00:00:00.000000040,3624.0977,95,38
1970-01-01 00:00:00.000000041,3634.5024,95,38
1970-01-01 00:00:00.000000042,3637.033,95,38
1970-01-01 00:00:00.000000040,3630.9548,95,39
1970-01-01 00:00:00.000000041,3646.5469,95,39
1970-01-01 00:00:00.000000042,3653.3423,95,39
1970-01-01 00:00:00.000000043,3653.3982,95,39
1970-01-01 00:00:00.000000041,3623.8064,95,40
1970-01-01 00:00:00.000000042,3622.9866,95,40
1970-01-01 00:00:00.000000043,3619.0696,95,40
1970-01-01 00:00:00.000000044,3625.135,95,40
1970-01-01 00:00:00.000000042,3651.314,95,41
1970-01-01 00:00:00.000000043,3651.1763,95,41
1970-01-01 00:00:00.000000044,3666.7483,95,41
1970-01-01 00:00:00.000000045,3663.5415,95,41
1970-01-01 00:00:00.000000043,3653.188,95,42
1970-01-01 00:00:00.000000044,3666.5544,95,42
1970-01-01 00:00:00.000000045,3658.6921,95,42
1970-01-01 00:00:00.000000046,3653.9463,95,42
1970-01-01 00:00:00.000000044,3654.2854,95,43
1970-01-01 00:00:00.000000045,3646.2354,95,43
1970-01-01 00:00:00.000000046,3639.121,95,43
1970-01-01 00:00:00.000000047,3644.8086,95,43
1970-01-01 00:00:00.000000045,3655.0957,95,44
1970-01-01 00:00:00.000000046,3653.3223,95,44
1970-01-01 00:00:00.000000047,3660.596,95,44
1970-01-01 00:00:00.000000048,3660.5422,95,44
1970-01-01 00:00:00.000000046,3639.415,95,45
1970-01-01 00:00:00.000000047,3644.7651,95,45
1970-01-01 00:00:00.000000048,3637.937,95,45
1970-01-01 00:00:00.000000049,3644.0503,95,45
1970-01-01 00:00:00.000000047,3651.436,95,46
1970-01-01 00:00:00.000000048,3652.3042,95,46
1970-01-01 00:00:00.000000049,3668.922,95,46
1970-01-01 00:00:00.000000050,3683.4836,95,46
1970-01-01 00:00:00.000000048,3663.0393,95,47
1970-01-01 00:00:00.000000049,3684.2693,95,47
1970-01-01 00:00:00.000000050,3705.4712,95,47
1970-01-01 00:00:00.000000051,3716.8992,95,47
1970-01-01 00:00:00.000000049,3656.9685,95,48
1970-01-01 00:00:00.000000050,3671.1882,95,48
1970-01-01 00:00:00.000000051,3675.3396,95,48
1970-01-01 00:00:00.000000052,3685.8652,95,48
1970-01-01 00:00:00.000000050,3664.2563,95,49
1970-01-01 00:00:00.000000051,3669.9011,95,49
1970-01-01 00:00:00.000000052,3684.5374,95,49
1970-01-01 00:00:00.000000053,3682.2969,95,49
1970-01-01 00:00:00.000000051,3678.0652,95,50
1970-01-01 00:00:00.000000052,3696.5525,95,50
1970-01-01 00:00:00.000000053,3701.5798,95,50
1970-01-01 00:00:00.000000054,3688.614,95,50
1970-01-01 00:00:00.000000052,3663.5413,95,51
1970-01-01 00:00:00.000000053,3663.3408,95,51
1970-01-01 00:00:00.000000054,3644.7842,95,51
1970-01-01 00:00:00.000000055,3634.616,95,51
1970-01-01 00:00:00.000000053,3645.6226,95,52
1970-01-01 00:00:00.000000054,3624.1836,95,52
1970-01-01 00:00:00.000000055,3612.153,95,52
1970-01-01 00:00:00.000000056,3603.3657,95,52
1970-01-01 00:00:00.000000054,3655.6667,95,53
1970-01-01 00:00:00.000000055,3661.6543,95,53
1970-01-01 00:00:00.000000056,3669.3699,95,53
1970-01-01 00:00:00.000000057,3680.2163,95,53
1970-01-01 00:00:00.000000055,3612.3142,95,54
1970-01-01 00:00:00.000000056,3604.5444,95,54
1970-01-01 00:00:00.000000057,3592.601,95,54
1970-01-01 00:00:00.000000058,3596.7988,95,54
1970-01-01 00:00:00.000000056,3618.8013,95,55
1970-01-01 00:00:00.000000057,3609.7988,95,55
1970-01-01 00:00:00.000000058,3623.196,95,55
1970-01-01 00:00:00.000000059,3622.0925,95,55
1970-01-01 00:00:00.000000057,3628.9387,95,56
1970-01-01 00:00:00.000000058,3647.4092,95,56
1970-01-01 00:00:00.000000059,3653.703,95,56
1970-01-01 00:00:00.000000060,3647.7427,95,56
1970-01-01 00:00:00.000000058,3637.6995,95,57
1970-01-01 00:00:00.000000059,3644.7148,95,57
1970-01-01 00:00:00.000000060,3643.7087,95,57
1970-01-01 00:00:00.000000061,3647.4355,95,57
1970-01-01 00:00:00.000000059,3664.2625,95,58
1970-01-01 00:00:00.000000060,3668.53,95,58
1970-01-01 00:00:00.000000061,3685.624,95,58
1970-01-01 00:00:00.000000062,3690.5222,95,58
1970-01-01 00:00:00.000000060,3655.305,95,59
1970-01-01 00:00:00.000000061,3668.9636,95,59
1970-01-01 00:00:00.000000062,3666.247,95,59
1970-01-01 00:00:00.000000063,3676.0886,95,59
1970-01-01 00:00:00.000000061,3650.81,95,60
1970-01-01 00:00:00.000000062,3641.2578,95,60
1970-01-01 00:00:00.000000063,3641.2012,95,60
1970-01-01 00:00:00.000000064,3650.4421,95,60
1970-01-01 00:00:00.000000062,3656.7097,95,61
1970-01-01 00:00:00.000000063,3650.5042,95,61
1970-01-01 00:00:00.000000064,3656.6252,95,61
1970-01-01 00:00:00.000000065,3654.0305,95,61
1970-01-01 00:00:00.000000063,3648.9104,95,62
1970-01-01 00:00:00.000000064,3645.04,95,62
1970-01-01 00:00:00.000000065,3630.8635,95,62
1970-01-01 00:00:00.000000066,3625.794,95,62
1970-01-01 00:00:00.000000064,3656.1348,95,63
1970-01-01 00:00:00.000000065,3641.715,95,63
1970-01-01 00:00:00.000000066,3633.6482,95,63
1970-01-01 00:00:00.000000067,3626.4343,95,63
1970-01-01 00:00:00.000000065,3668.8735,95,64
1970-01-01 00:00:00.000000066,3661.8389,95,64
1970-01-01 00:00:00.000000067,3656.8809,95,64
1970-01-01 00:00:00.000000068,3641.3132,95,64
1970-01-01 00:00:00.000000066,3645.235,95,65
1970-01-01 00:00:00.000000067,3638.1453,95,65
1970-01-01 00:00:00.000000068,3615.5579,95,65
1970-01-01 00:00:00.000000069,3602.0784,95,65
1970-01-01 00:00:00.000000067,3643.0964,95,66
1970-01-01 00:00:00.000000068,3624.1155,95,66
1970-01-01 00:00:00.000000069,3616.187,95,66
1970-01-01 00:00:00.000000070,3603.5154,95,66
1970-01-01 00:00:00.000000068,3646.807,95,67
1970-01-01 00:00:00.000000069,3641.0745,95,67
1970-01-01 00:00:00.000000070,3638.282,95,67
1970-01-01 00:00:00.000000071,3620.019,95,67
1970-01-01 00:00:00.000000069,3637.519,95,68
1970-01-01 00:00:00.000000070,3635.635,95,68
1970-01-01 00:00:00.000000071,3616.8286,95,68
1970-01-01 00:00:00.000000072,3611.2805,95,68
1970-01-01 00:00:00.000000070,3646.9458,95,69
1970-01-01 00:00:00.000000071,3633.3843,95,69
1970-01-01 00:00:00.000000072,3638.9766,95,69
1970-01-01 00:00:00.000000073,3636.1963,95,69
1970-01-01 00:00:00.000000071,3632.8218,95,70
1970-01-01 00:00:00.000000072,3633.9885,95,70
1970-01-01 00:00:00.000000073,3631.4294,95,70
1970-01-01 00:00:00.000000074,3630.199,95,70
1970-01-01 00:00:00.000000072,3611.6794,95,71
1970-01-01 00:00:00.000000073,3603.3616,95,71
1970-01-01 00:00:00.000000074,3593.1624,95,71
1970-01-01 00:00:00.000000075,3599.965,95,71
1970-01-01 00:00:00.000000073,3624.2668,95,72
1970-01-01 00:00:00.000000074,3616.6973,95,72
1970-01-01 00:00:00.000000075,3630.4258,95,72
1970-01-01 00:00:00.000000076,3630.5947,95,72
1970-01-01 00:00:00.000000074,3626.4233,95,73
1970-01-01 00:00:00.000000075,3638.2463,95,73
1970-01-01 00:00:00.000000076,3633.5203,95,73
1970-01-01 00:00:00.000000077,3631.5864,95,73
1970-01-01 00:00:00.000000075,3624.81,95,74
1970-01-01 00:00:00.000000076,3613.4424,95,74
1970-01-01 00:00:00.000000077,3603.7158,95,74
1970-01-01 00:00:00.000000078,3604.4626,95,74
1970-01-01 00:00:00.000000076,3630.8457,95,75
1970-01-01 00:00:00.000000077,3625.0051,95,75
1970-01-01 00:00:00.000000078,3629.037,95,75
1970-01-01 00:00:00.000000079,3624.0674,95,75
1970-01-01 00:00:00.000000077,3624.0735,95,76
1970-01-01 00:00:00.000000078,3623.6733,95,76
1970-01-01 00:00:00.000000079,3611.8794,95,76
1970-01-01 00:00:00.000000080,3607.4111,95,76
1970-01-01 00:00:00.000000078,3617.6472,95,77
1970-01-01 00:00:00.000000079,3606.2446,95,77
1970-01-01 00:00:00.000000080,3604.1208,95,77
1970-01-01 00:00:00.000000081,3600.9587,95,77
1970-01-01 00:00:00.000000079,3628.7708,95,78
1970-01-01 00:00:00.000000080,3632.4248,95,78
1970-01-01 00:00:00.000000081,3643.6716,95,78
1970-01-01 00:00:00.000000082,3637.9856,95,78
1970-01-01 00:00:00.000000080,3640.276,95,79
1970-01-01 00:00:00.000000081,3653.5356,95,79
1970-01-01 00:00:00.000000082,3651.2527,95,79
1970-01-01 00:00:00.000000083,3653.788,95,79
1970-01-01 00:00:00.000000081,3652.076,95,80
1970-01-01 00:00:00.000000082,3649.4165,95,80
1970-01-01 00:00:00.000000083,3655.3396,95,80
1970-01-01 00:00:00.000000084,3661.27,95,80
1970-01-01 00:00:00.000000082,3663.4739,95,81
1970-01-01 00:00:00.000000083,3664.6748,95,81
1970-01-01 00:00:00.000000084,3669.0693,95,81
1970-01-01 00:00:00.000000085,3668.0886,95,81
1970-01-01 00:00:00.000000083,3649.6074,95,82
1970-01-01 00:00:00.000000084,3644.6067,95,82
1970-01-01 00:00:00.000000085,3627.1377,95,82
1970-01-01 00:00:00.000000086,3625.5916,95,82
1970-01-01 00:00:00.000000084,3635.0173,95,83
1970-01-01 00:00:00.000000085,3616.7095,95,83
1970-01-01 00:00:00.000000086,3613.5483,95,83
1970-01-01 00:00:00.000000087,3608.7307,95,83
1970-01-01 00:00:00.000000085,3633.2769,95,84
1970-01-01 00:00:00.000000086,3628.4023,95,84
1970-01-01 00:00:00.000000087,3627.6345,95,84
1970-01-01 00:00:00.000000088,3620.9084,95,84
1970-01-01 00:00:00.000000086,3625.4487,95,85
1970-01-01 00:00:00.000000087,3625.8706,95,85
1970-01-01 00:00:00.000000088,3617.3318,95,85
1970-01-01 00:00:00.000000089,3620.03,95,85
1970-01-01 00:00:00.000000087,3638.8904,95,86
1970-01-01 00:00:00.000000088,3628.123,95,86
1970-01-01 00:00:00.000000089,3633.9114,95,86
1970-01-01 00:00:00.000000090,3630.5881,95,86
1970-01-01 00:00:00.000000088,3646.0378,95,87
1970-01-01 00:00:00.000000089,3652.2249,95,87
1970-01-01 00:00:00.000000090,3647.9062,95,87
1970-01-01 00:00:00.000000091,3638.2544,95,87
1970-01-01 00:00:00.000000089,3622.3904,95,88
1970-01-01 00:00:00.000000090,3613.1936,95,88
1970-01-01 00:00:00.000000091,3596.1257,95,88
1970-01-01 00:00:00.000000092,3592.5361,95,88
1970-01-01 00:00:00.000000090,3624.4924,95,89
1970-01-01 00:00:00.000000091,3606.0464,95,89
1970-01-01 00:00:00.000000092,3612.209,95,89
1970-01-01 00:00:00.000000093,3606.702,95,89
1970-01-01 00:00:00.000000091,3618.9253,95,90
1970-01-01 00:00:00.000000092,3625.257,95,90
1970-01-01 00:00:00.000000093,3624.5605,95,90
1970-01-01 00:00:00.000000094,3625.6282,95,90
1970-01-01 00:00:00.000000092,3616.5615,95,91
1970-01-01 00:00:00.000000093,3608.9338,95,91
1970-01-01 00:00:00.000000094,3605.0435,95,91
1970-01-01 00:00:00.000000095,3614.338,95,91
1970-01-01 00:00:00.000000093,3636.2078,95,92
1970-01-01 00:00:00.000000094,3631.426,95,92
1970-01-01 00:00:00.000000095,3645.8567,95,92
1970-01-01 00:00:00.000000096,3636.4817,95,92
1970-01-01 00:00:00.000000094,3619.1648,95,93
1970-01-01 00:00:00.000000095,3628.5974,95,93
1970-01-01 00:00:00.000000096,3610.959,95,93
1970-01-01 00:00:00.000000097,3595.1133,95,93
1970-01-01 00:00:00.000000095,3600.2693,95,94
1970-01-01 00:00:00.000000096,3582.481,95,94
1970-01-01 00:00:00.000000097,3573.2354,95,94
1970-01-01 00:00:00.000000098,3557.4949,95,94
1970-01-01 00:00:00.000000096,3621.5398,95,95
1970-01-01 00:00:00.000000097,3615.1548,95,95
1970-01-01 00:00:00.000000098,3611.7002,95,95
1970-01-01 00:00:00.000000099,3588.8962,95,95
1970-01-01 00:00:00.000000097,3612.1218,95,96
1970-01-01 00:00:00.000000098,3608.653,95,96
1970-01-01 00:00:00.000000099,3580.9463,95,96
1970-01-01 00:00:00.000000100,3565.6235,95,96
1970-01-01 00:00:00.000000098,3612.499,95,97
1970-01-01 00:00:00.000000099,3590.0166,95,97
1970-01-01 00:00:00.000000100,3579.717,95,97
1970-01-01 00:00:00.000000101,3575.941,95,97
1970-01-01 00:00:00.000000099,3619.2837,95,98
1970-01-01 00:00:00.000000100,3615.508,95,98
1970-01-01 00:00:00.000000101,3620.883,95,98
1970-01-01 00:00:00.000000102,3618.5935,95,98
1970-01-01 00:00:00.000000100,3593.3076,95,99
1970-01-01 00:00:00.000000101,3580.4036,95,99
1970-01-01 00:00:00.000000102,3563.8489,95,99
1970-01-01 00:00:00.000000103,3550.8896,95,99
1970-01-01 00:00:00.000000101,3582.3728,95,100
1970-01-01 00:00:00.000000102,3565.0295,95,100
1970-01-01 00:00:00.000000103,3558.4102,95,100
1970-01-01 00:00:00.000000104,3534.9272,95,100
1970-01-01 00:00:00.000000102,3575.3284,95,101
1970-01-01 00:00:00.000000103,3567.6016,95,101
1970-01-01 00:00:00.000000104,3558.1099,95,101
1970-01-01 00:00:00.000000105,3555.3025,95,101
1970-01-01 00:00:00.000000103,3554.5813,95,102
1970-01-01 00:00:00.000000104,3542.5994,95,102
1970-01-01 00:00:00.000000105,3529.9453,95,102
1970-01-01 00:00:00.000000106,3538.2659,95,102
1970-01-01 00:00:00.000000104,3551.1013,95,103
1970-01-01 00:00:00.000000105,3534.0327,95,103
1970-01-01 00:00:00.000000106,3538.998,95,103
1970-01-01 00:00:00.000000107,3537.9941,95,103
1970-01-01 00:00:00.000000105,3548.8523,95,104
1970-01-01 00:00:00.000000106,3545.76,95,104
1970-01-01 00:00:00.000000107,3537.9014,95,104
1970-01-01 00:00:00.000000108,3527.3948,95,104
1970-01-01 00:00:00.000000106,3558.5386,95,105
1970-01-01 00:00:00.000000107,3556.6199,95,105
1970-01-01 00:00:00.000000108,3551.4758,95,105
1970-01-01 00:00:00.000000109,3539.013,95,105
1970-01-01 00:00:00.000000107,3601.4475,95,106
1970-01-01 00:00:00.000000108,3607.8865,95,106
1970-01-01 00:00:00.000000109,3613.3127,95,106
1970-01-01 00:00:00.000000110,3600.9253,95,106
1970-01-01 00:00:00.000000108,3617.4336,95,107
1970-01-01 00:00:00.000000109,3628.6887,95,107
1970-01-01 00:00:00.000000110,3620.9194,95,107
1970-01-01 00:00:00.000000111,3614.2275,95,107
1970-01-01 00:00:00.000000109,3618.2688,95,108
1970-01-01 00:00:00.000000110,3606.3438,95,108
1970-01-01 00:00:00.000000111,3597.062,95,108
1970-01-01 00:00:00.000000112,3592.6675,95,108
1970-01-01 00:00:00.000000009,5199.305,96,8
1970-01-01 00:00:00.000000010,5208.843,96,8
1970-01-01 00:00:00.000000011,5222.8755,96,8
1970-01-01 00:00:00.000000012,5228.614,96,8
1970-01-01 00:00:00.000000010,5198.245,96,9
1970-01-01 00:00:00.000000011,5210.7207,96,9
1970-01-01 00:00:00.000000012,5220.516,96,9
1970-01-01 00:00:00.000000013,5229.0186,96,9
1970-01-01 00:00:00.000000011,5171.806,96,10
1970-01-01 00:00:00.000000012,5189.2354,96,10
1970-01-01 00:00:00.000000013,5212.9565,96,10
1970-01-01 00:00:00.000000014,5244.621,96,10
1970-01-01 00:00:00.000000012,5192.8076,96,11
1970-01-01 00:00:00.000000013,5216.2847,96,11
1970-01-01 00:00:00.000000014,5257.6455,96,11
1970-01-01 00:00:00.000000015,5293.845,96,11
1970-01-01 00:00:00.000000013,5193.8716,96,12
1970-01-01 00:00:00.000000014,5234.895,96,12
1970-01-01 00:00:00.000000015,5272.612,96,12
1970-01-01 00:00:00.000000016,5318.858,96,12
1970-01-01 00:00:00.000000014,5193.0703,96,13
1970-01-01 00:00:00.000000015,5217.7466,96,13
1970-01-01 00:00:00.000000016,5251.4204,96,13
1970-01-01 00:00:00.000000017,5292.91,96,13
1970-01-01 00:00:00.000000015,5221.1772,96,14
1970-01-01 00:00:00.000000016,5245.3467,96,14
1970-01-01 00:00:00.000000017,5272.4565,96,14
1970-01-01 00:00:00.000000018,5296.226,96,14
1970-01-01 00:00:00.000000016,5210.505,96,15
1970-01-01 00:00:00.000000017,5216.4355,96,15
1970-01-01 00:00:00.000000018,5213.003,96,15
1970-01-01 00:00:00.000000019,5223.27,96,15
1970-01-01 00:00:00.000000017,5208.4873,96,16
1970-01-01 00:00:00.000000018,5204.1553,96,16
1970-01-01 00:00:00.000000019,5199.8696,96,16
1970-01-01 00:00:00.000000020,5193.3135,96,16
1970-01-01 00:00:00.000000018,5217.9756,96,17
1970-01-01 00:00:00.000000019,5219.411,96,17
1970-01-01 00:00:00.000000020,5210.776,96,17
1970-01-01 00:00:00.000000021,5191.3374,96,17
1970-01-01 00:00:00.000000019,5201.4717,96,18
1970-01-01 00:00:00.000000020,5196.577,96,18
1970-01-01 00:00:00.000000021,5176.99,96,18
1970-01-01 00:00:00.000000022,5160.044,96,18
1970-01-01 00:00:00.000000020,5157.219,96,19
1970-01-01 00:00:00.000000021,5134.0635,96,19
1970-01-01 00:00:00.000000022,5118.28,96,19
1970-01-01 00:00:00.000000023,5091.738,96,19
1970-01-01 00:00:00.000000021,5139.1304,96,20
1970-01-01 00:00:00.000000022,5121.758,96,20
1970-01-01 00:00:00.000000023,5108.733,96,20
1970-01-01 00:00:00.000000024,5092.4854,96,20
1970-01-01 00:00:00.000000022,5136.4443,96,21
1970-01-01 00:00:00.000000023,5138.5684,96,21
1970-01-01 00:00:00.000000024,5138.5835,96,21
1970-01-01 00:00:00.000000025,5140.226,96,21
1970-01-01 00:00:00.000000023,5156.4473,96,22
1970-01-01 00:00:00.000000024,5157.621,96,22
1970-01-01 00:00:00.000000025,5159.243,96,22
1970-01-01 00:00:00.000000026,5150.6934,96,22
1970-01-01 00:00:00.000000024,5163.9937,96,23
1970-01-01 00:00:00.000000025,5161.3926,96,23
1970-01-01 00:00:00.000000026,5145.2007,96,23
1970-01-01 00:00:00.000000027,5126.385,96,23
1970-01-01 00:00:00.000000025,5123.352,96,24
1970-01-01 00:00:00.000000026,5098.9146,96,24
1970-01-01 00:00:00.000000027,5073.474,96,24
1970-01-01 00:00:00.000000028,5055.379,96,24
1970-01-01 00:00:00.000000026,5089.0977,96,25
1970-01-01 00:00:00.000000027,5064.75,96,25
1970-01-01 00:00:00.000000028,5055.0864,96,25
1970-01-01 00:00:00.000000029,5044.6963,96,25
1970-01-01 00:00:00.000000027,5050.384,96,26
1970-01-01 00:00:00.000000028,5055.8223,96,26
1970-01-01 00:00:00.000000029,5070.2485,96,26
1970-01-01 00:00:00.000000030,5083.021,96,26
1970-01-01 00:00:00.000000028,5053.6562,96,27
1970-01-01 00:00:00.000000029,5074.7363,96,27
1970-01-01 00:00:00.000000030,5102.2783,96,27
1970-01-01 00:00:00.000000031,5132.685,96,27
1970-01-01 00:00:00.000000029,5087.4985,96,28
1970-01-01 00:00:00.000000030,5116.4556,96,28
1970-01-01 00:00:00.000000031,5143.733,96,28
1970-01-01 00:00:00.000000032,5165.2114,96,28
1970-01-01 00:00:00.000000030,5078.4717,96,29
1970-01-01 00:00:00.000000031,5091.0435,96,29
1970-01-01 00:00:00.000000032,5091.26,96,29
1970-01-01 00:00:00.000000033,5092.5615,96,29
1970-01-01 00:00:00.000000031,5060.834,96,30
1970-01-01 00:00:00.000000032,5038.187,96,30
1970-01-01 00:00:00.000000033,5012.4673,96,30
1970-01-01 00:00:00.000000034,4990.622,96,30
1970-01-01 00:00:00.000000032,5034.1987,96,31
1970-01-01 00:00:00.000000033,5006.3115,96,31
1970-01-01 00:00:00.000000034,4979.624,96,31
1970-01-01 00:00:00.000000035,4948.4106,96,31
1970-01-01 00:00:00.000000033,4998.881,96,32
1970-01-01 00:00:00.000000034,4984.7817,96,32
1970-01-01 00:00:00.000000035,4970.664,96,32
1970-01-01 00:00:00.000000036,4951.326,96,32
1970-01-01 00:00:00.000000034,5010.4673,96,33
1970-01-01 00:00:00.000000035,5010.0293,96,33
1970-01-01 00:00:00.000000036,5009.9814,96,33
1970-01-01 00:00:00.000000037,5008.686,96,33
1970-01-01 00:00:00.000000035,5004.739,96,34
1970-01-01 00:00:00.000000036,5010.357,96,34
1970-01-01 00:00:00.000000037,5022.884,96,34
1970-01-01 00:00:00.000000038,5034.549,96,34
1970-01-01 00:00:00.000000036,4987.423,96,35
1970-01-01 00:00:00.000000037,4986.0347,96,35
1970-01-01 00:00:00.000000038,4986.6704,96,35
1970-01-01 00:00:00.000000039,4996.4263,96,35
1970-01-01 00:00:00.000000037,5003.4995,96,36
1970-01-01 00:00:00.000000038,4994.2397,96,36
1970-01-01 00:00:00.000000039,4991.811,96,36
1970-01-01 00:00:00.000000040,4989.7017,96,36
1970-01-01 00:00:00.000000038,5004.9194,96,37
1970-01-01 00:00:00.000000039,5013.0474,96,37
1970-01-01 00:00:00.000000040,5016.1743,96,37
1970-01-01 00:00:00.000000041,5006.13,96,37
1970-01-01 00:00:00.000000039,5002.854,96,38
1970-01-01 00:00:00.000000040,5008.8633,96,38
1970-01-01 00:00:00.000000041,5000.532,96,38
1970-01-01 00:00:00.000000042,4993.532,96,38
1970-01-01 00:00:00.000000040,5001.9604,96,39
1970-01-01 00:00:00.000000041,5003.4824,96,39
1970-01-01 00:00:00.000000042,5013.8936,96,39
1970-01-01 00:00:00.000000043,5014.6772,96,39
1970-01-01 00:00:00.000000041,4989.196,96,40
1970-01-01 00:00:00.000000042,4989.851,96,40
1970-01-01 00:00:00.000000043,4994.5825,96,40
1970-01-01 00:00:00.000000044,5002.6333,96,40
1970-01-01 00:00:00.000000042,4996.1797,96,41
1970-01-01 00:00:00.000000043,4991.7905,96,41
1970-01-01 00:00:00.000000044,4992.534,96,41
1970-01-01 00:00:00.000000045,5011.074,96,41
1970-01-01 00:00:00.000000043,5019.704,96,42
1970-01-01 00:00:00.000000044,5013.559,96,42
1970-01-01 00:00:00.000000045,5013.696,96,42
1970-01-01 00:00:00.000000046,5015.7812,96,42
1970-01-01 00:00:00.000000044,5006.191,96,43
1970-01-01 00:00:00.000000045,5005.4214,96,43
1970-01-01 00:00:00.000000046,4993.376,96,43
1970-01-01 00:00:00.000000047,4984.767,96,43
1970-01-01 00:00:00.000000045,4996.698,96,44
1970-01-01 00:00:00.000000046,4992.345,96,44
1970-01-01 00:00:00.000000047,4984.479,96,44
1970-01-01 00:00:00.000000048,4968.0776,96,44
1970-01-01 00:00:00.000000046,5003.9985,96,45
1970-01-01 00:00:00.000000047,5005.429,96,45
1970-01-01 00:00:00.000000048,5003.4004,96,45
1970-01-01 00:00:00.000000049,4985.3755,96,45
1970-01-01 00:00:00.000000047,4975.4375,96,46
1970-01-01 00:00:00.000000048,4965.106,96,46
1970-01-01 00:00:00.000000049,4957.3496,96,46
1970-01-01 00:00:00.000000050,4952.688,96,46
1970-01-01 00:00:00.000000048,4984.4185,96,47
1970-01-01 00:00:00.000000049,4970.4463,96,47
1970-01-01 00:00:00.000000050,4965.181,96,47
1970-01-01 00:00:00.000000051,4967.6914,96,47
1970-01-01 00:00:00.000000049,4999.669,96,48
1970-01-01 00:00:00.000000050,4992.1934,96,48
1970-01-01 00:00:00.000000051,4990.4243,96,48
1970-01-01 00:00:00.000000052,4996.289,96,48
1970-01-01 00:00:00.000000050,4972.3413,96,49
1970-01-01 00:00:00.000000051,4969.0674,96,49
1970-01-01 00:00:00.000000052,4964.0005,96,49
1970-01-01 00:00:00.000000053,4968.0215,96,49
1970-01-01 00:00:00.000000051,4968.805,96,50
1970-01-01 00:00:00.000000052,4972.085,96,50
1970-01-01 00:00:00.000000053,4978.18,96,50
1970-01-01 00:00:00.000000054,4978.204,96,50
1970-01-01 00:00:00.000000052,4965.584,96,51
1970-01-01 00:00:00.000000053,4981.4907,96,51
1970-01-01 00:00:00.000000054,4998.3916,96,51
1970-01-01 00:00:00.000000055,4998.092,96,51
1970-01-01 00:00:00.000000053,4940.222,96,52
1970-01-01 00:00:00.000000054,4953.2334,96,52
1970-01-01 00:00:00.000000055,4960.5054,96,52
1970-01-01 00:00:00.000000056,4967.5195,96,52
1970-01-01 00:00:00.000000054,4953.5312,96,53
1970-01-01 00:00:00.000000055,4957.0522,96,53
1970-01-01 00:00:00.000000056,4971.56,96,53
1970-01-01 00:00:00.000000057,4985.1787,96,53
1970-01-01 00:00:00.000000055,4961.303,96,54
1970-01-01 00:00:00.000000056,4970.598,96,54
1970-01-01 00:00:00.000000057,4977.838,96,54
1970-01-01 00:00:00.000000058,4990.3506,96,54
1970-01-01 00:00:00.000000056,4954.7983,96,55
1970-01-01 00:00:00.000000057,4958.5327,96,55
1970-01-01 00:00:00.000000058,4955.8086,96,55
1970-01-01 00:00:00.000000059,4960.209,96,55
1970-01-01 00:00:00.000000057,4978.66,96,56
1970-01-01 00:00:00.000000058,4969.6113,96,56
1970-01-01 00:00:00.000000059,4965.9146,96,56
1970-01-01 00:00:00.000000060,4954.6465,96,56
1970-01-01 00:00:00.000000058,4938.7944,96,57
1970-01-01 00:00:00.000000059,4941.4067,96,57
1970-01-01 00:00:00.000000060,4933.403,96,57
1970-01-01 00:00:00.000000061,4917.795,96,57
1970-01-01 00:00:00.000000059,4933.214,96,58
1970-01-01 00:00:00.000000060,4926.9824,96,58
1970-01-01 00:00:00.000000061,4923.4653,96,58
1970-01-01 00:00:00.000000062,4922.0894,96,58
1970-01-01 00:00:00.000000060,4933.7554,96,59
1970-01-01 00:00:00.000000061,4936.912,96,59
1970-01-01 00:00:00.000000062,4952.097,96,59
1970-01-01 00:00:00.000000063,4959.6636,96,59
1970-01-01 00:00:00.000000061,4914.688,96,60
1970-01-01 00:00:00.000000062,4930.9604,96,60
1970-01-01 00:00:00.000000063,4946.5015,96,60
1970-01-01 00:00:00.000000064,4966.64,96,60
1970-01-01 00:00:00.000000062,4957.8745,96,61
1970-01-01 00:00:00.000000063,4969.587,96,61
1970-01-01 00:00:00.000000064,4984.026,96,61
1970-01-01 00:00:00.000000065,5006.6514,96,61
1970-01-01 00:00:00.000000063,4967.4736,96,62
1970-01-01 00:00:00.000000064,4971.53,96,62
1970-01-01 00:00:00.000000065,4975.548,96,62
1970-01-01 00:00:00.000000066,4975.096,96,62
1970-01-01 00:00:00.000000064,4951.637,96,63
1970-01-01 00:00:00.000000065,4953.3433,96,63
1970-01-01 00:00:00.000000066,4941.9497,96,63
1970-01-01 00:00:00.000000067,4932.8823,96,63
1970-01-01 00:00:00.000000065,4941.2437,96,64
1970-01-01 00:00:00.000000066,4923.0415,96,64
1970-01-01 00:00:00.000000067,4906.981,96,64
1970-01-01 00:00:00.000000068,4894.9136,96,64
1970-01-01 00:00:00.000000066,4934.2314,96,65
1970-01-01 00:00:00.000000067,4924.46,96,65
1970-01-01 00:00:00.000000068,4922.0806,96,65
1970-01-01 00:00:00.000000069,4903.108,96,65
1970-01-01 00:00:00.000000067,4899.1855,96,66
1970-01-01 00:00:00.000000068,4893.9795,96,66
1970-01-01 00:00:00.000000069,4885.8115,96,66
1970-01-01 00:00:00.000000070,4887.8477,96,66
1970-01-01 00:00:00.000000068,4916.698,96,67
1970-01-01 00:00:00.000000069,4922.2007,96,67
1970-01-01 00:00:00.000000070,4940.975,96,67
1970-01-01 00:00:00.000000071,4953.9233,96,67
1970-01-01 00:00:00.000000069,4936.6016,96,68
1970-01-01 00:00:00.000000070,4956.303,96,68
1970-01-01 00:00:00.000000071,4971.026,96,68
1970-01-01 00:00:00.000000072,4994.436,96,68
1970-01-01 00:00:00.000000070,4888.629,96,69
1970-01-01 00:00:00.000000071,4900.7876,96,69
1970-01-01 00:00:00.000000072,4918.4956,96,69
1970-01-01 00:00:00.000000073,4949.458,96,69
1970-01-01 00:00:00.000000071,4933.668,96,70
1970-01-01 00:00:00.000000072,4948.4355,96,70
1970-01-01 00:00:00.000000073,4973.5557,96,70
1970-01-01 00:00:00.000000074,4977.9473,96,70
1970-01-01 00:00:00.000000072,4935.1685,96,71
1970-01-01 00:00:00.000000073,4954.034,96,71
1970-01-01 00:00:00.000000074,4951.0264,96,71
1970-01-01 00:00:00.000000075,4942.3545,96,71
1970-01-01 00:00:00.000000073,4903.6807,96,72
1970-01-01 00:00:00.000000074,4894.065,96,72
1970-01-01 00:00:00.000000075,4884.627,96,72
1970-01-01 00:00:00.000000076,4872.8784,96,72
1970-01-01 00:00:00.000000074,4957.736,96,73
1970-01-01 00:00:00.000000075,4956.572,96,73
1970-01-01 00:00:00.000000076,4954.544,96,73
1970-01-01 00:00:00.000000077,4943.2007,96,73
1970-01-01 00:00:00.000000075,4939.521,96,74
1970-01-01 00:00:00.000000076,4939.5483,96,74
1970-01-01 00:00:00.000000077,4925.395,96,74
1970-01-01 00:00:00.000000078,4920.104,96,74
1970-01-01 00:00:00.000000076,4928.864,96,75
1970-01-01 00:00:00.000000077,4917.015,96,75
1970-01-01 00:00:00.000000078,4916.214,96,75
1970-01-01 00:00:00.000000079,4904.423,96,75
1970-01-01 00:00:00.000000077,4957.616,96,76
1970-01-01 00:00:00.000000078,4961.086,96,76
1970-01-01 00:00:00.000000079,4957.64,96,76
1970-01-01 00:00:00.000000080,4942.444,96,76
1970-01-01 00:00:00.000000078,4925.592,96,77
1970-01-01 00:00:00.000000079,4923.4365,96,77
1970-01-01 00:00:00.000000080,4913.117,96,77
1970-01-01 00:00:00.000000081,4903.9966,96,77
1970-01-01 00:00:00.000000079,4902.3047,96,78
1970-01-01 00:00:00.000000080,4897.3794,96,78
1970-01-01 00:00:00.000000081,4900.8535,96,78
1970-01-01 00:00:00.000000082,4898.308,96,78
1970-01-01 00:00:00.000000080,4904.316,96,79
1970-01-01 00:00:00.000000081,4906.4297,96,79
1970-01-01 00:00:00.000000082,4906.395,96,79
1970-01-01 00:00:00.000000083,4911.0835,96,79
1970-01-01 00:00:00.000000081,4873.1763,96,80
1970-01-01 00:00:00.000000082,4870.043,96,80
1970-01-01 00:00:00.000000083,4872.4287,96,80
1970-01-01 00:00:00.000000084,4885.1514,96,80
1970-01-01 00:00:00.000000082,4866.275,96,81
1970-01-01 00:00:00.000000083,4867.3677,96,81
1970-01-01 00:00:00.000000084,4876.1484,96,81
1970-01-01 00:00:00.000000085,4888.4595,96,81
1970-01-01 00:00:00.000000083,4883.4927,96,82
1970-01-01 00:00:00.000000084,4883.956,96,82
1970-01-01 00:00:00.000000085,4885.351,96,82
1970-01-01 00:00:00.000000086,4881.5854,96,82
1970-01-01 00:00:00.000000084,4851.881,96,83
1970-01-01 00:00:00.000000085,4845.8115,96,83
1970-01-01 00:00:00.000000086,4829.4575,96,83
1970-01-01 00:00:00.000000087,4825.8433,96,83
1970-01-01 00:00:00.000000085,4869.175,96,84
1970-01-01 00:00:00.000000086,4859.932,96,84
1970-01-01 00:00:00.000000087,4858.4873,96,84
1970-01-01 00:00:00.000000088,4849.7075,96,84
1970-01-01 00:00:00.000000086,4889.9287,96,85
1970-01-01 00:00:00.000000087,4885.09,96,85
1970-01-01 00:00:00.000000088,4877.4575,96,85
1970-01-01 00:00:00.000000089,4863.66,96,85
1970-01-01 00:00:00.000000087,4854.755,96,86
1970-01-01 00:00:00.000000088,4848.7383,96,86
1970-01-01 00:00:00.000000089,4830.6655,96,86
1970-01-01 00:00:00.000000090,4823.5796,96,86
1970-01-01 00:00:00.000000088,4883.0547,96,87
1970-01-01 00:00:00.000000089,4865.6353,96,87
1970-01-01 00:00:00.000000090,4868.5645,96,87
1970-01-01 00:00:00.000000091,4856.964,96,87
1970-01-01 00:00:00.000000089,4863.878,96,88
1970-01-01 00:00:00.000000090,4876.7,96,88
1970-01-01 00:00:00.000000091,4877.207,96,88
1970-01-01 00:00:00.000000092,4873.0337,96,88
1970-01-01 00:00:00.000000090,4840.3213,96,89
1970-01-01 00:00:00.000000091,4837.1025,96,89
1970-01-01 00:00:00.000000092,4841.693,96,89
1970-01-01 00:00:00.000000093,4855.3623,96,89
1970-01-01 00:00:00.000000091,4871.943,96,90
1970-01-01 00:00:00.000000092,4890.59,96,90
1970-01-01 00:00:00.000000093,4922.8516,96,90
1970-01-01 00:00:00.000000094,4938.737,96,90
1970-01-01 00:00:00.000000092,4855.263,96,91
1970-01-01 00:00:00.000000093,4873.211,96,91
1970-01-01 00:00:00.000000094,4879.4937,96,91
1970-01-01 00:00:00.000000095,4905.258,96,91
1970-01-01 00:00:00.000000093,4856.1396,96,92
1970-01-01 00:00:00.000000094,4864.2065,96,92
1970-01-01 00:00:00.000000095,4885.32,96,92
1970-01-01 00:00:00.000000096,4910.002,96,92
1970-01-01 00:00:00.000000094,4845.3735,96,93
1970-01-01 00:00:00.000000095,4848.946,96,93
1970-01-01 00:00:00.000000096,4858.213,96,93
1970-01-01 00:00:00.000000097,4875.293,96,93
1970-01-01 00:00:00.000000095,4819.0767,96,94
1970-01-01 00:00:00.000000096,4817.8647,96,94
1970-01-01 00:00:00.000000097,4821.4717,96,94
1970-01-01 00:00:00.000000098,4836.0513,96,94
1970-01-01 00:00:00.000000096,4856.7397,96,95
1970-01-01 00:00:00.000000097,4865.2646,96,95
1970-01-01 00:00:00.000000098,4879.4277,96,95
1970-01-01 00:00:00.000000099,4885.164,96,95
1970-01-01 00:00:00.000000097,4881.2812,96,96
1970-01-01 00:00:00.000000098,4902.2847,96,96
1970-01-01 00:00:00.000000099,4910.1216,96,96
1970-01-01 00:00:00.000000100,4907.0024,96,96
1970-01-01 00:00:00.000000098,4885.264,96,97
1970-01-01 00:00:00.000000099,4882.8564,96,97
1970-01-01 00:00:00.000000100,4872.444,96,97
1970-01-01 00:00:00.000000101,4864.0444,96,97
1970-01-01 00:00:00.000000099,4893.077,96,98
1970-01-01 00:00:00.000000100,4883.841,96,98
1970-01-01 00:00:00.000000101,4872.009,96,98
1970-01-01 00:00:00.000000102,4860.4033,96,98
1970-01-01 00:00:00.000000100,4891.2744,96,99
1970-01-01 00:00:00.000000101,4880.9097,96,99
1970-01-01 00:00:00.000000102,4873.393,96,99
1970-01-01 00:00:00.000000103,4858.825,96,99
1970-01-01 00:00:00.000000101,4870.39,96,100
1970-01-01 00:00:00.000000102,4857.516,96,100
1970-01-01 00:00:00.000000103,4843.1865,96,100
1970-01-01 00:00:00.000000104,4835.226,96,100
1970-01-01 00:00:00.000000102,4892.1377,96,101
1970-01-01 00:00:00.000000103,4885.722,96,101
1970-01-01 00:00:00.000000104,4887.677,96,101
1970-01-01 00:00:00.000000105,4880.555,96,101
1970-01-01 00:00:00.000000103,4898.0645,96,102
1970-01-01 00:00:00.000000104,4912.482,96,102
1970-01-01 00:00:00.000000105,4920.064,96,102
1970-01-01 00:00:00.000000106,4916.705,96,102
1970-01-01 00:00:00.000000104,4861.6113,96,103
1970-01-01 00:00:00.000000105,4862.9976,96,103
1970-01-01 00:00:00.000000106,4860.3037,96,103
1970-01-01 00:00:00.000000107,4872.5586,96,103
1970-01-01 00:00:00.000000105,4874.563,96,104
1970-01-01 00:00:00.000000106,4861.0625,96,104
1970-01-01 00:00:00.000000107,4876.2666,96,104
1970-01-01 00:00:00.000000108,4884.1924,96,104
1970-01-01 00:00:00.000000106,4889.025,96,105
1970-01-01 00:00:00.000000107,4901.3506,96,105
1970-01-01 00:00:00.000000108,4905.687,96,105
1970-01-01 00:00:00.000000109,4908.13,96,105
1970-01-01 00:00:00.000000107,4883.419,96,106
1970-01-01 00:00:00.000000108,4885.0215,96,106
1970-01-01 00:00:00.000000109,4880.1523,96,106
1970-01-01 00:00:00.000000110,4887.8657,96,106
1970-01-01 00:00:00.000000108,4898.1426,96,107
1970-01-01 00:00:00.000000109,4894.1294,96,107
1970-01-01 00:00:00.000000110,4903.319,96,107
1970-01-01 00:00:00.000000111,4898.3574,96,107
1970-01-01 00:00:00.000000109,4874.387,96,108
1970-01-01 00:00:00.000000110,4865.581,96,108
1970-01-01 00:00:00.000000111,4848.5776,96,108
1970-01-01 00:00:00.000000112,4842.3447,96,108
1970-01-01 00:00:00.000000110,4847.796,96,109
1970-01-01 00:00:00.000000111,4826.5874,96,109
1970-01-01 00:00:00.000000112,4815.156,96,109
1970-01-01 00:00:00.000000113,4815.543,96,109
1970-01-01 00:00:00.000000111,4882.935,96,110
1970-01-01 00:00:00.000000112,4886.802,96,110
1970-01-01 00:00:00.000000113,4901.902,96,110
1970-01-01 00:00:00.000000114,4892.0337,96,110
1970-01-01 00:00:00.000000112,4890.664,96,111
1970-01-01 00:00:00.000000113,4913.381,96,111
1970-01-01 00:00:00.000000114,4912.176,96,111
1970-01-01 00:00:00.000000115,4913.8965,96,111
1970-01-01 00:00:00.000000113,4887.0635,96,112
1970-01-01 00:00:00.000000114,4883.003,96,112
1970-01-01 00:00:00.000000115,4887.309,96,112
1970-01-01 00:00:00.000000116,4897.1177,96,112
1970-01-01 00:00:00.000000114,4883.2344,96,113
1970-01-01 00:00:00.000000115,4890.521,96,113
1970-01-01 00:00:00.000000116,4909.5786,96,113
1970-01-01 00:00:00.000000117,4917.108,96,113
1970-01-01 00:00:00.000000115,4868.7183,96,114
1970-01-01 00:00:00.000000116,4880.8223,96,114
1970-01-01 00:00:00.000000117,4881.928,96,114
1970-01-01 00:00:00.000000118,4904.6074,96,114
1970-01-01 00:00:00.000000116,4909.1724,96,115
1970-01-01 00:00:00.000000117,4904.9272,96,115
1970-01-01 00:00:00.000000118,4917.8335,96,115
1970-01-01 00:00:00.000000119,4925.8594,96,115
1970-01-01 00:00:00.000000117,4897.3784,96,116
1970-01-01 00:00:00.000000118,4887.9487,96,116
1970-01-01 00:00:00.000000119,4873.5464,96,116
1970-01-01 00:00:00.000000120,4856.27,96,116
1970-01-01 00:00:00.000000118,4883.9316,96,117
1970-01-01 00:00:00.000000119,4866.0137,96,117
1970-01-01 00:00:00.000000120,4842.3447,96,117
1970-01-01 00:00:00.000000121,4823.614,96,117
1970-01-01 00:00:00.000000119,4937.5684,96,118
1970-01-01 00:00:00.000000120,4930.5474,96,118
1970-01-01 00:00:00.000000121,4924.4287,96,118
1970-01-01 00:00:00.000000122,4906.8315,96,118
1970-01-01 00:00:00.000000120,4908.602,96,119
1970-01-01 00:00:00.000000121,4902.503,96,119
1970-01-01 00:00:00.000000122,4886.096,96,119
1970-01-01 00:00:00.000000123,4879.5327,96,119
1970-01-01 00:00:00.000000121,4878.012,96,120
1970-01-01 00:00:00.000000122,4869.0967,96,120
1970-01-01 00:00:00.000000123,4875.5244,96,120
1970-01-01 00:00:00.000000124,4880.624,96,120
1970-01-01 00:00:00.000000122,4911.9634,96,121
1970-01-01 00:00:00.000000123,4919.967,96,121
1970-01-01 00:00:00.000000124,4932.2056,96,121
1970-01-01 00:00:00.000000125,4945.2305,96,121
1970-01-01 00:00:00.000000123,4897.358,96,122
1970-01-01 00:00:00.000000124,4896.9604,96,122
1970-01-01 00:00:00.000000125,4900.315,96,122
1970-01-01 00:00:00.000000126,4908.1265,96,122
1970-01-01 00:00:00.000000124,4870.662,96,123
1970-01-01 00:00:00.000000125,4862.9644,96,123
1970-01-01 00:00:00.000000126,4866.975,96,123
1970-01-01 00:00:00.000000127,4872.9014,96,123
1970-01-01 00:00:00.000000125,4895.4937,96,124
1970-01-01 00:00:00.000000126,4903.4653,96,124
1970-01-01 00:00:00.000000127,4914.875,96,124
1970-01-01 00:00:00.000000128,4926.523,96,124
1970-01-01 00:00:00.000000126,4920.1875,96,125
1970-01-01 00:00:00.000000127,4942.2534,96,125
1970-01-01 00:00:00.000000128,4959.7134,96,125
1970-01-01 00:00:00.000000129,4969.858,96,125
1970-01-01 00:00:00.000000127,4913.2466,96,126
1970-01-01 00:00:00.000000128,4925.744,96,126
1970-01-01 00:00:00.000000129,4931.0576,96,126
1970-01-01 00:00:00.000000130,4944.2734,96,126
1970-01-01 00:00:00.000000128,4917.204,96,127
1970-01-01 00:00:00.000000129,4918.9443,96,127
1970-01-01 00:00:00.000000130,4932.487,96,127
1970-01-01 00:00:00.000000131,4939.184,96,127
1970-01-01 00:00:00.000000129,4903.5493,96,128
1970-01-01 00:00:00.000000130,4916.1567,96,128
1970-01-01 00:00:00.000000131,4922.1064,96,128
1970-01-01 00:00:00.000000132,4934.115,96,128
1970-01-01 00:00:00.000000130,4898.767,96,129
1970-01-01 00:00:00.000000131,4907.966,96,129
1970-01-01 00:00:00.000000132,4922.313,96,129
1970-01-01 00:00:00.000000133,4934.4907,96,129
1970-01-01 00:00:00.000000131,4928.4644,96,130
1970-01-01 00:00:00.000000132,4938.282,96,130
1970-01-01 00:00:00.000000133,4954.2437,96,130
1970-01-01 00:00:00.000000134,4959.9536,96,130
1970-01-01 00:00:00.000000132,4914.5513,96,131
1970-01-01 00:00:00.000000133,4918.494,96,131
1970-01-01 00:00:00.000000134,4910.736,96,131
1970-01-01 00:00:00.000000135,4914.866,96,131
1970-01-01 00:00:00.000000133,4908.7886,96,132
1970-01-01 00:00:00.000000134,4895.1562,96,132
1970-01-01 00:00:00.000000135,4893.05,96,132
1970-01-01 00:00:00.000000136,4891.484,96,132
1970-01-01 00:00:00.000000134,4926.1313,96,133
1970-01-01 00:00:00.000000135,4927.77,96,133
1970-01-01 00:00:00.000000136,4927.016,96,133
1970-01-01 00:00:00.000000137,4919.437,96,133
1970-01-01 00:00:00.000000135,4899.793,96,134
1970-01-01 00:00:00.000000136,4889.1206,96,134
1970-01-01 00:00:00.000000137,4871.443,96,134
1970-01-01 00:00:00.000000138,4869.4565,96,134
1970-01-01 00:00:00.000000136,4915.574,96,135
1970-01-01 00:00:00.000000137,4900.2734,96,135
1970-01-01 00:00:00.000000138,4903.6685,96,135
1970-01-01 00:00:00.000000139,4894.6846,96,135
1970-01-01 00:00:00.000000137,4920.193,96,136
1970-01-01 00:00:00.000000138,4922.2104,96,136
1970-01-01 00:00:00.000000139,4915.9814,96,136
1970-01-01 00:00:00.000000140,4906.152,96,136
1970-01-01 00:00:00.000000138,4882.1216,96,137
1970-01-01 00:00:00.000000139,4886.2305,96,137
1970-01-01 00:00:00.000000140,4892.049,96,137
1970-01-01 00:00:00.000000141,4902.0034,96,137
1970-01-01 00:00:00.000000139,4891.869,96,138
1970-01-01 00:00:00.000000140,4899.2637,96,138
1970-01-01 00:00:00.000000141,4923.362,96,138
1970-01-01 00:00:00.000000142,4943.9277,96,138
1970-01-01 00:00:00.000000140,4909.112,96,139
1970-01-01 00:00:00.000000141,4936.9766,96,139
1970-01-01 00:00:00.000000142,4960.752,96,139
1970-01-01 00:00:00.000000143,4991.1616,96,139
1970-01-01 00:00:00.000000141,4919.2036,96,140
1970-01-01 00:00:00.000000142,4932.0195,96,140
1970-01-01 00:00:00.000000143,4940.9365,96,140
1970-01-01 00:00:00.000000144,4958.5405,96,140
1970-01-01 00:00:00.000000142,4936.7446,96,141
1970-01-01 00:00:00.000000143,4942.6035,96,141
1970-01-01 00:00:00.000000144,4946.4995,96,141
1970-01-01 00:00:00.000000145,4940.4185,96,141
1970-01-01 00:00:00.000000143,4929.7183,96,142
1970-01-01 00:00:00.000000144,4925.138,96,142
1970-01-01 00:00:00.000000145,4908.216,96,142
1970-01-01 00:00:00.000000146,4885.8135,96,142
1970-01-01 00:00:00.000000144,4879.6353,96,143
1970-01-01 00:00:00.000000145,4858.602,96,143
1970-01-01 00:00:00.000000146,4841.2563,96,143
1970-01-01 00:00:00.000000147,4819.4644,96,143
1970-01-01 00:00:00.000000145,4867.2627,96,144
1970-01-01 00:00:00.000000146,4865.4893,96,144
1970-01-01 00:00:00.000000147,4871.9536,96,144
1970-01-01 00:00:00.000000148,4861.866,96,144
1970-01-01 00:00:00.000000146,4868.7983,96,145
1970-01-01 00:00:00.000000147,4861.67,96,145
1970-01-01 00:00:00.000000148,4846.7285,96,145
1970-01-01 00:00:00.000000149,4828.9834,96,145
1970-01-01 00:00:00.000000147,4876.416,96,146
1970-01-01 00:00:00.000000148,4858.243,96,146
1970-01-01 00:00:00.000000149,4836.5693,96,146
1970-01-01 00:00:00.000000150,4803.5254,96,146
1970-01-01 00:00:00.000000148,4839.5894,96,147
1970-01-01 00:00:00.000000149,4796.3535,96,147
1970-01-01 00:00:00.000000150,4718.8193,96,147
1970-01-01 00:00:00.000000151,4635.1855,96,147
1970-01-01 00:00:00.000000149,4833.133,96,148
1970-01-01 00:00:00.000000150,4777.79,96,148
1970-01-01 00:00:00.000000151,4704.946,96,148
1970-01-01 00:00:00.000000152,4617.14,96,148
1970-01-01 00:00:00.000000150,4782.2666,96,149
1970-01-01 00:00:00.000000151,4722.5635,96,149
1970-01-01 00:00:00.000000152,4645.9688,96,149
1970-01-01 00:00:00.000000153,4565.1504,96,149
1970-01-01 00:00:00.000000151,4804.0293,96,150
1970-01-01 00:00:00.000000152,4844.904,96,150
1970-01-01 00:00:00.000000153,4904.386,96,150
1970-01-01 00:00:00.000000154,4906.4,96,150
