sequence_index,gran1_blain,block_idx,fcst_origin
1970-01-01 00:00:00.000000007,3781.3274,84,6
1970-01-01 00:00:00.000000008,3761.488,84,6
1970-01-01 00:00:00.000000009,3764.6672,84,6
1970-01-01 00:00:00.000000010,3754.878,84,6
1970-01-01 00:00:00.000000011,3743.6448,84,6
1970-01-01 00:00:00.000000012,3748.0806,84,6
1970-01-01 00:00:00.000000008,3761.488,84,7
1970-01-01 00:00:00.000000009,3764.6672,84,7
1970-01-01 00:00:00.000000010,3754.878,84,7
1970-01-01 00:00:00.000000011,3743.6448,84,7
1970-01-01 00:00:00.000000012,3748.0806,84,7
1970-01-01 00:00:00.000000013,3750.028,84,7
1970-01-01 00:00:00.000000009,3764.6672,84,8
1970-01-01 00:00:00.000000010,3754.878,84,8
1970-01-01 00:00:00.000000011,3743.6448,84,8
1970-01-01 00:00:00.000000012,3748.0806,84,8
1970-01-01 00:00:00.000000013,3750.028,84,8
1970-01-01 00:00:00.000000014,3761.0747,84,8
1970-01-01 00:00:00.000000010,3754.878,84,9
1970-01-01 00:00:00.000000011,3743.6448,84,9
1970-01-01 00:00:00.000000012,3748.0806,84,9
1970-01-01 00:00:00.000000013,3750.028,84,9
1970-01-01 00:00:00.000000014,3761.0747,84,9
1970-01-01 00:00:00.000000015,3798.8552,84,9
1970-01-01 00:00:00.000000011,3743.6448,84,10
1970-01-01 00:00:00.000000012,3748.0806,84,10
1970-01-01 00:00:00.000000013,3750.028,84,10
1970-01-01 00:00:00.000000014,3761.0747,84,10
1970-01-01 00:00:00.000000015,3798.8552,84,10
1970-01-01 00:00:00.000000016,3832.71,84,10
1970-01-01 00:00:00.000000012,3748.0806,84,11
1970-01-01 00:00:00.000000013,3750.028,84,11
1970-01-01 00:00:00.000000014,3761.0747,84,11
1970-01-01 00:00:00.000000015,3798.8552,84,11
1970-01-01 00:00:00.000000016,3832.71,84,11
1970-01-01 00:00:00.000000017,3868.8813,84,11
1970-01-01 00:00:00.000000013,3750.028,84,12
1970-01-01 00:00:00.000000014,3761.0747,84,12
1970-01-01 00:00:00.000000015,3798.8552,84,12
1970-01-01 00:00:00.000000016,3832.71,84,12
1970-01-01 00:00:00.000000017,3868.8813,84,12
1970-01-01 00:00:00.000000018,3903.8147,84,12
1970-01-01 00:00:00.000000014,3761.0747,84,13
1970-01-01 00:00:00.000000015,3798.8552,84,13
1970-01-01 00:00:00.000000016,3832.71,84,13
1970-01-01 00:00:00.000000017,3868.8813,84,13
1970-01-01 00:00:00.000000018,3903.8147,84,13
1970-01-01 00:00:00.000000019,3916.4526,84,13
1970-01-01 00:00:00.000000015,3798.8552,84,14
1970-01-01 00:00:00.000000016,3832.71,84,14
1970-01-01 00:00:00.000000017,3868.8813,84,14
1970-01-01 00:00:00.000000018,3903.8147,84,14
1970-01-01 00:00:00.000000019,3916.4526,84,14
1970-01-01 00:00:00.000000020,3923.4907,84,14
1970-01-01 00:00:00.000000016,3832.71,84,15
1970-01-01 00:00:00.000000017,3868.8813,84,15
1970-01-01 00:00:00.000000018,3903.8147,84,15
1970-01-01 00:00:00.000000019,3916.4526,84,15
1970-01-01 00:00:00.000000020,3923.4907,84,15
1970-01-01 00:00:00.000000021,3924.6853,84,15
1970-01-01 00:00:00.000000017,3868.8813,84,16
1970-01-01 00:00:00.000000018,3903.8147,84,16
1970-01-01 00:00:00.000000019,3916.4526,84,16
1970-01-01 00:00:00.000000020,3923.4907,84,16
1970-01-01 00:00:00.000000021,3924.6853,84,16
1970-01-01 00:00:00.000000022,3910.642,84,16
1970-01-01 00:00:00.000000018,3903.8147,84,17
1970-01-01 00:00:00.000000019,3916.4526,84,17
1970-01-01 00:00:00.000000020,3923.4907,84,17
1970-01-01 00:00:00.000000021,3924.6853,84,17
1970-01-01 00:00:00.000000022,3910.642,84,17
1970-01-01 00:00:00.000000023,3907.02,84,17
1970-01-01 00:00:00.000000019,3916.4526,84,18
1970-01-01 00:00:00.000000020,3923.4907,84,18
1970-01-01 00:00:00.000000021,3924.6853,84,18
1970-01-01 00:00:00.000000022,3910.642,84,18
1970-01-01 00:00:00.000000023,3907.02,84,18
1970-01-01 00:00:00.000000024,3908.8406,84,18
1970-01-01 00:00:00.000000020,3923.4907,84,19
1970-01-01 00:00:00.000000021,3924.6853,84,19
1970-01-01 00:00:00.000000022,3910.642,84,19
1970-01-01 00:00:00.000000023,3907.02,84,19
1970-01-01 00:00:00.000000024,3908.8406,84,19
1970-01-01 00:00:00.000000025,3899.732,84,19
1970-01-01 00:00:00.000000021,3924.6853,84,20
1970-01-01 00:00:00.000000022,3910.642,84,20
1970-01-01 00:00:00.000000023,3907.02,84,20
1970-01-01 00:00:00.000000024,3908.8406,84,20
1970-01-01 00:00:00.000000025,3899.732,84,20
1970-01-01 00:00:00.000000026,3905.4707,84,20
1970-01-01 00:00:00.000000022,3910.642,84,21
1970-01-01 00:00:00.000000023,3907.02,84,21
1970-01-01 00:00:00.000000024,3908.8406,84,21
1970-01-01 00:00:00.000000025,3899.732,84,21
1970-01-01 00:00:00.000000026,3905.4707,84,21
1970-01-01 00:00:00.000000027,3907.2114,84,21
1970-01-01 00:00:00.000000023,3907.02,84,22
1970-01-01 00:00:00.000000024,3908.8406,84,22
1970-01-01 00:00:00.000000025,3899.732,84,22
1970-01-01 00:00:00.000000026,3905.4707,84,22
1970-01-01 00:00:00.000000027,3907.2114,84,22
1970-01-01 00:00:00.000000028,3904.2415,84,22
1970-01-01 00:00:00.000000024,3908.8406,84,23
1970-01-01 00:00:00.000000025,3899.732,84,23
1970-01-01 00:00:00.000000026,3905.4707,84,23
1970-01-01 00:00:00.000000027,3907.2114,84,23
1970-01-01 00:00:00.000000028,3904.2415,84,23
1970-01-01 00:00:00.000000029,3919.9006,84,23
1970-01-01 00:00:00.000000025,3899.732,84,24
1970-01-01 00:00:00.000000026,3905.4707,84,24
1970-01-01 00:00:00.000000027,3907.2114,84,24
1970-01-01 00:00:00.000000028,3904.2415,84,24
1970-01-01 00:00:00.000000029,3919.9006,84,24
1970-01-01 00:00:00.000000030,3925.8452,84,24
1970-01-01 00:00:00.000000026,3905.4707,84,25
1970-01-01 00:00:00.000000027,3907.2114,84,25
1970-01-01 00:00:00.000000028,3904.2415,84,25
1970-01-01 00:00:00.000000029,3919.9006,84,25
1970-01-01 00:00:00.000000030,3925.8452,84,25
1970-01-01 00:00:00.000000031,3930.2466,84,25
1970-01-01 00:00:00.000000027,3907.2114,84,26
1970-01-01 00:00:00.000000028,3904.2415,84,26
1970-01-01 00:00:00.000000029,3919.9006,84,26
1970-01-01 00:00:00.000000030,3925.8452,84,26
1970-01-01 00:00:00.000000031,3930.2466,84,26
1970-01-01 00:00:00.000000032,3945.6833,84,26
1970-01-01 00:00:00.000000028,3904.2415,84,27
1970-01-01 00:00:00.000000029,3919.9006,84,27
1970-01-01 00:00:00.000000030,3925.8452,84,27
1970-01-01 00:00:00.000000031,3930.2466,84,27
1970-01-01 00:00:00.000000032,3945.6833,84,27
1970-01-01 00:00:00.000000033,3945.72,84,27
1970-01-01 00:00:00.000000029,3919.9006,84,28
1970-01-01 00:00:00.000000030,3925.8452,84,28
1970-01-01 00:00:00.000000031,3930.2466,84,28
1970-01-01 00:00:00.000000032,3945.6833,84,28
1970-01-01 00:00:00.000000033,3945.72,84,28
1970-01-01 00:00:00.000000034,3952.9187,84,28
1970-01-01 00:00:00.000000030,3925.8452,84,29
1970-01-01 00:00:00.000000031,3930.2466,84,29
1970-01-01 00:00:00.000000032,3945.6833,84,29
1970-01-01 00:00:00.000000033,3945.72,84,29
1970-01-01 00:00:00.000000034,3952.9187,84,29
1970-01-01 00:00:00.000000035,3964.7554,84,29
1970-01-01 00:00:00.000000031,3930.2466,84,30
1970-01-01 00:00:00.000000032,3945.6833,84,30
1970-01-01 00:00:00.000000033,3945.72,84,30
1970-01-01 00:00:00.000000034,3952.9187,84,30
1970-01-01 00:00:00.000000035,3964.7554,84,30
1970-01-01 00:00:00.000000036,3960.5974,84,30
1970-01-01 00:00:00.000000032,3945.6833,84,31
1970-01-01 00:00:00.000000033,3945.72,84,31
1970-01-01 00:00:00.000000034,3952.9187,84,31
1970-01-01 00:00:00.000000035,3964.7554,84,31
1970-01-01 00:00:00.000000036,3960.5974,84,31
1970-01-01 00:00:00.000000037,3979.3286,84,31
1970-01-01 00:00:00.000000033,3945.72,84,32
1970-01-01 00:00:00.000000034,3952.9187,84,32
1970-01-01 00:00:00.000000035,3964.7554,84,32
1970-01-01 00:00:00.000000036,3960.5974,84,32
1970-01-01 00:00:00.000000037,3979.3286,84,32
1970-01-01 00:00:00.000000038,3994.3086,84,32
1970-01-01 00:00:00.000000034,3952.9187,84,33
1970-01-01 00:00:00.000000035,3964.7554,84,33
1970-01-01 00:00:00.000000036,3960.5974,84,33
1970-01-01 00:00:00.000000037,3979.3286,84,33
1970-01-01 00:00:00.000000038,3994.3086,84,33
1970-01-01 00:00:00.000000039,3990.4492,84,33
1970-01-01 00:00:00.000000035,3964.7554,84,34
1970-01-01 00:00:00.000000036,3960.5974,84,34
1970-01-01 00:00:00.000000037,3979.3286,84,34
1970-01-01 00:00:00.000000038,3994.3086,84,34
1970-01-01 00:00:00.000000039,3990.4492,84,34
1970-01-01 00:00:00.000000040,3998.5874,84,34
1970-01-01 00:00:00.000000036,3960.5974,84,35
1970-01-01 00:00:00.000000037,3979.3286,84,35
1970-01-01 00:00:00.000000038,3994.3086,84,35
1970-01-01 00:00:00.000000039,3990.4492,84,35
1970-01-01 00:00:00.000000040,3998.5874,84,35
1970-01-01 00:00:00.000000041,3993.7068,84,35
1970-01-01 00:00:00.000000037,3979.3286,84,36
1970-01-01 00:00:00.000000038,3994.3086,84,36
1970-01-01 00:00:00.000000039,3990.4492,84,36
1970-01-01 00:00:00.000000040,3998.5874,84,36
1970-01-01 00:00:00.000000041,3993.7068,84,36
1970-01-01 00:00:00.000000042,3980.83,84,36
1970-01-01 00:00:00.000000038,3994.3086,84,37
1970-01-01 00:00:00.000000039,3990.4492,84,37
1970-01-01 00:00:00.000000040,3998.5874,84,37
1970-01-01 00:00:00.000000041,3993.7068,84,37
1970-01-01 00:00:00.000000042,3980.83,84,37
1970-01-01 00:00:00.000000043,3974.5686,84,37
1970-01-01 00:00:00.000000039,3990.4492,84,38
1970-01-01 00:00:00.000000040,3998.5874,84,38
1970-01-01 00:00:00.000000041,3993.7068,84,38
1970-01-01 00:00:00.000000042,3980.83,84,38
1970-01-01 00:00:00.000000043,3974.5686,84,38
1970-01-01 00:00:00.000000044,3955.5547,84,38
1970-01-01 00:00:00.000000040,3998.5874,84,39
1970-01-01 00:00:00.000000041,3993.7068,84,39
1970-01-01 00:00:00.000000042,3980.83,84,39
1970-01-01 00:00:00.000000043,3974.5686,84,39
1970-01-01 00:00:00.000000044,3955.5547,84,39
1970-01-01 00:00:00.000000045,3938.694,84,39
1970-01-01 00:00:00.000000041,3993.7068,84,40
1970-01-01 00:00:00.000000042,3980.83,84,40
1970-01-01 00:00:00.000000043,3974.5686,84,40
1970-01-01 00:00:00.000000044,3955.5547,84,40
1970-01-01 00:00:00.000000045,3938.694,84,40
1970-01-01 00:00:00.000000046,3929.8047,84,40
1970-01-01 00:00:00.000000042,3980.83,84,41
1970-01-01 00:00:00.000000043,3974.5686,84,41
1970-01-01 00:00:00.000000044,3955.5547,84,41
1970-01-01 00:00:00.000000045,3938.694,84,41
1970-01-01 00:00:00.000000046,3929.8047,84,41
1970-01-01 00:00:00.000000047,3914.4988,84,41
1970-01-01 00:00:00.000000043,3974.5686,84,42
1970-01-01 00:00:00.000000044,3955.5547,84,42
1970-01-01 00:00:00.000000045,3938.694,84,42
1970-01-01 00:00:00.000000046,3929.8047,84,42
1970-01-01 00:00:00.000000047,3914.4988,84,42
1970-01-01 00:00:00.000000048,3899.688,84,42
1970-01-01 00:00:00.000000044,3955.5547,84,43
1970-01-01 00:00:00.000000045,3938.694,84,43
1970-01-01 00:00:00.000000046,3929.8047,84,43
1970-01-01 00:00:00.000000047,3914.4988,84,43
1970-01-01 00:00:00.000000048,3899.688,84,43
1970-01-01 00:00:00.000000049,3901.602,84,43
1970-01-01 00:00:00.000000045,3938.694,84,44
1970-01-01 00:00:00.000000046,3929.8047,84,44
1970-01-01 00:00:00.000000047,3914.4988,84,44
1970-01-01 00:00:00.000000048,3899.688,84,44
1970-01-01 00:00:00.000000049,3901.602,84,44
1970-01-01 00:00:00.000000050,3898.8726,84,44
1970-01-01 00:00:00.000000046,3929.8047,84,45
1970-01-01 00:00:00.000000047,3914.4988,84,45
1970-01-01 00:00:00.000000048,3899.688,84,45
1970-01-01 00:00:00.000000049,3901.602,84,45
1970-01-01 00:00:00.000000050,3898.8726,84,45
1970-01-01 00:00:00.000000051,3903.6387,84,45
1970-01-01 00:00:00.000000047,3914.4988,84,46
1970-01-01 00:00:00.000000048,3899.688,84,46
1970-01-01 00:00:00.000000049,3901.602,84,46
1970-01-01 00:00:00.000000050,3898.8726,84,46
1970-01-01 00:00:00.000000051,3903.6387,84,46
1970-01-01 00:00:00.000000052,3921.782,84,46
1970-01-01 00:00:00.000000048,3899.688,84,47
1970-01-01 00:00:00.000000049,3901.602,84,47
1970-01-01 00:00:00.000000050,3898.8726,84,47
1970-01-01 00:00:00.000000051,3903.6387,84,47
1970-01-01 00:00:00.000000052,3921.782,84,47
1970-01-01 00:00:00.000000053,3909.5667,84,47
1970-01-01 00:00:00.000000049,3901.602,84,48
1970-01-01 00:00:00.000000050,3898.8726,84,48
1970-01-01 00:00:00.000000051,3903.6387,84,48
1970-01-01 00:00:00.000000052,3921.782,84,48
1970-01-01 00:00:00.000000053,3909.5667,84,48
1970-01-01 00:00:00.000000054,3913.044,84,48
1970-01-01 00:00:00.000000050,3898.8726,84,49
1970-01-01 00:00:00.000000051,3903.6387,84,49
1970-01-01 00:00:00.000000052,3921.782,84,49
1970-01-01 00:00:00.000000053,3909.5667,84,49
1970-01-01 00:00:00.000000054,3913.044,84,49
1970-01-01 00:00:00.000000055,3925.266,84,49
1970-01-01 00:00:00.000000051,3903.6387,84,50
1970-01-01 00:00:00.000000052,3921.782,84,50
1970-01-01 00:00:00.000000053,3909.5667,84,50
1970-01-01 00:00:00.000000054,3913.044,84,50
1970-01-01 00:00:00.000000055,3925.266,84,50
1970-01-01 00:00:00.000000056,3917.8633,84,50
1970-01-01 00:00:00.000000052,3921.782,84,51
1970-01-01 00:00:00.000000053,3909.5667,84,51
1970-01-01 00:00:00.000000054,3913.044,84,51
1970-01-01 00:00:00.000000055,3925.266,84,51
1970-01-01 00:00:00.000000056,3917.8633,84,51
1970-01-01 00:00:00.000000057,3927.77,84,51
1970-01-01 00:00:00.000000053,3909.5667,84,52
1970-01-01 00:00:00.000000054,3913.044,84,52
1970-01-01 00:00:00.000000055,3925.266,84,52
1970-01-01 00:00:00.000000056,3917.8633,84,52
1970-01-01 00:00:00.000000057,3927.77,84,52
1970-01-01 00:00:00.000000058,3937.222,84,52
1970-01-01 00:00:00.000000054,3913.044,84,53
1970-01-01 00:00:00.000000055,3925.266,84,53
1970-01-01 00:00:00.000000056,3917.8633,84,53
1970-01-01 00:00:00.000000057,3927.77,84,53
1970-01-01 00:00:00.000000058,3937.222,84,53
1970-01-01 00:00:00.000000059,3922.0767,84,53
1970-01-01 00:00:00.000000055,3925.266,84,54
1970-01-01 00:00:00.000000056,3917.8633,84,54
1970-01-01 00:00:00.000000057,3927.77,84,54
1970-01-01 00:00:00.000000058,3937.222,84,54
1970-01-01 00:00:00.000000059,3922.0767,84,54
1970-01-01 00:00:00.000000060,3924.914,84,54
1970-01-01 00:00:00.000000056,3917.8633,84,55
1970-01-01 00:00:00.000000057,3927.77,84,55
1970-01-01 00:00:00.000000058,3937.222,84,55
1970-01-01 00:00:00.000000059,3922.0767,84,55
1970-01-01 00:00:00.000000060,3924.914,84,55
1970-01-01 00:00:00.000000061,3936.505,84,55
1970-01-01 00:00:00.000000007,3321.8994,85,6
1970-01-01 00:00:00.000000008,3327.4734,85,6
1970-01-01 00:00:00.000000009,3345.9214,85,6
1970-01-01 00:00:00.000000010,3344.134,85,6
1970-01-01 00:00:00.000000011,3346.764,85,6
1970-01-01 00:00:00.000000012,3337.9592,85,6
1970-01-01 00:00:00.000000008,3327.4734,85,7
1970-01-01 00:00:00.000000009,3345.9214,85,7
1970-01-01 00:00:00.000000010,3344.134,85,7
1970-01-01 00:00:00.000000011,3346.764,85,7
1970-01-01 00:00:00.000000012,3337.9592,85,7
1970-01-01 00:00:00.000000013,3318.3647,85,7
1970-01-01 00:00:00.000000009,3345.9214,85,8
1970-01-01 00:00:00.000000010,3344.134,85,8
1970-01-01 00:00:00.000000011,3346.764,85,8
1970-01-01 00:00:00.000000012,3337.9592,85,8
1970-01-01 00:00:00.000000013,3318.3647,85,8
1970-01-01 00:00:00.000000014,3370.16,85,8
1970-01-01 00:00:00.000000010,3344.134,85,9
1970-01-01 00:00:00.000000011,3346.764,85,9
1970-01-01 00:00:00.000000012,3337.9592,85,9
1970-01-01 00:00:00.000000013,3318.3647,85,9
1970-01-01 00:00:00.000000014,3370.16,85,9
1970-01-01 00:00:00.000000015,3404.604,85,9
1970-01-01 00:00:00.000000011,3346.764,85,10
1970-01-01 00:00:00.000000012,3337.9592,85,10
1970-01-01 00:00:00.000000013,3318.3647,85,10
1970-01-01 00:00:00.000000014,3370.16,85,10
1970-01-01 00:00:00.000000015,3404.604,85,10
1970-01-01 00:00:00.000000016,3439.61,85,10
1970-01-01 00:00:00.000000012,3337.9592,85,11
1970-01-01 00:00:00.000000013,3318.3647,85,11
1970-01-01 00:00:00.000000014,3370.16,85,11
1970-01-01 00:00:00.000000015,3404.604,85,11
1970-01-01 00:00:00.000000016,3439.61,85,11
1970-01-01 00:00:00.000000017,3467.1028,85,11
1970-01-01 00:00:00.000000013,3318.3647,85,12
1970-01-01 00:00:00.000000014,3370.16,85,12
1970-01-01 00:00:00.000000015,3404.604,85,12
1970-01-01 00:00:00.000000016,3439.61,85,12
1970-01-01 00:00:00.000000017,3467.1028,85,12
1970-01-01 00:00:00.000000018,3462.89,85,12
1970-01-01 00:00:00.000000014,3370.16,85,13
1970-01-01 00:00:00.000000015,3404.604,85,13
1970-01-01 00:00:00.000000016,3439.61,85,13
1970-01-01 00:00:00.000000017,3467.1028,85,13
1970-01-01 00:00:00.000000018,3462.89,85,13
1970-01-01 00:00:00.000000019,3447.9373,85,13
1970-01-01 00:00:00.000000015,3404.604,85,14
1970-01-01 00:00:00.000000016,3439.61,85,14
1970-01-01 00:00:00.000000017,3467.1028,85,14
1970-01-01 00:00:00.000000018,3462.89,85,14
1970-01-01 00:00:00.000000019,3447.9373,85,14
1970-01-01 00:00:00.000000020,3456.828,85,14
1970-01-01 00:00:00.000000016,3439.61,85,15
1970-01-01 00:00:00.000000017,3467.1028,85,15
1970-01-01 00:00:00.000000018,3462.89,85,15
1970-01-01 00:00:00.000000019,3447.9373,85,15
1970-01-01 00:00:00.000000020,3456.828,85,15
1970-01-01 00:00:00.000000021,3465.4395,85,15
1970-01-01 00:00:00.000000017,3467.1028,85,16
1970-01-01 00:00:00.000000018,3462.89,85,16
1970-01-01 00:00:00.000000019,3447.9373,85,16
1970-01-01 00:00:00.000000020,3456.828,85,16
1970-01-01 00:00:00.000000021,3465.4395,85,16
1970-01-01 00:00:00.000000022,3455.4988,85,16
1970-01-01 00:00:00.000000018,3462.89,85,17
1970-01-01 00:00:00.000000019,3447.9373,85,17
1970-01-01 00:00:00.000000020,3456.828,85,17
1970-01-01 00:00:00.000000021,3465.4395,85,17
1970-01-01 00:00:00.000000022,3455.4988,85,17
1970-01-01 00:00:00.000000023,3453.3674,85,17
1970-01-01 00:00:00.000000019,3447.9373,85,18
1970-01-01 00:00:00.000000020,3456.828,85,18
1970-01-01 00:00:00.000000021,3465.4395,85,18
1970-01-01 00:00:00.000000022,3455.4988,85,18
1970-01-01 00:00:00.000000023,3453.3674,85,18
1970-01-01 00:00:00.000000024,3397.358,85,18
1970-01-01 00:00:00.000000020,3456.828,85,19
1970-01-01 00:00:00.000000021,3465.4395,85,19
1970-01-01 00:00:00.000000022,3455.4988,85,19
1970-01-01 00:00:00.000000023,3453.3674,85,19
1970-01-01 00:00:00.000000024,3397.358,85,19
1970-01-01 00:00:00.000000025,3368.012,85,19
1970-01-01 00:00:00.000000021,3465.4395,85,20
1970-01-01 00:00:00.000000022,3455.4988,85,20
1970-01-01 00:00:00.000000023,3453.3674,85,20
1970-01-01 00:00:00.000000024,3397.358,85,20
1970-01-01 00:00:00.000000025,3368.012,85,20
1970-01-01 00:00:00.000000026,3377.6472,85,20
1970-01-01 00:00:00.000000022,3455.4988,85,21
1970-01-01 00:00:00.000000023,3453.3674,85,21
1970-01-01 00:00:00.000000024,3397.358,85,21
1970-01-01 00:00:00.000000025,3368.012,85,21
1970-01-01 00:00:00.000000026,3377.6472,85,21
1970-01-01 00:00:00.000000027,3368.6133,85,21
1970-01-01 00:00:00.000000023,3453.3674,85,22
1970-01-01 00:00:00.000000024,3397.358,85,22
1970-01-01 00:00:00.000000025,3368.012,85,22
1970-01-01 00:00:00.000000026,3377.6472,85,22
1970-01-01 00:00:00.000000027,3368.6133,85,22
1970-01-01 00:00:00.000000028,3426.362,85,22
1970-01-01 00:00:00.000000024,3397.358,85,23
1970-01-01 00:00:00.000000025,3368.012,85,23
1970-01-01 00:00:00.000000026,3377.6472,85,23
1970-01-01 00:00:00.000000027,3368.6133,85,23
1970-01-01 00:00:00.000000028,3426.362,85,23
1970-01-01 00:00:00.000000029,3457.964,85,23
1970-01-01 00:00:00.000000025,3368.012,85,24
1970-01-01 00:00:00.000000026,3377.6472,85,24
1970-01-01 00:00:00.000000027,3368.6133,85,24
1970-01-01 00:00:00.000000028,3426.362,85,24
1970-01-01 00:00:00.000000029,3457.964,85,24
1970-01-01 00:00:00.000000030,3459.2908,85,24
1970-01-01 00:00:00.000000026,3377.6472,85,25
1970-01-01 00:00:00.000000027,3368.6133,85,25
1970-01-01 00:00:00.000000028,3426.362,85,25
1970-01-01 00:00:00.000000029,3457.964,85,25
1970-01-01 00:00:00.000000030,3459.2908,85,25
1970-01-01 00:00:00.000000031,3487.4707,85,25
1970-01-01 00:00:00.000000027,3368.6133,85,26
1970-01-01 00:00:00.000000028,3426.362,85,26
1970-01-01 00:00:00.000000029,3457.964,85,26
1970-01-01 00:00:00.000000030,3459.2908,85,26
1970-01-01 00:00:00.000000031,3487.4707,85,26
1970-01-01 00:00:00.000000032,3455.5166,85,26
1970-01-01 00:00:00.000000028,3426.362,85,27
1970-01-01 00:00:00.000000029,3457.964,85,27
1970-01-01 00:00:00.000000030,3459.2908,85,27
1970-01-01 00:00:00.000000031,3487.4707,85,27
1970-01-01 00:00:00.000000032,3455.5166,85,27
1970-01-01 00:00:00.000000033,3428.3447,85,27
1970-01-01 00:00:00.000000029,3457.964,85,28
1970-01-01 00:00:00.000000030,3459.2908,85,28
1970-01-01 00:00:00.000000031,3487.4707,85,28
1970-01-01 00:00:00.000000032,3455.5166,85,28
1970-01-01 00:00:00.000000033,3428.3447,85,28
1970-01-01 00:00:00.000000034,3400.8147,85,28
1970-01-01 00:00:00.000000030,3459.2908,85,29
1970-01-01 00:00:00.000000031,3487.4707,85,29
1970-01-01 00:00:00.000000032,3455.5166,85,29
1970-01-01 00:00:00.000000033,3428.3447,85,29
1970-01-01 00:00:00.000000034,3400.8147,85,29
1970-01-01 00:00:00.000000035,3339.588,85,29
1970-01-01 00:00:00.000000031,3487.4707,85,30
1970-01-01 00:00:00.000000032,3455.5166,85,30
1970-01-01 00:00:00.000000033,3428.3447,85,30
1970-01-01 00:00:00.000000034,3400.8147,85,30
1970-01-01 00:00:00.000000035,3339.588,85,30
1970-01-01 00:00:00.000000036,3258.3552,85,30
1970-01-01 00:00:00.000000032,3455.5166,85,31
1970-01-01 00:00:00.000000033,3428.3447,85,31
1970-01-01 00:00:00.000000034,3400.8147,85,31
1970-01-01 00:00:00.000000035,3339.588,85,31
1970-01-01 00:00:00.000000036,3258.3552,85,31
1970-01-01 00:00:00.000000037,3240.1387,85,31
1970-01-01 00:00:00.000000033,3428.3447,85,32
1970-01-01 00:00:00.000000034,3400.8147,85,32
1970-01-01 00:00:00.000000035,3339.588,85,32
1970-01-01 00:00:00.000000036,3258.3552,85,32
1970-01-01 00:00:00.000000037,3240.1387,85,32
1970-01-01 00:00:00.000000038,3248.5527,85,32
1970-01-01 00:00:00.000000034,3400.8147,85,33
1970-01-01 00:00:00.000000035,3339.588,85,33
1970-01-01 00:00:00.000000036,3258.3552,85,33
1970-01-01 00:00:00.000000037,3240.1387,85,33
1970-01-01 00:00:00.000000038,3248.5527,85,33
1970-01-01 00:00:00.000000039,3286.1606,85,33
1970-01-01 00:00:00.000000035,3339.588,85,34
1970-01-01 00:00:00.000000036,3258.3552,85,34
1970-01-01 00:00:00.000000037,3240.1387,85,34
1970-01-01 00:00:00.000000038,3248.5527,85,34
1970-01-01 00:00:00.000000039,3286.1606,85,34
1970-01-01 00:00:00.000000040,3390.7354,85,34
1970-01-01 00:00:00.000000036,3258.3552,85,35
1970-01-01 00:00:00.000000037,3240.1387,85,35
1970-01-01 00:00:00.000000038,3248.5527,85,35
1970-01-01 00:00:00.000000039,3286.1606,85,35
1970-01-01 00:00:00.000000040,3390.7354,85,35
1970-01-01 00:00:00.000000041,3420.2393,85,35
1970-01-01 00:00:00.000000037,3240.1387,85,36
1970-01-01 00:00:00.000000038,3248.5527,85,36
1970-01-01 00:00:00.000000039,3286.1606,85,36
1970-01-01 00:00:00.000000040,3390.7354,85,36
1970-01-01 00:00:00.000000041,3420.2393,85,36
1970-01-01 00:00:00.000000042,3405.5212,85,36
1970-01-01 00:00:00.000000038,3248.5527,85,37
1970-01-01 00:00:00.000000039,3286.1606,85,37
1970-01-01 00:00:00.000000040,3390.7354,85,37
1970-01-01 00:00:00.000000041,3420.2393,85,37
1970-01-01 00:00:00.000000042,3405.5212,85,37
1970-01-01 00:00:00.000000043,3398.272,85,37
1970-01-01 00:00:00.000000039,3286.1606,85,38
1970-01-01 00:00:00.000000040,3390.7354,85,38
1970-01-01 00:00:00.000000041,3420.2393,85,38
1970-01-01 00:00:00.000000042,3405.5212,85,38
1970-01-01 00:00:00.000000043,3398.272,85,38
1970-01-01 00:00:00.000000044,3396.8232,85,38
1970-01-01 00:00:00.000000040,3390.7354,85,39
1970-01-01 00:00:00.000000041,3420.2393,85,39
1970-01-01 00:00:00.000000042,3405.5212,85,39
1970-01-01 00:00:00.000000043,3398.272,85,39
1970-01-01 00:00:00.000000044,3396.8232,85,39
1970-01-01 00:00:00.000000045,3407.5007,85,39
1970-01-01 00:00:00.000000041,3420.2393,85,40
1970-01-01 00:00:00.000000042,3405.5212,85,40
1970-01-01 00:00:00.000000043,3398.272,85,40
1970-01-01 00:00:00.000000044,3396.8232,85,40
1970-01-01 00:00:00.000000045,3407.5007,85,40
1970-01-01 00:00:00.000000046,3420.748,85,40
1970-01-01 00:00:00.000000042,3405.5212,85,41
1970-01-01 00:00:00.000000043,3398.272,85,41
1970-01-01 00:00:00.000000044,3396.8232,85,41
1970-01-01 00:00:00.000000045,3407.5007,85,41
1970-01-01 00:00:00.000000046,3420.748,85,41
1970-01-01 00:00:00.000000047,3412.8286,85,41
1970-01-01 00:00:00.000000043,3398.272,85,42
1970-01-01 00:00:00.000000044,3396.8232,85,42
1970-01-01 00:00:00.000000045,3407.5007,85,42
1970-01-01 00:00:00.000000046,3420.748,85,42
1970-01-01 00:00:00.000000047,3412.8286,85,42
1970-01-01 00:00:00.000000048,3388.216,85,42
1970-01-01 00:00:00.000000044,3396.8232,85,43
1970-01-01 00:00:00.000000045,3407.5007,85,43
1970-01-01 00:00:00.000000046,3420.748,85,43
1970-01-01 00:00:00.000000047,3412.8286,85,43
1970-01-01 00:00:00.000000048,3388.216,85,43
1970-01-01 00:00:00.000000049,3333.294,85,43
1970-01-01 00:00:00.000000045,3407.5007,85,44
1970-01-01 00:00:00.000000046,3420.748,85,44
1970-01-01 00:00:00.000000047,3412.8286,85,44
1970-01-01 00:00:00.000000048,3388.216,85,44
1970-01-01 00:00:00.000000049,3333.294,85,44
1970-01-01 00:00:00.000000050,3292.4187,85,44
1970-01-01 00:00:00.000000046,3420.748,85,45
1970-01-01 00:00:00.000000047,3412.8286,85,45
1970-01-01 00:00:00.000000048,3388.216,85,45
1970-01-01 00:00:00.000000049,3333.294,85,45
1970-01-01 00:00:00.000000050,3292.4187,85,45
1970-01-01 00:00:00.000000051,3275.81,85,45
1970-01-01 00:00:00.000000047,3412.8286,85,46
1970-01-01 00:00:00.000000048,3388.216,85,46
1970-01-01 00:00:00.000000049,3333.294,85,46
1970-01-01 00:00:00.000000050,3292.4187,85,46
1970-01-01 00:00:00.000000051,3275.81,85,46
1970-01-01 00:00:00.000000052,3266.1213,85,46
1970-01-01 00:00:00.000000048,3388.216,85,47
1970-01-01 00:00:00.000000049,3333.294,85,47
1970-01-01 00:00:00.000000050,3292.4187,85,47
1970-01-01 00:00:00.000000051,3275.81,85,47
1970-01-01 00:00:00.000000052,3266.1213,85,47
1970-01-01 00:00:00.000000053,3305.872,85,47
1970-01-01 00:00:00.000000049,3333.294,85,48
1970-01-01 00:00:00.000000050,3292.4187,85,48
1970-01-01 00:00:00.000000051,3275.81,85,48
1970-01-01 00:00:00.000000052,3266.1213,85,48
1970-01-01 00:00:00.000000053,3305.872,85,48
1970-01-01 00:00:00.000000054,3345.4526,85,48
1970-01-01 00:00:00.000000050,3292.4187,85,49
1970-01-01 00:00:00.000000051,3275.81,85,49
1970-01-01 00:00:00.000000052,3266.1213,85,49
1970-01-01 00:00:00.000000053,3305.872,85,49
1970-01-01 00:00:00.000000054,3345.4526,85,49
1970-01-01 00:00:00.000000055,3361.0286,85,49
1970-01-01 00:00:00.000000051,3275.81,85,50
1970-01-01 00:00:00.000000052,3266.1213,85,50
1970-01-01 00:00:00.000000053,3305.872,85,50
1970-01-01 00:00:00.000000054,3345.4526,85,50
1970-01-01 00:00:00.000000055,3361.0286,85,50
1970-01-01 00:00:00.000000056,3384.4387,85,50
1970-01-01 00:00:00.000000052,3266.1213,85,51
1970-01-01 00:00:00.000000053,3305.872,85,51
1970-01-01 00:00:00.000000054,3345.4526,85,51
1970-01-01 00:00:00.000000055,3361.0286,85,51
1970-01-01 00:00:00.000000056,3384.4387,85,51
1970-01-01 00:00:00.000000057,3382.6453,85,51
1970-01-01 00:00:00.000000053,3305.872,85,52
1970-01-01 00:00:00.000000054,3345.4526,85,52
1970-01-01 00:00:00.000000055,3361.0286,85,52
1970-01-01 00:00:00.000000056,3384.4387,85,52
1970-01-01 00:00:00.000000057,3382.6453,85,52
1970-01-01 00:00:00.000000058,3361.3706,85,52
1970-01-01 00:00:00.000000054,3345.4526,85,53
1970-01-01 00:00:00.000000055,3361.0286,85,53
1970-01-01 00:00:00.000000056,3384.4387,85,53
1970-01-01 00:00:00.000000057,3382.6453,85,53
1970-01-01 00:00:00.000000058,3361.3706,85,53
1970-01-01 00:00:00.000000059,3367.654,85,53
1970-01-01 00:00:00.000000055,3361.0286,85,54
1970-01-01 00:00:00.000000056,3384.4387,85,54
1970-01-01 00:00:00.000000057,3382.6453,85,54
1970-01-01 00:00:00.000000058,3361.3706,85,54
1970-01-01 00:00:00.000000059,3367.654,85,54
1970-01-01 00:00:00.000000060,3376.378,85,54
1970-01-01 00:00:00.000000056,3384.4387,85,55
1970-01-01 00:00:00.000000057,3382.6453,85,55
1970-01-01 00:00:00.000000058,3361.3706,85,55
1970-01-01 00:00:00.000000059,3367.654,85,55
1970-01-01 00:00:00.000000060,3376.378,85,55
1970-01-01 00:00:00.000000061,3376.3066,85,55
1970-01-01 00:00:00.000000057,3382.6453,85,56
1970-01-01 00:00:00.000000058,3361.3706,85,56
1970-01-01 00:00:00.000000059,3367.654,85,56
1970-01-01 00:00:00.000000060,3376.378,85,56
1970-01-01 00:00:00.000000061,3376.3066,85,56
1970-01-01 00:00:00.000000062,3383.1833,85,56
1970-01-01 00:00:00.000000058,3361.3706,85,57
1970-01-01 00:00:00.000000059,3367.654,85,57
1970-01-01 00:00:00.000000060,3376.378,85,57
1970-01-01 00:00:00.000000061,3376.3066,85,57
1970-01-01 00:00:00.000000062,3383.1833,85,57
1970-01-01 00:00:00.000000063,3382.6887,85,57
1970-01-01 00:00:00.000000059,3367.654,85,58
1970-01-01 00:00:00.000000060,3376.378,85,58
1970-01-01 00:00:00.000000061,3376.3066,85,58
1970-01-01 00:00:00.000000062,3383.1833,85,58
1970-01-01 00:00:00.000000063,3382.6887,85,58
1970-01-01 00:00:00.000000064,3368.4827,85,58
1970-01-01 00:00:00.000000060,3376.378,85,59
1970-01-01 00:00:00.000000061,3376.3066,85,59
1970-01-01 00:00:00.000000062,3383.1833,85,59
1970-01-01 00:00:00.000000063,3382.6887,85,59
1970-01-01 00:00:00.000000064,3368.4827,85,59
1970-01-01 00:00:00.000000065,3378.1746,85,59
1970-01-01 00:00:00.000000061,3376.3066,85,60
1970-01-01 00:00:00.000000062,3383.1833,85,60
1970-01-01 00:00:00.000000063,3382.6887,85,60
1970-01-01 00:00:00.000000064,3368.4827,85,60
1970-01-01 00:00:00.000000065,3378.1746,85,60
1970-01-01 00:00:00.000000066,3392.0793,85,60
1970-01-01 00:00:00.000000062,3383.1833,85,61
1970-01-01 00:00:00.000000063,3382.6887,85,61
1970-01-01 00:00:00.000000064,3368.4827,85,61
1970-01-01 00:00:00.000000065,3378.1746,85,61
1970-01-01 00:00:00.000000066,3392.0793,85,61
1970-01-01 00:00:00.000000067,3383.3848,85,61
1970-01-01 00:00:00.000000063,3382.6887,85,62
1970-01-01 00:00:00.000000064,3368.4827,85,62
1970-01-01 00:00:00.000000065,3378.1746,85,62
1970-01-01 00:00:00.000000066,3392.0793,85,62
1970-01-01 00:00:00.000000067,3383.3848,85,62
1970-01-01 00:00:00.000000068,3376.636,85,62
1970-01-01 00:00:00.000000064,3368.4827,85,63
1970-01-01 00:00:00.000000065,3378.1746,85,63
1970-01-01 00:00:00.000000066,3392.0793,85,63
1970-01-01 00:00:00.000000067,3383.3848,85,63
1970-01-01 00:00:00.000000068,3376.636,85,63
1970-01-01 00:00:00.000000069,3358.6833,85,63
1970-01-01 00:00:00.000000065,3378.1746,85,64
1970-01-01 00:00:00.000000066,3392.0793,85,64
1970-01-01 00:00:00.000000067,3383.3848,85,64
1970-01-01 00:00:00.000000068,3376.636,85,64
1970-01-01 00:00:00.000000069,3358.6833,85,64
1970-01-01 00:00:00.000000070,3337.6873,85,64
1970-01-01 00:00:00.000000066,3392.0793,85,65
1970-01-01 00:00:00.000000067,3383.3848,85,65
1970-01-01 00:00:00.000000068,3376.636,85,65
1970-01-01 00:00:00.000000069,3358.6833,85,65
1970-01-01 00:00:00.000000070,3337.6873,85,65
1970-01-01 00:00:00.000000071,3351.086,85,65
1970-01-01 00:00:00.000000067,3383.3848,85,66
1970-01-01 00:00:00.000000068,3376.636,85,66
1970-01-01 00:00:00.000000069,3358.6833,85,66
1970-01-01 00:00:00.000000070,3337.6873,85,66
1970-01-01 00:00:00.000000071,3351.086,85,66
1970-01-01 00:00:00.000000072,3358.9893,85,66
1970-01-01 00:00:00.000000068,3376.636,85,67
1970-01-01 00:00:00.000000069,3358.6833,85,67
1970-01-01 00:00:00.000000070,3337.6873,85,67
1970-01-01 00:00:00.000000071,3351.086,85,67
1970-01-01 00:00:00.000000072,3358.9893,85,67
1970-01-01 00:00:00.000000073,3371.6667,85,67
1970-01-01 00:00:00.000000069,3358.6833,85,68
1970-01-01 00:00:00.000000070,3337.6873,85,68
1970-01-01 00:00:00.000000071,3351.086,85,68
1970-01-01 00:00:00.000000072,3358.9893,85,68
1970-01-01 00:00:00.000000073,3371.6667,85,68
1970-01-01 00:00:00.000000074,3396.882,85,68
1970-01-01 00:00:00.000000070,3337.6873,85,69
1970-01-01 00:00:00.000000071,3351.086,85,69
1970-01-01 00:00:00.000000072,3358.9893,85,69
1970-01-01 00:00:00.000000073,3371.6667,85,69
1970-01-01 00:00:00.000000074,3396.882,85,69
1970-01-01 00:00:00.000000075,3406.0847,85,69
1970-01-01 00:00:00.000000071,3351.086,85,70
1970-01-01 00:00:00.000000072,3358.9893,85,70
1970-01-01 00:00:00.000000073,3371.6667,85,70
1970-01-01 00:00:00.000000074,3396.882,85,70
1970-01-01 00:00:00.000000075,3406.0847,85,70
1970-01-01 00:00:00.000000076,3427.11,85,70
1970-01-01 00:00:00.000000072,3358.9893,85,71
1970-01-01 00:00:00.000000073,3371.6667,85,71
1970-01-01 00:00:00.000000074,3396.882,85,71
1970-01-01 00:00:00.000000075,3406.0847,85,71
1970-01-01 00:00:00.000000076,3427.11,85,71
1970-01-01 00:00:00.000000077,3450.112,85,71
1970-01-01 00:00:00.000000073,3371.6667,85,72
1970-01-01 00:00:00.000000074,3396.882,85,72
1970-01-01 00:00:00.000000075,3406.0847,85,72
1970-01-01 00:00:00.000000076,3427.11,85,72
1970-01-01 00:00:00.000000077,3450.112,85,72
1970-01-01 00:00:00.000000078,3461.572,85,72
1970-01-01 00:00:00.000000074,3396.882,85,73
1970-01-01 00:00:00.000000075,3406.0847,85,73
1970-01-01 00:00:00.000000076,3427.11,85,73
1970-01-01 00:00:00.000000077,3450.112,85,73
1970-01-01 00:00:00.000000078,3461.572,85,73
1970-01-01 00:00:00.000000079,3487.55,85,73
1970-01-01 00:00:00.000000075,3406.0847,85,74
1970-01-01 00:00:00.000000076,3427.11,85,74
1970-01-01 00:00:00.000000077,3450.112,85,74
1970-01-01 00:00:00.000000078,3461.572,85,74
1970-01-01 00:00:00.000000079,3487.55,85,74
1970-01-01 00:00:00.000000080,3500.876,85,74
1970-01-01 00:00:00.000000076,3427.11,85,75
1970-01-01 00:00:00.000000077,3450.112,85,75
1970-01-01 00:00:00.000000078,3461.572,85,75
1970-01-01 00:00:00.000000079,3487.55,85,75
1970-01-01 00:00:00.000000080,3500.876,85,75
1970-01-01 00:00:00.000000081,3490.8567,85,75
1970-01-01 00:00:00.000000077,3450.112,85,76
1970-01-01 00:00:00.000000078,3461.572,85,76
1970-01-01 00:00:00.000000079,3487.55,85,76
1970-01-01 00:00:00.000000080,3500.876,85,76
1970-01-01 00:00:00.000000081,3490.8567,85,76
1970-01-01 00:00:00.000000082,3491.578,85,76
1970-01-01 00:00:00.000000078,3461.572,85,77
1970-01-01 00:00:00.000000079,3487.55,85,77
1970-01-01 00:00:00.000000080,3500.876,85,77
1970-01-01 00:00:00.000000081,3490.8567,85,77
1970-01-01 00:00:00.000000082,3491.578,85,77
1970-01-01 00:00:00.000000083,3480.4226,85,77
1970-01-01 00:00:00.000000079,3487.55,85,78
1970-01-01 00:00:00.000000080,3500.876,85,78
1970-01-01 00:00:00.000000081,3490.8567,85,78
1970-01-01 00:00:00.000000082,3491.578,85,78
1970-01-01 00:00:00.000000083,3480.4226,85,78
1970-01-01 00:00:00.000000084,3466.278,85,78
1970-01-01 00:00:00.000000080,3500.876,85,79
1970-01-01 00:00:00.000000081,3490.8567,85,79
1970-01-01 00:00:00.000000082,3491.578,85,79
1970-01-01 00:00:00.000000083,3480.4226,85,79
1970-01-01 00:00:00.000000084,3466.278,85,79
1970-01-01 00:00:00.000000085,3464.7207,85,79
1970-01-01 00:00:00.000000081,3490.8567,85,80
1970-01-01 00:00:00.000000082,3491.578,85,80
1970-01-01 00:00:00.000000083,3480.4226,85,80
1970-01-01 00:00:00.000000084,3466.278,85,80
1970-01-01 00:00:00.000000085,3464.7207,85,80
1970-01-01 00:00:00.000000086,3449.0393,85,80
1970-01-01 00:00:00.000000082,3491.578,85,81
1970-01-01 00:00:00.000000083,3480.4226,85,81
1970-01-01 00:00:00.000000084,3466.278,85,81
1970-01-01 00:00:00.000000085,3464.7207,85,81
1970-01-01 00:00:00.000000086,3449.0393,85,81
1970-01-01 00:00:00.000000087,3424.4048,85,81
1970-01-01 00:00:00.000000083,3480.4226,85,82
1970-01-01 00:00:00.000000084,3466.278,85,82
1970-01-01 00:00:00.000000085,3464.7207,85,82
1970-01-01 00:00:00.000000086,3449.0393,85,82
1970-01-01 00:00:00.000000087,3424.4048,85,82
1970-01-01 00:00:00.000000088,3408.336,85,82
1970-01-01 00:00:00.000000084,3466.278,85,83
1970-01-01 00:00:00.000000085,3464.7207,85,83
1970-01-01 00:00:00.000000086,3449.0393,85,83
1970-01-01 00:00:00.000000087,3424.4048,85,83
1970-01-01 00:00:00.000000088,3408.336,85,83
1970-01-01 00:00:00.000000089,3398.0374,85,83
1970-01-01 00:00:00.000000085,3464.7207,85,84
1970-01-01 00:00:00.000000086,3449.0393,85,84
1970-01-01 00:00:00.000000087,3424.4048,85,84
1970-01-01 00:00:00.000000088,3408.336,85,84
1970-01-01 00:00:00.000000089,3398.0374,85,84
1970-01-01 00:00:00.000000090,3388.428,85,84
1970-01-01 00:00:00.000000086,3449.0393,85,85
1970-01-01 00:00:00.000000087,3424.4048,85,85
1970-01-01 00:00:00.000000088,3408.336,85,85
1970-01-01 00:00:00.000000089,3398.0374,85,85
1970-01-01 00:00:00.000000090,3388.428,85,85
1970-01-01 00:00:00.000000091,3412.128,85,85
1970-01-01 00:00:00.000000087,3424.4048,85,86
1970-01-01 00:00:00.000000088,3408.336,85,86
1970-01-01 00:00:00.000000089,3398.0374,85,86
1970-01-01 00:00:00.000000090,3388.428,85,86
1970-01-01 00:00:00.000000091,3412.128,85,86
1970-01-01 00:00:00.000000092,3434.9167,85,86
1970-01-01 00:00:00.000000088,3408.336,85,87
1970-01-01 00:00:00.000000089,3398.0374,85,87
1970-01-01 00:00:00.000000090,3388.428,85,87
1970-01-01 00:00:00.000000091,3412.128,85,87
1970-01-01 00:00:00.000000092,3434.9167,85,87
1970-01-01 00:00:00.000000093,3461.846,85,87
1970-01-01 00:00:00.000000089,3398.0374,85,88
1970-01-01 00:00:00.000000090,3388.428,85,88
1970-01-01 00:00:00.000000091,3412.128,85,88
1970-01-01 00:00:00.000000092,3434.9167,85,88
1970-01-01 00:00:00.000000093,3461.846,85,88
1970-01-01 00:00:00.000000094,3498.9087,85,88
1970-01-01 00:00:00.000000090,3388.428,85,89
1970-01-01 00:00:00.000000091,3412.128,85,89
1970-01-01 00:00:00.000000092,3434.9167,85,89
1970-01-01 00:00:00.000000093,3461.846,85,89
1970-01-01 00:00:00.000000094,3498.9087,85,89
1970-01-01 00:00:00.000000095,3503.424,85,89
1970-01-01 00:00:00.000000091,3412.128,85,90
1970-01-01 00:00:00.000000092,3434.9167,85,90
1970-01-01 00:00:00.000000093,3461.846,85,90
1970-01-01 00:00:00.000000094,3498.9087,85,90
1970-01-01 00:00:00.000000095,3503.424,85,90
1970-01-01 00:00:00.000000096,3522.5308,85,90
1970-01-01 00:00:00.000000092,3434.9167,85,91
1970-01-01 00:00:00.000000093,3461.846,85,91
1970-01-01 00:00:00.000000094,3498.9087,85,91
1970-01-01 00:00:00.000000095,3503.424,85,91
1970-01-01 00:00:00.000000096,3522.5308,85,91
1970-01-01 00:00:00.000000097,3544.7566,85,91
1970-01-01 00:00:00.000000093,3461.846,85,92
1970-01-01 00:00:00.000000094,3498.9087,85,92
1970-01-01 00:00:00.000000095,3503.424,85,92
1970-01-01 00:00:00.000000096,3522.5308,85,92
1970-01-01 00:00:00.000000097,3544.7566,85,92
1970-01-01 00:00:00.000000098,3559.5693,85,92
1970-01-01 00:00:00.000000094,3498.9087,85,93
1970-01-01 00:00:00.000000095,3503.424,85,93
1970-01-01 00:00:00.000000096,3522.5308,85,93
1970-01-01 00:00:00.000000097,3544.7566,85,93
1970-01-01 00:00:00.000000098,3559.5693,85,93
1970-01-01 00:00:00.000000099,3589.8694,85,93
1970-01-01 00:00:00.000000095,3503.424,85,94
1970-01-01 00:00:00.000000096,3522.5308,85,94
1970-01-01 00:00:00.000000097,3544.7566,85,94
1970-01-01 00:00:00.000000098,3559.5693,85,94
1970-01-01 00:00:00.000000099,3589.8694,85,94
1970-01-01 00:00:00.000000100,3608.1526,85,94
1970-01-01 00:00:00.000000096,3522.5308,85,95
1970-01-01 00:00:00.000000097,3544.7566,85,95
1970-01-01 00:00:00.000000098,3559.5693,85,95
1970-01-01 00:00:00.000000099,3589.8694,85,95
1970-01-01 00:00:00.000000100,3608.1526,85,95
1970-01-01 00:00:00.000000101,3604.388,85,95
1970-01-01 00:00:00.000000097,3544.7566,85,96
1970-01-01 00:00:00.000000098,3559.5693,85,96
1970-01-01 00:00:00.000000099,3589.8694,85,96
1970-01-01 00:00:00.000000100,3608.1526,85,96
1970-01-01 00:00:00.000000101,3604.388,85,96
1970-01-01 00:00:00.000000102,3610.9026,85,96
1970-01-01 00:00:00.000000098,3559.5693,85,97
1970-01-01 00:00:00.000000099,3589.8694,85,97
1970-01-01 00:00:00.000000100,3608.1526,85,97
1970-01-01 00:00:00.000000101,3604.388,85,97
1970-01-01 00:00:00.000000102,3610.9026,85,97
1970-01-01 00:00:00.000000103,3593.8093,85,97
1970-01-01 00:00:00.000000099,3589.8694,85,98
1970-01-01 00:00:00.000000100,3608.1526,85,98
1970-01-01 00:00:00.000000101,3604.388,85,98
1970-01-01 00:00:00.000000102,3610.9026,85,98
1970-01-01 00:00:00.000000103,3593.8093,85,98
1970-01-01 00:00:00.000000104,3569.02,85,98
1970-01-01 00:00:00.000000100,3608.1526,85,99
1970-01-01 00:00:00.000000101,3604.388,85,99
1970-01-01 00:00:00.000000102,3610.9026,85,99
1970-01-01 00:00:00.000000103,3593.8093,85,99
1970-01-01 00:00:00.000000104,3569.02,85,99
1970-01-01 00:00:00.000000105,3561.6487,85,99
1970-01-01 00:00:00.000000101,3604.388,85,100
1970-01-01 00:00:00.000000102,3610.9026,85,100
1970-01-01 00:00:00.000000103,3593.8093,85,100
1970-01-01 00:00:00.000000104,3569.02,85,100
1970-01-01 00:00:00.000000105,3561.6487,85,100
1970-01-01 00:00:00.000000106,3534.2534,85,100
1970-01-01 00:00:00.000000102,3610.9026,85,101
1970-01-01 00:00:00.000000103,3593.8093,85,101
1970-01-01 00:00:00.000000104,3569.02,85,101
1970-01-01 00:00:00.000000105,3561.6487,85,101
1970-01-01 00:00:00.000000106,3534.2534,85,101
1970-01-01 00:00:00.000000107,3511.736,85,101
1970-01-01 00:00:00.000000103,3593.8093,85,102
1970-01-01 00:00:00.000000104,3569.02,85,102
1970-01-01 00:00:00.000000105,3561.6487,85,102
1970-01-01 00:00:00.000000106,3534.2534,85,102
1970-01-01 00:00:00.000000107,3511.736,85,102
1970-01-01 00:00:00.000000108,3500.4807,85,102
1970-01-01 00:00:00.000000104,3569.02,85,103
1970-01-01 00:00:00.000000105,3561.6487,85,103
1970-01-01 00:00:00.000000106,3534.2534,85,103
1970-01-01 00:00:00.000000107,3511.736,85,103
1970-01-01 00:00:00.000000108,3500.4807,85,103
1970-01-01 00:00:00.000000109,3470.456,85,103
1970-01-01 00:00:00.000000105,3561.6487,85,104
1970-01-01 00:00:00.000000106,3534.2534,85,104
1970-01-01 00:00:00.000000107,3511.736,85,104
1970-01-01 00:00:00.000000108,3500.4807,85,104
1970-01-01 00:00:00.000000109,3470.456,85,104
1970-01-01 00:00:00.000000110,3458.0933,85,104
1970-01-01 00:00:00.000000106,3534.2534,85,105
1970-01-01 00:00:00.000000107,3511.736,85,105
1970-01-01 00:00:00.000000108,3500.4807,85,105
1970-01-01 00:00:00.000000109,3470.456,85,105
1970-01-01 00:00:00.000000110,3458.0933,85,105
1970-01-01 00:00:00.000000111,3456.7292,85,105
1970-01-01 00:00:00.000000107,3511.736,85,106
1970-01-01 00:00:00.000000108,3500.4807,85,106
1970-01-01 00:00:00.000000109,3470.456,85,106
1970-01-01 00:00:00.000000110,3458.0933,85,106
1970-01-01 00:00:00.000000111,3456.7292,85,106
1970-01-01 00:00:00.000000112,3443.1968,85,106
1970-01-01 00:00:00.000000108,3500.4807,85,107
1970-01-01 00:00:00.000000109,3470.456,85,107
1970-01-01 00:00:00.000000110,3458.0933,85,107
1970-01-01 00:00:00.000000111,3456.7292,85,107
1970-01-01 00:00:00.000000112,3443.1968,85,107
1970-01-01 00:00:00.000000113,3458.084,85,107
1970-01-01 00:00:00.000000109,3470.456,85,108
1970-01-01 00:00:00.000000110,3458.0933,85,108
1970-01-01 00:00:00.000000111,3456.7292,85,108
1970-01-01 00:00:00.000000112,3443.1968,85,108
1970-01-01 00:00:00.000000113,3458.084,85,108
1970-01-01 00:00:00.000000114,3471.2434,85,108
1970-01-01 00:00:00.000000110,3458.0933,85,109
1970-01-01 00:00:00.000000111,3456.7292,85,109
1970-01-01 00:00:00.000000112,3443.1968,85,109
1970-01-01 00:00:00.000000113,3458.084,85,109
1970-01-01 00:00:00.000000114,3471.2434,85,109
1970-01-01 00:00:00.000000115,3462.9048,85,109
1970-01-01 00:00:00.000000111,3456.7292,85,110
1970-01-01 00:00:00.000000112,3443.1968,85,110
1970-01-01 00:00:00.000000113,3458.084,85,110
1970-01-01 00:00:00.000000114,3471.2434,85,110
1970-01-01 00:00:00.000000115,3462.9048,85,110
1970-01-01 00:00:00.000000116,3469.9746,85,110
1970-01-01 00:00:00.000000112,3443.1968,85,111
1970-01-01 00:00:00.000000113,3458.084,85,111
1970-01-01 00:00:00.000000114,3471.2434,85,111
1970-01-01 00:00:00.000000115,3462.9048,85,111
1970-01-01 00:00:00.000000116,3469.9746,85,111
1970-01-01 00:00:00.000000117,3469.146,85,111
1970-01-01 00:00:00.000000113,3458.084,85,112
1970-01-01 00:00:00.000000114,3471.2434,85,112
1970-01-01 00:00:00.000000115,3462.9048,85,112
1970-01-01 00:00:00.000000116,3469.9746,85,112
1970-01-01 00:00:00.000000117,3469.146,85,112
1970-01-01 00:00:00.000000118,3472.1287,85,112
1970-01-01 00:00:00.000000114,3471.2434,85,113
1970-01-01 00:00:00.000000115,3462.9048,85,113
1970-01-01 00:00:00.000000116,3469.9746,85,113
1970-01-01 00:00:00.000000117,3469.146,85,113
1970-01-01 00:00:00.000000118,3472.1287,85,113
1970-01-01 00:00:00.000000119,3497.628,85,113
1970-01-01 00:00:00.000000115,3462.9048,85,114
1970-01-01 00:00:00.000000116,3469.9746,85,114
1970-01-01 00:00:00.000000117,3469.146,85,114
1970-01-01 00:00:00.000000118,3472.1287,85,114
1970-01-01 00:00:00.000000119,3497.628,85,114
1970-01-01 00:00:00.000000120,3510.4792,85,114
1970-01-01 00:00:00.000000116,3469.9746,85,115
1970-01-01 00:00:00.000000117,3469.146,85,115
1970-01-01 00:00:00.000000118,3472.1287,85,115
1970-01-01 00:00:00.000000119,3497.628,85,115
1970-01-01 00:00:00.000000120,3510.4792,85,115
1970-01-01 00:00:00.000000121,3520.308,85,115
1970-01-01 00:00:00.000000117,3469.146,85,116
1970-01-01 00:00:00.000000118,3472.1287,85,116
1970-01-01 00:00:00.000000119,3497.628,85,116
1970-01-01 00:00:00.000000120,3510.4792,85,116
1970-01-01 00:00:00.000000121,3520.308,85,116
1970-01-01 00:00:00.000000122,3534.702,85,116
1970-01-01 00:00:00.000000118,3472.1287,85,117
1970-01-01 00:00:00.000000119,3497.628,85,117
1970-01-01 00:00:00.000000120,3510.4792,85,117
1970-01-01 00:00:00.000000121,3520.308,85,117
1970-01-01 00:00:00.000000122,3534.702,85,117
1970-01-01 00:00:00.000000123,3538.5007,85,117
1970-01-01 00:00:00.000000119,3497.628,85,118
1970-01-01 00:00:00.000000120,3510.4792,85,118
1970-01-01 00:00:00.000000121,3520.308,85,118
1970-01-01 00:00:00.000000122,3534.702,85,118
1970-01-01 00:00:00.000000123,3538.5007,85,118
1970-01-01 00:00:00.000000124,3544.938,85,118
1970-01-01 00:00:00.000000120,3510.4792,85,119
1970-01-01 00:00:00.000000121,3520.308,85,119
1970-01-01 00:00:00.000000122,3534.702,85,119
1970-01-01 00:00:00.000000123,3538.5007,85,119
1970-01-01 00:00:00.000000124,3544.938,85,119
1970-01-01 00:00:00.000000125,3550.666,85,119
1970-01-01 00:00:00.000000121,3520.308,85,120
1970-01-01 00:00:00.000000122,3534.702,85,120
1970-01-01 00:00:00.000000123,3538.5007,85,120
1970-01-01 00:00:00.000000124,3544.938,85,120
1970-01-01 00:00:00.000000125,3550.666,85,120
1970-01-01 00:00:00.000000126,3546.7146,85,120
1970-01-01 00:00:00.000000122,3534.702,85,121
1970-01-01 00:00:00.000000123,3538.5007,85,121
1970-01-01 00:00:00.000000124,3544.938,85,121
1970-01-01 00:00:00.000000125,3550.666,85,121
1970-01-01 00:00:00.000000126,3546.7146,85,121
1970-01-01 00:00:00.000000127,3549.7273,85,121
1970-01-01 00:00:00.000000123,3538.5007,85,122
1970-01-01 00:00:00.000000124,3544.938,85,122
1970-01-01 00:00:00.000000125,3550.666,85,122
1970-01-01 00:00:00.000000126,3546.7146,85,122
1970-01-01 00:00:00.000000127,3549.7273,85,122
1970-01-01 00:00:00.000000128,3559.4646,85,122
1970-01-01 00:00:00.000000124,3544.938,85,123
1970-01-01 00:00:00.000000125,3550.666,85,123
1970-01-01 00:00:00.000000126,3546.7146,85,123
1970-01-01 00:00:00.000000127,3549.7273,85,123
1970-01-01 00:00:00.000000128,3559.4646,85,123
1970-01-01 00:00:00.000000129,3565.4888,85,123
1970-01-01 00:00:00.000000125,3550.666,85,124
1970-01-01 00:00:00.000000126,3546.7146,85,124
1970-01-01 00:00:00.000000127,3549.7273,85,124
1970-01-01 00:00:00.000000128,3559.4646,85,124
1970-01-01 00:00:00.000000129,3565.4888,85,124
1970-01-01 00:00:00.000000130,3578.9307,85,124
1970-01-01 00:00:00.000000126,3546.7146,85,125
1970-01-01 00:00:00.000000127,3549.7273,85,125
1970-01-01 00:00:00.000000128,3559.4646,85,125
1970-01-01 00:00:00.000000129,3565.4888,85,125
1970-01-01 00:00:00.000000130,3578.9307,85,125
1970-01-01 00:00:00.000000131,3588.6348,85,125
1970-01-01 00:00:00.000000127,3549.7273,85,126
1970-01-01 00:00:00.000000128,3559.4646,85,126
1970-01-01 00:00:00.000000129,3565.4888,85,126
1970-01-01 00:00:00.000000130,3578.9307,85,126
1970-01-01 00:00:00.000000131,3588.6348,85,126
1970-01-01 00:00:00.000000132,3579.0427,85,126
1970-01-01 00:00:00.000000128,3559.4646,85,127
1970-01-01 00:00:00.000000129,3565.4888,85,127
1970-01-01 00:00:00.000000130,3578.9307,85,127
1970-01-01 00:00:00.000000131,3588.6348,85,127
1970-01-01 00:00:00.000000132,3579.0427,85,127
1970-01-01 00:00:00.000000133,3578.6353,85,127
1970-01-01 00:00:00.000000129,3565.4888,85,128
1970-01-01 00:00:00.000000130,3578.9307,85,128
1970-01-01 00:00:00.000000131,3588.6348,85,128
1970-01-01 00:00:00.000000132,3579.0427,85,128
1970-01-01 00:00:00.000000133,3578.6353,85,128
1970-01-01 00:00:00.000000134,3575.9307,85,128
1970-01-01 00:00:00.000000130,3578.9307,85,129
1970-01-01 00:00:00.000000131,3588.6348,85,129
1970-01-01 00:00:00.000000132,3579.0427,85,129
1970-01-01 00:00:00.000000133,3578.6353,85,129
1970-01-01 00:00:00.000000134,3575.9307,85,129
1970-01-01 00:00:00.000000135,3562.406,85,129
1970-01-01 00:00:00.000000131,3588.6348,85,130
1970-01-01 00:00:00.000000132,3579.0427,85,130
1970-01-01 00:00:00.000000133,3578.6353,85,130
1970-01-01 00:00:00.000000134,3575.9307,85,130
1970-01-01 00:00:00.000000135,3562.406,85,130
1970-01-01 00:00:00.000000136,3575.604,85,130
1970-01-01 00:00:00.000000132,3579.0427,85,131
1970-01-01 00:00:00.000000133,3578.6353,85,131
1970-01-01 00:00:00.000000134,3575.9307,85,131
1970-01-01 00:00:00.000000135,3562.406,85,131
1970-01-01 00:00:00.000000136,3575.604,85,131
1970-01-01 00:00:00.000000137,3586.3926,85,131
1970-01-01 00:00:00.000000133,3578.6353,85,132
1970-01-01 00:00:00.000000134,3575.9307,85,132
1970-01-01 00:00:00.000000135,3562.406,85,132
1970-01-01 00:00:00.000000136,3575.604,85,132
1970-01-01 00:00:00.000000137,3586.3926,85,132
1970-01-01 00:00:00.000000138,3577.1367,85,132
1970-01-01 00:00:00.000000134,3575.9307,85,133
1970-01-01 00:00:00.000000135,3562.406,85,133
1970-01-01 00:00:00.000000136,3575.604,85,133
1970-01-01 00:00:00.000000137,3586.3926,85,133
1970-01-01 00:00:00.000000138,3577.1367,85,133
1970-01-01 00:00:00.000000139,3587.4414,85,133
1970-01-01 00:00:00.000000135,3562.406,85,134
1970-01-01 00:00:00.000000136,3575.604,85,134
1970-01-01 00:00:00.000000137,3586.3926,85,134
1970-01-01 00:00:00.000000138,3577.1367,85,134
1970-01-01 00:00:00.000000139,3587.4414,85,134
1970-01-01 00:00:00.000000140,3578.1414,85,134
1970-01-01 00:00:00.000000136,3575.604,85,135
1970-01-01 00:00:00.000000137,3586.3926,85,135
1970-01-01 00:00:00.000000138,3577.1367,85,135
1970-01-01 00:00:00.000000139,3587.4414,85,135
1970-01-01 00:00:00.000000140,3578.1414,85,135
1970-01-01 00:00:00.000000141,3560.3154,85,135
1970-01-01 00:00:00.000000137,3586.3926,85,136
1970-01-01 00:00:00.000000138,3577.1367,85,136
1970-01-01 00:00:00.000000139,3587.4414,85,136
1970-01-01 00:00:00.000000140,3578.1414,85,136
1970-01-01 00:00:00.000000141,3560.3154,85,136
1970-01-01 00:00:00.000000142,3582.7886,85,136
1970-01-01 00:00:00.000000138,3577.1367,85,137
1970-01-01 00:00:00.000000139,3587.4414,85,137
1970-01-01 00:00:00.000000140,3578.1414,85,137
1970-01-01 00:00:00.000000141,3560.3154,85,137
1970-01-01 00:00:00.000000142,3582.7886,85,137
1970-01-01 00:00:00.000000143,3581.2166,85,137
1970-01-01 00:00:00.000000139,3587.4414,85,138
1970-01-01 00:00:00.000000140,3578.1414,85,138
1970-01-01 00:00:00.000000141,3560.3154,85,138
1970-01-01 00:00:00.000000142,3582.7886,85,138
1970-01-01 00:00:00.000000143,3581.2166,85,138
1970-01-01 00:00:00.000000144,3585.3413,85,138
1970-01-01 00:00:00.000000140,3578.1414,85,139
1970-01-01 00:00:00.000000141,3560.3154,85,139
1970-01-01 00:00:00.000000142,3582.7886,85,139
1970-01-01 00:00:00.000000143,3581.2166,85,139
1970-01-01 00:00:00.000000144,3585.3413,85,139
1970-01-01 00:00:00.000000145,3584.482,85,139
1970-01-01 00:00:00.000000141,3560.3154,85,140
1970-01-01 00:00:00.000000142,3582.7886,85,140
1970-01-01 00:00:00.000000143,3581.2166,85,140
1970-01-01 00:00:00.000000144,3585.3413,85,140
1970-01-01 00:00:00.000000145,3584.482,85,140
1970-01-01 00:00:00.000000146,3558.6028,85,140
1970-01-01 00:00:00.000000142,3582.7886,85,141
1970-01-01 00:00:00.000000143,3581.2166,85,141
1970-01-01 00:00:00.000000144,3585.3413,85,141
1970-01-01 00:00:00.000000145,3584.482,85,141
1970-01-01 00:00:00.000000146,3558.6028,85,141
1970-01-01 00:00:00.000000147,3565.9934,85,141
1970-01-01 00:00:00.000000143,3581.2166,85,142
1970-01-01 00:00:00.000000144,3585.3413,85,142
1970-01-01 00:00:00.000000145,3584.482,85,142
1970-01-01 00:00:00.000000146,3558.6028,85,142
1970-01-01 00:00:00.000000147,3565.9934,85,142
1970-01-01 00:00:00.000000148,3575.7434,85,142
1970-01-01 00:00:00.000000144,3585.3413,85,143
1970-01-01 00:00:00.000000145,3584.482,85,143
1970-01-01 00:00:00.000000146,3558.6028,85,143
1970-01-01 00:00:00.000000147,3565.9934,85,143
1970-01-01 00:00:00.000000148,3575.7434,85,143
1970-01-01 00:00:00.000000149,3584.9446,85,143
1970-01-01 00:00:00.000000145,3584.482,85,144
1970-01-01 00:00:00.000000146,3558.6028,85,144
1970-01-01 00:00:00.000000147,3565.9934,85,144
1970-01-01 00:00:00.000000148,3575.7434,85,144
1970-01-01 00:00:00.000000149,3584.9446,85,144
1970-01-01 00:00:00.000000150,3604.1606,85,144
1970-01-01 00:00:00.000000146,3558.6028,85,145
1970-01-01 00:00:00.000000147,3565.9934,85,145
1970-01-01 00:00:00.000000148,3575.7434,85,145
1970-01-01 00:00:00.000000149,3584.9446,85,145
1970-01-01 00:00:00.000000150,3604.1606,85,145
1970-01-01 00:00:00.000000151,3597.232,85,145
1970-01-01 00:00:00.000000147,3565.9934,85,146
1970-01-01 00:00:00.000000148,3575.7434,85,146
1970-01-01 00:00:00.000000149,3584.9446,85,146
1970-01-01 00:00:00.000000150,3604.1606,85,146
1970-01-01 00:00:00.000000151,3597.232,85,146
1970-01-01 00:00:00.000000152,3579.2947,85,146
1970-01-01 00:00:00.000000148,3575.7434,85,147
1970-01-01 00:00:00.000000149,3584.9446,85,147
1970-01-01 00:00:00.000000150,3604.1606,85,147
1970-01-01 00:00:00.000000151,3597.232,85,147
1970-01-01 00:00:00.000000152,3579.2947,85,147
1970-01-01 00:00:00.000000153,3574.6946,85,147
1970-01-01 00:00:00.000000149,3584.9446,85,148
1970-01-01 00:00:00.000000150,3604.1606,85,148
1970-01-01 00:00:00.000000151,3597.232,85,148
1970-01-01 00:00:00.000000152,3579.2947,85,148
1970-01-01 00:00:00.000000153,3574.6946,85,148
1970-01-01 00:00:00.000000154,3556.304,85,148
1970-01-01 00:00:00.000000150,3604.1606,85,149
1970-01-01 00:00:00.000000151,3597.232,85,149
1970-01-01 00:00:00.000000152,3579.2947,85,149
1970-01-01 00:00:00.000000153,3574.6946,85,149
1970-01-01 00:00:00.000000154,3556.304,85,149
1970-01-01 00:00:00.000000155,3539.9854,85,149
1970-01-01 00:00:00.000000151,3597.232,85,150
1970-01-01 00:00:00.000000152,3579.2947,85,150
1970-01-01 00:00:00.000000153,3574.6946,85,150
1970-01-01 00:00:00.000000154,3556.304,85,150
1970-01-01 00:00:00.000000155,3539.9854,85,150
1970-01-01 00:00:00.000000156,3537.1667,85,150
1970-01-01 00:00:00.000000152,3579.2947,85,151
1970-01-01 00:00:00.000000153,3574.6946,85,151
1970-01-01 00:00:00.000000154,3556.304,85,151
1970-01-01 00:00:00.000000155,3539.9854,85,151
1970-01-01 00:00:00.000000156,3537.1667,85,151
1970-01-01 00:00:00.000000157,3533.976,85,151
1970-01-01 00:00:00.000000153,3574.6946,85,152
1970-01-01 00:00:00.000000154,3556.304,85,152
1970-01-01 00:00:00.000000155,3539.9854,85,152
1970-01-01 00:00:00.000000156,3537.1667,85,152
1970-01-01 00:00:00.000000157,3533.976,85,152
1970-01-01 00:00:00.000000158,3526.1133,85,152
1970-01-01 00:00:00.000000154,3556.304,85,153
1970-01-01 00:00:00.000000155,3539.9854,85,153
1970-01-01 00:00:00.000000156,3537.1667,85,153
1970-01-01 00:00:00.000000157,3533.976,85,153
1970-01-01 00:00:00.000000158,3526.1133,85,153
1970-01-01 00:00:00.000000159,3525.3447,85,153
1970-01-01 00:00:00.000000155,3539.9854,85,154
1970-01-01 00:00:00.000000156,3537.1667,85,154
1970-01-01 00:00:00.000000157,3533.976,85,154
1970-01-01 00:00:00.000000158,3526.1133,85,154
1970-01-01 00:00:00.000000159,3525.3447,85,154
1970-01-01 00:00:00.000000160,3515.3748,85,154
1970-01-01 00:00:00.000000156,3537.1667,85,155
1970-01-01 00:00:00.000000157,3533.976,85,155
1970-01-01 00:00:00.000000158,3526.1133,85,155
1970-01-01 00:00:00.000000159,3525.3447,85,155
1970-01-01 00:00:00.000000160,3515.3748,85,155
1970-01-01 00:00:00.000000161,3498.6133,85,155
1970-01-01 00:00:00.000000157,3533.976,85,156
1970-01-01 00:00:00.000000158,3526.1133,85,156
1970-01-01 00:00:00.000000159,3525.3447,85,156
1970-01-01 00:00:00.000000160,3515.3748,85,156
1970-01-01 00:00:00.000000161,3498.6133,85,156
1970-01-01 00:00:00.000000162,3495.5847,85,156
1970-01-01 00:00:00.000000158,3526.1133,85,157
1970-01-01 00:00:00.000000159,3525.3447,85,157
1970-01-01 00:00:00.000000160,3515.3748,85,157
1970-01-01 00:00:00.000000161,3498.6133,85,157
1970-01-01 00:00:00.000000162,3495.5847,85,157
1970-01-01 00:00:00.000000163,3481.1106,85,157
1970-01-01 00:00:00.000000159,3525.3447,85,158
1970-01-01 00:00:00.000000160,3515.3748,85,158
1970-01-01 00:00:00.000000161,3498.6133,85,158
1970-01-01 00:00:00.000000162,3495.5847,85,158
1970-01-01 00:00:00.000000163,3481.1106,85,158
1970-01-01 00:00:00.000000164,3484.9473,85,158
1970-01-01 00:00:00.000000160,3515.3748,85,159
1970-01-01 00:00:00.000000161,3498.6133,85,159
1970-01-01 00:00:00.000000162,3495.5847,85,159
1970-01-01 00:00:00.000000163,3481.1106,85,159
1970-01-01 00:00:00.000000164,3484.9473,85,159
1970-01-01 00:00:00.000000165,3491.4133,85,159
1970-01-01 00:00:00.000000161,3498.6133,85,160
1970-01-01 00:00:00.000000162,3495.5847,85,160
1970-01-01 00:00:00.000000163,3481.1106,85,160
1970-01-01 00:00:00.000000164,3484.9473,85,160
1970-01-01 00:00:00.000000165,3491.4133,85,160
1970-01-01 00:00:00.000000166,3488.0312,85,160
1970-01-01 00:00:00.000000162,3495.5847,85,161
1970-01-01 00:00:00.000000163,3481.1106,85,161
1970-01-01 00:00:00.000000164,3484.9473,85,161
1970-01-01 00:00:00.000000165,3491.4133,85,161
1970-01-01 00:00:00.000000166,3488.0312,85,161
1970-01-01 00:00:00.000000167,3499.1353,85,161
1970-01-01 00:00:00.000000163,3481.1106,85,162
1970-01-01 00:00:00.000000164,3484.9473,85,162
1970-01-01 00:00:00.000000165,3491.4133,85,162
1970-01-01 00:00:00.000000166,3488.0312,85,162
1970-01-01 00:00:00.000000167,3499.1353,85,162
1970-01-01 00:00:00.000000168,3499.7507,85,162
1970-01-01 00:00:00.000000164,3484.9473,85,163
1970-01-01 00:00:00.000000165,3491.4133,85,163
1970-01-01 00:00:00.000000166,3488.0312,85,163
1970-01-01 00:00:00.000000167,3499.1353,85,163
1970-01-01 00:00:00.000000168,3499.7507,85,163
1970-01-01 00:00:00.000000169,3489.6968,85,163
1970-01-01 00:00:00.000000165,3491.4133,85,164
1970-01-01 00:00:00.000000166,3488.0312,85,164
1970-01-01 00:00:00.000000167,3499.1353,85,164
1970-01-01 00:00:00.000000168,3499.7507,85,164
1970-01-01 00:00:00.000000169,3489.6968,85,164
1970-01-01 00:00:00.000000170,3511.9734,85,164
1970-01-01 00:00:00.000000166,3488.0312,85,165
1970-01-01 00:00:00.000000167,3499.1353,85,165
1970-01-01 00:00:00.000000168,3499.7507,85,165
1970-01-01 00:00:00.000000169,3489.6968,85,165
1970-01-01 00:00:00.000000170,3511.9734,85,165
1970-01-01 00:00:00.000000171,3517.9368,85,165
1970-01-01 00:00:00.000000167,3499.1353,85,166
1970-01-01 00:00:00.000000168,3499.7507,85,166
1970-01-01 00:00:00.000000169,3489.6968,85,166
1970-01-01 00:00:00.000000170,3511.9734,85,166
1970-01-01 00:00:00.000000171,3517.9368,85,166
1970-01-01 00:00:00.000000172,3524.15,85,166
1970-01-01 00:00:00.000000168,3499.7507,85,167
1970-01-01 00:00:00.000000169,3489.6968,85,167
1970-01-01 00:00:00.000000170,3511.9734,85,167
1970-01-01 00:00:00.000000171,3517.9368,85,167
1970-01-01 00:00:00.000000172,3524.15,85,167
1970-01-01 00:00:00.000000173,3544.828,85,167
1970-01-01 00:00:00.000000169,3489.6968,85,168
1970-01-01 00:00:00.000000170,3511.9734,85,168
1970-01-01 00:00:00.000000171,3517.9368,85,168
1970-01-01 00:00:00.000000172,3524.15,85,168
1970-01-01 00:00:00.000000173,3544.828,85,168
1970-01-01 00:00:00.000000174,3542.2712,85,168
1970-01-01 00:00:00.000000170,3511.9734,85,169
1970-01-01 00:00:00.000000171,3517.9368,85,169
1970-01-01 00:00:00.000000172,3524.15,85,169
1970-01-01 00:00:00.000000173,3544.828,85,169
1970-01-01 00:00:00.000000174,3542.2712,85,169
1970-01-01 00:00:00.000000175,3540.818,85,169
1970-01-01 00:00:00.000000171,3517.9368,85,170
1970-01-01 00:00:00.000000172,3524.15,85,170
1970-01-01 00:00:00.000000173,3544.828,85,170
1970-01-01 00:00:00.000000174,3542.2712,85,170
1970-01-01 00:00:00.000000175,3540.818,85,170
1970-01-01 00:00:00.000000176,3535.0493,85,170
1970-01-01 00:00:00.000000172,3524.15,85,171
1970-01-01 00:00:00.000000173,3544.828,85,171
1970-01-01 00:00:00.000000174,3542.2712,85,171
1970-01-01 00:00:00.000000175,3540.818,85,171
1970-01-01 00:00:00.000000176,3535.0493,85,171
1970-01-01 00:00:00.000000177,3517.956,85,171
1970-01-01 00:00:00.000000173,3544.828,85,172
1970-01-01 00:00:00.000000174,3542.2712,85,172
1970-01-01 00:00:00.000000175,3540.818,85,172
1970-01-01 00:00:00.000000176,3535.0493,85,172
1970-01-01 00:00:00.000000177,3517.956,85,172
1970-01-01 00:00:00.000000178,3502.2026,85,172
1970-01-01 00:00:00.000000174,3542.2712,85,173
1970-01-01 00:00:00.000000175,3540.818,85,173
1970-01-01 00:00:00.000000176,3535.0493,85,173
1970-01-01 00:00:00.000000177,3517.956,85,173
1970-01-01 00:00:00.000000178,3502.2026,85,173
1970-01-01 00:00:00.000000179,3499.3452,85,173
1970-01-01 00:00:00.000000175,3540.818,85,174
1970-01-01 00:00:00.000000176,3535.0493,85,174
1970-01-01 00:00:00.000000177,3517.956,85,174
1970-01-01 00:00:00.000000178,3502.2026,85,174
1970-01-01 00:00:00.000000179,3499.3452,85,174
1970-01-01 00:00:00.000000180,3486.0374,85,174
1970-01-01 00:00:00.000000176,3535.0493,85,175
1970-01-01 00:00:00.000000177,3517.956,85,175
1970-01-01 00:00:00.000000178,3502.2026,85,175
1970-01-01 00:00:00.000000179,3499.3452,85,175
1970-01-01 00:00:00.000000180,3486.0374,85,175
1970-01-01 00:00:00.000000181,3495.274,85,175
1970-01-01 00:00:00.000000177,3517.956,85,176
1970-01-01 00:00:00.000000178,3502.2026,85,176
1970-01-01 00:00:00.000000179,3499.3452,85,176
1970-01-01 00:00:00.000000180,3486.0374,85,176
1970-01-01 00:00:00.000000181,3495.274,85,176
1970-01-01 00:00:00.000000182,3514.0254,85,176
1970-01-01 00:00:00.000000178,3502.2026,85,177
1970-01-01 00:00:00.000000179,3499.3452,85,177
1970-01-01 00:00:00.000000180,3486.0374,85,177
1970-01-01 00:00:00.000000181,3495.274,85,177
1970-01-01 00:00:00.000000182,3514.0254,85,177
1970-01-01 00:00:00.000000183,3518.112,85,177
1970-01-01 00:00:00.000000179,3499.3452,85,178
1970-01-01 00:00:00.000000180,3486.0374,85,178
1970-01-01 00:00:00.000000181,3495.274,85,178
1970-01-01 00:00:00.000000182,3514.0254,85,178
1970-01-01 00:00:00.000000183,3518.112,85,178
1970-01-01 00:00:00.000000184,3541.5454,85,178
1970-01-01 00:00:00.000000180,3486.0374,85,179
1970-01-01 00:00:00.000000181,3495.274,85,179
1970-01-01 00:00:00.000000182,3514.0254,85,179
1970-01-01 00:00:00.000000183,3518.112,85,179
1970-01-01 00:00:00.000000184,3541.5454,85,179
1970-01-01 00:00:00.000000185,3550.0286,85,179
1970-01-01 00:00:00.000000181,3495.274,85,180
1970-01-01 00:00:00.000000182,3514.0254,85,180
1970-01-01 00:00:00.000000183,3518.112,85,180
1970-01-01 00:00:00.000000184,3541.5454,85,180
1970-01-01 00:00:00.000000185,3550.0286,85,180
1970-01-01 00:00:00.000000186,3544.2466,85,180
1970-01-01 00:00:00.000000182,3514.0254,85,181
1970-01-01 00:00:00.000000183,3518.112,85,181
1970-01-01 00:00:00.000000184,3541.5454,85,181
1970-01-01 00:00:00.000000185,3550.0286,85,181
1970-01-01 00:00:00.000000186,3544.2466,85,181
1970-01-01 00:00:00.000000187,3554.7686,85,181
1970-01-01 00:00:00.000000183,3518.112,85,182
1970-01-01 00:00:00.000000184,3541.5454,85,182
1970-01-01 00:00:00.000000185,3550.0286,85,182
1970-01-01 00:00:00.000000186,3544.2466,85,182
1970-01-01 00:00:00.000000187,3554.7686,85,182
1970-01-01 00:00:00.000000188,3552.5247,85,182
1970-01-01 00:00:00.000000184,3541.5454,85,183
1970-01-01 00:00:00.000000185,3550.0286,85,183
1970-01-01 00:00:00.000000186,3544.2466,85,183
1970-01-01 00:00:00.000000187,3554.7686,85,183
1970-01-01 00:00:00.000000188,3552.5247,85,183
1970-01-01 00:00:00.000000189,3535.4353,85,183
1970-01-01 00:00:00.000000185,3550.0286,85,184
1970-01-01 00:00:00.000000186,3544.2466,85,184
1970-01-01 00:00:00.000000187,3554.7686,85,184
1970-01-01 00:00:00.000000188,3552.5247,85,184
1970-01-01 00:00:00.000000189,3535.4353,85,184
1970-01-01 00:00:00.000000190,3534.328,85,184
1970-01-01 00:00:00.000000186,3544.2466,85,185
1970-01-01 00:00:00.000000187,3554.7686,85,185
1970-01-01 00:00:00.000000188,3552.5247,85,185
1970-01-01 00:00:00.000000189,3535.4353,85,185
1970-01-01 00:00:00.000000190,3534.328,85,185
1970-01-01 00:00:00.000000191,3527.4673,85,185
1970-01-01 00:00:00.000000187,3554.7686,85,186
1970-01-01 00:00:00.000000188,3552.5247,85,186
1970-01-01 00:00:00.000000189,3535.4353,85,186
1970-01-01 00:00:00.000000190,3534.328,85,186
1970-01-01 00:00:00.000000191,3527.4673,85,186
1970-01-01 00:00:00.000000192,3509.556,85,186
1970-01-01 00:00:00.000000188,3552.5247,85,187
1970-01-01 00:00:00.000000189,3535.4353,85,187
1970-01-01 00:00:00.000000190,3534.328,85,187
1970-01-01 00:00:00.000000191,3527.4673,85,187
1970-01-01 00:00:00.000000192,3509.556,85,187
1970-01-01 00:00:00.000000193,3512.2954,85,187
1970-01-01 00:00:00.000000189,3535.4353,85,188
1970-01-01 00:00:00.000000190,3534.328,85,188
1970-01-01 00:00:00.000000191,3527.4673,85,188
1970-01-01 00:00:00.000000192,3509.556,85,188
1970-01-01 00:00:00.000000193,3512.2954,85,188
1970-01-01 00:00:00.000000194,3500.064,85,188
1970-01-01 00:00:00.000000190,3534.328,85,189
1970-01-01 00:00:00.000000191,3527.4673,85,189
1970-01-01 00:00:00.000000192,3509.556,85,189
1970-01-01 00:00:00.000000193,3512.2954,85,189
1970-01-01 00:00:00.000000194,3500.064,85,189
1970-01-01 00:00:00.000000195,3489.656,85,189
1970-01-01 00:00:00.000000191,3527.4673,85,190
1970-01-01 00:00:00.000000192,3509.556,85,190
1970-01-01 00:00:00.000000193,3512.2954,85,190
1970-01-01 00:00:00.000000194,3500.064,85,190
1970-01-01 00:00:00.000000195,3489.656,85,190
1970-01-01 00:00:00.000000196,3493.6814,85,190
1970-01-01 00:00:00.000000192,3509.556,85,191
1970-01-01 00:00:00.000000193,3512.2954,85,191
1970-01-01 00:00:00.000000194,3500.064,85,191
1970-01-01 00:00:00.000000195,3489.656,85,191
1970-01-01 00:00:00.000000196,3493.6814,85,191
1970-01-01 00:00:00.000000197,3484.04,85,191
1970-01-01 00:00:00.000000193,3512.2954,85,192
1970-01-01 00:00:00.000000194,3500.064,85,192
1970-01-01 00:00:00.000000195,3489.656,85,192
1970-01-01 00:00:00.000000196,3493.6814,85,192
1970-01-01 00:00:00.000000197,3484.04,85,192
1970-01-01 00:00:00.000000198,3486.13,85,192
1970-01-01 00:00:00.000000194,3500.064,85,193
1970-01-01 00:00:00.000000195,3489.656,85,193
1970-01-01 00:00:00.000000196,3493.6814,85,193
1970-01-01 00:00:00.000000197,3484.04,85,193
1970-01-01 00:00:00.000000198,3486.13,85,193
1970-01-01 00:00:00.000000199,3488.7634,85,193
1970-01-01 00:00:00.000000195,3489.656,85,194
1970-01-01 00:00:00.000000196,3493.6814,85,194
1970-01-01 00:00:00.000000197,3484.04,85,194
1970-01-01 00:00:00.000000198,3486.13,85,194
1970-01-01 00:00:00.000000199,3488.7634,85,194
1970-01-01 00:00:00.000000200,3489.4888,85,194
1970-01-01 00:00:00.000000196,3493.6814,85,195
1970-01-01 00:00:00.000000197,3484.04,85,195
1970-01-01 00:00:00.000000198,3486.13,85,195
1970-01-01 00:00:00.000000199,3488.7634,85,195
1970-01-01 00:00:00.000000200,3489.4888,85,195
1970-01-01 00:00:00.000000201,3506.3953,85,195
1970-01-01 00:00:00.000000197,3484.04,85,196
1970-01-01 00:00:00.000000198,3486.13,85,196
1970-01-01 00:00:00.000000199,3488.7634,85,196
1970-01-01 00:00:00.000000200,3489.4888,85,196
1970-01-01 00:00:00.000000201,3506.3953,85,196
1970-01-01 00:00:00.000000202,3511.7292,85,196
1970-01-01 00:00:00.000000198,3486.13,85,197
1970-01-01 00:00:00.000000199,3488.7634,85,197
1970-01-01 00:00:00.000000200,3489.4888,85,197
1970-01-01 00:00:00.000000201,3506.3953,85,197
1970-01-01 00:00:00.000000202,3511.7292,85,197
1970-01-01 00:00:00.000000203,3506.698,85,197
1970-01-01 00:00:00.000000199,3488.7634,85,198
1970-01-01 00:00:00.000000200,3489.4888,85,198
1970-01-01 00:00:00.000000201,3506.3953,85,198
1970-01-01 00:00:00.000000202,3511.7292,85,198
1970-01-01 00:00:00.000000203,3506.698,85,198
1970-01-01 00:00:00.000000204,3511.1013,85,198
1970-01-01 00:00:00.000000200,3489.4888,85,199
1970-01-01 00:00:00.000000201,3506.3953,85,199
1970-01-01 00:00:00.000000202,3511.7292,85,199
1970-01-01 00:00:00.000000203,3506.698,85,199
1970-01-01 00:00:00.000000204,3511.1013,85,199
1970-01-01 00:00:00.000000205,3504.8906,85,199
1970-01-01 00:00:00.000000201,3506.3953,85,200
1970-01-01 00:00:00.000000202,3511.7292,85,200
1970-01-01 00:00:00.000000203,3506.698,85,200
1970-01-01 00:00:00.000000204,3511.1013,85,200
1970-01-01 00:00:00.000000205,3504.8906,85,200
1970-01-01 00:00:00.000000206,3504.782,85,200
1970-01-01 00:00:00.000000202,3511.7292,85,201
1970-01-01 00:00:00.000000203,3506.698,85,201
1970-01-01 00:00:00.000000204,3511.1013,85,201
1970-01-01 00:00:00.000000205,3504.8906,85,201
1970-01-01 00:00:00.000000206,3504.782,85,201
1970-01-01 00:00:00.000000207,3517.458,85,201
1970-01-01 00:00:00.000000203,3506.698,85,202
1970-01-01 00:00:00.000000204,3511.1013,85,202
1970-01-01 00:00:00.000000205,3504.8906,85,202
1970-01-01 00:00:00.000000206,3504.782,85,202
1970-01-01 00:00:00.000000207,3517.458,85,202
1970-01-01 00:00:00.000000208,3516.044,85,202
1970-01-01 00:00:00.000000204,3511.1013,85,203
1970-01-01 00:00:00.000000205,3504.8906,85,203
1970-01-01 00:00:00.000000206,3504.782,85,203
1970-01-01 00:00:00.000000207,3517.458,85,203
1970-01-01 00:00:00.000000208,3516.044,85,203
1970-01-01 00:00:00.000000209,3506.5632,85,203
1970-01-01 00:00:00.000000205,3504.8906,85,204
1970-01-01 00:00:00.000000206,3504.782,85,204
1970-01-01 00:00:00.000000207,3517.458,85,204
1970-01-01 00:00:00.000000208,3516.044,85,204
1970-01-01 00:00:00.000000209,3506.5632,85,204
1970-01-01 00:00:00.000000210,3506.372,85,204
1970-01-01 00:00:00.000000206,3504.782,85,205
1970-01-01 00:00:00.000000207,3517.458,85,205
1970-01-01 00:00:00.000000208,3516.044,85,205
1970-01-01 00:00:00.000000209,3506.5632,85,205
1970-01-01 00:00:00.000000210,3506.372,85,205
1970-01-01 00:00:00.000000211,3496.936,85,205
1970-01-01 00:00:00.000000207,3517.458,85,206
1970-01-01 00:00:00.000000208,3516.044,85,206
1970-01-01 00:00:00.000000209,3506.5632,85,206
1970-01-01 00:00:00.000000210,3506.372,85,206
1970-01-01 00:00:00.000000211,3496.936,85,206
1970-01-01 00:00:00.000000212,3484.6047,85,206
1970-01-01 00:00:00.000000208,3516.044,85,207
1970-01-01 00:00:00.000000209,3506.5632,85,207
1970-01-01 00:00:00.000000210,3506.372,85,207
1970-01-01 00:00:00.000000211,3496.936,85,207
1970-01-01 00:00:00.000000212,3484.6047,85,207
1970-01-01 00:00:00.000000213,3493.6367,85,207
1970-01-01 00:00:00.000000209,3506.5632,85,208
1970-01-01 00:00:00.000000210,3506.372,85,208
1970-01-01 00:00:00.000000211,3496.936,85,208
1970-01-01 00:00:00.000000212,3484.6047,85,208
1970-01-01 00:00:00.000000213,3493.6367,85,208
1970-01-01 00:00:00.000000214,3480.7134,85,208
1970-01-01 00:00:00.000000210,3506.372,85,209
1970-01-01 00:00:00.000000211,3496.936,85,209
1970-01-01 00:00:00.000000212,3484.6047,85,209
1970-01-01 00:00:00.000000213,3493.6367,85,209
1970-01-01 00:00:00.000000214,3480.7134,85,209
1970-01-01 00:00:00.000000215,3479.0894,85,209
1970-01-01 00:00:00.000000211,3496.936,85,210
1970-01-01 00:00:00.000000212,3484.6047,85,210
1970-01-01 00:00:00.000000213,3493.6367,85,210
1970-01-01 00:00:00.000000214,3480.7134,85,210
1970-01-01 00:00:00.000000215,3479.0894,85,210
1970-01-01 00:00:00.000000216,3490.9746,85,210
1970-01-01 00:00:00.000000212,3484.6047,85,211
1970-01-01 00:00:00.000000213,3493.6367,85,211
1970-01-01 00:00:00.000000214,3480.7134,85,211
1970-01-01 00:00:00.000000215,3479.0894,85,211
1970-01-01 00:00:00.000000216,3490.9746,85,211
1970-01-01 00:00:00.000000217,3488.6133,85,211
1970-01-01 00:00:00.000000213,3493.6367,85,212
1970-01-01 00:00:00.000000214,3480.7134,85,212
1970-01-01 00:00:00.000000215,3479.0894,85,212
1970-01-01 00:00:00.000000216,3490.9746,85,212
1970-01-01 00:00:00.000000217,3488.6133,85,212
1970-01-01 00:00:00.000000218,3501.9067,85,212
1970-01-01 00:00:00.000000214,3480.7134,85,213
1970-01-01 00:00:00.000000215,3479.0894,85,213
1970-01-01 00:00:00.000000216,3490.9746,85,213
1970-01-01 00:00:00.000000217,3488.6133,85,213
1970-01-01 00:00:00.000000218,3501.9067,85,213
1970-01-01 00:00:00.000000219,3498.886,85,213
1970-01-01 00:00:00.000000215,3479.0894,85,214
1970-01-01 00:00:00.000000216,3490.9746,85,214
1970-01-01 00:00:00.000000217,3488.6133,85,214
1970-01-01 00:00:00.000000218,3501.9067,85,214
1970-01-01 00:00:00.000000219,3498.886,85,214
1970-01-01 00:00:00.000000220,3486.278,85,214
1970-01-01 00:00:00.000000216,3490.9746,85,215
1970-01-01 00:00:00.000000217,3488.6133,85,215
1970-01-01 00:00:00.000000218,3501.9067,85,215
1970-01-01 00:00:00.000000219,3498.886,85,215
1970-01-01 00:00:00.000000220,3486.278,85,215
1970-01-01 00:00:00.000000221,3494.3826,85,215
1970-01-01 00:00:00.000000217,3488.6133,85,216
1970-01-01 00:00:00.000000218,3501.9067,85,216
1970-01-01 00:00:00.000000219,3498.886,85,216
1970-01-01 00:00:00.000000220,3486.278,85,216
1970-01-01 00:00:00.000000221,3494.3826,85,216
1970-01-01 00:00:00.000000222,3492.8713,85,216
1970-01-01 00:00:00.000000218,3501.9067,85,217
1970-01-01 00:00:00.000000219,3498.886,85,217
1970-01-01 00:00:00.000000220,3486.278,85,217
1970-01-01 00:00:00.000000221,3494.3826,85,217
1970-01-01 00:00:00.000000222,3492.8713,85,217
1970-01-01 00:00:00.000000223,3491.2273,85,217
1970-01-01 00:00:00.000000219,3498.886,85,218
1970-01-01 00:00:00.000000220,3486.278,85,218
1970-01-01 00:00:00.000000221,3494.3826,85,218
1970-01-01 00:00:00.000000222,3492.8713,85,218
1970-01-01 00:00:00.000000223,3491.2273,85,218
1970-01-01 00:00:00.000000224,3487.92,85,218
1970-01-01 00:00:00.000000220,3486.278,85,219
1970-01-01 00:00:00.000000221,3494.3826,85,219
1970-01-01 00:00:00.000000222,3492.8713,85,219
1970-01-01 00:00:00.000000223,3491.2273,85,219
1970-01-01 00:00:00.000000224,3487.92,85,219
1970-01-01 00:00:00.000000225,3454.884,85,219
1970-01-01 00:00:00.000000221,3494.3826,85,220
1970-01-01 00:00:00.000000222,3492.8713,85,220
1970-01-01 00:00:00.000000223,3491.2273,85,220
1970-01-01 00:00:00.000000224,3487.92,85,220
1970-01-01 00:00:00.000000225,3454.884,85,220
1970-01-01 00:00:00.000000226,3423.1,85,220
1970-01-01 00:00:00.000000222,3492.8713,85,221
1970-01-01 00:00:00.000000223,3491.2273,85,221
1970-01-01 00:00:00.000000224,3487.92,85,221
1970-01-01 00:00:00.000000225,3454.884,85,221
1970-01-01 00:00:00.000000226,3423.1,85,221
1970-01-01 00:00:00.000000227,3387.4346,85,221
1970-01-01 00:00:00.000000223,3491.2273,85,222
1970-01-01 00:00:00.000000224,3487.92,85,222
1970-01-01 00:00:00.000000225,3454.884,85,222
1970-01-01 00:00:00.000000226,3423.1,85,222
1970-01-01 00:00:00.000000227,3387.4346,85,222
1970-01-01 00:00:00.000000228,3375.0054,85,222
1970-01-01 00:00:00.000000224,3487.92,85,223
1970-01-01 00:00:00.000000225,3454.884,85,223
1970-01-01 00:00:00.000000226,3423.1,85,223
1970-01-01 00:00:00.000000227,3387.4346,85,223
1970-01-01 00:00:00.000000228,3375.0054,85,223
1970-01-01 00:00:00.000000229,3378.5847,85,223
1970-01-01 00:00:00.000000225,3454.884,85,224
1970-01-01 00:00:00.000000226,3423.1,85,224
1970-01-01 00:00:00.000000227,3387.4346,85,224
1970-01-01 00:00:00.000000228,3375.0054,85,224
1970-01-01 00:00:00.000000229,3378.5847,85,224
1970-01-01 00:00:00.000000230,3387.396,85,224
1970-01-01 00:00:00.000000226,3423.1,85,225
1970-01-01 00:00:00.000000227,3387.4346,85,225
1970-01-01 00:00:00.000000228,3375.0054,85,225
1970-01-01 00:00:00.000000229,3378.5847,85,225
1970-01-01 00:00:00.000000230,3387.396,85,225
1970-01-01 00:00:00.000000231,3390.46,85,225
1970-01-01 00:00:00.000000227,3387.4346,85,226
1970-01-01 00:00:00.000000228,3375.0054,85,226
1970-01-01 00:00:00.000000229,3378.5847,85,226
1970-01-01 00:00:00.000000230,3387.396,85,226
1970-01-01 00:00:00.000000231,3390.46,85,226
1970-01-01 00:00:00.000000232,3397.654,85,226
1970-01-01 00:00:00.000000228,3375.0054,85,227
1970-01-01 00:00:00.000000229,3378.5847,85,227
1970-01-01 00:00:00.000000230,3387.396,85,227
1970-01-01 00:00:00.000000231,3390.46,85,227
1970-01-01 00:00:00.000000232,3397.654,85,227
1970-01-01 00:00:00.000000233,3393.8987,85,227
1970-01-01 00:00:00.000000229,3378.5847,85,228
1970-01-01 00:00:00.000000230,3387.396,85,228
1970-01-01 00:00:00.000000231,3390.46,85,228
1970-01-01 00:00:00.000000232,3397.654,85,228
1970-01-01 00:00:00.000000233,3393.8987,85,228
1970-01-01 00:00:00.000000234,3393.0886,85,228
1970-01-01 00:00:00.000000230,3387.396,85,229
1970-01-01 00:00:00.000000231,3390.46,85,229
1970-01-01 00:00:00.000000232,3397.654,85,229
1970-01-01 00:00:00.000000233,3393.8987,85,229
1970-01-01 00:00:00.000000234,3393.0886,85,229
1970-01-01 00:00:00.000000235,3401.976,85,229
1970-01-01 00:00:00.000000231,3390.46,85,230
1970-01-01 00:00:00.000000232,3397.654,85,230
1970-01-01 00:00:00.000000233,3393.8987,85,230
1970-01-01 00:00:00.000000234,3393.0886,85,230
1970-01-01 00:00:00.000000235,3401.976,85,230
1970-01-01 00:00:00.000000236,3394.4246,85,230
1970-01-01 00:00:00.000000232,3397.654,85,231
1970-01-01 00:00:00.000000233,3393.8987,85,231
1970-01-01 00:00:00.000000234,3393.0886,85,231
1970-01-01 00:00:00.000000235,3401.976,85,231
1970-01-01 00:00:00.000000236,3394.4246,85,231
1970-01-01 00:00:00.000000237,3414.3008,85,231
1970-01-01 00:00:00.000000233,3393.8987,85,232
1970-01-01 00:00:00.000000234,3393.0886,85,232
1970-01-01 00:00:00.000000235,3401.976,85,232
1970-01-01 00:00:00.000000236,3394.4246,85,232
1970-01-01 00:00:00.000000237,3414.3008,85,232
1970-01-01 00:00:00.000000238,3433.5823,85,232
1970-01-01 00:00:00.000000007,4768.139,86,6
1970-01-01 00:00:00.000000008,4778.002,86,6
1970-01-01 00:00:00.000000009,4770.85,86,6
1970-01-01 00:00:00.000000010,4784.234,86,6
1970-01-01 00:00:00.000000011,4800.8965,86,6
1970-01-01 00:00:00.000000012,4795.6665,86,6
1970-01-01 00:00:00.000000008,4778.002,86,7
1970-01-01 00:00:00.000000009,4770.85,86,7
1970-01-01 00:00:00.000000010,4784.234,86,7
1970-01-01 00:00:00.000000011,4800.8965,86,7
1970-01-01 00:00:00.000000012,4795.6665,86,7
1970-01-01 00:00:00.000000013,4801.8647,86,7
1970-01-01 00:00:00.000000009,4770.85,86,8
1970-01-01 00:00:00.000000010,4784.234,86,8
1970-01-01 00:00:00.000000011,4800.8965,86,8
1970-01-01 00:00:00.000000012,4795.6665,86,8
1970-01-01 00:00:00.000000013,4801.8647,86,8
1970-01-01 00:00:00.000000014,4808.6646,86,8
1970-01-01 00:00:00.000000010,4784.234,86,9
1970-01-01 00:00:00.000000011,4800.8965,86,9
1970-01-01 00:00:00.000000012,4795.6665,86,9
1970-01-01 00:00:00.000000013,4801.8647,86,9
1970-01-01 00:00:00.000000014,4808.6646,86,9
1970-01-01 00:00:00.000000015,4804.267,86,9
1970-01-01 00:00:00.000000011,4800.8965,86,10
1970-01-01 00:00:00.000000012,4795.6665,86,10
1970-01-01 00:00:00.000000013,4801.8647,86,10
1970-01-01 00:00:00.000000014,4808.6646,86,10
1970-01-01 00:00:00.000000015,4804.267,86,10
1970-01-01 00:00:00.000000016,4817.264,86,10
1970-01-01 00:00:00.000000012,4795.6665,86,11
1970-01-01 00:00:00.000000013,4801.8647,86,11
1970-01-01 00:00:00.000000014,4808.6646,86,11
1970-01-01 00:00:00.000000015,4804.267,86,11
1970-01-01 00:00:00.000000016,4817.264,86,11
1970-01-01 00:00:00.000000017,4821.6567,86,11
1970-01-01 00:00:00.000000013,4801.8647,86,12
1970-01-01 00:00:00.000000014,4808.6646,86,12
1970-01-01 00:00:00.000000015,4804.267,86,12
1970-01-01 00:00:00.000000016,4817.264,86,12
1970-01-01 00:00:00.000000017,4821.6567,86,12
1970-01-01 00:00:00.000000018,4806.9795,86,12
1970-01-01 00:00:00.000000014,4808.6646,86,13
1970-01-01 00:00:00.000000015,4804.267,86,13
1970-01-01 00:00:00.000000016,4817.264,86,13
1970-01-01 00:00:00.000000017,4821.6567,86,13
1970-01-01 00:00:00.000000018,4806.9795,86,13
1970-01-01 00:00:00.000000019,4813.9165,86,13
1970-01-01 00:00:00.000000015,4804.267,86,14
1970-01-01 00:00:00.000000016,4817.264,86,14
1970-01-01 00:00:00.000000017,4821.6567,86,14
1970-01-01 00:00:00.000000018,4806.9795,86,14
1970-01-01 00:00:00.000000019,4813.9165,86,14
1970-01-01 00:00:00.000000020,4808.9893,86,14
1970-01-01 00:00:00.000000016,4817.264,86,15
1970-01-01 00:00:00.000000017,4821.6567,86,15
1970-01-01 00:00:00.000000018,4806.9795,86,15
1970-01-01 00:00:00.000000019,4813.9165,86,15
1970-01-01 00:00:00.000000020,4808.9893,86,15
1970-01-01 00:00:00.000000021,4805.4634,86,15
1970-01-01 00:00:00.000000017,4821.6567,86,16
1970-01-01 00:00:00.000000018,4806.9795,86,16
1970-01-01 00:00:00.000000019,4813.9165,86,16
1970-01-01 00:00:00.000000020,4808.9893,86,16
1970-01-01 00:00:00.000000021,4805.4634,86,16
1970-01-01 00:00:00.000000022,4819.24,86,16
1970-01-01 00:00:00.000000018,4806.9795,86,17
1970-01-01 00:00:00.000000019,4813.9165,86,17
1970-01-01 00:00:00.000000020,4808.9893,86,17
1970-01-01 00:00:00.000000021,4805.4634,86,17
1970-01-01 00:00:00.000000022,4819.24,86,17
1970-01-01 00:00:00.000000023,4827.8667,86,17
1970-01-01 00:00:00.000000019,4813.9165,86,18
1970-01-01 00:00:00.000000020,4808.9893,86,18
1970-01-01 00:00:00.000000021,4805.4634,86,18
1970-01-01 00:00:00.000000022,4819.24,86,18
1970-01-01 00:00:00.000000023,4827.8667,86,18
1970-01-01 00:00:00.000000024,4835.631,86,18
1970-01-01 00:00:00.000000020,4808.9893,86,19
1970-01-01 00:00:00.000000021,4805.4634,86,19
1970-01-01 00:00:00.000000022,4819.24,86,19
1970-01-01 00:00:00.000000023,4827.8667,86,19
1970-01-01 00:00:00.000000024,4835.631,86,19
1970-01-01 00:00:00.000000025,4851.9136,86,19
1970-01-01 00:00:00.000000021,4805.4634,86,20
1970-01-01 00:00:00.000000022,4819.24,86,20
1970-01-01 00:00:00.000000023,4827.8667,86,20
1970-01-01 00:00:00.000000024,4835.631,86,20
1970-01-01 00:00:00.000000025,4851.9136,86,20
1970-01-01 00:00:00.000000026,4854.347,86,20
1970-01-01 00:00:00.000000022,4819.24,86,21
1970-01-01 00:00:00.000000023,4827.8667,86,21
1970-01-01 00:00:00.000000024,4835.631,86,21
1970-01-01 00:00:00.000000025,4851.9136,86,21
1970-01-01 00:00:00.000000026,4854.347,86,21
1970-01-01 00:00:00.000000027,4844.944,86,21
1970-01-01 00:00:00.000000023,4827.8667,86,22
1970-01-01 00:00:00.000000024,4835.631,86,22
1970-01-01 00:00:00.000000025,4851.9136,86,22
1970-01-01 00:00:00.000000026,4854.347,86,22
1970-01-01 00:00:00.000000027,4844.944,86,22
1970-01-01 00:00:00.000000028,4848.6274,86,22
1970-01-01 00:00:00.000000024,4835.631,86,23
1970-01-01 00:00:00.000000025,4851.9136,86,23
1970-01-01 00:00:00.000000026,4854.347,86,23
1970-01-01 00:00:00.000000027,4844.944,86,23
1970-01-01 00:00:00.000000028,4848.6274,86,23
1970-01-01 00:00:00.000000029,4835.5366,86,23
1970-01-01 00:00:00.000000025,4851.9136,86,24
1970-01-01 00:00:00.000000026,4854.347,86,24
1970-01-01 00:00:00.000000027,4844.944,86,24
1970-01-01 00:00:00.000000028,4848.6274,86,24
1970-01-01 00:00:00.000000029,4835.5366,86,24
1970-01-01 00:00:00.000000030,4839.868,86,24
1970-01-01 00:00:00.000000026,4854.347,86,25
1970-01-01 00:00:00.000000027,4844.944,86,25
1970-01-01 00:00:00.000000028,4848.6274,86,25
1970-01-01 00:00:00.000000029,4835.5366,86,25
1970-01-01 00:00:00.000000030,4839.868,86,25
1970-01-01 00:00:00.000000031,4856.8506,86,25
1970-01-01 00:00:00.000000027,4844.944,86,26
1970-01-01 00:00:00.000000028,4848.6274,86,26
1970-01-01 00:00:00.000000029,4835.5366,86,26
1970-01-01 00:00:00.000000030,4839.868,86,26
1970-01-01 00:00:00.000000031,4856.8506,86,26
1970-01-01 00:00:00.000000032,4855.936,86,26
1970-01-01 00:00:00.000000028,4848.6274,86,27
1970-01-01 00:00:00.000000029,4835.5366,86,27
1970-01-01 00:00:00.000000030,4839.868,86,27
1970-01-01 00:00:00.000000031,4856.8506,86,27
1970-01-01 00:00:00.000000032,4855.936,86,27
1970-01-01 00:00:00.000000033,4869.778,86,27
1970-01-01 00:00:00.000000029,4835.5366,86,28
1970-01-01 00:00:00.000000030,4839.868,86,28
1970-01-01 00:00:00.000000031,4856.8506,86,28
1970-01-01 00:00:00.000000032,4855.936,86,28
1970-01-01 00:00:00.000000033,4869.778,86,28
1970-01-01 00:00:00.000000034,4876.0435,86,28
1970-01-01 00:00:00.000000030,4839.868,86,29
1970-01-01 00:00:00.000000031,4856.8506,86,29
1970-01-01 00:00:00.000000032,4855.936,86,29
1970-01-01 00:00:00.000000033,4869.778,86,29
1970-01-01 00:00:00.000000034,4876.0435,86,29
1970-01-01 00:00:00.000000035,4873.6587,86,29
1970-01-01 00:00:00.000000031,4856.8506,86,30
1970-01-01 00:00:00.000000032,4855.936,86,30
1970-01-01 00:00:00.000000033,4869.778,86,30
1970-01-01 00:00:00.000000034,4876.0435,86,30
1970-01-01 00:00:00.000000035,4873.6587,86,30
1970-01-01 00:00:00.000000036,4880.2705,86,30
1970-01-01 00:00:00.000000032,4855.936,86,31
1970-01-01 00:00:00.000000033,4869.778,86,31
1970-01-01 00:00:00.000000034,4876.0435,86,31
1970-01-01 00:00:00.000000035,4873.6587,86,31
1970-01-01 00:00:00.000000036,4880.2705,86,31
1970-01-01 00:00:00.000000037,4875.124,86,31
1970-01-01 00:00:00.000000033,4869.778,86,32
1970-01-01 00:00:00.000000034,4876.0435,86,32
1970-01-01 00:00:00.000000035,4873.6587,86,32
1970-01-01 00:00:00.000000036,4880.2705,86,32
1970-01-01 00:00:00.000000037,4875.124,86,32
1970-01-01 00:00:00.000000038,4862.639,86,32
1970-01-01 00:00:00.000000034,4876.0435,86,33
1970-01-01 00:00:00.000000035,4873.6587,86,33
1970-01-01 00:00:00.000000036,4880.2705,86,33
1970-01-01 00:00:00.000000037,4875.124,86,33
1970-01-01 00:00:00.000000038,4862.639,86,33
1970-01-01 00:00:00.000000039,4855.891,86,33
1970-01-01 00:00:00.000000035,4873.6587,86,34
1970-01-01 00:00:00.000000036,4880.2705,86,34
1970-01-01 00:00:00.000000037,4875.124,86,34
1970-01-01 00:00:00.000000038,4862.639,86,34
1970-01-01 00:00:00.000000039,4855.891,86,34
1970-01-01 00:00:00.000000040,4839.504,86,34
1970-01-01 00:00:00.000000036,4880.2705,86,35
1970-01-01 00:00:00.000000037,4875.124,86,35
1970-01-01 00:00:00.000000038,4862.639,86,35
1970-01-01 00:00:00.000000039,4855.891,86,35
1970-01-01 00:00:00.000000040,4839.504,86,35
1970-01-01 00:00:00.000000041,4826.7173,86,35
1970-01-01 00:00:00.000000037,4875.124,86,36
1970-01-01 00:00:00.000000038,4862.639,86,36
1970-01-01 00:00:00.000000039,4855.891,86,36
1970-01-01 00:00:00.000000040,4839.504,86,36
1970-01-01 00:00:00.000000041,4826.7173,86,36
1970-01-01 00:00:00.000000042,4821.872,86,36
1970-01-01 00:00:00.000000038,4862.639,86,37
1970-01-01 00:00:00.000000039,4855.891,86,37
1970-01-01 00:00:00.000000040,4839.504,86,37
1970-01-01 00:00:00.000000041,4826.7173,86,37
1970-01-01 00:00:00.000000042,4821.872,86,37
1970-01-01 00:00:00.000000043,4796.666,86,37
1970-01-01 00:00:00.000000039,4855.891,86,38
1970-01-01 00:00:00.000000040,4839.504,86,38
1970-01-01 00:00:00.000000041,4826.7173,86,38
1970-01-01 00:00:00.000000042,4821.872,86,38
1970-01-01 00:00:00.000000043,4796.666,86,38
1970-01-01 00:00:00.000000044,4766.239,86,38
1970-01-01 00:00:00.000000040,4839.504,86,39
1970-01-01 00:00:00.000000041,4826.7173,86,39
1970-01-01 00:00:00.000000042,4821.872,86,39
1970-01-01 00:00:00.000000043,4796.666,86,39
1970-01-01 00:00:00.000000044,4766.239,86,39
1970-01-01 00:00:00.000000045,4755.736,86,39
1970-01-01 00:00:00.000000041,4826.7173,86,40
1970-01-01 00:00:00.000000042,4821.872,86,40
1970-01-01 00:00:00.000000043,4796.666,86,40
1970-01-01 00:00:00.000000044,4766.239,86,40
1970-01-01 00:00:00.000000045,4755.736,86,40
1970-01-01 00:00:00.000000046,4734.1904,86,40
1970-01-01 00:00:00.000000042,4821.872,86,41
1970-01-01 00:00:00.000000043,4796.666,86,41
1970-01-01 00:00:00.000000044,4766.239,86,41
1970-01-01 00:00:00.000000045,4755.736,86,41
1970-01-01 00:00:00.000000046,4734.1904,86,41
1970-01-01 00:00:00.000000047,4732.201,86,41
1970-01-01 00:00:00.000000043,4796.666,86,42
1970-01-01 00:00:00.000000044,4766.239,86,42
1970-01-01 00:00:00.000000045,4755.736,86,42
1970-01-01 00:00:00.000000046,4734.1904,86,42
1970-01-01 00:00:00.000000047,4732.201,86,42
1970-01-01 00:00:00.000000048,4752.9946,86,42
1970-01-01 00:00:00.000000044,4766.239,86,43
1970-01-01 00:00:00.000000045,4755.736,86,43
1970-01-01 00:00:00.000000046,4734.1904,86,43
1970-01-01 00:00:00.000000047,4732.201,86,43
1970-01-01 00:00:00.000000048,4752.9946,86,43
1970-01-01 00:00:00.000000049,4750.602,86,43
1970-01-01 00:00:00.000000045,4755.736,86,44
1970-01-01 00:00:00.000000046,4734.1904,86,44
1970-01-01 00:00:00.000000047,4732.201,86,44
1970-01-01 00:00:00.000000048,4752.9946,86,44
1970-01-01 00:00:00.000000049,4750.602,86,44
1970-01-01 00:00:00.000000050,4774.398,86,44
1970-01-01 00:00:00.000000046,4734.1904,86,45
1970-01-01 00:00:00.000000047,4732.201,86,45
1970-01-01 00:00:00.000000048,4752.9946,86,45
1970-01-01 00:00:00.000000049,4750.602,86,45
1970-01-01 00:00:00.000000050,4774.398,86,45
1970-01-01 00:00:00.000000051,4793.918,86,45
1970-01-01 00:00:00.000000047,4732.201,86,46
1970-01-01 00:00:00.000000048,4752.9946,86,46
1970-01-01 00:00:00.000000049,4750.602,86,46
1970-01-01 00:00:00.000000050,4774.398,86,46
1970-01-01 00:00:00.000000051,4793.918,86,46
1970-01-01 00:00:00.000000052,4782.3574,86,46
1970-01-01 00:00:00.000000048,4752.9946,86,47
1970-01-01 00:00:00.000000049,4750.602,86,47
1970-01-01 00:00:00.000000050,4774.398,86,47
1970-01-01 00:00:00.000000051,4793.918,86,47
1970-01-01 00:00:00.000000052,4782.3574,86,47
1970-01-01 00:00:00.000000053,4791.6274,86,47
1970-01-01 00:00:00.000000049,4750.602,86,48
1970-01-01 00:00:00.000000050,4774.398,86,48
1970-01-01 00:00:00.000000051,4793.918,86,48
1970-01-01 00:00:00.000000052,4782.3574,86,48
1970-01-01 00:00:00.000000053,4791.6274,86,48
1970-01-01 00:00:00.000000054,4789.48,86,48
1970-01-01 00:00:00.000000050,4774.398,86,49
1970-01-01 00:00:00.000000051,4793.918,86,49
1970-01-01 00:00:00.000000052,4782.3574,86,49
1970-01-01 00:00:00.000000053,4791.6274,86,49
1970-01-01 00:00:00.000000054,4789.48,86,49
1970-01-01 00:00:00.000000055,4775.1807,86,49
1970-01-01 00:00:00.000000051,4793.918,86,50
1970-01-01 00:00:00.000000052,4782.3574,86,50
1970-01-01 00:00:00.000000053,4791.6274,86,50
1970-01-01 00:00:00.000000054,4789.48,86,50
1970-01-01 00:00:00.000000055,4775.1807,86,50
1970-01-01 00:00:00.000000056,4793.3516,86,50
1970-01-01 00:00:00.000000052,4782.3574,86,51
1970-01-01 00:00:00.000000053,4791.6274,86,51
1970-01-01 00:00:00.000000054,4789.48,86,51
1970-01-01 00:00:00.000000055,4775.1807,86,51
1970-01-01 00:00:00.000000056,4793.3516,86,51
1970-01-01 00:00:00.000000057,4790.6807,86,51
1970-01-01 00:00:00.000000053,4791.6274,86,52
1970-01-01 00:00:00.000000054,4789.48,86,52
1970-01-01 00:00:00.000000055,4775.1807,86,52
1970-01-01 00:00:00.000000056,4793.3516,86,52
1970-01-01 00:00:00.000000057,4790.6807,86,52
1970-01-01 00:00:00.000000058,4793.658,86,52
1970-01-01 00:00:00.000000054,4789.48,86,53
1970-01-01 00:00:00.000000055,4775.1807,86,53
1970-01-01 00:00:00.000000056,4793.3516,86,53
1970-01-01 00:00:00.000000057,4790.6807,86,53
1970-01-01 00:00:00.000000058,4793.658,86,53
1970-01-01 00:00:00.000000059,4836.263,86,53
1970-01-01 00:00:00.000000055,4775.1807,86,54
1970-01-01 00:00:00.000000056,4793.3516,86,54
1970-01-01 00:00:00.000000057,4790.6807,86,54
1970-01-01 00:00:00.000000058,4793.658,86,54
1970-01-01 00:00:00.000000059,4836.263,86,54
1970-01-01 00:00:00.000000060,4861.0015,86,54
1970-01-01 00:00:00.000000056,4793.3516,86,55
1970-01-01 00:00:00.000000057,4790.6807,86,55
1970-01-01 00:00:00.000000058,4793.658,86,55
1970-01-01 00:00:00.000000059,4836.263,86,55
1970-01-01 00:00:00.000000060,4861.0015,86,55
1970-01-01 00:00:00.000000061,4899.348,86,55
1970-01-01 00:00:00.000000057,4790.6807,86,56
1970-01-01 00:00:00.000000058,4793.658,86,56
1970-01-01 00:00:00.000000059,4836.263,86,56
1970-01-01 00:00:00.000000060,4861.0015,86,56
1970-01-01 00:00:00.000000061,4899.348,86,56
1970-01-01 00:00:00.000000062,4941.681,86,56
1970-01-01 00:00:00.000000058,4793.658,86,57
1970-01-01 00:00:00.000000059,4836.263,86,57
1970-01-01 00:00:00.000000060,4861.0015,86,57
1970-01-01 00:00:00.000000061,4899.348,86,57
1970-01-01 00:00:00.000000062,4941.681,86,57
1970-01-01 00:00:00.000000063,4952.765,86,57
1970-01-01 00:00:00.000000059,4836.263,86,58
1970-01-01 00:00:00.000000060,4861.0015,86,58
1970-01-01 00:00:00.000000061,4899.348,86,58
1970-01-01 00:00:00.000000062,4941.681,86,58
1970-01-01 00:00:00.000000063,4952.765,86,58
1970-01-01 00:00:00.000000064,4962.0913,86,58
1970-01-01 00:00:00.000000060,4861.0015,86,59
1970-01-01 00:00:00.000000061,4899.348,86,59
1970-01-01 00:00:00.000000062,4941.681,86,59
1970-01-01 00:00:00.000000063,4952.765,86,59
1970-01-01 00:00:00.000000064,4962.0913,86,59
1970-01-01 00:00:00.000000065,4971.219,86,59
1970-01-01 00:00:00.000000061,4899.348,86,60
1970-01-01 00:00:00.000000062,4941.681,86,60
1970-01-01 00:00:00.000000063,4952.765,86,60
1970-01-01 00:00:00.000000064,4962.0913,86,60
1970-01-01 00:00:00.000000065,4971.219,86,60
1970-01-01 00:00:00.000000066,4961.183,86,60
1970-01-01 00:00:00.000000062,4941.681,86,61
1970-01-01 00:00:00.000000063,4952.765,86,61
1970-01-01 00:00:00.000000064,4962.0913,86,61
1970-01-01 00:00:00.000000065,4971.219,86,61
1970-01-01 00:00:00.000000066,4961.183,86,61
1970-01-01 00:00:00.000000067,4963.0786,86,61
1970-01-01 00:00:00.000000063,4952.765,86,62
1970-01-01 00:00:00.000000064,4962.0913,86,62
1970-01-01 00:00:00.000000065,4971.219,86,62
1970-01-01 00:00:00.000000066,4961.183,86,62
1970-01-01 00:00:00.000000067,4963.0786,86,62
1970-01-01 00:00:00.000000068,4970.4146,86,62
1970-01-01 00:00:00.000000064,4962.0913,86,63
1970-01-01 00:00:00.000000065,4971.219,86,63
1970-01-01 00:00:00.000000066,4961.183,86,63
1970-01-01 00:00:00.000000067,4963.0786,86,63
1970-01-01 00:00:00.000000068,4970.4146,86,63
1970-01-01 00:00:00.000000069,4960.6455,86,63
1970-01-01 00:00:00.000000065,4971.219,86,64
1970-01-01 00:00:00.000000066,4961.183,86,64
1970-01-01 00:00:00.000000067,4963.0786,86,64
1970-01-01 00:00:00.000000068,4970.4146,86,64
1970-01-01 00:00:00.000000069,4960.6455,86,64
1970-01-01 00:00:00.000000070,4957.686,86,64
1970-01-01 00:00:00.000000066,4961.183,86,65
1970-01-01 00:00:00.000000067,4963.0786,86,65
1970-01-01 00:00:00.000000068,4970.4146,86,65
1970-01-01 00:00:00.000000069,4960.6455,86,65
1970-01-01 00:00:00.000000070,4957.686,86,65
1970-01-01 00:00:00.000000071,4941.53,86,65
1970-01-01 00:00:00.000000067,4963.0786,86,66
1970-01-01 00:00:00.000000068,4970.4146,86,66
1970-01-01 00:00:00.000000069,4960.6455,86,66
1970-01-01 00:00:00.000000070,4957.686,86,66
1970-01-01 00:00:00.000000071,4941.53,86,66
1970-01-01 00:00:00.000000072,4917.0913,86,66
1970-01-01 00:00:00.000000068,4970.4146,86,67
1970-01-01 00:00:00.000000069,4960.6455,86,67
1970-01-01 00:00:00.000000070,4957.686,86,67
1970-01-01 00:00:00.000000071,4941.53,86,67
1970-01-01 00:00:00.000000072,4917.0913,86,67
1970-01-01 00:00:00.000000073,4914.938,86,67
1970-01-01 00:00:00.000000069,4960.6455,86,68
1970-01-01 00:00:00.000000070,4957.686,86,68
1970-01-01 00:00:00.000000071,4941.53,86,68
1970-01-01 00:00:00.000000072,4917.0913,86,68
1970-01-01 00:00:00.000000073,4914.938,86,68
1970-01-01 00:00:00.000000074,4907.106,86,68
1970-01-01 00:00:00.000000070,4957.686,86,69
1970-01-01 00:00:00.000000071,4941.53,86,69
1970-01-01 00:00:00.000000072,4917.0913,86,69
1970-01-01 00:00:00.000000073,4914.938,86,69
1970-01-01 00:00:00.000000074,4907.106,86,69
1970-01-01 00:00:00.000000075,4896.515,86,69
1970-01-01 00:00:00.000000071,4941.53,86,70
1970-01-01 00:00:00.000000072,4917.0913,86,70
1970-01-01 00:00:00.000000073,4914.938,86,70
1970-01-01 00:00:00.000000074,4907.106,86,70
1970-01-01 00:00:00.000000075,4896.515,86,70
1970-01-01 00:00:00.000000076,4910.204,86,70
1970-01-01 00:00:00.000000072,4917.0913,86,71
1970-01-01 00:00:00.000000073,4914.938,86,71
1970-01-01 00:00:00.000000074,4907.106,86,71
1970-01-01 00:00:00.000000075,4896.515,86,71
1970-01-01 00:00:00.000000076,4910.204,86,71
1970-01-01 00:00:00.000000077,4891.436,86,71
1970-01-01 00:00:00.000000073,4914.938,86,72
1970-01-01 00:00:00.000000074,4907.106,86,72
1970-01-01 00:00:00.000000075,4896.515,86,72
1970-01-01 00:00:00.000000076,4910.204,86,72
1970-01-01 00:00:00.000000077,4891.436,86,72
1970-01-01 00:00:00.000000078,4875.4136,86,72
1970-01-01 00:00:00.000000074,4907.106,86,73
1970-01-01 00:00:00.000000075,4896.515,86,73
1970-01-01 00:00:00.000000076,4910.204,86,73
1970-01-01 00:00:00.000000077,4891.436,86,73
1970-01-01 00:00:00.000000078,4875.4136,86,73
1970-01-01 00:00:00.000000079,4885.268,86,73
1970-01-01 00:00:00.000000075,4896.515,86,74
1970-01-01 00:00:00.000000076,4910.204,86,74
1970-01-01 00:00:00.000000077,4891.436,86,74
1970-01-01 00:00:00.000000078,4875.4136,86,74
1970-01-01 00:00:00.000000079,4885.268,86,74
1970-01-01 00:00:00.000000080,4869.0605,86,74
1970-01-01 00:00:00.000000076,4910.204,86,75
1970-01-01 00:00:00.000000077,4891.436,86,75
1970-01-01 00:00:00.000000078,4875.4136,86,75
1970-01-01 00:00:00.000000079,4885.268,86,75
1970-01-01 00:00:00.000000080,4869.0605,86,75
1970-01-01 00:00:00.000000081,4871.8867,86,75
1970-01-01 00:00:00.000000077,4891.436,86,76
1970-01-01 00:00:00.000000078,4875.4136,86,76
1970-01-01 00:00:00.000000079,4885.268,86,76
1970-01-01 00:00:00.000000080,4869.0605,86,76
1970-01-01 00:00:00.000000081,4871.8867,86,76
1970-01-01 00:00:00.000000082,4882.5347,86,76
1970-01-01 00:00:00.000000078,4875.4136,86,77
1970-01-01 00:00:00.000000079,4885.268,86,77
1970-01-01 00:00:00.000000080,4869.0605,86,77
1970-01-01 00:00:00.000000081,4871.8867,86,77
1970-01-01 00:00:00.000000082,4882.5347,86,77
1970-01-01 00:00:00.000000083,4863.24,86,77
1970-01-01 00:00:00.000000079,4885.268,86,78
1970-01-01 00:00:00.000000080,4869.0605,86,78
1970-01-01 00:00:00.000000081,4871.8867,86,78
1970-01-01 00:00:00.000000082,4882.5347,86,78
1970-01-01 00:00:00.000000083,4863.24,86,78
1970-01-01 00:00:00.000000084,4856.026,86,78
1970-01-01 00:00:00.000000080,4869.0605,86,79
1970-01-01 00:00:00.000000081,4871.8867,86,79
1970-01-01 00:00:00.000000082,4882.5347,86,79
1970-01-01 00:00:00.000000083,4863.24,86,79
1970-01-01 00:00:00.000000084,4856.026,86,79
1970-01-01 00:00:00.000000085,4862.193,86,79
1970-01-01 00:00:00.000000081,4871.8867,86,80
1970-01-01 00:00:00.000000082,4882.5347,86,80
1970-01-01 00:00:00.000000083,4863.24,86,80
1970-01-01 00:00:00.000000084,4856.026,86,80
1970-01-01 00:00:00.000000085,4862.193,86,80
1970-01-01 00:00:00.000000086,4859.007,86,80
1970-01-01 00:00:00.000000082,4882.5347,86,81
1970-01-01 00:00:00.000000083,4863.24,86,81
1970-01-01 00:00:00.000000084,4856.026,86,81
1970-01-01 00:00:00.000000085,4862.193,86,81
1970-01-01 00:00:00.000000086,4859.007,86,81
1970-01-01 00:00:00.000000087,4859.7227,86,81
1970-01-01 00:00:00.000000083,4863.24,86,82
1970-01-01 00:00:00.000000084,4856.026,86,82
1970-01-01 00:00:00.000000085,4862.193,86,82
1970-01-01 00:00:00.000000086,4859.007,86,82
1970-01-01 00:00:00.000000087,4859.7227,86,82
1970-01-01 00:00:00.000000088,4857.946,86,82
1970-01-01 00:00:00.000000084,4856.026,86,83
1970-01-01 00:00:00.000000085,4862.193,86,83
1970-01-01 00:00:00.000000086,4859.007,86,83
1970-01-01 00:00:00.000000087,4859.7227,86,83
1970-01-01 00:00:00.000000088,4857.946,86,83
1970-01-01 00:00:00.000000089,4845.122,86,83
1970-01-01 00:00:00.000000085,4862.193,86,84
1970-01-01 00:00:00.000000086,4859.007,86,84
1970-01-01 00:00:00.000000087,4859.7227,86,84
1970-01-01 00:00:00.000000088,4857.946,86,84
1970-01-01 00:00:00.000000089,4845.122,86,84
1970-01-01 00:00:00.000000090,4851.8735,86,84
1970-01-01 00:00:00.000000086,4859.007,86,85
1970-01-01 00:00:00.000000087,4859.7227,86,85
1970-01-01 00:00:00.000000088,4857.946,86,85
1970-01-01 00:00:00.000000089,4845.122,86,85
1970-01-01 00:00:00.000000090,4851.8735,86,85
1970-01-01 00:00:00.000000091,4868.386,86,85
1970-01-01 00:00:00.000000087,4859.7227,86,86
1970-01-01 00:00:00.000000088,4857.946,86,86
1970-01-01 00:00:00.000000089,4845.122,86,86
1970-01-01 00:00:00.000000090,4851.8735,86,86
1970-01-01 00:00:00.000000091,4868.386,86,86
1970-01-01 00:00:00.000000092,4872.369,86,86
1970-01-01 00:00:00.000000088,4857.946,86,87
1970-01-01 00:00:00.000000089,4845.122,86,87
1970-01-01 00:00:00.000000090,4851.8735,86,87
1970-01-01 00:00:00.000000091,4868.386,86,87
1970-01-01 00:00:00.000000092,4872.369,86,87
1970-01-01 00:00:00.000000093,4883.571,86,87
1970-01-01 00:00:00.000000089,4845.122,86,88
1970-01-01 00:00:00.000000090,4851.8735,86,88
1970-01-01 00:00:00.000000091,4868.386,86,88
1970-01-01 00:00:00.000000092,4872.369,86,88
1970-01-01 00:00:00.000000093,4883.571,86,88
1970-01-01 00:00:00.000000094,4871.887,86,88
1970-01-01 00:00:00.000000090,4851.8735,86,89
1970-01-01 00:00:00.000000091,4868.386,86,89
1970-01-01 00:00:00.000000092,4872.369,86,89
1970-01-01 00:00:00.000000093,4883.571,86,89
1970-01-01 00:00:00.000000094,4871.887,86,89
1970-01-01 00:00:00.000000095,4850.28,86,89
1970-01-01 00:00:00.000000091,4868.386,86,90
1970-01-01 00:00:00.000000092,4872.369,86,90
1970-01-01 00:00:00.000000093,4883.571,86,90
1970-01-01 00:00:00.000000094,4871.887,86,90
1970-01-01 00:00:00.000000095,4850.28,86,90
1970-01-01 00:00:00.000000096,4851.237,86,90
1970-01-01 00:00:00.000000092,4872.369,86,91
1970-01-01 00:00:00.000000093,4883.571,86,91
1970-01-01 00:00:00.000000094,4871.887,86,91
1970-01-01 00:00:00.000000095,4850.28,86,91
1970-01-01 00:00:00.000000096,4851.237,86,91
1970-01-01 00:00:00.000000097,4836.547,86,91
1970-01-01 00:00:00.000000093,4883.571,86,92
1970-01-01 00:00:00.000000094,4871.887,86,92
1970-01-01 00:00:00.000000095,4850.28,86,92
1970-01-01 00:00:00.000000096,4851.237,86,92
1970-01-01 00:00:00.000000097,4836.547,86,92
1970-01-01 00:00:00.000000098,4825.7065,86,92
1970-01-01 00:00:00.000000094,4871.887,86,93
1970-01-01 00:00:00.000000095,4850.28,86,93
1970-01-01 00:00:00.000000096,4851.237,86,93
1970-01-01 00:00:00.000000097,4836.547,86,93
1970-01-01 00:00:00.000000098,4825.7065,86,93
1970-01-01 00:00:00.000000099,4824.7227,86,93
1970-01-01 00:00:00.000000095,4850.28,86,94
1970-01-01 00:00:00.000000096,4851.237,86,94
1970-01-01 00:00:00.000000097,4836.547,86,94
1970-01-01 00:00:00.000000098,4825.7065,86,94
1970-01-01 00:00:00.000000099,4824.7227,86,94
1970-01-01 00:00:00.000000100,4808.013,86,94
1970-01-01 00:00:00.000000096,4851.237,86,95
1970-01-01 00:00:00.000000097,4836.547,86,95
1970-01-01 00:00:00.000000098,4825.7065,86,95
1970-01-01 00:00:00.000000099,4824.7227,86,95
1970-01-01 00:00:00.000000100,4808.013,86,95
1970-01-01 00:00:00.000000101,4796.6353,86,95
1970-01-01 00:00:00.000000097,4836.547,86,96
1970-01-01 00:00:00.000000098,4825.7065,86,96
1970-01-01 00:00:00.000000099,4824.7227,86,96
1970-01-01 00:00:00.000000100,4808.013,86,96
1970-01-01 00:00:00.000000101,4796.6353,86,96
1970-01-01 00:00:00.000000102,4796.1855,86,96
1970-01-01 00:00:00.000000098,4825.7065,86,97
1970-01-01 00:00:00.000000099,4824.7227,86,97
1970-01-01 00:00:00.000000100,4808.013,86,97
1970-01-01 00:00:00.000000101,4796.6353,86,97
1970-01-01 00:00:00.000000102,4796.1855,86,97
1970-01-01 00:00:00.000000103,4788.2,86,97
1970-01-01 00:00:00.000000099,4824.7227,86,98
1970-01-01 00:00:00.000000100,4808.013,86,98
1970-01-01 00:00:00.000000101,4796.6353,86,98
1970-01-01 00:00:00.000000102,4796.1855,86,98
1970-01-01 00:00:00.000000103,4788.2,86,98
1970-01-01 00:00:00.000000104,4784.28,86,98
1970-01-01 00:00:00.000000100,4808.013,86,99
1970-01-01 00:00:00.000000101,4796.6353,86,99
1970-01-01 00:00:00.000000102,4796.1855,86,99
1970-01-01 00:00:00.000000103,4788.2,86,99
1970-01-01 00:00:00.000000104,4784.28,86,99
1970-01-01 00:00:00.000000105,4777.8096,86,99
1970-01-01 00:00:00.000000101,4796.6353,86,100
1970-01-01 00:00:00.000000102,4796.1855,86,100
1970-01-01 00:00:00.000000103,4788.2,86,100
1970-01-01 00:00:00.000000104,4784.28,86,100
1970-01-01 00:00:00.000000105,4777.8096,86,100
1970-01-01 00:00:00.000000106,4748.465,86,100
1970-01-01 00:00:00.000000102,4796.1855,86,101
1970-01-01 00:00:00.000000103,4788.2,86,101
1970-01-01 00:00:00.000000104,4784.28,86,101
1970-01-01 00:00:00.000000105,4777.8096,86,101
1970-01-01 00:00:00.000000106,4748.465,86,101
1970-01-01 00:00:00.000000107,4729.912,86,101
1970-01-01 00:00:00.000000103,4788.2,86,102
1970-01-01 00:00:00.000000104,4784.28,86,102
1970-01-01 00:00:00.000000105,4777.8096,86,102
1970-01-01 00:00:00.000000106,4748.465,86,102
1970-01-01 00:00:00.000000107,4729.912,86,102
1970-01-01 00:00:00.000000108,4732.453,86,102
1970-01-01 00:00:00.000000104,4784.28,86,103
1970-01-01 00:00:00.000000105,4777.8096,86,103
1970-01-01 00:00:00.000000106,4748.465,86,103
1970-01-01 00:00:00.000000107,4729.912,86,103
1970-01-01 00:00:00.000000108,4732.453,86,103
1970-01-01 00:00:00.000000109,4733.664,86,103
1970-01-01 00:00:00.000000105,4777.8096,86,104
1970-01-01 00:00:00.000000106,4748.465,86,104
1970-01-01 00:00:00.000000107,4729.912,86,104
1970-01-01 00:00:00.000000108,4732.453,86,104
1970-01-01 00:00:00.000000109,4733.664,86,104
1970-01-01 00:00:00.000000110,4747.2715,86,104
1970-01-01 00:00:00.000000106,4748.465,86,105
1970-01-01 00:00:00.000000107,4729.912,86,105
1970-01-01 00:00:00.000000108,4732.453,86,105
1970-01-01 00:00:00.000000109,4733.664,86,105
1970-01-01 00:00:00.000000110,4747.2715,86,105
1970-01-01 00:00:00.000000111,4765.1567,86,105
1970-01-01 00:00:00.000000107,4729.912,86,106
1970-01-01 00:00:00.000000108,4732.453,86,106
1970-01-01 00:00:00.000000109,4733.664,86,106
1970-01-01 00:00:00.000000110,4747.2715,86,106
1970-01-01 00:00:00.000000111,4765.1567,86,106
1970-01-01 00:00:00.000000112,4756.65,86,106
1970-01-01 00:00:00.000000108,4732.453,86,107
1970-01-01 00:00:00.000000109,4733.664,86,107
1970-01-01 00:00:00.000000110,4747.2715,86,107
1970-01-01 00:00:00.000000111,4765.1567,86,107
1970-01-01 00:00:00.000000112,4756.65,86,107
1970-01-01 00:00:00.000000113,4760.803,86,107
1970-01-01 00:00:00.000000109,4733.664,86,108
1970-01-01 00:00:00.000000110,4747.2715,86,108
1970-01-01 00:00:00.000000111,4765.1567,86,108
1970-01-01 00:00:00.000000112,4756.65,86,108
1970-01-01 00:00:00.000000113,4760.803,86,108
1970-01-01 00:00:00.000000114,4757.571,86,108
1970-01-01 00:00:00.000000110,4747.2715,86,109
1970-01-01 00:00:00.000000111,4765.1567,86,109
1970-01-01 00:00:00.000000112,4756.65,86,109
1970-01-01 00:00:00.000000113,4760.803,86,109
1970-01-01 00:00:00.000000114,4757.571,86,109
1970-01-01 00:00:00.000000115,4739.192,86,109
1970-01-01 00:00:00.000000111,4765.1567,86,110
1970-01-01 00:00:00.000000112,4756.65,86,110
1970-01-01 00:00:00.000000113,4760.803,86,110
1970-01-01 00:00:00.000000114,4757.571,86,110
1970-01-01 00:00:00.000000115,4739.192,86,110
1970-01-01 00:00:00.000000116,4733.4487,86,110
1970-01-01 00:00:00.000000112,4756.65,86,111
1970-01-01 00:00:00.000000113,4760.803,86,111
1970-01-01 00:00:00.000000114,4757.571,86,111
1970-01-01 00:00:00.000000115,4739.192,86,111
1970-01-01 00:00:00.000000116,4733.4487,86,111
1970-01-01 00:00:00.000000117,4717.5513,86,111
1970-01-01 00:00:00.000000007,4298.0767,87,6
1970-01-01 00:00:00.000000008,4279.586,87,6
1970-01-01 00:00:00.000000009,4265.924,87,6
1970-01-01 00:00:00.000000010,4269.568,87,6
1970-01-01 00:00:00.000000011,4267.865,87,6
1970-01-01 00:00:00.000000012,4266.5596,87,6
1970-01-01 00:00:00.000000008,4279.586,87,7
1970-01-01 00:00:00.000000009,4265.924,87,7
1970-01-01 00:00:00.000000010,4269.568,87,7
1970-01-01 00:00:00.000000011,4267.865,87,7
1970-01-01 00:00:00.000000012,4266.5596,87,7
1970-01-01 00:00:00.000000013,4281.319,87,7
1970-01-01 00:00:00.000000009,4265.924,87,8
1970-01-01 00:00:00.000000010,4269.568,87,8
1970-01-01 00:00:00.000000011,4267.865,87,8
1970-01-01 00:00:00.000000012,4266.5596,87,8
1970-01-01 00:00:00.000000013,4281.319,87,8
1970-01-01 00:00:00.000000014,4297.7954,87,8
1970-01-01 00:00:00.000000010,4269.568,87,9
1970-01-01 00:00:00.000000011,4267.865,87,9
1970-01-01 00:00:00.000000012,4266.5596,87,9
1970-01-01 00:00:00.000000013,4281.319,87,9
1970-01-01 00:00:00.000000014,4297.7954,87,9
1970-01-01 00:00:00.000000015,4305.584,87,9
1970-01-01 00:00:00.000000011,4267.865,87,10
1970-01-01 00:00:00.000000012,4266.5596,87,10
1970-01-01 00:00:00.000000013,4281.319,87,10
1970-01-01 00:00:00.000000014,4297.7954,87,10
1970-01-01 00:00:00.000000015,4305.584,87,10
1970-01-01 00:00:00.000000016,4332.2446,87,10
1970-01-01 00:00:00.000000012,4266.5596,87,11
1970-01-01 00:00:00.000000013,4281.319,87,11
1970-01-01 00:00:00.000000014,4297.7954,87,11
1970-01-01 00:00:00.000000015,4305.584,87,11
1970-01-01 00:00:00.000000016,4332.2446,87,11
1970-01-01 00:00:00.000000017,4334.343,87,11
1970-01-01 00:00:00.000000013,4281.319,87,12
1970-01-01 00:00:00.000000014,4297.7954,87,12
1970-01-01 00:00:00.000000015,4305.584,87,12
1970-01-01 00:00:00.000000016,4332.2446,87,12
1970-01-01 00:00:00.000000017,4334.343,87,12
1970-01-01 00:00:00.000000018,4329.5854,87,12
1970-01-01 00:00:00.000000014,4297.7954,87,13
1970-01-01 00:00:00.000000015,4305.584,87,13
1970-01-01 00:00:00.000000016,4332.2446,87,13
1970-01-01 00:00:00.000000017,4334.343,87,13
1970-01-01 00:00:00.000000018,4329.5854,87,13
1970-01-01 00:00:00.000000019,4343.113,87,13
1970-01-01 00:00:00.000000015,4305.584,87,14
1970-01-01 00:00:00.000000016,4332.2446,87,14
1970-01-01 00:00:00.000000017,4334.343,87,14
1970-01-01 00:00:00.000000018,4329.5854,87,14
1970-01-01 00:00:00.000000019,4343.113,87,14
1970-01-01 00:00:00.000000020,4339.617,87,14
1970-01-01 00:00:00.000000016,4332.2446,87,15
1970-01-01 00:00:00.000000017,4334.343,87,15
1970-01-01 00:00:00.000000018,4329.5854,87,15
1970-01-01 00:00:00.000000019,4343.113,87,15
1970-01-01 00:00:00.000000020,4339.617,87,15
1970-01-01 00:00:00.000000021,4332.124,87,15
1970-01-01 00:00:00.000000017,4334.343,87,16
1970-01-01 00:00:00.000000018,4329.5854,87,16
1970-01-01 00:00:00.000000019,4343.113,87,16
1970-01-01 00:00:00.000000020,4339.617,87,16
1970-01-01 00:00:00.000000021,4332.124,87,16
1970-01-01 00:00:00.000000022,4337.7505,87,16
1970-01-01 00:00:00.000000018,4329.5854,87,17
1970-01-01 00:00:00.000000019,4343.113,87,17
1970-01-01 00:00:00.000000020,4339.617,87,17
1970-01-01 00:00:00.000000021,4332.124,87,17
1970-01-01 00:00:00.000000022,4337.7505,87,17
1970-01-01 00:00:00.000000023,4328.682,87,17
1970-01-01 00:00:00.000000019,4343.113,87,18
1970-01-01 00:00:00.000000020,4339.617,87,18
1970-01-01 00:00:00.000000021,4332.124,87,18
1970-01-01 00:00:00.000000022,4337.7505,87,18
1970-01-01 00:00:00.000000023,4328.682,87,18
1970-01-01 00:00:00.000000024,4309.0654,87,18
1970-01-01 00:00:00.000000020,4339.617,87,19
1970-01-01 00:00:00.000000021,4332.124,87,19
1970-01-01 00:00:00.000000022,4337.7505,87,19
1970-01-01 00:00:00.000000023,4328.682,87,19
1970-01-01 00:00:00.000000024,4309.0654,87,19
1970-01-01 00:00:00.000000025,4315.648,87,19
1970-01-01 00:00:00.000000021,4332.124,87,20
1970-01-01 00:00:00.000000022,4337.7505,87,20
1970-01-01 00:00:00.000000023,4328.682,87,20
1970-01-01 00:00:00.000000024,4309.0654,87,20
1970-01-01 00:00:00.000000025,4315.648,87,20
1970-01-01 00:00:00.000000026,4297.777,87,20
1970-01-01 00:00:00.000000022,4337.7505,87,21
1970-01-01 00:00:00.000000023,4328.682,87,21
1970-01-01 00:00:00.000000024,4309.0654,87,21
1970-01-01 00:00:00.000000025,4315.648,87,21
1970-01-01 00:00:00.000000026,4297.777,87,21
1970-01-01 00:00:00.000000027,4292.6055,87,21
1970-01-01 00:00:00.000000023,4328.682,87,22
1970-01-01 00:00:00.000000024,4309.0654,87,22
1970-01-01 00:00:00.000000025,4315.648,87,22
1970-01-01 00:00:00.000000026,4297.777,87,22
1970-01-01 00:00:00.000000027,4292.6055,87,22
1970-01-01 00:00:00.000000028,4293.343,87,22
1970-01-01 00:00:00.000000024,4309.0654,87,23
1970-01-01 00:00:00.000000025,4315.648,87,23
1970-01-01 00:00:00.000000026,4297.777,87,23
1970-01-01 00:00:00.000000027,4292.6055,87,23
1970-01-01 00:00:00.000000028,4293.343,87,23
1970-01-01 00:00:00.000000029,4273.593,87,23
1970-01-01 00:00:00.000000025,4315.648,87,24
1970-01-01 00:00:00.000000026,4297.777,87,24
1970-01-01 00:00:00.000000027,4292.6055,87,24
1970-01-01 00:00:00.000000028,4293.343,87,24
1970-01-01 00:00:00.000000029,4273.593,87,24
1970-01-01 00:00:00.000000030,4267.823,87,24
1970-01-01 00:00:00.000000026,4297.777,87,25
1970-01-01 00:00:00.000000027,4292.6055,87,25
1970-01-01 00:00:00.000000028,4293.343,87,25
1970-01-01 00:00:00.000000029,4273.593,87,25
1970-01-01 00:00:00.000000030,4267.823,87,25
1970-01-01 00:00:00.000000031,4253.0195,87,25
1970-01-01 00:00:00.000000027,4292.6055,87,26
1970-01-01 00:00:00.000000028,4293.343,87,26
1970-01-01 00:00:00.000000029,4273.593,87,26
1970-01-01 00:00:00.000000030,4267.823,87,26
1970-01-01 00:00:00.000000031,4253.0195,87,26
1970-01-01 00:00:00.000000032,4240.8335,87,26
1970-01-01 00:00:00.000000028,4293.343,87,27
1970-01-01 00:00:00.000000029,4273.593,87,27
1970-01-01 00:00:00.000000030,4267.823,87,27
1970-01-01 00:00:00.000000031,4253.0195,87,27
1970-01-01 00:00:00.000000032,4240.8335,87,27
1970-01-01 00:00:00.000000033,4239.98,87,27
1970-01-01 00:00:00.000000029,4273.593,87,28
1970-01-01 00:00:00.000000030,4267.823,87,28
1970-01-01 00:00:00.000000031,4253.0195,87,28
1970-01-01 00:00:00.000000032,4240.8335,87,28
1970-01-01 00:00:00.000000033,4239.98,87,28
1970-01-01 00:00:00.000000034,4243.3364,87,28
1970-01-01 00:00:00.000000030,4267.823,87,29
1970-01-01 00:00:00.000000031,4253.0195,87,29
1970-01-01 00:00:00.000000032,4240.8335,87,29
1970-01-01 00:00:00.000000033,4239.98,87,29
1970-01-01 00:00:00.000000034,4243.3364,87,29
1970-01-01 00:00:00.000000035,4245.5815,87,29
1970-01-01 00:00:00.000000031,4253.0195,87,30
1970-01-01 00:00:00.000000032,4240.8335,87,30
1970-01-01 00:00:00.000000033,4239.98,87,30
1970-01-01 00:00:00.000000034,4243.3364,87,30
1970-01-01 00:00:00.000000035,4245.5815,87,30
1970-01-01 00:00:00.000000036,4258.82,87,30
1970-01-01 00:00:00.000000032,4240.8335,87,31
1970-01-01 00:00:00.000000033,4239.98,87,31
1970-01-01 00:00:00.000000034,4243.3364,87,31
1970-01-01 00:00:00.000000035,4245.5815,87,31
1970-01-01 00:00:00.000000036,4258.82,87,31
1970-01-01 00:00:00.000000037,4269.676,87,31
1970-01-01 00:00:00.000000033,4239.98,87,32
1970-01-01 00:00:00.000000034,4243.3364,87,32
1970-01-01 00:00:00.000000035,4245.5815,87,32
1970-01-01 00:00:00.000000036,4258.82,87,32
1970-01-01 00:00:00.000000037,4269.676,87,32
1970-01-01 00:00:00.000000038,4278.6685,87,32
1970-01-01 00:00:00.000000034,4243.3364,87,33
1970-01-01 00:00:00.000000035,4245.5815,87,33
1970-01-01 00:00:00.000000036,4258.82,87,33
1970-01-01 00:00:00.000000037,4269.676,87,33
1970-01-01 00:00:00.000000038,4278.6685,87,33
1970-01-01 00:00:00.000000039,4299.8965,87,33
1970-01-01 00:00:00.000000035,4245.5815,87,34
1970-01-01 00:00:00.000000036,4258.82,87,34
1970-01-01 00:00:00.000000037,4269.676,87,34
1970-01-01 00:00:00.000000038,4278.6685,87,34
1970-01-01 00:00:00.000000039,4299.8965,87,34
1970-01-01 00:00:00.000000040,4300.879,87,34
1970-01-01 00:00:00.000000036,4258.82,87,35
1970-01-01 00:00:00.000000037,4269.676,87,35
1970-01-01 00:00:00.000000038,4278.6685,87,35
1970-01-01 00:00:00.000000039,4299.8965,87,35
1970-01-01 00:00:00.000000040,4300.879,87,35
1970-01-01 00:00:00.000000041,4306.119,87,35
1970-01-01 00:00:00.000000037,4269.676,87,36
1970-01-01 00:00:00.000000038,4278.6685,87,36
1970-01-01 00:00:00.000000039,4299.8965,87,36
1970-01-01 00:00:00.000000040,4300.879,87,36
1970-01-01 00:00:00.000000041,4306.119,87,36
1970-01-01 00:00:00.000000042,4315.8706,87,36
1970-01-01 00:00:00.000000038,4278.6685,87,37
1970-01-01 00:00:00.000000039,4299.8965,87,37
1970-01-01 00:00:00.000000040,4300.879,87,37
1970-01-01 00:00:00.000000041,4306.119,87,37
1970-01-01 00:00:00.000000042,4315.8706,87,37
1970-01-01 00:00:00.000000043,4295.096,87,37
1970-01-01 00:00:00.000000039,4299.8965,87,38
1970-01-01 00:00:00.000000040,4300.879,87,38
1970-01-01 00:00:00.000000041,4306.119,87,38
1970-01-01 00:00:00.000000042,4315.8706,87,38
1970-01-01 00:00:00.000000043,4295.096,87,38
1970-01-01 00:00:00.000000044,4288.4053,87,38
1970-01-01 00:00:00.000000040,4300.879,87,39
1970-01-01 00:00:00.000000041,4306.119,87,39
1970-01-01 00:00:00.000000042,4315.8706,87,39
1970-01-01 00:00:00.000000043,4295.096,87,39
1970-01-01 00:00:00.000000044,4288.4053,87,39
1970-01-01 00:00:00.000000045,4283.962,87,39
1970-01-01 00:00:00.000000041,4306.119,87,40
1970-01-01 00:00:00.000000042,4315.8706,87,40
1970-01-01 00:00:00.000000043,4295.096,87,40
1970-01-01 00:00:00.000000044,4288.4053,87,40
1970-01-01 00:00:00.000000045,4283.962,87,40
1970-01-01 00:00:00.000000046,4265.216,87,40
1970-01-01 00:00:00.000000042,4315.8706,87,41
1970-01-01 00:00:00.000000043,4295.096,87,41
1970-01-01 00:00:00.000000044,4288.4053,87,41
1970-01-01 00:00:00.000000045,4283.962,87,41
1970-01-01 00:00:00.000000046,4265.216,87,41
1970-01-01 00:00:00.000000047,4279.8066,87,41
1970-01-01 00:00:00.000000043,4295.096,87,42
1970-01-01 00:00:00.000000044,4288.4053,87,42
1970-01-01 00:00:00.000000045,4283.962,87,42
1970-01-01 00:00:00.000000046,4265.216,87,42
1970-01-01 00:00:00.000000047,4279.8066,87,42
1970-01-01 00:00:00.000000048,4290.914,87,42
1970-01-01 00:00:00.000000044,4288.4053,87,43
1970-01-01 00:00:00.000000045,4283.962,87,43
1970-01-01 00:00:00.000000046,4265.216,87,43
1970-01-01 00:00:00.000000047,4279.8066,87,43
1970-01-01 00:00:00.000000048,4290.914,87,43
1970-01-01 00:00:00.000000049,4282.438,87,43
1970-01-01 00:00:00.000000045,4283.962,87,44
1970-01-01 00:00:00.000000046,4265.216,87,44
1970-01-01 00:00:00.000000047,4279.8066,87,44
1970-01-01 00:00:00.000000048,4290.914,87,44
1970-01-01 00:00:00.000000049,4282.438,87,44
1970-01-01 00:00:00.000000050,4306.74,87,44
1970-01-01 00:00:00.000000046,4265.216,87,45
1970-01-01 00:00:00.000000047,4279.8066,87,45
1970-01-01 00:00:00.000000048,4290.914,87,45
1970-01-01 00:00:00.000000049,4282.438,87,45
1970-01-01 00:00:00.000000050,4306.74,87,45
1970-01-01 00:00:00.000000051,4301.248,87,45
1970-01-01 00:00:00.000000047,4279.8066,87,46
1970-01-01 00:00:00.000000048,4290.914,87,46
1970-01-01 00:00:00.000000049,4282.438,87,46
1970-01-01 00:00:00.000000050,4306.74,87,46
1970-01-01 00:00:00.000000051,4301.248,87,46
1970-01-01 00:00:00.000000052,4291.885,87,46
1970-01-01 00:00:00.000000048,4290.914,87,47
1970-01-01 00:00:00.000000049,4282.438,87,47
1970-01-01 00:00:00.000000050,4306.74,87,47
1970-01-01 00:00:00.000000051,4301.248,87,47
1970-01-01 00:00:00.000000052,4291.885,87,47
1970-01-01 00:00:00.000000053,4295.7266,87,47
1970-01-01 00:00:00.000000049,4282.438,87,48
1970-01-01 00:00:00.000000050,4306.74,87,48
1970-01-01 00:00:00.000000051,4301.248,87,48
1970-01-01 00:00:00.000000052,4291.885,87,48
1970-01-01 00:00:00.000000053,4295.7266,87,48
1970-01-01 00:00:00.000000054,4265.6235,87,48
1970-01-01 00:00:00.000000050,4306.74,87,49
1970-01-01 00:00:00.000000051,4301.248,87,49
1970-01-01 00:00:00.000000052,4291.885,87,49
1970-01-01 00:00:00.000000053,4295.7266,87,49
1970-01-01 00:00:00.000000054,4265.6235,87,49
1970-01-01 00:00:00.000000055,4260.2915,87,49
1970-01-01 00:00:00.000000051,4301.248,87,50
1970-01-01 00:00:00.000000052,4291.885,87,50
1970-01-01 00:00:00.000000053,4295.7266,87,50
1970-01-01 00:00:00.000000054,4265.6235,87,50
1970-01-01 00:00:00.000000055,4260.2915,87,50
1970-01-01 00:00:00.000000056,4254.411,87,50
1970-01-01 00:00:00.000000052,4291.885,87,51
1970-01-01 00:00:00.000000053,4295.7266,87,51
1970-01-01 00:00:00.000000054,4265.6235,87,51
1970-01-01 00:00:00.000000055,4260.2915,87,51
1970-01-01 00:00:00.000000056,4254.411,87,51
1970-01-01 00:00:00.000000057,4251.74,87,51
1970-01-01 00:00:00.000000053,4295.7266,87,52
1970-01-01 00:00:00.000000054,4265.6235,87,52
1970-01-01 00:00:00.000000055,4260.2915,87,52
1970-01-01 00:00:00.000000056,4254.411,87,52
1970-01-01 00:00:00.000000057,4251.74,87,52
1970-01-01 00:00:00.000000058,4254.303,87,52
1970-01-01 00:00:00.000000054,4265.6235,87,53
1970-01-01 00:00:00.000000055,4260.2915,87,53
1970-01-01 00:00:00.000000056,4254.411,87,53
1970-01-01 00:00:00.000000057,4251.74,87,53
1970-01-01 00:00:00.000000058,4254.303,87,53
1970-01-01 00:00:00.000000059,4257.452,87,53
1970-01-01 00:00:00.000000055,4260.2915,87,54
1970-01-01 00:00:00.000000056,4254.411,87,54
1970-01-01 00:00:00.000000057,4251.74,87,54
1970-01-01 00:00:00.000000058,4254.303,87,54
1970-01-01 00:00:00.000000059,4257.452,87,54
1970-01-01 00:00:00.000000060,4262.3013,87,54
1970-01-01 00:00:00.000000056,4254.411,87,55
1970-01-01 00:00:00.000000057,4251.74,87,55
1970-01-01 00:00:00.000000058,4254.303,87,55
1970-01-01 00:00:00.000000059,4257.452,87,55
1970-01-01 00:00:00.000000060,4262.3013,87,55
1970-01-01 00:00:00.000000061,4267.058,87,55
1970-01-01 00:00:00.000000057,4251.74,87,56
1970-01-01 00:00:00.000000058,4254.303,87,56
1970-01-01 00:00:00.000000059,4257.452,87,56
1970-01-01 00:00:00.000000060,4262.3013,87,56
1970-01-01 00:00:00.000000061,4267.058,87,56
1970-01-01 00:00:00.000000062,4268.095,87,56
1970-01-01 00:00:00.000000058,4254.303,87,57
1970-01-01 00:00:00.000000059,4257.452,87,57
1970-01-01 00:00:00.000000060,4262.3013,87,57
1970-01-01 00:00:00.000000061,4267.058,87,57
1970-01-01 00:00:00.000000062,4268.095,87,57
1970-01-01 00:00:00.000000063,4260.3975,87,57
1970-01-01 00:00:00.000000059,4257.452,87,58
1970-01-01 00:00:00.000000060,4262.3013,87,58
1970-01-01 00:00:00.000000061,4267.058,87,58
1970-01-01 00:00:00.000000062,4268.095,87,58
1970-01-01 00:00:00.000000063,4260.3975,87,58
1970-01-01 00:00:00.000000064,4252.575,87,58
1970-01-01 00:00:00.000000060,4262.3013,87,59
1970-01-01 00:00:00.000000061,4267.058,87,59
1970-01-01 00:00:00.000000062,4268.095,87,59
1970-01-01 00:00:00.000000063,4260.3975,87,59
1970-01-01 00:00:00.000000064,4252.575,87,59
1970-01-01 00:00:00.000000065,4219.1035,87,59
1970-01-01 00:00:00.000000061,4267.058,87,60
1970-01-01 00:00:00.000000062,4268.095,87,60
1970-01-01 00:00:00.000000063,4260.3975,87,60
1970-01-01 00:00:00.000000064,4252.575,87,60
1970-01-01 00:00:00.000000065,4219.1035,87,60
1970-01-01 00:00:00.000000066,4174.684,87,60
1970-01-01 00:00:00.000000062,4268.095,87,61
1970-01-01 00:00:00.000000063,4260.3975,87,61
1970-01-01 00:00:00.000000064,4252.575,87,61
1970-01-01 00:00:00.000000065,4219.1035,87,61
1970-01-01 00:00:00.000000066,4174.684,87,61
1970-01-01 00:00:00.000000067,4132.007,87,61
1970-01-01 00:00:00.000000063,4260.3975,87,62
1970-01-01 00:00:00.000000064,4252.575,87,62
1970-01-01 00:00:00.000000065,4219.1035,87,62
1970-01-01 00:00:00.000000066,4174.684,87,62
1970-01-01 00:00:00.000000067,4132.007,87,62
1970-01-01 00:00:00.000000068,4091.048,87,62
1970-01-01 00:00:00.000000064,4252.575,87,63
1970-01-01 00:00:00.000000065,4219.1035,87,63
1970-01-01 00:00:00.000000066,4174.684,87,63
1970-01-01 00:00:00.000000067,4132.007,87,63
1970-01-01 00:00:00.000000068,4091.048,87,63
1970-01-01 00:00:00.000000069,4092.0627,87,63
1970-01-01 00:00:00.000000065,4219.1035,87,64
1970-01-01 00:00:00.000000066,4174.684,87,64
1970-01-01 00:00:00.000000067,4132.007,87,64
1970-01-01 00:00:00.000000068,4091.048,87,64
1970-01-01 00:00:00.000000069,4092.0627,87,64
1970-01-01 00:00:00.000000070,4086.6973,87,64
1970-01-01 00:00:00.000000066,4174.684,87,65
1970-01-01 00:00:00.000000067,4132.007,87,65
1970-01-01 00:00:00.000000068,4091.048,87,65
1970-01-01 00:00:00.000000069,4092.0627,87,65
1970-01-01 00:00:00.000000070,4086.6973,87,65
1970-01-01 00:00:00.000000071,4080.9326,87,65
1970-01-01 00:00:00.000000067,4132.007,87,66
1970-01-01 00:00:00.000000068,4091.048,87,66
1970-01-01 00:00:00.000000069,4092.0627,87,66
1970-01-01 00:00:00.000000070,4086.6973,87,66
1970-01-01 00:00:00.000000071,4080.9326,87,66
1970-01-01 00:00:00.000000072,4078.432,87,66
1970-01-01 00:00:00.000000068,4091.048,87,67
1970-01-01 00:00:00.000000069,4092.0627,87,67
1970-01-01 00:00:00.000000070,4086.6973,87,67
1970-01-01 00:00:00.000000071,4080.9326,87,67
1970-01-01 00:00:00.000000072,4078.432,87,67
1970-01-01 00:00:00.000000073,4072.3374,87,67
1970-01-01 00:00:00.000000069,4092.0627,87,68
1970-01-01 00:00:00.000000070,4086.6973,87,68
1970-01-01 00:00:00.000000071,4080.9326,87,68
1970-01-01 00:00:00.000000072,4078.432,87,68
1970-01-01 00:00:00.000000073,4072.3374,87,68
1970-01-01 00:00:00.000000074,4077.4067,87,68
1970-01-01 00:00:00.000000070,4086.6973,87,69
1970-01-01 00:00:00.000000071,4080.9326,87,69
1970-01-01 00:00:00.000000072,4078.432,87,69
1970-01-01 00:00:00.000000073,4072.3374,87,69
1970-01-01 00:00:00.000000074,4077.4067,87,69
1970-01-01 00:00:00.000000075,4084.9214,87,69
1970-01-01 00:00:00.000000007,3781.2373,88,6
1970-01-01 00:00:00.000000008,3786.1028,88,6
1970-01-01 00:00:00.000000009,3779.2673,88,6
1970-01-01 00:00:00.000000010,3784.8074,88,6
1970-01-01 00:00:00.000000011,3801.8013,88,6
1970-01-01 00:00:00.000000012,3800.5027,88,6
1970-01-01 00:00:00.000000008,3786.1028,88,7
1970-01-01 00:00:00.000000009,3779.2673,88,7
1970-01-01 00:00:00.000000010,3784.8074,88,7
1970-01-01 00:00:00.000000011,3801.8013,88,7
1970-01-01 00:00:00.000000012,3800.5027,88,7
1970-01-01 00:00:00.000000013,3813.8328,88,7
1970-01-01 00:00:00.000000009,3779.2673,88,8
1970-01-01 00:00:00.000000010,3784.8074,88,8
1970-01-01 00:00:00.000000011,3801.8013,88,8
1970-01-01 00:00:00.000000012,3800.5027,88,8
1970-01-01 00:00:00.000000013,3813.8328,88,8
1970-01-01 00:00:00.000000014,3821.18,88,8
1970-01-01 00:00:00.000000010,3784.8074,88,9
1970-01-01 00:00:00.000000011,3801.8013,88,9
1970-01-01 00:00:00.000000012,3800.5027,88,9
1970-01-01 00:00:00.000000013,3813.8328,88,9
1970-01-01 00:00:00.000000014,3821.18,88,9
1970-01-01 00:00:00.000000015,3812.0454,88,9
1970-01-01 00:00:00.000000011,3801.8013,88,10
1970-01-01 00:00:00.000000012,3800.5027,88,10
1970-01-01 00:00:00.000000013,3813.8328,88,10
1970-01-01 00:00:00.000000014,3821.18,88,10
1970-01-01 00:00:00.000000015,3812.0454,88,10
1970-01-01 00:00:00.000000016,3815.2854,88,10
1970-01-01 00:00:00.000000012,3800.5027,88,11
1970-01-01 00:00:00.000000013,3813.8328,88,11
1970-01-01 00:00:00.000000014,3821.18,88,11
1970-01-01 00:00:00.000000015,3812.0454,88,11
1970-01-01 00:00:00.000000016,3815.2854,88,11
1970-01-01 00:00:00.000000017,3805.1514,88,11
1970-01-01 00:00:00.000000013,3813.8328,88,12
1970-01-01 00:00:00.000000014,3821.18,88,12
1970-01-01 00:00:00.000000015,3812.0454,88,12
1970-01-01 00:00:00.000000016,3815.2854,88,12
1970-01-01 00:00:00.000000017,3805.1514,88,12
1970-01-01 00:00:00.000000018,3796.782,88,12
1970-01-01 00:00:00.000000014,3821.18,88,13
1970-01-01 00:00:00.000000015,3812.0454,88,13
1970-01-01 00:00:00.000000016,3815.2854,88,13
1970-01-01 00:00:00.000000017,3805.1514,88,13
1970-01-01 00:00:00.000000018,3796.782,88,13
1970-01-01 00:00:00.000000019,3803.3474,88,13
1970-01-01 00:00:00.000000015,3812.0454,88,14
1970-01-01 00:00:00.000000016,3815.2854,88,14
1970-01-01 00:00:00.000000017,3805.1514,88,14
1970-01-01 00:00:00.000000018,3796.782,88,14
1970-01-01 00:00:00.000000019,3803.3474,88,14
1970-01-01 00:00:00.000000020,3805.0906,88,14
1970-01-01 00:00:00.000000016,3815.2854,88,15
1970-01-01 00:00:00.000000017,3805.1514,88,15
1970-01-01 00:00:00.000000018,3796.782,88,15
1970-01-01 00:00:00.000000019,3803.3474,88,15
1970-01-01 00:00:00.000000020,3805.0906,88,15
1970-01-01 00:00:00.000000021,3806.3293,88,15
1970-01-01 00:00:00.000000017,3805.1514,88,16
1970-01-01 00:00:00.000000018,3796.782,88,16
1970-01-01 00:00:00.000000019,3803.3474,88,16
1970-01-01 00:00:00.000000020,3805.0906,88,16
1970-01-01 00:00:00.000000021,3806.3293,88,16
1970-01-01 00:00:00.000000022,3802.7454,88,16
1970-01-01 00:00:00.000000018,3796.782,88,17
1970-01-01 00:00:00.000000019,3803.3474,88,17
1970-01-01 00:00:00.000000020,3805.0906,88,17
1970-01-01 00:00:00.000000021,3806.3293,88,17
1970-01-01 00:00:00.000000022,3802.7454,88,17
1970-01-01 00:00:00.000000023,3793.148,88,17
1970-01-01 00:00:00.000000019,3803.3474,88,18
1970-01-01 00:00:00.000000020,3805.0906,88,18
1970-01-01 00:00:00.000000021,3806.3293,88,18
1970-01-01 00:00:00.000000022,3802.7454,88,18
1970-01-01 00:00:00.000000023,3793.148,88,18
1970-01-01 00:00:00.000000024,3782.1453,88,18
1970-01-01 00:00:00.000000020,3805.0906,88,19
1970-01-01 00:00:00.000000021,3806.3293,88,19
1970-01-01 00:00:00.000000022,3802.7454,88,19
1970-01-01 00:00:00.000000023,3793.148,88,19
1970-01-01 00:00:00.000000024,3782.1453,88,19
1970-01-01 00:00:00.000000025,3781.27,88,19
1970-01-01 00:00:00.000000021,3806.3293,88,20
1970-01-01 00:00:00.000000022,3802.7454,88,20
1970-01-01 00:00:00.000000023,3793.148,88,20
1970-01-01 00:00:00.000000024,3782.1453,88,20
1970-01-01 00:00:00.000000025,3781.27,88,20
1970-01-01 00:00:00.000000026,3788.826,88,20
1970-01-01 00:00:00.000000022,3802.7454,88,21
1970-01-01 00:00:00.000000023,3793.148,88,21
1970-01-01 00:00:00.000000024,3782.1453,88,21
1970-01-01 00:00:00.000000025,3781.27,88,21
1970-01-01 00:00:00.000000026,3788.826,88,21
1970-01-01 00:00:00.000000027,3798.2488,88,21
1970-01-01 00:00:00.000000023,3793.148,88,22
1970-01-01 00:00:00.000000024,3782.1453,88,22
1970-01-01 00:00:00.000000025,3781.27,88,22
1970-01-01 00:00:00.000000026,3788.826,88,22
1970-01-01 00:00:00.000000027,3798.2488,88,22
1970-01-01 00:00:00.000000028,3806.7188,88,22
1970-01-01 00:00:00.000000024,3782.1453,88,23
1970-01-01 00:00:00.000000025,3781.27,88,23
1970-01-01 00:00:00.000000026,3788.826,88,23
1970-01-01 00:00:00.000000027,3798.2488,88,23
1970-01-01 00:00:00.000000028,3806.7188,88,23
1970-01-01 00:00:00.000000029,3804.6567,88,23
1970-01-01 00:00:00.000000025,3781.27,88,24
1970-01-01 00:00:00.000000026,3788.826,88,24
1970-01-01 00:00:00.000000027,3798.2488,88,24
1970-01-01 00:00:00.000000028,3806.7188,88,24
1970-01-01 00:00:00.000000029,3804.6567,88,24
1970-01-01 00:00:00.000000030,3795.3867,88,24
1970-01-01 00:00:00.000000026,3788.826,88,25
1970-01-01 00:00:00.000000027,3798.2488,88,25
1970-01-01 00:00:00.000000028,3806.7188,88,25
1970-01-01 00:00:00.000000029,3804.6567,88,25
1970-01-01 00:00:00.000000030,3795.3867,88,25
1970-01-01 00:00:00.000000031,3791.7566,88,25
1970-01-01 00:00:00.000000027,3798.2488,88,26
1970-01-01 00:00:00.000000028,3806.7188,88,26
1970-01-01 00:00:00.000000029,3804.6567,88,26
1970-01-01 00:00:00.000000030,3795.3867,88,26
1970-01-01 00:00:00.000000031,3791.7566,88,26
1970-01-01 00:00:00.000000032,3793.2534,88,26
1970-01-01 00:00:00.000000028,3806.7188,88,27
1970-01-01 00:00:00.000000029,3804.6567,88,27
1970-01-01 00:00:00.000000030,3795.3867,88,27
1970-01-01 00:00:00.000000031,3791.7566,88,27
1970-01-01 00:00:00.000000032,3793.2534,88,27
1970-01-01 00:00:00.000000033,3804.7793,88,27
1970-01-01 00:00:00.000000029,3804.6567,88,28
1970-01-01 00:00:00.000000030,3795.3867,88,28
1970-01-01 00:00:00.000000031,3791.7566,88,28
1970-01-01 00:00:00.000000032,3793.2534,88,28
1970-01-01 00:00:00.000000033,3804.7793,88,28
1970-01-01 00:00:00.000000034,3815.072,88,28
1970-01-01 00:00:00.000000030,3795.3867,88,29
1970-01-01 00:00:00.000000031,3791.7566,88,29
1970-01-01 00:00:00.000000032,3793.2534,88,29
1970-01-01 00:00:00.000000033,3804.7793,88,29
1970-01-01 00:00:00.000000034,3815.072,88,29
1970-01-01 00:00:00.000000035,3810.3027,88,29
1970-01-01 00:00:00.000000031,3791.7566,88,30
1970-01-01 00:00:00.000000032,3793.2534,88,30
1970-01-01 00:00:00.000000033,3804.7793,88,30
1970-01-01 00:00:00.000000034,3815.072,88,30
1970-01-01 00:00:00.000000035,3810.3027,88,30
1970-01-01 00:00:00.000000036,3818.654,88,30
1970-01-01 00:00:00.000000032,3793.2534,88,31
1970-01-01 00:00:00.000000033,3804.7793,88,31
1970-01-01 00:00:00.000000034,3815.072,88,31
1970-01-01 00:00:00.000000035,3810.3027,88,31
1970-01-01 00:00:00.000000036,3818.654,88,31
1970-01-01 00:00:00.000000037,3812.8213,88,31
1970-01-01 00:00:00.000000033,3804.7793,88,32
1970-01-01 00:00:00.000000034,3815.072,88,32
1970-01-01 00:00:00.000000035,3810.3027,88,32
1970-01-01 00:00:00.000000036,3818.654,88,32
1970-01-01 00:00:00.000000037,3812.8213,88,32
1970-01-01 00:00:00.000000038,3816.7146,88,32
1970-01-01 00:00:00.000000034,3815.072,88,33
1970-01-01 00:00:00.000000035,3810.3027,88,33
1970-01-01 00:00:00.000000036,3818.654,88,33
1970-01-01 00:00:00.000000037,3812.8213,88,33
1970-01-01 00:00:00.000000038,3816.7146,88,33
1970-01-01 00:00:00.000000039,3838.3254,88,33
1970-01-01 00:00:00.000000035,3810.3027,88,34
1970-01-01 00:00:00.000000036,3818.654,88,34
1970-01-01 00:00:00.000000037,3812.8213,88,34
1970-01-01 00:00:00.000000038,3816.7146,88,34
1970-01-01 00:00:00.000000039,3838.3254,88,34
1970-01-01 00:00:00.000000040,3831.542,88,34
1970-01-01 00:00:00.000000036,3818.654,88,35
1970-01-01 00:00:00.000000037,3812.8213,88,35
1970-01-01 00:00:00.000000038,3816.7146,88,35
1970-01-01 00:00:00.000000039,3838.3254,88,35
1970-01-01 00:00:00.000000040,3831.542,88,35
1970-01-01 00:00:00.000000041,3835.8848,88,35
1970-01-01 00:00:00.000000037,3812.8213,88,36
1970-01-01 00:00:00.000000038,3816.7146,88,36
1970-01-01 00:00:00.000000039,3838.3254,88,36
1970-01-01 00:00:00.000000040,3831.542,88,36
1970-01-01 00:00:00.000000041,3835.8848,88,36
1970-01-01 00:00:00.000000042,3831.0208,88,36
1970-01-01 00:00:00.000000038,3816.7146,88,37
1970-01-01 00:00:00.000000039,3838.3254,88,37
1970-01-01 00:00:00.000000040,3831.542,88,37
1970-01-01 00:00:00.000000041,3835.8848,88,37
1970-01-01 00:00:00.000000042,3831.0208,88,37
1970-01-01 00:00:00.000000043,3815.2273,88,37
1970-01-01 00:00:00.000000039,3838.3254,88,38
1970-01-01 00:00:00.000000040,3831.542,88,38
1970-01-01 00:00:00.000000041,3835.8848,88,38
1970-01-01 00:00:00.000000042,3831.0208,88,38
1970-01-01 00:00:00.000000043,3815.2273,88,38
1970-01-01 00:00:00.000000044,3810.6953,88,38
1970-01-01 00:00:00.000000040,3831.542,88,39
1970-01-01 00:00:00.000000041,3835.8848,88,39
1970-01-01 00:00:00.000000042,3831.0208,88,39
1970-01-01 00:00:00.000000043,3815.2273,88,39
1970-01-01 00:00:00.000000044,3810.6953,88,39
1970-01-01 00:00:00.000000045,3807.1987,88,39
1970-01-01 00:00:00.000000041,3835.8848,88,40
1970-01-01 00:00:00.000000042,3831.0208,88,40
1970-01-01 00:00:00.000000043,3815.2273,88,40
1970-01-01 00:00:00.000000044,3810.6953,88,40
1970-01-01 00:00:00.000000045,3807.1987,88,40
1970-01-01 00:00:00.000000046,3805.7334,88,40
1970-01-01 00:00:00.000000042,3831.0208,88,41
1970-01-01 00:00:00.000000043,3815.2273,88,41
1970-01-01 00:00:00.000000044,3810.6953,88,41
1970-01-01 00:00:00.000000045,3807.1987,88,41
1970-01-01 00:00:00.000000046,3805.7334,88,41
1970-01-01 00:00:00.000000047,3798.2673,88,41
1970-01-01 00:00:00.000000043,3815.2273,88,42
1970-01-01 00:00:00.000000044,3810.6953,88,42
1970-01-01 00:00:00.000000045,3807.1987,88,42
1970-01-01 00:00:00.000000046,3805.7334,88,42
1970-01-01 00:00:00.000000047,3798.2673,88,42
1970-01-01 00:00:00.000000048,3789.6033,88,42
1970-01-01 00:00:00.000000044,3810.6953,88,43
1970-01-01 00:00:00.000000045,3807.1987,88,43
1970-01-01 00:00:00.000000046,3805.7334,88,43
1970-01-01 00:00:00.000000047,3798.2673,88,43
1970-01-01 00:00:00.000000048,3789.6033,88,43
1970-01-01 00:00:00.000000049,3784.0986,88,43
1970-01-01 00:00:00.000000045,3807.1987,88,44
1970-01-01 00:00:00.000000046,3805.7334,88,44
1970-01-01 00:00:00.000000047,3798.2673,88,44
1970-01-01 00:00:00.000000048,3789.6033,88,44
1970-01-01 00:00:00.000000049,3784.0986,88,44
1970-01-01 00:00:00.000000050,3785.9688,88,44
1970-01-01 00:00:00.000000046,3805.7334,88,45
1970-01-01 00:00:00.000000047,3798.2673,88,45
1970-01-01 00:00:00.000000048,3789.6033,88,45
1970-01-01 00:00:00.000000049,3784.0986,88,45
1970-01-01 00:00:00.000000050,3785.9688,88,45
1970-01-01 00:00:00.000000051,3789.0574,88,45
1970-01-01 00:00:00.000000047,3798.2673,88,46
1970-01-01 00:00:00.000000048,3789.6033,88,46
1970-01-01 00:00:00.000000049,3784.0986,88,46
1970-01-01 00:00:00.000000050,3785.9688,88,46
1970-01-01 00:00:00.000000051,3789.0574,88,46
1970-01-01 00:00:00.000000052,3789.0774,88,46
1970-01-01 00:00:00.000000048,3789.6033,88,47
1970-01-01 00:00:00.000000049,3784.0986,88,47
1970-01-01 00:00:00.000000050,3785.9688,88,47
1970-01-01 00:00:00.000000051,3789.0574,88,47
1970-01-01 00:00:00.000000052,3789.0774,88,47
1970-01-01 00:00:00.000000053,3788.0286,88,47
1970-01-01 00:00:00.000000049,3784.0986,88,48
1970-01-01 00:00:00.000000050,3785.9688,88,48
1970-01-01 00:00:00.000000051,3789.0574,88,48
1970-01-01 00:00:00.000000052,3789.0774,88,48
1970-01-01 00:00:00.000000053,3788.0286,88,48
1970-01-01 00:00:00.000000054,3776.296,88,48
1970-01-01 00:00:00.000000050,3785.9688,88,49
1970-01-01 00:00:00.000000051,3789.0574,88,49
1970-01-01 00:00:00.000000052,3789.0774,88,49
1970-01-01 00:00:00.000000053,3788.0286,88,49
1970-01-01 00:00:00.000000054,3776.296,88,49
1970-01-01 00:00:00.000000055,3762.9053,88,49
1970-01-01 00:00:00.000000051,3789.0574,88,50
1970-01-01 00:00:00.000000052,3789.0774,88,50
1970-01-01 00:00:00.000000053,3788.0286,88,50
1970-01-01 00:00:00.000000054,3776.296,88,50
1970-01-01 00:00:00.000000055,3762.9053,88,50
1970-01-01 00:00:00.000000056,3763.7114,88,50
1970-01-01 00:00:00.000000052,3789.0774,88,51
1970-01-01 00:00:00.000000053,3788.0286,88,51
1970-01-01 00:00:00.000000054,3776.296,88,51
1970-01-01 00:00:00.000000055,3762.9053,88,51
1970-01-01 00:00:00.000000056,3763.7114,88,51
1970-01-01 00:00:00.000000057,3755.68,88,51
1970-01-01 00:00:00.000000053,3788.0286,88,52
1970-01-01 00:00:00.000000054,3776.296,88,52
1970-01-01 00:00:00.000000055,3762.9053,88,52
1970-01-01 00:00:00.000000056,3763.7114,88,52
1970-01-01 00:00:00.000000057,3755.68,88,52
1970-01-01 00:00:00.000000058,3749.626,88,52
1970-01-01 00:00:00.000000054,3776.296,88,53
1970-01-01 00:00:00.000000055,3762.9053,88,53
1970-01-01 00:00:00.000000056,3763.7114,88,53
1970-01-01 00:00:00.000000057,3755.68,88,53
1970-01-01 00:00:00.000000058,3749.626,88,53
1970-01-01 00:00:00.000000059,3751.8787,88,53
1970-01-01 00:00:00.000000055,3762.9053,88,54
1970-01-01 00:00:00.000000056,3763.7114,88,54
1970-01-01 00:00:00.000000057,3755.68,88,54
1970-01-01 00:00:00.000000058,3749.626,88,54
1970-01-01 00:00:00.000000059,3751.8787,88,54
1970-01-01 00:00:00.000000060,3739.0046,88,54
1970-01-01 00:00:00.000000056,3763.7114,88,55
1970-01-01 00:00:00.000000057,3755.68,88,55
1970-01-01 00:00:00.000000058,3749.626,88,55
1970-01-01 00:00:00.000000059,3751.8787,88,55
1970-01-01 00:00:00.000000060,3739.0046,88,55
1970-01-01 00:00:00.000000061,3728.894,88,55
1970-01-01 00:00:00.000000057,3755.68,88,56
1970-01-01 00:00:00.000000058,3749.626,88,56
1970-01-01 00:00:00.000000059,3751.8787,88,56
1970-01-01 00:00:00.000000060,3739.0046,88,56
1970-01-01 00:00:00.000000061,3728.894,88,56
1970-01-01 00:00:00.000000062,3735.018,88,56
1970-01-01 00:00:00.000000058,3749.626,88,57
1970-01-01 00:00:00.000000059,3751.8787,88,57
1970-01-01 00:00:00.000000060,3739.0046,88,57
1970-01-01 00:00:00.000000061,3728.894,88,57
1970-01-01 00:00:00.000000062,3735.018,88,57
1970-01-01 00:00:00.000000063,3728.2866,88,57
1970-01-01 00:00:00.000000059,3751.8787,88,58
1970-01-01 00:00:00.000000060,3739.0046,88,58
1970-01-01 00:00:00.000000061,3728.894,88,58
1970-01-01 00:00:00.000000062,3735.018,88,58
1970-01-01 00:00:00.000000063,3728.2866,88,58
1970-01-01 00:00:00.000000064,3731.1726,88,58
1970-01-01 00:00:00.000000060,3739.0046,88,59
1970-01-01 00:00:00.000000061,3728.894,88,59
1970-01-01 00:00:00.000000062,3735.018,88,59
1970-01-01 00:00:00.000000063,3728.2866,88,59
1970-01-01 00:00:00.000000064,3731.1726,88,59
1970-01-01 00:00:00.000000065,3742.1553,88,59
1970-01-01 00:00:00.000000061,3728.894,88,60
1970-01-01 00:00:00.000000062,3735.018,88,60
1970-01-01 00:00:00.000000063,3728.2866,88,60
1970-01-01 00:00:00.000000064,3731.1726,88,60
1970-01-01 00:00:00.000000065,3742.1553,88,60
1970-01-01 00:00:00.000000066,3734.6533,88,60
1970-01-01 00:00:00.000000062,3735.018,88,61
1970-01-01 00:00:00.000000063,3728.2866,88,61
1970-01-01 00:00:00.000000064,3731.1726,88,61
1970-01-01 00:00:00.000000065,3742.1553,88,61
1970-01-01 00:00:00.000000066,3734.6533,88,61
1970-01-01 00:00:00.000000067,3745.3293,88,61
1970-01-01 00:00:00.000000063,3728.2866,88,62
1970-01-01 00:00:00.000000064,3731.1726,88,62
1970-01-01 00:00:00.000000065,3742.1553,88,62
1970-01-01 00:00:00.000000066,3734.6533,88,62
1970-01-01 00:00:00.000000067,3745.3293,88,62
1970-01-01 00:00:00.000000068,3748.2585,88,62
1970-01-01 00:00:00.000000064,3731.1726,88,63
1970-01-01 00:00:00.000000065,3742.1553,88,63
1970-01-01 00:00:00.000000066,3734.6533,88,63
1970-01-01 00:00:00.000000067,3745.3293,88,63
1970-01-01 00:00:00.000000068,3748.2585,88,63
1970-01-01 00:00:00.000000069,3744.9387,88,63
1970-01-01 00:00:00.000000065,3742.1553,88,64
1970-01-01 00:00:00.000000066,3734.6533,88,64
1970-01-01 00:00:00.000000067,3745.3293,88,64
1970-01-01 00:00:00.000000068,3748.2585,88,64
1970-01-01 00:00:00.000000069,3744.9387,88,64
1970-01-01 00:00:00.000000070,3759.742,88,64
1970-01-01 00:00:00.000000066,3734.6533,88,65
1970-01-01 00:00:00.000000067,3745.3293,88,65
1970-01-01 00:00:00.000000068,3748.2585,88,65
1970-01-01 00:00:00.000000069,3744.9387,88,65
1970-01-01 00:00:00.000000070,3759.742,88,65
1970-01-01 00:00:00.000000071,3763.6467,88,65
1970-01-01 00:00:00.000000067,3745.3293,88,66
1970-01-01 00:00:00.000000068,3748.2585,88,66
1970-01-01 00:00:00.000000069,3744.9387,88,66
1970-01-01 00:00:00.000000070,3759.742,88,66
1970-01-01 00:00:00.000000071,3763.6467,88,66
1970-01-01 00:00:00.000000072,3768.4688,88,66
1970-01-01 00:00:00.000000068,3748.2585,88,67
1970-01-01 00:00:00.000000069,3744.9387,88,67
1970-01-01 00:00:00.000000070,3759.742,88,67
1970-01-01 00:00:00.000000071,3763.6467,88,67
1970-01-01 00:00:00.000000072,3768.4688,88,67
1970-01-01 00:00:00.000000073,3772.3386,88,67
1970-01-01 00:00:00.000000069,3744.9387,88,68
1970-01-01 00:00:00.000000070,3759.742,88,68
1970-01-01 00:00:00.000000071,3763.6467,88,68
1970-01-01 00:00:00.000000072,3768.4688,88,68
1970-01-01 00:00:00.000000073,3772.3386,88,68
1970-01-01 00:00:00.000000074,3769.716,88,68
1970-01-01 00:00:00.000000070,3759.742,88,69
1970-01-01 00:00:00.000000071,3763.6467,88,69
1970-01-01 00:00:00.000000072,3768.4688,88,69
1970-01-01 00:00:00.000000073,3772.3386,88,69
1970-01-01 00:00:00.000000074,3769.716,88,69
1970-01-01 00:00:00.000000075,3760.7388,88,69
1970-01-01 00:00:00.000000071,3763.6467,88,70
1970-01-01 00:00:00.000000072,3768.4688,88,70
1970-01-01 00:00:00.000000073,3772.3386,88,70
1970-01-01 00:00:00.000000074,3769.716,88,70
1970-01-01 00:00:00.000000075,3760.7388,88,70
1970-01-01 00:00:00.000000076,3765.148,88,70
1970-01-01 00:00:00.000000072,3768.4688,88,71
1970-01-01 00:00:00.000000073,3772.3386,88,71
1970-01-01 00:00:00.000000074,3769.716,88,71
1970-01-01 00:00:00.000000075,3760.7388,88,71
1970-01-01 00:00:00.000000076,3765.148,88,71
1970-01-01 00:00:00.000000077,3766.4893,88,71
1970-01-01 00:00:00.000000073,3772.3386,88,72
1970-01-01 00:00:00.000000074,3769.716,88,72
1970-01-01 00:00:00.000000075,3760.7388,88,72
1970-01-01 00:00:00.000000076,3765.148,88,72
1970-01-01 00:00:00.000000077,3766.4893,88,72
1970-01-01 00:00:00.000000078,3752.592,88,72
1970-01-01 00:00:00.000000074,3769.716,88,73
1970-01-01 00:00:00.000000075,3760.7388,88,73
1970-01-01 00:00:00.000000076,3765.148,88,73
1970-01-01 00:00:00.000000077,3766.4893,88,73
1970-01-01 00:00:00.000000078,3752.592,88,73
1970-01-01 00:00:00.000000079,3762.5952,88,73
1970-01-01 00:00:00.000000075,3760.7388,88,74
1970-01-01 00:00:00.000000076,3765.148,88,74
1970-01-01 00:00:00.000000077,3766.4893,88,74
1970-01-01 00:00:00.000000078,3752.592,88,74
1970-01-01 00:00:00.000000079,3762.5952,88,74
1970-01-01 00:00:00.000000080,3752.162,88,74
1970-01-01 00:00:00.000000076,3765.148,88,75
1970-01-01 00:00:00.000000077,3766.4893,88,75
1970-01-01 00:00:00.000000078,3752.592,88,75
1970-01-01 00:00:00.000000079,3762.5952,88,75
1970-01-01 00:00:00.000000080,3752.162,88,75
1970-01-01 00:00:00.000000081,3747.486,88,75
1970-01-01 00:00:00.000000077,3766.4893,88,76
1970-01-01 00:00:00.000000078,3752.592,88,76
1970-01-01 00:00:00.000000079,3762.5952,88,76
1970-01-01 00:00:00.000000080,3752.162,88,76
1970-01-01 00:00:00.000000081,3747.486,88,76
1970-01-01 00:00:00.000000082,3761.1472,88,76
1970-01-01 00:00:00.000000078,3752.592,88,77
1970-01-01 00:00:00.000000079,3762.5952,88,77
1970-01-01 00:00:00.000000080,3752.162,88,77
1970-01-01 00:00:00.000000081,3747.486,88,77
1970-01-01 00:00:00.000000082,3761.1472,88,77
1970-01-01 00:00:00.000000083,3752.5007,88,77
1970-01-01 00:00:00.000000079,3762.5952,88,78
1970-01-01 00:00:00.000000080,3752.162,88,78
1970-01-01 00:00:00.000000081,3747.486,88,78
1970-01-01 00:00:00.000000082,3761.1472,88,78
1970-01-01 00:00:00.000000083,3752.5007,88,78
1970-01-01 00:00:00.000000084,3764.2612,88,78
1970-01-01 00:00:00.000000080,3752.162,88,79
1970-01-01 00:00:00.000000081,3747.486,88,79
1970-01-01 00:00:00.000000082,3761.1472,88,79
1970-01-01 00:00:00.000000083,3752.5007,88,79
1970-01-01 00:00:00.000000084,3764.2612,88,79
1970-01-01 00:00:00.000000085,3774.6433,88,79
1970-01-01 00:00:00.000000081,3747.486,88,80
1970-01-01 00:00:00.000000082,3761.1472,88,80
1970-01-01 00:00:00.000000083,3752.5007,88,80
1970-01-01 00:00:00.000000084,3764.2612,88,80
1970-01-01 00:00:00.000000085,3774.6433,88,80
1970-01-01 00:00:00.000000086,3778.5154,88,80
1970-01-01 00:00:00.000000082,3761.1472,88,81
1970-01-01 00:00:00.000000083,3752.5007,88,81
1970-01-01 00:00:00.000000084,3764.2612,88,81
1970-01-01 00:00:00.000000085,3774.6433,88,81
1970-01-01 00:00:00.000000086,3778.5154,88,81
1970-01-01 00:00:00.000000087,3803.0227,88,81
1970-01-01 00:00:00.000000083,3752.5007,88,82
1970-01-01 00:00:00.000000084,3764.2612,88,82
1970-01-01 00:00:00.000000085,3774.6433,88,82
1970-01-01 00:00:00.000000086,3778.5154,88,82
1970-01-01 00:00:00.000000087,3803.0227,88,82
1970-01-01 00:00:00.000000088,3803.7034,88,82
1970-01-01 00:00:00.000000084,3764.2612,88,83
1970-01-01 00:00:00.000000085,3774.6433,88,83
1970-01-01 00:00:00.000000086,3778.5154,88,83
1970-01-01 00:00:00.000000087,3803.0227,88,83
1970-01-01 00:00:00.000000088,3803.7034,88,83
1970-01-01 00:00:00.000000089,3801.6953,88,83
1970-01-01 00:00:00.000000085,3774.6433,88,84
1970-01-01 00:00:00.000000086,3778.5154,88,84
1970-01-01 00:00:00.000000087,3803.0227,88,84
1970-01-01 00:00:00.000000088,3803.7034,88,84
1970-01-01 00:00:00.000000089,3801.6953,88,84
1970-01-01 00:00:00.000000090,3811.228,88,84
1970-01-01 00:00:00.000000086,3778.5154,88,85
1970-01-01 00:00:00.000000087,3803.0227,88,85
1970-01-01 00:00:00.000000088,3803.7034,88,85
1970-01-01 00:00:00.000000089,3801.6953,88,85
1970-01-01 00:00:00.000000090,3811.228,88,85
1970-01-01 00:00:00.000000091,3805.844,88,85
1970-01-01 00:00:00.000000087,3803.0227,88,86
1970-01-01 00:00:00.000000088,3803.7034,88,86
1970-01-01 00:00:00.000000089,3801.6953,88,86
1970-01-01 00:00:00.000000090,3811.228,88,86
1970-01-01 00:00:00.000000091,3805.844,88,86
1970-01-01 00:00:00.000000092,3812.98,88,86
1970-01-01 00:00:00.000000088,3803.7034,88,87
1970-01-01 00:00:00.000000089,3801.6953,88,87
1970-01-01 00:00:00.000000090,3811.228,88,87
1970-01-01 00:00:00.000000091,3805.844,88,87
1970-01-01 00:00:00.000000092,3812.98,88,87
1970-01-01 00:00:00.000000093,3818.8086,88,87
1970-01-01 00:00:00.000000089,3801.6953,88,88
1970-01-01 00:00:00.000000090,3811.228,88,88
1970-01-01 00:00:00.000000091,3805.844,88,88
1970-01-01 00:00:00.000000092,3812.98,88,88
1970-01-01 00:00:00.000000093,3818.8086,88,88
1970-01-01 00:00:00.000000094,3811.6414,88,88
1970-01-01 00:00:00.000000090,3811.228,88,89
1970-01-01 00:00:00.000000091,3805.844,88,89
1970-01-01 00:00:00.000000092,3812.98,88,89
1970-01-01 00:00:00.000000093,3818.8086,88,89
1970-01-01 00:00:00.000000094,3811.6414,88,89
1970-01-01 00:00:00.000000095,3807.096,88,89
1970-01-01 00:00:00.000000091,3805.844,88,90
1970-01-01 00:00:00.000000092,3812.98,88,90
1970-01-01 00:00:00.000000093,3818.8086,88,90
1970-01-01 00:00:00.000000094,3811.6414,88,90
1970-01-01 00:00:00.000000095,3807.096,88,90
1970-01-01 00:00:00.000000096,3799.758,88,90
1970-01-01 00:00:00.000000092,3812.98,88,91
1970-01-01 00:00:00.000000093,3818.8086,88,91
1970-01-01 00:00:00.000000094,3811.6414,88,91
1970-01-01 00:00:00.000000095,3807.096,88,91
1970-01-01 00:00:00.000000096,3799.758,88,91
1970-01-01 00:00:00.000000097,3802.2766,88,91
1970-01-01 00:00:00.000000093,3818.8086,88,92
1970-01-01 00:00:00.000000094,3811.6414,88,92
1970-01-01 00:00:00.000000095,3807.096,88,92
1970-01-01 00:00:00.000000096,3799.758,88,92
1970-01-01 00:00:00.000000097,3802.2766,88,92
1970-01-01 00:00:00.000000098,3803.634,88,92
1970-01-01 00:00:00.000000094,3811.6414,88,93
1970-01-01 00:00:00.000000095,3807.096,88,93
1970-01-01 00:00:00.000000096,3799.758,88,93
1970-01-01 00:00:00.000000097,3802.2766,88,93
1970-01-01 00:00:00.000000098,3803.634,88,93
1970-01-01 00:00:00.000000099,3808.612,88,93
1970-01-01 00:00:00.000000095,3807.096,88,94
1970-01-01 00:00:00.000000096,3799.758,88,94
1970-01-01 00:00:00.000000097,3802.2766,88,94
1970-01-01 00:00:00.000000098,3803.634,88,94
1970-01-01 00:00:00.000000099,3808.612,88,94
1970-01-01 00:00:00.000000100,3811.424,88,94
1970-01-01 00:00:00.000000096,3799.758,88,95
1970-01-01 00:00:00.000000097,3802.2766,88,95
1970-01-01 00:00:00.000000098,3803.634,88,95
1970-01-01 00:00:00.000000099,3808.612,88,95
1970-01-01 00:00:00.000000100,3811.424,88,95
1970-01-01 00:00:00.000000101,3811.5532,88,95
1970-01-01 00:00:00.000000097,3802.2766,88,96
1970-01-01 00:00:00.000000098,3803.634,88,96
1970-01-01 00:00:00.000000099,3808.612,88,96
1970-01-01 00:00:00.000000100,3811.424,88,96
1970-01-01 00:00:00.000000101,3811.5532,88,96
1970-01-01 00:00:00.000000102,3805.9915,88,96
1970-01-01 00:00:00.000000098,3803.634,88,97
1970-01-01 00:00:00.000000099,3808.612,88,97
1970-01-01 00:00:00.000000100,3811.424,88,97
1970-01-01 00:00:00.000000101,3811.5532,88,97
1970-01-01 00:00:00.000000102,3805.9915,88,97
1970-01-01 00:00:00.000000103,3796.186,88,97
1970-01-01 00:00:00.000000099,3808.612,88,98
1970-01-01 00:00:00.000000100,3811.424,88,98
1970-01-01 00:00:00.000000101,3811.5532,88,98
1970-01-01 00:00:00.000000102,3805.9915,88,98
1970-01-01 00:00:00.000000103,3796.186,88,98
1970-01-01 00:00:00.000000104,3795.734,88,98
1970-01-01 00:00:00.000000007,3507.1853,89,6
1970-01-01 00:00:00.000000008,3542.2146,89,6
1970-01-01 00:00:00.000000009,3610.162,89,6
1970-01-01 00:00:00.000000010,3695.246,89,6
1970-01-01 00:00:00.000000011,3812.0986,89,6
1970-01-01 00:00:00.000000012,3927.2488,89,6
1970-01-01 00:00:00.000000008,3542.2146,89,7
1970-01-01 00:00:00.000000009,3610.162,89,7
1970-01-01 00:00:00.000000010,3695.246,89,7
1970-01-01 00:00:00.000000011,3812.0986,89,7
1970-01-01 00:00:00.000000012,3927.2488,89,7
1970-01-01 00:00:00.000000013,4037.09,89,7
1970-01-01 00:00:00.000000009,3610.162,89,8
1970-01-01 00:00:00.000000010,3695.246,89,8
1970-01-01 00:00:00.000000011,3812.0986,89,8
1970-01-01 00:00:00.000000012,3927.2488,89,8
1970-01-01 00:00:00.000000013,4037.09,89,8
1970-01-01 00:00:00.000000014,4126.4985,89,8
1970-01-01 00:00:00.000000010,3695.246,89,9
1970-01-01 00:00:00.000000011,3812.0986,89,9
1970-01-01 00:00:00.000000012,3927.2488,89,9
1970-01-01 00:00:00.000000013,4037.09,89,9
1970-01-01 00:00:00.000000014,4126.4985,89,9
1970-01-01 00:00:00.000000015,4189.449,89,9
1970-01-01 00:00:00.000000011,3812.0986,89,10
1970-01-01 00:00:00.000000012,3927.2488,89,10
1970-01-01 00:00:00.000000013,4037.09,89,10
1970-01-01 00:00:00.000000014,4126.4985,89,10
1970-01-01 00:00:00.000000015,4189.449,89,10
1970-01-01 00:00:00.000000016,4256.048,89,10
1970-01-01 00:00:00.000000012,3927.2488,89,11
1970-01-01 00:00:00.000000013,4037.09,89,11
1970-01-01 00:00:00.000000014,4126.4985,89,11
1970-01-01 00:00:00.000000015,4189.449,89,11
1970-01-01 00:00:00.000000016,4256.048,89,11
1970-01-01 00:00:00.000000017,4299.9253,89,11
1970-01-01 00:00:00.000000013,4037.09,89,12
1970-01-01 00:00:00.000000014,4126.4985,89,12
1970-01-01 00:00:00.000000015,4189.449,89,12
1970-01-01 00:00:00.000000016,4256.048,89,12
1970-01-01 00:00:00.000000017,4299.9253,89,12
1970-01-01 00:00:00.000000018,4310.5093,89,12
1970-01-01 00:00:00.000000014,4126.4985,89,13
1970-01-01 00:00:00.000000015,4189.449,89,13
1970-01-01 00:00:00.000000016,4256.048,89,13
1970-01-01 00:00:00.000000017,4299.9253,89,13
1970-01-01 00:00:00.000000018,4310.5093,89,13
1970-01-01 00:00:00.000000019,4327.287,89,13
1970-01-01 00:00:00.000000015,4189.449,89,14
1970-01-01 00:00:00.000000016,4256.048,89,14
1970-01-01 00:00:00.000000017,4299.9253,89,14
1970-01-01 00:00:00.000000018,4310.5093,89,14
1970-01-01 00:00:00.000000019,4327.287,89,14
1970-01-01 00:00:00.000000020,4311.7505,89,14
1970-01-01 00:00:00.000000016,4256.048,89,15
1970-01-01 00:00:00.000000017,4299.9253,89,15
1970-01-01 00:00:00.000000018,4310.5093,89,15
1970-01-01 00:00:00.000000019,4327.287,89,15
1970-01-01 00:00:00.000000020,4311.7505,89,15
1970-01-01 00:00:00.000000021,4294.51,89,15
1970-01-01 00:00:00.000000017,4299.9253,89,16
1970-01-01 00:00:00.000000018,4310.5093,89,16
1970-01-01 00:00:00.000000019,4327.287,89,16
1970-01-01 00:00:00.000000020,4311.7505,89,16
1970-01-01 00:00:00.000000021,4294.51,89,16
1970-01-01 00:00:00.000000022,4295.3926,89,16
1970-01-01 00:00:00.000000018,4310.5093,89,17
1970-01-01 00:00:00.000000019,4327.287,89,17
1970-01-01 00:00:00.000000020,4311.7505,89,17
1970-01-01 00:00:00.000000021,4294.51,89,17
1970-01-01 00:00:00.000000022,4295.3926,89,17
1970-01-01 00:00:00.000000023,4281.5366,89,17
1970-01-01 00:00:00.000000019,4327.287,89,18
1970-01-01 00:00:00.000000020,4311.7505,89,18
1970-01-01 00:00:00.000000021,4294.51,89,18
1970-01-01 00:00:00.000000022,4295.3926,89,18
1970-01-01 00:00:00.000000023,4281.5366,89,18
1970-01-01 00:00:00.000000024,4273.212,89,18
1970-01-01 00:00:00.000000020,4311.7505,89,19
1970-01-01 00:00:00.000000021,4294.51,89,19
1970-01-01 00:00:00.000000022,4295.3926,89,19
1970-01-01 00:00:00.000000023,4281.5366,89,19
1970-01-01 00:00:00.000000024,4273.212,89,19
1970-01-01 00:00:00.000000025,4276.084,89,19
1970-01-01 00:00:00.000000021,4294.51,89,20
1970-01-01 00:00:00.000000022,4295.3926,89,20
1970-01-01 00:00:00.000000023,4281.5366,89,20
1970-01-01 00:00:00.000000024,4273.212,89,20
1970-01-01 00:00:00.000000025,4276.084,89,20
1970-01-01 00:00:00.000000026,4255.1553,89,20
1970-01-01 00:00:00.000000022,4295.3926,89,21
1970-01-01 00:00:00.000000023,4281.5366,89,21
1970-01-01 00:00:00.000000024,4273.212,89,21
1970-01-01 00:00:00.000000025,4276.084,89,21
1970-01-01 00:00:00.000000026,4255.1553,89,21
1970-01-01 00:00:00.000000027,4247.5024,89,21
1970-01-01 00:00:00.000000023,4281.5366,89,22
1970-01-01 00:00:00.000000024,4273.212,89,22
1970-01-01 00:00:00.000000025,4276.084,89,22
1970-01-01 00:00:00.000000026,4255.1553,89,22
1970-01-01 00:00:00.000000027,4247.5024,89,22
1970-01-01 00:00:00.000000028,4252.763,89,22
1970-01-01 00:00:00.000000024,4273.212,89,23
1970-01-01 00:00:00.000000025,4276.084,89,23
1970-01-01 00:00:00.000000026,4255.1553,89,23
1970-01-01 00:00:00.000000027,4247.5024,89,23
1970-01-01 00:00:00.000000028,4252.763,89,23
1970-01-01 00:00:00.000000029,4245.546,89,23
1970-01-01 00:00:00.000000025,4276.084,89,24
1970-01-01 00:00:00.000000026,4255.1553,89,24
1970-01-01 00:00:00.000000027,4247.5024,89,24
1970-01-01 00:00:00.000000028,4252.763,89,24
1970-01-01 00:00:00.000000029,4245.546,89,24
1970-01-01 00:00:00.000000030,4254.053,89,24
1970-01-01 00:00:00.000000026,4255.1553,89,25
1970-01-01 00:00:00.000000027,4247.5024,89,25
1970-01-01 00:00:00.000000028,4252.763,89,25
1970-01-01 00:00:00.000000029,4245.546,89,25
1970-01-01 00:00:00.000000030,4254.053,89,25
1970-01-01 00:00:00.000000031,4274.6567,89,25
1970-01-01 00:00:00.000000027,4247.5024,89,26
1970-01-01 00:00:00.000000028,4252.763,89,26
1970-01-01 00:00:00.000000029,4245.546,89,26
1970-01-01 00:00:00.000000030,4254.053,89,26
1970-01-01 00:00:00.000000031,4274.6567,89,26
1970-01-01 00:00:00.000000032,4287.926,89,26
1970-01-01 00:00:00.000000028,4252.763,89,27
1970-01-01 00:00:00.000000029,4245.546,89,27
1970-01-01 00:00:00.000000030,4254.053,89,27
1970-01-01 00:00:00.000000031,4274.6567,89,27
1970-01-01 00:00:00.000000032,4287.926,89,27
1970-01-01 00:00:00.000000033,4298.6187,89,27
1970-01-01 00:00:00.000000029,4245.546,89,28
1970-01-01 00:00:00.000000030,4254.053,89,28
1970-01-01 00:00:00.000000031,4274.6567,89,28
1970-01-01 00:00:00.000000032,4287.926,89,28
1970-01-01 00:00:00.000000033,4298.6187,89,28
1970-01-01 00:00:00.000000034,4312.3135,89,28
1970-01-01 00:00:00.000000030,4254.053,89,29
1970-01-01 00:00:00.000000031,4274.6567,89,29
1970-01-01 00:00:00.000000032,4287.926,89,29
1970-01-01 00:00:00.000000033,4298.6187,89,29
1970-01-01 00:00:00.000000034,4312.3135,89,29
1970-01-01 00:00:00.000000035,4315.002,89,29
1970-01-01 00:00:00.000000031,4274.6567,89,30
1970-01-01 00:00:00.000000032,4287.926,89,30
1970-01-01 00:00:00.000000033,4298.6187,89,30
1970-01-01 00:00:00.000000034,4312.3135,89,30
1970-01-01 00:00:00.000000035,4315.002,89,30
1970-01-01 00:00:00.000000036,4317.9854,89,30
1970-01-01 00:00:00.000000032,4287.926,89,31
1970-01-01 00:00:00.000000033,4298.6187,89,31
1970-01-01 00:00:00.000000034,4312.3135,89,31
1970-01-01 00:00:00.000000035,4315.002,89,31
1970-01-01 00:00:00.000000036,4317.9854,89,31
1970-01-01 00:00:00.000000037,4336.3647,89,31
1970-01-01 00:00:00.000000033,4298.6187,89,32
1970-01-01 00:00:00.000000034,4312.3135,89,32
1970-01-01 00:00:00.000000035,4315.002,89,32
1970-01-01 00:00:00.000000036,4317.9854,89,32
1970-01-01 00:00:00.000000037,4336.3647,89,32
1970-01-01 00:00:00.000000038,4354.272,89,32
1970-01-01 00:00:00.000000034,4312.3135,89,33
1970-01-01 00:00:00.000000035,4315.002,89,33
1970-01-01 00:00:00.000000036,4317.9854,89,33
1970-01-01 00:00:00.000000037,4336.3647,89,33
1970-01-01 00:00:00.000000038,4354.272,89,33
1970-01-01 00:00:00.000000039,4353.47,89,33
1970-01-01 00:00:00.000000035,4315.002,89,34
1970-01-01 00:00:00.000000036,4317.9854,89,34
1970-01-01 00:00:00.000000037,4336.3647,89,34
1970-01-01 00:00:00.000000038,4354.272,89,34
1970-01-01 00:00:00.000000039,4353.47,89,34
1970-01-01 00:00:00.000000040,4366.8984,89,34
1970-01-01 00:00:00.000000036,4317.9854,89,35
1970-01-01 00:00:00.000000037,4336.3647,89,35
1970-01-01 00:00:00.000000038,4354.272,89,35
1970-01-01 00:00:00.000000039,4353.47,89,35
1970-01-01 00:00:00.000000040,4366.8984,89,35
1970-01-01 00:00:00.000000041,4368.224,89,35
1970-01-01 00:00:00.000000037,4336.3647,89,36
1970-01-01 00:00:00.000000038,4354.272,89,36
1970-01-01 00:00:00.000000039,4353.47,89,36
1970-01-01 00:00:00.000000040,4366.8984,89,36
1970-01-01 00:00:00.000000041,4368.224,89,36
1970-01-01 00:00:00.000000042,4371.02,89,36
1970-01-01 00:00:00.000000038,4354.272,89,37
1970-01-01 00:00:00.000000039,4353.47,89,37
1970-01-01 00:00:00.000000040,4366.8984,89,37
1970-01-01 00:00:00.000000041,4368.224,89,37
1970-01-01 00:00:00.000000042,4371.02,89,37
1970-01-01 00:00:00.000000043,4401.989,89,37
1970-01-01 00:00:00.000000039,4353.47,89,38
1970-01-01 00:00:00.000000040,4366.8984,89,38
1970-01-01 00:00:00.000000041,4368.224,89,38
1970-01-01 00:00:00.000000042,4371.02,89,38
1970-01-01 00:00:00.000000043,4401.989,89,38
1970-01-01 00:00:00.000000044,4410.611,89,38
1970-01-01 00:00:00.000000040,4366.8984,89,39
1970-01-01 00:00:00.000000041,4368.224,89,39
1970-01-01 00:00:00.000000042,4371.02,89,39
1970-01-01 00:00:00.000000043,4401.989,89,39
1970-01-01 00:00:00.000000044,4410.611,89,39
1970-01-01 00:00:00.000000045,4427.714,89,39
1970-01-01 00:00:00.000000041,4368.224,89,40
1970-01-01 00:00:00.000000042,4371.02,89,40
1970-01-01 00:00:00.000000043,4401.989,89,40
1970-01-01 00:00:00.000000044,4410.611,89,40
1970-01-01 00:00:00.000000045,4427.714,89,40
1970-01-01 00:00:00.000000046,4449.757,89,40
1970-01-01 00:00:00.000000042,4371.02,89,41
1970-01-01 00:00:00.000000043,4401.989,89,41
1970-01-01 00:00:00.000000044,4410.611,89,41
1970-01-01 00:00:00.000000045,4427.714,89,41
1970-01-01 00:00:00.000000046,4449.757,89,41
1970-01-01 00:00:00.000000047,4442.436,89,41
1970-01-01 00:00:00.000000043,4401.989,89,42
1970-01-01 00:00:00.000000044,4410.611,89,42
1970-01-01 00:00:00.000000045,4427.714,89,42
1970-01-01 00:00:00.000000046,4449.757,89,42
1970-01-01 00:00:00.000000047,4442.436,89,42
1970-01-01 00:00:00.000000048,4442.7695,89,42
1970-01-01 00:00:00.000000044,4410.611,89,43
1970-01-01 00:00:00.000000045,4427.714,89,43
1970-01-01 00:00:00.000000046,4449.757,89,43
1970-01-01 00:00:00.000000047,4442.436,89,43
1970-01-01 00:00:00.000000048,4442.7695,89,43
1970-01-01 00:00:00.000000049,4423.602,89,43
1970-01-01 00:00:00.000000045,4427.714,89,44
1970-01-01 00:00:00.000000046,4449.757,89,44
1970-01-01 00:00:00.000000047,4442.436,89,44
1970-01-01 00:00:00.000000048,4442.7695,89,44
1970-01-01 00:00:00.000000049,4423.602,89,44
1970-01-01 00:00:00.000000050,4411.8467,89,44
1970-01-01 00:00:00.000000046,4449.757,89,45
1970-01-01 00:00:00.000000047,4442.436,89,45
1970-01-01 00:00:00.000000048,4442.7695,89,45
1970-01-01 00:00:00.000000049,4423.602,89,45
1970-01-01 00:00:00.000000050,4411.8467,89,45
1970-01-01 00:00:00.000000051,4413.359,89,45
1970-01-01 00:00:00.000000047,4442.436,89,46
1970-01-01 00:00:00.000000048,4442.7695,89,46
1970-01-01 00:00:00.000000049,4423.602,89,46
1970-01-01 00:00:00.000000050,4411.8467,89,46
1970-01-01 00:00:00.000000051,4413.359,89,46
1970-01-01 00:00:00.000000052,4400.225,89,46
1970-01-01 00:00:00.000000048,4442.7695,89,47
1970-01-01 00:00:00.000000049,4423.602,89,47
1970-01-01 00:00:00.000000050,4411.8467,89,47
1970-01-01 00:00:00.000000051,4413.359,89,47
1970-01-01 00:00:00.000000052,4400.225,89,47
1970-01-01 00:00:00.000000053,4387.23,89,47
1970-01-01 00:00:00.000000049,4423.602,89,48
1970-01-01 00:00:00.000000050,4411.8467,89,48
1970-01-01 00:00:00.000000051,4413.359,89,48
1970-01-01 00:00:00.000000052,4400.225,89,48
1970-01-01 00:00:00.000000053,4387.23,89,48
1970-01-01 00:00:00.000000054,4376.766,89,48
1970-01-01 00:00:00.000000050,4411.8467,89,49
1970-01-01 00:00:00.000000051,4413.359,89,49
1970-01-01 00:00:00.000000052,4400.225,89,49
1970-01-01 00:00:00.000000053,4387.23,89,49
1970-01-01 00:00:00.000000054,4376.766,89,49
1970-01-01 00:00:00.000000055,4359.8325,89,49
1970-01-01 00:00:00.000000051,4413.359,89,50
1970-01-01 00:00:00.000000052,4400.225,89,50
1970-01-01 00:00:00.000000053,4387.23,89,50
1970-01-01 00:00:00.000000054,4376.766,89,50
1970-01-01 00:00:00.000000055,4359.8325,89,50
1970-01-01 00:00:00.000000056,4355.9604,89,50
1970-01-01 00:00:00.000000052,4400.225,89,51
1970-01-01 00:00:00.000000053,4387.23,89,51
1970-01-01 00:00:00.000000054,4376.766,89,51
1970-01-01 00:00:00.000000055,4359.8325,89,51
1970-01-01 00:00:00.000000056,4355.9604,89,51
1970-01-01 00:00:00.000000057,4382.418,89,51
1970-01-01 00:00:00.000000053,4387.23,89,52
1970-01-01 00:00:00.000000054,4376.766,89,52
1970-01-01 00:00:00.000000055,4359.8325,89,52
1970-01-01 00:00:00.000000056,4355.9604,89,52
1970-01-01 00:00:00.000000057,4382.418,89,52
1970-01-01 00:00:00.000000058,4389.779,89,52
1970-01-01 00:00:00.000000054,4376.766,89,53
1970-01-01 00:00:00.000000055,4359.8325,89,53
1970-01-01 00:00:00.000000056,4355.9604,89,53
1970-01-01 00:00:00.000000057,4382.418,89,53
1970-01-01 00:00:00.000000058,4389.779,89,53
1970-01-01 00:00:00.000000059,4412.854,89,53
1970-01-01 00:00:00.000000055,4359.8325,89,54
1970-01-01 00:00:00.000000056,4355.9604,89,54
1970-01-01 00:00:00.000000057,4382.418,89,54
1970-01-01 00:00:00.000000058,4389.779,89,54
1970-01-01 00:00:00.000000059,4412.854,89,54
1970-01-01 00:00:00.000000060,4442.2627,89,54
1970-01-01 00:00:00.000000056,4355.9604,89,55
1970-01-01 00:00:00.000000057,4382.418,89,55
1970-01-01 00:00:00.000000058,4389.779,89,55
1970-01-01 00:00:00.000000059,4412.854,89,55
1970-01-01 00:00:00.000000060,4442.2627,89,55
1970-01-01 00:00:00.000000061,4442.0293,89,55
1970-01-01 00:00:00.000000057,4382.418,89,56
1970-01-01 00:00:00.000000058,4389.779,89,56
1970-01-01 00:00:00.000000059,4412.854,89,56
1970-01-01 00:00:00.000000060,4442.2627,89,56
1970-01-01 00:00:00.000000061,4442.0293,89,56
1970-01-01 00:00:00.000000062,4452.508,89,56
1970-01-01 00:00:00.000000058,4389.779,89,57
1970-01-01 00:00:00.000000059,4412.854,89,57
1970-01-01 00:00:00.000000060,4442.2627,89,57
1970-01-01 00:00:00.000000061,4442.0293,89,57
1970-01-01 00:00:00.000000062,4452.508,89,57
1970-01-01 00:00:00.000000063,4473.1006,89,57
1970-01-01 00:00:00.000000059,4412.854,89,58
1970-01-01 00:00:00.000000060,4442.2627,89,58
1970-01-01 00:00:00.000000061,4442.0293,89,58
1970-01-01 00:00:00.000000062,4452.508,89,58
1970-01-01 00:00:00.000000063,4473.1006,89,58
1970-01-01 00:00:00.000000064,4478.7754,89,58
1970-01-01 00:00:00.000000060,4442.2627,89,59
1970-01-01 00:00:00.000000061,4442.0293,89,59
1970-01-01 00:00:00.000000062,4452.508,89,59
1970-01-01 00:00:00.000000063,4473.1006,89,59
1970-01-01 00:00:00.000000064,4478.7754,89,59
1970-01-01 00:00:00.000000065,4507.562,89,59
1970-01-01 00:00:00.000000061,4442.0293,89,60
1970-01-01 00:00:00.000000062,4452.508,89,60
1970-01-01 00:00:00.000000063,4473.1006,89,60
1970-01-01 00:00:00.000000064,4478.7754,89,60
1970-01-01 00:00:00.000000065,4507.562,89,60
1970-01-01 00:00:00.000000066,4525.804,89,60
1970-01-01 00:00:00.000000062,4452.508,89,61
1970-01-01 00:00:00.000000063,4473.1006,89,61
1970-01-01 00:00:00.000000064,4478.7754,89,61
1970-01-01 00:00:00.000000065,4507.562,89,61
1970-01-01 00:00:00.000000066,4525.804,89,61
1970-01-01 00:00:00.000000067,4525.609,89,61
1970-01-01 00:00:00.000000063,4473.1006,89,62
1970-01-01 00:00:00.000000064,4478.7754,89,62
1970-01-01 00:00:00.000000065,4507.562,89,62
1970-01-01 00:00:00.000000066,4525.804,89,62
1970-01-01 00:00:00.000000067,4525.609,89,62
1970-01-01 00:00:00.000000068,4553.164,89,62
1970-01-01 00:00:00.000000064,4478.7754,89,63
1970-01-01 00:00:00.000000065,4507.562,89,63
1970-01-01 00:00:00.000000066,4525.804,89,63
1970-01-01 00:00:00.000000067,4525.609,89,63
1970-01-01 00:00:00.000000068,4553.164,89,63
1970-01-01 00:00:00.000000069,4557.9136,89,63
1970-01-01 00:00:00.000000065,4507.562,89,64
1970-01-01 00:00:00.000000066,4525.804,89,64
1970-01-01 00:00:00.000000067,4525.609,89,64
1970-01-01 00:00:00.000000068,4553.164,89,64
1970-01-01 00:00:00.000000069,4557.9136,89,64
1970-01-01 00:00:00.000000070,4579.407,89,64
1970-01-01 00:00:00.000000066,4525.804,89,65
1970-01-01 00:00:00.000000067,4525.609,89,65
1970-01-01 00:00:00.000000068,4553.164,89,65
1970-01-01 00:00:00.000000069,4557.9136,89,65
1970-01-01 00:00:00.000000070,4579.407,89,65
1970-01-01 00:00:00.000000071,4611.9927,89,65
1970-01-01 00:00:00.000000067,4525.609,89,66
1970-01-01 00:00:00.000000068,4553.164,89,66
1970-01-01 00:00:00.000000069,4557.9136,89,66
1970-01-01 00:00:00.000000070,4579.407,89,66
1970-01-01 00:00:00.000000071,4611.9927,89,66
1970-01-01 00:00:00.000000072,4605.469,89,66
1970-01-01 00:00:00.000000068,4553.164,89,67
1970-01-01 00:00:00.000000069,4557.9136,89,67
1970-01-01 00:00:00.000000070,4579.407,89,67
1970-01-01 00:00:00.000000071,4611.9927,89,67
1970-01-01 00:00:00.000000072,4605.469,89,67
1970-01-01 00:00:00.000000073,4612.2896,89,67
1970-01-01 00:00:00.000000069,4557.9136,89,68
1970-01-01 00:00:00.000000070,4579.407,89,68
1970-01-01 00:00:00.000000071,4611.9927,89,68
1970-01-01 00:00:00.000000072,4605.469,89,68
1970-01-01 00:00:00.000000073,4612.2896,89,68
1970-01-01 00:00:00.000000074,4617.72,89,68
1970-01-01 00:00:00.000000070,4579.407,89,69
1970-01-01 00:00:00.000000071,4611.9927,89,69
1970-01-01 00:00:00.000000072,4605.469,89,69
1970-01-01 00:00:00.000000073,4612.2896,89,69
1970-01-01 00:00:00.000000074,4617.72,89,69
1970-01-01 00:00:00.000000075,4605.99,89,69
1970-01-01 00:00:00.000000007,5175.5645,90,6
1970-01-01 00:00:00.000000008,5161.848,90,6
1970-01-01 00:00:00.000000009,5167.014,90,6
1970-01-01 00:00:00.000000010,5191.923,90,6
1970-01-01 00:00:00.000000011,5160.294,90,6
1970-01-01 00:00:00.000000012,5160.047,90,6
1970-01-01 00:00:00.000000008,5161.848,90,7
1970-01-01 00:00:00.000000009,5167.014,90,7
1970-01-01 00:00:00.000000010,5191.923,90,7
1970-01-01 00:00:00.000000011,5160.294,90,7
1970-01-01 00:00:00.000000012,5160.047,90,7
1970-01-01 00:00:00.000000013,5158.7065,90,7
1970-01-01 00:00:00.000000009,5167.014,90,8
1970-01-01 00:00:00.000000010,5191.923,90,8
1970-01-01 00:00:00.000000011,5160.294,90,8
1970-01-01 00:00:00.000000012,5160.047,90,8
1970-01-01 00:00:00.000000013,5158.7065,90,8
1970-01-01 00:00:00.000000014,5114.3193,90,8
1970-01-01 00:00:00.000000010,5191.923,90,9
1970-01-01 00:00:00.000000011,5160.294,90,9
1970-01-01 00:00:00.000000012,5160.047,90,9
1970-01-01 00:00:00.000000013,5158.7065,90,9
1970-01-01 00:00:00.000000014,5114.3193,90,9
1970-01-01 00:00:00.000000015,5129.2104,90,9
1970-01-01 00:00:00.000000011,5160.294,90,10
1970-01-01 00:00:00.000000012,5160.047,90,10
1970-01-01 00:00:00.000000013,5158.7065,90,10
1970-01-01 00:00:00.000000014,5114.3193,90,10
1970-01-01 00:00:00.000000015,5129.2104,90,10
1970-01-01 00:00:00.000000016,5128.597,90,10
1970-01-01 00:00:00.000000012,5160.047,90,11
1970-01-01 00:00:00.000000013,5158.7065,90,11
1970-01-01 00:00:00.000000014,5114.3193,90,11
1970-01-01 00:00:00.000000015,5129.2104,90,11
1970-01-01 00:00:00.000000016,5128.597,90,11
1970-01-01 00:00:00.000000017,5107.817,90,11
1970-01-01 00:00:00.000000013,5158.7065,90,12
1970-01-01 00:00:00.000000014,5114.3193,90,12
1970-01-01 00:00:00.000000015,5129.2104,90,12
1970-01-01 00:00:00.000000016,5128.597,90,12
1970-01-01 00:00:00.000000017,5107.817,90,12
1970-01-01 00:00:00.000000018,5153.474,90,12
1970-01-01 00:00:00.000000014,5114.3193,90,13
1970-01-01 00:00:00.000000015,5129.2104,90,13
1970-01-01 00:00:00.000000016,5128.597,90,13
1970-01-01 00:00:00.000000017,5107.817,90,13
1970-01-01 00:00:00.000000018,5153.474,90,13
1970-01-01 00:00:00.000000019,5151.652,90,13
1970-01-01 00:00:00.000000015,5129.2104,90,14
1970-01-01 00:00:00.000000016,5128.597,90,14
1970-01-01 00:00:00.000000017,5107.817,90,14
1970-01-01 00:00:00.000000018,5153.474,90,14
1970-01-01 00:00:00.000000019,5151.652,90,14
1970-01-01 00:00:00.000000020,5111.206,90,14
1970-01-01 00:00:00.000000016,5128.597,90,15
1970-01-01 00:00:00.000000017,5107.817,90,15
1970-01-01 00:00:00.000000018,5153.474,90,15
1970-01-01 00:00:00.000000019,5151.652,90,15
1970-01-01 00:00:00.000000020,5111.206,90,15
1970-01-01 00:00:00.000000021,5113.382,90,15
1970-01-01 00:00:00.000000017,5107.817,90,16
1970-01-01 00:00:00.000000018,5153.474,90,16
1970-01-01 00:00:00.000000019,5151.652,90,16
1970-01-01 00:00:00.000000020,5111.206,90,16
1970-01-01 00:00:00.000000021,5113.382,90,16
1970-01-01 00:00:00.000000022,5094.547,90,16
1970-01-01 00:00:00.000000018,5153.474,90,17
1970-01-01 00:00:00.000000019,5151.652,90,17
1970-01-01 00:00:00.000000020,5111.206,90,17
1970-01-01 00:00:00.000000021,5113.382,90,17
1970-01-01 00:00:00.000000022,5094.547,90,17
1970-01-01 00:00:00.000000023,5082.422,90,17
1970-01-01 00:00:00.000000019,5151.652,90,18
1970-01-01 00:00:00.000000020,5111.206,90,18
1970-01-01 00:00:00.000000021,5113.382,90,18
1970-01-01 00:00:00.000000022,5094.547,90,18
1970-01-01 00:00:00.000000023,5082.422,90,18
1970-01-01 00:00:00.000000024,5128.797,90,18
1970-01-01 00:00:00.000000020,5111.206,90,19
1970-01-01 00:00:00.000000021,5113.382,90,19
1970-01-01 00:00:00.000000022,5094.547,90,19
1970-01-01 00:00:00.000000023,5082.422,90,19
1970-01-01 00:00:00.000000024,5128.797,90,19
1970-01-01 00:00:00.000000025,5151.803,90,19
1970-01-01 00:00:00.000000021,5113.382,90,20
1970-01-01 00:00:00.000000022,5094.547,90,20
1970-01-01 00:00:00.000000023,5082.422,90,20
1970-01-01 00:00:00.000000024,5128.797,90,20
1970-01-01 00:00:00.000000025,5151.803,90,20
1970-01-01 00:00:00.000000026,5154.803,90,20
1970-01-01 00:00:00.000000022,5094.547,90,21
1970-01-01 00:00:00.000000023,5082.422,90,21
1970-01-01 00:00:00.000000024,5128.797,90,21
1970-01-01 00:00:00.000000025,5151.803,90,21
1970-01-01 00:00:00.000000026,5154.803,90,21
1970-01-01 00:00:00.000000027,5179.7954,90,21
1970-01-01 00:00:00.000000023,5082.422,90,22
1970-01-01 00:00:00.000000024,5128.797,90,22
1970-01-01 00:00:00.000000025,5151.803,90,22
1970-01-01 00:00:00.000000026,5154.803,90,22
1970-01-01 00:00:00.000000027,5179.7954,90,22
1970-01-01 00:00:00.000000028,5147.567,90,22
1970-01-01 00:00:00.000000024,5128.797,90,23
1970-01-01 00:00:00.000000025,5151.803,90,23
1970-01-01 00:00:00.000000026,5154.803,90,23
1970-01-01 00:00:00.000000027,5179.7954,90,23
1970-01-01 00:00:00.000000028,5147.567,90,23
1970-01-01 00:00:00.000000029,5110.6006,90,23
1970-01-01 00:00:00.000000025,5151.803,90,24
1970-01-01 00:00:00.000000026,5154.803,90,24
1970-01-01 00:00:00.000000027,5179.7954,90,24
1970-01-01 00:00:00.000000028,5147.567,90,24
1970-01-01 00:00:00.000000029,5110.6006,90,24
1970-01-01 00:00:00.000000030,5098.2046,90,24
1970-01-01 00:00:00.000000026,5154.803,90,25
1970-01-01 00:00:00.000000027,5179.7954,90,25
1970-01-01 00:00:00.000000028,5147.567,90,25
1970-01-01 00:00:00.000000029,5110.6006,90,25
1970-01-01 00:00:00.000000030,5098.2046,90,25
1970-01-01 00:00:00.000000031,5068.9214,90,25
1970-01-01 00:00:00.000000027,5179.7954,90,26
1970-01-01 00:00:00.000000028,5147.567,90,26
1970-01-01 00:00:00.000000029,5110.6006,90,26
1970-01-01 00:00:00.000000030,5098.2046,90,26
1970-01-01 00:00:00.000000031,5068.9214,90,26
1970-01-01 00:00:00.000000032,5101.658,90,26
1970-01-01 00:00:00.000000028,5147.567,90,27
1970-01-01 00:00:00.000000029,5110.6006,90,27
1970-01-01 00:00:00.000000030,5098.2046,90,27
1970-01-01 00:00:00.000000031,5068.9214,90,27
1970-01-01 00:00:00.000000032,5101.658,90,27
1970-01-01 00:00:00.000000033,5132.208,90,27
1970-01-01 00:00:00.000000029,5110.6006,90,28
1970-01-01 00:00:00.000000030,5098.2046,90,28
1970-01-01 00:00:00.000000031,5068.9214,90,28
1970-01-01 00:00:00.000000032,5101.658,90,28
1970-01-01 00:00:00.000000033,5132.208,90,28
1970-01-01 00:00:00.000000034,5130.8735,90,28
1970-01-01 00:00:00.000000030,5098.2046,90,29
1970-01-01 00:00:00.000000031,5068.9214,90,29
1970-01-01 00:00:00.000000032,5101.658,90,29
1970-01-01 00:00:00.000000033,5132.208,90,29
1970-01-01 00:00:00.000000034,5130.8735,90,29
1970-01-01 00:00:00.000000035,5177.774,90,29
1970-01-01 00:00:00.000000031,5068.9214,90,30
1970-01-01 00:00:00.000000032,5101.658,90,30
1970-01-01 00:00:00.000000033,5132.208,90,30
1970-01-01 00:00:00.000000034,5130.8735,90,30
1970-01-01 00:00:00.000000035,5177.774,90,30
1970-01-01 00:00:00.000000036,5158.195,90,30
1970-01-01 00:00:00.000000032,5101.658,90,31
1970-01-01 00:00:00.000000033,5132.208,90,31
1970-01-01 00:00:00.000000034,5130.8735,90,31
1970-01-01 00:00:00.000000035,5177.774,90,31
1970-01-01 00:00:00.000000036,5158.195,90,31
1970-01-01 00:00:00.000000037,5116.1787,90,31
1970-01-01 00:00:00.000000033,5132.208,90,32
1970-01-01 00:00:00.000000034,5130.8735,90,32
1970-01-01 00:00:00.000000035,5177.774,90,32
1970-01-01 00:00:00.000000036,5158.195,90,32
1970-01-01 00:00:00.000000037,5116.1787,90,32
1970-01-01 00:00:00.000000038,5122.8574,90,32
1970-01-01 00:00:00.000000034,5130.8735,90,33
1970-01-01 00:00:00.000000035,5177.774,90,33
1970-01-01 00:00:00.000000036,5158.195,90,33
1970-01-01 00:00:00.000000037,5116.1787,90,33
1970-01-01 00:00:00.000000038,5122.8574,90,33
1970-01-01 00:00:00.000000039,5085.0586,90,33
1970-01-01 00:00:00.000000035,5177.774,90,34
1970-01-01 00:00:00.000000036,5158.195,90,34
1970-01-01 00:00:00.000000037,5116.1787,90,34
1970-01-01 00:00:00.000000038,5122.8574,90,34
1970-01-01 00:00:00.000000039,5085.0586,90,34
1970-01-01 00:00:00.000000040,5068.3574,90,34
1970-01-01 00:00:00.000000036,5158.195,90,35
1970-01-01 00:00:00.000000037,5116.1787,90,35
1970-01-01 00:00:00.000000038,5122.8574,90,35
1970-01-01 00:00:00.000000039,5085.0586,90,35
1970-01-01 00:00:00.000000040,5068.3574,90,35
1970-01-01 00:00:00.000000041,5081.6055,90,35
1970-01-01 00:00:00.000000037,5116.1787,90,36
1970-01-01 00:00:00.000000038,5122.8574,90,36
1970-01-01 00:00:00.000000039,5085.0586,90,36
1970-01-01 00:00:00.000000040,5068.3574,90,36
1970-01-01 00:00:00.000000041,5081.6055,90,36
1970-01-01 00:00:00.000000042,5057.156,90,36
1970-01-01 00:00:00.000000038,5122.8574,90,37
1970-01-01 00:00:00.000000039,5085.0586,90,37
1970-01-01 00:00:00.000000040,5068.3574,90,37
1970-01-01 00:00:00.000000041,5081.6055,90,37
1970-01-01 00:00:00.000000042,5057.156,90,37
1970-01-01 00:00:00.000000043,5049.9185,90,37
1970-01-01 00:00:00.000000039,5085.0586,90,38
1970-01-01 00:00:00.000000040,5068.3574,90,38
1970-01-01 00:00:00.000000041,5081.6055,90,38
1970-01-01 00:00:00.000000042,5057.156,90,38
1970-01-01 00:00:00.000000043,5049.9185,90,38
1970-01-01 00:00:00.000000044,5061.4526,90,38
1970-01-01 00:00:00.000000040,5068.3574,90,39
1970-01-01 00:00:00.000000041,5081.6055,90,39
1970-01-01 00:00:00.000000042,5057.156,90,39
1970-01-01 00:00:00.000000043,5049.9185,90,39
1970-01-01 00:00:00.000000044,5061.4526,90,39
1970-01-01 00:00:00.000000045,5068.832,90,39
1970-01-01 00:00:00.000000041,5081.6055,90,40
1970-01-01 00:00:00.000000042,5057.156,90,40
1970-01-01 00:00:00.000000043,5049.9185,90,40
1970-01-01 00:00:00.000000044,5061.4526,90,40
1970-01-01 00:00:00.000000045,5068.832,90,40
1970-01-01 00:00:00.000000046,5093.516,90,40
1970-01-01 00:00:00.000000042,5057.156,90,41
1970-01-01 00:00:00.000000043,5049.9185,90,41
1970-01-01 00:00:00.000000044,5061.4526,90,41
1970-01-01 00:00:00.000000045,5068.832,90,41
1970-01-01 00:00:00.000000046,5093.516,90,41
1970-01-01 00:00:00.000000047,5115.931,90,41
1970-01-01 00:00:00.000000043,5049.9185,90,42
1970-01-01 00:00:00.000000044,5061.4526,90,42
1970-01-01 00:00:00.000000045,5068.832,90,42
1970-01-01 00:00:00.000000046,5093.516,90,42
1970-01-01 00:00:00.000000047,5115.931,90,42
1970-01-01 00:00:00.000000048,5141.412,90,42
1970-01-01 00:00:00.000000044,5061.4526,90,43
1970-01-01 00:00:00.000000045,5068.832,90,43
1970-01-01 00:00:00.000000046,5093.516,90,43
1970-01-01 00:00:00.000000047,5115.931,90,43
1970-01-01 00:00:00.000000048,5141.412,90,43
1970-01-01 00:00:00.000000049,5164.8765,90,43
1970-01-01 00:00:00.000000045,5068.832,90,44
1970-01-01 00:00:00.000000046,5093.516,90,44
1970-01-01 00:00:00.000000047,5115.931,90,44
1970-01-01 00:00:00.000000048,5141.412,90,44
1970-01-01 00:00:00.000000049,5164.8765,90,44
1970-01-01 00:00:00.000000050,5180.288,90,44
1970-01-01 00:00:00.000000046,5093.516,90,45
1970-01-01 00:00:00.000000047,5115.931,90,45
1970-01-01 00:00:00.000000048,5141.412,90,45
1970-01-01 00:00:00.000000049,5164.8765,90,45
1970-01-01 00:00:00.000000050,5180.288,90,45
1970-01-01 00:00:00.000000051,5176.558,90,45
1970-01-01 00:00:00.000000047,5115.931,90,46
1970-01-01 00:00:00.000000048,5141.412,90,46
1970-01-01 00:00:00.000000049,5164.8765,90,46
1970-01-01 00:00:00.000000050,5180.288,90,46
1970-01-01 00:00:00.000000051,5176.558,90,46
1970-01-01 00:00:00.000000052,5172.938,90,46
1970-01-01 00:00:00.000000048,5141.412,90,47
1970-01-01 00:00:00.000000049,5164.8765,90,47
1970-01-01 00:00:00.000000050,5180.288,90,47
1970-01-01 00:00:00.000000051,5176.558,90,47
1970-01-01 00:00:00.000000052,5172.938,90,47
1970-01-01 00:00:00.000000053,5177.237,90,47
1970-01-01 00:00:00.000000049,5164.8765,90,48
1970-01-01 00:00:00.000000050,5180.288,90,48
1970-01-01 00:00:00.000000051,5176.558,90,48
1970-01-01 00:00:00.000000052,5172.938,90,48
1970-01-01 00:00:00.000000053,5177.237,90,48
1970-01-01 00:00:00.000000054,5176.9556,90,48
1970-01-01 00:00:00.000000050,5180.288,90,49
1970-01-01 00:00:00.000000051,5176.558,90,49
1970-01-01 00:00:00.000000052,5172.938,90,49
1970-01-01 00:00:00.000000053,5177.237,90,49
1970-01-01 00:00:00.000000054,5176.9556,90,49
1970-01-01 00:00:00.000000055,5206.8516,90,49
1970-01-01 00:00:00.000000051,5176.558,90,50
1970-01-01 00:00:00.000000052,5172.938,90,50
1970-01-01 00:00:00.000000053,5177.237,90,50
1970-01-01 00:00:00.000000054,5176.9556,90,50
1970-01-01 00:00:00.000000055,5206.8516,90,50
1970-01-01 00:00:00.000000056,5204.225,90,50
1970-01-01 00:00:00.000000052,5172.938,90,51
1970-01-01 00:00:00.000000053,5177.237,90,51
1970-01-01 00:00:00.000000054,5176.9556,90,51
1970-01-01 00:00:00.000000055,5206.8516,90,51
1970-01-01 00:00:00.000000056,5204.225,90,51
1970-01-01 00:00:00.000000057,5161.958,90,51
1970-01-01 00:00:00.000000053,5177.237,90,52
1970-01-01 00:00:00.000000054,5176.9556,90,52
1970-01-01 00:00:00.000000055,5206.8516,90,52
1970-01-01 00:00:00.000000056,5204.225,90,52
1970-01-01 00:00:00.000000057,5161.958,90,52
1970-01-01 00:00:00.000000058,5148.3047,90,52
1970-01-01 00:00:00.000000054,5176.9556,90,53
1970-01-01 00:00:00.000000055,5206.8516,90,53
1970-01-01 00:00:00.000000056,5204.225,90,53
1970-01-01 00:00:00.000000057,5161.958,90,53
1970-01-01 00:00:00.000000058,5148.3047,90,53
1970-01-01 00:00:00.000000059,5140.604,90,53
1970-01-01 00:00:00.000000055,5206.8516,90,54
1970-01-01 00:00:00.000000056,5204.225,90,54
1970-01-01 00:00:00.000000057,5161.958,90,54
1970-01-01 00:00:00.000000058,5148.3047,90,54
1970-01-01 00:00:00.000000059,5140.604,90,54
1970-01-01 00:00:00.000000060,5181.555,90,54
1970-01-01 00:00:00.000000056,5204.225,90,55
1970-01-01 00:00:00.000000057,5161.958,90,55
1970-01-01 00:00:00.000000058,5148.3047,90,55
1970-01-01 00:00:00.000000059,5140.604,90,55
1970-01-01 00:00:00.000000060,5181.555,90,55
1970-01-01 00:00:00.000000061,5242.431,90,55
1970-01-01 00:00:00.000000057,5161.958,90,56
1970-01-01 00:00:00.000000058,5148.3047,90,56
1970-01-01 00:00:00.000000059,5140.604,90,56
1970-01-01 00:00:00.000000060,5181.555,90,56
1970-01-01 00:00:00.000000061,5242.431,90,56
1970-01-01 00:00:00.000000062,5245.0713,90,56
1970-01-01 00:00:00.000000058,5148.3047,90,57
1970-01-01 00:00:00.000000059,5140.604,90,57
1970-01-01 00:00:00.000000060,5181.555,90,57
1970-01-01 00:00:00.000000061,5242.431,90,57
1970-01-01 00:00:00.000000062,5245.0713,90,57
1970-01-01 00:00:00.000000063,5287.8135,90,57
1970-01-01 00:00:00.000000059,5140.604,90,58
1970-01-01 00:00:00.000000060,5181.555,90,58
1970-01-01 00:00:00.000000061,5242.431,90,58
1970-01-01 00:00:00.000000062,5245.0713,90,58
1970-01-01 00:00:00.000000063,5287.8135,90,58
1970-01-01 00:00:00.000000064,5393.223,90,58
1970-01-01 00:00:00.000000060,5181.555,90,59
1970-01-01 00:00:00.000000061,5242.431,90,59
1970-01-01 00:00:00.000000062,5245.0713,90,59
1970-01-01 00:00:00.000000063,5287.8135,90,59
1970-01-01 00:00:00.000000064,5393.223,90,59
1970-01-01 00:00:00.000000065,5532.3687,90,59
1970-01-01 00:00:00.000000061,5242.431,90,60
1970-01-01 00:00:00.000000062,5245.0713,90,60
1970-01-01 00:00:00.000000063,5287.8135,90,60
1970-01-01 00:00:00.000000064,5393.223,90,60
1970-01-01 00:00:00.000000065,5532.3687,90,60
1970-01-01 00:00:00.000000066,5798.509,90,60
1970-01-01 00:00:00.000000062,5245.0713,90,61
1970-01-01 00:00:00.000000063,5287.8135,90,61
1970-01-01 00:00:00.000000064,5393.223,90,61
1970-01-01 00:00:00.000000065,5532.3687,90,61
1970-01-01 00:00:00.000000066,5798.509,90,61
1970-01-01 00:00:00.000000067,6043.4834,90,61
1970-01-01 00:00:00.000000063,5287.8135,90,62
1970-01-01 00:00:00.000000064,5393.223,90,62
1970-01-01 00:00:00.000000065,5532.3687,90,62
1970-01-01 00:00:00.000000066,5798.509,90,62
1970-01-01 00:00:00.000000067,6043.4834,90,62
1970-01-01 00:00:00.000000068,6142.3027,90,62
1970-01-01 00:00:00.000000064,5393.223,90,63
1970-01-01 00:00:00.000000065,5532.3687,90,63
1970-01-01 00:00:00.000000066,5798.509,90,63
1970-01-01 00:00:00.000000067,6043.4834,90,63
1970-01-01 00:00:00.000000068,6142.3027,90,63
1970-01-01 00:00:00.000000069,6213.838,90,63
1970-01-01 00:00:00.000000007,5299.777,91,6
1970-01-01 00:00:00.000000008,5319.87,91,6
1970-01-01 00:00:00.000000009,5326.1494,91,6
1970-01-01 00:00:00.000000010,5321.12,91,6
1970-01-01 00:00:00.000000011,5380.555,91,6
1970-01-01 00:00:00.000000012,5417.7285,91,6
1970-01-01 00:00:00.000000008,5319.87,91,7
1970-01-01 00:00:00.000000009,5326.1494,91,7
1970-01-01 00:00:00.000000010,5321.12,91,7
1970-01-01 00:00:00.000000011,5380.555,91,7
1970-01-01 00:00:00.000000012,5417.7285,91,7
1970-01-01 00:00:00.000000013,5431.184,91,7
1970-01-01 00:00:00.000000009,5326.1494,91,8
1970-01-01 00:00:00.000000010,5321.12,91,8
1970-01-01 00:00:00.000000011,5380.555,91,8
1970-01-01 00:00:00.000000012,5417.7285,91,8
1970-01-01 00:00:00.000000013,5431.184,91,8
1970-01-01 00:00:00.000000014,5446.4287,91,8
1970-01-01 00:00:00.000000010,5321.12,91,9
1970-01-01 00:00:00.000000011,5380.555,91,9
1970-01-01 00:00:00.000000012,5417.7285,91,9
1970-01-01 00:00:00.000000013,5431.184,91,9
1970-01-01 00:00:00.000000014,5446.4287,91,9
1970-01-01 00:00:00.000000015,5406.5312,91,9
1970-01-01 00:00:00.000000011,5380.555,91,10
1970-01-01 00:00:00.000000012,5417.7285,91,10
1970-01-01 00:00:00.000000013,5431.184,91,10
1970-01-01 00:00:00.000000014,5446.4287,91,10
1970-01-01 00:00:00.000000015,5406.5312,91,10
1970-01-01 00:00:00.000000016,5402.141,91,10
1970-01-01 00:00:00.000000012,5417.7285,91,11
1970-01-01 00:00:00.000000013,5431.184,91,11
1970-01-01 00:00:00.000000014,5446.4287,91,11
1970-01-01 00:00:00.000000015,5406.5312,91,11
1970-01-01 00:00:00.000000016,5402.141,91,11
1970-01-01 00:00:00.000000017,5409.8047,91,11
1970-01-01 00:00:00.000000013,5431.184,91,12
1970-01-01 00:00:00.000000014,5446.4287,91,12
1970-01-01 00:00:00.000000015,5406.5312,91,12
1970-01-01 00:00:00.000000016,5402.141,91,12
1970-01-01 00:00:00.000000017,5409.8047,91,12
1970-01-01 00:00:00.000000018,5367.8774,91,12
1970-01-01 00:00:00.000000014,5446.4287,91,13
1970-01-01 00:00:00.000000015,5406.5312,91,13
1970-01-01 00:00:00.000000016,5402.141,91,13
1970-01-01 00:00:00.000000017,5409.8047,91,13
1970-01-01 00:00:00.000000018,5367.8774,91,13
1970-01-01 00:00:00.000000019,5358.75,91,13
1970-01-01 00:00:00.000000015,5406.5312,91,14
1970-01-01 00:00:00.000000016,5402.141,91,14
1970-01-01 00:00:00.000000017,5409.8047,91,14
1970-01-01 00:00:00.000000018,5367.8774,91,14
1970-01-01 00:00:00.000000019,5358.75,91,14
1970-01-01 00:00:00.000000020,5339.748,91,14
1970-01-01 00:00:00.000000016,5402.141,91,15
1970-01-01 00:00:00.000000017,5409.8047,91,15
1970-01-01 00:00:00.000000018,5367.8774,91,15
1970-01-01 00:00:00.000000019,5358.75,91,15
1970-01-01 00:00:00.000000020,5339.748,91,15
1970-01-01 00:00:00.000000021,5307.6685,91,15
1970-01-01 00:00:00.000000017,5409.8047,91,16
1970-01-01 00:00:00.000000018,5367.8774,91,16
1970-01-01 00:00:00.000000019,5358.75,91,16
1970-01-01 00:00:00.000000020,5339.748,91,16
1970-01-01 00:00:00.000000021,5307.6685,91,16
1970-01-01 00:00:00.000000022,5342.849,91,16
1970-01-01 00:00:00.000000018,5367.8774,91,17
1970-01-01 00:00:00.000000019,5358.75,91,17
1970-01-01 00:00:00.000000020,5339.748,91,17
1970-01-01 00:00:00.000000021,5307.6685,91,17
1970-01-01 00:00:00.000000022,5342.849,91,17
1970-01-01 00:00:00.000000023,5372.56,91,17
1970-01-01 00:00:00.000000019,5358.75,91,18
1970-01-01 00:00:00.000000020,5339.748,91,18
1970-01-01 00:00:00.000000021,5307.6685,91,18
1970-01-01 00:00:00.000000022,5342.849,91,18
1970-01-01 00:00:00.000000023,5372.56,91,18
1970-01-01 00:00:00.000000024,5364.158,91,18
1970-01-01 00:00:00.000000020,5339.748,91,19
1970-01-01 00:00:00.000000021,5307.6685,91,19
1970-01-01 00:00:00.000000022,5342.849,91,19
1970-01-01 00:00:00.000000023,5372.56,91,19
1970-01-01 00:00:00.000000024,5364.158,91,19
1970-01-01 00:00:00.000000025,5399.54,91,19
1970-01-01 00:00:00.000000021,5307.6685,91,20
1970-01-01 00:00:00.000000022,5342.849,91,20
1970-01-01 00:00:00.000000023,5372.56,91,20
1970-01-01 00:00:00.000000024,5364.158,91,20
1970-01-01 00:00:00.000000025,5399.54,91,20
1970-01-01 00:00:00.000000026,5409.324,91,20
1970-01-01 00:00:00.000000022,5342.849,91,21
1970-01-01 00:00:00.000000023,5372.56,91,21
1970-01-01 00:00:00.000000024,5364.158,91,21
1970-01-01 00:00:00.000000025,5399.54,91,21
1970-01-01 00:00:00.000000026,5409.324,91,21
1970-01-01 00:00:00.000000027,5378.5205,91,21
1970-01-01 00:00:00.000000023,5372.56,91,22
1970-01-01 00:00:00.000000024,5364.158,91,22
1970-01-01 00:00:00.000000025,5399.54,91,22
1970-01-01 00:00:00.000000026,5409.324,91,22
1970-01-01 00:00:00.000000027,5378.5205,91,22
1970-01-01 00:00:00.000000028,5384.082,91,22
1970-01-01 00:00:00.000000024,5364.158,91,23
1970-01-01 00:00:00.000000025,5399.54,91,23
1970-01-01 00:00:00.000000026,5409.324,91,23
1970-01-01 00:00:00.000000027,5378.5205,91,23
1970-01-01 00:00:00.000000028,5384.082,91,23
1970-01-01 00:00:00.000000029,5325.646,91,23
1970-01-01 00:00:00.000000025,5399.54,91,24
1970-01-01 00:00:00.000000026,5409.324,91,24
1970-01-01 00:00:00.000000027,5378.5205,91,24
1970-01-01 00:00:00.000000028,5384.082,91,24
1970-01-01 00:00:00.000000029,5325.646,91,24
1970-01-01 00:00:00.000000030,5265.3867,91,24
1970-01-01 00:00:00.000000026,5409.324,91,25
1970-01-01 00:00:00.000000027,5378.5205,91,25
1970-01-01 00:00:00.000000028,5384.082,91,25
1970-01-01 00:00:00.000000029,5325.646,91,25
1970-01-01 00:00:00.000000030,5265.3867,91,25
1970-01-01 00:00:00.000000031,5260.3486,91,25
1970-01-01 00:00:00.000000027,5378.5205,91,26
1970-01-01 00:00:00.000000028,5384.082,91,26
1970-01-01 00:00:00.000000029,5325.646,91,26
1970-01-01 00:00:00.000000030,5265.3867,91,26
1970-01-01 00:00:00.000000031,5260.3486,91,26
1970-01-01 00:00:00.000000032,5245.0874,91,26
1970-01-01 00:00:00.000000028,5384.082,91,27
1970-01-01 00:00:00.000000029,5325.646,91,27
1970-01-01 00:00:00.000000030,5265.3867,91,27
1970-01-01 00:00:00.000000031,5260.3486,91,27
1970-01-01 00:00:00.000000032,5245.0874,91,27
1970-01-01 00:00:00.000000033,5277.005,91,27
1970-01-01 00:00:00.000000029,5325.646,91,28
1970-01-01 00:00:00.000000030,5265.3867,91,28
1970-01-01 00:00:00.000000031,5260.3486,91,28
1970-01-01 00:00:00.000000032,5245.0874,91,28
1970-01-01 00:00:00.000000033,5277.005,91,28
1970-01-01 00:00:00.000000034,5330.8906,91,28
1970-01-01 00:00:00.000000030,5265.3867,91,29
1970-01-01 00:00:00.000000031,5260.3486,91,29
1970-01-01 00:00:00.000000032,5245.0874,91,29
1970-01-01 00:00:00.000000033,5277.005,91,29
1970-01-01 00:00:00.000000034,5330.8906,91,29
1970-01-01 00:00:00.000000035,5331.4326,91,29
1970-01-01 00:00:00.000000031,5260.3486,91,30
1970-01-01 00:00:00.000000032,5245.0874,91,30
1970-01-01 00:00:00.000000033,5277.005,91,30
1970-01-01 00:00:00.000000034,5330.8906,91,30
1970-01-01 00:00:00.000000035,5331.4326,91,30
1970-01-01 00:00:00.000000036,5368.2026,91,30
1970-01-01 00:00:00.000000032,5245.0874,91,31
1970-01-01 00:00:00.000000033,5277.005,91,31
1970-01-01 00:00:00.000000034,5330.8906,91,31
1970-01-01 00:00:00.000000035,5331.4326,91,31
1970-01-01 00:00:00.000000036,5368.2026,91,31
1970-01-01 00:00:00.000000037,5369.63,91,31
1970-01-01 00:00:00.000000033,5277.005,91,32
1970-01-01 00:00:00.000000034,5330.8906,91,32
1970-01-01 00:00:00.000000035,5331.4326,91,32
1970-01-01 00:00:00.000000036,5368.2026,91,32
1970-01-01 00:00:00.000000037,5369.63,91,32
1970-01-01 00:00:00.000000038,5349.995,91,32
1970-01-01 00:00:00.000000034,5330.8906,91,33
1970-01-01 00:00:00.000000035,5331.4326,91,33
1970-01-01 00:00:00.000000036,5368.2026,91,33
1970-01-01 00:00:00.000000037,5369.63,91,33
1970-01-01 00:00:00.000000038,5349.995,91,33
1970-01-01 00:00:00.000000039,5376.366,91,33
1970-01-01 00:00:00.000000035,5331.4326,91,34
1970-01-01 00:00:00.000000036,5368.2026,91,34
1970-01-01 00:00:00.000000037,5369.63,91,34
1970-01-01 00:00:00.000000038,5349.995,91,34
1970-01-01 00:00:00.000000039,5376.366,91,34
1970-01-01 00:00:00.000000040,5347.017,91,34
1970-01-01 00:00:00.000000036,5368.2026,91,35
1970-01-01 00:00:00.000000037,5369.63,91,35
1970-01-01 00:00:00.000000038,5349.995,91,35
1970-01-01 00:00:00.000000039,5376.366,91,35
1970-01-01 00:00:00.000000040,5347.017,91,35
1970-01-01 00:00:00.000000041,5336.8755,91,35
1970-01-01 00:00:00.000000037,5369.63,91,36
1970-01-01 00:00:00.000000038,5349.995,91,36
1970-01-01 00:00:00.000000039,5376.366,91,36
1970-01-01 00:00:00.000000040,5347.017,91,36
1970-01-01 00:00:00.000000041,5336.8755,91,36
1970-01-01 00:00:00.000000042,5338.1655,91,36
1970-01-01 00:00:00.000000038,5349.995,91,37
1970-01-01 00:00:00.000000039,5376.366,91,37
1970-01-01 00:00:00.000000040,5347.017,91,37
1970-01-01 00:00:00.000000041,5336.8755,91,37
1970-01-01 00:00:00.000000042,5338.1655,91,37
1970-01-01 00:00:00.000000043,5289.742,91,37
1970-01-01 00:00:00.000000039,5376.366,91,38
1970-01-01 00:00:00.000000040,5347.017,91,38
1970-01-01 00:00:00.000000041,5336.8755,91,38
1970-01-01 00:00:00.000000042,5338.1655,91,38
1970-01-01 00:00:00.000000043,5289.742,91,38
1970-01-01 00:00:00.000000044,5276.006,91,38
1970-01-01 00:00:00.000000040,5347.017,91,39
1970-01-01 00:00:00.000000041,5336.8755,91,39
1970-01-01 00:00:00.000000042,5338.1655,91,39
1970-01-01 00:00:00.000000043,5289.742,91,39
1970-01-01 00:00:00.000000044,5276.006,91,39
1970-01-01 00:00:00.000000045,5272.446,91,39
1970-01-01 00:00:00.000000041,5336.8755,91,40
1970-01-01 00:00:00.000000042,5338.1655,91,40
1970-01-01 00:00:00.000000043,5289.742,91,40
1970-01-01 00:00:00.000000044,5276.006,91,40
1970-01-01 00:00:00.000000045,5272.446,91,40
1970-01-01 00:00:00.000000046,5262.86,91,40
1970-01-01 00:00:00.000000042,5338.1655,91,41
1970-01-01 00:00:00.000000043,5289.742,91,41
1970-01-01 00:00:00.000000044,5276.006,91,41
1970-01-01 00:00:00.000000045,5272.446,91,41
1970-01-01 00:00:00.000000046,5262.86,91,41
1970-01-01 00:00:00.000000047,5293.4307,91,41
1970-01-01 00:00:00.000000043,5289.742,91,42
1970-01-01 00:00:00.000000044,5276.006,91,42
1970-01-01 00:00:00.000000045,5272.446,91,42
1970-01-01 00:00:00.000000046,5262.86,91,42
1970-01-01 00:00:00.000000047,5293.4307,91,42
1970-01-01 00:00:00.000000048,5312.323,91,42
1970-01-01 00:00:00.000000044,5276.006,91,43
1970-01-01 00:00:00.000000045,5272.446,91,43
1970-01-01 00:00:00.000000046,5262.86,91,43
1970-01-01 00:00:00.000000047,5293.4307,91,43
1970-01-01 00:00:00.000000048,5312.323,91,43
1970-01-01 00:00:00.000000049,5337.117,91,43
1970-01-01 00:00:00.000000045,5272.446,91,44
1970-01-01 00:00:00.000000046,5262.86,91,44
1970-01-01 00:00:00.000000047,5293.4307,91,44
1970-01-01 00:00:00.000000048,5312.323,91,44
1970-01-01 00:00:00.000000049,5337.117,91,44
1970-01-01 00:00:00.000000050,5393.308,91,44
1970-01-01 00:00:00.000000046,5262.86,91,45
1970-01-01 00:00:00.000000047,5293.4307,91,45
1970-01-01 00:00:00.000000048,5312.323,91,45
1970-01-01 00:00:00.000000049,5337.117,91,45
1970-01-01 00:00:00.000000050,5393.308,91,45
1970-01-01 00:00:00.000000051,5431.6875,91,45
1970-01-01 00:00:00.000000047,5293.4307,91,46
1970-01-01 00:00:00.000000048,5312.323,91,46
1970-01-01 00:00:00.000000049,5337.117,91,46
1970-01-01 00:00:00.000000050,5393.308,91,46
1970-01-01 00:00:00.000000051,5431.6875,91,46
1970-01-01 00:00:00.000000052,5444.5786,91,46
1970-01-01 00:00:00.000000048,5312.323,91,47
1970-01-01 00:00:00.000000049,5337.117,91,47
1970-01-01 00:00:00.000000050,5393.308,91,47
1970-01-01 00:00:00.000000051,5431.6875,91,47
1970-01-01 00:00:00.000000052,5444.5786,91,47
1970-01-01 00:00:00.000000053,5435.442,91,47
1970-01-01 00:00:00.000000049,5337.117,91,48
1970-01-01 00:00:00.000000050,5393.308,91,48
1970-01-01 00:00:00.000000051,5431.6875,91,48
1970-01-01 00:00:00.000000052,5444.5786,91,48
1970-01-01 00:00:00.000000053,5435.442,91,48
1970-01-01 00:00:00.000000054,5401.33,91,48
1970-01-01 00:00:00.000000050,5393.308,91,49
1970-01-01 00:00:00.000000051,5431.6875,91,49
1970-01-01 00:00:00.000000052,5444.5786,91,49
1970-01-01 00:00:00.000000053,5435.442,91,49
1970-01-01 00:00:00.000000054,5401.33,91,49
1970-01-01 00:00:00.000000055,5370.66,91,49
1970-01-01 00:00:00.000000051,5431.6875,91,50
1970-01-01 00:00:00.000000052,5444.5786,91,50
1970-01-01 00:00:00.000000053,5435.442,91,50
1970-01-01 00:00:00.000000054,5401.33,91,50
1970-01-01 00:00:00.000000055,5370.66,91,50
1970-01-01 00:00:00.000000056,5376.444,91,50
1970-01-01 00:00:00.000000052,5444.5786,91,51
1970-01-01 00:00:00.000000053,5435.442,91,51
1970-01-01 00:00:00.000000054,5401.33,91,51
1970-01-01 00:00:00.000000055,5370.66,91,51
1970-01-01 00:00:00.000000056,5376.444,91,51
1970-01-01 00:00:00.000000057,5373.638,91,51
1970-01-01 00:00:00.000000053,5435.442,91,52
1970-01-01 00:00:00.000000054,5401.33,91,52
1970-01-01 00:00:00.000000055,5370.66,91,52
1970-01-01 00:00:00.000000056,5376.444,91,52
1970-01-01 00:00:00.000000057,5373.638,91,52
1970-01-01 00:00:00.000000058,5358.609,91,52
1970-01-01 00:00:00.000000054,5401.33,91,53
1970-01-01 00:00:00.000000055,5370.66,91,53
1970-01-01 00:00:00.000000056,5376.444,91,53
1970-01-01 00:00:00.000000057,5373.638,91,53
1970-01-01 00:00:00.000000058,5358.609,91,53
1970-01-01 00:00:00.000000059,5354.8555,91,53
1970-01-01 00:00:00.000000055,5370.66,91,54
1970-01-01 00:00:00.000000056,5376.444,91,54
1970-01-01 00:00:00.000000057,5373.638,91,54
1970-01-01 00:00:00.000000058,5358.609,91,54
1970-01-01 00:00:00.000000059,5354.8555,91,54
1970-01-01 00:00:00.000000060,5327.8647,91,54
1970-01-01 00:00:00.000000056,5376.444,91,55
1970-01-01 00:00:00.000000057,5373.638,91,55
1970-01-01 00:00:00.000000058,5358.609,91,55
1970-01-01 00:00:00.000000059,5354.8555,91,55
1970-01-01 00:00:00.000000060,5327.8647,91,55
1970-01-01 00:00:00.000000061,5304.3887,91,55
1970-01-01 00:00:00.000000057,5373.638,91,56
1970-01-01 00:00:00.000000058,5358.609,91,56
1970-01-01 00:00:00.000000059,5354.8555,91,56
1970-01-01 00:00:00.000000060,5327.8647,91,56
1970-01-01 00:00:00.000000061,5304.3887,91,56
1970-01-01 00:00:00.000000062,5298.713,91,56
1970-01-01 00:00:00.000000058,5358.609,91,57
1970-01-01 00:00:00.000000059,5354.8555,91,57
1970-01-01 00:00:00.000000060,5327.8647,91,57
1970-01-01 00:00:00.000000061,5304.3887,91,57
1970-01-01 00:00:00.000000062,5298.713,91,57
1970-01-01 00:00:00.000000063,5301.836,91,57
1970-01-01 00:00:00.000000059,5354.8555,91,58
1970-01-01 00:00:00.000000060,5327.8647,91,58
1970-01-01 00:00:00.000000061,5304.3887,91,58
1970-01-01 00:00:00.000000062,5298.713,91,58
1970-01-01 00:00:00.000000063,5301.836,91,58
1970-01-01 00:00:00.000000064,5332.64,91,58
1970-01-01 00:00:00.000000060,5327.8647,91,59
1970-01-01 00:00:00.000000061,5304.3887,91,59
1970-01-01 00:00:00.000000062,5298.713,91,59
1970-01-01 00:00:00.000000063,5301.836,91,59
1970-01-01 00:00:00.000000064,5332.64,91,59
1970-01-01 00:00:00.000000065,5389.9727,91,59
1970-01-01 00:00:00.000000061,5304.3887,91,60
1970-01-01 00:00:00.000000062,5298.713,91,60
1970-01-01 00:00:00.000000063,5301.836,91,60
1970-01-01 00:00:00.000000064,5332.64,91,60
1970-01-01 00:00:00.000000065,5389.9727,91,60
1970-01-01 00:00:00.000000066,5426.5474,91,60
1970-01-01 00:00:00.000000062,5298.713,91,61
1970-01-01 00:00:00.000000063,5301.836,91,61
1970-01-01 00:00:00.000000064,5332.64,91,61
1970-01-01 00:00:00.000000065,5389.9727,91,61
1970-01-01 00:00:00.000000066,5426.5474,91,61
1970-01-01 00:00:00.000000067,5429.0786,91,61
1970-01-01 00:00:00.000000063,5301.836,91,62
1970-01-01 00:00:00.000000064,5332.64,91,62
1970-01-01 00:00:00.000000065,5389.9727,91,62
1970-01-01 00:00:00.000000066,5426.5474,91,62
1970-01-01 00:00:00.000000067,5429.0786,91,62
1970-01-01 00:00:00.000000068,5397.509,91,62
1970-01-01 00:00:00.000000064,5332.64,91,63
1970-01-01 00:00:00.000000065,5389.9727,91,63
1970-01-01 00:00:00.000000066,5426.5474,91,63
1970-01-01 00:00:00.000000067,5429.0786,91,63
1970-01-01 00:00:00.000000068,5397.509,91,63
1970-01-01 00:00:00.000000069,5367.3193,91,63
1970-01-01 00:00:00.000000065,5389.9727,91,64
1970-01-01 00:00:00.000000066,5426.5474,91,64
1970-01-01 00:00:00.000000067,5429.0786,91,64
1970-01-01 00:00:00.000000068,5397.509,91,64
1970-01-01 00:00:00.000000069,5367.3193,91,64
1970-01-01 00:00:00.000000070,5370.398,91,64
1970-01-01 00:00:00.000000066,5426.5474,91,65
1970-01-01 00:00:00.000000067,5429.0786,91,65
1970-01-01 00:00:00.000000068,5397.509,91,65
1970-01-01 00:00:00.000000069,5367.3193,91,65
1970-01-01 00:00:00.000000070,5370.398,91,65
1970-01-01 00:00:00.000000071,5385.0474,91,65
1970-01-01 00:00:00.000000067,5429.0786,91,66
1970-01-01 00:00:00.000000068,5397.509,91,66
1970-01-01 00:00:00.000000069,5367.3193,91,66
1970-01-01 00:00:00.000000070,5370.398,91,66
1970-01-01 00:00:00.000000071,5385.0474,91,66
1970-01-01 00:00:00.000000072,5386.54,91,66
1970-01-01 00:00:00.000000068,5397.509,91,67
1970-01-01 00:00:00.000000069,5367.3193,91,67
1970-01-01 00:00:00.000000070,5370.398,91,67
1970-01-01 00:00:00.000000071,5385.0474,91,67
1970-01-01 00:00:00.000000072,5386.54,91,67
1970-01-01 00:00:00.000000073,5404.972,91,67
1970-01-01 00:00:00.000000069,5367.3193,91,68
1970-01-01 00:00:00.000000070,5370.398,91,68
1970-01-01 00:00:00.000000071,5385.0474,91,68
1970-01-01 00:00:00.000000072,5386.54,91,68
1970-01-01 00:00:00.000000073,5404.972,91,68
1970-01-01 00:00:00.000000074,5408.9727,91,68
1970-01-01 00:00:00.000000070,5370.398,91,69
1970-01-01 00:00:00.000000071,5385.0474,91,69
1970-01-01 00:00:00.000000072,5386.54,91,69
1970-01-01 00:00:00.000000073,5404.972,91,69
1970-01-01 00:00:00.000000074,5408.9727,91,69
1970-01-01 00:00:00.000000075,5402.36,91,69
1970-01-01 00:00:00.000000071,5385.0474,91,70
1970-01-01 00:00:00.000000072,5386.54,91,70
1970-01-01 00:00:00.000000073,5404.972,91,70
1970-01-01 00:00:00.000000074,5408.9727,91,70
1970-01-01 00:00:00.000000075,5402.36,91,70
1970-01-01 00:00:00.000000076,5427.885,91,70
1970-01-01 00:00:00.000000072,5386.54,91,71
1970-01-01 00:00:00.000000073,5404.972,91,71
1970-01-01 00:00:00.000000074,5408.9727,91,71
1970-01-01 00:00:00.000000075,5402.36,91,71
1970-01-01 00:00:00.000000076,5427.885,91,71
1970-01-01 00:00:00.000000077,5402.799,91,71
1970-01-01 00:00:00.000000073,5404.972,91,72
1970-01-01 00:00:00.000000074,5408.9727,91,72
1970-01-01 00:00:00.000000075,5402.36,91,72
1970-01-01 00:00:00.000000076,5427.885,91,72
1970-01-01 00:00:00.000000077,5402.799,91,72
1970-01-01 00:00:00.000000078,5383.6953,91,72
1970-01-01 00:00:00.000000074,5408.9727,91,73
1970-01-01 00:00:00.000000075,5402.36,91,73
1970-01-01 00:00:00.000000076,5427.885,91,73
1970-01-01 00:00:00.000000077,5402.799,91,73
1970-01-01 00:00:00.000000078,5383.6953,91,73
1970-01-01 00:00:00.000000079,5401.0645,91,73
1970-01-01 00:00:00.000000075,5402.36,91,74
1970-01-01 00:00:00.000000076,5427.885,91,74
1970-01-01 00:00:00.000000077,5402.799,91,74
1970-01-01 00:00:00.000000078,5383.6953,91,74
1970-01-01 00:00:00.000000079,5401.0645,91,74
1970-01-01 00:00:00.000000080,5408.026,91,74
1970-01-01 00:00:00.000000076,5427.885,91,75
1970-01-01 00:00:00.000000077,5402.799,91,75
1970-01-01 00:00:00.000000078,5383.6953,91,75
1970-01-01 00:00:00.000000079,5401.0645,91,75
1970-01-01 00:00:00.000000080,5408.026,91,75
1970-01-01 00:00:00.000000081,5405.204,91,75
1970-01-01 00:00:00.000000077,5402.799,91,76
1970-01-01 00:00:00.000000078,5383.6953,91,76
1970-01-01 00:00:00.000000079,5401.0645,91,76
1970-01-01 00:00:00.000000080,5408.026,91,76
1970-01-01 00:00:00.000000081,5405.204,91,76
1970-01-01 00:00:00.000000082,5394.5654,91,76
1970-01-01 00:00:00.000000078,5383.6953,91,77
1970-01-01 00:00:00.000000079,5401.0645,91,77
1970-01-01 00:00:00.000000080,5408.026,91,77
1970-01-01 00:00:00.000000081,5405.204,91,77
1970-01-01 00:00:00.000000082,5394.5654,91,77
1970-01-01 00:00:00.000000083,5368.796,91,77
1970-01-01 00:00:00.000000079,5401.0645,91,78
1970-01-01 00:00:00.000000080,5408.026,91,78
1970-01-01 00:00:00.000000081,5405.204,91,78
1970-01-01 00:00:00.000000082,5394.5654,91,78
1970-01-01 00:00:00.000000083,5368.796,91,78
1970-01-01 00:00:00.000000084,5370.2407,91,78
1970-01-01 00:00:00.000000080,5408.026,91,79
1970-01-01 00:00:00.000000081,5405.204,91,79
1970-01-01 00:00:00.000000082,5394.5654,91,79
1970-01-01 00:00:00.000000083,5368.796,91,79
1970-01-01 00:00:00.000000084,5370.2407,91,79
1970-01-01 00:00:00.000000085,5395.76,91,79
1970-01-01 00:00:00.000000081,5405.204,91,80
1970-01-01 00:00:00.000000082,5394.5654,91,80
1970-01-01 00:00:00.000000083,5368.796,91,80
1970-01-01 00:00:00.000000084,5370.2407,91,80
1970-01-01 00:00:00.000000085,5395.76,91,80
1970-01-01 00:00:00.000000086,5374.792,91,80
1970-01-01 00:00:00.000000082,5394.5654,91,81
1970-01-01 00:00:00.000000083,5368.796,91,81
1970-01-01 00:00:00.000000084,5370.2407,91,81
1970-01-01 00:00:00.000000085,5395.76,91,81
1970-01-01 00:00:00.000000086,5374.792,91,81
1970-01-01 00:00:00.000000087,5350.438,91,81
1970-01-01 00:00:00.000000083,5368.796,91,82
1970-01-01 00:00:00.000000084,5370.2407,91,82
1970-01-01 00:00:00.000000085,5395.76,91,82
1970-01-01 00:00:00.000000086,5374.792,91,82
1970-01-01 00:00:00.000000087,5350.438,91,82
1970-01-01 00:00:00.000000088,5306.7446,91,82
1970-01-01 00:00:00.000000084,5370.2407,91,83
1970-01-01 00:00:00.000000085,5395.76,91,83
1970-01-01 00:00:00.000000086,5374.792,91,83
1970-01-01 00:00:00.000000087,5350.438,91,83
1970-01-01 00:00:00.000000088,5306.7446,91,83
1970-01-01 00:00:00.000000089,5281.6943,91,83
1970-01-01 00:00:00.000000007,3716.8506,92,6
1970-01-01 00:00:00.000000008,3720.282,92,6
1970-01-01 00:00:00.000000009,3712.6074,92,6
1970-01-01 00:00:00.000000010,3710.6152,92,6
1970-01-01 00:00:00.000000011,3721.726,92,6
1970-01-01 00:00:00.000000012,3717.6226,92,6
1970-01-01 00:00:00.000000008,3720.282,92,7
1970-01-01 00:00:00.000000009,3712.6074,92,7
1970-01-01 00:00:00.000000010,3710.6152,92,7
1970-01-01 00:00:00.000000011,3721.726,92,7
1970-01-01 00:00:00.000000012,3717.6226,92,7
1970-01-01 00:00:00.000000013,3714.9646,92,7
1970-01-01 00:00:00.000000009,3712.6074,92,8
1970-01-01 00:00:00.000000010,3710.6152,92,8
1970-01-01 00:00:00.000000011,3721.726,92,8
1970-01-01 00:00:00.000000012,3717.6226,92,8
1970-01-01 00:00:00.000000013,3714.9646,92,8
1970-01-01 00:00:00.000000014,3715.1587,92,8
1970-01-01 00:00:00.000000010,3710.6152,92,9
1970-01-01 00:00:00.000000011,3721.726,92,9
1970-01-01 00:00:00.000000012,3717.6226,92,9
1970-01-01 00:00:00.000000013,3714.9646,92,9
1970-01-01 00:00:00.000000014,3715.1587,92,9
1970-01-01 00:00:00.000000015,3701.9646,92,9
1970-01-01 00:00:00.000000011,3721.726,92,10
1970-01-01 00:00:00.000000012,3717.6226,92,10
1970-01-01 00:00:00.000000013,3714.9646,92,10
1970-01-01 00:00:00.000000014,3715.1587,92,10
1970-01-01 00:00:00.000000015,3701.9646,92,10
1970-01-01 00:00:00.000000016,3705.552,92,10
1970-01-01 00:00:00.000000012,3717.6226,92,11
1970-01-01 00:00:00.000000013,3714.9646,92,11
1970-01-01 00:00:00.000000014,3715.1587,92,11
1970-01-01 00:00:00.000000015,3701.9646,92,11
1970-01-01 00:00:00.000000016,3705.552,92,11
1970-01-01 00:00:00.000000017,3714.2646,92,11
1970-01-01 00:00:00.000000013,3714.9646,92,12
1970-01-01 00:00:00.000000014,3715.1587,92,12
1970-01-01 00:00:00.000000015,3701.9646,92,12
1970-01-01 00:00:00.000000016,3705.552,92,12
1970-01-01 00:00:00.000000017,3714.2646,92,12
1970-01-01 00:00:00.000000018,3713.9368,92,12
1970-01-01 00:00:00.000000014,3715.1587,92,13
1970-01-01 00:00:00.000000015,3701.9646,92,13
1970-01-01 00:00:00.000000016,3705.552,92,13
1970-01-01 00:00:00.000000017,3714.2646,92,13
1970-01-01 00:00:00.000000018,3713.9368,92,13
1970-01-01 00:00:00.000000019,3724.2234,92,13
1970-01-01 00:00:00.000000015,3701.9646,92,14
1970-01-01 00:00:00.000000016,3705.552,92,14
1970-01-01 00:00:00.000000017,3714.2646,92,14
1970-01-01 00:00:00.000000018,3713.9368,92,14
1970-01-01 00:00:00.000000019,3724.2234,92,14
1970-01-01 00:00:00.000000020,3731.104,92,14
1970-01-01 00:00:00.000000016,3705.552,92,15
1970-01-01 00:00:00.000000017,3714.2646,92,15
1970-01-01 00:00:00.000000018,3713.9368,92,15
1970-01-01 00:00:00.000000019,3724.2234,92,15
1970-01-01 00:00:00.000000020,3731.104,92,15
1970-01-01 00:00:00.000000021,3729.4934,92,15
1970-01-01 00:00:00.000000017,3714.2646,92,16
1970-01-01 00:00:00.000000018,3713.9368,92,16
1970-01-01 00:00:00.000000019,3724.2234,92,16
1970-01-01 00:00:00.000000020,3731.104,92,16
1970-01-01 00:00:00.000000021,3729.4934,92,16
1970-01-01 00:00:00.000000022,3742.816,92,16
1970-01-01 00:00:00.000000018,3713.9368,92,17
1970-01-01 00:00:00.000000019,3724.2234,92,17
1970-01-01 00:00:00.000000020,3731.104,92,17
1970-01-01 00:00:00.000000021,3729.4934,92,17
1970-01-01 00:00:00.000000022,3742.816,92,17
1970-01-01 00:00:00.000000023,3723.638,92,17
1970-01-01 00:00:00.000000019,3724.2234,92,18
1970-01-01 00:00:00.000000020,3731.104,92,18
1970-01-01 00:00:00.000000021,3729.4934,92,18
1970-01-01 00:00:00.000000022,3742.816,92,18
1970-01-01 00:00:00.000000023,3723.638,92,18
1970-01-01 00:00:00.000000024,3675.5007,92,18
1970-01-01 00:00:00.000000020,3731.104,92,19
1970-01-01 00:00:00.000000021,3729.4934,92,19
1970-01-01 00:00:00.000000022,3742.816,92,19
1970-01-01 00:00:00.000000023,3723.638,92,19
1970-01-01 00:00:00.000000024,3675.5007,92,19
1970-01-01 00:00:00.000000025,3636.634,92,19
1970-01-01 00:00:00.000000021,3729.4934,92,20
1970-01-01 00:00:00.000000022,3742.816,92,20
1970-01-01 00:00:00.000000023,3723.638,92,20
1970-01-01 00:00:00.000000024,3675.5007,92,20
1970-01-01 00:00:00.000000025,3636.634,92,20
1970-01-01 00:00:00.000000026,3588.7646,92,20
1970-01-01 00:00:00.000000022,3742.816,92,21
1970-01-01 00:00:00.000000023,3723.638,92,21
1970-01-01 00:00:00.000000024,3675.5007,92,21
1970-01-01 00:00:00.000000025,3636.634,92,21
1970-01-01 00:00:00.000000026,3588.7646,92,21
1970-01-01 00:00:00.000000027,3561.3174,92,21
1970-01-01 00:00:00.000000023,3723.638,92,22
1970-01-01 00:00:00.000000024,3675.5007,92,22
1970-01-01 00:00:00.000000025,3636.634,92,22
1970-01-01 00:00:00.000000026,3588.7646,92,22
1970-01-01 00:00:00.000000027,3561.3174,92,22
1970-01-01 00:00:00.000000028,3564.604,92,22
1970-01-01 00:00:00.000000024,3675.5007,92,23
1970-01-01 00:00:00.000000025,3636.634,92,23
1970-01-01 00:00:00.000000026,3588.7646,92,23
1970-01-01 00:00:00.000000027,3561.3174,92,23
1970-01-01 00:00:00.000000028,3564.604,92,23
1970-01-01 00:00:00.000000029,3559.722,92,23
1970-01-01 00:00:00.000000025,3636.634,92,24
1970-01-01 00:00:00.000000026,3588.7646,92,24
1970-01-01 00:00:00.000000027,3561.3174,92,24
1970-01-01 00:00:00.000000028,3564.604,92,24
1970-01-01 00:00:00.000000029,3559.722,92,24
1970-01-01 00:00:00.000000030,3552.9272,92,24
1970-01-01 00:00:00.000000026,3588.7646,92,25
1970-01-01 00:00:00.000000027,3561.3174,92,25
1970-01-01 00:00:00.000000028,3564.604,92,25
1970-01-01 00:00:00.000000029,3559.722,92,25
1970-01-01 00:00:00.000000030,3552.9272,92,25
1970-01-01 00:00:00.000000031,3568.2192,92,25
1970-01-01 00:00:00.000000027,3561.3174,92,26
1970-01-01 00:00:00.000000028,3564.604,92,26
1970-01-01 00:00:00.000000029,3559.722,92,26
1970-01-01 00:00:00.000000030,3552.9272,92,26
1970-01-01 00:00:00.000000031,3568.2192,92,26
1970-01-01 00:00:00.000000032,3573.3154,92,26
1970-01-01 00:00:00.000000028,3564.604,92,27
1970-01-01 00:00:00.000000029,3559.722,92,27
1970-01-01 00:00:00.000000030,3552.9272,92,27
1970-01-01 00:00:00.000000031,3568.2192,92,27
1970-01-01 00:00:00.000000032,3573.3154,92,27
1970-01-01 00:00:00.000000033,3580.1147,92,27
1970-01-01 00:00:00.000000029,3559.722,92,28
1970-01-01 00:00:00.000000030,3552.9272,92,28
1970-01-01 00:00:00.000000031,3568.2192,92,28
1970-01-01 00:00:00.000000032,3573.3154,92,28
1970-01-01 00:00:00.000000033,3580.1147,92,28
1970-01-01 00:00:00.000000034,3597.3206,92,28
1970-01-01 00:00:00.000000030,3552.9272,92,29
1970-01-01 00:00:00.000000031,3568.2192,92,29
1970-01-01 00:00:00.000000032,3573.3154,92,29
1970-01-01 00:00:00.000000033,3580.1147,92,29
1970-01-01 00:00:00.000000034,3597.3206,92,29
1970-01-01 00:00:00.000000035,3595.6594,92,29
1970-01-01 00:00:00.000000031,3568.2192,92,30
1970-01-01 00:00:00.000000032,3573.3154,92,30
1970-01-01 00:00:00.000000033,3580.1147,92,30
1970-01-01 00:00:00.000000034,3597.3206,92,30
1970-01-01 00:00:00.000000035,3595.6594,92,30
1970-01-01 00:00:00.000000036,3596.5867,92,30
1970-01-01 00:00:00.000000032,3573.3154,92,31
1970-01-01 00:00:00.000000033,3580.1147,92,31
1970-01-01 00:00:00.000000034,3597.3206,92,31
1970-01-01 00:00:00.000000035,3595.6594,92,31
1970-01-01 00:00:00.000000036,3596.5867,92,31
1970-01-01 00:00:00.000000037,3615.5806,92,31
1970-01-01 00:00:00.000000033,3580.1147,92,32
1970-01-01 00:00:00.000000034,3597.3206,92,32
1970-01-01 00:00:00.000000035,3595.6594,92,32
1970-01-01 00:00:00.000000036,3596.5867,92,32
1970-01-01 00:00:00.000000037,3615.5806,92,32
1970-01-01 00:00:00.000000038,3632.3853,92,32
1970-01-01 00:00:00.000000034,3597.3206,92,33
1970-01-01 00:00:00.000000035,3595.6594,92,33
1970-01-01 00:00:00.000000036,3596.5867,92,33
1970-01-01 00:00:00.000000037,3615.5806,92,33
1970-01-01 00:00:00.000000038,3632.3853,92,33
1970-01-01 00:00:00.000000039,3642.3286,92,33
1970-01-01 00:00:00.000000035,3595.6594,92,34
1970-01-01 00:00:00.000000036,3596.5867,92,34
1970-01-01 00:00:00.000000037,3615.5806,92,34
1970-01-01 00:00:00.000000038,3632.3853,92,34
1970-01-01 00:00:00.000000039,3642.3286,92,34
1970-01-01 00:00:00.000000040,3654.4126,92,34
1970-01-01 00:00:00.000000036,3596.5867,92,35
1970-01-01 00:00:00.000000037,3615.5806,92,35
1970-01-01 00:00:00.000000038,3632.3853,92,35
1970-01-01 00:00:00.000000039,3642.3286,92,35
1970-01-01 00:00:00.000000040,3654.4126,92,35
1970-01-01 00:00:00.000000041,3639.2454,92,35
1970-01-01 00:00:00.000000037,3615.5806,92,36
1970-01-01 00:00:00.000000038,3632.3853,92,36
1970-01-01 00:00:00.000000039,3642.3286,92,36
1970-01-01 00:00:00.000000040,3654.4126,92,36
1970-01-01 00:00:00.000000041,3639.2454,92,36
1970-01-01 00:00:00.000000042,3631.1226,92,36
1970-01-01 00:00:00.000000038,3632.3853,92,37
1970-01-01 00:00:00.000000039,3642.3286,92,37
1970-01-01 00:00:00.000000040,3654.4126,92,37
1970-01-01 00:00:00.000000041,3639.2454,92,37
1970-01-01 00:00:00.000000042,3631.1226,92,37
1970-01-01 00:00:00.000000043,3642.622,92,37
1970-01-01 00:00:00.000000039,3642.3286,92,38
1970-01-01 00:00:00.000000040,3654.4126,92,38
1970-01-01 00:00:00.000000041,3639.2454,92,38
1970-01-01 00:00:00.000000042,3631.1226,92,38
1970-01-01 00:00:00.000000043,3642.622,92,38
1970-01-01 00:00:00.000000044,3627.782,92,38
1970-01-01 00:00:00.000000040,3654.4126,92,39
1970-01-01 00:00:00.000000041,3639.2454,92,39
1970-01-01 00:00:00.000000042,3631.1226,92,39
1970-01-01 00:00:00.000000043,3642.622,92,39
1970-01-01 00:00:00.000000044,3627.782,92,39
1970-01-01 00:00:00.000000045,3635.134,92,39
1970-01-01 00:00:00.000000041,3639.2454,92,40
1970-01-01 00:00:00.000000042,3631.1226,92,40
1970-01-01 00:00:00.000000043,3642.622,92,40
1970-01-01 00:00:00.000000044,3627.782,92,40
1970-01-01 00:00:00.000000045,3635.134,92,40
1970-01-01 00:00:00.000000046,3639.3826,92,40
1970-01-01 00:00:00.000000042,3631.1226,92,41
1970-01-01 00:00:00.000000043,3642.622,92,41
1970-01-01 00:00:00.000000044,3627.782,92,41
1970-01-01 00:00:00.000000045,3635.134,92,41
1970-01-01 00:00:00.000000046,3639.3826,92,41
1970-01-01 00:00:00.000000047,3621.1067,92,41
1970-01-01 00:00:00.000000043,3642.622,92,42
1970-01-01 00:00:00.000000044,3627.782,92,42
1970-01-01 00:00:00.000000045,3635.134,92,42
1970-01-01 00:00:00.000000046,3639.3826,92,42
1970-01-01 00:00:00.000000047,3621.1067,92,42
1970-01-01 00:00:00.000000048,3635.616,92,42
1970-01-01 00:00:00.000000044,3627.782,92,43
1970-01-01 00:00:00.000000045,3635.134,92,43
1970-01-01 00:00:00.000000046,3639.3826,92,43
1970-01-01 00:00:00.000000047,3621.1067,92,43
1970-01-01 00:00:00.000000048,3635.616,92,43
1970-01-01 00:00:00.000000049,3649.856,92,43
1970-01-01 00:00:00.000000045,3635.134,92,44
1970-01-01 00:00:00.000000046,3639.3826,92,44
1970-01-01 00:00:00.000000047,3621.1067,92,44
1970-01-01 00:00:00.000000048,3635.616,92,44
1970-01-01 00:00:00.000000049,3649.856,92,44
1970-01-01 00:00:00.000000050,3659.72,92,44
1970-01-01 00:00:00.000000046,3639.3826,92,45
1970-01-01 00:00:00.000000047,3621.1067,92,45
1970-01-01 00:00:00.000000048,3635.616,92,45
1970-01-01 00:00:00.000000049,3649.856,92,45
1970-01-01 00:00:00.000000050,3659.72,92,45
1970-01-01 00:00:00.000000051,3678.986,92,45
1970-01-01 00:00:00.000000047,3621.1067,92,46
1970-01-01 00:00:00.000000048,3635.616,92,46
1970-01-01 00:00:00.000000049,3649.856,92,46
1970-01-01 00:00:00.000000050,3659.72,92,46
1970-01-01 00:00:00.000000051,3678.986,92,46
1970-01-01 00:00:00.000000052,3673.8013,92,46
1970-01-01 00:00:00.000000048,3635.616,92,47
1970-01-01 00:00:00.000000049,3649.856,92,47
1970-01-01 00:00:00.000000050,3659.72,92,47
1970-01-01 00:00:00.000000051,3678.986,92,47
1970-01-01 00:00:00.000000052,3673.8013,92,47
1970-01-01 00:00:00.000000053,3656.8652,92,47
1970-01-01 00:00:00.000000049,3649.856,92,48
1970-01-01 00:00:00.000000050,3659.72,92,48
1970-01-01 00:00:00.000000051,3678.986,92,48
1970-01-01 00:00:00.000000052,3673.8013,92,48
1970-01-01 00:00:00.000000053,3656.8652,92,48
1970-01-01 00:00:00.000000054,3637.6626,92,48
1970-01-01 00:00:00.000000050,3659.72,92,49
1970-01-01 00:00:00.000000051,3678.986,92,49
1970-01-01 00:00:00.000000052,3673.8013,92,49
1970-01-01 00:00:00.000000053,3656.8652,92,49
1970-01-01 00:00:00.000000054,3637.6626,92,49
1970-01-01 00:00:00.000000055,3622.6868,92,49
1970-01-01 00:00:00.000000051,3678.986,92,50
1970-01-01 00:00:00.000000052,3673.8013,92,50
1970-01-01 00:00:00.000000053,3656.8652,92,50
1970-01-01 00:00:00.000000054,3637.6626,92,50
1970-01-01 00:00:00.000000055,3622.6868,92,50
1970-01-01 00:00:00.000000056,3624.06,92,50
1970-01-01 00:00:00.000000052,3673.8013,92,51
1970-01-01 00:00:00.000000053,3656.8652,92,51
1970-01-01 00:00:00.000000054,3637.6626,92,51
1970-01-01 00:00:00.000000055,3622.6868,92,51
1970-01-01 00:00:00.000000056,3624.06,92,51
1970-01-01 00:00:00.000000057,3649.1375,92,51
1970-01-01 00:00:00.000000053,3656.8652,92,52
1970-01-01 00:00:00.000000054,3637.6626,92,52
1970-01-01 00:00:00.000000055,3622.6868,92,52
1970-01-01 00:00:00.000000056,3624.06,92,52
1970-01-01 00:00:00.000000057,3649.1375,92,52
1970-01-01 00:00:00.000000058,3690.4407,92,52
1970-01-01 00:00:00.000000054,3637.6626,92,53
1970-01-01 00:00:00.000000055,3622.6868,92,53
1970-01-01 00:00:00.000000056,3624.06,92,53
1970-01-01 00:00:00.000000057,3649.1375,92,53
1970-01-01 00:00:00.000000058,3690.4407,92,53
1970-01-01 00:00:00.000000059,3743.6694,92,53
1970-01-01 00:00:00.000000055,3622.6868,92,54
1970-01-01 00:00:00.000000056,3624.06,92,54
1970-01-01 00:00:00.000000057,3649.1375,92,54
1970-01-01 00:00:00.000000058,3690.4407,92,54
1970-01-01 00:00:00.000000059,3743.6694,92,54
1970-01-01 00:00:00.000000060,3777.65,92,54
1970-01-01 00:00:00.000000056,3624.06,92,55
1970-01-01 00:00:00.000000057,3649.1375,92,55
1970-01-01 00:00:00.000000058,3690.4407,92,55
1970-01-01 00:00:00.000000059,3743.6694,92,55
1970-01-01 00:00:00.000000060,3777.65,92,55
1970-01-01 00:00:00.000000061,3757.674,92,55
1970-01-01 00:00:00.000000057,3649.1375,92,56
1970-01-01 00:00:00.000000058,3690.4407,92,56
1970-01-01 00:00:00.000000059,3743.6694,92,56
1970-01-01 00:00:00.000000060,3777.65,92,56
1970-01-01 00:00:00.000000061,3757.674,92,56
1970-01-01 00:00:00.000000062,3720.208,92,56
1970-01-01 00:00:00.000000058,3690.4407,92,57
1970-01-01 00:00:00.000000059,3743.6694,92,57
1970-01-01 00:00:00.000000060,3777.65,92,57
1970-01-01 00:00:00.000000061,3757.674,92,57
1970-01-01 00:00:00.000000062,3720.208,92,57
1970-01-01 00:00:00.000000063,3670.6868,92,57
1970-01-01 00:00:00.000000059,3743.6694,92,58
1970-01-01 00:00:00.000000060,3777.65,92,58
1970-01-01 00:00:00.000000061,3757.674,92,58
1970-01-01 00:00:00.000000062,3720.208,92,58
1970-01-01 00:00:00.000000063,3670.6868,92,58
1970-01-01 00:00:00.000000064,3635.374,92,58
1970-01-01 00:00:00.000000060,3777.65,92,59
1970-01-01 00:00:00.000000061,3757.674,92,59
1970-01-01 00:00:00.000000062,3720.208,92,59
1970-01-01 00:00:00.000000063,3670.6868,92,59
1970-01-01 00:00:00.000000064,3635.374,92,59
1970-01-01 00:00:00.000000065,3634.0366,92,59
1970-01-01 00:00:00.000000061,3757.674,92,60
1970-01-01 00:00:00.000000062,3720.208,92,60
1970-01-01 00:00:00.000000063,3670.6868,92,60
1970-01-01 00:00:00.000000064,3635.374,92,60
1970-01-01 00:00:00.000000065,3634.0366,92,60
1970-01-01 00:00:00.000000066,3634.7214,92,60
1970-01-01 00:00:00.000000062,3720.208,92,61
1970-01-01 00:00:00.000000063,3670.6868,92,61
1970-01-01 00:00:00.000000064,3635.374,92,61
1970-01-01 00:00:00.000000065,3634.0366,92,61
1970-01-01 00:00:00.000000066,3634.7214,92,61
1970-01-01 00:00:00.000000067,3636.9187,92,61
1970-01-01 00:00:00.000000063,3670.6868,92,62
1970-01-01 00:00:00.000000064,3635.374,92,62
1970-01-01 00:00:00.000000065,3634.0366,92,62
1970-01-01 00:00:00.000000066,3634.7214,92,62
1970-01-01 00:00:00.000000067,3636.9187,92,62
1970-01-01 00:00:00.000000068,3649.6294,92,62
1970-01-01 00:00:00.000000064,3635.374,92,63
1970-01-01 00:00:00.000000065,3634.0366,92,63
1970-01-01 00:00:00.000000066,3634.7214,92,63
1970-01-01 00:00:00.000000067,3636.9187,92,63
1970-01-01 00:00:00.000000068,3649.6294,92,63
1970-01-01 00:00:00.000000069,3646.2346,92,63
1970-01-01 00:00:00.000000065,3634.0366,92,64
1970-01-01 00:00:00.000000066,3634.7214,92,64
1970-01-01 00:00:00.000000067,3636.9187,92,64
1970-01-01 00:00:00.000000068,3649.6294,92,64
1970-01-01 00:00:00.000000069,3646.2346,92,64
1970-01-01 00:00:00.000000070,3651.3894,92,64
1970-01-01 00:00:00.000000066,3634.7214,92,65
1970-01-01 00:00:00.000000067,3636.9187,92,65
1970-01-01 00:00:00.000000068,3649.6294,92,65
1970-01-01 00:00:00.000000069,3646.2346,92,65
1970-01-01 00:00:00.000000070,3651.3894,92,65
1970-01-01 00:00:00.000000071,3682.9846,92,65
1970-01-01 00:00:00.000000067,3636.9187,92,66
1970-01-01 00:00:00.000000068,3649.6294,92,66
1970-01-01 00:00:00.000000069,3646.2346,92,66
1970-01-01 00:00:00.000000070,3651.3894,92,66
1970-01-01 00:00:00.000000071,3682.9846,92,66
1970-01-01 00:00:00.000000072,3701.2014,92,66
1970-01-01 00:00:00.000000068,3649.6294,92,67
1970-01-01 00:00:00.000000069,3646.2346,92,67
1970-01-01 00:00:00.000000070,3651.3894,92,67
1970-01-01 00:00:00.000000071,3682.9846,92,67
1970-01-01 00:00:00.000000072,3701.2014,92,67
1970-01-01 00:00:00.000000073,3722.086,92,67
1970-01-01 00:00:00.000000069,3646.2346,92,68
1970-01-01 00:00:00.000000070,3651.3894,92,68
1970-01-01 00:00:00.000000071,3682.9846,92,68
1970-01-01 00:00:00.000000072,3701.2014,92,68
1970-01-01 00:00:00.000000073,3722.086,92,68
1970-01-01 00:00:00.000000074,3742.764,92,68
1970-01-01 00:00:00.000000070,3651.3894,92,69
1970-01-01 00:00:00.000000071,3682.9846,92,69
1970-01-01 00:00:00.000000072,3701.2014,92,69
1970-01-01 00:00:00.000000073,3722.086,92,69
1970-01-01 00:00:00.000000074,3742.764,92,69
1970-01-01 00:00:00.000000075,3733.0532,92,69
1970-01-01 00:00:00.000000071,3682.9846,92,70
1970-01-01 00:00:00.000000072,3701.2014,92,70
1970-01-01 00:00:00.000000073,3722.086,92,70
1970-01-01 00:00:00.000000074,3742.764,92,70
1970-01-01 00:00:00.000000075,3733.0532,92,70
1970-01-01 00:00:00.000000076,3742.2534,92,70
1970-01-01 00:00:00.000000072,3701.2014,92,71
1970-01-01 00:00:00.000000073,3722.086,92,71
1970-01-01 00:00:00.000000074,3742.764,92,71
1970-01-01 00:00:00.000000075,3733.0532,92,71
1970-01-01 00:00:00.000000076,3742.2534,92,71
1970-01-01 00:00:00.000000077,3750.1306,92,71
1970-01-01 00:00:00.000000073,3722.086,92,72
1970-01-01 00:00:00.000000074,3742.764,92,72
1970-01-01 00:00:00.000000075,3733.0532,92,72
1970-01-01 00:00:00.000000076,3742.2534,92,72
1970-01-01 00:00:00.000000077,3750.1306,92,72
1970-01-01 00:00:00.000000078,3729.3547,92,72
1970-01-01 00:00:00.000000074,3742.764,92,73
1970-01-01 00:00:00.000000075,3733.0532,92,73
1970-01-01 00:00:00.000000076,3742.2534,92,73
1970-01-01 00:00:00.000000077,3750.1306,92,73
1970-01-01 00:00:00.000000078,3729.3547,92,73
1970-01-01 00:00:00.000000079,3718.9487,92,73
1970-01-01 00:00:00.000000075,3733.0532,92,74
1970-01-01 00:00:00.000000076,3742.2534,92,74
1970-01-01 00:00:00.000000077,3750.1306,92,74
1970-01-01 00:00:00.000000078,3729.3547,92,74
1970-01-01 00:00:00.000000079,3718.9487,92,74
1970-01-01 00:00:00.000000080,3682.4973,92,74
1970-01-01 00:00:00.000000076,3742.2534,92,75
1970-01-01 00:00:00.000000077,3750.1306,92,75
1970-01-01 00:00:00.000000078,3729.3547,92,75
1970-01-01 00:00:00.000000079,3718.9487,92,75
1970-01-01 00:00:00.000000080,3682.4973,92,75
1970-01-01 00:00:00.000000081,3650.3394,92,75
1970-01-01 00:00:00.000000077,3750.1306,92,76
1970-01-01 00:00:00.000000078,3729.3547,92,76
1970-01-01 00:00:00.000000079,3718.9487,92,76
1970-01-01 00:00:00.000000080,3682.4973,92,76
1970-01-01 00:00:00.000000081,3650.3394,92,76
1970-01-01 00:00:00.000000082,3636.8806,92,76
1970-01-01 00:00:00.000000078,3729.3547,92,77
1970-01-01 00:00:00.000000079,3718.9487,92,77
1970-01-01 00:00:00.000000080,3682.4973,92,77
1970-01-01 00:00:00.000000081,3650.3394,92,77
1970-01-01 00:00:00.000000082,3636.8806,92,77
1970-01-01 00:00:00.000000083,3622.638,92,77
1970-01-01 00:00:00.000000079,3718.9487,92,78
1970-01-01 00:00:00.000000080,3682.4973,92,78
1970-01-01 00:00:00.000000081,3650.3394,92,78
1970-01-01 00:00:00.000000082,3636.8806,92,78
1970-01-01 00:00:00.000000083,3622.638,92,78
1970-01-01 00:00:00.000000084,3623.2346,92,78
1970-01-01 00:00:00.000000080,3682.4973,92,79
1970-01-01 00:00:00.000000081,3650.3394,92,79
1970-01-01 00:00:00.000000082,3636.8806,92,79
1970-01-01 00:00:00.000000083,3622.638,92,79
1970-01-01 00:00:00.000000084,3623.2346,92,79
1970-01-01 00:00:00.000000085,3628.32,92,79
1970-01-01 00:00:00.000000007,3806.3008,93,6
1970-01-01 00:00:00.000000008,3808.7854,93,6
1970-01-01 00:00:00.000000009,3776.4153,93,6
1970-01-01 00:00:00.000000010,3770.7673,93,6
1970-01-01 00:00:00.000000011,3768.6868,93,6
1970-01-01 00:00:00.000000012,3739.7812,93,6
1970-01-01 00:00:00.000000008,3808.7854,93,7
1970-01-01 00:00:00.000000009,3776.4153,93,7
1970-01-01 00:00:00.000000010,3770.7673,93,7
1970-01-01 00:00:00.000000011,3768.6868,93,7
1970-01-01 00:00:00.000000012,3739.7812,93,7
1970-01-01 00:00:00.000000013,3755.382,93,7
1970-01-01 00:00:00.000000009,3776.4153,93,8
1970-01-01 00:00:00.000000010,3770.7673,93,8
1970-01-01 00:00:00.000000011,3768.6868,93,8
1970-01-01 00:00:00.000000012,3739.7812,93,8
1970-01-01 00:00:00.000000013,3755.382,93,8
1970-01-01 00:00:00.000000014,3762.506,93,8
1970-01-01 00:00:00.000000010,3770.7673,93,9
1970-01-01 00:00:00.000000011,3768.6868,93,9
1970-01-01 00:00:00.000000012,3739.7812,93,9
1970-01-01 00:00:00.000000013,3755.382,93,9
1970-01-01 00:00:00.000000014,3762.506,93,9
1970-01-01 00:00:00.000000015,3752.7473,93,9
1970-01-01 00:00:00.000000011,3768.6868,93,10
1970-01-01 00:00:00.000000012,3739.7812,93,10
1970-01-01 00:00:00.000000013,3755.382,93,10
1970-01-01 00:00:00.000000014,3762.506,93,10
1970-01-01 00:00:00.000000015,3752.7473,93,10
1970-01-01 00:00:00.000000016,3793.3894,93,10
1970-01-01 00:00:00.000000012,3739.7812,93,11
1970-01-01 00:00:00.000000013,3755.382,93,11
1970-01-01 00:00:00.000000014,3762.506,93,11
1970-01-01 00:00:00.000000015,3752.7473,93,11
1970-01-01 00:00:00.000000016,3793.3894,93,11
1970-01-01 00:00:00.000000017,3807.986,93,11
1970-01-01 00:00:00.000000013,3755.382,93,12
1970-01-01 00:00:00.000000014,3762.506,93,12
1970-01-01 00:00:00.000000015,3752.7473,93,12
1970-01-01 00:00:00.000000016,3793.3894,93,12
1970-01-01 00:00:00.000000017,3807.986,93,12
1970-01-01 00:00:00.000000018,3803.7253,93,12
1970-01-01 00:00:00.000000014,3762.506,93,13
1970-01-01 00:00:00.000000015,3752.7473,93,13
1970-01-01 00:00:00.000000016,3793.3894,93,13
1970-01-01 00:00:00.000000017,3807.986,93,13
1970-01-01 00:00:00.000000018,3803.7253,93,13
1970-01-01 00:00:00.000000019,3810.594,93,13
1970-01-01 00:00:00.000000015,3752.7473,93,14
1970-01-01 00:00:00.000000016,3793.3894,93,14
1970-01-01 00:00:00.000000017,3807.986,93,14
1970-01-01 00:00:00.000000018,3803.7253,93,14
1970-01-01 00:00:00.000000019,3810.594,93,14
1970-01-01 00:00:00.000000020,3780.7554,93,14
1970-01-01 00:00:00.000000016,3793.3894,93,15
1970-01-01 00:00:00.000000017,3807.986,93,15
1970-01-01 00:00:00.000000018,3803.7253,93,15
1970-01-01 00:00:00.000000019,3810.594,93,15
1970-01-01 00:00:00.000000020,3780.7554,93,15
1970-01-01 00:00:00.000000021,3759.4106,93,15
1970-01-01 00:00:00.000000017,3807.986,93,16
1970-01-01 00:00:00.000000018,3803.7253,93,16
1970-01-01 00:00:00.000000019,3810.594,93,16
1970-01-01 00:00:00.000000020,3780.7554,93,16
1970-01-01 00:00:00.000000021,3759.4106,93,16
1970-01-01 00:00:00.000000022,3755.878,93,16
1970-01-01 00:00:00.000000018,3803.7253,93,17
1970-01-01 00:00:00.000000019,3810.594,93,17
1970-01-01 00:00:00.000000020,3780.7554,93,17
1970-01-01 00:00:00.000000021,3759.4106,93,17
1970-01-01 00:00:00.000000022,3755.878,93,17
1970-01-01 00:00:00.000000023,3747.796,93,17
1970-01-01 00:00:00.000000019,3810.594,93,18
1970-01-01 00:00:00.000000020,3780.7554,93,18
1970-01-01 00:00:00.000000021,3759.4106,93,18
1970-01-01 00:00:00.000000022,3755.878,93,18
1970-01-01 00:00:00.000000023,3747.796,93,18
1970-01-01 00:00:00.000000024,3749.3652,93,18
1970-01-01 00:00:00.000000020,3780.7554,93,19
1970-01-01 00:00:00.000000021,3759.4106,93,19
1970-01-01 00:00:00.000000022,3755.878,93,19
1970-01-01 00:00:00.000000023,3747.796,93,19
1970-01-01 00:00:00.000000024,3749.3652,93,19
1970-01-01 00:00:00.000000025,3757.1472,93,19
1970-01-01 00:00:00.000000021,3759.4106,93,20
1970-01-01 00:00:00.000000022,3755.878,93,20
1970-01-01 00:00:00.000000023,3747.796,93,20
1970-01-01 00:00:00.000000024,3749.3652,93,20
1970-01-01 00:00:00.000000025,3757.1472,93,20
1970-01-01 00:00:00.000000026,3752.2893,93,20
1970-01-01 00:00:00.000000022,3755.878,93,21
1970-01-01 00:00:00.000000023,3747.796,93,21
1970-01-01 00:00:00.000000024,3749.3652,93,21
1970-01-01 00:00:00.000000025,3757.1472,93,21
1970-01-01 00:00:00.000000026,3752.2893,93,21
1970-01-01 00:00:00.000000027,3775.7314,93,21
1970-01-01 00:00:00.000000023,3747.796,93,22
1970-01-01 00:00:00.000000024,3749.3652,93,22
1970-01-01 00:00:00.000000025,3757.1472,93,22
1970-01-01 00:00:00.000000026,3752.2893,93,22
1970-01-01 00:00:00.000000027,3775.7314,93,22
1970-01-01 00:00:00.000000028,3815.4653,93,22
1970-01-01 00:00:00.000000024,3749.3652,93,23
1970-01-01 00:00:00.000000025,3757.1472,93,23
1970-01-01 00:00:00.000000026,3752.2893,93,23
1970-01-01 00:00:00.000000027,3775.7314,93,23
1970-01-01 00:00:00.000000028,3815.4653,93,23
1970-01-01 00:00:00.000000029,3834.5085,93,23
1970-01-01 00:00:00.000000025,3757.1472,93,24
1970-01-01 00:00:00.000000026,3752.2893,93,24
1970-01-01 00:00:00.000000027,3775.7314,93,24
1970-01-01 00:00:00.000000028,3815.4653,93,24
1970-01-01 00:00:00.000000029,3834.5085,93,24
1970-01-01 00:00:00.000000030,3879.3633,93,24
1970-01-01 00:00:00.000000026,3752.2893,93,25
1970-01-01 00:00:00.000000027,3775.7314,93,25
1970-01-01 00:00:00.000000028,3815.4653,93,25
1970-01-01 00:00:00.000000029,3834.5085,93,25
1970-01-01 00:00:00.000000030,3879.3633,93,25
1970-01-01 00:00:00.000000031,3911.9734,93,25
1970-01-01 00:00:00.000000027,3775.7314,93,26
1970-01-01 00:00:00.000000028,3815.4653,93,26
1970-01-01 00:00:00.000000029,3834.5085,93,26
1970-01-01 00:00:00.000000030,3879.3633,93,26
1970-01-01 00:00:00.000000031,3911.9734,93,26
1970-01-01 00:00:00.000000032,3915.298,93,26
1970-01-01 00:00:00.000000028,3815.4653,93,27
1970-01-01 00:00:00.000000029,3834.5085,93,27
1970-01-01 00:00:00.000000030,3879.3633,93,27
1970-01-01 00:00:00.000000031,3911.9734,93,27
1970-01-01 00:00:00.000000032,3915.298,93,27
1970-01-01 00:00:00.000000033,3934.9473,93,27
1970-01-01 00:00:00.000000029,3834.5085,93,28
1970-01-01 00:00:00.000000030,3879.3633,93,28
1970-01-01 00:00:00.000000031,3911.9734,93,28
1970-01-01 00:00:00.000000032,3915.298,93,28
1970-01-01 00:00:00.000000033,3934.9473,93,28
1970-01-01 00:00:00.000000034,3932.188,93,28
1970-01-01 00:00:00.000000030,3879.3633,93,29
1970-01-01 00:00:00.000000031,3911.9734,93,29
1970-01-01 00:00:00.000000032,3915.298,93,29
1970-01-01 00:00:00.000000033,3934.9473,93,29
1970-01-01 00:00:00.000000034,3932.188,93,29
1970-01-01 00:00:00.000000035,3912.8074,93,29
1970-01-01 00:00:00.000000031,3911.9734,93,30
1970-01-01 00:00:00.000000032,3915.298,93,30
1970-01-01 00:00:00.000000033,3934.9473,93,30
1970-01-01 00:00:00.000000034,3932.188,93,30
1970-01-01 00:00:00.000000035,3912.8074,93,30
1970-01-01 00:00:00.000000036,3921.9573,93,30
1970-01-01 00:00:00.000000032,3915.298,93,31
1970-01-01 00:00:00.000000033,3934.9473,93,31
1970-01-01 00:00:00.000000034,3932.188,93,31
1970-01-01 00:00:00.000000035,3912.8074,93,31
1970-01-01 00:00:00.000000036,3921.9573,93,31
1970-01-01 00:00:00.000000037,3912.7327,93,31
1970-01-01 00:00:00.000000033,3934.9473,93,32
1970-01-01 00:00:00.000000034,3932.188,93,32
1970-01-01 00:00:00.000000035,3912.8074,93,32
1970-01-01 00:00:00.000000036,3921.9573,93,32
1970-01-01 00:00:00.000000037,3912.7327,93,32
1970-01-01 00:00:00.000000038,3910.9893,93,32
1970-01-01 00:00:00.000000034,3932.188,93,33
1970-01-01 00:00:00.000000035,3912.8074,93,33
1970-01-01 00:00:00.000000036,3921.9573,93,33
1970-01-01 00:00:00.000000037,3912.7327,93,33
1970-01-01 00:00:00.000000038,3910.9893,93,33
1970-01-01 00:00:00.000000039,3914.5447,93,33
1970-01-01 00:00:00.000000035,3912.8074,93,34
1970-01-01 00:00:00.000000036,3921.9573,93,34
1970-01-01 00:00:00.000000037,3912.7327,93,34
1970-01-01 00:00:00.000000038,3910.9893,93,34
1970-01-01 00:00:00.000000039,3914.5447,93,34
1970-01-01 00:00:00.000000040,3882.9814,93,34
1970-01-01 00:00:00.000000036,3921.9573,93,35
1970-01-01 00:00:00.000000037,3912.7327,93,35
1970-01-01 00:00:00.000000038,3910.9893,93,35
1970-01-01 00:00:00.000000039,3914.5447,93,35
1970-01-01 00:00:00.000000040,3882.9814,93,35
1970-01-01 00:00:00.000000041,3868.6926,93,35
1970-01-01 00:00:00.000000037,3912.7327,93,36
1970-01-01 00:00:00.000000038,3910.9893,93,36
1970-01-01 00:00:00.000000039,3914.5447,93,36
1970-01-01 00:00:00.000000040,3882.9814,93,36
1970-01-01 00:00:00.000000041,3868.6926,93,36
1970-01-01 00:00:00.000000042,3859.6514,93,36
1970-01-01 00:00:00.000000038,3910.9893,93,37
1970-01-01 00:00:00.000000039,3914.5447,93,37
1970-01-01 00:00:00.000000040,3882.9814,93,37
1970-01-01 00:00:00.000000041,3868.6926,93,37
1970-01-01 00:00:00.000000042,3859.6514,93,37
1970-01-01 00:00:00.000000043,3848.6726,93,37
1970-01-01 00:00:00.000000039,3914.5447,93,38
1970-01-01 00:00:00.000000040,3882.9814,93,38
1970-01-01 00:00:00.000000041,3868.6926,93,38
1970-01-01 00:00:00.000000042,3859.6514,93,38
1970-01-01 00:00:00.000000043,3848.6726,93,38
1970-01-01 00:00:00.000000044,3858.2947,93,38
1970-01-01 00:00:00.000000040,3882.9814,93,39
1970-01-01 00:00:00.000000041,3868.6926,93,39
1970-01-01 00:00:00.000000042,3859.6514,93,39
1970-01-01 00:00:00.000000043,3848.6726,93,39
1970-01-01 00:00:00.000000044,3858.2947,93,39
1970-01-01 00:00:00.000000045,3858.7366,93,39
1970-01-01 00:00:00.000000041,3868.6926,93,40
1970-01-01 00:00:00.000000042,3859.6514,93,40
1970-01-01 00:00:00.000000043,3848.6726,93,40
1970-01-01 00:00:00.000000044,3858.2947,93,40
1970-01-01 00:00:00.000000045,3858.7366,93,40
1970-01-01 00:00:00.000000046,3823.266,93,40
1970-01-01 00:00:00.000000042,3859.6514,93,41
1970-01-01 00:00:00.000000043,3848.6726,93,41
1970-01-01 00:00:00.000000044,3858.2947,93,41
1970-01-01 00:00:00.000000045,3858.7366,93,41
1970-01-01 00:00:00.000000046,3823.266,93,41
1970-01-01 00:00:00.000000047,3806.2092,93,41
1970-01-01 00:00:00.000000043,3848.6726,93,42
1970-01-01 00:00:00.000000044,3858.2947,93,42
1970-01-01 00:00:00.000000045,3858.7366,93,42
1970-01-01 00:00:00.000000046,3823.266,93,42
1970-01-01 00:00:00.000000047,3806.2092,93,42
1970-01-01 00:00:00.000000048,3798.4827,93,42
1970-01-01 00:00:00.000000044,3858.2947,93,43
1970-01-01 00:00:00.000000045,3858.7366,93,43
1970-01-01 00:00:00.000000046,3823.266,93,43
1970-01-01 00:00:00.000000047,3806.2092,93,43
1970-01-01 00:00:00.000000048,3798.4827,93,43
1970-01-01 00:00:00.000000049,3793.0154,93,43
1970-01-01 00:00:00.000000045,3858.7366,93,44
1970-01-01 00:00:00.000000046,3823.266,93,44
1970-01-01 00:00:00.000000047,3806.2092,93,44
1970-01-01 00:00:00.000000048,3798.4827,93,44
1970-01-01 00:00:00.000000049,3793.0154,93,44
1970-01-01 00:00:00.000000050,3826.7227,93,44
1970-01-01 00:00:00.000000046,3823.266,93,45
1970-01-01 00:00:00.000000047,3806.2092,93,45
1970-01-01 00:00:00.000000048,3798.4827,93,45
1970-01-01 00:00:00.000000049,3793.0154,93,45
1970-01-01 00:00:00.000000050,3826.7227,93,45
1970-01-01 00:00:00.000000051,3859.6487,93,45
1970-01-01 00:00:00.000000047,3806.2092,93,46
1970-01-01 00:00:00.000000048,3798.4827,93,46
1970-01-01 00:00:00.000000049,3793.0154,93,46
1970-01-01 00:00:00.000000050,3826.7227,93,46
1970-01-01 00:00:00.000000051,3859.6487,93,46
1970-01-01 00:00:00.000000052,3885.792,93,46
1970-01-01 00:00:00.000000048,3798.4827,93,47
1970-01-01 00:00:00.000000049,3793.0154,93,47
1970-01-01 00:00:00.000000050,3826.7227,93,47
1970-01-01 00:00:00.000000051,3859.6487,93,47
1970-01-01 00:00:00.000000052,3885.792,93,47
1970-01-01 00:00:00.000000053,3930.7488,93,47
1970-01-01 00:00:00.000000049,3793.0154,93,48
1970-01-01 00:00:00.000000050,3826.7227,93,48
1970-01-01 00:00:00.000000051,3859.6487,93,48
1970-01-01 00:00:00.000000052,3885.792,93,48
1970-01-01 00:00:00.000000053,3930.7488,93,48
1970-01-01 00:00:00.000000054,3953.2747,93,48
1970-01-01 00:00:00.000000050,3826.7227,93,49
1970-01-01 00:00:00.000000051,3859.6487,93,49
1970-01-01 00:00:00.000000052,3885.792,93,49
1970-01-01 00:00:00.000000053,3930.7488,93,49
1970-01-01 00:00:00.000000054,3953.2747,93,49
1970-01-01 00:00:00.000000055,3949.7554,93,49
1970-01-01 00:00:00.000000051,3859.6487,93,50
1970-01-01 00:00:00.000000052,3885.792,93,50
1970-01-01 00:00:00.000000053,3930.7488,93,50
1970-01-01 00:00:00.000000054,3953.2747,93,50
1970-01-01 00:00:00.000000055,3949.7554,93,50
1970-01-01 00:00:00.000000056,3950.0747,93,50
1970-01-01 00:00:00.000000052,3885.792,93,51
1970-01-01 00:00:00.000000053,3930.7488,93,51
1970-01-01 00:00:00.000000054,3953.2747,93,51
1970-01-01 00:00:00.000000055,3949.7554,93,51
1970-01-01 00:00:00.000000056,3950.0747,93,51
1970-01-01 00:00:00.000000057,3944.3433,93,51
1970-01-01 00:00:00.000000053,3930.7488,93,52
1970-01-01 00:00:00.000000054,3953.2747,93,52
1970-01-01 00:00:00.000000055,3949.7554,93,52
1970-01-01 00:00:00.000000056,3950.0747,93,52
1970-01-01 00:00:00.000000057,3944.3433,93,52
1970-01-01 00:00:00.000000058,3939.8206,93,52
1970-01-01 00:00:00.000000054,3953.2747,93,53
1970-01-01 00:00:00.000000055,3949.7554,93,53
1970-01-01 00:00:00.000000056,3950.0747,93,53
1970-01-01 00:00:00.000000057,3944.3433,93,53
1970-01-01 00:00:00.000000058,3939.8206,93,53
1970-01-01 00:00:00.000000059,3949.106,93,53
1970-01-01 00:00:00.000000055,3949.7554,93,54
1970-01-01 00:00:00.000000056,3950.0747,93,54
1970-01-01 00:00:00.000000057,3944.3433,93,54
1970-01-01 00:00:00.000000058,3939.8206,93,54
1970-01-01 00:00:00.000000059,3949.106,93,54
1970-01-01 00:00:00.000000060,3936.278,93,54
1970-01-01 00:00:00.000000056,3950.0747,93,55
1970-01-01 00:00:00.000000057,3944.3433,93,55
1970-01-01 00:00:00.000000058,3939.8206,93,55
1970-01-01 00:00:00.000000059,3949.106,93,55
1970-01-01 00:00:00.000000060,3936.278,93,55
1970-01-01 00:00:00.000000061,3923.6746,93,55
1970-01-01 00:00:00.000000057,3944.3433,93,56
1970-01-01 00:00:00.000000058,3939.8206,93,56
1970-01-01 00:00:00.000000059,3949.106,93,56
1970-01-01 00:00:00.000000060,3936.278,93,56
1970-01-01 00:00:00.000000061,3923.6746,93,56
1970-01-01 00:00:00.000000062,3923.2488,93,56
1970-01-01 00:00:00.000000058,3939.8206,93,57
1970-01-01 00:00:00.000000059,3949.106,93,57
1970-01-01 00:00:00.000000060,3936.278,93,57
1970-01-01 00:00:00.000000061,3923.6746,93,57
1970-01-01 00:00:00.000000062,3923.2488,93,57
1970-01-01 00:00:00.000000063,3903.0493,93,57
1970-01-01 00:00:00.000000059,3949.106,93,58
1970-01-01 00:00:00.000000060,3936.278,93,58
1970-01-01 00:00:00.000000061,3923.6746,93,58
1970-01-01 00:00:00.000000062,3923.2488,93,58
1970-01-01 00:00:00.000000063,3903.0493,93,58
1970-01-01 00:00:00.000000064,3905.5554,93,58
1970-01-01 00:00:00.000000060,3936.278,93,59
1970-01-01 00:00:00.000000061,3923.6746,93,59
1970-01-01 00:00:00.000000062,3923.2488,93,59
1970-01-01 00:00:00.000000063,3903.0493,93,59
1970-01-01 00:00:00.000000064,3905.5554,93,59
1970-01-01 00:00:00.000000065,3900.2634,93,59
1970-01-01 00:00:00.000000061,3923.6746,93,60
1970-01-01 00:00:00.000000062,3923.2488,93,60
1970-01-01 00:00:00.000000063,3903.0493,93,60
1970-01-01 00:00:00.000000064,3905.5554,93,60
1970-01-01 00:00:00.000000065,3900.2634,93,60
1970-01-01 00:00:00.000000066,3874.304,93,60
1970-01-01 00:00:00.000000062,3923.2488,93,61
1970-01-01 00:00:00.000000063,3903.0493,93,61
1970-01-01 00:00:00.000000064,3905.5554,93,61
1970-01-01 00:00:00.000000065,3900.2634,93,61
1970-01-01 00:00:00.000000066,3874.304,93,61
1970-01-01 00:00:00.000000067,3871.6033,93,61
1970-01-01 00:00:00.000000063,3903.0493,93,62
1970-01-01 00:00:00.000000064,3905.5554,93,62
1970-01-01 00:00:00.000000065,3900.2634,93,62
1970-01-01 00:00:00.000000066,3874.304,93,62
1970-01-01 00:00:00.000000067,3871.6033,93,62
1970-01-01 00:00:00.000000068,3861.318,93,62
1970-01-01 00:00:00.000000064,3905.5554,93,63
1970-01-01 00:00:00.000000065,3900.2634,93,63
1970-01-01 00:00:00.000000066,3874.304,93,63
1970-01-01 00:00:00.000000067,3871.6033,93,63
1970-01-01 00:00:00.000000068,3861.318,93,63
1970-01-01 00:00:00.000000069,3842.9333,93,63
1970-01-01 00:00:00.000000065,3900.2634,93,64
1970-01-01 00:00:00.000000066,3874.304,93,64
1970-01-01 00:00:00.000000067,3871.6033,93,64
1970-01-01 00:00:00.000000068,3861.318,93,64
1970-01-01 00:00:00.000000069,3842.9333,93,64
1970-01-01 00:00:00.000000070,3850.5867,93,64
1970-01-01 00:00:00.000000066,3874.304,93,65
1970-01-01 00:00:00.000000067,3871.6033,93,65
1970-01-01 00:00:00.000000068,3861.318,93,65
1970-01-01 00:00:00.000000069,3842.9333,93,65
1970-01-01 00:00:00.000000070,3850.5867,93,65
1970-01-01 00:00:00.000000071,3853.4233,93,65
1970-01-01 00:00:00.000000067,3871.6033,93,66
1970-01-01 00:00:00.000000068,3861.318,93,66
1970-01-01 00:00:00.000000069,3842.9333,93,66
1970-01-01 00:00:00.000000070,3850.5867,93,66
1970-01-01 00:00:00.000000071,3853.4233,93,66
1970-01-01 00:00:00.000000072,3853.308,93,66
1970-01-01 00:00:00.000000068,3861.318,93,67
1970-01-01 00:00:00.000000069,3842.9333,93,67
1970-01-01 00:00:00.000000070,3850.5867,93,67
1970-01-01 00:00:00.000000071,3853.4233,93,67
1970-01-01 00:00:00.000000072,3853.308,93,67
1970-01-01 00:00:00.000000073,3874.828,93,67
1970-01-01 00:00:00.000000069,3842.9333,93,68
1970-01-01 00:00:00.000000070,3850.5867,93,68
1970-01-01 00:00:00.000000071,3853.4233,93,68
1970-01-01 00:00:00.000000072,3853.308,93,68
1970-01-01 00:00:00.000000073,3874.828,93,68
1970-01-01 00:00:00.000000074,3879.3086,93,68
1970-01-01 00:00:00.000000070,3850.5867,93,69
1970-01-01 00:00:00.000000071,3853.4233,93,69
1970-01-01 00:00:00.000000072,3853.308,93,69
1970-01-01 00:00:00.000000073,3874.828,93,69
1970-01-01 00:00:00.000000074,3879.3086,93,69
1970-01-01 00:00:00.000000075,3878.3894,93,69
1970-01-01 00:00:00.000000071,3853.4233,93,70
1970-01-01 00:00:00.000000072,3853.308,93,70
1970-01-01 00:00:00.000000073,3874.828,93,70
1970-01-01 00:00:00.000000074,3879.3086,93,70
1970-01-01 00:00:00.000000075,3878.3894,93,70
1970-01-01 00:00:00.000000076,3885.7126,93,70
1970-01-01 00:00:00.000000072,3853.308,93,71
1970-01-01 00:00:00.000000073,3874.828,93,71
1970-01-01 00:00:00.000000074,3879.3086,93,71
1970-01-01 00:00:00.000000075,3878.3894,93,71
1970-01-01 00:00:00.000000076,3885.7126,93,71
1970-01-01 00:00:00.000000077,3863.8032,93,71
1970-01-01 00:00:00.000000073,3874.828,93,72
1970-01-01 00:00:00.000000074,3879.3086,93,72
1970-01-01 00:00:00.000000075,3878.3894,93,72
1970-01-01 00:00:00.000000076,3885.7126,93,72
1970-01-01 00:00:00.000000077,3863.8032,93,72
1970-01-01 00:00:00.000000078,3859.708,93,72
1970-01-01 00:00:00.000000074,3879.3086,93,73
1970-01-01 00:00:00.000000075,3878.3894,93,73
1970-01-01 00:00:00.000000076,3885.7126,93,73
1970-01-01 00:00:00.000000077,3863.8032,93,73
1970-01-01 00:00:00.000000078,3859.708,93,73
1970-01-01 00:00:00.000000079,3863.6633,93,73
1970-01-01 00:00:00.000000075,3878.3894,93,74
1970-01-01 00:00:00.000000076,3885.7126,93,74
1970-01-01 00:00:00.000000077,3863.8032,93,74
1970-01-01 00:00:00.000000078,3859.708,93,74
1970-01-01 00:00:00.000000079,3863.6633,93,74
1970-01-01 00:00:00.000000080,3860.432,93,74
1970-01-01 00:00:00.000000076,3885.7126,93,75
1970-01-01 00:00:00.000000077,3863.8032,93,75
1970-01-01 00:00:00.000000078,3859.708,93,75
1970-01-01 00:00:00.000000079,3863.6633,93,75
1970-01-01 00:00:00.000000080,3860.432,93,75
1970-01-01 00:00:00.000000081,3891.906,93,75
1970-01-01 00:00:00.000000077,3863.8032,93,76
1970-01-01 00:00:00.000000078,3859.708,93,76
1970-01-01 00:00:00.000000079,3863.6633,93,76
1970-01-01 00:00:00.000000080,3860.432,93,76
1970-01-01 00:00:00.000000081,3891.906,93,76
1970-01-01 00:00:00.000000082,3905.7708,93,76
1970-01-01 00:00:00.000000078,3859.708,93,77
1970-01-01 00:00:00.000000079,3863.6633,93,77
1970-01-01 00:00:00.000000080,3860.432,93,77
1970-01-01 00:00:00.000000081,3891.906,93,77
1970-01-01 00:00:00.000000082,3905.7708,93,77
1970-01-01 00:00:00.000000083,3885.368,93,77
1970-01-01 00:00:00.000000079,3863.6633,93,78
1970-01-01 00:00:00.000000080,3860.432,93,78
1970-01-01 00:00:00.000000081,3891.906,93,78
1970-01-01 00:00:00.000000082,3905.7708,93,78
1970-01-01 00:00:00.000000083,3885.368,93,78
1970-01-01 00:00:00.000000084,3886.3008,93,78
1970-01-01 00:00:00.000000080,3860.432,93,79
1970-01-01 00:00:00.000000081,3891.906,93,79
1970-01-01 00:00:00.000000082,3905.7708,93,79
1970-01-01 00:00:00.000000083,3885.368,93,79
1970-01-01 00:00:00.000000084,3886.3008,93,79
1970-01-01 00:00:00.000000085,3879.2693,93,79
1970-01-01 00:00:00.000000081,3891.906,93,80
1970-01-01 00:00:00.000000082,3905.7708,93,80
1970-01-01 00:00:00.000000083,3885.368,93,80
1970-01-01 00:00:00.000000084,3886.3008,93,80
1970-01-01 00:00:00.000000085,3879.2693,93,80
1970-01-01 00:00:00.000000086,3873.6846,93,80
1970-01-01 00:00:00.000000082,3905.7708,93,81
1970-01-01 00:00:00.000000083,3885.368,93,81
1970-01-01 00:00:00.000000084,3886.3008,93,81
1970-01-01 00:00:00.000000085,3879.2693,93,81
1970-01-01 00:00:00.000000086,3873.6846,93,81
1970-01-01 00:00:00.000000087,3905.626,93,81
1970-01-01 00:00:00.000000083,3885.368,93,82
1970-01-01 00:00:00.000000084,3886.3008,93,82
1970-01-01 00:00:00.000000085,3879.2693,93,82
1970-01-01 00:00:00.000000086,3873.6846,93,82
1970-01-01 00:00:00.000000087,3905.626,93,82
1970-01-01 00:00:00.000000088,3909.836,93,82
1970-01-01 00:00:00.000000084,3886.3008,93,83
1970-01-01 00:00:00.000000085,3879.2693,93,83
1970-01-01 00:00:00.000000086,3873.6846,93,83
1970-01-01 00:00:00.000000087,3905.626,93,83
1970-01-01 00:00:00.000000088,3909.836,93,83
1970-01-01 00:00:00.000000089,3900.5747,93,83
1970-01-01 00:00:00.000000085,3879.2693,93,84
1970-01-01 00:00:00.000000086,3873.6846,93,84
1970-01-01 00:00:00.000000087,3905.626,93,84
1970-01-01 00:00:00.000000088,3909.836,93,84
1970-01-01 00:00:00.000000089,3900.5747,93,84
1970-01-01 00:00:00.000000090,3893.9526,93,84
1970-01-01 00:00:00.000000086,3873.6846,93,85
1970-01-01 00:00:00.000000087,3905.626,93,85
1970-01-01 00:00:00.000000088,3909.836,93,85
1970-01-01 00:00:00.000000089,3900.5747,93,85
1970-01-01 00:00:00.000000090,3893.9526,93,85
1970-01-01 00:00:00.000000091,3862.0854,93,85
1970-01-01 00:00:00.000000087,3905.626,93,86
1970-01-01 00:00:00.000000088,3909.836,93,86
1970-01-01 00:00:00.000000089,3900.5747,93,86
1970-01-01 00:00:00.000000090,3893.9526,93,86
1970-01-01 00:00:00.000000091,3862.0854,93,86
1970-01-01 00:00:00.000000092,3832.8467,93,86
1970-01-01 00:00:00.000000088,3909.836,93,87
1970-01-01 00:00:00.000000089,3900.5747,93,87
1970-01-01 00:00:00.000000090,3893.9526,93,87
1970-01-01 00:00:00.000000091,3862.0854,93,87
1970-01-01 00:00:00.000000092,3832.8467,93,87
1970-01-01 00:00:00.000000093,3814.096,93,87
1970-01-01 00:00:00.000000089,3900.5747,93,88
1970-01-01 00:00:00.000000090,3893.9526,93,88
1970-01-01 00:00:00.000000091,3862.0854,93,88
1970-01-01 00:00:00.000000092,3832.8467,93,88
1970-01-01 00:00:00.000000093,3814.096,93,88
1970-01-01 00:00:00.000000094,3788.4126,93,88
1970-01-01 00:00:00.000000090,3893.9526,93,89
1970-01-01 00:00:00.000000091,3862.0854,93,89
1970-01-01 00:00:00.000000092,3832.8467,93,89
1970-01-01 00:00:00.000000093,3814.096,93,89
1970-01-01 00:00:00.000000094,3788.4126,93,89
1970-01-01 00:00:00.000000095,3780.5793,93,89
1970-01-01 00:00:00.000000091,3862.0854,93,90
1970-01-01 00:00:00.000000092,3832.8467,93,90
1970-01-01 00:00:00.000000093,3814.096,93,90
1970-01-01 00:00:00.000000094,3788.4126,93,90
1970-01-01 00:00:00.000000095,3780.5793,93,90
1970-01-01 00:00:00.000000096,3790.93,93,90
1970-01-01 00:00:00.000000092,3832.8467,93,91
1970-01-01 00:00:00.000000093,3814.096,93,91
1970-01-01 00:00:00.000000094,3788.4126,93,91
1970-01-01 00:00:00.000000095,3780.5793,93,91
1970-01-01 00:00:00.000000096,3790.93,93,91
1970-01-01 00:00:00.000000097,3798.7573,93,91
1970-01-01 00:00:00.000000093,3814.096,93,92
1970-01-01 00:00:00.000000094,3788.4126,93,92
1970-01-01 00:00:00.000000095,3780.5793,93,92
1970-01-01 00:00:00.000000096,3790.93,93,92
1970-01-01 00:00:00.000000097,3798.7573,93,92
1970-01-01 00:00:00.000000098,3821.508,93,92
1970-01-01 00:00:00.000000094,3788.4126,93,93
1970-01-01 00:00:00.000000095,3780.5793,93,93
1970-01-01 00:00:00.000000096,3790.93,93,93
1970-01-01 00:00:00.000000097,3798.7573,93,93
1970-01-01 00:00:00.000000098,3821.508,93,93
1970-01-01 00:00:00.000000099,3844.0774,93,93
1970-01-01 00:00:00.000000095,3780.5793,93,94
1970-01-01 00:00:00.000000096,3790.93,93,94
1970-01-01 00:00:00.000000097,3798.7573,93,94
1970-01-01 00:00:00.000000098,3821.508,93,94
1970-01-01 00:00:00.000000099,3844.0774,93,94
1970-01-01 00:00:00.000000100,3845.974,93,94
1970-01-01 00:00:00.000000096,3790.93,93,95
1970-01-01 00:00:00.000000097,3798.7573,93,95
1970-01-01 00:00:00.000000098,3821.508,93,95
1970-01-01 00:00:00.000000099,3844.0774,93,95
1970-01-01 00:00:00.000000100,3845.974,93,95
1970-01-01 00:00:00.000000101,3855.19,93,95
1970-01-01 00:00:00.000000097,3798.7573,93,96
1970-01-01 00:00:00.000000098,3821.508,93,96
1970-01-01 00:00:00.000000099,3844.0774,93,96
1970-01-01 00:00:00.000000100,3845.974,93,96
1970-01-01 00:00:00.000000101,3855.19,93,96
1970-01-01 00:00:00.000000102,3853.3767,93,96
1970-01-01 00:00:00.000000098,3821.508,93,97
1970-01-01 00:00:00.000000099,3844.0774,93,97
1970-01-01 00:00:00.000000100,3845.974,93,97
1970-01-01 00:00:00.000000101,3855.19,93,97
1970-01-01 00:00:00.000000102,3853.3767,93,97
1970-01-01 00:00:00.000000103,3834.2654,93,97
1970-01-01 00:00:00.000000099,3844.0774,93,98
1970-01-01 00:00:00.000000100,3845.974,93,98
1970-01-01 00:00:00.000000101,3855.19,93,98
1970-01-01 00:00:00.000000102,3853.3767,93,98
1970-01-01 00:00:00.000000103,3834.2654,93,98
1970-01-01 00:00:00.000000104,3840.0793,93,98
1970-01-01 00:00:00.000000100,3845.974,93,99
1970-01-01 00:00:00.000000101,3855.19,93,99
1970-01-01 00:00:00.000000102,3853.3767,93,99
1970-01-01 00:00:00.000000103,3834.2654,93,99
1970-01-01 00:00:00.000000104,3840.0793,93,99
1970-01-01 00:00:00.000000105,3836.7273,93,99
1970-01-01 00:00:00.000000101,3855.19,93,100
1970-01-01 00:00:00.000000102,3853.3767,93,100
1970-01-01 00:00:00.000000103,3834.2654,93,100
1970-01-01 00:00:00.000000104,3840.0793,93,100
1970-01-01 00:00:00.000000105,3836.7273,93,100
1970-01-01 00:00:00.000000106,3832.312,93,100
1970-01-01 00:00:00.000000102,3853.3767,93,101
1970-01-01 00:00:00.000000103,3834.2654,93,101
1970-01-01 00:00:00.000000104,3840.0793,93,101
1970-01-01 00:00:00.000000105,3836.7273,93,101
1970-01-01 00:00:00.000000106,3832.312,93,101
1970-01-01 00:00:00.000000107,3848.3633,93,101
1970-01-01 00:00:00.000000103,3834.2654,93,102
1970-01-01 00:00:00.000000104,3840.0793,93,102
1970-01-01 00:00:00.000000105,3836.7273,93,102
1970-01-01 00:00:00.000000106,3832.312,93,102
1970-01-01 00:00:00.000000107,3848.3633,93,102
1970-01-01 00:00:00.000000108,3843.71,93,102
1970-01-01 00:00:00.000000104,3840.0793,93,103
1970-01-01 00:00:00.000000105,3836.7273,93,103
1970-01-01 00:00:00.000000106,3832.312,93,103
1970-01-01 00:00:00.000000107,3848.3633,93,103
1970-01-01 00:00:00.000000108,3843.71,93,103
1970-01-01 00:00:00.000000109,3844.634,93,103
1970-01-01 00:00:00.000000105,3836.7273,93,104
1970-01-01 00:00:00.000000106,3832.312,93,104
1970-01-01 00:00:00.000000107,3848.3633,93,104
1970-01-01 00:00:00.000000108,3843.71,93,104
1970-01-01 00:00:00.000000109,3844.634,93,104
1970-01-01 00:00:00.000000110,3856.578,93,104
1970-01-01 00:00:00.000000106,3832.312,93,105
1970-01-01 00:00:00.000000107,3848.3633,93,105
1970-01-01 00:00:00.000000108,3843.71,93,105
1970-01-01 00:00:00.000000109,3844.634,93,105
1970-01-01 00:00:00.000000110,3856.578,93,105
1970-01-01 00:00:00.000000111,3846.434,93,105
1970-01-01 00:00:00.000000107,3848.3633,93,106
1970-01-01 00:00:00.000000108,3843.71,93,106
1970-01-01 00:00:00.000000109,3844.634,93,106
1970-01-01 00:00:00.000000110,3856.578,93,106
1970-01-01 00:00:00.000000111,3846.434,93,106
1970-01-01 00:00:00.000000112,3849.2773,93,106
1970-01-01 00:00:00.000000108,3843.71,93,107
1970-01-01 00:00:00.000000109,3844.634,93,107
1970-01-01 00:00:00.000000110,3856.578,93,107
1970-01-01 00:00:00.000000111,3846.434,93,107
1970-01-01 00:00:00.000000112,3849.2773,93,107
1970-01-01 00:00:00.000000113,3852.3547,93,107
1970-01-01 00:00:00.000000109,3844.634,93,108
1970-01-01 00:00:00.000000110,3856.578,93,108
1970-01-01 00:00:00.000000111,3846.434,93,108
1970-01-01 00:00:00.000000112,3849.2773,93,108
1970-01-01 00:00:00.000000113,3852.3547,93,108
1970-01-01 00:00:00.000000114,3834.0127,93,108
1970-01-01 00:00:00.000000110,3856.578,93,109
1970-01-01 00:00:00.000000111,3846.434,93,109
1970-01-01 00:00:00.000000112,3849.2773,93,109
1970-01-01 00:00:00.000000113,3852.3547,93,109
1970-01-01 00:00:00.000000114,3834.0127,93,109
1970-01-01 00:00:00.000000115,3840.7007,93,109
1970-01-01 00:00:00.000000111,3846.434,93,110
1970-01-01 00:00:00.000000112,3849.2773,93,110
1970-01-01 00:00:00.000000113,3852.3547,93,110
1970-01-01 00:00:00.000000114,3834.0127,93,110
1970-01-01 00:00:00.000000115,3840.7007,93,110
1970-01-01 00:00:00.000000116,3846.4407,93,110
1970-01-01 00:00:00.000000112,3849.2773,93,111
1970-01-01 00:00:00.000000113,3852.3547,93,111
1970-01-01 00:00:00.000000114,3834.0127,93,111
1970-01-01 00:00:00.000000115,3840.7007,93,111
1970-01-01 00:00:00.000000116,3846.4407,93,111
1970-01-01 00:00:00.000000117,3832.7207,93,111
1970-01-01 00:00:00.000000113,3852.3547,93,112
1970-01-01 00:00:00.000000114,3834.0127,93,112
1970-01-01 00:00:00.000000115,3840.7007,93,112
1970-01-01 00:00:00.000000116,3846.4407,93,112
1970-01-01 00:00:00.000000117,3832.7207,93,112
1970-01-01 00:00:00.000000118,3838.0854,93,112
1970-01-01 00:00:00.000000114,3834.0127,93,113
1970-01-01 00:00:00.000000115,3840.7007,93,113
1970-01-01 00:00:00.000000116,3846.4407,93,113
1970-01-01 00:00:00.000000117,3832.7207,93,113
1970-01-01 00:00:00.000000118,3838.0854,93,113
1970-01-01 00:00:00.000000119,3827.592,93,113
1970-01-01 00:00:00.000000115,3840.7007,93,114
1970-01-01 00:00:00.000000116,3846.4407,93,114
1970-01-01 00:00:00.000000117,3832.7207,93,114
1970-01-01 00:00:00.000000118,3838.0854,93,114
1970-01-01 00:00:00.000000119,3827.592,93,114
1970-01-01 00:00:00.000000120,3795.1567,93,114
1970-01-01 00:00:00.000000116,3846.4407,93,115
1970-01-01 00:00:00.000000117,3832.7207,93,115
1970-01-01 00:00:00.000000118,3838.0854,93,115
1970-01-01 00:00:00.000000119,3827.592,93,115
1970-01-01 00:00:00.000000120,3795.1567,93,115
1970-01-01 00:00:00.000000121,3778.5693,93,115
1970-01-01 00:00:00.000000117,3832.7207,93,116
1970-01-01 00:00:00.000000118,3838.0854,93,116
1970-01-01 00:00:00.000000119,3827.592,93,116
1970-01-01 00:00:00.000000120,3795.1567,93,116
1970-01-01 00:00:00.000000121,3778.5693,93,116
1970-01-01 00:00:00.000000122,3756.0566,93,116
1970-01-01 00:00:00.000000118,3838.0854,93,117
1970-01-01 00:00:00.000000119,3827.592,93,117
1970-01-01 00:00:00.000000120,3795.1567,93,117
1970-01-01 00:00:00.000000121,3778.5693,93,117
1970-01-01 00:00:00.000000122,3756.0566,93,117
1970-01-01 00:00:00.000000123,3733.0447,93,117
1970-01-01 00:00:00.000000119,3827.592,93,118
1970-01-01 00:00:00.000000120,3795.1567,93,118
1970-01-01 00:00:00.000000121,3778.5693,93,118
1970-01-01 00:00:00.000000122,3756.0566,93,118
1970-01-01 00:00:00.000000123,3733.0447,93,118
1970-01-01 00:00:00.000000124,3736.2874,93,118
1970-01-01 00:00:00.000000120,3795.1567,93,119
1970-01-01 00:00:00.000000121,3778.5693,93,119
1970-01-01 00:00:00.000000122,3756.0566,93,119
1970-01-01 00:00:00.000000123,3733.0447,93,119
1970-01-01 00:00:00.000000124,3736.2874,93,119
1970-01-01 00:00:00.000000125,3740.736,93,119
1970-01-01 00:00:00.000000121,3778.5693,93,120
1970-01-01 00:00:00.000000122,3756.0566,93,120
1970-01-01 00:00:00.000000123,3733.0447,93,120
1970-01-01 00:00:00.000000124,3736.2874,93,120
1970-01-01 00:00:00.000000125,3740.736,93,120
1970-01-01 00:00:00.000000126,3738.8513,93,120
1970-01-01 00:00:00.000000122,3756.0566,93,121
1970-01-01 00:00:00.000000123,3733.0447,93,121
1970-01-01 00:00:00.000000124,3736.2874,93,121
1970-01-01 00:00:00.000000125,3740.736,93,121
1970-01-01 00:00:00.000000126,3738.8513,93,121
1970-01-01 00:00:00.000000127,3751.2053,93,121
1970-01-01 00:00:00.000000123,3733.0447,93,122
1970-01-01 00:00:00.000000124,3736.2874,93,122
1970-01-01 00:00:00.000000125,3740.736,93,122
1970-01-01 00:00:00.000000126,3738.8513,93,122
1970-01-01 00:00:00.000000127,3751.2053,93,122
1970-01-01 00:00:00.000000128,3744.1306,93,122
1970-01-01 00:00:00.000000124,3736.2874,93,123
1970-01-01 00:00:00.000000125,3740.736,93,123
1970-01-01 00:00:00.000000126,3738.8513,93,123
1970-01-01 00:00:00.000000127,3751.2053,93,123
1970-01-01 00:00:00.000000128,3744.1306,93,123
1970-01-01 00:00:00.000000129,3740.5574,93,123
1970-01-01 00:00:00.000000125,3740.736,93,124
1970-01-01 00:00:00.000000126,3738.8513,93,124
1970-01-01 00:00:00.000000127,3751.2053,93,124
1970-01-01 00:00:00.000000128,3744.1306,93,124
1970-01-01 00:00:00.000000129,3740.5574,93,124
1970-01-01 00:00:00.000000130,3753.404,93,124
1970-01-01 00:00:00.000000126,3738.8513,93,125
1970-01-01 00:00:00.000000127,3751.2053,93,125
1970-01-01 00:00:00.000000128,3744.1306,93,125
1970-01-01 00:00:00.000000129,3740.5574,93,125
1970-01-01 00:00:00.000000130,3753.404,93,125
1970-01-01 00:00:00.000000131,3749.752,93,125
1970-01-01 00:00:00.000000127,3751.2053,93,126
1970-01-01 00:00:00.000000128,3744.1306,93,126
1970-01-01 00:00:00.000000129,3740.5574,93,126
1970-01-01 00:00:00.000000130,3753.404,93,126
1970-01-01 00:00:00.000000131,3749.752,93,126
1970-01-01 00:00:00.000000132,3771.324,93,126
1970-01-01 00:00:00.000000128,3744.1306,93,127
1970-01-01 00:00:00.000000129,3740.5574,93,127
1970-01-01 00:00:00.000000130,3753.404,93,127
1970-01-01 00:00:00.000000131,3749.752,93,127
1970-01-01 00:00:00.000000132,3771.324,93,127
1970-01-01 00:00:00.000000133,3791.8413,93,127
1970-01-01 00:00:00.000000129,3740.5574,93,128
1970-01-01 00:00:00.000000130,3753.404,93,128
1970-01-01 00:00:00.000000131,3749.752,93,128
1970-01-01 00:00:00.000000132,3771.324,93,128
1970-01-01 00:00:00.000000133,3791.8413,93,128
1970-01-01 00:00:00.000000134,3794.496,93,128
1970-01-01 00:00:00.000000130,3753.404,93,129
1970-01-01 00:00:00.000000131,3749.752,93,129
1970-01-01 00:00:00.000000132,3771.324,93,129
1970-01-01 00:00:00.000000133,3791.8413,93,129
1970-01-01 00:00:00.000000134,3794.496,93,129
1970-01-01 00:00:00.000000135,3807.7908,93,129
1970-01-01 00:00:00.000000131,3749.752,93,130
1970-01-01 00:00:00.000000132,3771.324,93,130
1970-01-01 00:00:00.000000133,3791.8413,93,130
1970-01-01 00:00:00.000000134,3794.496,93,130
1970-01-01 00:00:00.000000135,3807.7908,93,130
1970-01-01 00:00:00.000000136,3814.394,93,130
1970-01-01 00:00:00.000000132,3771.324,93,131
1970-01-01 00:00:00.000000133,3791.8413,93,131
1970-01-01 00:00:00.000000134,3794.496,93,131
1970-01-01 00:00:00.000000135,3807.7908,93,131
1970-01-01 00:00:00.000000136,3814.394,93,131
1970-01-01 00:00:00.000000137,3815.1394,93,131
1970-01-01 00:00:00.000000133,3791.8413,93,132
1970-01-01 00:00:00.000000134,3794.496,93,132
1970-01-01 00:00:00.000000135,3807.7908,93,132
1970-01-01 00:00:00.000000136,3814.394,93,132
1970-01-01 00:00:00.000000137,3815.1394,93,132
1970-01-01 00:00:00.000000138,3824.946,93,132
1970-01-01 00:00:00.000000134,3794.496,93,133
1970-01-01 00:00:00.000000135,3807.7908,93,133
1970-01-01 00:00:00.000000136,3814.394,93,133
1970-01-01 00:00:00.000000137,3815.1394,93,133
1970-01-01 00:00:00.000000138,3824.946,93,133
1970-01-01 00:00:00.000000139,3821.3452,93,133
1970-01-01 00:00:00.000000135,3807.7908,93,134
1970-01-01 00:00:00.000000136,3814.394,93,134
1970-01-01 00:00:00.000000137,3815.1394,93,134
1970-01-01 00:00:00.000000138,3824.946,93,134
1970-01-01 00:00:00.000000139,3821.3452,93,134
1970-01-01 00:00:00.000000140,3805.9048,93,134
1970-01-01 00:00:00.000000136,3814.394,93,135
1970-01-01 00:00:00.000000137,3815.1394,93,135
1970-01-01 00:00:00.000000138,3824.946,93,135
1970-01-01 00:00:00.000000139,3821.3452,93,135
1970-01-01 00:00:00.000000140,3805.9048,93,135
1970-01-01 00:00:00.000000141,3793.1873,93,135
1970-01-01 00:00:00.000000137,3815.1394,93,136
1970-01-01 00:00:00.000000138,3824.946,93,136
1970-01-01 00:00:00.000000139,3821.3452,93,136
1970-01-01 00:00:00.000000140,3805.9048,93,136
1970-01-01 00:00:00.000000141,3793.1873,93,136
1970-01-01 00:00:00.000000142,3782.0393,93,136
1970-01-01 00:00:00.000000138,3824.946,93,137
1970-01-01 00:00:00.000000139,3821.3452,93,137
1970-01-01 00:00:00.000000140,3805.9048,93,137
1970-01-01 00:00:00.000000141,3793.1873,93,137
1970-01-01 00:00:00.000000142,3782.0393,93,137
1970-01-01 00:00:00.000000143,3773.7927,93,137
1970-01-01 00:00:00.000000139,3821.3452,93,138
1970-01-01 00:00:00.000000140,3805.9048,93,138
1970-01-01 00:00:00.000000141,3793.1873,93,138
1970-01-01 00:00:00.000000142,3782.0393,93,138
1970-01-01 00:00:00.000000143,3773.7927,93,138
1970-01-01 00:00:00.000000144,3773.908,93,138
1970-01-01 00:00:00.000000140,3805.9048,93,139
1970-01-01 00:00:00.000000141,3793.1873,93,139
1970-01-01 00:00:00.000000142,3782.0393,93,139
1970-01-01 00:00:00.000000143,3773.7927,93,139
1970-01-01 00:00:00.000000144,3773.908,93,139
1970-01-01 00:00:00.000000145,3759.8674,93,139
1970-01-01 00:00:00.000000141,3793.1873,93,140
1970-01-01 00:00:00.000000142,3782.0393,93,140
1970-01-01 00:00:00.000000143,3773.7927,93,140
1970-01-01 00:00:00.000000144,3773.908,93,140
1970-01-01 00:00:00.000000145,3759.8674,93,140
1970-01-01 00:00:00.000000146,3751.098,93,140
1970-01-01 00:00:00.000000142,3782.0393,93,141
1970-01-01 00:00:00.000000143,3773.7927,93,141
1970-01-01 00:00:00.000000144,3773.908,93,141
1970-01-01 00:00:00.000000145,3759.8674,93,141
1970-01-01 00:00:00.000000146,3751.098,93,141
1970-01-01 00:00:00.000000147,3754.6152,93,141
1970-01-01 00:00:00.000000143,3773.7927,93,142
1970-01-01 00:00:00.000000144,3773.908,93,142
1970-01-01 00:00:00.000000145,3759.8674,93,142
1970-01-01 00:00:00.000000146,3751.098,93,142
1970-01-01 00:00:00.000000147,3754.6152,93,142
1970-01-01 00:00:00.000000148,3744.038,93,142
1970-01-01 00:00:00.000000144,3773.908,93,143
1970-01-01 00:00:00.000000145,3759.8674,93,143
1970-01-01 00:00:00.000000146,3751.098,93,143
1970-01-01 00:00:00.000000147,3754.6152,93,143
1970-01-01 00:00:00.000000148,3744.038,93,143
1970-01-01 00:00:00.000000149,3755.796,93,143
1970-01-01 00:00:00.000000145,3759.8674,93,144
1970-01-01 00:00:00.000000146,3751.098,93,144
1970-01-01 00:00:00.000000147,3754.6152,93,144
1970-01-01 00:00:00.000000148,3744.038,93,144
1970-01-01 00:00:00.000000149,3755.796,93,144
1970-01-01 00:00:00.000000150,3767.152,93,144
1970-01-01 00:00:00.000000146,3751.098,93,145
1970-01-01 00:00:00.000000147,3754.6152,93,145
1970-01-01 00:00:00.000000148,3744.038,93,145
1970-01-01 00:00:00.000000149,3755.796,93,145
1970-01-01 00:00:00.000000150,3767.152,93,145
1970-01-01 00:00:00.000000151,3760.6526,93,145
1970-01-01 00:00:00.000000147,3754.6152,93,146
1970-01-01 00:00:00.000000148,3744.038,93,146
1970-01-01 00:00:00.000000149,3755.796,93,146
1970-01-01 00:00:00.000000150,3767.152,93,146
1970-01-01 00:00:00.000000151,3760.6526,93,146
1970-01-01 00:00:00.000000152,3776.0986,93,146
1970-01-01 00:00:00.000000148,3744.038,93,147
1970-01-01 00:00:00.000000149,3755.796,93,147
1970-01-01 00:00:00.000000150,3767.152,93,147
1970-01-01 00:00:00.000000151,3760.6526,93,147
1970-01-01 00:00:00.000000152,3776.0986,93,147
1970-01-01 00:00:00.000000153,3774.0474,93,147
1970-01-01 00:00:00.000000149,3755.796,93,148
1970-01-01 00:00:00.000000150,3767.152,93,148
1970-01-01 00:00:00.000000151,3760.6526,93,148
1970-01-01 00:00:00.000000152,3776.0986,93,148
1970-01-01 00:00:00.000000153,3774.0474,93,148
1970-01-01 00:00:00.000000154,3762.6472,93,148
1970-01-01 00:00:00.000000150,3767.152,93,149
1970-01-01 00:00:00.000000151,3760.6526,93,149
1970-01-01 00:00:00.000000152,3776.0986,93,149
1970-01-01 00:00:00.000000153,3774.0474,93,149
1970-01-01 00:00:00.000000154,3762.6472,93,149
1970-01-01 00:00:00.000000155,3781.1233,93,149
1970-01-01 00:00:00.000000151,3760.6526,93,150
1970-01-01 00:00:00.000000152,3776.0986,93,150
1970-01-01 00:00:00.000000153,3774.0474,93,150
1970-01-01 00:00:00.000000154,3762.6472,93,150
1970-01-01 00:00:00.000000155,3781.1233,93,150
1970-01-01 00:00:00.000000156,3779.3967,93,150
1970-01-01 00:00:00.000000152,3776.0986,93,151
1970-01-01 00:00:00.000000153,3774.0474,93,151
1970-01-01 00:00:00.000000154,3762.6472,93,151
1970-01-01 00:00:00.000000155,3781.1233,93,151
1970-01-01 00:00:00.000000156,3779.3967,93,151
1970-01-01 00:00:00.000000157,3780.514,93,151
1970-01-01 00:00:00.000000153,3774.0474,93,152
1970-01-01 00:00:00.000000154,3762.6472,93,152
1970-01-01 00:00:00.000000155,3781.1233,93,152
1970-01-01 00:00:00.000000156,3779.3967,93,152
1970-01-01 00:00:00.000000157,3780.514,93,152
1970-01-01 00:00:00.000000158,3801.452,93,152
1970-01-01 00:00:00.000000154,3762.6472,93,153
1970-01-01 00:00:00.000000155,3781.1233,93,153
1970-01-01 00:00:00.000000156,3779.3967,93,153
1970-01-01 00:00:00.000000157,3780.514,93,153
1970-01-01 00:00:00.000000158,3801.452,93,153
1970-01-01 00:00:00.000000159,3786.77,93,153
1970-01-01 00:00:00.000000155,3781.1233,93,154
1970-01-01 00:00:00.000000156,3779.3967,93,154
1970-01-01 00:00:00.000000157,3780.514,93,154
1970-01-01 00:00:00.000000158,3801.452,93,154
1970-01-01 00:00:00.000000159,3786.77,93,154
1970-01-01 00:00:00.000000160,3773.66,93,154
1970-01-01 00:00:00.000000156,3779.3967,93,155
1970-01-01 00:00:00.000000157,3780.514,93,155
1970-01-01 00:00:00.000000158,3801.452,93,155
1970-01-01 00:00:00.000000159,3786.77,93,155
1970-01-01 00:00:00.000000160,3773.66,93,155
1970-01-01 00:00:00.000000161,3774.3826,93,155
1970-01-01 00:00:00.000000157,3780.514,93,156
1970-01-01 00:00:00.000000158,3801.452,93,156
1970-01-01 00:00:00.000000159,3786.77,93,156
1970-01-01 00:00:00.000000160,3773.66,93,156
1970-01-01 00:00:00.000000161,3774.3826,93,156
1970-01-01 00:00:00.000000162,3750.2273,93,156
1970-01-01 00:00:00.000000158,3801.452,93,157
1970-01-01 00:00:00.000000159,3786.77,93,157
1970-01-01 00:00:00.000000160,3773.66,93,157
1970-01-01 00:00:00.000000161,3774.3826,93,157
1970-01-01 00:00:00.000000162,3750.2273,93,157
1970-01-01 00:00:00.000000163,3740.002,93,157
1970-01-01 00:00:00.000000159,3786.77,93,158
1970-01-01 00:00:00.000000160,3773.66,93,158
1970-01-01 00:00:00.000000161,3774.3826,93,158
1970-01-01 00:00:00.000000162,3750.2273,93,158
1970-01-01 00:00:00.000000163,3740.002,93,158
1970-01-01 00:00:00.000000164,3736.48,93,158
1970-01-01 00:00:00.000000160,3773.66,93,159
1970-01-01 00:00:00.000000161,3774.3826,93,159
1970-01-01 00:00:00.000000162,3750.2273,93,159
1970-01-01 00:00:00.000000163,3740.002,93,159
1970-01-01 00:00:00.000000164,3736.48,93,159
1970-01-01 00:00:00.000000165,3723.524,93,159
1970-01-01 00:00:00.000000161,3774.3826,93,160
1970-01-01 00:00:00.000000162,3750.2273,93,160
1970-01-01 00:00:00.000000163,3740.002,93,160
1970-01-01 00:00:00.000000164,3736.48,93,160
1970-01-01 00:00:00.000000165,3723.524,93,160
1970-01-01 00:00:00.000000166,3728.5747,93,160
1970-01-01 00:00:00.000000162,3750.2273,93,161
1970-01-01 00:00:00.000000163,3740.002,93,161
1970-01-01 00:00:00.000000164,3736.48,93,161
1970-01-01 00:00:00.000000165,3723.524,93,161
1970-01-01 00:00:00.000000166,3728.5747,93,161
1970-01-01 00:00:00.000000167,3736.882,93,161
1970-01-01 00:00:00.000000163,3740.002,93,162
1970-01-01 00:00:00.000000164,3736.48,93,162
1970-01-01 00:00:00.000000165,3723.524,93,162
1970-01-01 00:00:00.000000166,3728.5747,93,162
1970-01-01 00:00:00.000000167,3736.882,93,162
1970-01-01 00:00:00.000000168,3741.524,93,162
1970-01-01 00:00:00.000000164,3736.48,93,163
1970-01-01 00:00:00.000000165,3723.524,93,163
1970-01-01 00:00:00.000000166,3728.5747,93,163
1970-01-01 00:00:00.000000167,3736.882,93,163
1970-01-01 00:00:00.000000168,3741.524,93,163
1970-01-01 00:00:00.000000169,3754.3494,93,163
1970-01-01 00:00:00.000000165,3723.524,93,164
1970-01-01 00:00:00.000000166,3728.5747,93,164
1970-01-01 00:00:00.000000167,3736.882,93,164
1970-01-01 00:00:00.000000168,3741.524,93,164
1970-01-01 00:00:00.000000169,3754.3494,93,164
1970-01-01 00:00:00.000000170,3760.176,93,164
1970-01-01 00:00:00.000000166,3728.5747,93,165
1970-01-01 00:00:00.000000167,3736.882,93,165
1970-01-01 00:00:00.000000168,3741.524,93,165
1970-01-01 00:00:00.000000169,3754.3494,93,165
1970-01-01 00:00:00.000000170,3760.176,93,165
1970-01-01 00:00:00.000000171,3760.492,93,165
1970-01-01 00:00:00.000000167,3736.882,93,166
1970-01-01 00:00:00.000000168,3741.524,93,166
1970-01-01 00:00:00.000000169,3754.3494,93,166
1970-01-01 00:00:00.000000170,3760.176,93,166
1970-01-01 00:00:00.000000171,3760.492,93,166
1970-01-01 00:00:00.000000172,3773.362,93,166
1970-01-01 00:00:00.000000168,3741.524,93,167
1970-01-01 00:00:00.000000169,3754.3494,93,167
1970-01-01 00:00:00.000000170,3760.176,93,167
1970-01-01 00:00:00.000000171,3760.492,93,167
1970-01-01 00:00:00.000000172,3773.362,93,167
1970-01-01 00:00:00.000000173,3777.474,93,167
1970-01-01 00:00:00.000000169,3754.3494,93,168
1970-01-01 00:00:00.000000170,3760.176,93,168
1970-01-01 00:00:00.000000171,3760.492,93,168
1970-01-01 00:00:00.000000172,3773.362,93,168
1970-01-01 00:00:00.000000173,3777.474,93,168
1970-01-01 00:00:00.000000174,3769.2634,93,168
1970-01-01 00:00:00.000000170,3760.176,93,169
1970-01-01 00:00:00.000000171,3760.492,93,169
1970-01-01 00:00:00.000000172,3773.362,93,169
1970-01-01 00:00:00.000000173,3777.474,93,169
1970-01-01 00:00:00.000000174,3769.2634,93,169
1970-01-01 00:00:00.000000175,3775.514,93,169
1970-01-01 00:00:00.000000171,3760.492,93,170
1970-01-01 00:00:00.000000172,3773.362,93,170
1970-01-01 00:00:00.000000173,3777.474,93,170
1970-01-01 00:00:00.000000174,3769.2634,93,170
1970-01-01 00:00:00.000000175,3775.514,93,170
1970-01-01 00:00:00.000000176,3763.6694,93,170
1970-01-01 00:00:00.000000172,3773.362,93,171
1970-01-01 00:00:00.000000173,3777.474,93,171
1970-01-01 00:00:00.000000174,3769.2634,93,171
1970-01-01 00:00:00.000000175,3775.514,93,171
1970-01-01 00:00:00.000000176,3763.6694,93,171
1970-01-01 00:00:00.000000177,3746.874,93,171
1970-01-01 00:00:00.000000173,3777.474,93,172
1970-01-01 00:00:00.000000174,3769.2634,93,172
1970-01-01 00:00:00.000000175,3775.514,93,172
1970-01-01 00:00:00.000000176,3763.6694,93,172
1970-01-01 00:00:00.000000177,3746.874,93,172
1970-01-01 00:00:00.000000178,3761.0867,93,172
1970-01-01 00:00:00.000000174,3769.2634,93,173
1970-01-01 00:00:00.000000175,3775.514,93,173
1970-01-01 00:00:00.000000176,3763.6694,93,173
1970-01-01 00:00:00.000000177,3746.874,93,173
1970-01-01 00:00:00.000000178,3761.0867,93,173
1970-01-01 00:00:00.000000179,3757.864,93,173
1970-01-01 00:00:00.000000175,3775.514,93,174
1970-01-01 00:00:00.000000176,3763.6694,93,174
1970-01-01 00:00:00.000000177,3746.874,93,174
1970-01-01 00:00:00.000000178,3761.0867,93,174
1970-01-01 00:00:00.000000179,3757.864,93,174
1970-01-01 00:00:00.000000180,3762.1187,93,174
1970-01-01 00:00:00.000000176,3763.6694,93,175
1970-01-01 00:00:00.000000177,3746.874,93,175
1970-01-01 00:00:00.000000178,3761.0867,93,175
1970-01-01 00:00:00.000000179,3757.864,93,175
1970-01-01 00:00:00.000000180,3762.1187,93,175
1970-01-01 00:00:00.000000181,3782.1946,93,175
1970-01-01 00:00:00.000000177,3746.874,93,176
1970-01-01 00:00:00.000000178,3761.0867,93,176
1970-01-01 00:00:00.000000179,3757.864,93,176
1970-01-01 00:00:00.000000180,3762.1187,93,176
1970-01-01 00:00:00.000000181,3782.1946,93,176
1970-01-01 00:00:00.000000182,3769.9187,93,176
1970-01-01 00:00:00.000000178,3761.0867,93,177
1970-01-01 00:00:00.000000179,3757.864,93,177
1970-01-01 00:00:00.000000180,3762.1187,93,177
1970-01-01 00:00:00.000000181,3782.1946,93,177
1970-01-01 00:00:00.000000182,3769.9187,93,177
1970-01-01 00:00:00.000000183,3772.7234,93,177
1970-01-01 00:00:00.000000179,3757.864,93,178
1970-01-01 00:00:00.000000180,3762.1187,93,178
1970-01-01 00:00:00.000000181,3782.1946,93,178
1970-01-01 00:00:00.000000182,3769.9187,93,178
1970-01-01 00:00:00.000000183,3772.7234,93,178
1970-01-01 00:00:00.000000184,3779.276,93,178
1970-01-01 00:00:00.000000180,3762.1187,93,179
1970-01-01 00:00:00.000000181,3782.1946,93,179
1970-01-01 00:00:00.000000182,3769.9187,93,179
1970-01-01 00:00:00.000000183,3772.7234,93,179
1970-01-01 00:00:00.000000184,3779.276,93,179
1970-01-01 00:00:00.000000185,3779.8547,93,179
1970-01-01 00:00:00.000000181,3782.1946,93,180
1970-01-01 00:00:00.000000182,3769.9187,93,180
1970-01-01 00:00:00.000000183,3772.7234,93,180
1970-01-01 00:00:00.000000184,3779.276,93,180
1970-01-01 00:00:00.000000185,3779.8547,93,180
1970-01-01 00:00:00.000000186,3809.7407,93,180
1970-01-01 00:00:00.000000182,3769.9187,93,181
1970-01-01 00:00:00.000000183,3772.7234,93,181
1970-01-01 00:00:00.000000184,3779.276,93,181
1970-01-01 00:00:00.000000185,3779.8547,93,181
1970-01-01 00:00:00.000000186,3809.7407,93,181
1970-01-01 00:00:00.000000187,3826.19,93,181
1970-01-01 00:00:00.000000183,3772.7234,93,182
1970-01-01 00:00:00.000000184,3779.276,93,182
1970-01-01 00:00:00.000000185,3779.8547,93,182
1970-01-01 00:00:00.000000186,3809.7407,93,182
1970-01-01 00:00:00.000000187,3826.19,93,182
1970-01-01 00:00:00.000000188,3822.072,93,182
1970-01-01 00:00:00.000000184,3779.276,93,183
1970-01-01 00:00:00.000000185,3779.8547,93,183
1970-01-01 00:00:00.000000186,3809.7407,93,183
1970-01-01 00:00:00.000000187,3826.19,93,183
1970-01-01 00:00:00.000000188,3822.072,93,183
1970-01-01 00:00:00.000000189,3828.5347,93,183
1970-01-01 00:00:00.000000185,3779.8547,93,184
1970-01-01 00:00:00.000000186,3809.7407,93,184
1970-01-01 00:00:00.000000187,3826.19,93,184
1970-01-01 00:00:00.000000188,3822.072,93,184
1970-01-01 00:00:00.000000189,3828.5347,93,184
1970-01-01 00:00:00.000000190,3824.5107,93,184
1970-01-01 00:00:00.000000186,3809.7407,93,185
1970-01-01 00:00:00.000000187,3826.19,93,185
1970-01-01 00:00:00.000000188,3822.072,93,185
1970-01-01 00:00:00.000000189,3828.5347,93,185
1970-01-01 00:00:00.000000190,3824.5107,93,185
1970-01-01 00:00:00.000000191,3822.6013,93,185
1970-01-01 00:00:00.000000187,3826.19,93,186
1970-01-01 00:00:00.000000188,3822.072,93,186
1970-01-01 00:00:00.000000189,3828.5347,93,186
1970-01-01 00:00:00.000000190,3824.5107,93,186
1970-01-01 00:00:00.000000191,3822.6013,93,186
1970-01-01 00:00:00.000000192,3829.5327,93,186
1970-01-01 00:00:00.000000188,3822.072,93,187
1970-01-01 00:00:00.000000189,3828.5347,93,187
1970-01-01 00:00:00.000000190,3824.5107,93,187
1970-01-01 00:00:00.000000191,3822.6013,93,187
1970-01-01 00:00:00.000000192,3829.5327,93,187
1970-01-01 00:00:00.000000193,3823.7434,93,187
1970-01-01 00:00:00.000000189,3828.5347,93,188
1970-01-01 00:00:00.000000190,3824.5107,93,188
1970-01-01 00:00:00.000000191,3822.6013,93,188
1970-01-01 00:00:00.000000192,3829.5327,93,188
1970-01-01 00:00:00.000000193,3823.7434,93,188
1970-01-01 00:00:00.000000194,3819.72,93,188
1970-01-01 00:00:00.000000190,3824.5107,93,189
1970-01-01 00:00:00.000000191,3822.6013,93,189
1970-01-01 00:00:00.000000192,3829.5327,93,189
1970-01-01 00:00:00.000000193,3823.7434,93,189
1970-01-01 00:00:00.000000194,3819.72,93,189
1970-01-01 00:00:00.000000195,3836.4194,93,189
1970-01-01 00:00:00.000000191,3822.6013,93,190
1970-01-01 00:00:00.000000192,3829.5327,93,190
1970-01-01 00:00:00.000000193,3823.7434,93,190
1970-01-01 00:00:00.000000194,3819.72,93,190
1970-01-01 00:00:00.000000195,3836.4194,93,190
1970-01-01 00:00:00.000000196,3852.3406,93,190
1970-01-01 00:00:00.000000192,3829.5327,93,191
1970-01-01 00:00:00.000000193,3823.7434,93,191
1970-01-01 00:00:00.000000194,3819.72,93,191
1970-01-01 00:00:00.000000195,3836.4194,93,191
1970-01-01 00:00:00.000000196,3852.3406,93,191
1970-01-01 00:00:00.000000197,3860.9973,93,191
1970-01-01 00:00:00.000000193,3823.7434,93,192
1970-01-01 00:00:00.000000194,3819.72,93,192
1970-01-01 00:00:00.000000195,3836.4194,93,192
1970-01-01 00:00:00.000000196,3852.3406,93,192
1970-01-01 00:00:00.000000197,3860.9973,93,192
1970-01-01 00:00:00.000000198,3871.7134,93,192
1970-01-01 00:00:00.000000194,3819.72,93,193
1970-01-01 00:00:00.000000195,3836.4194,93,193
1970-01-01 00:00:00.000000196,3852.3406,93,193
1970-01-01 00:00:00.000000197,3860.9973,93,193
1970-01-01 00:00:00.000000198,3871.7134,93,193
1970-01-01 00:00:00.000000199,3862.012,93,193
1970-01-01 00:00:00.000000195,3836.4194,93,194
1970-01-01 00:00:00.000000196,3852.3406,93,194
1970-01-01 00:00:00.000000197,3860.9973,93,194
1970-01-01 00:00:00.000000198,3871.7134,93,194
1970-01-01 00:00:00.000000199,3862.012,93,194
1970-01-01 00:00:00.000000200,3855.0227,93,194
1970-01-01 00:00:00.000000196,3852.3406,93,195
1970-01-01 00:00:00.000000197,3860.9973,93,195
1970-01-01 00:00:00.000000198,3871.7134,93,195
1970-01-01 00:00:00.000000199,3862.012,93,195
1970-01-01 00:00:00.000000200,3855.0227,93,195
1970-01-01 00:00:00.000000201,3849.0193,93,195
1970-01-01 00:00:00.000000197,3860.9973,93,196
1970-01-01 00:00:00.000000198,3871.7134,93,196
1970-01-01 00:00:00.000000199,3862.012,93,196
1970-01-01 00:00:00.000000200,3855.0227,93,196
1970-01-01 00:00:00.000000201,3849.0193,93,196
1970-01-01 00:00:00.000000202,3819.2346,93,196
1970-01-01 00:00:00.000000198,3871.7134,93,197
1970-01-01 00:00:00.000000199,3862.012,93,197
1970-01-01 00:00:00.000000200,3855.0227,93,197
1970-01-01 00:00:00.000000201,3849.0193,93,197
1970-01-01 00:00:00.000000202,3819.2346,93,197
1970-01-01 00:00:00.000000203,3811.8232,93,197
1970-01-01 00:00:00.000000199,3862.012,93,198
1970-01-01 00:00:00.000000200,3855.0227,93,198
1970-01-01 00:00:00.000000201,3849.0193,93,198
1970-01-01 00:00:00.000000202,3819.2346,93,198
1970-01-01 00:00:00.000000203,3811.8232,93,198
1970-01-01 00:00:00.000000204,3807.4507,93,198
1970-01-01 00:00:00.000000200,3855.0227,93,199
1970-01-01 00:00:00.000000201,3849.0193,93,199
1970-01-01 00:00:00.000000202,3819.2346,93,199
1970-01-01 00:00:00.000000203,3811.8232,93,199
1970-01-01 00:00:00.000000204,3807.4507,93,199
1970-01-01 00:00:00.000000205,3790.9094,93,199
1970-01-01 00:00:00.000000201,3849.0193,93,200
1970-01-01 00:00:00.000000202,3819.2346,93,200
1970-01-01 00:00:00.000000203,3811.8232,93,200
1970-01-01 00:00:00.000000204,3807.4507,93,200
1970-01-01 00:00:00.000000205,3790.9094,93,200
1970-01-01 00:00:00.000000206,3801.456,93,200
1970-01-01 00:00:00.000000202,3819.2346,93,201
1970-01-01 00:00:00.000000203,3811.8232,93,201
1970-01-01 00:00:00.000000204,3807.4507,93,201
1970-01-01 00:00:00.000000205,3790.9094,93,201
1970-01-01 00:00:00.000000206,3801.456,93,201
1970-01-01 00:00:00.000000207,3815.6526,93,201
1970-01-01 00:00:00.000000203,3811.8232,93,202
1970-01-01 00:00:00.000000204,3807.4507,93,202
1970-01-01 00:00:00.000000205,3790.9094,93,202
1970-01-01 00:00:00.000000206,3801.456,93,202
1970-01-01 00:00:00.000000207,3815.6526,93,202
1970-01-01 00:00:00.000000208,3818.3933,93,202
1970-01-01 00:00:00.000000204,3807.4507,93,203
1970-01-01 00:00:00.000000205,3790.9094,93,203
1970-01-01 00:00:00.000000206,3801.456,93,203
1970-01-01 00:00:00.000000207,3815.6526,93,203
1970-01-01 00:00:00.000000208,3818.3933,93,203
1970-01-01 00:00:00.000000209,3836.1614,93,203
1970-01-01 00:00:00.000000205,3790.9094,93,204
1970-01-01 00:00:00.000000206,3801.456,93,204
1970-01-01 00:00:00.000000207,3815.6526,93,204
1970-01-01 00:00:00.000000208,3818.3933,93,204
1970-01-01 00:00:00.000000209,3836.1614,93,204
1970-01-01 00:00:00.000000210,3856.336,93,204
1970-01-01 00:00:00.000000206,3801.456,93,205
1970-01-01 00:00:00.000000207,3815.6526,93,205
1970-01-01 00:00:00.000000208,3818.3933,93,205
1970-01-01 00:00:00.000000209,3836.1614,93,205
1970-01-01 00:00:00.000000210,3856.336,93,205
1970-01-01 00:00:00.000000211,3859.6406,93,205
1970-01-01 00:00:00.000000207,3815.6526,93,206
1970-01-01 00:00:00.000000208,3818.3933,93,206
1970-01-01 00:00:00.000000209,3836.1614,93,206
1970-01-01 00:00:00.000000210,3856.336,93,206
1970-01-01 00:00:00.000000211,3859.6406,93,206
1970-01-01 00:00:00.000000212,3869.24,93,206
1970-01-01 00:00:00.000000208,3818.3933,93,207
1970-01-01 00:00:00.000000209,3836.1614,93,207
1970-01-01 00:00:00.000000210,3856.336,93,207
1970-01-01 00:00:00.000000211,3859.6406,93,207
1970-01-01 00:00:00.000000212,3869.24,93,207
1970-01-01 00:00:00.000000213,3871.9773,93,207
1970-01-01 00:00:00.000000209,3836.1614,93,208
1970-01-01 00:00:00.000000210,3856.336,93,208
1970-01-01 00:00:00.000000211,3859.6406,93,208
1970-01-01 00:00:00.000000212,3869.24,93,208
1970-01-01 00:00:00.000000213,3871.9773,93,208
1970-01-01 00:00:00.000000214,3884.5994,93,208
1970-01-01 00:00:00.000000210,3856.336,93,209
1970-01-01 00:00:00.000000211,3859.6406,93,209
1970-01-01 00:00:00.000000212,3869.24,93,209
1970-01-01 00:00:00.000000213,3871.9773,93,209
1970-01-01 00:00:00.000000214,3884.5994,93,209
1970-01-01 00:00:00.000000215,3881.9268,93,209
1970-01-01 00:00:00.000000211,3859.6406,93,210
1970-01-01 00:00:00.000000212,3869.24,93,210
1970-01-01 00:00:00.000000213,3871.9773,93,210
1970-01-01 00:00:00.000000214,3884.5994,93,210
1970-01-01 00:00:00.000000215,3881.9268,93,210
1970-01-01 00:00:00.000000216,3870.336,93,210
1970-01-01 00:00:00.000000212,3869.24,93,211
1970-01-01 00:00:00.000000213,3871.9773,93,211
1970-01-01 00:00:00.000000214,3884.5994,93,211
1970-01-01 00:00:00.000000215,3881.9268,93,211
1970-01-01 00:00:00.000000216,3870.336,93,211
1970-01-01 00:00:00.000000217,3877.914,93,211
1970-01-01 00:00:00.000000213,3871.9773,93,212
1970-01-01 00:00:00.000000214,3884.5994,93,212
1970-01-01 00:00:00.000000215,3881.9268,93,212
1970-01-01 00:00:00.000000216,3870.336,93,212
1970-01-01 00:00:00.000000217,3877.914,93,212
1970-01-01 00:00:00.000000218,3885.164,93,212
1970-01-01 00:00:00.000000214,3884.5994,93,213
1970-01-01 00:00:00.000000215,3881.9268,93,213
1970-01-01 00:00:00.000000216,3870.336,93,213
1970-01-01 00:00:00.000000217,3877.914,93,213
1970-01-01 00:00:00.000000218,3885.164,93,213
1970-01-01 00:00:00.000000219,3877.69,93,213
1970-01-01 00:00:00.000000215,3881.9268,93,214
1970-01-01 00:00:00.000000216,3870.336,93,214
1970-01-01 00:00:00.000000217,3877.914,93,214
1970-01-01 00:00:00.000000218,3885.164,93,214
1970-01-01 00:00:00.000000219,3877.69,93,214
1970-01-01 00:00:00.000000220,3898.7114,93,214
1970-01-01 00:00:00.000000216,3870.336,93,215
1970-01-01 00:00:00.000000217,3877.914,93,215
1970-01-01 00:00:00.000000218,3885.164,93,215
1970-01-01 00:00:00.000000219,3877.69,93,215
1970-01-01 00:00:00.000000220,3898.7114,93,215
1970-01-01 00:00:00.000000221,3908.4246,93,215
1970-01-01 00:00:00.000000217,3877.914,93,216
1970-01-01 00:00:00.000000218,3885.164,93,216
1970-01-01 00:00:00.000000219,3877.69,93,216
1970-01-01 00:00:00.000000220,3898.7114,93,216
1970-01-01 00:00:00.000000221,3908.4246,93,216
1970-01-01 00:00:00.000000222,3899.3433,93,216
1970-01-01 00:00:00.000000218,3885.164,93,217
1970-01-01 00:00:00.000000219,3877.69,93,217
1970-01-01 00:00:00.000000220,3898.7114,93,217
1970-01-01 00:00:00.000000221,3908.4246,93,217
1970-01-01 00:00:00.000000222,3899.3433,93,217
1970-01-01 00:00:00.000000223,3923.6267,93,217
1970-01-01 00:00:00.000000219,3877.69,93,218
1970-01-01 00:00:00.000000220,3898.7114,93,218
1970-01-01 00:00:00.000000221,3908.4246,93,218
1970-01-01 00:00:00.000000222,3899.3433,93,218
1970-01-01 00:00:00.000000223,3923.6267,93,218
1970-01-01 00:00:00.000000224,3922.1333,93,218
1970-01-01 00:00:00.000000220,3898.7114,93,219
1970-01-01 00:00:00.000000221,3908.4246,93,219
1970-01-01 00:00:00.000000222,3899.3433,93,219
1970-01-01 00:00:00.000000223,3923.6267,93,219
1970-01-01 00:00:00.000000224,3922.1333,93,219
1970-01-01 00:00:00.000000225,3907.012,93,219
1970-01-01 00:00:00.000000221,3908.4246,93,220
1970-01-01 00:00:00.000000222,3899.3433,93,220
1970-01-01 00:00:00.000000223,3923.6267,93,220
1970-01-01 00:00:00.000000224,3922.1333,93,220
1970-01-01 00:00:00.000000225,3907.012,93,220
1970-01-01 00:00:00.000000226,3901.4788,93,220
1970-01-01 00:00:00.000000222,3899.3433,93,221
1970-01-01 00:00:00.000000223,3923.6267,93,221
1970-01-01 00:00:00.000000224,3922.1333,93,221
1970-01-01 00:00:00.000000225,3907.012,93,221
1970-01-01 00:00:00.000000226,3901.4788,93,221
1970-01-01 00:00:00.000000227,3864.6514,93,221
1970-01-01 00:00:00.000000223,3923.6267,93,222
1970-01-01 00:00:00.000000224,3922.1333,93,222
1970-01-01 00:00:00.000000225,3907.012,93,222
1970-01-01 00:00:00.000000226,3901.4788,93,222
1970-01-01 00:00:00.000000227,3864.6514,93,222
1970-01-01 00:00:00.000000228,3818.5786,93,222
1970-01-01 00:00:00.000000224,3922.1333,93,223
1970-01-01 00:00:00.000000225,3907.012,93,223
1970-01-01 00:00:00.000000226,3901.4788,93,223
1970-01-01 00:00:00.000000227,3864.6514,93,223
1970-01-01 00:00:00.000000228,3818.5786,93,223
1970-01-01 00:00:00.000000229,3813.744,93,223
1970-01-01 00:00:00.000000225,3907.012,93,224
1970-01-01 00:00:00.000000226,3901.4788,93,224
1970-01-01 00:00:00.000000227,3864.6514,93,224
1970-01-01 00:00:00.000000228,3818.5786,93,224
1970-01-01 00:00:00.000000229,3813.744,93,224
1970-01-01 00:00:00.000000230,3808.7666,93,224
1970-01-01 00:00:00.000000226,3901.4788,93,225
1970-01-01 00:00:00.000000227,3864.6514,93,225
1970-01-01 00:00:00.000000228,3818.5786,93,225
1970-01-01 00:00:00.000000229,3813.744,93,225
1970-01-01 00:00:00.000000230,3808.7666,93,225
1970-01-01 00:00:00.000000231,3824.1887,93,225
1970-01-01 00:00:00.000000227,3864.6514,93,226
1970-01-01 00:00:00.000000228,3818.5786,93,226
1970-01-01 00:00:00.000000229,3813.744,93,226
1970-01-01 00:00:00.000000230,3808.7666,93,226
1970-01-01 00:00:00.000000231,3824.1887,93,226
1970-01-01 00:00:00.000000232,3863.692,93,226
1970-01-01 00:00:00.000000228,3818.5786,93,227
1970-01-01 00:00:00.000000229,3813.744,93,227
1970-01-01 00:00:00.000000230,3808.7666,93,227
1970-01-01 00:00:00.000000231,3824.1887,93,227
1970-01-01 00:00:00.000000232,3863.692,93,227
1970-01-01 00:00:00.000000233,3868.6453,93,227
1970-01-01 00:00:00.000000229,3813.744,93,228
1970-01-01 00:00:00.000000230,3808.7666,93,228
1970-01-01 00:00:00.000000231,3824.1887,93,228
1970-01-01 00:00:00.000000232,3863.692,93,228
1970-01-01 00:00:00.000000233,3868.6453,93,228
1970-01-01 00:00:00.000000234,3883.0073,93,228
1970-01-01 00:00:00.000000230,3808.7666,93,229
1970-01-01 00:00:00.000000231,3824.1887,93,229
1970-01-01 00:00:00.000000232,3863.692,93,229
1970-01-01 00:00:00.000000233,3868.6453,93,229
1970-01-01 00:00:00.000000234,3883.0073,93,229
1970-01-01 00:00:00.000000235,3917.658,93,229
1970-01-01 00:00:00.000000231,3824.1887,93,230
1970-01-01 00:00:00.000000232,3863.692,93,230
1970-01-01 00:00:00.000000233,3868.6453,93,230
1970-01-01 00:00:00.000000234,3883.0073,93,230
1970-01-01 00:00:00.000000235,3917.658,93,230
1970-01-01 00:00:00.000000236,3946.292,93,230
1970-01-01 00:00:00.000000232,3863.692,93,231
1970-01-01 00:00:00.000000233,3868.6453,93,231
1970-01-01 00:00:00.000000234,3883.0073,93,231
1970-01-01 00:00:00.000000235,3917.658,93,231
1970-01-01 00:00:00.000000236,3946.292,93,231
1970-01-01 00:00:00.000000237,3968.7,93,231
1970-01-01 00:00:00.000000233,3868.6453,93,232
1970-01-01 00:00:00.000000234,3883.0073,93,232
1970-01-01 00:00:00.000000235,3917.658,93,232
1970-01-01 00:00:00.000000236,3946.292,93,232
1970-01-01 00:00:00.000000237,3968.7,93,232
1970-01-01 00:00:00.000000238,3966.578,93,232
1970-01-01 00:00:00.000000234,3883.0073,93,233
1970-01-01 00:00:00.000000235,3917.658,93,233
1970-01-01 00:00:00.000000236,3946.292,93,233
1970-01-01 00:00:00.000000237,3968.7,93,233
1970-01-01 00:00:00.000000238,3966.578,93,233
1970-01-01 00:00:00.000000239,3935.734,93,233
1970-01-01 00:00:00.000000235,3917.658,93,234
1970-01-01 00:00:00.000000236,3946.292,93,234
1970-01-01 00:00:00.000000237,3968.7,93,234
1970-01-01 00:00:00.000000238,3966.578,93,234
1970-01-01 00:00:00.000000239,3935.734,93,234
1970-01-01 00:00:00.000000240,3935.7107,93,234
1970-01-01 00:00:00.000000236,3946.292,93,235
1970-01-01 00:00:00.000000237,3968.7,93,235
1970-01-01 00:00:00.000000238,3966.578,93,235
1970-01-01 00:00:00.000000239,3935.734,93,235
1970-01-01 00:00:00.000000240,3935.7107,93,235
1970-01-01 00:00:00.000000241,3949.4553,93,235
1970-01-01 00:00:00.000000237,3968.7,93,236
1970-01-01 00:00:00.000000238,3966.578,93,236
1970-01-01 00:00:00.000000239,3935.734,93,236
1970-01-01 00:00:00.000000240,3935.7107,93,236
1970-01-01 00:00:00.000000241,3949.4553,93,236
1970-01-01 00:00:00.000000242,3939.826,93,236
1970-01-01 00:00:00.000000238,3966.578,93,237
1970-01-01 00:00:00.000000239,3935.734,93,237
1970-01-01 00:00:00.000000240,3935.7107,93,237
1970-01-01 00:00:00.000000241,3949.4553,93,237
1970-01-01 00:00:00.000000242,3939.826,93,237
1970-01-01 00:00:00.000000243,3927.876,93,237
1970-01-01 00:00:00.000000239,3935.734,93,238
1970-01-01 00:00:00.000000240,3935.7107,93,238
1970-01-01 00:00:00.000000241,3949.4553,93,238
1970-01-01 00:00:00.000000242,3939.826,93,238
1970-01-01 00:00:00.000000243,3927.876,93,238
1970-01-01 00:00:00.000000244,3899.1133,93,238
1970-01-01 00:00:00.000000240,3935.7107,93,239
1970-01-01 00:00:00.000000241,3949.4553,93,239
1970-01-01 00:00:00.000000242,3939.826,93,239
1970-01-01 00:00:00.000000243,3927.876,93,239
1970-01-01 00:00:00.000000244,3899.1133,93,239
1970-01-01 00:00:00.000000245,3872.1086,93,239
1970-01-01 00:00:00.000000241,3949.4553,93,240
1970-01-01 00:00:00.000000242,3939.826,93,240
1970-01-01 00:00:00.000000243,3927.876,93,240
1970-01-01 00:00:00.000000244,3899.1133,93,240
1970-01-01 00:00:00.000000245,3872.1086,93,240
1970-01-01 00:00:00.000000246,3892.1506,93,240
1970-01-01 00:00:00.000000242,3939.826,93,241
1970-01-01 00:00:00.000000243,3927.876,93,241
1970-01-01 00:00:00.000000244,3899.1133,93,241
1970-01-01 00:00:00.000000245,3872.1086,93,241
1970-01-01 00:00:00.000000246,3892.1506,93,241
1970-01-01 00:00:00.000000247,3918.8054,93,241
1970-01-01 00:00:00.000000243,3927.876,93,242
1970-01-01 00:00:00.000000244,3899.1133,93,242
1970-01-01 00:00:00.000000245,3872.1086,93,242
1970-01-01 00:00:00.000000246,3892.1506,93,242
1970-01-01 00:00:00.000000247,3918.8054,93,242
1970-01-01 00:00:00.000000248,3954.066,93,242
1970-01-01 00:00:00.000000244,3899.1133,93,243
1970-01-01 00:00:00.000000245,3872.1086,93,243
1970-01-01 00:00:00.000000246,3892.1506,93,243
1970-01-01 00:00:00.000000247,3918.8054,93,243
1970-01-01 00:00:00.000000248,3954.066,93,243
1970-01-01 00:00:00.000000249,3980.178,93,243
1970-01-01 00:00:00.000000245,3872.1086,93,244
1970-01-01 00:00:00.000000246,3892.1506,93,244
1970-01-01 00:00:00.000000247,3918.8054,93,244
1970-01-01 00:00:00.000000248,3954.066,93,244
1970-01-01 00:00:00.000000249,3980.178,93,244
1970-01-01 00:00:00.000000250,3947.358,93,244
1970-01-01 00:00:00.000000246,3892.1506,93,245
1970-01-01 00:00:00.000000247,3918.8054,93,245
1970-01-01 00:00:00.000000248,3954.066,93,245
1970-01-01 00:00:00.000000249,3980.178,93,245
1970-01-01 00:00:00.000000250,3947.358,93,245
1970-01-01 00:00:00.000000251,3916.6992,93,245
1970-01-01 00:00:00.000000247,3918.8054,93,246
1970-01-01 00:00:00.000000248,3954.066,93,246
1970-01-01 00:00:00.000000249,3980.178,93,246
1970-01-01 00:00:00.000000250,3947.358,93,246
1970-01-01 00:00:00.000000251,3916.6992,93,246
1970-01-01 00:00:00.000000252,3884.766,93,246
1970-01-01 00:00:00.000000248,3954.066,93,247
1970-01-01 00:00:00.000000249,3980.178,93,247
1970-01-01 00:00:00.000000250,3947.358,93,247
1970-01-01 00:00:00.000000251,3916.6992,93,247
1970-01-01 00:00:00.000000252,3884.766,93,247
1970-01-01 00:00:00.000000253,3848.1992,93,247
1970-01-01 00:00:00.000000249,3980.178,93,248
1970-01-01 00:00:00.000000250,3947.358,93,248
1970-01-01 00:00:00.000000251,3916.6992,93,248
1970-01-01 00:00:00.000000252,3884.766,93,248
1970-01-01 00:00:00.000000253,3848.1992,93,248
1970-01-01 00:00:00.000000254,3869.684,93,248
1970-01-01 00:00:00.000000250,3947.358,93,249
1970-01-01 00:00:00.000000251,3916.6992,93,249
1970-01-01 00:00:00.000000252,3884.766,93,249
1970-01-01 00:00:00.000000253,3848.1992,93,249
1970-01-01 00:00:00.000000254,3869.684,93,249
1970-01-01 00:00:00.000000255,3905.1074,93,249
1970-01-01 00:00:00.000000251,3916.6992,93,250
1970-01-01 00:00:00.000000252,3884.766,93,250
1970-01-01 00:00:00.000000253,3848.1992,93,250
1970-01-01 00:00:00.000000254,3869.684,93,250
1970-01-01 00:00:00.000000255,3905.1074,93,250
1970-01-01 00:00:00.000000256,3932.652,93,250
1970-01-01 00:00:00.000000252,3884.766,93,251
1970-01-01 00:00:00.000000253,3848.1992,93,251
1970-01-01 00:00:00.000000254,3869.684,93,251
1970-01-01 00:00:00.000000255,3905.1074,93,251
1970-01-01 00:00:00.000000256,3932.652,93,251
1970-01-01 00:00:00.000000257,3994.7573,93,251
1970-01-01 00:00:00.000000253,3848.1992,93,252
1970-01-01 00:00:00.000000254,3869.684,93,252
1970-01-01 00:00:00.000000255,3905.1074,93,252
1970-01-01 00:00:00.000000256,3932.652,93,252
1970-01-01 00:00:00.000000257,3994.7573,93,252
1970-01-01 00:00:00.000000258,4015.1348,93,252
1970-01-01 00:00:00.000000254,3869.684,93,253
1970-01-01 00:00:00.000000255,3905.1074,93,253
1970-01-01 00:00:00.000000256,3932.652,93,253
1970-01-01 00:00:00.000000257,3994.7573,93,253
1970-01-01 00:00:00.000000258,4015.1348,93,253
1970-01-01 00:00:00.000000259,3997.4866,93,253
1970-01-01 00:00:00.000000255,3905.1074,93,254
1970-01-01 00:00:00.000000256,3932.652,93,254
1970-01-01 00:00:00.000000257,3994.7573,93,254
1970-01-01 00:00:00.000000258,4015.1348,93,254
1970-01-01 00:00:00.000000259,3997.4866,93,254
1970-01-01 00:00:00.000000260,3995.674,93,254
1970-01-01 00:00:00.000000256,3932.652,93,255
1970-01-01 00:00:00.000000257,3994.7573,93,255
1970-01-01 00:00:00.000000258,4015.1348,93,255
1970-01-01 00:00:00.000000259,3997.4866,93,255
1970-01-01 00:00:00.000000260,3995.674,93,255
1970-01-01 00:00:00.000000261,3962.8733,93,255
1970-01-01 00:00:00.000000257,3994.7573,93,256
1970-01-01 00:00:00.000000258,4015.1348,93,256
1970-01-01 00:00:00.000000259,3997.4866,93,256
1970-01-01 00:00:00.000000260,3995.674,93,256
1970-01-01 00:00:00.000000261,3962.8733,93,256
1970-01-01 00:00:00.000000262,3944.406,93,256
1970-01-01 00:00:00.000000258,4015.1348,93,257
1970-01-01 00:00:00.000000259,3997.4866,93,257
1970-01-01 00:00:00.000000260,3995.674,93,257
1970-01-01 00:00:00.000000261,3962.8733,93,257
1970-01-01 00:00:00.000000262,3944.406,93,257
1970-01-01 00:00:00.000000263,3957.868,93,257
1970-01-01 00:00:00.000000259,3997.4866,93,258
1970-01-01 00:00:00.000000260,3995.674,93,258
1970-01-01 00:00:00.000000261,3962.8733,93,258
1970-01-01 00:00:00.000000262,3944.406,93,258
1970-01-01 00:00:00.000000263,3957.868,93,258
1970-01-01 00:00:00.000000264,3965.4734,93,258
1970-01-01 00:00:00.000000260,3995.674,93,259
1970-01-01 00:00:00.000000261,3962.8733,93,259
1970-01-01 00:00:00.000000262,3944.406,93,259
1970-01-01 00:00:00.000000263,3957.868,93,259
1970-01-01 00:00:00.000000264,3965.4734,93,259
1970-01-01 00:00:00.000000265,4002.474,93,259
1970-01-01 00:00:00.000000261,3962.8733,93,260
1970-01-01 00:00:00.000000262,3944.406,93,260
1970-01-01 00:00:00.000000263,3957.868,93,260
1970-01-01 00:00:00.000000264,3965.4734,93,260
1970-01-01 00:00:00.000000265,4002.474,93,260
1970-01-01 00:00:00.000000266,4035.7087,93,260
1970-01-01 00:00:00.000000262,3944.406,93,261
1970-01-01 00:00:00.000000263,3957.868,93,261
1970-01-01 00:00:00.000000264,3965.4734,93,261
1970-01-01 00:00:00.000000265,4002.474,93,261
1970-01-01 00:00:00.000000266,4035.7087,93,261
1970-01-01 00:00:00.000000267,4041.5466,93,261
1970-01-01 00:00:00.000000263,3957.868,93,262
1970-01-01 00:00:00.000000264,3965.4734,93,262
1970-01-01 00:00:00.000000265,4002.474,93,262
1970-01-01 00:00:00.000000266,4035.7087,93,262
1970-01-01 00:00:00.000000267,4041.5466,93,262
1970-01-01 00:00:00.000000268,4032.2,93,262
1970-01-01 00:00:00.000000007,5054.9233,94,6
1970-01-01 00:00:00.000000008,5047.779,94,6
1970-01-01 00:00:00.000000009,5042.21,94,6
1970-01-01 00:00:00.000000010,5027.4634,94,6
1970-01-01 00:00:00.000000011,5027.844,94,6
1970-01-01 00:00:00.000000012,5034.4507,94,6
1970-01-01 00:00:00.000000008,5047.779,94,7
1970-01-01 00:00:00.000000009,5042.21,94,7
1970-01-01 00:00:00.000000010,5027.4634,94,7
1970-01-01 00:00:00.000000011,5027.844,94,7
1970-01-01 00:00:00.000000012,5034.4507,94,7
1970-01-01 00:00:00.000000013,5043.652,94,7
1970-01-01 00:00:00.000000009,5042.21,94,8
1970-01-01 00:00:00.000000010,5027.4634,94,8
1970-01-01 00:00:00.000000011,5027.844,94,8
1970-01-01 00:00:00.000000012,5034.4507,94,8
1970-01-01 00:00:00.000000013,5043.652,94,8
1970-01-01 00:00:00.000000014,5064.6426,94,8
1970-01-01 00:00:00.000000010,5027.4634,94,9
1970-01-01 00:00:00.000000011,5027.844,94,9
1970-01-01 00:00:00.000000012,5034.4507,94,9
1970-01-01 00:00:00.000000013,5043.652,94,9
1970-01-01 00:00:00.000000014,5064.6426,94,9
1970-01-01 00:00:00.000000015,5077.64,94,9
1970-01-01 00:00:00.000000011,5027.844,94,10
1970-01-01 00:00:00.000000012,5034.4507,94,10
1970-01-01 00:00:00.000000013,5043.652,94,10
1970-01-01 00:00:00.000000014,5064.6426,94,10
1970-01-01 00:00:00.000000015,5077.64,94,10
1970-01-01 00:00:00.000000016,5073.358,94,10
1970-01-01 00:00:00.000000012,5034.4507,94,11
1970-01-01 00:00:00.000000013,5043.652,94,11
1970-01-01 00:00:00.000000014,5064.6426,94,11
1970-01-01 00:00:00.000000015,5077.64,94,11
1970-01-01 00:00:00.000000016,5073.358,94,11
1970-01-01 00:00:00.000000017,5071.0845,94,11
1970-01-01 00:00:00.000000013,5043.652,94,12
1970-01-01 00:00:00.000000014,5064.6426,94,12
1970-01-01 00:00:00.000000015,5077.64,94,12
1970-01-01 00:00:00.000000016,5073.358,94,12
1970-01-01 00:00:00.000000017,5071.0845,94,12
1970-01-01 00:00:00.000000018,5070.5005,94,12
1970-01-01 00:00:00.000000014,5064.6426,94,13
1970-01-01 00:00:00.000000015,5077.64,94,13
1970-01-01 00:00:00.000000016,5073.358,94,13
1970-01-01 00:00:00.000000017,5071.0845,94,13
1970-01-01 00:00:00.000000018,5070.5005,94,13
1970-01-01 00:00:00.000000019,5065.3,94,13
1970-01-01 00:00:00.000000015,5077.64,94,14
1970-01-01 00:00:00.000000016,5073.358,94,14
1970-01-01 00:00:00.000000017,5071.0845,94,14
1970-01-01 00:00:00.000000018,5070.5005,94,14
1970-01-01 00:00:00.000000019,5065.3,94,14
1970-01-01 00:00:00.000000020,5067.452,94,14
1970-01-01 00:00:00.000000016,5073.358,94,15
1970-01-01 00:00:00.000000017,5071.0845,94,15
1970-01-01 00:00:00.000000018,5070.5005,94,15
1970-01-01 00:00:00.000000019,5065.3,94,15
1970-01-01 00:00:00.000000020,5067.452,94,15
1970-01-01 00:00:00.000000021,5067.7812,94,15
1970-01-01 00:00:00.000000017,5071.0845,94,16
1970-01-01 00:00:00.000000018,5070.5005,94,16
1970-01-01 00:00:00.000000019,5065.3,94,16
1970-01-01 00:00:00.000000020,5067.452,94,16
1970-01-01 00:00:00.000000021,5067.7812,94,16
1970-01-01 00:00:00.000000022,5053.44,94,16
1970-01-01 00:00:00.000000018,5070.5005,94,17
1970-01-01 00:00:00.000000019,5065.3,94,17
1970-01-01 00:00:00.000000020,5067.452,94,17
1970-01-01 00:00:00.000000021,5067.7812,94,17
1970-01-01 00:00:00.000000022,5053.44,94,17
1970-01-01 00:00:00.000000023,5055.156,94,17
1970-01-01 00:00:00.000000019,5065.3,94,18
1970-01-01 00:00:00.000000020,5067.452,94,18
1970-01-01 00:00:00.000000021,5067.7812,94,18
1970-01-01 00:00:00.000000022,5053.44,94,18
1970-01-01 00:00:00.000000023,5055.156,94,18
1970-01-01 00:00:00.000000024,5050.2754,94,18
1970-01-01 00:00:00.000000020,5067.452,94,19
1970-01-01 00:00:00.000000021,5067.7812,94,19
1970-01-01 00:00:00.000000022,5053.44,94,19
1970-01-01 00:00:00.000000023,5055.156,94,19
1970-01-01 00:00:00.000000024,5050.2754,94,19
1970-01-01 00:00:00.000000025,5057.464,94,19
1970-01-01 00:00:00.000000021,5067.7812,94,20
1970-01-01 00:00:00.000000022,5053.44,94,20
1970-01-01 00:00:00.000000023,5055.156,94,20
1970-01-01 00:00:00.000000024,5050.2754,94,20
1970-01-01 00:00:00.000000025,5057.464,94,20
1970-01-01 00:00:00.000000026,5071.0625,94,20
1970-01-01 00:00:00.000000022,5053.44,94,21
1970-01-01 00:00:00.000000023,5055.156,94,21
1970-01-01 00:00:00.000000024,5050.2754,94,21
1970-01-01 00:00:00.000000025,5057.464,94,21
1970-01-01 00:00:00.000000026,5071.0625,94,21
1970-01-01 00:00:00.000000027,5065.476,94,21
1970-01-01 00:00:00.000000023,5055.156,94,22
1970-01-01 00:00:00.000000024,5050.2754,94,22
1970-01-01 00:00:00.000000025,5057.464,94,22
1970-01-01 00:00:00.000000026,5071.0625,94,22
1970-01-01 00:00:00.000000027,5065.476,94,22
1970-01-01 00:00:00.000000028,5084.5845,94,22
1970-01-01 00:00:00.000000024,5050.2754,94,23
1970-01-01 00:00:00.000000025,5057.464,94,23
1970-01-01 00:00:00.000000026,5071.0625,94,23
1970-01-01 00:00:00.000000027,5065.476,94,23
1970-01-01 00:00:00.000000028,5084.5845,94,23
1970-01-01 00:00:00.000000029,5094.3447,94,23
1970-01-01 00:00:00.000000025,5057.464,94,24
1970-01-01 00:00:00.000000026,5071.0625,94,24
1970-01-01 00:00:00.000000027,5065.476,94,24
1970-01-01 00:00:00.000000028,5084.5845,94,24
1970-01-01 00:00:00.000000029,5094.3447,94,24
1970-01-01 00:00:00.000000030,5089.2266,94,24
1970-01-01 00:00:00.000000026,5071.0625,94,25
1970-01-01 00:00:00.000000027,5065.476,94,25
1970-01-01 00:00:00.000000028,5084.5845,94,25
1970-01-01 00:00:00.000000029,5094.3447,94,25
1970-01-01 00:00:00.000000030,5089.2266,94,25
1970-01-01 00:00:00.000000031,5099.576,94,25
1970-01-01 00:00:00.000000027,5065.476,94,26
1970-01-01 00:00:00.000000028,5084.5845,94,26
1970-01-01 00:00:00.000000029,5094.3447,94,26
1970-01-01 00:00:00.000000030,5089.2266,94,26
1970-01-01 00:00:00.000000031,5099.576,94,26
1970-01-01 00:00:00.000000032,5095.658,94,26
1970-01-01 00:00:00.000000028,5084.5845,94,27
1970-01-01 00:00:00.000000029,5094.3447,94,27
1970-01-01 00:00:00.000000030,5089.2266,94,27
1970-01-01 00:00:00.000000031,5099.576,94,27
1970-01-01 00:00:00.000000032,5095.658,94,27
1970-01-01 00:00:00.000000033,5085.136,94,27
1970-01-01 00:00:00.000000029,5094.3447,94,28
1970-01-01 00:00:00.000000030,5089.2266,94,28
1970-01-01 00:00:00.000000031,5099.576,94,28
1970-01-01 00:00:00.000000032,5095.658,94,28
1970-01-01 00:00:00.000000033,5085.136,94,28
1970-01-01 00:00:00.000000034,5090.5273,94,28
1970-01-01 00:00:00.000000030,5089.2266,94,29
1970-01-01 00:00:00.000000031,5099.576,94,29
1970-01-01 00:00:00.000000032,5095.658,94,29
1970-01-01 00:00:00.000000033,5085.136,94,29
1970-01-01 00:00:00.000000034,5090.5273,94,29
1970-01-01 00:00:00.000000035,5097.171,94,29
1970-01-01 00:00:00.000000031,5099.576,94,30
1970-01-01 00:00:00.000000032,5095.658,94,30
1970-01-01 00:00:00.000000033,5085.136,94,30
1970-01-01 00:00:00.000000034,5090.5273,94,30
1970-01-01 00:00:00.000000035,5097.171,94,30
1970-01-01 00:00:00.000000036,5086.7075,94,30
1970-01-01 00:00:00.000000032,5095.658,94,31
1970-01-01 00:00:00.000000033,5085.136,94,31
1970-01-01 00:00:00.000000034,5090.5273,94,31
1970-01-01 00:00:00.000000035,5097.171,94,31
1970-01-01 00:00:00.000000036,5086.7075,94,31
1970-01-01 00:00:00.000000037,5092.5273,94,31
1970-01-01 00:00:00.000000033,5085.136,94,32
1970-01-01 00:00:00.000000034,5090.5273,94,32
1970-01-01 00:00:00.000000035,5097.171,94,32
1970-01-01 00:00:00.000000036,5086.7075,94,32
1970-01-01 00:00:00.000000037,5092.5273,94,32
1970-01-01 00:00:00.000000038,5095.9565,94,32
1970-01-01 00:00:00.000000034,5090.5273,94,33
1970-01-01 00:00:00.000000035,5097.171,94,33
1970-01-01 00:00:00.000000036,5086.7075,94,33
1970-01-01 00:00:00.000000037,5092.5273,94,33
1970-01-01 00:00:00.000000038,5095.9565,94,33
1970-01-01 00:00:00.000000039,5092.452,94,33
1970-01-01 00:00:00.000000035,5097.171,94,34
1970-01-01 00:00:00.000000036,5086.7075,94,34
1970-01-01 00:00:00.000000037,5092.5273,94,34
1970-01-01 00:00:00.000000038,5095.9565,94,34
1970-01-01 00:00:00.000000039,5092.452,94,34
1970-01-01 00:00:00.000000040,5103.32,94,34
1970-01-01 00:00:00.000000036,5086.7075,94,35
1970-01-01 00:00:00.000000037,5092.5273,94,35
1970-01-01 00:00:00.000000038,5095.9565,94,35
1970-01-01 00:00:00.000000039,5092.452,94,35
1970-01-01 00:00:00.000000040,5103.32,94,35
1970-01-01 00:00:00.000000041,5103.2715,94,35
1970-01-01 00:00:00.000000037,5092.5273,94,36
1970-01-01 00:00:00.000000038,5095.9565,94,36
1970-01-01 00:00:00.000000039,5092.452,94,36
1970-01-01 00:00:00.000000040,5103.32,94,36
1970-01-01 00:00:00.000000041,5103.2715,94,36
1970-01-01 00:00:00.000000042,5110.504,94,36
1970-01-01 00:00:00.000000038,5095.9565,94,37
1970-01-01 00:00:00.000000039,5092.452,94,37
1970-01-01 00:00:00.000000040,5103.32,94,37
1970-01-01 00:00:00.000000041,5103.2715,94,37
1970-01-01 00:00:00.000000042,5110.504,94,37
1970-01-01 00:00:00.000000043,5120.7476,94,37
1970-01-01 00:00:00.000000039,5092.452,94,38
1970-01-01 00:00:00.000000040,5103.32,94,38
1970-01-01 00:00:00.000000041,5103.2715,94,38
1970-01-01 00:00:00.000000042,5110.504,94,38
1970-01-01 00:00:00.000000043,5120.7476,94,38
1970-01-01 00:00:00.000000044,5124.9014,94,38
1970-01-01 00:00:00.000000040,5103.32,94,39
1970-01-01 00:00:00.000000041,5103.2715,94,39
1970-01-01 00:00:00.000000042,5110.504,94,39
1970-01-01 00:00:00.000000043,5120.7476,94,39
1970-01-01 00:00:00.000000044,5124.9014,94,39
1970-01-01 00:00:00.000000045,5132.7896,94,39
1970-01-01 00:00:00.000000041,5103.2715,94,40
1970-01-01 00:00:00.000000042,5110.504,94,40
1970-01-01 00:00:00.000000043,5120.7476,94,40
1970-01-01 00:00:00.000000044,5124.9014,94,40
1970-01-01 00:00:00.000000045,5132.7896,94,40
1970-01-01 00:00:00.000000046,5146.618,94,40
1970-01-01 00:00:00.000000042,5110.504,94,41
1970-01-01 00:00:00.000000043,5120.7476,94,41
1970-01-01 00:00:00.000000044,5124.9014,94,41
1970-01-01 00:00:00.000000045,5132.7896,94,41
1970-01-01 00:00:00.000000046,5146.618,94,41
1970-01-01 00:00:00.000000047,5158.2065,94,41
1970-01-01 00:00:00.000000043,5120.7476,94,42
1970-01-01 00:00:00.000000044,5124.9014,94,42
1970-01-01 00:00:00.000000045,5132.7896,94,42
1970-01-01 00:00:00.000000046,5146.618,94,42
1970-01-01 00:00:00.000000047,5158.2065,94,42
1970-01-01 00:00:00.000000048,5177.197,94,42
1970-01-01 00:00:00.000000044,5124.9014,94,43
1970-01-01 00:00:00.000000045,5132.7896,94,43
1970-01-01 00:00:00.000000046,5146.618,94,43
1970-01-01 00:00:00.000000047,5158.2065,94,43
1970-01-01 00:00:00.000000048,5177.197,94,43
1970-01-01 00:00:00.000000049,5186.513,94,43
1970-01-01 00:00:00.000000045,5132.7896,94,44
1970-01-01 00:00:00.000000046,5146.618,94,44
1970-01-01 00:00:00.000000047,5158.2065,94,44
1970-01-01 00:00:00.000000048,5177.197,94,44
1970-01-01 00:00:00.000000049,5186.513,94,44
1970-01-01 00:00:00.000000050,5172.1587,94,44
1970-01-01 00:00:00.000000046,5146.618,94,45
1970-01-01 00:00:00.000000047,5158.2065,94,45
1970-01-01 00:00:00.000000048,5177.197,94,45
1970-01-01 00:00:00.000000049,5186.513,94,45
1970-01-01 00:00:00.000000050,5172.1587,94,45
1970-01-01 00:00:00.000000051,5163.073,94,45
1970-01-01 00:00:00.000000047,5158.2065,94,46
1970-01-01 00:00:00.000000048,5177.197,94,46
1970-01-01 00:00:00.000000049,5186.513,94,46
1970-01-01 00:00:00.000000050,5172.1587,94,46
1970-01-01 00:00:00.000000051,5163.073,94,46
1970-01-01 00:00:00.000000052,5150.2485,94,46
1970-01-01 00:00:00.000000048,5177.197,94,47
1970-01-01 00:00:00.000000049,5186.513,94,47
1970-01-01 00:00:00.000000050,5172.1587,94,47
1970-01-01 00:00:00.000000051,5163.073,94,47
1970-01-01 00:00:00.000000052,5150.2485,94,47
1970-01-01 00:00:00.000000053,5140.195,94,47
1970-01-01 00:00:00.000000049,5186.513,94,48
1970-01-01 00:00:00.000000050,5172.1587,94,48
1970-01-01 00:00:00.000000051,5163.073,94,48
1970-01-01 00:00:00.000000052,5150.2485,94,48
1970-01-01 00:00:00.000000053,5140.195,94,48
1970-01-01 00:00:00.000000054,5152.6626,94,48
1970-01-01 00:00:00.000000050,5172.1587,94,49
1970-01-01 00:00:00.000000051,5163.073,94,49
1970-01-01 00:00:00.000000052,5150.2485,94,49
1970-01-01 00:00:00.000000053,5140.195,94,49
1970-01-01 00:00:00.000000054,5152.6626,94,49
1970-01-01 00:00:00.000000055,5149.1426,94,49
1970-01-01 00:00:00.000000051,5163.073,94,50
1970-01-01 00:00:00.000000052,5150.2485,94,50
1970-01-01 00:00:00.000000053,5140.195,94,50
1970-01-01 00:00:00.000000054,5152.6626,94,50
1970-01-01 00:00:00.000000055,5149.1426,94,50
1970-01-01 00:00:00.000000056,5160.988,94,50
1970-01-01 00:00:00.000000052,5150.2485,94,51
1970-01-01 00:00:00.000000053,5140.195,94,51
1970-01-01 00:00:00.000000054,5152.6626,94,51
1970-01-01 00:00:00.000000055,5149.1426,94,51
1970-01-01 00:00:00.000000056,5160.988,94,51
1970-01-01 00:00:00.000000057,5184.9434,94,51
1970-01-01 00:00:00.000000053,5140.195,94,52
1970-01-01 00:00:00.000000054,5152.6626,94,52
1970-01-01 00:00:00.000000055,5149.1426,94,52
1970-01-01 00:00:00.000000056,5160.988,94,52
1970-01-01 00:00:00.000000057,5184.9434,94,52
1970-01-01 00:00:00.000000058,5178.278,94,52
1970-01-01 00:00:00.000000054,5152.6626,94,53
1970-01-01 00:00:00.000000055,5149.1426,94,53
1970-01-01 00:00:00.000000056,5160.988,94,53
1970-01-01 00:00:00.000000057,5184.9434,94,53
1970-01-01 00:00:00.000000058,5178.278,94,53
1970-01-01 00:00:00.000000059,5181.223,94,53
1970-01-01 00:00:00.000000007,3798.146,95,6
1970-01-01 00:00:00.000000008,3809.0654,95,6
1970-01-01 00:00:00.000000009,3816.9954,95,6
1970-01-01 00:00:00.000000010,3829.106,95,6
1970-01-01 00:00:00.000000011,3826.3447,95,6
1970-01-01 00:00:00.000000012,3820.4688,95,6
1970-01-01 00:00:00.000000008,3809.0654,95,7
1970-01-01 00:00:00.000000009,3816.9954,95,7
1970-01-01 00:00:00.000000010,3829.106,95,7
1970-01-01 00:00:00.000000011,3826.3447,95,7
1970-01-01 00:00:00.000000012,3820.4688,95,7
1970-01-01 00:00:00.000000013,3822.158,95,7
1970-01-01 00:00:00.000000009,3816.9954,95,8
1970-01-01 00:00:00.000000010,3829.106,95,8
1970-01-01 00:00:00.000000011,3826.3447,95,8
1970-01-01 00:00:00.000000012,3820.4688,95,8
1970-01-01 00:00:00.000000013,3822.158,95,8
1970-01-01 00:00:00.000000014,3806.7473,95,8
1970-01-01 00:00:00.000000010,3829.106,95,9
1970-01-01 00:00:00.000000011,3826.3447,95,9
1970-01-01 00:00:00.000000012,3820.4688,95,9
1970-01-01 00:00:00.000000013,3822.158,95,9
1970-01-01 00:00:00.000000014,3806.7473,95,9
1970-01-01 00:00:00.000000015,3798.0732,95,9
1970-01-01 00:00:00.000000011,3826.3447,95,10
1970-01-01 00:00:00.000000012,3820.4688,95,10
1970-01-01 00:00:00.000000013,3822.158,95,10
1970-01-01 00:00:00.000000014,3806.7473,95,10
1970-01-01 00:00:00.000000015,3798.0732,95,10
1970-01-01 00:00:00.000000016,3798.9126,95,10
1970-01-01 00:00:00.000000012,3820.4688,95,11
1970-01-01 00:00:00.000000013,3822.158,95,11
1970-01-01 00:00:00.000000014,3806.7473,95,11
1970-01-01 00:00:00.000000015,3798.0732,95,11
1970-01-01 00:00:00.000000016,3798.9126,95,11
1970-01-01 00:00:00.000000017,3787.994,95,11
1970-01-01 00:00:00.000000013,3822.158,95,12
1970-01-01 00:00:00.000000014,3806.7473,95,12
1970-01-01 00:00:00.000000015,3798.0732,95,12
1970-01-01 00:00:00.000000016,3798.9126,95,12
1970-01-01 00:00:00.000000017,3787.994,95,12
1970-01-01 00:00:00.000000018,3799.6267,95,12
1970-01-01 00:00:00.000000014,3806.7473,95,13
1970-01-01 00:00:00.000000015,3798.0732,95,13
1970-01-01 00:00:00.000000016,3798.9126,95,13
1970-01-01 00:00:00.000000017,3787.994,95,13
1970-01-01 00:00:00.000000018,3799.6267,95,13
1970-01-01 00:00:00.000000019,3805.3254,95,13
1970-01-01 00:00:00.000000015,3798.0732,95,14
1970-01-01 00:00:00.000000016,3798.9126,95,14
1970-01-01 00:00:00.000000017,3787.994,95,14
1970-01-01 00:00:00.000000018,3799.6267,95,14
1970-01-01 00:00:00.000000019,3805.3254,95,14
1970-01-01 00:00:00.000000020,3798.5312,95,14
1970-01-01 00:00:00.000000016,3798.9126,95,15
1970-01-01 00:00:00.000000017,3787.994,95,15
1970-01-01 00:00:00.000000018,3799.6267,95,15
1970-01-01 00:00:00.000000019,3805.3254,95,15
1970-01-01 00:00:00.000000020,3798.5312,95,15
1970-01-01 00:00:00.000000021,3813.816,95,15
1970-01-01 00:00:00.000000017,3787.994,95,16
1970-01-01 00:00:00.000000018,3799.6267,95,16
1970-01-01 00:00:00.000000019,3805.3254,95,16
1970-01-01 00:00:00.000000020,3798.5312,95,16
1970-01-01 00:00:00.000000021,3813.816,95,16
1970-01-01 00:00:00.000000022,3819.2087,95,16
1970-01-01 00:00:00.000000018,3799.6267,95,17
1970-01-01 00:00:00.000000019,3805.3254,95,17
1970-01-01 00:00:00.000000020,3798.5312,95,17
1970-01-01 00:00:00.000000021,3813.816,95,17
1970-01-01 00:00:00.000000022,3819.2087,95,17
1970-01-01 00:00:00.000000023,3816.1448,95,17
1970-01-01 00:00:00.000000019,3805.3254,95,18
1970-01-01 00:00:00.000000020,3798.5312,95,18
1970-01-01 00:00:00.000000021,3813.816,95,18
1970-01-01 00:00:00.000000022,3819.2087,95,18
1970-01-01 00:00:00.000000023,3816.1448,95,18
1970-01-01 00:00:00.000000024,3826.212,95,18
1970-01-01 00:00:00.000000020,3798.5312,95,19
1970-01-01 00:00:00.000000021,3813.816,95,19
1970-01-01 00:00:00.000000022,3819.2087,95,19
1970-01-01 00:00:00.000000023,3816.1448,95,19
1970-01-01 00:00:00.000000024,3826.212,95,19
1970-01-01 00:00:00.000000025,3825.9592,95,19
1970-01-01 00:00:00.000000021,3813.816,95,20
1970-01-01 00:00:00.000000022,3819.2087,95,20
1970-01-01 00:00:00.000000023,3816.1448,95,20
1970-01-01 00:00:00.000000024,3826.212,95,20
1970-01-01 00:00:00.000000025,3825.9592,95,20
1970-01-01 00:00:00.000000026,3815.7346,95,20
1970-01-01 00:00:00.000000022,3819.2087,95,21
1970-01-01 00:00:00.000000023,3816.1448,95,21
1970-01-01 00:00:00.000000024,3826.212,95,21
1970-01-01 00:00:00.000000025,3825.9592,95,21
1970-01-01 00:00:00.000000026,3815.7346,95,21
1970-01-01 00:00:00.000000027,3816.7834,95,21
1970-01-01 00:00:00.000000023,3816.1448,95,22
1970-01-01 00:00:00.000000024,3826.212,95,22
1970-01-01 00:00:00.000000025,3825.9592,95,22
1970-01-01 00:00:00.000000026,3815.7346,95,22
1970-01-01 00:00:00.000000027,3816.7834,95,22
1970-01-01 00:00:00.000000028,3803.9272,95,22
1970-01-01 00:00:00.000000024,3826.212,95,23
1970-01-01 00:00:00.000000025,3825.9592,95,23
1970-01-01 00:00:00.000000026,3815.7346,95,23
1970-01-01 00:00:00.000000027,3816.7834,95,23
1970-01-01 00:00:00.000000028,3803.9272,95,23
1970-01-01 00:00:00.000000029,3791.6487,95,23
1970-01-01 00:00:00.000000025,3825.9592,95,24
1970-01-01 00:00:00.000000026,3815.7346,95,24
1970-01-01 00:00:00.000000027,3816.7834,95,24
1970-01-01 00:00:00.000000028,3803.9272,95,24
1970-01-01 00:00:00.000000029,3791.6487,95,24
1970-01-01 00:00:00.000000030,3797.7107,95,24
1970-01-01 00:00:00.000000026,3815.7346,95,25
1970-01-01 00:00:00.000000027,3816.7834,95,25
1970-01-01 00:00:00.000000028,3803.9272,95,25
1970-01-01 00:00:00.000000029,3791.6487,95,25
1970-01-01 00:00:00.000000030,3797.7107,95,25
1970-01-01 00:00:00.000000031,3789.9126,95,25
1970-01-01 00:00:00.000000027,3816.7834,95,26
1970-01-01 00:00:00.000000028,3803.9272,95,26
1970-01-01 00:00:00.000000029,3791.6487,95,26
1970-01-01 00:00:00.000000030,3797.7107,95,26
1970-01-01 00:00:00.000000031,3789.9126,95,26
1970-01-01 00:00:00.000000032,3787.4114,95,26
1970-01-01 00:00:00.000000028,3803.9272,95,27
1970-01-01 00:00:00.000000029,3791.6487,95,27
1970-01-01 00:00:00.000000030,3797.7107,95,27
1970-01-01 00:00:00.000000031,3789.9126,95,27
1970-01-01 00:00:00.000000032,3787.4114,95,27
1970-01-01 00:00:00.000000033,3782.598,95,27
1970-01-01 00:00:00.000000029,3791.6487,95,28
1970-01-01 00:00:00.000000030,3797.7107,95,28
1970-01-01 00:00:00.000000031,3789.9126,95,28
1970-01-01 00:00:00.000000032,3787.4114,95,28
1970-01-01 00:00:00.000000033,3782.598,95,28
1970-01-01 00:00:00.000000034,3766.052,95,28
1970-01-01 00:00:00.000000030,3797.7107,95,29
1970-01-01 00:00:00.000000031,3789.9126,95,29
1970-01-01 00:00:00.000000032,3787.4114,95,29
1970-01-01 00:00:00.000000033,3782.598,95,29
1970-01-01 00:00:00.000000034,3766.052,95,29
1970-01-01 00:00:00.000000035,3771.244,95,29
1970-01-01 00:00:00.000000031,3789.9126,95,30
1970-01-01 00:00:00.000000032,3787.4114,95,30
1970-01-01 00:00:00.000000033,3782.598,95,30
1970-01-01 00:00:00.000000034,3766.052,95,30
1970-01-01 00:00:00.000000035,3771.244,95,30
1970-01-01 00:00:00.000000036,3786.6333,95,30
1970-01-01 00:00:00.000000032,3787.4114,95,31
1970-01-01 00:00:00.000000033,3782.598,95,31
1970-01-01 00:00:00.000000034,3766.052,95,31
1970-01-01 00:00:00.000000035,3771.244,95,31
1970-01-01 00:00:00.000000036,3786.6333,95,31
1970-01-01 00:00:00.000000037,3785.154,95,31
1970-01-01 00:00:00.000000033,3782.598,95,32
1970-01-01 00:00:00.000000034,3766.052,95,32
1970-01-01 00:00:00.000000035,3771.244,95,32
1970-01-01 00:00:00.000000036,3786.6333,95,32
1970-01-01 00:00:00.000000037,3785.154,95,32
1970-01-01 00:00:00.000000038,3796.812,95,32
1970-01-01 00:00:00.000000034,3766.052,95,33
1970-01-01 00:00:00.000000035,3771.244,95,33
1970-01-01 00:00:00.000000036,3786.6333,95,33
1970-01-01 00:00:00.000000037,3785.154,95,33
1970-01-01 00:00:00.000000038,3796.812,95,33
1970-01-01 00:00:00.000000039,3798.9133,95,33
1970-01-01 00:00:00.000000035,3771.244,95,34
1970-01-01 00:00:00.000000036,3786.6333,95,34
1970-01-01 00:00:00.000000037,3785.154,95,34
1970-01-01 00:00:00.000000038,3796.812,95,34
1970-01-01 00:00:00.000000039,3798.9133,95,34
1970-01-01 00:00:00.000000040,3779.9353,95,34
1970-01-01 00:00:00.000000036,3786.6333,95,35
1970-01-01 00:00:00.000000037,3785.154,95,35
1970-01-01 00:00:00.000000038,3796.812,95,35
1970-01-01 00:00:00.000000039,3798.9133,95,35
1970-01-01 00:00:00.000000040,3779.9353,95,35
1970-01-01 00:00:00.000000041,3790.5286,95,35
1970-01-01 00:00:00.000000037,3785.154,95,36
1970-01-01 00:00:00.000000038,3796.812,95,36
1970-01-01 00:00:00.000000039,3798.9133,95,36
1970-01-01 00:00:00.000000040,3779.9353,95,36
1970-01-01 00:00:00.000000041,3790.5286,95,36
1970-01-01 00:00:00.000000042,3790.986,95,36
1970-01-01 00:00:00.000000038,3796.812,95,37
1970-01-01 00:00:00.000000039,3798.9133,95,37
1970-01-01 00:00:00.000000040,3779.9353,95,37
1970-01-01 00:00:00.000000041,3790.5286,95,37
1970-01-01 00:00:00.000000042,3790.986,95,37
1970-01-01 00:00:00.000000043,3779.954,95,37
1970-01-01 00:00:00.000000039,3798.9133,95,38
1970-01-01 00:00:00.000000040,3779.9353,95,38
1970-01-01 00:00:00.000000041,3790.5286,95,38
1970-01-01 00:00:00.000000042,3790.986,95,38
1970-01-01 00:00:00.000000043,3779.954,95,38
1970-01-01 00:00:00.000000044,3791.1394,95,38
1970-01-01 00:00:00.000000040,3779.9353,95,39
1970-01-01 00:00:00.000000041,3790.5286,95,39
1970-01-01 00:00:00.000000042,3790.986,95,39
1970-01-01 00:00:00.000000043,3779.954,95,39
1970-01-01 00:00:00.000000044,3791.1394,95,39
1970-01-01 00:00:00.000000045,3777.5112,95,39
1970-01-01 00:00:00.000000041,3790.5286,95,40
1970-01-01 00:00:00.000000042,3790.986,95,40
1970-01-01 00:00:00.000000043,3779.954,95,40
1970-01-01 00:00:00.000000044,3791.1394,95,40
1970-01-01 00:00:00.000000045,3777.5112,95,40
1970-01-01 00:00:00.000000046,3761.4607,95,40
1970-01-01 00:00:00.000000042,3790.986,95,41
1970-01-01 00:00:00.000000043,3779.954,95,41
1970-01-01 00:00:00.000000044,3791.1394,95,41
1970-01-01 00:00:00.000000045,3777.5112,95,41
1970-01-01 00:00:00.000000046,3761.4607,95,41
1970-01-01 00:00:00.000000047,3766.8154,95,41
1970-01-01 00:00:00.000000043,3779.954,95,42
1970-01-01 00:00:00.000000044,3791.1394,95,42
1970-01-01 00:00:00.000000045,3777.5112,95,42
1970-01-01 00:00:00.000000046,3761.4607,95,42
1970-01-01 00:00:00.000000047,3766.8154,95,42
1970-01-01 00:00:00.000000048,3755.6987,95,42
1970-01-01 00:00:00.000000044,3791.1394,95,43
1970-01-01 00:00:00.000000045,3777.5112,95,43
1970-01-01 00:00:00.000000046,3761.4607,95,43
1970-01-01 00:00:00.000000047,3766.8154,95,43
1970-01-01 00:00:00.000000048,3755.6987,95,43
1970-01-01 00:00:00.000000049,3756.7876,95,43
1970-01-01 00:00:00.000000007,5072.378,96,6
1970-01-01 00:00:00.000000008,5072.3306,96,6
1970-01-01 00:00:00.000000009,5080.026,96,6
1970-01-01 00:00:00.000000010,5083.198,96,6
1970-01-01 00:00:00.000000011,5084.048,96,6
1970-01-01 00:00:00.000000012,5079.8516,96,6
1970-01-01 00:00:00.000000008,5072.3306,96,7
1970-01-01 00:00:00.000000009,5080.026,96,7
1970-01-01 00:00:00.000000010,5083.198,96,7
1970-01-01 00:00:00.000000011,5084.048,96,7
1970-01-01 00:00:00.000000012,5079.8516,96,7
1970-01-01 00:00:00.000000013,5073.814,96,7
1970-01-01 00:00:00.000000009,5080.026,96,8
1970-01-01 00:00:00.000000010,5083.198,96,8
1970-01-01 00:00:00.000000011,5084.048,96,8
1970-01-01 00:00:00.000000012,5079.8516,96,8
1970-01-01 00:00:00.000000013,5073.814,96,8
1970-01-01 00:00:00.000000014,5059.468,96,8
1970-01-01 00:00:00.000000010,5083.198,96,9
1970-01-01 00:00:00.000000011,5084.048,96,9
1970-01-01 00:00:00.000000012,5079.8516,96,9
1970-01-01 00:00:00.000000013,5073.814,96,9
1970-01-01 00:00:00.000000014,5059.468,96,9
1970-01-01 00:00:00.000000015,5051.37,96,9
1970-01-01 00:00:00.000000007,3693.2527,97,6
1970-01-01 00:00:00.000000008,3695.2434,97,6
1970-01-01 00:00:00.000000009,3689.4172,97,6
1970-01-01 00:00:00.000000010,3692.476,97,6
1970-01-01 00:00:00.000000011,3683.216,97,6
1970-01-01 00:00:00.000000012,3674.858,97,6
1970-01-01 00:00:00.000000008,3695.2434,97,7
1970-01-01 00:00:00.000000009,3689.4172,97,7
1970-01-01 00:00:00.000000010,3692.476,97,7
1970-01-01 00:00:00.000000011,3683.216,97,7
1970-01-01 00:00:00.000000012,3674.858,97,7
1970-01-01 00:00:00.000000013,3675.42,97,7
1970-01-01 00:00:00.000000009,3689.4172,97,8
1970-01-01 00:00:00.000000010,3692.476,97,8
1970-01-01 00:00:00.000000011,3683.216,97,8
1970-01-01 00:00:00.000000012,3674.858,97,8
1970-01-01 00:00:00.000000013,3675.42,97,8
1970-01-01 00:00:00.000000014,3660.4714,97,8
1970-01-01 00:00:00.000000010,3692.476,97,9
1970-01-01 00:00:00.000000011,3683.216,97,9
1970-01-01 00:00:00.000000012,3674.858,97,9
1970-01-01 00:00:00.000000013,3675.42,97,9
1970-01-01 00:00:00.000000014,3660.4714,97,9
1970-01-01 00:00:00.000000015,3662.8552,97,9
1970-01-01 00:00:00.000000011,3683.216,97,10
1970-01-01 00:00:00.000000012,3674.858,97,10
1970-01-01 00:00:00.000000013,3675.42,97,10
1970-01-01 00:00:00.000000014,3660.4714,97,10
1970-01-01 00:00:00.000000015,3662.8552,97,10
1970-01-01 00:00:00.000000016,3671.75,97,10
1970-01-01 00:00:00.000000012,3674.858,97,11
1970-01-01 00:00:00.000000013,3675.42,97,11
1970-01-01 00:00:00.000000014,3660.4714,97,11
1970-01-01 00:00:00.000000015,3662.8552,97,11
1970-01-01 00:00:00.000000016,3671.75,97,11
1970-01-01 00:00:00.000000017,3666.6353,97,11
1970-01-01 00:00:00.000000013,3675.42,97,12
1970-01-01 00:00:00.000000014,3660.4714,97,12
1970-01-01 00:00:00.000000015,3662.8552,97,12
1970-01-01 00:00:00.000000016,3671.75,97,12
1970-01-01 00:00:00.000000017,3666.6353,97,12
1970-01-01 00:00:00.000000018,3692.5208,97,12
1970-01-01 00:00:00.000000014,3660.4714,97,13
1970-01-01 00:00:00.000000015,3662.8552,97,13
1970-01-01 00:00:00.000000016,3671.75,97,13
1970-01-01 00:00:00.000000017,3666.6353,97,13
1970-01-01 00:00:00.000000018,3692.5208,97,13
1970-01-01 00:00:00.000000019,3709.4988,97,13
1970-01-01 00:00:00.000000015,3662.8552,97,14
1970-01-01 00:00:00.000000016,3671.75,97,14
1970-01-01 00:00:00.000000017,3666.6353,97,14
1970-01-01 00:00:00.000000018,3692.5208,97,14
1970-01-01 00:00:00.000000019,3709.4988,97,14
1970-01-01 00:00:00.000000020,3694.2234,97,14
1970-01-01 00:00:00.000000016,3671.75,97,15
1970-01-01 00:00:00.000000017,3666.6353,97,15
1970-01-01 00:00:00.000000018,3692.5208,97,15
1970-01-01 00:00:00.000000019,3709.4988,97,15
1970-01-01 00:00:00.000000020,3694.2234,97,15
1970-01-01 00:00:00.000000021,3660.9187,97,15
1970-01-01 00:00:00.000000017,3666.6353,97,16
1970-01-01 00:00:00.000000018,3692.5208,97,16
1970-01-01 00:00:00.000000019,3709.4988,97,16
1970-01-01 00:00:00.000000020,3694.2234,97,16
1970-01-01 00:00:00.000000021,3660.9187,97,16
1970-01-01 00:00:00.000000022,3602.2273,97,16
1970-01-01 00:00:00.000000018,3692.5208,97,17
1970-01-01 00:00:00.000000019,3709.4988,97,17
1970-01-01 00:00:00.000000020,3694.2234,97,17
1970-01-01 00:00:00.000000021,3660.9187,97,17
1970-01-01 00:00:00.000000022,3602.2273,97,17
1970-01-01 00:00:00.000000023,3532.8667,97,17
1970-01-01 00:00:00.000000019,3709.4988,97,18
1970-01-01 00:00:00.000000020,3694.2234,97,18
1970-01-01 00:00:00.000000021,3660.9187,97,18
1970-01-01 00:00:00.000000022,3602.2273,97,18
1970-01-01 00:00:00.000000023,3532.8667,97,18
1970-01-01 00:00:00.000000024,3492.6567,97,18
1970-01-01 00:00:00.000000020,3694.2234,97,19
1970-01-01 00:00:00.000000021,3660.9187,97,19
1970-01-01 00:00:00.000000022,3602.2273,97,19
1970-01-01 00:00:00.000000023,3532.8667,97,19
1970-01-01 00:00:00.000000024,3492.6567,97,19
1970-01-01 00:00:00.000000025,3478.3887,97,19
1970-01-01 00:00:00.000000021,3660.9187,97,20
1970-01-01 00:00:00.000000022,3602.2273,97,20
1970-01-01 00:00:00.000000023,3532.8667,97,20
1970-01-01 00:00:00.000000024,3492.6567,97,20
1970-01-01 00:00:00.000000025,3478.3887,97,20
1970-01-01 00:00:00.000000026,3479.25,97,20
1970-01-01 00:00:00.000000022,3602.2273,97,21
1970-01-01 00:00:00.000000023,3532.8667,97,21
1970-01-01 00:00:00.000000024,3492.6567,97,21
1970-01-01 00:00:00.000000025,3478.3887,97,21
1970-01-01 00:00:00.000000026,3479.25,97,21
1970-01-01 00:00:00.000000027,3500.722,97,21
1970-01-01 00:00:00.000000023,3532.8667,97,22
1970-01-01 00:00:00.000000024,3492.6567,97,22
1970-01-01 00:00:00.000000025,3478.3887,97,22
1970-01-01 00:00:00.000000026,3479.25,97,22
1970-01-01 00:00:00.000000027,3500.722,97,22
1970-01-01 00:00:00.000000028,3504.3533,97,22
1970-01-01 00:00:00.000000024,3492.6567,97,23
1970-01-01 00:00:00.000000025,3478.3887,97,23
1970-01-01 00:00:00.000000026,3479.25,97,23
1970-01-01 00:00:00.000000027,3500.722,97,23
1970-01-01 00:00:00.000000028,3504.3533,97,23
1970-01-01 00:00:00.000000029,3523.4172,97,23
1970-01-01 00:00:00.000000025,3478.3887,97,24
1970-01-01 00:00:00.000000026,3479.25,97,24
1970-01-01 00:00:00.000000027,3500.722,97,24
1970-01-01 00:00:00.000000028,3504.3533,97,24
1970-01-01 00:00:00.000000029,3523.4172,97,24
1970-01-01 00:00:00.000000030,3547.158,97,24
1970-01-01 00:00:00.000000026,3479.25,97,25
1970-01-01 00:00:00.000000027,3500.722,97,25
1970-01-01 00:00:00.000000028,3504.3533,97,25
1970-01-01 00:00:00.000000029,3523.4172,97,25
1970-01-01 00:00:00.000000030,3547.158,97,25
1970-01-01 00:00:00.000000031,3551.442,97,25
1970-01-01 00:00:00.000000027,3500.722,97,26
1970-01-01 00:00:00.000000028,3504.3533,97,26
1970-01-01 00:00:00.000000029,3523.4172,97,26
1970-01-01 00:00:00.000000030,3547.158,97,26
1970-01-01 00:00:00.000000031,3551.442,97,26
1970-01-01 00:00:00.000000032,3574.994,97,26
1970-01-01 00:00:00.000000028,3504.3533,97,27
1970-01-01 00:00:00.000000029,3523.4172,97,27
1970-01-01 00:00:00.000000030,3547.158,97,27
1970-01-01 00:00:00.000000031,3551.442,97,27
1970-01-01 00:00:00.000000032,3574.994,97,27
1970-01-01 00:00:00.000000033,3592.2026,97,27
1970-01-01 00:00:00.000000029,3523.4172,97,28
1970-01-01 00:00:00.000000030,3547.158,97,28
1970-01-01 00:00:00.000000031,3551.442,97,28
1970-01-01 00:00:00.000000032,3574.994,97,28
1970-01-01 00:00:00.000000033,3592.2026,97,28
1970-01-01 00:00:00.000000034,3592.2913,97,28
1970-01-01 00:00:00.000000030,3547.158,97,29
1970-01-01 00:00:00.000000031,3551.442,97,29
1970-01-01 00:00:00.000000032,3574.994,97,29
1970-01-01 00:00:00.000000033,3592.2026,97,29
1970-01-01 00:00:00.000000034,3592.2913,97,29
1970-01-01 00:00:00.000000035,3603.36,97,29
1970-01-01 00:00:00.000000031,3551.442,97,30
1970-01-01 00:00:00.000000032,3574.994,97,30
1970-01-01 00:00:00.000000033,3592.2026,97,30
1970-01-01 00:00:00.000000034,3592.2913,97,30
1970-01-01 00:00:00.000000035,3603.36,97,30
1970-01-01 00:00:00.000000036,3618.8267,97,30
1970-01-01 00:00:00.000000032,3574.994,97,31
1970-01-01 00:00:00.000000033,3592.2026,97,31
1970-01-01 00:00:00.000000034,3592.2913,97,31
1970-01-01 00:00:00.000000035,3603.36,97,31
1970-01-01 00:00:00.000000036,3618.8267,97,31
1970-01-01 00:00:00.000000037,3612.1548,97,31
1970-01-01 00:00:00.000000033,3592.2026,97,32
1970-01-01 00:00:00.000000034,3592.2913,97,32
1970-01-01 00:00:00.000000035,3603.36,97,32
1970-01-01 00:00:00.000000036,3618.8267,97,32
1970-01-01 00:00:00.000000037,3612.1548,97,32
1970-01-01 00:00:00.000000038,3620.1807,97,32
1970-01-01 00:00:00.000000034,3592.2913,97,33
1970-01-01 00:00:00.000000035,3603.36,97,33
1970-01-01 00:00:00.000000036,3618.8267,97,33
1970-01-01 00:00:00.000000037,3612.1548,97,33
1970-01-01 00:00:00.000000038,3620.1807,97,33
1970-01-01 00:00:00.000000039,3628.636,97,33
1970-01-01 00:00:00.000000035,3603.36,97,34
1970-01-01 00:00:00.000000036,3618.8267,97,34
1970-01-01 00:00:00.000000037,3612.1548,97,34
1970-01-01 00:00:00.000000038,3620.1807,97,34
1970-01-01 00:00:00.000000039,3628.636,97,34
1970-01-01 00:00:00.000000040,3623.7427,97,34
1970-01-01 00:00:00.000000036,3618.8267,97,35
1970-01-01 00:00:00.000000037,3612.1548,97,35
1970-01-01 00:00:00.000000038,3620.1807,97,35
1970-01-01 00:00:00.000000039,3628.636,97,35
1970-01-01 00:00:00.000000040,3623.7427,97,35
1970-01-01 00:00:00.000000041,3642.914,97,35
1970-01-01 00:00:00.000000037,3612.1548,97,36
1970-01-01 00:00:00.000000038,3620.1807,97,36
1970-01-01 00:00:00.000000039,3628.636,97,36
1970-01-01 00:00:00.000000040,3623.7427,97,36
1970-01-01 00:00:00.000000041,3642.914,97,36
1970-01-01 00:00:00.000000042,3649.8186,97,36
1970-01-01 00:00:00.000000038,3620.1807,97,37
1970-01-01 00:00:00.000000039,3628.636,97,37
1970-01-01 00:00:00.000000040,3623.7427,97,37
1970-01-01 00:00:00.000000041,3642.914,97,37
1970-01-01 00:00:00.000000042,3649.8186,97,37
1970-01-01 00:00:00.000000043,3646.64,97,37
1970-01-01 00:00:00.000000039,3628.636,97,38
1970-01-01 00:00:00.000000040,3623.7427,97,38
1970-01-01 00:00:00.000000041,3642.914,97,38
1970-01-01 00:00:00.000000042,3649.8186,97,38
1970-01-01 00:00:00.000000043,3646.64,97,38
1970-01-01 00:00:00.000000044,3654.0586,97,38
1970-01-01 00:00:00.000000040,3623.7427,97,39
1970-01-01 00:00:00.000000041,3642.914,97,39
1970-01-01 00:00:00.000000042,3649.8186,97,39
1970-01-01 00:00:00.000000043,3646.64,97,39
1970-01-01 00:00:00.000000044,3654.0586,97,39
1970-01-01 00:00:00.000000045,3642.648,97,39
1970-01-01 00:00:00.000000041,3642.914,97,40
1970-01-01 00:00:00.000000042,3649.8186,97,40
1970-01-01 00:00:00.000000043,3646.64,97,40
1970-01-01 00:00:00.000000044,3654.0586,97,40
1970-01-01 00:00:00.000000045,3642.648,97,40
1970-01-01 00:00:00.000000046,3640.998,97,40
1970-01-01 00:00:00.000000042,3649.8186,97,41
1970-01-01 00:00:00.000000043,3646.64,97,41
1970-01-01 00:00:00.000000044,3654.0586,97,41
1970-01-01 00:00:00.000000045,3642.648,97,41
1970-01-01 00:00:00.000000046,3640.998,97,41
1970-01-01 00:00:00.000000047,3651.9146,97,41
1970-01-01 00:00:00.000000043,3646.64,97,42
1970-01-01 00:00:00.000000044,3654.0586,97,42
1970-01-01 00:00:00.000000045,3642.648,97,42
1970-01-01 00:00:00.000000046,3640.998,97,42
1970-01-01 00:00:00.000000047,3651.9146,97,42
1970-01-01 00:00:00.000000048,3646.8972,97,42
1970-01-01 00:00:00.000000044,3654.0586,97,43
1970-01-01 00:00:00.000000045,3642.648,97,43
1970-01-01 00:00:00.000000046,3640.998,97,43
1970-01-01 00:00:00.000000047,3651.9146,97,43
1970-01-01 00:00:00.000000048,3646.8972,97,43
1970-01-01 00:00:00.000000049,3653.7373,97,43
1970-01-01 00:00:00.000000045,3642.648,97,44
1970-01-01 00:00:00.000000046,3640.998,97,44
1970-01-01 00:00:00.000000047,3651.9146,97,44
1970-01-01 00:00:00.000000048,3646.8972,97,44
1970-01-01 00:00:00.000000049,3653.7373,97,44
1970-01-01 00:00:00.000000050,3667.5693,97,44
1970-01-01 00:00:00.000000046,3640.998,97,45
1970-01-01 00:00:00.000000047,3651.9146,97,45
1970-01-01 00:00:00.000000048,3646.8972,97,45
1970-01-01 00:00:00.000000049,3653.7373,97,45
1970-01-01 00:00:00.000000050,3667.5693,97,45
1970-01-01 00:00:00.000000051,3660.206,97,45
1970-01-01 00:00:00.000000047,3651.9146,97,46
1970-01-01 00:00:00.000000048,3646.8972,97,46
1970-01-01 00:00:00.000000049,3653.7373,97,46
1970-01-01 00:00:00.000000050,3667.5693,97,46
1970-01-01 00:00:00.000000051,3660.206,97,46
1970-01-01 00:00:00.000000052,3653.494,97,46
1970-01-01 00:00:00.000000048,3646.8972,97,47
1970-01-01 00:00:00.000000049,3653.7373,97,47
1970-01-01 00:00:00.000000050,3667.5693,97,47
1970-01-01 00:00:00.000000051,3660.206,97,47
1970-01-01 00:00:00.000000052,3653.494,97,47
1970-01-01 00:00:00.000000053,3649.0894,97,47
1970-01-01 00:00:00.000000049,3653.7373,97,48
1970-01-01 00:00:00.000000050,3667.5693,97,48
1970-01-01 00:00:00.000000051,3660.206,97,48
1970-01-01 00:00:00.000000052,3653.494,97,48
1970-01-01 00:00:00.000000053,3649.0894,97,48
1970-01-01 00:00:00.000000054,3622.272,97,48
1970-01-01 00:00:00.000000050,3667.5693,97,49
1970-01-01 00:00:00.000000051,3660.206,97,49
1970-01-01 00:00:00.000000052,3653.494,97,49
1970-01-01 00:00:00.000000053,3649.0894,97,49
1970-01-01 00:00:00.000000054,3622.272,97,49
1970-01-01 00:00:00.000000055,3624.624,97,49
1970-01-01 00:00:00.000000051,3660.206,97,50
1970-01-01 00:00:00.000000052,3653.494,97,50
1970-01-01 00:00:00.000000053,3649.0894,97,50
1970-01-01 00:00:00.000000054,3622.272,97,50
1970-01-01 00:00:00.000000055,3624.624,97,50
1970-01-01 00:00:00.000000056,3635.4727,97,50
1970-01-01 00:00:00.000000052,3653.494,97,51
1970-01-01 00:00:00.000000053,3649.0894,97,51
1970-01-01 00:00:00.000000054,3622.272,97,51
1970-01-01 00:00:00.000000055,3624.624,97,51
1970-01-01 00:00:00.000000056,3635.4727,97,51
1970-01-01 00:00:00.000000057,3637.1348,97,51
1970-01-01 00:00:00.000000053,3649.0894,97,52
1970-01-01 00:00:00.000000054,3622.272,97,52
1970-01-01 00:00:00.000000055,3624.624,97,52
1970-01-01 00:00:00.000000056,3635.4727,97,52
1970-01-01 00:00:00.000000057,3637.1348,97,52
1970-01-01 00:00:00.000000058,3656.188,97,52
1970-01-01 00:00:00.000000054,3622.272,97,53
1970-01-01 00:00:00.000000055,3624.624,97,53
1970-01-01 00:00:00.000000056,3635.4727,97,53
1970-01-01 00:00:00.000000057,3637.1348,97,53
1970-01-01 00:00:00.000000058,3656.188,97,53
1970-01-01 00:00:00.000000059,3653.8733,97,53
1970-01-01 00:00:00.000000055,3624.624,97,54
1970-01-01 00:00:00.000000056,3635.4727,97,54
1970-01-01 00:00:00.000000057,3637.1348,97,54
1970-01-01 00:00:00.000000058,3656.188,97,54
1970-01-01 00:00:00.000000059,3653.8733,97,54
1970-01-01 00:00:00.000000060,3645.8794,97,54
1970-01-01 00:00:00.000000056,3635.4727,97,55
1970-01-01 00:00:00.000000057,3637.1348,97,55
1970-01-01 00:00:00.000000058,3656.188,97,55
1970-01-01 00:00:00.000000059,3653.8733,97,55
1970-01-01 00:00:00.000000060,3645.8794,97,55
1970-01-01 00:00:00.000000061,3654.7566,97,55
1970-01-01 00:00:00.000000057,3637.1348,97,56
1970-01-01 00:00:00.000000058,3656.188,97,56
1970-01-01 00:00:00.000000059,3653.8733,97,56
1970-01-01 00:00:00.000000060,3645.8794,97,56
1970-01-01 00:00:00.000000061,3654.7566,97,56
1970-01-01 00:00:00.000000062,3654.468,97,56
1970-01-01 00:00:00.000000058,3656.188,97,57
1970-01-01 00:00:00.000000059,3653.8733,97,57
1970-01-01 00:00:00.000000060,3645.8794,97,57
1970-01-01 00:00:00.000000061,3654.7566,97,57
1970-01-01 00:00:00.000000062,3654.468,97,57
1970-01-01 00:00:00.000000063,3655.52,97,57
1970-01-01 00:00:00.000000059,3653.8733,97,58
1970-01-01 00:00:00.000000060,3645.8794,97,58
1970-01-01 00:00:00.000000061,3654.7566,97,58
1970-01-01 00:00:00.000000062,3654.468,97,58
1970-01-01 00:00:00.000000063,3655.52,97,58
1970-01-01 00:00:00.000000064,3667.958,97,58
1970-01-01 00:00:00.000000060,3645.8794,97,59
1970-01-01 00:00:00.000000061,3654.7566,97,59
1970-01-01 00:00:00.000000062,3654.468,97,59
1970-01-01 00:00:00.000000063,3655.52,97,59
1970-01-01 00:00:00.000000064,3667.958,97,59
1970-01-01 00:00:00.000000065,3657.7607,97,59
1970-01-01 00:00:00.000000061,3654.7566,97,60
1970-01-01 00:00:00.000000062,3654.468,97,60
1970-01-01 00:00:00.000000063,3655.52,97,60
1970-01-01 00:00:00.000000064,3667.958,97,60
1970-01-01 00:00:00.000000065,3657.7607,97,60
1970-01-01 00:00:00.000000066,3653.964,97,60
1970-01-01 00:00:00.000000062,3654.468,97,61
1970-01-01 00:00:00.000000063,3655.52,97,61
1970-01-01 00:00:00.000000064,3667.958,97,61
1970-01-01 00:00:00.000000065,3657.7607,97,61
1970-01-01 00:00:00.000000066,3653.964,97,61
1970-01-01 00:00:00.000000067,3663.6553,97,61
1970-01-01 00:00:00.000000063,3655.52,97,62
1970-01-01 00:00:00.000000064,3667.958,97,62
1970-01-01 00:00:00.000000065,3657.7607,97,62
1970-01-01 00:00:00.000000066,3653.964,97,62
1970-01-01 00:00:00.000000067,3663.6553,97,62
1970-01-01 00:00:00.000000068,3651.352,97,62
1970-01-01 00:00:00.000000064,3667.958,97,63
1970-01-01 00:00:00.000000065,3657.7607,97,63
1970-01-01 00:00:00.000000066,3653.964,97,63
1970-01-01 00:00:00.000000067,3663.6553,97,63
1970-01-01 00:00:00.000000068,3651.352,97,63
1970-01-01 00:00:00.000000069,3651.1333,97,63
1970-01-01 00:00:00.000000065,3657.7607,97,64
1970-01-01 00:00:00.000000066,3653.964,97,64
1970-01-01 00:00:00.000000067,3663.6553,97,64
1970-01-01 00:00:00.000000068,3651.352,97,64
1970-01-01 00:00:00.000000069,3651.1333,97,64
1970-01-01 00:00:00.000000070,3647.546,97,64
1970-01-01 00:00:00.000000066,3653.964,97,65
1970-01-01 00:00:00.000000067,3663.6553,97,65
1970-01-01 00:00:00.000000068,3651.352,97,65
1970-01-01 00:00:00.000000069,3651.1333,97,65
1970-01-01 00:00:00.000000070,3647.546,97,65
1970-01-01 00:00:00.000000071,3625.9226,97,65
1970-01-01 00:00:00.000000067,3663.6553,97,66
1970-01-01 00:00:00.000000068,3651.352,97,66
1970-01-01 00:00:00.000000069,3651.1333,97,66
1970-01-01 00:00:00.000000070,3647.546,97,66
1970-01-01 00:00:00.000000071,3625.9226,97,66
1970-01-01 00:00:00.000000072,3628.4607,97,66
1970-01-01 00:00:00.000000068,3651.352,97,67
1970-01-01 00:00:00.000000069,3651.1333,97,67
1970-01-01 00:00:00.000000070,3647.546,97,67
1970-01-01 00:00:00.000000071,3625.9226,97,67
1970-01-01 00:00:00.000000072,3628.4607,97,67
1970-01-01 00:00:00.000000073,3627.7373,97,67
1970-01-01 00:00:00.000000069,3651.1333,97,68
1970-01-01 00:00:00.000000070,3647.546,97,68
1970-01-01 00:00:00.000000071,3625.9226,97,68
1970-01-01 00:00:00.000000072,3628.4607,97,68
1970-01-01 00:00:00.000000073,3627.7373,97,68
1970-01-01 00:00:00.000000074,3621.026,97,68
1970-01-01 00:00:00.000000070,3647.546,97,69
1970-01-01 00:00:00.000000071,3625.9226,97,69
1970-01-01 00:00:00.000000072,3628.4607,97,69
1970-01-01 00:00:00.000000073,3627.7373,97,69
1970-01-01 00:00:00.000000074,3621.026,97,69
1970-01-01 00:00:00.000000075,3630.272,97,69
1970-01-01 00:00:00.000000071,3625.9226,97,70
1970-01-01 00:00:00.000000072,3628.4607,97,70
1970-01-01 00:00:00.000000073,3627.7373,97,70
1970-01-01 00:00:00.000000074,3621.026,97,70
1970-01-01 00:00:00.000000075,3630.272,97,70
1970-01-01 00:00:00.000000076,3628.2493,97,70
1970-01-01 00:00:00.000000072,3628.4607,97,71
1970-01-01 00:00:00.000000073,3627.7373,97,71
1970-01-01 00:00:00.000000074,3621.026,97,71
1970-01-01 00:00:00.000000075,3630.272,97,71
1970-01-01 00:00:00.000000076,3628.2493,97,71
1970-01-01 00:00:00.000000077,3625.2654,97,71
1970-01-01 00:00:00.000000073,3627.7373,97,72
1970-01-01 00:00:00.000000074,3621.026,97,72
1970-01-01 00:00:00.000000075,3630.272,97,72
1970-01-01 00:00:00.000000076,3628.2493,97,72
1970-01-01 00:00:00.000000077,3625.2654,97,72
1970-01-01 00:00:00.000000078,3638.5312,97,72
1970-01-01 00:00:00.000000074,3621.026,97,73
1970-01-01 00:00:00.000000075,3630.272,97,73
1970-01-01 00:00:00.000000076,3628.2493,97,73
1970-01-01 00:00:00.000000077,3625.2654,97,73
1970-01-01 00:00:00.000000078,3638.5312,97,73
1970-01-01 00:00:00.000000079,3640.0286,97,73
1970-01-01 00:00:00.000000075,3630.272,97,74
1970-01-01 00:00:00.000000076,3628.2493,97,74
1970-01-01 00:00:00.000000077,3625.2654,97,74
1970-01-01 00:00:00.000000078,3638.5312,97,74
1970-01-01 00:00:00.000000079,3640.0286,97,74
1970-01-01 00:00:00.000000080,3643.694,97,74
1970-01-01 00:00:00.000000076,3628.2493,97,75
1970-01-01 00:00:00.000000077,3625.2654,97,75
1970-01-01 00:00:00.000000078,3638.5312,97,75
1970-01-01 00:00:00.000000079,3640.0286,97,75
1970-01-01 00:00:00.000000080,3643.694,97,75
1970-01-01 00:00:00.000000081,3658.1106,97,75
1970-01-01 00:00:00.000000077,3625.2654,97,76
1970-01-01 00:00:00.000000078,3638.5312,97,76
1970-01-01 00:00:00.000000079,3640.0286,97,76
1970-01-01 00:00:00.000000080,3643.694,97,76
1970-01-01 00:00:00.000000081,3658.1106,97,76
1970-01-01 00:00:00.000000082,3650.5667,97,76
1970-01-01 00:00:00.000000078,3638.5312,97,77
1970-01-01 00:00:00.000000079,3640.0286,97,77
1970-01-01 00:00:00.000000080,3643.694,97,77
1970-01-01 00:00:00.000000081,3658.1106,97,77
1970-01-01 00:00:00.000000082,3650.5667,97,77
1970-01-01 00:00:00.000000083,3644.4753,97,77
1970-01-01 00:00:00.000000079,3640.0286,97,78
1970-01-01 00:00:00.000000080,3643.694,97,78
1970-01-01 00:00:00.000000081,3658.1106,97,78
1970-01-01 00:00:00.000000082,3650.5667,97,78
1970-01-01 00:00:00.000000083,3644.4753,97,78
1970-01-01 00:00:00.000000084,3647.5527,97,78
1970-01-01 00:00:00.000000080,3643.694,97,79
1970-01-01 00:00:00.000000081,3658.1106,97,79
1970-01-01 00:00:00.000000082,3650.5667,97,79
1970-01-01 00:00:00.000000083,3644.4753,97,79
1970-01-01 00:00:00.000000084,3647.5527,97,79
1970-01-01 00:00:00.000000085,3634.1753,97,79
1970-01-01 00:00:00.000000081,3658.1106,97,80
1970-01-01 00:00:00.000000082,3650.5667,97,80
1970-01-01 00:00:00.000000083,3644.4753,97,80
1970-01-01 00:00:00.000000084,3647.5527,97,80
1970-01-01 00:00:00.000000085,3634.1753,97,80
1970-01-01 00:00:00.000000086,3638.786,97,80
1970-01-01 00:00:00.000000082,3650.5667,97,81
1970-01-01 00:00:00.000000083,3644.4753,97,81
1970-01-01 00:00:00.000000084,3647.5527,97,81
1970-01-01 00:00:00.000000085,3634.1753,97,81
1970-01-01 00:00:00.000000086,3638.786,97,81
1970-01-01 00:00:00.000000087,3646.486,97,81
1970-01-01 00:00:00.000000083,3644.4753,97,82
1970-01-01 00:00:00.000000084,3647.5527,97,82
1970-01-01 00:00:00.000000085,3634.1753,97,82
1970-01-01 00:00:00.000000086,3638.786,97,82
1970-01-01 00:00:00.000000087,3646.486,97,82
1970-01-01 00:00:00.000000088,3632.3774,97,82
1970-01-01 00:00:00.000000084,3647.5527,97,83
1970-01-01 00:00:00.000000085,3634.1753,97,83
1970-01-01 00:00:00.000000086,3638.786,97,83
1970-01-01 00:00:00.000000087,3646.486,97,83
1970-01-01 00:00:00.000000088,3632.3774,97,83
1970-01-01 00:00:00.000000089,3639.21,97,83
1970-01-01 00:00:00.000000085,3634.1753,97,84
1970-01-01 00:00:00.000000086,3638.786,97,84
1970-01-01 00:00:00.000000087,3646.486,97,84
1970-01-01 00:00:00.000000088,3632.3774,97,84
1970-01-01 00:00:00.000000089,3639.21,97,84
1970-01-01 00:00:00.000000090,3637.3713,97,84
1970-01-01 00:00:00.000000086,3638.786,97,85
1970-01-01 00:00:00.000000087,3646.486,97,85
1970-01-01 00:00:00.000000088,3632.3774,97,85
1970-01-01 00:00:00.000000089,3639.21,97,85
1970-01-01 00:00:00.000000090,3637.3713,97,85
1970-01-01 00:00:00.000000091,3621.6133,97,85
1970-01-01 00:00:00.000000087,3646.486,97,86
1970-01-01 00:00:00.000000088,3632.3774,97,86
1970-01-01 00:00:00.000000089,3639.21,97,86
1970-01-01 00:00:00.000000090,3637.3713,97,86
1970-01-01 00:00:00.000000091,3621.6133,97,86
1970-01-01 00:00:00.000000092,3633.314,97,86
1970-01-01 00:00:00.000000088,3632.3774,97,87
1970-01-01 00:00:00.000000089,3639.21,97,87
1970-01-01 00:00:00.000000090,3637.3713,97,87
1970-01-01 00:00:00.000000091,3621.6133,97,87
1970-01-01 00:00:00.000000092,3633.314,97,87
1970-01-01 00:00:00.000000093,3625.9526,97,87
1970-01-01 00:00:00.000000089,3639.21,97,88
1970-01-01 00:00:00.000000090,3637.3713,97,88
1970-01-01 00:00:00.000000091,3621.6133,97,88
1970-01-01 00:00:00.000000092,3633.314,97,88
1970-01-01 00:00:00.000000093,3625.9526,97,88
1970-01-01 00:00:00.000000094,3616.0728,97,88
1970-01-01 00:00:00.000000090,3637.3713,97,89
1970-01-01 00:00:00.000000091,3621.6133,97,89
1970-01-01 00:00:00.000000092,3633.314,97,89
1970-01-01 00:00:00.000000093,3625.9526,97,89
1970-01-01 00:00:00.000000094,3616.0728,97,89
1970-01-01 00:00:00.000000095,3631.6487,97,89
1970-01-01 00:00:00.000000091,3621.6133,97,90
1970-01-01 00:00:00.000000092,3633.314,97,90
1970-01-01 00:00:00.000000093,3625.9526,97,90
1970-01-01 00:00:00.000000094,3616.0728,97,90
1970-01-01 00:00:00.000000095,3631.6487,97,90
1970-01-01 00:00:00.000000096,3622.0266,97,90
1970-01-01 00:00:00.000000092,3633.314,97,91
1970-01-01 00:00:00.000000093,3625.9526,97,91
1970-01-01 00:00:00.000000094,3616.0728,97,91
1970-01-01 00:00:00.000000095,3631.6487,97,91
1970-01-01 00:00:00.000000096,3622.0266,97,91
1970-01-01 00:00:00.000000097,3614.682,97,91
1970-01-01 00:00:00.000000093,3625.9526,97,92
1970-01-01 00:00:00.000000094,3616.0728,97,92
1970-01-01 00:00:00.000000095,3631.6487,97,92
1970-01-01 00:00:00.000000096,3622.0266,97,92
1970-01-01 00:00:00.000000097,3614.682,97,92
1970-01-01 00:00:00.000000098,3625.93,97,92
1970-01-01 00:00:00.000000094,3616.0728,97,93
1970-01-01 00:00:00.000000095,3631.6487,97,93
1970-01-01 00:00:00.000000096,3622.0266,97,93
1970-01-01 00:00:00.000000097,3614.682,97,93
1970-01-01 00:00:00.000000098,3625.93,97,93
1970-01-01 00:00:00.000000099,3615.0786,97,93
1970-01-01 00:00:00.000000095,3631.6487,97,94
1970-01-01 00:00:00.000000096,3622.0266,97,94
1970-01-01 00:00:00.000000097,3614.682,97,94
1970-01-01 00:00:00.000000098,3625.93,97,94
1970-01-01 00:00:00.000000099,3615.0786,97,94
1970-01-01 00:00:00.000000100,3610.7727,97,94
1970-01-01 00:00:00.000000096,3622.0266,97,95
1970-01-01 00:00:00.000000097,3614.682,97,95
1970-01-01 00:00:00.000000098,3625.93,97,95
1970-01-01 00:00:00.000000099,3615.0786,97,95
1970-01-01 00:00:00.000000100,3610.7727,97,95
1970-01-01 00:00:00.000000101,3600.386,97,95
1970-01-01 00:00:00.000000097,3614.682,97,96
1970-01-01 00:00:00.000000098,3625.93,97,96
1970-01-01 00:00:00.000000099,3615.0786,97,96
1970-01-01 00:00:00.000000100,3610.7727,97,96
1970-01-01 00:00:00.000000101,3600.386,97,96
1970-01-01 00:00:00.000000102,3568.2927,97,96
1970-01-01 00:00:00.000000098,3625.93,97,97
1970-01-01 00:00:00.000000099,3615.0786,97,97
1970-01-01 00:00:00.000000100,3610.7727,97,97
1970-01-01 00:00:00.000000101,3600.386,97,97
1970-01-01 00:00:00.000000102,3568.2927,97,97
1970-01-01 00:00:00.000000103,3557.7747,97,97
1970-01-01 00:00:00.000000099,3615.0786,97,98
1970-01-01 00:00:00.000000100,3610.7727,97,98
1970-01-01 00:00:00.000000101,3600.386,97,98
1970-01-01 00:00:00.000000102,3568.2927,97,98
1970-01-01 00:00:00.000000103,3557.7747,97,98
1970-01-01 00:00:00.000000104,3558.1653,97,98
1970-01-01 00:00:00.000000100,3610.7727,97,99
1970-01-01 00:00:00.000000101,3600.386,97,99
1970-01-01 00:00:00.000000102,3568.2927,97,99
1970-01-01 00:00:00.000000103,3557.7747,97,99
1970-01-01 00:00:00.000000104,3558.1653,97,99
1970-01-01 00:00:00.000000105,3566.15,97,99
1970-01-01 00:00:00.000000101,3600.386,97,100
1970-01-01 00:00:00.000000102,3568.2927,97,100
1970-01-01 00:00:00.000000103,3557.7747,97,100
1970-01-01 00:00:00.000000104,3558.1653,97,100
1970-01-01 00:00:00.000000105,3566.15,97,100
1970-01-01 00:00:00.000000106,3594.71,97,100
1970-01-01 00:00:00.000000102,3568.2927,97,101
1970-01-01 00:00:00.000000103,3557.7747,97,101
1970-01-01 00:00:00.000000104,3558.1653,97,101
1970-01-01 00:00:00.000000105,3566.15,97,101
1970-01-01 00:00:00.000000106,3594.71,97,101
1970-01-01 00:00:00.000000107,3611.0173,97,101
1970-01-01 00:00:00.000000103,3557.7747,97,102
1970-01-01 00:00:00.000000104,3558.1653,97,102
1970-01-01 00:00:00.000000105,3566.15,97,102
1970-01-01 00:00:00.000000106,3594.71,97,102
1970-01-01 00:00:00.000000107,3611.0173,97,102
1970-01-01 00:00:00.000000108,3617.7708,97,102
1970-01-01 00:00:00.000000104,3558.1653,97,103
1970-01-01 00:00:00.000000105,3566.15,97,103
1970-01-01 00:00:00.000000106,3594.71,97,103
1970-01-01 00:00:00.000000107,3611.0173,97,103
1970-01-01 00:00:00.000000108,3617.7708,97,103
1970-01-01 00:00:00.000000109,3636.99,97,103
1970-01-01 00:00:00.000000105,3566.15,97,104
1970-01-01 00:00:00.000000106,3594.71,97,104
1970-01-01 00:00:00.000000107,3611.0173,97,104
1970-01-01 00:00:00.000000108,3617.7708,97,104
1970-01-01 00:00:00.000000109,3636.99,97,104
1970-01-01 00:00:00.000000110,3647.0647,97,104
1970-01-01 00:00:00.000000106,3594.71,97,105
1970-01-01 00:00:00.000000107,3611.0173,97,105
1970-01-01 00:00:00.000000108,3617.7708,97,105
1970-01-01 00:00:00.000000109,3636.99,97,105
1970-01-01 00:00:00.000000110,3647.0647,97,105
1970-01-01 00:00:00.000000111,3654.5012,97,105
1970-01-01 00:00:00.000000107,3611.0173,97,106
1970-01-01 00:00:00.000000108,3617.7708,97,106
1970-01-01 00:00:00.000000109,3636.99,97,106
1970-01-01 00:00:00.000000110,3647.0647,97,106
1970-01-01 00:00:00.000000111,3654.5012,97,106
1970-01-01 00:00:00.000000112,3674.4385,97,106
1970-01-01 00:00:00.000000007,5152.391,98,6
1970-01-01 00:00:00.000000008,5180.46,98,6
1970-01-01 00:00:00.000000009,5194.426,98,6
1970-01-01 00:00:00.000000010,5178.926,98,6
1970-01-01 00:00:00.000000011,5181.381,98,6
1970-01-01 00:00:00.000000012,5173.4087,98,6
1970-01-01 00:00:00.000000008,5180.46,98,7
1970-01-01 00:00:00.000000009,5194.426,98,7
1970-01-01 00:00:00.000000010,5178.926,98,7
1970-01-01 00:00:00.000000011,5181.381,98,7
1970-01-01 00:00:00.000000012,5173.4087,98,7
1970-01-01 00:00:00.000000013,5169.394,98,7
1970-01-01 00:00:00.000000009,5194.426,98,8
1970-01-01 00:00:00.000000010,5178.926,98,8
1970-01-01 00:00:00.000000011,5181.381,98,8
1970-01-01 00:00:00.000000012,5173.4087,98,8
1970-01-01 00:00:00.000000013,5169.394,98,8
1970-01-01 00:00:00.000000014,5186.767,98,8
1970-01-01 00:00:00.000000010,5178.926,98,9
1970-01-01 00:00:00.000000011,5181.381,98,9
1970-01-01 00:00:00.000000012,5173.4087,98,9
1970-01-01 00:00:00.000000013,5169.394,98,9
1970-01-01 00:00:00.000000014,5186.767,98,9
1970-01-01 00:00:00.000000015,5189.551,98,9
1970-01-01 00:00:00.000000011,5181.381,98,10
1970-01-01 00:00:00.000000012,5173.4087,98,10
1970-01-01 00:00:00.000000013,5169.394,98,10
1970-01-01 00:00:00.000000014,5186.767,98,10
1970-01-01 00:00:00.000000015,5189.551,98,10
1970-01-01 00:00:00.000000016,5193.622,98,10
1970-01-01 00:00:00.000000012,5173.4087,98,11
1970-01-01 00:00:00.000000013,5169.394,98,11
1970-01-01 00:00:00.000000014,5186.767,98,11
1970-01-01 00:00:00.000000015,5189.551,98,11
1970-01-01 00:00:00.000000016,5193.622,98,11
1970-01-01 00:00:00.000000017,5207.6973,98,11
1970-01-01 00:00:00.000000013,5169.394,98,12
1970-01-01 00:00:00.000000014,5186.767,98,12
1970-01-01 00:00:00.000000015,5189.551,98,12
1970-01-01 00:00:00.000000016,5193.622,98,12
1970-01-01 00:00:00.000000017,5207.6973,98,12
1970-01-01 00:00:00.000000018,5199.898,98,12
1970-01-01 00:00:00.000000014,5186.767,98,13
1970-01-01 00:00:00.000000015,5189.551,98,13
1970-01-01 00:00:00.000000016,5193.622,98,13
1970-01-01 00:00:00.000000017,5207.6973,98,13
1970-01-01 00:00:00.000000018,5199.898,98,13
1970-01-01 00:00:00.000000019,5184.9053,98,13
1970-01-01 00:00:00.000000015,5189.551,98,14
1970-01-01 00:00:00.000000016,5193.622,98,14
1970-01-01 00:00:00.000000017,5207.6973,98,14
1970-01-01 00:00:00.000000018,5199.898,98,14
1970-01-01 00:00:00.000000019,5184.9053,98,14
1970-01-01 00:00:00.000000020,5169.77,98,14
1970-01-01 00:00:00.000000016,5193.622,98,15
1970-01-01 00:00:00.000000017,5207.6973,98,15
1970-01-01 00:00:00.000000018,5199.898,98,15
1970-01-01 00:00:00.000000019,5184.9053,98,15
1970-01-01 00:00:00.000000020,5169.77,98,15
1970-01-01 00:00:00.000000021,5148.0,98,15
1970-01-01 00:00:00.000000017,5207.6973,98,16
1970-01-01 00:00:00.000000018,5199.898,98,16
1970-01-01 00:00:00.000000019,5184.9053,98,16
1970-01-01 00:00:00.000000020,5169.77,98,16
1970-01-01 00:00:00.000000021,5148.0,98,16
1970-01-01 00:00:00.000000022,5151.6636,98,16
1970-01-01 00:00:00.000000018,5199.898,98,17
1970-01-01 00:00:00.000000019,5184.9053,98,17
1970-01-01 00:00:00.000000020,5169.77,98,17
1970-01-01 00:00:00.000000021,5148.0,98,17
1970-01-01 00:00:00.000000022,5151.6636,98,17
1970-01-01 00:00:00.000000023,5159.8687,98,17
1970-01-01 00:00:00.000000019,5184.9053,98,18
1970-01-01 00:00:00.000000020,5169.77,98,18
1970-01-01 00:00:00.000000021,5148.0,98,18
1970-01-01 00:00:00.000000022,5151.6636,98,18
1970-01-01 00:00:00.000000023,5159.8687,98,18
1970-01-01 00:00:00.000000024,5146.653,98,18
1970-01-01 00:00:00.000000020,5169.77,98,19
1970-01-01 00:00:00.000000021,5148.0,98,19
1970-01-01 00:00:00.000000022,5151.6636,98,19
1970-01-01 00:00:00.000000023,5159.8687,98,19
1970-01-01 00:00:00.000000024,5146.653,98,19
1970-01-01 00:00:00.000000025,5126.3135,98,19
1970-01-01 00:00:00.000000021,5148.0,98,20
1970-01-01 00:00:00.000000022,5151.6636,98,20
1970-01-01 00:00:00.000000023,5159.8687,98,20
1970-01-01 00:00:00.000000024,5146.653,98,20
1970-01-01 00:00:00.000000025,5126.3135,98,20
1970-01-01 00:00:00.000000026,5090.4976,98,20
1970-01-01 00:00:00.000000022,5151.6636,98,21
1970-01-01 00:00:00.000000023,5159.8687,98,21
1970-01-01 00:00:00.000000024,5146.653,98,21
1970-01-01 00:00:00.000000025,5126.3135,98,21
1970-01-01 00:00:00.000000026,5090.4976,98,21
1970-01-01 00:00:00.000000027,5060.666,98,21
1970-01-01 00:00:00.000000023,5159.8687,98,22
1970-01-01 00:00:00.000000024,5146.653,98,22
1970-01-01 00:00:00.000000025,5126.3135,98,22
1970-01-01 00:00:00.000000026,5090.4976,98,22
1970-01-01 00:00:00.000000027,5060.666,98,22
1970-01-01 00:00:00.000000028,5058.0894,98,22
1970-01-01 00:00:00.000000024,5146.653,98,23
1970-01-01 00:00:00.000000025,5126.3135,98,23
1970-01-01 00:00:00.000000026,5090.4976,98,23
1970-01-01 00:00:00.000000027,5060.666,98,23
1970-01-01 00:00:00.000000028,5058.0894,98,23
1970-01-01 00:00:00.000000029,5058.073,98,23
1970-01-01 00:00:00.000000025,5126.3135,98,24
1970-01-01 00:00:00.000000026,5090.4976,98,24
1970-01-01 00:00:00.000000027,5060.666,98,24
1970-01-01 00:00:00.000000028,5058.0894,98,24
1970-01-01 00:00:00.000000029,5058.073,98,24
1970-01-01 00:00:00.000000030,5060.17,98,24
1970-01-01 00:00:00.000000026,5090.4976,98,25
1970-01-01 00:00:00.000000027,5060.666,98,25
1970-01-01 00:00:00.000000028,5058.0894,98,25
1970-01-01 00:00:00.000000029,5058.073,98,25
1970-01-01 00:00:00.000000030,5060.17,98,25
1970-01-01 00:00:00.000000031,5058.9614,98,25
1970-01-01 00:00:00.000000027,5060.666,98,26
1970-01-01 00:00:00.000000028,5058.0894,98,26
1970-01-01 00:00:00.000000029,5058.073,98,26
1970-01-01 00:00:00.000000030,5060.17,98,26
1970-01-01 00:00:00.000000031,5058.9614,98,26
1970-01-01 00:00:00.000000032,5041.278,98,26
1970-01-01 00:00:00.000000028,5058.0894,98,27
1970-01-01 00:00:00.000000029,5058.073,98,27
1970-01-01 00:00:00.000000030,5060.17,98,27
1970-01-01 00:00:00.000000031,5058.9614,98,27
1970-01-01 00:00:00.000000032,5041.278,98,27
1970-01-01 00:00:00.000000033,5026.078,98,27
1970-01-01 00:00:00.000000029,5058.073,98,28
1970-01-01 00:00:00.000000030,5060.17,98,28
1970-01-01 00:00:00.000000031,5058.9614,98,28
1970-01-01 00:00:00.000000032,5041.278,98,28
1970-01-01 00:00:00.000000033,5026.078,98,28
1970-01-01 00:00:00.000000034,5010.137,98,28
1970-01-01 00:00:00.000000030,5060.17,98,29
1970-01-01 00:00:00.000000031,5058.9614,98,29
1970-01-01 00:00:00.000000032,5041.278,98,29
1970-01-01 00:00:00.000000033,5026.078,98,29
1970-01-01 00:00:00.000000034,5010.137,98,29
1970-01-01 00:00:00.000000035,4993.5586,98,29
1970-01-01 00:00:00.000000031,5058.9614,98,30
1970-01-01 00:00:00.000000032,5041.278,98,30
1970-01-01 00:00:00.000000033,5026.078,98,30
1970-01-01 00:00:00.000000034,5010.137,98,30
1970-01-01 00:00:00.000000035,4993.5586,98,30
1970-01-01 00:00:00.000000036,4994.049,98,30
1970-01-01 00:00:00.000000032,5041.278,98,31
1970-01-01 00:00:00.000000033,5026.078,98,31
1970-01-01 00:00:00.000000034,5010.137,98,31
1970-01-01 00:00:00.000000035,4993.5586,98,31
1970-01-01 00:00:00.000000036,4994.049,98,31
1970-01-01 00:00:00.000000037,5005.6494,98,31
1970-01-01 00:00:00.000000033,5026.078,98,32
1970-01-01 00:00:00.000000034,5010.137,98,32
1970-01-01 00:00:00.000000035,4993.5586,98,32
1970-01-01 00:00:00.000000036,4994.049,98,32
1970-01-01 00:00:00.000000037,5005.6494,98,32
1970-01-01 00:00:00.000000038,5007.7847,98,32
1970-01-01 00:00:00.000000034,5010.137,98,33
1970-01-01 00:00:00.000000035,4993.5586,98,33
1970-01-01 00:00:00.000000036,4994.049,98,33
1970-01-01 00:00:00.000000037,5005.6494,98,33
1970-01-01 00:00:00.000000038,5007.7847,98,33
1970-01-01 00:00:00.000000039,5009.1426,98,33
1970-01-01 00:00:00.000000035,4993.5586,98,34
1970-01-01 00:00:00.000000036,4994.049,98,34
1970-01-01 00:00:00.000000037,5005.6494,98,34
1970-01-01 00:00:00.000000038,5007.7847,98,34
1970-01-01 00:00:00.000000039,5009.1426,98,34
1970-01-01 00:00:00.000000040,5004.184,98,34
1970-01-01 00:00:00.000000036,4994.049,98,35
1970-01-01 00:00:00.000000037,5005.6494,98,35
1970-01-01 00:00:00.000000038,5007.7847,98,35
1970-01-01 00:00:00.000000039,5009.1426,98,35
1970-01-01 00:00:00.000000040,5004.184,98,35
1970-01-01 00:00:00.000000041,4990.6553,98,35
1970-01-01 00:00:00.000000037,5005.6494,98,36
1970-01-01 00:00:00.000000038,5007.7847,98,36
1970-01-01 00:00:00.000000039,5009.1426,98,36
1970-01-01 00:00:00.000000040,5004.184,98,36
1970-01-01 00:00:00.000000041,4990.6553,98,36
1970-01-01 00:00:00.000000042,4999.0454,98,36
1970-01-01 00:00:00.000000038,5007.7847,98,37
1970-01-01 00:00:00.000000039,5009.1426,98,37
1970-01-01 00:00:00.000000040,5004.184,98,37
1970-01-01 00:00:00.000000041,4990.6553,98,37
1970-01-01 00:00:00.000000042,4999.0454,98,37
1970-01-01 00:00:00.000000043,4999.463,98,37
1970-01-01 00:00:00.000000039,5009.1426,98,38
1970-01-01 00:00:00.000000040,5004.184,98,38
1970-01-01 00:00:00.000000041,4990.6553,98,38
1970-01-01 00:00:00.000000042,4999.0454,98,38
1970-01-01 00:00:00.000000043,4999.463,98,38
1970-01-01 00:00:00.000000044,5001.6313,98,38
1970-01-01 00:00:00.000000040,5004.184,98,39
1970-01-01 00:00:00.000000041,4990.6553,98,39
1970-01-01 00:00:00.000000042,4999.0454,98,39
1970-01-01 00:00:00.000000043,4999.463,98,39
1970-01-01 00:00:00.000000044,5001.6313,98,39
1970-01-01 00:00:00.000000045,5010.5967,98,39
1970-01-01 00:00:00.000000041,4990.6553,98,40
1970-01-01 00:00:00.000000042,4999.0454,98,40
1970-01-01 00:00:00.000000043,4999.463,98,40
1970-01-01 00:00:00.000000044,5001.6313,98,40
1970-01-01 00:00:00.000000045,5010.5967,98,40
1970-01-01 00:00:00.000000046,5000.7227,98,40
1970-01-01 00:00:00.000000042,4999.0454,98,41
1970-01-01 00:00:00.000000043,4999.463,98,41
1970-01-01 00:00:00.000000044,5001.6313,98,41
1970-01-01 00:00:00.000000045,5010.5967,98,41
1970-01-01 00:00:00.000000046,5000.7227,98,41
1970-01-01 00:00:00.000000047,4995.8115,98,41
1970-01-01 00:00:00.000000043,4999.463,98,42
1970-01-01 00:00:00.000000044,5001.6313,98,42
1970-01-01 00:00:00.000000045,5010.5967,98,42
1970-01-01 00:00:00.000000046,5000.7227,98,42
1970-01-01 00:00:00.000000047,4995.8115,98,42
1970-01-01 00:00:00.000000048,4993.8174,98,42
1970-01-01 00:00:00.000000044,5001.6313,98,43
1970-01-01 00:00:00.000000045,5010.5967,98,43
1970-01-01 00:00:00.000000046,5000.7227,98,43
1970-01-01 00:00:00.000000047,4995.8115,98,43
1970-01-01 00:00:00.000000048,4993.8174,98,43
1970-01-01 00:00:00.000000049,4978.3906,98,43
1970-01-01 00:00:00.000000045,5010.5967,98,44
1970-01-01 00:00:00.000000046,5000.7227,98,44
1970-01-01 00:00:00.000000047,4995.8115,98,44
1970-01-01 00:00:00.000000048,4993.8174,98,44
1970-01-01 00:00:00.000000049,4978.3906,98,44
1970-01-01 00:00:00.000000050,4969.657,98,44
1970-01-01 00:00:00.000000046,5000.7227,98,45
1970-01-01 00:00:00.000000047,4995.8115,98,45
1970-01-01 00:00:00.000000048,4993.8174,98,45
1970-01-01 00:00:00.000000049,4978.3906,98,45
1970-01-01 00:00:00.000000050,4969.657,98,45
1970-01-01 00:00:00.000000051,4969.279,98,45
1970-01-01 00:00:00.000000047,4995.8115,98,46
1970-01-01 00:00:00.000000048,4993.8174,98,46
1970-01-01 00:00:00.000000049,4978.3906,98,46
1970-01-01 00:00:00.000000050,4969.657,98,46
1970-01-01 00:00:00.000000051,4969.279,98,46
1970-01-01 00:00:00.000000052,4955.1914,98,46
1970-01-01 00:00:00.000000048,4993.8174,98,47
1970-01-01 00:00:00.000000049,4978.3906,98,47
1970-01-01 00:00:00.000000050,4969.657,98,47
1970-01-01 00:00:00.000000051,4969.279,98,47
1970-01-01 00:00:00.000000052,4955.1914,98,47
1970-01-01 00:00:00.000000053,4952.431,98,47
1970-01-01 00:00:00.000000049,4978.3906,98,48
1970-01-01 00:00:00.000000050,4969.657,98,48
1970-01-01 00:00:00.000000051,4969.279,98,48
1970-01-01 00:00:00.000000052,4955.1914,98,48
1970-01-01 00:00:00.000000053,4952.431,98,48
1970-01-01 00:00:00.000000054,4952.142,98,48
1970-01-01 00:00:00.000000050,4969.657,98,49
1970-01-01 00:00:00.000000051,4969.279,98,49
1970-01-01 00:00:00.000000052,4955.1914,98,49
1970-01-01 00:00:00.000000053,4952.431,98,49
1970-01-01 00:00:00.000000054,4952.142,98,49
1970-01-01 00:00:00.000000055,4945.48,98,49
1970-01-01 00:00:00.000000051,4969.279,98,50
1970-01-01 00:00:00.000000052,4955.1914,98,50
1970-01-01 00:00:00.000000053,4952.431,98,50
1970-01-01 00:00:00.000000054,4952.142,98,50
1970-01-01 00:00:00.000000055,4945.48,98,50
1970-01-01 00:00:00.000000056,4962.266,98,50
1970-01-01 00:00:00.000000052,4955.1914,98,51
1970-01-01 00:00:00.000000053,4952.431,98,51
1970-01-01 00:00:00.000000054,4952.142,98,51
1970-01-01 00:00:00.000000055,4945.48,98,51
1970-01-01 00:00:00.000000056,4962.266,98,51
1970-01-01 00:00:00.000000057,4959.788,98,51
1970-01-01 00:00:00.000000053,4952.431,98,52
1970-01-01 00:00:00.000000054,4952.142,98,52
1970-01-01 00:00:00.000000055,4945.48,98,52
1970-01-01 00:00:00.000000056,4962.266,98,52
1970-01-01 00:00:00.000000057,4959.788,98,52
1970-01-01 00:00:00.000000058,4949.8433,98,52
1970-01-01 00:00:00.000000054,4952.142,98,53
1970-01-01 00:00:00.000000055,4945.48,98,53
1970-01-01 00:00:00.000000056,4962.266,98,53
1970-01-01 00:00:00.000000057,4959.788,98,53
1970-01-01 00:00:00.000000058,4949.8433,98,53
1970-01-01 00:00:00.000000059,4943.7056,98,53
1970-01-01 00:00:00.000000055,4945.48,98,54
1970-01-01 00:00:00.000000056,4962.266,98,54
1970-01-01 00:00:00.000000057,4959.788,98,54
1970-01-01 00:00:00.000000058,4949.8433,98,54
1970-01-01 00:00:00.000000059,4943.7056,98,54
1970-01-01 00:00:00.000000060,4928.1226,98,54
1970-01-01 00:00:00.000000056,4962.266,98,55
1970-01-01 00:00:00.000000057,4959.788,98,55
1970-01-01 00:00:00.000000058,4949.8433,98,55
1970-01-01 00:00:00.000000059,4943.7056,98,55
1970-01-01 00:00:00.000000060,4928.1226,98,55
1970-01-01 00:00:00.000000061,4928.8286,98,55
1970-01-01 00:00:00.000000057,4959.788,98,56
1970-01-01 00:00:00.000000058,4949.8433,98,56
1970-01-01 00:00:00.000000059,4943.7056,98,56
1970-01-01 00:00:00.000000060,4928.1226,98,56
1970-01-01 00:00:00.000000061,4928.8286,98,56
1970-01-01 00:00:00.000000062,4943.745,98,56
1970-01-01 00:00:00.000000058,4949.8433,98,57
1970-01-01 00:00:00.000000059,4943.7056,98,57
1970-01-01 00:00:00.000000060,4928.1226,98,57
1970-01-01 00:00:00.000000061,4928.8286,98,57
1970-01-01 00:00:00.000000062,4943.745,98,57
1970-01-01 00:00:00.000000063,4949.08,98,57
1970-01-01 00:00:00.000000059,4943.7056,98,58
1970-01-01 00:00:00.000000060,4928.1226,98,58
1970-01-01 00:00:00.000000061,4928.8286,98,58
1970-01-01 00:00:00.000000062,4943.745,98,58
1970-01-01 00:00:00.000000063,4949.08,98,58
1970-01-01 00:00:00.000000064,4945.569,98,58
1970-01-01 00:00:00.000000060,4928.1226,98,59
1970-01-01 00:00:00.000000061,4928.8286,98,59
1970-01-01 00:00:00.000000062,4943.745,98,59
1970-01-01 00:00:00.000000063,4949.08,98,59
1970-01-01 00:00:00.000000064,4945.569,98,59
1970-01-01 00:00:00.000000065,4952.1426,98,59
1970-01-01 00:00:00.000000061,4928.8286,98,60
1970-01-01 00:00:00.000000062,4943.745,98,60
1970-01-01 00:00:00.000000063,4949.08,98,60
1970-01-01 00:00:00.000000064,4945.569,98,60
1970-01-01 00:00:00.000000065,4952.1426,98,60
1970-01-01 00:00:00.000000066,4929.319,98,60
1970-01-01 00:00:00.000000062,4943.745,98,61
1970-01-01 00:00:00.000000063,4949.08,98,61
1970-01-01 00:00:00.000000064,4945.569,98,61
1970-01-01 00:00:00.000000065,4952.1426,98,61
1970-01-01 00:00:00.000000066,4929.319,98,61
1970-01-01 00:00:00.000000067,4923.572,98,61
1970-01-01 00:00:00.000000063,4949.08,98,62
1970-01-01 00:00:00.000000064,4945.569,98,62
1970-01-01 00:00:00.000000065,4952.1426,98,62
1970-01-01 00:00:00.000000066,4929.319,98,62
1970-01-01 00:00:00.000000067,4923.572,98,62
1970-01-01 00:00:00.000000068,4920.538,98,62
1970-01-01 00:00:00.000000064,4945.569,98,63
1970-01-01 00:00:00.000000065,4952.1426,98,63
1970-01-01 00:00:00.000000066,4929.319,98,63
1970-01-01 00:00:00.000000067,4923.572,98,63
1970-01-01 00:00:00.000000068,4920.538,98,63
1970-01-01 00:00:00.000000069,4893.2866,98,63
1970-01-01 00:00:00.000000065,4952.1426,98,64
1970-01-01 00:00:00.000000066,4929.319,98,64
1970-01-01 00:00:00.000000067,4923.572,98,64
1970-01-01 00:00:00.000000068,4920.538,98,64
1970-01-01 00:00:00.000000069,4893.2866,98,64
1970-01-01 00:00:00.000000070,4910.55,98,64
1970-01-01 00:00:00.000000066,4929.319,98,65
1970-01-01 00:00:00.000000067,4923.572,98,65
1970-01-01 00:00:00.000000068,4920.538,98,65
1970-01-01 00:00:00.000000069,4893.2866,98,65
1970-01-01 00:00:00.000000070,4910.55,98,65
1970-01-01 00:00:00.000000071,4917.864,98,65
1970-01-01 00:00:00.000000067,4923.572,98,66
1970-01-01 00:00:00.000000068,4920.538,98,66
1970-01-01 00:00:00.000000069,4893.2866,98,66
1970-01-01 00:00:00.000000070,4910.55,98,66
1970-01-01 00:00:00.000000071,4917.864,98,66
1970-01-01 00:00:00.000000072,4917.358,98,66
1970-01-01 00:00:00.000000068,4920.538,98,67
1970-01-01 00:00:00.000000069,4893.2866,98,67
1970-01-01 00:00:00.000000070,4910.55,98,67
1970-01-01 00:00:00.000000071,4917.864,98,67
1970-01-01 00:00:00.000000072,4917.358,98,67
1970-01-01 00:00:00.000000073,4940.7407,98,67
1970-01-01 00:00:00.000000069,4893.2866,98,68
1970-01-01 00:00:00.000000070,4910.55,98,68
1970-01-01 00:00:00.000000071,4917.864,98,68
1970-01-01 00:00:00.000000072,4917.358,98,68
1970-01-01 00:00:00.000000073,4940.7407,98,68
1970-01-01 00:00:00.000000074,4936.3813,98,68
1970-01-01 00:00:00.000000070,4910.55,98,69
1970-01-01 00:00:00.000000071,4917.864,98,69
1970-01-01 00:00:00.000000072,4917.358,98,69
1970-01-01 00:00:00.000000073,4940.7407,98,69
1970-01-01 00:00:00.000000074,4936.3813,98,69
1970-01-01 00:00:00.000000075,4939.448,98,69
1970-01-01 00:00:00.000000071,4917.864,98,70
1970-01-01 00:00:00.000000072,4917.358,98,70
1970-01-01 00:00:00.000000073,4940.7407,98,70
1970-01-01 00:00:00.000000074,4936.3813,98,70
1970-01-01 00:00:00.000000075,4939.448,98,70
1970-01-01 00:00:00.000000076,4953.799,98,70
1970-01-01 00:00:00.000000072,4917.358,98,71
1970-01-01 00:00:00.000000073,4940.7407,98,71
1970-01-01 00:00:00.000000074,4936.3813,98,71
1970-01-01 00:00:00.000000075,4939.448,98,71
1970-01-01 00:00:00.000000076,4953.799,98,71
1970-01-01 00:00:00.000000077,4940.527,98,71
1970-01-01 00:00:00.000000073,4940.7407,98,72
1970-01-01 00:00:00.000000074,4936.3813,98,72
1970-01-01 00:00:00.000000075,4939.448,98,72
1970-01-01 00:00:00.000000076,4953.799,98,72
1970-01-01 00:00:00.000000077,4940.527,98,72
1970-01-01 00:00:00.000000078,4924.6294,98,72
1970-01-01 00:00:00.000000074,4936.3813,98,73
1970-01-01 00:00:00.000000075,4939.448,98,73
1970-01-01 00:00:00.000000076,4953.799,98,73
1970-01-01 00:00:00.000000077,4940.527,98,73
1970-01-01 00:00:00.000000078,4924.6294,98,73
1970-01-01 00:00:00.000000079,4908.5806,98,73
1970-01-01 00:00:00.000000075,4939.448,98,74
1970-01-01 00:00:00.000000076,4953.799,98,74
1970-01-01 00:00:00.000000077,4940.527,98,74
1970-01-01 00:00:00.000000078,4924.6294,98,74
1970-01-01 00:00:00.000000079,4908.5806,98,74
1970-01-01 00:00:00.000000080,4880.3706,98,74
1970-01-01 00:00:00.000000076,4953.799,98,75
1970-01-01 00:00:00.000000077,4940.527,98,75
1970-01-01 00:00:00.000000078,4924.6294,98,75
1970-01-01 00:00:00.000000079,4908.5806,98,75
1970-01-01 00:00:00.000000080,4880.3706,98,75
1970-01-01 00:00:00.000000081,4867.133,98,75
1970-01-01 00:00:00.000000077,4940.527,98,76
1970-01-01 00:00:00.000000078,4924.6294,98,76
1970-01-01 00:00:00.000000079,4908.5806,98,76
1970-01-01 00:00:00.000000080,4880.3706,98,76
1970-01-01 00:00:00.000000081,4867.133,98,76
1970-01-01 00:00:00.000000082,4876.216,98,76
1970-01-01 00:00:00.000000078,4924.6294,98,77
1970-01-01 00:00:00.000000079,4908.5806,98,77
1970-01-01 00:00:00.000000080,4880.3706,98,77
1970-01-01 00:00:00.000000081,4867.133,98,77
1970-01-01 00:00:00.000000082,4876.216,98,77
1970-01-01 00:00:00.000000083,4862.816,98,77
1970-01-01 00:00:00.000000079,4908.5806,98,78
1970-01-01 00:00:00.000000080,4880.3706,98,78
1970-01-01 00:00:00.000000081,4867.133,98,78
1970-01-01 00:00:00.000000082,4876.216,98,78
1970-01-01 00:00:00.000000083,4862.816,98,78
1970-01-01 00:00:00.000000084,4868.201,98,78
1970-01-01 00:00:00.000000080,4880.3706,98,79
1970-01-01 00:00:00.000000081,4867.133,98,79
1970-01-01 00:00:00.000000082,4876.216,98,79
1970-01-01 00:00:00.000000083,4862.816,98,79
1970-01-01 00:00:00.000000084,4868.201,98,79
1970-01-01 00:00:00.000000085,4884.697,98,79
1970-01-01 00:00:00.000000081,4867.133,98,80
1970-01-01 00:00:00.000000082,4876.216,98,80
1970-01-01 00:00:00.000000083,4862.816,98,80
1970-01-01 00:00:00.000000084,4868.201,98,80
1970-01-01 00:00:00.000000085,4884.697,98,80
1970-01-01 00:00:00.000000086,4870.9106,98,80
1970-01-01 00:00:00.000000082,4876.216,98,81
1970-01-01 00:00:00.000000083,4862.816,98,81
1970-01-01 00:00:00.000000084,4868.201,98,81
1970-01-01 00:00:00.000000085,4884.697,98,81
1970-01-01 00:00:00.000000086,4870.9106,98,81
1970-01-01 00:00:00.000000087,4885.287,98,81
1970-01-01 00:00:00.000000083,4862.816,98,82
1970-01-01 00:00:00.000000084,4868.201,98,82
1970-01-01 00:00:00.000000085,4884.697,98,82
1970-01-01 00:00:00.000000086,4870.9106,98,82
1970-01-01 00:00:00.000000087,4885.287,98,82
1970-01-01 00:00:00.000000088,4882.44,98,82
1970-01-01 00:00:00.000000084,4868.201,98,83
1970-01-01 00:00:00.000000085,4884.697,98,83
1970-01-01 00:00:00.000000086,4870.9106,98,83
1970-01-01 00:00:00.000000087,4885.287,98,83
1970-01-01 00:00:00.000000088,4882.44,98,83
1970-01-01 00:00:00.000000089,4860.776,98,83
1970-01-01 00:00:00.000000085,4884.697,98,84
1970-01-01 00:00:00.000000086,4870.9106,98,84
1970-01-01 00:00:00.000000087,4885.287,98,84
1970-01-01 00:00:00.000000088,4882.44,98,84
1970-01-01 00:00:00.000000089,4860.776,98,84
1970-01-01 00:00:00.000000090,4868.328,98,84
1970-01-01 00:00:00.000000086,4870.9106,98,85
1970-01-01 00:00:00.000000087,4885.287,98,85
1970-01-01 00:00:00.000000088,4882.44,98,85
1970-01-01 00:00:00.000000089,4860.776,98,85
1970-01-01 00:00:00.000000090,4868.328,98,85
1970-01-01 00:00:00.000000091,4851.973,98,85
1970-01-01 00:00:00.000000087,4885.287,98,86
1970-01-01 00:00:00.000000088,4882.44,98,86
1970-01-01 00:00:00.000000089,4860.776,98,86
1970-01-01 00:00:00.000000090,4868.328,98,86
1970-01-01 00:00:00.000000091,4851.973,98,86
1970-01-01 00:00:00.000000092,4845.196,98,86
1970-01-01 00:00:00.000000088,4882.44,98,87
1970-01-01 00:00:00.000000089,4860.776,98,87
1970-01-01 00:00:00.000000090,4868.328,98,87
1970-01-01 00:00:00.000000091,4851.973,98,87
1970-01-01 00:00:00.000000092,4845.196,98,87
1970-01-01 00:00:00.000000093,4840.3486,98,87
1970-01-01 00:00:00.000000089,4860.776,98,88
1970-01-01 00:00:00.000000090,4868.328,98,88
1970-01-01 00:00:00.000000091,4851.973,98,88
1970-01-01 00:00:00.000000092,4845.196,98,88
1970-01-01 00:00:00.000000093,4840.3486,98,88
1970-01-01 00:00:00.000000094,4826.079,98,88
1970-01-01 00:00:00.000000090,4868.328,98,89
1970-01-01 00:00:00.000000091,4851.973,98,89
1970-01-01 00:00:00.000000092,4845.196,98,89
1970-01-01 00:00:00.000000093,4840.3486,98,89
1970-01-01 00:00:00.000000094,4826.079,98,89
1970-01-01 00:00:00.000000095,4839.0947,98,89
1970-01-01 00:00:00.000000091,4851.973,98,90
1970-01-01 00:00:00.000000092,4845.196,98,90
1970-01-01 00:00:00.000000093,4840.3486,98,90
1970-01-01 00:00:00.000000094,4826.079,98,90
1970-01-01 00:00:00.000000095,4839.0947,98,90
1970-01-01 00:00:00.000000096,4861.598,98,90
1970-01-01 00:00:00.000000092,4845.196,98,91
1970-01-01 00:00:00.000000093,4840.3486,98,91
1970-01-01 00:00:00.000000094,4826.079,98,91
1970-01-01 00:00:00.000000095,4839.0947,98,91
1970-01-01 00:00:00.000000096,4861.598,98,91
1970-01-01 00:00:00.000000097,4878.0435,98,91
1970-01-01 00:00:00.000000093,4840.3486,98,92
1970-01-01 00:00:00.000000094,4826.079,98,92
1970-01-01 00:00:00.000000095,4839.0947,98,92
1970-01-01 00:00:00.000000096,4861.598,98,92
1970-01-01 00:00:00.000000097,4878.0435,98,92
1970-01-01 00:00:00.000000098,4887.5864,98,92
1970-01-01 00:00:00.000000094,4826.079,98,93
1970-01-01 00:00:00.000000095,4839.0947,98,93
1970-01-01 00:00:00.000000096,4861.598,98,93
1970-01-01 00:00:00.000000097,4878.0435,98,93
1970-01-01 00:00:00.000000098,4887.5864,98,93
1970-01-01 00:00:00.000000099,4895.5747,98,93
1970-01-01 00:00:00.000000095,4839.0947,98,94
1970-01-01 00:00:00.000000096,4861.598,98,94
1970-01-01 00:00:00.000000097,4878.0435,98,94
1970-01-01 00:00:00.000000098,4887.5864,98,94
1970-01-01 00:00:00.000000099,4895.5747,98,94
1970-01-01 00:00:00.000000100,4886.672,98,94
1970-01-01 00:00:00.000000096,4861.598,98,95
1970-01-01 00:00:00.000000097,4878.0435,98,95
1970-01-01 00:00:00.000000098,4887.5864,98,95
1970-01-01 00:00:00.000000099,4895.5747,98,95
1970-01-01 00:00:00.000000100,4886.672,98,95
1970-01-01 00:00:00.000000101,4895.746,98,95
1970-01-01 00:00:00.000000097,4878.0435,98,96
1970-01-01 00:00:00.000000098,4887.5864,98,96
1970-01-01 00:00:00.000000099,4895.5747,98,96
1970-01-01 00:00:00.000000100,4886.672,98,96
1970-01-01 00:00:00.000000101,4895.746,98,96
1970-01-01 00:00:00.000000102,4902.9194,98,96
1970-01-01 00:00:00.000000098,4887.5864,98,97
1970-01-01 00:00:00.000000099,4895.5747,98,97
1970-01-01 00:00:00.000000100,4886.672,98,97
1970-01-01 00:00:00.000000101,4895.746,98,97
1970-01-01 00:00:00.000000102,4902.9194,98,97
1970-01-01 00:00:00.000000103,4879.444,98,97
1970-01-01 00:00:00.000000099,4895.5747,98,98
1970-01-01 00:00:00.000000100,4886.672,98,98
1970-01-01 00:00:00.000000101,4895.746,98,98
1970-01-01 00:00:00.000000102,4902.9194,98,98
1970-01-01 00:00:00.000000103,4879.444,98,98
1970-01-01 00:00:00.000000104,4881.593,98,98
1970-01-01 00:00:00.000000100,4886.672,98,99
1970-01-01 00:00:00.000000101,4895.746,98,99
1970-01-01 00:00:00.000000102,4902.9194,98,99
1970-01-01 00:00:00.000000103,4879.444,98,99
1970-01-01 00:00:00.000000104,4881.593,98,99
1970-01-01 00:00:00.000000105,4889.4355,98,99
1970-01-01 00:00:00.000000101,4895.746,98,100
1970-01-01 00:00:00.000000102,4902.9194,98,100
1970-01-01 00:00:00.000000103,4879.444,98,100
1970-01-01 00:00:00.000000104,4881.593,98,100
1970-01-01 00:00:00.000000105,4889.4355,98,100
1970-01-01 00:00:00.000000106,4879.155,98,100
1970-01-01 00:00:00.000000102,4902.9194,98,101
1970-01-01 00:00:00.000000103,4879.444,98,101
1970-01-01 00:00:00.000000104,4881.593,98,101
1970-01-01 00:00:00.000000105,4889.4355,98,101
1970-01-01 00:00:00.000000106,4879.155,98,101
1970-01-01 00:00:00.000000107,4893.14,98,101
1970-01-01 00:00:00.000000103,4879.444,98,102
1970-01-01 00:00:00.000000104,4881.593,98,102
1970-01-01 00:00:00.000000105,4889.4355,98,102
1970-01-01 00:00:00.000000106,4879.155,98,102
1970-01-01 00:00:00.000000107,4893.14,98,102
1970-01-01 00:00:00.000000108,4888.2075,98,102
1970-01-01 00:00:00.000000104,4881.593,98,103
1970-01-01 00:00:00.000000105,4889.4355,98,103
1970-01-01 00:00:00.000000106,4879.155,98,103
1970-01-01 00:00:00.000000107,4893.14,98,103
1970-01-01 00:00:00.000000108,4888.2075,98,103
1970-01-01 00:00:00.000000109,4867.8267,98,103
1970-01-01 00:00:00.000000105,4889.4355,98,104
1970-01-01 00:00:00.000000106,4879.155,98,104
1970-01-01 00:00:00.000000107,4893.14,98,104
1970-01-01 00:00:00.000000108,4888.2075,98,104
1970-01-01 00:00:00.000000109,4867.8267,98,104
1970-01-01 00:00:00.000000110,4885.354,98,104
1970-01-01 00:00:00.000000106,4879.155,98,105
1970-01-01 00:00:00.000000107,4893.14,98,105
1970-01-01 00:00:00.000000108,4888.2075,98,105
1970-01-01 00:00:00.000000109,4867.8267,98,105
1970-01-01 00:00:00.000000110,4885.354,98,105
1970-01-01 00:00:00.000000111,4887.7393,98,105
1970-01-01 00:00:00.000000107,4893.14,98,106
1970-01-01 00:00:00.000000108,4888.2075,98,106
1970-01-01 00:00:00.000000109,4867.8267,98,106
1970-01-01 00:00:00.000000110,4885.354,98,106
1970-01-01 00:00:00.000000111,4887.7393,98,106
1970-01-01 00:00:00.000000112,4884.7085,98,106
1970-01-01 00:00:00.000000108,4888.2075,98,107
1970-01-01 00:00:00.000000109,4867.8267,98,107
1970-01-01 00:00:00.000000110,4885.354,98,107
1970-01-01 00:00:00.000000111,4887.7393,98,107
1970-01-01 00:00:00.000000112,4884.7085,98,107
1970-01-01 00:00:00.000000113,4891.362,98,107
1970-01-01 00:00:00.000000109,4867.8267,98,108
1970-01-01 00:00:00.000000110,4885.354,98,108
1970-01-01 00:00:00.000000111,4887.7393,98,108
1970-01-01 00:00:00.000000112,4884.7085,98,108
1970-01-01 00:00:00.000000113,4891.362,98,108
1970-01-01 00:00:00.000000114,4869.5596,98,108
1970-01-01 00:00:00.000000110,4885.354,98,109
1970-01-01 00:00:00.000000111,4887.7393,98,109
1970-01-01 00:00:00.000000112,4884.7085,98,109
1970-01-01 00:00:00.000000113,4891.362,98,109
1970-01-01 00:00:00.000000114,4869.5596,98,109
1970-01-01 00:00:00.000000115,4880.588,98,109
1970-01-01 00:00:00.000000111,4887.7393,98,110
1970-01-01 00:00:00.000000112,4884.7085,98,110
1970-01-01 00:00:00.000000113,4891.362,98,110
1970-01-01 00:00:00.000000114,4869.5596,98,110
1970-01-01 00:00:00.000000115,4880.588,98,110
1970-01-01 00:00:00.000000116,4897.907,98,110
1970-01-01 00:00:00.000000112,4884.7085,98,111
1970-01-01 00:00:00.000000113,4891.362,98,111
1970-01-01 00:00:00.000000114,4869.5596,98,111
1970-01-01 00:00:00.000000115,4880.588,98,111
1970-01-01 00:00:00.000000116,4897.907,98,111
1970-01-01 00:00:00.000000117,4902.423,98,111
1970-01-01 00:00:00.000000113,4891.362,98,112
1970-01-01 00:00:00.000000114,4869.5596,98,112
1970-01-01 00:00:00.000000115,4880.588,98,112
1970-01-01 00:00:00.000000116,4897.907,98,112
1970-01-01 00:00:00.000000117,4902.423,98,112
1970-01-01 00:00:00.000000118,4926.097,98,112
1970-01-01 00:00:00.000000114,4869.5596,98,113
1970-01-01 00:00:00.000000115,4880.588,98,113
1970-01-01 00:00:00.000000116,4897.907,98,113
1970-01-01 00:00:00.000000117,4902.423,98,113
1970-01-01 00:00:00.000000118,4926.097,98,113
1970-01-01 00:00:00.000000119,4918.2534,98,113
1970-01-01 00:00:00.000000115,4880.588,98,114
1970-01-01 00:00:00.000000116,4897.907,98,114
1970-01-01 00:00:00.000000117,4902.423,98,114
1970-01-01 00:00:00.000000118,4926.097,98,114
1970-01-01 00:00:00.000000119,4918.2534,98,114
1970-01-01 00:00:00.000000120,4904.2754,98,114
1970-01-01 00:00:00.000000116,4897.907,98,115
1970-01-01 00:00:00.000000117,4902.423,98,115
1970-01-01 00:00:00.000000118,4926.097,98,115
1970-01-01 00:00:00.000000119,4918.2534,98,115
1970-01-01 00:00:00.000000120,4904.2754,98,115
1970-01-01 00:00:00.000000121,4904.0615,98,115
1970-01-01 00:00:00.000000117,4902.423,98,116
1970-01-01 00:00:00.000000118,4926.097,98,116
1970-01-01 00:00:00.000000119,4918.2534,98,116
1970-01-01 00:00:00.000000120,4904.2754,98,116
1970-01-01 00:00:00.000000121,4904.0615,98,116
1970-01-01 00:00:00.000000122,4896.8667,98,116
1970-01-01 00:00:00.000000118,4926.097,98,117
1970-01-01 00:00:00.000000119,4918.2534,98,117
1970-01-01 00:00:00.000000120,4904.2754,98,117
1970-01-01 00:00:00.000000121,4904.0615,98,117
1970-01-01 00:00:00.000000122,4896.8667,98,117
1970-01-01 00:00:00.000000123,4889.85,98,117
1970-01-01 00:00:00.000000119,4918.2534,98,118
1970-01-01 00:00:00.000000120,4904.2754,98,118
1970-01-01 00:00:00.000000121,4904.0615,98,118
1970-01-01 00:00:00.000000122,4896.8667,98,118
1970-01-01 00:00:00.000000123,4889.85,98,118
1970-01-01 00:00:00.000000124,4894.028,98,118
1970-01-01 00:00:00.000000120,4904.2754,98,119
1970-01-01 00:00:00.000000121,4904.0615,98,119
1970-01-01 00:00:00.000000122,4896.8667,98,119
1970-01-01 00:00:00.000000123,4889.85,98,119
1970-01-01 00:00:00.000000124,4894.028,98,119
1970-01-01 00:00:00.000000125,4904.85,98,119
1970-01-01 00:00:00.000000121,4904.0615,98,120
1970-01-01 00:00:00.000000122,4896.8667,98,120
1970-01-01 00:00:00.000000123,4889.85,98,120
1970-01-01 00:00:00.000000124,4894.028,98,120
1970-01-01 00:00:00.000000125,4904.85,98,120
1970-01-01 00:00:00.000000126,4901.388,98,120
1970-01-01 00:00:00.000000122,4896.8667,98,121
1970-01-01 00:00:00.000000123,4889.85,98,121
1970-01-01 00:00:00.000000124,4894.028,98,121
1970-01-01 00:00:00.000000125,4904.85,98,121
1970-01-01 00:00:00.000000126,4901.388,98,121
1970-01-01 00:00:00.000000127,4912.2114,98,121
1970-01-01 00:00:00.000000123,4889.85,98,122
1970-01-01 00:00:00.000000124,4894.028,98,122
1970-01-01 00:00:00.000000125,4904.85,98,122
1970-01-01 00:00:00.000000126,4901.388,98,122
1970-01-01 00:00:00.000000127,4912.2114,98,122
1970-01-01 00:00:00.000000128,4906.69,98,122
1970-01-01 00:00:00.000000124,4894.028,98,123
1970-01-01 00:00:00.000000125,4904.85,98,123
1970-01-01 00:00:00.000000126,4901.388,98,123
1970-01-01 00:00:00.000000127,4912.2114,98,123
1970-01-01 00:00:00.000000128,4906.69,98,123
1970-01-01 00:00:00.000000129,4898.628,98,123
1970-01-01 00:00:00.000000125,4904.85,98,124
1970-01-01 00:00:00.000000126,4901.388,98,124
1970-01-01 00:00:00.000000127,4912.2114,98,124
1970-01-01 00:00:00.000000128,4906.69,98,124
1970-01-01 00:00:00.000000129,4898.628,98,124
1970-01-01 00:00:00.000000130,4913.6807,98,124
1970-01-01 00:00:00.000000126,4901.388,98,125
1970-01-01 00:00:00.000000127,4912.2114,98,125
1970-01-01 00:00:00.000000128,4906.69,98,125
1970-01-01 00:00:00.000000129,4898.628,98,125
1970-01-01 00:00:00.000000130,4913.6807,98,125
1970-01-01 00:00:00.000000131,4911.1855,98,125
1970-01-01 00:00:00.000000127,4912.2114,98,126
1970-01-01 00:00:00.000000128,4906.69,98,126
1970-01-01 00:00:00.000000129,4898.628,98,126
1970-01-01 00:00:00.000000130,4913.6807,98,126
1970-01-01 00:00:00.000000131,4911.1855,98,126
1970-01-01 00:00:00.000000132,4912.438,98,126
1970-01-01 00:00:00.000000128,4906.69,98,127
1970-01-01 00:00:00.000000129,4898.628,98,127
1970-01-01 00:00:00.000000130,4913.6807,98,127
1970-01-01 00:00:00.000000131,4911.1855,98,127
1970-01-01 00:00:00.000000132,4912.438,98,127
1970-01-01 00:00:00.000000133,4924.5693,98,127
1970-01-01 00:00:00.000000129,4898.628,98,128
1970-01-01 00:00:00.000000130,4913.6807,98,128
1970-01-01 00:00:00.000000131,4911.1855,98,128
1970-01-01 00:00:00.000000132,4912.438,98,128
1970-01-01 00:00:00.000000133,4924.5693,98,128
1970-01-01 00:00:00.000000134,4907.739,98,128
1970-01-01 00:00:00.000000130,4913.6807,98,129
1970-01-01 00:00:00.000000131,4911.1855,98,129
1970-01-01 00:00:00.000000132,4912.438,98,129
1970-01-01 00:00:00.000000133,4924.5693,98,129
1970-01-01 00:00:00.000000134,4907.739,98,129
1970-01-01 00:00:00.000000135,4919.5347,98,129
1970-01-01 00:00:00.000000131,4911.1855,98,130
1970-01-01 00:00:00.000000132,4912.438,98,130
1970-01-01 00:00:00.000000133,4924.5693,98,130
1970-01-01 00:00:00.000000134,4907.739,98,130
1970-01-01 00:00:00.000000135,4919.5347,98,130
1970-01-01 00:00:00.000000136,4929.9487,98,130
1970-01-01 00:00:00.000000132,4912.438,98,131
1970-01-01 00:00:00.000000133,4924.5693,98,131
1970-01-01 00:00:00.000000134,4907.739,98,131
1970-01-01 00:00:00.000000135,4919.5347,98,131
1970-01-01 00:00:00.000000136,4929.9487,98,131
1970-01-01 00:00:00.000000137,4908.79,98,131
1970-01-01 00:00:00.000000133,4924.5693,98,132
1970-01-01 00:00:00.000000134,4907.739,98,132
1970-01-01 00:00:00.000000135,4919.5347,98,132
1970-01-01 00:00:00.000000136,4929.9487,98,132
1970-01-01 00:00:00.000000137,4908.79,98,132
1970-01-01 00:00:00.000000138,4898.226,98,132
1970-01-01 00:00:00.000000134,4907.739,98,133
1970-01-01 00:00:00.000000135,4919.5347,98,133
1970-01-01 00:00:00.000000136,4929.9487,98,133
1970-01-01 00:00:00.000000137,4908.79,98,133
1970-01-01 00:00:00.000000138,4898.226,98,133
1970-01-01 00:00:00.000000139,4889.4067,98,133
1970-01-01 00:00:00.000000135,4919.5347,98,134
1970-01-01 00:00:00.000000136,4929.9487,98,134
1970-01-01 00:00:00.000000137,4908.79,98,134
1970-01-01 00:00:00.000000138,4898.226,98,134
1970-01-01 00:00:00.000000139,4889.4067,98,134
1970-01-01 00:00:00.000000140,4889.5073,98,134
1970-01-01 00:00:00.000000136,4929.9487,98,135
1970-01-01 00:00:00.000000137,4908.79,98,135
1970-01-01 00:00:00.000000138,4898.226,98,135
1970-01-01 00:00:00.000000139,4889.4067,98,135
1970-01-01 00:00:00.000000140,4889.5073,98,135
1970-01-01 00:00:00.000000141,4909.1455,98,135
1970-01-01 00:00:00.000000137,4908.79,98,136
1970-01-01 00:00:00.000000138,4898.226,98,136
1970-01-01 00:00:00.000000139,4889.4067,98,136
1970-01-01 00:00:00.000000140,4889.5073,98,136
1970-01-01 00:00:00.000000141,4909.1455,98,136
1970-01-01 00:00:00.000000142,4925.788,98,136
1970-01-01 00:00:00.000000138,4898.226,98,137
1970-01-01 00:00:00.000000139,4889.4067,98,137
1970-01-01 00:00:00.000000140,4889.5073,98,137
1970-01-01 00:00:00.000000141,4909.1455,98,137
1970-01-01 00:00:00.000000142,4925.788,98,137
1970-01-01 00:00:00.000000143,4912.0854,98,137
1970-01-01 00:00:00.000000139,4889.4067,98,138
1970-01-01 00:00:00.000000140,4889.5073,98,138
1970-01-01 00:00:00.000000141,4909.1455,98,138
1970-01-01 00:00:00.000000142,4925.788,98,138
1970-01-01 00:00:00.000000143,4912.0854,98,138
1970-01-01 00:00:00.000000144,4894.6567,98,138
1970-01-01 00:00:00.000000140,4889.5073,98,139
1970-01-01 00:00:00.000000141,4909.1455,98,139
1970-01-01 00:00:00.000000142,4925.788,98,139
1970-01-01 00:00:00.000000143,4912.0854,98,139
1970-01-01 00:00:00.000000144,4894.6567,98,139
1970-01-01 00:00:00.000000145,4877.6426,98,139
1970-01-01 00:00:00.000000141,4909.1455,98,140
1970-01-01 00:00:00.000000142,4925.788,98,140
1970-01-01 00:00:00.000000143,4912.0854,98,140
1970-01-01 00:00:00.000000144,4894.6567,98,140
1970-01-01 00:00:00.000000145,4877.6426,98,140
1970-01-01 00:00:00.000000146,4873.266,98,140
1970-01-01 00:00:00.000000142,4925.788,98,141
1970-01-01 00:00:00.000000143,4912.0854,98,141
1970-01-01 00:00:00.000000144,4894.6567,98,141
1970-01-01 00:00:00.000000145,4877.6426,98,141
1970-01-01 00:00:00.000000146,4873.266,98,141
1970-01-01 00:00:00.000000147,4869.3735,98,141
1970-01-01 00:00:00.000000143,4912.0854,98,142
1970-01-01 00:00:00.000000144,4894.6567,98,142
1970-01-01 00:00:00.000000145,4877.6426,98,142
1970-01-01 00:00:00.000000146,4873.266,98,142
1970-01-01 00:00:00.000000147,4869.3735,98,142
1970-01-01 00:00:00.000000148,4858.44,98,142
1970-01-01 00:00:00.000000144,4894.6567,98,143
1970-01-01 00:00:00.000000145,4877.6426,98,143
1970-01-01 00:00:00.000000146,4873.266,98,143
1970-01-01 00:00:00.000000147,4869.3735,98,143
1970-01-01 00:00:00.000000148,4858.44,98,143
1970-01-01 00:00:00.000000149,4834.1206,98,143
1970-01-01 00:00:00.000000145,4877.6426,98,144
1970-01-01 00:00:00.000000146,4873.266,98,144
1970-01-01 00:00:00.000000147,4869.3735,98,144
1970-01-01 00:00:00.000000148,4858.44,98,144
1970-01-01 00:00:00.000000149,4834.1206,98,144
1970-01-01 00:00:00.000000150,4794.1094,98,144
1970-01-01 00:00:00.000000146,4873.266,98,145
1970-01-01 00:00:00.000000147,4869.3735,98,145
1970-01-01 00:00:00.000000148,4858.44,98,145
1970-01-01 00:00:00.000000149,4834.1206,98,145
1970-01-01 00:00:00.000000150,4794.1094,98,145
1970-01-01 00:00:00.000000151,4745.634,98,145
1970-01-01 00:00:00.000000147,4869.3735,98,146
1970-01-01 00:00:00.000000148,4858.44,98,146
1970-01-01 00:00:00.000000149,4834.1206,98,146
1970-01-01 00:00:00.000000150,4794.1094,98,146
1970-01-01 00:00:00.000000151,4745.634,98,146
1970-01-01 00:00:00.000000152,4689.824,98,146
1970-01-01 00:00:00.000000148,4858.44,98,147
1970-01-01 00:00:00.000000149,4834.1206,98,147
1970-01-01 00:00:00.000000150,4794.1094,98,147
1970-01-01 00:00:00.000000151,4745.634,98,147
1970-01-01 00:00:00.000000152,4689.824,98,147
1970-01-01 00:00:00.000000153,4624.284,98,147
1970-01-01 00:00:00.000000149,4834.1206,98,148
1970-01-01 00:00:00.000000150,4794.1094,98,148
1970-01-01 00:00:00.000000151,4745.634,98,148
1970-01-01 00:00:00.000000152,4689.824,98,148
1970-01-01 00:00:00.000000153,4624.284,98,148
1970-01-01 00:00:00.000000154,4540.8667,98,148
