sequence_index,return,block_idx,fcst_origin
1970-01-01 00:00:00.000000097,157.77895,0,10
1970-01-01 00:00:00.000000098,156.80415,0,10
1970-01-01 00:00:00.000000099,154.78976,0,10
1970-01-01 00:00:00.000000098,140.15846,0,11
1970-01-01 00:00:00.000000099,137.12595,0,11
1970-01-01 00:00:00.000000100,133.53625,0,11
1970-01-01 00:00:00.000000099,142.38184,0,12
1970-01-01 00:00:00.000000100,139.81319,0,12
1970-01-01 00:00:00.000000101,137.4455,0,12
1970-01-01 00:00:00.000000100,140.47514,0,13
1970-01-01 00:00:00.000000101,138.01988,0,13
1970-01-01 00:00:00.000000102,136.88322,0,13
1970-01-01 00:00:00.000000081,226.6742,1,10
1970-01-01 00:00:00.000000082,226.33557,1,10
1970-01-01 00:00:00.000000083,224.11157,1,10
1970-01-01 00:00:00.000000079,183.30566,4,10
1970-01-01 00:00:00.000000080,181.97728,4,10
1970-01-01 00:00:00.000000081,181.13258,4,10
1970-01-01 00:00:00.000000079,120.172134,5,10
1970-01-01 00:00:00.000000080,120.54567,5,10
1970-01-01 00:00:00.000000081,120.83089,5,10
1970-01-01 00:00:00.000000119,225.20697,11,10
1970-01-01 00:00:00.000000120,225.36801,11,10
1970-01-01 00:00:00.000000121,225.11732,11,10
1970-01-01 00:00:00.000000120,223.93562,11,11
1970-01-01 00:00:00.000000121,223.7378,11,11
1970-01-01 00:00:00.000000122,223.48685,11,11
1970-01-01 00:00:00.000000121,224.72894,11,12
1970-01-01 00:00:00.000000122,224.93811,11,12
1970-01-01 00:00:00.000000123,224.59029,11,12
1970-01-01 00:00:00.000000122,226.45692,11,13
1970-01-01 00:00:00.000000123,225.45708,11,13
1970-01-01 00:00:00.000000124,224.71411,11,13
1970-01-01 00:00:00.000000123,226.27147,11,14
1970-01-01 00:00:00.000000124,225.95102,11,14
1970-01-01 00:00:00.000000125,224.98474,11,14
1970-01-01 00:00:00.000000124,230.49673,11,15
1970-01-01 00:00:00.000000125,230.06151,11,15
1970-01-01 00:00:00.000000126,229.84175,11,15
1970-01-01 00:00:00.000000125,232.8837,11,16
1970-01-01 00:00:00.000000126,232.73773,11,16
1970-01-01 00:00:00.000000127,232.0127,11,16
1970-01-01 00:00:00.000000126,234.22174,11,17
1970-01-01 00:00:00.000000127,233.59723,11,17
1970-01-01 00:00:00.000000128,232.87418,11,17
1970-01-01 00:00:00.000000113,195.15573,12,10
1970-01-01 00:00:00.000000114,195.16724,12,10
1970-01-01 00:00:00.000000115,194.8699,12,10
1970-01-01 00:00:00.000000114,194.25989,12,11
1970-01-01 00:00:00.000000115,193.95357,12,11
1970-01-01 00:00:00.000000116,193.91342,12,11
1970-01-01 00:00:00.000000115,191.77869,12,12
1970-01-01 00:00:00.000000116,191.69786,12,12
1970-01-01 00:00:00.000000117,190.69078,12,12
1970-01-01 00:00:00.000000116,187.56505,12,13
1970-01-01 00:00:00.000000117,186.99323,12,13
1970-01-01 00:00:00.000000118,186.7794,12,13
1970-01-01 00:00:00.000000117,183.69368,12,14
1970-01-01 00:00:00.000000118,183.31094,12,14
1970-01-01 00:00:00.000000119,183.42781,12,14
1970-01-01 00:00:00.000000118,181.25056,12,15
1970-01-01 00:00:00.000000119,181.1964,12,15
1970-01-01 00:00:00.000000120,180.82967,12,15
1970-01-01 00:00:00.000000119,178.37675,12,16
1970-01-01 00:00:00.000000120,178.04057,12,16
1970-01-01 00:00:00.000000121,178.52809,12,16
1970-01-01 00:00:00.000000157,137.28442,13,10
1970-01-01 00:00:00.000000158,137.68193,13,10
1970-01-01 00:00:00.000000159,138.53723,13,10
1970-01-01 00:00:00.000000158,133.75685,13,11
1970-01-01 00:00:00.000000159,134.60118,13,11
1970-01-01 00:00:00.000000160,135.18376,13,11
1970-01-01 00:00:00.000000159,137.09679,13,12
1970-01-01 00:00:00.000000160,138.12921,13,12
1970-01-01 00:00:00.000000161,138.92645,13,12
1970-01-01 00:00:00.000000160,130.4467,13,13
1970-01-01 00:00:00.000000161,130.80197,13,13
1970-01-01 00:00:00.000000162,131.51376,13,13
1970-01-01 00:00:00.000000161,130.54112,13,14
1970-01-01 00:00:00.000000162,131.51889,13,14
1970-01-01 00:00:00.000000163,132.55386,13,14
1970-01-01 00:00:00.000000162,136.12154,13,15
1970-01-01 00:00:00.000000163,137.53967,13,15
1970-01-01 00:00:00.000000164,138.88634,13,15
1970-01-01 00:00:00.000000163,135.07417,13,16
1970-01-01 00:00:00.000000164,136.28922,13,16
1970-01-01 00:00:00.000000165,136.91037,13,16
1970-01-01 00:00:00.000000164,133.21349,13,17
1970-01-01 00:00:00.000000165,133.87973,13,17
1970-01-01 00:00:00.000000166,134.31392,13,17
1970-01-01 00:00:00.000000165,129.61949,13,18
1970-01-01 00:00:00.000000166,130.02219,13,18
1970-01-01 00:00:00.000000167,130.43622,13,18
1970-01-01 00:00:00.000000166,131.51524,13,19
1970-01-01 00:00:00.000000167,132.102,13,19
1970-01-01 00:00:00.000000168,132.33052,13,19
1970-01-01 00:00:00.000000167,131.82152,13,20
1970-01-01 00:00:00.000000168,132.0976,13,20
1970-01-01 00:00:00.000000169,132.77843,13,20
1970-01-01 00:00:00.000000168,136.49988,13,21
1970-01-01 00:00:00.000000169,137.67267,13,21
1970-01-01 00:00:00.000000170,138.62126,13,21
1970-01-01 00:00:00.000000169,133.77551,13,22
1970-01-01 00:00:00.000000170,134.40152,13,22
1970-01-01 00:00:00.000000171,134.70633,13,22
1970-01-01 00:00:00.000000170,139.63612,13,23
1970-01-01 00:00:00.000000171,140.59402,13,23
1970-01-01 00:00:00.000000172,140.66165,13,23
1970-01-01 00:00:00.000000141,166.99307,15,10
1970-01-01 00:00:00.000000142,167.378,15,10
1970-01-01 00:00:00.000000143,167.3254,15,10
1970-01-01 00:00:00.000000142,167.74998,15,11
1970-01-01 00:00:00.000000143,168.21501,15,11
1970-01-01 00:00:00.000000144,168.3788,15,11
1970-01-01 00:00:00.000000143,165.39589,15,12
1970-01-01 00:00:00.000000144,165.05339,15,12
1970-01-01 00:00:00.000000145,165.83824,15,12
1970-01-01 00:00:00.000000144,170.07845,15,13
1970-01-01 00:00:00.000000145,172.20683,15,13
1970-01-01 00:00:00.000000146,173.42575,15,13
1970-01-01 00:00:00.000000145,182.12598,15,14
1970-01-01 00:00:00.000000146,183.4622,15,14
1970-01-01 00:00:00.000000147,184.62323,15,14
1970-01-01 00:00:00.000000146,175.72972,15,15
1970-01-01 00:00:00.000000147,176.18985,15,15
1970-01-01 00:00:00.000000148,175.76318,15,15
1970-01-01 00:00:00.000000147,178.87651,15,16
1970-01-01 00:00:00.000000148,178.88655,15,16
1970-01-01 00:00:00.000000149,178.38165,15,16
1970-01-01 00:00:00.000000148,178.50992,15,17
1970-01-01 00:00:00.000000149,178.04707,15,17
1970-01-01 00:00:00.000000150,177.8697,15,17
1970-01-01 00:00:00.000000149,176.09569,15,18
1970-01-01 00:00:00.000000150,175.51889,15,18
1970-01-01 00:00:00.000000151,174.45354,15,18
1970-01-01 00:00:00.000000150,176.76105,15,19
1970-01-01 00:00:00.000000151,176.03459,15,19
1970-01-01 00:00:00.000000152,174.90227,15,19
1970-01-01 00:00:00.000000151,177.2163,15,20
1970-01-01 00:00:00.000000152,176.32986,15,20
1970-01-01 00:00:00.000000153,175.83185,15,20
1970-01-01 00:00:00.000000156,253.115,16,10
1970-01-01 00:00:00.000000157,253.06184,16,10
1970-01-01 00:00:00.000000158,252.10617,16,10
1970-01-01 00:00:00.000000157,256.35822,16,11
1970-01-01 00:00:00.000000158,255.37033,16,11
1970-01-01 00:00:00.000000159,254.90642,16,11
1970-01-01 00:00:00.000000158,251.65416,16,12
1970-01-01 00:00:00.000000159,250.72124,16,12
1970-01-01 00:00:00.000000160,249.0707,16,12
1970-01-01 00:00:00.000000159,251.44398,16,13
1970-01-01 00:00:00.000000160,250.55368,16,13
1970-01-01 00:00:00.000000161,248.43631,16,13
1970-01-01 00:00:00.000000160,252.89087,16,14
1970-01-01 00:00:00.000000161,251.02629,16,14
1970-01-01 00:00:00.000000162,249.66785,16,14
1970-01-01 00:00:00.000000161,253.7303,16,15
1970-01-01 00:00:00.000000162,252.43602,16,15
1970-01-01 00:00:00.000000163,251.06218,16,15
1970-01-01 00:00:00.000000162,253.12971,16,16
1970-01-01 00:00:00.000000163,251.96115,16,16
1970-01-01 00:00:00.000000164,250.78532,16,16
1970-01-01 00:00:00.000000163,251.58185,16,17
1970-01-01 00:00:00.000000164,250.31581,16,17
1970-01-01 00:00:00.000000165,248.97054,16,17
1970-01-01 00:00:00.000000164,250.44705,16,18
1970-01-01 00:00:00.000000165,248.76665,16,18
1970-01-01 00:00:00.000000166,246.979,16,18
1970-01-01 00:00:00.000000165,251.44316,16,19
1970-01-01 00:00:00.000000166,250.11388,16,19
1970-01-01 00:00:00.000000167,249.61385,16,19
1970-01-01 00:00:00.000000166,250.99449,16,20
1970-01-01 00:00:00.000000167,250.30153,16,20
1970-01-01 00:00:00.000000168,251.0579,16,20
1970-01-01 00:00:00.000000167,250.38037,16,21
1970-01-01 00:00:00.000000168,251.05614,16,21
1970-01-01 00:00:00.000000169,251.56468,16,21
1970-01-01 00:00:00.000000168,251.26082,16,22
1970-01-01 00:00:00.000000169,251.98694,16,22
1970-01-01 00:00:00.000000170,251.22072,16,22
1970-01-01 00:00:00.000000169,253.94711,16,23
1970-01-01 00:00:00.000000170,253.97145,16,23
1970-01-01 00:00:00.000000171,251.0267,16,23
1970-01-01 00:00:00.000000123,146.3014,17,10
1970-01-01 00:00:00.000000124,145.63779,17,10
1970-01-01 00:00:00.000000125,145.5852,17,10
1970-01-01 00:00:00.000000124,144.54887,17,11
1970-01-01 00:00:00.000000125,144.56192,17,11
1970-01-01 00:00:00.000000126,144.00208,17,11
1970-01-01 00:00:00.000000125,141.27115,17,12
1970-01-01 00:00:00.000000126,140.01279,17,12
1970-01-01 00:00:00.000000127,139.5136,17,12
1970-01-01 00:00:00.000000126,136.76915,17,13
1970-01-01 00:00:00.000000127,136.28651,17,13
1970-01-01 00:00:00.000000128,135.82076,17,13
1970-01-01 00:00:00.000000127,127.48262,17,14
1970-01-01 00:00:00.000000128,126.95026,17,14
1970-01-01 00:00:00.000000129,127.3841,17,14
1970-01-01 00:00:00.000000128,115.662285,17,15
1970-01-01 00:00:00.000000129,115.24297,17,15
1970-01-01 00:00:00.000000130,115.64944,17,15
1970-01-01 00:00:00.000000129,115.59761,17,16
1970-01-01 00:00:00.000000130,115.71195,17,16
1970-01-01 00:00:00.000000131,116.026375,17,16
1970-01-01 00:00:00.000000130,101.42663,17,17
1970-01-01 00:00:00.000000131,100.125626,17,17
1970-01-01 00:00:00.000000132,99.90219,17,17
1970-01-01 00:00:00.000000134,203.81425,19,10
1970-01-01 00:00:00.000000135,204.48112,19,10
1970-01-01 00:00:00.000000136,204.78484,19,10
1970-01-01 00:00:00.000000135,199.58315,19,11
1970-01-01 00:00:00.000000136,199.73712,19,11
1970-01-01 00:00:00.000000137,200.17975,19,11
1970-01-01 00:00:00.000000136,198.54326,19,12
1970-01-01 00:00:00.000000137,199.0738,19,12
1970-01-01 00:00:00.000000138,199.69904,19,12
1970-01-01 00:00:00.000000137,188.57022,19,13
1970-01-01 00:00:00.000000138,188.85254,19,13
1970-01-01 00:00:00.000000139,189.49834,19,13
1970-01-01 00:00:00.000000138,185.57689,19,14
1970-01-01 00:00:00.000000139,186.15852,19,14
1970-01-01 00:00:00.000000140,187.36263,19,14
1970-01-01 00:00:00.000000139,188.98962,19,15
1970-01-01 00:00:00.000000140,190.36496,19,15
1970-01-01 00:00:00.000000141,192.01038,19,15
1970-01-01 00:00:00.000000140,187.1592,19,16
1970-01-01 00:00:00.000000141,188.58788,19,16
1970-01-01 00:00:00.000000142,189.49496,19,16
1970-01-01 00:00:00.000000141,187.4673,19,17
1970-01-01 00:00:00.000000142,188.72371,19,17
1970-01-01 00:00:00.000000143,188.8256,19,17
1970-01-01 00:00:00.000000142,187.72495,19,18
1970-01-01 00:00:00.000000143,188.15398,19,18
1970-01-01 00:00:00.000000144,188.08997,19,18
1970-01-01 00:00:00.000000143,196.03093,19,19
1970-01-01 00:00:00.000000144,196.82922,19,19
1970-01-01 00:00:00.000000145,195.55946,19,19
1970-01-01 00:00:00.000000121,184.95065,20,10
1970-01-01 00:00:00.000000122,185.62503,20,10
1970-01-01 00:00:00.000000123,185.9511,20,10
1970-01-01 00:00:00.000000122,181.54129,20,11
1970-01-01 00:00:00.000000123,181.28122,20,11
1970-01-01 00:00:00.000000124,181.10268,20,11
1970-01-01 00:00:00.000000123,183.33804,20,12
1970-01-01 00:00:00.000000124,184.10834,20,12
1970-01-01 00:00:00.000000125,184.51599,20,12
1970-01-01 00:00:00.000000124,178.6696,20,13
1970-01-01 00:00:00.000000125,179.10416,20,13
1970-01-01 00:00:00.000000126,179.46455,20,13
1970-01-01 00:00:00.000000125,182.39021,20,14
1970-01-01 00:00:00.000000126,182.74124,20,14
1970-01-01 00:00:00.000000127,182.60855,20,14
1970-01-01 00:00:00.000000126,186.55034,20,15
1970-01-01 00:00:00.000000127,186.43468,20,15
1970-01-01 00:00:00.000000128,186.3402,20,15
1970-01-01 00:00:00.000000127,184.61433,20,16
1970-01-01 00:00:00.000000128,184.71303,20,16
1970-01-01 00:00:00.000000129,184.61781,20,16
1970-01-01 00:00:00.000000128,182.62617,20,17
1970-01-01 00:00:00.000000129,182.3324,20,17
1970-01-01 00:00:00.000000130,182.01137,20,17
1970-01-01 00:00:00.000000130,112.54705,21,10
1970-01-01 00:00:00.000000131,113.28494,21,10
1970-01-01 00:00:00.000000132,113.7477,21,10
1970-01-01 00:00:00.000000131,121.018456,21,11
1970-01-01 00:00:00.000000132,122.88365,21,11
1970-01-01 00:00:00.000000133,124.25913,21,11
1970-01-01 00:00:00.000000132,150.17924,21,12
1970-01-01 00:00:00.000000133,153.83127,21,12
1970-01-01 00:00:00.000000134,154.36852,21,12
1970-01-01 00:00:00.000000133,158.3348,21,13
1970-01-01 00:00:00.000000134,158.6839,21,13
1970-01-01 00:00:00.000000135,157.3424,21,13
1970-01-01 00:00:00.000000134,161.86995,21,14
1970-01-01 00:00:00.000000135,160.4639,21,14
1970-01-01 00:00:00.000000136,158.10468,21,14
1970-01-01 00:00:00.000000135,163.25674,21,15
1970-01-01 00:00:00.000000136,160.92723,21,15
1970-01-01 00:00:00.000000137,158.3136,21,15
1970-01-01 00:00:00.000000136,156.19376,21,16
1970-01-01 00:00:00.000000137,152.93254,21,16
1970-01-01 00:00:00.000000138,150.87947,21,16
1970-01-01 00:00:00.000000137,145.97691,21,17
1970-01-01 00:00:00.000000138,143.86212,21,17
1970-01-01 00:00:00.000000139,142.03525,21,17
1970-01-01 00:00:00.000000138,144.82611,21,18
1970-01-01 00:00:00.000000139,142.82806,21,18
1970-01-01 00:00:00.000000140,143.31851,21,18
1970-01-01 00:00:00.000000171,134.07686,22,10
1970-01-01 00:00:00.000000172,133.63893,22,10
1970-01-01 00:00:00.000000173,133.58113,22,10
1970-01-01 00:00:00.000000172,135.31442,22,11
1970-01-01 00:00:00.000000173,135.5165,22,11
1970-01-01 00:00:00.000000174,135.60257,22,11
1970-01-01 00:00:00.000000173,130.30565,22,12
1970-01-01 00:00:00.000000174,129.75014,22,12
1970-01-01 00:00:00.000000175,129.76405,22,12
1970-01-01 00:00:00.000000174,129.15842,22,13
1970-01-01 00:00:00.000000175,129.27147,22,13
1970-01-01 00:00:00.000000176,129.61433,22,13
1970-01-01 00:00:00.000000175,144.35962,22,14
1970-01-01 00:00:00.000000176,145.11792,22,14
1970-01-01 00:00:00.000000177,145.5793,22,14
1970-01-01 00:00:00.000000176,135.6643,22,15
1970-01-01 00:00:00.000000177,134.61777,22,15
1970-01-01 00:00:00.000000178,134.62814,22,15
1970-01-01 00:00:00.000000177,130.64038,22,16
1970-01-01 00:00:00.000000178,129.28781,22,16
1970-01-01 00:00:00.000000179,127.77186,22,16
1970-01-01 00:00:00.000000178,106.57063,22,17
1970-01-01 00:00:00.000000179,104.89198,22,17
1970-01-01 00:00:00.000000180,104.42552,22,17
1970-01-01 00:00:00.000000179,109.47477,22,18
1970-01-01 00:00:00.000000180,109.742714,22,18
1970-01-01 00:00:00.000000181,111.16088,22,18
1970-01-01 00:00:00.000000180,111.827446,22,19
1970-01-01 00:00:00.000000181,113.35468,22,19
1970-01-01 00:00:00.000000182,115.004684,22,19
1970-01-01 00:00:00.000000181,119.90784,22,20
1970-01-01 00:00:00.000000182,121.99113,22,20
1970-01-01 00:00:00.000000183,123.39781,22,20
1970-01-01 00:00:00.000000182,106.465004,22,21
1970-01-01 00:00:00.000000183,106.743965,22,21
1970-01-01 00:00:00.000000184,107.01977,22,21
1970-01-01 00:00:00.000000183,105.036674,22,22
1970-01-01 00:00:00.000000184,105.72464,22,22
1970-01-01 00:00:00.000000185,105.83588,22,22
1970-01-01 00:00:00.000000184,112.42199,22,23
1970-01-01 00:00:00.000000185,112.70849,22,23
1970-01-01 00:00:00.000000186,112.92999,22,23
1970-01-01 00:00:00.000000185,94.81518,22,24
1970-01-01 00:00:00.000000186,93.43885,22,24
1970-01-01 00:00:00.000000187,93.29442,22,24
1970-01-01 00:00:00.000000186,80.89338,22,25
1970-01-01 00:00:00.000000187,80.56744,22,25
1970-01-01 00:00:00.000000188,80.3657,22,25
1970-01-01 00:00:00.000000187,80.72561,22,26
1970-01-01 00:00:00.000000188,80.74868,22,26
1970-01-01 00:00:00.000000189,82.57553,22,26
1970-01-01 00:00:00.000000130,220.52582,23,10
1970-01-01 00:00:00.000000131,220.06749,23,10
1970-01-01 00:00:00.000000132,219.7842,23,10
1970-01-01 00:00:00.000000131,219.50525,23,11
1970-01-01 00:00:00.000000132,219.11646,23,11
1970-01-01 00:00:00.000000133,219.31816,23,11
1970-01-01 00:00:00.000000132,219.9348,23,12
1970-01-01 00:00:00.000000133,220.21317,23,12
1970-01-01 00:00:00.000000134,220.37753,23,12
1970-01-01 00:00:00.000000133,221.3912,23,13
1970-01-01 00:00:00.000000134,221.8895,23,13
1970-01-01 00:00:00.000000135,222.08272,23,13
1970-01-01 00:00:00.000000134,225.1448,23,14
1970-01-01 00:00:00.000000135,225.52356,23,14
1970-01-01 00:00:00.000000136,225.18077,23,14
1970-01-01 00:00:00.000000135,229.12408,23,15
1970-01-01 00:00:00.000000136,229.30176,23,15
1970-01-01 00:00:00.000000137,228.15147,23,15
1970-01-01 00:00:00.000000136,228.97719,23,16
1970-01-01 00:00:00.000000137,228.04388,23,16
1970-01-01 00:00:00.000000138,226.1808,23,16
1970-01-01 00:00:00.000000137,232.2226,23,17
1970-01-01 00:00:00.000000138,230.78485,23,17
1970-01-01 00:00:00.000000139,228.83072,23,17
1970-01-01 00:00:00.000000138,233.8957,23,18
1970-01-01 00:00:00.000000139,232.1084,23,18
1970-01-01 00:00:00.000000140,229.73155,23,18
1970-01-01 00:00:00.000000139,232.0427,23,19
1970-01-01 00:00:00.000000140,229.72502,23,19
1970-01-01 00:00:00.000000141,226.75092,23,19
1970-01-01 00:00:00.000000095,134.83586,25,10
1970-01-01 00:00:00.000000096,134.89981,25,10
1970-01-01 00:00:00.000000097,134.89273,25,10
1970-01-01 00:00:00.000000096,143.11403,25,11
1970-01-01 00:00:00.000000097,143.36688,25,11
1970-01-01 00:00:00.000000098,144.1211,25,11
1970-01-01 00:00:00.000000097,152.48927,25,12
1970-01-01 00:00:00.000000098,153.31883,25,12
1970-01-01 00:00:00.000000099,153.7904,25,12
1970-01-01 00:00:00.000000231,207.39868,26,10
1970-01-01 00:00:00.000000232,204.99696,26,10
1970-01-01 00:00:00.000000233,203.10982,26,10
1970-01-01 00:00:00.000000232,209.5116,26,11
1970-01-01 00:00:00.000000233,207.51521,26,11
1970-01-01 00:00:00.000000234,206.01703,26,11
1970-01-01 00:00:00.000000233,210.7588,26,12
1970-01-01 00:00:00.000000234,209.0669,26,12
1970-01-01 00:00:00.000000235,207.68315,26,12
1970-01-01 00:00:00.000000234,212.08604,26,13
1970-01-01 00:00:00.000000235,210.93225,26,13
1970-01-01 00:00:00.000000236,209.18303,26,13
1970-01-01 00:00:00.000000235,211.98137,26,14
1970-01-01 00:00:00.000000236,210.08676,26,14
1970-01-01 00:00:00.000000237,209.3904,26,14
1970-01-01 00:00:00.000000236,210.08276,26,15
1970-01-01 00:00:00.000000237,209.12473,26,15
1970-01-01 00:00:00.000000238,208.62018,26,15
1970-01-01 00:00:00.000000237,211.80789,26,16
1970-01-01 00:00:00.000000238,211.55453,26,16
1970-01-01 00:00:00.000000239,210.19,26,16
1970-01-01 00:00:00.000000238,211.54654,26,17
1970-01-01 00:00:00.000000239,210.17278,26,17
1970-01-01 00:00:00.000000240,209.27557,26,17
1970-01-01 00:00:00.000000239,209.44818,26,18
1970-01-01 00:00:00.000000240,208.35614,26,18
1970-01-01 00:00:00.000000241,207.3174,26,18
1970-01-01 00:00:00.000000240,205.63533,26,19
1970-01-01 00:00:00.000000241,204.13736,26,19
1970-01-01 00:00:00.000000242,203.19531,26,19
1970-01-01 00:00:00.000000241,203.73071,26,20
1970-01-01 00:00:00.000000242,202.76283,26,20
1970-01-01 00:00:00.000000243,202.19269,26,20
1970-01-01 00:00:00.000000242,201.84541,26,21
1970-01-01 00:00:00.000000243,201.10974,26,21
1970-01-01 00:00:00.000000244,201.32816,26,21
1970-01-01 00:00:00.000000243,201.1185,26,22
1970-01-01 00:00:00.000000244,201.04646,26,22
1970-01-01 00:00:00.000000245,201.20427,26,22
1970-01-01 00:00:00.000000244,201.13123,26,23
1970-01-01 00:00:00.000000245,201.57568,26,23
1970-01-01 00:00:00.000000246,200.35829,26,23
1970-01-01 00:00:00.000000245,198.60332,26,24
1970-01-01 00:00:00.000000246,197.21933,26,24
1970-01-01 00:00:00.000000247,196.74438,26,24
1970-01-01 00:00:00.000000246,199.61832,26,25
1970-01-01 00:00:00.000000247,198.98831,26,25
1970-01-01 00:00:00.000000248,199.1687,26,25
1970-01-01 00:00:00.000000247,198.76581,26,26
1970-01-01 00:00:00.000000248,199.10782,26,26
1970-01-01 00:00:00.000000249,198.12198,26,26
1970-01-01 00:00:00.000000248,189.50682,26,27
1970-01-01 00:00:00.000000249,187.86687,26,27
1970-01-01 00:00:00.000000250,185.46056,26,27
1970-01-01 00:00:00.000000249,132.94797,26,28
1970-01-01 00:00:00.000000250,127.71714,26,28
1970-01-01 00:00:00.000000251,125.07678,26,28
1970-01-01 00:00:00.000000250,60.125168,26,29
1970-01-01 00:00:00.000000251,54.82271,26,29
1970-01-01 00:00:00.000000252,54.27741,26,29
1970-01-01 00:00:00.000000251,26.902159,26,30
1970-01-01 00:00:00.000000252,27.50351,26,30
1970-01-01 00:00:00.000000253,30.739376,26,30
1970-01-01 00:00:00.000000252,48.9258,26,31
1970-01-01 00:00:00.000000253,54.224712,26,31
1970-01-01 00:00:00.000000254,59.56972,26,31
1970-01-01 00:00:00.000000253,74.160484,26,32
1970-01-01 00:00:00.000000254,83.12509,26,32
1970-01-01 00:00:00.000000255,88.72002,26,32
1970-01-01 00:00:00.000000254,124.38426,26,33
1970-01-01 00:00:00.000000255,135.401,26,33
1970-01-01 00:00:00.000000256,142.36531,26,33
1970-01-01 00:00:00.000000255,137.02016,26,34
1970-01-01 00:00:00.000000256,141.5492,26,34
1970-01-01 00:00:00.000000257,141.45894,26,34
1970-01-01 00:00:00.000000256,134.85835,26,35
1970-01-01 00:00:00.000000257,134.06755,26,35
1970-01-01 00:00:00.000000258,129.59337,26,35
1970-01-01 00:00:00.000000257,141.27835,26,36
1970-01-01 00:00:00.000000258,137.92792,26,36
1970-01-01 00:00:00.000000259,136.43736,26,36
1970-01-01 00:00:00.000000181,88.71983,29,10
1970-01-01 00:00:00.000000182,90.627,29,10
1970-01-01 00:00:00.000000183,93.48468,29,10
1970-01-01 00:00:00.000000182,91.04863,29,11
1970-01-01 00:00:00.000000183,93.256966,29,11
1970-01-01 00:00:00.000000184,93.443016,29,11
1970-01-01 00:00:00.000000183,94.91566,29,12
1970-01-01 00:00:00.000000184,95.88119,29,12
1970-01-01 00:00:00.000000185,95.770935,29,12
1970-01-01 00:00:00.000000184,96.232124,29,13
1970-01-01 00:00:00.000000185,96.44909,29,13
1970-01-01 00:00:00.000000186,97.47626,29,13
1970-01-01 00:00:00.000000185,101.140816,29,14
1970-01-01 00:00:00.000000186,102.04096,29,14
1970-01-01 00:00:00.000000187,100.6307,29,14
1970-01-01 00:00:00.000000186,104.26662,29,15
1970-01-01 00:00:00.000000187,103.98936,29,15
1970-01-01 00:00:00.000000188,103.951614,29,15
1970-01-01 00:00:00.000000187,109.545296,29,16
1970-01-01 00:00:00.000000188,110.421936,29,16
1970-01-01 00:00:00.000000189,110.74065,29,16
1970-01-01 00:00:00.000000188,108.302414,29,17
1970-01-01 00:00:00.000000189,107.66549,29,17
1970-01-01 00:00:00.000000190,107.11477,29,17
1970-01-01 00:00:00.000000189,95.59638,29,18
1970-01-01 00:00:00.000000190,93.70438,29,18
1970-01-01 00:00:00.000000191,91.201355,29,18
1970-01-01 00:00:00.000000190,86.74992,29,19
1970-01-01 00:00:00.000000191,85.821915,29,19
1970-01-01 00:00:00.000000192,84.939125,29,19
1970-01-01 00:00:00.000000191,91.40321,29,20
1970-01-01 00:00:00.000000192,91.2123,29,20
1970-01-01 00:00:00.000000193,91.79956,29,20
1970-01-01 00:00:00.000000192,95.217186,29,21
1970-01-01 00:00:00.000000193,96.06509,29,21
1970-01-01 00:00:00.000000194,95.54984,29,21
1970-01-01 00:00:00.000000193,54.73352,29,22
1970-01-01 00:00:00.000000194,52.258533,29,22
1970-01-01 00:00:00.000000195,50.77387,29,22
1970-01-01 00:00:00.000000194,72.7492,29,23
1970-01-01 00:00:00.000000195,69.54182,29,23
1970-01-01 00:00:00.000000196,66.560974,29,23
1970-01-01 00:00:00.000000195,65.46391,29,24
1970-01-01 00:00:00.000000196,64.88342,29,24
1970-01-01 00:00:00.000000197,65.3981,29,24
1970-01-01 00:00:00.000000196,63.9174,29,25
1970-01-01 00:00:00.000000197,63.76158,29,25
1970-01-01 00:00:00.000000198,62.630558,29,25
1970-01-01 00:00:00.000000197,39.207176,29,26
1970-01-01 00:00:00.000000198,36.98474,29,26
1970-01-01 00:00:00.000000199,34.07698,29,26
1970-01-01 00:00:00.000000198,67.00993,29,27
1970-01-01 00:00:00.000000199,66.747986,29,27
1970-01-01 00:00:00.000000200,67.193565,29,27
1970-01-01 00:00:00.000000199,61.314754,29,28
1970-01-01 00:00:00.000000200,60.974552,29,28
1970-01-01 00:00:00.000000201,60.530354,29,28
1970-01-01 00:00:00.000000092,182.59688,40,10
1970-01-01 00:00:00.000000093,183.9174,40,10
1970-01-01 00:00:00.000000094,185.09862,40,10
1970-01-01 00:00:00.000000093,189.80766,40,11
1970-01-01 00:00:00.000000094,191.14705,40,11
1970-01-01 00:00:00.000000095,190.62152,40,11
1970-01-01 00:00:00.000000094,187.96295,40,12
1970-01-01 00:00:00.000000095,188.23456,40,12
1970-01-01 00:00:00.000000096,187.87723,40,12
1970-01-01 00:00:00.000000092,178.25491,42,10
1970-01-01 00:00:00.000000093,179.0189,42,10
1970-01-01 00:00:00.000000094,179.52585,42,10
1970-01-01 00:00:00.000000093,174.24763,42,11
1970-01-01 00:00:00.000000094,174.85591,42,11
1970-01-01 00:00:00.000000095,174.78505,42,11
1970-01-01 00:00:00.000000094,180.03632,42,12
1970-01-01 00:00:00.000000095,179.24333,42,12
1970-01-01 00:00:00.000000096,178.74487,42,12
1970-01-01 00:00:00.000000156,118.86331,45,10
1970-01-01 00:00:00.000000157,119.04182,45,10
1970-01-01 00:00:00.000000158,119.311195,45,10
1970-01-01 00:00:00.000000157,119.65286,45,11
1970-01-01 00:00:00.000000158,119.91733,45,11
1970-01-01 00:00:00.000000159,120.205864,45,11
1970-01-01 00:00:00.000000158,118.22337,45,12
1970-01-01 00:00:00.000000159,118.187454,45,12
1970-01-01 00:00:00.000000160,118.20495,45,12
1970-01-01 00:00:00.000000159,117.05266,45,13
1970-01-01 00:00:00.000000160,117.06144,45,13
1970-01-01 00:00:00.000000161,117.20002,45,13
1970-01-01 00:00:00.000000160,117.79311,45,14
1970-01-01 00:00:00.000000161,117.85558,45,14
1970-01-01 00:00:00.000000162,118.09548,45,14
1970-01-01 00:00:00.000000161,116.156654,45,15
1970-01-01 00:00:00.000000162,116.34884,45,15
1970-01-01 00:00:00.000000163,116.57497,45,15
1970-01-01 00:00:00.000000162,118.13091,45,16
1970-01-01 00:00:00.000000163,118.440216,45,16
1970-01-01 00:00:00.000000164,118.676125,45,16
1970-01-01 00:00:00.000000163,118.777435,45,17
1970-01-01 00:00:00.000000164,119.1137,45,17
1970-01-01 00:00:00.000000165,119.52567,45,17
1970-01-01 00:00:00.000000164,120.13273,45,18
1970-01-01 00:00:00.000000165,120.65586,45,18
1970-01-01 00:00:00.000000166,121.08955,45,18
1970-01-01 00:00:00.000000165,119.60814,45,19
1970-01-01 00:00:00.000000166,119.77938,45,19
1970-01-01 00:00:00.000000167,120.39259,45,19
1970-01-01 00:00:00.000000166,118.166306,45,20
1970-01-01 00:00:00.000000167,118.542816,45,20
1970-01-01 00:00:00.000000168,118.583626,45,20
1970-01-01 00:00:00.000000167,116.96484,45,21
1970-01-01 00:00:00.000000168,116.5902,45,21
1970-01-01 00:00:00.000000169,116.58143,45,21
1970-01-01 00:00:00.000000168,117.77258,45,22
1970-01-01 00:00:00.000000169,117.715744,45,22
1970-01-01 00:00:00.000000170,118.15149,45,22
1970-01-01 00:00:00.000000169,118.00276,45,23
1970-01-01 00:00:00.000000170,118.685814,45,23
1970-01-01 00:00:00.000000171,119.287254,45,23
1970-01-01 00:00:00.000000116,107.05949,46,10
1970-01-01 00:00:00.000000117,107.30121,46,10
1970-01-01 00:00:00.000000118,107.18354,46,10
1970-01-01 00:00:00.000000117,99.03745,46,11
1970-01-01 00:00:00.000000118,99.208755,46,11
1970-01-01 00:00:00.000000119,99.55479,46,11
1970-01-01 00:00:00.000000118,107.407295,46,12
1970-01-01 00:00:00.000000119,107.67312,46,12
1970-01-01 00:00:00.000000120,107.5246,46,12
1970-01-01 00:00:00.000000119,103.2649,46,13
1970-01-01 00:00:00.000000120,103.09342,46,13
1970-01-01 00:00:00.000000121,103.58948,46,13
1970-01-01 00:00:00.000000120,103.30316,46,14
1970-01-01 00:00:00.000000121,104.35602,46,14
1970-01-01 00:00:00.000000122,104.727615,46,14
1970-01-01 00:00:00.000000121,104.0046,46,15
1970-01-01 00:00:00.000000122,103.70234,46,15
1970-01-01 00:00:00.000000123,103.6244,46,15
1970-01-01 00:00:00.000000122,100.95163,46,16
1970-01-01 00:00:00.000000123,101.30503,46,16
1970-01-01 00:00:00.000000124,101.35752,46,16
1970-01-01 00:00:00.000000243,105.75199,53,10
1970-01-01 00:00:00.000000244,106.55881,53,10
1970-01-01 00:00:00.000000245,106.80657,53,10
1970-01-01 00:00:00.000000244,110.234,53,11
1970-01-01 00:00:00.000000245,111.995674,53,11
1970-01-01 00:00:00.000000246,114.16174,53,11
1970-01-01 00:00:00.000000245,111.69182,53,12
1970-01-01 00:00:00.000000246,112.759995,53,12
1970-01-01 00:00:00.000000247,112.54805,53,12
1970-01-01 00:00:00.000000246,109.67847,53,13
1970-01-01 00:00:00.000000247,110.56601,53,13
1970-01-01 00:00:00.000000248,110.03581,53,13
1970-01-01 00:00:00.000000247,103.81528,53,14
1970-01-01 00:00:00.000000248,102.920555,53,14
1970-01-01 00:00:00.000000249,102.36314,53,14
1970-01-01 00:00:00.000000248,108.68407,53,15
1970-01-01 00:00:00.000000249,107.086365,53,15
1970-01-01 00:00:00.000000250,105.10061,53,15
1970-01-01 00:00:00.000000249,105.35739,53,16
1970-01-01 00:00:00.000000250,104.20216,53,16
1970-01-01 00:00:00.000000251,103.34338,53,16
1970-01-01 00:00:00.000000250,108.59615,53,17
1970-01-01 00:00:00.000000251,108.96621,53,17
1970-01-01 00:00:00.000000252,108.5218,53,17
1970-01-01 00:00:00.000000251,114.21129,53,18
1970-01-01 00:00:00.000000252,114.573265,53,18
1970-01-01 00:00:00.000000253,114.16603,53,18
1970-01-01 00:00:00.000000252,113.83545,53,19
1970-01-01 00:00:00.000000253,113.66043,53,19
1970-01-01 00:00:00.000000254,113.05818,53,19
1970-01-01 00:00:00.000000253,116.63729,53,20
1970-01-01 00:00:00.000000254,114.79943,53,20
1970-01-01 00:00:00.000000255,113.31388,53,20
1970-01-01 00:00:00.000000254,101.84555,53,21
1970-01-01 00:00:00.000000255,99.56375,53,21
1970-01-01 00:00:00.000000256,98.49555,53,21
1970-01-01 00:00:00.000000255,96.64118,53,22
1970-01-01 00:00:00.000000256,96.44988,53,22
1970-01-01 00:00:00.000000257,97.07418,53,22
1970-01-01 00:00:00.000000256,93.50835,53,23
1970-01-01 00:00:00.000000257,93.9148,53,23
1970-01-01 00:00:00.000000258,95.82821,53,23
1970-01-01 00:00:00.000000257,92.57842,53,24
1970-01-01 00:00:00.000000258,94.45646,53,24
1970-01-01 00:00:00.000000259,95.23603,53,24
1970-01-01 00:00:00.000000258,91.795425,53,25
1970-01-01 00:00:00.000000259,92.9698,53,25
1970-01-01 00:00:00.000000260,93.89737,53,25
1970-01-01 00:00:00.000000259,90.750854,53,26
1970-01-01 00:00:00.000000260,90.24704,53,26
1970-01-01 00:00:00.000000261,90.70944,53,26
1970-01-01 00:00:00.000000260,91.205284,53,27
1970-01-01 00:00:00.000000261,90.62391,53,27
1970-01-01 00:00:00.000000262,90.09439,53,27
1970-01-01 00:00:00.000000261,90.14314,53,28
1970-01-01 00:00:00.000000262,89.72637,53,28
1970-01-01 00:00:00.000000263,90.14521,53,28
1970-01-01 00:00:00.000000262,97.74561,53,29
1970-01-01 00:00:00.000000263,98.29468,53,29
1970-01-01 00:00:00.000000264,99.30076,53,29
1970-01-01 00:00:00.000000263,98.090706,53,30
1970-01-01 00:00:00.000000264,98.74153,53,30
1970-01-01 00:00:00.000000265,98.719246,53,30
1970-01-01 00:00:00.000000264,89.71918,53,31
1970-01-01 00:00:00.000000265,89.95874,53,31
1970-01-01 00:00:00.000000266,90.811226,53,31
1970-01-01 00:00:00.000000265,97.453926,53,32
1970-01-01 00:00:00.000000266,97.90452,53,32
1970-01-01 00:00:00.000000267,97.65074,53,32
1970-01-01 00:00:00.000000266,85.12694,53,33
1970-01-01 00:00:00.000000267,84.00521,53,33
1970-01-01 00:00:00.000000268,82.66215,53,33
1970-01-01 00:00:00.000000267,74.96187,53,34
1970-01-01 00:00:00.000000268,73.416595,53,34
1970-01-01 00:00:00.000000269,71.90886,53,34
1970-01-01 00:00:00.000000268,73.62348,53,35
1970-01-01 00:00:00.000000269,71.56892,53,35
1970-01-01 00:00:00.000000270,70.83098,53,35
1970-01-01 00:00:00.000000269,69.60678,53,36
1970-01-01 00:00:00.000000270,67.34761,53,36
1970-01-01 00:00:00.000000271,66.41322,53,36
1970-01-01 00:00:00.000000270,75.80433,53,37
1970-01-01 00:00:00.000000271,74.73375,53,37
1970-01-01 00:00:00.000000272,74.20622,53,37
1970-01-01 00:00:00.000000271,84.32049,53,38
1970-01-01 00:00:00.000000272,85.410805,53,38
1970-01-01 00:00:00.000000273,86.35631,53,38
1970-01-01 00:00:00.000000272,88.86791,53,39
1970-01-01 00:00:00.000000273,90.04451,53,39
1970-01-01 00:00:00.000000274,90.349495,53,39
1970-01-01 00:00:00.000000097,36.55475,54,10
1970-01-01 00:00:00.000000098,36.82725,54,10
1970-01-01 00:00:00.000000099,37.90404,54,10
1970-01-01 00:00:00.000000098,35.893417,54,11
1970-01-01 00:00:00.000000099,36.394093,54,11
1970-01-01 00:00:00.000000100,38.367176,54,11
1970-01-01 00:00:00.000000099,35.50323,54,12
1970-01-01 00:00:00.000000100,36.77646,54,12
1970-01-01 00:00:00.000000101,39.466652,54,12
1970-01-01 00:00:00.000000100,35.12468,54,13
1970-01-01 00:00:00.000000101,38.423935,54,13
1970-01-01 00:00:00.000000102,40.4625,54,13
1970-01-01 00:00:00.000000277,63.19157,60,10
1970-01-01 00:00:00.000000278,59.945553,60,10
1970-01-01 00:00:00.000000279,58.70284,60,10
1970-01-01 00:00:00.000000278,47.446285,60,11
1970-01-01 00:00:00.000000279,45.15878,60,11
1970-01-01 00:00:00.000000280,45.544876,60,11
1970-01-01 00:00:00.000000279,60.645935,60,12
1970-01-01 00:00:00.000000280,60.920403,60,12
1970-01-01 00:00:00.000000281,64.08565,60,12
1970-01-01 00:00:00.000000280,57.473145,60,13
1970-01-01 00:00:00.000000281,61.636032,60,13
1970-01-01 00:00:00.000000282,67.18171,60,13
1970-01-01 00:00:00.000000281,58.664715,60,14
1970-01-01 00:00:00.000000282,64.18696,60,14
1970-01-01 00:00:00.000000283,66.39136,60,14
1970-01-01 00:00:00.000000282,57.610497,60,15
1970-01-01 00:00:00.000000283,60.648556,60,15
1970-01-01 00:00:00.000000284,61.777138,60,15
1970-01-01 00:00:00.000000283,56.413036,60,16
1970-01-01 00:00:00.000000284,56.518955,60,16
1970-01-01 00:00:00.000000285,56.49754,60,16
1970-01-01 00:00:00.000000284,61.327057,60,17
1970-01-01 00:00:00.000000285,61.98807,60,17
1970-01-01 00:00:00.000000286,61.897236,60,17
1970-01-01 00:00:00.000000285,70.699394,60,18
1970-01-01 00:00:00.000000286,71.29645,60,18
1970-01-01 00:00:00.000000287,71.86222,60,18
1970-01-01 00:00:00.000000286,76.10368,60,19
1970-01-01 00:00:00.000000287,77.29907,60,19
1970-01-01 00:00:00.000000288,76.89521,60,19
1970-01-01 00:00:00.000000287,73.32022,60,20
1970-01-01 00:00:00.000000288,72.844315,60,20
1970-01-01 00:00:00.000000289,71.54538,60,20
1970-01-01 00:00:00.000000288,78.10656,60,21
1970-01-01 00:00:00.000000289,76.642,60,21
1970-01-01 00:00:00.000000290,74.878914,60,21
1970-01-01 00:00:00.000000289,68.055885,60,22
1970-01-01 00:00:00.000000290,66.09185,60,22
1970-01-01 00:00:00.000000291,63.383934,60,22
1970-01-01 00:00:00.000000290,67.557846,60,23
1970-01-01 00:00:00.000000291,64.519,60,23
1970-01-01 00:00:00.000000292,62.71912,60,23
1970-01-01 00:00:00.000000291,70.16079,60,24
1970-01-01 00:00:00.000000292,69.16411,60,24
1970-01-01 00:00:00.000000293,67.89806,60,24
1970-01-01 00:00:00.000000292,65.4368,60,25
1970-01-01 00:00:00.000000293,63.124096,60,25
1970-01-01 00:00:00.000000294,60.207623,60,25
1970-01-01 00:00:00.000000293,72.55623,60,26
1970-01-01 00:00:00.000000294,70.3028,60,26
1970-01-01 00:00:00.000000295,68.45398,60,26
1970-01-01 00:00:00.000000294,68.48326,60,27
1970-01-01 00:00:00.000000295,66.34892,60,27
1970-01-01 00:00:00.000000296,66.913864,60,27
1970-01-01 00:00:00.000000295,59.23524,60,28
1970-01-01 00:00:00.000000296,58.108055,60,28
1970-01-01 00:00:00.000000297,57.04288,60,28
1970-01-01 00:00:00.000000296,62.547375,60,29
1970-01-01 00:00:00.000000297,60.538345,60,29
1970-01-01 00:00:00.000000298,60.356586,60,29
1970-01-01 00:00:00.000000297,64.55674,60,30
1970-01-01 00:00:00.000000298,64.82561,60,30
1970-01-01 00:00:00.000000299,66.38866,60,30
1970-01-01 00:00:00.000000298,73.37436,60,31
1970-01-01 00:00:00.000000299,74.82426,60,31
1970-01-01 00:00:00.000000300,75.64783,60,31
1970-01-01 00:00:00.000000299,61.696415,60,32
1970-01-01 00:00:00.000000300,61.84567,60,32
1970-01-01 00:00:00.000000301,63.644947,60,32
1970-01-01 00:00:00.000000300,60.73107,60,33
1970-01-01 00:00:00.000000301,61.766304,60,33
1970-01-01 00:00:00.000000302,64.52332,60,33
1970-01-01 00:00:00.000000301,53.22072,60,34
1970-01-01 00:00:00.000000302,56.32044,60,34
1970-01-01 00:00:00.000000303,60.076153,60,34
1970-01-01 00:00:00.000000302,60.435017,60,35
1970-01-01 00:00:00.000000303,65.03744,60,35
1970-01-01 00:00:00.000000304,69.00828,60,35
1970-01-01 00:00:00.000000303,56.4237,60,36
1970-01-01 00:00:00.000000304,59.375816,60,36
1970-01-01 00:00:00.000000305,61.219296,60,36
1970-01-01 00:00:00.000000304,49.236855,60,37
1970-01-01 00:00:00.000000305,50.85905,60,37
1970-01-01 00:00:00.000000306,52.134315,60,37
1970-01-01 00:00:00.000000305,52.42498,60,38
1970-01-01 00:00:00.000000306,51.327255,60,38
1970-01-01 00:00:00.000000307,50.14508,60,38
1970-01-01 00:00:00.000000306,59.83531,60,39
1970-01-01 00:00:00.000000307,60.130207,60,39
1970-01-01 00:00:00.000000308,59.63166,60,39
1970-01-01 00:00:00.000000307,63.56151,60,40
1970-01-01 00:00:00.000000308,62.837124,60,40
1970-01-01 00:00:00.000000309,62.53164,60,40
1970-01-01 00:00:00.000000308,58.060837,60,41
1970-01-01 00:00:00.000000309,58.652332,60,41
1970-01-01 00:00:00.000000310,58.82812,60,41
1970-01-01 00:00:00.000000309,54.212418,60,42
1970-01-01 00:00:00.000000310,52.27522,60,42
1970-01-01 00:00:00.000000311,51.81274,60,42
1970-01-01 00:00:00.000000310,39.0162,60,43
1970-01-01 00:00:00.000000311,35.670975,60,43
1970-01-01 00:00:00.000000312,33.91402,60,43
1970-01-01 00:00:00.000000311,40.472527,60,44
1970-01-01 00:00:00.000000312,37.986927,60,44
1970-01-01 00:00:00.000000313,36.240173,60,44
1970-01-01 00:00:00.000000312,56.33795,60,45
1970-01-01 00:00:00.000000313,56.83422,60,45
1970-01-01 00:00:00.000000314,57.512608,60,45
1970-01-01 00:00:00.000000102,67.55809,61,10
1970-01-01 00:00:00.000000103,67.7236,61,10
1970-01-01 00:00:00.000000104,67.816124,61,10
1970-01-01 00:00:00.000000103,61.43627,61,11
1970-01-01 00:00:00.000000104,61.548607,61,11
1970-01-01 00:00:00.000000105,62.191227,61,11
1970-01-01 00:00:00.000000104,65.94995,61,12
1970-01-01 00:00:00.000000105,67.23961,61,12
1970-01-01 00:00:00.000000106,67.994,61,12
1970-01-01 00:00:00.000000105,65.0925,61,13
1970-01-01 00:00:00.000000106,65.790985,61,13
1970-01-01 00:00:00.000000107,66.842834,61,13
1970-01-01 00:00:00.000000106,63.96383,61,14
1970-01-01 00:00:00.000000107,64.75302,61,14
1970-01-01 00:00:00.000000108,66.34091,61,14
1970-01-01 00:00:00.000000125,127.48524,62,10
1970-01-01 00:00:00.000000126,129.0855,62,10
1970-01-01 00:00:00.000000127,130.00755,62,10
1970-01-01 00:00:00.000000126,125.752556,62,11
1970-01-01 00:00:00.000000127,125.42451,62,11
1970-01-01 00:00:00.000000128,125.289024,62,11
1970-01-01 00:00:00.000000127,113.578026,62,12
1970-01-01 00:00:00.000000128,112.59092,62,12
1970-01-01 00:00:00.000000129,111.67826,62,12
1970-01-01 00:00:00.000000128,116.28696,62,13
1970-01-01 00:00:00.000000129,115.85916,62,13
1970-01-01 00:00:00.000000130,116.5482,62,13
1970-01-01 00:00:00.000000129,116.9259,62,14
1970-01-01 00:00:00.000000130,117.22691,62,14
1970-01-01 00:00:00.000000131,118.37812,62,14
1970-01-01 00:00:00.000000130,114.94925,62,15
1970-01-01 00:00:00.000000131,115.03228,62,15
1970-01-01 00:00:00.000000132,115.0904,62,15
1970-01-01 00:00:00.000000131,117.00197,62,16
1970-01-01 00:00:00.000000132,117.09979,62,16
1970-01-01 00:00:00.000000133,117.51519,62,16
1970-01-01 00:00:00.000000132,114.59001,62,17
1970-01-01 00:00:00.000000133,114.90307,62,17
1970-01-01 00:00:00.000000134,115.911575,62,17
1970-01-01 00:00:00.000000133,114.25197,62,18
1970-01-01 00:00:00.000000134,115.23783,62,18
1970-01-01 00:00:00.000000135,116.02402,62,18
1970-01-01 00:00:00.000000292,73.5274,63,10
1970-01-01 00:00:00.000000293,71.03804,63,10
1970-01-01 00:00:00.000000294,71.02891,63,10
1970-01-01 00:00:00.000000293,72.117935,63,11
1970-01-01 00:00:00.000000294,71.15374,63,11
1970-01-01 00:00:00.000000295,71.99833,63,11
1970-01-01 00:00:00.000000294,70.08044,63,12
1970-01-01 00:00:00.000000295,70.21523,63,12
1970-01-01 00:00:00.000000296,71.63784,63,12
1970-01-01 00:00:00.000000295,73.89132,63,13
1970-01-01 00:00:00.000000296,75.68938,63,13
1970-01-01 00:00:00.000000297,77.38259,63,13
1970-01-01 00:00:00.000000296,72.21594,63,14
1970-01-01 00:00:00.000000297,73.65719,63,14
1970-01-01 00:00:00.000000298,75.91246,63,14
1970-01-01 00:00:00.000000297,70.22896,63,15
1970-01-01 00:00:00.000000298,72.78062,63,15
1970-01-01 00:00:00.000000299,74.202225,63,15
1970-01-01 00:00:00.000000298,66.63573,63,16
1970-01-01 00:00:00.000000299,66.18986,63,16
1970-01-01 00:00:00.000000300,67.140335,63,16
1970-01-01 00:00:00.000000299,63.88352,63,17
1970-01-01 00:00:00.000000300,63.998486,63,17
1970-01-01 00:00:00.000000301,65.982544,63,17
1970-01-01 00:00:00.000000300,66.41573,63,18
1970-01-01 00:00:00.000000301,67.986984,63,18
1970-01-01 00:00:00.000000302,70.895775,63,18
1970-01-01 00:00:00.000000301,67.83349,63,19
1970-01-01 00:00:00.000000302,69.90882,63,19
1970-01-01 00:00:00.000000303,71.34453,63,19
1970-01-01 00:00:00.000000302,65.0093,63,20
1970-01-01 00:00:00.000000303,67.08423,63,20
1970-01-01 00:00:00.000000304,68.46734,63,20
1970-01-01 00:00:00.000000303,65.27043,63,21
1970-01-01 00:00:00.000000304,65.90728,63,21
1970-01-01 00:00:00.000000305,67.87201,63,21
1970-01-01 00:00:00.000000304,60.93323,63,22
1970-01-01 00:00:00.000000305,61.151123,63,22
1970-01-01 00:00:00.000000306,60.908886,63,22
1970-01-01 00:00:00.000000305,63.487385,63,23
1970-01-01 00:00:00.000000306,62.389526,63,23
1970-01-01 00:00:00.000000307,63.414238,63,23
1970-01-01 00:00:00.000000306,64.37999,63,24
1970-01-01 00:00:00.000000307,64.231186,63,24
1970-01-01 00:00:00.000000308,65.31317,63,24
1970-01-01 00:00:00.000000307,64.093155,63,25
1970-01-01 00:00:00.000000308,64.325905,63,25
1970-01-01 00:00:00.000000309,63.998413,63,25
1970-01-01 00:00:00.000000308,62.422318,63,26
1970-01-01 00:00:00.000000309,61.7918,63,26
1970-01-01 00:00:00.000000310,62.17753,63,26
1970-01-01 00:00:00.000000309,62.99026,63,27
1970-01-01 00:00:00.000000310,63.248344,63,27
1970-01-01 00:00:00.000000311,65.93141,63,27
1970-01-01 00:00:00.000000310,63.832832,63,28
1970-01-01 00:00:00.000000311,66.578606,63,28
1970-01-01 00:00:00.000000312,69.094315,63,28
1970-01-01 00:00:00.000000311,69.46127,63,29
1970-01-01 00:00:00.000000312,72.71216,63,29
1970-01-01 00:00:00.000000313,74.0771,63,29
1970-01-01 00:00:00.000000312,69.567955,63,30
1970-01-01 00:00:00.000000313,71.60983,63,30
1970-01-01 00:00:00.000000314,74.417274,63,30
1970-01-01 00:00:00.000000313,68.508995,63,31
1970-01-01 00:00:00.000000314,72.354965,63,31
1970-01-01 00:00:00.000000315,75.5972,63,31
1970-01-01 00:00:00.000000314,74.724144,63,32
1970-01-01 00:00:00.000000315,79.10242,63,32
1970-01-01 00:00:00.000000316,81.62359,63,32
1970-01-01 00:00:00.000000315,77.37431,63,33
1970-01-01 00:00:00.000000316,80.62561,63,33
1970-01-01 00:00:00.000000317,82.68197,63,33
1970-01-01 00:00:00.000000316,78.10389,63,34
1970-01-01 00:00:00.000000317,80.96562,63,34
1970-01-01 00:00:00.000000318,81.70966,63,34
1970-01-01 00:00:00.000000317,70.22846,63,35
1970-01-01 00:00:00.000000318,68.78624,63,35
1970-01-01 00:00:00.000000319,68.99592,63,35
1970-01-01 00:00:00.000000318,76.59272,63,36
1970-01-01 00:00:00.000000319,77.13332,63,36
1970-01-01 00:00:00.000000320,77.06766,63,36
1970-01-01 00:00:00.000000319,78.03071,63,37
1970-01-01 00:00:00.000000320,75.90676,63,37
1970-01-01 00:00:00.000000321,74.62121,63,37
1970-01-01 00:00:00.000000320,72.19239,63,38
1970-01-01 00:00:00.000000321,70.758064,63,38
1970-01-01 00:00:00.000000322,70.23108,63,38
1970-01-01 00:00:00.000000321,73.08622,63,39
1970-01-01 00:00:00.000000322,72.15011,63,39
1970-01-01 00:00:00.000000323,74.39039,63,39
1970-01-01 00:00:00.000000322,73.68949,63,40
1970-01-01 00:00:00.000000323,75.37247,63,40
1970-01-01 00:00:00.000000324,78.45121,63,40
1970-01-01 00:00:00.000000323,76.034225,63,41
1970-01-01 00:00:00.000000324,78.73255,63,41
1970-01-01 00:00:00.000000325,81.13689,63,41
1970-01-01 00:00:00.000000324,79.084656,63,42
1970-01-01 00:00:00.000000325,82.135345,63,42
1970-01-01 00:00:00.000000326,84.68036,63,42
1970-01-01 00:00:00.000000325,81.36657,63,43
1970-01-01 00:00:00.000000326,84.03523,63,43
1970-01-01 00:00:00.000000327,86.47131,63,43
1970-01-01 00:00:00.000000326,81.01569,63,44
1970-01-01 00:00:00.000000327,82.69615,63,44
1970-01-01 00:00:00.000000328,84.574104,63,44
1970-01-01 00:00:00.000000327,80.24615,63,45
1970-01-01 00:00:00.000000328,82.06805,63,45
1970-01-01 00:00:00.000000329,82.94974,63,45
1970-01-01 00:00:00.000000328,79.891594,63,46
1970-01-01 00:00:00.000000329,80.75982,63,46
1970-01-01 00:00:00.000000330,81.67057,63,46
1970-01-01 00:00:00.000000329,85.116554,63,47
1970-01-01 00:00:00.000000330,86.8813,63,47
1970-01-01 00:00:00.000000331,89.03693,63,47
1970-01-01 00:00:00.000000156,99.06182,64,10
1970-01-01 00:00:00.000000157,100.16953,64,10
1970-01-01 00:00:00.000000158,103.368645,64,10
1970-01-01 00:00:00.000000157,96.143105,64,11
1970-01-01 00:00:00.000000158,99.07463,64,11
1970-01-01 00:00:00.000000159,101.6512,64,11
1970-01-01 00:00:00.000000158,109.150536,64,12
1970-01-01 00:00:00.000000159,113.111694,64,12
1970-01-01 00:00:00.000000160,115.176414,64,12
1970-01-01 00:00:00.000000159,104.70318,64,13
1970-01-01 00:00:00.000000160,106.049164,64,13
1970-01-01 00:00:00.000000161,107.42861,64,13
1970-01-01 00:00:00.000000160,111.38113,64,14
1970-01-01 00:00:00.000000161,113.42575,64,14
1970-01-01 00:00:00.000000162,114.08919,64,14
1970-01-01 00:00:00.000000161,113.937546,64,15
1970-01-01 00:00:00.000000162,114.58292,64,15
1970-01-01 00:00:00.000000163,113.14216,64,15
1970-01-01 00:00:00.000000162,113.21292,64,16
1970-01-01 00:00:00.000000163,112.35225,64,16
1970-01-01 00:00:00.000000164,110.31591,64,16
1970-01-01 00:00:00.000000163,114.09992,64,17
1970-01-01 00:00:00.000000164,111.651855,64,17
1970-01-01 00:00:00.000000165,109.15104,64,17
1970-01-01 00:00:00.000000164,107.574356,64,18
1970-01-01 00:00:00.000000165,103.60023,64,18
1970-01-01 00:00:00.000000166,102.41658,64,18
1970-01-01 00:00:00.000000165,103.88738,64,19
1970-01-01 00:00:00.000000166,102.21746,64,19
1970-01-01 00:00:00.000000167,102.82285,64,19
1970-01-01 00:00:00.000000166,101.83046,64,20
1970-01-01 00:00:00.000000167,102.938156,64,20
1970-01-01 00:00:00.000000168,103.62113,64,20
1970-01-01 00:00:00.000000167,97.90167,64,21
1970-01-01 00:00:00.000000168,98.52207,64,21
1970-01-01 00:00:00.000000169,97.42125,64,21
1970-01-01 00:00:00.000000168,100.0062,64,22
1970-01-01 00:00:00.000000169,100.288704,64,22
1970-01-01 00:00:00.000000170,96.15385,64,22
1970-01-01 00:00:00.000000169,98.20793,64,23
1970-01-01 00:00:00.000000170,95.94693,64,23
1970-01-01 00:00:00.000000171,91.071785,64,23
1970-01-01 00:00:00.000000225,47.022556,65,10
1970-01-01 00:00:00.000000226,48.08019,65,10
1970-01-01 00:00:00.000000227,49.36719,65,10
1970-01-01 00:00:00.000000226,47.57528,65,11
1970-01-01 00:00:00.000000227,49.006073,65,11
1970-01-01 00:00:00.000000228,49.999916,65,11
1970-01-01 00:00:00.000000227,45.55722,65,12
1970-01-01 00:00:00.000000228,46.352707,65,12
1970-01-01 00:00:00.000000229,47.447014,65,12
1970-01-01 00:00:00.000000228,45.532463,65,13
1970-01-01 00:00:00.000000229,46.266655,65,13
1970-01-01 00:00:00.000000230,46.822147,65,13
1970-01-01 00:00:00.000000229,54.237938,65,14
1970-01-01 00:00:00.000000230,55.666496,65,14
1970-01-01 00:00:00.000000231,56.706547,65,14
1970-01-01 00:00:00.000000230,61.12237,65,15
1970-01-01 00:00:00.000000231,62.244644,65,15
1970-01-01 00:00:00.000000232,63.357258,65,15
1970-01-01 00:00:00.000000231,57.654198,65,16
1970-01-01 00:00:00.000000232,58.400177,65,16
1970-01-01 00:00:00.000000233,58.59472,65,16
1970-01-01 00:00:00.000000232,56.35438,65,17
1970-01-01 00:00:00.000000233,56.629395,65,17
1970-01-01 00:00:00.000000234,56.99195,65,17
1970-01-01 00:00:00.000000233,53.53432,65,18
1970-01-01 00:00:00.000000234,53.354034,65,18
1970-01-01 00:00:00.000000235,53.81841,65,18
1970-01-01 00:00:00.000000234,59.77978,65,19
1970-01-01 00:00:00.000000235,60.696304,65,19
1970-01-01 00:00:00.000000236,61.099564,65,19
1970-01-01 00:00:00.000000235,58.96176,65,20
1970-01-01 00:00:00.000000236,59.012115,65,20
1970-01-01 00:00:00.000000237,59.280586,65,20
1970-01-01 00:00:00.000000236,56.423416,65,21
1970-01-01 00:00:00.000000237,56.524483,65,21
1970-01-01 00:00:00.000000238,56.852127,65,21
1970-01-01 00:00:00.000000237,61.11533,65,22
1970-01-01 00:00:00.000000238,61.25066,65,22
1970-01-01 00:00:00.000000239,61.801228,65,22
1970-01-01 00:00:00.000000238,59.702408,65,23
1970-01-01 00:00:00.000000239,59.71803,65,23
1970-01-01 00:00:00.000000240,60.075455,65,23
1970-01-01 00:00:00.000000239,64.62768,65,24
1970-01-01 00:00:00.000000240,65.2985,65,24
1970-01-01 00:00:00.000000241,65.64782,65,24
1970-01-01 00:00:00.000000240,64.13014,65,25
1970-01-01 00:00:00.000000241,64.14604,65,25
1970-01-01 00:00:00.000000242,64.359055,65,25
1970-01-01 00:00:00.000000241,65.60592,65,26
1970-01-01 00:00:00.000000242,65.81631,65,26
1970-01-01 00:00:00.000000243,66.09013,65,26
1970-01-01 00:00:00.000000242,65.14163,65,27
1970-01-01 00:00:00.000000243,64.96802,65,27
1970-01-01 00:00:00.000000244,65.318405,65,27
1970-01-01 00:00:00.000000243,70.20345,65,28
1970-01-01 00:00:00.000000244,71.74524,65,28
1970-01-01 00:00:00.000000245,72.50395,65,28
1970-01-01 00:00:00.000000244,68.74477,65,29
1970-01-01 00:00:00.000000245,69.134155,65,29
1970-01-01 00:00:00.000000246,69.57529,65,29
1970-01-01 00:00:00.000000245,71.04417,65,30
1970-01-01 00:00:00.000000246,72.0026,65,30
1970-01-01 00:00:00.000000247,72.612144,65,30
1970-01-01 00:00:00.000000246,71.64929,65,31
1970-01-01 00:00:00.000000247,71.884224,65,31
1970-01-01 00:00:00.000000248,72.05412,65,31
1970-01-01 00:00:00.000000247,68.91848,65,32
1970-01-01 00:00:00.000000248,68.323685,65,32
1970-01-01 00:00:00.000000249,67.854225,65,32
1970-01-01 00:00:00.000000248,65.5817,65,33
1970-01-01 00:00:00.000000249,64.4521,65,33
1970-01-01 00:00:00.000000250,63.786045,65,33
1970-01-01 00:00:00.000000249,63.020008,65,34
1970-01-01 00:00:00.000000250,62.810844,65,34
1970-01-01 00:00:00.000000251,63.01011,65,34
1970-01-01 00:00:00.000000250,65.99817,65,35
1970-01-01 00:00:00.000000251,65.7718,65,35
1970-01-01 00:00:00.000000252,65.654045,65,35
1970-01-01 00:00:00.000000083,76.41811,66,10
1970-01-01 00:00:00.000000084,76.73838,66,10
1970-01-01 00:00:00.000000085,77.13195,66,10
1970-01-01 00:00:00.000000124,35.419266,67,10
1970-01-01 00:00:00.000000125,33.54244,67,10
1970-01-01 00:00:00.000000126,33.004124,67,10
1970-01-01 00:00:00.000000125,53.322807,67,11
1970-01-01 00:00:00.000000126,47.48106,67,11
1970-01-01 00:00:00.000000127,44.162186,67,11
1970-01-01 00:00:00.000000126,35.099686,67,12
1970-01-01 00:00:00.000000127,37.35817,67,12
1970-01-01 00:00:00.000000128,40.663525,67,12
1970-01-01 00:00:00.000000127,45.429222,67,13
1970-01-01 00:00:00.000000128,47.810993,67,13
1970-01-01 00:00:00.000000129,49.127613,67,13
1970-01-01 00:00:00.000000128,35.235188,67,14
1970-01-01 00:00:00.000000129,36.7738,67,14
1970-01-01 00:00:00.000000130,36.918125,67,14
1970-01-01 00:00:00.000000129,32.28644,67,15
1970-01-01 00:00:00.000000130,33.367138,67,15
1970-01-01 00:00:00.000000131,35.279682,67,15
1970-01-01 00:00:00.000000130,28.675472,67,16
1970-01-01 00:00:00.000000131,30.695642,67,16
1970-01-01 00:00:00.000000132,31.918139,67,16
1970-01-01 00:00:00.000000131,33.90144,67,17
1970-01-01 00:00:00.000000132,35.125195,67,17
1970-01-01 00:00:00.000000133,34.869354,67,17
1970-01-01 00:00:00.000000176,94.73781,69,10
1970-01-01 00:00:00.000000177,97.45746,69,10
1970-01-01 00:00:00.000000178,101.20222,69,10
1970-01-01 00:00:00.000000177,94.57743,69,11
1970-01-01 00:00:00.000000178,98.57541,69,11
1970-01-01 00:00:00.000000179,100.82849,69,11
1970-01-01 00:00:00.000000178,90.866264,69,12
1970-01-01 00:00:00.000000179,93.83397,69,12
1970-01-01 00:00:00.000000180,96.3257,69,12
1970-01-01 00:00:00.000000179,96.03446,69,13
1970-01-01 00:00:00.000000180,98.09607,69,13
1970-01-01 00:00:00.000000181,98.85347,69,13
1970-01-01 00:00:00.000000180,93.46724,69,14
1970-01-01 00:00:00.000000181,92.18258,69,14
1970-01-01 00:00:00.000000182,90.35276,69,14
1970-01-01 00:00:00.000000181,96.361534,69,15
1970-01-01 00:00:00.000000182,93.95109,69,15
1970-01-01 00:00:00.000000183,91.49639,69,15
1970-01-01 00:00:00.000000182,91.92287,69,16
1970-01-01 00:00:00.000000183,89.44029,69,16
1970-01-01 00:00:00.000000184,87.81797,69,16
1970-01-01 00:00:00.000000183,97.567566,69,17
1970-01-01 00:00:00.000000184,96.244225,69,17
1970-01-01 00:00:00.000000185,96.51747,69,17
1970-01-01 00:00:00.000000184,101.76878,69,18
1970-01-01 00:00:00.000000185,102.597786,69,18
1970-01-01 00:00:00.000000186,101.81612,69,18
1970-01-01 00:00:00.000000185,106.76426,69,19
1970-01-01 00:00:00.000000186,106.361916,69,19
1970-01-01 00:00:00.000000187,105.99183,69,19
1970-01-01 00:00:00.000000186,109.146164,69,20
1970-01-01 00:00:00.000000187,108.04648,69,20
1970-01-01 00:00:00.000000188,106.45698,69,20
1970-01-01 00:00:00.000000187,114.78272,69,21
1970-01-01 00:00:00.000000188,114.12499,69,21
1970-01-01 00:00:00.000000189,113.34001,69,21
1970-01-01 00:00:00.000000188,111.68913,69,22
1970-01-01 00:00:00.000000189,110.08056,69,22
1970-01-01 00:00:00.000000190,109.3082,69,22
1970-01-01 00:00:00.000000189,104.66347,69,23
1970-01-01 00:00:00.000000190,104.454346,69,23
1970-01-01 00:00:00.000000191,104.38807,69,23
1970-01-01 00:00:00.000000190,98.80564,69,24
1970-01-01 00:00:00.000000191,98.43761,69,24
1970-01-01 00:00:00.000000192,99.52368,69,24
1970-01-01 00:00:00.000000191,102.35426,69,25
1970-01-01 00:00:00.000000192,103.991936,69,25
1970-01-01 00:00:00.000000193,105.271866,69,25
1970-01-01 00:00:00.000000192,99.76124,69,26
1970-01-01 00:00:00.000000193,101.00376,69,26
1970-01-01 00:00:00.000000194,102.67353,69,26
1970-01-01 00:00:00.000000193,99.615295,69,27
1970-01-01 00:00:00.000000194,100.8329,69,27
1970-01-01 00:00:00.000000195,101.77107,69,27
1970-01-01 00:00:00.000000226,128.17271,70,10
1970-01-01 00:00:00.000000227,129.60556,70,10
1970-01-01 00:00:00.000000228,130.51399,70,10
1970-01-01 00:00:00.000000227,129.57166,70,11
1970-01-01 00:00:00.000000228,130.18968,70,11
1970-01-01 00:00:00.000000229,130.68672,70,11
1970-01-01 00:00:00.000000228,127.44095,70,12
1970-01-01 00:00:00.000000229,127.50579,70,12
1970-01-01 00:00:00.000000230,127.405624,70,12
1970-01-01 00:00:00.000000229,127.66901,70,13
1970-01-01 00:00:00.000000230,127.712204,70,13
1970-01-01 00:00:00.000000231,128.1641,70,13
1970-01-01 00:00:00.000000230,130.7856,70,14
1970-01-01 00:00:00.000000231,131.1944,70,14
1970-01-01 00:00:00.000000232,132.44571,70,14
1970-01-01 00:00:00.000000231,132.58,70,15
1970-01-01 00:00:00.000000232,133.26646,70,15
1970-01-01 00:00:00.000000233,135.94579,70,15
1970-01-01 00:00:00.000000232,134.87723,70,16
1970-01-01 00:00:00.000000233,137.82132,70,16
1970-01-01 00:00:00.000000234,139.87521,70,16
1970-01-01 00:00:00.000000233,136.80383,70,17
1970-01-01 00:00:00.000000234,138.23434,70,17
1970-01-01 00:00:00.000000235,139.7629,70,17
1970-01-01 00:00:00.000000234,137.34349,70,18
1970-01-01 00:00:00.000000235,138.73671,70,18
1970-01-01 00:00:00.000000236,140.17085,70,18
1970-01-01 00:00:00.000000235,139.55289,70,19
1970-01-01 00:00:00.000000236,140.754,70,19
1970-01-01 00:00:00.000000237,142.13805,70,19
1970-01-01 00:00:00.000000236,140.65953,70,20
1970-01-01 00:00:00.000000237,142.40627,70,20
1970-01-01 00:00:00.000000238,144.00053,70,20
1970-01-01 00:00:00.000000237,142.56425,70,21
1970-01-01 00:00:00.000000238,143.56384,70,21
1970-01-01 00:00:00.000000239,145.54395,70,21
1970-01-01 00:00:00.000000238,145.18927,70,22
1970-01-01 00:00:00.000000239,147.02318,70,22
1970-01-01 00:00:00.000000240,148.63905,70,22
1970-01-01 00:00:00.000000239,146.29155,70,23
1970-01-01 00:00:00.000000240,147.53667,70,23
1970-01-01 00:00:00.000000241,148.3687,70,23
1970-01-01 00:00:00.000000240,148.57317,70,24
1970-01-01 00:00:00.000000241,149.29755,70,24
1970-01-01 00:00:00.000000242,150.50781,70,24
1970-01-01 00:00:00.000000241,149.84161,70,25
1970-01-01 00:00:00.000000242,150.78423,70,25
1970-01-01 00:00:00.000000243,152.05037,70,25
1970-01-01 00:00:00.000000242,150.13844,70,26
1970-01-01 00:00:00.000000243,151.34653,70,26
1970-01-01 00:00:00.000000244,152.43922,70,26
1970-01-01 00:00:00.000000243,149.97557,70,27
1970-01-01 00:00:00.000000244,150.51173,70,27
1970-01-01 00:00:00.000000245,151.11876,70,27
1970-01-01 00:00:00.000000244,149.01395,70,28
1970-01-01 00:00:00.000000245,149.38791,70,28
1970-01-01 00:00:00.000000246,149.67505,70,28
1970-01-01 00:00:00.000000245,149.16727,70,29
1970-01-01 00:00:00.000000246,149.39551,70,29
1970-01-01 00:00:00.000000247,149.75606,70,29
1970-01-01 00:00:00.000000246,149.53201,70,30
1970-01-01 00:00:00.000000247,149.80046,70,30
1970-01-01 00:00:00.000000248,150.03069,70,30
1970-01-01 00:00:00.000000247,149.7409,70,31
1970-01-01 00:00:00.000000248,149.81839,70,31
1970-01-01 00:00:00.000000249,149.97742,70,31
1970-01-01 00:00:00.000000248,148.32877,70,32
1970-01-01 00:00:00.000000249,148.3366,70,32
1970-01-01 00:00:00.000000250,148.12305,70,32
1970-01-01 00:00:00.000000249,148.74683,70,33
1970-01-01 00:00:00.000000250,148.5239,70,33
1970-01-01 00:00:00.000000251,148.34683,70,33
1970-01-01 00:00:00.000000250,150.82251,70,34
1970-01-01 00:00:00.000000251,150.66815,70,34
1970-01-01 00:00:00.000000252,151.05469,70,34
1970-01-01 00:00:00.000000251,147.89195,70,35
1970-01-01 00:00:00.000000252,148.08058,70,35
1970-01-01 00:00:00.000000253,148.58176,70,35
1970-01-01 00:00:00.000000252,143.27296,70,36
1970-01-01 00:00:00.000000253,145.41232,70,36
1970-01-01 00:00:00.000000254,138.11526,70,36
1970-01-01 00:00:00.000000226,114.580956,71,10
1970-01-01 00:00:00.000000227,114.14394,71,10
1970-01-01 00:00:00.000000228,112.98386,71,10
1970-01-01 00:00:00.000000227,117.97163,71,11
1970-01-01 00:00:00.000000228,117.36325,71,11
1970-01-01 00:00:00.000000229,116.50803,71,11
1970-01-01 00:00:00.000000228,115.10421,71,12
1970-01-01 00:00:00.000000229,114.11127,71,12
1970-01-01 00:00:00.000000230,114.239624,71,12
1970-01-01 00:00:00.000000229,115.1263,71,13
1970-01-01 00:00:00.000000230,116.98299,71,13
1970-01-01 00:00:00.000000231,113.2725,71,13
1970-01-01 00:00:00.000000230,116.58178,71,14
1970-01-01 00:00:00.000000231,112.32504,71,14
1970-01-01 00:00:00.000000232,108.38111,71,14
1970-01-01 00:00:00.000000231,109.75839,71,15
1970-01-01 00:00:00.000000232,106.85166,71,15
1970-01-01 00:00:00.000000233,102.1976,71,15
1970-01-01 00:00:00.000000232,101.83861,71,16
1970-01-01 00:00:00.000000233,91.30601,71,16
1970-01-01 00:00:00.000000234,109.40591,71,16
1970-01-01 00:00:00.000000233,73.66986,71,17
1970-01-01 00:00:00.000000234,91.205475,71,17
1970-01-01 00:00:00.000000235,102.50123,71,17
1970-01-01 00:00:00.000000234,89.068245,71,18
1970-01-01 00:00:00.000000235,100.28985,71,18
1970-01-01 00:00:00.000000236,104.39688,71,18
1970-01-01 00:00:00.000000235,97.80736,71,19
1970-01-01 00:00:00.000000236,103.02952,71,19
1970-01-01 00:00:00.000000237,109.115425,71,19
1970-01-01 00:00:00.000000236,103.81154,71,20
1970-01-01 00:00:00.000000237,111.283516,71,20
1970-01-01 00:00:00.000000238,119.17607,71,20
1970-01-01 00:00:00.000000237,117.02189,71,21
1970-01-01 00:00:00.000000238,122.615,71,21
1970-01-01 00:00:00.000000239,128.00636,71,21
1970-01-01 00:00:00.000000238,119.04878,71,22
1970-01-01 00:00:00.000000239,125.60663,71,22
1970-01-01 00:00:00.000000240,131.07611,71,22
1970-01-01 00:00:00.000000239,125.22505,71,23
1970-01-01 00:00:00.000000240,129.69452,71,23
1970-01-01 00:00:00.000000241,135.48273,71,23
1970-01-01 00:00:00.000000240,126.81226,71,24
1970-01-01 00:00:00.000000241,131.03722,71,24
1970-01-01 00:00:00.000000242,135.9304,71,24
1970-01-01 00:00:00.000000241,142.3133,71,25
1970-01-01 00:00:00.000000242,150.09967,71,25
1970-01-01 00:00:00.000000243,159.02104,71,25
1970-01-01 00:00:00.000000242,146.72815,71,26
1970-01-01 00:00:00.000000243,149.59842,71,26
1970-01-01 00:00:00.000000244,154.99289,71,26
1970-01-01 00:00:00.000000243,145.91498,71,27
1970-01-01 00:00:00.000000244,153.00983,71,27
1970-01-01 00:00:00.000000245,158.71774,71,27
1970-01-01 00:00:00.000000244,153.99832,71,28
1970-01-01 00:00:00.000000245,157.87111,71,28
1970-01-01 00:00:00.000000246,165.25095,71,28
1970-01-01 00:00:00.000000245,158.30171,71,29
1970-01-01 00:00:00.000000246,165.68193,71,29
1970-01-01 00:00:00.000000247,171.44565,71,29
1970-01-01 00:00:00.000000246,163.91562,71,30
1970-01-01 00:00:00.000000247,168.15065,71,30
1970-01-01 00:00:00.000000248,171.20576,71,30
1970-01-01 00:00:00.000000247,166.81769,71,31
1970-01-01 00:00:00.000000248,171.34866,71,31
1970-01-01 00:00:00.000000249,174.4528,71,31
1970-01-01 00:00:00.000000248,170.94649,71,32
1970-01-01 00:00:00.000000249,173.91447,71,32
1970-01-01 00:00:00.000000250,175.9514,71,32
1970-01-01 00:00:00.000000249,184.69673,71,33
1970-01-01 00:00:00.000000250,189.70609,71,33
1970-01-01 00:00:00.000000251,190.99422,71,33
1970-01-01 00:00:00.000000250,200.55835,71,34
1970-01-01 00:00:00.000000251,204.44592,71,34
1970-01-01 00:00:00.000000252,206.0163,71,34
1970-01-01 00:00:00.000000251,221.49893,71,35
1970-01-01 00:00:00.000000252,225.53079,71,35
1970-01-01 00:00:00.000000253,226.3975,71,35
1970-01-01 00:00:00.000000320,133.1181,72,10
1970-01-01 00:00:00.000000321,135.38297,72,10
1970-01-01 00:00:00.000000322,137.31665,72,10
1970-01-01 00:00:00.000000321,138.32979,72,11
1970-01-01 00:00:00.000000322,140.66338,72,11
1970-01-01 00:00:00.000000323,142.71564,72,11
1970-01-01 00:00:00.000000322,141.51518,72,12
1970-01-01 00:00:00.000000323,143.77995,72,12
1970-01-01 00:00:00.000000324,145.01485,72,12
1970-01-01 00:00:00.000000323,148.0827,72,13
1970-01-01 00:00:00.000000324,150.11902,72,13
1970-01-01 00:00:00.000000325,150.92976,72,13
1970-01-01 00:00:00.000000324,153.48627,72,14
1970-01-01 00:00:00.000000325,155.06151,72,14
1970-01-01 00:00:00.000000326,155.60585,72,14
1970-01-01 00:00:00.000000325,148.56296,72,15
1970-01-01 00:00:00.000000326,149.24622,72,15
1970-01-01 00:00:00.000000327,149.26607,72,15
1970-01-01 00:00:00.000000326,151.13725,72,16
1970-01-01 00:00:00.000000327,150.49548,72,16
1970-01-01 00:00:00.000000328,149.65334,72,16
1970-01-01 00:00:00.000000327,142.61287,72,17
1970-01-01 00:00:00.000000328,140.28217,72,17
1970-01-01 00:00:00.000000329,138.92488,72,17
1970-01-01 00:00:00.000000328,143.53156,72,18
1970-01-01 00:00:00.000000329,142.65936,72,18
1970-01-01 00:00:00.000000330,142.30663,72,18
1970-01-01 00:00:00.000000329,144.22505,72,19
1970-01-01 00:00:00.000000330,143.75461,72,19
1970-01-01 00:00:00.000000331,143.88965,72,19
1970-01-01 00:00:00.000000330,145.1262,72,20
1970-01-01 00:00:00.000000331,144.95352,72,20
1970-01-01 00:00:00.000000332,144.8364,72,20
1970-01-01 00:00:00.000000331,145.62549,72,21
1970-01-01 00:00:00.000000332,145.2699,72,21
1970-01-01 00:00:00.000000333,145.47914,72,21
1970-01-01 00:00:00.000000332,145.6654,72,22
1970-01-01 00:00:00.000000333,146.15567,72,22
1970-01-01 00:00:00.000000334,146.76398,72,22
1970-01-01 00:00:00.000000333,144.84767,72,23
1970-01-01 00:00:00.000000334,145.47595,72,23
1970-01-01 00:00:00.000000335,145.18367,72,23
1970-01-01 00:00:00.000000334,146.26009,72,24
1970-01-01 00:00:00.000000335,146.29477,72,24
1970-01-01 00:00:00.000000336,146.40865,72,24
1970-01-01 00:00:00.000000335,147.04945,72,25
1970-01-01 00:00:00.000000336,147.63556,72,25
1970-01-01 00:00:00.000000337,148.89188,72,25
1970-01-01 00:00:00.000000336,151.72475,72,26
1970-01-01 00:00:00.000000337,153.51556,72,26
1970-01-01 00:00:00.000000338,155.0074,72,26
1970-01-01 00:00:00.000000337,147.14728,72,27
1970-01-01 00:00:00.000000338,147.43689,72,27
1970-01-01 00:00:00.000000339,148.10147,72,27
1970-01-01 00:00:00.000000338,159.6876,72,28
1970-01-01 00:00:00.000000339,159.02536,72,28
1970-01-01 00:00:00.000000340,158.59486,72,28
1970-01-01 00:00:00.000000339,135.78777,72,29
1970-01-01 00:00:00.000000340,134.75443,72,29
1970-01-01 00:00:00.000000341,133.22449,72,29
1970-01-01 00:00:00.000000340,138.83138,72,30
1970-01-01 00:00:00.000000341,138.40405,72,30
1970-01-01 00:00:00.000000342,138.82167,72,30
1970-01-01 00:00:00.000000341,137.7644,72,31
1970-01-01 00:00:00.000000342,138.1811,72,31
1970-01-01 00:00:00.000000343,139.80862,72,31
1970-01-01 00:00:00.000000342,142.7286,72,32
1970-01-01 00:00:00.000000343,145.00685,72,32
1970-01-01 00:00:00.000000344,146.3453,72,32
1970-01-01 00:00:00.000000343,141.58571,72,33
1970-01-01 00:00:00.000000344,142.47197,72,33
1970-01-01 00:00:00.000000345,142.91583,72,33
1970-01-01 00:00:00.000000344,142.4304,72,34
1970-01-01 00:00:00.000000345,143.27306,72,34
1970-01-01 00:00:00.000000346,143.44424,72,34
1970-01-01 00:00:00.000000345,132.37595,72,35
1970-01-01 00:00:00.000000346,131.58052,72,35
1970-01-01 00:00:00.000000347,130.85341,72,35
1970-01-01 00:00:00.000000346,140.64111,72,36
1970-01-01 00:00:00.000000347,138.64326,72,36
1970-01-01 00:00:00.000000348,137.80113,72,36
1970-01-01 00:00:00.000000347,128.70744,72,37
1970-01-01 00:00:00.000000348,125.41529,72,37
1970-01-01 00:00:00.000000349,125.08625,72,37
1970-01-01 00:00:00.000000348,133.63663,72,38
1970-01-01 00:00:00.000000349,135.97058,72,38
1970-01-01 00:00:00.000000350,138.12746,72,38
1970-01-01 00:00:00.000000349,118.97956,72,39
1970-01-01 00:00:00.000000350,119.78663,72,39
1970-01-01 00:00:00.000000351,120.84187,72,39
1970-01-01 00:00:00.000000350,126.16987,72,40
1970-01-01 00:00:00.000000351,129.47435,72,40
1970-01-01 00:00:00.000000352,131.93741,72,40
1970-01-01 00:00:00.000000351,123.38948,72,41
1970-01-01 00:00:00.000000352,125.65774,72,41
1970-01-01 00:00:00.000000353,128.37312,72,41
1970-01-01 00:00:00.000000352,129.82532,72,42
1970-01-01 00:00:00.000000353,131.2918,72,42
1970-01-01 00:00:00.000000354,131.0281,72,42
1970-01-01 00:00:00.000000353,120.14687,72,43
1970-01-01 00:00:00.000000354,117.72291,72,43
1970-01-01 00:00:00.000000355,114.97907,72,43
1970-01-01 00:00:00.000000354,126.93238,72,44
1970-01-01 00:00:00.000000355,125.48483,72,44
1970-01-01 00:00:00.000000356,125.47925,72,44
1970-01-01 00:00:00.000000355,113.02364,72,45
1970-01-01 00:00:00.000000356,111.97338,72,45
1970-01-01 00:00:00.000000357,111.4291,72,45
1970-01-01 00:00:00.000000356,108.747314,72,46
1970-01-01 00:00:00.000000357,107.710594,72,46
1970-01-01 00:00:00.000000358,93.212395,72,46
1970-01-01 00:00:00.000000357,142.33754,72,47
1970-01-01 00:00:00.000000358,130.58566,72,47
1970-01-01 00:00:00.000000359,110.2531,72,47
1970-01-01 00:00:00.000000358,114.4149,72,48
1970-01-01 00:00:00.000000359,90.09611,72,48
1970-01-01 00:00:00.000000360,82.61849,72,48
1970-01-01 00:00:00.000000359,24.62191,72,49
1970-01-01 00:00:00.000000360,6.1063595,72,49
1970-01-01 00:00:00.000000361,1.59677,72,49
1970-01-01 00:00:00.000000360,25.15964,72,50
1970-01-01 00:00:00.000000361,17.612621,72,50
1970-01-01 00:00:00.000000362,13.913367,72,50
1970-01-01 00:00:00.000000361,55.17965,72,51
1970-01-01 00:00:00.000000362,55.98878,72,51
1970-01-01 00:00:00.000000363,65.83237,72,51
1970-01-01 00:00:00.000000362,59.40444,72,52
1970-01-01 00:00:00.000000363,67.68992,72,52
1970-01-01 00:00:00.000000364,76.14625,72,52
1970-01-01 00:00:00.000000219,50.86429,73,10
1970-01-01 00:00:00.000000220,51.92682,73,10
1970-01-01 00:00:00.000000221,51.585922,73,10
1970-01-01 00:00:00.000000220,57.381805,73,11
1970-01-01 00:00:00.000000221,56.630123,73,11
1970-01-01 00:00:00.000000222,54.97119,73,11
1970-01-01 00:00:00.000000221,67.520035,73,12
1970-01-01 00:00:00.000000222,66.15464,73,12
1970-01-01 00:00:00.000000223,63.06278,73,12
1970-01-01 00:00:00.000000222,60.015507,73,13
1970-01-01 00:00:00.000000223,57.363163,73,13
1970-01-01 00:00:00.000000224,55.266155,73,13
1970-01-01 00:00:00.000000223,60.650402,73,14
1970-01-01 00:00:00.000000224,59.123817,73,14
1970-01-01 00:00:00.000000225,57.635418,73,14
1970-01-01 00:00:00.000000224,63.565052,73,15
1970-01-01 00:00:00.000000225,60.948532,73,15
1970-01-01 00:00:00.000000226,57.970108,73,15
1970-01-01 00:00:00.000000225,58.935112,73,16
1970-01-01 00:00:00.000000226,56.129597,73,16
1970-01-01 00:00:00.000000227,54.424397,73,16
1970-01-01 00:00:00.000000226,58.85238,73,17
1970-01-01 00:00:00.000000227,57.503067,73,17
1970-01-01 00:00:00.000000228,54.049026,73,17
1970-01-01 00:00:00.000000227,66.53139,73,18
1970-01-01 00:00:00.000000228,63.22811,73,18
1970-01-01 00:00:00.000000229,60.29377,73,18
1970-01-01 00:00:00.000000228,60.563705,73,19
1970-01-01 00:00:00.000000229,59.50143,73,19
1970-01-01 00:00:00.000000230,58.92896,73,19
1970-01-01 00:00:00.000000229,64.10799,73,20
1970-01-01 00:00:00.000000230,62.82852,73,20
1970-01-01 00:00:00.000000231,60.117306,73,20
1970-01-01 00:00:00.000000230,56.468277,73,21
1970-01-01 00:00:00.000000231,54.065872,73,21
1970-01-01 00:00:00.000000232,50.923782,73,21
1970-01-01 00:00:00.000000231,65.14821,73,22
1970-01-01 00:00:00.000000232,60.571922,73,22
1970-01-01 00:00:00.000000233,57.289127,73,22
1970-01-01 00:00:00.000000232,63.466793,73,23
1970-01-01 00:00:00.000000233,61.588997,73,23
1970-01-01 00:00:00.000000234,60.157948,73,23
1970-01-01 00:00:00.000000233,66.57313,73,24
1970-01-01 00:00:00.000000234,65.4779,73,24
1970-01-01 00:00:00.000000235,62.5021,73,24
1970-01-01 00:00:00.000000234,57.33018,73,25
1970-01-01 00:00:00.000000235,54.437294,73,25
1970-01-01 00:00:00.000000236,52.29594,73,25
1970-01-01 00:00:00.000000235,53.75087,73,26
1970-01-01 00:00:00.000000236,51.164722,73,26
1970-01-01 00:00:00.000000237,51.036766,73,26
1970-01-01 00:00:00.000000236,55.173996,73,27
1970-01-01 00:00:00.000000237,55.07863,73,27
1970-01-01 00:00:00.000000238,54.37532,73,27
1970-01-01 00:00:00.000000237,59.773647,73,28
1970-01-01 00:00:00.000000238,60.272434,73,28
1970-01-01 00:00:00.000000239,61.99374,73,28
1970-01-01 00:00:00.000000238,60.784744,73,29
1970-01-01 00:00:00.000000239,63.76117,73,29
1970-01-01 00:00:00.000000240,67.288086,73,29
1970-01-01 00:00:00.000000239,63.345932,73,30
1970-01-01 00:00:00.000000240,67.54796,73,30
1970-01-01 00:00:00.000000241,70.24636,73,30
1970-01-01 00:00:00.000000240,63.821373,73,31
1970-01-01 00:00:00.000000241,65.71207,73,31
1970-01-01 00:00:00.000000242,67.90854,73,31
1970-01-01 00:00:00.000000241,61.68835,73,32
1970-01-01 00:00:00.000000242,64.56823,73,32
1970-01-01 00:00:00.000000243,66.84906,73,32
1970-01-01 00:00:00.000000242,61.972248,73,33
1970-01-01 00:00:00.000000243,63.420227,73,33
1970-01-01 00:00:00.000000244,64.84331,73,33
1970-01-01 00:00:00.000000243,62.905666,73,34
1970-01-01 00:00:00.000000244,64.22494,73,34
1970-01-01 00:00:00.000000245,66.028625,73,34
1970-01-01 00:00:00.000000116,53.58094,74,10
1970-01-01 00:00:00.000000117,53.124924,74,10
1970-01-01 00:00:00.000000118,53.20322,74,10
1970-01-01 00:00:00.000000117,53.256756,74,11
1970-01-01 00:00:00.000000118,53.13597,74,11
1970-01-01 00:00:00.000000119,53.066154,74,11
1970-01-01 00:00:00.000000118,50.571167,74,12
1970-01-01 00:00:00.000000119,50.710037,74,12
1970-01-01 00:00:00.000000120,50.616848,74,12
1970-01-01 00:00:00.000000119,54.626377,74,13
1970-01-01 00:00:00.000000120,54.847023,74,13
1970-01-01 00:00:00.000000121,54.862377,74,13
1970-01-01 00:00:00.000000120,53.499016,74,14
1970-01-01 00:00:00.000000121,53.368305,74,14
1970-01-01 00:00:00.000000122,53.60952,74,14
1970-01-01 00:00:00.000000121,53.093327,74,15
1970-01-01 00:00:00.000000122,54.261204,74,15
1970-01-01 00:00:00.000000123,55.127472,74,15
1970-01-01 00:00:00.000000122,55.629467,74,16
1970-01-01 00:00:00.000000123,56.87398,74,16
1970-01-01 00:00:00.000000124,57.78521,74,16
1970-01-01 00:00:00.000000129,145.81737,76,10
1970-01-01 00:00:00.000000130,145.82664,76,10
1970-01-01 00:00:00.000000131,146.27254,76,10
1970-01-01 00:00:00.000000130,144.33958,76,11
1970-01-01 00:00:00.000000131,144.61363,76,11
1970-01-01 00:00:00.000000132,144.90063,76,11
1970-01-01 00:00:00.000000131,146.00357,76,12
1970-01-01 00:00:00.000000132,146.65941,76,12
1970-01-01 00:00:00.000000133,146.72804,76,12
1970-01-01 00:00:00.000000132,146.19998,76,13
1970-01-01 00:00:00.000000133,146.19302,76,13
1970-01-01 00:00:00.000000134,146.41849,76,13
1970-01-01 00:00:00.000000133,145.84947,76,14
1970-01-01 00:00:00.000000134,146.10385,76,14
1970-01-01 00:00:00.000000135,146.18492,76,14
1970-01-01 00:00:00.000000134,147.58076,76,15
1970-01-01 00:00:00.000000135,147.68599,76,15
1970-01-01 00:00:00.000000136,147.71045,76,15
1970-01-01 00:00:00.000000135,147.79079,76,16
1970-01-01 00:00:00.000000136,148.13548,76,16
1970-01-01 00:00:00.000000137,148.06873,76,16
1970-01-01 00:00:00.000000136,145.5372,76,17
1970-01-01 00:00:00.000000137,145.26614,76,17
1970-01-01 00:00:00.000000138,145.19412,76,17
1970-01-01 00:00:00.000000137,151.50793,76,18
1970-01-01 00:00:00.000000138,151.99539,76,18
1970-01-01 00:00:00.000000139,152.41226,76,18
1970-01-01 00:00:00.000000151,52.72285,77,10
1970-01-01 00:00:00.000000152,54.785725,77,10
1970-01-01 00:00:00.000000153,56.49638,77,10
1970-01-01 00:00:00.000000152,54.667297,77,11
1970-01-01 00:00:00.000000153,56.630104,77,11
1970-01-01 00:00:00.000000154,58.422394,77,11
1970-01-01 00:00:00.000000153,53.172165,77,12
1970-01-01 00:00:00.000000154,54.877342,77,12
1970-01-01 00:00:00.000000155,56.23609,77,12
1970-01-01 00:00:00.000000154,51.42282,77,13
1970-01-01 00:00:00.000000155,52.851414,77,13
1970-01-01 00:00:00.000000156,54.244106,77,13
1970-01-01 00:00:00.000000155,53.19123,77,14
1970-01-01 00:00:00.000000156,54.647575,77,14
1970-01-01 00:00:00.000000157,56.01404,77,14
1970-01-01 00:00:00.000000156,52.620556,77,15
1970-01-01 00:00:00.000000157,53.96793,77,15
1970-01-01 00:00:00.000000158,55.415684,77,15
1970-01-01 00:00:00.000000157,51.148533,77,16
1970-01-01 00:00:00.000000158,52.647167,77,16
1970-01-01 00:00:00.000000159,53.911762,77,16
1970-01-01 00:00:00.000000158,47.856247,77,17
1970-01-01 00:00:00.000000159,48.783894,77,17
1970-01-01 00:00:00.000000160,49.926655,77,17
1970-01-01 00:00:00.000000159,52.560074,77,18
1970-01-01 00:00:00.000000160,54.113117,77,18
1970-01-01 00:00:00.000000161,55.644604,77,18
1970-01-01 00:00:00.000000160,50.86397,77,19
1970-01-01 00:00:00.000000161,52.341106,77,19
1970-01-01 00:00:00.000000162,53.84074,77,19
1970-01-01 00:00:00.000000161,48.883175,77,20
1970-01-01 00:00:00.000000162,50.39994,77,20
1970-01-01 00:00:00.000000163,51.82078,77,20
1970-01-01 00:00:00.000000162,50.569412,77,21
1970-01-01 00:00:00.000000163,52.224693,77,21
1970-01-01 00:00:00.000000164,53.743843,77,21
1970-01-01 00:00:00.000000163,52.071064,77,22
1970-01-01 00:00:00.000000164,54.007313,77,22
1970-01-01 00:00:00.000000165,55.798386,77,22
1970-01-01 00:00:00.000000098,0.0,78,10
1970-01-01 00:00:00.000000099,0.101441726,78,10
1970-01-01 00:00:00.000000100,1.4291325,78,10
1970-01-01 00:00:00.000000099,4.5440784,78,11
1970-01-01 00:00:00.000000100,0.0,78,11
1970-01-01 00:00:00.000000101,0.0,78,11
1970-01-01 00:00:00.000000100,0.0,78,12
1970-01-01 00:00:00.000000101,2.5196517,78,12
1970-01-01 00:00:00.000000102,0.0,78,12
1970-01-01 00:00:00.000000101,7.42902,78,13
1970-01-01 00:00:00.000000102,3.0947502,78,13
1970-01-01 00:00:00.000000103,4.638154,78,13
1970-01-01 00:00:00.000000275,99.21852,79,10
1970-01-01 00:00:00.000000276,95.27869,79,10
1970-01-01 00:00:00.000000277,92.07177,79,10
1970-01-01 00:00:00.000000276,97.23289,79,11
1970-01-01 00:00:00.000000277,92.1261,79,11
1970-01-01 00:00:00.000000278,99.74866,79,11
1970-01-01 00:00:00.000000277,100.45295,79,12
1970-01-01 00:00:00.000000278,108.382195,79,12
1970-01-01 00:00:00.000000279,115.45628,79,12
1970-01-01 00:00:00.000000278,111.25207,79,13
1970-01-01 00:00:00.000000279,119.802704,79,13
1970-01-01 00:00:00.000000280,118.17305,79,13
1970-01-01 00:00:00.000000279,109.821655,79,14
1970-01-01 00:00:00.000000280,107.2297,79,14
1970-01-01 00:00:00.000000281,106.01361,79,14
1970-01-01 00:00:00.000000280,101.064644,79,15
1970-01-01 00:00:00.000000281,100.5681,79,15
1970-01-01 00:00:00.000000282,99.547104,79,15
1970-01-01 00:00:00.000000281,101.511314,79,16
1970-01-01 00:00:00.000000282,99.99414,79,16
1970-01-01 00:00:00.000000283,97.58257,79,16
1970-01-01 00:00:00.000000282,101.64652,79,17
1970-01-01 00:00:00.000000283,99.53886,79,17
1970-01-01 00:00:00.000000284,96.72674,79,17
1970-01-01 00:00:00.000000283,99.17022,79,18
1970-01-01 00:00:00.000000284,96.55558,79,18
1970-01-01 00:00:00.000000285,94.06857,79,18
1970-01-01 00:00:00.000000284,99.87962,79,19
1970-01-01 00:00:00.000000285,97.4213,79,19
1970-01-01 00:00:00.000000286,94.52382,79,19
1970-01-01 00:00:00.000000285,99.78423,79,20
1970-01-01 00:00:00.000000286,97.57702,79,20
1970-01-01 00:00:00.000000287,93.94595,79,20
1970-01-01 00:00:00.000000286,98.99403,79,21
1970-01-01 00:00:00.000000287,94.90625,79,21
1970-01-01 00:00:00.000000288,92.03723,79,21
1970-01-01 00:00:00.000000287,98.532814,79,22
1970-01-01 00:00:00.000000288,95.61062,79,22
1970-01-01 00:00:00.000000289,93.661545,79,22
1970-01-01 00:00:00.000000288,95.56875,79,23
1970-01-01 00:00:00.000000289,93.70713,79,23
1970-01-01 00:00:00.000000290,92.67453,79,23
1970-01-01 00:00:00.000000289,95.83841,79,24
1970-01-01 00:00:00.000000290,95.06057,79,24
1970-01-01 00:00:00.000000291,94.22925,79,24
1970-01-01 00:00:00.000000290,99.19525,79,25
1970-01-01 00:00:00.000000291,98.2983,79,25
1970-01-01 00:00:00.000000292,97.56899,79,25
1970-01-01 00:00:00.000000291,101.752754,79,26
1970-01-01 00:00:00.000000292,101.53379,79,26
1970-01-01 00:00:00.000000293,100.26653,79,26
1970-01-01 00:00:00.000000292,98.23469,79,27
1970-01-01 00:00:00.000000293,96.45301,79,27
1970-01-01 00:00:00.000000294,95.543884,79,27
1970-01-01 00:00:00.000000293,95.75815,79,28
1970-01-01 00:00:00.000000294,94.752815,79,28
1970-01-01 00:00:00.000000295,95.16236,79,28
1970-01-01 00:00:00.000000294,91.37485,79,29
1970-01-01 00:00:00.000000295,91.22452,79,29
1970-01-01 00:00:00.000000296,91.25786,79,29
1970-01-01 00:00:00.000000295,89.515594,79,30
1970-01-01 00:00:00.000000296,89.56342,79,30
1970-01-01 00:00:00.000000297,88.13016,79,30
1970-01-01 00:00:00.000000296,93.42883,79,31
1970-01-01 00:00:00.000000297,91.98554,79,31
1970-01-01 00:00:00.000000298,90.39912,79,31
1970-01-01 00:00:00.000000297,91.05172,79,32
1970-01-01 00:00:00.000000298,88.517494,79,32
1970-01-01 00:00:00.000000299,87.55622,79,32
1970-01-01 00:00:00.000000298,88.09672,79,33
1970-01-01 00:00:00.000000299,87.2757,79,33
1970-01-01 00:00:00.000000300,85.09481,79,33
1970-01-01 00:00:00.000000299,95.5453,79,34
1970-01-01 00:00:00.000000300,94.29843,79,34
1970-01-01 00:00:00.000000301,91.39943,79,34
1970-01-01 00:00:00.000000300,91.796715,79,35
1970-01-01 00:00:00.000000301,88.99399,79,35
1970-01-01 00:00:00.000000302,87.81951,79,35
1970-01-01 00:00:00.000000301,88.01141,79,36
1970-01-01 00:00:00.000000302,87.63388,79,36
1970-01-01 00:00:00.000000303,87.37952,79,36
1970-01-01 00:00:00.000000302,88.70808,79,37
1970-01-01 00:00:00.000000303,89.86278,79,37
1970-01-01 00:00:00.000000304,90.43098,79,37
1970-01-01 00:00:00.000000303,88.81405,79,38
1970-01-01 00:00:00.000000304,88.85963,79,38
1970-01-01 00:00:00.000000305,89.96646,79,38
1970-01-01 00:00:00.000000304,90.65313,79,39
1970-01-01 00:00:00.000000305,90.798546,79,39
1970-01-01 00:00:00.000000306,89.92626,79,39
1970-01-01 00:00:00.000000305,99.06339,79,40
1970-01-01 00:00:00.000000306,99.63871,79,40
1970-01-01 00:00:00.000000307,99.71741,79,40
1970-01-01 00:00:00.000000306,102.506714,79,41
1970-01-01 00:00:00.000000307,103.5815,79,41
1970-01-01 00:00:00.000000308,103.18321,79,41
1970-01-01 00:00:00.000000307,101.33149,79,42
1970-01-01 00:00:00.000000308,101.50163,79,42
1970-01-01 00:00:00.000000309,99.45571,79,42
1970-01-01 00:00:00.000000308,98.709175,79,43
1970-01-01 00:00:00.000000309,95.85811,79,43
1970-01-01 00:00:00.000000310,93.96913,79,43
1970-01-01 00:00:00.000000309,96.74963,79,44
1970-01-01 00:00:00.000000310,95.029495,79,44
1970-01-01 00:00:00.000000311,91.97022,79,44
1970-01-01 00:00:00.000000148,153.12737,80,10
1970-01-01 00:00:00.000000149,153.63138,80,10
1970-01-01 00:00:00.000000150,154.73996,80,10
1970-01-01 00:00:00.000000149,151.22868,80,11
1970-01-01 00:00:00.000000150,151.71822,80,11
1970-01-01 00:00:00.000000151,151.25833,80,11
1970-01-01 00:00:00.000000150,149.44801,80,12
1970-01-01 00:00:00.000000151,148.7193,80,12
1970-01-01 00:00:00.000000152,147.3053,80,12
1970-01-01 00:00:00.000000151,145.23604,80,13
1970-01-01 00:00:00.000000152,143.29001,80,13
1970-01-01 00:00:00.000000153,142.10052,80,13
1970-01-01 00:00:00.000000152,140.86331,80,14
1970-01-01 00:00:00.000000153,139.38208,80,14
1970-01-01 00:00:00.000000154,138.35458,80,14
1970-01-01 00:00:00.000000153,139.7512,80,15
1970-01-01 00:00:00.000000154,137.99384,80,15
1970-01-01 00:00:00.000000155,136.99826,80,15
1970-01-01 00:00:00.000000154,130.79384,80,16
1970-01-01 00:00:00.000000155,147.184,80,16
1970-01-01 00:00:00.000000156,72.3953,80,16
1970-01-01 00:00:00.000000155,143.11795,80,17
1970-01-01 00:00:00.000000156,86.92553,80,17
1970-01-01 00:00:00.000000157,0.0,80,17
1970-01-01 00:00:00.000000156,58.44119,80,18
1970-01-01 00:00:00.000000157,0.0,80,18
1970-01-01 00:00:00.000000158,0.0,80,18
1970-01-01 00:00:00.000000157,0.0,80,19
1970-01-01 00:00:00.000000158,0.0,80,19
1970-01-01 00:00:00.000000159,0.0,80,19
1970-01-01 00:00:00.000000158,0.0,80,20
1970-01-01 00:00:00.000000159,0.0,80,20
1970-01-01 00:00:00.000000160,0.0,80,20
1970-01-01 00:00:00.000000159,0.0,80,21
1970-01-01 00:00:00.000000160,0.0,80,21
1970-01-01 00:00:00.000000161,0.0,80,21
1970-01-01 00:00:00.000000160,0.0,80,22
1970-01-01 00:00:00.000000161,0.0,80,22
1970-01-01 00:00:00.000000162,36.12018,80,22
1970-01-01 00:00:00.000000125,121.913315,81,10
1970-01-01 00:00:00.000000126,122.40992,81,10
1970-01-01 00:00:00.000000127,122.23535,81,10
1970-01-01 00:00:00.000000126,138.82759,81,11
1970-01-01 00:00:00.000000127,137.53926,81,11
1970-01-01 00:00:00.000000128,136.7621,81,11
1970-01-01 00:00:00.000000127,116.14261,81,12
1970-01-01 00:00:00.000000128,114.15425,81,12
1970-01-01 00:00:00.000000129,113.106674,81,12
1970-01-01 00:00:00.000000128,121.74013,81,13
1970-01-01 00:00:00.000000129,122.204056,81,13
1970-01-01 00:00:00.000000130,121.85308,81,13
1970-01-01 00:00:00.000000129,120.15381,81,14
1970-01-01 00:00:00.000000130,119.22345,81,14
1970-01-01 00:00:00.000000131,120.84226,81,14
1970-01-01 00:00:00.000000130,122.03682,81,15
1970-01-01 00:00:00.000000131,123.55362,81,15
1970-01-01 00:00:00.000000132,124.9762,81,15
1970-01-01 00:00:00.000000131,126.71212,81,16
1970-01-01 00:00:00.000000132,128.82909,81,16
1970-01-01 00:00:00.000000133,130.27975,81,16
1970-01-01 00:00:00.000000132,134.17389,81,17
1970-01-01 00:00:00.000000133,135.5782,81,17
1970-01-01 00:00:00.000000134,136.6594,81,17
1970-01-01 00:00:00.000000133,131.68959,81,18
1970-01-01 00:00:00.000000134,133.06305,81,18
1970-01-01 00:00:00.000000135,133.3345,81,18
1970-01-01 00:00:00.000000318,137.16206,83,10
1970-01-01 00:00:00.000000319,137.46059,83,10
1970-01-01 00:00:00.000000320,137.70041,83,10
1970-01-01 00:00:00.000000319,137.79121,83,11
1970-01-01 00:00:00.000000320,138.01378,83,11
1970-01-01 00:00:00.000000321,138.11005,83,11
1970-01-01 00:00:00.000000320,140.29648,83,12
1970-01-01 00:00:00.000000321,140.59393,83,12
1970-01-01 00:00:00.000000322,140.01352,83,12
1970-01-01 00:00:00.000000321,140.98409,83,13
1970-01-01 00:00:00.000000322,140.63054,83,13
1970-01-01 00:00:00.000000323,139.59453,83,13
1970-01-01 00:00:00.000000322,144.36768,83,14
1970-01-01 00:00:00.000000323,143.5147,83,14
1970-01-01 00:00:00.000000324,143.04198,83,14
1970-01-01 00:00:00.000000323,142.83965,83,15
1970-01-01 00:00:00.000000324,142.04243,83,15
1970-01-01 00:00:00.000000325,142.05997,83,15
1970-01-01 00:00:00.000000324,146.14343,83,16
1970-01-01 00:00:00.000000325,146.43524,83,16
1970-01-01 00:00:00.000000326,146.64204,83,16
1970-01-01 00:00:00.000000325,150.68643,83,17
1970-01-01 00:00:00.000000326,151.1458,83,17
1970-01-01 00:00:00.000000327,151.50957,83,17
1970-01-01 00:00:00.000000326,148.13649,83,18
1970-01-01 00:00:00.000000327,148.18828,83,18
1970-01-01 00:00:00.000000328,148.04892,83,18
1970-01-01 00:00:00.000000327,151.52917,83,19
1970-01-01 00:00:00.000000328,151.55847,83,19
1970-01-01 00:00:00.000000329,151.64684,83,19
1970-01-01 00:00:00.000000328,153.80663,83,20
1970-01-01 00:00:00.000000329,153.89626,83,20
1970-01-01 00:00:00.000000330,154.38788,83,20
1970-01-01 00:00:00.000000329,148.18285,83,21
1970-01-01 00:00:00.000000330,148.19829,83,21
1970-01-01 00:00:00.000000331,147.60506,83,21
1970-01-01 00:00:00.000000330,147.20868,83,22
1970-01-01 00:00:00.000000331,146.59447,83,22
1970-01-01 00:00:00.000000332,144.92741,83,22
1970-01-01 00:00:00.000000331,149.9216,83,23
1970-01-01 00:00:00.000000332,148.53845,83,23
1970-01-01 00:00:00.000000333,147.31512,83,23
1970-01-01 00:00:00.000000332,149.49112,83,24
1970-01-01 00:00:00.000000333,148.19443,83,24
1970-01-01 00:00:00.000000334,147.78583,83,24
1970-01-01 00:00:00.000000333,143.90475,83,25
1970-01-01 00:00:00.000000334,143.03336,83,25
1970-01-01 00:00:00.000000335,143.00117,83,25
1970-01-01 00:00:00.000000334,138.8325,83,26
1970-01-01 00:00:00.000000335,138.37042,83,26
1970-01-01 00:00:00.000000336,137.9771,83,26
1970-01-01 00:00:00.000000335,141.56328,83,27
1970-01-01 00:00:00.000000336,140.89366,83,27
1970-01-01 00:00:00.000000337,140.73036,83,27
1970-01-01 00:00:00.000000336,144.69975,83,28
1970-01-01 00:00:00.000000337,144.8089,83,28
1970-01-01 00:00:00.000000338,145.72879,83,28
1970-01-01 00:00:00.000000337,138.28148,83,29
1970-01-01 00:00:00.000000338,138.765,83,29
1970-01-01 00:00:00.000000339,139.82149,83,29
1970-01-01 00:00:00.000000338,139.39305,83,30
1970-01-01 00:00:00.000000339,140.42235,83,30
1970-01-01 00:00:00.000000340,140.71315,83,30
1970-01-01 00:00:00.000000339,140.55856,83,31
1970-01-01 00:00:00.000000340,140.9536,83,31
1970-01-01 00:00:00.000000341,140.76062,83,31
1970-01-01 00:00:00.000000340,140.96579,83,32
1970-01-01 00:00:00.000000341,140.86678,83,32
1970-01-01 00:00:00.000000342,140.83972,83,32
1970-01-01 00:00:00.000000341,142.26573,83,33
1970-01-01 00:00:00.000000342,142.25224,83,33
1970-01-01 00:00:00.000000343,142.2957,83,33
1970-01-01 00:00:00.000000342,142.99127,83,34
1970-01-01 00:00:00.000000343,143.24777,83,34
1970-01-01 00:00:00.000000344,143.54108,83,34
1970-01-01 00:00:00.000000343,144.1682,83,35
1970-01-01 00:00:00.000000344,144.33273,83,35
1970-01-01 00:00:00.000000345,144.66142,83,35
1970-01-01 00:00:00.000000344,146.93057,83,36
1970-01-01 00:00:00.000000345,147.31178,83,36
1970-01-01 00:00:00.000000346,147.57582,83,36
1970-01-01 00:00:00.000000345,146.39705,83,37
1970-01-01 00:00:00.000000346,146.55057,83,37
1970-01-01 00:00:00.000000347,146.843,83,37
1970-01-01 00:00:00.000000346,149.72214,83,38
1970-01-01 00:00:00.000000347,150.42921,83,38
1970-01-01 00:00:00.000000348,150.68651,83,38
1970-01-01 00:00:00.000000347,148.98965,83,39
1970-01-01 00:00:00.000000348,148.77841,83,39
1970-01-01 00:00:00.000000349,148.55086,83,39
1970-01-01 00:00:00.000000348,151.93634,83,40
1970-01-01 00:00:00.000000349,152.24535,83,40
1970-01-01 00:00:00.000000350,152.08838,83,40
1970-01-01 00:00:00.000000349,152.36014,83,41
1970-01-01 00:00:00.000000350,152.08318,83,41
1970-01-01 00:00:00.000000351,151.90056,83,41
1970-01-01 00:00:00.000000350,155.13303,83,42
1970-01-01 00:00:00.000000351,155.27711,83,42
1970-01-01 00:00:00.000000352,155.31825,83,42
1970-01-01 00:00:00.000000351,157.5621,83,43
1970-01-01 00:00:00.000000352,157.52426,83,43
1970-01-01 00:00:00.000000353,157.90837,83,43
1970-01-01 00:00:00.000000352,158.34442,83,44
1970-01-01 00:00:00.000000353,158.9741,83,44
1970-01-01 00:00:00.000000354,159.65678,83,44
1970-01-01 00:00:00.000000353,162.14702,83,45
1970-01-01 00:00:00.000000354,162.81639,83,45
1970-01-01 00:00:00.000000355,162.84871,83,45
1970-01-01 00:00:00.000000354,163.19972,83,46
1970-01-01 00:00:00.000000355,163.72467,83,46
1970-01-01 00:00:00.000000356,163.5438,83,46
1970-01-01 00:00:00.000000355,164.18611,83,47
1970-01-01 00:00:00.000000356,164.04489,83,47
1970-01-01 00:00:00.000000357,162.85114,83,47
1970-01-01 00:00:00.000000356,165.2634,83,48
1970-01-01 00:00:00.000000357,164.44862,83,48
1970-01-01 00:00:00.000000358,162.92932,83,48
1970-01-01 00:00:00.000000357,163.3571,83,49
1970-01-01 00:00:00.000000358,161.61418,83,49
1970-01-01 00:00:00.000000359,160.02573,83,49
1970-01-01 00:00:00.000000358,157.87048,83,50
1970-01-01 00:00:00.000000359,156.1113,83,50
1970-01-01 00:00:00.000000360,154.13043,83,50
1970-01-01 00:00:00.000000359,156.44669,83,51
1970-01-01 00:00:00.000000360,154.03873,83,51
1970-01-01 00:00:00.000000361,152.11433,83,51
1970-01-01 00:00:00.000000360,157.57198,83,52
1970-01-01 00:00:00.000000361,156.24223,83,52
1970-01-01 00:00:00.000000362,155.197,83,52
1970-01-01 00:00:00.000000110,187.81491,84,10
1970-01-01 00:00:00.000000111,187.90085,84,10
1970-01-01 00:00:00.000000112,188.40082,84,10
1970-01-01 00:00:00.000000111,187.53993,84,11
1970-01-01 00:00:00.000000112,188.10526,84,11
1970-01-01 00:00:00.000000113,188.3457,84,11
1970-01-01 00:00:00.000000112,187.47968,84,12
1970-01-01 00:00:00.000000113,187.6333,84,12
1970-01-01 00:00:00.000000114,188.20325,84,12
1970-01-01 00:00:00.000000113,185.93942,84,13
1970-01-01 00:00:00.000000114,186.37589,84,13
1970-01-01 00:00:00.000000115,186.99208,84,13
1970-01-01 00:00:00.000000114,188.47261,84,14
1970-01-01 00:00:00.000000115,189.51686,84,14
1970-01-01 00:00:00.000000116,190.10332,84,14
1970-01-01 00:00:00.000000115,191.49161,84,15
1970-01-01 00:00:00.000000116,192.30693,84,15
1970-01-01 00:00:00.000000117,192.61868,84,15
1970-01-01 00:00:00.000000118,143.58682,85,10
1970-01-01 00:00:00.000000119,145.01573,85,10
1970-01-01 00:00:00.000000120,148.10185,85,10
1970-01-01 00:00:00.000000119,139.91089,85,11
1970-01-01 00:00:00.000000120,142.06218,85,11
1970-01-01 00:00:00.000000121,145.1873,85,11
1970-01-01 00:00:00.000000120,140.73843,85,12
1970-01-01 00:00:00.000000121,143.66432,85,12
1970-01-01 00:00:00.000000122,147.98863,85,12
1970-01-01 00:00:00.000000121,141.08548,85,13
1970-01-01 00:00:00.000000122,145.56494,85,13
1970-01-01 00:00:00.000000123,149.4435,85,13
1970-01-01 00:00:00.000000122,144.57982,85,14
1970-01-01 00:00:00.000000123,148.2407,85,14
1970-01-01 00:00:00.000000124,151.85413,85,14
1970-01-01 00:00:00.000000123,148.4235,85,15
1970-01-01 00:00:00.000000124,152.08463,85,15
1970-01-01 00:00:00.000000125,156.25749,85,15
1970-01-01 00:00:00.000000124,149.95914,85,16
1970-01-01 00:00:00.000000125,156.87624,85,16
1970-01-01 00:00:00.000000126,148.65897,85,16
1970-01-01 00:00:00.000000215,148.85542,86,10
1970-01-01 00:00:00.000000216,149.41115,86,10
1970-01-01 00:00:00.000000217,149.47374,86,10
1970-01-01 00:00:00.000000216,154.87994,86,11
1970-01-01 00:00:00.000000217,155.45114,86,11
1970-01-01 00:00:00.000000218,155.21243,86,11
1970-01-01 00:00:00.000000217,152.07018,86,12
1970-01-01 00:00:00.000000218,150.22372,86,12
1970-01-01 00:00:00.000000219,148.56566,86,12
1970-01-01 00:00:00.000000218,149.46846,86,13
1970-01-01 00:00:00.000000219,147.8883,86,13
1970-01-01 00:00:00.000000220,146.36984,86,13
1970-01-01 00:00:00.000000219,140.4358,86,14
1970-01-01 00:00:00.000000220,137.7124,86,14
1970-01-01 00:00:00.000000221,138.17229,86,14
1970-01-01 00:00:00.000000220,135.8349,86,15
1970-01-01 00:00:00.000000221,135.71994,86,15
1970-01-01 00:00:00.000000222,136.60931,86,15
1970-01-01 00:00:00.000000221,140.71283,86,16
1970-01-01 00:00:00.000000222,141.55125,86,16
1970-01-01 00:00:00.000000223,142.00417,86,16
1970-01-01 00:00:00.000000222,138.33157,86,17
1970-01-01 00:00:00.000000223,137.75583,86,17
1970-01-01 00:00:00.000000224,136.58458,86,17
1970-01-01 00:00:00.000000223,141.96182,86,18
1970-01-01 00:00:00.000000224,142.26627,86,18
1970-01-01 00:00:00.000000225,141.99025,86,18
1970-01-01 00:00:00.000000224,146.14528,86,19
1970-01-01 00:00:00.000000225,146.05472,86,19
1970-01-01 00:00:00.000000226,146.81541,86,19
1970-01-01 00:00:00.000000225,148.74365,86,20
1970-01-01 00:00:00.000000226,149.70772,86,20
1970-01-01 00:00:00.000000227,149.74236,86,20
1970-01-01 00:00:00.000000226,150.71704,86,21
1970-01-01 00:00:00.000000227,150.60251,86,21
1970-01-01 00:00:00.000000228,150.59334,86,21
1970-01-01 00:00:00.000000227,152.96385,86,22
1970-01-01 00:00:00.000000228,152.76456,86,22
1970-01-01 00:00:00.000000229,153.39279,86,22
1970-01-01 00:00:00.000000228,143.26729,86,23
1970-01-01 00:00:00.000000229,142.02582,86,23
1970-01-01 00:00:00.000000230,141.17235,86,23
1970-01-01 00:00:00.000000229,135.25754,86,24
1970-01-01 00:00:00.000000230,134.27827,86,24
1970-01-01 00:00:00.000000231,133.89159,86,24
1970-01-01 00:00:00.000000230,133.12605,86,25
1970-01-01 00:00:00.000000231,132.55434,86,25
1970-01-01 00:00:00.000000232,134.0763,86,25
1970-01-01 00:00:00.000000231,135.9827,86,26
1970-01-01 00:00:00.000000232,137.83446,86,26
1970-01-01 00:00:00.000000233,139.65492,86,26
1970-01-01 00:00:00.000000232,136.90562,86,27
1970-01-01 00:00:00.000000233,136.42052,86,27
1970-01-01 00:00:00.000000234,136.57538,86,27
1970-01-01 00:00:00.000000233,128.3619,86,28
1970-01-01 00:00:00.000000234,127.70902,86,28
1970-01-01 00:00:00.000000235,126.6604,86,28
1970-01-01 00:00:00.000000234,133.04749,86,29
1970-01-01 00:00:00.000000235,133.87836,86,29
1970-01-01 00:00:00.000000236,133.57431,86,29
1970-01-01 00:00:00.000000235,140.47575,86,30
1970-01-01 00:00:00.000000236,141.34995,86,30
1970-01-01 00:00:00.000000237,142.22214,86,30
1970-01-01 00:00:00.000000236,138.82613,86,31
1970-01-01 00:00:00.000000237,139.34195,86,31
1970-01-01 00:00:00.000000238,138.13426,86,31
1970-01-01 00:00:00.000000237,146.76106,86,32
1970-01-01 00:00:00.000000238,146.89471,86,32
1970-01-01 00:00:00.000000239,146.4181,86,32
1970-01-01 00:00:00.000000238,149.71657,86,33
1970-01-01 00:00:00.000000239,150.11444,86,33
1970-01-01 00:00:00.000000240,142.4266,86,33
1970-01-01 00:00:00.000000385,125.19348,87,10
1970-01-01 00:00:00.000000386,126.464966,87,10
1970-01-01 00:00:00.000000387,123.66499,87,10
1970-01-01 00:00:00.000000386,126.7054,87,11
1970-01-01 00:00:00.000000387,124.05736,87,11
1970-01-01 00:00:00.000000388,122.24644,87,11
1970-01-01 00:00:00.000000387,128.58629,87,12
1970-01-01 00:00:00.000000388,127.24926,87,12
1970-01-01 00:00:00.000000389,126.46326,87,12
1970-01-01 00:00:00.000000388,125.66234,87,13
1970-01-01 00:00:00.000000389,124.63402,87,13
1970-01-01 00:00:00.000000390,123.27987,87,13
1970-01-01 00:00:00.000000389,122.41924,87,14
1970-01-01 00:00:00.000000390,121.1147,87,14
1970-01-01 00:00:00.000000391,119.82926,87,14
1970-01-01 00:00:00.000000390,119.150894,87,15
1970-01-01 00:00:00.000000391,117.813416,87,15
1970-01-01 00:00:00.000000392,118.45312,87,15
1970-01-01 00:00:00.000000391,117.15029,87,16
1970-01-01 00:00:00.000000392,117.669174,87,16
1970-01-01 00:00:00.000000393,118.32726,87,16
1970-01-01 00:00:00.000000392,116.555016,87,17
1970-01-01 00:00:00.000000393,117.47291,87,17
1970-01-01 00:00:00.000000394,118.392944,87,17
1970-01-01 00:00:00.000000393,117.5942,87,18
1970-01-01 00:00:00.000000394,119.27927,87,18
1970-01-01 00:00:00.000000395,120.587875,87,18
1970-01-01 00:00:00.000000394,127.47297,87,19
1970-01-01 00:00:00.000000395,129.2172,87,19
1970-01-01 00:00:00.000000396,129.84467,87,19
1970-01-01 00:00:00.000000395,129.5151,87,20
1970-01-01 00:00:00.000000396,129.70084,87,20
1970-01-01 00:00:00.000000397,129.77936,87,20
1970-01-01 00:00:00.000000396,124.26717,87,21
1970-01-01 00:00:00.000000397,124.334145,87,21
1970-01-01 00:00:00.000000398,124.15459,87,21
1970-01-01 00:00:00.000000397,128.88658,87,22
1970-01-01 00:00:00.000000398,128.54341,87,22
1970-01-01 00:00:00.000000399,128.43362,87,22
1970-01-01 00:00:00.000000398,116.79446,87,23
1970-01-01 00:00:00.000000399,115.54397,87,23
1970-01-01 00:00:00.000000400,115.306984,87,23
1970-01-01 00:00:00.000000399,111.62104,87,24
1970-01-01 00:00:00.000000400,111.530075,87,24
1970-01-01 00:00:00.000000401,111.63052,87,24
1970-01-01 00:00:00.000000400,105.9074,87,25
1970-01-01 00:00:00.000000401,105.60974,87,25
1970-01-01 00:00:00.000000402,105.867424,87,25
1970-01-01 00:00:00.000000401,115.85898,87,26
1970-01-01 00:00:00.000000402,113.9418,87,26
1970-01-01 00:00:00.000000403,112.87027,87,26
1970-01-01 00:00:00.000000402,106.67292,87,27
1970-01-01 00:00:00.000000403,108.46776,87,27
1970-01-01 00:00:00.000000404,110.45538,87,27
1970-01-01 00:00:00.000000403,116.84438,87,28
1970-01-01 00:00:00.000000404,118.96221,87,28
1970-01-01 00:00:00.000000405,119.79007,87,28
1970-01-01 00:00:00.000000404,125.65239,87,29
1970-01-01 00:00:00.000000405,126.34667,87,29
1970-01-01 00:00:00.000000406,125.401,87,29
1970-01-01 00:00:00.000000405,123.6,87,30
1970-01-01 00:00:00.000000406,123.21453,87,30
1970-01-01 00:00:00.000000407,123.617615,87,30
1970-01-01 00:00:00.000000406,118.97233,87,31
1970-01-01 00:00:00.000000407,119.81154,87,31
1970-01-01 00:00:00.000000408,120.42573,87,31
1970-01-01 00:00:00.000000407,121.6038,87,32
1970-01-01 00:00:00.000000408,122.29065,87,32
1970-01-01 00:00:00.000000409,121.78398,87,32
1970-01-01 00:00:00.000000408,121.35129,87,33
1970-01-01 00:00:00.000000409,120.86966,87,33
1970-01-01 00:00:00.000000410,120.299576,87,33
1970-01-01 00:00:00.000000409,119.473015,87,34
1970-01-01 00:00:00.000000410,119.70956,87,34
1970-01-01 00:00:00.000000411,120.00121,87,34
1970-01-01 00:00:00.000000410,124.289566,87,35
1970-01-01 00:00:00.000000411,125.47206,87,35
1970-01-01 00:00:00.000000412,126.7335,87,35
1970-01-01 00:00:00.000000411,133.44229,87,36
1970-01-01 00:00:00.000000412,134.87889,87,36
1970-01-01 00:00:00.000000413,135.5221,87,36
1970-01-01 00:00:00.000000412,123.80959,87,37
1970-01-01 00:00:00.000000413,123.651085,87,37
1970-01-01 00:00:00.000000414,122.805244,87,37
1970-01-01 00:00:00.000000413,116.598595,87,38
1970-01-01 00:00:00.000000414,115.44651,87,38
1970-01-01 00:00:00.000000415,115.339935,87,38
1970-01-01 00:00:00.000000414,123.517914,87,39
1970-01-01 00:00:00.000000415,123.615135,87,39
1970-01-01 00:00:00.000000416,123.951706,87,39
1970-01-01 00:00:00.000000415,119.75749,87,40
1970-01-01 00:00:00.000000416,119.05101,87,40
1970-01-01 00:00:00.000000417,119.377785,87,40
1970-01-01 00:00:00.000000416,111.22361,87,41
1970-01-01 00:00:00.000000417,111.7531,87,41
1970-01-01 00:00:00.000000418,112.13248,87,41
1970-01-01 00:00:00.000000417,117.40211,87,42
1970-01-01 00:00:00.000000418,118.58149,87,42
1970-01-01 00:00:00.000000419,120.150764,87,42
1970-01-01 00:00:00.000000418,112.59414,87,43
1970-01-01 00:00:00.000000419,113.27264,87,43
1970-01-01 00:00:00.000000420,114.00734,87,43
1970-01-01 00:00:00.000000419,113.87681,87,44
1970-01-01 00:00:00.000000420,115.109825,87,44
1970-01-01 00:00:00.000000421,115.47163,87,44
1970-01-01 00:00:00.000000420,109.84526,87,45
1970-01-01 00:00:00.000000421,110.47092,87,45
1970-01-01 00:00:00.000000422,111.78765,87,45
1970-01-01 00:00:00.000000421,107.58365,87,46
1970-01-01 00:00:00.000000422,108.868454,87,46
1970-01-01 00:00:00.000000423,109.481834,87,46
1970-01-01 00:00:00.000000422,101.89911,87,47
1970-01-01 00:00:00.000000423,102.12601,87,47
1970-01-01 00:00:00.000000424,102.228065,87,47
1970-01-01 00:00:00.000000423,96.26531,87,48
1970-01-01 00:00:00.000000424,96.669174,87,48
1970-01-01 00:00:00.000000425,97.25302,87,48
1970-01-01 00:00:00.000000424,97.49468,87,49
1970-01-01 00:00:00.000000425,98.76762,87,49
1970-01-01 00:00:00.000000426,100.06498,87,49
1970-01-01 00:00:00.000000425,100.21316,87,50
1970-01-01 00:00:00.000000426,102.99548,87,50
1970-01-01 00:00:00.000000427,104.46712,87,50
1970-01-01 00:00:00.000000426,120.37204,87,51
1970-01-01 00:00:00.000000427,123.195206,87,51
1970-01-01 00:00:00.000000428,124.08698,87,51
1970-01-01 00:00:00.000000427,127.28784,87,52
1970-01-01 00:00:00.000000428,125.81293,87,52
1970-01-01 00:00:00.000000429,125.640724,87,52
1970-01-01 00:00:00.000000428,114.44492,87,53
1970-01-01 00:00:00.000000429,113.36744,87,53
1970-01-01 00:00:00.000000430,111.89169,87,53
1970-01-01 00:00:00.000000429,96.9238,87,54
1970-01-01 00:00:00.000000430,93.15252,87,54
1970-01-01 00:00:00.000000431,92.31138,87,54
1970-01-01 00:00:00.000000430,82.94297,87,55
1970-01-01 00:00:00.000000431,82.785805,87,55
1970-01-01 00:00:00.000000432,83.3672,87,55
1970-01-01 00:00:00.000000431,92.05068,87,56
1970-01-01 00:00:00.000000432,94.371506,87,56
1970-01-01 00:00:00.000000433,97.2238,87,56
1970-01-01 00:00:00.000000432,103.64726,87,57
1970-01-01 00:00:00.000000433,108.2636,87,57
1970-01-01 00:00:00.000000434,110.77941,87,57
1970-01-01 00:00:00.000000433,117.84949,87,58
1970-01-01 00:00:00.000000434,120.603905,87,58
1970-01-01 00:00:00.000000435,122.13074,87,58
1970-01-01 00:00:00.000000434,83.48494,87,59
1970-01-01 00:00:00.000000435,82.42474,87,59
1970-01-01 00:00:00.000000436,81.305405,87,59
1970-01-01 00:00:00.000000435,55.78866,87,60
1970-01-01 00:00:00.000000436,45.043926,87,60
1970-01-01 00:00:00.000000437,37.93105,87,60
1970-01-01 00:00:00.000000436,56.254845,87,61
1970-01-01 00:00:00.000000437,51.002773,87,61
1970-01-01 00:00:00.000000438,51.19482,87,61
1970-01-01 00:00:00.000000437,79.89118,87,62
1970-01-01 00:00:00.000000438,83.833725,87,62
1970-01-01 00:00:00.000000439,88.42766,87,62
1970-01-01 00:00:00.000000438,86.72257,87,63
1970-01-01 00:00:00.000000439,93.207466,87,63
1970-01-01 00:00:00.000000440,94.53547,87,63
1970-01-01 00:00:00.000000439,107.95787,87,64
1970-01-01 00:00:00.000000440,112.59439,87,64
1970-01-01 00:00:00.000000441,115.41265,87,64
1970-01-01 00:00:00.000000355,143.23473,88,10
1970-01-01 00:00:00.000000356,142.3604,88,10
1970-01-01 00:00:00.000000357,142.62556,88,10
1970-01-01 00:00:00.000000356,144.9934,88,11
1970-01-01 00:00:00.000000357,145.51845,88,11
1970-01-01 00:00:00.000000358,145.97716,88,11
1970-01-01 00:00:00.000000357,146.48128,88,12
1970-01-01 00:00:00.000000358,146.92953,88,12
1970-01-01 00:00:00.000000359,146.89137,88,12
1970-01-01 00:00:00.000000358,146.7458,88,13
1970-01-01 00:00:00.000000359,146.62605,88,13
1970-01-01 00:00:00.000000360,146.74487,88,13
1970-01-01 00:00:00.000000359,147.4013,88,14
1970-01-01 00:00:00.000000360,147.44437,88,14
1970-01-01 00:00:00.000000361,148.35483,88,14
1970-01-01 00:00:00.000000360,145.98067,88,15
1970-01-01 00:00:00.000000361,146.78323,88,15
1970-01-01 00:00:00.000000362,147.69113,88,15
1970-01-01 00:00:00.000000361,141.51146,88,16
1970-01-01 00:00:00.000000362,141.96046,88,16
1970-01-01 00:00:00.000000363,142.7559,88,16
1970-01-01 00:00:00.000000362,141.23354,88,17
1970-01-01 00:00:00.000000363,142.17728,88,17
1970-01-01 00:00:00.000000364,142.47679,88,17
1970-01-01 00:00:00.000000363,137.90407,88,18
1970-01-01 00:00:00.000000364,137.8232,88,18
1970-01-01 00:00:00.000000365,137.82158,88,18
1970-01-01 00:00:00.000000364,138.5027,88,19
1970-01-01 00:00:00.000000365,138.68034,88,19
1970-01-01 00:00:00.000000366,139.01402,88,19
1970-01-01 00:00:00.000000365,139.67114,88,20
1970-01-01 00:00:00.000000366,140.02658,88,20
1970-01-01 00:00:00.000000367,140.5272,88,20
1970-01-01 00:00:00.000000366,140.55957,88,21
1970-01-01 00:00:00.000000367,141.06021,88,21
1970-01-01 00:00:00.000000368,141.09277,88,21
1970-01-01 00:00:00.000000367,141.87491,88,22
1970-01-01 00:00:00.000000368,142.11281,88,22
1970-01-01 00:00:00.000000369,142.26912,88,22
1970-01-01 00:00:00.000000368,142.09686,88,23
1970-01-01 00:00:00.000000369,142.02185,88,23
1970-01-01 00:00:00.000000370,142.70914,88,23
1970-01-01 00:00:00.000000369,146.74727,88,24
1970-01-01 00:00:00.000000370,147.71692,88,24
1970-01-01 00:00:00.000000371,148.25537,88,24
1970-01-01 00:00:00.000000370,146.1918,88,25
1970-01-01 00:00:00.000000371,146.51523,88,25
1970-01-01 00:00:00.000000372,146.54842,88,25
1970-01-01 00:00:00.000000371,146.26329,88,26
1970-01-01 00:00:00.000000372,146.54137,88,26
1970-01-01 00:00:00.000000373,146.49966,88,26
1970-01-01 00:00:00.000000372,147.04852,88,27
1970-01-01 00:00:00.000000373,147.04684,88,27
1970-01-01 00:00:00.000000374,147.34116,88,27
1970-01-01 00:00:00.000000373,148.344,88,28
1970-01-01 00:00:00.000000374,148.49498,88,28
1970-01-01 00:00:00.000000375,149.77924,88,28
1970-01-01 00:00:00.000000374,148.18007,88,29
1970-01-01 00:00:00.000000375,149.04544,88,29
1970-01-01 00:00:00.000000376,151.2289,88,29
1970-01-01 00:00:00.000000375,148.12384,88,30
1970-01-01 00:00:00.000000376,150.15729,88,30
1970-01-01 00:00:00.000000377,152.59619,88,30
1970-01-01 00:00:00.000000376,145.37524,88,31
1970-01-01 00:00:00.000000377,147.05307,88,31
1970-01-01 00:00:00.000000378,149.87733,88,31
1970-01-01 00:00:00.000000377,143.67244,88,32
1970-01-01 00:00:00.000000378,146.17064,88,32
1970-01-01 00:00:00.000000379,149.27399,88,32
1970-01-01 00:00:00.000000378,142.40012,88,33
1970-01-01 00:00:00.000000379,145.11758,88,33
1970-01-01 00:00:00.000000380,148.28206,88,33
1970-01-01 00:00:00.000000379,143.49606,88,34
1970-01-01 00:00:00.000000380,146.27545,88,34
1970-01-01 00:00:00.000000381,148.88214,88,34
1970-01-01 00:00:00.000000380,143.13641,88,35
1970-01-01 00:00:00.000000381,145.5147,88,35
1970-01-01 00:00:00.000000382,147.28055,88,35
1970-01-01 00:00:00.000000381,147.4167,88,36
1970-01-01 00:00:00.000000382,148.99265,88,36
1970-01-01 00:00:00.000000383,150.92465,88,36
1970-01-01 00:00:00.000000382,145.23578,88,37
1970-01-01 00:00:00.000000383,146.34738,88,37
1970-01-01 00:00:00.000000384,148.49022,88,37
1970-01-01 00:00:00.000000383,149.84352,88,38
1970-01-01 00:00:00.000000384,152.01517,88,38
1970-01-01 00:00:00.000000385,154.18097,88,38
1970-01-01 00:00:00.000000384,150.70811,88,39
1970-01-01 00:00:00.000000385,152.15562,88,39
1970-01-01 00:00:00.000000386,154.07648,88,39
1970-01-01 00:00:00.000000385,153.05759,88,40
1970-01-01 00:00:00.000000386,154.40132,88,40
1970-01-01 00:00:00.000000387,156.21796,88,40
1970-01-01 00:00:00.000000386,157.49448,88,41
1970-01-01 00:00:00.000000387,159.18619,88,41
1970-01-01 00:00:00.000000388,162.08989,88,41
1970-01-01 00:00:00.000000387,162.0878,88,42
1970-01-01 00:00:00.000000388,164.78487,88,42
1970-01-01 00:00:00.000000389,167.36884,88,42
1970-01-01 00:00:00.000000388,165.48318,88,43
1970-01-01 00:00:00.000000389,167.6465,88,43
1970-01-01 00:00:00.000000390,170.12221,88,43
1970-01-01 00:00:00.000000389,166.98752,88,44
1970-01-01 00:00:00.000000390,169.15071,88,44
1970-01-01 00:00:00.000000391,171.87,88,44
1970-01-01 00:00:00.000000390,170.54398,88,45
1970-01-01 00:00:00.000000391,173.3038,88,45
1970-01-01 00:00:00.000000392,175.60931,88,45
1970-01-01 00:00:00.000000391,169.90988,88,46
1970-01-01 00:00:00.000000392,173.16588,88,46
1970-01-01 00:00:00.000000393,170.76093,88,46
1970-01-01 00:00:00.000000392,171.93498,88,47
1970-01-01 00:00:00.000000393,169.30675,88,47
1970-01-01 00:00:00.000000394,165.62192,88,47
1970-01-01 00:00:00.000000393,174.07579,88,48
1970-01-01 00:00:00.000000394,170.58112,88,48
1970-01-01 00:00:00.000000395,169.6672,88,48
1970-01-01 00:00:00.000000394,176.68231,88,49
1970-01-01 00:00:00.000000395,175.92863,88,49
1970-01-01 00:00:00.000000396,175.90674,88,49
1970-01-01 00:00:00.000000395,178.81534,88,50
1970-01-01 00:00:00.000000396,178.89218,88,50
1970-01-01 00:00:00.000000397,177.86772,88,50
1970-01-01 00:00:00.000000396,181.43176,88,51
1970-01-01 00:00:00.000000397,180.74356,88,51
1970-01-01 00:00:00.000000398,180.18456,88,51
1970-01-01 00:00:00.000000397,184.77345,88,52
1970-01-01 00:00:00.000000398,184.51697,88,52
1970-01-01 00:00:00.000000399,184.09776,88,52
1970-01-01 00:00:00.000000398,186.1368,88,53
1970-01-01 00:00:00.000000399,186.12852,88,53
1970-01-01 00:00:00.000000400,185.55869,88,53
1970-01-01 00:00:00.000000399,191.14484,88,54
1970-01-01 00:00:00.000000400,191.31601,88,54
1970-01-01 00:00:00.000000401,190.65501,88,54
1970-01-01 00:00:00.000000400,193.39842,88,55
1970-01-01 00:00:00.000000401,193.07718,88,55
1970-01-01 00:00:00.000000402,191.9508,88,55
1970-01-01 00:00:00.000000401,196.72163,88,56
1970-01-01 00:00:00.000000402,196.46336,88,56
1970-01-01 00:00:00.000000403,195.57693,88,56
1970-01-01 00:00:00.000000402,194.04495,88,57
1970-01-01 00:00:00.000000403,193.15863,88,57
1970-01-01 00:00:00.000000404,191.99994,88,57
1970-01-01 00:00:00.000000403,190.30435,88,58
1970-01-01 00:00:00.000000404,189.04881,88,58
1970-01-01 00:00:00.000000405,187.61926,88,58
1970-01-01 00:00:00.000000093,1.8651543,89,10
1970-01-01 00:00:00.000000094,3.4571874,89,10
1970-01-01 00:00:00.000000095,8.426279,89,10
1970-01-01 00:00:00.000000094,7.594025,89,11
1970-01-01 00:00:00.000000095,19.169607,89,11
1970-01-01 00:00:00.000000096,14.843862,89,11
1970-01-01 00:00:00.000000095,15.382107,89,12
1970-01-01 00:00:00.000000096,17.34036,89,12
1970-01-01 00:00:00.000000097,26.348978,89,12
1970-01-01 00:00:00.000000101,42.84405,92,10
1970-01-01 00:00:00.000000102,44.177967,92,10
1970-01-01 00:00:00.000000103,45.565075,92,10
1970-01-01 00:00:00.000000102,44.558605,92,11
1970-01-01 00:00:00.000000103,46.102962,92,11
1970-01-01 00:00:00.000000104,47.47168,92,11
1970-01-01 00:00:00.000000103,41.943855,92,12
1970-01-01 00:00:00.000000104,42.974228,92,12
1970-01-01 00:00:00.000000105,43.712967,92,12
1970-01-01 00:00:00.000000104,44.45283,92,13
1970-01-01 00:00:00.000000105,44.959976,92,13
1970-01-01 00:00:00.000000106,47.9765,92,13
1970-01-01 00:00:00.000000166,87.8058,93,10
1970-01-01 00:00:00.000000167,86.93536,93,10
1970-01-01 00:00:00.000000168,86.3776,93,10
1970-01-01 00:00:00.000000167,81.79348,93,11
1970-01-01 00:00:00.000000168,80.82057,93,11
1970-01-01 00:00:00.000000169,81.02035,93,11
1970-01-01 00:00:00.000000168,71.967255,93,12
1970-01-01 00:00:00.000000169,71.304825,93,12
1970-01-01 00:00:00.000000170,71.44673,93,12
1970-01-01 00:00:00.000000169,72.61199,93,13
1970-01-01 00:00:00.000000170,73.30025,93,13
1970-01-01 00:00:00.000000171,73.19936,93,13
1970-01-01 00:00:00.000000170,80.119484,93,14
1970-01-01 00:00:00.000000171,80.94457,93,14
1970-01-01 00:00:00.000000172,81.619934,93,14
1970-01-01 00:00:00.000000171,80.40447,93,15
1970-01-01 00:00:00.000000172,81.510635,93,15
1970-01-01 00:00:00.000000173,81.864235,93,15
1970-01-01 00:00:00.000000172,89.90937,93,16
1970-01-01 00:00:00.000000173,92.58912,93,16
1970-01-01 00:00:00.000000174,93.475044,93,16
1970-01-01 00:00:00.000000173,100.90595,93,17
1970-01-01 00:00:00.000000174,104.95721,93,17
1970-01-01 00:00:00.000000175,101.52215,93,17
1970-01-01 00:00:00.000000174,113.45995,93,18
1970-01-01 00:00:00.000000175,125.90178,93,18
1970-01-01 00:00:00.000000176,62.392696,93,18
1970-01-01 00:00:00.000000175,128.29385,93,19
1970-01-01 00:00:00.000000176,55.924328,93,19
1970-01-01 00:00:00.000000177,43.082714,93,19
1970-01-01 00:00:00.000000176,33.981487,93,20
1970-01-01 00:00:00.000000177,18.959246,93,20
1970-01-01 00:00:00.000000178,16.982908,93,20
1970-01-01 00:00:00.000000177,13.038433,93,21
1970-01-01 00:00:00.000000178,16.283754,93,21
1970-01-01 00:00:00.000000179,8.285843,93,21
1970-01-01 00:00:00.000000178,33.272243,93,22
1970-01-01 00:00:00.000000179,53.72675,93,22
1970-01-01 00:00:00.000000180,75.63921,93,22
1970-01-01 00:00:00.000000179,2.0970914,93,23
1970-01-01 00:00:00.000000180,9.585426,93,23
1970-01-01 00:00:00.000000181,14.328248,93,23
1970-01-01 00:00:00.000000180,12.863387,93,24
1970-01-01 00:00:00.000000181,25.528168,93,24
1970-01-01 00:00:00.000000182,22.18061,93,24
1970-01-01 00:00:00.000000181,16.12013,93,25
1970-01-01 00:00:00.000000182,18.513395,93,25
1970-01-01 00:00:00.000000183,27.918077,93,25
1970-01-01 00:00:00.000000114,92.63177,95,10
1970-01-01 00:00:00.000000115,92.18646,95,10
1970-01-01 00:00:00.000000116,91.4956,95,10
1970-01-01 00:00:00.000000115,87.33411,95,11
1970-01-01 00:00:00.000000116,85.85974,95,11
1970-01-01 00:00:00.000000117,85.21984,95,11
1970-01-01 00:00:00.000000116,94.91225,95,12
1970-01-01 00:00:00.000000117,95.295525,95,12
1970-01-01 00:00:00.000000118,95.32176,95,12
1970-01-01 00:00:00.000000117,82.73859,95,13
1970-01-01 00:00:00.000000118,82.57537,95,13
1970-01-01 00:00:00.000000119,83.80486,95,13
1970-01-01 00:00:00.000000118,87.02575,95,14
1970-01-01 00:00:00.000000119,88.20456,95,14
1970-01-01 00:00:00.000000120,89.16665,95,14
1970-01-01 00:00:00.000000119,81.554695,95,15
1970-01-01 00:00:00.000000120,82.025826,95,15
1970-01-01 00:00:00.000000121,82.92433,95,15
1970-01-01 00:00:00.000000120,92.4767,95,16
1970-01-01 00:00:00.000000121,93.71776,95,16
1970-01-01 00:00:00.000000122,94.21826,95,16
1970-01-01 00:00:00.000000183,106.96966,96,10
1970-01-01 00:00:00.000000184,106.95591,96,10
1970-01-01 00:00:00.000000185,107.14571,96,10
1970-01-01 00:00:00.000000184,113.3801,96,11
1970-01-01 00:00:00.000000185,114.0665,96,11
1970-01-01 00:00:00.000000186,114.697044,96,11
1970-01-01 00:00:00.000000185,117.47414,96,12
1970-01-01 00:00:00.000000186,119.05398,96,12
1970-01-01 00:00:00.000000187,120.31109,96,12
1970-01-01 00:00:00.000000186,112.86987,96,13
1970-01-01 00:00:00.000000187,113.62116,96,13
1970-01-01 00:00:00.000000188,113.6102,96,13
1970-01-01 00:00:00.000000187,118.525116,96,14
1970-01-01 00:00:00.000000188,119.10636,96,14
1970-01-01 00:00:00.000000189,119.48442,96,14
1970-01-01 00:00:00.000000188,121.14967,96,15
1970-01-01 00:00:00.000000189,121.95631,96,15
1970-01-01 00:00:00.000000190,122.94713,96,15
1970-01-01 00:00:00.000000189,119.978546,96,16
1970-01-01 00:00:00.000000190,120.40778,96,16
1970-01-01 00:00:00.000000191,120.478325,96,16
1970-01-01 00:00:00.000000190,120.35833,96,17
1970-01-01 00:00:00.000000191,120.956055,96,17
1970-01-01 00:00:00.000000192,121.36246,96,17
1970-01-01 00:00:00.000000191,118.30727,96,18
1970-01-01 00:00:00.000000192,118.43415,96,18
1970-01-01 00:00:00.000000193,118.635925,96,18
1970-01-01 00:00:00.000000192,121.043755,96,19
1970-01-01 00:00:00.000000193,121.10674,96,19
1970-01-01 00:00:00.000000194,120.872665,96,19
1970-01-01 00:00:00.000000193,123.62667,96,20
1970-01-01 00:00:00.000000194,124.15296,96,20
1970-01-01 00:00:00.000000195,124.77408,96,20
1970-01-01 00:00:00.000000194,123.783806,96,21
1970-01-01 00:00:00.000000195,123.92768,96,21
1970-01-01 00:00:00.000000196,124.19943,96,21
1970-01-01 00:00:00.000000195,120.71105,96,22
1970-01-01 00:00:00.000000196,120.32551,96,22
1970-01-01 00:00:00.000000197,120.17482,96,22
1970-01-01 00:00:00.000000196,120.87487,96,23
1970-01-01 00:00:00.000000197,120.392715,96,23
1970-01-01 00:00:00.000000198,120.22976,96,23
1970-01-01 00:00:00.000000197,121.57187,96,24
1970-01-01 00:00:00.000000198,120.62341,96,24
1970-01-01 00:00:00.000000199,120.1198,96,24
1970-01-01 00:00:00.000000198,123.64355,96,25
1970-01-01 00:00:00.000000199,123.17712,96,25
1970-01-01 00:00:00.000000200,123.19005,96,25
1970-01-01 00:00:00.000000199,119.458725,96,26
1970-01-01 00:00:00.000000200,119.67111,96,26
1970-01-01 00:00:00.000000201,120.13546,96,26
1970-01-01 00:00:00.000000200,119.649445,96,27
1970-01-01 00:00:00.000000201,120.11865,96,27
1970-01-01 00:00:00.000000202,120.60675,96,27
1970-01-01 00:00:00.000000201,109.38742,96,28
1970-01-01 00:00:00.000000202,109.0822,96,28
1970-01-01 00:00:00.000000203,109.55203,96,28
1970-01-01 00:00:00.000000079,0.0,98,10
1970-01-01 00:00:00.000000080,0.0,98,10
1970-01-01 00:00:00.000000081,0.0,98,10
1970-01-01 00:00:00.000000096,10.118828,99,10
1970-01-01 00:00:00.000000097,23.239773,99,10
1970-01-01 00:00:00.000000098,35.42995,99,10
1970-01-01 00:00:00.000000097,4.6469727,99,11
1970-01-01 00:00:00.000000098,9.059889,99,11
1970-01-01 00:00:00.000000099,12.986505,99,11
1970-01-01 00:00:00.000000098,8.653629,99,12
1970-01-01 00:00:00.000000099,18.160114,99,12
1970-01-01 00:00:00.000000100,18.924406,99,12
1970-01-01 00:00:00.000000099,11.287513,99,13
1970-01-01 00:00:00.000000100,16.246489,99,13
1970-01-01 00:00:00.000000101,25.374853,99,13
1970-01-01 00:00:00.000000340,138.06516,100,10
1970-01-01 00:00:00.000000341,137.66869,100,10
1970-01-01 00:00:00.000000342,137.64297,100,10
1970-01-01 00:00:00.000000341,133.85342,100,11
1970-01-01 00:00:00.000000342,133.20833,100,11
1970-01-01 00:00:00.000000343,132.745,100,11
1970-01-01 00:00:00.000000342,125.547295,100,12
1970-01-01 00:00:00.000000343,124.62081,100,12
1970-01-01 00:00:00.000000344,124.223656,100,12
1970-01-01 00:00:00.000000343,130.0671,100,13
1970-01-01 00:00:00.000000344,130.13326,100,13
1970-01-01 00:00:00.000000345,130.2076,100,13
1970-01-01 00:00:00.000000344,117.097305,100,14
1970-01-01 00:00:00.000000345,115.8949,100,14
1970-01-01 00:00:00.000000346,115.20642,100,14
1970-01-01 00:00:00.000000345,117.793365,100,15
1970-01-01 00:00:00.000000346,117.62538,100,15
1970-01-01 00:00:00.000000347,117.683426,100,15
1970-01-01 00:00:00.000000346,111.199,100,16
1970-01-01 00:00:00.000000347,110.62013,100,16
1970-01-01 00:00:00.000000348,111.67464,100,16
1970-01-01 00:00:00.000000347,108.98069,100,17
1970-01-01 00:00:00.000000348,109.36815,100,17
1970-01-01 00:00:00.000000349,110.15966,100,17
1970-01-01 00:00:00.000000348,107.710976,100,18
1970-01-01 00:00:00.000000349,107.857124,100,18
1970-01-01 00:00:00.000000350,108.009605,100,18
1970-01-01 00:00:00.000000349,109.01937,100,19
1970-01-01 00:00:00.000000350,108.71557,100,19
1970-01-01 00:00:00.000000351,108.61995,100,19
1970-01-01 00:00:00.000000350,106.21971,100,20
1970-01-01 00:00:00.000000351,106.08812,100,20
1970-01-01 00:00:00.000000352,105.80767,100,20
1970-01-01 00:00:00.000000351,102.53972,100,21
1970-01-01 00:00:00.000000352,102.16358,100,21
1970-01-01 00:00:00.000000353,101.742905,100,21
1970-01-01 00:00:00.000000352,95.14696,100,22
1970-01-01 00:00:00.000000353,94.23263,100,22
1970-01-01 00:00:00.000000354,93.393196,100,22
1970-01-01 00:00:00.000000353,92.27936,100,23
1970-01-01 00:00:00.000000354,91.484375,100,23
1970-01-01 00:00:00.000000355,90.93186,100,23
1970-01-01 00:00:00.000000354,88.9224,100,24
1970-01-01 00:00:00.000000355,88.113266,100,24
1970-01-01 00:00:00.000000356,87.67046,100,24
1970-01-01 00:00:00.000000355,82.94161,100,25
1970-01-01 00:00:00.000000356,82.20757,100,25
1970-01-01 00:00:00.000000357,82.048454,100,25
1970-01-01 00:00:00.000000356,78.57756,100,26
1970-01-01 00:00:00.000000357,78.20681,100,26
1970-01-01 00:00:00.000000358,78.16831,100,26
1970-01-01 00:00:00.000000357,80.848595,100,27
1970-01-01 00:00:00.000000358,81.9448,100,27
1970-01-01 00:00:00.000000359,82.78344,100,27
1970-01-01 00:00:00.000000358,77.774345,100,28
1970-01-01 00:00:00.000000359,77.387405,100,28
1970-01-01 00:00:00.000000360,77.12469,100,28
1970-01-01 00:00:00.000000359,78.3892,100,29
1970-01-01 00:00:00.000000360,78.40276,100,29
1970-01-01 00:00:00.000000361,79.20167,100,29
1970-01-01 00:00:00.000000360,77.26319,100,30
1970-01-01 00:00:00.000000361,77.46314,100,30
1970-01-01 00:00:00.000000362,79.27543,100,30
1970-01-01 00:00:00.000000361,77.03656,100,31
1970-01-01 00:00:00.000000362,78.57707,100,31
1970-01-01 00:00:00.000000363,79.58479,100,31
1970-01-01 00:00:00.000000362,79.50612,100,32
1970-01-01 00:00:00.000000363,80.54355,100,32
1970-01-01 00:00:00.000000364,80.80154,100,32
1970-01-01 00:00:00.000000363,79.913925,100,33
1970-01-01 00:00:00.000000364,80.69333,100,33
1970-01-01 00:00:00.000000365,81.83788,100,33
1970-01-01 00:00:00.000000364,80.21602,100,34
1970-01-01 00:00:00.000000365,81.43733,100,34
1970-01-01 00:00:00.000000366,82.782036,100,34
1970-01-01 00:00:00.000000365,82.05385,100,35
1970-01-01 00:00:00.000000366,83.53336,100,35
1970-01-01 00:00:00.000000367,85.00044,100,35
1970-01-01 00:00:00.000000366,81.45863,100,36
1970-01-01 00:00:00.000000367,82.69692,100,36
1970-01-01 00:00:00.000000368,83.66251,100,36
1970-01-01 00:00:00.000000367,83.44315,100,37
1970-01-01 00:00:00.000000368,84.55613,100,37
1970-01-01 00:00:00.000000369,85.46981,100,37
1970-01-01 00:00:00.000000368,78.59058,100,38
1970-01-01 00:00:00.000000369,78.91671,100,38
1970-01-01 00:00:00.000000370,79.178856,100,38
1970-01-01 00:00:00.000000369,79.90215,100,39
1970-01-01 00:00:00.000000370,80.44228,100,39
1970-01-01 00:00:00.000000371,80.38434,100,39
1970-01-01 00:00:00.000000370,79.22142,100,40
1970-01-01 00:00:00.000000371,78.98588,100,40
1970-01-01 00:00:00.000000372,80.02348,100,40
1970-01-01 00:00:00.000000371,70.6695,100,41
1970-01-01 00:00:00.000000372,71.45464,100,41
1970-01-01 00:00:00.000000373,72.70965,100,41
1970-01-01 00:00:00.000000372,77.31992,100,42
1970-01-01 00:00:00.000000373,78.7246,100,42
1970-01-01 00:00:00.000000374,80.18967,100,42
1970-01-01 00:00:00.000000373,80.11275,100,43
1970-01-01 00:00:00.000000374,81.53725,100,43
1970-01-01 00:00:00.000000375,83.14103,100,43
1970-01-01 00:00:00.000000374,82.559906,100,44
1970-01-01 00:00:00.000000375,84.65832,100,44
1970-01-01 00:00:00.000000376,85.78048,100,44
1970-01-01 00:00:00.000000375,77.508385,100,45
1970-01-01 00:00:00.000000376,78.04242,100,45
1970-01-01 00:00:00.000000377,77.9248,100,45
1970-01-01 00:00:00.000000376,74.56422,100,46
1970-01-01 00:00:00.000000377,74.39215,100,46
1970-01-01 00:00:00.000000378,73.62612,100,46
1970-01-01 00:00:00.000000377,66.737885,100,47
1970-01-01 00:00:00.000000378,65.36399,100,47
1970-01-01 00:00:00.000000379,63.864246,100,47
1970-01-01 00:00:00.000000378,55.68913,100,48
1970-01-01 00:00:00.000000379,53.548172,100,48
1970-01-01 00:00:00.000000380,52.121803,100,48
1970-01-01 00:00:00.000000379,41.320545,100,49
1970-01-01 00:00:00.000000380,44.29152,100,49
1970-01-01 00:00:00.000000381,21.322891,100,49
1970-01-01 00:00:00.000000380,40.194206,100,50
1970-01-01 00:00:00.000000381,21.201067,100,50
1970-01-01 00:00:00.000000382,0.0,100,50
1970-01-01 00:00:00.000000381,25.055468,100,51
1970-01-01 00:00:00.000000382,0.0,100,51
1970-01-01 00:00:00.000000383,0.0,100,51
1970-01-01 00:00:00.000000382,0.0,100,52
1970-01-01 00:00:00.000000383,0.0,100,52
1970-01-01 00:00:00.000000384,0.0,100,52
1970-01-01 00:00:00.000000383,17.823742,100,53
1970-01-01 00:00:00.000000384,43.085182,100,53
1970-01-01 00:00:00.000000385,61.49315,100,53
1970-01-01 00:00:00.000000384,7.939758,100,54
1970-01-01 00:00:00.000000385,11.794681,100,54
1970-01-01 00:00:00.000000386,13.348077,100,54
1970-01-01 00:00:00.000000385,10.189307,100,55
1970-01-01 00:00:00.000000386,21.032568,100,55
1970-01-01 00:00:00.000000387,13.858426,100,55
1970-01-01 00:00:00.000000386,13.384446,100,56
1970-01-01 00:00:00.000000387,11.795786,100,56
1970-01-01 00:00:00.000000388,17.898832,100,56
1970-01-01 00:00:00.000000142,120.193825,101,10
1970-01-01 00:00:00.000000143,125.13802,101,10
1970-01-01 00:00:00.000000144,129.68713,101,10
1970-01-01 00:00:00.000000143,124.727905,101,11
1970-01-01 00:00:00.000000144,129.45174,101,11
1970-01-01 00:00:00.000000145,133.24496,101,11
1970-01-01 00:00:00.000000144,134.4602,101,12
1970-01-01 00:00:00.000000145,139.48805,101,12
1970-01-01 00:00:00.000000146,143.21996,101,12
1970-01-01 00:00:00.000000145,139.86047,101,13
1970-01-01 00:00:00.000000146,144.40567,101,13
1970-01-01 00:00:00.000000147,147.3922,101,13
1970-01-01 00:00:00.000000146,145.74818,101,14
1970-01-01 00:00:00.000000147,149.30812,101,14
1970-01-01 00:00:00.000000148,150.80208,101,14
1970-01-01 00:00:00.000000147,154.26312,101,15
1970-01-01 00:00:00.000000148,156.85493,101,15
1970-01-01 00:00:00.000000149,158.19902,101,15
1970-01-01 00:00:00.000000148,161.27953,101,16
1970-01-01 00:00:00.000000149,163.50604,101,16
1970-01-01 00:00:00.000000150,164.81062,101,16
1970-01-01 00:00:00.000000149,165.45862,101,17
1970-01-01 00:00:00.000000150,167.1913,101,17
1970-01-01 00:00:00.000000151,167.69476,101,17
1970-01-01 00:00:00.000000150,166.05038,101,18
1970-01-01 00:00:00.000000151,167.33478,101,18
1970-01-01 00:00:00.000000152,167.98622,101,18
1970-01-01 00:00:00.000000151,163.21036,101,19
1970-01-01 00:00:00.000000152,164.11116,101,19
1970-01-01 00:00:00.000000153,164.65407,101,19
1970-01-01 00:00:00.000000152,165.20377,101,20
1970-01-01 00:00:00.000000153,166.06645,101,20
1970-01-01 00:00:00.000000154,166.26053,101,20
1970-01-01 00:00:00.000000153,164.71364,101,21
1970-01-01 00:00:00.000000154,165.11205,101,21
1970-01-01 00:00:00.000000155,165.38364,101,21
1970-01-01 00:00:00.000000187,164.75328,103,10
1970-01-01 00:00:00.000000188,163.9382,103,10
1970-01-01 00:00:00.000000189,164.14737,103,10
1970-01-01 00:00:00.000000188,164.45213,103,11
1970-01-01 00:00:00.000000189,165.05592,103,11
1970-01-01 00:00:00.000000190,165.38454,103,11
1970-01-01 00:00:00.000000189,162.66759,103,12
1970-01-01 00:00:00.000000190,162.52573,103,12
1970-01-01 00:00:00.000000191,163.23833,103,12
1970-01-01 00:00:00.000000190,166.57655,103,13
1970-01-01 00:00:00.000000191,167.71315,103,13
1970-01-01 00:00:00.000000192,168.64714,103,13
1970-01-01 00:00:00.000000191,171.03639,103,14
1970-01-01 00:00:00.000000192,172.41446,103,14
1970-01-01 00:00:00.000000193,173.69586,103,14
1970-01-01 00:00:00.000000192,172.19814,103,15
1970-01-01 00:00:00.000000193,173.59567,103,15
1970-01-01 00:00:00.000000194,174.05095,103,15
1970-01-01 00:00:00.000000193,176.79048,103,16
1970-01-01 00:00:00.000000194,177.08134,103,16
1970-01-01 00:00:00.000000195,178.3773,103,16
1970-01-01 00:00:00.000000194,182.08473,103,17
1970-01-01 00:00:00.000000195,184.15073,103,17
1970-01-01 00:00:00.000000196,186.53981,103,17
1970-01-01 00:00:00.000000195,183.35966,103,18
1970-01-01 00:00:00.000000196,185.0402,103,18
1970-01-01 00:00:00.000000197,186.58405,103,18
1970-01-01 00:00:00.000000196,182.22595,103,19
1970-01-01 00:00:00.000000197,183.88739,103,19
1970-01-01 00:00:00.000000198,185.24881,103,19
1970-01-01 00:00:00.000000197,180.30956,103,20
1970-01-01 00:00:00.000000198,181.27994,103,20
1970-01-01 00:00:00.000000199,182.63425,103,20
1970-01-01 00:00:00.000000198,181.6621,103,21
1970-01-01 00:00:00.000000199,183.112,103,21
1970-01-01 00:00:00.000000200,184.0766,103,21
1970-01-01 00:00:00.000000199,188.157,103,22
1970-01-01 00:00:00.000000200,189.64227,103,22
1970-01-01 00:00:00.000000201,190.61072,103,22
1970-01-01 00:00:00.000000200,190.02913,103,23
1970-01-01 00:00:00.000000201,191.12892,103,23
1970-01-01 00:00:00.000000202,192.07837,103,23
1970-01-01 00:00:00.000000201,195.67264,103,24
1970-01-01 00:00:00.000000202,196.61644,103,24
1970-01-01 00:00:00.000000203,198.56047,103,24
1970-01-01 00:00:00.000000202,192.58098,103,25
1970-01-01 00:00:00.000000203,194.13385,103,25
1970-01-01 00:00:00.000000204,195.90933,103,25
1970-01-01 00:00:00.000000203,196.46124,103,26
1970-01-01 00:00:00.000000204,198.0037,103,26
1970-01-01 00:00:00.000000205,199.89232,103,26
1970-01-01 00:00:00.000000204,195.18019,103,27
1970-01-01 00:00:00.000000205,196.55493,103,27
1970-01-01 00:00:00.000000206,198.2818,103,27
1970-01-01 00:00:00.000000205,188.06021,103,28
1970-01-01 00:00:00.000000206,189.53946,103,28
1970-01-01 00:00:00.000000207,191.09027,103,28
1970-01-01 00:00:00.000000206,187.725,103,29
1970-01-01 00:00:00.000000207,189.17162,103,29
1970-01-01 00:00:00.000000208,189.61125,103,29
1970-01-01 00:00:00.000000080,8.820665,104,10
1970-01-01 00:00:00.000000081,6.4489927,104,10
1970-01-01 00:00:00.000000082,6.9507933,104,10
1970-01-01 00:00:00.000000190,184.28639,105,10
1970-01-01 00:00:00.000000191,185.61783,105,10
1970-01-01 00:00:00.000000192,185.5214,105,10
1970-01-01 00:00:00.000000191,192.05103,105,11
1970-01-01 00:00:00.000000192,193.56883,105,11
1970-01-01 00:00:00.000000193,194.39996,105,11
1970-01-01 00:00:00.000000192,205.25984,105,12
1970-01-01 00:00:00.000000193,207.0893,105,12
1970-01-01 00:00:00.000000194,206.7633,105,12
1970-01-01 00:00:00.000000193,210.84436,105,13
1970-01-01 00:00:00.000000194,211.03636,105,13
1970-01-01 00:00:00.000000195,210.76704,105,13
1970-01-01 00:00:00.000000194,204.93959,105,14
1970-01-01 00:00:00.000000195,204.65807,105,14
1970-01-01 00:00:00.000000196,203.3747,105,14
1970-01-01 00:00:00.000000195,217.96461,105,15
1970-01-01 00:00:00.000000196,217.33441,105,15
1970-01-01 00:00:00.000000197,215.63728,105,15
1970-01-01 00:00:00.000000196,211.5924,105,16
1970-01-01 00:00:00.000000197,209.49323,105,16
1970-01-01 00:00:00.000000198,208.71017,105,16
1970-01-01 00:00:00.000000197,205.96591,105,17
1970-01-01 00:00:00.000000198,205.79768,105,17
1970-01-01 00:00:00.000000199,205.75922,105,17
1970-01-01 00:00:00.000000198,207.1465,105,18
1970-01-01 00:00:00.000000199,206.9243,105,18
1970-01-01 00:00:00.000000200,206.95512,105,18
1970-01-01 00:00:00.000000199,203.79437,105,19
1970-01-01 00:00:00.000000200,202.50072,105,19
1970-01-01 00:00:00.000000201,201.545,105,19
1970-01-01 00:00:00.000000200,207.63899,105,20
1970-01-01 00:00:00.000000201,207.8631,105,20
1970-01-01 00:00:00.000000202,207.64153,105,20
1970-01-01 00:00:00.000000201,219.02167,105,21
1970-01-01 00:00:00.000000202,219.64842,105,21
1970-01-01 00:00:00.000000203,220.65276,105,21
1970-01-01 00:00:00.000000202,229.61757,105,22
1970-01-01 00:00:00.000000203,232.00589,105,22
1970-01-01 00:00:00.000000204,232.3773,105,22
1970-01-01 00:00:00.000000203,243.35182,105,23
1970-01-01 00:00:00.000000204,244.59479,105,23
1970-01-01 00:00:00.000000205,244.53784,105,23
1970-01-01 00:00:00.000000204,244.60724,105,24
1970-01-01 00:00:00.000000205,243.97127,105,24
1970-01-01 00:00:00.000000206,242.23616,105,24
1970-01-01 00:00:00.000000205,216.31471,105,25
1970-01-01 00:00:00.000000206,212.6024,105,25
1970-01-01 00:00:00.000000207,209.34,105,25
1970-01-01 00:00:00.000000206,200.19191,105,26
1970-01-01 00:00:00.000000207,196.79079,105,26
1970-01-01 00:00:00.000000208,195.24545,105,26
1970-01-01 00:00:00.000000207,188.02255,105,27
1970-01-01 00:00:00.000000208,185.899,105,27
1970-01-01 00:00:00.000000209,185.27367,105,27
1970-01-01 00:00:00.000000208,187.91246,105,28
1970-01-01 00:00:00.000000209,186.8151,105,28
1970-01-01 00:00:00.000000210,186.48483,105,28
1970-01-01 00:00:00.000000209,181.81825,105,29
1970-01-01 00:00:00.000000210,181.55457,105,29
1970-01-01 00:00:00.000000211,174.35928,105,29
1970-01-01 00:00:00.000000281,190.49155,106,10
1970-01-01 00:00:00.000000282,190.31384,106,10
1970-01-01 00:00:00.000000283,189.94072,106,10
1970-01-01 00:00:00.000000282,189.21165,106,11
1970-01-01 00:00:00.000000283,188.50812,106,11
1970-01-01 00:00:00.000000284,188.14288,106,11
1970-01-01 00:00:00.000000283,189.89357,106,12
1970-01-01 00:00:00.000000284,189.90353,106,12
1970-01-01 00:00:00.000000285,189.4654,106,12
1970-01-01 00:00:00.000000284,186.97826,106,13
1970-01-01 00:00:00.000000285,185.99672,106,13
1970-01-01 00:00:00.000000286,185.73445,106,13
1970-01-01 00:00:00.000000285,185.54517,106,14
1970-01-01 00:00:00.000000286,185.22935,106,14
1970-01-01 00:00:00.000000287,184.89366,106,14
1970-01-01 00:00:00.000000286,186.3714,106,15
1970-01-01 00:00:00.000000287,185.83968,106,15
1970-01-01 00:00:00.000000288,186.00847,106,15
1970-01-01 00:00:00.000000287,185.07013,106,16
1970-01-01 00:00:00.000000288,185.22911,106,16
1970-01-01 00:00:00.000000289,185.59372,106,16
1970-01-01 00:00:00.000000288,185.72191,106,17
1970-01-01 00:00:00.000000289,185.85094,106,17
1970-01-01 00:00:00.000000290,186.16805,106,17
1970-01-01 00:00:00.000000289,185.32516,106,18
1970-01-01 00:00:00.000000290,185.74728,106,18
1970-01-01 00:00:00.000000291,186.06894,106,18
1970-01-01 00:00:00.000000290,184.72168,106,19
1970-01-01 00:00:00.000000291,184.40718,106,19
1970-01-01 00:00:00.000000292,184.75383,106,19
1970-01-01 00:00:00.000000291,180.44244,106,20
1970-01-01 00:00:00.000000292,180.45811,106,20
1970-01-01 00:00:00.000000293,180.5854,106,20
1970-01-01 00:00:00.000000292,178.66779,106,21
1970-01-01 00:00:00.000000293,178.44699,106,21
1970-01-01 00:00:00.000000294,178.32748,106,21
1970-01-01 00:00:00.000000293,177.29897,106,22
1970-01-01 00:00:00.000000294,177.0799,106,22
1970-01-01 00:00:00.000000295,177.31175,106,22
1970-01-01 00:00:00.000000294,173.83473,106,23
1970-01-01 00:00:00.000000295,173.6887,106,23
1970-01-01 00:00:00.000000296,174.16423,106,23
1970-01-01 00:00:00.000000295,174.07524,106,24
1970-01-01 00:00:00.000000296,174.32843,106,24
1970-01-01 00:00:00.000000297,174.50427,106,24
1970-01-01 00:00:00.000000296,173.5488,106,25
1970-01-01 00:00:00.000000297,173.60712,106,25
1970-01-01 00:00:00.000000298,173.56784,106,25
1970-01-01 00:00:00.000000297,169.53871,106,26
1970-01-01 00:00:00.000000298,169.07187,106,26
1970-01-01 00:00:00.000000299,169.0885,106,26
1970-01-01 00:00:00.000000298,170.07692,106,27
1970-01-01 00:00:00.000000299,169.96089,106,27
1970-01-01 00:00:00.000000300,170.18767,106,27
1970-01-01 00:00:00.000000299,161.49748,106,28
1970-01-01 00:00:00.000000300,161.12253,106,28
1970-01-01 00:00:00.000000301,161.03735,106,28
1970-01-01 00:00:00.000000300,162.52551,106,29
1970-01-01 00:00:00.000000301,162.36658,106,29
1970-01-01 00:00:00.000000302,162.03992,106,29
1970-01-01 00:00:00.000000301,159.52876,106,30
1970-01-01 00:00:00.000000302,159.00618,106,30
1970-01-01 00:00:00.000000303,158.71622,106,30
1970-01-01 00:00:00.000000302,159.81653,106,31
1970-01-01 00:00:00.000000303,159.50613,106,31
1970-01-01 00:00:00.000000304,159.60423,106,31
1970-01-01 00:00:00.000000303,156.48747,106,32
1970-01-01 00:00:00.000000304,156.18025,106,32
1970-01-01 00:00:00.000000305,156.09851,106,32
1970-01-01 00:00:00.000000304,154.20126,106,33
1970-01-01 00:00:00.000000305,153.98337,106,33
1970-01-01 00:00:00.000000306,154.07387,106,33
1970-01-01 00:00:00.000000305,151.23236,106,34
1970-01-01 00:00:00.000000306,150.809,106,34
1970-01-01 00:00:00.000000307,150.85643,106,34
1970-01-01 00:00:00.000000306,149.06865,106,35
1970-01-01 00:00:00.000000307,148.89395,106,35
1970-01-01 00:00:00.000000308,148.91734,106,35
1970-01-01 00:00:00.000000307,147.00053,106,36
1970-01-01 00:00:00.000000308,146.98631,106,36
1970-01-01 00:00:00.000000309,147.56029,106,36
1970-01-01 00:00:00.000000308,145.37828,106,37
1970-01-01 00:00:00.000000309,148.37065,106,37
1970-01-01 00:00:00.000000310,138.02908,106,37
1970-01-01 00:00:00.000000309,142.8246,106,38
1970-01-01 00:00:00.000000310,152.32726,106,38
1970-01-01 00:00:00.000000311,61.834126,106,38
1970-01-01 00:00:00.000000310,149.51988,106,39
1970-01-01 00:00:00.000000311,53.243073,106,39
1970-01-01 00:00:00.000000312,11.627508,106,39
1970-01-01 00:00:00.000000311,27.46508,106,40
1970-01-01 00:00:00.000000312,0.0,106,40
1970-01-01 00:00:00.000000313,0.0,106,40
1970-01-01 00:00:00.000000312,0.0,106,41
1970-01-01 00:00:00.000000313,4.54833,106,41
1970-01-01 00:00:00.000000314,0.11485117,106,41
1970-01-01 00:00:00.000000313,27.966238,106,42
1970-01-01 00:00:00.000000314,42.633026,106,42
1970-01-01 00:00:00.000000315,53.405827,106,42
1970-01-01 00:00:00.000000314,4.822638,106,43
1970-01-01 00:00:00.000000315,9.395981,106,43
1970-01-01 00:00:00.000000316,6.4198327,106,43
1970-01-01 00:00:00.000000315,10.676606,106,44
1970-01-01 00:00:00.000000316,17.481613,106,44
1970-01-01 00:00:00.000000317,15.743437,106,44
1970-01-01 00:00:00.000000316,11.712186,106,45
1970-01-01 00:00:00.000000317,17.266958,106,45
1970-01-01 00:00:00.000000318,25.27563,106,45
1970-01-01 00:00:00.000000083,18.148535,107,10
1970-01-01 00:00:00.000000084,27.64869,107,10
1970-01-01 00:00:00.000000085,37.97903,107,10
1970-01-01 00:00:00.000000213,201.39143,108,10
1970-01-01 00:00:00.000000214,199.83029,108,10
1970-01-01 00:00:00.000000215,198.90318,108,10
1970-01-01 00:00:00.000000214,202.02898,108,11
1970-01-01 00:00:00.000000215,201.39133,108,11
1970-01-01 00:00:00.000000216,200.12271,108,11
1970-01-01 00:00:00.000000215,202.22156,108,12
1970-01-01 00:00:00.000000216,200.87695,108,12
1970-01-01 00:00:00.000000217,200.58289,108,12
1970-01-01 00:00:00.000000216,199.98555,108,13
1970-01-01 00:00:00.000000217,199.44098,108,13
1970-01-01 00:00:00.000000218,199.65752,108,13
1970-01-01 00:00:00.000000217,202.5618,108,14
1970-01-01 00:00:00.000000218,202.84814,108,14
1970-01-01 00:00:00.000000219,203.09137,108,14
1970-01-01 00:00:00.000000218,201.00455,108,15
1970-01-01 00:00:00.000000219,201.23224,108,15
1970-01-01 00:00:00.000000220,201.0269,108,15
1970-01-01 00:00:00.000000219,201.17375,108,16
1970-01-01 00:00:00.000000220,201.27487,108,16
1970-01-01 00:00:00.000000221,201.30185,108,16
1970-01-01 00:00:00.000000220,203.82697,108,17
1970-01-01 00:00:00.000000221,203.82571,108,17
1970-01-01 00:00:00.000000222,204.49843,108,17
1970-01-01 00:00:00.000000221,198.08917,108,18
1970-01-01 00:00:00.000000222,198.50963,108,18
1970-01-01 00:00:00.000000223,199.0722,108,18
1970-01-01 00:00:00.000000222,198.1396,108,19
1970-01-01 00:00:00.000000223,198.54173,108,19
1970-01-01 00:00:00.000000224,198.5068,108,19
1970-01-01 00:00:00.000000223,201.91391,108,20
1970-01-01 00:00:00.000000224,202.25795,108,20
1970-01-01 00:00:00.000000225,202.28918,108,20
1970-01-01 00:00:00.000000224,204.61255,108,21
1970-01-01 00:00:00.000000225,204.86021,108,21
1970-01-01 00:00:00.000000226,204.7918,108,21
1970-01-01 00:00:00.000000225,203.03468,108,22
1970-01-01 00:00:00.000000226,202.91321,108,22
1970-01-01 00:00:00.000000227,202.82483,108,22
1970-01-01 00:00:00.000000226,207.87053,108,23
1970-01-01 00:00:00.000000227,208.14482,108,23
1970-01-01 00:00:00.000000228,208.04713,108,23
1970-01-01 00:00:00.000000227,208.76447,108,24
1970-01-01 00:00:00.000000228,208.54575,108,24
1970-01-01 00:00:00.000000229,208.02306,108,24
1970-01-01 00:00:00.000000228,208.07483,108,25
1970-01-01 00:00:00.000000229,207.35368,108,25
1970-01-01 00:00:00.000000230,206.3309,108,25
1970-01-01 00:00:00.000000229,206.62788,108,26
1970-01-01 00:00:00.000000230,205.66199,108,26
1970-01-01 00:00:00.000000231,204.74088,108,26
1970-01-01 00:00:00.000000230,205.71251,108,27
1970-01-01 00:00:00.000000231,205.32567,108,27
1970-01-01 00:00:00.000000232,205.31819,108,27
1970-01-01 00:00:00.000000231,213.40344,108,28
1970-01-01 00:00:00.000000232,213.9116,108,28
1970-01-01 00:00:00.000000233,213.91006,108,28
1970-01-01 00:00:00.000000232,218.48138,108,29
1970-01-01 00:00:00.000000233,218.71436,108,29
1970-01-01 00:00:00.000000234,218.56348,108,29
1970-01-01 00:00:00.000000233,220.70871,108,30
1970-01-01 00:00:00.000000234,220.81146,108,30
1970-01-01 00:00:00.000000235,220.87656,108,30
1970-01-01 00:00:00.000000234,224.95212,108,31
1970-01-01 00:00:00.000000235,225.40117,108,31
1970-01-01 00:00:00.000000236,225.36322,108,31
1970-01-01 00:00:00.000000235,228.50778,108,32
1970-01-01 00:00:00.000000236,228.6703,108,32
1970-01-01 00:00:00.000000237,228.16695,108,32
1970-01-01 00:00:00.000000236,234.1397,108,33
1970-01-01 00:00:00.000000237,234.13448,108,33
1970-01-01 00:00:00.000000238,233.38564,108,33
1970-01-01 00:00:00.000000083,199.37422,109,10
1970-01-01 00:00:00.000000084,220.0124,109,10
1970-01-01 00:00:00.000000085,138.26514,109,10
1970-01-01 00:00:00.000000505,136.20975,110,10
1970-01-01 00:00:00.000000506,137.51006,110,10
1970-01-01 00:00:00.000000507,138.52452,110,10
1970-01-01 00:00:00.000000506,143.763,110,11
1970-01-01 00:00:00.000000507,145.04677,110,11
1970-01-01 00:00:00.000000508,145.51349,110,11
1970-01-01 00:00:00.000000507,145.7162,110,12
1970-01-01 00:00:00.000000508,146.63474,110,12
1970-01-01 00:00:00.000000509,147.78885,110,12
1970-01-01 00:00:00.000000508,148.56854,110,13
1970-01-01 00:00:00.000000509,149.61041,110,13
1970-01-01 00:00:00.000000510,149.84502,110,13
1970-01-01 00:00:00.000000509,149.53392,110,14
1970-01-01 00:00:00.000000510,150.02464,110,14
1970-01-01 00:00:00.000000511,149.83035,110,14
1970-01-01 00:00:00.000000510,156.16774,110,15
1970-01-01 00:00:00.000000511,156.90813,110,15
1970-01-01 00:00:00.000000512,157.32646,110,15
1970-01-01 00:00:00.000000511,158.63066,110,16
1970-01-01 00:00:00.000000512,159.2995,110,16
1970-01-01 00:00:00.000000513,159.2193,110,16
1970-01-01 00:00:00.000000512,163.67761,110,17
1970-01-01 00:00:00.000000513,164.39435,110,17
1970-01-01 00:00:00.000000514,164.41971,110,17
1970-01-01 00:00:00.000000513,166.9986,110,18
1970-01-01 00:00:00.000000514,167.69928,110,18
1970-01-01 00:00:00.000000515,167.6101,110,18
1970-01-01 00:00:00.000000514,170.9801,110,19
1970-01-01 00:00:00.000000515,171.62326,110,19
1970-01-01 00:00:00.000000516,171.11395,110,19
1970-01-01 00:00:00.000000515,176.81241,110,20
1970-01-01 00:00:00.000000516,177.41801,110,20
1970-01-01 00:00:00.000000517,176.52193,110,20
1970-01-01 00:00:00.000000516,181.41446,110,21
1970-01-01 00:00:00.000000517,181.30197,110,21
1970-01-01 00:00:00.000000518,180.22556,110,21
1970-01-01 00:00:00.000000517,184.02725,110,22
1970-01-01 00:00:00.000000518,183.80739,110,22
1970-01-01 00:00:00.000000519,182.4266,110,22
1970-01-01 00:00:00.000000518,181.50905,110,23
1970-01-01 00:00:00.000000519,180.33742,110,23
1970-01-01 00:00:00.000000520,179.02124,110,23
1970-01-01 00:00:00.000000519,173.16939,110,24
1970-01-01 00:00:00.000000520,171.49986,110,24
1970-01-01 00:00:00.000000521,169.69595,110,24
1970-01-01 00:00:00.000000520,176.00693,110,25
1970-01-01 00:00:00.000000521,174.26189,110,25
1970-01-01 00:00:00.000000522,172.63837,110,25
1970-01-01 00:00:00.000000521,171.49521,110,26
1970-01-01 00:00:00.000000522,169.77452,110,26
1970-01-01 00:00:00.000000523,168.69502,110,26
1970-01-01 00:00:00.000000522,168.89151,110,27
1970-01-01 00:00:00.000000523,167.6099,110,27
1970-01-01 00:00:00.000000524,166.69745,110,27
1970-01-01 00:00:00.000000523,167.31754,110,28
1970-01-01 00:00:00.000000524,165.92911,110,28
1970-01-01 00:00:00.000000525,165.8695,110,28
1970-01-01 00:00:00.000000524,166.7632,110,29
1970-01-01 00:00:00.000000525,166.11725,110,29
1970-01-01 00:00:00.000000526,166.83708,110,29
1970-01-01 00:00:00.000000525,171.94919,110,30
1970-01-01 00:00:00.000000526,172.85896,110,30
1970-01-01 00:00:00.000000527,173.86322,110,30
1970-01-01 00:00:00.000000526,169.84013,110,31
1970-01-01 00:00:00.000000527,170.13968,110,31
1970-01-01 00:00:00.000000528,171.30862,110,31
1970-01-01 00:00:00.000000527,170.98245,110,32
1970-01-01 00:00:00.000000528,171.88028,110,32
1970-01-01 00:00:00.000000529,171.99266,110,32
1970-01-01 00:00:00.000000528,179.59712,110,33
1970-01-01 00:00:00.000000529,181.08081,110,33
1970-01-01 00:00:00.000000530,181.09332,110,33
1970-01-01 00:00:00.000000529,182.33337,110,34
1970-01-01 00:00:00.000000530,182.3604,110,34
1970-01-01 00:00:00.000000531,182.60612,110,34
1970-01-01 00:00:00.000000530,188.03741,110,35
1970-01-01 00:00:00.000000531,188.85654,110,35
1970-01-01 00:00:00.000000532,187.79941,110,35
1970-01-01 00:00:00.000000531,193.39793,110,36
1970-01-01 00:00:00.000000532,192.83504,110,36
1970-01-01 00:00:00.000000533,191.94977,110,36
1970-01-01 00:00:00.000000532,186.83762,110,37
1970-01-01 00:00:00.000000533,185.12535,110,37
1970-01-01 00:00:00.000000534,183.53731,110,37
1970-01-01 00:00:00.000000533,181.67162,110,38
1970-01-01 00:00:00.000000534,179.49393,110,38
1970-01-01 00:00:00.000000535,177.126,110,38
1970-01-01 00:00:00.000000534,177.74109,110,39
1970-01-01 00:00:00.000000535,175.80396,110,39
1970-01-01 00:00:00.000000536,174.22978,110,39
1970-01-01 00:00:00.000000535,177.77202,110,40
1970-01-01 00:00:00.000000536,175.99542,110,40
1970-01-01 00:00:00.000000537,174.43022,110,40
1970-01-01 00:00:00.000000536,175.851,110,41
1970-01-01 00:00:00.000000537,174.178,110,41
1970-01-01 00:00:00.000000538,173.05597,110,41
1970-01-01 00:00:00.000000537,169.6719,110,42
1970-01-01 00:00:00.000000538,167.84767,110,42
1970-01-01 00:00:00.000000539,166.6921,110,42
1970-01-01 00:00:00.000000538,168.0292,110,43
1970-01-01 00:00:00.000000539,166.23547,110,43
1970-01-01 00:00:00.000000540,165.19667,110,43
1970-01-01 00:00:00.000000539,160.82823,110,44
1970-01-01 00:00:00.000000540,158.81647,110,44
1970-01-01 00:00:00.000000541,157.16692,110,44
1970-01-01 00:00:00.000000540,154.10097,110,45
1970-01-01 00:00:00.000000541,151.60378,110,45
1970-01-01 00:00:00.000000542,150.66385,110,45
1970-01-01 00:00:00.000000541,146.90573,110,46
1970-01-01 00:00:00.000000542,145.21307,110,46
1970-01-01 00:00:00.000000543,144.64928,110,46
1970-01-01 00:00:00.000000542,142.71701,110,47
1970-01-01 00:00:00.000000543,141.40765,110,47
1970-01-01 00:00:00.000000544,141.31378,110,47
1970-01-01 00:00:00.000000543,143.31323,110,48
1970-01-01 00:00:00.000000544,142.67896,110,48
1970-01-01 00:00:00.000000545,142.56622,110,48
1970-01-01 00:00:00.000000544,139.77643,110,49
1970-01-01 00:00:00.000000545,138.58006,110,49
1970-01-01 00:00:00.000000546,138.65283,110,49
1970-01-01 00:00:00.000000545,137.02832,110,50
1970-01-01 00:00:00.000000546,135.95381,110,50
1970-01-01 00:00:00.000000547,135.34071,110,50
1970-01-01 00:00:00.000000546,134.2755,110,51
1970-01-01 00:00:00.000000547,132.98865,110,51
1970-01-01 00:00:00.000000548,132.46387,110,51
1970-01-01 00:00:00.000000547,127.28461,110,52
1970-01-01 00:00:00.000000548,125.64357,110,52
1970-01-01 00:00:00.000000549,125.55054,110,52
1970-01-01 00:00:00.000000548,123.31913,110,53
1970-01-01 00:00:00.000000549,122.924355,110,53
1970-01-01 00:00:00.000000550,123.3159,110,53
1970-01-01 00:00:00.000000549,124.63779,110,54
1970-01-01 00:00:00.000000550,124.50087,110,54
1970-01-01 00:00:00.000000551,125.04746,110,54
1970-01-01 00:00:00.000000550,124.721016,110,55
1970-01-01 00:00:00.000000551,126.3953,110,55
1970-01-01 00:00:00.000000552,127.65555,110,55
1970-01-01 00:00:00.000000551,139.1402,110,56
1970-01-01 00:00:00.000000552,140.57779,110,56
1970-01-01 00:00:00.000000553,142.1289,110,56
1970-01-01 00:00:00.000000552,127.84476,110,57
1970-01-01 00:00:00.000000553,128.16945,110,57
1970-01-01 00:00:00.000000554,128.5217,110,57
1970-01-01 00:00:00.000000553,133.11043,110,58
1970-01-01 00:00:00.000000554,133.6849,110,58
1970-01-01 00:00:00.000000555,133.37344,110,58
1970-01-01 00:00:00.000000554,135.98029,110,59
1970-01-01 00:00:00.000000555,136.31406,110,59
1970-01-01 00:00:00.000000556,136.83446,110,59
1970-01-01 00:00:00.000000555,129.89143,110,60
1970-01-01 00:00:00.000000556,129.53412,110,60
1970-01-01 00:00:00.000000557,129.40498,110,60
1970-01-01 00:00:00.000000556,133.64146,110,61
1970-01-01 00:00:00.000000557,133.75977,110,61
1970-01-01 00:00:00.000000558,133.85548,110,61
1970-01-01 00:00:00.000000557,131.36102,110,62
1970-01-01 00:00:00.000000558,131.09851,110,62
1970-01-01 00:00:00.000000559,131.69005,110,62
1970-01-01 00:00:00.000000558,125.06272,110,63
1970-01-01 00:00:00.000000559,124.82235,110,63
1970-01-01 00:00:00.000000560,124.95406,110,63
1970-01-01 00:00:00.000000559,124.51875,110,64
1970-01-01 00:00:00.000000560,124.615845,110,64
1970-01-01 00:00:00.000000561,124.817154,110,64
1970-01-01 00:00:00.000000560,109.788185,110,65
1970-01-01 00:00:00.000000561,106.958115,110,65
1970-01-01 00:00:00.000000562,105.28109,110,65
1970-01-01 00:00:00.000000561,118.67499,110,66
1970-01-01 00:00:00.000000562,118.7033,110,66
1970-01-01 00:00:00.000000563,119.056366,110,66
1970-01-01 00:00:00.000000562,123.90012,110,67
1970-01-01 00:00:00.000000563,125.56458,110,67
1970-01-01 00:00:00.000000564,127.47057,110,67
1970-01-01 00:00:00.000000563,136.9922,110,68
1970-01-01 00:00:00.000000564,138.95517,110,68
1970-01-01 00:00:00.000000565,138.36734,110,68
1970-01-01 00:00:00.000000564,112.98605,110,69
1970-01-01 00:00:00.000000565,111.16872,110,69
1970-01-01 00:00:00.000000566,110.16794,110,69
1970-01-01 00:00:00.000000565,143.50711,110,70
1970-01-01 00:00:00.000000566,145.13332,110,70
1970-01-01 00:00:00.000000567,145.45476,110,70
1970-01-01 00:00:00.000000566,135.94417,110,71
1970-01-01 00:00:00.000000567,136.05846,110,71
1970-01-01 00:00:00.000000568,137.96478,110,71
1970-01-01 00:00:00.000000567,144.86008,110,72
1970-01-01 00:00:00.000000568,150.59206,110,72
1970-01-01 00:00:00.000000569,144.07137,110,72
1970-01-01 00:00:00.000000568,130.21822,110,73
1970-01-01 00:00:00.000000569,131.6578,110,73
1970-01-01 00:00:00.000000570,84.83752,110,73
1970-01-01 00:00:00.000000569,76.212776,110,74
1970-01-01 00:00:00.000000570,19.892954,110,74
1970-01-01 00:00:00.000000571,0.0,110,74
1970-01-01 00:00:00.000000570,0.0,110,75
1970-01-01 00:00:00.000000571,0.0,110,75
1970-01-01 00:00:00.000000572,0.0,110,75
1970-01-01 00:00:00.000000571,0.0,110,76
1970-01-01 00:00:00.000000572,0.0,110,76
1970-01-01 00:00:00.000000573,0.0,110,76
1970-01-01 00:00:00.000000572,0.0,110,77
1970-01-01 00:00:00.000000573,0.0,110,77
1970-01-01 00:00:00.000000574,0.0,110,77
1970-01-01 00:00:00.000000573,0.0,110,78
1970-01-01 00:00:00.000000574,1.1259346,110,78
1970-01-01 00:00:00.000000575,4.436426,110,78
1970-01-01 00:00:00.000000574,8.070655,110,79
1970-01-01 00:00:00.000000575,15.096997,110,79
1970-01-01 00:00:00.000000576,23.704464,110,79
1970-01-01 00:00:00.000000575,7.221988,110,80
1970-01-01 00:00:00.000000576,15.54225,110,80
1970-01-01 00:00:00.000000577,22.802444,110,80
1970-01-01 00:00:00.000000576,28.738474,110,81
1970-01-01 00:00:00.000000577,58.99624,110,81
1970-01-01 00:00:00.000000578,75.4157,110,81
1970-01-01 00:00:00.000000577,26.44955,110,82
1970-01-01 00:00:00.000000578,44.523094,110,82
1970-01-01 00:00:00.000000579,53.56972,110,82
1970-01-01 00:00:00.000000578,17.064444,110,83
1970-01-01 00:00:00.000000579,30.102488,110,83
1970-01-01 00:00:00.000000580,30.34102,110,83
1970-01-01 00:00:00.000000579,14.690537,110,84
1970-01-01 00:00:00.000000580,19.98667,110,84
1970-01-01 00:00:00.000000581,24.277834,110,84
1970-01-01 00:00:00.000000580,6.725433,110,85
1970-01-01 00:00:00.000000581,13.232544,110,85
1970-01-01 00:00:00.000000582,16.738853,110,85
1970-01-01 00:00:00.000000183,241.34976,112,10
1970-01-01 00:00:00.000000184,213.20467,112,10
1970-01-01 00:00:00.000000185,218.6711,112,10
1970-01-01 00:00:00.000000184,221.85315,112,11
1970-01-01 00:00:00.000000185,228.36366,112,11
1970-01-01 00:00:00.000000186,234.04715,112,11
1970-01-01 00:00:00.000000185,158.88142,112,12
1970-01-01 00:00:00.000000186,157.49573,112,12
1970-01-01 00:00:00.000000187,152.63449,112,12
1970-01-01 00:00:00.000000186,107.15019,112,13
1970-01-01 00:00:00.000000187,97.6575,112,13
1970-01-01 00:00:00.000000188,94.89352,112,13
1970-01-01 00:00:00.000000187,125.19394,112,14
1970-01-01 00:00:00.000000188,124.01051,112,14
1970-01-01 00:00:00.000000189,126.40385,112,14
1970-01-01 00:00:00.000000188,127.529434,112,15
1970-01-01 00:00:00.000000189,129.73055,112,15
1970-01-01 00:00:00.000000190,133.59882,112,15
1970-01-01 00:00:00.000000189,125.97881,112,16
1970-01-01 00:00:00.000000190,129.16602,112,16
1970-01-01 00:00:00.000000191,132.17781,112,16
1970-01-01 00:00:00.000000190,122.52604,112,17
1970-01-01 00:00:00.000000191,125.45346,112,17
1970-01-01 00:00:00.000000192,128.22858,112,17
1970-01-01 00:00:00.000000191,118.38174,112,18
1970-01-01 00:00:00.000000192,118.17833,112,18
1970-01-01 00:00:00.000000193,119.1925,112,18
1970-01-01 00:00:00.000000192,116.39938,112,19
1970-01-01 00:00:00.000000193,117.7966,112,19
1970-01-01 00:00:00.000000194,118.9259,112,19
1970-01-01 00:00:00.000000193,110.944305,112,20
1970-01-01 00:00:00.000000194,111.120705,112,20
1970-01-01 00:00:00.000000195,111.80907,112,20
1970-01-01 00:00:00.000000194,107.338776,112,21
1970-01-01 00:00:00.000000195,107.361694,112,21
1970-01-01 00:00:00.000000196,107.901634,112,21
1970-01-01 00:00:00.000000195,106.67536,112,22
1970-01-01 00:00:00.000000196,107.20855,112,22
1970-01-01 00:00:00.000000197,108.20782,112,22
1970-01-01 00:00:00.000000196,101.77351,112,23
1970-01-01 00:00:00.000000197,102.45019,112,23
1970-01-01 00:00:00.000000198,103.831085,112,23
1970-01-01 00:00:00.000000197,104.69449,112,24
1970-01-01 00:00:00.000000198,106.27993,112,24
1970-01-01 00:00:00.000000199,107.45274,112,24
1970-01-01 00:00:00.000000198,110.61055,112,25
1970-01-01 00:00:00.000000199,112.63328,112,25
1970-01-01 00:00:00.000000200,114.41249,112,25
1970-01-01 00:00:00.000000199,109.26777,112,26
1970-01-01 00:00:00.000000200,110.48139,112,26
1970-01-01 00:00:00.000000201,111.40712,112,26
1970-01-01 00:00:00.000000200,109.484474,112,27
1970-01-01 00:00:00.000000201,110.19336,112,27
1970-01-01 00:00:00.000000202,110.66351,112,27
1970-01-01 00:00:00.000000201,112.2181,112,28
1970-01-01 00:00:00.000000202,115.45956,112,28
1970-01-01 00:00:00.000000203,108.55773,112,28
1970-01-01 00:00:00.000000172,79.06381,113,10
1970-01-01 00:00:00.000000173,78.427,113,10
1970-01-01 00:00:00.000000174,76.83151,113,10
1970-01-01 00:00:00.000000173,77.460754,113,11
1970-01-01 00:00:00.000000174,75.78525,113,11
1970-01-01 00:00:00.000000175,75.57581,113,11
1970-01-01 00:00:00.000000174,79.157555,113,12
1970-01-01 00:00:00.000000175,79.27305,113,12
1970-01-01 00:00:00.000000176,79.07594,113,12
1970-01-01 00:00:00.000000175,82.70412,113,13
1970-01-01 00:00:00.000000176,82.47303,113,13
1970-01-01 00:00:00.000000177,81.078514,113,13
1970-01-01 00:00:00.000000176,81.57242,113,14
1970-01-01 00:00:00.000000177,80.15719,113,14
1970-01-01 00:00:00.000000178,79.42525,113,14
1970-01-01 00:00:00.000000177,79.07663,113,15
1970-01-01 00:00:00.000000178,78.59316,113,15
1970-01-01 00:00:00.000000179,78.2052,113,15
1970-01-01 00:00:00.000000178,77.67371,113,16
1970-01-01 00:00:00.000000179,77.231926,113,16
1970-01-01 00:00:00.000000180,76.86616,113,16
1970-01-01 00:00:00.000000179,78.32835,113,17
1970-01-01 00:00:00.000000180,78.17533,113,17
1970-01-01 00:00:00.000000181,77.7262,113,17
1970-01-01 00:00:00.000000180,79.37528,113,18
1970-01-01 00:00:00.000000181,78.659645,113,18
1970-01-01 00:00:00.000000182,78.507164,113,18
1970-01-01 00:00:00.000000181,83.39752,113,19
1970-01-01 00:00:00.000000182,83.8486,113,19
1970-01-01 00:00:00.000000183,84.4681,113,19
1970-01-01 00:00:00.000000182,78.55376,113,20
1970-01-01 00:00:00.000000183,77.97702,113,20
1970-01-01 00:00:00.000000184,77.22207,113,20
1970-01-01 00:00:00.000000183,71.959694,113,21
1970-01-01 00:00:00.000000184,70.0906,113,21
1970-01-01 00:00:00.000000185,68.15784,113,21
1970-01-01 00:00:00.000000184,75.951546,113,22
1970-01-01 00:00:00.000000185,73.25486,113,22
1970-01-01 00:00:00.000000186,71.99717,113,22
1970-01-01 00:00:00.000000185,78.430885,113,23
1970-01-01 00:00:00.000000186,77.317986,113,23
1970-01-01 00:00:00.000000187,76.40208,113,23
1970-01-01 00:00:00.000000186,76.635185,113,24
1970-01-01 00:00:00.000000187,75.366875,113,24
1970-01-01 00:00:00.000000188,74.16301,113,24
1970-01-01 00:00:00.000000187,76.925705,113,25
1970-01-01 00:00:00.000000188,75.812775,113,25
1970-01-01 00:00:00.000000189,75.53147,113,25
1970-01-01 00:00:00.000000188,73.07647,113,26
1970-01-01 00:00:00.000000189,72.5484,113,26
1970-01-01 00:00:00.000000190,72.16624,113,26
1970-01-01 00:00:00.000000157,129.6175,114,10
1970-01-01 00:00:00.000000158,129.82948,114,10
1970-01-01 00:00:00.000000159,130.05257,114,10
1970-01-01 00:00:00.000000158,129.28354,114,11
1970-01-01 00:00:00.000000159,129.43307,114,11
1970-01-01 00:00:00.000000160,129.76813,114,11
1970-01-01 00:00:00.000000159,126.48305,114,12
1970-01-01 00:00:00.000000160,126.523476,114,12
1970-01-01 00:00:00.000000161,126.617035,114,12
1970-01-01 00:00:00.000000160,126.078835,114,13
1970-01-01 00:00:00.000000161,126.15244,114,13
1970-01-01 00:00:00.000000162,126.330696,114,13
1970-01-01 00:00:00.000000161,127.640205,114,14
1970-01-01 00:00:00.000000162,130.44228,114,14
1970-01-01 00:00:00.000000163,120.205986,114,14
1970-01-01 00:00:00.000000162,129.95131,114,15
1970-01-01 00:00:00.000000163,126.34909,114,15
1970-01-01 00:00:00.000000164,90.6798,114,15
1970-01-01 00:00:00.000000163,119.569016,114,16
1970-01-01 00:00:00.000000164,92.47829,114,16
1970-01-01 00:00:00.000000165,31.444563,114,16
1970-01-01 00:00:00.000000164,79.17268,114,17
1970-01-01 00:00:00.000000165,19.405777,114,17
1970-01-01 00:00:00.000000166,0.0,114,17
1970-01-01 00:00:00.000000165,0.0,114,18
1970-01-01 00:00:00.000000166,0.0,114,18
1970-01-01 00:00:00.000000167,0.0,114,18
1970-01-01 00:00:00.000000166,0.0,114,19
1970-01-01 00:00:00.000000167,0.0,114,19
1970-01-01 00:00:00.000000168,0.0,114,19
1970-01-01 00:00:00.000000167,0.0,114,20
1970-01-01 00:00:00.000000168,0.0,114,20
1970-01-01 00:00:00.000000169,0.0,114,20
1970-01-01 00:00:00.000000168,1.4336002,114,21
1970-01-01 00:00:00.000000169,5.2245836,114,21
1970-01-01 00:00:00.000000170,0.0,114,21
1970-01-01 00:00:00.000000169,9.795844,114,22
1970-01-01 00:00:00.000000170,5.4699235,114,22
1970-01-01 00:00:00.000000171,6.01576,114,22
1970-01-01 00:00:00.000000170,1.129292,114,23
1970-01-01 00:00:00.000000171,7.6586356,114,23
1970-01-01 00:00:00.000000172,9.89756,114,23
1970-01-01 00:00:00.000000086,3.765017,115,10
1970-01-01 00:00:00.000000087,8.642257,115,10
1970-01-01 00:00:00.000000088,4.145415,115,10
1970-01-01 00:00:00.000000087,8.436093,115,11
1970-01-01 00:00:00.000000088,9.793744,115,11
1970-01-01 00:00:00.000000089,10.351148,115,11
1970-01-01 00:00:00.000000096,75.00434,117,10
1970-01-01 00:00:00.000000097,75.84648,117,10
1970-01-01 00:00:00.000000098,76.549965,117,10
1970-01-01 00:00:00.000000097,77.19009,117,11
1970-01-01 00:00:00.000000098,78.281815,117,11
1970-01-01 00:00:00.000000099,79.157196,117,11
1970-01-01 00:00:00.000000098,77.193146,117,12
1970-01-01 00:00:00.000000099,80.18768,117,12
1970-01-01 00:00:00.000000100,71.15176,117,12
1970-01-01 00:00:00.000000082,47.95932,118,10
1970-01-01 00:00:00.000000083,51.257694,118,10
1970-01-01 00:00:00.000000084,42.164043,118,10
1970-01-01 00:00:00.000000109,31.836996,121,10
1970-01-01 00:00:00.000000110,32.093647,121,10
1970-01-01 00:00:00.000000111,32.537083,121,10
1970-01-01 00:00:00.000000110,30.572937,121,11
1970-01-01 00:00:00.000000111,31.175262,121,11
1970-01-01 00:00:00.000000112,32.021366,121,11
1970-01-01 00:00:00.000000111,33.042774,121,12
1970-01-01 00:00:00.000000112,34.53077,121,12
1970-01-01 00:00:00.000000113,36.280598,121,12
1970-01-01 00:00:00.000000112,34.248688,121,13
1970-01-01 00:00:00.000000113,36.20165,121,13
1970-01-01 00:00:00.000000114,37.56641,121,13
1970-01-01 00:00:00.000000113,29.939678,121,14
1970-01-01 00:00:00.000000114,31.381126,121,14
1970-01-01 00:00:00.000000115,32.908787,121,14
1970-01-01 00:00:00.000000114,37.159447,121,15
1970-01-01 00:00:00.000000115,47.15224,121,15
1970-01-01 00:00:00.000000116,19.214827,121,15
1970-01-01 00:00:00.000000165,194.39365,122,10
1970-01-01 00:00:00.000000166,195.42415,122,10
1970-01-01 00:00:00.000000167,196.2438,122,10
1970-01-01 00:00:00.000000166,190.98376,122,11
1970-01-01 00:00:00.000000167,189.11313,122,11
1970-01-01 00:00:00.000000168,186.19125,122,11
1970-01-01 00:00:00.000000167,163.32597,122,12
1970-01-01 00:00:00.000000168,158.89223,122,12
1970-01-01 00:00:00.000000169,156.1882,122,12
1970-01-01 00:00:00.000000168,158.76788,122,13
1970-01-01 00:00:00.000000169,156.5166,122,13
1970-01-01 00:00:00.000000170,156.47597,122,13
1970-01-01 00:00:00.000000169,165.10875,122,14
1970-01-01 00:00:00.000000170,166.1902,122,14
1970-01-01 00:00:00.000000171,167.50404,122,14
1970-01-01 00:00:00.000000170,174.77515,122,15
1970-01-01 00:00:00.000000171,176.85234,122,15
1970-01-01 00:00:00.000000172,178.75703,122,15
1970-01-01 00:00:00.000000171,179.13477,122,16
1970-01-01 00:00:00.000000172,181.66167,122,16
1970-01-01 00:00:00.000000173,182.19997,122,16
1970-01-01 00:00:00.000000172,177.10338,122,17
1970-01-01 00:00:00.000000173,176.39156,122,17
1970-01-01 00:00:00.000000174,176.06071,122,17
1970-01-01 00:00:00.000000173,181.63022,122,18
1970-01-01 00:00:00.000000174,181.48097,122,18
1970-01-01 00:00:00.000000175,182.12177,122,18
1970-01-01 00:00:00.000000174,164.20898,122,19
1970-01-01 00:00:00.000000175,163.06506,122,19
1970-01-01 00:00:00.000000176,163.96507,122,19
1970-01-01 00:00:00.000000175,155.76761,122,20
1970-01-01 00:00:00.000000176,155.56714,122,20
1970-01-01 00:00:00.000000177,156.31538,122,20
1970-01-01 00:00:00.000000176,145.49588,122,21
1970-01-01 00:00:00.000000177,145.09193,122,21
1970-01-01 00:00:00.000000178,146.77666,122,21
1970-01-01 00:00:00.000000177,132.39198,122,22
1970-01-01 00:00:00.000000178,132.31473,122,22
1970-01-01 00:00:00.000000179,134.06122,122,22
1970-01-01 00:00:00.000000178,139.13507,122,23
1970-01-01 00:00:00.000000179,141.67776,122,23
1970-01-01 00:00:00.000000180,144.17766,122,23
1970-01-01 00:00:00.000000179,147.09508,122,24
1970-01-01 00:00:00.000000180,150.28691,122,24
1970-01-01 00:00:00.000000181,154.24542,122,24
1970-01-01 00:00:00.000000180,149.37129,122,25
1970-01-01 00:00:00.000000181,152.51463,122,25
1970-01-01 00:00:00.000000182,144.26468,122,25
1970-01-01 00:00:00.000000101,139.38925,123,10
1970-01-01 00:00:00.000000102,139.04767,123,10
1970-01-01 00:00:00.000000103,138.4879,123,10
1970-01-01 00:00:00.000000102,121.3066,123,11
1970-01-01 00:00:00.000000103,115.5489,123,11
1970-01-01 00:00:00.000000104,111.99951,123,11
1970-01-01 00:00:00.000000103,113.224525,123,12
1970-01-01 00:00:00.000000104,107.3156,123,12
1970-01-01 00:00:00.000000105,105.46622,123,12
1970-01-01 00:00:00.000000104,105.36558,123,13
1970-01-01 00:00:00.000000105,102.24257,123,13
1970-01-01 00:00:00.000000106,101.87183,123,13
1970-01-01 00:00:00.000000105,85.225395,123,14
1970-01-01 00:00:00.000000106,84.820946,123,14
1970-01-01 00:00:00.000000107,87.71956,123,14
1970-01-01 00:00:00.000000107,0.0,124,10
1970-01-01 00:00:00.000000108,0.0,124,10
1970-01-01 00:00:00.000000109,0.0,124,10
1970-01-01 00:00:00.000000108,19.349272,124,11
1970-01-01 00:00:00.000000109,45.956097,124,11
1970-01-01 00:00:00.000000110,60.991867,124,11
1970-01-01 00:00:00.000000109,9.159667,124,12
1970-01-01 00:00:00.000000110,10.99951,124,12
1970-01-01 00:00:00.000000111,9.361325,124,12
1970-01-01 00:00:00.000000110,9.3633175,124,13
1970-01-01 00:00:00.000000111,17.146269,124,13
1970-01-01 00:00:00.000000112,11.57711,124,13
1970-01-01 00:00:00.000000111,9.088808,124,14
1970-01-01 00:00:00.000000112,7.319996,124,14
1970-01-01 00:00:00.000000113,12.782657,124,14
1970-01-01 00:00:00.000000164,112.86358,125,10
1970-01-01 00:00:00.000000165,113.20529,125,10
1970-01-01 00:00:00.000000166,113.12428,125,10
1970-01-01 00:00:00.000000165,113.67176,125,11
1970-01-01 00:00:00.000000166,113.62039,125,11
1970-01-01 00:00:00.000000167,115.730705,125,11
1970-01-01 00:00:00.000000166,107.35787,125,12
1970-01-01 00:00:00.000000167,108.87538,125,12
1970-01-01 00:00:00.000000168,110.39465,125,12
1970-01-01 00:00:00.000000167,105.75769,125,13
1970-01-01 00:00:00.000000168,106.29565,125,13
1970-01-01 00:00:00.000000169,106.90901,125,13
1970-01-01 00:00:00.000000168,106.549324,125,14
1970-01-01 00:00:00.000000169,107.674614,125,14
1970-01-01 00:00:00.000000170,109.64277,125,14
1970-01-01 00:00:00.000000169,103.68208,125,15
1970-01-01 00:00:00.000000170,104.8308,125,15
1970-01-01 00:00:00.000000171,106.97519,125,15
1970-01-01 00:00:00.000000170,103.89313,125,16
1970-01-01 00:00:00.000000171,112.24855,125,16
1970-01-01 00:00:00.000000172,85.32748,125,16
1970-01-01 00:00:00.000000171,109.967735,125,17
1970-01-01 00:00:00.000000172,93.70041,125,17
1970-01-01 00:00:00.000000173,30.688023,125,17
1970-01-01 00:00:00.000000172,87.78832,125,18
1970-01-01 00:00:00.000000173,16.74424,125,18
1970-01-01 00:00:00.000000174,6.9339957,125,18
1970-01-01 00:00:00.000000173,14.778865,125,19
1970-01-01 00:00:00.000000174,3.9448357,125,19
1970-01-01 00:00:00.000000175,1.3795432,125,19
1970-01-01 00:00:00.000000174,42.24118,125,20
1970-01-01 00:00:00.000000175,52.26682,125,20
1970-01-01 00:00:00.000000176,49.153816,125,20
1970-01-01 00:00:00.000000175,31.072136,125,21
1970-01-01 00:00:00.000000176,50.52588,125,21
1970-01-01 00:00:00.000000177,69.223526,125,21
1970-01-01 00:00:00.000000176,4.5032325,125,22
1970-01-01 00:00:00.000000177,12.910848,125,22
1970-01-01 00:00:00.000000178,17.140902,125,22
1970-01-01 00:00:00.000000177,14.007041,125,23
1970-01-01 00:00:00.000000178,26.747484,125,23
1970-01-01 00:00:00.000000179,26.062153,125,23
1970-01-01 00:00:00.000000178,15.661875,125,24
1970-01-01 00:00:00.000000179,20.700613,125,24
1970-01-01 00:00:00.000000180,27.617908,125,24
1970-01-01 00:00:00.000000208,56.97786,126,10
1970-01-01 00:00:00.000000209,82.17779,126,10
1970-01-01 00:00:00.000000210,95.288605,126,10
1970-01-01 00:00:00.000000209,71.76586,126,11
1970-01-01 00:00:00.000000210,85.128685,126,11
1970-01-01 00:00:00.000000211,95.85107,126,11
1970-01-01 00:00:00.000000210,68.2276,126,12
1970-01-01 00:00:00.000000211,79.48437,126,12
1970-01-01 00:00:00.000000212,89.74592,126,12
1970-01-01 00:00:00.000000211,66.34008,126,13
1970-01-01 00:00:00.000000212,74.41608,126,13
1970-01-01 00:00:00.000000213,78.29113,126,13
1970-01-01 00:00:00.000000212,68.00196,126,14
1970-01-01 00:00:00.000000213,73.94807,126,14
1970-01-01 00:00:00.000000214,78.66622,126,14
1970-01-01 00:00:00.000000213,64.83936,126,15
1970-01-01 00:00:00.000000214,70.01688,126,15
1970-01-01 00:00:00.000000215,75.33125,126,15
1970-01-01 00:00:00.000000214,66.45146,126,16
1970-01-01 00:00:00.000000215,69.293884,126,16
1970-01-01 00:00:00.000000216,72.90216,126,16
1970-01-01 00:00:00.000000215,64.97135,126,17
1970-01-01 00:00:00.000000216,68.02941,126,17
1970-01-01 00:00:00.000000217,71.88491,126,17
1970-01-01 00:00:00.000000216,60.69259,126,18
1970-01-01 00:00:00.000000217,63.748497,126,18
1970-01-01 00:00:00.000000218,66.495636,126,18
1970-01-01 00:00:00.000000217,61.308784,126,19
1970-01-01 00:00:00.000000218,63.37469,126,19
1970-01-01 00:00:00.000000219,65.43365,126,19
1970-01-01 00:00:00.000000218,59.511543,126,20
1970-01-01 00:00:00.000000219,61.80053,126,20
1970-01-01 00:00:00.000000220,63.525078,126,20
1970-01-01 00:00:00.000000219,62.8313,126,21
1970-01-01 00:00:00.000000220,65.22902,126,21
1970-01-01 00:00:00.000000221,67.23027,126,21
1970-01-01 00:00:00.000000220,65.89637,126,22
1970-01-01 00:00:00.000000221,68.72409,126,22
1970-01-01 00:00:00.000000222,70.81433,126,22
1970-01-01 00:00:00.000000221,67.65156,126,23
1970-01-01 00:00:00.000000222,70.21371,126,23
1970-01-01 00:00:00.000000223,72.13831,126,23
1970-01-01 00:00:00.000000222,69.2936,126,24
1970-01-01 00:00:00.000000223,71.27048,126,24
1970-01-01 00:00:00.000000224,72.759285,126,24
1970-01-01 00:00:00.000000223,71.31906,126,25
1970-01-01 00:00:00.000000224,72.847404,126,25
1970-01-01 00:00:00.000000225,74.148186,126,25
1970-01-01 00:00:00.000000224,72.26745,126,26
1970-01-01 00:00:00.000000225,73.247185,126,26
1970-01-01 00:00:00.000000226,74.542564,126,26
1970-01-01 00:00:00.000000225,45.817657,126,27
1970-01-01 00:00:00.000000226,45.58511,126,27
1970-01-01 00:00:00.000000227,46.261765,126,27
1970-01-01 00:00:00.000000226,52.53311,126,28
1970-01-01 00:00:00.000000227,53.534058,126,28
1970-01-01 00:00:00.000000228,55.418518,126,28
1970-01-01 00:00:00.000000227,54.058247,126,29
1970-01-01 00:00:00.000000228,55.855324,126,29
1970-01-01 00:00:00.000000229,58.456352,126,29
1970-01-01 00:00:00.000000228,51.998783,126,30
1970-01-01 00:00:00.000000229,54.23493,126,30
1970-01-01 00:00:00.000000230,56.609005,126,30
1970-01-01 00:00:00.000000229,61.763046,126,31
1970-01-01 00:00:00.000000230,64.8349,126,31
1970-01-01 00:00:00.000000231,67.86599,126,31
1970-01-01 00:00:00.000000230,64.695,126,32
1970-01-01 00:00:00.000000231,67.55552,126,32
1970-01-01 00:00:00.000000232,70.32357,126,32
1970-01-01 00:00:00.000000188,103.27142,127,10
1970-01-01 00:00:00.000000189,103.8745,127,10
1970-01-01 00:00:00.000000190,103.24833,127,10
1970-01-01 00:00:00.000000189,103.27209,127,11
1970-01-01 00:00:00.000000190,102.629585,127,11
1970-01-01 00:00:00.000000191,102.16813,127,11
1970-01-01 00:00:00.000000190,103.85294,127,12
1970-01-01 00:00:00.000000191,103.97016,127,12
1970-01-01 00:00:00.000000192,103.107285,127,12
1970-01-01 00:00:00.000000191,100.824326,127,13
1970-01-01 00:00:00.000000192,99.83121,127,13
1970-01-01 00:00:00.000000193,99.17179,127,13
1970-01-01 00:00:00.000000192,94.61904,127,14
1970-01-01 00:00:00.000000193,93.263115,127,14
1970-01-01 00:00:00.000000194,92.24493,127,14
1970-01-01 00:00:00.000000193,90.53211,127,15
1970-01-01 00:00:00.000000194,89.57567,127,15
1970-01-01 00:00:00.000000195,88.96671,127,15
1970-01-01 00:00:00.000000194,87.08256,127,16
1970-01-01 00:00:00.000000195,86.295456,127,16
1970-01-01 00:00:00.000000196,86.11962,127,16
1970-01-01 00:00:00.000000195,85.115234,127,17
1970-01-01 00:00:00.000000196,84.86596,127,17
1970-01-01 00:00:00.000000197,85.036766,127,17
1970-01-01 00:00:00.000000196,83.011475,127,18
1970-01-01 00:00:00.000000197,82.71888,127,18
1970-01-01 00:00:00.000000198,83.14813,127,18
1970-01-01 00:00:00.000000197,80.16454,127,19
1970-01-01 00:00:00.000000198,80.62868,127,19
1970-01-01 00:00:00.000000199,81.368225,127,19
1970-01-01 00:00:00.000000198,76.55705,127,20
1970-01-01 00:00:00.000000199,76.99484,127,20
1970-01-01 00:00:00.000000200,77.79157,127,20
1970-01-01 00:00:00.000000199,75.5824,127,21
1970-01-01 00:00:00.000000200,76.187874,127,21
1970-01-01 00:00:00.000000201,77.13915,127,21
1970-01-01 00:00:00.000000200,71.53714,127,22
1970-01-01 00:00:00.000000201,71.76103,127,22
1970-01-01 00:00:00.000000202,72.55931,127,22
1970-01-01 00:00:00.000000201,74.25871,127,23
1970-01-01 00:00:00.000000202,75.85094,127,23
1970-01-01 00:00:00.000000203,77.30519,127,23
1970-01-01 00:00:00.000000202,75.24574,127,24
1970-01-01 00:00:00.000000203,75.777245,127,24
1970-01-01 00:00:00.000000204,76.61473,127,24
1970-01-01 00:00:00.000000203,75.952675,127,25
1970-01-01 00:00:00.000000204,76.643074,127,25
1970-01-01 00:00:00.000000205,76.78706,127,25
1970-01-01 00:00:00.000000204,72.255775,127,26
1970-01-01 00:00:00.000000205,71.95588,127,26
1970-01-01 00:00:00.000000206,72.21322,127,26
1970-01-01 00:00:00.000000205,73.669014,127,27
1970-01-01 00:00:00.000000206,73.606316,127,27
1970-01-01 00:00:00.000000207,73.749466,127,27
1970-01-01 00:00:00.000000206,73.28864,127,28
1970-01-01 00:00:00.000000207,72.16263,127,28
1970-01-01 00:00:00.000000208,71.623245,127,28
1970-01-01 00:00:00.000000207,72.544785,127,29
1970-01-01 00:00:00.000000208,71.09832,127,29
1970-01-01 00:00:00.000000209,70.25985,127,29
1970-01-01 00:00:00.000000082,8.522169,129,10
1970-01-01 00:00:00.000000083,5.831277,129,10
1970-01-01 00:00:00.000000084,9.531136,129,10
