sequence_index,second_chamber_filling,block_idx,fcst_origin
1970-01-01 00:00:00.000000097,77.78041,0,10
1970-01-01 00:00:00.000000098,77.7652,0,10
1970-01-01 00:00:00.000000099,77.59731,0,10
1970-01-01 00:00:00.000000098,76.96378,0,11
1970-01-01 00:00:00.000000099,76.9419,0,11
1970-01-01 00:00:00.000000100,76.78123,0,11
1970-01-01 00:00:00.000000099,77.35867,0,12
1970-01-01 00:00:00.000000100,77.34108,0,12
1970-01-01 00:00:00.000000101,77.19332,0,12
1970-01-01 00:00:00.000000100,76.75462,0,13
1970-01-01 00:00:00.000000101,76.738785,0,13
1970-01-01 00:00:00.000000102,76.59531,0,13
1970-01-01 00:00:00.000000081,74.74719,1,10
1970-01-01 00:00:00.000000082,74.64184,1,10
1970-01-01 00:00:00.000000083,74.39009,1,10
1970-01-01 00:00:00.000000079,68.300095,4,10
1970-01-01 00:00:00.000000080,68.28339,4,10
1970-01-01 00:00:00.000000081,68.227516,4,10
1970-01-01 00:00:00.000000079,74.60301,5,10
1970-01-01 00:00:00.000000080,74.44613,5,10
1970-01-01 00:00:00.000000081,74.13443,5,10
1970-01-01 00:00:00.000000119,78.768845,11,10
1970-01-01 00:00:00.000000120,78.768166,11,10
1970-01-01 00:00:00.000000121,78.64444,11,10
1970-01-01 00:00:00.000000120,79.098434,11,11
1970-01-01 00:00:00.000000121,79.09579,11,11
1970-01-01 00:00:00.000000122,78.97364,11,11
1970-01-01 00:00:00.000000121,79.466225,11,12
1970-01-01 00:00:00.000000122,79.4668,11,12
1970-01-01 00:00:00.000000123,79.34708,11,12
1970-01-01 00:00:00.000000122,77.96388,11,13
1970-01-01 00:00:00.000000123,77.95722,11,13
1970-01-01 00:00:00.000000124,77.8316,11,13
1970-01-01 00:00:00.000000123,78.07128,11,14
1970-01-01 00:00:00.000000124,78.06306,11,14
1970-01-01 00:00:00.000000125,77.945625,11,14
1970-01-01 00:00:00.000000124,78.284996,11,15
1970-01-01 00:00:00.000000125,78.284004,11,15
1970-01-01 00:00:00.000000126,78.16399,11,15
1970-01-01 00:00:00.000000125,78.13066,11,16
1970-01-01 00:00:00.000000126,78.12522,11,16
1970-01-01 00:00:00.000000127,78.00851,11,16
1970-01-01 00:00:00.000000126,78.18131,11,17
1970-01-01 00:00:00.000000127,78.18056,11,17
1970-01-01 00:00:00.000000128,78.05988,11,17
1970-01-01 00:00:00.000000113,68.33021,12,10
1970-01-01 00:00:00.000000114,68.35179,12,10
1970-01-01 00:00:00.000000115,68.32711,12,10
1970-01-01 00:00:00.000000114,68.51717,12,11
1970-01-01 00:00:00.000000115,68.53962,12,11
1970-01-01 00:00:00.000000116,68.50704,12,11
1970-01-01 00:00:00.000000115,67.90139,12,12
1970-01-01 00:00:00.000000116,67.91117,12,12
1970-01-01 00:00:00.000000117,67.878654,12,12
1970-01-01 00:00:00.000000116,70.009964,12,13
1970-01-01 00:00:00.000000117,70.04308,12,13
1970-01-01 00:00:00.000000118,70.015175,12,13
1970-01-01 00:00:00.000000117,69.552925,12,14
1970-01-01 00:00:00.000000118,69.57175,12,14
1970-01-01 00:00:00.000000119,69.53607,12,14
1970-01-01 00:00:00.000000118,69.28514,12,15
1970-01-01 00:00:00.000000119,69.3021,12,15
1970-01-01 00:00:00.000000120,69.26098,12,15
1970-01-01 00:00:00.000000119,69.58459,12,16
1970-01-01 00:00:00.000000120,69.60104,12,16
1970-01-01 00:00:00.000000121,69.556404,12,16
1970-01-01 00:00:00.000000157,81.33149,13,10
1970-01-01 00:00:00.000000158,81.31796,13,10
1970-01-01 00:00:00.000000159,81.18566,13,10
1970-01-01 00:00:00.000000158,81.228004,13,11
1970-01-01 00:00:00.000000159,81.2173,13,11
1970-01-01 00:00:00.000000160,81.08999,13,11
1970-01-01 00:00:00.000000159,81.1441,13,12
1970-01-01 00:00:00.000000160,81.13794,13,12
1970-01-01 00:00:00.000000161,81.015625,13,12
1970-01-01 00:00:00.000000160,80.95665,13,13
1970-01-01 00:00:00.000000161,80.95469,13,13
1970-01-01 00:00:00.000000162,80.83028,13,13
1970-01-01 00:00:00.000000161,81.20547,13,14
1970-01-01 00:00:00.000000162,81.20244,13,14
1970-01-01 00:00:00.000000163,81.075615,13,14
1970-01-01 00:00:00.000000162,81.238075,13,15
1970-01-01 00:00:00.000000163,81.23222,13,15
1970-01-01 00:00:00.000000164,81.10789,13,15
1970-01-01 00:00:00.000000163,81.43353,13,16
1970-01-01 00:00:00.000000164,81.430885,13,16
1970-01-01 00:00:00.000000165,81.30926,13,16
1970-01-01 00:00:00.000000164,81.65244,13,17
1970-01-01 00:00:00.000000165,81.652954,13,17
1970-01-01 00:00:00.000000166,81.52898,13,17
1970-01-01 00:00:00.000000165,81.55225,13,18
1970-01-01 00:00:00.000000166,81.54995,13,18
1970-01-01 00:00:00.000000167,81.42784,13,18
1970-01-01 00:00:00.000000166,81.66584,13,19
1970-01-01 00:00:00.000000167,81.66628,13,19
1970-01-01 00:00:00.000000168,81.54371,13,19
1970-01-01 00:00:00.000000167,81.7781,13,20
1970-01-01 00:00:00.000000168,81.77811,13,20
1970-01-01 00:00:00.000000169,81.64895,13,20
1970-01-01 00:00:00.000000168,82.08362,13,21
1970-01-01 00:00:00.000000169,82.077835,13,21
1970-01-01 00:00:00.000000170,81.94884,13,21
1970-01-01 00:00:00.000000169,81.97411,13,22
1970-01-01 00:00:00.000000170,81.967705,13,22
1970-01-01 00:00:00.000000171,81.84187,13,22
1970-01-01 00:00:00.000000170,82.271095,13,23
1970-01-01 00:00:00.000000171,82.26918,13,23
1970-01-01 00:00:00.000000172,82.14588,13,23
1970-01-01 00:00:00.000000141,68.44931,15,10
1970-01-01 00:00:00.000000142,68.469925,15,10
1970-01-01 00:00:00.000000143,68.44902,15,10
1970-01-01 00:00:00.000000142,69.973175,15,11
1970-01-01 00:00:00.000000143,70.01459,15,11
1970-01-01 00:00:00.000000144,69.99339,15,11
1970-01-01 00:00:00.000000143,69.27091,15,12
1970-01-01 00:00:00.000000144,69.296875,15,12
1970-01-01 00:00:00.000000145,69.265785,15,12
1970-01-01 00:00:00.000000144,71.92236,15,13
1970-01-01 00:00:00.000000145,71.96627,15,13
1970-01-01 00:00:00.000000146,71.94559,15,13
1970-01-01 00:00:00.000000145,71.879456,15,14
1970-01-01 00:00:00.000000146,71.91867,15,14
1970-01-01 00:00:00.000000147,71.8864,15,14
1970-01-01 00:00:00.000000146,71.62359,15,15
1970-01-01 00:00:00.000000147,71.65531,15,15
1970-01-01 00:00:00.000000148,71.62241,15,15
1970-01-01 00:00:00.000000147,71.836006,15,16
1970-01-01 00:00:00.000000148,71.87055,15,16
1970-01-01 00:00:00.000000149,71.836136,15,16
1970-01-01 00:00:00.000000148,72.07314,15,17
1970-01-01 00:00:00.000000149,72.10389,15,17
1970-01-01 00:00:00.000000150,72.067795,15,17
1970-01-01 00:00:00.000000149,71.514694,15,18
1970-01-01 00:00:00.000000150,71.53488,15,18
1970-01-01 00:00:00.000000151,71.49446,15,18
1970-01-01 00:00:00.000000150,71.70425,15,19
1970-01-01 00:00:00.000000151,71.721245,15,19
1970-01-01 00:00:00.000000152,71.67982,15,19
1970-01-01 00:00:00.000000151,71.77645,15,20
1970-01-01 00:00:00.000000152,71.78378,15,20
1970-01-01 00:00:00.000000153,71.73442,15,20
1970-01-01 00:00:00.000000156,80.93669,16,10
1970-01-01 00:00:00.000000157,80.92735,16,10
1970-01-01 00:00:00.000000158,80.80596,16,10
1970-01-01 00:00:00.000000157,80.21567,16,11
1970-01-01 00:00:00.000000158,80.20915,16,11
1970-01-01 00:00:00.000000159,80.08488,16,11
1970-01-01 00:00:00.000000158,79.34022,16,12
1970-01-01 00:00:00.000000159,79.328156,16,12
1970-01-01 00:00:00.000000160,79.214935,16,12
1970-01-01 00:00:00.000000159,79.704666,16,13
1970-01-01 00:00:00.000000160,79.70621,16,13
1970-01-01 00:00:00.000000161,79.60141,16,13
1970-01-01 00:00:00.000000160,79.993355,16,14
1970-01-01 00:00:00.000000161,80.00248,16,14
1970-01-01 00:00:00.000000162,79.89018,16,14
1970-01-01 00:00:00.000000161,80.034256,16,15
1970-01-01 00:00:00.000000162,80.0357,16,15
1970-01-01 00:00:00.000000163,79.92201,16,15
1970-01-01 00:00:00.000000162,80.38096,16,16
1970-01-01 00:00:00.000000163,80.38317,16,16
1970-01-01 00:00:00.000000164,80.266884,16,16
1970-01-01 00:00:00.000000163,79.98169,16,17
1970-01-01 00:00:00.000000164,79.97922,16,17
1970-01-01 00:00:00.000000165,79.86499,16,17
1970-01-01 00:00:00.000000164,79.429245,16,18
1970-01-01 00:00:00.000000165,79.427925,16,18
1970-01-01 00:00:00.000000166,79.31302,16,18
1970-01-01 00:00:00.000000165,79.61913,16,19
1970-01-01 00:00:00.000000166,79.61937,16,19
1970-01-01 00:00:00.000000167,79.49979,16,19
1970-01-01 00:00:00.000000166,79.17554,16,20
1970-01-01 00:00:00.000000167,79.16816,16,20
1970-01-01 00:00:00.000000168,79.04035,16,20
1970-01-01 00:00:00.000000167,79.09915,16,21
1970-01-01 00:00:00.000000168,79.084625,16,21
1970-01-01 00:00:00.000000169,78.96347,16,21
1970-01-01 00:00:00.000000168,78.397125,16,22
1970-01-01 00:00:00.000000169,78.38579,16,22
1970-01-01 00:00:00.000000170,78.27926,16,22
1970-01-01 00:00:00.000000169,77.89765,16,23
1970-01-01 00:00:00.000000170,77.89972,16,23
1970-01-01 00:00:00.000000171,77.809784,16,23
1970-01-01 00:00:00.000000123,66.34952,17,10
1970-01-01 00:00:00.000000124,66.38006,17,10
1970-01-01 00:00:00.000000125,66.372765,17,10
1970-01-01 00:00:00.000000124,66.48777,17,11
1970-01-01 00:00:00.000000125,66.51608,17,11
1970-01-01 00:00:00.000000126,66.51477,17,11
1970-01-01 00:00:00.000000125,65.42873,17,12
1970-01-01 00:00:00.000000126,65.45122,17,12
1970-01-01 00:00:00.000000127,65.43367,17,12
1970-01-01 00:00:00.000000126,65.46188,17,13
1970-01-01 00:00:00.000000127,65.4777,17,13
1970-01-01 00:00:00.000000128,65.47157,17,13
1970-01-01 00:00:00.000000127,66.56629,17,14
1970-01-01 00:00:00.000000128,66.60052,17,14
1970-01-01 00:00:00.000000129,66.599594,17,14
1970-01-01 00:00:00.000000128,66.37894,17,15
1970-01-01 00:00:00.000000129,66.40642,17,15
1970-01-01 00:00:00.000000130,66.40061,17,15
1970-01-01 00:00:00.000000129,65.88053,17,16
1970-01-01 00:00:00.000000130,65.90287,17,16
1970-01-01 00:00:00.000000131,65.89452,17,16
1970-01-01 00:00:00.000000130,63.83995,17,17
1970-01-01 00:00:00.000000131,63.844234,17,17
1970-01-01 00:00:00.000000132,63.831585,17,17
1970-01-01 00:00:00.000000134,84.63955,19,10
1970-01-01 00:00:00.000000135,84.606544,19,10
1970-01-01 00:00:00.000000136,84.452034,19,10
1970-01-01 00:00:00.000000135,84.639366,19,11
1970-01-01 00:00:00.000000136,84.61518,19,11
1970-01-01 00:00:00.000000137,84.45393,19,11
1970-01-01 00:00:00.000000136,84.62335,19,12
1970-01-01 00:00:00.000000137,84.5924,19,12
1970-01-01 00:00:00.000000138,84.43238,19,12
1970-01-01 00:00:00.000000137,84.68219,19,13
1970-01-01 00:00:00.000000138,84.652214,19,13
1970-01-01 00:00:00.000000139,84.49722,19,13
1970-01-01 00:00:00.000000138,84.60564,19,14
1970-01-01 00:00:00.000000139,84.580475,19,14
1970-01-01 00:00:00.000000140,84.416595,19,14
1970-01-01 00:00:00.000000139,84.594406,19,15
1970-01-01 00:00:00.000000140,84.560684,19,15
1970-01-01 00:00:00.000000141,84.39799,19,15
1970-01-01 00:00:00.000000140,84.249115,19,16
1970-01-01 00:00:00.000000141,84.216156,19,16
1970-01-01 00:00:00.000000142,84.06354,19,16
1970-01-01 00:00:00.000000141,84.374985,19,17
1970-01-01 00:00:00.000000142,84.3523,19,17
1970-01-01 00:00:00.000000143,84.20704,19,17
1970-01-01 00:00:00.000000142,84.60073,19,18
1970-01-01 00:00:00.000000143,84.58494,19,18
1970-01-01 00:00:00.000000144,84.44127,19,18
1970-01-01 00:00:00.000000143,84.925,19,19
1970-01-01 00:00:00.000000144,84.91097,19,19
1970-01-01 00:00:00.000000145,84.782616,19,19
1970-01-01 00:00:00.000000121,69.938446,20,10
1970-01-01 00:00:00.000000122,69.855675,20,10
1970-01-01 00:00:00.000000123,69.75352,20,10
1970-01-01 00:00:00.000000122,69.73688,20,11
1970-01-01 00:00:00.000000123,69.68206,20,11
1970-01-01 00:00:00.000000124,69.59867,20,11
1970-01-01 00:00:00.000000123,70.837585,20,12
1970-01-01 00:00:00.000000124,70.80771,20,12
1970-01-01 00:00:00.000000125,70.74207,20,12
1970-01-01 00:00:00.000000124,71.91365,20,13
1970-01-01 00:00:00.000000125,71.90279,20,13
1970-01-01 00:00:00.000000126,71.839226,20,13
1970-01-01 00:00:00.000000125,71.4382,20,14
1970-01-01 00:00:00.000000126,71.42568,20,14
1970-01-01 00:00:00.000000127,71.36038,20,14
1970-01-01 00:00:00.000000126,70.73634,20,15
1970-01-01 00:00:00.000000127,70.72703,20,15
1970-01-01 00:00:00.000000128,70.66413,20,15
1970-01-01 00:00:00.000000127,71.194,20,16
1970-01-01 00:00:00.000000128,71.193924,20,16
1970-01-01 00:00:00.000000129,71.139755,20,16
1970-01-01 00:00:00.000000128,70.924446,20,17
1970-01-01 00:00:00.000000129,70.9212,20,17
1970-01-01 00:00:00.000000130,70.86286,20,17
1970-01-01 00:00:00.000000130,72.69317,21,10
1970-01-01 00:00:00.000000131,72.51252,21,10
1970-01-01 00:00:00.000000132,72.30713,21,10
1970-01-01 00:00:00.000000131,73.797874,21,11
1970-01-01 00:00:00.000000132,73.62725,21,11
1970-01-01 00:00:00.000000133,73.44291,21,11
1970-01-01 00:00:00.000000132,75.19904,21,12
1970-01-01 00:00:00.000000133,75.03661,21,12
1970-01-01 00:00:00.000000134,74.87584,21,12
1970-01-01 00:00:00.000000133,75.264824,21,13
1970-01-01 00:00:00.000000134,75.11846,21,13
1970-01-01 00:00:00.000000135,74.94637,21,13
1970-01-01 00:00:00.000000134,74.40787,21,14
1970-01-01 00:00:00.000000135,74.23883,21,14
1970-01-01 00:00:00.000000136,74.04394,21,14
1970-01-01 00:00:00.000000135,73.91192,21,15
1970-01-01 00:00:00.000000136,73.705505,21,15
1970-01-01 00:00:00.000000137,73.48086,21,15
1970-01-01 00:00:00.000000136,74.38875,21,16
1970-01-01 00:00:00.000000137,74.17278,21,16
1970-01-01 00:00:00.000000138,73.90635,21,16
1970-01-01 00:00:00.000000137,75.71945,21,17
1970-01-01 00:00:00.000000138,75.504234,21,17
1970-01-01 00:00:00.000000139,75.209335,21,17
1970-01-01 00:00:00.000000138,75.449135,21,18
1970-01-01 00:00:00.000000139,75.27443,21,18
1970-01-01 00:00:00.000000140,74.93701,21,18
1970-01-01 00:00:00.000000171,58.402065,22,10
1970-01-01 00:00:00.000000172,58.373463,22,10
1970-01-01 00:00:00.000000173,58.367905,22,10
1970-01-01 00:00:00.000000172,58.240124,22,11
1970-01-01 00:00:00.000000173,58.212696,22,11
1970-01-01 00:00:00.000000174,58.209652,22,11
1970-01-01 00:00:00.000000173,57.060875,22,12
1970-01-01 00:00:00.000000174,57.024513,22,12
1970-01-01 00:00:00.000000175,57.019127,22,12
1970-01-01 00:00:00.000000174,57.3456,22,13
1970-01-01 00:00:00.000000175,57.32252,22,13
1970-01-01 00:00:00.000000176,57.32765,22,13
1970-01-01 00:00:00.000000175,58.030964,22,14
1970-01-01 00:00:00.000000176,58.01504,22,14
1970-01-01 00:00:00.000000177,58.026386,22,14
1970-01-01 00:00:00.000000176,58.278797,22,15
1970-01-01 00:00:00.000000177,58.262238,22,15
1970-01-01 00:00:00.000000178,58.267296,22,15
1970-01-01 00:00:00.000000177,54.14932,22,16
1970-01-01 00:00:00.000000178,54.087654,22,16
1970-01-01 00:00:00.000000179,54.074463,22,16
1970-01-01 00:00:00.000000178,55.184303,22,17
1970-01-01 00:00:00.000000179,55.169952,22,17
1970-01-01 00:00:00.000000180,55.194965,22,17
1970-01-01 00:00:00.000000179,56.22726,22,18
1970-01-01 00:00:00.000000180,56.23088,22,18
1970-01-01 00:00:00.000000181,56.268913,22,18
1970-01-01 00:00:00.000000180,55.78843,22,19
1970-01-01 00:00:00.000000181,55.784,22,19
1970-01-01 00:00:00.000000182,55.815006,22,19
1970-01-01 00:00:00.000000181,55.357304,22,20
1970-01-01 00:00:00.000000182,55.34993,22,20
1970-01-01 00:00:00.000000183,55.380257,22,20
1970-01-01 00:00:00.000000182,55.00354,22,21
1970-01-01 00:00:00.000000183,54.998714,22,21
1970-01-01 00:00:00.000000184,55.03394,22,21
1970-01-01 00:00:00.000000183,54.45279,22,22
1970-01-01 00:00:00.000000184,54.450607,22,22
1970-01-01 00:00:00.000000185,54.491795,22,22
1970-01-01 00:00:00.000000184,54.800144,22,23
1970-01-01 00:00:00.000000185,54.810905,22,23
1970-01-01 00:00:00.000000186,54.860764,22,23
1970-01-01 00:00:00.000000185,53.641586,22,24
1970-01-01 00:00:00.000000186,53.644592,22,24
1970-01-01 00:00:00.000000187,53.693024,22,24
1970-01-01 00:00:00.000000186,53.33798,22,25
1970-01-01 00:00:00.000000187,53.35225,22,25
1970-01-01 00:00:00.000000188,53.41438,22,25
1970-01-01 00:00:00.000000187,53.826374,22,26
1970-01-01 00:00:00.000000188,53.85618,22,26
1970-01-01 00:00:00.000000189,53.928146,22,26
1970-01-01 00:00:00.000000130,74.60265,23,10
1970-01-01 00:00:00.000000131,74.42926,23,10
1970-01-01 00:00:00.000000132,74.110725,23,10
1970-01-01 00:00:00.000000131,74.26113,23,11
1970-01-01 00:00:00.000000132,74.10209,23,11
1970-01-01 00:00:00.000000133,73.78751,23,11
1970-01-01 00:00:00.000000132,74.11469,23,12
1970-01-01 00:00:00.000000133,73.95397,23,12
1970-01-01 00:00:00.000000134,73.64461,23,12
1970-01-01 00:00:00.000000133,74.69128,23,13
1970-01-01 00:00:00.000000134,74.53873,23,13
1970-01-01 00:00:00.000000135,74.23308,23,13
1970-01-01 00:00:00.000000134,74.66676,23,14
1970-01-01 00:00:00.000000135,74.51867,23,14
1970-01-01 00:00:00.000000136,74.21764,23,14
1970-01-01 00:00:00.000000135,74.99116,23,15
1970-01-01 00:00:00.000000136,74.8511,23,15
1970-01-01 00:00:00.000000137,74.55597,23,15
1970-01-01 00:00:00.000000136,75.33982,23,16
1970-01-01 00:00:00.000000137,75.212,23,16
1970-01-01 00:00:00.000000138,74.92175,23,16
1970-01-01 00:00:00.000000137,75.71742,23,17
1970-01-01 00:00:00.000000138,75.59957,23,17
1970-01-01 00:00:00.000000139,75.31092,23,17
1970-01-01 00:00:00.000000138,75.79496,23,18
1970-01-01 00:00:00.000000139,75.68208,23,18
1970-01-01 00:00:00.000000140,75.40284,23,18
1970-01-01 00:00:00.000000139,75.70148,23,19
1970-01-01 00:00:00.000000140,75.59945,23,19
1970-01-01 00:00:00.000000141,75.3299,23,19
1970-01-01 00:00:00.000000095,65.91918,25,10
1970-01-01 00:00:00.000000096,65.95978,25,10
1970-01-01 00:00:00.000000097,65.96645,25,10
1970-01-01 00:00:00.000000096,65.177216,25,11
1970-01-01 00:00:00.000000097,65.17785,25,11
1970-01-01 00:00:00.000000098,65.14236,25,11
1970-01-01 00:00:00.000000097,69.21416,25,12
1970-01-01 00:00:00.000000098,69.23168,25,12
1970-01-01 00:00:00.000000099,69.210945,25,12
1970-01-01 00:00:00.000000231,82.4428,26,10
1970-01-01 00:00:00.000000232,82.44577,26,10
1970-01-01 00:00:00.000000233,82.31585,26,10
1970-01-01 00:00:00.000000232,81.981514,26,11
1970-01-01 00:00:00.000000233,81.97436,26,11
1970-01-01 00:00:00.000000234,81.85464,26,11
1970-01-01 00:00:00.000000233,81.429146,26,12
1970-01-01 00:00:00.000000234,81.43085,26,12
1970-01-01 00:00:00.000000235,81.30944,26,12
1970-01-01 00:00:00.000000234,80.97473,26,13
1970-01-01 00:00:00.000000235,80.97329,26,13
1970-01-01 00:00:00.000000236,80.85643,26,13
1970-01-01 00:00:00.000000235,80.339874,26,14
1970-01-01 00:00:00.000000236,80.34057,26,14
1970-01-01 00:00:00.000000237,80.23347,26,14
1970-01-01 00:00:00.000000236,79.62025,26,15
1970-01-01 00:00:00.000000237,79.62847,26,15
1970-01-01 00:00:00.000000238,79.508316,26,15
1970-01-01 00:00:00.000000237,78.87258,26,16
1970-01-01 00:00:00.000000238,78.8649,26,16
1970-01-01 00:00:00.000000239,78.75825,26,16
1970-01-01 00:00:00.000000238,78.493706,26,17
1970-01-01 00:00:00.000000239,78.49808,26,17
1970-01-01 00:00:00.000000240,78.39412,26,17
1970-01-01 00:00:00.000000239,77.81163,26,18
1970-01-01 00:00:00.000000240,77.81526,26,18
1970-01-01 00:00:00.000000241,77.71128,26,18
1970-01-01 00:00:00.000000240,77.25924,26,19
1970-01-01 00:00:00.000000241,77.2614,26,19
1970-01-01 00:00:00.000000242,77.15581,26,19
1970-01-01 00:00:00.000000241,76.686554,26,20
1970-01-01 00:00:00.000000242,76.68521,26,20
1970-01-01 00:00:00.000000243,76.57956,26,20
1970-01-01 00:00:00.000000242,76.31786,26,21
1970-01-01 00:00:00.000000243,76.31613,26,21
1970-01-01 00:00:00.000000244,76.21183,26,21
1970-01-01 00:00:00.000000243,75.66126,26,22
1970-01-01 00:00:00.000000244,75.65903,26,22
1970-01-01 00:00:00.000000245,75.5325,26,22
1970-01-01 00:00:00.000000244,75.45509,26,23
1970-01-01 00:00:00.000000245,75.43302,26,23
1970-01-01 00:00:00.000000246,75.300835,26,23
1970-01-01 00:00:00.000000245,74.97739,26,24
1970-01-01 00:00:00.000000246,74.94984,26,24
1970-01-01 00:00:00.000000247,74.81739,26,24
1970-01-01 00:00:00.000000246,74.618904,26,25
1970-01-01 00:00:00.000000247,74.594734,26,25
1970-01-01 00:00:00.000000248,74.43958,26,25
1970-01-01 00:00:00.000000247,74.986916,26,26
1970-01-01 00:00:00.000000248,74.950356,26,26
1970-01-01 00:00:00.000000249,74.77233,26,26
1970-01-01 00:00:00.000000248,74.01434,26,27
1970-01-01 00:00:00.000000249,73.952705,26,27
1970-01-01 00:00:00.000000250,73.75104,26,27
1970-01-01 00:00:00.000000249,76.235176,26,28
1970-01-01 00:00:00.000000250,76.17979,26,28
1970-01-01 00:00:00.000000251,75.95724,26,28
1970-01-01 00:00:00.000000250,77.243454,26,29
1970-01-01 00:00:00.000000251,77.18461,26,29
1970-01-01 00:00:00.000000252,76.96265,26,29
1970-01-01 00:00:00.000000251,79.9642,26,30
1970-01-01 00:00:00.000000252,79.933784,26,30
1970-01-01 00:00:00.000000253,79.73244,26,30
1970-01-01 00:00:00.000000252,79.8277,26,31
1970-01-01 00:00:00.000000253,79.815125,26,31
1970-01-01 00:00:00.000000254,79.61074,26,31
1970-01-01 00:00:00.000000253,84.77533,26,32
1970-01-01 00:00:00.000000254,84.774574,26,32
1970-01-01 00:00:00.000000255,84.593575,26,32
1970-01-01 00:00:00.000000254,87.81829,26,33
1970-01-01 00:00:00.000000255,87.818344,26,33
1970-01-01 00:00:00.000000256,87.669106,26,33
1970-01-01 00:00:00.000000255,86.715546,26,34
1970-01-01 00:00:00.000000256,86.720024,26,34
1970-01-01 00:00:00.000000257,86.55693,26,34
1970-01-01 00:00:00.000000256,86.792534,26,35
1970-01-01 00:00:00.000000257,86.77307,26,35
1970-01-01 00:00:00.000000258,86.594666,26,35
1970-01-01 00:00:00.000000257,87.09808,26,36
1970-01-01 00:00:00.000000258,87.055626,26,36
1970-01-01 00:00:00.000000259,86.874664,26,36
1970-01-01 00:00:00.000000181,64.84968,29,10
1970-01-01 00:00:00.000000182,64.88912,29,10
1970-01-01 00:00:00.000000183,64.91105,29,10
1970-01-01 00:00:00.000000182,63.62415,29,11
1970-01-01 00:00:00.000000183,63.639523,29,11
1970-01-01 00:00:00.000000184,63.642967,29,11
1970-01-01 00:00:00.000000183,65.088135,29,12
1970-01-01 00:00:00.000000184,65.12133,29,12
1970-01-01 00:00:00.000000185,65.1312,29,12
1970-01-01 00:00:00.000000184,65.14946,29,13
1970-01-01 00:00:00.000000185,65.176056,29,13
1970-01-01 00:00:00.000000186,65.18119,29,13
1970-01-01 00:00:00.000000185,65.60701,29,14
1970-01-01 00:00:00.000000186,65.63829,29,14
1970-01-01 00:00:00.000000187,65.64466,29,14
1970-01-01 00:00:00.000000186,66.84527,29,15
1970-01-01 00:00:00.000000187,66.8888,29,15
1970-01-01 00:00:00.000000188,66.888535,29,15
1970-01-01 00:00:00.000000187,69.59594,29,16
1970-01-01 00:00:00.000000188,69.64883,29,16
1970-01-01 00:00:00.000000189,69.65291,29,16
1970-01-01 00:00:00.000000188,69.23793,29,17
1970-01-01 00:00:00.000000189,69.2797,29,17
1970-01-01 00:00:00.000000190,69.26693,29,17
1970-01-01 00:00:00.000000189,64.6518,29,18
1970-01-01 00:00:00.000000190,64.64832,29,18
1970-01-01 00:00:00.000000191,64.62513,29,18
1970-01-01 00:00:00.000000190,67.11278,29,19
1970-01-01 00:00:00.000000191,67.1614,29,19
1970-01-01 00:00:00.000000192,67.165634,29,19
1970-01-01 00:00:00.000000191,67.93372,29,20
1970-01-01 00:00:00.000000192,67.98197,29,20
1970-01-01 00:00:00.000000193,67.98833,29,20
1970-01-01 00:00:00.000000192,68.799934,29,21
1970-01-01 00:00:00.000000193,68.854675,29,21
1970-01-01 00:00:00.000000194,68.862434,29,21
1970-01-01 00:00:00.000000193,67.35534,29,22
1970-01-01 00:00:00.000000194,67.39725,29,22
1970-01-01 00:00:00.000000195,67.398895,29,22
1970-01-01 00:00:00.000000194,64.96194,29,23
1970-01-01 00:00:00.000000195,64.98633,29,23
1970-01-01 00:00:00.000000196,64.979416,29,23
1970-01-01 00:00:00.000000195,68.7905,29,24
1970-01-01 00:00:00.000000196,68.85988,29,24
1970-01-01 00:00:00.000000197,68.88657,29,24
1970-01-01 00:00:00.000000196,66.1158,29,25
1970-01-01 00:00:00.000000197,66.15522,29,25
1970-01-01 00:00:00.000000198,66.16045,29,25
1970-01-01 00:00:00.000000197,65.74633,29,26
1970-01-01 00:00:00.000000198,65.79109,29,26
1970-01-01 00:00:00.000000199,65.803345,29,26
1970-01-01 00:00:00.000000198,68.30736,29,27
1970-01-01 00:00:00.000000199,68.37909,29,27
1970-01-01 00:00:00.000000200,68.405,29,27
1970-01-01 00:00:00.000000199,65.183846,29,28
1970-01-01 00:00:00.000000200,65.21628,29,28
1970-01-01 00:00:00.000000201,65.22145,29,28
1970-01-01 00:00:00.000000092,36.813,40,10
1970-01-01 00:00:00.000000093,36.601124,40,10
1970-01-01 00:00:00.000000094,36.557476,40,10
1970-01-01 00:00:00.000000093,36.867767,40,11
1970-01-01 00:00:00.000000094,36.69649,40,11
1970-01-01 00:00:00.000000095,36.687668,40,11
1970-01-01 00:00:00.000000094,38.526897,40,12
1970-01-01 00:00:00.000000095,38.43959,40,12
1970-01-01 00:00:00.000000096,38.516468,40,12
1970-01-01 00:00:00.000000092,37.710163,42,10
1970-01-01 00:00:00.000000093,37.61114,42,10
1970-01-01 00:00:00.000000094,37.66912,42,10
1970-01-01 00:00:00.000000093,37.833862,42,11
1970-01-01 00:00:00.000000094,37.740475,42,11
1970-01-01 00:00:00.000000095,37.797756,42,11
1970-01-01 00:00:00.000000094,35.694206,42,12
1970-01-01 00:00:00.000000095,35.53585,42,12
1970-01-01 00:00:00.000000096,35.542442,42,12
1970-01-01 00:00:00.000000156,60.98902,45,10
1970-01-01 00:00:00.000000157,60.96203,45,10
1970-01-01 00:00:00.000000158,60.942184,45,10
1970-01-01 00:00:00.000000157,61.034645,45,11
1970-01-01 00:00:00.000000158,61.00962,45,11
1970-01-01 00:00:00.000000159,60.98989,45,11
1970-01-01 00:00:00.000000158,60.79779,45,12
1970-01-01 00:00:00.000000159,60.76965,45,12
1970-01-01 00:00:00.000000160,60.75022,45,12
1970-01-01 00:00:00.000000159,60.705368,45,13
1970-01-01 00:00:00.000000160,60.679108,45,13
1970-01-01 00:00:00.000000161,60.659496,45,13
1970-01-01 00:00:00.000000160,60.999584,45,14
1970-01-01 00:00:00.000000161,60.976196,45,14
1970-01-01 00:00:00.000000162,60.95912,45,14
1970-01-01 00:00:00.000000161,60.891098,45,15
1970-01-01 00:00:00.000000162,60.865177,45,15
1970-01-01 00:00:00.000000163,60.846878,45,15
1970-01-01 00:00:00.000000162,60.839302,45,16
1970-01-01 00:00:00.000000163,60.81361,45,16
1970-01-01 00:00:00.000000164,60.79419,45,16
1970-01-01 00:00:00.000000163,60.562244,45,17
1970-01-01 00:00:00.000000164,60.533104,45,17
1970-01-01 00:00:00.000000165,60.51258,45,17
1970-01-01 00:00:00.000000164,61.50099,45,18
1970-01-01 00:00:00.000000165,61.48307,45,18
1970-01-01 00:00:00.000000166,61.46243,45,18
1970-01-01 00:00:00.000000165,61.047245,45,19
1970-01-01 00:00:00.000000166,61.01347,45,19
1970-01-01 00:00:00.000000167,60.98533,45,19
1970-01-01 00:00:00.000000166,60.547066,45,20
1970-01-01 00:00:00.000000167,60.50882,45,20
1970-01-01 00:00:00.000000168,60.487255,45,20
1970-01-01 00:00:00.000000167,60.78414,45,21
1970-01-01 00:00:00.000000168,60.759773,45,21
1970-01-01 00:00:00.000000169,60.735813,45,21
1970-01-01 00:00:00.000000168,60.82448,45,22
1970-01-01 00:00:00.000000169,60.793243,45,22
1970-01-01 00:00:00.000000170,60.763256,45,22
1970-01-01 00:00:00.000000169,61.241318,45,23
1970-01-01 00:00:00.000000170,61.20804,45,23
1970-01-01 00:00:00.000000171,61.187218,45,23
1970-01-01 00:00:00.000000116,55.264263,46,10
1970-01-01 00:00:00.000000117,55.310165,46,10
1970-01-01 00:00:00.000000118,55.397125,46,10
1970-01-01 00:00:00.000000117,56.31164,46,11
1970-01-01 00:00:00.000000118,56.363403,46,11
1970-01-01 00:00:00.000000119,56.449207,46,11
1970-01-01 00:00:00.000000118,57.190174,46,12
1970-01-01 00:00:00.000000119,57.233692,46,12
1970-01-01 00:00:00.000000120,57.30699,46,12
1970-01-01 00:00:00.000000119,57.146503,46,13
1970-01-01 00:00:00.000000120,57.17172,46,13
1970-01-01 00:00:00.000000121,57.23152,46,13
1970-01-01 00:00:00.000000120,59.125412,46,14
1970-01-01 00:00:00.000000121,59.16142,46,14
1970-01-01 00:00:00.000000122,59.22274,46,14
1970-01-01 00:00:00.000000121,58.623528,46,15
1970-01-01 00:00:00.000000122,58.635506,46,15
1970-01-01 00:00:00.000000123,58.667427,46,15
1970-01-01 00:00:00.000000122,59.91001,46,16
1970-01-01 00:00:00.000000123,59.922756,46,16
1970-01-01 00:00:00.000000124,59.95476,46,16
1970-01-01 00:00:00.000000243,38.141014,53,10
1970-01-01 00:00:00.000000244,38.070095,53,10
1970-01-01 00:00:00.000000245,38.15966,53,10
1970-01-01 00:00:00.000000244,39.79124,53,11
1970-01-01 00:00:00.000000245,39.770924,53,11
1970-01-01 00:00:00.000000246,39.895714,53,11
1970-01-01 00:00:00.000000245,41.604008,53,12
1970-01-01 00:00:00.000000246,41.615864,53,12
1970-01-01 00:00:00.000000247,41.756374,53,12
1970-01-01 00:00:00.000000246,43.241756,53,13
1970-01-01 00:00:00.000000247,43.270996,53,13
1970-01-01 00:00:00.000000248,43.420135,53,13
1970-01-01 00:00:00.000000247,42.77721,53,14
1970-01-01 00:00:00.000000248,42.78764,53,14
1970-01-01 00:00:00.000000249,42.92206,53,14
1970-01-01 00:00:00.000000248,40.561325,53,15
1970-01-01 00:00:00.000000249,40.530193,53,15
1970-01-01 00:00:00.000000250,40.636322,53,15
1970-01-01 00:00:00.000000249,39.3587,53,16
1970-01-01 00:00:00.000000250,39.30971,53,16
1970-01-01 00:00:00.000000251,39.40398,53,16
1970-01-01 00:00:00.000000250,39.976536,53,17
1970-01-01 00:00:00.000000251,39.942104,53,17
1970-01-01 00:00:00.000000252,40.04731,53,17
1970-01-01 00:00:00.000000251,40.8379,53,18
1970-01-01 00:00:00.000000252,40.81716,53,18
1970-01-01 00:00:00.000000253,40.93227,53,18
1970-01-01 00:00:00.000000252,41.314663,53,19
1970-01-01 00:00:00.000000253,41.298897,53,19
1970-01-01 00:00:00.000000254,41.4177,53,19
1970-01-01 00:00:00.000000253,39.97583,53,20
1970-01-01 00:00:00.000000254,39.930077,53,20
1970-01-01 00:00:00.000000255,40.03618,53,20
1970-01-01 00:00:00.000000254,38.68872,53,21
1970-01-01 00:00:00.000000255,38.627213,53,21
1970-01-01 00:00:00.000000256,38.72791,53,21
1970-01-01 00:00:00.000000255,43.454197,53,22
1970-01-01 00:00:00.000000256,43.506012,53,22
1970-01-01 00:00:00.000000257,43.671444,53,22
1970-01-01 00:00:00.000000256,46.211422,53,23
1970-01-01 00:00:00.000000257,46.28695,53,23
1970-01-01 00:00:00.000000258,46.45032,53,23
1970-01-01 00:00:00.000000257,46.48678,53,24
1970-01-01 00:00:00.000000258,46.53699,53,24
1970-01-01 00:00:00.000000259,46.668488,53,24
1970-01-01 00:00:00.000000258,47.650635,53,25
1970-01-01 00:00:00.000000259,47.696987,53,25
1970-01-01 00:00:00.000000260,47.837,53,25
1970-01-01 00:00:00.000000259,44.499924,53,26
1970-01-01 00:00:00.000000260,44.49711,53,26
1970-01-01 00:00:00.000000261,44.619175,53,26
1970-01-01 00:00:00.000000260,41.313812,53,27
1970-01-01 00:00:00.000000261,41.286934,53,27
1970-01-01 00:00:00.000000262,41.401215,53,27
1970-01-01 00:00:00.000000261,41.56091,53,28
1970-01-01 00:00:00.000000262,41.563755,53,28
1970-01-01 00:00:00.000000263,41.7008,53,28
1970-01-01 00:00:00.000000262,40.99121,53,29
1970-01-01 00:00:00.000000263,40.988247,53,29
1970-01-01 00:00:00.000000264,41.116802,53,29
1970-01-01 00:00:00.000000263,40.667126,53,30
1970-01-01 00:00:00.000000264,40.6532,53,30
1970-01-01 00:00:00.000000265,40.782482,53,30
1970-01-01 00:00:00.000000264,41.702656,53,31
1970-01-01 00:00:00.000000265,41.71254,53,31
1970-01-01 00:00:00.000000266,41.85679,53,31
1970-01-01 00:00:00.000000265,40.01603,53,32
1970-01-01 00:00:00.000000266,39.990726,53,32
1970-01-01 00:00:00.000000267,40.104206,53,32
1970-01-01 00:00:00.000000266,38.68763,53,33
1970-01-01 00:00:00.000000267,38.63088,53,33
1970-01-01 00:00:00.000000268,38.7228,53,33
1970-01-01 00:00:00.000000267,38.476284,53,34
1970-01-01 00:00:00.000000268,38.412277,53,34
1970-01-01 00:00:00.000000269,38.49598,53,34
1970-01-01 00:00:00.000000268,37.15228,53,35
1970-01-01 00:00:00.000000269,37.042763,53,35
1970-01-01 00:00:00.000000270,37.091587,53,35
1970-01-01 00:00:00.000000269,36.032124,53,36
1970-01-01 00:00:00.000000270,35.87772,53,36
1970-01-01 00:00:00.000000271,35.87617,53,36
1970-01-01 00:00:00.000000270,35.436485,53,37
1970-01-01 00:00:00.000000271,35.23849,53,37
1970-01-01 00:00:00.000000272,35.18224,53,37
1970-01-01 00:00:00.000000271,36.039078,53,38
1970-01-01 00:00:00.000000272,35.83866,53,38
1970-01-01 00:00:00.000000273,35.775192,53,38
1970-01-01 00:00:00.000000272,36.46888,53,39
1970-01-01 00:00:00.000000273,36.2667,53,39
1970-01-01 00:00:00.000000274,36.20165,53,39
1970-01-01 00:00:00.000000097,64.68248,54,10
1970-01-01 00:00:00.000000098,64.728485,54,10
1970-01-01 00:00:00.000000099,64.75353,54,10
1970-01-01 00:00:00.000000098,64.29786,54,11
1970-01-01 00:00:00.000000099,64.34665,54,11
1970-01-01 00:00:00.000000100,64.37636,54,11
1970-01-01 00:00:00.000000099,64.394455,54,12
1970-01-01 00:00:00.000000100,64.450584,54,12
1970-01-01 00:00:00.000000101,64.48835,54,12
1970-01-01 00:00:00.000000100,65.51108,54,13
1970-01-01 00:00:00.000000101,65.56018,54,13
1970-01-01 00:00:00.000000102,65.65695,54,13
1970-01-01 00:00:00.000000277,18.02713,60,10
1970-01-01 00:00:00.000000278,17.67173,60,10
1970-01-01 00:00:00.000000279,17.690083,60,10
1970-01-01 00:00:00.000000278,18.127043,60,11
1970-01-01 00:00:00.000000279,17.80734,60,11
1970-01-01 00:00:00.000000280,17.8473,60,11
1970-01-01 00:00:00.000000279,19.845707,60,12
1970-01-01 00:00:00.000000280,19.570332,60,12
1970-01-01 00:00:00.000000281,19.621758,60,12
1970-01-01 00:00:00.000000280,23.382729,60,13
1970-01-01 00:00:00.000000281,23.1407,60,13
1970-01-01 00:00:00.000000282,23.200853,60,13
1970-01-01 00:00:00.000000281,26.948944,60,14
1970-01-01 00:00:00.000000282,26.729015,60,14
1970-01-01 00:00:00.000000283,26.792824,60,14
1970-01-01 00:00:00.000000282,28.749569,60,15
1970-01-01 00:00:00.000000283,28.514488,60,15
1970-01-01 00:00:00.000000284,28.572248,60,15
1970-01-01 00:00:00.000000283,26.158388,60,16
1970-01-01 00:00:00.000000284,25.863348,60,16
1970-01-01 00:00:00.000000285,25.888523,60,16
1970-01-01 00:00:00.000000284,24.110765,60,17
1970-01-01 00:00:00.000000285,23.764883,60,17
1970-01-01 00:00:00.000000286,23.771524,60,17
1970-01-01 00:00:00.000000285,22.982702,60,18
1970-01-01 00:00:00.000000286,22.606232,60,18
1970-01-01 00:00:00.000000287,22.60319,60,18
1970-01-01 00:00:00.000000286,22.957844,60,19
1970-01-01 00:00:00.000000287,22.568424,60,19
1970-01-01 00:00:00.000000288,22.546139,60,19
1970-01-01 00:00:00.000000287,23.27787,60,20
1970-01-01 00:00:00.000000288,22.869497,60,20
1970-01-01 00:00:00.000000289,22.841696,60,20
1970-01-01 00:00:00.000000288,22.990612,60,21
1970-01-01 00:00:00.000000289,22.573112,60,21
1970-01-01 00:00:00.000000290,22.536453,60,21
1970-01-01 00:00:00.000000289,23.04887,60,22
1970-01-01 00:00:00.000000290,22.630863,60,22
1970-01-01 00:00:00.000000291,22.5869,60,22
1970-01-01 00:00:00.000000290,22.565353,60,23
1970-01-01 00:00:00.000000291,22.141268,60,23
1970-01-01 00:00:00.000000292,22.102905,60,23
1970-01-01 00:00:00.000000291,22.09986,60,24
1970-01-01 00:00:00.000000292,21.68099,60,24
1970-01-01 00:00:00.000000293,21.640795,60,24
1970-01-01 00:00:00.000000292,21.199827,60,25
1970-01-01 00:00:00.000000293,20.774094,60,25
1970-01-01 00:00:00.000000294,20.699764,60,25
1970-01-01 00:00:00.000000293,20.226957,60,26
1970-01-01 00:00:00.000000294,19.757563,60,26
1970-01-01 00:00:00.000000295,19.737589,60,26
1970-01-01 00:00:00.000000294,19.973787,60,27
1970-01-01 00:00:00.000000295,19.559677,60,27
1970-01-01 00:00:00.000000296,19.554451,60,27
1970-01-01 00:00:00.000000295,19.659054,60,28
1970-01-01 00:00:00.000000296,19.26052,60,28
1970-01-01 00:00:00.000000297,19.2537,60,28
1970-01-01 00:00:00.000000296,18.913797,60,29
1970-01-01 00:00:00.000000297,18.514866,60,29
1970-01-01 00:00:00.000000298,18.52253,60,29
1970-01-01 00:00:00.000000297,18.434477,60,30
1970-01-01 00:00:00.000000298,18.057364,60,30
1970-01-01 00:00:00.000000299,18.076351,60,30
1970-01-01 00:00:00.000000298,18.302868,60,31
1970-01-01 00:00:00.000000299,17.948555,60,31
1970-01-01 00:00:00.000000300,17.964138,60,31
1970-01-01 00:00:00.000000299,18.823965,60,32
1970-01-01 00:00:00.000000300,18.484928,60,32
1970-01-01 00:00:00.000000301,18.53346,60,32
1970-01-01 00:00:00.000000300,19.519691,60,33
1970-01-01 00:00:00.000000301,19.229382,60,33
1970-01-01 00:00:00.000000302,19.29103,60,33
1970-01-01 00:00:00.000000301,22.963923,60,34
1970-01-01 00:00:00.000000302,22.715948,60,34
1970-01-01 00:00:00.000000303,22.779587,60,34
1970-01-01 00:00:00.000000302,26.567545,60,35
1970-01-01 00:00:00.000000303,26.335772,60,35
1970-01-01 00:00:00.000000304,26.40081,60,35
1970-01-01 00:00:00.000000303,28.598875,60,36
1970-01-01 00:00:00.000000304,28.356775,60,36
1970-01-01 00:00:00.000000305,28.417322,60,36
1970-01-01 00:00:00.000000304,28.277328,60,37
1970-01-01 00:00:00.000000305,28.002966,60,37
1970-01-01 00:00:00.000000306,28.039886,60,37
1970-01-01 00:00:00.000000305,24.662008,60,38
1970-01-01 00:00:00.000000306,24.324173,60,38
1970-01-01 00:00:00.000000307,24.336058,60,38
1970-01-01 00:00:00.000000306,22.948835,60,39
1970-01-01 00:00:00.000000307,22.573477,60,39
1970-01-01 00:00:00.000000308,22.57048,60,39
1970-01-01 00:00:00.000000307,22.106337,60,40
1970-01-01 00:00:00.000000308,21.706928,60,40
1970-01-01 00:00:00.000000309,21.691963,60,40
1970-01-01 00:00:00.000000308,21.953203,60,41
1970-01-01 00:00:00.000000309,21.539898,60,41
1970-01-01 00:00:00.000000310,21.528414,60,41
1970-01-01 00:00:00.000000309,22.841366,60,42
1970-01-01 00:00:00.000000310,22.445805,60,42
1970-01-01 00:00:00.000000311,22.437094,60,42
1970-01-01 00:00:00.000000310,22.133686,60,43
1970-01-01 00:00:00.000000311,21.73715,60,43
1970-01-01 00:00:00.000000312,21.72586,60,43
1970-01-01 00:00:00.000000311,21.392149,60,44
1970-01-01 00:00:00.000000312,20.99738,60,44
1970-01-01 00:00:00.000000313,20.993866,60,44
1970-01-01 00:00:00.000000312,20.174658,60,45
1970-01-01 00:00:00.000000313,19.770008,60,45
1970-01-01 00:00:00.000000314,19.76649,60,45
1970-01-01 00:00:00.000000102,81.34264,61,10
1970-01-01 00:00:00.000000103,81.363754,61,10
1970-01-01 00:00:00.000000104,81.25828,61,10
1970-01-01 00:00:00.000000103,81.91339,61,11
1970-01-01 00:00:00.000000104,81.93298,61,11
1970-01-01 00:00:00.000000105,81.81324,61,11
1970-01-01 00:00:00.000000104,81.95012,61,12
1970-01-01 00:00:00.000000105,81.95531,61,12
1970-01-01 00:00:00.000000106,81.84779,61,12
1970-01-01 00:00:00.000000105,81.67875,61,13
1970-01-01 00:00:00.000000106,81.695854,61,13
1970-01-01 00:00:00.000000107,81.570816,61,13
1970-01-01 00:00:00.000000106,81.64744,61,14
1970-01-01 00:00:00.000000107,81.6475,61,14
1970-01-01 00:00:00.000000108,81.511406,61,14
1970-01-01 00:00:00.000000125,50.683697,62,10
1970-01-01 00:00:00.000000126,50.7414,62,10
1970-01-01 00:00:00.000000127,50.85928,62,10
1970-01-01 00:00:00.000000126,47.02229,62,11
1970-01-01 00:00:00.000000127,47.032898,62,11
1970-01-01 00:00:00.000000128,47.124317,62,11
1970-01-01 00:00:00.000000127,44.971848,62,12
1970-01-01 00:00:00.000000128,44.977833,62,12
1970-01-01 00:00:00.000000129,45.07726,62,12
1970-01-01 00:00:00.000000128,44.9035,62,13
1970-01-01 00:00:00.000000129,44.928013,62,13
1970-01-01 00:00:00.000000130,45.04648,62,13
1970-01-01 00:00:00.000000129,45.15526,62,14
1970-01-01 00:00:00.000000130,45.189373,62,14
1970-01-01 00:00:00.000000131,45.315662,62,14
1970-01-01 00:00:00.000000130,44.54462,62,15
1970-01-01 00:00:00.000000131,44.56969,62,15
1970-01-01 00:00:00.000000132,44.69016,62,15
1970-01-01 00:00:00.000000131,44.58304,62,16
1970-01-01 00:00:00.000000132,44.608353,62,16
1970-01-01 00:00:00.000000133,44.728218,62,16
1970-01-01 00:00:00.000000132,44.983788,62,17
1970-01-01 00:00:00.000000133,45.011486,62,17
1970-01-01 00:00:00.000000134,45.13078,62,17
1970-01-01 00:00:00.000000133,45.635708,62,18
1970-01-01 00:00:00.000000134,45.666237,62,18
1970-01-01 00:00:00.000000135,45.784588,62,18
1970-01-01 00:00:00.000000292,52.80033,63,10
1970-01-01 00:00:00.000000293,52.764843,63,10
1970-01-01 00:00:00.000000294,52.79847,63,10
1970-01-01 00:00:00.000000293,52.647835,63,11
1970-01-01 00:00:00.000000294,52.65181,63,11
1970-01-01 00:00:00.000000295,52.72253,63,11
1970-01-01 00:00:00.000000294,52.645664,63,12
1970-01-01 00:00:00.000000295,52.682053,63,12
1970-01-01 00:00:00.000000296,52.769157,63,12
1970-01-01 00:00:00.000000295,53.667793,63,13
1970-01-01 00:00:00.000000296,53.72464,63,13
1970-01-01 00:00:00.000000297,53.823452,63,13
1970-01-01 00:00:00.000000296,55.30606,63,14
1970-01-01 00:00:00.000000297,55.372368,63,14
1970-01-01 00:00:00.000000298,55.443176,63,14
1970-01-01 00:00:00.000000297,55.852303,63,15
1970-01-01 00:00:00.000000298,55.877796,63,15
1970-01-01 00:00:00.000000299,55.919502,63,15
1970-01-01 00:00:00.000000298,56.128708,63,16
1970-01-01 00:00:00.000000299,56.128147,63,16
1970-01-01 00:00:00.000000300,56.15852,63,16
1970-01-01 00:00:00.000000299,56.540394,63,17
1970-01-01 00:00:00.000000300,56.533066,63,17
1970-01-01 00:00:00.000000301,56.583027,63,17
1970-01-01 00:00:00.000000300,56.82586,63,18
1970-01-01 00:00:00.000000301,56.839184,63,18
1970-01-01 00:00:00.000000302,56.877888,63,18
1970-01-01 00:00:00.000000301,55.677254,63,19
1970-01-01 00:00:00.000000302,55.671722,63,19
1970-01-01 00:00:00.000000303,55.67338,63,19
1970-01-01 00:00:00.000000302,56.003124,63,20
1970-01-01 00:00:00.000000303,55.98121,63,20
1970-01-01 00:00:00.000000304,56.00087,63,20
1970-01-01 00:00:00.000000303,54.41901,63,21
1970-01-01 00:00:00.000000304,54.395145,63,21
1970-01-01 00:00:00.000000305,54.398422,63,21
1970-01-01 00:00:00.000000304,51.460735,63,22
1970-01-01 00:00:00.000000305,51.415154,63,22
1970-01-01 00:00:00.000000306,51.43,63,22
1970-01-01 00:00:00.000000305,48.462482,63,23
1970-01-01 00:00:00.000000306,48.43315,63,23
1970-01-01 00:00:00.000000307,48.48281,63,23
1970-01-01 00:00:00.000000306,45.86193,63,24
1970-01-01 00:00:00.000000307,45.864155,63,24
1970-01-01 00:00:00.000000308,45.93469,63,24
1970-01-01 00:00:00.000000307,42.74879,63,25
1970-01-01 00:00:00.000000308,42.74198,63,25
1970-01-01 00:00:00.000000309,42.83427,63,25
1970-01-01 00:00:00.000000308,42.96761,63,26
1970-01-01 00:00:00.000000309,42.989685,63,26
1970-01-01 00:00:00.000000310,43.126892,63,26
1970-01-01 00:00:00.000000309,43.96548,63,27
1970-01-01 00:00:00.000000310,44.012604,63,27
1970-01-01 00:00:00.000000311,44.182945,63,27
1970-01-01 00:00:00.000000310,44.57717,63,28
1970-01-01 00:00:00.000000311,44.641018,63,28
1970-01-01 00:00:00.000000312,44.787323,63,28
1970-01-01 00:00:00.000000311,45.37585,63,29
1970-01-01 00:00:00.000000312,45.418987,63,29
1970-01-01 00:00:00.000000313,45.570183,63,29
1970-01-01 00:00:00.000000312,46.58276,63,30
1970-01-01 00:00:00.000000313,46.64223,63,30
1970-01-01 00:00:00.000000314,46.801704,63,30
1970-01-01 00:00:00.000000313,49.002556,63,31
1970-01-01 00:00:00.000000314,49.092392,63,31
1970-01-01 00:00:00.000000315,49.256954,63,31
1970-01-01 00:00:00.000000314,50.571384,63,32
1970-01-01 00:00:00.000000315,50.665306,63,32
1970-01-01 00:00:00.000000316,50.823536,63,32
1970-01-01 00:00:00.000000315,51.952477,63,33
1970-01-01 00:00:00.000000316,52.049423,63,33
1970-01-01 00:00:00.000000317,52.18133,63,33
1970-01-01 00:00:00.000000316,52.57564,63,34
1970-01-01 00:00:00.000000317,52.64617,63,34
1970-01-01 00:00:00.000000318,52.747246,63,34
1970-01-01 00:00:00.000000317,48.60772,63,35
1970-01-01 00:00:00.000000318,48.60725,63,35
1970-01-01 00:00:00.000000319,48.672264,63,35
1970-01-01 00:00:00.000000318,46.362297,63,36
1970-01-01 00:00:00.000000319,46.35172,63,36
1970-01-01 00:00:00.000000320,46.44045,63,36
1970-01-01 00:00:00.000000319,42.197422,63,37
1970-01-01 00:00:00.000000320,42.170177,63,37
1970-01-01 00:00:00.000000321,42.26211,63,37
1970-01-01 00:00:00.000000320,42.444138,63,38
1970-01-01 00:00:00.000000321,42.451756,63,38
1970-01-01 00:00:00.000000322,42.57447,63,38
1970-01-01 00:00:00.000000321,43.773304,63,39
1970-01-01 00:00:00.000000322,43.804676,63,39
1970-01-01 00:00:00.000000323,43.961796,63,39
1970-01-01 00:00:00.000000322,43.997517,63,40
1970-01-01 00:00:00.000000323,44.042583,63,40
1970-01-01 00:00:00.000000324,44.20462,63,40
1970-01-01 00:00:00.000000323,44.583042,63,41
1970-01-01 00:00:00.000000324,44.639954,63,41
1970-01-01 00:00:00.000000325,44.796688,63,41
1970-01-01 00:00:00.000000324,45.759094,63,42
1970-01-01 00:00:00.000000325,45.822777,63,42
1970-01-01 00:00:00.000000326,45.95622,63,42
1970-01-01 00:00:00.000000325,47.04955,63,43
1970-01-01 00:00:00.000000326,47.097786,63,43
1970-01-01 00:00:00.000000327,47.22249,63,43
1970-01-01 00:00:00.000000326,47.390244,63,44
1970-01-01 00:00:00.000000327,47.42533,63,44
1970-01-01 00:00:00.000000328,47.54113,63,44
1970-01-01 00:00:00.000000327,48.37384,63,45
1970-01-01 00:00:00.000000328,48.415924,63,45
1970-01-01 00:00:00.000000329,48.525894,63,45
1970-01-01 00:00:00.000000328,49.677147,63,46
1970-01-01 00:00:00.000000329,49.722515,63,46
1970-01-01 00:00:00.000000330,49.86327,63,46
1970-01-01 00:00:00.000000329,51.225746,63,47
1970-01-01 00:00:00.000000330,51.30926,63,47
1970-01-01 00:00:00.000000331,51.455853,63,47
1970-01-01 00:00:00.000000156,41.726776,64,10
1970-01-01 00:00:00.000000157,41.710712,64,10
1970-01-01 00:00:00.000000158,41.8101,64,10
1970-01-01 00:00:00.000000157,42.450264,64,11
1970-01-01 00:00:00.000000158,42.436996,64,11
1970-01-01 00:00:00.000000159,42.53829,64,11
1970-01-01 00:00:00.000000158,43.44796,64,12
1970-01-01 00:00:00.000000159,43.444336,64,12
1970-01-01 00:00:00.000000160,43.550552,64,12
1970-01-01 00:00:00.000000159,44.836998,64,13
1970-01-01 00:00:00.000000160,44.85003,64,13
1970-01-01 00:00:00.000000161,44.968155,64,13
1970-01-01 00:00:00.000000160,45.350193,64,14
1970-01-01 00:00:00.000000161,45.36706,64,14
1970-01-01 00:00:00.000000162,45.48638,64,14
1970-01-01 00:00:00.000000161,45.45602,64,15
1970-01-01 00:00:00.000000162,45.47417,64,15
1970-01-01 00:00:00.000000163,45.613407,64,15
1970-01-01 00:00:00.000000162,46.285744,64,16
1970-01-01 00:00:00.000000163,46.33872,64,16
1970-01-01 00:00:00.000000164,46.493073,64,16
1970-01-01 00:00:00.000000163,45.73725,64,17
1970-01-01 00:00:00.000000164,45.786903,64,17
1970-01-01 00:00:00.000000165,45.919636,64,17
1970-01-01 00:00:00.000000164,44.691902,64,18
1970-01-01 00:00:00.000000165,44.714493,64,18
1970-01-01 00:00:00.000000166,44.82399,64,18
1970-01-01 00:00:00.000000165,44.850906,64,19
1970-01-01 00:00:00.000000166,44.86537,64,19
1970-01-01 00:00:00.000000167,44.99023,64,19
1970-01-01 00:00:00.000000166,44.75887,64,20
1970-01-01 00:00:00.000000167,44.781544,64,20
1970-01-01 00:00:00.000000168,44.9174,64,20
1970-01-01 00:00:00.000000167,44.639744,64,21
1970-01-01 00:00:00.000000168,44.67133,64,21
1970-01-01 00:00:00.000000169,44.81951,64,21
1970-01-01 00:00:00.000000168,45.24896,64,22
1970-01-01 00:00:00.000000169,45.3024,64,22
1970-01-01 00:00:00.000000170,45.46951,64,22
1970-01-01 00:00:00.000000169,45.731346,64,23
1970-01-01 00:00:00.000000170,45.80214,64,23
1970-01-01 00:00:00.000000171,45.960045,64,23
1970-01-01 00:00:00.000000225,22.996176,65,10
1970-01-01 00:00:00.000000226,22.60894,65,10
1970-01-01 00:00:00.000000227,22.603035,65,10
1970-01-01 00:00:00.000000226,23.072618,65,11
1970-01-01 00:00:00.000000227,22.688705,65,11
1970-01-01 00:00:00.000000228,22.682634,65,11
1970-01-01 00:00:00.000000227,23.47106,65,12
1970-01-01 00:00:00.000000228,23.092413,65,12
1970-01-01 00:00:00.000000229,23.0893,65,12
1970-01-01 00:00:00.000000228,23.540985,65,13
1970-01-01 00:00:00.000000229,23.164116,65,13
1970-01-01 00:00:00.000000230,23.160456,65,13
1970-01-01 00:00:00.000000229,23.904314,65,14
1970-01-01 00:00:00.000000230,23.529877,65,14
1970-01-01 00:00:00.000000231,23.529217,65,14
1970-01-01 00:00:00.000000230,24.15569,65,15
1970-01-01 00:00:00.000000231,23.784517,65,15
1970-01-01 00:00:00.000000232,23.786211,65,15
1970-01-01 00:00:00.000000231,24.280354,65,16
1970-01-01 00:00:00.000000232,23.911808,65,16
1970-01-01 00:00:00.000000233,23.909758,65,16
1970-01-01 00:00:00.000000232,24.865425,65,17
1970-01-01 00:00:00.000000233,24.499496,65,17
1970-01-01 00:00:00.000000234,24.497158,65,17
1970-01-01 00:00:00.000000233,24.721666,65,18
1970-01-01 00:00:00.000000234,24.350113,65,18
1970-01-01 00:00:00.000000235,24.342806,65,18
1970-01-01 00:00:00.000000234,24.510761,65,19
1970-01-01 00:00:00.000000235,24.132685,65,19
1970-01-01 00:00:00.000000236,24.12158,65,19
1970-01-01 00:00:00.000000235,24.532455,65,20
1970-01-01 00:00:00.000000236,24.153147,65,20
1970-01-01 00:00:00.000000237,24.137383,65,20
1970-01-01 00:00:00.000000236,24.570604,65,21
1970-01-01 00:00:00.000000237,24.188112,65,21
1970-01-01 00:00:00.000000238,24.172071,65,21
1970-01-01 00:00:00.000000237,24.471636,65,22
1970-01-01 00:00:00.000000238,24.087994,65,22
1970-01-01 00:00:00.000000239,24.072132,65,22
1970-01-01 00:00:00.000000238,24.449118,65,23
1970-01-01 00:00:00.000000239,24.066973,65,23
1970-01-01 00:00:00.000000240,24.046083,65,23
1970-01-01 00:00:00.000000239,24.760382,65,24
1970-01-01 00:00:00.000000240,24.378714,65,24
1970-01-01 00:00:00.000000241,24.356321,65,24
1970-01-01 00:00:00.000000240,24.539045,65,25
1970-01-01 00:00:00.000000241,24.1524,65,25
1970-01-01 00:00:00.000000242,24.126421,65,25
1970-01-01 00:00:00.000000241,24.607853,65,26
1970-01-01 00:00:00.000000242,24.22014,65,26
1970-01-01 00:00:00.000000243,24.19882,65,26
1970-01-01 00:00:00.000000242,24.28458,65,27
1970-01-01 00:00:00.000000243,23.898127,65,27
1970-01-01 00:00:00.000000244,23.873941,65,27
1970-01-01 00:00:00.000000243,24.581347,65,28
1970-01-01 00:00:00.000000244,24.197285,65,28
1970-01-01 00:00:00.000000245,24.17107,65,28
1970-01-01 00:00:00.000000244,24.953415,65,29
1970-01-01 00:00:00.000000245,24.571196,65,29
1970-01-01 00:00:00.000000246,24.549742,65,29
1970-01-01 00:00:00.000000245,24.862217,65,30
1970-01-01 00:00:00.000000246,24.481108,65,30
1970-01-01 00:00:00.000000247,24.460691,65,30
1970-01-01 00:00:00.000000246,24.65353,65,31
1970-01-01 00:00:00.000000247,24.2709,65,31
1970-01-01 00:00:00.000000248,24.24675,65,31
1970-01-01 00:00:00.000000247,24.279974,65,32
1970-01-01 00:00:00.000000248,23.889904,65,32
1970-01-01 00:00:00.000000249,23.866941,65,32
1970-01-01 00:00:00.000000248,23.99366,65,33
1970-01-01 00:00:00.000000249,23.603416,65,33
1970-01-01 00:00:00.000000250,23.58749,65,33
1970-01-01 00:00:00.000000249,23.849426,65,34
1970-01-01 00:00:00.000000250,23.466892,65,34
1970-01-01 00:00:00.000000251,23.448526,65,34
1970-01-01 00:00:00.000000250,24.361927,65,35
1970-01-01 00:00:00.000000251,23.982607,65,35
1970-01-01 00:00:00.000000252,23.962357,65,35
1970-01-01 00:00:00.000000083,77.72086,66,10
1970-01-01 00:00:00.000000084,77.73607,66,10
1970-01-01 00:00:00.000000085,77.63678,66,10
1970-01-01 00:00:00.000000124,84.925545,67,10
1970-01-01 00:00:00.000000125,84.93138,67,10
1970-01-01 00:00:00.000000126,84.81589,67,10
1970-01-01 00:00:00.000000125,84.908195,67,11
1970-01-01 00:00:00.000000126,84.932106,67,11
1970-01-01 00:00:00.000000127,84.817696,67,11
1970-01-01 00:00:00.000000126,86.295296,67,12
1970-01-01 00:00:00.000000127,86.31118,67,12
1970-01-01 00:00:00.000000128,86.178665,67,12
1970-01-01 00:00:00.000000127,87.26114,67,13
1970-01-01 00:00:00.000000128,87.260574,67,13
1970-01-01 00:00:00.000000129,87.12406,67,13
1970-01-01 00:00:00.000000128,86.58281,67,14
1970-01-01 00:00:00.000000129,86.58185,67,14
1970-01-01 00:00:00.000000130,86.44509,67,14
1970-01-01 00:00:00.000000129,85.82942,67,15
1970-01-01 00:00:00.000000130,85.83049,67,15
1970-01-01 00:00:00.000000131,85.69546,67,15
1970-01-01 00:00:00.000000130,85.06459,67,16
1970-01-01 00:00:00.000000131,85.06742,67,16
1970-01-01 00:00:00.000000132,84.94402,67,16
1970-01-01 00:00:00.000000131,85.12291,67,17
1970-01-01 00:00:00.000000132,85.135475,67,17
1970-01-01 00:00:00.000000133,85.016685,67,17
1970-01-01 00:00:00.000000176,46.607853,69,10
1970-01-01 00:00:00.000000177,46.64045,69,10
1970-01-01 00:00:00.000000178,46.764072,69,10
1970-01-01 00:00:00.000000177,48.546955,69,11
1970-01-01 00:00:00.000000178,48.597996,69,11
1970-01-01 00:00:00.000000179,48.735386,69,11
1970-01-01 00:00:00.000000178,50.553905,69,12
1970-01-01 00:00:00.000000179,50.630436,69,12
1970-01-01 00:00:00.000000180,50.768433,69,12
1970-01-01 00:00:00.000000179,50.828922,69,13
1970-01-01 00:00:00.000000180,50.892536,69,13
1970-01-01 00:00:00.000000181,51.025555,69,13
1970-01-01 00:00:00.000000180,48.179695,69,14
1970-01-01 00:00:00.000000181,48.210056,69,14
1970-01-01 00:00:00.000000182,48.323315,69,14
1970-01-01 00:00:00.000000181,41.87415,69,15
1970-01-01 00:00:00.000000182,41.838787,69,15
1970-01-01 00:00:00.000000183,41.929283,69,15
1970-01-01 00:00:00.000000182,41.79152,69,16
1970-01-01 00:00:00.000000183,41.7966,69,16
1970-01-01 00:00:00.000000184,41.926594,69,16
1970-01-01 00:00:00.000000183,40.398724,69,17
1970-01-01 00:00:00.000000184,40.39458,69,17
1970-01-01 00:00:00.000000185,40.52523,69,17
1970-01-01 00:00:00.000000184,39.117596,69,18
1970-01-01 00:00:00.000000185,39.09732,69,18
1970-01-01 00:00:00.000000186,39.22844,69,18
1970-01-01 00:00:00.000000185,38.233715,69,19
1970-01-01 00:00:00.000000186,38.206264,69,19
1970-01-01 00:00:00.000000187,38.32606,69,19
1970-01-01 00:00:00.000000186,36.90226,69,20
1970-01-01 00:00:00.000000187,36.84296,69,20
1970-01-01 00:00:00.000000188,36.93122,69,20
1970-01-01 00:00:00.000000187,37.24099,69,21
1970-01-01 00:00:00.000000188,37.176205,69,21
1970-01-01 00:00:00.000000189,37.239544,69,21
1970-01-01 00:00:00.000000188,37.55793,69,22
1970-01-01 00:00:00.000000189,37.47028,69,22
1970-01-01 00:00:00.000000190,37.531876,69,22
1970-01-01 00:00:00.000000189,41.05951,69,23
1970-01-01 00:00:00.000000190,41.045654,69,23
1970-01-01 00:00:00.000000191,41.16613,69,23
1970-01-01 00:00:00.000000190,44.153374,69,24
1970-01-01 00:00:00.000000191,44.18981,69,24
1970-01-01 00:00:00.000000192,44.312798,69,24
1970-01-01 00:00:00.000000191,47.25046,69,25
1970-01-01 00:00:00.000000192,47.29809,69,25
1970-01-01 00:00:00.000000193,47.425587,69,25
1970-01-01 00:00:00.000000192,48.682034,69,26
1970-01-01 00:00:00.000000193,48.726814,69,26
1970-01-01 00:00:00.000000194,48.848473,69,26
1970-01-01 00:00:00.000000193,49.41177,69,27
1970-01-01 00:00:00.000000194,49.456642,69,27
1970-01-01 00:00:00.000000195,49.57791,69,27
1970-01-01 00:00:00.000000226,59.1274,70,10
1970-01-01 00:00:00.000000227,59.11082,70,10
1970-01-01 00:00:00.000000228,59.11377,70,10
1970-01-01 00:00:00.000000227,57.921886,70,11
1970-01-01 00:00:00.000000228,57.88627,70,11
1970-01-01 00:00:00.000000229,57.874565,70,11
1970-01-01 00:00:00.000000228,57.33924,70,12
1970-01-01 00:00:00.000000229,57.302364,70,12
1970-01-01 00:00:00.000000230,57.293583,70,12
1970-01-01 00:00:00.000000229,57.367573,70,13
1970-01-01 00:00:00.000000230,57.338135,70,13
1970-01-01 00:00:00.000000231,57.341755,70,13
1970-01-01 00:00:00.000000230,57.75657,70,14
1970-01-01 00:00:00.000000231,57.738792,70,14
1970-01-01 00:00:00.000000232,57.74455,70,14
1970-01-01 00:00:00.000000231,57.539722,70,15
1970-01-01 00:00:00.000000232,57.51594,70,15
1970-01-01 00:00:00.000000233,57.506313,70,15
1970-01-01 00:00:00.000000232,57.855244,70,16
1970-01-01 00:00:00.000000233,57.822334,70,16
1970-01-01 00:00:00.000000234,57.821007,70,16
1970-01-01 00:00:00.000000233,56.68983,70,17
1970-01-01 00:00:00.000000234,56.65117,70,17
1970-01-01 00:00:00.000000235,56.642494,70,17
1970-01-01 00:00:00.000000234,56.953594,70,18
1970-01-01 00:00:00.000000235,56.92489,70,18
1970-01-01 00:00:00.000000236,56.925724,70,18
1970-01-01 00:00:00.000000235,56.39123,70,19
1970-01-01 00:00:00.000000236,56.35997,70,19
1970-01-01 00:00:00.000000237,56.360542,70,19
1970-01-01 00:00:00.000000236,57.622837,70,20
1970-01-01 00:00:00.000000237,57.60807,70,20
1970-01-01 00:00:00.000000238,57.618122,70,20
1970-01-01 00:00:00.000000237,57.465855,70,21
1970-01-01 00:00:00.000000238,57.441483,70,21
1970-01-01 00:00:00.000000239,57.440437,70,21
1970-01-01 00:00:00.000000238,57.626987,70,22
1970-01-01 00:00:00.000000239,57.598415,70,22
1970-01-01 00:00:00.000000240,57.59681,70,22
1970-01-01 00:00:00.000000239,57.473026,70,23
1970-01-01 00:00:00.000000240,57.442154,70,23
1970-01-01 00:00:00.000000241,57.439552,70,23
1970-01-01 00:00:00.000000240,57.53976,70,24
1970-01-01 00:00:00.000000241,57.511597,70,24
1970-01-01 00:00:00.000000242,57.506477,70,24
1970-01-01 00:00:00.000000241,57.914284,70,25
1970-01-01 00:00:00.000000242,57.885994,70,25
1970-01-01 00:00:00.000000243,57.883144,70,25
1970-01-01 00:00:00.000000242,58.291206,70,26
1970-01-01 00:00:00.000000243,58.26442,70,26
1970-01-01 00:00:00.000000244,58.26989,70,26
1970-01-01 00:00:00.000000243,57.693016,70,27
1970-01-01 00:00:00.000000244,57.666573,70,27
1970-01-01 00:00:00.000000245,57.655117,70,27
1970-01-01 00:00:00.000000244,57.615692,70,28
1970-01-01 00:00:00.000000245,57.581047,70,28
1970-01-01 00:00:00.000000246,57.5713,70,28
1970-01-01 00:00:00.000000245,57.653152,70,29
1970-01-01 00:00:00.000000246,57.6203,70,29
1970-01-01 00:00:00.000000247,57.61429,70,29
1970-01-01 00:00:00.000000246,57.365387,70,30
1970-01-01 00:00:00.000000247,57.33216,70,30
1970-01-01 00:00:00.000000248,57.325157,70,30
1970-01-01 00:00:00.000000247,57.41378,70,31
1970-01-01 00:00:00.000000248,57.38313,70,31
1970-01-01 00:00:00.000000249,57.378437,70,31
1970-01-01 00:00:00.000000248,57.177776,70,32
1970-01-01 00:00:00.000000249,57.14551,70,32
1970-01-01 00:00:00.000000250,57.14235,70,32
1970-01-01 00:00:00.000000249,56.970078,70,33
1970-01-01 00:00:00.000000250,56.9399,70,33
1970-01-01 00:00:00.000000251,56.937405,70,33
1970-01-01 00:00:00.000000250,57.00842,70,34
1970-01-01 00:00:00.000000251,56.980606,70,34
1970-01-01 00:00:00.000000252,56.97943,70,34
1970-01-01 00:00:00.000000251,56.958553,70,35
1970-01-01 00:00:00.000000252,56.930046,70,35
1970-01-01 00:00:00.000000253,56.92957,70,35
1970-01-01 00:00:00.000000252,56.977398,70,36
1970-01-01 00:00:00.000000253,56.949997,70,36
1970-01-01 00:00:00.000000254,56.983734,70,36
1970-01-01 00:00:00.000000226,16.418478,71,10
1970-01-01 00:00:00.000000227,16.433237,71,10
1970-01-01 00:00:00.000000228,16.56586,71,10
1970-01-01 00:00:00.000000227,16.157688,71,11
1970-01-01 00:00:00.000000228,16.16345,71,11
1970-01-01 00:00:00.000000229,16.299925,71,11
1970-01-01 00:00:00.000000228,16.141329,71,12
1970-01-01 00:00:00.000000229,16.150078,71,12
1970-01-01 00:00:00.000000230,16.28143,71,12
1970-01-01 00:00:00.000000229,16.278101,71,13
1970-01-01 00:00:00.000000230,16.27834,71,13
1970-01-01 00:00:00.000000231,16.535875,71,13
1970-01-01 00:00:00.000000230,16.283854,71,14
1970-01-01 00:00:00.000000231,16.409657,71,14
1970-01-01 00:00:00.000000232,16.597334,71,14
1970-01-01 00:00:00.000000231,16.701712,71,15
1970-01-01 00:00:00.000000232,16.759693,71,15
1970-01-01 00:00:00.000000233,16.905098,71,15
1970-01-01 00:00:00.000000232,17.089153,71,16
1970-01-01 00:00:00.000000233,17.09325,71,16
1970-01-01 00:00:00.000000234,17.52374,71,16
1970-01-01 00:00:00.000000233,17.586153,71,17
1970-01-01 00:00:00.000000234,17.85106,71,17
1970-01-01 00:00:00.000000235,17.961178,71,17
1970-01-01 00:00:00.000000234,17.308956,71,18
1970-01-01 00:00:00.000000235,17.269096,71,18
1970-01-01 00:00:00.000000236,17.380163,71,18
1970-01-01 00:00:00.000000235,17.20277,71,19
1970-01-01 00:00:00.000000236,17.175863,71,19
1970-01-01 00:00:00.000000237,17.287855,71,19
1970-01-01 00:00:00.000000236,17.873255,71,20
1970-01-01 00:00:00.000000237,17.840754,71,20
1970-01-01 00:00:00.000000238,17.94637,71,20
1970-01-01 00:00:00.000000237,16.766525,71,21
1970-01-01 00:00:00.000000238,16.724411,71,21
1970-01-01 00:00:00.000000239,16.820421,71,21
1970-01-01 00:00:00.000000238,17.778593,71,22
1970-01-01 00:00:00.000000239,17.71779,71,22
1970-01-01 00:00:00.000000240,17.80939,71,22
1970-01-01 00:00:00.000000239,18.665672,71,23
1970-01-01 00:00:00.000000240,18.595415,71,23
1970-01-01 00:00:00.000000241,18.680592,71,23
1970-01-01 00:00:00.000000240,18.942379,71,24
1970-01-01 00:00:00.000000241,18.853025,71,24
1970-01-01 00:00:00.000000242,18.93719,71,24
1970-01-01 00:00:00.000000241,22.558458,71,25
1970-01-01 00:00:00.000000242,22.453878,71,25
1970-01-01 00:00:00.000000243,22.533417,71,25
1970-01-01 00:00:00.000000242,20.718819,71,26
1970-01-01 00:00:00.000000243,20.582779,71,26
1970-01-01 00:00:00.000000244,20.654062,71,26
1970-01-01 00:00:00.000000243,22.40839,71,27
1970-01-01 00:00:00.000000244,22.240108,71,27
1970-01-01 00:00:00.000000245,22.310139,71,27
1970-01-01 00:00:00.000000244,22.986498,71,28
1970-01-01 00:00:00.000000245,22.772799,71,28
1970-01-01 00:00:00.000000246,22.827707,71,28
1970-01-01 00:00:00.000000245,24.468502,71,29
1970-01-01 00:00:00.000000246,24.214832,71,29
1970-01-01 00:00:00.000000247,24.255669,71,29
1970-01-01 00:00:00.000000246,24.92541,71,30
1970-01-01 00:00:00.000000247,24.637102,71,30
1970-01-01 00:00:00.000000248,24.659143,71,30
1970-01-01 00:00:00.000000247,27.743576,71,31
1970-01-01 00:00:00.000000248,27.433758,71,31
1970-01-01 00:00:00.000000249,27.443283,71,31
1970-01-01 00:00:00.000000248,30.50891,71,32
1970-01-01 00:00:00.000000249,30.207834,71,32
1970-01-01 00:00:00.000000250,30.214674,71,32
1970-01-01 00:00:00.000000249,36.905163,71,33
1970-01-01 00:00:00.000000250,36.696476,71,33
1970-01-01 00:00:00.000000251,36.72946,71,33
1970-01-01 00:00:00.000000250,46.20298,71,34
1970-01-01 00:00:00.000000251,46.326416,71,34
1970-01-01 00:00:00.000000252,46.638607,71,34
1970-01-01 00:00:00.000000251,54.442932,71,35
1970-01-01 00:00:00.000000252,54.793224,71,35
1970-01-01 00:00:00.000000253,55.070656,71,35
1970-01-01 00:00:00.000000320,56.137318,72,10
1970-01-01 00:00:00.000000321,56.135525,72,10
1970-01-01 00:00:00.000000322,56.17849,72,10
1970-01-01 00:00:00.000000321,57.562893,72,11
1970-01-01 00:00:00.000000322,57.57645,72,11
1970-01-01 00:00:00.000000323,57.61072,72,11
1970-01-01 00:00:00.000000322,58.447136,72,12
1970-01-01 00:00:00.000000323,58.44686,72,12
1970-01-01 00:00:00.000000324,58.462482,72,12
1970-01-01 00:00:00.000000323,60.08396,72,13
1970-01-01 00:00:00.000000324,60.07648,72,13
1970-01-01 00:00:00.000000325,60.079872,72,13
1970-01-01 00:00:00.000000324,61.01383,72,14
1970-01-01 00:00:00.000000325,60.992317,72,14
1970-01-01 00:00:00.000000326,60.975517,72,14
1970-01-01 00:00:00.000000325,61.69583,72,15
1970-01-01 00:00:00.000000326,61.662643,72,15
1970-01-01 00:00:00.000000327,61.634167,72,15
1970-01-01 00:00:00.000000326,58.7222,72,16
1970-01-01 00:00:00.000000327,58.65361,72,16
1970-01-01 00:00:00.000000328,58.605038,72,16
1970-01-01 00:00:00.000000327,55.486305,72,17
1970-01-01 00:00:00.000000328,55.40473,72,17
1970-01-01 00:00:00.000000329,55.35272,72,17
1970-01-01 00:00:00.000000328,55.37552,72,18
1970-01-01 00:00:00.000000329,55.317863,72,18
1970-01-01 00:00:00.000000330,55.299686,72,18
1970-01-01 00:00:00.000000329,55.42324,72,19
1970-01-01 00:00:00.000000330,55.385406,72,19
1970-01-01 00:00:00.000000331,55.390213,72,19
1970-01-01 00:00:00.000000330,55.592175,72,20
1970-01-01 00:00:00.000000331,55.570698,72,20
1970-01-01 00:00:00.000000332,55.576023,72,20
1970-01-01 00:00:00.000000331,55.754627,72,21
1970-01-01 00:00:00.000000332,55.73002,72,21
1970-01-01 00:00:00.000000333,55.738255,72,21
1970-01-01 00:00:00.000000332,56.70333,72,22
1970-01-01 00:00:00.000000333,56.68709,72,22
1970-01-01 00:00:00.000000334,56.697933,72,22
1970-01-01 00:00:00.000000333,57.504616,72,23
1970-01-01 00:00:00.000000334,57.486336,72,23
1970-01-01 00:00:00.000000335,57.49634,72,23
1970-01-01 00:00:00.000000334,58.082165,72,24
1970-01-01 00:00:00.000000335,58.062065,72,24
1970-01-01 00:00:00.000000336,58.073338,72,24
1970-01-01 00:00:00.000000335,60.28605,72,25
1970-01-01 00:00:00.000000336,60.283585,72,25
1970-01-01 00:00:00.000000337,60.28065,72,25
1970-01-01 00:00:00.000000336,61.01108,72,26
1970-01-01 00:00:00.000000337,60.98096,72,26
1970-01-01 00:00:00.000000338,60.95762,72,26
1970-01-01 00:00:00.000000337,63.426964,72,27
1970-01-01 00:00:00.000000338,63.40259,72,27
1970-01-01 00:00:00.000000339,63.379414,72,27
1970-01-01 00:00:00.000000338,56.358418,72,28
1970-01-01 00:00:00.000000339,56.255787,72,28
1970-01-01 00:00:00.000000340,56.18658,72,28
1970-01-01 00:00:00.000000339,54.09956,72,29
1970-01-01 00:00:00.000000340,54.016556,72,29
1970-01-01 00:00:00.000000341,53.98642,72,29
1970-01-01 00:00:00.000000340,55.21863,72,30
1970-01-01 00:00:00.000000341,55.193115,72,30
1970-01-01 00:00:00.000000342,55.209167,72,30
1970-01-01 00:00:00.000000341,55.098278,72,31
1970-01-01 00:00:00.000000342,55.085842,72,31
1970-01-01 00:00:00.000000343,55.103374,72,31
1970-01-01 00:00:00.000000342,55.798565,72,32
1970-01-01 00:00:00.000000343,55.79137,72,32
1970-01-01 00:00:00.000000344,55.811657,72,32
1970-01-01 00:00:00.000000343,56.34841,72,33
1970-01-01 00:00:00.000000344,56.337944,72,33
1970-01-01 00:00:00.000000345,56.350098,72,33
1970-01-01 00:00:00.000000344,55.974712,72,34
1970-01-01 00:00:00.000000345,55.94811,72,34
1970-01-01 00:00:00.000000346,55.948296,72,34
1970-01-01 00:00:00.000000345,55.870335,72,35
1970-01-01 00:00:00.000000346,55.839363,72,35
1970-01-01 00:00:00.000000347,55.84628,72,35
1970-01-01 00:00:00.000000346,57.040524,72,36
1970-01-01 00:00:00.000000347,57.02573,72,36
1970-01-01 00:00:00.000000348,57.048717,72,36
1970-01-01 00:00:00.000000347,55.75191,72,37
1970-01-01 00:00:00.000000348,55.728626,72,37
1970-01-01 00:00:00.000000349,55.741566,72,37
1970-01-01 00:00:00.000000348,55.165245,72,38
1970-01-01 00:00:00.000000349,55.14862,72,38
1970-01-01 00:00:00.000000350,55.171993,72,38
1970-01-01 00:00:00.000000349,55.23615,72,39
1970-01-01 00:00:00.000000350,55.23547,72,39
1970-01-01 00:00:00.000000351,55.267834,72,39
1970-01-01 00:00:00.000000350,57.497402,72,40
1970-01-01 00:00:00.000000351,57.51751,72,40
1970-01-01 00:00:00.000000352,57.55023,72,40
1970-01-01 00:00:00.000000351,57.072445,72,41
1970-01-01 00:00:00.000000352,57.060493,72,41
1970-01-01 00:00:00.000000353,57.06919,72,41
1970-01-01 00:00:00.000000352,51.68466,72,42
1970-01-01 00:00:00.000000353,51.61985,72,42
1970-01-01 00:00:00.000000354,51.60782,72,42
1970-01-01 00:00:00.000000353,50.821255,72,43
1970-01-01 00:00:00.000000354,50.796463,72,43
1970-01-01 00:00:00.000000355,50.82713,72,43
1970-01-01 00:00:00.000000354,49.51663,72,44
1970-01-01 00:00:00.000000355,49.514954,72,44
1970-01-01 00:00:00.000000356,49.57396,72,44
1970-01-01 00:00:00.000000355,49.258038,72,45
1970-01-01 00:00:00.000000356,49.284843,72,45
1970-01-01 00:00:00.000000357,49.372593,72,45
1970-01-01 00:00:00.000000356,52.52361,72,46
1970-01-01 00:00:00.000000357,52.59518,72,46
1970-01-01 00:00:00.000000358,52.57695,72,46
1970-01-01 00:00:00.000000357,55.355965,72,47
1970-01-01 00:00:00.000000358,55.30766,72,47
1970-01-01 00:00:00.000000359,55.282154,72,47
1970-01-01 00:00:00.000000358,54.567963,72,48
1970-01-01 00:00:00.000000359,54.461094,72,48
1970-01-01 00:00:00.000000360,54.527885,72,48
1970-01-01 00:00:00.000000359,51.028324,72,49
1970-01-01 00:00:00.000000360,51.016563,72,49
1970-01-01 00:00:00.000000361,51.064636,72,49
1970-01-01 00:00:00.000000360,47.21333,72,50
1970-01-01 00:00:00.000000361,47.195625,72,50
1970-01-01 00:00:00.000000362,47.280308,72,50
1970-01-01 00:00:00.000000361,53.755962,72,51
1970-01-01 00:00:00.000000362,53.871143,72,51
1970-01-01 00:00:00.000000363,53.9928,72,51
1970-01-01 00:00:00.000000362,53.31492,72,52
1970-01-01 00:00:00.000000363,53.355267,72,52
1970-01-01 00:00:00.000000364,53.466427,72,52
1970-01-01 00:00:00.000000219,66.62602,73,10
1970-01-01 00:00:00.000000220,66.71789,73,10
1970-01-01 00:00:00.000000221,66.78652,73,10
1970-01-01 00:00:00.000000220,65.58572,73,11
1970-01-01 00:00:00.000000221,65.67927,73,11
1970-01-01 00:00:00.000000222,65.75055,73,11
1970-01-01 00:00:00.000000221,63.84831,73,12
1970-01-01 00:00:00.000000222,63.932182,73,12
1970-01-01 00:00:00.000000223,63.991337,73,12
1970-01-01 00:00:00.000000222,67.65659,73,13
1970-01-01 00:00:00.000000223,67.7827,73,13
1970-01-01 00:00:00.000000224,67.86067,73,13
1970-01-01 00:00:00.000000223,67.75468,73,14
1970-01-01 00:00:00.000000224,67.85804,73,14
1970-01-01 00:00:00.000000225,67.94082,73,14
1970-01-01 00:00:00.000000224,68.2296,73,15
1970-01-01 00:00:00.000000225,68.35148,73,15
1970-01-01 00:00:00.000000226,68.413765,73,15
1970-01-01 00:00:00.000000225,66.36269,73,16
1970-01-01 00:00:00.000000226,66.44779,73,16
1970-01-01 00:00:00.000000227,66.48855,73,16
1970-01-01 00:00:00.000000226,63.605263,73,17
1970-01-01 00:00:00.000000227,63.660496,73,17
1970-01-01 00:00:00.000000228,63.730797,73,17
1970-01-01 00:00:00.000000227,66.34097,73,18
1970-01-01 00:00:00.000000228,66.47387,73,18
1970-01-01 00:00:00.000000229,66.56929,73,18
1970-01-01 00:00:00.000000228,66.50464,73,19
1970-01-01 00:00:00.000000229,66.62427,73,19
1970-01-01 00:00:00.000000230,66.71224,73,19
1970-01-01 00:00:00.000000229,66.58889,73,20
1970-01-01 00:00:00.000000230,66.70514,73,20
1970-01-01 00:00:00.000000231,66.78352,73,20
1970-01-01 00:00:00.000000230,65.05855,73,21
1970-01-01 00:00:00.000000231,65.15231,73,21
1970-01-01 00:00:00.000000232,65.23628,73,21
1970-01-01 00:00:00.000000231,62.939705,73,22
1970-01-01 00:00:00.000000232,63.026863,73,22
1970-01-01 00:00:00.000000233,63.094837,73,22
1970-01-01 00:00:00.000000232,62.375233,73,23
1970-01-01 00:00:00.000000233,62.457573,73,23
1970-01-01 00:00:00.000000234,62.538166,73,23
1970-01-01 00:00:00.000000233,64.00048,73,24
1970-01-01 00:00:00.000000234,64.10759,73,24
1970-01-01 00:00:00.000000235,64.23168,73,24
1970-01-01 00:00:00.000000234,67.21979,73,25
1970-01-01 00:00:00.000000235,67.38243,73,25
1970-01-01 00:00:00.000000236,67.49717,73,25
1970-01-01 00:00:00.000000235,67.07318,73,26
1970-01-01 00:00:00.000000236,67.19792,73,26
1970-01-01 00:00:00.000000237,67.258675,73,26
1970-01-01 00:00:00.000000236,66.779274,73,27
1970-01-01 00:00:00.000000237,66.865135,73,27
1970-01-01 00:00:00.000000238,66.93983,73,27
1970-01-01 00:00:00.000000237,71.075584,73,28
1970-01-01 00:00:00.000000238,71.21321,73,28
1970-01-01 00:00:00.000000239,71.26669,73,28
1970-01-01 00:00:00.000000238,73.616356,73,29
1970-01-01 00:00:00.000000239,73.7251,73,29
1970-01-01 00:00:00.000000240,73.73969,73,29
1970-01-01 00:00:00.000000239,75.46704,73,30
1970-01-01 00:00:00.000000240,75.553024,73,30
1970-01-01 00:00:00.000000241,75.55738,73,30
1970-01-01 00:00:00.000000240,76.61873,73,31
1970-01-01 00:00:00.000000241,76.7069,73,31
1970-01-01 00:00:00.000000242,76.69321,73,31
1970-01-01 00:00:00.000000241,75.6682,73,32
1970-01-01 00:00:00.000000242,75.73723,73,32
1970-01-01 00:00:00.000000243,75.710884,73,32
1970-01-01 00:00:00.000000242,74.27736,73,33
1970-01-01 00:00:00.000000243,74.31994,73,33
1970-01-01 00:00:00.000000244,74.27792,73,33
1970-01-01 00:00:00.000000243,75.6853,73,34
1970-01-01 00:00:00.000000244,75.68065,73,34
1970-01-01 00:00:00.000000245,75.620636,73,34
1970-01-01 00:00:00.000000116,74.39906,74,10
1970-01-01 00:00:00.000000117,74.33912,74,10
1970-01-01 00:00:00.000000118,74.113266,74,10
1970-01-01 00:00:00.000000117,74.64456,74,11
1970-01-01 00:00:00.000000118,74.557,74,11
1970-01-01 00:00:00.000000119,74.30232,74,11
1970-01-01 00:00:00.000000118,75.327324,74,12
1970-01-01 00:00:00.000000119,75.22527,74,12
1970-01-01 00:00:00.000000120,74.95726,74,12
1970-01-01 00:00:00.000000119,76.14156,74,13
1970-01-01 00:00:00.000000120,76.036674,74,13
1970-01-01 00:00:00.000000121,75.761055,74,13
1970-01-01 00:00:00.000000120,76.13587,74,14
1970-01-01 00:00:00.000000121,76.029144,74,14
1970-01-01 00:00:00.000000122,75.74776,74,14
1970-01-01 00:00:00.000000121,77.44867,74,15
1970-01-01 00:00:00.000000122,77.35288,74,15
1970-01-01 00:00:00.000000123,77.074615,74,15
1970-01-01 00:00:00.000000122,78.496666,74,16
1970-01-01 00:00:00.000000123,78.42532,74,16
1970-01-01 00:00:00.000000124,78.156654,74,16
1970-01-01 00:00:00.000000129,67.03937,76,10
1970-01-01 00:00:00.000000130,67.054794,76,10
1970-01-01 00:00:00.000000131,67.03054,76,10
1970-01-01 00:00:00.000000130,67.04492,76,11
1970-01-01 00:00:00.000000131,67.060295,76,11
1970-01-01 00:00:00.000000132,67.03926,76,11
1970-01-01 00:00:00.000000131,67.64145,76,12
1970-01-01 00:00:00.000000132,67.663704,76,12
1970-01-01 00:00:00.000000133,67.64608,76,12
1970-01-01 00:00:00.000000132,67.24717,76,13
1970-01-01 00:00:00.000000133,67.26414,76,13
1970-01-01 00:00:00.000000134,67.2411,76,13
1970-01-01 00:00:00.000000133,67.47961,76,14
1970-01-01 00:00:00.000000134,67.49788,76,14
1970-01-01 00:00:00.000000135,67.475815,76,14
1970-01-01 00:00:00.000000134,67.460075,76,15
1970-01-01 00:00:00.000000135,67.47681,76,15
1970-01-01 00:00:00.000000136,67.454,76,15
1970-01-01 00:00:00.000000135,67.544075,76,16
1970-01-01 00:00:00.000000136,67.56148,76,16
1970-01-01 00:00:00.000000137,67.540886,76,16
1970-01-01 00:00:00.000000136,67.628876,76,17
1970-01-01 00:00:00.000000137,67.64878,76,17
1970-01-01 00:00:00.000000138,67.62512,76,17
1970-01-01 00:00:00.000000137,67.83966,76,18
1970-01-01 00:00:00.000000138,67.85804,76,18
1970-01-01 00:00:00.000000139,67.834595,76,18
1970-01-01 00:00:00.000000151,56.42919,77,10
1970-01-01 00:00:00.000000152,56.49812,77,10
1970-01-01 00:00:00.000000153,56.59596,77,10
1970-01-01 00:00:00.000000152,57.082176,77,11
1970-01-01 00:00:00.000000153,57.126873,77,11
1970-01-01 00:00:00.000000154,57.19821,77,11
1970-01-01 00:00:00.000000153,58.11691,77,12
1970-01-01 00:00:00.000000154,58.145092,77,12
1970-01-01 00:00:00.000000155,58.195957,77,12
1970-01-01 00:00:00.000000154,59.183414,77,13
1970-01-01 00:00:00.000000155,59.19626,77,13
1970-01-01 00:00:00.000000156,59.22802,77,13
1970-01-01 00:00:00.000000155,60.202675,77,14
1970-01-01 00:00:00.000000156,60.2024,77,14
1970-01-01 00:00:00.000000157,60.217167,77,14
1970-01-01 00:00:00.000000156,60.63714,77,15
1970-01-01 00:00:00.000000157,60.623688,77,15
1970-01-01 00:00:00.000000158,60.62375,77,15
1970-01-01 00:00:00.000000157,61.239014,77,16
1970-01-01 00:00:00.000000158,61.222553,77,16
1970-01-01 00:00:00.000000159,61.21648,77,16
1970-01-01 00:00:00.000000158,61.759335,77,17
1970-01-01 00:00:00.000000159,61.74265,77,17
1970-01-01 00:00:00.000000160,61.732693,77,17
1970-01-01 00:00:00.000000159,62.144764,77,18
1970-01-01 00:00:00.000000160,62.128265,77,18
1970-01-01 00:00:00.000000161,62.115204,77,18
1970-01-01 00:00:00.000000160,63.284164,77,19
1970-01-01 00:00:00.000000161,63.276817,77,19
1970-01-01 00:00:00.000000162,63.26596,77,19
1970-01-01 00:00:00.000000161,64.168945,77,20
1970-01-01 00:00:00.000000162,64.16546,77,20
1970-01-01 00:00:00.000000163,64.15179,77,20
1970-01-01 00:00:00.000000162,65.01695,77,21
1970-01-01 00:00:00.000000163,65.01709,77,21
1970-01-01 00:00:00.000000164,65.001434,77,21
1970-01-01 00:00:00.000000163,66.28647,77,22
1970-01-01 00:00:00.000000164,66.295456,77,22
1970-01-01 00:00:00.000000165,66.27934,77,22
1970-01-01 00:00:00.000000098,88.95732,78,10
1970-01-01 00:00:00.000000099,89.09245,78,10
1970-01-01 00:00:00.000000100,89.060646,78,10
1970-01-01 00:00:00.000000099,91.00021,78,11
1970-01-01 00:00:00.000000100,91.02789,78,11
1970-01-01 00:00:00.000000101,90.93996,78,11
1970-01-01 00:00:00.000000100,92.38055,78,12
1970-01-01 00:00:00.000000101,92.2697,78,12
1970-01-01 00:00:00.000000102,92.08101,78,12
1970-01-01 00:00:00.000000101,93.51267,78,13
1970-01-01 00:00:00.000000102,93.14163,78,13
1970-01-01 00:00:00.000000103,92.68797,78,13
1970-01-01 00:00:00.000000275,60.996784,79,10
1970-01-01 00:00:00.000000276,61.054646,79,10
1970-01-01 00:00:00.000000277,61.121178,79,10
1970-01-01 00:00:00.000000276,60.59355,79,11
1970-01-01 00:00:00.000000277,60.64517,79,11
1970-01-01 00:00:00.000000278,60.64466,79,11
1970-01-01 00:00:00.000000277,61.02757,79,12
1970-01-01 00:00:00.000000278,61.019005,79,12
1970-01-01 00:00:00.000000279,61.046707,79,12
1970-01-01 00:00:00.000000278,60.924088,79,13
1970-01-01 00:00:00.000000279,60.938217,79,13
1970-01-01 00:00:00.000000280,61.011673,79,13
1970-01-01 00:00:00.000000279,60.5512,79,14
1970-01-01 00:00:00.000000280,60.6069,79,14
1970-01-01 00:00:00.000000281,60.649258,79,14
1970-01-01 00:00:00.000000280,61.165985,79,15
1970-01-01 00:00:00.000000281,61.20387,79,15
1970-01-01 00:00:00.000000282,61.25461,79,15
1970-01-01 00:00:00.000000281,60.610367,79,16
1970-01-01 00:00:00.000000282,60.640396,79,16
1970-01-01 00:00:00.000000283,60.691868,79,16
1970-01-01 00:00:00.000000282,60.74487,79,17
1970-01-01 00:00:00.000000283,60.786263,79,17
1970-01-01 00:00:00.000000284,60.843132,79,17
1970-01-01 00:00:00.000000283,61.021732,79,18
1970-01-01 00:00:00.000000284,61.068436,79,18
1970-01-01 00:00:00.000000285,61.12533,79,18
1970-01-01 00:00:00.000000284,60.45027,79,19
1970-01-01 00:00:00.000000285,60.486362,79,19
1970-01-01 00:00:00.000000286,60.550606,79,19
1970-01-01 00:00:00.000000285,60.31744,79,20
1970-01-01 00:00:00.000000286,60.367184,79,20
1970-01-01 00:00:00.000000287,60.447468,79,20
1970-01-01 00:00:00.000000286,59.77371,79,21
1970-01-01 00:00:00.000000287,59.831486,79,21
1970-01-01 00:00:00.000000288,59.88231,79,21
1970-01-01 00:00:00.000000287,59.06333,79,22
1970-01-01 00:00:00.000000288,59.08899,79,22
1970-01-01 00:00:00.000000289,59.138565,79,22
1970-01-01 00:00:00.000000288,58.362312,79,23
1970-01-01 00:00:00.000000289,58.38582,79,23
1970-01-01 00:00:00.000000290,58.445896,79,23
1970-01-01 00:00:00.000000289,58.495148,79,24
1970-01-01 00:00:00.000000290,58.533825,79,24
1970-01-01 00:00:00.000000291,58.602413,79,24
1970-01-01 00:00:00.000000290,57.25817,79,25
1970-01-01 00:00:00.000000291,57.284176,79,25
1970-01-01 00:00:00.000000292,57.349445,79,25
1970-01-01 00:00:00.000000291,57.42579,79,26
1970-01-01 00:00:00.000000292,57.465633,79,26
1970-01-01 00:00:00.000000293,57.54701,79,26
1970-01-01 00:00:00.000000292,56.362286,79,27
1970-01-01 00:00:00.000000293,56.397327,79,27
1970-01-01 00:00:00.000000294,56.474545,79,27
1970-01-01 00:00:00.000000293,56.224846,79,28
1970-01-01 00:00:00.000000294,56.26883,79,28
1970-01-01 00:00:00.000000295,56.352776,79,28
1970-01-01 00:00:00.000000294,55.67521,79,29
1970-01-01 00:00:00.000000295,55.717743,79,29
1970-01-01 00:00:00.000000296,55.808918,79,29
1970-01-01 00:00:00.000000295,55.13805,79,30
1970-01-01 00:00:00.000000296,55.186806,79,30
1970-01-01 00:00:00.000000297,55.301594,79,30
1970-01-01 00:00:00.000000296,54.116207,79,31
1970-01-01 00:00:00.000000297,54.181927,79,31
1970-01-01 00:00:00.000000298,54.28895,79,31
1970-01-01 00:00:00.000000297,53.70555,79,32
1970-01-01 00:00:00.000000298,53.77166,79,32
1970-01-01 00:00:00.000000299,53.886726,79,32
1970-01-01 00:00:00.000000298,53.34565,79,33
1970-01-01 00:00:00.000000299,53.417984,79,33
1970-01-01 00:00:00.000000300,53.554516,79,33
1970-01-01 00:00:00.000000299,53.399082,79,34
1970-01-01 00:00:00.000000300,53.49323,79,34
1970-01-01 00:00:00.000000301,53.65562,79,34
1970-01-01 00:00:00.000000300,55.809822,79,35
1970-01-01 00:00:00.000000301,55.95082,79,35
1970-01-01 00:00:00.000000302,56.134743,79,35
1970-01-01 00:00:00.000000301,58.972946,79,36
1970-01-01 00:00:00.000000302,59.116886,79,36
1970-01-01 00:00:00.000000303,59.27714,79,36
1970-01-01 00:00:00.000000302,64.44392,79,37
1970-01-01 00:00:00.000000303,64.57574,79,37
1970-01-01 00:00:00.000000304,64.7064,79,37
1970-01-01 00:00:00.000000303,61.044228,79,38
1970-01-01 00:00:00.000000304,61.076298,79,38
1970-01-01 00:00:00.000000305,61.126945,79,38
1970-01-01 00:00:00.000000304,57.813198,79,39
1970-01-01 00:00:00.000000305,57.814537,79,39
1970-01-01 00:00:00.000000306,57.84494,79,39
1970-01-01 00:00:00.000000305,58.267258,79,40
1970-01-01 00:00:00.000000306,58.294147,79,40
1970-01-01 00:00:00.000000307,58.357433,79,40
1970-01-01 00:00:00.000000306,58.769222,79,41
1970-01-01 00:00:00.000000307,58.812782,79,41
1970-01-01 00:00:00.000000308,58.897396,79,41
1970-01-01 00:00:00.000000307,59.881992,79,42
1970-01-01 00:00:00.000000308,59.948296,79,42
1970-01-01 00:00:00.000000309,60.047047,79,42
1970-01-01 00:00:00.000000308,59.482048,79,43
1970-01-01 00:00:00.000000309,59.542164,79,43
1970-01-01 00:00:00.000000310,59.611637,79,43
1970-01-01 00:00:00.000000309,57.917164,79,44
1970-01-01 00:00:00.000000310,57.941254,79,44
1970-01-01 00:00:00.000000311,58.025,79,44
1970-01-01 00:00:00.000000148,55.797417,80,10
1970-01-01 00:00:00.000000149,55.84491,80,10
1970-01-01 00:00:00.000000150,55.913033,80,10
1970-01-01 00:00:00.000000149,54.532295,80,11
1970-01-01 00:00:00.000000150,54.540062,80,11
1970-01-01 00:00:00.000000151,54.588173,80,11
1970-01-01 00:00:00.000000150,54.451626,80,12
1970-01-01 00:00:00.000000151,54.46249,80,12
1970-01-01 00:00:00.000000152,54.513508,80,12
1970-01-01 00:00:00.000000151,53.308617,80,13
1970-01-01 00:00:00.000000152,53.31248,80,13
1970-01-01 00:00:00.000000153,53.363483,80,13
1970-01-01 00:00:00.000000152,53.421833,80,14
1970-01-01 00:00:00.000000153,53.44061,80,14
1970-01-01 00:00:00.000000154,53.504135,80,14
1970-01-01 00:00:00.000000153,52.288143,80,15
1970-01-01 00:00:00.000000154,52.303093,80,15
1970-01-01 00:00:00.000000155,52.368732,80,15
1970-01-01 00:00:00.000000154,50.960762,80,16
1970-01-01 00:00:00.000000155,50.97982,80,16
1970-01-01 00:00:00.000000156,51.11987,80,16
1970-01-01 00:00:00.000000155,52.62202,80,17
1970-01-01 00:00:00.000000156,52.867958,80,17
1970-01-01 00:00:00.000000157,54.374737,80,17
1970-01-01 00:00:00.000000156,53.87809,80,18
1970-01-01 00:00:00.000000157,55.518814,80,18
1970-01-01 00:00:00.000000158,59.02098,80,18
1970-01-01 00:00:00.000000157,99.1332,80,19
1970-01-01 00:00:00.000000158,100.0,80,19
1970-01-01 00:00:00.000000159,100.0,80,19
1970-01-01 00:00:00.000000158,100.0,80,20
1970-01-01 00:00:00.000000159,100.0,80,20
1970-01-01 00:00:00.000000160,100.0,80,20
1970-01-01 00:00:00.000000159,100.0,80,21
1970-01-01 00:00:00.000000160,100.0,80,21
1970-01-01 00:00:00.000000161,98.854355,80,21
1970-01-01 00:00:00.000000160,100.0,80,22
1970-01-01 00:00:00.000000161,99.09273,80,22
1970-01-01 00:00:00.000000162,91.1307,80,22
1970-01-01 00:00:00.000000125,44.575485,81,10
1970-01-01 00:00:00.000000126,44.60301,81,10
1970-01-01 00:00:00.000000127,44.735954,81,10
1970-01-01 00:00:00.000000126,44.324055,81,11
1970-01-01 00:00:00.000000127,44.33787,81,11
1970-01-01 00:00:00.000000128,44.45876,81,11
1970-01-01 00:00:00.000000127,41.05836,81,12
1970-01-01 00:00:00.000000128,41.019646,81,12
1970-01-01 00:00:00.000000129,41.11024,81,12
1970-01-01 00:00:00.000000128,42.632187,81,13
1970-01-01 00:00:00.000000129,42.632084,81,13
1970-01-01 00:00:00.000000130,42.75056,81,13
1970-01-01 00:00:00.000000129,43.45218,81,14
1970-01-01 00:00:00.000000130,43.46313,81,14
1970-01-01 00:00:00.000000131,43.5867,81,14
1970-01-01 00:00:00.000000130,42.78939,81,15
1970-01-01 00:00:00.000000131,42.785126,81,15
1970-01-01 00:00:00.000000132,42.89702,81,15
1970-01-01 00:00:00.000000131,43.452305,81,16
1970-01-01 00:00:00.000000132,43.458065,81,16
1970-01-01 00:00:00.000000133,43.576004,81,16
1970-01-01 00:00:00.000000132,43.022114,81,17
1970-01-01 00:00:00.000000133,43.01832,81,17
1970-01-01 00:00:00.000000134,43.1294,81,17
1970-01-01 00:00:00.000000133,43.232773,81,18
1970-01-01 00:00:00.000000134,43.233242,81,18
1970-01-01 00:00:00.000000135,43.347404,81,18
1970-01-01 00:00:00.000000318,50.815582,83,10
1970-01-01 00:00:00.000000319,50.88029,83,10
1970-01-01 00:00:00.000000320,50.999012,83,10
1970-01-01 00:00:00.000000319,51.388336,83,11
1970-01-01 00:00:00.000000320,51.45294,83,11
1970-01-01 00:00:00.000000321,51.5687,83,11
1970-01-01 00:00:00.000000320,51.295444,83,12
1970-01-01 00:00:00.000000321,51.352055,83,12
1970-01-01 00:00:00.000000322,51.45672,83,12
1970-01-01 00:00:00.000000321,51.144974,83,13
1970-01-01 00:00:00.000000322,51.193832,83,13
1970-01-01 00:00:00.000000323,51.294357,83,13
1970-01-01 00:00:00.000000322,51.53782,83,14
1970-01-01 00:00:00.000000323,51.589367,83,14
1970-01-01 00:00:00.000000324,51.697216,83,14
1970-01-01 00:00:00.000000323,51.220356,83,15
1970-01-01 00:00:00.000000324,51.27144,83,15
1970-01-01 00:00:00.000000325,51.37428,83,15
1970-01-01 00:00:00.000000324,51.494984,83,16
1970-01-01 00:00:00.000000325,51.548893,83,16
1970-01-01 00:00:00.000000326,51.652855,83,16
1970-01-01 00:00:00.000000325,52.05503,83,17
1970-01-01 00:00:00.000000326,52.11134,83,17
1970-01-01 00:00:00.000000327,52.21547,83,17
1970-01-01 00:00:00.000000326,52.188354,83,18
1970-01-01 00:00:00.000000327,52.240353,83,18
1970-01-01 00:00:00.000000328,52.33914,83,18
1970-01-01 00:00:00.000000327,52.522438,83,19
1970-01-01 00:00:00.000000328,52.573193,83,19
1970-01-01 00:00:00.000000329,52.667732,83,19
1970-01-01 00:00:00.000000328,52.735233,83,20
1970-01-01 00:00:00.000000329,52.781483,83,20
1970-01-01 00:00:00.000000330,52.870567,83,20
1970-01-01 00:00:00.000000329,52.92545,83,21
1970-01-01 00:00:00.000000330,52.967873,83,21
1970-01-01 00:00:00.000000331,53.054573,83,21
1970-01-01 00:00:00.000000330,52.315178,83,22
1970-01-01 00:00:00.000000331,52.349888,83,22
1970-01-01 00:00:00.000000332,52.432995,83,22
1970-01-01 00:00:00.000000331,51.62386,83,23
1970-01-01 00:00:00.000000332,51.658577,83,23
1970-01-01 00:00:00.000000333,51.741848,83,23
1970-01-01 00:00:00.000000332,52.398804,83,24
1970-01-01 00:00:00.000000333,52.447807,83,24
1970-01-01 00:00:00.000000334,52.539997,83,24
1970-01-01 00:00:00.000000333,52.264744,83,25
1970-01-01 00:00:00.000000334,52.30786,83,25
1970-01-01 00:00:00.000000335,52.39607,83,25
1970-01-01 00:00:00.000000334,51.494644,83,26
1970-01-01 00:00:00.000000335,51.530476,83,26
1970-01-01 00:00:00.000000336,51.61674,83,26
1970-01-01 00:00:00.000000335,50.867287,83,27
1970-01-01 00:00:00.000000336,50.905346,83,27
1970-01-01 00:00:00.000000337,50.995975,83,27
1970-01-01 00:00:00.000000336,50.987617,83,28
1970-01-01 00:00:00.000000337,51.035675,83,28
1970-01-01 00:00:00.000000338,51.134747,83,28
1970-01-01 00:00:00.000000337,51.53401,83,29
1970-01-01 00:00:00.000000338,51.589436,83,29
1970-01-01 00:00:00.000000339,51.693443,83,29
1970-01-01 00:00:00.000000338,51.12907,83,30
1970-01-01 00:00:00.000000339,51.17739,83,30
1970-01-01 00:00:00.000000340,51.273987,83,30
1970-01-01 00:00:00.000000339,51.01103,83,31
1970-01-01 00:00:00.000000340,51.05708,83,31
1970-01-01 00:00:00.000000341,51.15459,83,31
1970-01-01 00:00:00.000000340,51.44888,83,32
1970-01-01 00:00:00.000000341,51.50025,83,32
1970-01-01 00:00:00.000000342,51.60834,83,32
1970-01-01 00:00:00.000000341,51.21462,83,33
1970-01-01 00:00:00.000000342,51.26767,83,33
1970-01-01 00:00:00.000000343,51.372223,83,33
1970-01-01 00:00:00.000000342,51.688305,83,34
1970-01-01 00:00:00.000000343,51.746185,83,34
1970-01-01 00:00:00.000000344,51.852524,83,34
1970-01-01 00:00:00.000000343,51.83105,83,35
1970-01-01 00:00:00.000000344,51.885807,83,35
1970-01-01 00:00:00.000000345,51.988644,83,35
1970-01-01 00:00:00.000000344,51.837635,83,36
1970-01-01 00:00:00.000000345,51.888824,83,36
1970-01-01 00:00:00.000000346,51.988308,83,36
1970-01-01 00:00:00.000000345,51.71635,83,37
1970-01-01 00:00:00.000000346,51.764675,83,37
1970-01-01 00:00:00.000000347,51.8617,83,37
1970-01-01 00:00:00.000000346,52.361446,83,38
1970-01-01 00:00:00.000000347,52.41515,83,38
1970-01-01 00:00:00.000000348,52.51504,83,38
1970-01-01 00:00:00.000000347,51.77255,83,39
1970-01-01 00:00:00.000000348,51.816105,83,39
1970-01-01 00:00:00.000000349,51.908436,83,39
1970-01-01 00:00:00.000000348,52.29206,83,40
1970-01-01 00:00:00.000000349,52.342434,83,40
1970-01-01 00:00:00.000000350,52.438774,83,40
1970-01-01 00:00:00.000000349,52.53464,83,41
1970-01-01 00:00:00.000000350,52.583523,83,41
1970-01-01 00:00:00.000000351,52.677113,83,41
1970-01-01 00:00:00.000000350,52.917908,83,42
1970-01-01 00:00:00.000000351,52.965836,83,42
1970-01-01 00:00:00.000000352,53.06086,83,42
1970-01-01 00:00:00.000000351,52.846294,83,43
1970-01-01 00:00:00.000000352,52.892136,83,43
1970-01-01 00:00:00.000000353,52.986618,83,43
1970-01-01 00:00:00.000000352,53.492813,83,44
1970-01-01 00:00:00.000000353,53.546837,83,44
1970-01-01 00:00:00.000000354,53.63983,83,44
1970-01-01 00:00:00.000000353,53.375423,83,45
1970-01-01 00:00:00.000000354,53.420177,83,45
1970-01-01 00:00:00.000000355,53.50608,83,45
1970-01-01 00:00:00.000000354,53.77333,83,46
1970-01-01 00:00:00.000000355,53.8191,83,46
1970-01-01 00:00:00.000000356,53.898296,83,46
1970-01-01 00:00:00.000000355,53.491516,83,47
1970-01-01 00:00:00.000000356,53.524734,83,47
1970-01-01 00:00:00.000000357,53.592403,83,47
1970-01-01 00:00:00.000000356,53.629833,83,48
1970-01-01 00:00:00.000000357,53.65874,83,48
1970-01-01 00:00:00.000000358,53.72178,83,48
1970-01-01 00:00:00.000000357,53.359837,83,49
1970-01-01 00:00:00.000000358,53.380142,83,49
1970-01-01 00:00:00.000000359,53.433758,83,49
1970-01-01 00:00:00.000000358,53.2014,83,50
1970-01-01 00:00:00.000000359,53.21514,83,50
1970-01-01 00:00:00.000000360,53.276817,83,50
1970-01-01 00:00:00.000000359,52.18224,83,51
1970-01-01 00:00:00.000000360,52.1967,83,51
1970-01-01 00:00:00.000000361,52.264854,83,51
1970-01-01 00:00:00.000000360,52.546112,83,52
1970-01-01 00:00:00.000000361,52.58213,83,52
1970-01-01 00:00:00.000000362,52.662773,83,52
1970-01-01 00:00:00.000000110,74.38171,84,10
1970-01-01 00:00:00.000000111,74.17434,84,10
1970-01-01 00:00:00.000000112,73.82661,84,10
1970-01-01 00:00:00.000000111,74.52837,84,11
1970-01-01 00:00:00.000000112,74.31556,84,11
1970-01-01 00:00:00.000000113,73.98094,84,11
1970-01-01 00:00:00.000000112,74.623726,84,12
1970-01-01 00:00:00.000000113,74.430244,84,12
1970-01-01 00:00:00.000000114,74.09657,84,12
1970-01-01 00:00:00.000000113,74.43398,84,13
1970-01-01 00:00:00.000000114,74.246346,84,13
1970-01-01 00:00:00.000000115,73.91438,84,13
1970-01-01 00:00:00.000000114,74.87545,84,14
1970-01-01 00:00:00.000000115,74.698204,84,14
1970-01-01 00:00:00.000000116,74.37277,84,14
1970-01-01 00:00:00.000000115,75.048195,84,15
1970-01-01 00:00:00.000000116,74.887505,84,15
1970-01-01 00:00:00.000000117,74.57171,84,15
1970-01-01 00:00:00.000000118,70.388275,85,10
1970-01-01 00:00:00.000000119,70.32225,85,10
1970-01-01 00:00:00.000000120,70.22427,85,10
1970-01-01 00:00:00.000000119,70.259514,85,11
1970-01-01 00:00:00.000000120,70.21185,85,11
1970-01-01 00:00:00.000000121,70.13399,85,11
1970-01-01 00:00:00.000000120,70.2222,85,12
1970-01-01 00:00:00.000000121,70.1962,85,12
1970-01-01 00:00:00.000000122,70.125656,85,12
1970-01-01 00:00:00.000000121,70.431656,85,13
1970-01-01 00:00:00.000000122,70.41438,85,13
1970-01-01 00:00:00.000000123,70.35443,85,13
1970-01-01 00:00:00.000000122,70.78764,85,14
1970-01-01 00:00:00.000000123,70.78178,85,14
1970-01-01 00:00:00.000000124,70.71996,85,14
1970-01-01 00:00:00.000000123,71.30484,85,15
1970-01-01 00:00:00.000000124,71.29817,85,15
1970-01-01 00:00:00.000000125,71.224945,85,15
1970-01-01 00:00:00.000000124,71.63096,85,16
1970-01-01 00:00:00.000000125,71.61223,85,16
1970-01-01 00:00:00.000000126,71.639465,85,16
1970-01-01 00:00:00.000000215,54.885468,86,10
1970-01-01 00:00:00.000000216,54.92417,86,10
1970-01-01 00:00:00.000000217,55.0006,86,10
1970-01-01 00:00:00.000000216,55.060143,86,11
1970-01-01 00:00:00.000000217,55.08896,86,11
1970-01-01 00:00:00.000000218,55.153584,86,11
1970-01-01 00:00:00.000000217,51.590206,86,12
1970-01-01 00:00:00.000000218,51.582794,86,12
1970-01-01 00:00:00.000000219,51.63035,86,12
1970-01-01 00:00:00.000000218,51.279926,86,13
1970-01-01 00:00:00.000000219,51.30091,86,13
1970-01-01 00:00:00.000000220,51.377907,86,13
1970-01-01 00:00:00.000000219,51.357178,86,14
1970-01-01 00:00:00.000000220,51.399426,86,14
1970-01-01 00:00:00.000000221,51.493256,86,14
1970-01-01 00:00:00.000000220,50.540035,86,15
1970-01-01 00:00:00.000000221,50.582527,86,15
1970-01-01 00:00:00.000000222,50.683853,86,15
1970-01-01 00:00:00.000000221,50.40132,86,16
1970-01-01 00:00:00.000000222,50.454918,86,16
1970-01-01 00:00:00.000000223,50.56953,86,16
1970-01-01 00:00:00.000000222,48.038364,86,17
1970-01-01 00:00:00.000000223,48.0782,86,17
1970-01-01 00:00:00.000000224,48.193943,86,17
1970-01-01 00:00:00.000000223,50.261036,86,18
1970-01-01 00:00:00.000000224,50.349743,86,18
1970-01-01 00:00:00.000000225,50.499027,86,18
1970-01-01 00:00:00.000000224,51.14069,86,19
1970-01-01 00:00:00.000000225,51.230194,86,19
1970-01-01 00:00:00.000000226,51.375404,86,19
1970-01-01 00:00:00.000000225,51.7195,86,20
1970-01-01 00:00:00.000000226,51.80262,86,20
1970-01-01 00:00:00.000000227,51.937683,86,20
1970-01-01 00:00:00.000000226,51.919674,86,21
1970-01-01 00:00:00.000000227,51.992928,86,21
1970-01-01 00:00:00.000000228,52.11716,86,21
1970-01-01 00:00:00.000000227,50.458485,86,22
1970-01-01 00:00:00.000000228,50.51036,86,22
1970-01-01 00:00:00.000000229,50.620644,86,22
1970-01-01 00:00:00.000000228,47.784973,86,23
1970-01-01 00:00:00.000000229,47.818924,86,23
1970-01-01 00:00:00.000000230,47.929043,86,23
1970-01-01 00:00:00.000000229,47.451954,86,24
1970-01-01 00:00:00.000000230,47.50745,86,24
1970-01-01 00:00:00.000000231,47.64259,86,24
1970-01-01 00:00:00.000000230,48.026554,86,25
1970-01-01 00:00:00.000000231,48.10202,86,25
1970-01-01 00:00:00.000000232,48.252937,86,25
1970-01-01 00:00:00.000000231,51.586735,86,26
1970-01-01 00:00:00.000000232,51.698586,86,26
1970-01-01 00:00:00.000000233,51.8668,86,26
1970-01-01 00:00:00.000000232,48.362015,86,27
1970-01-01 00:00:00.000000233,48.41546,86,27
1970-01-01 00:00:00.000000234,48.542732,86,27
1970-01-01 00:00:00.000000233,42.784145,86,28
1970-01-01 00:00:00.000000234,42.782726,86,28
1970-01-01 00:00:00.000000235,42.89289,86,28
1970-01-01 00:00:00.000000234,45.2597,86,29
1970-01-01 00:00:00.000000235,45.326477,86,29
1970-01-01 00:00:00.000000236,45.49023,86,29
1970-01-01 00:00:00.000000235,47.824474,86,30
1970-01-01 00:00:00.000000236,47.921795,86,30
1970-01-01 00:00:00.000000237,48.104122,86,30
1970-01-01 00:00:00.000000236,47.687656,86,31
1970-01-01 00:00:00.000000237,47.767815,86,31
1970-01-01 00:00:00.000000238,47.938557,86,31
1970-01-01 00:00:00.000000237,49.923058,86,32
1970-01-01 00:00:00.000000238,50.030308,86,32
1970-01-01 00:00:00.000000239,50.195606,86,32
1970-01-01 00:00:00.000000238,48.2604,86,33
1970-01-01 00:00:00.000000239,48.320236,86,33
1970-01-01 00:00:00.000000240,48.463333,86,33
1970-01-01 00:00:00.000000385,81.854866,87,10
1970-01-01 00:00:00.000000386,81.86852,87,10
1970-01-01 00:00:00.000000387,81.79871,87,10
1970-01-01 00:00:00.000000386,81.76557,87,11
1970-01-01 00:00:00.000000387,81.81892,87,11
1970-01-01 00:00:00.000000388,81.69928,87,11
1970-01-01 00:00:00.000000387,82.01239,87,12
1970-01-01 00:00:00.000000388,82.01759,87,12
1970-01-01 00:00:00.000000389,81.89747,87,12
1970-01-01 00:00:00.000000388,81.652626,87,13
1970-01-01 00:00:00.000000389,81.6561,87,13
1970-01-01 00:00:00.000000390,81.535255,87,13
1970-01-01 00:00:00.000000389,81.395584,87,14
1970-01-01 00:00:00.000000390,81.398315,87,14
1970-01-01 00:00:00.000000391,81.27975,87,14
1970-01-01 00:00:00.000000390,81.32506,87,15
1970-01-01 00:00:00.000000391,81.329765,87,15
1970-01-01 00:00:00.000000392,81.19241,87,15
1970-01-01 00:00:00.000000391,81.04791,87,16
1970-01-01 00:00:00.000000392,81.03298,87,16
1970-01-01 00:00:00.000000393,80.91493,87,16
1970-01-01 00:00:00.000000392,81.281845,87,17
1970-01-01 00:00:00.000000393,81.2867,87,17
1970-01-01 00:00:00.000000394,81.16535,87,17
1970-01-01 00:00:00.000000393,81.79101,87,18
1970-01-01 00:00:00.000000394,81.79319,87,18
1970-01-01 00:00:00.000000395,81.67706,87,18
1970-01-01 00:00:00.000000394,81.75647,87,19
1970-01-01 00:00:00.000000395,81.76357,87,19
1970-01-01 00:00:00.000000396,81.647385,87,19
1970-01-01 00:00:00.000000395,81.3158,87,20
1970-01-01 00:00:00.000000396,81.32228,87,20
1970-01-01 00:00:00.000000397,81.200165,87,20
1970-01-01 00:00:00.000000396,81.2422,87,21
1970-01-01 00:00:00.000000397,81.24337,87,21
1970-01-01 00:00:00.000000398,81.12779,87,21
1970-01-01 00:00:00.000000397,80.75215,87,22
1970-01-01 00:00:00.000000398,80.75814,87,22
1970-01-01 00:00:00.000000399,80.63871,87,22
1970-01-01 00:00:00.000000398,80.65256,87,23
1970-01-01 00:00:00.000000399,80.65476,87,23
1970-01-01 00:00:00.000000400,80.53574,87,23
1970-01-01 00:00:00.000000399,80.71726,87,24
1970-01-01 00:00:00.000000400,80.71963,87,24
1970-01-01 00:00:00.000000401,80.60747,87,24
1970-01-01 00:00:00.000000400,80.7375,87,25
1970-01-01 00:00:00.000000401,80.74632,87,25
1970-01-01 00:00:00.000000402,80.642494,87,25
1970-01-01 00:00:00.000000401,81.39844,87,26
1970-01-01 00:00:00.000000402,81.41832,87,26
1970-01-01 00:00:00.000000403,81.307976,87,26
1970-01-01 00:00:00.000000402,82.46084,87,27
1970-01-01 00:00:00.000000403,82.47529,87,27
1970-01-01 00:00:00.000000404,82.36107,87,27
1970-01-01 00:00:00.000000403,82.46941,87,28
1970-01-01 00:00:00.000000404,82.479805,87,28
1970-01-01 00:00:00.000000405,82.35286,87,28
1970-01-01 00:00:00.000000404,81.68095,87,29
1970-01-01 00:00:00.000000405,81.678055,87,29
1970-01-01 00:00:00.000000406,81.56095,87,29
1970-01-01 00:00:00.000000405,82.03109,87,30
1970-01-01 00:00:00.000000406,82.0401,87,30
1970-01-01 00:00:00.000000407,81.91704,87,30
1970-01-01 00:00:00.000000406,82.59021,87,31
1970-01-01 00:00:00.000000407,82.593155,87,31
1970-01-01 00:00:00.000000408,82.471344,87,31
1970-01-01 00:00:00.000000407,82.88958,87,32
1970-01-01 00:00:00.000000408,82.8937,87,32
1970-01-01 00:00:00.000000409,82.773476,87,32
1970-01-01 00:00:00.000000408,82.84779,87,33
1970-01-01 00:00:00.000000409,82.85339,87,33
1970-01-01 00:00:00.000000410,82.72572,87,33
1970-01-01 00:00:00.000000409,83.1541,87,34
1970-01-01 00:00:00.000000410,83.15316,87,34
1970-01-01 00:00:00.000000411,83.02368,87,34
1970-01-01 00:00:00.000000410,83.504524,87,35
1970-01-01 00:00:00.000000411,83.502014,87,35
1970-01-01 00:00:00.000000412,83.36413,87,35
1970-01-01 00:00:00.000000411,82.89389,87,36
1970-01-01 00:00:00.000000412,82.882164,87,36
1970-01-01 00:00:00.000000413,82.74725,87,36
1970-01-01 00:00:00.000000412,81.56658,87,37
1970-01-01 00:00:00.000000413,81.556114,87,37
1970-01-01 00:00:00.000000414,81.43397,87,37
1970-01-01 00:00:00.000000413,80.32234,87,38
1970-01-01 00:00:00.000000414,80.32201,87,38
1970-01-01 00:00:00.000000415,80.196045,87,38
1970-01-01 00:00:00.000000414,79.84971,87,39
1970-01-01 00:00:00.000000415,79.84434,87,39
1970-01-01 00:00:00.000000416,79.73256,87,39
1970-01-01 00:00:00.000000415,80.58083,87,40
1970-01-01 00:00:00.000000416,80.590576,87,40
1970-01-01 00:00:00.000000417,80.473724,87,40
1970-01-01 00:00:00.000000416,81.442566,87,41
1970-01-01 00:00:00.000000417,81.447525,87,41
1970-01-01 00:00:00.000000418,81.34219,87,41
1970-01-01 00:00:00.000000417,82.50043,87,42
1970-01-01 00:00:00.000000418,82.51959,87,42
1970-01-01 00:00:00.000000419,82.39693,87,42
1970-01-01 00:00:00.000000418,82.8998,87,43
1970-01-01 00:00:00.000000419,82.902275,87,43
1970-01-01 00:00:00.000000420,82.77523,87,43
1970-01-01 00:00:00.000000419,83.267044,87,44
1970-01-01 00:00:00.000000420,83.26704,87,44
1970-01-01 00:00:00.000000421,83.14644,87,44
1970-01-01 00:00:00.000000420,83.553665,87,45
1970-01-01 00:00:00.000000421,83.56094,87,45
1970-01-01 00:00:00.000000422,83.4272,87,45
1970-01-01 00:00:00.000000421,83.810684,87,46
1970-01-01 00:00:00.000000422,83.80525,87,46
1970-01-01 00:00:00.000000423,83.67803,87,46
1970-01-01 00:00:00.000000422,84.06677,87,47
1970-01-01 00:00:00.000000423,84.06787,87,47
1970-01-01 00:00:00.000000424,83.93405,87,47
1970-01-01 00:00:00.000000423,84.31475,87,48
1970-01-01 00:00:00.000000424,84.308945,87,48
1970-01-01 00:00:00.000000425,84.17574,87,48
1970-01-01 00:00:00.000000424,83.85528,87,49
1970-01-01 00:00:00.000000425,83.84919,87,49
1970-01-01 00:00:00.000000426,83.70479,87,49
1970-01-01 00:00:00.000000425,82.81286,87,50
1970-01-01 00:00:00.000000426,82.79486,87,50
1970-01-01 00:00:00.000000427,82.64812,87,50
1970-01-01 00:00:00.000000426,82.72421,87,51
1970-01-01 00:00:00.000000427,82.7053,87,51
1970-01-01 00:00:00.000000428,82.57548,87,51
1970-01-01 00:00:00.000000427,79.860725,87,52
1970-01-01 00:00:00.000000428,79.85121,87,52
1970-01-01 00:00:00.000000429,79.71163,87,52
1970-01-01 00:00:00.000000428,80.010765,87,53
1970-01-01 00:00:00.000000429,79.99466,87,53
1970-01-01 00:00:00.000000430,79.88069,87,53
1970-01-01 00:00:00.000000429,80.1256,87,54
1970-01-01 00:00:00.000000430,80.13146,87,54
1970-01-01 00:00:00.000000431,80.01367,87,54
1970-01-01 00:00:00.000000430,81.913925,87,55
1970-01-01 00:00:00.000000431,81.91968,87,55
1970-01-01 00:00:00.000000432,81.81002,87,55
1970-01-01 00:00:00.000000431,82.92425,87,56
1970-01-01 00:00:00.000000432,82.93841,87,56
1970-01-01 00:00:00.000000433,82.813965,87,56
1970-01-01 00:00:00.000000432,83.32958,87,57
1970-01-01 00:00:00.000000433,83.33075,87,57
1970-01-01 00:00:00.000000434,83.21021,87,57
1970-01-01 00:00:00.000000433,82.62525,87,58
1970-01-01 00:00:00.000000434,82.63053,87,58
1970-01-01 00:00:00.000000435,82.50155,87,58
1970-01-01 00:00:00.000000434,81.10171,87,59
1970-01-01 00:00:00.000000435,81.096466,87,59
1970-01-01 00:00:00.000000436,80.98519,87,59
1970-01-01 00:00:00.000000435,80.2234,87,60
1970-01-01 00:00:00.000000436,80.23527,87,60
1970-01-01 00:00:00.000000437,80.12266,87,60
1970-01-01 00:00:00.000000436,83.237915,87,61
1970-01-01 00:00:00.000000437,83.25402,87,61
1970-01-01 00:00:00.000000438,83.12566,87,61
1970-01-01 00:00:00.000000437,86.19317,87,62
1970-01-01 00:00:00.000000438,86.192535,87,62
1970-01-01 00:00:00.000000439,86.06452,87,62
1970-01-01 00:00:00.000000438,86.28506,87,63
1970-01-01 00:00:00.000000439,86.28111,87,63
1970-01-01 00:00:00.000000440,86.133705,87,63
1970-01-01 00:00:00.000000439,86.14059,87,64
1970-01-01 00:00:00.000000440,86.12094,87,64
1970-01-01 00:00:00.000000441,85.957306,87,64
1970-01-01 00:00:00.000000355,72.9211,88,10
1970-01-01 00:00:00.000000356,72.89855,88,10
1970-01-01 00:00:00.000000357,72.81433,88,10
1970-01-01 00:00:00.000000356,73.37607,88,11
1970-01-01 00:00:00.000000357,73.31034,88,11
1970-01-01 00:00:00.000000358,73.21135,88,11
1970-01-01 00:00:00.000000357,73.36303,88,12
1970-01-01 00:00:00.000000358,73.257256,88,12
1970-01-01 00:00:00.000000359,73.13071,88,12
1970-01-01 00:00:00.000000358,73.51195,88,13
1970-01-01 00:00:00.000000359,73.36345,88,13
1970-01-01 00:00:00.000000360,73.19982,88,13
1970-01-01 00:00:00.000000359,73.41559,88,14
1970-01-01 00:00:00.000000360,73.222496,88,14
1970-01-01 00:00:00.000000361,73.01751,88,14
1970-01-01 00:00:00.000000360,73.544075,88,15
1970-01-01 00:00:00.000000361,73.31852,88,15
1970-01-01 00:00:00.000000362,73.084305,88,15
1970-01-01 00:00:00.000000361,73.3229,88,16
1970-01-01 00:00:00.000000362,73.0835,88,16
1970-01-01 00:00:00.000000363,72.823326,88,16
1970-01-01 00:00:00.000000362,72.995964,88,17
1970-01-01 00:00:00.000000363,72.749725,88,17
1970-01-01 00:00:00.000000364,72.48324,88,17
1970-01-01 00:00:00.000000363,72.67601,88,18
1970-01-01 00:00:00.000000364,72.43385,88,18
1970-01-01 00:00:00.000000365,72.15783,88,18
1970-01-01 00:00:00.000000364,72.71269,88,19
1970-01-01 00:00:00.000000365,72.46991,88,19
1970-01-01 00:00:00.000000366,72.19046,88,19
1970-01-01 00:00:00.000000365,72.62703,88,20
1970-01-01 00:00:00.000000366,72.38291,88,20
1970-01-01 00:00:00.000000367,72.10228,88,20
1970-01-01 00:00:00.000000366,72.510445,88,21
1970-01-01 00:00:00.000000367,72.26659,88,21
1970-01-01 00:00:00.000000368,71.993546,88,21
1970-01-01 00:00:00.000000367,73.06078,88,22
1970-01-01 00:00:00.000000368,72.82262,88,22
1970-01-01 00:00:00.000000369,72.551544,88,22
1970-01-01 00:00:00.000000368,72.90234,88,23
1970-01-01 00:00:00.000000369,72.66171,88,23
1970-01-01 00:00:00.000000370,72.39076,88,23
1970-01-01 00:00:00.000000369,73.138145,88,24
1970-01-01 00:00:00.000000370,72.89603,88,24
1970-01-01 00:00:00.000000371,72.63319,88,24
1970-01-01 00:00:00.000000370,73.19056,88,25
1970-01-01 00:00:00.000000371,72.95338,88,25
1970-01-01 00:00:00.000000372,72.69757,88,25
1970-01-01 00:00:00.000000371,73.34235,88,26
1970-01-01 00:00:00.000000372,73.10884,88,26
1970-01-01 00:00:00.000000373,72.854774,88,26
1970-01-01 00:00:00.000000372,73.60971,88,27
1970-01-01 00:00:00.000000373,73.374016,88,27
1970-01-01 00:00:00.000000374,73.112015,88,27
1970-01-01 00:00:00.000000373,73.648254,88,28
1970-01-01 00:00:00.000000374,73.40463,88,28
1970-01-01 00:00:00.000000375,73.123,88,28
1970-01-01 00:00:00.000000374,73.76646,88,29
1970-01-01 00:00:00.000000375,73.511314,88,29
1970-01-01 00:00:00.000000376,73.2112,88,29
1970-01-01 00:00:00.000000375,73.55983,88,30
1970-01-01 00:00:00.000000376,73.29777,88,30
1970-01-01 00:00:00.000000377,72.98984,88,30
1970-01-01 00:00:00.000000376,73.37435,88,31
1970-01-01 00:00:00.000000377,73.11791,88,31
1970-01-01 00:00:00.000000378,72.79676,88,31
1970-01-01 00:00:00.000000377,73.25428,88,32
1970-01-01 00:00:00.000000378,72.995445,88,32
1970-01-01 00:00:00.000000379,72.675156,88,32
1970-01-01 00:00:00.000000378,73.2131,88,33
1970-01-01 00:00:00.000000379,72.96047,88,33
1970-01-01 00:00:00.000000380,72.63848,88,33
1970-01-01 00:00:00.000000379,73.04157,88,34
1970-01-01 00:00:00.000000380,72.78998,88,34
1970-01-01 00:00:00.000000381,72.4719,88,34
1970-01-01 00:00:00.000000380,73.29685,88,35
1970-01-01 00:00:00.000000381,73.05101,88,35
1970-01-01 00:00:00.000000382,72.73649,88,35
1970-01-01 00:00:00.000000381,73.17818,88,36
1970-01-01 00:00:00.000000382,72.93534,88,36
1970-01-01 00:00:00.000000383,72.61054,88,36
1970-01-01 00:00:00.000000382,73.499374,88,37
1970-01-01 00:00:00.000000383,73.24692,88,37
1970-01-01 00:00:00.000000384,72.90289,88,37
1970-01-01 00:00:00.000000383,73.916275,88,38
1970-01-01 00:00:00.000000384,73.64514,88,38
1970-01-01 00:00:00.000000385,73.31026,88,38
1970-01-01 00:00:00.000000384,73.95601,88,39
1970-01-01 00:00:00.000000385,73.69647,88,39
1970-01-01 00:00:00.000000386,73.36419,88,39
1970-01-01 00:00:00.000000385,74.07526,88,40
1970-01-01 00:00:00.000000386,73.82376,88,40
1970-01-01 00:00:00.000000387,73.492615,88,40
1970-01-01 00:00:00.000000386,74.6759,88,41
1970-01-01 00:00:00.000000387,74.43709,88,41
1970-01-01 00:00:00.000000388,74.094505,88,41
1970-01-01 00:00:00.000000387,74.956345,88,42
1970-01-01 00:00:00.000000388,74.725426,88,42
1970-01-01 00:00:00.000000389,74.38072,88,42
1970-01-01 00:00:00.000000388,75.36598,88,43
1970-01-01 00:00:00.000000389,75.159676,88,43
1970-01-01 00:00:00.000000390,74.81007,88,43
1970-01-01 00:00:00.000000389,75.05239,88,44
1970-01-01 00:00:00.000000390,74.86353,88,44
1970-01-01 00:00:00.000000391,74.52378,88,44
1970-01-01 00:00:00.000000390,75.46567,88,45
1970-01-01 00:00:00.000000391,75.30309,88,45
1970-01-01 00:00:00.000000392,74.98195,88,45
1970-01-01 00:00:00.000000391,75.778175,88,46
1970-01-01 00:00:00.000000392,75.645676,88,46
1970-01-01 00:00:00.000000393,75.38801,88,46
1970-01-01 00:00:00.000000392,75.30359,88,47
1970-01-01 00:00:00.000000393,75.229485,88,47
1970-01-01 00:00:00.000000394,74.97191,88,47
1970-01-01 00:00:00.000000393,75.22046,88,48
1970-01-01 00:00:00.000000394,75.13903,88,48
1970-01-01 00:00:00.000000395,74.87553,88,48
1970-01-01 00:00:00.000000394,75.3207,88,49
1970-01-01 00:00:00.000000395,75.22844,88,49
1970-01-01 00:00:00.000000396,74.97697,88,49
1970-01-01 00:00:00.000000395,75.204994,88,50
1970-01-01 00:00:00.000000396,75.118935,88,50
1970-01-01 00:00:00.000000397,74.8856,88,50
1970-01-01 00:00:00.000000396,75.24351,88,51
1970-01-01 00:00:00.000000397,75.16963,88,51
1970-01-01 00:00:00.000000398,74.93883,88,51
1970-01-01 00:00:00.000000397,75.03689,88,52
1970-01-01 00:00:00.000000398,74.95978,88,52
1970-01-01 00:00:00.000000399,74.73522,88,52
1970-01-01 00:00:00.000000398,75.26823,88,53
1970-01-01 00:00:00.000000399,75.1966,88,53
1970-01-01 00:00:00.000000400,74.982025,88,53
1970-01-01 00:00:00.000000399,75.15914,88,54
1970-01-01 00:00:00.000000400,75.09724,88,54
1970-01-01 00:00:00.000000401,74.8818,88,54
1970-01-01 00:00:00.000000400,75.16504,88,55
1970-01-01 00:00:00.000000401,75.10144,88,55
1970-01-01 00:00:00.000000402,74.87026,88,55
1970-01-01 00:00:00.000000401,75.6784,88,56
1970-01-01 00:00:00.000000402,75.602394,88,56
1970-01-01 00:00:00.000000403,75.368614,88,56
1970-01-01 00:00:00.000000402,75.23587,88,57
1970-01-01 00:00:00.000000403,75.15606,88,57
1970-01-01 00:00:00.000000404,74.933716,88,57
1970-01-01 00:00:00.000000403,74.51344,88,58
1970-01-01 00:00:00.000000404,74.43989,88,58
1970-01-01 00:00:00.000000405,74.21652,88,58
1970-01-01 00:00:00.000000093,90.82693,89,10
1970-01-01 00:00:00.000000094,90.68678,89,10
1970-01-01 00:00:00.000000095,90.29411,89,10
1970-01-01 00:00:00.000000094,92.09576,89,11
1970-01-01 00:00:00.000000095,91.999855,89,11
1970-01-01 00:00:00.000000096,91.684425,89,11
1970-01-01 00:00:00.000000095,92.75725,89,12
1970-01-01 00:00:00.000000096,92.684494,89,12
1970-01-01 00:00:00.000000097,92.43094,89,12
1970-01-01 00:00:00.000000101,66.36109,92,10
1970-01-01 00:00:00.000000102,66.38285,92,10
1970-01-01 00:00:00.000000103,66.37449,92,10
1970-01-01 00:00:00.000000102,66.98806,92,11
1970-01-01 00:00:00.000000103,67.01686,92,11
1970-01-01 00:00:00.000000104,67.00929,92,11
1970-01-01 00:00:00.000000103,67.10026,92,12
1970-01-01 00:00:00.000000104,67.12839,92,12
1970-01-01 00:00:00.000000105,67.11848,92,12
1970-01-01 00:00:00.000000104,67.54745,92,13
1970-01-01 00:00:00.000000105,67.579216,92,13
1970-01-01 00:00:00.000000106,67.54441,92,13
1970-01-01 00:00:00.000000166,45.886868,93,10
1970-01-01 00:00:00.000000167,45.95036,93,10
1970-01-01 00:00:00.000000168,46.10693,93,10
1970-01-01 00:00:00.000000167,45.12677,93,11
1970-01-01 00:00:00.000000168,45.19509,93,11
1970-01-01 00:00:00.000000169,45.364063,93,11
1970-01-01 00:00:00.000000168,43.66946,93,12
1970-01-01 00:00:00.000000169,43.725483,93,12
1970-01-01 00:00:00.000000170,43.899517,93,12
1970-01-01 00:00:00.000000169,43.277905,93,13
1970-01-01 00:00:00.000000170,43.33913,93,13
1970-01-01 00:00:00.000000171,43.523376,93,13
1970-01-01 00:00:00.000000170,43.891644,93,14
1970-01-01 00:00:00.000000171,43.96577,93,14
1970-01-01 00:00:00.000000172,44.15521,93,14
1970-01-01 00:00:00.000000171,44.561836,93,15
1970-01-01 00:00:00.000000172,44.638268,93,15
1970-01-01 00:00:00.000000173,44.82069,93,15
1970-01-01 00:00:00.000000172,47.551037,93,16
1970-01-01 00:00:00.000000173,47.65601,93,16
1970-01-01 00:00:00.000000174,47.846268,93,16
1970-01-01 00:00:00.000000173,50.603798,93,17
1970-01-01 00:00:00.000000174,50.72424,93,17
1970-01-01 00:00:00.000000175,50.930794,93,17
1970-01-01 00:00:00.000000174,52.739704,93,18
1970-01-01 00:00:00.000000175,52.881622,93,18
1970-01-01 00:00:00.000000176,53.335075,93,18
1970-01-01 00:00:00.000000175,50.924267,93,19
1970-01-01 00:00:00.000000176,51.112446,93,19
1970-01-01 00:00:00.000000177,51.46376,93,19
1970-01-01 00:00:00.000000176,50.17453,93,20
1970-01-01 00:00:00.000000177,50.482388,93,20
1970-01-01 00:00:00.000000178,50.722683,93,20
1970-01-01 00:00:00.000000177,72.418564,93,21
1970-01-01 00:00:00.000000178,72.70441,93,21
1970-01-01 00:00:00.000000179,72.959724,93,21
1970-01-01 00:00:00.000000178,89.35632,93,22
1970-01-01 00:00:00.000000179,89.48192,93,22
1970-01-01 00:00:00.000000180,89.44839,93,22
1970-01-01 00:00:00.000000179,90.623535,93,23
1970-01-01 00:00:00.000000180,90.638535,93,23
1970-01-01 00:00:00.000000181,90.51019,93,23
1970-01-01 00:00:00.000000180,91.353455,93,24
1970-01-01 00:00:00.000000181,91.26439,93,24
1970-01-01 00:00:00.000000182,91.090065,93,24
1970-01-01 00:00:00.000000181,92.25695,93,25
1970-01-01 00:00:00.000000182,91.927185,93,25
1970-01-01 00:00:00.000000183,91.59231,93,25
1970-01-01 00:00:00.000000114,75.999214,95,10
1970-01-01 00:00:00.000000115,76.0248,95,10
1970-01-01 00:00:00.000000116,75.91548,95,10
1970-01-01 00:00:00.000000115,75.97134,95,11
1970-01-01 00:00:00.000000116,75.99832,95,11
1970-01-01 00:00:00.000000117,75.87302,95,11
1970-01-01 00:00:00.000000116,76.17592,95,12
1970-01-01 00:00:00.000000117,76.19128,95,12
1970-01-01 00:00:00.000000118,76.05422,95,12
1970-01-01 00:00:00.000000117,76.6113,95,13
1970-01-01 00:00:00.000000118,76.62115,95,13
1970-01-01 00:00:00.000000119,76.478424,95,13
1970-01-01 00:00:00.000000118,77.034836,95,14
1970-01-01 00:00:00.000000119,77.04354,95,14
1970-01-01 00:00:00.000000120,76.90209,95,14
1970-01-01 00:00:00.000000119,77.24699,95,15
1970-01-01 00:00:00.000000120,77.26167,95,15
1970-01-01 00:00:00.000000121,77.116974,95,15
1970-01-01 00:00:00.000000120,77.0622,95,16
1970-01-01 00:00:00.000000121,77.074486,95,16
1970-01-01 00:00:00.000000122,76.935394,95,16
1970-01-01 00:00:00.000000183,61.45713,96,10
1970-01-01 00:00:00.000000184,61.442696,96,10
1970-01-01 00:00:00.000000185,61.430576,96,10
1970-01-01 00:00:00.000000184,62.36647,96,11
1970-01-01 00:00:00.000000185,62.358944,96,11
1970-01-01 00:00:00.000000186,62.34919,96,11
1970-01-01 00:00:00.000000185,63.026703,96,12
1970-01-01 00:00:00.000000186,63.02052,96,12
1970-01-01 00:00:00.000000187,63.009716,96,12
1970-01-01 00:00:00.000000186,63.604343,96,13
1970-01-01 00:00:00.000000187,63.60108,96,13
1970-01-01 00:00:00.000000188,63.588005,96,13
1970-01-01 00:00:00.000000187,64.10223,96,14
1970-01-01 00:00:00.000000188,64.100876,96,14
1970-01-01 00:00:00.000000189,64.08496,96,14
1970-01-01 00:00:00.000000188,65.05734,96,15
1970-01-01 00:00:00.000000189,65.0624,96,15
1970-01-01 00:00:00.000000190,65.0473,96,15
1970-01-01 00:00:00.000000189,65.04447,96,16
1970-01-01 00:00:00.000000190,65.045654,96,16
1970-01-01 00:00:00.000000191,65.025024,96,16
1970-01-01 00:00:00.000000190,65.73855,96,17
1970-01-01 00:00:00.000000191,65.746284,96,17
1970-01-01 00:00:00.000000192,65.72746,96,17
1970-01-01 00:00:00.000000191,65.27224,96,18
1970-01-01 00:00:00.000000192,65.273544,96,18
1970-01-01 00:00:00.000000193,65.25326,96,18
1970-01-01 00:00:00.000000192,65.00553,96,19
1970-01-01 00:00:00.000000193,65.00974,96,19
1970-01-01 00:00:00.000000194,64.98999,96,19
1970-01-01 00:00:00.000000193,65.52995,96,20
1970-01-01 00:00:00.000000194,65.5417,96,20
1970-01-01 00:00:00.000000195,65.526276,96,20
1970-01-01 00:00:00.000000194,65.62577,96,21
1970-01-01 00:00:00.000000195,65.63713,96,21
1970-01-01 00:00:00.000000196,65.61954,96,21
1970-01-01 00:00:00.000000195,65.49286,96,22
1970-01-01 00:00:00.000000196,65.50135,96,22
1970-01-01 00:00:00.000000197,65.48305,96,22
1970-01-01 00:00:00.000000196,65.28593,96,23
1970-01-01 00:00:00.000000197,65.29363,96,23
1970-01-01 00:00:00.000000198,65.277145,96,23
1970-01-01 00:00:00.000000197,65.20424,96,24
1970-01-01 00:00:00.000000198,65.214516,96,24
1970-01-01 00:00:00.000000199,65.19904,96,24
1970-01-01 00:00:00.000000198,65.48845,96,25
1970-01-01 00:00:00.000000199,65.50229,96,25
1970-01-01 00:00:00.000000200,65.48764,96,25
1970-01-01 00:00:00.000000199,65.439354,96,26
1970-01-01 00:00:00.000000200,65.45041,96,26
1970-01-01 00:00:00.000000201,65.4347,96,26
1970-01-01 00:00:00.000000200,65.50894,96,27
1970-01-01 00:00:00.000000201,65.52081,96,27
1970-01-01 00:00:00.000000202,65.50386,96,27
1970-01-01 00:00:00.000000201,64.9882,96,28
1970-01-01 00:00:00.000000202,64.9934,96,28
1970-01-01 00:00:00.000000203,64.97455,96,28
1970-01-01 00:00:00.000000079,100.0,98,10
1970-01-01 00:00:00.000000080,100.0,98,10
1970-01-01 00:00:00.000000081,100.0,98,10
1970-01-01 00:00:00.000000096,90.188416,99,10
1970-01-01 00:00:00.000000097,90.189415,99,10
1970-01-01 00:00:00.000000098,90.01897,99,10
1970-01-01 00:00:00.000000097,91.53904,99,11
1970-01-01 00:00:00.000000098,91.480896,99,11
1970-01-01 00:00:00.000000099,91.283905,99,11
1970-01-01 00:00:00.000000098,92.48239,99,12
1970-01-01 00:00:00.000000099,92.415855,99,12
1970-01-01 00:00:00.000000100,92.20816,99,12
1970-01-01 00:00:00.000000099,93.06386,99,13
1970-01-01 00:00:00.000000100,92.9962,99,13
1970-01-01 00:00:00.000000101,92.7802,99,13
1970-01-01 00:00:00.000000340,56.840046,100,10
1970-01-01 00:00:00.000000341,56.823803,100,10
1970-01-01 00:00:00.000000342,56.836987,100,10
1970-01-01 00:00:00.000000341,56.654003,100,11
1970-01-01 00:00:00.000000342,56.633156,100,11
1970-01-01 00:00:00.000000343,56.64426,100,11
1970-01-01 00:00:00.000000342,56.53741,100,12
1970-01-01 00:00:00.000000343,56.51727,100,12
1970-01-01 00:00:00.000000344,56.52909,100,12
1970-01-01 00:00:00.000000343,56.97918,100,13
1970-01-01 00:00:00.000000344,56.964752,100,13
1970-01-01 00:00:00.000000345,56.979603,100,13
1970-01-01 00:00:00.000000344,56.66662,100,14
1970-01-01 00:00:00.000000345,56.646297,100,14
1970-01-01 00:00:00.000000346,56.65773,100,14
1970-01-01 00:00:00.000000345,57.226997,100,15
1970-01-01 00:00:00.000000346,57.21377,100,15
1970-01-01 00:00:00.000000347,57.227367,100,15
1970-01-01 00:00:00.000000346,57.48138,100,16
1970-01-01 00:00:00.000000347,57.464905,100,16
1970-01-01 00:00:00.000000348,57.473457,100,16
1970-01-01 00:00:00.000000347,57.544407,100,17
1970-01-01 00:00:00.000000348,57.522163,100,17
1970-01-01 00:00:00.000000349,57.526833,100,17
1970-01-01 00:00:00.000000348,57.7502,100,18
1970-01-01 00:00:00.000000349,57.72723,100,18
1970-01-01 00:00:00.000000350,57.73266,100,18
1970-01-01 00:00:00.000000349,57.48682,100,19
1970-01-01 00:00:00.000000350,57.4608,100,19
1970-01-01 00:00:00.000000351,57.46347,100,19
1970-01-01 00:00:00.000000350,58.78323,100,20
1970-01-01 00:00:00.000000351,58.771725,100,20
1970-01-01 00:00:00.000000352,58.781464,100,20
1970-01-01 00:00:00.000000351,59.164738,100,21
1970-01-01 00:00:00.000000352,59.147545,100,21
1970-01-01 00:00:00.000000353,59.15071,100,21
1970-01-01 00:00:00.000000352,59.67819,100,22
1970-01-01 00:00:00.000000353,59.66063,100,22
1970-01-01 00:00:00.000000354,59.65934,100,22
1970-01-01 00:00:00.000000353,60.034504,100,23
1970-01-01 00:00:00.000000354,60.0145,100,23
1970-01-01 00:00:00.000000355,60.01014,100,23
1970-01-01 00:00:00.000000354,60.340485,100,24
1970-01-01 00:00:00.000000355,60.320873,100,24
1970-01-01 00:00:00.000000356,60.31284,100,24
1970-01-01 00:00:00.000000355,60.673637,100,25
1970-01-01 00:00:00.000000356,60.654064,100,25
1970-01-01 00:00:00.000000357,60.643055,100,25
1970-01-01 00:00:00.000000356,60.82415,100,26
1970-01-01 00:00:00.000000357,60.802456,100,26
1970-01-01 00:00:00.000000358,60.790325,100,26
1970-01-01 00:00:00.000000357,61.303886,100,27
1970-01-01 00:00:00.000000358,61.287235,100,27
1970-01-01 00:00:00.000000359,61.271828,100,27
1970-01-01 00:00:00.000000358,61.221962,100,28
1970-01-01 00:00:00.000000359,61.19772,100,28
1970-01-01 00:00:00.000000360,61.176918,100,28
1970-01-01 00:00:00.000000359,61.373425,100,29
1970-01-01 00:00:00.000000360,61.34918,100,29
1970-01-01 00:00:00.000000361,61.33171,100,29
1970-01-01 00:00:00.000000360,61.978313,100,30
1970-01-01 00:00:00.000000361,61.962944,100,30
1970-01-01 00:00:00.000000362,61.9532,100,30
1970-01-01 00:00:00.000000361,62.273064,100,31
1970-01-01 00:00:00.000000362,62.263226,100,31
1970-01-01 00:00:00.000000363,62.251972,100,31
1970-01-01 00:00:00.000000362,62.78723,100,32
1970-01-01 00:00:00.000000363,62.781296,100,32
1970-01-01 00:00:00.000000364,62.76936,100,32
1970-01-01 00:00:00.000000363,63.48538,100,33
1970-01-01 00:00:00.000000364,63.48352,100,33
1970-01-01 00:00:00.000000365,63.471317,100,33
1970-01-01 00:00:00.000000364,64.215775,100,34
1970-01-01 00:00:00.000000365,64.21766,100,34
1970-01-01 00:00:00.000000366,64.20202,100,34
1970-01-01 00:00:00.000000365,64.60114,100,35
1970-01-01 00:00:00.000000366,64.60093,100,35
1970-01-01 00:00:00.000000367,64.58156,100,35
1970-01-01 00:00:00.000000366,64.92173,100,36
1970-01-01 00:00:00.000000367,64.922226,100,36
1970-01-01 00:00:00.000000368,64.903,100,36
1970-01-01 00:00:00.000000367,65.65057,100,37
1970-01-01 00:00:00.000000368,65.65882,100,37
1970-01-01 00:00:00.000000369,65.64148,100,37
1970-01-01 00:00:00.000000368,65.2893,100,38
1970-01-01 00:00:00.000000369,65.29243,100,38
1970-01-01 00:00:00.000000370,65.273476,100,38
1970-01-01 00:00:00.000000369,65.86412,100,39
1970-01-01 00:00:00.000000370,65.87783,100,39
1970-01-01 00:00:00.000000371,65.863686,100,39
1970-01-01 00:00:00.000000370,65.81549,100,40
1970-01-01 00:00:00.000000371,65.82884,100,40
1970-01-01 00:00:00.000000372,65.80572,100,40
1970-01-01 00:00:00.000000371,66.49029,100,41
1970-01-01 00:00:00.000000372,66.50353,100,41
1970-01-01 00:00:00.000000373,66.48449,100,41
1970-01-01 00:00:00.000000372,66.59384,100,42
1970-01-01 00:00:00.000000373,66.607506,100,42
1970-01-01 00:00:00.000000374,66.58599,100,42
1970-01-01 00:00:00.000000373,66.357155,100,43
1970-01-01 00:00:00.000000374,66.36782,100,43
1970-01-01 00:00:00.000000375,66.34598,100,43
1970-01-01 00:00:00.000000374,67.08666,100,44
1970-01-01 00:00:00.000000375,67.10686,100,44
1970-01-01 00:00:00.000000376,67.090805,100,44
1970-01-01 00:00:00.000000375,67.32165,100,45
1970-01-01 00:00:00.000000376,67.34406,100,45
1970-01-01 00:00:00.000000377,67.33114,100,45
1970-01-01 00:00:00.000000376,67.143875,100,46
1970-01-01 00:00:00.000000377,67.16821,100,46
1970-01-01 00:00:00.000000378,67.155945,100,46
1970-01-01 00:00:00.000000377,66.774345,100,47
1970-01-01 00:00:00.000000378,66.798836,100,47
1970-01-01 00:00:00.000000379,66.78736,100,47
1970-01-01 00:00:00.000000378,66.60947,100,48
1970-01-01 00:00:00.000000379,66.63629,100,48
1970-01-01 00:00:00.000000380,66.62346,100,48
1970-01-01 00:00:00.000000379,65.96958,100,49
1970-01-01 00:00:00.000000380,65.98911,100,49
1970-01-01 00:00:00.000000381,66.18736,100,49
1970-01-01 00:00:00.000000380,65.06869,100,50
1970-01-01 00:00:00.000000381,65.279945,100,50
1970-01-01 00:00:00.000000382,65.53615,100,50
1970-01-01 00:00:00.000000381,65.54219,100,51
1970-01-01 00:00:00.000000382,65.836815,100,51
1970-01-01 00:00:00.000000383,65.8794,100,51
1970-01-01 00:00:00.000000382,67.375084,100,52
1970-01-01 00:00:00.000000383,67.46328,100,52
1970-01-01 00:00:00.000000384,67.51213,100,52
1970-01-01 00:00:00.000000383,88.70814,100,53
1970-01-01 00:00:00.000000384,88.81872,100,53
1970-01-01 00:00:00.000000385,88.69111,100,53
1970-01-01 00:00:00.000000384,90.3112,100,54
1970-01-01 00:00:00.000000385,90.20505,100,54
1970-01-01 00:00:00.000000386,90.04893,100,54
1970-01-01 00:00:00.000000385,91.67757,100,55
1970-01-01 00:00:00.000000386,91.383934,100,55
1970-01-01 00:00:00.000000387,91.07231,100,55
1970-01-01 00:00:00.000000386,92.689476,100,56
1970-01-01 00:00:00.000000387,92.33527,100,56
1970-01-01 00:00:00.000000388,91.79793,100,56
1970-01-01 00:00:00.000000142,46.347393,101,10
1970-01-01 00:00:00.000000143,46.37696,101,10
1970-01-01 00:00:00.000000144,46.49868,101,10
1970-01-01 00:00:00.000000143,47.465454,101,11
1970-01-01 00:00:00.000000144,47.504406,101,11
1970-01-01 00:00:00.000000145,47.628536,101,11
1970-01-01 00:00:00.000000144,49.819763,101,12
1970-01-01 00:00:00.000000145,49.884266,101,12
1970-01-01 00:00:00.000000146,50.019646,101,12
1970-01-01 00:00:00.000000145,52.409966,101,13
1970-01-01 00:00:00.000000146,52.494408,101,13
1970-01-01 00:00:00.000000147,52.63464,101,13
1970-01-01 00:00:00.000000146,53.505955,101,14
1970-01-01 00:00:00.000000147,53.583714,101,14
1970-01-01 00:00:00.000000148,53.708336,101,14
1970-01-01 00:00:00.000000147,54.578053,101,15
1970-01-01 00:00:00.000000148,54.646187,101,15
1970-01-01 00:00:00.000000149,54.75177,101,15
1970-01-01 00:00:00.000000148,56.32704,101,16
1970-01-01 00:00:00.000000149,56.38405,101,16
1970-01-01 00:00:00.000000150,56.46881,101,16
1970-01-01 00:00:00.000000149,57.352703,101,17
1970-01-01 00:00:00.000000150,57.382183,101,17
1970-01-01 00:00:00.000000151,57.435715,101,17
1970-01-01 00:00:00.000000150,58.580803,101,18
1970-01-01 00:00:00.000000151,58.58834,101,18
1970-01-01 00:00:00.000000152,58.613514,101,18
1970-01-01 00:00:00.000000151,60.019047,101,19
1970-01-01 00:00:00.000000152,60.00834,101,19
1970-01-01 00:00:00.000000153,60.01215,101,19
1970-01-01 00:00:00.000000152,60.177303,101,20
1970-01-01 00:00:00.000000153,60.145203,101,20
1970-01-01 00:00:00.000000154,60.128326,101,20
1970-01-01 00:00:00.000000153,60.506584,101,21
1970-01-01 00:00:00.000000154,60.47053,101,21
1970-01-01 00:00:00.000000155,60.445206,101,21
1970-01-01 00:00:00.000000187,70.20534,103,10
1970-01-01 00:00:00.000000188,70.23915,103,10
1970-01-01 00:00:00.000000189,70.198944,103,10
1970-01-01 00:00:00.000000188,70.858,103,11
1970-01-01 00:00:00.000000189,70.87763,103,11
1970-01-01 00:00:00.000000190,70.84723,103,11
1970-01-01 00:00:00.000000189,71.02479,103,12
1970-01-01 00:00:00.000000190,71.053474,103,12
1970-01-01 00:00:00.000000191,71.01651,103,12
1970-01-01 00:00:00.000000190,71.428154,103,13
1970-01-01 00:00:00.000000191,71.45417,103,13
1970-01-01 00:00:00.000000192,71.41584,103,13
1970-01-01 00:00:00.000000191,72.20206,103,14
1970-01-01 00:00:00.000000192,72.230225,103,14
1970-01-01 00:00:00.000000193,72.19054,103,14
1970-01-01 00:00:00.000000192,72.633965,103,15
1970-01-01 00:00:00.000000193,72.658806,103,15
1970-01-01 00:00:00.000000194,72.61944,103,15
1970-01-01 00:00:00.000000193,72.89228,103,16
1970-01-01 00:00:00.000000194,72.91501,103,16
1970-01-01 00:00:00.000000195,72.853836,103,16
1970-01-01 00:00:00.000000194,73.75346,103,17
1970-01-01 00:00:00.000000195,73.751434,103,17
1970-01-01 00:00:00.000000196,73.68404,103,17
1970-01-01 00:00:00.000000195,73.90478,103,18
1970-01-01 00:00:00.000000196,73.87828,103,18
1970-01-01 00:00:00.000000197,73.79391,103,18
1970-01-01 00:00:00.000000196,73.98623,103,19
1970-01-01 00:00:00.000000197,73.92028,103,19
1970-01-01 00:00:00.000000198,73.81547,103,19
1970-01-01 00:00:00.000000197,73.54409,103,20
1970-01-01 00:00:00.000000198,73.42784,103,20
1970-01-01 00:00:00.000000199,73.28782,103,20
1970-01-01 00:00:00.000000198,73.75935,103,21
1970-01-01 00:00:00.000000199,73.58767,103,21
1970-01-01 00:00:00.000000200,73.41033,103,21
1970-01-01 00:00:00.000000199,74.22916,103,22
1970-01-01 00:00:00.000000200,74.01081,103,22
1970-01-01 00:00:00.000000201,73.77753,103,22
1970-01-01 00:00:00.000000200,74.526405,103,23
1970-01-01 00:00:00.000000201,74.28083,103,23
1970-01-01 00:00:00.000000202,73.98807,103,23
1970-01-01 00:00:00.000000201,74.47138,103,24
1970-01-01 00:00:00.000000202,74.22676,103,24
1970-01-01 00:00:00.000000203,73.887726,103,24
1970-01-01 00:00:00.000000202,75.18233,103,25
1970-01-01 00:00:00.000000203,74.94876,103,25
1970-01-01 00:00:00.000000204,74.60305,103,25
1970-01-01 00:00:00.000000203,75.09716,103,26
1970-01-01 00:00:00.000000204,74.89835,103,26
1970-01-01 00:00:00.000000205,74.553566,103,26
1970-01-01 00:00:00.000000204,74.52015,103,27
1970-01-01 00:00:00.000000205,74.33606,103,27
1970-01-01 00:00:00.000000206,74.00493,103,27
1970-01-01 00:00:00.000000205,74.95889,103,28
1970-01-01 00:00:00.000000206,74.79494,103,28
1970-01-01 00:00:00.000000207,74.475655,103,28
1970-01-01 00:00:00.000000206,74.48692,103,29
1970-01-01 00:00:00.000000207,74.33321,103,29
1970-01-01 00:00:00.000000208,74.03365,103,29
1970-01-01 00:00:00.000000080,93.27069,104,10
1970-01-01 00:00:00.000000081,92.95889,104,10
1970-01-01 00:00:00.000000082,92.57657,104,10
1970-01-01 00:00:00.000000190,60.148315,105,10
1970-01-01 00:00:00.000000191,60.13211,105,10
1970-01-01 00:00:00.000000192,60.13225,105,10
1970-01-01 00:00:00.000000191,61.65959,105,11
1970-01-01 00:00:00.000000192,61.64695,105,11
1970-01-01 00:00:00.000000193,61.63858,105,11
1970-01-01 00:00:00.000000192,63.59446,105,12
1970-01-01 00:00:00.000000193,63.584827,105,12
1970-01-01 00:00:00.000000194,63.56946,105,12
1970-01-01 00:00:00.000000193,64.63343,105,13
1970-01-01 00:00:00.000000194,64.61994,105,13
1970-01-01 00:00:00.000000195,64.59281,105,13
1970-01-01 00:00:00.000000194,62.477352,105,14
1970-01-01 00:00:00.000000195,62.4364,105,14
1970-01-01 00:00:00.000000196,62.394604,105,14
1970-01-01 00:00:00.000000195,63.948227,105,15
1970-01-01 00:00:00.000000196,63.937252,105,15
1970-01-01 00:00:00.000000197,63.91287,105,15
1970-01-01 00:00:00.000000196,63.548504,105,16
1970-01-01 00:00:00.000000197,63.53271,105,16
1970-01-01 00:00:00.000000198,63.503883,105,16
1970-01-01 00:00:00.000000197,65.97108,105,17
1970-01-01 00:00:00.000000198,65.981155,105,17
1970-01-01 00:00:00.000000199,65.95592,105,17
1970-01-01 00:00:00.000000198,65.08473,105,18
1970-01-01 00:00:00.000000199,65.06955,105,18
1970-01-01 00:00:00.000000200,65.03972,105,18
1970-01-01 00:00:00.000000199,62.255356,105,19
1970-01-01 00:00:00.000000200,62.22269,105,19
1970-01-01 00:00:00.000000201,62.183815,105,19
1970-01-01 00:00:00.000000200,64.076744,105,20
1970-01-01 00:00:00.000000201,64.07947,105,20
1970-01-01 00:00:00.000000202,64.06419,105,20
1970-01-01 00:00:00.000000201,64.495476,105,21
1970-01-01 00:00:00.000000202,64.49847,105,21
1970-01-01 00:00:00.000000203,64.4808,105,21
1970-01-01 00:00:00.000000202,66.90478,105,22
1970-01-01 00:00:00.000000203,66.92711,105,22
1970-01-01 00:00:00.000000204,66.922226,105,22
1970-01-01 00:00:00.000000203,68.66227,105,23
1970-01-01 00:00:00.000000204,68.69612,105,23
1970-01-01 00:00:00.000000205,68.67876,105,23
1970-01-01 00:00:00.000000204,67.038475,105,24
1970-01-01 00:00:00.000000205,67.04225,105,24
1970-01-01 00:00:00.000000206,67.00674,105,24
1970-01-01 00:00:00.000000205,65.7668,105,25
1970-01-01 00:00:00.000000206,65.762184,105,25
1970-01-01 00:00:00.000000207,65.72719,105,25
1970-01-01 00:00:00.000000206,65.989426,105,26
1970-01-01 00:00:00.000000207,65.99583,105,26
1970-01-01 00:00:00.000000208,65.96228,105,26
1970-01-01 00:00:00.000000207,65.24222,105,27
1970-01-01 00:00:00.000000208,65.2359,105,27
1970-01-01 00:00:00.000000209,65.21102,105,27
1970-01-01 00:00:00.000000208,62.77535,105,28
1970-01-01 00:00:00.000000209,62.756733,105,28
1970-01-01 00:00:00.000000210,62.724735,105,28
1970-01-01 00:00:00.000000209,61.91337,105,29
1970-01-01 00:00:00.000000210,61.896854,105,29
1970-01-01 00:00:00.000000211,61.91433,105,29
1970-01-01 00:00:00.000000281,57.51938,106,10
1970-01-01 00:00:00.000000282,57.492558,106,10
1970-01-01 00:00:00.000000283,57.490005,106,10
1970-01-01 00:00:00.000000282,56.938736,106,11
1970-01-01 00:00:00.000000283,56.904587,106,11
1970-01-01 00:00:00.000000284,56.886333,106,11
1970-01-01 00:00:00.000000283,57.506058,106,12
1970-01-01 00:00:00.000000284,57.469513,106,12
1970-01-01 00:00:00.000000285,57.466892,106,12
1970-01-01 00:00:00.000000284,56.883698,106,13
1970-01-01 00:00:00.000000285,56.84856,106,13
1970-01-01 00:00:00.000000286,56.84184,106,13
1970-01-01 00:00:00.000000285,56.742657,106,14
1970-01-01 00:00:00.000000286,56.71119,106,14
1970-01-01 00:00:00.000000287,56.707436,106,14
1970-01-01 00:00:00.000000286,56.548546,106,15
1970-01-01 00:00:00.000000287,56.518345,106,15
1970-01-01 00:00:00.000000288,56.515827,106,15
1970-01-01 00:00:00.000000287,56.605976,106,16
1970-01-01 00:00:00.000000288,56.57851,106,16
1970-01-01 00:00:00.000000289,56.57945,106,16
1970-01-01 00:00:00.000000288,56.61261,106,17
1970-01-01 00:00:00.000000289,56.586525,106,17
1970-01-01 00:00:00.000000290,56.578354,106,17
1970-01-01 00:00:00.000000289,56.85908,106,18
1970-01-01 00:00:00.000000290,56.825527,106,18
1970-01-01 00:00:00.000000291,56.827065,106,18
1970-01-01 00:00:00.000000290,56.273956,106,19
1970-01-01 00:00:00.000000291,56.241962,106,19
1970-01-01 00:00:00.000000292,56.2405,106,19
1970-01-01 00:00:00.000000291,56.236317,106,20
1970-01-01 00:00:00.000000292,56.209263,106,20
1970-01-01 00:00:00.000000293,56.212315,106,20
1970-01-01 00:00:00.000000292,55.54091,106,21
1970-01-01 00:00:00.000000293,55.511177,106,21
1970-01-01 00:00:00.000000294,55.51473,106,21
1970-01-01 00:00:00.000000293,55.924034,106,22
1970-01-01 00:00:00.000000294,55.905937,106,22
1970-01-01 00:00:00.000000295,55.91724,106,22
1970-01-01 00:00:00.000000294,55.942326,106,23
1970-01-01 00:00:00.000000295,55.92386,106,23
1970-01-01 00:00:00.000000296,55.935566,106,23
1970-01-01 00:00:00.000000295,55.148254,106,24
1970-01-01 00:00:00.000000296,55.123466,106,24
1970-01-01 00:00:00.000000297,55.132816,106,24
1970-01-01 00:00:00.000000296,55.0811,106,25
1970-01-01 00:00:00.000000297,55.063763,106,25
1970-01-01 00:00:00.000000298,55.08049,106,25
1970-01-01 00:00:00.000000297,54.868305,106,26
1970-01-01 00:00:00.000000298,54.85448,106,26
1970-01-01 00:00:00.000000299,54.874325,106,26
1970-01-01 00:00:00.000000298,54.527046,106,27
1970-01-01 00:00:00.000000299,54.51459,106,27
1970-01-01 00:00:00.000000300,54.537094,106,27
1970-01-01 00:00:00.000000299,54.46941,106,28
1970-01-01 00:00:00.000000300,54.461994,106,28
1970-01-01 00:00:00.000000301,54.491024,106,28
1970-01-01 00:00:00.000000300,53.642673,106,29
1970-01-01 00:00:00.000000301,53.633713,106,29
1970-01-01 00:00:00.000000302,53.66407,106,29
1970-01-01 00:00:00.000000301,53.724384,106,30
1970-01-01 00:00:00.000000302,53.72685,106,30
1970-01-01 00:00:00.000000303,53.76767,106,30
1970-01-01 00:00:00.000000302,53.586292,106,31
1970-01-01 00:00:00.000000303,53.59291,106,31
1970-01-01 00:00:00.000000304,53.637016,106,31
1970-01-01 00:00:00.000000303,53.02249,106,32
1970-01-01 00:00:00.000000304,53.028046,106,32
1970-01-01 00:00:00.000000305,53.0743,106,32
1970-01-01 00:00:00.000000304,53.1862,106,33
1970-01-01 00:00:00.000000305,53.20097,106,33
1970-01-01 00:00:00.000000306,53.255123,106,33
1970-01-01 00:00:00.000000305,52.545235,106,34
1970-01-01 00:00:00.000000306,52.5576,106,34
1970-01-01 00:00:00.000000307,52.612545,106,34
1970-01-01 00:00:00.000000306,51.630314,106,35
1970-01-01 00:00:00.000000307,51.64321,106,35
1970-01-01 00:00:00.000000308,51.703003,106,35
1970-01-01 00:00:00.000000307,52.275406,106,36
1970-01-01 00:00:00.000000308,52.306644,106,36
1970-01-01 00:00:00.000000309,52.380245,106,36
1970-01-01 00:00:00.000000308,51.738815,106,37
1970-01-01 00:00:00.000000309,51.765663,106,37
1970-01-01 00:00:00.000000310,51.87299,106,37
1970-01-01 00:00:00.000000309,51.053658,106,38
1970-01-01 00:00:00.000000310,51.112156,106,38
1970-01-01 00:00:00.000000311,51.373806,106,38
1970-01-01 00:00:00.000000310,50.99811,106,39
1970-01-01 00:00:00.000000311,51.20861,106,39
1970-01-01 00:00:00.000000312,51.504555,106,39
1970-01-01 00:00:00.000000311,53.572678,106,40
1970-01-01 00:00:00.000000312,53.793808,106,40
1970-01-01 00:00:00.000000313,54.012207,106,40
1970-01-01 00:00:00.000000312,83.14225,106,41
1970-01-01 00:00:00.000000313,83.07934,106,41
1970-01-01 00:00:00.000000314,83.19911,106,41
1970-01-01 00:00:00.000000313,89.58539,106,42
1970-01-01 00:00:00.000000314,89.6741,106,42
1970-01-01 00:00:00.000000315,89.62654,106,42
1970-01-01 00:00:00.000000314,90.877396,106,43
1970-01-01 00:00:00.000000315,90.90294,106,43
1970-01-01 00:00:00.000000316,90.78862,106,43
1970-01-01 00:00:00.000000315,91.73061,106,44
1970-01-01 00:00:00.000000316,91.64015,106,44
1970-01-01 00:00:00.000000317,91.45825,106,44
1970-01-01 00:00:00.000000316,92.74894,106,45
1970-01-01 00:00:00.000000317,92.3905,106,45
1970-01-01 00:00:00.000000318,91.994606,106,45
1970-01-01 00:00:00.000000083,92.4147,107,10
1970-01-01 00:00:00.000000084,92.16143,107,10
1970-01-01 00:00:00.000000085,91.687515,107,10
1970-01-01 00:00:00.000000213,62.96124,108,10
1970-01-01 00:00:00.000000214,62.942898,108,10
1970-01-01 00:00:00.000000215,62.922634,108,10
1970-01-01 00:00:00.000000214,63.79073,108,11
1970-01-01 00:00:00.000000215,63.7948,108,11
1970-01-01 00:00:00.000000216,63.780064,108,11
1970-01-01 00:00:00.000000215,64.18872,108,12
1970-01-01 00:00:00.000000216,64.19085,108,12
1970-01-01 00:00:00.000000217,64.167946,108,12
1970-01-01 00:00:00.000000216,63.935917,108,13
1970-01-01 00:00:00.000000217,63.92563,108,13
1970-01-01 00:00:00.000000218,63.899914,108,13
1970-01-01 00:00:00.000000217,63.743286,108,14
1970-01-01 00:00:00.000000218,63.732666,108,14
1970-01-01 00:00:00.000000219,63.708454,108,14
1970-01-01 00:00:00.000000218,63.9404,108,15
1970-01-01 00:00:00.000000219,63.934902,108,15
1970-01-01 00:00:00.000000220,63.91702,108,15
1970-01-01 00:00:00.000000219,64.46906,108,16
1970-01-01 00:00:00.000000220,64.472435,108,16
1970-01-01 00:00:00.000000221,64.454315,108,16
1970-01-01 00:00:00.000000220,64.47558,108,17
1970-01-01 00:00:00.000000221,64.47417,108,17
1970-01-01 00:00:00.000000222,64.44918,108,17
1970-01-01 00:00:00.000000221,65.083176,108,18
1970-01-01 00:00:00.000000222,65.0831,108,18
1970-01-01 00:00:00.000000223,65.06131,108,18
1970-01-01 00:00:00.000000222,64.21769,108,19
1970-01-01 00:00:00.000000223,64.20818,108,19
1970-01-01 00:00:00.000000224,64.182076,108,19
1970-01-01 00:00:00.000000223,64.394295,108,20
1970-01-01 00:00:00.000000224,64.39209,108,20
1970-01-01 00:00:00.000000225,64.37078,108,20
1970-01-01 00:00:00.000000224,64.88396,108,21
1970-01-01 00:00:00.000000225,64.88769,108,21
1970-01-01 00:00:00.000000226,64.870224,108,21
1970-01-01 00:00:00.000000225,65.3795,108,22
1970-01-01 00:00:00.000000226,65.387505,108,22
1970-01-01 00:00:00.000000227,65.36723,108,22
1970-01-01 00:00:00.000000226,65.4731,108,23
1970-01-01 00:00:00.000000227,65.47673,108,23
1970-01-01 00:00:00.000000228,65.45474,108,23
1970-01-01 00:00:00.000000227,65.940865,108,24
1970-01-01 00:00:00.000000228,65.949036,108,24
1970-01-01 00:00:00.000000229,65.92782,108,24
1970-01-01 00:00:00.000000228,65.22095,108,25
1970-01-01 00:00:00.000000229,65.22051,108,25
1970-01-01 00:00:00.000000230,65.19548,108,25
1970-01-01 00:00:00.000000229,65.17695,108,26
1970-01-01 00:00:00.000000230,65.18027,108,26
1970-01-01 00:00:00.000000231,65.1569,108,26
1970-01-01 00:00:00.000000230,66.43141,108,27
1970-01-01 00:00:00.000000231,66.44708,108,27
1970-01-01 00:00:00.000000232,66.42872,108,27
1970-01-01 00:00:00.000000231,67.038124,108,28
1970-01-01 00:00:00.000000232,67.053406,108,28
1970-01-01 00:00:00.000000233,67.03297,108,28
1970-01-01 00:00:00.000000232,67.3385,108,29
1970-01-01 00:00:00.000000233,67.35389,108,29
1970-01-01 00:00:00.000000234,67.32821,108,29
1970-01-01 00:00:00.000000233,68.349014,108,30
1970-01-01 00:00:00.000000234,68.369576,108,30
1970-01-01 00:00:00.000000235,68.34202,108,30
1970-01-01 00:00:00.000000234,68.875496,108,31
1970-01-01 00:00:00.000000235,68.894005,108,31
1970-01-01 00:00:00.000000236,68.86591,108,31
1970-01-01 00:00:00.000000235,69.48009,108,32
1970-01-01 00:00:00.000000236,69.50371,108,32
1970-01-01 00:00:00.000000237,69.47453,108,32
1970-01-01 00:00:00.000000236,69.95986,108,33
1970-01-01 00:00:00.000000237,69.985565,108,33
1970-01-01 00:00:00.000000238,69.96021,108,33
1970-01-01 00:00:00.000000083,69.267494,109,10
1970-01-01 00:00:00.000000084,69.29705,109,10
1970-01-01 00:00:00.000000085,70.76183,109,10
1970-01-01 00:00:00.000000505,73.8054,110,10
1970-01-01 00:00:00.000000506,73.60158,110,10
1970-01-01 00:00:00.000000507,73.27605,110,10
1970-01-01 00:00:00.000000506,73.7962,110,11
1970-01-01 00:00:00.000000507,73.6024,110,11
1970-01-01 00:00:00.000000508,73.276924,110,11
1970-01-01 00:00:00.000000507,73.95544,110,12
1970-01-01 00:00:00.000000508,73.76943,110,12
1970-01-01 00:00:00.000000509,73.44568,110,12
1970-01-01 00:00:00.000000508,73.92702,110,13
1970-01-01 00:00:00.000000509,73.7471,110,13
1970-01-01 00:00:00.000000510,73.426186,110,13
1970-01-01 00:00:00.000000509,74.46586,110,14
1970-01-01 00:00:00.000000510,74.29564,110,14
1970-01-01 00:00:00.000000511,73.97654,110,14
1970-01-01 00:00:00.000000510,74.705795,110,15
1970-01-01 00:00:00.000000511,74.54113,110,15
1970-01-01 00:00:00.000000512,74.22202,110,15
1970-01-01 00:00:00.000000511,74.96134,110,16
1970-01-01 00:00:00.000000512,74.80561,110,16
1970-01-01 00:00:00.000000513,74.49105,110,16
1970-01-01 00:00:00.000000512,75.08584,110,17
1970-01-01 00:00:00.000000513,74.94179,110,17
1970-01-01 00:00:00.000000514,74.6323,110,17
1970-01-01 00:00:00.000000513,75.6411,110,18
1970-01-01 00:00:00.000000514,75.51372,110,18
1970-01-01 00:00:00.000000515,75.217674,110,18
1970-01-01 00:00:00.000000514,75.74718,110,19
1970-01-01 00:00:00.000000515,75.63936,110,19
1970-01-01 00:00:00.000000516,75.36801,110,19
1970-01-01 00:00:00.000000515,75.952614,110,20
1970-01-01 00:00:00.000000516,75.87121,110,20
1970-01-01 00:00:00.000000517,75.624146,110,20
1970-01-01 00:00:00.000000516,76.08472,110,21
1970-01-01 00:00:00.000000517,76.02566,110,21
1970-01-01 00:00:00.000000518,75.784355,110,21
1970-01-01 00:00:00.000000517,76.59885,110,22
1970-01-01 00:00:00.000000518,76.54301,110,22
1970-01-01 00:00:00.000000519,76.32009,110,22
1970-01-01 00:00:00.000000518,76.26037,110,23
1970-01-01 00:00:00.000000519,76.21219,110,23
1970-01-01 00:00:00.000000520,76.00996,110,23
1970-01-01 00:00:00.000000519,75.829445,110,24
1970-01-01 00:00:00.000000520,75.78853,110,24
1970-01-01 00:00:00.000000521,75.5989,110,24
1970-01-01 00:00:00.000000520,74.9104,110,25
1970-01-01 00:00:00.000000521,74.867546,110,25
1970-01-01 00:00:00.000000522,74.68384,110,25
1970-01-01 00:00:00.000000521,74.68279,110,26
1970-01-01 00:00:00.000000522,74.64043,110,26
1970-01-01 00:00:00.000000523,74.456535,110,26
1970-01-01 00:00:00.000000522,74.328186,110,27
1970-01-01 00:00:00.000000523,74.28095,110,27
1970-01-01 00:00:00.000000524,74.09324,110,27
1970-01-01 00:00:00.000000523,73.65636,110,28
1970-01-01 00:00:00.000000524,73.598724,110,28
1970-01-01 00:00:00.000000525,73.38903,110,28
1970-01-01 00:00:00.000000524,73.04199,110,29
1970-01-01 00:00:00.000000525,72.95824,110,29
1970-01-01 00:00:00.000000526,72.72193,110,29
1970-01-01 00:00:00.000000525,72.756256,110,30
1970-01-01 00:00:00.000000526,72.643616,110,30
1970-01-01 00:00:00.000000527,72.39468,110,30
1970-01-01 00:00:00.000000526,72.31495,110,31
1970-01-01 00:00:00.000000527,72.18451,110,31
1970-01-01 00:00:00.000000528,71.90828,110,31
1970-01-01 00:00:00.000000527,71.899574,110,32
1970-01-01 00:00:00.000000528,71.73035,110,32
1970-01-01 00:00:00.000000529,71.43281,110,32
1970-01-01 00:00:00.000000528,72.021645,110,33
1970-01-01 00:00:00.000000529,71.8212,110,33
1970-01-01 00:00:00.000000530,71.52761,110,33
1970-01-01 00:00:00.000000529,72.35978,110,34
1970-01-01 00:00:00.000000530,72.15028,110,34
1970-01-01 00:00:00.000000531,71.843704,110,34
1970-01-01 00:00:00.000000530,72.14799,110,35
1970-01-01 00:00:00.000000531,71.90815,110,35
1970-01-01 00:00:00.000000532,71.62539,110,35
1970-01-01 00:00:00.000000531,72.306114,110,36
1970-01-01 00:00:00.000000532,72.07611,110,36
1970-01-01 00:00:00.000000533,71.81963,110,36
1970-01-01 00:00:00.000000532,71.50974,110,37
1970-01-01 00:00:00.000000533,71.294495,110,37
1970-01-01 00:00:00.000000534,71.07217,110,37
1970-01-01 00:00:00.000000533,70.07158,110,38
1970-01-01 00:00:00.000000534,69.889015,110,38
1970-01-01 00:00:00.000000535,69.71348,110,38
1970-01-01 00:00:00.000000534,70.17778,110,39
1970-01-01 00:00:00.000000535,70.047295,110,39
1970-01-01 00:00:00.000000536,69.915825,110,39
1970-01-01 00:00:00.000000535,69.19365,110,40
1970-01-01 00:00:00.000000536,69.103745,110,40
1970-01-01 00:00:00.000000537,69.006004,110,40
1970-01-01 00:00:00.000000536,68.90843,110,41
1970-01-01 00:00:00.000000537,68.86044,110,41
1970-01-01 00:00:00.000000538,68.78611,110,41
1970-01-01 00:00:00.000000537,68.22014,110,42
1970-01-01 00:00:00.000000538,68.193436,110,42
1970-01-01 00:00:00.000000539,68.13965,110,42
1970-01-01 00:00:00.000000538,66.57284,110,43
1970-01-01 00:00:00.000000539,66.56006,110,43
1970-01-01 00:00:00.000000540,66.515945,110,43
1970-01-01 00:00:00.000000539,65.575165,110,44
1970-01-01 00:00:00.000000540,65.57274,110,44
1970-01-01 00:00:00.000000541,65.5472,110,44
1970-01-01 00:00:00.000000540,64.0704,110,45
1970-01-01 00:00:00.000000541,64.07099,110,45
1970-01-01 00:00:00.000000542,64.04587,110,45
1970-01-01 00:00:00.000000541,63.20762,110,46
1970-01-01 00:00:00.000000542,63.205048,110,46
1970-01-01 00:00:00.000000543,63.189342,110,46
1970-01-01 00:00:00.000000542,62.261234,110,47
1970-01-01 00:00:00.000000543,62.256603,110,47
1970-01-01 00:00:00.000000544,62.242035,110,47
1970-01-01 00:00:00.000000543,62.25613,110,48
1970-01-01 00:00:00.000000544,62.254692,110,48
1970-01-01 00:00:00.000000545,62.24743,110,48
1970-01-01 00:00:00.000000544,60.873016,110,49
1970-01-01 00:00:00.000000545,60.857117,110,49
1970-01-01 00:00:00.000000546,60.84079,110,49
1970-01-01 00:00:00.000000545,59.694454,110,50
1970-01-01 00:00:00.000000546,59.667576,110,50
1970-01-01 00:00:00.000000547,59.652554,110,50
1970-01-01 00:00:00.000000546,58.854877,110,51
1970-01-01 00:00:00.000000547,58.825996,110,51
1970-01-01 00:00:00.000000548,58.81476,110,51
1970-01-01 00:00:00.000000547,56.896408,110,52
1970-01-01 00:00:00.000000548,56.850887,110,52
1970-01-01 00:00:00.000000549,56.83321,110,52
1970-01-01 00:00:00.000000548,56.501526,110,53
1970-01-01 00:00:00.000000549,56.463867,110,53
1970-01-01 00:00:00.000000550,56.4596,110,53
1970-01-01 00:00:00.000000549,54.87033,110,54
1970-01-01 00:00:00.000000550,54.82438,110,54
1970-01-01 00:00:00.000000551,54.822666,110,54
1970-01-01 00:00:00.000000550,57.18529,110,55
1970-01-01 00:00:00.000000551,57.184044,110,55
1970-01-01 00:00:00.000000552,57.212925,110,55
1970-01-01 00:00:00.000000551,56.027596,110,56
1970-01-01 00:00:00.000000552,56.00542,110,56
1970-01-01 00:00:00.000000553,56.016453,110,56
1970-01-01 00:00:00.000000552,54.89292,110,57
1970-01-01 00:00:00.000000553,54.86351,110,57
1970-01-01 00:00:00.000000554,54.87442,110,57
1970-01-01 00:00:00.000000553,54.199306,110,58
1970-01-01 00:00:00.000000554,54.177044,110,58
1970-01-01 00:00:00.000000555,54.20086,110,58
1970-01-01 00:00:00.000000554,54.169487,110,59
1970-01-01 00:00:00.000000555,54.164574,110,59
1970-01-01 00:00:00.000000556,54.20215,110,59
1970-01-01 00:00:00.000000555,53.62289,110,60
1970-01-01 00:00:00.000000556,53.62224,110,60
1970-01-01 00:00:00.000000557,53.665527,110,60
1970-01-01 00:00:00.000000556,53.29835,110,61
1970-01-01 00:00:00.000000557,53.305122,110,61
1970-01-01 00:00:00.000000558,53.357197,110,61
1970-01-01 00:00:00.000000557,52.450466,110,62
1970-01-01 00:00:00.000000558,52.45957,110,62
1970-01-01 00:00:00.000000559,52.518482,110,62
1970-01-01 00:00:00.000000558,52.12425,110,63
1970-01-01 00:00:00.000000559,52.14553,110,63
1970-01-01 00:00:00.000000560,52.216152,110,63
1970-01-01 00:00:00.000000559,51.70803,110,64
1970-01-01 00:00:00.000000560,51.736214,110,64
1970-01-01 00:00:00.000000561,51.81746,110,64
1970-01-01 00:00:00.000000560,47.877357,110,65
1970-01-01 00:00:00.000000561,47.883305,110,65
1970-01-01 00:00:00.000000562,47.96371,110,65
1970-01-01 00:00:00.000000561,49.29526,110,66
1970-01-01 00:00:00.000000562,49.357437,110,66
1970-01-01 00:00:00.000000563,49.484303,110,66
1970-01-01 00:00:00.000000562,51.8152,110,67
1970-01-01 00:00:00.000000563,51.908836,110,67
1970-01-01 00:00:00.000000564,52.055347,110,67
1970-01-01 00:00:00.000000563,52.954605,110,68
1970-01-01 00:00:00.000000564,53.04127,110,68
1970-01-01 00:00:00.000000565,53.173508,110,68
1970-01-01 00:00:00.000000564,51.761044,110,69
1970-01-01 00:00:00.000000565,51.817856,110,69
1970-01-01 00:00:00.000000566,51.925392,110,69
1970-01-01 00:00:00.000000565,53.03365,110,70
1970-01-01 00:00:00.000000566,53.100346,110,70
1970-01-01 00:00:00.000000567,53.212112,110,70
1970-01-01 00:00:00.000000566,55.22775,110,71
1970-01-01 00:00:00.000000567,55.30149,110,71
1970-01-01 00:00:00.000000568,55.402527,110,71
1970-01-01 00:00:00.000000567,57.204727,110,72
1970-01-01 00:00:00.000000568,57.258087,110,72
1970-01-01 00:00:00.000000569,57.380203,110,72
1970-01-01 00:00:00.000000568,56.19006,110,73
1970-01-01 00:00:00.000000569,56.23747,110,73
1970-01-01 00:00:00.000000570,56.503185,110,73
1970-01-01 00:00:00.000000569,57.646786,110,74
1970-01-01 00:00:00.000000570,57.91304,110,74
1970-01-01 00:00:00.000000571,58.008293,110,74
1970-01-01 00:00:00.000000570,49.304504,110,75
1970-01-01 00:00:00.000000571,49.33172,110,75
1970-01-01 00:00:00.000000572,49.42493,110,75
1970-01-01 00:00:00.000000571,61.4214,110,76
1970-01-01 00:00:00.000000572,61.672237,110,76
1970-01-01 00:00:00.000000573,61.932835,110,76
1970-01-01 00:00:00.000000572,62.93467,110,77
1970-01-01 00:00:00.000000573,63.221428,110,77
1970-01-01 00:00:00.000000574,63.473305,110,77
1970-01-01 00:00:00.000000573,64.95045,110,78
1970-01-01 00:00:00.000000574,65.16184,110,78
1970-01-01 00:00:00.000000575,65.33549,110,78
1970-01-01 00:00:00.000000574,72.79261,110,79
1970-01-01 00:00:00.000000575,72.90073,110,79
1970-01-01 00:00:00.000000576,72.95168,110,79
1970-01-01 00:00:00.000000575,72.07867,110,80
1970-01-01 00:00:00.000000576,72.11026,110,80
1970-01-01 00:00:00.000000577,72.10651,110,80
1970-01-01 00:00:00.000000576,88.63148,110,81
1970-01-01 00:00:00.000000577,88.50457,110,81
1970-01-01 00:00:00.000000578,88.31978,110,81
1970-01-01 00:00:00.000000577,90.9757,110,82
1970-01-01 00:00:00.000000578,90.59939,110,82
1970-01-01 00:00:00.000000579,90.17091,110,82
1970-01-01 00:00:00.000000578,92.19574,110,83
1970-01-01 00:00:00.000000579,91.92119,110,83
1970-01-01 00:00:00.000000580,91.41067,110,83
1970-01-01 00:00:00.000000579,92.788925,110,84
1970-01-01 00:00:00.000000580,92.66461,110,84
1970-01-01 00:00:00.000000581,92.305695,110,84
1970-01-01 00:00:00.000000580,93.27778,110,85
1970-01-01 00:00:00.000000581,93.206406,110,85
1970-01-01 00:00:00.000000582,92.95089,110,85
1970-01-01 00:00:00.000000183,75.8409,112,10
1970-01-01 00:00:00.000000184,76.03372,112,10
1970-01-01 00:00:00.000000185,75.55205,112,10
1970-01-01 00:00:00.000000184,76.455284,112,11
1970-01-01 00:00:00.000000185,76.14647,112,11
1970-01-01 00:00:00.000000186,75.923935,112,11
1970-01-01 00:00:00.000000185,74.72908,112,12
1970-01-01 00:00:00.000000186,74.661415,112,12
1970-01-01 00:00:00.000000187,74.452705,112,12
1970-01-01 00:00:00.000000186,69.41194,112,13
1970-01-01 00:00:00.000000187,69.302055,112,13
1970-01-01 00:00:00.000000188,69.07548,112,13
1970-01-01 00:00:00.000000187,62.761936,112,14
1970-01-01 00:00:00.000000188,62.55113,112,14
1970-01-01 00:00:00.000000189,62.271297,112,14
1970-01-01 00:00:00.000000188,64.53551,112,15
1970-01-01 00:00:00.000000189,64.301056,112,15
1970-01-01 00:00:00.000000190,64.05864,112,15
1970-01-01 00:00:00.000000189,64.12539,112,16
1970-01-01 00:00:00.000000190,63.95145,112,16
1970-01-01 00:00:00.000000191,63.812943,112,16
1970-01-01 00:00:00.000000190,64.67386,112,17
1970-01-01 00:00:00.000000191,64.61214,112,17
1970-01-01 00:00:00.000000192,64.5523,112,17
1970-01-01 00:00:00.000000191,65.32901,112,18
1970-01-01 00:00:00.000000192,65.319565,112,18
1970-01-01 00:00:00.000000193,65.28911,112,18
1970-01-01 00:00:00.000000192,65.78504,112,19
1970-01-01 00:00:00.000000193,65.79084,112,19
1970-01-01 00:00:00.000000194,65.76813,112,19
1970-01-01 00:00:00.000000193,65.93123,112,20
1970-01-01 00:00:00.000000194,65.93985,112,20
1970-01-01 00:00:00.000000195,65.915794,112,20
1970-01-01 00:00:00.000000194,65.14499,112,21
1970-01-01 00:00:00.000000195,65.14367,112,21
1970-01-01 00:00:00.000000196,65.11543,112,21
1970-01-01 00:00:00.000000195,65.85887,112,22
1970-01-01 00:00:00.000000196,65.867165,112,22
1970-01-01 00:00:00.000000197,65.844185,112,22
1970-01-01 00:00:00.000000196,65.76998,112,23
1970-01-01 00:00:00.000000197,65.77447,112,23
1970-01-01 00:00:00.000000198,65.74807,112,23
1970-01-01 00:00:00.000000197,66.04823,112,24
1970-01-01 00:00:00.000000198,66.054565,112,24
1970-01-01 00:00:00.000000199,66.029434,112,24
1970-01-01 00:00:00.000000198,66.516205,112,25
1970-01-01 00:00:00.000000199,66.526474,112,25
1970-01-01 00:00:00.000000200,66.50132,112,25
1970-01-01 00:00:00.000000199,66.75979,112,26
1970-01-01 00:00:00.000000200,66.76978,112,26
1970-01-01 00:00:00.000000201,66.74332,112,26
1970-01-01 00:00:00.000000200,66.55677,112,27
1970-01-01 00:00:00.000000201,66.56371,112,27
1970-01-01 00:00:00.000000202,66.534676,112,27
1970-01-01 00:00:00.000000201,67.33182,112,28
1970-01-01 00:00:00.000000202,67.346504,112,28
1970-01-01 00:00:00.000000203,67.38868,112,28
1970-01-01 00:00:00.000000172,68.813446,113,10
1970-01-01 00:00:00.000000173,68.89984,113,10
1970-01-01 00:00:00.000000174,68.92955,113,10
1970-01-01 00:00:00.000000173,68.65921,113,11
1970-01-01 00:00:00.000000174,68.742836,113,11
1970-01-01 00:00:00.000000175,68.769196,113,11
1970-01-01 00:00:00.000000174,68.3668,113,12
1970-01-01 00:00:00.000000175,68.444595,113,12
1970-01-01 00:00:00.000000176,68.47793,113,12
1970-01-01 00:00:00.000000175,67.854866,113,13
1970-01-01 00:00:00.000000176,67.93573,113,13
1970-01-01 00:00:00.000000177,67.97376,113,13
1970-01-01 00:00:00.000000176,67.83349,113,14
1970-01-01 00:00:00.000000177,67.92112,113,14
1970-01-01 00:00:00.000000178,67.95512,113,14
1970-01-01 00:00:00.000000177,68.14459,113,15
1970-01-01 00:00:00.000000178,68.22888,113,15
1970-01-01 00:00:00.000000179,68.26542,113,15
1970-01-01 00:00:00.000000178,67.133644,113,16
1970-01-01 00:00:00.000000179,67.20827,113,16
1970-01-01 00:00:00.000000180,67.24058,113,16
1970-01-01 00:00:00.000000179,67.468,113,17
1970-01-01 00:00:00.000000180,67.54946,113,17
1970-01-01 00:00:00.000000181,67.58674,113,17
1970-01-01 00:00:00.000000180,66.05865,113,18
1970-01-01 00:00:00.000000181,66.12603,113,18
1970-01-01 00:00:00.000000182,66.15622,113,18
1970-01-01 00:00:00.000000181,66.417404,113,19
1970-01-01 00:00:00.000000182,66.4917,113,19
1970-01-01 00:00:00.000000183,66.52498,113,19
1970-01-01 00:00:00.000000182,65.15693,113,20
1970-01-01 00:00:00.000000183,65.21469,113,20
1970-01-01 00:00:00.000000184,65.2544,113,20
1970-01-01 00:00:00.000000183,65.01957,113,21
1970-01-01 00:00:00.000000184,65.09156,113,21
1970-01-01 00:00:00.000000185,65.141174,113,21
1970-01-01 00:00:00.000000184,63.61278,113,22
1970-01-01 00:00:00.000000185,63.675297,113,22
1970-01-01 00:00:00.000000186,63.718727,113,22
1970-01-01 00:00:00.000000185,63.860573,113,23
1970-01-01 00:00:00.000000186,63.92908,113,23
1970-01-01 00:00:00.000000187,63.98324,113,23
1970-01-01 00:00:00.000000186,64.455574,113,24
1970-01-01 00:00:00.000000187,64.53166,113,24
1970-01-01 00:00:00.000000188,64.59083,113,24
1970-01-01 00:00:00.000000187,64.6239,113,25
1970-01-01 00:00:00.000000188,64.699005,113,25
1970-01-01 00:00:00.000000189,64.754814,113,25
1970-01-01 00:00:00.000000188,63.459435,113,26
1970-01-01 00:00:00.000000189,63.517994,113,26
1970-01-01 00:00:00.000000190,63.569706,113,26
1970-01-01 00:00:00.000000157,54.97552,114,10
1970-01-01 00:00:00.000000158,54.973824,114,10
1970-01-01 00:00:00.000000159,55.007362,114,10
1970-01-01 00:00:00.000000158,54.777554,114,11
1970-01-01 00:00:00.000000159,54.7764,114,11
1970-01-01 00:00:00.000000160,54.810215,114,11
1970-01-01 00:00:00.000000159,54.54869,114,12
1970-01-01 00:00:00.000000160,54.548035,114,12
1970-01-01 00:00:00.000000161,54.58512,114,12
1970-01-01 00:00:00.000000160,54.64305,114,13
1970-01-01 00:00:00.000000161,54.64815,114,13
1970-01-01 00:00:00.000000162,54.689228,114,13
1970-01-01 00:00:00.000000161,54.93026,114,14
1970-01-01 00:00:00.000000162,54.938686,114,14
1970-01-01 00:00:00.000000163,55.02343,114,14
1970-01-01 00:00:00.000000162,54.588924,114,15
1970-01-01 00:00:00.000000163,54.631897,114,15
1970-01-01 00:00:00.000000164,54.796425,114,15
1970-01-01 00:00:00.000000163,54.819534,114,16
1970-01-01 00:00:00.000000164,54.9514,114,16
1970-01-01 00:00:00.000000165,55.2187,114,16
1970-01-01 00:00:00.000000164,54.760803,114,17
1970-01-01 00:00:00.000000165,54.97256,114,17
1970-01-01 00:00:00.000000166,55.2368,114,17
1970-01-01 00:00:00.000000165,59.128063,114,18
1970-01-01 00:00:00.000000166,59.457783,114,18
1970-01-01 00:00:00.000000167,59.75371,114,18
1970-01-01 00:00:00.000000166,89.17612,114,19
1970-01-01 00:00:00.000000167,89.376945,114,19
1970-01-01 00:00:00.000000168,89.39884,114,19
1970-01-01 00:00:00.000000167,91.35364,114,20
1970-01-01 00:00:00.000000168,91.41338,114,20
1970-01-01 00:00:00.000000169,91.30946,114,20
1970-01-01 00:00:00.000000168,92.45603,114,21
1970-01-01 00:00:00.000000169,92.42022,114,21
1970-01-01 00:00:00.000000170,92.27044,114,21
1970-01-01 00:00:00.000000169,93.3197,114,22
1970-01-01 00:00:00.000000170,93.06743,114,22
1970-01-01 00:00:00.000000171,92.76728,114,22
1970-01-01 00:00:00.000000170,94.21526,114,23
1970-01-01 00:00:00.000000171,93.822716,114,23
1970-01-01 00:00:00.000000172,93.29,114,23
1970-01-01 00:00:00.000000086,91.70328,115,10
1970-01-01 00:00:00.000000087,91.337166,115,10
1970-01-01 00:00:00.000000088,90.83569,115,10
1970-01-01 00:00:00.000000087,92.57667,115,11
1970-01-01 00:00:00.000000088,92.35014,115,11
1970-01-01 00:00:00.000000089,91.88064,115,11
1970-01-01 00:00:00.000000096,70.28558,117,10
1970-01-01 00:00:00.000000097,70.3126,117,10
1970-01-01 00:00:00.000000098,70.27951,117,10
1970-01-01 00:00:00.000000097,70.56133,117,11
1970-01-01 00:00:00.000000098,70.58893,117,11
1970-01-01 00:00:00.000000099,70.55544,117,11
1970-01-01 00:00:00.000000098,70.512024,117,12
1970-01-01 00:00:00.000000099,70.53662,117,12
1970-01-01 00:00:00.000000100,70.6087,117,12
1970-01-01 00:00:00.000000082,68.13424,118,10
1970-01-01 00:00:00.000000083,68.2164,118,10
1970-01-01 00:00:00.000000084,68.435616,118,10
1970-01-01 00:00:00.000000109,50.558086,121,10
1970-01-01 00:00:00.000000110,50.633545,121,10
1970-01-01 00:00:00.000000111,50.777462,121,10
1970-01-01 00:00:00.000000110,50.41687,121,11
1970-01-01 00:00:00.000000111,50.501854,121,11
1970-01-01 00:00:00.000000112,50.64894,121,11
1970-01-01 00:00:00.000000111,50.53435,121,12
1970-01-01 00:00:00.000000112,50.62225,121,12
1970-01-01 00:00:00.000000113,50.77217,121,12
1970-01-01 00:00:00.000000112,51.65947,121,13
1970-01-01 00:00:00.000000113,51.757057,121,13
1970-01-01 00:00:00.000000114,51.9123,121,13
1970-01-01 00:00:00.000000113,52.260574,121,14
1970-01-01 00:00:00.000000114,52.355164,121,14
1970-01-01 00:00:00.000000115,52.50258,121,14
1970-01-01 00:00:00.000000114,53.26455,121,15
1970-01-01 00:00:00.000000115,53.355755,121,15
1970-01-01 00:00:00.000000116,53.607506,121,15
1970-01-01 00:00:00.000000165,71.65209,122,10
1970-01-01 00:00:00.000000166,71.69088,122,10
1970-01-01 00:00:00.000000167,71.66375,122,10
1970-01-01 00:00:00.000000166,68.057816,122,11
1970-01-01 00:00:00.000000167,68.063354,122,11
1970-01-01 00:00:00.000000168,68.02517,122,11
1970-01-01 00:00:00.000000167,66.474075,122,12
1970-01-01 00:00:00.000000168,66.48221,122,12
1970-01-01 00:00:00.000000169,66.44934,122,12
1970-01-01 00:00:00.000000168,64.12159,122,13
1970-01-01 00:00:00.000000169,64.11626,122,13
1970-01-01 00:00:00.000000170,64.0851,122,13
1970-01-01 00:00:00.000000169,67.19014,122,14
1970-01-01 00:00:00.000000170,67.22448,122,14
1970-01-01 00:00:00.000000171,67.21926,122,14
1970-01-01 00:00:00.000000170,67.90849,122,15
1970-01-01 00:00:00.000000171,67.94072,122,15
1970-01-01 00:00:00.000000172,67.92897,122,15
1970-01-01 00:00:00.000000171,68.196625,122,16
1970-01-01 00:00:00.000000172,68.22552,122,16
1970-01-01 00:00:00.000000173,68.2135,122,16
1970-01-01 00:00:00.000000172,66.16457,122,17
1970-01-01 00:00:00.000000173,66.17655,122,17
1970-01-01 00:00:00.000000174,66.14386,122,17
1970-01-01 00:00:00.000000173,67.220215,122,18
1970-01-01 00:00:00.000000174,67.23971,122,18
1970-01-01 00:00:00.000000175,67.205574,122,18
1970-01-01 00:00:00.000000174,65.40086,122,19
1970-01-01 00:00:00.000000175,65.389755,122,19
1970-01-01 00:00:00.000000176,65.348885,122,19
1970-01-01 00:00:00.000000175,63.42913,122,20
1970-01-01 00:00:00.000000176,63.40626,122,20
1970-01-01 00:00:00.000000177,63.373108,122,20
1970-01-01 00:00:00.000000176,62.232544,122,21
1970-01-01 00:00:00.000000177,62.215206,122,21
1970-01-01 00:00:00.000000178,62.19233,122,21
1970-01-01 00:00:00.000000177,59.909668,122,22
1970-01-01 00:00:00.000000178,59.877747,122,22
1970-01-01 00:00:00.000000179,59.85247,122,22
1970-01-01 00:00:00.000000178,61.886387,122,23
1970-01-01 00:00:00.000000179,61.888306,122,23
1970-01-01 00:00:00.000000180,61.888683,122,23
1970-01-01 00:00:00.000000179,63.93315,122,24
1970-01-01 00:00:00.000000180,63.95059,122,24
1970-01-01 00:00:00.000000181,63.95057,122,24
1970-01-01 00:00:00.000000180,62.326878,122,25
1970-01-01 00:00:00.000000181,62.310154,122,25
1970-01-01 00:00:00.000000182,62.347733,122,25
1970-01-01 00:00:00.000000101,69.636955,123,10
1970-01-01 00:00:00.000000102,69.67135,123,10
1970-01-01 00:00:00.000000103,69.64438,123,10
1970-01-01 00:00:00.000000102,68.66317,123,11
1970-01-01 00:00:00.000000103,68.68177,123,11
1970-01-01 00:00:00.000000104,68.64767,123,11
1970-01-01 00:00:00.000000103,67.39511,123,12
1970-01-01 00:00:00.000000104,67.4026,123,12
1970-01-01 00:00:00.000000105,67.35627,123,12
1970-01-01 00:00:00.000000104,65.18092,123,13
1970-01-01 00:00:00.000000105,65.16279,123,13
1970-01-01 00:00:00.000000106,65.121025,123,13
1970-01-01 00:00:00.000000105,63.5454,123,14
1970-01-01 00:00:00.000000106,63.528484,123,14
1970-01-01 00:00:00.000000107,63.49032,123,14
1970-01-01 00:00:00.000000107,73.469574,124,10
1970-01-01 00:00:00.000000108,73.6191,124,10
1970-01-01 00:00:00.000000109,73.75788,124,10
1970-01-01 00:00:00.000000108,90.53774,124,11
1970-01-01 00:00:00.000000109,90.50518,124,11
1970-01-01 00:00:00.000000110,90.37118,124,11
1970-01-01 00:00:00.000000109,92.014946,124,12
1970-01-01 00:00:00.000000110,91.75857,124,12
1970-01-01 00:00:00.000000111,91.44342,124,12
1970-01-01 00:00:00.000000110,92.92335,124,13
1970-01-01 00:00:00.000000111,92.550026,124,13
1970-01-01 00:00:00.000000112,92.09858,124,13
1970-01-01 00:00:00.000000111,93.33008,124,14
1970-01-01 00:00:00.000000112,92.94171,124,14
1970-01-01 00:00:00.000000113,92.44263,124,14
1970-01-01 00:00:00.000000164,55.539978,125,10
1970-01-01 00:00:00.000000165,55.5241,125,10
1970-01-01 00:00:00.000000166,55.541763,125,10
1970-01-01 00:00:00.000000165,55.48497,125,11
1970-01-01 00:00:00.000000166,55.46947,125,11
1970-01-01 00:00:00.000000167,55.482864,125,11
1970-01-01 00:00:00.000000166,55.85518,125,12
1970-01-01 00:00:00.000000167,55.83873,125,12
1970-01-01 00:00:00.000000168,55.8576,125,12
1970-01-01 00:00:00.000000167,54.65148,125,13
1970-01-01 00:00:00.000000168,54.62511,125,13
1970-01-01 00:00:00.000000169,54.6371,125,13
1970-01-01 00:00:00.000000168,55.745415,125,14
1970-01-01 00:00:00.000000169,55.738186,125,14
1970-01-01 00:00:00.000000170,55.76187,125,14
1970-01-01 00:00:00.000000169,55.653286,125,15
1970-01-01 00:00:00.000000170,55.638504,125,15
1970-01-01 00:00:00.000000171,55.65589,125,15
1970-01-01 00:00:00.000000170,54.873547,125,16
1970-01-01 00:00:00.000000171,54.849552,125,16
1970-01-01 00:00:00.000000172,54.97019,125,16
1970-01-01 00:00:00.000000171,54.818485,125,17
1970-01-01 00:00:00.000000172,54.906017,125,17
1970-01-01 00:00:00.000000173,55.141167,125,17
1970-01-01 00:00:00.000000172,55.95657,125,18
1970-01-01 00:00:00.000000173,56.200344,125,18
1970-01-01 00:00:00.000000174,56.222336,125,18
1970-01-01 00:00:00.000000173,55.458065,125,19
1970-01-01 00:00:00.000000174,55.45402,125,19
1970-01-01 00:00:00.000000175,55.53111,125,19
1970-01-01 00:00:00.000000174,74.04354,125,20
1970-01-01 00:00:00.000000175,74.16959,125,20
1970-01-01 00:00:00.000000176,74.26967,125,20
1970-01-01 00:00:00.000000175,88.51012,125,21
1970-01-01 00:00:00.000000176,88.60218,125,21
1970-01-01 00:00:00.000000177,88.55176,125,21
1970-01-01 00:00:00.000000176,89.85685,125,22
1970-01-01 00:00:00.000000177,89.88081,125,22
1970-01-01 00:00:00.000000178,89.762436,125,22
1970-01-01 00:00:00.000000177,90.83071,125,23
1970-01-01 00:00:00.000000178,90.77017,125,23
1970-01-01 00:00:00.000000179,90.59917,125,23
1970-01-01 00:00:00.000000178,91.84051,125,24
1970-01-01 00:00:00.000000179,91.51481,125,24
1970-01-01 00:00:00.000000180,91.19349,125,24
1970-01-01 00:00:00.000000208,53.987865,126,10
1970-01-01 00:00:00.000000209,53.951447,126,10
1970-01-01 00:00:00.000000210,53.983265,126,10
1970-01-01 00:00:00.000000209,53.504436,126,11
1970-01-01 00:00:00.000000210,53.50146,126,11
1970-01-01 00:00:00.000000211,53.54603,126,11
1970-01-01 00:00:00.000000210,55.38735,126,12
1970-01-01 00:00:00.000000211,55.414726,126,12
1970-01-01 00:00:00.000000212,55.477417,126,12
1970-01-01 00:00:00.000000211,57.328392,126,13
1970-01-01 00:00:00.000000212,57.360138,126,13
1970-01-01 00:00:00.000000213,57.417564,126,13
1970-01-01 00:00:00.000000212,58.773247,126,14
1970-01-01 00:00:00.000000213,58.791927,126,14
1970-01-01 00:00:00.000000214,58.829136,126,14
1970-01-01 00:00:00.000000213,59.854156,126,15
1970-01-01 00:00:00.000000214,59.8553,126,15
1970-01-01 00:00:00.000000215,59.871613,126,15
1970-01-01 00:00:00.000000214,61.323036,126,16
1970-01-01 00:00:00.000000215,61.315414,126,16
1970-01-01 00:00:00.000000216,61.31696,126,16
1970-01-01 00:00:00.000000215,62.54954,126,17
1970-01-01 00:00:00.000000216,62.53406,126,17
1970-01-01 00:00:00.000000217,62.52194,126,17
1970-01-01 00:00:00.000000216,66.11394,126,18
1970-01-01 00:00:00.000000217,66.117065,126,18
1970-01-01 00:00:00.000000218,66.10507,126,18
1970-01-01 00:00:00.000000217,66.34332,126,19
1970-01-01 00:00:00.000000218,66.33132,126,19
1970-01-01 00:00:00.000000219,66.298294,126,19
1970-01-01 00:00:00.000000218,68.106606,126,20
1970-01-01 00:00:00.000000219,68.10797,126,20
1970-01-01 00:00:00.000000220,68.07646,126,20
1970-01-01 00:00:00.000000219,69.20249,126,21
1970-01-01 00:00:00.000000220,69.21101,126,21
1970-01-01 00:00:00.000000221,69.17731,126,21
1970-01-01 00:00:00.000000220,71.16066,126,22
1970-01-01 00:00:00.000000221,71.18424,126,22
1970-01-01 00:00:00.000000222,71.1517,126,22
1970-01-01 00:00:00.000000221,72.193306,126,23
1970-01-01 00:00:00.000000222,72.22082,126,23
1970-01-01 00:00:00.000000223,72.183334,126,23
1970-01-01 00:00:00.000000222,72.89124,126,24
1970-01-01 00:00:00.000000223,72.920906,126,24
1970-01-01 00:00:00.000000224,72.87841,126,24
1970-01-01 00:00:00.000000223,72.929855,126,25
1970-01-01 00:00:00.000000224,72.9559,126,25
1970-01-01 00:00:00.000000225,72.90597,126,25
1970-01-01 00:00:00.000000224,73.02324,126,26
1970-01-01 00:00:00.000000225,73.04341,126,26
1970-01-01 00:00:00.000000226,72.97237,126,26
1970-01-01 00:00:00.000000225,72.62077,126,27
1970-01-01 00:00:00.000000226,72.61252,126,27
1970-01-01 00:00:00.000000227,72.55872,126,27
1970-01-01 00:00:00.000000226,72.668564,126,28
1970-01-01 00:00:00.000000227,72.67021,126,28
1970-01-01 00:00:00.000000228,72.60974,126,28
1970-01-01 00:00:00.000000227,73.28319,126,29
1970-01-01 00:00:00.000000228,73.2602,126,29
1970-01-01 00:00:00.000000229,73.185295,126,29
1970-01-01 00:00:00.000000228,74.09162,126,30
1970-01-01 00:00:00.000000229,74.01504,126,30
1970-01-01 00:00:00.000000230,73.89597,126,30
1970-01-01 00:00:00.000000229,75.436005,126,31
1970-01-01 00:00:00.000000230,75.260025,126,31
1970-01-01 00:00:00.000000231,75.05424,126,31
1970-01-01 00:00:00.000000230,75.451744,126,32
1970-01-01 00:00:00.000000231,75.19099,126,32
1970-01-01 00:00:00.000000232,74.91987,126,32
1970-01-01 00:00:00.000000188,66.66544,127,10
1970-01-01 00:00:00.000000189,66.68078,127,10
1970-01-01 00:00:00.000000190,66.70251,127,10
1970-01-01 00:00:00.000000189,66.78161,127,11
1970-01-01 00:00:00.000000190,66.839714,127,11
1970-01-01 00:00:00.000000191,66.82983,127,11
1970-01-01 00:00:00.000000190,67.22567,127,12
1970-01-01 00:00:00.000000191,67.254555,127,12
1970-01-01 00:00:00.000000192,67.23318,127,12
1970-01-01 00:00:00.000000191,67.131996,127,13
1970-01-01 00:00:00.000000192,67.1458,127,13
1970-01-01 00:00:00.000000193,67.12169,127,13
1970-01-01 00:00:00.000000192,66.071754,127,14
1970-01-01 00:00:00.000000193,66.075195,127,14
1970-01-01 00:00:00.000000194,66.04805,127,14
1970-01-01 00:00:00.000000193,65.75694,127,15
1970-01-01 00:00:00.000000194,65.76265,127,15
1970-01-01 00:00:00.000000195,65.73947,127,15
1970-01-01 00:00:00.000000194,65.60541,127,16
1970-01-01 00:00:00.000000195,65.61259,127,16
1970-01-01 00:00:00.000000196,65.59193,127,16
1970-01-01 00:00:00.000000195,65.6468,127,17
1970-01-01 00:00:00.000000196,65.65547,127,17
1970-01-01 00:00:00.000000197,65.63652,127,17
1970-01-01 00:00:00.000000196,65.18096,127,18
1970-01-01 00:00:00.000000197,65.18494,127,18
1970-01-01 00:00:00.000000198,65.164085,127,18
1970-01-01 00:00:00.000000197,65.302246,127,19
1970-01-01 00:00:00.000000198,65.30891,127,19
1970-01-01 00:00:00.000000199,65.290215,127,19
1970-01-01 00:00:00.000000198,65.42458,127,20
1970-01-01 00:00:00.000000199,65.43182,127,20
1970-01-01 00:00:00.000000200,65.41357,127,20
1970-01-01 00:00:00.000000199,65.64572,127,21
1970-01-01 00:00:00.000000200,65.65407,127,21
1970-01-01 00:00:00.000000201,65.63556,127,21
1970-01-01 00:00:00.000000200,64.73252,127,22
1970-01-01 00:00:00.000000201,64.73036,127,22
1970-01-01 00:00:00.000000202,64.707275,127,22
1970-01-01 00:00:00.000000201,65.81475,127,23
1970-01-01 00:00:00.000000202,65.82677,127,23
1970-01-01 00:00:00.000000203,65.81083,127,23
1970-01-01 00:00:00.000000202,63.549423,127,24
1970-01-01 00:00:00.000000203,63.53475,127,24
1970-01-01 00:00:00.000000204,63.506283,127,24
1970-01-01 00:00:00.000000203,61.747433,127,25
1970-01-01 00:00:00.000000204,61.722973,127,25
1970-01-01 00:00:00.000000205,61.696377,127,25
1970-01-01 00:00:00.000000204,59.62117,127,26
1970-01-01 00:00:00.000000205,59.5849,127,26
1970-01-01 00:00:00.000000206,59.560375,127,26
1970-01-01 00:00:00.000000205,57.732082,127,27
1970-01-01 00:00:00.000000206,57.68771,127,27
1970-01-01 00:00:00.000000207,57.668507,127,27
1970-01-01 00:00:00.000000206,54.857254,127,28
1970-01-01 00:00:00.000000207,54.794415,127,28
1970-01-01 00:00:00.000000208,54.776413,127,28
1970-01-01 00:00:00.000000207,51.748596,127,29
1970-01-01 00:00:00.000000208,51.678627,127,29
1970-01-01 00:00:00.000000209,51.673443,127,29
1970-01-01 00:00:00.000000082,93.95788,129,10
1970-01-01 00:00:00.000000083,93.84687,129,10
1970-01-01 00:00:00.000000084,93.50075,129,10
