sequence_index,first_chamber_filling,block_idx,fcst_origin
1970-01-01 00:00:00.000000097,97.20471,0,10
1970-01-01 00:00:00.000000098,97.55814,0,10
1970-01-01 00:00:00.000000098,98.31796,0,11
1970-01-01 00:00:00.000000099,98.32587,0,11
1970-01-01 00:00:00.000000099,97.882706,0,12
1970-01-01 00:00:00.000000100,97.78723,0,12
1970-01-01 00:00:00.000000100,97.41494,0,13
1970-01-01 00:00:00.000000101,97.44983,0,13
1970-01-01 00:00:00.000000101,97.41135,0,14
1970-01-01 00:00:00.000000102,97.44205,0,14
1970-01-01 00:00:00.000000081,95.66353,1,10
1970-01-01 00:00:00.000000082,95.62577,1,10
1970-01-01 00:00:00.000000082,95.5988,1,11
1970-01-01 00:00:00.000000083,95.57716,1,11
1970-01-01 00:00:00.000000079,96.97234,4,10
1970-01-01 00:00:00.000000080,96.97747,4,10
1970-01-01 00:00:00.000000080,96.94796,4,11
1970-01-01 00:00:00.000000081,96.94294,4,11
1970-01-01 00:00:00.000000079,96.68896,5,10
1970-01-01 00:00:00.000000080,96.706764,5,10
1970-01-01 00:00:00.000000080,96.53364,5,11
1970-01-01 00:00:00.000000081,96.55547,5,11
1970-01-01 00:00:00.000000119,93.74815,11,10
1970-01-01 00:00:00.000000120,93.75304,11,10
1970-01-01 00:00:00.000000120,93.65413,11,11
1970-01-01 00:00:00.000000121,93.66575,11,11
1970-01-01 00:00:00.000000121,93.603355,11,12
1970-01-01 00:00:00.000000122,93.614685,11,12
1970-01-01 00:00:00.000000122,93.5364,11,13
1970-01-01 00:00:00.000000123,93.54301,11,13
1970-01-01 00:00:00.000000123,93.76264,11,14
1970-01-01 00:00:00.000000124,93.76979,11,14
1970-01-01 00:00:00.000000124,94.28319,11,15
1970-01-01 00:00:00.000000125,94.38508,11,15
1970-01-01 00:00:00.000000125,94.34293,11,16
1970-01-01 00:00:00.000000126,94.33908,11,16
1970-01-01 00:00:00.000000126,94.64976,11,17
1970-01-01 00:00:00.000000127,94.70875,11,17
1970-01-01 00:00:00.000000127,94.623604,11,18
1970-01-01 00:00:00.000000128,94.58267,11,18
1970-01-01 00:00:00.000000113,97.140335,12,10
1970-01-01 00:00:00.000000114,97.14173,12,10
1970-01-01 00:00:00.000000114,97.07291,12,11
1970-01-01 00:00:00.000000115,97.05083,12,11
1970-01-01 00:00:00.000000115,96.85306,12,12
1970-01-01 00:00:00.000000116,96.878044,12,12
1970-01-01 00:00:00.000000116,96.41256,12,13
1970-01-01 00:00:00.000000117,96.44253,12,13
1970-01-01 00:00:00.000000117,96.345116,12,14
1970-01-01 00:00:00.000000118,96.40124,12,14
1970-01-01 00:00:00.000000118,96.41527,12,15
1970-01-01 00:00:00.000000119,96.43477,12,15
1970-01-01 00:00:00.000000119,96.153206,12,16
1970-01-01 00:00:00.000000120,96.172844,12,16
1970-01-01 00:00:00.000000120,95.918625,12,17
1970-01-01 00:00:00.000000121,95.93731,12,17
1970-01-01 00:00:00.000000157,100.0,13,10
1970-01-01 00:00:00.000000158,100.0,13,10
1970-01-01 00:00:00.000000158,100.0,13,11
1970-01-01 00:00:00.000000159,100.0,13,11
1970-01-01 00:00:00.000000159,100.0,13,12
1970-01-01 00:00:00.000000160,100.0,13,12
1970-01-01 00:00:00.000000160,100.0,13,13
1970-01-01 00:00:00.000000161,100.0,13,13
1970-01-01 00:00:00.000000161,99.9766,13,14
1970-01-01 00:00:00.000000162,99.98685,13,14
1970-01-01 00:00:00.000000162,99.82846,13,15
1970-01-01 00:00:00.000000163,99.87315,13,15
1970-01-01 00:00:00.000000163,99.85661,13,16
1970-01-01 00:00:00.000000164,99.88758,13,16
1970-01-01 00:00:00.000000164,99.89347,13,17
1970-01-01 00:00:00.000000165,99.902916,13,17
1970-01-01 00:00:00.000000165,99.89351,13,18
1970-01-01 00:00:00.000000166,99.89314,13,18
1970-01-01 00:00:00.000000166,99.88958,13,19
1970-01-01 00:00:00.000000167,99.890175,13,19
1970-01-01 00:00:00.000000167,99.888695,13,20
1970-01-01 00:00:00.000000168,99.88942,13,20
1970-01-01 00:00:00.000000168,99.90323,13,21
1970-01-01 00:00:00.000000169,99.90093,13,21
1970-01-01 00:00:00.000000169,99.89714,13,22
1970-01-01 00:00:00.000000170,99.89459,13,22
1970-01-01 00:00:00.000000170,99.902466,13,23
1970-01-01 00:00:00.000000171,99.90189,13,23
1970-01-01 00:00:00.000000171,99.89947,13,24
1970-01-01 00:00:00.000000172,99.89747,13,24
1970-01-01 00:00:00.000000141,99.5992,15,10
1970-01-01 00:00:00.000000142,99.58066,15,10
1970-01-01 00:00:00.000000142,99.72013,15,11
1970-01-01 00:00:00.000000143,99.71227,15,11
1970-01-01 00:00:00.000000143,99.86047,15,12
1970-01-01 00:00:00.000000144,99.86128,15,12
1970-01-01 00:00:00.000000144,100.0,15,13
1970-01-01 00:00:00.000000145,100.0,15,13
1970-01-01 00:00:00.000000145,100.0,15,14
1970-01-01 00:00:00.000000146,100.0,15,14
1970-01-01 00:00:00.000000146,100.0,15,15
1970-01-01 00:00:00.000000147,100.0,15,15
1970-01-01 00:00:00.000000147,100.0,15,16
1970-01-01 00:00:00.000000148,100.0,15,16
1970-01-01 00:00:00.000000148,100.0,15,17
1970-01-01 00:00:00.000000149,100.0,15,17
1970-01-01 00:00:00.000000149,100.0,15,18
1970-01-01 00:00:00.000000150,100.0,15,18
1970-01-01 00:00:00.000000150,100.0,15,19
1970-01-01 00:00:00.000000151,100.0,15,19
1970-01-01 00:00:00.000000151,100.0,15,20
1970-01-01 00:00:00.000000152,100.0,15,20
1970-01-01 00:00:00.000000152,100.0,15,21
1970-01-01 00:00:00.000000153,100.0,15,21
1970-01-01 00:00:00.000000156,95.594185,16,10
1970-01-01 00:00:00.000000157,95.57723,16,10
1970-01-01 00:00:00.000000157,95.67189,16,11
1970-01-01 00:00:00.000000158,95.66032,16,11
1970-01-01 00:00:00.000000158,95.9261,16,12
1970-01-01 00:00:00.000000159,95.94854,16,12
1970-01-01 00:00:00.000000159,96.03524,16,13
1970-01-01 00:00:00.000000160,96.034065,16,13
1970-01-01 00:00:00.000000160,95.83035,16,14
1970-01-01 00:00:00.000000161,95.80129,16,14
1970-01-01 00:00:00.000000161,95.642715,16,15
1970-01-01 00:00:00.000000162,95.64257,16,15
1970-01-01 00:00:00.000000162,95.61923,16,16
1970-01-01 00:00:00.000000163,95.631325,16,16
1970-01-01 00:00:00.000000163,95.445076,16,17
1970-01-01 00:00:00.000000164,95.44415,16,17
1970-01-01 00:00:00.000000164,95.02993,16,18
1970-01-01 00:00:00.000000165,95.02239,16,18
1970-01-01 00:00:00.000000165,95.256714,16,19
1970-01-01 00:00:00.000000166,95.27859,16,19
1970-01-01 00:00:00.000000166,95.77915,16,20
1970-01-01 00:00:00.000000167,95.82097,16,20
1970-01-01 00:00:00.000000167,95.65795,16,21
1970-01-01 00:00:00.000000168,95.60865,16,21
1970-01-01 00:00:00.000000168,95.86993,16,22
1970-01-01 00:00:00.000000169,95.90415,16,22
1970-01-01 00:00:00.000000169,96.23741,16,23
1970-01-01 00:00:00.000000170,96.293045,16,23
1970-01-01 00:00:00.000000170,96.102844,16,24
1970-01-01 00:00:00.000000171,96.03522,16,24
1970-01-01 00:00:00.000000123,93.62835,17,10
1970-01-01 00:00:00.000000124,93.611824,17,10
1970-01-01 00:00:00.000000124,93.623955,17,11
1970-01-01 00:00:00.000000125,93.622284,17,11
1970-01-01 00:00:00.000000125,93.57184,17,12
1970-01-01 00:00:00.000000126,93.57145,17,12
1970-01-01 00:00:00.000000126,93.31588,17,13
1970-01-01 00:00:00.000000127,93.333496,17,13
1970-01-01 00:00:00.000000127,93.320946,17,14
1970-01-01 00:00:00.000000128,93.362465,17,14
1970-01-01 00:00:00.000000128,92.42977,17,15
1970-01-01 00:00:00.000000129,92.50887,17,15
1970-01-01 00:00:00.000000129,91.352776,17,16
1970-01-01 00:00:00.000000130,91.48154,17,16
1970-01-01 00:00:00.000000130,90.42702,17,17
1970-01-01 00:00:00.000000131,90.56802,17,17
1970-01-01 00:00:00.000000131,88.012024,17,18
1970-01-01 00:00:00.000000132,88.27736,17,18
1970-01-01 00:00:00.000000134,99.59857,19,10
1970-01-01 00:00:00.000000135,99.59556,19,10
1970-01-01 00:00:00.000000135,99.597916,19,11
1970-01-01 00:00:00.000000136,99.59644,19,11
1970-01-01 00:00:00.000000136,99.59449,19,12
1970-01-01 00:00:00.000000137,99.59332,19,12
1970-01-01 00:00:00.000000137,99.60324,19,13
1970-01-01 00:00:00.000000138,99.60347,19,13
1970-01-01 00:00:00.000000138,99.5982,19,14
1970-01-01 00:00:00.000000139,99.59675,19,14
1970-01-01 00:00:00.000000139,99.59028,19,15
1970-01-01 00:00:00.000000140,99.591064,19,15
1970-01-01 00:00:00.000000140,99.594864,19,16
1970-01-01 00:00:00.000000141,99.59551,19,16
1970-01-01 00:00:00.000000141,99.602615,19,17
1970-01-01 00:00:00.000000142,99.600784,19,17
1970-01-01 00:00:00.000000142,99.595726,19,18
1970-01-01 00:00:00.000000143,99.594055,19,18
1970-01-01 00:00:00.000000143,99.59164,19,19
1970-01-01 00:00:00.000000144,99.59094,19,19
1970-01-01 00:00:00.000000144,99.592834,19,20
1970-01-01 00:00:00.000000145,99.588974,19,20
1970-01-01 00:00:00.000000121,97.21604,20,10
1970-01-01 00:00:00.000000122,97.20867,20,10
1970-01-01 00:00:00.000000122,96.87526,20,11
1970-01-01 00:00:00.000000123,96.89614,20,11
1970-01-01 00:00:00.000000123,97.31348,20,12
1970-01-01 00:00:00.000000124,97.34779,20,12
1970-01-01 00:00:00.000000124,97.670784,20,13
1970-01-01 00:00:00.000000125,97.71595,20,13
1970-01-01 00:00:00.000000125,96.990845,20,14
1970-01-01 00:00:00.000000126,97.02923,20,14
1970-01-01 00:00:00.000000126,96.942184,20,15
1970-01-01 00:00:00.000000127,96.995316,20,15
1970-01-01 00:00:00.000000127,97.19937,20,16
1970-01-01 00:00:00.000000128,97.22427,20,16
1970-01-01 00:00:00.000000128,97.15614,20,17
1970-01-01 00:00:00.000000129,97.13422,20,17
1970-01-01 00:00:00.000000129,96.86527,20,18
1970-01-01 00:00:00.000000130,96.89796,20,18
1970-01-01 00:00:00.000000130,96.83313,21,10
1970-01-01 00:00:00.000000131,96.95197,21,10
1970-01-01 00:00:00.000000131,97.715225,21,11
1970-01-01 00:00:00.000000132,97.73309,21,11
1970-01-01 00:00:00.000000132,98.10593,21,12
1970-01-01 00:00:00.000000133,98.019104,21,12
1970-01-01 00:00:00.000000133,97.63426,21,13
1970-01-01 00:00:00.000000134,97.56982,21,13
1970-01-01 00:00:00.000000134,97.012596,21,14
1970-01-01 00:00:00.000000135,97.09805,21,14
1970-01-01 00:00:00.000000135,96.83384,21,15
1970-01-01 00:00:00.000000136,96.95831,21,15
1970-01-01 00:00:00.000000136,96.165276,21,16
1970-01-01 00:00:00.000000137,96.2755,21,16
1970-01-01 00:00:00.000000137,95.60547,21,17
1970-01-01 00:00:00.000000138,95.74941,21,17
1970-01-01 00:00:00.000000138,95.33248,21,18
1970-01-01 00:00:00.000000139,95.50866,21,18
1970-01-01 00:00:00.000000139,95.53097,21,19
1970-01-01 00:00:00.000000140,95.63145,21,19
1970-01-01 00:00:00.000000171,97.59239,22,10
1970-01-01 00:00:00.000000172,97.58134,22,10
1970-01-01 00:00:00.000000172,97.41013,22,11
1970-01-01 00:00:00.000000173,97.42862,22,11
1970-01-01 00:00:00.000000173,97.279976,22,12
1970-01-01 00:00:00.000000174,97.30011,22,12
1970-01-01 00:00:00.000000174,96.96533,22,13
1970-01-01 00:00:00.000000175,96.98019,22,13
1970-01-01 00:00:00.000000175,95.547455,22,14
1970-01-01 00:00:00.000000176,95.62938,22,14
1970-01-01 00:00:00.000000176,94.17423,22,15
1970-01-01 00:00:00.000000177,94.27223,22,15
1970-01-01 00:00:00.000000177,94.69758,22,16
1970-01-01 00:00:00.000000178,94.8372,22,16
1970-01-01 00:00:00.000000178,96.2053,22,17
1970-01-01 00:00:00.000000179,96.38287,22,17
1970-01-01 00:00:00.000000179,95.99702,22,18
1970-01-01 00:00:00.000000180,95.96535,22,18
1970-01-01 00:00:00.000000180,96.2386,22,19
1970-01-01 00:00:00.000000181,96.33139,22,19
1970-01-01 00:00:00.000000181,96.23204,22,20
1970-01-01 00:00:00.000000182,96.211365,22,20
1970-01-01 00:00:00.000000182,96.16361,22,21
1970-01-01 00:00:00.000000183,96.16119,22,21
1970-01-01 00:00:00.000000183,96.11642,22,22
1970-01-01 00:00:00.000000184,96.10858,22,22
1970-01-01 00:00:00.000000184,95.66044,22,23
1970-01-01 00:00:00.000000185,95.67737,22,23
1970-01-01 00:00:00.000000185,95.03418,22,24
1970-01-01 00:00:00.000000186,95.086105,22,24
1970-01-01 00:00:00.000000186,94.906265,22,25
1970-01-01 00:00:00.000000187,95.00041,22,25
1970-01-01 00:00:00.000000187,94.29921,22,26
1970-01-01 00:00:00.000000188,94.34172,22,26
1970-01-01 00:00:00.000000188,93.88235,22,27
1970-01-01 00:00:00.000000189,93.93121,22,27
1970-01-01 00:00:00.000000130,93.08905,23,10
1970-01-01 00:00:00.000000131,93.08111,23,10
1970-01-01 00:00:00.000000131,93.08507,23,11
1970-01-01 00:00:00.000000132,93.075096,23,11
1970-01-01 00:00:00.000000132,93.19343,23,12
1970-01-01 00:00:00.000000133,93.17418,23,12
1970-01-01 00:00:00.000000133,93.20711,23,13
1970-01-01 00:00:00.000000134,93.16799,23,13
1970-01-01 00:00:00.000000134,93.25851,23,14
1970-01-01 00:00:00.000000135,93.24354,23,14
1970-01-01 00:00:00.000000135,93.599884,23,15
1970-01-01 00:00:00.000000136,93.6489,23,15
1970-01-01 00:00:00.000000136,93.72526,23,16
1970-01-01 00:00:00.000000137,93.72999,23,16
1970-01-01 00:00:00.000000137,93.71174,23,17
1970-01-01 00:00:00.000000138,93.68569,23,17
1970-01-01 00:00:00.000000138,93.76902,23,18
1970-01-01 00:00:00.000000139,93.75854,23,18
1970-01-01 00:00:00.000000139,93.8335,23,19
1970-01-01 00:00:00.000000140,93.81155,23,19
1970-01-01 00:00:00.000000140,94.209045,23,20
1970-01-01 00:00:00.000000141,94.2703,23,20
1970-01-01 00:00:00.000000095,98.739685,25,10
1970-01-01 00:00:00.000000096,98.82044,25,10
1970-01-01 00:00:00.000000096,98.908615,25,11
1970-01-01 00:00:00.000000097,98.92686,25,11
1970-01-01 00:00:00.000000097,95.699196,25,12
1970-01-01 00:00:00.000000098,95.89509,25,12
1970-01-01 00:00:00.000000098,97.17804,25,13
1970-01-01 00:00:00.000000099,97.81226,25,13
1970-01-01 00:00:00.000000231,92.69955,26,10
1970-01-01 00:00:00.000000232,92.69385,26,10
1970-01-01 00:00:00.000000232,92.768265,26,11
1970-01-01 00:00:00.000000233,92.74501,26,11
1970-01-01 00:00:00.000000233,92.805016,26,12
1970-01-01 00:00:00.000000234,92.78256,26,12
1970-01-01 00:00:00.000000234,93.01461,26,13
1970-01-01 00:00:00.000000235,93.03318,26,13
1970-01-01 00:00:00.000000235,93.18317,26,14
1970-01-01 00:00:00.000000236,93.19642,26,14
1970-01-01 00:00:00.000000236,93.17068,26,15
1970-01-01 00:00:00.000000237,93.13635,26,15
1970-01-01 00:00:00.000000237,93.02595,26,16
1970-01-01 00:00:00.000000238,93.005516,26,16
1970-01-01 00:00:00.000000238,93.08158,26,17
1970-01-01 00:00:00.000000239,93.07729,26,17
1970-01-01 00:00:00.000000239,92.9024,26,18
1970-01-01 00:00:00.000000240,92.90607,26,18
1970-01-01 00:00:00.000000240,92.55213,26,19
1970-01-01 00:00:00.000000241,92.552185,26,19
1970-01-01 00:00:00.000000241,92.60884,26,20
1970-01-01 00:00:00.000000242,92.63538,26,20
1970-01-01 00:00:00.000000242,92.56379,26,21
1970-01-01 00:00:00.000000243,92.54895,26,21
1970-01-01 00:00:00.000000243,92.51405,26,22
1970-01-01 00:00:00.000000244,92.50664,26,22
1970-01-01 00:00:00.000000244,92.53585,26,23
1970-01-01 00:00:00.000000245,92.52141,26,23
1970-01-01 00:00:00.000000245,92.49157,26,24
1970-01-01 00:00:00.000000246,92.479355,26,24
1970-01-01 00:00:00.000000246,92.499,26,25
1970-01-01 00:00:00.000000247,92.48316,26,25
1970-01-01 00:00:00.000000247,92.557655,26,26
1970-01-01 00:00:00.000000248,92.53372,26,26
1970-01-01 00:00:00.000000248,92.33739,26,27
1970-01-01 00:00:00.000000249,92.3419,26,27
1970-01-01 00:00:00.000000249,89.74348,26,28
1970-01-01 00:00:00.000000250,89.869995,26,28
1970-01-01 00:00:00.000000250,87.14064,26,29
1970-01-01 00:00:00.000000251,87.432365,26,29
1970-01-01 00:00:00.000000251,85.90398,26,30
1970-01-01 00:00:00.000000252,86.527,26,30
1970-01-01 00:00:00.000000252,88.01918,26,31
1970-01-01 00:00:00.000000253,87.94057,26,31
1970-01-01 00:00:00.000000253,85.83272,26,32
1970-01-01 00:00:00.000000254,85.87841,26,32
1970-01-01 00:00:00.000000254,89.01946,26,33
1970-01-01 00:00:00.000000255,89.70709,26,33
1970-01-01 00:00:00.000000255,91.423645,26,34
1970-01-01 00:00:00.000000256,91.743004,26,34
1970-01-01 00:00:00.000000256,90.205666,26,35
1970-01-01 00:00:00.000000257,89.73791,26,35
1970-01-01 00:00:00.000000257,90.080215,26,36
1970-01-01 00:00:00.000000258,90.23407,26,36
1970-01-01 00:00:00.000000258,90.50542,26,37
1970-01-01 00:00:00.000000259,90.49308,26,37
1970-01-01 00:00:00.000000181,90.52925,29,10
1970-01-01 00:00:00.000000182,91.57535,29,10
1970-01-01 00:00:00.000000182,91.68424,29,11
1970-01-01 00:00:00.000000183,91.19525,29,11
1970-01-01 00:00:00.000000183,90.8301,29,12
1970-01-01 00:00:00.000000184,90.75088,29,12
1970-01-01 00:00:00.000000184,91.23369,29,13
1970-01-01 00:00:00.000000185,91.29279,29,13
1970-01-01 00:00:00.000000185,91.53055,29,14
1970-01-01 00:00:00.000000186,91.5412,29,14
1970-01-01 00:00:00.000000186,92.054855,29,15
1970-01-01 00:00:00.000000187,92.11566,29,15
1970-01-01 00:00:00.000000187,91.82012,29,16
1970-01-01 00:00:00.000000188,91.71771,29,16
1970-01-01 00:00:00.000000188,90.514694,29,17
1970-01-01 00:00:00.000000189,90.680916,29,17
1970-01-01 00:00:00.000000189,91.968506,29,18
1970-01-01 00:00:00.000000190,92.16302,29,18
1970-01-01 00:00:00.000000190,93.01319,29,19
1970-01-01 00:00:00.000000191,93.11356,29,19
1970-01-01 00:00:00.000000191,92.3604,29,20
1970-01-01 00:00:00.000000192,92.14064,29,20
1970-01-01 00:00:00.000000192,90.787186,29,21
1970-01-01 00:00:00.000000193,90.99556,29,21
1970-01-01 00:00:00.000000193,92.27245,29,22
1970-01-01 00:00:00.000000194,92.539444,29,22
1970-01-01 00:00:00.000000194,84.440704,29,23
1970-01-01 00:00:00.000000195,85.52056,29,23
1970-01-01 00:00:00.000000195,88.17702,29,24
1970-01-01 00:00:00.000000196,90.013725,29,24
1970-01-01 00:00:00.000000196,90.53637,29,25
1970-01-01 00:00:00.000000197,89.778336,29,25
1970-01-01 00:00:00.000000197,88.95443,29,26
1970-01-01 00:00:00.000000198,88.80358,29,26
1970-01-01 00:00:00.000000198,86.33673,29,27
1970-01-01 00:00:00.000000199,86.65322,29,27
1970-01-01 00:00:00.000000199,89.86162,29,28
1970-01-01 00:00:00.000000200,90.30576,29,28
1970-01-01 00:00:00.000000200,88.3136,29,29
1970-01-01 00:00:00.000000201,88.07937,29,29
1970-01-01 00:00:00.000000092,89.35702,40,10
1970-01-01 00:00:00.000000093,89.65174,40,10
1970-01-01 00:00:00.000000093,89.55472,40,11
1970-01-01 00:00:00.000000094,89.55294,40,11
1970-01-01 00:00:00.000000094,90.52788,40,12
1970-01-01 00:00:00.000000095,90.791504,40,12
1970-01-01 00:00:00.000000095,90.39552,40,13
1970-01-01 00:00:00.000000096,90.28368,40,13
1970-01-01 00:00:00.000000092,85.01699,42,10
1970-01-01 00:00:00.000000093,85.30814,42,10
1970-01-01 00:00:00.000000093,85.06068,42,11
1970-01-01 00:00:00.000000094,84.96188,42,11
1970-01-01 00:00:00.000000094,85.14204,42,12
1970-01-01 00:00:00.000000095,85.18312,42,12
1970-01-01 00:00:00.000000095,86.17729,42,13
1970-01-01 00:00:00.000000096,86.41984,42,13
1970-01-01 00:00:00.000000156,71.64723,45,10
1970-01-01 00:00:00.000000157,71.69542,45,10
1970-01-01 00:00:00.000000157,71.342575,45,11
1970-01-01 00:00:00.000000158,71.329414,45,11
1970-01-01 00:00:00.000000158,71.08714,45,12
1970-01-01 00:00:00.000000159,71.08981,45,12
1970-01-01 00:00:00.000000159,71.47459,45,13
1970-01-01 00:00:00.000000160,71.522064,45,13
1970-01-01 00:00:00.000000160,70.99283,45,14
1970-01-01 00:00:00.000000161,70.992714,45,14
1970-01-01 00:00:00.000000161,71.18493,45,15
1970-01-01 00:00:00.000000162,71.23768,45,15
1970-01-01 00:00:00.000000162,71.516884,45,16
1970-01-01 00:00:00.000000163,71.52939,45,16
1970-01-01 00:00:00.000000163,72.05582,45,17
1970-01-01 00:00:00.000000164,72.20735,45,17
1970-01-01 00:00:00.000000164,71.54115,45,18
1970-01-01 00:00:00.000000165,71.44601,45,18
1970-01-01 00:00:00.000000165,71.57953,45,19
1970-01-01 00:00:00.000000166,71.622734,45,19
1970-01-01 00:00:00.000000166,71.46329,45,20
1970-01-01 00:00:00.000000167,71.473114,45,20
1970-01-01 00:00:00.000000167,70.91903,45,21
1970-01-01 00:00:00.000000168,70.93301,45,21
1970-01-01 00:00:00.000000168,70.77238,45,22
1970-01-01 00:00:00.000000169,70.80986,45,22
1970-01-01 00:00:00.000000169,71.63498,45,23
1970-01-01 00:00:00.000000170,71.720985,45,23
1970-01-01 00:00:00.000000170,71.53424,45,24
1970-01-01 00:00:00.000000171,71.4819,45,24
1970-01-01 00:00:00.000000116,85.8498,46,10
1970-01-01 00:00:00.000000117,86.16201,46,10
1970-01-01 00:00:00.000000117,88.70854,46,11
1970-01-01 00:00:00.000000118,88.90385,46,11
1970-01-01 00:00:00.000000118,85.63118,46,12
1970-01-01 00:00:00.000000119,85.82128,46,12
1970-01-01 00:00:00.000000119,86.42742,46,13
1970-01-01 00:00:00.000000120,86.999115,46,13
1970-01-01 00:00:00.000000120,86.27146,46,14
1970-01-01 00:00:00.000000121,86.440605,46,14
1970-01-01 00:00:00.000000121,85.969955,46,15
1970-01-01 00:00:00.000000122,86.035,46,15
1970-01-01 00:00:00.000000122,86.125694,46,16
1970-01-01 00:00:00.000000123,86.21572,46,16
1970-01-01 00:00:00.000000123,86.66817,46,17
1970-01-01 00:00:00.000000124,86.7127,46,17
1970-01-01 00:00:00.000000243,77.91528,53,10
1970-01-01 00:00:00.000000244,78.476006,53,10
1970-01-01 00:00:00.000000244,80.20851,53,11
1970-01-01 00:00:00.000000245,80.56043,53,11
1970-01-01 00:00:00.000000245,79.447136,53,12
1970-01-01 00:00:00.000000246,79.022545,53,12
1970-01-01 00:00:00.000000246,81.53429,53,13
1970-01-01 00:00:00.000000247,82.10292,53,13
1970-01-01 00:00:00.000000247,81.36199,53,14
1970-01-01 00:00:00.000000248,81.11498,53,14
1970-01-01 00:00:00.000000248,78.415565,53,15
1970-01-01 00:00:00.000000249,78.517815,53,15
1970-01-01 00:00:00.000000249,80.12763,53,16
1970-01-01 00:00:00.000000250,80.589806,53,16
1970-01-01 00:00:00.000000250,81.67962,53,17
1970-01-01 00:00:00.000000251,81.76963,53,17
1970-01-01 00:00:00.000000251,82.69242,53,18
1970-01-01 00:00:00.000000252,82.945984,53,18
1970-01-01 00:00:00.000000252,83.007195,53,19
1970-01-01 00:00:00.000000253,83.030815,53,19
1970-01-01 00:00:00.000000253,80.112656,53,20
1970-01-01 00:00:00.000000254,80.22767,53,20
1970-01-01 00:00:00.000000254,80.53472,53,21
1970-01-01 00:00:00.000000255,80.86767,53,21
1970-01-01 00:00:00.000000255,77.89783,53,22
1970-01-01 00:00:00.000000256,78.08192,53,22
1970-01-01 00:00:00.000000256,77.41625,53,23
1970-01-01 00:00:00.000000257,77.63057,53,23
1970-01-01 00:00:00.000000257,77.11919,53,24
1970-01-01 00:00:00.000000258,77.359406,53,24
1970-01-01 00:00:00.000000258,77.26987,53,25
1970-01-01 00:00:00.000000259,77.355385,53,25
1970-01-01 00:00:00.000000259,76.65835,53,26
1970-01-01 00:00:00.000000260,76.70337,53,26
1970-01-01 00:00:00.000000260,76.40903,53,27
1970-01-01 00:00:00.000000261,76.45523,53,27
1970-01-01 00:00:00.000000261,76.283455,53,28
1970-01-01 00:00:00.000000262,76.35249,53,28
1970-01-01 00:00:00.000000262,77.901505,53,29
1970-01-01 00:00:00.000000263,78.17427,53,29
1970-01-01 00:00:00.000000263,78.91727,53,30
1970-01-01 00:00:00.000000264,79.07469,53,30
1970-01-01 00:00:00.000000264,80.35745,53,31
1970-01-01 00:00:00.000000265,80.67768,53,31
1970-01-01 00:00:00.000000265,79.59328,53,32
1970-01-01 00:00:00.000000266,79.283485,53,32
1970-01-01 00:00:00.000000266,79.63034,53,33
1970-01-01 00:00:00.000000267,79.80641,53,33
1970-01-01 00:00:00.000000267,79.12644,53,34
1970-01-01 00:00:00.000000268,79.15621,53,34
1970-01-01 00:00:00.000000268,78.375305,53,35
1970-01-01 00:00:00.000000269,78.45643,53,35
1970-01-01 00:00:00.000000269,75.889114,53,36
1970-01-01 00:00:00.000000270,76.126144,53,36
1970-01-01 00:00:00.000000270,74.489044,53,37
1970-01-01 00:00:00.000000271,74.69495,53,37
1970-01-01 00:00:00.000000271,78.073265,53,38
1970-01-01 00:00:00.000000272,78.26649,53,38
1970-01-01 00:00:00.000000272,79.9939,53,39
1970-01-01 00:00:00.000000273,80.38564,53,39
1970-01-01 00:00:00.000000273,81.273186,53,40
1970-01-01 00:00:00.000000274,81.502464,53,40
1970-01-01 00:00:00.000000097,52.972363,54,10
1970-01-01 00:00:00.000000098,52.926224,54,10
1970-01-01 00:00:00.000000098,52.139427,54,11
1970-01-01 00:00:00.000000099,52.211975,54,11
1970-01-01 00:00:00.000000099,51.771282,54,12
1970-01-01 00:00:00.000000100,51.895718,54,12
1970-01-01 00:00:00.000000100,53.375175,54,13
1970-01-01 00:00:00.000000101,53.541992,54,13
1970-01-01 00:00:00.000000101,53.806004,54,14
1970-01-01 00:00:00.000000102,53.856407,54,14
1970-01-01 00:00:00.000000277,71.032234,60,10
1970-01-01 00:00:00.000000278,71.036026,60,10
1970-01-01 00:00:00.000000278,69.90974,60,11
1970-01-01 00:00:00.000000279,70.02253,60,11
1970-01-01 00:00:00.000000279,65.17398,60,12
1970-01-01 00:00:00.000000280,65.626144,60,12
1970-01-01 00:00:00.000000280,66.24123,60,13
1970-01-01 00:00:00.000000281,67.21298,60,13
1970-01-01 00:00:00.000000281,66.51341,60,14
1970-01-01 00:00:00.000000282,66.49009,60,14
1970-01-01 00:00:00.000000282,67.91442,60,15
1970-01-01 00:00:00.000000283,68.29881,60,15
1970-01-01 00:00:00.000000283,69.878136,60,16
1970-01-01 00:00:00.000000284,70.23096,60,16
1970-01-01 00:00:00.000000284,71.073616,60,17
1970-01-01 00:00:00.000000285,71.31275,60,17
1970-01-01 00:00:00.000000285,71.438156,60,18
1970-01-01 00:00:00.000000286,71.52556,60,18
1970-01-01 00:00:00.000000286,71.89327,60,19
1970-01-01 00:00:00.000000287,72.02302,60,19
1970-01-01 00:00:00.000000287,73.26206,60,20
1970-01-01 00:00:00.000000288,73.58511,60,20
1970-01-01 00:00:00.000000288,73.460464,60,21
1970-01-01 00:00:00.000000289,73.41589,60,21
1970-01-01 00:00:00.000000289,72.473366,60,22
1970-01-01 00:00:00.000000290,72.501854,60,22
1970-01-01 00:00:00.000000290,71.98684,60,23
1970-01-01 00:00:00.000000291,72.05857,60,23
1970-01-01 00:00:00.000000291,72.53417,60,24
1970-01-01 00:00:00.000000292,72.637436,60,24
1970-01-01 00:00:00.000000292,71.22372,60,25
1970-01-01 00:00:00.000000293,71.2998,60,25
1970-01-01 00:00:00.000000293,71.675186,60,26
1970-01-01 00:00:00.000000294,71.88428,60,26
1970-01-01 00:00:00.000000294,72.4184,60,27
1970-01-01 00:00:00.000000295,72.41949,60,27
1970-01-01 00:00:00.000000295,70.58476,60,28
1970-01-01 00:00:00.000000296,70.687904,60,28
1970-01-01 00:00:00.000000296,69.62857,60,29
1970-01-01 00:00:00.000000297,69.78027,60,29
1970-01-01 00:00:00.000000297,70.46239,60,30
1970-01-01 00:00:00.000000298,70.631355,60,30
1970-01-01 00:00:00.000000298,70.69287,60,31
1970-01-01 00:00:00.000000299,70.52825,60,31
1970-01-01 00:00:00.000000299,70.37117,60,32
1970-01-01 00:00:00.000000300,70.350395,60,32
1970-01-01 00:00:00.000000300,68.941376,60,33
1970-01-01 00:00:00.000000301,69.07021,60,33
1970-01-01 00:00:00.000000301,67.32592,60,34
1970-01-01 00:00:00.000000302,67.55679,60,34
1970-01-01 00:00:00.000000302,68.110565,60,35
1970-01-01 00:00:00.000000303,68.44102,60,35
1970-01-01 00:00:00.000000303,67.04078,60,36
1970-01-01 00:00:00.000000304,67.12305,60,36
1970-01-01 00:00:00.000000304,68.01788,60,37
1970-01-01 00:00:00.000000305,68.18034,60,37
1970-01-01 00:00:00.000000305,66.234344,60,38
1970-01-01 00:00:00.000000306,66.36237,60,38
1970-01-01 00:00:00.000000306,67.53823,60,39
1970-01-01 00:00:00.000000307,67.94774,60,39
1970-01-01 00:00:00.000000307,69.11527,60,40
1970-01-01 00:00:00.000000308,69.30584,60,40
1970-01-01 00:00:00.000000308,72.24087,60,41
1970-01-01 00:00:00.000000309,72.93191,60,41
1970-01-01 00:00:00.000000309,67.03909,60,42
1970-01-01 00:00:00.000000310,67.16056,60,42
1970-01-01 00:00:00.000000310,65.31013,60,43
1970-01-01 00:00:00.000000311,65.7707,60,43
1970-01-01 00:00:00.000000311,63.350655,60,44
1970-01-01 00:00:00.000000312,63.771248,60,44
1970-01-01 00:00:00.000000312,67.579994,60,45
1970-01-01 00:00:00.000000313,67.731705,60,45
1970-01-01 00:00:00.000000313,68.10565,60,46
1970-01-01 00:00:00.000000314,68.21347,60,46
1970-01-01 00:00:00.000000102,94.80632,61,10
1970-01-01 00:00:00.000000103,94.72363,61,10
1970-01-01 00:00:00.000000103,94.67303,61,11
1970-01-01 00:00:00.000000104,94.60793,61,11
1970-01-01 00:00:00.000000104,94.71507,61,12
1970-01-01 00:00:00.000000105,94.71087,61,12
1970-01-01 00:00:00.000000105,95.05265,61,13
1970-01-01 00:00:00.000000106,95.08312,61,13
1970-01-01 00:00:00.000000106,95.121445,61,14
1970-01-01 00:00:00.000000107,95.08229,61,14
1970-01-01 00:00:00.000000107,95.13949,61,15
1970-01-01 00:00:00.000000108,95.12376,61,15
1970-01-01 00:00:00.000000125,88.27197,62,10
1970-01-01 00:00:00.000000126,88.39375,62,10
1970-01-01 00:00:00.000000126,89.151596,62,11
1970-01-01 00:00:00.000000127,89.43674,62,11
1970-01-01 00:00:00.000000127,88.85394,62,12
1970-01-01 00:00:00.000000128,88.78034,62,12
1970-01-01 00:00:00.000000128,87.96238,62,13
1970-01-01 00:00:00.000000129,87.983696,62,13
1970-01-01 00:00:00.000000129,87.60165,62,14
1970-01-01 00:00:00.000000130,87.60027,62,14
1970-01-01 00:00:00.000000130,86.98547,62,15
1970-01-01 00:00:00.000000131,86.969734,62,15
1970-01-01 00:00:00.000000131,86.63876,62,16
1970-01-01 00:00:00.000000132,86.651405,62,16
1970-01-01 00:00:00.000000132,87.04993,62,17
1970-01-01 00:00:00.000000133,87.04733,62,17
1970-01-01 00:00:00.000000133,87.298584,62,18
1970-01-01 00:00:00.000000134,87.32695,62,18
1970-01-01 00:00:00.000000134,87.21804,62,19
1970-01-01 00:00:00.000000135,87.20186,62,19
1970-01-01 00:00:00.000000292,84.12551,63,10
1970-01-01 00:00:00.000000293,84.183876,63,10
1970-01-01 00:00:00.000000293,82.86522,63,11
1970-01-01 00:00:00.000000294,82.91253,63,11
1970-01-01 00:00:00.000000294,82.06354,63,12
1970-01-01 00:00:00.000000295,82.09885,63,12
1970-01-01 00:00:00.000000295,82.06441,63,13
1970-01-01 00:00:00.000000296,82.18239,63,13
1970-01-01 00:00:00.000000296,81.50173,63,14
1970-01-01 00:00:00.000000297,81.51808,63,14
1970-01-01 00:00:00.000000297,81.90627,63,15
1970-01-01 00:00:00.000000298,81.984764,63,15
1970-01-01 00:00:00.000000298,78.93747,63,16
1970-01-01 00:00:00.000000299,79.0495,63,16
1970-01-01 00:00:00.000000299,76.733765,63,17
1970-01-01 00:00:00.000000300,76.822945,63,17
1970-01-01 00:00:00.000000300,76.41801,63,18
1970-01-01 00:00:00.000000301,76.76814,63,18
1970-01-01 00:00:00.000000301,77.52562,63,19
1970-01-01 00:00:00.000000302,77.278946,63,19
1970-01-01 00:00:00.000000302,79.47224,63,20
1970-01-01 00:00:00.000000303,80.11378,63,20
1970-01-01 00:00:00.000000303,79.45148,63,21
1970-01-01 00:00:00.000000304,79.33233,63,21
1970-01-01 00:00:00.000000304,77.43172,63,22
1970-01-01 00:00:00.000000305,77.54653,63,22
1970-01-01 00:00:00.000000305,78.70742,63,23
1970-01-01 00:00:00.000000306,78.97156,63,23
1970-01-01 00:00:00.000000306,79.30789,63,24
1970-01-01 00:00:00.000000307,79.26044,63,24
1970-01-01 00:00:00.000000307,81.03154,63,25
1970-01-01 00:00:00.000000308,81.61062,63,25
1970-01-01 00:00:00.000000308,80.366714,63,26
1970-01-01 00:00:00.000000309,80.07468,63,26
1970-01-01 00:00:00.000000309,79.890274,63,27
1970-01-01 00:00:00.000000310,79.97552,63,27
1970-01-01 00:00:00.000000310,81.972046,63,28
1970-01-01 00:00:00.000000311,82.44287,63,28
1970-01-01 00:00:00.000000311,83.79743,63,29
1970-01-01 00:00:00.000000312,84.247536,63,29
1970-01-01 00:00:00.000000312,85.119545,63,30
1970-01-01 00:00:00.000000313,85.60704,63,30
1970-01-01 00:00:00.000000313,85.00742,63,31
1970-01-01 00:00:00.000000314,85.097206,63,31
1970-01-01 00:00:00.000000314,85.61485,63,32
1970-01-01 00:00:00.000000315,85.85529,63,32
1970-01-01 00:00:00.000000315,86.203705,63,33
1970-01-01 00:00:00.000000316,86.40671,63,33
1970-01-01 00:00:00.000000316,86.84485,63,34
1970-01-01 00:00:00.000000317,87.076355,63,34
1970-01-01 00:00:00.000000317,85.39919,63,35
1970-01-01 00:00:00.000000318,85.39442,63,35
1970-01-01 00:00:00.000000318,85.03387,63,36
1970-01-01 00:00:00.000000319,85.053856,63,36
1970-01-01 00:00:00.000000319,84.176025,63,37
1970-01-01 00:00:00.000000320,84.17052,63,37
1970-01-01 00:00:00.000000320,83.87041,63,38
1970-01-01 00:00:00.000000321,83.93048,63,38
1970-01-01 00:00:00.000000321,83.83912,63,39
1970-01-01 00:00:00.000000322,83.88136,63,39
1970-01-01 00:00:00.000000322,84.5411,63,40
1970-01-01 00:00:00.000000323,84.665794,63,40
1970-01-01 00:00:00.000000323,84.82447,63,41
1970-01-01 00:00:00.000000324,84.91137,63,41
1970-01-01 00:00:00.000000324,84.80905,63,42
1970-01-01 00:00:00.000000325,84.8302,63,42
1970-01-01 00:00:00.000000325,84.305885,63,43
1970-01-01 00:00:00.000000326,84.317055,63,43
1970-01-01 00:00:00.000000326,83.3742,63,44
1970-01-01 00:00:00.000000327,83.40765,63,44
1970-01-01 00:00:00.000000327,82.63957,63,45
1970-01-01 00:00:00.000000328,82.65666,63,45
1970-01-01 00:00:00.000000328,81.97496,63,46
1970-01-01 00:00:00.000000329,82.01297,63,46
1970-01-01 00:00:00.000000329,83.195076,63,47
1970-01-01 00:00:00.000000330,83.30237,63,47
1970-01-01 00:00:00.000000330,84.36205,63,48
1970-01-01 00:00:00.000000331,84.68353,63,48
1970-01-01 00:00:00.000000156,76.240074,64,10
1970-01-01 00:00:00.000000157,76.28031,64,10
1970-01-01 00:00:00.000000157,75.929726,64,11
1970-01-01 00:00:00.000000158,75.86191,64,11
1970-01-01 00:00:00.000000158,76.21531,64,12
1970-01-01 00:00:00.000000159,76.26766,64,12
1970-01-01 00:00:00.000000159,75.599014,64,13
1970-01-01 00:00:00.000000160,75.6218,64,13
1970-01-01 00:00:00.000000160,76.7471,64,14
1970-01-01 00:00:00.000000161,76.97586,64,14
1970-01-01 00:00:00.000000161,75.21789,64,15
1970-01-01 00:00:00.000000162,75.27039,64,15
1970-01-01 00:00:00.000000162,75.84791,64,16
1970-01-01 00:00:00.000000163,76.14866,64,16
1970-01-01 00:00:00.000000163,76.06413,64,17
1970-01-01 00:00:00.000000164,75.94174,64,17
1970-01-01 00:00:00.000000164,74.587326,64,18
1970-01-01 00:00:00.000000165,74.669754,64,18
1970-01-01 00:00:00.000000165,73.55614,64,19
1970-01-01 00:00:00.000000166,73.66149,64,19
1970-01-01 00:00:00.000000166,74.61659,64,20
1970-01-01 00:00:00.000000167,74.74973,64,20
1970-01-01 00:00:00.000000167,75.61824,64,21
1970-01-01 00:00:00.000000168,75.76771,64,21
1970-01-01 00:00:00.000000168,75.23796,64,22
1970-01-01 00:00:00.000000169,75.08854,64,22
1970-01-01 00:00:00.000000169,77.11364,64,23
1970-01-01 00:00:00.000000170,77.597466,64,23
1970-01-01 00:00:00.000000170,77.016785,64,24
1970-01-01 00:00:00.000000171,76.81939,64,24
1970-01-01 00:00:00.000000225,71.96796,65,10
1970-01-01 00:00:00.000000226,71.96569,65,10
1970-01-01 00:00:00.000000226,72.56593,65,11
1970-01-01 00:00:00.000000227,72.6951,65,11
1970-01-01 00:00:00.000000227,72.360176,65,12
1970-01-01 00:00:00.000000228,72.24011,65,12
1970-01-01 00:00:00.000000228,72.06853,65,13
1970-01-01 00:00:00.000000229,72.135735,65,13
1970-01-01 00:00:00.000000229,72.562805,65,14
1970-01-01 00:00:00.000000230,72.6028,65,14
1970-01-01 00:00:00.000000230,73.05991,65,15
1970-01-01 00:00:00.000000231,73.14832,65,15
1970-01-01 00:00:00.000000231,73.62468,65,16
1970-01-01 00:00:00.000000232,73.71982,65,16
1970-01-01 00:00:00.000000232,72.95109,65,17
1970-01-01 00:00:00.000000233,72.905045,65,17
1970-01-01 00:00:00.000000233,73.13973,65,18
1970-01-01 00:00:00.000000234,73.271034,65,18
1970-01-01 00:00:00.000000234,73.81134,65,19
1970-01-01 00:00:00.000000235,73.87824,65,19
1970-01-01 00:00:00.000000235,73.46764,65,20
1970-01-01 00:00:00.000000236,73.37648,65,20
1970-01-01 00:00:00.000000236,73.19078,65,21
1970-01-01 00:00:00.000000237,73.26752,65,21
1970-01-01 00:00:00.000000237,72.84979,65,22
1970-01-01 00:00:00.000000238,72.88879,65,22
1970-01-01 00:00:00.000000238,72.67305,65,23
1970-01-01 00:00:00.000000239,72.7248,65,23
1970-01-01 00:00:00.000000239,72.97434,65,24
1970-01-01 00:00:00.000000240,72.99927,65,24
1970-01-01 00:00:00.000000240,73.41071,65,25
1970-01-01 00:00:00.000000241,73.476166,65,25
1970-01-01 00:00:00.000000241,73.523834,65,26
1970-01-01 00:00:00.000000242,73.51768,65,26
1970-01-01 00:00:00.000000242,73.74446,65,27
1970-01-01 00:00:00.000000243,73.78721,65,27
1970-01-01 00:00:00.000000243,75.0504,65,28
1970-01-01 00:00:00.000000244,75.31629,65,28
1970-01-01 00:00:00.000000244,75.673035,65,29
1970-01-01 00:00:00.000000245,75.719086,65,29
1970-01-01 00:00:00.000000245,76.65104,65,30
1970-01-01 00:00:00.000000246,76.84762,65,30
1970-01-01 00:00:00.000000246,76.051865,65,31
1970-01-01 00:00:00.000000247,75.84908,65,31
1970-01-01 00:00:00.000000247,74.38173,65,32
1970-01-01 00:00:00.000000248,74.52112,65,32
1970-01-01 00:00:00.000000248,73.206436,65,33
1970-01-01 00:00:00.000000249,73.38808,65,33
1970-01-01 00:00:00.000000249,75.13289,65,34
1970-01-01 00:00:00.000000250,75.29508,65,34
1970-01-01 00:00:00.000000250,72.92252,65,35
1970-01-01 00:00:00.000000251,72.99623,65,35
1970-01-01 00:00:00.000000251,72.91608,65,36
1970-01-01 00:00:00.000000252,73.13747,65,36
1970-01-01 00:00:00.000000083,93.72136,66,10
1970-01-01 00:00:00.000000084,93.91215,66,10
1970-01-01 00:00:00.000000084,92.51537,66,11
1970-01-01 00:00:00.000000085,92.887115,66,11
1970-01-01 00:00:00.000000124,86.38386,67,10
1970-01-01 00:00:00.000000125,87.20437,67,10
1970-01-01 00:00:00.000000125,73.30869,67,11
1970-01-01 00:00:00.000000126,75.89769,67,11
1970-01-01 00:00:00.000000126,88.97264,67,12
1970-01-01 00:00:00.000000127,90.78183,67,12
1970-01-01 00:00:00.000000127,89.7013,67,13
1970-01-01 00:00:00.000000128,87.449455,67,13
1970-01-01 00:00:00.000000128,90.65192,67,14
1970-01-01 00:00:00.000000129,90.45085,67,14
1970-01-01 00:00:00.000000129,91.33583,67,15
1970-01-01 00:00:00.000000130,90.94174,67,15
1970-01-01 00:00:00.000000130,90.560265,67,16
1970-01-01 00:00:00.000000131,90.24662,67,16
1970-01-01 00:00:00.000000131,89.787346,67,17
1970-01-01 00:00:00.000000132,90.05155,67,17
1970-01-01 00:00:00.000000132,89.47053,67,18
1970-01-01 00:00:00.000000133,89.71403,67,18
1970-01-01 00:00:00.000000176,76.959694,69,10
1970-01-01 00:00:00.000000177,77.04107,69,10
1970-01-01 00:00:00.000000177,77.27086,69,11
1970-01-01 00:00:00.000000178,77.129654,69,11
1970-01-01 00:00:00.000000178,78.17996,69,12
1970-01-01 00:00:00.000000179,78.56588,69,12
1970-01-01 00:00:00.000000179,75.765305,69,13
1970-01-01 00:00:00.000000180,75.79275,69,13
1970-01-01 00:00:00.000000180,75.052635,69,14
1970-01-01 00:00:00.000000181,75.15572,69,14
1970-01-01 00:00:00.000000181,77.84792,69,15
1970-01-01 00:00:00.000000182,78.18725,69,15
1970-01-01 00:00:00.000000182,76.460526,69,16
1970-01-01 00:00:00.000000183,76.01097,69,16
1970-01-01 00:00:00.000000183,78.63267,69,17
1970-01-01 00:00:00.000000184,79.25333,69,17
1970-01-01 00:00:00.000000184,80.89687,69,18
1970-01-01 00:00:00.000000185,81.395226,69,18
1970-01-01 00:00:00.000000185,82.827385,69,19
1970-01-01 00:00:00.000000186,83.36434,69,19
1970-01-01 00:00:00.000000186,80.75913,69,20
1970-01-01 00:00:00.000000187,80.32725,69,20
1970-01-01 00:00:00.000000187,79.8917,69,21
1970-01-01 00:00:00.000000188,79.96611,69,21
1970-01-01 00:00:00.000000188,79.16447,69,22
1970-01-01 00:00:00.000000189,79.172676,69,22
1970-01-01 00:00:00.000000189,77.564186,69,23
1970-01-01 00:00:00.000000190,77.63658,69,23
1970-01-01 00:00:00.000000190,76.23298,69,24
1970-01-01 00:00:00.000000191,76.30068,69,24
1970-01-01 00:00:00.000000191,74.62178,69,25
1970-01-01 00:00:00.000000192,74.68383,69,25
1970-01-01 00:00:00.000000192,75.49714,69,26
1970-01-01 00:00:00.000000193,75.67193,69,26
1970-01-01 00:00:00.000000193,73.437485,69,27
1970-01-01 00:00:00.000000194,73.50484,69,27
1970-01-01 00:00:00.000000194,73.248886,69,28
1970-01-01 00:00:00.000000195,73.35875,69,28
1970-01-01 00:00:00.000000226,95.45049,70,10
1970-01-01 00:00:00.000000227,95.59271,70,10
1970-01-01 00:00:00.000000227,95.00907,70,11
1970-01-01 00:00:00.000000228,94.908035,70,11
1970-01-01 00:00:00.000000228,94.54651,70,12
1970-01-01 00:00:00.000000229,94.564545,70,12
1970-01-01 00:00:00.000000229,94.59154,70,13
1970-01-01 00:00:00.000000230,94.625496,70,13
1970-01-01 00:00:00.000000230,94.53486,70,14
1970-01-01 00:00:00.000000231,94.548904,70,14
1970-01-01 00:00:00.000000231,94.726295,70,15
1970-01-01 00:00:00.000000232,94.72845,70,15
1970-01-01 00:00:00.000000232,94.6115,70,16
1970-01-01 00:00:00.000000233,94.58457,70,16
1970-01-01 00:00:00.000000233,94.47973,70,17
1970-01-01 00:00:00.000000234,94.49134,70,17
1970-01-01 00:00:00.000000234,94.448975,70,18
1970-01-01 00:00:00.000000235,94.462074,70,18
1970-01-01 00:00:00.000000235,94.75111,70,19
1970-01-01 00:00:00.000000236,94.77106,70,19
1970-01-01 00:00:00.000000236,95.21779,70,20
1970-01-01 00:00:00.000000237,95.33087,70,20
1970-01-01 00:00:00.000000237,94.96945,70,21
1970-01-01 00:00:00.000000238,94.87992,70,21
1970-01-01 00:00:00.000000238,94.6023,70,22
1970-01-01 00:00:00.000000239,94.62132,70,22
1970-01-01 00:00:00.000000239,94.43741,70,23
1970-01-01 00:00:00.000000240,94.436646,70,23
1970-01-01 00:00:00.000000240,94.57055,70,24
1970-01-01 00:00:00.000000241,94.58092,70,24
1970-01-01 00:00:00.000000241,94.55528,70,25
1970-01-01 00:00:00.000000242,94.52845,70,25
1970-01-01 00:00:00.000000242,94.520386,70,26
1970-01-01 00:00:00.000000243,94.50596,70,26
1970-01-01 00:00:00.000000243,94.30014,70,27
1970-01-01 00:00:00.000000244,94.30693,70,27
1970-01-01 00:00:00.000000244,94.055504,70,28
1970-01-01 00:00:00.000000245,94.05376,70,28
1970-01-01 00:00:00.000000245,94.086876,70,29
1970-01-01 00:00:00.000000246,94.108215,70,29
1970-01-01 00:00:00.000000246,94.10378,70,30
1970-01-01 00:00:00.000000247,94.09233,70,30
1970-01-01 00:00:00.000000247,94.1436,70,31
1970-01-01 00:00:00.000000248,94.12574,70,31
1970-01-01 00:00:00.000000248,94.037415,70,32
1970-01-01 00:00:00.000000249,94.03159,70,32
1970-01-01 00:00:00.000000249,94.046,70,33
1970-01-01 00:00:00.000000250,94.04196,70,33
1970-01-01 00:00:00.000000250,94.25037,70,34
1970-01-01 00:00:00.000000251,94.257385,70,34
1970-01-01 00:00:00.000000251,94.56671,70,35
1970-01-01 00:00:00.000000252,94.63127,70,35
1970-01-01 00:00:00.000000252,94.109634,70,36
1970-01-01 00:00:00.000000253,94.08681,70,36
1970-01-01 00:00:00.000000253,94.008026,70,37
1970-01-01 00:00:00.000000254,94.02442,70,37
1970-01-01 00:00:00.000000226,90.822,71,10
1970-01-01 00:00:00.000000227,90.94808,71,10
1970-01-01 00:00:00.000000227,90.04331,71,11
1970-01-01 00:00:00.000000228,89.87735,71,11
1970-01-01 00:00:00.000000228,89.72647,71,12
1970-01-01 00:00:00.000000229,89.74031,71,12
1970-01-01 00:00:00.000000229,89.572556,71,13
1970-01-01 00:00:00.000000230,89.5652,71,13
1970-01-01 00:00:00.000000230,88.80047,71,14
1970-01-01 00:00:00.000000231,88.7939,71,14
1970-01-01 00:00:00.000000231,88.60719,71,15
1970-01-01 00:00:00.000000232,88.614746,71,15
1970-01-01 00:00:00.000000232,87.22025,71,16
1970-01-01 00:00:00.000000233,87.212975,71,16
1970-01-01 00:00:00.000000233,84.296036,71,17
1970-01-01 00:00:00.000000234,84.388535,71,17
1970-01-01 00:00:00.000000234,83.92438,71,18
1970-01-01 00:00:00.000000235,84.11412,71,18
1970-01-01 00:00:00.000000235,86.70888,71,19
1970-01-01 00:00:00.000000236,86.722946,71,19
1970-01-01 00:00:00.000000236,89.55578,71,20
1970-01-01 00:00:00.000000237,90.42485,71,20
1970-01-01 00:00:00.000000237,89.78366,71,21
1970-01-01 00:00:00.000000238,89.804985,71,21
1970-01-01 00:00:00.000000238,90.06121,71,22
1970-01-01 00:00:00.000000239,90.1754,71,22
1970-01-01 00:00:00.000000239,90.42564,71,23
1970-01-01 00:00:00.000000240,90.50632,71,23
1970-01-01 00:00:00.000000240,91.132805,71,24
1970-01-01 00:00:00.000000241,91.33054,71,24
1970-01-01 00:00:00.000000241,92.86338,71,25
1970-01-01 00:00:00.000000242,93.35526,71,25
1970-01-01 00:00:00.000000242,93.417984,71,26
1970-01-01 00:00:00.000000243,93.53666,71,26
1970-01-01 00:00:00.000000243,93.580864,71,27
1970-01-01 00:00:00.000000244,93.64424,71,27
1970-01-01 00:00:00.000000244,93.75464,71,28
1970-01-01 00:00:00.000000245,93.79121,71,28
1970-01-01 00:00:00.000000245,93.86578,71,29
1970-01-01 00:00:00.000000246,93.88146,71,29
1970-01-01 00:00:00.000000246,94.245316,71,30
1970-01-01 00:00:00.000000247,94.33476,71,30
1970-01-01 00:00:00.000000247,94.536026,71,31
1970-01-01 00:00:00.000000248,94.60363,71,31
1970-01-01 00:00:00.000000248,95.2085,71,32
1970-01-01 00:00:00.000000249,95.398994,71,32
1970-01-01 00:00:00.000000249,95.940254,71,33
1970-01-01 00:00:00.000000250,96.132324,71,33
1970-01-01 00:00:00.000000250,96.530624,71,34
1970-01-01 00:00:00.000000251,96.6752,71,34
1970-01-01 00:00:00.000000251,96.69663,71,35
1970-01-01 00:00:00.000000252,96.72204,71,35
1970-01-01 00:00:00.000000252,96.9287,71,36
1970-01-01 00:00:00.000000253,96.962616,71,36
1970-01-01 00:00:00.000000320,92.684906,72,10
1970-01-01 00:00:00.000000321,92.796745,72,10
1970-01-01 00:00:00.000000321,92.714905,72,11
1970-01-01 00:00:00.000000322,92.74557,72,11
1970-01-01 00:00:00.000000322,92.88956,72,12
1970-01-01 00:00:00.000000323,92.93577,72,12
1970-01-01 00:00:00.000000323,92.88477,72,13
1970-01-01 00:00:00.000000324,92.86834,72,13
1970-01-01 00:00:00.000000324,93.53447,72,14
1970-01-01 00:00:00.000000325,93.71574,72,14
1970-01-01 00:00:00.000000325,94.379814,72,15
1970-01-01 00:00:00.000000326,94.61695,72,15
1970-01-01 00:00:00.000000326,94.06248,72,16
1970-01-01 00:00:00.000000327,93.96341,72,16
1970-01-01 00:00:00.000000327,93.289154,72,17
1970-01-01 00:00:00.000000328,93.290184,72,17
1970-01-01 00:00:00.000000328,93.15635,72,18
1970-01-01 00:00:00.000000329,93.15733,72,18
1970-01-01 00:00:00.000000329,92.948074,72,19
1970-01-01 00:00:00.000000330,92.96955,72,19
1970-01-01 00:00:00.000000330,92.58726,72,20
1970-01-01 00:00:00.000000331,92.58176,72,20
1970-01-01 00:00:00.000000331,92.63892,72,21
1970-01-01 00:00:00.000000332,92.66099,72,21
1970-01-01 00:00:00.000000332,92.61986,72,22
1970-01-01 00:00:00.000000333,92.61341,72,22
1970-01-01 00:00:00.000000333,92.62131,72,23
1970-01-01 00:00:00.000000334,92.60745,72,23
1970-01-01 00:00:00.000000334,92.66611,72,24
1970-01-01 00:00:00.000000335,92.65297,72,24
1970-01-01 00:00:00.000000335,92.640564,72,25
1970-01-01 00:00:00.000000336,92.62015,72,25
1970-01-01 00:00:00.000000336,93.28807,72,26
1970-01-01 00:00:00.000000337,93.44497,72,26
1970-01-01 00:00:00.000000337,90.282455,72,27
1970-01-01 00:00:00.000000338,90.36615,72,27
1970-01-01 00:00:00.000000338,90.3426,72,28
1970-01-01 00:00:00.000000339,90.56661,72,28
1970-01-01 00:00:00.000000339,94.408,72,29
1970-01-01 00:00:00.000000340,95.05636,72,29
1970-01-01 00:00:00.000000340,94.11517,72,30
1970-01-01 00:00:00.000000341,94.104805,72,30
1970-01-01 00:00:00.000000341,93.9137,72,31
1970-01-01 00:00:00.000000342,93.99897,72,31
1970-01-01 00:00:00.000000342,94.156044,72,32
1970-01-01 00:00:00.000000343,94.209816,72,32
1970-01-01 00:00:00.000000343,93.94224,72,33
1970-01-01 00:00:00.000000344,93.882,72,33
1970-01-01 00:00:00.000000344,93.66929,72,34
1970-01-01 00:00:00.000000345,93.675934,72,34
1970-01-01 00:00:00.000000345,93.19095,72,35
1970-01-01 00:00:00.000000346,93.194466,72,35
1970-01-01 00:00:00.000000346,87.65447,72,36
1970-01-01 00:00:00.000000347,87.79092,72,36
1970-01-01 00:00:00.000000347,84.77097,72,37
1970-01-01 00:00:00.000000348,84.85132,72,37
1970-01-01 00:00:00.000000348,92.54426,72,38
1970-01-01 00:00:00.000000349,93.23901,72,38
1970-01-01 00:00:00.000000349,93.60786,72,39
1970-01-01 00:00:00.000000350,93.8896,72,39
1970-01-01 00:00:00.000000350,92.945175,72,40
1970-01-01 00:00:00.000000351,93.08652,72,40
1970-01-01 00:00:00.000000351,92.35244,72,41
1970-01-01 00:00:00.000000352,92.31333,72,41
1970-01-01 00:00:00.000000352,92.03335,72,42
1970-01-01 00:00:00.000000353,92.05031,72,42
1970-01-01 00:00:00.000000353,89.31454,72,43
1970-01-01 00:00:00.000000354,89.38359,72,43
1970-01-01 00:00:00.000000354,89.36795,72,44
1970-01-01 00:00:00.000000355,89.60082,72,44
1970-01-01 00:00:00.000000355,91.1715,72,45
1970-01-01 00:00:00.000000356,91.029465,72,45
1970-01-01 00:00:00.000000356,83.07801,72,46
1970-01-01 00:00:00.000000357,83.28518,72,46
1970-01-01 00:00:00.000000357,79.0246,72,47
1970-01-01 00:00:00.000000358,79.08951,72,47
1970-01-01 00:00:00.000000358,79.20709,72,48
1970-01-01 00:00:00.000000359,79.7676,72,48
1970-01-01 00:00:00.000000359,71.79509,72,49
1970-01-01 00:00:00.000000360,72.38459,72,49
1970-01-01 00:00:00.000000360,64.8328,72,50
1970-01-01 00:00:00.000000361,66.00991,72,50
1970-01-01 00:00:00.000000361,74.2353,72,51
1970-01-01 00:00:00.000000362,75.657555,72,51
1970-01-01 00:00:00.000000362,77.91553,72,52
1970-01-01 00:00:00.000000363,78.37413,72,52
1970-01-01 00:00:00.000000363,77.88395,72,53
1970-01-01 00:00:00.000000364,77.875206,72,53
1970-01-01 00:00:00.000000219,85.04361,73,10
1970-01-01 00:00:00.000000220,85.61287,73,10
1970-01-01 00:00:00.000000220,86.85044,73,11
1970-01-01 00:00:00.000000221,86.91497,73,11
1970-01-01 00:00:00.000000221,87.77497,73,12
1970-01-01 00:00:00.000000222,87.84969,73,12
1970-01-01 00:00:00.000000222,87.00677,73,13
1970-01-01 00:00:00.000000223,86.67915,73,13
1970-01-01 00:00:00.000000223,86.33375,73,14
1970-01-01 00:00:00.000000224,86.661064,73,14
1970-01-01 00:00:00.000000224,84.62651,73,15
1970-01-01 00:00:00.000000225,85.012505,73,15
1970-01-01 00:00:00.000000225,87.11383,73,16
1970-01-01 00:00:00.000000226,87.32416,73,16
1970-01-01 00:00:00.000000226,87.93781,73,17
1970-01-01 00:00:00.000000227,87.82846,73,17
1970-01-01 00:00:00.000000227,82.69694,73,18
1970-01-01 00:00:00.000000228,83.33909,73,18
1970-01-01 00:00:00.000000228,88.1856,73,19
1970-01-01 00:00:00.000000229,88.93572,73,19
1970-01-01 00:00:00.000000229,86.24095,73,20
1970-01-01 00:00:00.000000230,85.67547,73,20
1970-01-01 00:00:00.000000230,87.54802,73,21
1970-01-01 00:00:00.000000231,87.794556,73,21
1970-01-01 00:00:00.000000231,82.78789,73,22
1970-01-01 00:00:00.000000232,83.45574,73,22
1970-01-01 00:00:00.000000232,85.66077,73,23
1970-01-01 00:00:00.000000233,86.71533,73,23
1970-01-01 00:00:00.000000233,84.57974,73,24
1970-01-01 00:00:00.000000234,84.43883,73,24
1970-01-01 00:00:00.000000234,82.94657,73,25
1970-01-01 00:00:00.000000235,83.27039,73,25
1970-01-01 00:00:00.000000235,83.02762,73,26
1970-01-01 00:00:00.000000236,83.46446,73,26
1970-01-01 00:00:00.000000236,81.83251,73,27
1970-01-01 00:00:00.000000237,82.12442,73,27
1970-01-01 00:00:00.000000237,81.48926,73,28
1970-01-01 00:00:00.000000238,81.802734,73,28
1970-01-01 00:00:00.000000238,83.022835,73,29
1970-01-01 00:00:00.000000239,83.03651,73,29
1970-01-01 00:00:00.000000239,83.0523,73,30
1970-01-01 00:00:00.000000240,82.93323,73,30
1970-01-01 00:00:00.000000240,80.622604,73,31
1970-01-01 00:00:00.000000241,80.92855,73,31
1970-01-01 00:00:00.000000241,83.24293,73,32
1970-01-01 00:00:00.000000242,83.56173,73,32
1970-01-01 00:00:00.000000242,83.43979,73,33
1970-01-01 00:00:00.000000243,83.092354,73,33
1970-01-01 00:00:00.000000243,80.141884,73,34
1970-01-01 00:00:00.000000244,80.5046,73,34
1970-01-01 00:00:00.000000244,83.555305,73,35
1970-01-01 00:00:00.000000245,83.93667,73,35
1970-01-01 00:00:00.000000116,86.844635,74,10
1970-01-01 00:00:00.000000117,87.3,74,10
1970-01-01 00:00:00.000000117,86.28414,74,11
1970-01-01 00:00:00.000000118,86.89135,74,11
1970-01-01 00:00:00.000000118,87.800285,74,12
1970-01-01 00:00:00.000000119,87.793915,74,12
1970-01-01 00:00:00.000000119,87.414474,74,13
1970-01-01 00:00:00.000000120,87.24664,74,13
1970-01-01 00:00:00.000000120,86.3697,74,14
1970-01-01 00:00:00.000000121,86.519646,74,14
1970-01-01 00:00:00.000000121,87.40087,74,15
1970-01-01 00:00:00.000000122,87.484695,74,15
1970-01-01 00:00:00.000000122,87.77603,74,16
1970-01-01 00:00:00.000000123,87.73606,74,16
1970-01-01 00:00:00.000000123,87.17123,74,17
1970-01-01 00:00:00.000000124,87.14881,74,17
1970-01-01 00:00:00.000000129,81.02004,76,10
1970-01-01 00:00:00.000000130,81.02191,76,10
1970-01-01 00:00:00.000000130,81.32233,76,11
1970-01-01 00:00:00.000000131,81.37327,76,11
1970-01-01 00:00:00.000000131,81.36648,76,12
1970-01-01 00:00:00.000000132,81.37064,76,12
1970-01-01 00:00:00.000000132,81.35778,76,13
1970-01-01 00:00:00.000000133,81.34848,76,13
1970-01-01 00:00:00.000000133,81.52505,76,14
1970-01-01 00:00:00.000000134,81.54469,76,14
1970-01-01 00:00:00.000000134,81.30734,76,15
1970-01-01 00:00:00.000000135,81.281624,76,15
1970-01-01 00:00:00.000000135,81.69093,76,16
1970-01-01 00:00:00.000000136,81.749985,76,16
1970-01-01 00:00:00.000000136,81.68782,76,17
1970-01-01 00:00:00.000000137,81.63624,76,17
1970-01-01 00:00:00.000000137,81.82796,76,18
1970-01-01 00:00:00.000000138,81.854355,76,18
1970-01-01 00:00:00.000000138,81.84342,76,19
1970-01-01 00:00:00.000000139,81.80906,76,19
1970-01-01 00:00:00.000000151,76.30427,77,10
1970-01-01 00:00:00.000000152,76.300354,77,10
1970-01-01 00:00:00.000000152,76.13706,77,11
1970-01-01 00:00:00.000000153,76.14998,77,11
1970-01-01 00:00:00.000000153,76.224495,77,12
1970-01-01 00:00:00.000000154,76.24192,77,12
1970-01-01 00:00:00.000000154,76.01721,77,13
1970-01-01 00:00:00.000000155,76.026306,77,13
1970-01-01 00:00:00.000000155,75.649376,77,14
1970-01-01 00:00:00.000000156,75.66437,77,14
1970-01-01 00:00:00.000000156,75.71485,77,15
1970-01-01 00:00:00.000000157,75.767914,77,15
1970-01-01 00:00:00.000000157,76.18439,77,16
1970-01-01 00:00:00.000000158,76.2148,77,16
1970-01-01 00:00:00.000000158,75.40872,77,17
1970-01-01 00:00:00.000000159,75.42046,77,17
1970-01-01 00:00:00.000000159,75.65045,77,18
1970-01-01 00:00:00.000000160,75.73782,77,18
1970-01-01 00:00:00.000000160,75.79646,77,19
1970-01-01 00:00:00.000000161,75.73398,77,19
1970-01-01 00:00:00.000000161,75.680916,77,20
1970-01-01 00:00:00.000000162,75.649475,77,20
1970-01-01 00:00:00.000000162,75.6347,77,21
1970-01-01 00:00:00.000000163,75.6306,77,21
1970-01-01 00:00:00.000000163,76.048706,77,22
1970-01-01 00:00:00.000000164,76.11988,77,22
1970-01-01 00:00:00.000000164,76.61589,77,23
1970-01-01 00:00:00.000000165,76.758675,77,23
1970-01-01 00:00:00.000000098,99.21707,78,10
1970-01-01 00:00:00.000000099,100.0,78,10
1970-01-01 00:00:00.000000099,100.0,78,11
1970-01-01 00:00:00.000000100,97.505806,78,11
1970-01-01 00:00:00.000000100,100.0,78,12
1970-01-01 00:00:00.000000101,98.40834,78,12
1970-01-01 00:00:00.000000101,100.0,78,13
1970-01-01 00:00:00.000000102,99.73194,78,13
1970-01-01 00:00:00.000000102,100.0,78,14
1970-01-01 00:00:00.000000103,99.98543,78,14
1970-01-01 00:00:00.000000275,82.603935,79,10
1970-01-01 00:00:00.000000276,82.70935,79,10
1970-01-01 00:00:00.000000276,83.126495,79,11
1970-01-01 00:00:00.000000277,83.14322,79,11
1970-01-01 00:00:00.000000277,83.92543,79,12
1970-01-01 00:00:00.000000278,84.00381,79,12
1970-01-01 00:00:00.000000278,83.24384,79,13
1970-01-01 00:00:00.000000279,83.13064,79,13
1970-01-01 00:00:00.000000279,82.299034,79,14
1970-01-01 00:00:00.000000280,82.43169,79,14
1970-01-01 00:00:00.000000280,82.63625,79,15
1970-01-01 00:00:00.000000281,82.86148,79,15
1970-01-01 00:00:00.000000281,81.55306,79,16
1970-01-01 00:00:00.000000282,81.69242,79,16
1970-01-01 00:00:00.000000282,81.72862,79,17
1970-01-01 00:00:00.000000283,81.926704,79,17
1970-01-01 00:00:00.000000283,82.56514,79,18
1970-01-01 00:00:00.000000284,82.54793,79,18
1970-01-01 00:00:00.000000284,81.92984,79,19
1970-01-01 00:00:00.000000285,81.88248,79,19
1970-01-01 00:00:00.000000285,82.04013,79,20
1970-01-01 00:00:00.000000286,82.136215,79,20
1970-01-01 00:00:00.000000286,81.961655,79,21
1970-01-01 00:00:00.000000287,81.99489,79,21
1970-01-01 00:00:00.000000287,82.285614,79,22
1970-01-01 00:00:00.000000288,82.300575,79,22
1970-01-01 00:00:00.000000288,81.7901,79,23
1970-01-01 00:00:00.000000289,81.823364,79,23
1970-01-01 00:00:00.000000289,81.423195,79,24
1970-01-01 00:00:00.000000290,81.5019,79,24
1970-01-01 00:00:00.000000290,81.96861,79,25
1970-01-01 00:00:00.000000291,82.036865,79,25
1970-01-01 00:00:00.000000291,82.00021,79,26
1970-01-01 00:00:00.000000292,81.91361,79,26
1970-01-01 00:00:00.000000292,82.04256,79,27
1970-01-01 00:00:00.000000293,82.03426,79,27
1970-01-01 00:00:00.000000293,82.11697,79,28
1970-01-01 00:00:00.000000294,82.085976,79,28
1970-01-01 00:00:00.000000294,81.60996,79,29
1970-01-01 00:00:00.000000295,81.64841,79,29
1970-01-01 00:00:00.000000295,80.50915,79,30
1970-01-01 00:00:00.000000296,80.68849,79,30
1970-01-01 00:00:00.000000296,80.56919,79,31
1970-01-01 00:00:00.000000297,80.839676,79,31
1970-01-01 00:00:00.000000297,79.57301,79,32
1970-01-01 00:00:00.000000298,79.707436,79,32
1970-01-01 00:00:00.000000298,79.90062,79,33
1970-01-01 00:00:00.000000299,80.10946,79,33
1970-01-01 00:00:00.000000299,80.38177,79,34
1970-01-01 00:00:00.000000300,80.31059,79,34
1970-01-01 00:00:00.000000300,80.72547,79,35
1970-01-01 00:00:00.000000301,80.77239,79,35
1970-01-01 00:00:00.000000301,81.21837,79,36
1970-01-01 00:00:00.000000302,81.22604,79,36
1970-01-01 00:00:00.000000302,79.88359,79,37
1970-01-01 00:00:00.000000303,79.98758,79,37
1970-01-01 00:00:00.000000303,81.78908,79,38
1970-01-01 00:00:00.000000304,82.02875,79,38
1970-01-01 00:00:00.000000304,81.554474,79,39
1970-01-01 00:00:00.000000305,81.25522,79,39
1970-01-01 00:00:00.000000305,81.3171,79,40
1970-01-01 00:00:00.000000306,81.417145,79,40
1970-01-01 00:00:00.000000306,82.00455,79,41
1970-01-01 00:00:00.000000307,82.06052,79,41
1970-01-01 00:00:00.000000307,82.86624,79,42
1970-01-01 00:00:00.000000308,82.938065,79,42
1970-01-01 00:00:00.000000308,82.7733,79,43
1970-01-01 00:00:00.000000309,82.59029,79,43
1970-01-01 00:00:00.000000309,81.80756,79,44
1970-01-01 00:00:00.000000310,81.92684,79,44
1970-01-01 00:00:00.000000310,81.64771,79,45
1970-01-01 00:00:00.000000311,81.75879,79,45
1970-01-01 00:00:00.000000148,87.78069,80,10
1970-01-01 00:00:00.000000149,87.84387,80,10
1970-01-01 00:00:00.000000149,88.64013,80,11
1970-01-01 00:00:00.000000150,88.804474,80,11
1970-01-01 00:00:00.000000150,88.55196,80,12
1970-01-01 00:00:00.000000151,88.445015,80,12
1970-01-01 00:00:00.000000151,87.7844,80,13
1970-01-01 00:00:00.000000152,87.85105,80,13
1970-01-01 00:00:00.000000152,87.246666,80,14
1970-01-01 00:00:00.000000153,87.30961,80,14
1970-01-01 00:00:00.000000153,86.49071,80,15
1970-01-01 00:00:00.000000154,86.559296,80,15
1970-01-01 00:00:00.000000154,86.067986,80,16
1970-01-01 00:00:00.000000155,86.13696,80,16
1970-01-01 00:00:00.000000155,85.28223,80,17
1970-01-01 00:00:00.000000156,85.303,80,17
1970-01-01 00:00:00.000000156,83.664276,80,18
1970-01-01 00:00:00.000000157,83.71498,80,18
1970-01-01 00:00:00.000000157,94.09933,80,19
1970-01-01 00:00:00.000000158,94.47431,80,19
1970-01-01 00:00:00.000000158,100.0,80,20
1970-01-01 00:00:00.000000159,97.17838,80,20
1970-01-01 00:00:00.000000159,100.0,80,21
1970-01-01 00:00:00.000000160,96.58471,80,21
1970-01-01 00:00:00.000000160,100.0,80,22
1970-01-01 00:00:00.000000161,99.52706,80,22
1970-01-01 00:00:00.000000161,100.0,80,23
1970-01-01 00:00:00.000000162,100.0,80,23
1970-01-01 00:00:00.000000125,89.05245,81,10
1970-01-01 00:00:00.000000126,89.17019,81,10
1970-01-01 00:00:00.000000126,84.65641,81,11
1970-01-01 00:00:00.000000127,84.85748,81,11
1970-01-01 00:00:00.000000127,88.6301,81,12
1970-01-01 00:00:00.000000128,89.78988,81,12
1970-01-01 00:00:00.000000128,89.19979,81,13
1970-01-01 00:00:00.000000129,88.513504,81,13
1970-01-01 00:00:00.000000129,88.32158,81,14
1970-01-01 00:00:00.000000130,88.39564,81,14
1970-01-01 00:00:00.000000130,88.34858,81,15
1970-01-01 00:00:00.000000131,88.321175,81,15
1970-01-01 00:00:00.000000131,89.04518,81,16
1970-01-01 00:00:00.000000132,89.21601,81,16
1970-01-01 00:00:00.000000132,89.09005,81,17
1970-01-01 00:00:00.000000133,89.058014,81,17
1970-01-01 00:00:00.000000133,90.70545,81,18
1970-01-01 00:00:00.000000134,91.13451,81,18
1970-01-01 00:00:00.000000134,85.942825,81,19
1970-01-01 00:00:00.000000135,86.13577,81,19
1970-01-01 00:00:00.000000318,79.376915,83,10
1970-01-01 00:00:00.000000319,79.38093,83,10
1970-01-01 00:00:00.000000319,79.415504,83,11
1970-01-01 00:00:00.000000320,79.406876,83,11
1970-01-01 00:00:00.000000320,79.51073,83,12
1970-01-01 00:00:00.000000321,79.513374,83,12
1970-01-01 00:00:00.000000321,79.747025,83,13
1970-01-01 00:00:00.000000322,79.7851,83,13
1970-01-01 00:00:00.000000322,79.75384,83,14
1970-01-01 00:00:00.000000323,79.73454,83,14
1970-01-01 00:00:00.000000323,79.8835,83,15
1970-01-01 00:00:00.000000324,79.90172,83,15
1970-01-01 00:00:00.000000324,80.22591,83,16
1970-01-01 00:00:00.000000325,80.29261,83,16
1970-01-01 00:00:00.000000325,80.509254,83,17
1970-01-01 00:00:00.000000326,80.57424,83,17
1970-01-01 00:00:00.000000326,80.29596,83,18
1970-01-01 00:00:00.000000327,80.21734,83,18
1970-01-01 00:00:00.000000327,79.970634,83,19
1970-01-01 00:00:00.000000328,79.976,83,19
1970-01-01 00:00:00.000000328,79.95822,83,20
1970-01-01 00:00:00.000000329,79.97494,83,20
1970-01-01 00:00:00.000000329,79.70643,83,21
1970-01-01 00:00:00.000000330,79.70242,83,21
1970-01-01 00:00:00.000000330,79.38427,83,22
1970-01-01 00:00:00.000000331,79.37911,83,22
1970-01-01 00:00:00.000000331,79.86704,83,23
1970-01-01 00:00:00.000000332,79.92362,83,23
1970-01-01 00:00:00.000000332,79.865776,83,24
1970-01-01 00:00:00.000000333,79.775764,83,24
1970-01-01 00:00:00.000000333,79.70714,83,25
1970-01-01 00:00:00.000000334,79.69151,83,25
1970-01-01 00:00:00.000000334,79.44292,83,26
1970-01-01 00:00:00.000000335,79.440094,83,26
1970-01-01 00:00:00.000000335,78.98723,83,27
1970-01-01 00:00:00.000000336,78.9885,83,27
1970-01-01 00:00:00.000000336,79.44783,83,28
1970-01-01 00:00:00.000000337,79.52717,83,28
1970-01-01 00:00:00.000000337,79.371086,83,29
1970-01-01 00:00:00.000000338,79.2635,83,29
1970-01-01 00:00:00.000000338,78.9812,83,30
1970-01-01 00:00:00.000000339,78.99577,83,30
1970-01-01 00:00:00.000000339,79.329506,83,31
1970-01-01 00:00:00.000000340,79.36614,83,31
1970-01-01 00:00:00.000000340,79.52639,83,32
1970-01-01 00:00:00.000000341,79.521614,83,32
1970-01-01 00:00:00.000000341,79.697365,83,33
1970-01-01 00:00:00.000000342,79.73547,83,33
1970-01-01 00:00:00.000000342,79.95145,83,34
1970-01-01 00:00:00.000000343,80.00462,83,34
1970-01-01 00:00:00.000000343,80.27534,83,35
1970-01-01 00:00:00.000000344,80.35306,83,35
1970-01-01 00:00:00.000000344,80.11681,83,36
1970-01-01 00:00:00.000000345,80.04976,83,36
1970-01-01 00:00:00.000000345,80.4014,83,37
1970-01-01 00:00:00.000000346,80.46249,83,37
1970-01-01 00:00:00.000000346,80.48479,83,38
1970-01-01 00:00:00.000000347,80.47376,83,38
1970-01-01 00:00:00.000000347,80.31451,83,39
1970-01-01 00:00:00.000000348,80.27901,83,39
1970-01-01 00:00:00.000000348,80.72925,83,40
1970-01-01 00:00:00.000000349,80.80184,83,40
1970-01-01 00:00:00.000000349,80.64244,83,41
1970-01-01 00:00:00.000000350,80.57148,83,41
1970-01-01 00:00:00.000000350,80.80511,83,42
1970-01-01 00:00:00.000000351,80.835976,83,42
1970-01-01 00:00:00.000000351,81.03088,83,43
1970-01-01 00:00:00.000000352,81.05712,83,43
1970-01-01 00:00:00.000000352,81.15566,83,44
1970-01-01 00:00:00.000000353,81.17513,83,44
1970-01-01 00:00:00.000000353,80.77846,83,45
1970-01-01 00:00:00.000000354,80.766464,83,45
1970-01-01 00:00:00.000000354,81.32582,83,46
1970-01-01 00:00:00.000000355,81.41319,83,46
1970-01-01 00:00:00.000000355,81.27421,83,47
1970-01-01 00:00:00.000000356,81.193924,83,47
1970-01-01 00:00:00.000000356,81.2057,83,48
1970-01-01 00:00:00.000000357,81.1961,83,48
1970-01-01 00:00:00.000000357,80.91188,83,49
1970-01-01 00:00:00.000000358,80.90642,83,49
1970-01-01 00:00:00.000000358,80.71025,83,50
1970-01-01 00:00:00.000000359,80.703995,83,50
1970-01-01 00:00:00.000000359,80.20363,83,51
1970-01-01 00:00:00.000000360,80.19497,83,51
1970-01-01 00:00:00.000000360,80.817696,83,52
1970-01-01 00:00:00.000000361,80.91088,83,52
1970-01-01 00:00:00.000000361,81.27153,83,53
1970-01-01 00:00:00.000000362,81.30793,83,53
1970-01-01 00:00:00.000000110,93.2553,84,10
1970-01-01 00:00:00.000000111,93.30199,84,10
1970-01-01 00:00:00.000000111,93.17032,84,11
1970-01-01 00:00:00.000000112,93.12717,84,11
1970-01-01 00:00:00.000000112,93.102425,84,12
1970-01-01 00:00:00.000000113,93.100235,84,12
1970-01-01 00:00:00.000000113,93.287315,84,13
1970-01-01 00:00:00.000000114,93.29775,84,13
1970-01-01 00:00:00.000000114,93.760826,84,14
1970-01-01 00:00:00.000000115,93.867714,84,14
1970-01-01 00:00:00.000000115,93.71772,84,15
1970-01-01 00:00:00.000000116,93.68834,84,15
1970-01-01 00:00:00.000000116,93.543884,84,16
1970-01-01 00:00:00.000000117,93.52969,84,16
1970-01-01 00:00:00.000000118,84.91885,85,10
1970-01-01 00:00:00.000000119,84.93136,85,10
1970-01-01 00:00:00.000000119,84.37241,85,11
1970-01-01 00:00:00.000000120,84.384705,85,11
1970-01-01 00:00:00.000000120,85.395096,85,12
1970-01-01 00:00:00.000000121,85.51046,85,12
1970-01-01 00:00:00.000000121,86.746826,85,13
1970-01-01 00:00:00.000000122,87.10334,85,13
1970-01-01 00:00:00.000000122,87.10524,85,14
1970-01-01 00:00:00.000000123,87.22978,85,14
1970-01-01 00:00:00.000000123,87.399666,85,15
1970-01-01 00:00:00.000000124,87.528946,85,15
1970-01-01 00:00:00.000000124,87.88971,85,16
1970-01-01 00:00:00.000000125,88.0389,85,16
1970-01-01 00:00:00.000000125,88.08072,85,17
1970-01-01 00:00:00.000000126,88.14499,85,17
1970-01-01 00:00:00.000000215,93.85283,86,10
1970-01-01 00:00:00.000000216,93.908066,86,10
1970-01-01 00:00:00.000000216,94.14486,86,11
1970-01-01 00:00:00.000000217,94.21459,86,11
1970-01-01 00:00:00.000000217,93.63747,86,12
1970-01-01 00:00:00.000000218,93.6051,86,12
1970-01-01 00:00:00.000000218,92.99879,86,13
1970-01-01 00:00:00.000000219,93.03499,86,13
1970-01-01 00:00:00.000000219,91.98866,86,14
1970-01-01 00:00:00.000000220,92.0461,86,14
1970-01-01 00:00:00.000000220,91.44792,86,15
1970-01-01 00:00:00.000000221,91.492424,86,15
1970-01-01 00:00:00.000000221,91.05384,86,16
1970-01-01 00:00:00.000000222,91.09671,86,16
1970-01-01 00:00:00.000000222,90.847534,86,17
1970-01-01 00:00:00.000000223,90.86475,86,17
1970-01-01 00:00:00.000000223,91.829666,86,18
1970-01-01 00:00:00.000000224,91.95645,86,18
1970-01-01 00:00:00.000000224,92.47416,86,19
1970-01-01 00:00:00.000000225,92.60805,86,19
1970-01-01 00:00:00.000000225,93.113556,86,20
1970-01-01 00:00:00.000000226,93.269684,86,20
1970-01-01 00:00:00.000000226,92.90105,86,21
1970-01-01 00:00:00.000000227,92.80265,86,21
1970-01-01 00:00:00.000000227,93.106834,86,22
1970-01-01 00:00:00.000000228,93.1602,86,22
1970-01-01 00:00:00.000000228,92.16079,86,23
1970-01-01 00:00:00.000000229,92.19097,86,23
1970-01-01 00:00:00.000000229,91.57746,86,24
1970-01-01 00:00:00.000000230,91.62332,86,24
1970-01-01 00:00:00.000000230,91.027885,86,25
1970-01-01 00:00:00.000000231,91.054,86,25
1970-01-01 00:00:00.000000231,89.473366,86,26
1970-01-01 00:00:00.000000232,89.553635,86,26
1970-01-01 00:00:00.000000232,88.04378,86,27
1970-01-01 00:00:00.000000233,88.12283,86,27
1970-01-01 00:00:00.000000233,92.07903,86,28
1970-01-01 00:00:00.000000234,92.721725,86,28
1970-01-01 00:00:00.000000234,91.79079,86,29
1970-01-01 00:00:00.000000235,91.539505,86,29
1970-01-01 00:00:00.000000235,92.50782,86,30
1970-01-01 00:00:00.000000236,92.77411,86,30
1970-01-01 00:00:00.000000236,92.612816,86,31
1970-01-01 00:00:00.000000237,92.62266,86,31
1970-01-01 00:00:00.000000237,93.00882,86,32
1970-01-01 00:00:00.000000238,93.117485,86,32
1970-01-01 00:00:00.000000238,93.01405,86,33
1970-01-01 00:00:00.000000239,92.98645,86,33
1970-01-01 00:00:00.000000239,92.84855,86,34
1970-01-01 00:00:00.000000240,92.82373,86,34
1970-01-01 00:00:00.000000385,95.6998,87,10
1970-01-01 00:00:00.000000386,95.62807,87,10
1970-01-01 00:00:00.000000386,95.62767,87,11
1970-01-01 00:00:00.000000387,95.616,87,11
1970-01-01 00:00:00.000000387,95.64271,87,12
1970-01-01 00:00:00.000000388,95.64701,87,12
1970-01-01 00:00:00.000000388,95.31977,87,13
1970-01-01 00:00:00.000000389,95.37802,87,13
1970-01-01 00:00:00.000000389,95.12452,87,14
1970-01-01 00:00:00.000000390,95.20344,87,14
1970-01-01 00:00:00.000000390,95.085014,87,15
1970-01-01 00:00:00.000000391,95.196365,87,15
1970-01-01 00:00:00.000000391,94.527596,87,16
1970-01-01 00:00:00.000000392,94.63854,87,16
1970-01-01 00:00:00.000000392,94.524254,87,17
1970-01-01 00:00:00.000000393,94.67683,87,17
1970-01-01 00:00:00.000000393,95.232216,87,18
1970-01-01 00:00:00.000000394,95.259766,87,18
1970-01-01 00:00:00.000000394,95.293724,87,19
1970-01-01 00:00:00.000000395,95.26421,87,19
1970-01-01 00:00:00.000000395,94.351944,87,20
1970-01-01 00:00:00.000000396,94.44928,87,20
1970-01-01 00:00:00.000000396,94.54658,87,21
1970-01-01 00:00:00.000000397,94.72815,87,21
1970-01-01 00:00:00.000000397,93.96389,87,22
1970-01-01 00:00:00.000000398,94.09186,87,22
1970-01-01 00:00:00.000000398,93.48136,87,23
1970-01-01 00:00:00.000000399,93.63657,87,23
1970-01-01 00:00:00.000000399,93.22468,87,24
1970-01-01 00:00:00.000000400,93.436485,87,24
1970-01-01 00:00:00.000000400,92.252625,87,25
1970-01-01 00:00:00.000000401,92.480835,87,25
1970-01-01 00:00:00.000000401,85.16773,87,26
1970-01-01 00:00:00.000000402,86.39396,87,26
1970-01-01 00:00:00.000000402,92.59947,87,27
1970-01-01 00:00:00.000000403,93.88292,87,27
1970-01-01 00:00:00.000000403,93.8323,87,28
1970-01-01 00:00:00.000000404,93.125,87,28
1970-01-01 00:00:00.000000404,92.657486,87,29
1970-01-01 00:00:00.000000405,92.50329,87,29
1970-01-01 00:00:00.000000405,92.04734,87,30
1970-01-01 00:00:00.000000406,92.160034,87,30
1970-01-01 00:00:00.000000406,92.39467,87,31
1970-01-01 00:00:00.000000407,92.498535,87,31
1970-01-01 00:00:00.000000407,92.80212,87,32
1970-01-01 00:00:00.000000408,92.81864,87,32
1970-01-01 00:00:00.000000408,92.79513,87,33
1970-01-01 00:00:00.000000409,92.75308,87,33
1970-01-01 00:00:00.000000409,93.064415,87,34
1970-01-01 00:00:00.000000410,93.09309,87,34
1970-01-01 00:00:00.000000410,93.64615,87,35
1970-01-01 00:00:00.000000411,93.71809,87,35
1970-01-01 00:00:00.000000411,94.21256,87,36
1970-01-01 00:00:00.000000412,94.25563,87,36
1970-01-01 00:00:00.000000412,94.67417,87,37
1970-01-01 00:00:00.000000413,94.69782,87,37
1970-01-01 00:00:00.000000413,94.76887,87,38
1970-01-01 00:00:00.000000414,94.72893,87,38
1970-01-01 00:00:00.000000414,93.60559,87,39
1970-01-01 00:00:00.000000415,93.73824,87,39
1970-01-01 00:00:00.000000415,91.58741,87,40
1970-01-01 00:00:00.000000416,92.01506,87,40
1970-01-01 00:00:00.000000416,91.52299,87,41
1970-01-01 00:00:00.000000417,92.161385,87,41
1970-01-01 00:00:00.000000417,92.46143,87,42
1970-01-01 00:00:00.000000418,92.49089,87,42
1970-01-01 00:00:00.000000418,91.53149,87,43
1970-01-01 00:00:00.000000419,91.60662,87,43
1970-01-01 00:00:00.000000419,91.28998,87,44
1970-01-01 00:00:00.000000420,91.386536,87,44
1970-01-01 00:00:00.000000420,91.75994,87,45
1970-01-01 00:00:00.000000421,91.80125,87,45
1970-01-01 00:00:00.000000421,91.959724,87,46
1970-01-01 00:00:00.000000422,91.962906,87,46
1970-01-01 00:00:00.000000422,91.12184,87,47
1970-01-01 00:00:00.000000423,91.21809,87,47
1970-01-01 00:00:00.000000423,90.92856,87,48
1970-01-01 00:00:00.000000424,91.08027,87,48
1970-01-01 00:00:00.000000424,93.01695,87,49
1970-01-01 00:00:00.000000425,93.29677,87,49
1970-01-01 00:00:00.000000425,96.79818,87,50
1970-01-01 00:00:00.000000426,97.316376,87,50
1970-01-01 00:00:00.000000426,97.31132,87,51
1970-01-01 00:00:00.000000427,96.93622,87,51
1970-01-01 00:00:00.000000427,92.6266,87,52
1970-01-01 00:00:00.000000428,93.18876,87,52
1970-01-01 00:00:00.000000428,91.36623,87,53
1970-01-01 00:00:00.000000429,92.12349,87,53
1970-01-01 00:00:00.000000429,88.07407,87,54
1970-01-01 00:00:00.000000430,89.18705,87,54
1970-01-01 00:00:00.000000430,90.10213,87,55
1970-01-01 00:00:00.000000431,91.10172,87,55
1970-01-01 00:00:00.000000431,92.90057,87,56
1970-01-01 00:00:00.000000432,93.1115,87,56
1970-01-01 00:00:00.000000432,94.81272,87,57
1970-01-01 00:00:00.000000433,95.021095,87,57
1970-01-01 00:00:00.000000433,95.01769,87,58
1970-01-01 00:00:00.000000434,94.73888,87,58
1970-01-01 00:00:00.000000434,92.43851,87,59
1970-01-01 00:00:00.000000435,92.979355,87,59
1970-01-01 00:00:00.000000435,71.98328,87,60
1970-01-01 00:00:00.000000436,75.86857,87,60
1970-01-01 00:00:00.000000436,67.63082,87,61
1970-01-01 00:00:00.000000437,73.51293,87,61
1970-01-01 00:00:00.000000437,83.083916,87,62
1970-01-01 00:00:00.000000438,83.11433,87,62
1970-01-01 00:00:00.000000438,87.327225,87,63
1970-01-01 00:00:00.000000439,88.331276,87,63
1970-01-01 00:00:00.000000439,93.399895,87,64
1970-01-01 00:00:00.000000440,93.51778,87,64
1970-01-01 00:00:00.000000440,93.12318,87,65
1970-01-01 00:00:00.000000441,92.18175,87,65
1970-01-01 00:00:00.000000355,80.824486,88,10
1970-01-01 00:00:00.000000356,80.82636,88,10
1970-01-01 00:00:00.000000356,80.92472,88,11
1970-01-01 00:00:00.000000357,80.950356,88,11
1970-01-01 00:00:00.000000357,81.01221,88,12
1970-01-01 00:00:00.000000358,80.98097,88,12
1970-01-01 00:00:00.000000358,81.06804,88,13
1970-01-01 00:00:00.000000359,81.05383,88,13
1970-01-01 00:00:00.000000359,81.40952,88,14
1970-01-01 00:00:00.000000360,81.47876,88,14
1970-01-01 00:00:00.000000360,81.3902,88,15
1970-01-01 00:00:00.000000361,81.361855,88,15
1970-01-01 00:00:00.000000361,81.002335,88,16
1970-01-01 00:00:00.000000362,81.02299,88,16
1970-01-01 00:00:00.000000362,81.176704,88,17
1970-01-01 00:00:00.000000363,81.20002,88,17
1970-01-01 00:00:00.000000363,80.87057,88,18
1970-01-01 00:00:00.000000364,80.87964,88,18
1970-01-01 00:00:00.000000364,80.80863,88,19
1970-01-01 00:00:00.000000365,80.83433,88,19
1970-01-01 00:00:00.000000365,80.91315,88,20
1970-01-01 00:00:00.000000366,80.90821,88,20
1970-01-01 00:00:00.000000366,81.06407,88,21
1970-01-01 00:00:00.000000367,81.05674,88,21
1970-01-01 00:00:00.000000367,81.25234,88,22
1970-01-01 00:00:00.000000368,81.285065,88,22
1970-01-01 00:00:00.000000368,81.028694,88,23
1970-01-01 00:00:00.000000369,80.98922,88,23
1970-01-01 00:00:00.000000369,81.20976,88,24
1970-01-01 00:00:00.000000370,81.2393,88,24
1970-01-01 00:00:00.000000370,80.87334,88,25
1970-01-01 00:00:00.000000371,80.87679,88,25
1970-01-01 00:00:00.000000371,81.32504,88,26
1970-01-01 00:00:00.000000372,81.387405,88,26
1970-01-01 00:00:00.000000372,81.2878,88,27
1970-01-01 00:00:00.000000373,81.21363,88,27
1970-01-01 00:00:00.000000373,81.28504,88,28
1970-01-01 00:00:00.000000374,81.294014,88,28
1970-01-01 00:00:00.000000374,81.138275,88,29
1970-01-01 00:00:00.000000375,81.135994,88,29
1970-01-01 00:00:00.000000375,81.43824,88,30
1970-01-01 00:00:00.000000376,81.46993,88,30
1970-01-01 00:00:00.000000376,81.259895,88,31
1970-01-01 00:00:00.000000377,81.22306,88,31
1970-01-01 00:00:00.000000377,81.18434,88,32
1970-01-01 00:00:00.000000378,81.19499,88,32
1970-01-01 00:00:00.000000378,81.230705,88,33
1970-01-01 00:00:00.000000379,81.22828,88,33
1970-01-01 00:00:00.000000379,80.87833,88,34
1970-01-01 00:00:00.000000380,80.88425,88,34
1970-01-01 00:00:00.000000380,80.6912,88,35
1970-01-01 00:00:00.000000381,80.70316,88,35
1970-01-01 00:00:00.000000381,80.78106,88,36
1970-01-01 00:00:00.000000382,80.79601,88,36
1970-01-01 00:00:00.000000382,80.62612,88,37
1970-01-01 00:00:00.000000383,80.632645,88,37
1970-01-01 00:00:00.000000383,80.72608,88,38
1970-01-01 00:00:00.000000384,80.73241,88,38
1970-01-01 00:00:00.000000384,80.64835,88,39
1970-01-01 00:00:00.000000385,80.64003,88,39
1970-01-01 00:00:00.000000385,80.255806,88,40
1970-01-01 00:00:00.000000386,80.26345,88,40
1970-01-01 00:00:00.000000386,81.08664,88,41
1970-01-01 00:00:00.000000387,81.25156,88,41
1970-01-01 00:00:00.000000387,81.2171,88,42
1970-01-01 00:00:00.000000388,81.20401,88,42
1970-01-01 00:00:00.000000388,81.39202,88,43
1970-01-01 00:00:00.000000389,81.45474,88,43
1970-01-01 00:00:00.000000389,81.96376,88,44
1970-01-01 00:00:00.000000390,82.11871,88,44
1970-01-01 00:00:00.000000390,82.27835,88,45
1970-01-01 00:00:00.000000391,82.36357,88,45
1970-01-01 00:00:00.000000391,82.91236,88,46
1970-01-01 00:00:00.000000392,83.10335,88,46
1970-01-01 00:00:00.000000392,82.18106,88,47
1970-01-01 00:00:00.000000393,82.10151,88,47
1970-01-01 00:00:00.000000393,83.141106,88,48
1970-01-01 00:00:00.000000394,83.36285,88,48
1970-01-01 00:00:00.000000394,83.5712,88,49
1970-01-01 00:00:00.000000395,83.64319,88,49
1970-01-01 00:00:00.000000395,83.59037,88,50
1970-01-01 00:00:00.000000396,83.60747,88,50
1970-01-01 00:00:00.000000396,83.91269,88,51
1970-01-01 00:00:00.000000397,83.99112,88,51
1970-01-01 00:00:00.000000397,84.08023,88,52
1970-01-01 00:00:00.000000398,84.113495,88,52
1970-01-01 00:00:00.000000398,84.40778,88,53
1970-01-01 00:00:00.000000399,84.48678,88,53
1970-01-01 00:00:00.000000399,84.952095,88,54
1970-01-01 00:00:00.000000400,85.090866,88,54
1970-01-01 00:00:00.000000400,85.39334,88,55
1970-01-01 00:00:00.000000401,85.50219,88,55
1970-01-01 00:00:00.000000401,85.57737,88,56
1970-01-01 00:00:00.000000402,85.62583,88,56
1970-01-01 00:00:00.000000402,85.189514,88,57
1970-01-01 00:00:00.000000403,85.13431,88,57
1970-01-01 00:00:00.000000403,85.164986,88,58
1970-01-01 00:00:00.000000404,85.18474,88,58
1970-01-01 00:00:00.000000404,84.98088,88,59
1970-01-01 00:00:00.000000405,84.98425,88,59
1970-01-01 00:00:00.000000093,100.0,89,10
1970-01-01 00:00:00.000000094,100.0,89,10
1970-01-01 00:00:00.000000094,100.0,89,11
1970-01-01 00:00:00.000000095,100.0,89,11
1970-01-01 00:00:00.000000095,100.0,89,12
1970-01-01 00:00:00.000000096,100.0,89,12
1970-01-01 00:00:00.000000096,100.0,89,13
1970-01-01 00:00:00.000000097,100.0,89,13
1970-01-01 00:00:00.000000101,71.5907,92,10
1970-01-01 00:00:00.000000102,71.7201,92,10
1970-01-01 00:00:00.000000102,72.80611,92,11
1970-01-01 00:00:00.000000103,72.86811,92,11
1970-01-01 00:00:00.000000103,72.75457,92,12
1970-01-01 00:00:00.000000104,72.69597,92,12
1970-01-01 00:00:00.000000104,72.47419,92,13
1970-01-01 00:00:00.000000105,72.44513,92,13
1970-01-01 00:00:00.000000105,72.97428,92,14
1970-01-01 00:00:00.000000106,73.069984,92,14
1970-01-01 00:00:00.000000166,84.95445,93,10
1970-01-01 00:00:00.000000167,84.974236,93,10
1970-01-01 00:00:00.000000167,84.62585,93,11
1970-01-01 00:00:00.000000168,84.664154,93,11
1970-01-01 00:00:00.000000168,84.84187,93,12
1970-01-01 00:00:00.000000169,84.90324,93,12
1970-01-01 00:00:00.000000169,85.13531,93,13
1970-01-01 00:00:00.000000170,85.10885,93,13
1970-01-01 00:00:00.000000170,85.13839,93,14
1970-01-01 00:00:00.000000171,85.13644,93,14
1970-01-01 00:00:00.000000171,86.50839,93,15
1970-01-01 00:00:00.000000172,86.80829,93,15
1970-01-01 00:00:00.000000172,88.32479,93,16
1970-01-01 00:00:00.000000173,88.67035,93,16
1970-01-01 00:00:00.000000173,90.15304,93,17
1970-01-01 00:00:00.000000174,90.56457,93,17
1970-01-01 00:00:00.000000174,89.834206,93,18
1970-01-01 00:00:00.000000175,89.6357,93,18
1970-01-01 00:00:00.000000175,88.35468,93,19
1970-01-01 00:00:00.000000176,88.379425,93,19
1970-01-01 00:00:00.000000176,87.077484,93,20
1970-01-01 00:00:00.000000177,87.201546,93,20
1970-01-01 00:00:00.000000177,76.72351,93,21
1970-01-01 00:00:00.000000178,78.55728,93,21
1970-01-01 00:00:00.000000178,100.0,93,22
1970-01-01 00:00:00.000000179,100.0,93,22
1970-01-01 00:00:00.000000179,100.0,93,23
1970-01-01 00:00:00.000000180,98.91976,93,23
1970-01-01 00:00:00.000000180,100.0,93,24
1970-01-01 00:00:00.000000181,100.0,93,24
1970-01-01 00:00:00.000000181,100.0,93,25
1970-01-01 00:00:00.000000182,100.0,93,25
1970-01-01 00:00:00.000000182,100.0,93,26
1970-01-01 00:00:00.000000183,100.0,93,26
1970-01-01 00:00:00.000000114,77.090675,95,10
1970-01-01 00:00:00.000000115,77.50781,95,10
1970-01-01 00:00:00.000000115,76.493416,95,11
1970-01-01 00:00:00.000000116,76.97454,95,11
1970-01-01 00:00:00.000000116,77.853,95,12
1970-01-01 00:00:00.000000117,77.861374,95,12
1970-01-01 00:00:00.000000117,78.98919,95,13
1970-01-01 00:00:00.000000118,79.10846,95,13
1970-01-01 00:00:00.000000118,77.87146,95,14
1970-01-01 00:00:00.000000119,77.696365,95,14
1970-01-01 00:00:00.000000119,78.066414,95,15
1970-01-01 00:00:00.000000120,78.3799,95,15
1970-01-01 00:00:00.000000120,77.194115,95,16
1970-01-01 00:00:00.000000121,77.38753,95,16
1970-01-01 00:00:00.000000121,76.568886,95,17
1970-01-01 00:00:00.000000122,76.80628,95,17
1970-01-01 00:00:00.000000183,74.72547,96,10
1970-01-01 00:00:00.000000184,74.76644,96,10
1970-01-01 00:00:00.000000184,74.14473,96,11
1970-01-01 00:00:00.000000185,74.2152,96,11
1970-01-01 00:00:00.000000185,75.89148,96,12
1970-01-01 00:00:00.000000186,76.14539,96,12
1970-01-01 00:00:00.000000186,75.36314,96,13
1970-01-01 00:00:00.000000187,75.07931,96,13
1970-01-01 00:00:00.000000187,74.8534,96,14
1970-01-01 00:00:00.000000188,74.94087,96,14
1970-01-01 00:00:00.000000188,75.4201,96,15
1970-01-01 00:00:00.000000189,75.4528,96,15
1970-01-01 00:00:00.000000189,74.96457,96,16
1970-01-01 00:00:00.000000190,74.95068,96,16
1970-01-01 00:00:00.000000190,75.695625,96,17
1970-01-01 00:00:00.000000191,75.837105,96,17
1970-01-01 00:00:00.000000191,75.35011,96,18
1970-01-01 00:00:00.000000192,75.25198,96,18
1970-01-01 00:00:00.000000192,74.89513,96,19
1970-01-01 00:00:00.000000193,74.92407,96,19
1970-01-01 00:00:00.000000193,76.174515,96,20
1970-01-01 00:00:00.000000194,76.38744,96,20
1970-01-01 00:00:00.000000194,75.19854,96,21
1970-01-01 00:00:00.000000195,75.10454,96,21
1970-01-01 00:00:00.000000195,74.45016,96,22
1970-01-01 00:00:00.000000196,74.51863,96,22
1970-01-01 00:00:00.000000196,73.426994,96,23
1970-01-01 00:00:00.000000197,73.52504,96,23
1970-01-01 00:00:00.000000197,71.979645,96,24
1970-01-01 00:00:00.000000198,72.10585,96,24
1970-01-01 00:00:00.000000198,72.08041,96,25
1970-01-01 00:00:00.000000199,72.31385,96,25
1970-01-01 00:00:00.000000199,74.20911,96,26
1970-01-01 00:00:00.000000200,74.44481,96,26
1970-01-01 00:00:00.000000200,74.51502,96,27
1970-01-01 00:00:00.000000201,74.60678,96,27
1970-01-01 00:00:00.000000201,74.36111,96,28
1970-01-01 00:00:00.000000202,74.307434,96,28
1970-01-01 00:00:00.000000202,73.59269,96,29
1970-01-01 00:00:00.000000203,73.65749,96,29
1970-01-01 00:00:00.000000079,99.94211,98,10
1970-01-01 00:00:00.000000080,99.70272,98,10
1970-01-01 00:00:00.000000080,100.0,98,11
1970-01-01 00:00:00.000000081,100.0,98,11
1970-01-01 00:00:00.000000096,100.0,99,10
1970-01-01 00:00:00.000000097,100.0,99,10
1970-01-01 00:00:00.000000097,100.0,99,11
1970-01-01 00:00:00.000000098,98.78853,99,11
1970-01-01 00:00:00.000000098,100.0,99,12
1970-01-01 00:00:00.000000099,100.0,99,12
1970-01-01 00:00:00.000000099,100.0,99,13
1970-01-01 00:00:00.000000100,100.0,99,13
1970-01-01 00:00:00.000000100,100.0,99,14
1970-01-01 00:00:00.000000101,100.0,99,14
1970-01-01 00:00:00.000000340,84.5603,100,10
1970-01-01 00:00:00.000000341,84.60284,100,10
1970-01-01 00:00:00.000000341,82.869,100,11
1970-01-01 00:00:00.000000342,83.00208,100,11
1970-01-01 00:00:00.000000342,82.12485,100,12
1970-01-01 00:00:00.000000343,82.25603,100,12
1970-01-01 00:00:00.000000343,81.5466,100,13
1970-01-01 00:00:00.000000344,81.68497,100,13
1970-01-01 00:00:00.000000344,80.942635,100,14
1970-01-01 00:00:00.000000345,81.012276,100,14
1970-01-01 00:00:00.000000345,80.684654,100,15
1970-01-01 00:00:00.000000346,80.754234,100,15
1970-01-01 00:00:00.000000346,80.41718,100,16
1970-01-01 00:00:00.000000347,80.48885,100,16
1970-01-01 00:00:00.000000347,79.24005,100,17
1970-01-01 00:00:00.000000348,79.35358,100,17
1970-01-01 00:00:00.000000348,77.75921,100,18
1970-01-01 00:00:00.000000349,77.932045,100,18
1970-01-01 00:00:00.000000349,75.99384,100,19
1970-01-01 00:00:00.000000350,76.18478,100,19
1970-01-01 00:00:00.000000350,76.34591,100,20
1970-01-01 00:00:00.000000351,76.66818,100,20
1970-01-01 00:00:00.000000351,76.48006,100,21
1970-01-01 00:00:00.000000352,76.51003,100,21
1970-01-01 00:00:00.000000352,75.749245,100,22
1970-01-01 00:00:00.000000353,75.796776,100,22
1970-01-01 00:00:00.000000353,75.2512,100,23
1970-01-01 00:00:00.000000354,75.32477,100,23
1970-01-01 00:00:00.000000354,74.53402,100,24
1970-01-01 00:00:00.000000355,74.62629,100,24
1970-01-01 00:00:00.000000355,74.26857,100,25
1970-01-01 00:00:00.000000356,74.381966,100,25
1970-01-01 00:00:00.000000356,73.625,100,26
1970-01-01 00:00:00.000000357,73.71303,100,26
1970-01-01 00:00:00.000000357,75.52832,100,27
1970-01-01 00:00:00.000000358,75.84087,100,27
1970-01-01 00:00:00.000000358,73.03171,100,28
1970-01-01 00:00:00.000000359,73.17614,100,28
1970-01-01 00:00:00.000000359,72.99969,100,29
1970-01-01 00:00:00.000000360,73.30564,100,29
1970-01-01 00:00:00.000000360,71.727264,100,30
1970-01-01 00:00:00.000000361,71.91095,100,30
1970-01-01 00:00:00.000000361,71.66004,100,31
1970-01-01 00:00:00.000000362,71.84379,100,31
1970-01-01 00:00:00.000000362,71.57516,100,32
1970-01-01 00:00:00.000000363,71.741745,100,32
1970-01-01 00:00:00.000000363,72.38187,100,33
1970-01-01 00:00:00.000000364,72.45275,100,33
1970-01-01 00:00:00.000000364,72.77408,100,34
1970-01-01 00:00:00.000000365,72.84846,100,34
1970-01-01 00:00:00.000000365,73.07007,100,35
1970-01-01 00:00:00.000000366,73.12189,100,35
1970-01-01 00:00:00.000000366,72.60557,100,36
1970-01-01 00:00:00.000000367,72.58652,100,36
1970-01-01 00:00:00.000000367,72.18932,100,37
1970-01-01 00:00:00.000000368,72.24302,100,37
1970-01-01 00:00:00.000000368,71.85233,100,38
1970-01-01 00:00:00.000000369,71.92366,100,38
1970-01-01 00:00:00.000000369,71.53367,100,39
1970-01-01 00:00:00.000000370,71.60516,100,39
1970-01-01 00:00:00.000000370,72.02122,100,40
1970-01-01 00:00:00.000000371,72.071526,100,40
1970-01-01 00:00:00.000000371,72.12075,100,41
1970-01-01 00:00:00.000000372,72.095955,100,41
1970-01-01 00:00:00.000000372,71.26114,100,42
1970-01-01 00:00:00.000000373,71.316475,100,42
1970-01-01 00:00:00.000000373,71.6139,100,43
1970-01-01 00:00:00.000000374,71.749695,100,43
1970-01-01 00:00:00.000000374,72.625786,100,44
1970-01-01 00:00:00.000000375,72.76415,100,44
1970-01-01 00:00:00.000000375,71.28442,100,45
1970-01-01 00:00:00.000000376,71.32958,100,45
1970-01-01 00:00:00.000000376,70.92826,100,46
1970-01-01 00:00:00.000000377,71.04908,100,46
1970-01-01 00:00:00.000000377,70.37171,100,47
1970-01-01 00:00:00.000000378,70.50711,100,47
1970-01-01 00:00:00.000000378,69.4376,100,48
1970-01-01 00:00:00.000000379,69.60707,100,48
1970-01-01 00:00:00.000000379,68.34225,100,49
1970-01-01 00:00:00.000000380,68.5735,100,49
1970-01-01 00:00:00.000000380,66.2222,100,50
1970-01-01 00:00:00.000000381,66.55656,100,50
1970-01-01 00:00:00.000000381,66.47703,100,51
1970-01-01 00:00:00.000000382,66.90431,100,51
1970-01-01 00:00:00.000000382,67.39789,100,52
1970-01-01 00:00:00.000000383,67.25194,100,52
1970-01-01 00:00:00.000000383,100.0,100,53
1970-01-01 00:00:00.000000384,100.0,100,53
1970-01-01 00:00:00.000000384,100.0,100,54
1970-01-01 00:00:00.000000385,96.66367,100,54
1970-01-01 00:00:00.000000385,100.0,100,55
1970-01-01 00:00:00.000000386,100.0,100,55
1970-01-01 00:00:00.000000386,100.0,100,56
1970-01-01 00:00:00.000000387,100.0,100,56
1970-01-01 00:00:00.000000387,100.0,100,57
1970-01-01 00:00:00.000000388,100.0,100,57
1970-01-01 00:00:00.000000142,83.68977,101,10
1970-01-01 00:00:00.000000143,84.13151,101,10
1970-01-01 00:00:00.000000143,84.23703,101,11
1970-01-01 00:00:00.000000144,84.28422,101,11
1970-01-01 00:00:00.000000144,84.95937,101,12
1970-01-01 00:00:00.000000145,85.13319,101,12
1970-01-01 00:00:00.000000145,85.91293,101,13
1970-01-01 00:00:00.000000146,86.11801,101,13
1970-01-01 00:00:00.000000146,86.5612,101,14
1970-01-01 00:00:00.000000147,86.66724,101,14
1970-01-01 00:00:00.000000147,87.48066,101,15
1970-01-01 00:00:00.000000148,87.66907,101,15
1970-01-01 00:00:00.000000148,88.12025,101,16
1970-01-01 00:00:00.000000149,88.22567,101,16
1970-01-01 00:00:00.000000149,88.61673,101,17
1970-01-01 00:00:00.000000150,88.69701,101,17
1970-01-01 00:00:00.000000150,89.7732,101,18
1970-01-01 00:00:00.000000151,90.02035,101,18
1970-01-01 00:00:00.000000151,90.12546,101,19
1970-01-01 00:00:00.000000152,90.14114,101,19
1970-01-01 00:00:00.000000152,90.08207,101,20
1970-01-01 00:00:00.000000153,90.07285,101,20
1970-01-01 00:00:00.000000153,90.1654,101,21
1970-01-01 00:00:00.000000154,90.17838,101,21
1970-01-01 00:00:00.000000154,90.58194,101,22
1970-01-01 00:00:00.000000155,90.65568,101,22
1970-01-01 00:00:00.000000187,79.07327,103,10
1970-01-01 00:00:00.000000188,79.07799,103,10
1970-01-01 00:00:00.000000188,79.64224,103,11
1970-01-01 00:00:00.000000189,79.77607,103,11
1970-01-01 00:00:00.000000189,79.42291,103,12
1970-01-01 00:00:00.000000190,79.31616,103,12
1970-01-01 00:00:00.000000190,79.63549,103,13
1970-01-01 00:00:00.000000191,79.685425,103,13
1970-01-01 00:00:00.000000191,79.96806,103,14
1970-01-01 00:00:00.000000192,80.018486,103,14
1970-01-01 00:00:00.000000192,80.09465,103,15
1970-01-01 00:00:00.000000193,80.11899,103,15
1970-01-01 00:00:00.000000193,80.0491,103,16
1970-01-01 00:00:00.000000194,80.01976,103,16
1970-01-01 00:00:00.000000194,81.181244,103,17
1970-01-01 00:00:00.000000195,81.45276,103,17
1970-01-01 00:00:00.000000195,80.77254,103,18
1970-01-01 00:00:00.000000196,80.54999,103,18
1970-01-01 00:00:00.000000196,81.105835,103,19
1970-01-01 00:00:00.000000197,81.20674,103,19
1970-01-01 00:00:00.000000197,81.39627,103,20
1970-01-01 00:00:00.000000198,81.418564,103,20
1970-01-01 00:00:00.000000198,81.31121,103,21
1970-01-01 00:00:00.000000199,81.28253,103,21
1970-01-01 00:00:00.000000199,81.717766,103,22
1970-01-01 00:00:00.000000200,81.80901,103,22
1970-01-01 00:00:00.000000200,82.311195,103,23
1970-01-01 00:00:00.000000201,82.44956,103,23
1970-01-01 00:00:00.000000201,83.33912,103,24
1970-01-01 00:00:00.000000202,83.59943,103,24
1970-01-01 00:00:00.000000202,82.979774,103,25
1970-01-01 00:00:00.000000203,82.828514,103,25
1970-01-01 00:00:00.000000203,82.49271,103,26
1970-01-01 00:00:00.000000204,82.50985,103,26
1970-01-01 00:00:00.000000204,83.09583,103,27
1970-01-01 00:00:00.000000205,83.150505,103,27
1970-01-01 00:00:00.000000205,83.41723,103,28
1970-01-01 00:00:00.000000206,83.46624,103,28
1970-01-01 00:00:00.000000206,82.92789,103,29
1970-01-01 00:00:00.000000207,82.88783,103,29
1970-01-01 00:00:00.000000207,82.51868,103,30
1970-01-01 00:00:00.000000208,82.526,103,30
1970-01-01 00:00:00.000000080,100.0,104,10
1970-01-01 00:00:00.000000081,99.01903,104,10
1970-01-01 00:00:00.000000081,100.0,104,11
1970-01-01 00:00:00.000000082,99.982666,104,11
1970-01-01 00:00:00.000000190,92.51935,105,10
1970-01-01 00:00:00.000000191,92.62594,105,10
1970-01-01 00:00:00.000000191,93.39874,105,11
1970-01-01 00:00:00.000000192,93.57787,105,11
1970-01-01 00:00:00.000000192,94.051796,105,12
1970-01-01 00:00:00.000000193,94.16002,105,12
1970-01-01 00:00:00.000000193,92.714806,105,13
1970-01-01 00:00:00.000000194,92.741486,105,13
1970-01-01 00:00:00.000000194,95.305725,105,14
1970-01-01 00:00:00.000000195,95.812256,105,14
1970-01-01 00:00:00.000000195,93.18505,105,15
1970-01-01 00:00:00.000000196,93.11818,105,15
1970-01-01 00:00:00.000000196,94.011505,105,16
1970-01-01 00:00:00.000000197,94.38889,105,16
1970-01-01 00:00:00.000000197,94.673836,105,17
1970-01-01 00:00:00.000000198,94.53153,105,17
1970-01-01 00:00:00.000000198,94.13742,105,18
1970-01-01 00:00:00.000000199,94.116035,105,18
1970-01-01 00:00:00.000000199,93.8914,105,19
1970-01-01 00:00:00.000000200,93.905304,105,19
1970-01-01 00:00:00.000000200,94.167244,105,20
1970-01-01 00:00:00.000000201,94.191505,105,20
1970-01-01 00:00:00.000000201,94.55225,105,21
1970-01-01 00:00:00.000000202,94.595955,105,21
1970-01-01 00:00:00.000000202,95.6849,105,22
1970-01-01 00:00:00.000000203,95.917076,105,22
1970-01-01 00:00:00.000000203,96.2093,105,23
1970-01-01 00:00:00.000000204,96.250244,105,23
1970-01-01 00:00:00.000000204,96.32104,105,24
1970-01-01 00:00:00.000000205,96.27617,105,24
1970-01-01 00:00:00.000000205,95.5411,105,25
1970-01-01 00:00:00.000000206,95.574265,105,25
1970-01-01 00:00:00.000000206,94.602806,105,26
1970-01-01 00:00:00.000000207,94.69311,105,26
1970-01-01 00:00:00.000000207,93.661125,105,27
1970-01-01 00:00:00.000000208,93.7557,105,27
1970-01-01 00:00:00.000000208,93.33871,105,28
1970-01-01 00:00:00.000000209,93.46941,105,28
1970-01-01 00:00:00.000000209,90.43761,105,29
1970-01-01 00:00:00.000000210,90.66336,105,29
1970-01-01 00:00:00.000000210,90.0668,105,30
1970-01-01 00:00:00.000000211,90.322784,105,30
1970-01-01 00:00:00.000000281,78.58112,106,10
1970-01-01 00:00:00.000000282,78.5219,106,10
1970-01-01 00:00:00.000000282,78.44592,106,11
1970-01-01 00:00:00.000000283,78.43446,106,11
1970-01-01 00:00:00.000000283,78.355354,106,12
1970-01-01 00:00:00.000000284,78.359344,106,12
1970-01-01 00:00:00.000000284,78.29923,106,13
1970-01-01 00:00:00.000000285,78.30603,106,13
1970-01-01 00:00:00.000000285,78.20933,106,14
1970-01-01 00:00:00.000000286,78.2154,106,14
1970-01-01 00:00:00.000000286,78.09021,106,15
1970-01-01 00:00:00.000000287,78.09308,106,15
1970-01-01 00:00:00.000000287,78.46376,106,16
1970-01-01 00:00:00.000000288,78.49465,106,16
1970-01-01 00:00:00.000000288,78.09931,106,17
1970-01-01 00:00:00.000000289,78.08023,106,17
1970-01-01 00:00:00.000000289,78.23119,106,18
1970-01-01 00:00:00.000000290,78.25321,106,18
1970-01-01 00:00:00.000000290,77.92713,106,19
1970-01-01 00:00:00.000000291,77.920815,106,19
1970-01-01 00:00:00.000000291,77.78175,106,20
1970-01-01 00:00:00.000000292,77.77949,106,20
1970-01-01 00:00:00.000000292,77.906075,106,21
1970-01-01 00:00:00.000000293,77.899864,106,21
1970-01-01 00:00:00.000000293,77.56399,106,22
1970-01-01 00:00:00.000000294,77.559784,106,22
1970-01-01 00:00:00.000000294,77.43097,106,23
1970-01-01 00:00:00.000000295,77.4306,106,23
1970-01-01 00:00:00.000000295,77.36108,106,24
1970-01-01 00:00:00.000000296,77.373245,106,24
1970-01-01 00:00:00.000000296,77.38267,106,25
1970-01-01 00:00:00.000000297,77.37598,106,25
1970-01-01 00:00:00.000000297,77.231575,106,26
1970-01-01 00:00:00.000000298,77.23583,106,26
1970-01-01 00:00:00.000000298,77.13613,106,27
1970-01-01 00:00:00.000000299,77.14353,106,27
1970-01-01 00:00:00.000000299,76.93143,106,28
1970-01-01 00:00:00.000000300,76.926,106,28
1970-01-01 00:00:00.000000300,76.80732,106,29
1970-01-01 00:00:00.000000301,76.8115,106,29
1970-01-01 00:00:00.000000301,76.527664,106,30
1970-01-01 00:00:00.000000302,76.51918,106,30
1970-01-01 00:00:00.000000302,76.45651,106,31
1970-01-01 00:00:00.000000303,76.47203,106,31
1970-01-01 00:00:00.000000303,76.61114,106,32
1970-01-01 00:00:00.000000304,76.590225,106,32
1970-01-01 00:00:00.000000304,76.128075,106,33
1970-01-01 00:00:00.000000305,76.124115,106,33
1970-01-01 00:00:00.000000305,76.08475,106,34
1970-01-01 00:00:00.000000306,76.10268,106,34
1970-01-01 00:00:00.000000306,76.0849,106,35
1970-01-01 00:00:00.000000307,76.08447,106,35
1970-01-01 00:00:00.000000307,75.901405,106,36
1970-01-01 00:00:00.000000308,75.90568,106,36
1970-01-01 00:00:00.000000308,75.87049,106,37
1970-01-01 00:00:00.000000309,75.88212,106,37
1970-01-01 00:00:00.000000309,75.87003,106,38
1970-01-01 00:00:00.000000310,75.86509,106,38
1970-01-01 00:00:00.000000310,75.38618,106,39
1970-01-01 00:00:00.000000311,75.36408,106,39
1970-01-01 00:00:00.000000311,74.73276,106,40
1970-01-01 00:00:00.000000312,74.72347,106,40
1970-01-01 00:00:00.000000312,81.82241,106,41
1970-01-01 00:00:00.000000313,83.17875,106,41
1970-01-01 00:00:00.000000313,100.0,106,42
1970-01-01 00:00:00.000000314,100.0,106,42
1970-01-01 00:00:00.000000314,100.0,106,43
1970-01-01 00:00:00.000000315,97.71955,106,43
1970-01-01 00:00:00.000000315,100.0,106,44
1970-01-01 00:00:00.000000316,99.963585,106,44
1970-01-01 00:00:00.000000316,100.0,106,45
1970-01-01 00:00:00.000000317,99.995735,106,45
1970-01-01 00:00:00.000000317,100.0,106,46
1970-01-01 00:00:00.000000318,99.99629,106,46
1970-01-01 00:00:00.000000083,100.0,107,10
1970-01-01 00:00:00.000000084,100.0,107,10
1970-01-01 00:00:00.000000084,100.0,107,11
1970-01-01 00:00:00.000000085,100.0,107,11
1970-01-01 00:00:00.000000213,95.92171,108,10
1970-01-01 00:00:00.000000214,95.93501,108,10
1970-01-01 00:00:00.000000214,96.03704,108,11
1970-01-01 00:00:00.000000215,96.03393,108,11
1970-01-01 00:00:00.000000215,96.088524,108,12
1970-01-01 00:00:00.000000216,96.05969,108,12
1970-01-01 00:00:00.000000216,95.95444,108,13
1970-01-01 00:00:00.000000217,95.94737,108,13
1970-01-01 00:00:00.000000217,95.94074,108,14
1970-01-01 00:00:00.000000218,95.94148,108,14
1970-01-01 00:00:00.000000218,95.977425,108,15
1970-01-01 00:00:00.000000219,95.967514,108,15
1970-01-01 00:00:00.000000219,96.10938,108,16
1970-01-01 00:00:00.000000220,96.09983,108,16
1970-01-01 00:00:00.000000220,96.13835,108,17
1970-01-01 00:00:00.000000221,96.11129,108,17
1970-01-01 00:00:00.000000221,95.93247,108,18
1970-01-01 00:00:00.000000222,95.93599,108,18
1970-01-01 00:00:00.000000222,95.922005,108,19
1970-01-01 00:00:00.000000223,95.93049,108,19
1970-01-01 00:00:00.000000223,95.84525,108,20
1970-01-01 00:00:00.000000224,95.857666,108,20
1970-01-01 00:00:00.000000224,95.906876,108,21
1970-01-01 00:00:00.000000225,95.90342,108,21
1970-01-01 00:00:00.000000225,96.01055,108,22
1970-01-01 00:00:00.000000226,95.99463,108,22
1970-01-01 00:00:00.000000226,96.20111,108,23
1970-01-01 00:00:00.000000227,96.216354,108,23
1970-01-01 00:00:00.000000227,96.16578,108,24
1970-01-01 00:00:00.000000228,96.12352,108,24
1970-01-01 00:00:00.000000228,96.101326,108,25
1970-01-01 00:00:00.000000229,96.09425,108,25
1970-01-01 00:00:00.000000229,96.04745,108,26
1970-01-01 00:00:00.000000230,96.04346,108,26
1970-01-01 00:00:00.000000230,96.51995,108,27
1970-01-01 00:00:00.000000231,96.59499,108,27
1970-01-01 00:00:00.000000231,96.53242,108,28
1970-01-01 00:00:00.000000232,96.49124,108,28
1970-01-01 00:00:00.000000232,96.571655,108,29
1970-01-01 00:00:00.000000233,96.57097,108,29
1970-01-01 00:00:00.000000233,96.59143,108,30
1970-01-01 00:00:00.000000234,96.56294,108,30
1970-01-01 00:00:00.000000234,96.60419,108,31
1970-01-01 00:00:00.000000235,96.589134,108,31
1970-01-01 00:00:00.000000235,96.61524,108,32
1970-01-01 00:00:00.000000236,96.59371,108,32
1970-01-01 00:00:00.000000236,96.80935,108,33
1970-01-01 00:00:00.000000237,96.81615,108,33
1970-01-01 00:00:00.000000237,97.14743,108,34
1970-01-01 00:00:00.000000238,97.20321,108,34
1970-01-01 00:00:00.000000083,96.47,109,10
1970-01-01 00:00:00.000000084,96.4502,109,10
1970-01-01 00:00:00.000000084,96.46696,109,11
1970-01-01 00:00:00.000000085,96.41895,109,11
1970-01-01 00:00:00.000000505,86.72527,110,10
1970-01-01 00:00:00.000000506,86.821365,110,10
1970-01-01 00:00:00.000000506,86.24724,110,11
1970-01-01 00:00:00.000000507,86.115654,110,11
1970-01-01 00:00:00.000000507,86.96482,110,12
1970-01-01 00:00:00.000000508,87.11554,110,12
1970-01-01 00:00:00.000000508,87.53893,110,13
1970-01-01 00:00:00.000000509,87.60231,110,13
1970-01-01 00:00:00.000000509,87.88053,110,14
1970-01-01 00:00:00.000000510,87.916145,110,14
1970-01-01 00:00:00.000000510,88.42465,110,15
1970-01-01 00:00:00.000000511,88.50764,110,15
1970-01-01 00:00:00.000000511,89.05977,110,16
1970-01-01 00:00:00.000000512,89.14937,110,16
1970-01-01 00:00:00.000000512,89.942085,110,17
1970-01-01 00:00:00.000000513,90.073425,110,17
1970-01-01 00:00:00.000000513,90.58747,110,18
1970-01-01 00:00:00.000000514,90.66372,110,18
1970-01-01 00:00:00.000000514,91.107506,110,19
1970-01-01 00:00:00.000000515,91.16687,110,19
1970-01-01 00:00:00.000000515,92.23098,110,20
1970-01-01 00:00:00.000000516,92.41552,110,20
1970-01-01 00:00:00.000000516,93.12539,110,21
1970-01-01 00:00:00.000000517,93.23056,110,21
1970-01-01 00:00:00.000000517,93.609665,110,22
1970-01-01 00:00:00.000000518,93.651024,110,22
1970-01-01 00:00:00.000000518,93.67474,110,23
1970-01-01 00:00:00.000000519,93.637535,110,23
1970-01-01 00:00:00.000000519,92.69409,110,24
1970-01-01 00:00:00.000000520,92.73653,110,24
1970-01-01 00:00:00.000000520,92.14496,110,25
1970-01-01 00:00:00.000000521,92.23681,110,25
1970-01-01 00:00:00.000000521,91.63554,110,26
1970-01-01 00:00:00.000000522,91.73457,110,26
1970-01-01 00:00:00.000000522,90.92058,110,27
1970-01-01 00:00:00.000000523,91.01143,110,27
1970-01-01 00:00:00.000000523,90.51169,110,28
1970-01-01 00:00:00.000000524,90.59669,110,28
1970-01-01 00:00:00.000000524,90.02009,110,29
1970-01-01 00:00:00.000000525,90.097725,110,29
1970-01-01 00:00:00.000000525,90.09574,110,30
1970-01-01 00:00:00.000000526,90.20755,110,30
1970-01-01 00:00:00.000000526,89.90013,110,31
1970-01-01 00:00:00.000000527,89.95197,110,31
1970-01-01 00:00:00.000000527,89.64967,110,32
1970-01-01 00:00:00.000000528,89.68054,110,32
1970-01-01 00:00:00.000000528,91.42479,110,33
1970-01-01 00:00:00.000000529,91.73542,110,33
1970-01-01 00:00:00.000000529,92.40198,110,34
1970-01-01 00:00:00.000000530,92.49142,110,34
1970-01-01 00:00:00.000000530,92.78196,110,35
1970-01-01 00:00:00.000000531,92.78325,110,35
1970-01-01 00:00:00.000000531,92.70917,110,36
1970-01-01 00:00:00.000000532,92.65517,110,36
1970-01-01 00:00:00.000000532,91.88309,110,37
1970-01-01 00:00:00.000000533,91.91506,110,37
1970-01-01 00:00:00.000000533,91.58106,110,38
1970-01-01 00:00:00.000000534,91.63691,110,38
1970-01-01 00:00:00.000000534,91.954636,110,39
1970-01-01 00:00:00.000000535,92.01884,110,39
1970-01-01 00:00:00.000000535,91.28484,110,40
1970-01-01 00:00:00.000000536,91.32091,110,40
1970-01-01 00:00:00.000000536,91.02293,110,41
1970-01-01 00:00:00.000000537,91.064766,110,41
1970-01-01 00:00:00.000000537,90.02895,110,42
1970-01-01 00:00:00.000000538,90.11983,110,42
1970-01-01 00:00:00.000000538,89.21619,110,43
1970-01-01 00:00:00.000000539,89.316986,110,43
1970-01-01 00:00:00.000000539,88.11071,110,44
1970-01-01 00:00:00.000000540,88.226456,110,44
1970-01-01 00:00:00.000000540,87.52131,110,45
1970-01-01 00:00:00.000000541,87.63323,110,45
1970-01-01 00:00:00.000000541,86.63701,110,46
1970-01-01 00:00:00.000000542,86.7404,110,46
1970-01-01 00:00:00.000000542,85.9058,110,47
1970-01-01 00:00:00.000000543,86.01297,110,47
1970-01-01 00:00:00.000000543,84.55522,110,48
1970-01-01 00:00:00.000000544,84.70144,110,48
1970-01-01 00:00:00.000000544,83.75583,110,49
1970-01-01 00:00:00.000000545,83.89387,110,49
1970-01-01 00:00:00.000000545,82.29667,110,50
1970-01-01 00:00:00.000000546,82.44917,110,50
1970-01-01 00:00:00.000000546,81.73813,110,51
1970-01-01 00:00:00.000000547,81.88563,110,51
1970-01-01 00:00:00.000000547,82.304726,110,52
1970-01-01 00:00:00.000000548,82.39699,110,52
1970-01-01 00:00:00.000000548,82.58663,110,53
1970-01-01 00:00:00.000000549,82.51877,110,53
1970-01-01 00:00:00.000000549,82.13712,110,54
1970-01-01 00:00:00.000000550,82.12209,110,54
1970-01-01 00:00:00.000000550,83.25552,110,55
1970-01-01 00:00:00.000000551,83.485466,110,55
1970-01-01 00:00:00.000000551,83.98983,110,56
1970-01-01 00:00:00.000000552,84.08769,110,56
1970-01-01 00:00:00.000000552,84.36147,110,57
1970-01-01 00:00:00.000000553,84.43165,110,57
1970-01-01 00:00:00.000000553,83.00661,110,58
1970-01-01 00:00:00.000000554,83.04831,110,58
1970-01-01 00:00:00.000000554,84.5353,110,59
1970-01-01 00:00:00.000000555,84.78936,110,59
1970-01-01 00:00:00.000000555,84.631935,110,60
1970-01-01 00:00:00.000000556,84.52504,110,60
1970-01-01 00:00:00.000000556,84.215454,110,61
1970-01-01 00:00:00.000000557,84.21821,110,61
1970-01-01 00:00:00.000000557,83.95688,110,62
1970-01-01 00:00:00.000000558,83.975975,110,62
1970-01-01 00:00:00.000000558,83.80009,110,63
1970-01-01 00:00:00.000000559,83.83031,110,63
1970-01-01 00:00:00.000000559,83.5946,110,64
1970-01-01 00:00:00.000000560,83.6199,110,64
1970-01-01 00:00:00.000000560,81.18582,110,65
1970-01-01 00:00:00.000000561,81.40649,110,65
1970-01-01 00:00:00.000000561,81.11138,110,66
1970-01-01 00:00:00.000000562,81.42187,110,66
1970-01-01 00:00:00.000000562,84.04244,110,67
1970-01-01 00:00:00.000000563,84.27627,110,67
1970-01-01 00:00:00.000000563,82.662476,110,68
1970-01-01 00:00:00.000000564,82.28279,110,68
1970-01-01 00:00:00.000000564,84.48581,110,69
1970-01-01 00:00:00.000000565,84.977196,110,69
1970-01-01 00:00:00.000000565,82.63371,110,70
1970-01-01 00:00:00.000000566,82.55541,110,70
1970-01-01 00:00:00.000000566,85.86574,110,71
1970-01-01 00:00:00.000000567,86.558105,110,71
1970-01-01 00:00:00.000000567,87.2533,110,72
1970-01-01 00:00:00.000000568,87.404144,110,72
1970-01-01 00:00:00.000000568,84.400345,110,73
1970-01-01 00:00:00.000000569,84.51842,110,73
1970-01-01 00:00:00.000000569,71.14813,110,74
1970-01-01 00:00:00.000000570,72.48483,110,74
1970-01-01 00:00:00.000000570,59.819843,110,75
1970-01-01 00:00:00.000000571,62.23858,110,75
1970-01-01 00:00:00.000000571,49.218178,110,76
1970-01-01 00:00:00.000000572,53.378895,110,76
1970-01-01 00:00:00.000000572,58.85481,110,77
1970-01-01 00:00:00.000000573,61.031815,110,77
1970-01-01 00:00:00.000000573,62.704945,110,78
1970-01-01 00:00:00.000000574,62.393333,110,78
1970-01-01 00:00:00.000000574,63.157196,110,79
1970-01-01 00:00:00.000000575,63.090385,110,79
1970-01-01 00:00:00.000000575,62.729702,110,80
1970-01-01 00:00:00.000000576,62.12828,110,80
1970-01-01 00:00:00.000000576,90.07807,110,81
1970-01-01 00:00:00.000000577,93.68489,110,81
1970-01-01 00:00:00.000000577,100.0,110,82
1970-01-01 00:00:00.000000578,100.0,110,82
1970-01-01 00:00:00.000000578,100.0,110,83
1970-01-01 00:00:00.000000579,98.65962,110,83
1970-01-01 00:00:00.000000579,100.0,110,84
1970-01-01 00:00:00.000000580,100.0,110,84
1970-01-01 00:00:00.000000580,100.0,110,85
1970-01-01 00:00:00.000000581,100.0,110,85
1970-01-01 00:00:00.000000581,100.0,110,86
1970-01-01 00:00:00.000000582,100.0,110,86
1970-01-01 00:00:00.000000183,96.457855,112,10
1970-01-01 00:00:00.000000184,96.446625,112,10
1970-01-01 00:00:00.000000184,96.479,112,11
1970-01-01 00:00:00.000000185,96.47184,112,11
1970-01-01 00:00:00.000000185,86.95231,112,12
1970-01-01 00:00:00.000000186,88.10224,112,12
1970-01-01 00:00:00.000000186,81.7209,112,13
1970-01-01 00:00:00.000000187,83.03978,112,13
1970-01-01 00:00:00.000000187,81.95206,112,14
1970-01-01 00:00:00.000000188,83.32398,112,14
1970-01-01 00:00:00.000000188,84.137886,112,15
1970-01-01 00:00:00.000000189,84.06212,112,15
1970-01-01 00:00:00.000000189,81.68026,112,16
1970-01-01 00:00:00.000000190,81.7623,112,16
1970-01-01 00:00:00.000000190,80.59791,112,17
1970-01-01 00:00:00.000000191,80.77391,112,17
1970-01-01 00:00:00.000000191,80.0517,112,18
1970-01-01 00:00:00.000000192,80.28374,112,18
1970-01-01 00:00:00.000000192,78.74383,112,19
1970-01-01 00:00:00.000000193,78.91804,112,19
1970-01-01 00:00:00.000000193,78.8107,112,20
1970-01-01 00:00:00.000000194,79.03459,112,20
1970-01-01 00:00:00.000000194,77.95008,112,21
1970-01-01 00:00:00.000000195,78.07906,112,21
1970-01-01 00:00:00.000000195,77.655266,112,22
1970-01-01 00:00:00.000000196,77.75752,112,22
1970-01-01 00:00:00.000000196,78.44353,112,23
1970-01-01 00:00:00.000000197,78.51439,112,23
1970-01-01 00:00:00.000000197,78.29269,112,24
1970-01-01 00:00:00.000000198,78.20485,112,24
1970-01-01 00:00:00.000000198,79.5148,112,25
1970-01-01 00:00:00.000000199,79.81013,112,25
1970-01-01 00:00:00.000000199,78.934746,112,26
1970-01-01 00:00:00.000000200,78.758095,112,26
1970-01-01 00:00:00.000000200,77.973465,112,27
1970-01-01 00:00:00.000000201,78.098335,112,27
1970-01-01 00:00:00.000000201,79.299324,112,28
1970-01-01 00:00:00.000000202,79.40132,112,28
1970-01-01 00:00:00.000000202,78.53951,112,29
1970-01-01 00:00:00.000000203,78.505325,112,29
1970-01-01 00:00:00.000000172,73.56888,113,10
1970-01-01 00:00:00.000000173,73.72092,113,10
1970-01-01 00:00:00.000000173,73.817154,113,11
1970-01-01 00:00:00.000000174,74.04297,113,11
1970-01-01 00:00:00.000000174,74.43713,113,12
1970-01-01 00:00:00.000000175,74.40669,113,12
1970-01-01 00:00:00.000000175,74.68818,113,13
1970-01-01 00:00:00.000000176,74.694855,113,13
1970-01-01 00:00:00.000000176,74.43151,113,14
1970-01-01 00:00:00.000000177,74.35943,113,14
1970-01-01 00:00:00.000000177,75.2244,113,15
1970-01-01 00:00:00.000000178,75.3313,113,15
1970-01-01 00:00:00.000000178,75.537994,113,16
1970-01-01 00:00:00.000000179,75.47249,113,16
1970-01-01 00:00:00.000000179,75.59482,113,17
1970-01-01 00:00:00.000000180,75.537445,113,17
1970-01-01 00:00:00.000000180,75.299965,113,18
1970-01-01 00:00:00.000000181,75.358795,113,18
1970-01-01 00:00:00.000000181,75.75161,113,19
1970-01-01 00:00:00.000000182,75.78223,113,19
1970-01-01 00:00:00.000000182,74.60915,113,20
1970-01-01 00:00:00.000000183,74.78892,113,20
1970-01-01 00:00:00.000000183,71.807594,113,21
1970-01-01 00:00:00.000000184,72.45934,113,21
1970-01-01 00:00:00.000000184,69.92849,113,22
1970-01-01 00:00:00.000000185,70.81765,113,22
1970-01-01 00:00:00.000000185,71.18837,113,23
1970-01-01 00:00:00.000000186,71.80303,113,23
1970-01-01 00:00:00.000000186,71.51395,113,24
1970-01-01 00:00:00.000000187,71.33538,113,24
1970-01-01 00:00:00.000000187,71.238205,113,25
1970-01-01 00:00:00.000000188,71.215004,113,25
1970-01-01 00:00:00.000000188,72.39672,113,26
1970-01-01 00:00:00.000000189,72.5314,113,26
1970-01-01 00:00:00.000000189,73.886154,113,27
1970-01-01 00:00:00.000000190,73.96153,113,27
1970-01-01 00:00:00.000000157,78.944305,114,10
1970-01-01 00:00:00.000000158,78.96452,114,10
1970-01-01 00:00:00.000000158,79.08798,114,11
1970-01-01 00:00:00.000000159,79.08877,114,11
1970-01-01 00:00:00.000000159,78.678314,114,12
1970-01-01 00:00:00.000000160,78.68166,114,12
1970-01-01 00:00:00.000000160,78.57118,114,13
1970-01-01 00:00:00.000000161,78.577705,114,13
1970-01-01 00:00:00.000000161,78.443634,114,14
1970-01-01 00:00:00.000000162,78.45633,114,14
1970-01-01 00:00:00.000000162,78.3165,114,15
1970-01-01 00:00:00.000000163,78.32643,114,15
1970-01-01 00:00:00.000000163,78.32698,114,16
1970-01-01 00:00:00.000000164,78.32931,114,16
1970-01-01 00:00:00.000000164,77.438194,114,17
1970-01-01 00:00:00.000000165,77.442566,114,17
1970-01-01 00:00:00.000000165,69.27331,114,18
1970-01-01 00:00:00.000000166,69.76655,114,18
1970-01-01 00:00:00.000000166,97.75734,114,19
1970-01-01 00:00:00.000000167,100.0,114,19
1970-01-01 00:00:00.000000167,100.0,114,20
1970-01-01 00:00:00.000000168,98.43392,114,20
1970-01-01 00:00:00.000000168,100.0,114,21
1970-01-01 00:00:00.000000169,97.0306,114,21
1970-01-01 00:00:00.000000169,100.0,114,22
1970-01-01 00:00:00.000000170,99.5711,114,22
1970-01-01 00:00:00.000000170,100.0,114,23
1970-01-01 00:00:00.000000171,99.982994,114,23
1970-01-01 00:00:00.000000171,100.0,114,24
1970-01-01 00:00:00.000000172,99.983315,114,24
1970-01-01 00:00:00.000000086,100.0,115,10
1970-01-01 00:00:00.000000087,99.15651,115,10
1970-01-01 00:00:00.000000087,100.0,115,11
1970-01-01 00:00:00.000000088,100.0,115,11
1970-01-01 00:00:00.000000088,100.0,115,12
1970-01-01 00:00:00.000000089,100.0,115,12
1970-01-01 00:00:00.000000096,78.971344,117,10
1970-01-01 00:00:00.000000097,79.01683,117,10
1970-01-01 00:00:00.000000097,79.33548,117,11
1970-01-01 00:00:00.000000098,79.37887,117,11
1970-01-01 00:00:00.000000098,79.1784,117,12
1970-01-01 00:00:00.000000099,79.13918,117,12
1970-01-01 00:00:00.000000099,78.79558,117,13
1970-01-01 00:00:00.000000100,78.855675,117,13
1970-01-01 00:00:00.000000082,89.71285,118,10
1970-01-01 00:00:00.000000083,90.05836,118,10
1970-01-01 00:00:00.000000083,90.457634,118,11
1970-01-01 00:00:00.000000084,90.56567,118,11
1970-01-01 00:00:00.000000109,75.19859,121,10
1970-01-01 00:00:00.000000110,75.08066,121,10
1970-01-01 00:00:00.000000110,74.97737,121,11
1970-01-01 00:00:00.000000111,74.99705,121,11
1970-01-01 00:00:00.000000111,75.909935,121,12
1970-01-01 00:00:00.000000112,76.07922,121,12
1970-01-01 00:00:00.000000112,75.97922,121,13
1970-01-01 00:00:00.000000113,75.88097,121,13
1970-01-01 00:00:00.000000113,76.416565,121,14
1970-01-01 00:00:00.000000114,76.50898,121,14
1970-01-01 00:00:00.000000114,76.79905,121,15
1970-01-01 00:00:00.000000115,76.84254,121,15
1970-01-01 00:00:00.000000115,77.00204,121,16
1970-01-01 00:00:00.000000116,76.98953,121,16
1970-01-01 00:00:00.000000165,96.47449,122,10
1970-01-01 00:00:00.000000166,96.48214,122,10
1970-01-01 00:00:00.000000166,93.68236,122,11
1970-01-01 00:00:00.000000167,93.881676,122,11
1970-01-01 00:00:00.000000167,92.81077,122,12
1970-01-01 00:00:00.000000168,93.06764,122,12
1970-01-01 00:00:00.000000168,95.270645,122,13
1970-01-01 00:00:00.000000169,95.298904,122,13
1970-01-01 00:00:00.000000169,94.91277,122,14
1970-01-01 00:00:00.000000170,94.788246,122,14
1970-01-01 00:00:00.000000170,95.35201,122,15
1970-01-01 00:00:00.000000171,95.47023,122,15
1970-01-01 00:00:00.000000171,95.72758,122,16
1970-01-01 00:00:00.000000172,95.77945,122,16
1970-01-01 00:00:00.000000172,95.60925,122,17
1970-01-01 00:00:00.000000173,95.538506,122,17
1970-01-01 00:00:00.000000173,95.39416,122,18
1970-01-01 00:00:00.000000174,95.41766,122,18
1970-01-01 00:00:00.000000174,94.80856,122,19
1970-01-01 00:00:00.000000175,94.85761,122,19
1970-01-01 00:00:00.000000175,93.69954,122,20
1970-01-01 00:00:00.000000176,93.813,122,20
1970-01-01 00:00:00.000000176,92.725655,122,21
1970-01-01 00:00:00.000000177,92.85339,122,21
1970-01-01 00:00:00.000000177,91.899536,122,22
1970-01-01 00:00:00.000000178,92.023346,122,22
1970-01-01 00:00:00.000000178,91.53765,122,23
1970-01-01 00:00:00.000000179,91.654686,122,23
1970-01-01 00:00:00.000000179,92.35483,122,24
1970-01-01 00:00:00.000000180,92.3886,122,24
1970-01-01 00:00:00.000000180,88.425835,122,25
1970-01-01 00:00:00.000000181,88.728226,122,25
1970-01-01 00:00:00.000000181,92.41307,122,26
1970-01-01 00:00:00.000000182,93.24148,122,26
1970-01-01 00:00:00.000000101,94.34609,123,10
1970-01-01 00:00:00.000000102,94.367645,123,10
1970-01-01 00:00:00.000000102,85.39887,123,11
1970-01-01 00:00:00.000000103,85.90641,123,11
1970-01-01 00:00:00.000000103,79.948425,123,12
1970-01-01 00:00:00.000000104,80.41751,123,12
1970-01-01 00:00:00.000000104,79.69703,123,13
1970-01-01 00:00:00.000000105,80.77825,123,13
1970-01-01 00:00:00.000000105,89.26095,123,14
1970-01-01 00:00:00.000000106,90.61205,123,14
1970-01-01 00:00:00.000000106,90.15967,123,15
1970-01-01 00:00:00.000000107,90.55844,123,15
1970-01-01 00:00:00.000000107,78.82134,124,10
1970-01-01 00:00:00.000000108,80.609505,124,10
1970-01-01 00:00:00.000000108,100.0,124,11
1970-01-01 00:00:00.000000109,100.0,124,11
1970-01-01 00:00:00.000000109,100.0,124,12
1970-01-01 00:00:00.000000110,95.23355,124,12
1970-01-01 00:00:00.000000110,100.0,124,13
1970-01-01 00:00:00.000000111,99.9043,124,13
1970-01-01 00:00:00.000000111,100.0,124,14
1970-01-01 00:00:00.000000112,99.99805,124,14
1970-01-01 00:00:00.000000112,100.0,124,15
1970-01-01 00:00:00.000000113,99.9983,124,15
1970-01-01 00:00:00.000000164,78.1736,125,10
1970-01-01 00:00:00.000000165,78.25418,125,10
1970-01-01 00:00:00.000000165,79.681175,125,11
1970-01-01 00:00:00.000000166,79.92132,125,11
1970-01-01 00:00:00.000000166,79.598625,125,12
1970-01-01 00:00:00.000000167,79.43022,125,12
1970-01-01 00:00:00.000000167,78.05767,125,13
1970-01-01 00:00:00.000000168,78.11662,125,13
1970-01-01 00:00:00.000000168,78.54609,125,14
1970-01-01 00:00:00.000000169,78.72715,125,14
1970-01-01 00:00:00.000000169,78.167076,125,15
1970-01-01 00:00:00.000000170,78.2307,125,15
1970-01-01 00:00:00.000000170,77.52519,125,16
1970-01-01 00:00:00.000000171,77.588875,125,16
1970-01-01 00:00:00.000000171,77.68602,125,17
1970-01-01 00:00:00.000000172,77.80119,125,17
1970-01-01 00:00:00.000000172,78.02914,125,18
1970-01-01 00:00:00.000000173,77.944664,125,18
1970-01-01 00:00:00.000000173,75.82331,125,19
1970-01-01 00:00:00.000000174,76.02284,125,19
1970-01-01 00:00:00.000000174,81.67492,125,20
1970-01-01 00:00:00.000000175,82.61084,125,20
1970-01-01 00:00:00.000000175,100.0,125,21
1970-01-01 00:00:00.000000176,100.0,125,21
1970-01-01 00:00:00.000000176,100.0,125,22
1970-01-01 00:00:00.000000177,99.131836,125,22
1970-01-01 00:00:00.000000177,100.0,125,23
1970-01-01 00:00:00.000000178,100.0,125,23
1970-01-01 00:00:00.000000178,100.0,125,24
1970-01-01 00:00:00.000000179,100.0,125,24
1970-01-01 00:00:00.000000179,100.0,125,25
1970-01-01 00:00:00.000000180,100.0,125,25
1970-01-01 00:00:00.000000208,73.42882,126,10
1970-01-01 00:00:00.000000209,73.31983,126,10
1970-01-01 00:00:00.000000209,74.57966,126,11
1970-01-01 00:00:00.000000210,74.836044,126,11
1970-01-01 00:00:00.000000210,75.86442,126,12
1970-01-01 00:00:00.000000211,76.29153,126,12
1970-01-01 00:00:00.000000211,75.51487,126,13
1970-01-01 00:00:00.000000212,75.46017,126,13
1970-01-01 00:00:00.000000212,75.464966,126,14
1970-01-01 00:00:00.000000213,75.5369,126,14
1970-01-01 00:00:00.000000213,75.68003,126,15
1970-01-01 00:00:00.000000214,75.72804,126,15
1970-01-01 00:00:00.000000214,76.39515,126,16
1970-01-01 00:00:00.000000215,76.593956,126,16
1970-01-01 00:00:00.000000215,77.089935,126,17
1970-01-01 00:00:00.000000216,77.28879,126,17
1970-01-01 00:00:00.000000216,77.08304,126,18
1970-01-01 00:00:00.000000217,77.10941,126,18
1970-01-01 00:00:00.000000217,76.67042,126,19
1970-01-01 00:00:00.000000218,76.62186,126,19
1970-01-01 00:00:00.000000218,76.23711,126,20
1970-01-01 00:00:00.000000219,76.25782,126,20
1970-01-01 00:00:00.000000219,76.86732,126,21
1970-01-01 00:00:00.000000220,76.96406,126,21
1970-01-01 00:00:00.000000220,77.12796,126,22
1970-01-01 00:00:00.000000221,77.13055,126,22
1970-01-01 00:00:00.000000221,77.839584,126,23
1970-01-01 00:00:00.000000222,78.06364,126,23
1970-01-01 00:00:00.000000222,77.62564,126,24
1970-01-01 00:00:00.000000223,77.53371,126,24
1970-01-01 00:00:00.000000223,77.65474,126,25
1970-01-01 00:00:00.000000224,77.70803,126,25
1970-01-01 00:00:00.000000224,77.64921,126,26
1970-01-01 00:00:00.000000225,77.60507,126,26
1970-01-01 00:00:00.000000225,77.35918,126,27
1970-01-01 00:00:00.000000226,77.38337,126,27
1970-01-01 00:00:00.000000226,76.36963,126,28
1970-01-01 00:00:00.000000227,76.4315,126,28
1970-01-01 00:00:00.000000227,76.16511,126,29
1970-01-01 00:00:00.000000228,76.2942,126,29
1970-01-01 00:00:00.000000228,76.05568,126,30
1970-01-01 00:00:00.000000229,76.12652,126,30
1970-01-01 00:00:00.000000229,76.10987,126,31
1970-01-01 00:00:00.000000230,76.11709,126,31
1970-01-01 00:00:00.000000230,76.64153,126,32
1970-01-01 00:00:00.000000231,76.75133,126,32
1970-01-01 00:00:00.000000231,76.41987,126,33
1970-01-01 00:00:00.000000232,76.32091,126,33
1970-01-01 00:00:00.000000188,88.65574,127,10
1970-01-01 00:00:00.000000189,88.704315,127,10
1970-01-01 00:00:00.000000189,88.634056,127,11
1970-01-01 00:00:00.000000190,88.633446,127,11
1970-01-01 00:00:00.000000190,88.78745,127,12
1970-01-01 00:00:00.000000191,88.78928,127,12
1970-01-01 00:00:00.000000191,88.32205,127,13
1970-01-01 00:00:00.000000192,88.33299,127,13
1970-01-01 00:00:00.000000192,87.36068,127,14
1970-01-01 00:00:00.000000193,87.40837,127,14
1970-01-01 00:00:00.000000193,87.19686,127,15
1970-01-01 00:00:00.000000194,87.30512,127,15
1970-01-01 00:00:00.000000194,86.79223,127,16
1970-01-01 00:00:00.000000195,86.83484,127,16
1970-01-01 00:00:00.000000195,86.339134,127,17
1970-01-01 00:00:00.000000196,86.36163,127,17
1970-01-01 00:00:00.000000196,85.4812,127,18
1970-01-01 00:00:00.000000197,85.521126,127,18
1970-01-01 00:00:00.000000197,85.69425,127,19
1970-01-01 00:00:00.000000198,85.80687,127,19
1970-01-01 00:00:00.000000198,84.93651,127,20
1970-01-01 00:00:00.000000199,84.96769,127,20
1970-01-01 00:00:00.000000199,84.35943,127,21
1970-01-01 00:00:00.000000200,84.39861,127,21
1970-01-01 00:00:00.000000200,83.87029,127,22
1970-01-01 00:00:00.000000201,83.927025,127,22
1970-01-01 00:00:00.000000201,84.805824,127,23
1970-01-01 00:00:00.000000202,84.87626,127,23
1970-01-01 00:00:00.000000202,85.074684,127,24
1970-01-01 00:00:00.000000203,85.119194,127,24
1970-01-01 00:00:00.000000203,85.7016,127,25
1970-01-01 00:00:00.000000204,85.91057,127,25
1970-01-01 00:00:00.000000204,86.723236,127,26
1970-01-01 00:00:00.000000205,87.03104,127,26
1970-01-01 00:00:00.000000205,86.576866,127,27
1970-01-01 00:00:00.000000206,86.53577,127,27
1970-01-01 00:00:00.000000206,85.71017,127,28
1970-01-01 00:00:00.000000207,85.74399,127,28
1970-01-01 00:00:00.000000207,85.63741,127,29
1970-01-01 00:00:00.000000208,85.650215,127,29
1970-01-01 00:00:00.000000208,85.7486,127,30
1970-01-01 00:00:00.000000209,85.764496,127,30
1970-01-01 00:00:00.000000082,100.0,129,10
1970-01-01 00:00:00.000000083,99.994095,129,10
1970-01-01 00:00:00.000000083,100.0,129,11
1970-01-01 00:00:00.000000084,99.99462,129,11
