sequence_index,second_chamber_filling,block_idx,fcst_origin
1970-01-01 00:00:00.000000097,77.819374,0,10
1970-01-01 00:00:00.000000098,77.76586,0,10
1970-01-01 00:00:00.000000098,76.89265,0,11
1970-01-01 00:00:00.000000099,76.846085,0,11
1970-01-01 00:00:00.000000099,77.39135,0,12
1970-01-01 00:00:00.000000100,77.40059,0,12
1970-01-01 00:00:00.000000100,76.78117,0,13
1970-01-01 00:00:00.000000101,76.76667,0,13
1970-01-01 00:00:00.000000101,76.31167,0,14
1970-01-01 00:00:00.000000102,76.294586,0,14
1970-01-01 00:00:00.000000081,74.76153,1,10
1970-01-01 00:00:00.000000082,74.77249,1,10
1970-01-01 00:00:00.000000082,74.6273,1,11
1970-01-01 00:00:00.000000083,74.63139,1,11
1970-01-01 00:00:00.000000079,68.616005,4,10
1970-01-01 00:00:00.000000080,68.55652,4,10
1970-01-01 00:00:00.000000080,67.45844,4,11
1970-01-01 00:00:00.000000081,67.40932,4,11
1970-01-01 00:00:00.000000079,74.73407,5,10
1970-01-01 00:00:00.000000080,74.74371,5,10
1970-01-01 00:00:00.000000080,74.76969,5,11
1970-01-01 00:00:00.000000081,74.781395,5,11
1970-01-01 00:00:00.000000119,78.90086,11,10
1970-01-01 00:00:00.000000120,78.932846,11,10
1970-01-01 00:00:00.000000120,79.278206,11,11
1970-01-01 00:00:00.000000121,79.31345,11,11
1970-01-01 00:00:00.000000121,79.687645,11,12
1970-01-01 00:00:00.000000122,79.72573,11,12
1970-01-01 00:00:00.000000122,77.81749,11,13
1970-01-01 00:00:00.000000123,77.765076,11,13
1970-01-01 00:00:00.000000123,77.92535,11,14
1970-01-01 00:00:00.000000124,77.91599,11,14
1970-01-01 00:00:00.000000124,78.312744,11,15
1970-01-01 00:00:00.000000125,78.331985,11,15
1970-01-01 00:00:00.000000125,78.12106,11,16
1970-01-01 00:00:00.000000126,78.12573,11,16
1970-01-01 00:00:00.000000126,78.16318,11,17
1970-01-01 00:00:00.000000127,78.17252,11,17
1970-01-01 00:00:00.000000127,77.76082,11,18
1970-01-01 00:00:00.000000128,77.75343,11,18
1970-01-01 00:00:00.000000113,68.488235,12,10
1970-01-01 00:00:00.000000114,68.52699,12,10
1970-01-01 00:00:00.000000114,68.73871,12,11
1970-01-01 00:00:00.000000115,68.774864,12,11
1970-01-01 00:00:00.000000115,68.14855,12,12
1970-01-01 00:00:00.000000116,68.14746,12,12
1970-01-01 00:00:00.000000116,70.17664,12,13
1970-01-01 00:00:00.000000117,70.28954,12,13
1970-01-01 00:00:00.000000117,69.86614,12,14
1970-01-01 00:00:00.000000118,69.90289,12,14
1970-01-01 00:00:00.000000118,69.46533,12,15
1970-01-01 00:00:00.000000119,69.47165,12,15
1970-01-01 00:00:00.000000119,69.72883,12,16
1970-01-01 00:00:00.000000120,69.752686,12,16
1970-01-01 00:00:00.000000120,69.10432,12,17
1970-01-01 00:00:00.000000121,69.0986,12,17
1970-01-01 00:00:00.000000157,81.61367,13,10
1970-01-01 00:00:00.000000158,81.61163,13,10
1970-01-01 00:00:00.000000158,81.563644,13,11
1970-01-01 00:00:00.000000159,81.57083,13,11
1970-01-01 00:00:00.000000159,81.485596,13,12
1970-01-01 00:00:00.000000160,81.49512,13,12
1970-01-01 00:00:00.000000160,81.34231,13,13
1970-01-01 00:00:00.000000161,81.35006,13,13
1970-01-01 00:00:00.000000161,81.7056,13,14
1970-01-01 00:00:00.000000162,81.73494,13,14
1970-01-01 00:00:00.000000162,81.70265,13,15
1970-01-01 00:00:00.000000163,81.72343,13,15
1970-01-01 00:00:00.000000163,82.00508,13,16
1970-01-01 00:00:00.000000164,82.03684,13,16
1970-01-01 00:00:00.000000164,82.300156,13,17
1970-01-01 00:00:00.000000165,82.336,13,17
1970-01-01 00:00:00.000000165,82.09958,13,18
1970-01-01 00:00:00.000000166,82.114044,13,18
1970-01-01 00:00:00.000000166,82.21448,13,19
1970-01-01 00:00:00.000000167,82.23503,13,19
1970-01-01 00:00:00.000000167,82.37125,13,20
1970-01-01 00:00:00.000000168,82.39604,13,20
1970-01-01 00:00:00.000000168,82.73959,13,21
1970-01-01 00:00:00.000000169,82.77623,13,21
1970-01-01 00:00:00.000000169,82.54928,13,22
1970-01-01 00:00:00.000000170,82.56441,13,22
1970-01-01 00:00:00.000000170,82.89291,13,23
1970-01-01 00:00:00.000000171,82.924385,13,23
1970-01-01 00:00:00.000000171,82.79893,13,24
1970-01-01 00:00:00.000000172,82.816414,13,24
1970-01-01 00:00:00.000000141,68.53974,15,10
1970-01-01 00:00:00.000000142,68.556564,15,10
1970-01-01 00:00:00.000000142,69.888374,15,11
1970-01-01 00:00:00.000000143,69.968475,15,11
1970-01-01 00:00:00.000000143,69.287994,15,12
1970-01-01 00:00:00.000000144,69.298195,15,12
1970-01-01 00:00:00.000000144,71.90692,15,13
1970-01-01 00:00:00.000000145,72.05091,15,13
1970-01-01 00:00:00.000000145,72.0102,15,14
1970-01-01 00:00:00.000000146,72.07852,15,14
1970-01-01 00:00:00.000000146,71.56284,15,15
1970-01-01 00:00:00.000000147,71.57556,15,15
1970-01-01 00:00:00.000000147,71.72912,15,16
1970-01-01 00:00:00.000000148,71.74891,15,16
1970-01-01 00:00:00.000000148,72.00079,15,17
1970-01-01 00:00:00.000000149,72.02819,15,17
1970-01-01 00:00:00.000000149,71.457214,15,18
1970-01-01 00:00:00.000000150,71.452545,15,18
1970-01-01 00:00:00.000000150,71.60576,15,19
1970-01-01 00:00:00.000000151,71.618004,15,19
1970-01-01 00:00:00.000000151,71.74538,15,20
1970-01-01 00:00:00.000000152,71.76376,15,20
1970-01-01 00:00:00.000000152,72.02396,15,21
1970-01-01 00:00:00.000000153,72.0511,15,21
1970-01-01 00:00:00.000000156,80.798546,16,10
1970-01-01 00:00:00.000000157,80.77869,16,10
1970-01-01 00:00:00.000000157,79.99657,16,11
1970-01-01 00:00:00.000000158,79.96444,16,11
1970-01-01 00:00:00.000000158,79.04423,16,12
1970-01-01 00:00:00.000000159,79.00256,16,12
1970-01-01 00:00:00.000000159,79.61977,16,13
1970-01-01 00:00:00.000000160,79.63415,16,13
1970-01-01 00:00:00.000000160,80.07957,16,14
1970-01-01 00:00:00.000000161,80.11164,16,14
1970-01-01 00:00:00.000000161,80.07477,16,15
1970-01-01 00:00:00.000000162,80.09228,16,15
1970-01-01 00:00:00.000000162,80.52354,16,16
1970-01-01 00:00:00.000000163,80.55625,16,16
1970-01-01 00:00:00.000000163,79.97284,16,17
1970-01-01 00:00:00.000000164,79.967384,16,17
1970-01-01 00:00:00.000000164,79.29641,16,18
1970-01-01 00:00:00.000000165,79.27359,16,18
1970-01-01 00:00:00.000000165,79.60364,16,19
1970-01-01 00:00:00.000000166,79.61389,16,19
1970-01-01 00:00:00.000000166,79.116356,16,20
1970-01-01 00:00:00.000000167,79.10591,16,20
1970-01-01 00:00:00.000000167,79.03673,16,21
1970-01-01 00:00:00.000000168,79.03542,16,21
1970-01-01 00:00:00.000000168,78.274605,16,22
1970-01-01 00:00:00.000000169,78.25002,16,22
1970-01-01 00:00:00.000000169,77.73385,16,23
1970-01-01 00:00:00.000000170,77.70975,16,23
1970-01-01 00:00:00.000000170,77.396095,16,24
1970-01-01 00:00:00.000000171,77.37977,16,24
1970-01-01 00:00:00.000000123,66.300835,17,10
1970-01-01 00:00:00.000000124,66.31404,17,10
1970-01-01 00:00:00.000000124,66.40917,17,11
1970-01-01 00:00:00.000000125,66.42679,17,11
1970-01-01 00:00:00.000000125,65.481155,17,12
1970-01-01 00:00:00.000000126,65.46006,17,12
1970-01-01 00:00:00.000000126,65.38712,17,13
1970-01-01 00:00:00.000000127,65.383484,17,13
1970-01-01 00:00:00.000000127,66.44433,17,14
1970-01-01 00:00:00.000000128,66.5009,17,14
1970-01-01 00:00:00.000000128,66.34716,17,15
1970-01-01 00:00:00.000000129,66.37186,17,15
1970-01-01 00:00:00.000000129,65.84717,17,16
1970-01-01 00:00:00.000000130,65.84403,17,16
1970-01-01 00:00:00.000000130,63.989323,17,17
1970-01-01 00:00:00.000000131,63.933266,17,17
1970-01-01 00:00:00.000000131,63.99852,17,18
1970-01-01 00:00:00.000000132,63.985962,17,18
1970-01-01 00:00:00.000000134,84.94707,19,10
1970-01-01 00:00:00.000000135,84.95952,19,10
1970-01-01 00:00:00.000000135,85.01047,19,11
1970-01-01 00:00:00.000000136,85.028015,19,11
1970-01-01 00:00:00.000000136,84.98674,19,12
1970-01-01 00:00:00.000000137,85.002464,19,12
1970-01-01 00:00:00.000000137,85.15751,19,13
1970-01-01 00:00:00.000000138,85.18127,19,13
1970-01-01 00:00:00.000000138,85.006355,19,14
1970-01-01 00:00:00.000000139,85.019035,19,14
1970-01-01 00:00:00.000000139,84.97989,19,15
1970-01-01 00:00:00.000000140,84.99391,19,15
1970-01-01 00:00:00.000000140,84.49935,19,16
1970-01-01 00:00:00.000000141,84.49641,19,16
1970-01-01 00:00:00.000000141,84.808525,19,17
1970-01-01 00:00:00.000000142,84.831,19,17
1970-01-01 00:00:00.000000142,85.18478,19,18
1970-01-01 00:00:00.000000143,85.22126,19,18
1970-01-01 00:00:00.000000143,85.57094,19,19
1970-01-01 00:00:00.000000144,85.61362,19,19
1970-01-01 00:00:00.000000144,85.39313,19,20
1970-01-01 00:00:00.000000145,85.41107,19,20
1970-01-01 00:00:00.000000121,70.46398,20,10
1970-01-01 00:00:00.000000122,70.468994,20,10
1970-01-01 00:00:00.000000122,70.131584,20,11
1970-01-01 00:00:00.000000123,70.13122,20,11
1970-01-01 00:00:00.000000123,71.15783,20,12
1970-01-01 00:00:00.000000124,71.217575,20,12
1970-01-01 00:00:00.000000124,72.34819,20,13
1970-01-01 00:00:00.000000125,72.44416,20,13
1970-01-01 00:00:00.000000125,71.77221,20,14
1970-01-01 00:00:00.000000126,71.790955,20,14
1970-01-01 00:00:00.000000126,70.98176,20,15
1970-01-01 00:00:00.000000127,70.96999,20,15
1970-01-01 00:00:00.000000127,71.37322,20,16
1970-01-01 00:00:00.000000128,71.39543,20,16
1970-01-01 00:00:00.000000128,71.1857,20,17
1970-01-01 00:00:00.000000129,71.19653,20,17
1970-01-01 00:00:00.000000129,70.720314,20,18
1970-01-01 00:00:00.000000130,70.71714,20,18
1970-01-01 00:00:00.000000130,72.95554,21,10
1970-01-01 00:00:00.000000131,73.06084,21,10
1970-01-01 00:00:00.000000131,74.14276,21,11
1970-01-01 00:00:00.000000132,74.25501,21,11
1970-01-01 00:00:00.000000132,75.444466,21,12
1970-01-01 00:00:00.000000133,75.56566,21,12
1970-01-01 00:00:00.000000133,75.42977,21,13
1970-01-01 00:00:00.000000134,75.483955,21,13
1970-01-01 00:00:00.000000134,74.39567,21,14
1970-01-01 00:00:00.000000135,74.38277,21,14
1970-01-01 00:00:00.000000135,73.89644,21,15
1970-01-01 00:00:00.000000136,73.88206,21,15
1970-01-01 00:00:00.000000136,74.42038,21,16
1970-01-01 00:00:00.000000137,74.44627,21,16
1970-01-01 00:00:00.000000137,75.940414,21,17
1970-01-01 00:00:00.000000138,76.0361,21,17
1970-01-01 00:00:00.000000138,75.558014,21,18
1970-01-01 00:00:00.000000139,75.58434,21,18
1970-01-01 00:00:00.000000139,75.83025,21,19
1970-01-01 00:00:00.000000140,75.8616,21,19
1970-01-01 00:00:00.000000171,58.521523,22,10
1970-01-01 00:00:00.000000172,58.518078,22,10
1970-01-01 00:00:00.000000172,58.353764,22,11
1970-01-01 00:00:00.000000173,58.354156,22,11
1970-01-01 00:00:00.000000173,57.250015,22,12
1970-01-01 00:00:00.000000174,57.218967,22,12
1970-01-01 00:00:00.000000174,57.410206,22,13
1970-01-01 00:00:00.000000175,57.41288,22,13
1970-01-01 00:00:00.000000175,58.10553,22,14
1970-01-01 00:00:00.000000176,58.147186,22,14
1970-01-01 00:00:00.000000176,58.368843,22,15
1970-01-01 00:00:00.000000177,58.40528,22,15
1970-01-01 00:00:00.000000177,54.578968,22,16
1970-01-01 00:00:00.000000178,54.475048,22,16
1970-01-01 00:00:00.000000178,55.225708,22,17
1970-01-01 00:00:00.000000179,55.217472,22,17
1970-01-01 00:00:00.000000179,56.045895,22,18
1970-01-01 00:00:00.000000180,56.088955,22,18
1970-01-01 00:00:00.000000180,55.693474,22,19
1970-01-01 00:00:00.000000181,55.70242,22,19
1970-01-01 00:00:00.000000181,55.383717,22,20
1970-01-01 00:00:00.000000182,55.38308,22,20
1970-01-01 00:00:00.000000182,54.95667,22,21
1970-01-01 00:00:00.000000183,54.948505,22,21
1970-01-01 00:00:00.000000183,54.413876,22,22
1970-01-01 00:00:00.000000184,54.399246,22,22
1970-01-01 00:00:00.000000184,54.749035,22,23
1970-01-01 00:00:00.000000185,54.766045,22,23
1970-01-01 00:00:00.000000185,53.55316,22,24
1970-01-01 00:00:00.000000186,53.524296,22,24
1970-01-01 00:00:00.000000186,53.15958,22,25
1970-01-01 00:00:00.000000187,53.14314,22,25
1970-01-01 00:00:00.000000187,53.557602,22,26
1970-01-01 00:00:00.000000188,53.576775,22,26
1970-01-01 00:00:00.000000188,53.157593,22,27
1970-01-01 00:00:00.000000189,53.15712,22,27
1970-01-01 00:00:00.000000130,74.59861,23,10
1970-01-01 00:00:00.000000131,74.60191,23,10
1970-01-01 00:00:00.000000131,74.255936,23,11
1970-01-01 00:00:00.000000132,74.24851,23,11
1970-01-01 00:00:00.000000132,74.09841,23,12
1970-01-01 00:00:00.000000133,74.09476,23,12
1970-01-01 00:00:00.000000133,74.722374,23,13
1970-01-01 00:00:00.000000134,74.75461,23,13
1970-01-01 00:00:00.000000134,74.729385,23,14
1970-01-01 00:00:00.000000135,74.74727,23,14
1970-01-01 00:00:00.000000135,75.031906,23,15
1970-01-01 00:00:00.000000136,75.0577,23,15
1970-01-01 00:00:00.000000136,75.41175,23,16
1970-01-01 00:00:00.000000137,75.444244,23,16
1970-01-01 00:00:00.000000137,75.78586,23,17
1970-01-01 00:00:00.000000138,75.82069,23,17
1970-01-01 00:00:00.000000138,75.827644,23,18
1970-01-01 00:00:00.000000139,75.84792,23,18
1970-01-01 00:00:00.000000139,75.683525,23,19
1970-01-01 00:00:00.000000140,75.69013,23,19
1970-01-01 00:00:00.000000140,75.662025,23,20
1970-01-01 00:00:00.000000141,75.6689,23,20
1970-01-01 00:00:00.000000095,65.80433,25,10
1970-01-01 00:00:00.000000096,66.035835,25,10
1970-01-01 00:00:00.000000096,65.37374,25,11
1970-01-01 00:00:00.000000097,65.44941,25,11
1970-01-01 00:00:00.000000097,69.18488,25,12
1970-01-01 00:00:00.000000098,69.420685,25,12
1970-01-01 00:00:00.000000098,59.30471,25,13
1970-01-01 00:00:00.000000099,59.055412,25,13
1970-01-01 00:00:00.000000231,82.06499,26,10
1970-01-01 00:00:00.000000232,82.04597,26,10
1970-01-01 00:00:00.000000232,81.54978,26,11
1970-01-01 00:00:00.000000233,81.528,26,11
1970-01-01 00:00:00.000000233,80.97748,26,12
1970-01-01 00:00:00.000000234,80.95255,26,12
1970-01-01 00:00:00.000000234,80.533424,26,13
1970-01-01 00:00:00.000000235,80.51222,26,13
1970-01-01 00:00:00.000000235,79.87865,26,14
1970-01-01 00:00:00.000000236,79.85077,26,14
1970-01-01 00:00:00.000000236,79.13475,26,15
1970-01-01 00:00:00.000000237,79.10117,26,15
1970-01-01 00:00:00.000000237,78.37483,26,16
1970-01-01 00:00:00.000000238,78.33872,26,16
1970-01-01 00:00:00.000000238,78.07666,26,17
1970-01-01 00:00:00.000000239,78.05702,26,17
1970-01-01 00:00:00.000000239,77.406044,26,18
1970-01-01 00:00:00.000000240,77.377975,26,18
1970-01-01 00:00:00.000000240,76.86633,26,19
1970-01-01 00:00:00.000000241,76.84038,26,19
1970-01-01 00:00:00.000000241,76.32992,26,20
1970-01-01 00:00:00.000000242,76.30485,26,20
1970-01-01 00:00:00.000000242,76.00107,26,21
1970-01-01 00:00:00.000000243,75.98424,26,21
1970-01-01 00:00:00.000000243,75.37547,26,22
1970-01-01 00:00:00.000000244,75.35019,26,22
1970-01-01 00:00:00.000000244,75.189835,26,23
1970-01-01 00:00:00.000000245,75.178535,26,23
1970-01-01 00:00:00.000000245,74.78225,26,24
1970-01-01 00:00:00.000000246,74.76732,26,24
1970-01-01 00:00:00.000000246,74.43481,26,25
1970-01-01 00:00:00.000000247,74.42098,26,25
1970-01-01 00:00:00.000000247,74.85099,26,26
1970-01-01 00:00:00.000000248,74.86949,26,26
1970-01-01 00:00:00.000000248,73.938065,26,27
1970-01-01 00:00:00.000000249,73.913795,26,27
1970-01-01 00:00:00.000000249,76.39815,26,28
1970-01-01 00:00:00.000000250,76.51212,26,28
1970-01-01 00:00:00.000000250,78.078606,26,29
1970-01-01 00:00:00.000000251,78.2134,26,29
1970-01-01 00:00:00.000000251,81.8612,26,30
1970-01-01 00:00:00.000000252,82.11447,26,30
1970-01-01 00:00:00.000000252,80.48541,26,31
1970-01-01 00:00:00.000000253,80.52222,26,31
1970-01-01 00:00:00.000000253,88.47891,26,32
1970-01-01 00:00:00.000000254,88.90858,26,32
1970-01-01 00:00:00.000000254,93.278694,26,33
1970-01-01 00:00:00.000000255,93.70185,26,33
1970-01-01 00:00:00.000000255,87.218155,26,34
1970-01-01 00:00:00.000000256,87.12676,26,34
1970-01-01 00:00:00.000000256,87.38857,26,35
1970-01-01 00:00:00.000000257,87.36693,26,35
1970-01-01 00:00:00.000000257,87.688774,26,36
1970-01-01 00:00:00.000000258,87.69902,26,36
1970-01-01 00:00:00.000000258,87.704155,26,37
1970-01-01 00:00:00.000000259,87.71426,26,37
1970-01-01 00:00:00.000000181,64.756134,29,10
1970-01-01 00:00:00.000000182,64.899734,29,10
1970-01-01 00:00:00.000000182,63.851856,29,11
1970-01-01 00:00:00.000000183,63.871777,29,11
1970-01-01 00:00:00.000000183,65.122986,29,12
1970-01-01 00:00:00.000000184,65.20624,29,12
1970-01-01 00:00:00.000000184,65.28696,29,13
1970-01-01 00:00:00.000000185,65.33704,29,13
1970-01-01 00:00:00.000000185,65.69046,29,14
1970-01-01 00:00:00.000000186,65.73975,29,14
1970-01-01 00:00:00.000000186,66.91715,29,15
1970-01-01 00:00:00.000000187,67.01065,29,15
1970-01-01 00:00:00.000000187,69.734116,29,16
1970-01-01 00:00:00.000000188,69.93681,29,16
1970-01-01 00:00:00.000000188,69.478806,29,17
1970-01-01 00:00:00.000000189,69.55379,29,17
1970-01-01 00:00:00.000000189,65.114365,29,18
1970-01-01 00:00:00.000000190,65.015755,29,18
1970-01-01 00:00:00.000000190,66.84772,29,19
1970-01-01 00:00:00.000000191,66.88578,29,19
1970-01-01 00:00:00.000000191,67.945786,29,20
1970-01-01 00:00:00.000000192,68.02729,29,20
1970-01-01 00:00:00.000000192,68.822815,29,21
1970-01-01 00:00:00.000000193,68.91066,29,21
1970-01-01 00:00:00.000000193,67.526794,29,22
1970-01-01 00:00:00.000000194,67.51625,29,22
1970-01-01 00:00:00.000000194,65.0528,29,23
1970-01-01 00:00:00.000000195,64.98711,29,23
1970-01-01 00:00:00.000000195,68.60961,29,24
1970-01-01 00:00:00.000000196,68.76994,29,24
1970-01-01 00:00:00.000000196,66.338005,29,25
1970-01-01 00:00:00.000000197,66.31424,29,25
1970-01-01 00:00:00.000000197,65.67861,29,26
1970-01-01 00:00:00.000000198,65.65832,29,26
1970-01-01 00:00:00.000000198,68.05566,29,27
1970-01-01 00:00:00.000000199,68.17929,29,27
1970-01-01 00:00:00.000000199,65.43765,29,28
1970-01-01 00:00:00.000000200,65.39608,29,28
1970-01-01 00:00:00.000000200,65.68409,29,29
1970-01-01 00:00:00.000000201,65.68661,29,29
1970-01-01 00:00:00.000000092,38.240406,40,10
1970-01-01 00:00:00.000000093,38.328014,40,10
1970-01-01 00:00:00.000000093,38.01642,40,11
1970-01-01 00:00:00.000000094,38.047688,40,11
1970-01-01 00:00:00.000000094,40.01027,40,12
1970-01-01 00:00:00.000000095,40.135944,40,12
1970-01-01 00:00:00.000000095,38.980934,40,13
1970-01-01 00:00:00.000000096,38.98916,40,13
1970-01-01 00:00:00.000000092,38.379326,42,10
1970-01-01 00:00:00.000000093,38.361828,42,10
1970-01-01 00:00:00.000000093,39.001553,42,11
1970-01-01 00:00:00.000000094,39.030983,42,11
1970-01-01 00:00:00.000000094,36.116245,42,12
1970-01-01 00:00:00.000000095,36.04238,42,12
1970-01-01 00:00:00.000000095,33.973675,42,13
1970-01-01 00:00:00.000000096,33.891018,42,13
1970-01-01 00:00:00.000000156,61.12205,45,10
1970-01-01 00:00:00.000000157,61.130527,45,10
1970-01-01 00:00:00.000000157,61.15857,45,11
1970-01-01 00:00:00.000000158,61.170544,45,11
1970-01-01 00:00:00.000000158,60.94927,45,12
1970-01-01 00:00:00.000000159,60.952183,45,12
1970-01-01 00:00:00.000000159,60.837597,45,13
1970-01-01 00:00:00.000000160,60.8413,45,13
1970-01-01 00:00:00.000000160,61.097057,45,14
1970-01-01 00:00:00.000000161,61.117107,45,14
1970-01-01 00:00:00.000000161,61.016224,45,15
1970-01-01 00:00:00.000000162,61.02734,45,15
1970-01-01 00:00:00.000000162,60.967945,45,16
1970-01-01 00:00:00.000000163,60.977226,45,16
1970-01-01 00:00:00.000000163,60.707848,45,17
1970-01-01 00:00:00.000000164,60.70773,45,17
1970-01-01 00:00:00.000000164,61.550213,45,18
1970-01-01 00:00:00.000000165,61.596462,45,18
1970-01-01 00:00:00.000000165,61.20646,45,19
1970-01-01 00:00:00.000000166,61.215508,45,19
1970-01-01 00:00:00.000000166,60.736786,45,20
1970-01-01 00:00:00.000000167,60.72854,45,20
1970-01-01 00:00:00.000000167,60.907158,45,21
1970-01-01 00:00:00.000000168,60.918537,45,21
1970-01-01 00:00:00.000000168,60.956287,45,22
1970-01-01 00:00:00.000000169,60.970005,45,22
1970-01-01 00:00:00.000000169,61.338665,45,23
1970-01-01 00:00:00.000000170,61.368572,45,23
1970-01-01 00:00:00.000000170,61.26966,45,24
1970-01-01 00:00:00.000000171,61.28503,45,24
1970-01-01 00:00:00.000000116,55.64459,46,10
1970-01-01 00:00:00.000000117,55.692627,46,10
1970-01-01 00:00:00.000000117,56.475533,46,11
1970-01-01 00:00:00.000000118,56.547176,46,11
1970-01-01 00:00:00.000000118,57.48847,46,12
1970-01-01 00:00:00.000000119,57.580357,46,12
1970-01-01 00:00:00.000000119,57.4627,46,13
1970-01-01 00:00:00.000000120,57.50651,46,13
1970-01-01 00:00:00.000000120,59.36814,46,14
1970-01-01 00:00:00.000000121,59.498352,46,14
1970-01-01 00:00:00.000000121,58.988503,46,15
1970-01-01 00:00:00.000000122,59.028748,46,15
1970-01-01 00:00:00.000000122,60.18882,46,16
1970-01-01 00:00:00.000000123,60.277496,46,16
1970-01-01 00:00:00.000000123,60.981667,46,17
1970-01-01 00:00:00.000000124,61.068203,46,17
1970-01-01 00:00:00.000000243,38.99885,53,10
1970-01-01 00:00:00.000000244,38.898216,53,10
1970-01-01 00:00:00.000000244,41.086346,53,11
1970-01-01 00:00:00.000000245,41.14202,53,11
1970-01-01 00:00:00.000000245,42.319645,53,12
1970-01-01 00:00:00.000000246,42.414513,53,12
1970-01-01 00:00:00.000000246,43.725502,53,13
1970-01-01 00:00:00.000000247,43.84628,53,13
1970-01-01 00:00:00.000000247,43.018486,53,14
1970-01-01 00:00:00.000000248,43.03883,53,14
1970-01-01 00:00:00.000000248,41.019363,53,15
1970-01-01 00:00:00.000000249,40.969624,53,15
1970-01-01 00:00:00.000000249,40.024746,53,16
1970-01-01 00:00:00.000000250,39.983692,53,16
1970-01-01 00:00:00.000000250,40.807594,53,17
1970-01-01 00:00:00.000000251,40.832645,53,17
1970-01-01 00:00:00.000000251,41.465187,53,18
1970-01-01 00:00:00.000000252,41.515835,53,18
1970-01-01 00:00:00.000000252,41.827312,53,19
1970-01-01 00:00:00.000000253,41.873276,53,19
1970-01-01 00:00:00.000000253,40.416718,53,20
1970-01-01 00:00:00.000000254,40.3903,53,20
1970-01-01 00:00:00.000000254,39.15549,53,21
1970-01-01 00:00:00.000000255,39.1138,53,21
1970-01-01 00:00:00.000000255,45.078075,53,22
1970-01-01 00:00:00.000000256,45.384075,53,22
1970-01-01 00:00:00.000000256,46.63146,53,23
1970-01-01 00:00:00.000000257,46.848175,53,23
1970-01-01 00:00:00.000000257,46.888542,53,24
1970-01-01 00:00:00.000000258,46.996017,53,24
1970-01-01 00:00:00.000000258,48.322975,53,25
1970-01-01 00:00:00.000000259,48.450123,53,25
1970-01-01 00:00:00.000000259,44.946693,53,26
1970-01-01 00:00:00.000000260,44.88059,53,26
1970-01-01 00:00:00.000000260,42.013992,53,27
1970-01-01 00:00:00.000000261,41.91224,53,27
1970-01-01 00:00:00.000000261,42.629875,53,28
1970-01-01 00:00:00.000000262,42.620747,53,28
1970-01-01 00:00:00.000000262,41.511826,53,29
1970-01-01 00:00:00.000000263,41.480305,53,29
1970-01-01 00:00:00.000000263,41.16432,53,30
1970-01-01 00:00:00.000000264,41.149464,53,30
1970-01-01 00:00:00.000000264,42.192974,53,31
1970-01-01 00:00:00.000000265,42.244198,53,31
1970-01-01 00:00:00.000000265,40.180492,53,32
1970-01-01 00:00:00.000000266,40.13773,53,32
1970-01-01 00:00:00.000000266,38.967514,53,33
1970-01-01 00:00:00.000000267,38.92253,53,33
1970-01-01 00:00:00.000000267,38.873707,53,34
1970-01-01 00:00:00.000000268,38.862488,53,34
1970-01-01 00:00:00.000000268,37.26547,53,35
1970-01-01 00:00:00.000000269,37.219116,53,35
1970-01-01 00:00:00.000000269,36.406998,53,36
1970-01-01 00:00:00.000000270,36.37157,53,36
1970-01-01 00:00:00.000000270,36.045353,53,37
1970-01-01 00:00:00.000000271,36.028923,53,37
1970-01-01 00:00:00.000000271,36.842403,53,38
1970-01-01 00:00:00.000000272,36.881027,53,38
1970-01-01 00:00:00.000000272,36.995792,53,39
1970-01-01 00:00:00.000000273,37.0268,53,39
1970-01-01 00:00:00.000000273,39.568325,53,40
1970-01-01 00:00:00.000000274,39.726128,53,40
1970-01-01 00:00:00.000000097,65.471176,54,10
1970-01-01 00:00:00.000000098,65.52132,54,10
1970-01-01 00:00:00.000000098,65.9261,54,11
1970-01-01 00:00:00.000000099,65.9733,54,11
1970-01-01 00:00:00.000000099,66.62365,54,12
1970-01-01 00:00:00.000000100,66.682106,54,12
1970-01-01 00:00:00.000000100,67.52007,54,13
1970-01-01 00:00:00.000000101,67.59363,54,13
1970-01-01 00:00:00.000000101,68.10372,54,14
1970-01-01 00:00:00.000000102,68.16742,54,14
1970-01-01 00:00:00.000000277,17.565145,60,10
1970-01-01 00:00:00.000000278,17.553392,60,10
1970-01-01 00:00:00.000000278,18.218117,60,11
1970-01-01 00:00:00.000000279,18.253246,60,11
1970-01-01 00:00:00.000000279,21.381365,60,12
1970-01-01 00:00:00.000000280,21.58346,60,12
1970-01-01 00:00:00.000000280,27.404774,60,13
1970-01-01 00:00:00.000000281,27.84963,60,13
1970-01-01 00:00:00.000000281,29.803743,60,14
1970-01-01 00:00:00.000000282,30.136963,60,14
1970-01-01 00:00:00.000000282,31.109577,60,15
1970-01-01 00:00:00.000000283,31.330418,60,15
1970-01-01 00:00:00.000000283,26.528826,60,16
1970-01-01 00:00:00.000000284,26.459726,60,16
1970-01-01 00:00:00.000000284,25.112013,60,17
1970-01-01 00:00:00.000000285,25.058409,60,17
1970-01-01 00:00:00.000000285,24.299835,60,18
1970-01-01 00:00:00.000000286,24.266535,60,18
1970-01-01 00:00:00.000000286,24.819683,60,19
1970-01-01 00:00:00.000000287,24.836826,60,19
1970-01-01 00:00:00.000000287,25.026499,60,20
1970-01-01 00:00:00.000000288,25.053595,60,20
1970-01-01 00:00:00.000000288,24.088295,60,21
1970-01-01 00:00:00.000000289,24.075642,60,21
1970-01-01 00:00:00.000000289,24.361454,60,22
1970-01-01 00:00:00.000000290,24.378431,60,22
1970-01-01 00:00:00.000000290,23.308676,60,23
1970-01-01 00:00:00.000000291,23.290047,60,23
1970-01-01 00:00:00.000000291,22.9256,60,24
1970-01-01 00:00:00.000000292,22.916239,60,24
1970-01-01 00:00:00.000000292,21.362741,60,25
1970-01-01 00:00:00.000000293,21.322899,60,25
1970-01-01 00:00:00.000000293,20.16359,60,26
1970-01-01 00:00:00.000000294,20.124063,60,26
1970-01-01 00:00:00.000000294,20.6486,60,27
1970-01-01 00:00:00.000000295,20.66127,60,27
1970-01-01 00:00:00.000000295,19.72498,60,28
1970-01-01 00:00:00.000000296,19.70894,60,28
1970-01-01 00:00:00.000000296,18.16544,60,29
1970-01-01 00:00:00.000000297,18.124353,60,29
1970-01-01 00:00:00.000000297,18.111267,60,30
1970-01-01 00:00:00.000000298,18.104034,60,30
1970-01-01 00:00:00.000000298,18.378063,60,31
1970-01-01 00:00:00.000000299,18.397377,60,31
1970-01-01 00:00:00.000000299,19.888453,60,32
1970-01-01 00:00:00.000000300,19.986444,60,32
1970-01-01 00:00:00.000000300,20.618196,60,33
1970-01-01 00:00:00.000000301,20.70644,60,33
1970-01-01 00:00:00.000000301,26.988985,60,34
1970-01-01 00:00:00.000000302,27.405436,60,34
1970-01-01 00:00:00.000000302,29.878283,60,35
1970-01-01 00:00:00.000000303,30.227934,60,35
1970-01-01 00:00:00.000000303,30.581333,60,36
1970-01-01 00:00:00.000000304,30.773117,60,36
1970-01-01 00:00:00.000000304,29.63504,60,37
1970-01-01 00:00:00.000000305,29.669395,60,37
1970-01-01 00:00:00.000000305,23.747723,60,38
1970-01-01 00:00:00.000000306,23.614864,60,38
1970-01-01 00:00:00.000000306,23.769838,60,39
1970-01-01 00:00:00.000000307,23.731516,60,39
1970-01-01 00:00:00.000000307,23.20575,60,40
1970-01-01 00:00:00.000000308,23.184639,60,40
1970-01-01 00:00:00.000000308,23.37742,60,41
1970-01-01 00:00:00.000000309,23.38636,60,41
1970-01-01 00:00:00.000000309,24.614798,60,42
1970-01-01 00:00:00.000000310,24.69246,60,42
1970-01-01 00:00:00.000000310,20.900537,60,43
1970-01-01 00:00:00.000000311,20.826797,60,43
1970-01-01 00:00:00.000000311,18.84664,60,44
1970-01-01 00:00:00.000000312,18.776522,60,44
1970-01-01 00:00:00.000000312,19.525919,60,45
1970-01-01 00:00:00.000000313,19.53067,60,45
1970-01-01 00:00:00.000000313,18.417625,60,46
1970-01-01 00:00:00.000000314,18.394787,60,46
1970-01-01 00:00:00.000000102,81.732956,61,10
1970-01-01 00:00:00.000000103,81.75607,61,10
1970-01-01 00:00:00.000000103,82.64633,61,11
1970-01-01 00:00:00.000000104,82.70957,61,11
1970-01-01 00:00:00.000000104,82.38148,61,12
1970-01-01 00:00:00.000000105,82.40199,61,12
1970-01-01 00:00:00.000000105,82.02794,61,13
1970-01-01 00:00:00.000000106,82.03045,61,13
1970-01-01 00:00:00.000000106,81.98424,61,14
1970-01-01 00:00:00.000000107,81.99288,61,14
1970-01-01 00:00:00.000000107,82.22193,61,15
1970-01-01 00:00:00.000000108,82.24527,61,15
1970-01-01 00:00:00.000000125,50.70981,62,10
1970-01-01 00:00:00.000000126,50.804924,62,10
1970-01-01 00:00:00.000000126,46.847614,62,11
1970-01-01 00:00:00.000000127,46.748116,62,11
1970-01-01 00:00:00.000000127,45.049915,62,12
1970-01-01 00:00:00.000000128,44.960415,62,12
1970-01-01 00:00:00.000000128,44.998055,62,13
1970-01-01 00:00:00.000000129,44.97019,62,13
1970-01-01 00:00:00.000000129,45.00785,62,14
1970-01-01 00:00:00.000000130,45.004833,62,14
1970-01-01 00:00:00.000000130,44.253365,62,15
1970-01-01 00:00:00.000000131,44.230747,62,15
1970-01-01 00:00:00.000000131,44.434853,62,16
1970-01-01 00:00:00.000000132,44.440845,62,16
1970-01-01 00:00:00.000000132,44.78747,62,17
1970-01-01 00:00:00.000000133,44.812637,62,17
1970-01-01 00:00:00.000000133,45.466164,62,18
1970-01-01 00:00:00.000000134,45.51492,62,18
1970-01-01 00:00:00.000000134,46.333168,62,19
1970-01-01 00:00:00.000000135,46.401196,62,19
1970-01-01 00:00:00.000000292,52.42607,63,10
1970-01-01 00:00:00.000000293,52.370323,63,10
1970-01-01 00:00:00.000000293,52.286766,63,11
1970-01-01 00:00:00.000000294,52.267677,63,11
1970-01-01 00:00:00.000000294,52.195038,63,12
1970-01-01 00:00:00.000000295,52.191174,63,12
1970-01-01 00:00:00.000000295,53.1958,63,13
1970-01-01 00:00:00.000000296,53.247833,63,13
1970-01-01 00:00:00.000000296,54.784996,63,14
1970-01-01 00:00:00.000000297,54.89065,63,14
1970-01-01 00:00:00.000000297,55.364727,63,15
1970-01-01 00:00:00.000000298,55.440407,63,15
1970-01-01 00:00:00.000000298,55.82221,63,16
1970-01-01 00:00:00.000000299,55.87986,63,16
1970-01-01 00:00:00.000000299,56.34048,63,17
1970-01-01 00:00:00.000000300,56.394207,63,17
1970-01-01 00:00:00.000000300,56.656353,63,18
1970-01-01 00:00:00.000000301,56.698536,63,18
1970-01-01 00:00:00.000000301,55.58777,63,19
1970-01-01 00:00:00.000000302,55.567257,63,19
1970-01-01 00:00:00.000000302,55.740505,63,20
1970-01-01 00:00:00.000000303,55.745907,63,20
1970-01-01 00:00:00.000000303,54.241264,63,21
1970-01-01 00:00:00.000000304,54.19525,63,21
1970-01-01 00:00:00.000000304,51.35515,63,22
1970-01-01 00:00:00.000000305,51.247868,63,22
1970-01-01 00:00:00.000000305,48.270523,63,23
1970-01-01 00:00:00.000000306,48.137356,63,23
1970-01-01 00:00:00.000000306,45.554638,63,24
1970-01-01 00:00:00.000000307,45.424965,63,24
1970-01-01 00:00:00.000000307,41.99266,63,25
1970-01-01 00:00:00.000000308,41.837463,63,25
1970-01-01 00:00:00.000000308,42.633232,63,26
1970-01-01 00:00:00.000000309,42.605938,63,26
1970-01-01 00:00:00.000000309,43.397285,63,27
1970-01-01 00:00:00.000000310,43.42766,63,27
1970-01-01 00:00:00.000000310,43.850243,63,28
1970-01-01 00:00:00.000000311,43.890545,63,28
1970-01-01 00:00:00.000000311,44.850628,63,29
1970-01-01 00:00:00.000000312,44.92276,63,29
1970-01-01 00:00:00.000000312,46.155807,63,30
1970-01-01 00:00:00.000000313,46.25701,63,30
1970-01-01 00:00:00.000000313,48.73052,63,31
1970-01-01 00:00:00.000000314,48.91076,63,31
1970-01-01 00:00:00.000000314,50.19843,63,32
1970-01-01 00:00:00.000000315,50.352116,63,32
1970-01-01 00:00:00.000000315,51.617638,63,33
1970-01-01 00:00:00.000000316,51.75726,63,33
1970-01-01 00:00:00.000000316,52.20179,63,34
1970-01-01 00:00:00.000000317,52.29185,63,34
1970-01-01 00:00:00.000000317,48.17988,63,35
1970-01-01 00:00:00.000000318,48.073277,63,35
1970-01-01 00:00:00.000000318,46.367054,63,36
1970-01-01 00:00:00.000000319,46.274723,63,36
1970-01-01 00:00:00.000000319,41.61212,63,37
1970-01-01 00:00:00.000000320,41.43037,63,37
1970-01-01 00:00:00.000000320,42.47752,63,38
1970-01-01 00:00:00.000000321,42.44879,63,38
1970-01-01 00:00:00.000000321,43.375214,63,39
1970-01-01 00:00:00.000000322,43.411335,63,39
1970-01-01 00:00:00.000000322,43.309536,63,40
1970-01-01 00:00:00.000000323,43.32748,63,40
1970-01-01 00:00:00.000000323,44.118565,63,41
1970-01-01 00:00:00.000000324,44.17132,63,41
1970-01-01 00:00:00.000000324,45.442818,63,42
1970-01-01 00:00:00.000000325,45.536617,63,42
1970-01-01 00:00:00.000000325,46.771675,63,43
1970-01-01 00:00:00.000000326,46.88251,63,43
1970-01-01 00:00:00.000000326,47.10733,63,44
1970-01-01 00:00:00.000000327,47.17354,63,44
1970-01-01 00:00:00.000000327,48.264854,63,45
1970-01-01 00:00:00.000000328,48.35524,63,45
1970-01-01 00:00:00.000000328,49.54474,63,46
1970-01-01 00:00:00.000000329,49.651676,63,46
1970-01-01 00:00:00.000000329,51.075516,63,47
1970-01-01 00:00:00.000000330,51.20233,63,47
1970-01-01 00:00:00.000000330,52.96892,63,48
1970-01-01 00:00:00.000000331,53.12254,63,48
1970-01-01 00:00:00.000000156,42.412407,64,10
1970-01-01 00:00:00.000000157,42.46452,64,10
1970-01-01 00:00:00.000000157,43.1936,64,11
1970-01-01 00:00:00.000000158,43.263058,64,11
1970-01-01 00:00:00.000000158,44.271774,64,12
1970-01-01 00:00:00.000000159,44.364803,64,12
1970-01-01 00:00:00.000000159,45.636295,64,13
1970-01-01 00:00:00.000000160,45.75512,64,13
1970-01-01 00:00:00.000000160,46.02632,64,14
1970-01-01 00:00:00.000000161,46.102016,64,14
1970-01-01 00:00:00.000000161,46.17889,64,15
1970-01-01 00:00:00.000000162,46.224686,64,15
1970-01-01 00:00:00.000000162,47.080513,64,16
1970-01-01 00:00:00.000000163,47.15357,64,16
1970-01-01 00:00:00.000000163,46.348206,64,17
1970-01-01 00:00:00.000000164,46.35241,64,17
1970-01-01 00:00:00.000000164,45.36689,64,18
1970-01-01 00:00:00.000000165,45.343403,64,18
1970-01-01 00:00:00.000000165,45.601925,64,19
1970-01-01 00:00:00.000000166,45.61136,64,19
1970-01-01 00:00:00.000000166,45.352676,64,20
1970-01-01 00:00:00.000000167,45.355797,64,20
1970-01-01 00:00:00.000000167,45.194046,64,21
1970-01-01 00:00:00.000000168,45.198624,64,21
1970-01-01 00:00:00.000000168,45.89107,64,22
1970-01-01 00:00:00.000000169,45.935295,64,22
1970-01-01 00:00:00.000000169,46.21069,64,23
1970-01-01 00:00:00.000000170,46.252186,64,23
1970-01-01 00:00:00.000000170,46.64925,64,24
1970-01-01 00:00:00.000000171,46.695415,64,24
1970-01-01 00:00:00.000000225,24.162127,65,10
1970-01-01 00:00:00.000000226,24.179428,65,10
1970-01-01 00:00:00.000000226,24.212093,65,11
1970-01-01 00:00:00.000000227,24.23164,65,11
1970-01-01 00:00:00.000000227,24.946854,65,12
1970-01-01 00:00:00.000000228,25.001143,65,12
1970-01-01 00:00:00.000000228,24.747162,65,13
1970-01-01 00:00:00.000000229,24.76878,65,13
1970-01-01 00:00:00.000000229,25.716816,65,14
1970-01-01 00:00:00.000000230,25.784695,65,14
1970-01-01 00:00:00.000000230,25.913975,65,15
1970-01-01 00:00:00.000000231,25.959887,65,15
1970-01-01 00:00:00.000000231,25.8385,65,16
1970-01-01 00:00:00.000000232,25.862692,65,16
1970-01-01 00:00:00.000000232,26.92525,65,17
1970-01-01 00:00:00.000000233,27.000605,65,17
1970-01-01 00:00:00.000000233,26.08154,65,18
1970-01-01 00:00:00.000000234,26.083492,65,18
1970-01-01 00:00:00.000000234,26.070026,65,19
1970-01-01 00:00:00.000000235,26.081064,65,19
1970-01-01 00:00:00.000000235,26.228233,65,20
1970-01-01 00:00:00.000000236,26.250086,65,20
1970-01-01 00:00:00.000000236,26.182049,65,21
1970-01-01 00:00:00.000000237,26.198984,65,21
1970-01-01 00:00:00.000000237,26.097006,65,22
1970-01-01 00:00:00.000000238,26.110563,65,22
1970-01-01 00:00:00.000000238,26.07729,65,23
1970-01-01 00:00:00.000000239,26.092356,65,23
1970-01-01 00:00:00.000000239,26.735046,65,24
1970-01-01 00:00:00.000000240,26.783152,65,24
1970-01-01 00:00:00.000000240,25.992773,65,25
1970-01-01 00:00:00.000000241,25.990883,65,25
1970-01-01 00:00:00.000000241,26.39285,65,26
1970-01-01 00:00:00.000000242,26.42026,65,26
1970-01-01 00:00:00.000000242,25.698622,65,27
1970-01-01 00:00:00.000000243,25.69276,65,27
1970-01-01 00:00:00.000000243,26.546915,65,28
1970-01-01 00:00:00.000000244,26.594603,65,28
1970-01-01 00:00:00.000000244,26.799072,65,29
1970-01-01 00:00:00.000000245,26.839727,65,29
1970-01-01 00:00:00.000000245,26.367874,65,30
1970-01-01 00:00:00.000000246,26.375097,65,30
1970-01-01 00:00:00.000000246,26.211515,65,31
1970-01-01 00:00:00.000000247,26.2186,65,31
1970-01-01 00:00:00.000000247,25.76064,65,32
1970-01-01 00:00:00.000000248,25.757038,65,32
1970-01-01 00:00:00.000000248,25.494629,65,33
1970-01-01 00:00:00.000000249,25.493948,65,33
1970-01-01 00:00:00.000000249,25.257793,65,34
1970-01-01 00:00:00.000000250,25.259104,65,34
1970-01-01 00:00:00.000000250,26.477661,65,35
1970-01-01 00:00:00.000000251,26.548964,65,35
1970-01-01 00:00:00.000000251,25.468512,65,36
1970-01-01 00:00:00.000000252,25.463312,65,36
1970-01-01 00:00:00.000000083,77.09153,66,10
1970-01-01 00:00:00.000000084,77.025215,66,10
1970-01-01 00:00:00.000000084,76.46259,66,11
1970-01-01 00:00:00.000000085,76.42704,66,11
1970-01-01 00:00:00.000000124,84.78234,67,10
1970-01-01 00:00:00.000000125,84.79092,67,10
1970-01-01 00:00:00.000000125,83.33603,67,11
1970-01-01 00:00:00.000000126,83.29647,67,11
1970-01-01 00:00:00.000000126,88.54669,67,12
1970-01-01 00:00:00.000000127,88.80733,67,12
1970-01-01 00:00:00.000000127,88.15955,67,13
1970-01-01 00:00:00.000000128,88.24907,67,13
1970-01-01 00:00:00.000000128,87.01058,67,14
1970-01-01 00:00:00.000000129,87.00214,67,14
1970-01-01 00:00:00.000000129,85.575775,67,15
1970-01-01 00:00:00.000000130,85.53049,67,15
1970-01-01 00:00:00.000000130,84.70862,67,16
1970-01-01 00:00:00.000000131,84.669785,67,16
1970-01-01 00:00:00.000000131,84.942245,67,17
1970-01-01 00:00:00.000000132,84.944336,67,17
1970-01-01 00:00:00.000000132,85.62146,67,18
1970-01-01 00:00:00.000000133,85.66157,67,18
1970-01-01 00:00:00.000000176,47.30051,69,10
1970-01-01 00:00:00.000000177,47.481422,69,10
1970-01-01 00:00:00.000000177,49.046513,69,11
1970-01-01 00:00:00.000000178,49.221428,69,11
1970-01-01 00:00:00.000000178,50.928566,69,12
1970-01-01 00:00:00.000000179,51.1084,69,12
1970-01-01 00:00:00.000000179,51.244865,69,13
1970-01-01 00:00:00.000000180,51.34043,69,13
1970-01-01 00:00:00.000000180,48.70897,69,14
1970-01-01 00:00:00.000000181,48.659763,69,14
1970-01-01 00:00:00.000000181,41.89274,69,15
1970-01-01 00:00:00.000000182,41.68341,69,15
1970-01-01 00:00:00.000000182,42.973156,69,16
1970-01-01 00:00:00.000000183,42.939243,69,16
1970-01-01 00:00:00.000000183,40.57149,69,17
1970-01-01 00:00:00.000000184,40.492813,69,17
1970-01-01 00:00:00.000000184,39.175983,69,18
1970-01-01 00:00:00.000000185,39.111893,69,18
1970-01-01 00:00:00.000000185,38.21218,69,19
1970-01-01 00:00:00.000000186,38.165634,69,19
1970-01-01 00:00:00.000000186,36.791134,69,20
1970-01-01 00:00:00.000000187,36.736378,69,20
1970-01-01 00:00:00.000000187,37.64789,69,21
1970-01-01 00:00:00.000000188,37.669357,69,21
1970-01-01 00:00:00.000000188,37.769657,69,22
1970-01-01 00:00:00.000000189,37.791702,69,22
1970-01-01 00:00:00.000000189,42.14794,69,23
1970-01-01 00:00:00.000000190,42.398067,69,23
1970-01-01 00:00:00.000000190,44.692307,69,24
1970-01-01 00:00:00.000000191,44.938732,69,24
1970-01-01 00:00:00.000000191,47.8732,69,25
1970-01-01 00:00:00.000000192,48.153763,69,25
1970-01-01 00:00:00.000000192,49.146957,69,26
1970-01-01 00:00:00.000000193,49.336,69,26
1970-01-01 00:00:00.000000193,50.013577,69,27
1970-01-01 00:00:00.000000194,50.14245,69,27
1970-01-01 00:00:00.000000194,51.479378,69,28
1970-01-01 00:00:00.000000195,51.61621,69,28
1970-01-01 00:00:00.000000226,58.991875,70,10
1970-01-01 00:00:00.000000227,59.053364,70,10
1970-01-01 00:00:00.000000227,57.95701,70,11
1970-01-01 00:00:00.000000228,57.943874,70,11
1970-01-01 00:00:00.000000228,57.38127,70,12
1970-01-01 00:00:00.000000229,57.36194,70,12
1970-01-01 00:00:00.000000229,57.319847,70,13
1970-01-01 00:00:00.000000230,57.317448,70,13
1970-01-01 00:00:00.000000230,57.657856,70,14
1970-01-01 00:00:00.000000231,57.67906,70,14
1970-01-01 00:00:00.000000231,57.477165,70,15
1970-01-01 00:00:00.000000232,57.484478,70,15
1970-01-01 00:00:00.000000232,57.782383,70,16
1970-01-01 00:00:00.000000233,57.80599,70,16
1970-01-01 00:00:00.000000233,56.739918,70,17
1970-01-01 00:00:00.000000234,56.715435,70,17
1970-01-01 00:00:00.000000234,56.928413,70,18
1970-01-01 00:00:00.000000235,56.93414,70,18
1970-01-01 00:00:00.000000235,56.386692,70,19
1970-01-01 00:00:00.000000236,56.37484,70,19
1970-01-01 00:00:00.000000236,57.513454,70,20
1970-01-01 00:00:00.000000237,57.568752,70,20
1970-01-01 00:00:00.000000237,57.409077,70,21
1970-01-01 00:00:00.000000238,57.432213,70,21
1970-01-01 00:00:00.000000238,57.621696,70,22
1970-01-01 00:00:00.000000239,57.647335,70,22
1970-01-01 00:00:00.000000239,57.49943,70,23
1970-01-01 00:00:00.000000240,57.51096,70,23
1970-01-01 00:00:00.000000240,57.5674,70,24
1970-01-01 00:00:00.000000241,57.58209,70,24
1970-01-01 00:00:00.000000241,57.919453,70,25
1970-01-01 00:00:00.000000242,57.94837,70,25
1970-01-01 00:00:00.000000242,58.29625,70,26
1970-01-01 00:00:00.000000243,58.332027,70,26
1970-01-01 00:00:00.000000243,57.780968,70,27
1970-01-01 00:00:00.000000244,57.779766,70,27
1970-01-01 00:00:00.000000244,57.67851,70,28
1970-01-01 00:00:00.000000245,57.681297,70,28
1970-01-01 00:00:00.000000245,57.677483,70,29
1970-01-01 00:00:00.000000246,57.685925,70,29
1970-01-01 00:00:00.000000246,57.411,70,30
1970-01-01 00:00:00.000000247,57.410564,70,30
1970-01-01 00:00:00.000000247,57.433685,70,31
1970-01-01 00:00:00.000000248,57.441906,70,31
1970-01-01 00:00:00.000000248,57.20473,70,32
1970-01-01 00:00:00.000000249,57.205723,70,32
1970-01-01 00:00:00.000000249,57.002968,70,33
1970-01-01 00:00:00.000000250,57.002525,70,33
1970-01-01 00:00:00.000000250,57.01807,70,34
1970-01-01 00:00:00.000000251,57.02594,70,34
1970-01-01 00:00:00.000000251,56.94959,70,35
1970-01-01 00:00:00.000000252,56.95699,70,35
1970-01-01 00:00:00.000000252,56.954563,70,36
1970-01-01 00:00:00.000000253,56.96493,70,36
1970-01-01 00:00:00.000000253,56.59338,70,37
1970-01-01 00:00:00.000000254,56.58979,70,37
1970-01-01 00:00:00.000000226,15.837112,71,10
1970-01-01 00:00:00.000000227,15.781295,71,10
1970-01-01 00:00:00.000000227,16.027063,71,11
1970-01-01 00:00:00.000000228,16.020721,71,11
1970-01-01 00:00:00.000000228,16.406464,71,12
1970-01-01 00:00:00.000000229,16.428528,71,12
1970-01-01 00:00:00.000000229,16.725994,71,13
1970-01-01 00:00:00.000000230,16.756863,71,13
1970-01-01 00:00:00.000000230,16.591282,71,14
1970-01-01 00:00:00.000000231,16.604235,71,14
1970-01-01 00:00:00.000000231,17.568562,71,15
1970-01-01 00:00:00.000000232,17.62692,71,15
1970-01-01 00:00:00.000000232,17.25281,71,16
1970-01-01 00:00:00.000000233,17.266678,71,16
1970-01-01 00:00:00.000000233,17.671818,71,17
1970-01-01 00:00:00.000000234,17.702665,71,17
1970-01-01 00:00:00.000000234,14.91253,71,18
1970-01-01 00:00:00.000000235,14.831388,71,18
1970-01-01 00:00:00.000000235,17.03273,71,19
1970-01-01 00:00:00.000000236,17.104437,71,19
1970-01-01 00:00:00.000000236,18.626482,71,20
1970-01-01 00:00:00.000000237,18.742651,71,20
1970-01-01 00:00:00.000000237,14.013416,71,21
1970-01-01 00:00:00.000000238,13.897326,71,21
1970-01-01 00:00:00.000000238,19.726927,71,22
1970-01-01 00:00:00.000000239,19.968304,71,22
1970-01-01 00:00:00.000000239,19.753445,71,23
1970-01-01 00:00:00.000000240,19.857382,71,23
1970-01-01 00:00:00.000000240,19.003912,71,24
1970-01-01 00:00:00.000000241,19.015968,71,24
1970-01-01 00:00:00.000000241,27.432028,71,25
1970-01-01 00:00:00.000000242,27.893707,71,25
1970-01-01 00:00:00.000000242,18.69038,71,26
1970-01-01 00:00:00.000000243,18.535452,71,26
1970-01-01 00:00:00.000000243,25.3429,71,27
1970-01-01 00:00:00.000000244,25.617046,71,27
1970-01-01 00:00:00.000000244,23.731987,71,28
1970-01-01 00:00:00.000000245,23.764933,71,28
1970-01-01 00:00:00.000000245,26.531353,71,29
1970-01-01 00:00:00.000000246,26.70086,71,29
1970-01-01 00:00:00.000000246,25.934505,71,30
1970-01-01 00:00:00.000000247,25.978075,71,30
1970-01-01 00:00:00.000000247,30.890804,71,31
1970-01-01 00:00:00.000000248,31.185593,71,31
1970-01-01 00:00:00.000000248,33.06838,71,32
1970-01-01 00:00:00.000000249,33.31448,71,32
1970-01-01 00:00:00.000000249,40.634926,71,33
1970-01-01 00:00:00.000000250,41.15866,71,33
1970-01-01 00:00:00.000000250,48.571255,71,34
1970-01-01 00:00:00.000000251,49.22762,71,34
1970-01-01 00:00:00.000000251,54.85727,71,35
1970-01-01 00:00:00.000000252,55.474056,71,35
1970-01-01 00:00:00.000000252,54.876163,71,36
1970-01-01 00:00:00.000000253,55.13373,71,36
1970-01-01 00:00:00.000000320,55.92481,72,10
1970-01-01 00:00:00.000000321,56.0013,72,10
1970-01-01 00:00:00.000000321,57.400402,72,11
1970-01-01 00:00:00.000000322,57.512413,72,11
1970-01-01 00:00:00.000000322,58.388046,72,12
1970-01-01 00:00:00.000000323,58.48895,72,12
1970-01-01 00:00:00.000000323,60.078854,72,13
1970-01-01 00:00:00.000000324,60.21193,72,13
1970-01-01 00:00:00.000000324,61.09828,72,14
1970-01-01 00:00:00.000000325,61.20902,72,14
1970-01-01 00:00:00.000000325,61.802742,72,15
1970-01-01 00:00:00.000000326,61.887836,72,15
1970-01-01 00:00:00.000000326,59.09612,72,16
1970-01-01 00:00:00.000000327,59.0323,72,16
1970-01-01 00:00:00.000000327,55.839966,72,17
1970-01-01 00:00:00.000000328,55.715546,72,17
1970-01-01 00:00:00.000000328,55.502644,72,18
1970-01-01 00:00:00.000000329,55.45328,72,18
1970-01-01 00:00:00.000000329,55.343105,72,19
1970-01-01 00:00:00.000000330,55.32597,72,19
1970-01-01 00:00:00.000000330,55.462547,72,20
1970-01-01 00:00:00.000000331,55.468307,72,20
1970-01-01 00:00:00.000000331,55.626465,72,21
1970-01-01 00:00:00.000000332,55.643147,72,21
1970-01-01 00:00:00.000000332,56.574432,72,22
1970-01-01 00:00:00.000000333,56.63347,72,22
1970-01-01 00:00:00.000000333,57.408764,72,23
1970-01-01 00:00:00.000000334,57.479767,72,23
1970-01-01 00:00:00.000000334,58.062904,72,24
1970-01-01 00:00:00.000000335,58.129654,72,24
1970-01-01 00:00:00.000000335,60.241833,72,25
1970-01-01 00:00:00.000000336,60.386425,72,25
1970-01-01 00:00:00.000000336,61.099247,72,26
1970-01-01 00:00:00.000000337,61.206516,72,26
1970-01-01 00:00:00.000000337,63.511948,72,27
1970-01-01 00:00:00.000000338,63.686047,72,27
1970-01-01 00:00:00.000000338,57.007626,72,28
1970-01-01 00:00:00.000000339,56.84628,72,28
1970-01-01 00:00:00.000000339,54.496487,72,29
1970-01-01 00:00:00.000000340,54.36505,72,29
1970-01-01 00:00:00.000000340,55.205944,72,30
1970-01-01 00:00:00.000000341,55.18988,72,30
1970-01-01 00:00:00.000000341,54.90885,72,31
1970-01-01 00:00:00.000000342,54.898746,72,31
1970-01-01 00:00:00.000000342,55.59077,72,32
1970-01-01 00:00:00.000000343,55.624847,72,32
1970-01-01 00:00:00.000000343,56.143803,72,33
1970-01-01 00:00:00.000000344,56.19011,72,33
1970-01-01 00:00:00.000000344,55.871506,72,34
1970-01-01 00:00:00.000000345,55.883743,72,34
1970-01-01 00:00:00.000000345,55.78573,72,35
1970-01-01 00:00:00.000000346,55.793964,72,35
1970-01-01 00:00:00.000000346,57.085587,72,36
1970-01-01 00:00:00.000000347,57.15936,72,36
1970-01-01 00:00:00.000000347,55.911137,72,37
1970-01-01 00:00:00.000000348,55.897038,72,37
1970-01-01 00:00:00.000000348,55.247375,72,38
1970-01-01 00:00:00.000000349,55.225033,72,38
1970-01-01 00:00:00.000000349,55.100677,72,39
1970-01-01 00:00:00.000000350,55.093887,72,39
1970-01-01 00:00:00.000000350,57.244465,72,40
1970-01-01 00:00:00.000000351,57.354633,72,40
1970-01-01 00:00:00.000000351,56.87239,72,41
1970-01-01 00:00:00.000000352,56.903217,72,41
1970-01-01 00:00:00.000000352,51.751812,72,42
1970-01-01 00:00:00.000000353,51.595684,72,42
1970-01-01 00:00:00.000000353,51.036026,72,43
1970-01-01 00:00:00.000000354,50.963314,72,43
1970-01-01 00:00:00.000000354,49.43873,72,44
1970-01-01 00:00:00.000000355,49.36526,72,44
1970-01-01 00:00:00.000000355,48.949085,72,45
1970-01-01 00:00:00.000000356,48.911777,72,45
1970-01-01 00:00:00.000000356,52.380642,72,46
1970-01-01 00:00:00.000000357,52.54366,72,46
1970-01-01 00:00:00.000000357,55.175407,72,47
1970-01-01 00:00:00.000000358,55.39525,72,47
1970-01-01 00:00:00.000000358,54.63803,72,48
1970-01-01 00:00:00.000000359,54.70466,72,48
1970-01-01 00:00:00.000000359,51.461227,72,49
1970-01-01 00:00:00.000000360,51.386803,72,49
1970-01-01 00:00:00.000000360,47.777477,72,50
1970-01-01 00:00:00.000000361,47.658264,72,50
1970-01-01 00:00:00.000000361,54.339844,72,51
1970-01-01 00:00:00.000000362,54.638344,72,51
1970-01-01 00:00:00.000000362,53.117054,72,52
1970-01-01 00:00:00.000000363,53.17691,72,52
1970-01-01 00:00:00.000000363,55.02862,72,53
1970-01-01 00:00:00.000000364,55.166683,72,53
1970-01-01 00:00:00.000000219,66.09988,73,10
1970-01-01 00:00:00.000000220,66.10103,73,10
1970-01-01 00:00:00.000000220,65.29265,73,11
1970-01-01 00:00:00.000000221,65.27291,73,11
1970-01-01 00:00:00.000000221,63.68788,73,12
1970-01-01 00:00:00.000000222,63.636734,73,12
1970-01-01 00:00:00.000000222,67.058266,73,13
1970-01-01 00:00:00.000000223,67.21403,73,13
1970-01-01 00:00:00.000000223,67.456604,73,14
1970-01-01 00:00:00.000000224,67.54634,73,14
1970-01-01 00:00:00.000000224,67.805984,73,15
1970-01-01 00:00:00.000000225,67.86633,73,15
1970-01-01 00:00:00.000000225,66.13009,73,16
1970-01-01 00:00:00.000000226,66.0975,73,16
1970-01-01 00:00:00.000000226,63.48779,73,17
1970-01-01 00:00:00.000000227,63.40096,73,17
1970-01-01 00:00:00.000000227,65.70116,73,18
1970-01-01 00:00:00.000000228,65.77342,73,18
1970-01-01 00:00:00.000000228,66.15446,73,19
1970-01-01 00:00:00.000000229,66.21304,73,19
1970-01-01 00:00:00.000000229,66.12708,73,20
1970-01-01 00:00:00.000000230,66.15617,73,20
1970-01-01 00:00:00.000000230,64.78383,73,21
1970-01-01 00:00:00.000000231,64.753426,73,21
1970-01-01 00:00:00.000000231,62.801434,73,22
1970-01-01 00:00:00.000000232,62.734432,73,22
1970-01-01 00:00:00.000000232,62.156708,73,23
1970-01-01 00:00:00.000000233,62.11856,73,23
1970-01-01 00:00:00.000000233,63.5116,73,24
1970-01-01 00:00:00.000000234,63.566303,73,24
1970-01-01 00:00:00.000000234,66.684425,73,25
1970-01-01 00:00:00.000000235,66.881584,73,25
1970-01-01 00:00:00.000000235,66.75301,73,26
1970-01-01 00:00:00.000000236,66.84158,73,26
1970-01-01 00:00:00.000000236,66.32722,73,27
1970-01-01 00:00:00.000000237,66.34848,73,27
1970-01-01 00:00:00.000000237,70.51022,73,28
1970-01-01 00:00:00.000000238,70.74714,73,28
1970-01-01 00:00:00.000000238,73.542725,73,29
1970-01-01 00:00:00.000000239,73.80771,73,29
1970-01-01 00:00:00.000000239,75.50927,73,30
1970-01-01 00:00:00.000000240,75.727745,73,30
1970-01-01 00:00:00.000000240,76.5315,73,31
1970-01-01 00:00:00.000000241,76.679535,73,31
1970-01-01 00:00:00.000000241,75.208275,73,32
1970-01-01 00:00:00.000000242,75.21064,73,32
1970-01-01 00:00:00.000000242,73.60365,73,33
1970-01-01 00:00:00.000000243,73.556725,73,33
1970-01-01 00:00:00.000000243,75.14551,73,34
1970-01-01 00:00:00.000000244,75.20503,73,34
1970-01-01 00:00:00.000000244,77.81898,73,35
1970-01-01 00:00:00.000000245,77.990135,73,35
1970-01-01 00:00:00.000000116,74.301254,74,10
1970-01-01 00:00:00.000000117,74.38882,74,10
1970-01-01 00:00:00.000000117,74.5788,74,11
1970-01-01 00:00:00.000000118,74.63487,74,11
1970-01-01 00:00:00.000000118,75.350105,74,12
1970-01-01 00:00:00.000000119,75.41922,74,12
1970-01-01 00:00:00.000000119,76.12452,74,13
1970-01-01 00:00:00.000000120,76.19921,74,13
1970-01-01 00:00:00.000000120,76.053276,74,14
1970-01-01 00:00:00.000000121,76.0867,74,14
1970-01-01 00:00:00.000000121,77.602516,74,15
1970-01-01 00:00:00.000000122,77.703705,74,15
1970-01-01 00:00:00.000000122,78.79368,74,16
1970-01-01 00:00:00.000000123,78.90415,74,16
1970-01-01 00:00:00.000000123,79.33988,74,17
1970-01-01 00:00:00.000000124,79.41936,74,17
1970-01-01 00:00:00.000000129,66.92006,76,10
1970-01-01 00:00:00.000000130,66.91223,76,10
1970-01-01 00:00:00.000000130,66.908134,76,11
1970-01-01 00:00:00.000000131,66.9115,76,11
1970-01-01 00:00:00.000000131,67.482475,76,12
1970-01-01 00:00:00.000000132,67.51662,76,12
1970-01-01 00:00:00.000000132,67.17646,76,13
1970-01-01 00:00:00.000000133,67.1825,76,13
1970-01-01 00:00:00.000000133,67.33608,76,14
1970-01-01 00:00:00.000000134,67.352066,76,14
1970-01-01 00:00:00.000000134,67.35289,76,15
1970-01-01 00:00:00.000000135,67.36628,76,15
1970-01-01 00:00:00.000000135,67.4237,76,16
1970-01-01 00:00:00.000000136,67.43849,76,16
1970-01-01 00:00:00.000000136,67.50719,76,17
1970-01-01 00:00:00.000000137,67.52307,76,17
1970-01-01 00:00:00.000000137,67.71349,76,18
1970-01-01 00:00:00.000000138,67.73535,76,18
1970-01-01 00:00:00.000000138,67.390335,76,19
1970-01-01 00:00:00.000000139,67.391396,76,19
1970-01-01 00:00:00.000000151,56.04696,77,10
1970-01-01 00:00:00.000000152,56.160496,77,10
1970-01-01 00:00:00.000000152,56.754498,77,11
1970-01-01 00:00:00.000000153,56.839787,77,11
1970-01-01 00:00:00.000000153,57.806126,77,12
1970-01-01 00:00:00.000000154,57.897476,77,12
1970-01-01 00:00:00.000000154,58.885826,77,13
1970-01-01 00:00:00.000000155,58.98112,77,13
1970-01-01 00:00:00.000000155,59.961945,77,14
1970-01-01 00:00:00.000000156,60.058712,77,14
1970-01-01 00:00:00.000000156,60.445614,77,15
1970-01-01 00:00:00.000000157,60.51278,77,15
1970-01-01 00:00:00.000000157,61.028217,77,16
1970-01-01 00:00:00.000000158,61.088444,77,16
1970-01-01 00:00:00.000000158,61.530704,77,17
1970-01-01 00:00:00.000000159,61.584175,77,17
1970-01-01 00:00:00.000000159,61.926826,77,18
1970-01-01 00:00:00.000000160,61.97234,77,18
1970-01-01 00:00:00.000000160,63.02149,77,19
1970-01-01 00:00:00.000000161,63.098713,77,19
1970-01-01 00:00:00.000000161,63.931236,77,20
1970-01-01 00:00:00.000000162,64.01212,77,20
1970-01-01 00:00:00.000000162,64.79233,77,21
1970-01-01 00:00:00.000000163,64.872246,77,21
1970-01-01 00:00:00.000000163,66.065414,77,22
1970-01-01 00:00:00.000000164,66.16597,77,22
1970-01-01 00:00:00.000000164,66.87051,77,23
1970-01-01 00:00:00.000000165,66.95547,77,23
1970-01-01 00:00:00.000000098,100.0,78,10
1970-01-01 00:00:00.000000099,100.0,78,10
1970-01-01 00:00:00.000000099,100.0,78,11
1970-01-01 00:00:00.000000100,100.0,78,11
1970-01-01 00:00:00.000000100,100.0,78,12
1970-01-01 00:00:00.000000101,100.0,78,12
1970-01-01 00:00:00.000000101,100.0,78,13
1970-01-01 00:00:00.000000102,100.0,78,13
1970-01-01 00:00:00.000000102,100.0,78,14
1970-01-01 00:00:00.000000103,100.0,78,14
1970-01-01 00:00:00.000000275,61.105484,79,10
1970-01-01 00:00:00.000000276,61.10724,79,10
1970-01-01 00:00:00.000000276,60.723526,79,11
1970-01-01 00:00:00.000000277,60.718594,79,11
1970-01-01 00:00:00.000000277,61.049366,79,12
1970-01-01 00:00:00.000000278,61.07057,79,12
1970-01-01 00:00:00.000000278,61.046776,79,13
1970-01-01 00:00:00.000000279,61.063606,79,13
1970-01-01 00:00:00.000000279,60.748943,79,14
1970-01-01 00:00:00.000000280,60.75222,79,14
1970-01-01 00:00:00.000000280,61.236603,79,15
1970-01-01 00:00:00.000000281,61.26915,79,15
1970-01-01 00:00:00.000000281,60.798477,79,16
1970-01-01 00:00:00.000000282,60.801197,79,16
1970-01-01 00:00:00.000000282,60.87499,79,17
1970-01-01 00:00:00.000000283,60.88833,79,17
1970-01-01 00:00:00.000000283,61.100864,79,18
1970-01-01 00:00:00.000000284,61.125042,79,18
1970-01-01 00:00:00.000000284,60.636086,79,19
1970-01-01 00:00:00.000000285,60.635113,79,19
1970-01-01 00:00:00.000000285,60.467587,79,20
1970-01-01 00:00:00.000000286,60.469486,79,20
1970-01-01 00:00:00.000000286,59.967068,79,21
1970-01-01 00:00:00.000000287,59.95757,79,21
1970-01-01 00:00:00.000000287,59.286175,79,22
1970-01-01 00:00:00.000000288,59.266724,79,22
1970-01-01 00:00:00.000000288,58.600647,79,23
1970-01-01 00:00:00.000000289,58.577698,79,23
1970-01-01 00:00:00.000000289,58.644463,79,24
1970-01-01 00:00:00.000000290,58.64602,79,24
1970-01-01 00:00:00.000000290,57.57951,79,25
1970-01-01 00:00:00.000000291,57.55108,79,25
1970-01-01 00:00:00.000000291,57.640667,79,26
1970-01-01 00:00:00.000000292,57.64077,79,26
1970-01-01 00:00:00.000000292,56.67112,79,27
1970-01-01 00:00:00.000000293,56.6453,79,27
1970-01-01 00:00:00.000000293,56.46595,79,28
1970-01-01 00:00:00.000000294,56.45727,79,28
1970-01-01 00:00:00.000000294,55.91331,79,29
1970-01-01 00:00:00.000000295,55.898575,79,29
1970-01-01 00:00:00.000000295,55.416145,79,30
1970-01-01 00:00:00.000000296,55.401386,79,30
1970-01-01 00:00:00.000000296,54.48654,79,31
1970-01-01 00:00:00.000000297,54.457623,79,31
1970-01-01 00:00:00.000000297,54.045574,79,32
1970-01-01 00:00:00.000000298,54.027714,79,32
1970-01-01 00:00:00.000000298,53.61528,79,33
1970-01-01 00:00:00.000000299,53.60163,79,33
1970-01-01 00:00:00.000000299,53.65649,79,34
1970-01-01 00:00:00.000000300,53.661705,79,34
1970-01-01 00:00:00.000000300,55.825005,79,35
1970-01-01 00:00:00.000000301,55.946575,79,35
1970-01-01 00:00:00.000000301,58.733135,79,36
1970-01-01 00:00:00.000000302,58.945908,79,36
1970-01-01 00:00:00.000000302,63.969913,79,37
1970-01-01 00:00:00.000000303,64.34966,79,37
1970-01-01 00:00:00.000000303,61.46683,79,38
1970-01-01 00:00:00.000000304,61.494305,79,38
1970-01-01 00:00:00.000000304,58.505276,79,39
1970-01-01 00:00:00.000000305,58.425766,79,39
1970-01-01 00:00:00.000000305,58.58712,79,40
1970-01-01 00:00:00.000000306,58.568356,79,40
1970-01-01 00:00:00.000000306,58.884212,79,41
1970-01-01 00:00:00.000000307,58.897827,79,41
1970-01-01 00:00:00.000000307,59.878963,79,42
1970-01-01 00:00:00.000000308,59.94114,79,42
1970-01-01 00:00:00.000000308,59.59955,79,43
1970-01-01 00:00:00.000000309,59.618294,79,43
1970-01-01 00:00:00.000000309,58.265533,79,44
1970-01-01 00:00:00.000000310,58.232864,79,44
1970-01-01 00:00:00.000000310,57.764454,79,45
1970-01-01 00:00:00.000000311,57.74281,79,45
1970-01-01 00:00:00.000000148,56.10087,80,10
1970-01-01 00:00:00.000000149,56.2005,80,10
1970-01-01 00:00:00.000000149,54.92042,80,11
1970-01-01 00:00:00.000000150,54.915688,80,11
1970-01-01 00:00:00.000000150,54.900978,80,12
1970-01-01 00:00:00.000000151,54.908028,80,12
1970-01-01 00:00:00.000000151,53.8154,80,13
1970-01-01 00:00:00.000000152,53.78975,80,13
1970-01-01 00:00:00.000000152,53.851856,80,14
1970-01-01 00:00:00.000000153,53.85287,80,14
1970-01-01 00:00:00.000000153,52.760117,80,15
1970-01-01 00:00:00.000000154,52.73276,80,15
1970-01-01 00:00:00.000000154,51.483265,80,16
1970-01-01 00:00:00.000000155,51.441936,80,16
1970-01-01 00:00:00.000000155,52.967785,80,17
1970-01-01 00:00:00.000000156,53.0267,80,17
1970-01-01 00:00:00.000000156,53.80996,80,18
1970-01-01 00:00:00.000000157,53.880627,80,18
1970-01-01 00:00:00.000000157,100.0,80,19
1970-01-01 00:00:00.000000158,100.0,80,19
1970-01-01 00:00:00.000000158,100.0,80,20
1970-01-01 00:00:00.000000159,100.0,80,20
1970-01-01 00:00:00.000000159,100.0,80,21
1970-01-01 00:00:00.000000160,100.0,80,21
1970-01-01 00:00:00.000000160,100.0,80,22
1970-01-01 00:00:00.000000161,100.0,80,22
1970-01-01 00:00:00.000000161,100.0,80,23
1970-01-01 00:00:00.000000162,100.0,80,23
1970-01-01 00:00:00.000000125,45.06279,81,10
1970-01-01 00:00:00.000000126,45.192223,81,10
1970-01-01 00:00:00.000000126,44.714554,81,11
1970-01-01 00:00:00.000000127,44.755047,81,11
1970-01-01 00:00:00.000000127,40.871014,81,12
1970-01-01 00:00:00.000000128,40.769226,81,12
1970-01-01 00:00:00.000000128,43.57102,81,13
1970-01-01 00:00:00.000000129,43.660236,81,13
1970-01-01 00:00:00.000000129,43.649353,81,14
1970-01-01 00:00:00.000000130,43.695652,81,14
1970-01-01 00:00:00.000000130,42.90212,81,15
1970-01-01 00:00:00.000000131,42.897102,81,15
1970-01-01 00:00:00.000000131,43.877335,81,16
1970-01-01 00:00:00.000000132,43.930103,81,16
1970-01-01 00:00:00.000000132,43.256485,81,17
1970-01-01 00:00:00.000000133,43.258118,81,17
1970-01-01 00:00:00.000000133,43.53405,81,18
1970-01-01 00:00:00.000000134,43.555614,81,18
1970-01-01 00:00:00.000000134,48.739944,81,19
1970-01-01 00:00:00.000000135,49.036892,81,19
1970-01-01 00:00:00.000000318,50.872482,83,10
1970-01-01 00:00:00.000000319,50.908875,83,10
1970-01-01 00:00:00.000000319,51.51741,83,11
1970-01-01 00:00:00.000000320,51.569,83,11
1970-01-01 00:00:00.000000320,51.41564,83,12
1970-01-01 00:00:00.000000321,51.437195,83,12
1970-01-01 00:00:00.000000321,51.310875,83,13
1970-01-01 00:00:00.000000322,51.321312,83,13
1970-01-01 00:00:00.000000322,51.707684,83,14
1970-01-01 00:00:00.000000323,51.73661,83,14
1970-01-01 00:00:00.000000323,51.367817,83,15
1970-01-01 00:00:00.000000324,51.370968,83,15
1970-01-01 00:00:00.000000324,51.663795,83,16
1970-01-01 00:00:00.000000325,51.685097,83,16
1970-01-01 00:00:00.000000325,52.179707,83,17
1970-01-01 00:00:00.000000326,52.2187,83,17
1970-01-01 00:00:00.000000326,52.28803,83,18
1970-01-01 00:00:00.000000327,52.314526,83,18
1970-01-01 00:00:00.000000327,52.66436,83,19
1970-01-01 00:00:00.000000328,52.69871,83,19
1970-01-01 00:00:00.000000328,52.875637,83,20
1970-01-01 00:00:00.000000329,52.90519,83,20
1970-01-01 00:00:00.000000329,53.055264,83,21
1970-01-01 00:00:00.000000330,53.081482,83,21
1970-01-01 00:00:00.000000330,52.50161,83,22
1970-01-01 00:00:00.000000331,52.49543,83,22
1970-01-01 00:00:00.000000331,51.86978,83,23
1970-01-01 00:00:00.000000332,51.85035,83,23
1970-01-01 00:00:00.000000332,52.5568,83,24
1970-01-01 00:00:00.000000333,52.58662,83,24
1970-01-01 00:00:00.000000333,52.336884,83,25
1970-01-01 00:00:00.000000334,52.345264,83,25
1970-01-01 00:00:00.000000334,51.645702,83,26
1970-01-01 00:00:00.000000335,51.628693,83,26
1970-01-01 00:00:00.000000335,51.08828,83,27
1970-01-01 00:00:00.000000336,51.0679,83,27
1970-01-01 00:00:00.000000336,51.154488,83,28
1970-01-01 00:00:00.000000337,51.156498,83,28
1970-01-01 00:00:00.000000337,51.59517,83,29
1970-01-01 00:00:00.000000338,51.622704,83,29
1970-01-01 00:00:00.000000338,51.21249,83,30
1970-01-01 00:00:00.000000339,51.213474,83,30
1970-01-01 00:00:00.000000339,51.156006,83,31
1970-01-01 00:00:00.000000340,51.161144,83,31
1970-01-01 00:00:00.000000340,51.573597,83,32
1970-01-01 00:00:00.000000341,51.60144,83,32
1970-01-01 00:00:00.000000341,51.33401,83,33
1970-01-01 00:00:00.000000342,51.34102,83,33
1970-01-01 00:00:00.000000342,51.827744,83,34
1970-01-01 00:00:00.000000343,51.85993,83,34
1970-01-01 00:00:00.000000343,51.93485,83,35
1970-01-01 00:00:00.000000344,51.958755,83,35
1970-01-01 00:00:00.000000344,51.982502,83,36
1970-01-01 00:00:00.000000345,52.000546,83,36
1970-01-01 00:00:00.000000345,51.870895,83,37
1970-01-01 00:00:00.000000346,51.879814,83,37
1970-01-01 00:00:00.000000346,52.507538,83,38
1970-01-01 00:00:00.000000347,52.54739,83,38
1970-01-01 00:00:00.000000347,51.91794,83,39
1970-01-01 00:00:00.000000348,51.914722,83,39
1970-01-01 00:00:00.000000348,52.467625,83,40
1970-01-01 00:00:00.000000349,52.49814,83,40
1970-01-01 00:00:00.000000349,52.649216,83,41
1970-01-01 00:00:00.000000350,52.67589,83,41
1970-01-01 00:00:00.000000350,53.04504,83,42
1970-01-01 00:00:00.000000351,53.080383,83,42
1970-01-01 00:00:00.000000351,52.989384,83,43
1970-01-01 00:00:00.000000352,53.006935,83,43
1970-01-01 00:00:00.000000352,53.62738,83,44
1970-01-01 00:00:00.000000353,53.670677,83,44
1970-01-01 00:00:00.000000353,53.50653,83,45
1970-01-01 00:00:00.000000354,53.523968,83,45
1970-01-01 00:00:00.000000354,53.900333,83,46
1970-01-01 00:00:00.000000355,53.931576,83,46
1970-01-01 00:00:00.000000355,53.621445,83,47
1970-01-01 00:00:00.000000356,53.627537,83,47
1970-01-01 00:00:00.000000356,53.7612,83,48
1970-01-01 00:00:00.000000357,53.77618,83,48
1970-01-01 00:00:00.000000357,53.489777,83,49
1970-01-01 00:00:00.000000358,53.490475,83,49
1970-01-01 00:00:00.000000358,53.332813,83,50
1970-01-01 00:00:00.000000359,53.333244,83,50
1970-01-01 00:00:00.000000359,52.387486,83,51
1970-01-01 00:00:00.000000360,52.358402,83,51
1970-01-01 00:00:00.000000360,52.701824,83,52
1970-01-01 00:00:00.000000361,52.71047,83,52
1970-01-01 00:00:00.000000361,52.99091,83,53
1970-01-01 00:00:00.000000362,53.013718,83,53
1970-01-01 00:00:00.000000110,74.61261,84,10
1970-01-01 00:00:00.000000111,74.63576,84,10
1970-01-01 00:00:00.000000111,74.73885,84,11
1970-01-01 00:00:00.000000112,74.759605,84,11
1970-01-01 00:00:00.000000112,74.838844,84,12
1970-01-01 00:00:00.000000113,74.85753,84,12
1970-01-01 00:00:00.000000113,74.62382,84,13
1970-01-01 00:00:00.000000114,74.628105,84,13
1970-01-01 00:00:00.000000114,75.07465,84,14
1970-01-01 00:00:00.000000115,75.10313,84,14
1970-01-01 00:00:00.000000115,75.27258,84,15
1970-01-01 00:00:00.000000116,75.298744,84,15
1970-01-01 00:00:00.000000116,75.10257,84,16
1970-01-01 00:00:00.000000117,75.11138,84,16
1970-01-01 00:00:00.000000118,70.445496,85,10
1970-01-01 00:00:00.000000119,70.433136,85,10
1970-01-01 00:00:00.000000119,70.218956,85,11
1970-01-01 00:00:00.000000120,70.21235,85,11
1970-01-01 00:00:00.000000120,70.18175,85,12
1970-01-01 00:00:00.000000121,70.18489,85,12
1970-01-01 00:00:00.000000121,70.37565,85,13
1970-01-01 00:00:00.000000122,70.392426,85,13
1970-01-01 00:00:00.000000122,70.74557,85,14
1970-01-01 00:00:00.000000123,70.77589,85,14
1970-01-01 00:00:00.000000123,71.29155,85,15
1970-01-01 00:00:00.000000124,71.33589,85,15
1970-01-01 00:00:00.000000124,71.648895,85,16
1970-01-01 00:00:00.000000125,71.689644,85,16
1970-01-01 00:00:00.000000125,71.748314,85,17
1970-01-01 00:00:00.000000126,71.77512,85,17
1970-01-01 00:00:00.000000215,54.839252,86,10
1970-01-01 00:00:00.000000216,54.915497,86,10
1970-01-01 00:00:00.000000216,55.15937,86,11
1970-01-01 00:00:00.000000217,55.21233,86,11
1970-01-01 00:00:00.000000217,51.98359,86,12
1970-01-01 00:00:00.000000218,51.90167,86,12
1970-01-01 00:00:00.000000218,51.726578,86,13
1970-01-01 00:00:00.000000219,51.695717,86,13
1970-01-01 00:00:00.000000219,51.530563,86,14
1970-01-01 00:00:00.000000220,51.520016,86,14
1970-01-01 00:00:00.000000220,50.6864,86,15
1970-01-01 00:00:00.000000221,50.66081,86,15
1970-01-01 00:00:00.000000221,50.58846,86,16
1970-01-01 00:00:00.000000222,50.583527,86,16
1970-01-01 00:00:00.000000222,48.246284,86,17
1970-01-01 00:00:00.000000223,48.176014,86,17
1970-01-01 00:00:00.000000223,50.585526,86,18
1970-01-01 00:00:00.000000224,50.674046,86,18
1970-01-01 00:00:00.000000224,51.114338,86,19
1970-01-01 00:00:00.000000225,51.18325,86,19
1970-01-01 00:00:00.000000225,51.804863,86,20
1970-01-01 00:00:00.000000226,51.874077,86,20
1970-01-01 00:00:00.000000226,52.075413,86,21
1970-01-01 00:00:00.000000227,52.123096,86,21
1970-01-01 00:00:00.000000227,50.739372,86,22
1970-01-01 00:00:00.000000228,50.713734,86,22
1970-01-01 00:00:00.000000228,48.175934,86,23
1970-01-01 00:00:00.000000229,48.092117,86,23
1970-01-01 00:00:00.000000229,47.885002,86,24
1970-01-01 00:00:00.000000230,47.852657,86,24
1970-01-01 00:00:00.000000230,48.21349,86,25
1970-01-01 00:00:00.000000231,48.22262,86,25
1970-01-01 00:00:00.000000231,51.763916,86,26
1970-01-01 00:00:00.000000232,51.96223,86,26
1970-01-01 00:00:00.000000232,48.417583,86,27
1970-01-01 00:00:00.000000233,48.36615,86,27
1970-01-01 00:00:00.000000233,42.64684,86,28
1970-01-01 00:00:00.000000234,42.461826,86,28
1970-01-01 00:00:00.000000234,46.303234,86,29
1970-01-01 00:00:00.000000235,46.394676,86,29
1970-01-01 00:00:00.000000235,47.90477,86,30
1970-01-01 00:00:00.000000236,48.03259,86,30
1970-01-01 00:00:00.000000236,47.59675,86,31
1970-01-01 00:00:00.000000237,47.63831,86,31
1970-01-01 00:00:00.000000237,50.250675,86,32
1970-01-01 00:00:00.000000238,50.413788,86,32
1970-01-01 00:00:00.000000238,48.35512,86,33
1970-01-01 00:00:00.000000239,48.340847,86,33
1970-01-01 00:00:00.000000239,47.064022,86,34
1970-01-01 00:00:00.000000240,47.022373,86,34
1970-01-01 00:00:00.000000385,82.334984,87,10
1970-01-01 00:00:00.000000386,82.36225,87,10
1970-01-01 00:00:00.000000386,82.13749,87,11
1970-01-01 00:00:00.000000387,82.15064,87,11
1970-01-01 00:00:00.000000387,82.39054,87,12
1970-01-01 00:00:00.000000388,82.41821,87,12
1970-01-01 00:00:00.000000388,81.92187,87,13
1970-01-01 00:00:00.000000389,81.92459,87,13
1970-01-01 00:00:00.000000389,81.602394,87,14
1970-01-01 00:00:00.000000390,81.60271,87,14
1970-01-01 00:00:00.000000390,81.59368,87,15
1970-01-01 00:00:00.000000391,81.60472,87,15
1970-01-01 00:00:00.000000391,81.23995,87,16
1970-01-01 00:00:00.000000392,81.24187,87,16
1970-01-01 00:00:00.000000392,81.667816,87,17
1970-01-01 00:00:00.000000393,81.69891,87,17
1970-01-01 00:00:00.000000393,82.416435,87,18
1970-01-01 00:00:00.000000394,82.47723,87,18
1970-01-01 00:00:00.000000394,82.12914,87,19
1970-01-01 00:00:00.000000395,82.149605,87,19
1970-01-01 00:00:00.000000395,81.48507,87,20
1970-01-01 00:00:00.000000396,81.47991,87,20
1970-01-01 00:00:00.000000396,81.49728,87,21
1970-01-01 00:00:00.000000397,81.50702,87,21
1970-01-01 00:00:00.000000397,80.84294,87,22
1970-01-01 00:00:00.000000398,80.834526,87,22
1970-01-01 00:00:00.000000398,80.877655,87,23
1970-01-01 00:00:00.000000399,80.88698,87,23
1970-01-01 00:00:00.000000399,81.02804,87,24
1970-01-01 00:00:00.000000400,81.04958,87,24
1970-01-01 00:00:00.000000400,81.07651,87,25
1970-01-01 00:00:00.000000401,81.0983,87,25
1970-01-01 00:00:00.000000401,81.60796,87,26
1970-01-01 00:00:00.000000402,81.65358,87,26
1970-01-01 00:00:00.000000402,83.757126,87,27
1970-01-01 00:00:00.000000403,83.904305,87,27
1970-01-01 00:00:00.000000403,83.06658,87,28
1970-01-01 00:00:00.000000404,83.09783,87,28
1970-01-01 00:00:00.000000404,81.77122,87,29
1970-01-01 00:00:00.000000405,81.74901,87,29
1970-01-01 00:00:00.000000405,82.41022,87,30
1970-01-01 00:00:00.000000406,82.43889,87,30
1970-01-01 00:00:00.000000406,83.32756,87,31
1970-01-01 00:00:00.000000407,83.39623,87,31
1970-01-01 00:00:00.000000407,83.5596,87,32
1970-01-01 00:00:00.000000408,83.608185,87,32
1970-01-01 00:00:00.000000408,83.30873,87,33
1970-01-01 00:00:00.000000409,83.326515,87,33
1970-01-01 00:00:00.000000409,83.750275,87,34
1970-01-01 00:00:00.000000410,83.788956,87,34
1970-01-01 00:00:00.000000410,84.17127,87,35
1970-01-01 00:00:00.000000411,84.21758,87,35
1970-01-01 00:00:00.000000411,83.043274,87,36
1970-01-01 00:00:00.000000412,83.029175,87,36
1970-01-01 00:00:00.000000412,81.47116,87,37
1970-01-01 00:00:00.000000413,81.42978,87,37
1970-01-01 00:00:00.000000413,80.14342,87,38
1970-01-01 00:00:00.000000414,80.10046,87,38
1970-01-01 00:00:00.000000414,79.667366,87,39
1970-01-01 00:00:00.000000415,79.647095,87,39
1970-01-01 00:00:00.000000415,80.8272,87,40
1970-01-01 00:00:00.000000416,80.883804,87,40
1970-01-01 00:00:00.000000416,82.16219,87,41
1970-01-01 00:00:00.000000417,82.26717,87,41
1970-01-01 00:00:00.000000417,83.49637,87,42
1970-01-01 00:00:00.000000418,83.62202,87,42
1970-01-01 00:00:00.000000418,83.767075,87,43
1970-01-01 00:00:00.000000419,83.84082,87,43
1970-01-01 00:00:00.000000419,84.042656,87,44
1970-01-01 00:00:00.000000420,84.09578,87,44
1970-01-01 00:00:00.000000420,84.406136,87,45
1970-01-01 00:00:00.000000421,84.45559,87,45
1970-01-01 00:00:00.000000421,84.627884,87,46
1970-01-01 00:00:00.000000422,84.66858,87,46
1970-01-01 00:00:00.000000422,84.91819,87,47
1970-01-01 00:00:00.000000423,84.95892,87,47
1970-01-01 00:00:00.000000423,85.150764,87,48
1970-01-01 00:00:00.000000424,85.188644,87,48
1970-01-01 00:00:00.000000424,84.302414,87,49
1970-01-01 00:00:00.000000425,84.29535,87,49
1970-01-01 00:00:00.000000425,82.95442,87,50
1970-01-01 00:00:00.000000426,82.92138,87,50
1970-01-01 00:00:00.000000426,82.75163,87,51
1970-01-01 00:00:00.000000427,82.74279,87,51
1970-01-01 00:00:00.000000427,79.218636,87,52
1970-01-01 00:00:00.000000428,79.12924,87,52
1970-01-01 00:00:00.000000428,79.77767,87,53
1970-01-01 00:00:00.000000429,79.77116,87,53
1970-01-01 00:00:00.000000429,80.27226,87,54
1970-01-01 00:00:00.000000430,80.30282,87,54
1970-01-01 00:00:00.000000430,83.08696,87,55
1970-01-01 00:00:00.000000431,83.26708,87,55
1970-01-01 00:00:00.000000431,84.34502,87,56
1970-01-01 00:00:00.000000432,84.49861,87,56
1970-01-01 00:00:00.000000432,84.372055,87,57
1970-01-01 00:00:00.000000433,84.44356,87,57
1970-01-01 00:00:00.000000433,82.8735,87,58
1970-01-01 00:00:00.000000434,82.85481,87,58
1970-01-01 00:00:00.000000434,81.26135,87,59
1970-01-01 00:00:00.000000435,81.218475,87,59
1970-01-01 00:00:00.000000435,79.777016,87,60
1970-01-01 00:00:00.000000436,79.731926,87,60
1970-01-01 00:00:00.000000436,86.183365,87,61
1970-01-01 00:00:00.000000437,86.53289,87,61
1970-01-01 00:00:00.000000437,88.886024,87,62
1970-01-01 00:00:00.000000438,89.19728,87,62
1970-01-01 00:00:00.000000438,88.32847,87,63
1970-01-01 00:00:00.000000439,88.429634,87,63
1970-01-01 00:00:00.000000439,86.95415,87,64
1970-01-01 00:00:00.000000440,86.94529,87,64
1970-01-01 00:00:00.000000440,84.872284,87,65
1970-01-01 00:00:00.000000441,84.81899,87,65
1970-01-01 00:00:00.000000355,72.896515,88,10
1970-01-01 00:00:00.000000356,72.91473,88,10
1970-01-01 00:00:00.000000356,73.39715,88,11
1970-01-01 00:00:00.000000357,73.43379,88,11
1970-01-01 00:00:00.000000357,73.47142,88,12
1970-01-01 00:00:00.000000358,73.49511,88,12
1970-01-01 00:00:00.000000358,73.64965,88,13
1970-01-01 00:00:00.000000359,73.67319,88,13
1970-01-01 00:00:00.000000359,73.587265,88,14
1970-01-01 00:00:00.000000360,73.59992,88,14
1970-01-01 00:00:00.000000360,73.723976,88,15
1970-01-01 00:00:00.000000361,73.74142,88,15
1970-01-01 00:00:00.000000361,73.52328,88,16
1970-01-01 00:00:00.000000362,73.52791,88,16
1970-01-01 00:00:00.000000362,73.18174,88,17
1970-01-01 00:00:00.000000363,73.176384,88,17
1970-01-01 00:00:00.000000363,72.86526,88,18
1970-01-01 00:00:00.000000364,72.85748,88,18
1970-01-01 00:00:00.000000364,72.89098,88,19
1970-01-01 00:00:00.000000365,72.89601,88,19
1970-01-01 00:00:00.000000365,72.83334,88,20
1970-01-01 00:00:00.000000366,72.8396,88,20
1970-01-01 00:00:00.000000366,72.71658,88,21
1970-01-01 00:00:00.000000367,72.7208,88,21
1970-01-01 00:00:00.000000367,73.27102,88,22
1970-01-01 00:00:00.000000368,73.30459,88,22
1970-01-01 00:00:00.000000368,73.13864,88,23
1970-01-01 00:00:00.000000369,73.15193,88,23
1970-01-01 00:00:00.000000369,73.33598,88,24
1970-01-01 00:00:00.000000370,73.356445,88,24
1970-01-01 00:00:00.000000370,73.41234,88,25
1970-01-01 00:00:00.000000371,73.430046,88,25
1970-01-01 00:00:00.000000371,73.55207,88,26
1970-01-01 00:00:00.000000372,73.57162,88,26
1970-01-01 00:00:00.000000372,73.82543,88,27
1970-01-01 00:00:00.000000373,73.85184,88,27
1970-01-01 00:00:00.000000373,73.85999,88,28
1970-01-01 00:00:00.000000374,73.87805,88,28
1970-01-01 00:00:00.000000374,73.96726,88,29
1970-01-01 00:00:00.000000375,73.985466,88,29
1970-01-01 00:00:00.000000375,73.76077,88,30
1970-01-01 00:00:00.000000376,73.76547,88,30
1970-01-01 00:00:00.000000376,73.567184,88,31
1970-01-01 00:00:00.000000377,73.56779,88,31
1970-01-01 00:00:00.000000377,73.44921,88,32
1970-01-01 00:00:00.000000378,73.451546,88,32
1970-01-01 00:00:00.000000378,73.42427,88,33
1970-01-01 00:00:00.000000379,73.43115,88,33
1970-01-01 00:00:00.000000379,73.26597,88,34
1970-01-01 00:00:00.000000380,73.26904,88,34
1970-01-01 00:00:00.000000380,73.52888,88,35
1970-01-01 00:00:00.000000381,73.54875,88,35
1970-01-01 00:00:00.000000381,73.434525,88,36
1970-01-01 00:00:00.000000382,73.44494,88,36
1970-01-01 00:00:00.000000382,73.7463,88,37
1970-01-01 00:00:00.000000383,73.77137,88,37
1970-01-01 00:00:00.000000383,74.21225,88,38
1970-01-01 00:00:00.000000384,74.25064,88,38
1970-01-01 00:00:00.000000384,74.26944,88,39
1970-01-01 00:00:00.000000385,74.29369,88,39
1970-01-01 00:00:00.000000385,74.37416,88,40
1970-01-01 00:00:00.000000386,74.39539,88,40
1970-01-01 00:00:00.000000386,75.023094,88,41
1970-01-01 00:00:00.000000387,75.069336,88,41
1970-01-01 00:00:00.000000387,75.31998,88,42
1970-01-01 00:00:00.000000388,75.35897,88,42
1970-01-01 00:00:00.000000388,75.71942,88,43
1970-01-01 00:00:00.000000389,75.76058,88,43
1970-01-01 00:00:00.000000389,75.33578,88,44
1970-01-01 00:00:00.000000390,75.34188,88,44
1970-01-01 00:00:00.000000390,75.730865,88,45
1970-01-01 00:00:00.000000391,75.75858,88,45
1970-01-01 00:00:00.000000391,76.09836,88,46
1970-01-01 00:00:00.000000392,76.133484,88,46
1970-01-01 00:00:00.000000392,75.541374,88,47
1970-01-01 00:00:00.000000393,75.538605,88,47
1970-01-01 00:00:00.000000393,75.362434,88,48
1970-01-01 00:00:00.000000394,75.361755,88,48
1970-01-01 00:00:00.000000394,75.47184,88,49
1970-01-01 00:00:00.000000395,75.48363,88,49
1970-01-01 00:00:00.000000395,75.36613,88,50
1970-01-01 00:00:00.000000396,75.37333,88,50
1970-01-01 00:00:00.000000396,75.400024,88,51
1970-01-01 00:00:00.000000397,75.41152,88,51
1970-01-01 00:00:00.000000397,75.192024,88,52
1970-01-01 00:00:00.000000398,75.19495,88,52
1970-01-01 00:00:00.000000398,75.429016,88,53
1970-01-01 00:00:00.000000399,75.44782,88,53
1970-01-01 00:00:00.000000399,75.33397,88,54
1970-01-01 00:00:00.000000400,75.344055,88,54
1970-01-01 00:00:00.000000400,75.30698,88,55
1970-01-01 00:00:00.000000401,75.31671,88,55
1970-01-01 00:00:00.000000401,75.86749,88,56
1970-01-01 00:00:00.000000402,75.903946,88,56
1970-01-01 00:00:00.000000402,75.40114,88,57
1970-01-01 00:00:00.000000403,75.40164,88,57
1970-01-01 00:00:00.000000403,74.60357,88,58
1970-01-01 00:00:00.000000404,74.580215,88,58
1970-01-01 00:00:00.000000404,74.48306,88,59
1970-01-01 00:00:00.000000405,74.47648,88,59
1970-01-01 00:00:00.000000093,100.0,89,10
1970-01-01 00:00:00.000000094,100.0,89,10
1970-01-01 00:00:00.000000094,100.0,89,11
1970-01-01 00:00:00.000000095,100.0,89,11
1970-01-01 00:00:00.000000095,100.0,89,12
1970-01-01 00:00:00.000000096,100.0,89,12
1970-01-01 00:00:00.000000096,100.0,89,13
1970-01-01 00:00:00.000000097,100.0,89,13
1970-01-01 00:00:00.000000101,66.32531,92,10
1970-01-01 00:00:00.000000102,66.364624,92,10
1970-01-01 00:00:00.000000102,66.948364,92,11
1970-01-01 00:00:00.000000103,67.00314,92,11
1970-01-01 00:00:00.000000103,67.07633,92,12
1970-01-01 00:00:00.000000104,67.112144,92,12
1970-01-01 00:00:00.000000104,67.47432,92,13
1970-01-01 00:00:00.000000105,67.516136,92,13
1970-01-01 00:00:00.000000105,67.55853,92,14
1970-01-01 00:00:00.000000106,67.58732,92,14
1970-01-01 00:00:00.000000166,46.00058,93,10
1970-01-01 00:00:00.000000167,45.937798,93,10
1970-01-01 00:00:00.000000167,45.244263,93,11
1970-01-01 00:00:00.000000168,45.204704,93,11
1970-01-01 00:00:00.000000168,43.50521,93,12
1970-01-01 00:00:00.000000169,43.44351,93,12
1970-01-01 00:00:00.000000169,43.22779,93,13
1970-01-01 00:00:00.000000170,43.203693,93,13
1970-01-01 00:00:00.000000170,43.915787,93,14
1970-01-01 00:00:00.000000171,43.944675,93,14
1970-01-01 00:00:00.000000171,44.4064,93,15
1970-01-01 00:00:00.000000172,44.449123,93,15
1970-01-01 00:00:00.000000172,47.70292,93,16
1970-01-01 00:00:00.000000173,47.901493,93,16
1970-01-01 00:00:00.000000173,50.528103,93,17
1970-01-01 00:00:00.000000174,50.765633,93,17
1970-01-01 00:00:00.000000174,52.760735,93,18
1970-01-01 00:00:00.000000175,52.981537,93,18
1970-01-01 00:00:00.000000175,51.010242,93,19
1970-01-01 00:00:00.000000176,51.016994,93,19
1970-01-01 00:00:00.000000176,50.48022,93,20
1970-01-01 00:00:00.000000177,50.468475,93,20
1970-01-01 00:00:00.000000177,70.23109,93,21
1970-01-01 00:00:00.000000178,71.240906,93,21
1970-01-01 00:00:00.000000178,100.0,93,22
1970-01-01 00:00:00.000000179,100.0,93,22
1970-01-01 00:00:00.000000179,100.0,93,23
1970-01-01 00:00:00.000000180,100.0,93,23
1970-01-01 00:00:00.000000180,100.0,93,24
1970-01-01 00:00:00.000000181,100.0,93,24
1970-01-01 00:00:00.000000181,100.0,93,25
1970-01-01 00:00:00.000000182,100.0,93,25
1970-01-01 00:00:00.000000182,100.0,93,26
1970-01-01 00:00:00.000000183,100.0,93,26
1970-01-01 00:00:00.000000114,75.53042,95,10
1970-01-01 00:00:00.000000115,75.51882,95,10
1970-01-01 00:00:00.000000115,75.54792,95,11
1970-01-01 00:00:00.000000116,75.55353,95,11
1970-01-01 00:00:00.000000116,75.760414,95,12
1970-01-01 00:00:00.000000117,75.78125,95,12
1970-01-01 00:00:00.000000117,76.313194,95,13
1970-01-01 00:00:00.000000118,76.35676,95,13
1970-01-01 00:00:00.000000118,76.70782,95,14
1970-01-01 00:00:00.000000119,76.75289,95,14
1970-01-01 00:00:00.000000119,76.98255,95,15
1970-01-01 00:00:00.000000120,77.02226,95,15
1970-01-01 00:00:00.000000120,76.65966,95,16
1970-01-01 00:00:00.000000121,76.66993,95,16
1970-01-01 00:00:00.000000121,77.0259,95,17
1970-01-01 00:00:00.000000122,77.05609,95,17
1970-01-01 00:00:00.000000183,61.742096,96,10
1970-01-01 00:00:00.000000184,61.770134,96,10
1970-01-01 00:00:00.000000184,62.620476,96,11
1970-01-01 00:00:00.000000185,62.683456,96,11
1970-01-01 00:00:00.000000185,63.283443,96,12
1970-01-01 00:00:00.000000186,63.349598,96,12
1970-01-01 00:00:00.000000186,63.8638,96,13
1970-01-01 00:00:00.000000187,63.926914,96,13
1970-01-01 00:00:00.000000187,64.36965,96,14
1970-01-01 00:00:00.000000188,64.42767,96,14
1970-01-01 00:00:00.000000188,65.280426,96,15
1970-01-01 00:00:00.000000189,65.35764,96,15
1970-01-01 00:00:00.000000189,65.31543,96,16
1970-01-01 00:00:00.000000190,65.35492,96,16
1970-01-01 00:00:00.000000190,65.911285,96,17
1970-01-01 00:00:00.000000191,65.9642,96,17
1970-01-01 00:00:00.000000191,65.52028,96,18
1970-01-01 00:00:00.000000192,65.53128,96,18
1970-01-01 00:00:00.000000192,65.22671,96,19
1970-01-01 00:00:00.000000193,65.22792,96,19
1970-01-01 00:00:00.000000193,65.651985,96,20
1970-01-01 00:00:00.000000194,65.68036,96,20
1970-01-01 00:00:00.000000194,65.80866,96,21
1970-01-01 00:00:00.000000195,65.8353,96,21
1970-01-01 00:00:00.000000195,65.69339,96,22
1970-01-01 00:00:00.000000196,65.70715,96,22
1970-01-01 00:00:00.000000196,65.510635,96,23
1970-01-01 00:00:00.000000197,65.51718,96,23
1970-01-01 00:00:00.000000197,65.44967,96,24
1970-01-01 00:00:00.000000198,65.458664,96,24
1970-01-01 00:00:00.000000198,65.68714,96,25
1970-01-01 00:00:00.000000199,65.71011,96,25
1970-01-01 00:00:00.000000199,65.60827,96,26
1970-01-01 00:00:00.000000200,65.62232,96,26
1970-01-01 00:00:00.000000200,65.673615,96,27
1970-01-01 00:00:00.000000201,65.690704,96,27
1970-01-01 00:00:00.000000201,65.19846,96,28
1970-01-01 00:00:00.000000202,65.19485,96,28
1970-01-01 00:00:00.000000202,64.517426,96,29
1970-01-01 00:00:00.000000203,64.50038,96,29
1970-01-01 00:00:00.000000079,100.0,98,10
1970-01-01 00:00:00.000000080,100.0,98,10
1970-01-01 00:00:00.000000080,100.0,98,11
1970-01-01 00:00:00.000000081,100.0,98,11
1970-01-01 00:00:00.000000096,100.0,99,10
1970-01-01 00:00:00.000000097,100.0,99,10
1970-01-01 00:00:00.000000097,100.0,99,11
1970-01-01 00:00:00.000000098,100.0,99,11
1970-01-01 00:00:00.000000098,100.0,99,12
1970-01-01 00:00:00.000000099,100.0,99,12
1970-01-01 00:00:00.000000099,100.0,99,13
1970-01-01 00:00:00.000000100,100.0,99,13
1970-01-01 00:00:00.000000100,100.0,99,14
1970-01-01 00:00:00.000000101,100.0,99,14
1970-01-01 00:00:00.000000340,57.23654,100,10
1970-01-01 00:00:00.000000341,57.263874,100,10
1970-01-01 00:00:00.000000341,57.110153,100,11
1970-01-01 00:00:00.000000342,57.124725,100,11
1970-01-01 00:00:00.000000342,56.97918,100,12
1970-01-01 00:00:00.000000343,56.989193,100,12
1970-01-01 00:00:00.000000343,57.388428,100,13
1970-01-01 00:00:00.000000344,57.420963,100,13
1970-01-01 00:00:00.000000344,57.08477,100,14
1970-01-01 00:00:00.000000345,57.09384,100,14
1970-01-01 00:00:00.000000345,57.606743,100,15
1970-01-01 00:00:00.000000346,57.644466,100,15
1970-01-01 00:00:00.000000346,57.83688,100,16
1970-01-01 00:00:00.000000347,57.871925,100,16
1970-01-01 00:00:00.000000347,57.946037,100,17
1970-01-01 00:00:00.000000348,57.97425,100,17
1970-01-01 00:00:00.000000348,58.170876,100,18
1970-01-01 00:00:00.000000349,58.202053,100,18
1970-01-01 00:00:00.000000349,57.975212,100,19
1970-01-01 00:00:00.000000350,57.988495,100,19
1970-01-01 00:00:00.000000350,59.150394,100,20
1970-01-01 00:00:00.000000351,59.224636,100,20
1970-01-01 00:00:00.000000351,59.55642,100,21
1970-01-01 00:00:00.000000352,59.615265,100,21
1970-01-01 00:00:00.000000352,60.073444,100,22
1970-01-01 00:00:00.000000353,60.13195,100,22
1970-01-01 00:00:00.000000353,60.436768,100,23
1970-01-01 00:00:00.000000354,60.487053,100,23
1970-01-01 00:00:00.000000354,60.737595,100,24
1970-01-01 00:00:00.000000355,60.78135,100,24
1970-01-01 00:00:00.000000355,61.034756,100,25
1970-01-01 00:00:00.000000356,61.07572,100,25
1970-01-01 00:00:00.000000356,61.181374,100,26
1970-01-01 00:00:00.000000357,61.21379,100,26
1970-01-01 00:00:00.000000357,61.60105,100,27
1970-01-01 00:00:00.000000358,61.64362,100,27
1970-01-01 00:00:00.000000358,61.57768,100,28
1970-01-01 00:00:00.000000359,61.602608,100,28
1970-01-01 00:00:00.000000359,61.713646,100,29
1970-01-01 00:00:00.000000360,61.739483,100,29
1970-01-01 00:00:00.000000360,62.29939,100,30
1970-01-01 00:00:00.000000361,62.348007,100,30
1970-01-01 00:00:00.000000361,62.617275,100,31
1970-01-01 00:00:00.000000362,62.661472,100,31
1970-01-01 00:00:00.000000362,63.11611,100,32
1970-01-01 00:00:00.000000363,63.16792,100,32
1970-01-01 00:00:00.000000363,63.784447,100,33
1970-01-01 00:00:00.000000364,63.8484,100,33
1970-01-01 00:00:00.000000364,64.508446,100,34
1970-01-01 00:00:00.000000365,64.580376,100,34
1970-01-01 00:00:00.000000365,64.899,100,35
1970-01-01 00:00:00.000000366,64.9562,100,35
1970-01-01 00:00:00.000000366,65.20644,100,36
1970-01-01 00:00:00.000000367,65.25339,100,36
1970-01-01 00:00:00.000000367,65.912506,100,37
1970-01-01 00:00:00.000000368,65.97637,100,37
1970-01-01 00:00:00.000000368,65.59643,100,38
1970-01-01 00:00:00.000000369,65.61568,100,38
1970-01-01 00:00:00.000000369,66.07766,100,39
1970-01-01 00:00:00.000000370,66.1181,100,39
1970-01-01 00:00:00.000000370,66.06106,100,40
1970-01-01 00:00:00.000000371,66.08564,100,40
1970-01-01 00:00:00.000000371,66.646545,100,41
1970-01-01 00:00:00.000000372,66.69458,100,41
1970-01-01 00:00:00.000000372,66.82915,100,42
1970-01-01 00:00:00.000000373,66.866234,100,42
1970-01-01 00:00:00.000000373,66.589714,100,43
1970-01-01 00:00:00.000000374,66.60331,100,43
1970-01-01 00:00:00.000000374,67.22729,100,44
1970-01-01 00:00:00.000000375,67.27324,100,44
1970-01-01 00:00:00.000000375,67.53542,100,45
1970-01-01 00:00:00.000000376,67.57801,100,45
1970-01-01 00:00:00.000000376,67.35867,100,46
1970-01-01 00:00:00.000000377,67.37686,100,46
1970-01-01 00:00:00.000000377,66.97452,100,47
1970-01-01 00:00:00.000000378,66.976456,100,47
1970-01-01 00:00:00.000000378,66.77518,100,48
1970-01-01 00:00:00.000000379,66.77863,100,48
1970-01-01 00:00:00.000000379,66.174126,100,49
1970-01-01 00:00:00.000000380,66.16424,100,49
1970-01-01 00:00:00.000000380,65.355446,100,50
1970-01-01 00:00:00.000000381,65.33433,100,50
1970-01-01 00:00:00.000000381,65.48298,100,51
1970-01-01 00:00:00.000000382,65.489,100,51
1970-01-01 00:00:00.000000382,67.034325,100,52
1970-01-01 00:00:00.000000383,67.12314,100,52
1970-01-01 00:00:00.000000383,100.0,100,53
1970-01-01 00:00:00.000000384,100.0,100,53
1970-01-01 00:00:00.000000384,100.0,100,54
1970-01-01 00:00:00.000000385,100.0,100,54
1970-01-01 00:00:00.000000385,100.0,100,55
1970-01-01 00:00:00.000000386,100.0,100,55
1970-01-01 00:00:00.000000386,100.0,100,56
1970-01-01 00:00:00.000000387,100.0,100,56
1970-01-01 00:00:00.000000387,100.0,100,57
1970-01-01 00:00:00.000000388,100.0,100,57
1970-01-01 00:00:00.000000142,47.145813,101,10
1970-01-01 00:00:00.000000143,47.270794,101,10
1970-01-01 00:00:00.000000143,48.223892,101,11
1970-01-01 00:00:00.000000144,48.344368,101,11
1970-01-01 00:00:00.000000144,50.648415,101,12
1970-01-01 00:00:00.000000145,50.846382,101,12
1970-01-01 00:00:00.000000145,53.04106,101,13
1970-01-01 00:00:00.000000146,53.27009,101,13
1970-01-01 00:00:00.000000146,54.08594,101,14
1970-01-01 00:00:00.000000147,54.248177,101,14
1970-01-01 00:00:00.000000147,55.199642,101,15
1970-01-01 00:00:00.000000148,55.337677,101,15
1970-01-01 00:00:00.000000148,56.90485,101,16
1970-01-01 00:00:00.000000149,57.067196,101,16
1970-01-01 00:00:00.000000149,57.937088,101,17
1970-01-01 00:00:00.000000150,58.070168,101,17
1970-01-01 00:00:00.000000150,59.18273,101,18
1970-01-01 00:00:00.000000151,59.315807,101,18
1970-01-01 00:00:00.000000151,60.627758,101,19
1970-01-01 00:00:00.000000152,60.77247,101,19
1970-01-01 00:00:00.000000152,60.874825,101,20
1970-01-01 00:00:00.000000153,60.955425,101,20
1970-01-01 00:00:00.000000153,61.170547,101,21
1970-01-01 00:00:00.000000154,61.22787,101,21
1970-01-01 00:00:00.000000154,61.52675,101,22
1970-01-01 00:00:00.000000155,61.57791,101,22
1970-01-01 00:00:00.000000187,70.16541,103,10
1970-01-01 00:00:00.000000188,70.21266,103,10
1970-01-01 00:00:00.000000188,70.77116,103,11
1970-01-01 00:00:00.000000189,70.82469,103,11
1970-01-01 00:00:00.000000189,70.95063,103,12
1970-01-01 00:00:00.000000190,70.98586,103,12
1970-01-01 00:00:00.000000190,71.32542,103,13
1970-01-01 00:00:00.000000191,71.36286,103,13
1970-01-01 00:00:00.000000191,72.1429,103,14
1970-01-01 00:00:00.000000192,72.2031,103,14
1970-01-01 00:00:00.000000192,72.61253,103,15
1970-01-01 00:00:00.000000193,72.664635,103,15
1970-01-01 00:00:00.000000193,72.85603,103,16
1970-01-01 00:00:00.000000194,72.89381,103,16
1970-01-01 00:00:00.000000194,73.773476,103,17
1970-01-01 00:00:00.000000195,73.83878,103,17
1970-01-01 00:00:00.000000195,73.9914,103,18
1970-01-01 00:00:00.000000196,74.0331,103,18
1970-01-01 00:00:00.000000196,74.068245,103,19
1970-01-01 00:00:00.000000197,74.094086,103,19
1970-01-01 00:00:00.000000197,73.66921,103,20
1970-01-01 00:00:00.000000198,73.66872,103,20
1970-01-01 00:00:00.000000198,73.93505,103,21
1970-01-01 00:00:00.000000199,73.95338,103,21
1970-01-01 00:00:00.000000199,74.52007,103,22
1970-01-01 00:00:00.000000200,74.561035,103,22
1970-01-01 00:00:00.000000200,74.83726,103,23
1970-01-01 00:00:00.000000201,74.87429,103,23
1970-01-01 00:00:00.000000201,74.720406,103,24
1970-01-01 00:00:00.000000202,74.735695,103,24
1970-01-01 00:00:00.000000202,75.44335,103,25
1970-01-01 00:00:00.000000203,75.48974,103,25
1970-01-01 00:00:00.000000203,75.3623,103,26
1970-01-01 00:00:00.000000204,75.38273,103,26
1970-01-01 00:00:00.000000204,74.693504,103,27
1970-01-01 00:00:00.000000205,74.68095,103,27
1970-01-01 00:00:00.000000205,75.11215,103,28
1970-01-01 00:00:00.000000206,75.132545,103,28
1970-01-01 00:00:00.000000206,74.6837,103,29
1970-01-01 00:00:00.000000207,74.680504,103,29
1970-01-01 00:00:00.000000207,74.95674,103,30
1970-01-01 00:00:00.000000208,74.97452,103,30
1970-01-01 00:00:00.000000080,100.0,104,10
1970-01-01 00:00:00.000000081,100.0,104,10
1970-01-01 00:00:00.000000081,100.0,104,11
1970-01-01 00:00:00.000000082,100.0,104,11
1970-01-01 00:00:00.000000190,60.572155,105,10
1970-01-01 00:00:00.000000191,60.683605,105,10
1970-01-01 00:00:00.000000191,62.10648,105,11
1970-01-01 00:00:00.000000192,62.24262,105,11
1970-01-01 00:00:00.000000192,64.06806,105,12
1970-01-01 00:00:00.000000193,64.23842,105,12
1970-01-01 00:00:00.000000193,65.20195,105,13
1970-01-01 00:00:00.000000194,65.3401,105,13
1970-01-01 00:00:00.000000194,63.198936,105,14
1970-01-01 00:00:00.000000195,63.17699,105,14
1970-01-01 00:00:00.000000195,64.26686,105,15
1970-01-01 00:00:00.000000196,64.31662,105,15
1970-01-01 00:00:00.000000196,64.00477,105,16
1970-01-01 00:00:00.000000197,64.02112,105,16
1970-01-01 00:00:00.000000197,66.22621,105,17
1970-01-01 00:00:00.000000198,66.35868,105,17
1970-01-01 00:00:00.000000198,65.57113,105,18
1970-01-01 00:00:00.000000199,65.59848,105,18
1970-01-01 00:00:00.000000199,62.978043,105,19
1970-01-01 00:00:00.000000200,62.91458,105,19
1970-01-01 00:00:00.000000200,64.256355,105,20
1970-01-01 00:00:00.000000201,64.29331,105,20
1970-01-01 00:00:00.000000201,64.86042,105,21
1970-01-01 00:00:00.000000202,64.914085,105,21
1970-01-01 00:00:00.000000202,67.20267,105,22
1970-01-01 00:00:00.000000203,67.35889,105,22
1970-01-01 00:00:00.000000203,69.14929,105,23
1970-01-01 00:00:00.000000204,69.32668,105,23
1970-01-01 00:00:00.000000204,67.5586,105,24
1970-01-01 00:00:00.000000205,67.56037,105,24
1970-01-01 00:00:00.000000205,66.17009,105,25
1970-01-01 00:00:00.000000206,66.13392,105,25
1970-01-01 00:00:00.000000206,66.21095,105,26
1970-01-01 00:00:00.000000207,66.20817,105,26
1970-01-01 00:00:00.000000207,65.586586,105,27
1970-01-01 00:00:00.000000208,65.57314,105,27
1970-01-01 00:00:00.000000208,63.382526,105,28
1970-01-01 00:00:00.000000209,63.32004,105,28
1970-01-01 00:00:00.000000209,62.410503,105,29
1970-01-01 00:00:00.000000210,62.367622,105,29
1970-01-01 00:00:00.000000210,58.614975,105,30
1970-01-01 00:00:00.000000211,58.50116,105,30
1970-01-01 00:00:00.000000281,57.68937,106,10
1970-01-01 00:00:00.000000282,57.712753,106,10
1970-01-01 00:00:00.000000282,57.173065,106,11
1970-01-01 00:00:00.000000283,57.16686,106,11
1970-01-01 00:00:00.000000283,57.660473,106,12
1970-01-01 00:00:00.000000284,57.686394,106,12
1970-01-01 00:00:00.000000284,57.105297,106,13
1970-01-01 00:00:00.000000285,57.0985,106,13
1970-01-01 00:00:00.000000285,56.961163,106,14
1970-01-01 00:00:00.000000286,56.959538,106,14
1970-01-01 00:00:00.000000286,56.74886,106,15
1970-01-01 00:00:00.000000287,56.74639,106,15
1970-01-01 00:00:00.000000287,56.772675,106,16
1970-01-01 00:00:00.000000288,56.77954,106,16
1970-01-01 00:00:00.000000288,56.77687,106,17
1970-01-01 00:00:00.000000289,56.786385,106,17
1970-01-01 00:00:00.000000289,57.00472,106,18
1970-01-01 00:00:00.000000290,57.025173,106,18
1970-01-01 00:00:00.000000290,56.50024,106,19
1970-01-01 00:00:00.000000291,56.493828,106,19
1970-01-01 00:00:00.000000291,56.44492,106,20
1970-01-01 00:00:00.000000292,56.447174,106,20
1970-01-01 00:00:00.000000292,55.783398,106,21
1970-01-01 00:00:00.000000293,55.76545,106,21
1970-01-01 00:00:00.000000293,56.087563,106,22
1970-01-01 00:00:00.000000294,56.10053,106,22
1970-01-01 00:00:00.000000294,56.080475,106,23
1970-01-01 00:00:00.000000295,56.091946,106,23
1970-01-01 00:00:00.000000295,55.37894,106,24
1970-01-01 00:00:00.000000296,55.362488,106,24
1970-01-01 00:00:00.000000296,55.282703,106,25
1970-01-01 00:00:00.000000297,55.27967,106,25
1970-01-01 00:00:00.000000297,55.037483,106,26
1970-01-01 00:00:00.000000298,55.033474,106,26
1970-01-01 00:00:00.000000298,54.709045,106,27
1970-01-01 00:00:00.000000299,54.701496,106,27
1970-01-01 00:00:00.000000299,54.61555,106,28
1970-01-01 00:00:00.000000300,54.615963,106,28
1970-01-01 00:00:00.000000300,53.843052,106,29
1970-01-01 00:00:00.000000301,53.82073,106,29
1970-01-01 00:00:00.000000301,53.88478,106,30
1970-01-01 00:00:00.000000302,53.885086,106,30
1970-01-01 00:00:00.000000302,53.709454,106,31
1970-01-01 00:00:00.000000303,53.70946,106,31
1970-01-01 00:00:00.000000303,53.177612,106,32
1970-01-01 00:00:00.000000304,53.16385,106,32
1970-01-01 00:00:00.000000304,53.317173,106,33
1970-01-01 00:00:00.000000305,53.32485,106,33
1970-01-01 00:00:00.000000305,52.683113,106,34
1970-01-01 00:00:00.000000306,52.668102,106,34
1970-01-01 00:00:00.000000306,51.832146,106,35
1970-01-01 00:00:00.000000307,51.80223,106,35
1970-01-01 00:00:00.000000307,52.39734,106,36
1970-01-01 00:00:00.000000308,52.41689,106,36
1970-01-01 00:00:00.000000308,51.820107,106,37
1970-01-01 00:00:00.000000309,51.81099,106,37
1970-01-01 00:00:00.000000309,51.212643,106,38
1970-01-01 00:00:00.000000310,51.193043,106,38
1970-01-01 00:00:00.000000310,51.11912,106,39
1970-01-01 00:00:00.000000311,51.113564,106,39
1970-01-01 00:00:00.000000311,53.220673,106,40
1970-01-01 00:00:00.000000312,53.323036,106,40
1970-01-01 00:00:00.000000312,86.816284,106,41
1970-01-01 00:00:00.000000313,88.44858,106,41
1970-01-01 00:00:00.000000313,100.0,106,42
1970-01-01 00:00:00.000000314,100.0,106,42
1970-01-01 00:00:00.000000314,100.0,106,43
1970-01-01 00:00:00.000000315,100.0,106,43
1970-01-01 00:00:00.000000315,100.0,106,44
1970-01-01 00:00:00.000000316,100.0,106,44
1970-01-01 00:00:00.000000316,100.0,106,45
1970-01-01 00:00:00.000000317,100.0,106,45
1970-01-01 00:00:00.000000317,100.0,106,46
1970-01-01 00:00:00.000000318,100.0,106,46
1970-01-01 00:00:00.000000083,100.0,107,10
1970-01-01 00:00:00.000000084,100.0,107,10
1970-01-01 00:00:00.000000084,100.0,107,11
1970-01-01 00:00:00.000000085,100.0,107,11
1970-01-01 00:00:00.000000213,63.36339,108,10
1970-01-01 00:00:00.000000214,63.345253,108,10
1970-01-01 00:00:00.000000214,63.955936,108,11
1970-01-01 00:00:00.000000215,63.98314,108,11
1970-01-01 00:00:00.000000215,64.40026,108,12
1970-01-01 00:00:00.000000216,64.439896,108,12
1970-01-01 00:00:00.000000216,64.188156,108,13
1970-01-01 00:00:00.000000217,64.20185,108,13
1970-01-01 00:00:00.000000217,63.99235,108,14
1970-01-01 00:00:00.000000218,63.997765,108,14
1970-01-01 00:00:00.000000218,64.146736,108,15
1970-01-01 00:00:00.000000219,64.164,108,15
1970-01-01 00:00:00.000000219,64.65715,108,16
1970-01-01 00:00:00.000000220,64.69602,108,16
1970-01-01 00:00:00.000000220,64.708405,108,17
1970-01-01 00:00:00.000000221,64.73375,108,17
1970-01-01 00:00:00.000000221,65.26174,108,18
1970-01-01 00:00:00.000000222,65.306114,108,18
1970-01-01 00:00:00.000000222,64.529305,108,19
1970-01-01 00:00:00.000000223,64.52392,108,19
1970-01-01 00:00:00.000000223,64.58912,108,20
1970-01-01 00:00:00.000000224,64.59818,108,20
1970-01-01 00:00:00.000000224,65.06644,108,21
1970-01-01 00:00:00.000000225,65.10035,108,21
1970-01-01 00:00:00.000000225,65.576294,108,22
1970-01-01 00:00:00.000000226,65.62207,108,22
1970-01-01 00:00:00.000000226,65.69293,108,23
1970-01-01 00:00:00.000000227,65.72405,108,23
1970-01-01 00:00:00.000000227,66.1268,108,24
1970-01-01 00:00:00.000000228,66.16759,108,24
1970-01-01 00:00:00.000000228,65.501785,108,25
1970-01-01 00:00:00.000000229,65.49929,108,25
1970-01-01 00:00:00.000000229,65.369514,108,26
1970-01-01 00:00:00.000000230,65.37188,108,26
1970-01-01 00:00:00.000000230,66.54671,108,27
1970-01-01 00:00:00.000000231,66.613045,108,27
1970-01-01 00:00:00.000000231,67.25021,108,28
1970-01-01 00:00:00.000000232,67.31928,108,28
1970-01-01 00:00:00.000000232,67.54477,108,29
1970-01-01 00:00:00.000000233,67.593765,108,29
1970-01-01 00:00:00.000000233,68.51858,108,30
1970-01-01 00:00:00.000000234,68.59451,108,30
1970-01-01 00:00:00.000000234,69.08645,108,31
1970-01-01 00:00:00.000000235,69.15228,108,31
1970-01-01 00:00:00.000000235,69.666504,108,32
1970-01-01 00:00:00.000000236,69.72882,108,32
1970-01-01 00:00:00.000000236,70.138466,108,33
1970-01-01 00:00:00.000000237,70.19376,108,33
1970-01-01 00:00:00.000000237,71.01998,108,34
1970-01-01 00:00:00.000000238,71.09356,108,34
1970-01-01 00:00:00.000000083,69.27142,109,10
1970-01-01 00:00:00.000000084,69.271515,109,10
1970-01-01 00:00:00.000000084,67.700775,109,11
1970-01-01 00:00:00.000000085,67.650986,109,11
1970-01-01 00:00:00.000000505,74.2018,110,10
1970-01-01 00:00:00.000000506,74.22225,110,10
1970-01-01 00:00:00.000000506,74.16005,110,11
1970-01-01 00:00:00.000000507,74.17636,110,11
1970-01-01 00:00:00.000000507,74.33009,110,12
1970-01-01 00:00:00.000000508,74.35423,110,12
1970-01-01 00:00:00.000000508,74.30012,110,13
1970-01-01 00:00:00.000000509,74.31817,110,13
1970-01-01 00:00:00.000000509,74.85483,110,14
1970-01-01 00:00:00.000000510,74.8984,110,14
1970-01-01 00:00:00.000000510,75.11827,110,15
1970-01-01 00:00:00.000000511,75.157555,110,15
1970-01-01 00:00:00.000000511,75.35127,110,16
1970-01-01 00:00:00.000000512,75.38728,110,16
1970-01-01 00:00:00.000000512,75.45742,110,17
1970-01-01 00:00:00.000000513,75.485954,110,17
1970-01-01 00:00:00.000000513,76.040146,110,18
1970-01-01 00:00:00.000000514,76.089424,110,18
1970-01-01 00:00:00.000000514,76.128555,110,19
1970-01-01 00:00:00.000000515,76.16122,110,19
1970-01-01 00:00:00.000000515,76.29598,110,20
1970-01-01 00:00:00.000000516,76.32597,110,20
1970-01-01 00:00:00.000000516,76.40184,110,21
1970-01-01 00:00:00.000000517,76.427704,110,21
1970-01-01 00:00:00.000000517,76.94156,110,22
1970-01-01 00:00:00.000000518,76.98694,110,22
1970-01-01 00:00:00.000000518,76.537674,110,23
1970-01-01 00:00:00.000000519,76.54643,110,23
1970-01-01 00:00:00.000000519,76.01542,110,24
1970-01-01 00:00:00.000000520,76.008484,110,24
1970-01-01 00:00:00.000000520,75.06175,110,25
1970-01-01 00:00:00.000000521,75.03622,110,25
1970-01-01 00:00:00.000000521,74.82573,110,26
1970-01-01 00:00:00.000000522,74.81709,110,26
1970-01-01 00:00:00.000000522,74.51719,110,27
1970-01-01 00:00:00.000000523,74.51216,110,27
1970-01-01 00:00:00.000000523,73.86519,110,28
1970-01-01 00:00:00.000000524,73.84985,110,28
1970-01-01 00:00:00.000000524,73.26534,110,29
1970-01-01 00:00:00.000000525,73.24844,110,29
1970-01-01 00:00:00.000000525,73.014565,110,30
1970-01-01 00:00:00.000000526,73.008804,110,30
1970-01-01 00:00:00.000000526,72.656715,110,31
1970-01-01 00:00:00.000000527,72.65125,110,31
1970-01-01 00:00:00.000000527,72.28417,110,32
1970-01-01 00:00:00.000000528,72.27844,110,32
1970-01-01 00:00:00.000000528,72.44043,110,33
1970-01-01 00:00:00.000000529,72.45471,110,33
1970-01-01 00:00:00.000000529,72.83492,110,34
1970-01-01 00:00:00.000000530,72.86841,110,34
1970-01-01 00:00:00.000000530,72.63874,110,35
1970-01-01 00:00:00.000000531,72.65234,110,35
1970-01-01 00:00:00.000000531,72.77215,110,36
1970-01-01 00:00:00.000000532,72.792854,110,36
1970-01-01 00:00:00.000000532,72.02792,110,37
1970-01-01 00:00:00.000000533,72.016914,110,37
1970-01-01 00:00:00.000000533,70.63693,110,38
1970-01-01 00:00:00.000000534,70.59714,110,38
1970-01-01 00:00:00.000000534,70.577446,110,39
1970-01-01 00:00:00.000000535,70.56954,110,39
1970-01-01 00:00:00.000000535,69.68065,110,40
1970-01-01 00:00:00.000000536,69.656654,110,40
1970-01-01 00:00:00.000000536,69.24484,110,41
1970-01-01 00:00:00.000000537,69.23015,110,41
1970-01-01 00:00:00.000000537,68.542305,110,42
1970-01-01 00:00:00.000000538,68.52228,110,42
1970-01-01 00:00:00.000000538,66.96809,110,43
1970-01-01 00:00:00.000000539,66.92061,110,43
1970-01-01 00:00:00.000000539,65.87943,110,44
1970-01-01 00:00:00.000000540,65.83737,110,44
1970-01-01 00:00:00.000000540,64.469215,110,45
1970-01-01 00:00:00.000000541,64.419846,110,45
1970-01-01 00:00:00.000000541,63.560722,110,46
1970-01-01 00:00:00.000000542,63.52351,110,46
1970-01-01 00:00:00.000000542,62.662994,110,47
1970-01-01 00:00:00.000000543,62.63019,110,47
1970-01-01 00:00:00.000000543,62.56925,110,48
1970-01-01 00:00:00.000000544,62.56312,110,48
1970-01-01 00:00:00.000000544,61.39463,110,49
1970-01-01 00:00:00.000000545,61.36369,110,49
1970-01-01 00:00:00.000000545,60.26338,110,50
1970-01-01 00:00:00.000000546,60.22621,110,50
1970-01-01 00:00:00.000000546,59.41036,110,51
1970-01-01 00:00:00.000000547,59.379257,110,51
1970-01-01 00:00:00.000000547,57.58002,110,52
1970-01-01 00:00:00.000000548,57.52347,110,52
1970-01-01 00:00:00.000000548,57.03648,110,53
1970-01-01 00:00:00.000000549,57.007915,110,53
1970-01-01 00:00:00.000000549,55.48997,110,54
1970-01-01 00:00:00.000000550,55.44218,110,54
1970-01-01 00:00:00.000000550,57.4472,110,55
1970-01-01 00:00:00.000000551,57.529163,110,55
1970-01-01 00:00:00.000000551,56.458313,110,56
1970-01-01 00:00:00.000000552,56.456253,110,56
1970-01-01 00:00:00.000000552,55.437927,110,57
1970-01-01 00:00:00.000000553,55.412884,110,57
1970-01-01 00:00:00.000000553,54.76885,110,58
1970-01-01 00:00:00.000000554,54.747265,110,58
1970-01-01 00:00:00.000000554,54.619858,110,59
1970-01-01 00:00:00.000000555,54.616158,110,59
1970-01-01 00:00:00.000000555,54.05674,110,60
1970-01-01 00:00:00.000000556,54.04541,110,60
1970-01-01 00:00:00.000000556,53.75573,110,61
1970-01-01 00:00:00.000000557,53.750595,110,61
1970-01-01 00:00:00.000000557,52.940987,110,62
1970-01-01 00:00:00.000000558,52.921333,110,62
1970-01-01 00:00:00.000000558,52.57837,110,63
1970-01-01 00:00:00.000000559,52.56827,110,63
1970-01-01 00:00:00.000000559,52.141685,110,64
1970-01-01 00:00:00.000000560,52.13253,110,64
1970-01-01 00:00:00.000000560,48.42738,110,65
1970-01-01 00:00:00.000000561,48.327496,110,65
1970-01-01 00:00:00.000000561,50.007153,110,66
1970-01-01 00:00:00.000000562,50.03682,110,66
1970-01-01 00:00:00.000000562,52.031067,110,67
1970-01-01 00:00:00.000000563,52.1605,110,67
1970-01-01 00:00:00.000000563,53.235233,110,68
1970-01-01 00:00:00.000000564,53.361168,110,68
1970-01-01 00:00:00.000000564,52.048462,110,69
1970-01-01 00:00:00.000000565,52.051178,110,69
1970-01-01 00:00:00.000000565,53.652523,110,70
1970-01-01 00:00:00.000000566,53.745228,110,70
1970-01-01 00:00:00.000000566,55.49832,110,71
1970-01-01 00:00:00.000000567,55.64434,110,71
1970-01-01 00:00:00.000000567,57.475952,110,72
1970-01-01 00:00:00.000000568,57.651924,110,72
1970-01-01 00:00:00.000000568,56.634983,110,73
1970-01-01 00:00:00.000000569,56.66874,110,73
1970-01-01 00:00:00.000000569,58.128975,110,74
1970-01-01 00:00:00.000000570,58.22959,110,74
1970-01-01 00:00:00.000000570,48.563488,110,75
1970-01-01 00:00:00.000000571,48.328377,110,75
1970-01-01 00:00:00.000000571,55.09301,110,76
1970-01-01 00:00:00.000000572,55.303436,110,76
1970-01-01 00:00:00.000000572,58.299168,110,77
1970-01-01 00:00:00.000000573,58.56887,110,77
1970-01-01 00:00:00.000000573,66.62157,110,78
1970-01-01 00:00:00.000000574,67.20553,110,78
1970-01-01 00:00:00.000000574,75.66788,110,79
1970-01-01 00:00:00.000000575,76.42289,110,79
1970-01-01 00:00:00.000000575,76.23482,110,80
1970-01-01 00:00:00.000000576,76.582275,110,80
1970-01-01 00:00:00.000000576,100.0,110,81
1970-01-01 00:00:00.000000577,100.0,110,81
1970-01-01 00:00:00.000000577,100.0,110,82
1970-01-01 00:00:00.000000578,100.0,110,82
1970-01-01 00:00:00.000000578,100.0,110,83
1970-01-01 00:00:00.000000579,100.0,110,83
1970-01-01 00:00:00.000000579,100.0,110,84
1970-01-01 00:00:00.000000580,100.0,110,84
1970-01-01 00:00:00.000000580,100.0,110,85
1970-01-01 00:00:00.000000581,100.0,110,85
1970-01-01 00:00:00.000000581,100.0,110,86
1970-01-01 00:00:00.000000582,100.0,110,86
1970-01-01 00:00:00.000000183,76.255104,112,10
1970-01-01 00:00:00.000000184,76.26282,112,10
1970-01-01 00:00:00.000000184,76.61526,112,11
1970-01-01 00:00:00.000000185,76.64443,112,11
1970-01-01 00:00:00.000000185,75.11784,112,12
1970-01-01 00:00:00.000000186,75.08616,112,12
1970-01-01 00:00:00.000000186,69.98633,112,13
1970-01-01 00:00:00.000000187,69.847,112,13
1970-01-01 00:00:00.000000187,63.91284,112,14
1970-01-01 00:00:00.000000188,63.722054,112,14
1970-01-01 00:00:00.000000188,65.321686,112,15
1970-01-01 00:00:00.000000189,65.30106,112,15
1970-01-01 00:00:00.000000189,65.18691,112,16
1970-01-01 00:00:00.000000190,65.185036,112,16
1970-01-01 00:00:00.000000190,65.3305,112,17
1970-01-01 00:00:00.000000191,65.34692,112,17
1970-01-01 00:00:00.000000191,65.70474,112,18
1970-01-01 00:00:00.000000192,65.73966,112,18
1970-01-01 00:00:00.000000192,66.12486,112,19
1970-01-01 00:00:00.000000193,66.16986,112,19
1970-01-01 00:00:00.000000193,66.267365,112,20
1970-01-01 00:00:00.000000194,66.30232,112,20
1970-01-01 00:00:00.000000194,65.567474,112,21
1970-01-01 00:00:00.000000195,65.56453,112,21
1970-01-01 00:00:00.000000195,66.13002,112,22
1970-01-01 00:00:00.000000196,66.16542,112,22
1970-01-01 00:00:00.000000196,66.115395,112,23
1970-01-01 00:00:00.000000197,66.139336,112,23
1970-01-01 00:00:00.000000197,66.35775,112,24
1970-01-01 00:00:00.000000198,66.38944,112,24
1970-01-01 00:00:00.000000198,66.8204,112,25
1970-01-01 00:00:00.000000199,66.866295,112,25
1970-01-01 00:00:00.000000199,67.08501,112,26
1970-01-01 00:00:00.000000200,67.12646,112,26
1970-01-01 00:00:00.000000200,66.90232,112,27
1970-01-01 00:00:00.000000201,66.9209,112,27
1970-01-01 00:00:00.000000201,67.60072,112,28
1970-01-01 00:00:00.000000202,67.65335,112,28
1970-01-01 00:00:00.000000202,67.5946,112,29
1970-01-01 00:00:00.000000203,67.62505,112,29
1970-01-01 00:00:00.000000172,68.69959,113,10
1970-01-01 00:00:00.000000173,68.703964,113,10
1970-01-01 00:00:00.000000173,68.48675,113,11
1970-01-01 00:00:00.000000174,68.49084,113,11
1970-01-01 00:00:00.000000174,68.20258,113,12
1970-01-01 00:00:00.000000175,68.20396,113,12
1970-01-01 00:00:00.000000175,67.72554,113,13
1970-01-01 00:00:00.000000176,67.71934,113,13
1970-01-01 00:00:00.000000176,67.67685,113,14
1970-01-01 00:00:00.000000177,67.683205,113,14
1970-01-01 00:00:00.000000177,67.91665,113,15
1970-01-01 00:00:00.000000178,67.94023,113,15
1970-01-01 00:00:00.000000178,67.06295,113,16
1970-01-01 00:00:00.000000179,67.050835,113,16
1970-01-01 00:00:00.000000179,67.2472,113,17
1970-01-01 00:00:00.000000180,67.26034,113,17
1970-01-01 00:00:00.000000180,66.09646,113,18
1970-01-01 00:00:00.000000181,66.072754,113,18
1970-01-01 00:00:00.000000181,66.24767,113,19
1970-01-01 00:00:00.000000182,66.25439,113,19
1970-01-01 00:00:00.000000182,65.25907,113,20
1970-01-01 00:00:00.000000183,65.23845,113,20
1970-01-01 00:00:00.000000183,65.09374,113,21
1970-01-01 00:00:00.000000184,65.09045,113,21
1970-01-01 00:00:00.000000184,63.949062,113,22
1970-01-01 00:00:00.000000185,63.921635,113,22
1970-01-01 00:00:00.000000185,63.912373,113,23
1970-01-01 00:00:00.000000186,63.910793,113,23
1970-01-01 00:00:00.000000186,64.46623,113,24
1970-01-01 00:00:00.000000187,64.50133,113,24
1970-01-01 00:00:00.000000187,64.6938,113,25
1970-01-01 00:00:00.000000188,64.72857,113,25
1970-01-01 00:00:00.000000188,63.616528,113,26
1970-01-01 00:00:00.000000189,63.60076,113,26
1970-01-01 00:00:00.000000189,63.73929,113,27
1970-01-01 00:00:00.000000190,63.74846,113,27
1970-01-01 00:00:00.000000157,55.066505,114,10
1970-01-01 00:00:00.000000158,55.071754,114,10
1970-01-01 00:00:00.000000158,54.87724,114,11
1970-01-01 00:00:00.000000159,54.87849,114,11
1970-01-01 00:00:00.000000159,54.645138,114,12
1970-01-01 00:00:00.000000160,54.643307,114,12
1970-01-01 00:00:00.000000160,54.714294,114,13
1970-01-01 00:00:00.000000161,54.7237,114,13
1970-01-01 00:00:00.000000161,54.97774,114,14
1970-01-01 00:00:00.000000162,55.00014,114,14
1970-01-01 00:00:00.000000162,54.677853,114,15
1970-01-01 00:00:00.000000163,54.68036,114,15
1970-01-01 00:00:00.000000163,54.850338,114,16
1970-01-01 00:00:00.000000164,54.86521,114,16
1970-01-01 00:00:00.000000164,54.628387,114,17
1970-01-01 00:00:00.000000165,54.62977,114,17
1970-01-01 00:00:00.000000165,57.9599,114,18
1970-01-01 00:00:00.000000166,58.124516,114,18
1970-01-01 00:00:00.000000166,100.0,114,19
1970-01-01 00:00:00.000000167,100.0,114,19
1970-01-01 00:00:00.000000167,100.0,114,20
1970-01-01 00:00:00.000000168,100.0,114,20
1970-01-01 00:00:00.000000168,100.0,114,21
1970-01-01 00:00:00.000000169,100.0,114,21
1970-01-01 00:00:00.000000169,100.0,114,22
1970-01-01 00:00:00.000000170,100.0,114,22
1970-01-01 00:00:00.000000170,100.0,114,23
1970-01-01 00:00:00.000000171,100.0,114,23
1970-01-01 00:00:00.000000171,100.0,114,24
1970-01-01 00:00:00.000000172,100.0,114,24
1970-01-01 00:00:00.000000086,100.0,115,10
1970-01-01 00:00:00.000000087,100.0,115,10
1970-01-01 00:00:00.000000087,100.0,115,11
1970-01-01 00:00:00.000000088,100.0,115,11
1970-01-01 00:00:00.000000088,100.0,115,12
1970-01-01 00:00:00.000000089,100.0,115,12
1970-01-01 00:00:00.000000096,70.38358,117,10
1970-01-01 00:00:00.000000097,70.404884,117,10
1970-01-01 00:00:00.000000097,70.63822,117,11
1970-01-01 00:00:00.000000098,70.66927,117,11
1970-01-01 00:00:00.000000098,70.61482,117,12
1970-01-01 00:00:00.000000099,70.63663,117,12
1970-01-01 00:00:00.000000099,70.88656,117,13
1970-01-01 00:00:00.000000100,70.9185,117,13
1970-01-01 00:00:00.000000082,68.157524,118,10
1970-01-01 00:00:00.000000083,68.41826,118,10
1970-01-01 00:00:00.000000083,70.67519,118,11
1970-01-01 00:00:00.000000084,70.932785,118,11
1970-01-01 00:00:00.000000109,50.747047,121,10
1970-01-01 00:00:00.000000110,50.74021,121,10
1970-01-01 00:00:00.000000110,50.60125,121,11
1970-01-01 00:00:00.000000111,50.6051,121,11
1970-01-01 00:00:00.000000111,50.654457,121,12
1970-01-01 00:00:00.000000112,50.670036,121,12
1970-01-01 00:00:00.000000112,51.759224,121,13
1970-01-01 00:00:00.000000113,51.83347,121,13
1970-01-01 00:00:00.000000113,52.190235,121,14
1970-01-01 00:00:00.000000114,52.2525,121,14
1970-01-01 00:00:00.000000114,53.39311,121,15
1970-01-01 00:00:00.000000115,53.49395,121,15
1970-01-01 00:00:00.000000115,54.651257,121,16
1970-01-01 00:00:00.000000116,54.770805,121,16
1970-01-01 00:00:00.000000165,71.97207,122,10
1970-01-01 00:00:00.000000166,72.07005,122,10
1970-01-01 00:00:00.000000166,68.394135,122,11
1970-01-01 00:00:00.000000167,68.315155,122,11
1970-01-01 00:00:00.000000167,66.65787,122,12
1970-01-01 00:00:00.000000168,66.58543,122,12
1970-01-01 00:00:00.000000168,64.493256,122,13
1970-01-01 00:00:00.000000169,64.41084,122,13
1970-01-01 00:00:00.000000169,67.02776,122,14
1970-01-01 00:00:00.000000170,67.119705,122,14
1970-01-01 00:00:00.000000170,68.11237,122,15
1970-01-01 00:00:00.000000171,68.21385,122,15
1970-01-01 00:00:00.000000171,68.36653,122,16
1970-01-01 00:00:00.000000172,68.427284,122,16
1970-01-01 00:00:00.000000172,66.49281,122,17
1970-01-01 00:00:00.000000173,66.4556,122,17
1970-01-01 00:00:00.000000173,67.19925,122,18
1970-01-01 00:00:00.000000174,67.22291,122,18
1970-01-01 00:00:00.000000174,65.734985,122,19
1970-01-01 00:00:00.000000175,65.70134,122,19
1970-01-01 00:00:00.000000175,63.82355,122,20
1970-01-01 00:00:00.000000176,63.76138,122,20
1970-01-01 00:00:00.000000176,62.6072,122,21
1970-01-01 00:00:00.000000177,62.556557,122,21
1970-01-01 00:00:00.000000177,60.451397,122,22
1970-01-01 00:00:00.000000178,60.378643,122,22
1970-01-01 00:00:00.000000178,61.96927,122,23
1970-01-01 00:00:00.000000179,62.012913,122,23
1970-01-01 00:00:00.000000179,64.09518,122,24
1970-01-01 00:00:00.000000180,64.23554,122,24
1970-01-01 00:00:00.000000180,62.81973,122,25
1970-01-01 00:00:00.000000181,62.8232,122,25
1970-01-01 00:00:00.000000181,60.112103,122,26
1970-01-01 00:00:00.000000182,60.040123,122,26
1970-01-01 00:00:00.000000101,69.48127,123,10
1970-01-01 00:00:00.000000102,69.4968,123,10
1970-01-01 00:00:00.000000102,68.54075,123,11
1970-01-01 00:00:00.000000103,68.5176,123,11
1970-01-01 00:00:00.000000103,67.35364,123,12
1970-01-01 00:00:00.000000104,67.31093,123,12
1970-01-01 00:00:00.000000104,65.300995,123,13
1970-01-01 00:00:00.000000105,65.22439,123,13
1970-01-01 00:00:00.000000105,63.597836,123,14
1970-01-01 00:00:00.000000106,63.52098,123,14
1970-01-01 00:00:00.000000106,65.33473,123,15
1970-01-01 00:00:00.000000107,65.38809,123,15
1970-01-01 00:00:00.000000107,71.52434,124,10
1970-01-01 00:00:00.000000108,72.32167,124,10
1970-01-01 00:00:00.000000108,100.0,124,11
1970-01-01 00:00:00.000000109,100.0,124,11
1970-01-01 00:00:00.000000109,100.0,124,12
1970-01-01 00:00:00.000000110,100.0,124,12
1970-01-01 00:00:00.000000110,100.0,124,13
1970-01-01 00:00:00.000000111,100.0,124,13
1970-01-01 00:00:00.000000111,100.0,124,14
1970-01-01 00:00:00.000000112,100.0,124,14
1970-01-01 00:00:00.000000112,100.0,124,15
1970-01-01 00:00:00.000000113,100.0,124,15
1970-01-01 00:00:00.000000164,56.039,125,10
1970-01-01 00:00:00.000000165,56.054996,125,10
1970-01-01 00:00:00.000000165,55.936928,125,11
1970-01-01 00:00:00.000000166,55.949535,125,11
1970-01-01 00:00:00.000000166,56.26316,125,12
1970-01-01 00:00:00.000000167,56.293556,125,12
1970-01-01 00:00:00.000000167,55.20688,125,13
1970-01-01 00:00:00.000000168,55.190567,125,13
1970-01-01 00:00:00.000000168,56.16868,125,14
1970-01-01 00:00:00.000000169,56.216732,125,14
1970-01-01 00:00:00.000000169,56.052475,125,15
1970-01-01 00:00:00.000000170,56.07573,125,15
1970-01-01 00:00:00.000000170,55.41377,125,16
1970-01-01 00:00:00.000000171,55.408936,125,16
1970-01-01 00:00:00.000000171,55.32406,125,17
1970-01-01 00:00:00.000000172,55.329163,125,17
1970-01-01 00:00:00.000000172,56.237522,125,18
1970-01-01 00:00:00.000000173,56.292877,125,18
1970-01-01 00:00:00.000000173,55.58326,125,19
1970-01-01 00:00:00.000000174,55.584305,125,19
1970-01-01 00:00:00.000000174,73.00408,125,20
1970-01-01 00:00:00.000000175,73.94832,125,20
1970-01-01 00:00:00.000000175,100.0,125,21
1970-01-01 00:00:00.000000176,100.0,125,21
1970-01-01 00:00:00.000000176,100.0,125,22
1970-01-01 00:00:00.000000177,100.0,125,22
1970-01-01 00:00:00.000000177,100.0,125,23
1970-01-01 00:00:00.000000178,100.0,125,23
1970-01-01 00:00:00.000000178,100.0,125,24
1970-01-01 00:00:00.000000179,100.0,125,24
1970-01-01 00:00:00.000000179,100.0,125,25
1970-01-01 00:00:00.000000180,100.0,125,25
1970-01-01 00:00:00.000000208,53.490845,126,10
1970-01-01 00:00:00.000000209,53.4523,126,10
1970-01-01 00:00:00.000000209,53.172123,126,11
1970-01-01 00:00:00.000000210,53.15261,126,11
1970-01-01 00:00:00.000000210,54.95625,126,12
1970-01-01 00:00:00.000000211,55.040863,126,12
1970-01-01 00:00:00.000000211,56.82993,126,13
1970-01-01 00:00:00.000000212,56.964394,126,13
1970-01-01 00:00:00.000000212,58.42816,126,14
1970-01-01 00:00:00.000000213,58.56871,126,14
1970-01-01 00:00:00.000000213,59.64465,126,15
1970-01-01 00:00:00.000000214,59.767757,126,15
1970-01-01 00:00:00.000000214,61.176014,126,16
1970-01-01 00:00:00.000000215,61.308304,126,16
1970-01-01 00:00:00.000000215,62.452923,126,17
1970-01-01 00:00:00.000000216,62.575657,126,17
1970-01-01 00:00:00.000000216,65.9455,126,18
1970-01-01 00:00:00.000000217,66.180145,126,18
1970-01-01 00:00:00.000000217,66.46216,126,19
1970-01-01 00:00:00.000000218,66.58724,126,19
1970-01-01 00:00:00.000000218,68.07324,126,20
1970-01-01 00:00:00.000000219,68.21055,126,20
1970-01-01 00:00:00.000000219,69.21414,126,21
1970-01-01 00:00:00.000000220,69.33195,126,21
1970-01-01 00:00:00.000000220,71.20005,126,22
1970-01-01 00:00:00.000000221,71.353775,126,22
1970-01-01 00:00:00.000000221,72.32364,126,23
1970-01-01 00:00:00.000000222,72.447105,126,23
1970-01-01 00:00:00.000000222,72.92702,126,24
1970-01-01 00:00:00.000000223,73.011314,126,24
1970-01-01 00:00:00.000000223,72.83371,126,25
1970-01-01 00:00:00.000000224,72.86765,126,25
1970-01-01 00:00:00.000000224,72.84449,126,26
1970-01-01 00:00:00.000000225,72.864265,126,26
1970-01-01 00:00:00.000000225,72.537415,126,27
1970-01-01 00:00:00.000000226,72.5386,126,27
1970-01-01 00:00:00.000000226,72.43974,126,28
1970-01-01 00:00:00.000000227,72.443214,126,28
1970-01-01 00:00:00.000000227,73.23598,126,29
1970-01-01 00:00:00.000000228,73.28138,126,29
1970-01-01 00:00:00.000000228,74.29383,126,30
1970-01-01 00:00:00.000000229,74.37021,126,30
1970-01-01 00:00:00.000000229,75.83086,126,31
1970-01-01 00:00:00.000000230,75.94501,126,31
1970-01-01 00:00:00.000000230,75.81604,126,32
1970-01-01 00:00:00.000000231,75.865715,126,32
1970-01-01 00:00:00.000000231,75.8981,126,33
1970-01-01 00:00:00.000000232,75.927605,126,33
1970-01-01 00:00:00.000000188,66.549416,127,10
1970-01-01 00:00:00.000000189,66.553734,127,10
1970-01-01 00:00:00.000000189,66.61834,127,11
1970-01-01 00:00:00.000000190,66.63,127,11
1970-01-01 00:00:00.000000190,67.01456,127,12
1970-01-01 00:00:00.000000191,67.04377,127,12
1970-01-01 00:00:00.000000191,66.94468,127,13
1970-01-01 00:00:00.000000192,66.95912,127,13
1970-01-01 00:00:00.000000192,65.93678,127,14
1970-01-01 00:00:00.000000193,65.909775,127,14
1970-01-01 00:00:00.000000193,65.53938,127,15
1970-01-01 00:00:00.000000194,65.52093,127,15
1970-01-01 00:00:00.000000194,65.37409,127,16
1970-01-01 00:00:00.000000195,65.36743,127,16
1970-01-01 00:00:00.000000195,65.400986,127,17
1970-01-01 00:00:00.000000196,65.40646,127,17
1970-01-01 00:00:00.000000196,64.988976,127,18
1970-01-01 00:00:00.000000197,64.98123,127,18
1970-01-01 00:00:00.000000197,65.056946,127,19
1970-01-01 00:00:00.000000198,65.06377,127,19
1970-01-01 00:00:00.000000198,65.1834,127,20
1970-01-01 00:00:00.000000199,65.19836,127,20
1970-01-01 00:00:00.000000199,65.40728,127,21
1970-01-01 00:00:00.000000200,65.429794,127,21
1970-01-01 00:00:00.000000200,64.585785,127,22
1970-01-01 00:00:00.000000201,64.568306,127,22
1970-01-01 00:00:00.000000201,65.511314,127,23
1970-01-01 00:00:00.000000202,65.553505,127,23
1970-01-01 00:00:00.000000202,63.529266,127,24
1970-01-01 00:00:00.000000203,63.47724,127,24
1970-01-01 00:00:00.000000203,61.688515,127,25
1970-01-01 00:00:00.000000204,61.612766,127,25
1970-01-01 00:00:00.000000204,59.57212,127,26
1970-01-01 00:00:00.000000205,59.47933,127,26
1970-01-01 00:00:00.000000205,57.661438,127,27
1970-01-01 00:00:00.000000206,57.56978,127,27
1970-01-01 00:00:00.000000206,54.792614,127,28
1970-01-01 00:00:00.000000207,54.669952,127,28
1970-01-01 00:00:00.000000207,51.598774,127,29
1970-01-01 00:00:00.000000208,51.455315,127,29
1970-01-01 00:00:00.000000208,47.33683,127,30
1970-01-01 00:00:00.000000209,47.151684,127,30
1970-01-01 00:00:00.000000082,100.0,129,10
1970-01-01 00:00:00.000000083,100.0,129,10
1970-01-01 00:00:00.000000083,100.0,129,11
1970-01-01 00:00:00.000000084,100.0,129,11
