sequence_index,second_chamber_filling,block_idx,fcst_origin
1970-01-01 00:00:00.000000097,79.33865,0,10
1970-01-01 00:00:00.000000098,79.54027,0,10
1970-01-01 00:00:00.000000098,78.36369,0,11
1970-01-01 00:00:00.000000099,78.57022,0,11
1970-01-01 00:00:00.000000099,77.97884,0,12
1970-01-01 00:00:00.000000100,78.191086,0,12
1970-01-01 00:00:00.000000100,77.729034,0,13
1970-01-01 00:00:00.000000101,77.93969,0,13
1970-01-01 00:00:00.000000101,77.30626,0,14
1970-01-01 00:00:00.000000102,77.51776,0,14
1970-01-01 00:00:00.000000081,74.91889,1,10
1970-01-01 00:00:00.000000082,75.14245,1,10
1970-01-01 00:00:00.000000082,74.884384,1,11
1970-01-01 00:00:00.000000083,75.107956,1,11
1970-01-01 00:00:00.000000079,70.1546,4,10
1970-01-01 00:00:00.000000080,70.384895,4,10
1970-01-01 00:00:00.000000080,68.81262,4,11
1970-01-01 00:00:00.000000081,69.047935,4,11
1970-01-01 00:00:00.000000079,75.46004,5,10
1970-01-01 00:00:00.000000080,75.67893,5,10
1970-01-01 00:00:00.000000080,75.46635,5,11
1970-01-01 00:00:00.000000081,75.685585,5,11
1970-01-01 00:00:00.000000119,78.63982,11,10
1970-01-01 00:00:00.000000120,78.85688,11,10
1970-01-01 00:00:00.000000120,78.96044,11,11
1970-01-01 00:00:00.000000121,79.17644,11,11
1970-01-01 00:00:00.000000121,79.32745,11,12
1970-01-01 00:00:00.000000122,79.54254,11,12
1970-01-01 00:00:00.000000122,78.84365,11,13
1970-01-01 00:00:00.000000123,79.05286,11,13
1970-01-01 00:00:00.000000123,78.25425,11,14
1970-01-01 00:00:00.000000124,78.46947,11,14
1970-01-01 00:00:00.000000124,78.230415,11,15
1970-01-01 00:00:00.000000125,78.44825,11,15
1970-01-01 00:00:00.000000125,78.2323,11,16
1970-01-01 00:00:00.000000126,78.44858,11,16
1970-01-01 00:00:00.000000126,78.21817,11,17
1970-01-01 00:00:00.000000127,78.43518,11,17
1970-01-01 00:00:00.000000127,78.05626,11,18
1970-01-01 00:00:00.000000128,78.27205,11,18
1970-01-01 00:00:00.000000113,68.27124,12,10
1970-01-01 00:00:00.000000114,68.524956,12,10
1970-01-01 00:00:00.000000114,68.54944,12,11
1970-01-01 00:00:00.000000115,68.80167,12,11
1970-01-01 00:00:00.000000115,68.50592,12,12
1970-01-01 00:00:00.000000116,68.754814,12,12
1970-01-01 00:00:00.000000116,69.078926,12,13
1970-01-01 00:00:00.000000117,69.33726,12,13
1970-01-01 00:00:00.000000117,69.70672,12,14
1970-01-01 00:00:00.000000118,69.95624,12,14
1970-01-01 00:00:00.000000118,69.754814,12,15
1970-01-01 00:00:00.000000119,70.00123,12,15
1970-01-01 00:00:00.000000119,69.77221,12,16
1970-01-01 00:00:00.000000120,70.020615,12,16
1970-01-01 00:00:00.000000120,69.60876,12,17
1970-01-01 00:00:00.000000121,69.854256,12,17
1970-01-01 00:00:00.000000157,82.21187,13,10
1970-01-01 00:00:00.000000158,82.41066,13,10
1970-01-01 00:00:00.000000158,82.02629,13,11
1970-01-01 00:00:00.000000159,82.226456,13,11
1970-01-01 00:00:00.000000159,81.90797,13,12
1970-01-01 00:00:00.000000160,82.10875,13,12
1970-01-01 00:00:00.000000160,81.808075,13,13
1970-01-01 00:00:00.000000161,82.00952,13,13
1970-01-01 00:00:00.000000161,81.868835,13,14
1970-01-01 00:00:00.000000162,82.07124,13,14
1970-01-01 00:00:00.000000162,81.96677,13,15
1970-01-01 00:00:00.000000163,82.16824,13,15
1970-01-01 00:00:00.000000163,82.11145,13,16
1970-01-01 00:00:00.000000164,82.31325,13,16
1970-01-01 00:00:00.000000164,82.34727,13,17
1970-01-01 00:00:00.000000165,82.54847,13,17
1970-01-01 00:00:00.000000165,82.44455,13,18
1970-01-01 00:00:00.000000166,82.64416,13,18
1970-01-01 00:00:00.000000166,82.47284,13,19
1970-01-01 00:00:00.000000167,82.67273,13,19
1970-01-01 00:00:00.000000167,82.56479,13,20
1970-01-01 00:00:00.000000168,82.76454,13,20
1970-01-01 00:00:00.000000168,82.76196,13,21
1970-01-01 00:00:00.000000169,82.96145,13,21
1970-01-01 00:00:00.000000169,82.862915,13,22
1970-01-01 00:00:00.000000170,83.0609,13,22
1970-01-01 00:00:00.000000170,82.96246,13,23
1970-01-01 00:00:00.000000171,83.160995,13,23
1970-01-01 00:00:00.000000171,83.04072,13,24
1970-01-01 00:00:00.000000172,83.23836,13,24
1970-01-01 00:00:00.000000141,69.03168,15,10
1970-01-01 00:00:00.000000142,69.26594,15,10
1970-01-01 00:00:00.000000142,69.5535,15,11
1970-01-01 00:00:00.000000143,69.792755,15,11
1970-01-01 00:00:00.000000143,69.87637,15,12
1970-01-01 00:00:00.000000144,70.108154,15,12
1970-01-01 00:00:00.000000144,70.78842,15,13
1970-01-01 00:00:00.000000145,71.02932,15,13
1970-01-01 00:00:00.000000145,71.76854,15,14
1970-01-01 00:00:00.000000146,72.000114,15,14
1970-01-01 00:00:00.000000146,72.04214,15,15
1970-01-01 00:00:00.000000147,72.268974,15,15
1970-01-01 00:00:00.000000147,72.110245,15,16
1970-01-01 00:00:00.000000148,72.33768,15,16
1970-01-01 00:00:00.000000148,72.26919,15,17
1970-01-01 00:00:00.000000149,72.49707,15,17
1970-01-01 00:00:00.000000149,72.2012,15,18
1970-01-01 00:00:00.000000150,72.426094,15,18
1970-01-01 00:00:00.000000150,72.09505,15,19
1970-01-01 00:00:00.000000151,72.32216,15,19
1970-01-01 00:00:00.000000151,72.14746,15,20
1970-01-01 00:00:00.000000152,72.37502,15,20
1970-01-01 00:00:00.000000152,72.29343,15,21
1970-01-01 00:00:00.000000153,72.521,15,21
1970-01-01 00:00:00.000000156,81.21156,16,10
1970-01-01 00:00:00.000000157,81.41598,16,10
1970-01-01 00:00:00.000000157,80.599075,16,11
1970-01-01 00:00:00.000000158,80.80461,16,11
1970-01-01 00:00:00.000000158,79.83807,16,12
1970-01-01 00:00:00.000000159,80.045715,16,12
1970-01-01 00:00:00.000000159,79.55385,16,13
1970-01-01 00:00:00.000000160,79.76734,16,13
1970-01-01 00:00:00.000000160,79.75298,16,14
1970-01-01 00:00:00.000000161,79.96664,16,14
1970-01-01 00:00:00.000000161,79.94227,16,15
1970-01-01 00:00:00.000000162,80.15404,16,15
1970-01-01 00:00:00.000000162,80.186165,16,16
1970-01-01 00:00:00.000000163,80.39805,16,16
1970-01-01 00:00:00.000000163,80.17267,16,17
1970-01-01 00:00:00.000000164,80.38168,16,17
1970-01-01 00:00:00.000000164,79.76257,16,18
1970-01-01 00:00:00.000000165,79.97142,16,18
1970-01-01 00:00:00.000000165,79.56732,16,19
1970-01-01 00:00:00.000000166,79.77971,16,19
1970-01-01 00:00:00.000000166,79.41189,16,20
1970-01-01 00:00:00.000000167,79.62323,16,20
1970-01-01 00:00:00.000000167,79.19891,16,21
1970-01-01 00:00:00.000000168,79.41151,16,21
1970-01-01 00:00:00.000000168,78.811615,16,22
1970-01-01 00:00:00.000000169,79.02385,16,22
1970-01-01 00:00:00.000000169,78.26047,16,23
1970-01-01 00:00:00.000000170,78.474915,16,23
1970-01-01 00:00:00.000000170,77.79993,16,24
1970-01-01 00:00:00.000000171,78.01691,16,24
1970-01-01 00:00:00.000000123,66.7198,17,10
1970-01-01 00:00:00.000000124,66.95996,17,10
1970-01-01 00:00:00.000000124,66.780716,17,11
1970-01-01 00:00:00.000000125,67.02138,17,11
1970-01-01 00:00:00.000000125,66.48209,17,12
1970-01-01 00:00:00.000000126,66.718254,17,12
1970-01-01 00:00:00.000000126,66.10779,17,13
1970-01-01 00:00:00.000000127,66.34787,17,13
1970-01-01 00:00:00.000000127,66.39476,17,14
1970-01-01 00:00:00.000000128,66.64137,17,14
1970-01-01 00:00:00.000000128,66.72847,17,15
1970-01-01 00:00:00.000000129,66.96961,17,15
1970-01-01 00:00:00.000000129,66.63049,17,16
1970-01-01 00:00:00.000000130,66.8684,17,16
1970-01-01 00:00:00.000000130,65.76726,17,17
1970-01-01 00:00:00.000000131,65.99957,17,17
1970-01-01 00:00:00.000000131,64.95546,17,18
1970-01-01 00:00:00.000000132,65.19623,17,18
1970-01-01 00:00:00.000000134,85.004715,19,10
1970-01-01 00:00:00.000000135,85.19526,19,10
1970-01-01 00:00:00.000000135,85.006615,19,11
1970-01-01 00:00:00.000000136,85.19784,19,11
1970-01-01 00:00:00.000000136,85.00775,19,12
1970-01-01 00:00:00.000000137,85.19951,19,12
1970-01-01 00:00:00.000000137,85.094,19,13
1970-01-01 00:00:00.000000138,85.28562,19,13
1970-01-01 00:00:00.000000138,85.097496,19,14
1970-01-01 00:00:00.000000139,85.28792,19,14
1970-01-01 00:00:00.000000139,85.04934,19,15
1970-01-01 00:00:00.000000140,85.24003,19,15
1970-01-01 00:00:00.000000140,84.8513,19,16
1970-01-01 00:00:00.000000141,85.04204,19,16
1970-01-01 00:00:00.000000141,84.7648,19,17
1970-01-01 00:00:00.000000142,84.95769,19,17
1970-01-01 00:00:00.000000142,84.948425,19,18
1970-01-01 00:00:00.000000143,85.141426,19,18
1970-01-01 00:00:00.000000143,85.23634,19,19
1970-01-01 00:00:00.000000144,85.42834,19,19
1970-01-01 00:00:00.000000144,85.3639,19,20
1970-01-01 00:00:00.000000145,85.55182,19,20
1970-01-01 00:00:00.000000121,70.74407,20,10
1970-01-01 00:00:00.000000122,70.98728,20,10
1970-01-01 00:00:00.000000122,70.49782,20,11
1970-01-01 00:00:00.000000123,70.74085,20,11
1970-01-01 00:00:00.000000123,70.71986,20,12
1970-01-01 00:00:00.000000124,70.96838,20,12
1970-01-01 00:00:00.000000124,71.50496,20,13
1970-01-01 00:00:00.000000125,71.75417,20,13
1970-01-01 00:00:00.000000125,71.86366,20,14
1970-01-01 00:00:00.000000126,72.104355,20,14
1970-01-01 00:00:00.000000126,71.5498,20,15
1970-01-01 00:00:00.000000127,71.788,20,15
1970-01-01 00:00:00.000000127,71.39254,20,16
1970-01-01 00:00:00.000000128,71.63561,20,16
1970-01-01 00:00:00.000000128,71.3774,20,17
1970-01-01 00:00:00.000000129,71.61938,20,17
1970-01-01 00:00:00.000000129,71.154686,20,18
1970-01-01 00:00:00.000000130,71.39555,20,18
1970-01-01 00:00:00.000000130,72.39617,21,10
1970-01-01 00:00:00.000000131,72.62451,21,10
1970-01-01 00:00:00.000000131,73.506615,21,11
1970-01-01 00:00:00.000000132,73.73219,21,11
1970-01-01 00:00:00.000000132,74.60762,21,12
1970-01-01 00:00:00.000000133,74.82819,21,12
1970-01-01 00:00:00.000000133,75.28795,21,13
1970-01-01 00:00:00.000000134,75.50106,21,13
1970-01-01 00:00:00.000000134,75.156876,21,14
1970-01-01 00:00:00.000000135,75.36504,21,14
1970-01-01 00:00:00.000000135,74.687485,21,15
1970-01-01 00:00:00.000000136,74.89871,21,15
1970-01-01 00:00:00.000000136,74.58952,21,16
1970-01-01 00:00:00.000000137,74.80506,21,16
1970-01-01 00:00:00.000000137,75.23463,21,17
1970-01-01 00:00:00.000000138,75.452835,21,17
1970-01-01 00:00:00.000000138,75.73433,21,18
1970-01-01 00:00:00.000000139,75.94647,21,18
1970-01-01 00:00:00.000000139,75.94309,21,19
1970-01-01 00:00:00.000000140,76.15456,21,19
1970-01-01 00:00:00.000000171,59.44859,22,10
1970-01-01 00:00:00.000000172,59.708237,22,10
1970-01-01 00:00:00.000000172,59.22729,22,11
1970-01-01 00:00:00.000000173,59.487057,22,11
1970-01-01 00:00:00.000000173,58.68582,22,12
1970-01-01 00:00:00.000000174,58.940697,22,12
1970-01-01 00:00:00.000000174,58.270916,22,13
1970-01-01 00:00:00.000000175,58.532536,22,13
1970-01-01 00:00:00.000000175,58.295223,22,14
1970-01-01 00:00:00.000000176,58.5603,22,14
1970-01-01 00:00:00.000000176,58.559566,22,15
1970-01-01 00:00:00.000000177,58.826435,22,15
1970-01-01 00:00:00.000000177,57.289696,22,16
1970-01-01 00:00:00.000000178,57.531452,22,16
1970-01-01 00:00:00.000000178,56.30594,22,17
1970-01-01 00:00:00.000000179,56.57394,22,17
1970-01-01 00:00:00.000000179,56.46163,22,18
1970-01-01 00:00:00.000000180,56.73284,22,18
1970-01-01 00:00:00.000000180,56.5872,22,19
1970-01-01 00:00:00.000000181,56.853546,22,19
1970-01-01 00:00:00.000000181,56.382286,22,20
1970-01-01 00:00:00.000000182,56.646095,22,20
1970-01-01 00:00:00.000000182,56.12589,22,21
1970-01-01 00:00:00.000000183,56.39044,22,21
1970-01-01 00:00:00.000000183,55.739273,22,22
1970-01-01 00:00:00.000000184,56.00185,22,22
1970-01-01 00:00:00.000000184,55.527405,22,23
1970-01-01 00:00:00.000000185,55.79488,22,23
1970-01-01 00:00:00.000000185,55.11851,22,24
1970-01-01 00:00:00.000000186,55.379475,22,24
1970-01-01 00:00:00.000000186,54.62479,22,25
1970-01-01 00:00:00.000000187,54.88998,22,25
1970-01-01 00:00:00.000000187,54.50091,22,26
1970-01-01 00:00:00.000000188,54.77126,22,26
1970-01-01 00:00:00.000000188,54.381077,22,27
1970-01-01 00:00:00.000000189,54.647808,22,27
1970-01-01 00:00:00.000000130,74.827736,23,10
1970-01-01 00:00:00.000000131,75.04889,23,10
1970-01-01 00:00:00.000000131,74.635315,23,11
1970-01-01 00:00:00.000000132,74.855515,23,11
1970-01-01 00:00:00.000000132,74.42554,23,12
1970-01-01 00:00:00.000000133,74.64722,23,12
1970-01-01 00:00:00.000000133,74.53944,23,13
1970-01-01 00:00:00.000000134,74.76435,23,13
1970-01-01 00:00:00.000000134,74.72488,23,14
1970-01-01 00:00:00.000000135,74.9481,23,14
1970-01-01 00:00:00.000000135,74.909515,23,15
1970-01-01 00:00:00.000000136,75.133224,23,15
1970-01-01 00:00:00.000000136,75.19773,23,16
1970-01-01 00:00:00.000000137,75.42127,23,16
1970-01-01 00:00:00.000000137,75.52999,23,17
1970-01-01 00:00:00.000000138,75.75235,23,17
1970-01-01 00:00:00.000000138,75.7666,23,18
1970-01-01 00:00:00.000000139,75.98696,23,18
1970-01-01 00:00:00.000000139,75.82315,23,19
1970-01-01 00:00:00.000000140,76.04203,23,19
1970-01-01 00:00:00.000000140,75.80487,23,20
1970-01-01 00:00:00.000000141,76.02346,23,20
1970-01-01 00:00:00.000000095,63.83219,25,10
1970-01-01 00:00:00.000000096,64.10309,25,10
1970-01-01 00:00:00.000000096,65.31736,25,11
1970-01-01 00:00:00.000000097,65.56906,25,11
1970-01-01 00:00:00.000000097,66.956116,25,12
1970-01-01 00:00:00.000000098,67.21526,25,12
1970-01-01 00:00:00.000000098,64.85707,25,13
1970-01-01 00:00:00.000000099,65.05789,25,13
1970-01-01 00:00:00.000000231,82.5529,26,10
1970-01-01 00:00:00.000000232,82.745804,26,10
1970-01-01 00:00:00.000000232,82.08986,26,11
1970-01-01 00:00:00.000000233,82.284,26,11
1970-01-01 00:00:00.000000233,81.588615,26,12
1970-01-01 00:00:00.000000234,81.78258,26,12
1970-01-01 00:00:00.000000234,81.084465,26,13
1970-01-01 00:00:00.000000235,81.281456,26,13
1970-01-01 00:00:00.000000235,80.563576,26,14
1970-01-01 00:00:00.000000236,80.761986,26,14
1970-01-01 00:00:00.000000236,79.92311,26,15
1970-01-01 00:00:00.000000237,80.12106,26,15
1970-01-01 00:00:00.000000237,79.211525,26,16
1970-01-01 00:00:00.000000238,79.41403,26,16
1970-01-01 00:00:00.000000238,78.67155,26,17
1970-01-01 00:00:00.000000239,78.87709,26,17
1970-01-01 00:00:00.000000239,78.12563,26,18
1970-01-01 00:00:00.000000240,78.331726,26,18
1970-01-01 00:00:00.000000240,77.566765,26,19
1970-01-01 00:00:00.000000241,77.77502,26,19
1970-01-01 00:00:00.000000241,77.03599,26,20
1970-01-01 00:00:00.000000242,77.24597,26,20
1970-01-01 00:00:00.000000242,76.58921,26,21
1970-01-01 00:00:00.000000243,76.80151,26,21
1970-01-01 00:00:00.000000243,76.105576,26,22
1970-01-01 00:00:00.000000244,76.31719,26,22
1970-01-01 00:00:00.000000244,75.705765,26,23
1970-01-01 00:00:00.000000245,75.92283,26,23
1970-01-01 00:00:00.000000245,75.378555,26,24
1970-01-01 00:00:00.000000246,75.59706,26,24
1970-01-01 00:00:00.000000246,74.999405,26,25
1970-01-01 00:00:00.000000247,75.21597,26,25
1970-01-01 00:00:00.000000247,74.93505,26,26
1970-01-01 00:00:00.000000248,75.15541,26,26
1970-01-01 00:00:00.000000248,74.709755,26,27
1970-01-01 00:00:00.000000249,74.92849,26,27
1970-01-01 00:00:00.000000249,75.33758,26,28
1970-01-01 00:00:00.000000250,75.565575,26,28
1970-01-01 00:00:00.000000250,76.93012,26,29
1970-01-01 00:00:00.000000251,77.15387,26,29
1970-01-01 00:00:00.000000251,79.32561,26,30
1970-01-01 00:00:00.000000252,79.54488,26,30
1970-01-01 00:00:00.000000252,80.66262,26,31
1970-01-01 00:00:00.000000253,80.86252,26,31
1970-01-01 00:00:00.000000253,83.461555,26,32
1970-01-01 00:00:00.000000254,83.6704,26,32
1970-01-01 00:00:00.000000254,88.03534,26,33
1970-01-01 00:00:00.000000255,88.22192,26,33
1970-01-01 00:00:00.000000255,88.8537,26,34
1970-01-01 00:00:00.000000256,89.01677,26,34
1970-01-01 00:00:00.000000256,87.85928,26,35
1970-01-01 00:00:00.000000257,88.030304,26,35
1970-01-01 00:00:00.000000257,87.687935,26,36
1970-01-01 00:00:00.000000258,87.86255,26,36
1970-01-01 00:00:00.000000258,87.68815,26,37
1970-01-01 00:00:00.000000259,87.86265,26,37
1970-01-01 00:00:00.000000181,63.652615,29,10
1970-01-01 00:00:00.000000182,63.920418,29,10
1970-01-01 00:00:00.000000182,64.27232,29,11
1970-01-01 00:00:00.000000183,64.52602,29,11
1970-01-01 00:00:00.000000183,64.743996,29,12
1970-01-01 00:00:00.000000184,65.002625,29,12
1970-01-01 00:00:00.000000184,65.31134,29,13
1970-01-01 00:00:00.000000185,65.56543,29,13
1970-01-01 00:00:00.000000185,65.703926,29,14
1970-01-01 00:00:00.000000186,65.95628,29,14
1970-01-01 00:00:00.000000186,66.39499,29,15
1970-01-01 00:00:00.000000187,66.64961,29,15
1970-01-01 00:00:00.000000187,67.91245,29,16
1970-01-01 00:00:00.000000188,68.17064,29,16
1970-01-01 00:00:00.000000188,69.07747,29,17
1970-01-01 00:00:00.000000189,69.32171,29,17
1970-01-01 00:00:00.000000189,67.8606,29,18
1970-01-01 00:00:00.000000190,68.083405,29,18
1970-01-01 00:00:00.000000190,67.09831,29,19
1970-01-01 00:00:00.000000191,67.34619,29,19
1970-01-01 00:00:00.000000191,67.64834,29,20
1970-01-01 00:00:00.000000192,67.89596,29,20
1970-01-01 00:00:00.000000192,68.382576,29,21
1970-01-01 00:00:00.000000193,68.62973,29,21
1970-01-01 00:00:00.000000193,68.60445,29,22
1970-01-01 00:00:00.000000194,68.84329,29,22
1970-01-01 00:00:00.000000194,67.06702,29,23
1970-01-01 00:00:00.000000195,67.29081,29,23
1970-01-01 00:00:00.000000195,67.37517,29,24
1970-01-01 00:00:00.000000196,67.6345,29,24
1970-01-01 00:00:00.000000196,67.60984,29,25
1970-01-01 00:00:00.000000197,67.84776,29,25
1970-01-01 00:00:00.000000197,66.98614,29,26
1970-01-01 00:00:00.000000198,67.2257,29,26
1970-01-01 00:00:00.000000198,67.30421,29,27
1970-01-01 00:00:00.000000199,67.554016,29,27
1970-01-01 00:00:00.000000199,67.1352,29,28
1970-01-01 00:00:00.000000200,67.37031,29,28
1970-01-01 00:00:00.000000200,66.598335,29,29
1970-01-01 00:00:00.000000201,66.84072,29,29
1970-01-01 00:00:00.000000092,36.65256,40,10
1970-01-01 00:00:00.000000093,36.949757,40,10
1970-01-01 00:00:00.000000093,37.054714,40,11
1970-01-01 00:00:00.000000094,37.339214,40,11
1970-01-01 00:00:00.000000094,37.94574,40,12
1970-01-01 00:00:00.000000095,38.25123,40,12
1970-01-01 00:00:00.000000095,38.33372,40,13
1970-01-01 00:00:00.000000096,38.61104,40,13
1970-01-01 00:00:00.000000092,38.18481,42,10
1970-01-01 00:00:00.000000093,38.46681,42,10
1970-01-01 00:00:00.000000093,38.070663,42,11
1970-01-01 00:00:00.000000094,38.36522,42,11
1970-01-01 00:00:00.000000094,37.004753,42,12
1970-01-01 00:00:00.000000095,37.262577,42,12
1970-01-01 00:00:00.000000095,35.052395,42,13
1970-01-01 00:00:00.000000096,35.30662,42,13
1970-01-01 00:00:00.000000156,61.045296,45,10
1970-01-01 00:00:00.000000157,61.317196,45,10
1970-01-01 00:00:00.000000157,61.03373,45,11
1970-01-01 00:00:00.000000158,61.305588,45,11
1970-01-01 00:00:00.000000158,60.946686,45,12
1970-01-01 00:00:00.000000159,61.217136,45,12
1970-01-01 00:00:00.000000159,60.84615,45,13
1970-01-01 00:00:00.000000160,61.11757,45,13
1970-01-01 00:00:00.000000160,60.855648,45,14
1970-01-01 00:00:00.000000161,61.12847,45,14
1970-01-01 00:00:00.000000161,60.914864,45,15
1970-01-01 00:00:00.000000162,61.18697,45,15
1970-01-01 00:00:00.000000162,60.89705,45,16
1970-01-01 00:00:00.000000163,61.16855,45,16
1970-01-01 00:00:00.000000163,60.79301,45,17
1970-01-01 00:00:00.000000164,61.063427,45,17
1970-01-01 00:00:00.000000164,60.973118,45,18
1970-01-01 00:00:00.000000165,61.24848,45,18
1970-01-01 00:00:00.000000165,61.13109,45,19
1970-01-01 00:00:00.000000166,61.402122,45,19
1970-01-01 00:00:00.000000166,60.93201,45,20
1970-01-01 00:00:00.000000167,61.200726,45,20
1970-01-01 00:00:00.000000167,60.7785,45,21
1970-01-01 00:00:00.000000168,61.049778,45,21
1970-01-01 00:00:00.000000168,60.77608,45,22
1970-01-01 00:00:00.000000169,61.048542,45,22
1970-01-01 00:00:00.000000169,60.96781,45,23
1970-01-01 00:00:00.000000170,61.24369,45,23
1970-01-01 00:00:00.000000170,61.075962,45,24
1970-01-01 00:00:00.000000171,61.34783,45,24
1970-01-01 00:00:00.000000116,55.286564,46,10
1970-01-01 00:00:00.000000117,55.557945,46,10
1970-01-01 00:00:00.000000117,55.956234,46,11
1970-01-01 00:00:00.000000118,56.234097,46,11
1970-01-01 00:00:00.000000118,56.640778,46,12
1970-01-01 00:00:00.000000119,56.913784,46,12
1970-01-01 00:00:00.000000119,57.211082,46,13
1970-01-01 00:00:00.000000120,57.481262,46,13
1970-01-01 00:00:00.000000120,58.108368,46,14
1970-01-01 00:00:00.000000121,58.38568,46,14
1970-01-01 00:00:00.000000121,58.782234,46,15
1970-01-01 00:00:00.000000122,59.04776,46,15
1970-01-01 00:00:00.000000122,59.425095,46,16
1970-01-01 00:00:00.000000123,59.696392,46,16
1970-01-01 00:00:00.000000123,60.28043,46,17
1970-01-01 00:00:00.000000124,60.549786,46,17
1970-01-01 00:00:00.000000243,40.94095,53,10
1970-01-01 00:00:00.000000244,41.184853,53,10
1970-01-01 00:00:00.000000244,40.271156,53,11
1970-01-01 00:00:00.000000245,40.562675,53,11
1970-01-01 00:00:00.000000245,40.982944,53,12
1970-01-01 00:00:00.000000246,41.274456,53,12
1970-01-01 00:00:00.000000246,42.21642,53,13
1970-01-01 00:00:00.000000247,42.517727,53,13
1970-01-01 00:00:00.000000247,42.806557,53,14
1970-01-01 00:00:00.000000248,43.08732,53,14
1970-01-01 00:00:00.000000248,41.929314,53,15
1970-01-01 00:00:00.000000249,42.18429,53,15
1970-01-01 00:00:00.000000249,40.774433,53,16
1970-01-01 00:00:00.000000250,41.038193,53,16
1970-01-01 00:00:00.000000250,40.461205,53,17
1970-01-01 00:00:00.000000251,40.741898,53,17
1970-01-01 00:00:00.000000251,40.815914,53,18
1970-01-01 00:00:00.000000252,41.100014,53,18
1970-01-01 00:00:00.000000252,41.243073,53,19
1970-01-01 00:00:00.000000253,41.525135,53,19
1970-01-01 00:00:00.000000253,40.8088,53,20
1970-01-01 00:00:00.000000254,41.06851,53,20
1970-01-01 00:00:00.000000254,39.898098,53,21
1970-01-01 00:00:00.000000255,40.157944,53,21
1970-01-01 00:00:00.000000255,41.36059,53,22
1970-01-01 00:00:00.000000256,41.681206,53,22
1970-01-01 00:00:00.000000256,44.02474,53,23
1970-01-01 00:00:00.000000257,44.33369,53,23
1970-01-01 00:00:00.000000257,45.633026,53,24
1970-01-01 00:00:00.000000258,45.928135,53,24
1970-01-01 00:00:00.000000258,46.8969,53,25
1970-01-01 00:00:00.000000259,47.19635,53,25
1970-01-01 00:00:00.000000259,46.40304,53,26
1970-01-01 00:00:00.000000260,46.66077,53,26
1970-01-01 00:00:00.000000260,44.14464,53,27
1970-01-01 00:00:00.000000261,44.388065,53,27
1970-01-01 00:00:00.000000261,42.83538,53,28
1970-01-01 00:00:00.000000262,43.109825,53,28
1970-01-01 00:00:00.000000262,42.152355,53,29
1970-01-01 00:00:00.000000263,42.42094,53,29
1970-01-01 00:00:00.000000263,41.48059,53,30
1970-01-01 00:00:00.000000264,41.754738,53,30
1970-01-01 00:00:00.000000264,41.674263,53,31
1970-01-01 00:00:00.000000265,41.964306,53,31
1970-01-01 00:00:00.000000265,41.115597,53,32
1970-01-01 00:00:00.000000266,41.373707,53,32
1970-01-01 00:00:00.000000266,39.97742,53,33
1970-01-01 00:00:00.000000267,40.23886,53,33
1970-01-01 00:00:00.000000267,39.31189,53,34
1970-01-01 00:00:00.000000268,39.582787,53,34
1970-01-01 00:00:00.000000268,38.405075,53,35
1970-01-01 00:00:00.000000269,38.660984,53,35
1970-01-01 00:00:00.000000269,37.217022,53,36
1970-01-01 00:00:00.000000270,37.47329,53,36
1970-01-01 00:00:00.000000270,36.38054,53,37
1970-01-01 00:00:00.000000271,36.643883,53,37
1970-01-01 00:00:00.000000271,36.364326,53,38
1970-01-01 00:00:00.000000272,36.64753,53,38
1970-01-01 00:00:00.000000272,36.685543,53,39
1970-01-01 00:00:00.000000273,36.966457,53,39
1970-01-01 00:00:00.000000273,37.79351,53,40
1970-01-01 00:00:00.000000274,38.094604,53,40
1970-01-01 00:00:00.000000097,64.78577,54,10
1970-01-01 00:00:00.000000098,65.04327,54,10
1970-01-01 00:00:00.000000098,65.234276,54,11
1970-01-01 00:00:00.000000099,65.488815,54,11
1970-01-01 00:00:00.000000099,65.73521,54,12
1970-01-01 00:00:00.000000100,65.98967,54,12
1970-01-01 00:00:00.000000100,66.463715,54,13
1970-01-01 00:00:00.000000101,66.71924,54,13
1970-01-01 00:00:00.000000101,67.17673,54,14
1970-01-01 00:00:00.000000102,67.42387,54,14
1970-01-01 00:00:00.000000277,17.264992,60,10
1970-01-01 00:00:00.000000278,17.495039,60,10
1970-01-01 00:00:00.000000278,17.304276,60,11
1970-01-01 00:00:00.000000279,17.55175,60,11
1970-01-01 00:00:00.000000279,18.333956,60,12
1970-01-01 00:00:00.000000280,18.60919,60,12
1970-01-01 00:00:00.000000280,21.723614,60,13
1970-01-01 00:00:00.000000281,22.078526,60,13
1970-01-01 00:00:00.000000281,25.43739,60,14
1970-01-01 00:00:00.000000282,25.776909,60,14
1970-01-01 00:00:00.000000282,28.127872,60,15
1970-01-01 00:00:00.000000283,28.455235,60,15
1970-01-01 00:00:00.000000283,27.809814,60,16
1970-01-01 00:00:00.000000284,28.055847,60,16
1970-01-01 00:00:00.000000284,26.020388,60,17
1970-01-01 00:00:00.000000285,26.269226,60,17
1970-01-01 00:00:00.000000285,24.631123,60,18
1970-01-01 00:00:00.000000286,24.88077,60,18
1970-01-01 00:00:00.000000286,24.095003,60,19
1970-01-01 00:00:00.000000287,24.360338,60,19
1970-01-01 00:00:00.000000287,24.190084,60,20
1970-01-01 00:00:00.000000288,24.460026,60,20
1970-01-01 00:00:00.000000288,23.87806,60,21
1970-01-01 00:00:00.000000289,24.128405,60,21
1970-01-01 00:00:00.000000289,23.653704,60,22
1970-01-01 00:00:00.000000290,23.916317,60,22
1970-01-01 00:00:00.000000290,23.23229,60,23
1970-01-01 00:00:00.000000291,23.475775,60,23
1970-01-01 00:00:00.000000291,22.643715,60,24
1970-01-01 00:00:00.000000292,22.890545,60,24
1970-01-01 00:00:00.000000292,21.716063,60,25
1970-01-01 00:00:00.000000293,21.944492,60,25
1970-01-01 00:00:00.000000293,20.448505,60,26
1970-01-01 00:00:00.000000294,20.670498,60,26
1970-01-01 00:00:00.000000294,19.92938,60,27
1970-01-01 00:00:00.000000295,20.173111,60,27
1970-01-01 00:00:00.000000295,19.503006,60,28
1970-01-01 00:00:00.000000296,19.729092,60,28
1970-01-01 00:00:00.000000296,18.423609,60,29
1970-01-01 00:00:00.000000297,18.63057,60,29
1970-01-01 00:00:00.000000297,17.636646,60,30
1970-01-01 00:00:00.000000298,17.86235,60,30
1970-01-01 00:00:00.000000298,17.406052,60,31
1970-01-01 00:00:00.000000299,17.63756,60,31
1970-01-01 00:00:00.000000299,17.985222,60,32
1970-01-01 00:00:00.000000300,18.242899,60,32
1970-01-01 00:00:00.000000300,18.856197,60,33
1970-01-01 00:00:00.000000301,19.111633,60,33
1970-01-01 00:00:00.000000301,21.648378,60,34
1970-01-01 00:00:00.000000302,21.98658,60,34
1970-01-01 00:00:00.000000302,25.368895,60,35
1970-01-01 00:00:00.000000303,25.704412,60,35
1970-01-01 00:00:00.000000303,27.830284,60,36
1970-01-01 00:00:00.000000304,28.14244,60,36
1970-01-01 00:00:00.000000304,28.817299,60,37
1970-01-01 00:00:00.000000305,29.10597,60,37
1970-01-01 00:00:00.000000305,26.457563,60,38
1970-01-01 00:00:00.000000306,26.654633,60,38
1970-01-01 00:00:00.000000306,24.066338,60,39
1970-01-01 00:00:00.000000307,24.311523,60,39
1970-01-01 00:00:00.000000307,23.0898,60,40
1970-01-01 00:00:00.000000308,23.340528,60,40
1970-01-01 00:00:00.000000308,22.874651,60,41
1970-01-01 00:00:00.000000309,23.141424,60,41
1970-01-01 00:00:00.000000309,23.130535,60,42
1970-01-01 00:00:00.000000310,23.398687,60,42
1970-01-01 00:00:00.000000310,22.036383,60,43
1970-01-01 00:00:00.000000311,22.246214,60,43
1970-01-01 00:00:00.000000311,19.824804,60,44
1970-01-01 00:00:00.000000312,20.02787,60,44
1970-01-01 00:00:00.000000312,18.842003,60,45
1970-01-01 00:00:00.000000313,19.087114,60,45
1970-01-01 00:00:00.000000313,18.327253,60,46
1970-01-01 00:00:00.000000314,18.559221,60,46
1970-01-01 00:00:00.000000102,82.10002,61,10
1970-01-01 00:00:00.000000103,82.29255,61,10
1970-01-01 00:00:00.000000103,82.502754,61,11
1970-01-01 00:00:00.000000104,82.69554,61,11
1970-01-01 00:00:00.000000104,82.774124,61,12
1970-01-01 00:00:00.000000105,82.963234,61,12
1970-01-01 00:00:00.000000105,82.700294,61,13
1970-01-01 00:00:00.000000106,82.88886,61,13
1970-01-01 00:00:00.000000106,82.56232,61,14
1970-01-01 00:00:00.000000107,82.75229,61,14
1970-01-01 00:00:00.000000107,82.603195,61,15
1970-01-01 00:00:00.000000108,82.794914,61,15
1970-01-01 00:00:00.000000125,50.198795,62,10
1970-01-01 00:00:00.000000126,50.497013,62,10
1970-01-01 00:00:00.000000126,49.410683,62,11
1970-01-01 00:00:00.000000127,49.669624,62,11
1970-01-01 00:00:00.000000127,47.487328,62,12
1970-01-01 00:00:00.000000128,47.74874,62,12
1970-01-01 00:00:00.000000128,46.32436,62,13
1970-01-01 00:00:00.000000129,46.59989,62,13
1970-01-01 00:00:00.000000129,45.876198,62,14
1970-01-01 00:00:00.000000130,46.157875,62,14
1970-01-01 00:00:00.000000130,45.422245,62,15
1970-01-01 00:00:00.000000131,45.70028,62,15
1970-01-01 00:00:00.000000131,45.126568,62,16
1970-01-01 00:00:00.000000132,45.41186,62,16
1970-01-01 00:00:00.000000132,45.23092,62,17
1970-01-01 00:00:00.000000133,45.52139,62,17
1970-01-01 00:00:00.000000133,45.62333,62,18
1970-01-01 00:00:00.000000134,45.917294,62,18
1970-01-01 00:00:00.000000134,46.258335,62,19
1970-01-01 00:00:00.000000135,46.554768,62,19
1970-01-01 00:00:00.000000292,54.45905,63,10
1970-01-01 00:00:00.000000293,54.721504,63,10
1970-01-01 00:00:00.000000293,53.648518,63,11
1970-01-01 00:00:00.000000294,53.917732,63,11
1970-01-01 00:00:00.000000294,53.291172,63,12
1970-01-01 00:00:00.000000295,53.56378,63,12
1970-01-01 00:00:00.000000295,53.504158,63,13
1970-01-01 00:00:00.000000296,53.786507,63,13
1970-01-01 00:00:00.000000296,54.413925,63,14
1970-01-01 00:00:00.000000297,54.702988,63,14
1970-01-01 00:00:00.000000297,55.418682,63,15
1970-01-01 00:00:00.000000298,55.705513,63,15
1970-01-01 00:00:00.000000298,56.022026,63,16
1970-01-01 00:00:00.000000299,56.304333,63,16
1970-01-01 00:00:00.000000299,56.475895,63,17
1970-01-01 00:00:00.000000300,56.756325,63,17
1970-01-01 00:00:00.000000300,56.90883,63,18
1970-01-01 00:00:00.000000301,57.187634,63,18
1970-01-01 00:00:00.000000301,56.752113,63,19
1970-01-01 00:00:00.000000302,57.022793,63,19
1970-01-01 00:00:00.000000302,56.635307,63,20
1970-01-01 00:00:00.000000303,56.91724,63,20
1970-01-01 00:00:00.000000303,56.036636,63,21
1970-01-01 00:00:00.000000304,56.3048,63,21
1970-01-01 00:00:00.000000304,54.244263,63,22
1970-01-01 00:00:00.000000305,54.50031,63,22
1970-01-01 00:00:00.000000305,51.706917,63,23
1970-01-01 00:00:00.000000306,51.959972,63,23
1970-01-01 00:00:00.000000306,48.919945,63,24
1970-01-01 00:00:00.000000307,49.171604,63,24
1970-01-01 00:00:00.000000307,45.922573,63,25
1970-01-01 00:00:00.000000308,46.170345,63,25
1970-01-01 00:00:00.000000308,44.174652,63,26
1970-01-01 00:00:00.000000309,44.455345,63,26
1970-01-01 00:00:00.000000309,44.03128,63,27
1970-01-01 00:00:00.000000310,44.32354,63,27
1970-01-01 00:00:00.000000310,44.40844,63,28
1970-01-01 00:00:00.000000311,44.703167,63,28
1970-01-01 00:00:00.000000311,45.02858,63,29
1970-01-01 00:00:00.000000312,45.3284,63,29
1970-01-01 00:00:00.000000312,46.026848,63,30
1970-01-01 00:00:00.000000313,46.329163,63,30
1970-01-01 00:00:00.000000313,47.62936,63,31
1970-01-01 00:00:00.000000314,47.937866,63,31
1970-01-01 00:00:00.000000314,49.42271,63,32
1970-01-01 00:00:00.000000315,49.725594,63,32
1970-01-01 00:00:00.000000315,51.007317,63,33
1970-01-01 00:00:00.000000316,51.306175,63,33
1970-01-01 00:00:00.000000316,52.23256,63,34
1970-01-01 00:00:00.000000317,52.524548,63,34
1970-01-01 00:00:00.000000317,51.328514,63,35
1970-01-01 00:00:00.000000318,51.584187,63,35
1970-01-01 00:00:00.000000318,49.207146,63,36
1970-01-01 00:00:00.000000319,49.464127,63,36
1970-01-01 00:00:00.000000319,46.048992,63,37
1970-01-01 00:00:00.000000320,46.280716,63,37
1970-01-01 00:00:00.000000320,44.035954,63,38
1970-01-01 00:00:00.000000321,44.31165,63,38
1970-01-01 00:00:00.000000321,43.972134,63,39
1970-01-01 00:00:00.000000322,44.264027,63,39
1970-01-01 00:00:00.000000322,44.16837,63,40
1970-01-01 00:00:00.000000323,44.45599,63,40
1970-01-01 00:00:00.000000323,44.50301,63,41
1970-01-01 00:00:00.000000324,44.7947,63,41
1970-01-01 00:00:00.000000324,45.30094,63,42
1970-01-01 00:00:00.000000325,45.598953,63,42
1970-01-01 00:00:00.000000325,46.407017,63,43
1970-01-01 00:00:00.000000326,46.709305,63,43
1970-01-01 00:00:00.000000326,47.2621,63,44
1970-01-01 00:00:00.000000327,47.556713,63,44
1970-01-01 00:00:00.000000327,48.08153,63,45
1970-01-01 00:00:00.000000328,48.379955,63,45
1970-01-01 00:00:00.000000328,49.124283,63,46
1970-01-01 00:00:00.000000329,49.425644,63,46
1970-01-01 00:00:00.000000329,50.41406,63,47
1970-01-01 00:00:00.000000330,50.715416,63,47
1970-01-01 00:00:00.000000330,51.990646,63,48
1970-01-01 00:00:00.000000331,52.29385,63,48
1970-01-01 00:00:00.000000156,41.619007,64,10
1970-01-01 00:00:00.000000157,41.913082,64,10
1970-01-01 00:00:00.000000157,42.224693,64,11
1970-01-01 00:00:00.000000158,42.523384,64,11
1970-01-01 00:00:00.000000158,43.00223,64,12
1970-01-01 00:00:00.000000159,43.304516,64,12
1970-01-01 00:00:00.000000159,44.030945,64,13
1970-01-01 00:00:00.000000160,44.338215,64,13
1970-01-01 00:00:00.000000160,44.95153,64,14
1970-01-01 00:00:00.000000161,45.25254,64,14
1970-01-01 00:00:00.000000161,45.397976,64,15
1970-01-01 00:00:00.000000162,45.69316,64,15
1970-01-01 00:00:00.000000162,45.964554,64,16
1970-01-01 00:00:00.000000163,46.26403,64,16
1970-01-01 00:00:00.000000163,46.122097,64,17
1970-01-01 00:00:00.000000164,46.407803,64,17
1970-01-01 00:00:00.000000164,45.62648,64,18
1970-01-01 00:00:00.000000165,45.90732,64,18
1970-01-01 00:00:00.000000165,45.304783,64,19
1970-01-01 00:00:00.000000166,45.59546,64,19
1970-01-01 00:00:00.000000166,45.218967,64,20
1970-01-01 00:00:00.000000167,45.508213,64,20
1970-01-01 00:00:00.000000167,45.081844,64,21
1970-01-01 00:00:00.000000168,45.369385,64,21
1970-01-01 00:00:00.000000168,45.226627,64,22
1970-01-01 00:00:00.000000169,45.519005,64,22
1970-01-01 00:00:00.000000169,45.70435,64,23
1970-01-01 00:00:00.000000170,46.0006,64,23
1970-01-01 00:00:00.000000170,46.1252,64,24
1970-01-01 00:00:00.000000171,46.419823,64,24
1970-01-01 00:00:00.000000225,23.774237,65,10
1970-01-01 00:00:00.000000226,24.026104,65,10
1970-01-01 00:00:00.000000226,23.835392,65,11
1970-01-01 00:00:00.000000227,24.087946,65,11
1970-01-01 00:00:00.000000227,24.128292,65,12
1970-01-01 00:00:00.000000228,24.38878,65,12
1970-01-01 00:00:00.000000228,24.35119,65,13
1970-01-01 00:00:00.000000229,24.604008,65,13
1970-01-01 00:00:00.000000229,24.6955,65,14
1970-01-01 00:00:00.000000230,24.959639,65,14
1970-01-01 00:00:00.000000230,25.089437,65,15
1970-01-01 00:00:00.000000231,25.349993,65,15
1970-01-01 00:00:00.000000231,25.303759,65,16
1970-01-01 00:00:00.000000232,25.56172,65,16
1970-01-01 00:00:00.000000232,25.763187,65,17
1970-01-01 00:00:00.000000233,26.031668,65,17
1970-01-01 00:00:00.000000233,25.921799,65,18
1970-01-01 00:00:00.000000234,26.173777,65,18
1970-01-01 00:00:00.000000234,25.75462,65,19
1970-01-01 00:00:00.000000235,26.007994,65,19
1970-01-01 00:00:00.000000235,25.71783,65,20
1970-01-01 00:00:00.000000236,25.973879,65,20
1970-01-01 00:00:00.000000236,25.753832,65,21
1970-01-01 00:00:00.000000237,26.009537,65,21
1970-01-01 00:00:00.000000237,25.674026,65,22
1970-01-01 00:00:00.000000238,25.926525,65,22
1970-01-01 00:00:00.000000238,25.60494,65,23
1970-01-01 00:00:00.000000239,25.859547,65,23
1970-01-01 00:00:00.000000239,25.801834,65,24
1970-01-01 00:00:00.000000240,26.064795,65,24
1970-01-01 00:00:00.000000240,25.763721,65,25
1970-01-01 00:00:00.000000241,26.014204,65,25
1970-01-01 00:00:00.000000241,25.716246,65,26
1970-01-01 00:00:00.000000242,25.974371,65,26
1970-01-01 00:00:00.000000242,25.539288,65,27
1970-01-01 00:00:00.000000243,25.78655,65,27
1970-01-01 00:00:00.000000243,25.649752,65,28
1970-01-01 00:00:00.000000244,25.913317,65,28
1970-01-01 00:00:00.000000244,26.01173,65,29
1970-01-01 00:00:00.000000245,26.273075,65,29
1970-01-01 00:00:00.000000245,26.084904,65,30
1970-01-01 00:00:00.000000246,26.336588,65,30
1970-01-01 00:00:00.000000246,25.886734,65,31
1970-01-01 00:00:00.000000247,26.134678,65,31
1970-01-01 00:00:00.000000247,25.539001,65,32
1970-01-01 00:00:00.000000248,25.781086,65,32
1970-01-01 00:00:00.000000248,25.178385,65,33
1970-01-01 00:00:00.000000249,25.421848,65,33
1970-01-01 00:00:00.000000249,25.006878,65,34
1970-01-01 00:00:00.000000250,25.256052,65,34
1970-01-01 00:00:00.000000250,25.245546,65,35
1970-01-01 00:00:00.000000251,25.507494,65,35
1970-01-01 00:00:00.000000251,25.282871,65,36
1970-01-01 00:00:00.000000252,25.529001,65,36
1970-01-01 00:00:00.000000083,79.126656,66,10
1970-01-01 00:00:00.000000084,79.31386,66,10
1970-01-01 00:00:00.000000084,77.87238,66,11
1970-01-01 00:00:00.000000085,78.06754,66,11
1970-01-01 00:00:00.000000124,85.17454,67,10
1970-01-01 00:00:00.000000125,85.34364,67,10
1970-01-01 00:00:00.000000125,84.16287,67,11
1970-01-01 00:00:00.000000126,84.329544,67,11
1970-01-01 00:00:00.000000126,85.77973,67,12
1970-01-01 00:00:00.000000127,85.96156,67,12
1970-01-01 00:00:00.000000127,87.419075,67,13
1970-01-01 00:00:00.000000128,87.58393,67,13
1970-01-01 00:00:00.000000128,87.66922,67,14
1970-01-01 00:00:00.000000129,87.82881,67,14
1970-01-01 00:00:00.000000129,86.95688,67,15
1970-01-01 00:00:00.000000130,87.11692,67,15
1970-01-01 00:00:00.000000130,86.011856,67,16
1970-01-01 00:00:00.000000131,86.17521,67,16
1970-01-01 00:00:00.000000131,85.539604,67,17
1970-01-01 00:00:00.000000132,85.70712,67,17
1970-01-01 00:00:00.000000132,85.68983,67,18
1970-01-01 00:00:00.000000133,85.85885,67,18
1970-01-01 00:00:00.000000176,45.231808,69,10
1970-01-01 00:00:00.000000177,45.550045,69,10
1970-01-01 00:00:00.000000177,47.102623,69,11
1970-01-01 00:00:00.000000178,47.416656,69,11
1970-01-01 00:00:00.000000178,49.04351,69,12
1970-01-01 00:00:00.000000179,49.357124,69,12
1970-01-01 00:00:00.000000179,50.288208,69,13
1970-01-01 00:00:00.000000180,50.584953,69,13
1970-01-01 00:00:00.000000180,49.851974,69,14
1970-01-01 00:00:00.000000181,50.12333,69,14
1970-01-01 00:00:00.000000181,46.386925,69,15
1970-01-01 00:00:00.000000182,46.61142,69,15
1970-01-01 00:00:00.000000182,43.78317,69,16
1970-01-01 00:00:00.000000183,44.06072,69,16
1970-01-01 00:00:00.000000183,42.330967,69,17
1970-01-01 00:00:00.000000184,42.59352,69,17
1970-01-01 00:00:00.000000184,40.65345,69,18
1970-01-01 00:00:00.000000185,40.918537,69,18
1970-01-01 00:00:00.000000185,39.356827,69,19
1970-01-01 00:00:00.000000186,39.623276,69,19
1970-01-01 00:00:00.000000186,37.978542,69,20
1970-01-01 00:00:00.000000187,38.234825,69,20
1970-01-01 00:00:00.000000187,37.41885,69,21
1970-01-01 00:00:00.000000188,37.69937,69,21
1970-01-01 00:00:00.000000188,37.485703,69,22
1970-01-01 00:00:00.000000189,37.76935,69,22
1970-01-01 00:00:00.000000189,39.115192,69,23
1970-01-01 00:00:00.000000190,39.43963,69,23
1970-01-01 00:00:00.000000190,41.742367,69,24
1970-01-01 00:00:00.000000191,42.064934,69,24
1970-01-01 00:00:00.000000191,44.48828,69,25
1970-01-01 00:00:00.000000192,44.815247,69,25
1970-01-01 00:00:00.000000192,46.930195,69,26
1970-01-01 00:00:00.000000193,47.247204,69,26
1970-01-01 00:00:00.000000193,48.46722,69,27
1970-01-01 00:00:00.000000194,48.770664,69,27
1970-01-01 00:00:00.000000194,49.8175,69,28
1970-01-01 00:00:00.000000195,50.122425,69,28
1970-01-01 00:00:00.000000226,59.168095,70,10
1970-01-01 00:00:00.000000227,59.440372,70,10
1970-01-01 00:00:00.000000227,59.151127,70,11
1970-01-01 00:00:00.000000228,59.41221,70,11
1970-01-01 00:00:00.000000228,58.669987,70,12
1970-01-01 00:00:00.000000229,58.930965,70,12
1970-01-01 00:00:00.000000229,58.335873,70,13
1970-01-01 00:00:00.000000230,58.600685,70,13
1970-01-01 00:00:00.000000230,58.306362,70,14
1970-01-01 00:00:00.000000231,58.573837,70,14
1970-01-01 00:00:00.000000231,58.306606,70,15
1970-01-01 00:00:00.000000232,58.57211,70,15
1970-01-01 00:00:00.000000232,58.369316,70,16
1970-01-01 00:00:00.000000233,58.63771,70,16
1970-01-01 00:00:00.000000233,58.058693,70,17
1970-01-01 00:00:00.000000234,58.320267,70,17
1970-01-01 00:00:00.000000234,57.72117,70,18
1970-01-01 00:00:00.000000235,57.98849,70,18
1970-01-01 00:00:00.000000235,57.47077,70,19
1970-01-01 00:00:00.000000236,57.736958,70,19
1970-01-01 00:00:00.000000236,57.649975,70,20
1970-01-01 00:00:00.000000237,57.926178,70,20
1970-01-01 00:00:00.000000237,57.952347,70,21
1970-01-01 00:00:00.000000238,58.223576,70,21
1970-01-01 00:00:00.000000238,58.09853,70,22
1970-01-01 00:00:00.000000239,58.36977,70,22
1970-01-01 00:00:00.000000239,58.148186,70,23
1970-01-01 00:00:00.000000240,58.41805,70,23
1970-01-01 00:00:00.000000240,58.14815,70,24
1970-01-01 00:00:00.000000241,58.418922,70,24
1970-01-01 00:00:00.000000241,58.291817,70,25
1970-01-01 00:00:00.000000242,58.56469,70,25
1970-01-01 00:00:00.000000242,58.576466,70,26
1970-01-01 00:00:00.000000243,58.85031,70,26
1970-01-01 00:00:00.000000243,58.567234,70,27
1970-01-01 00:00:00.000000244,58.834522,70,27
1970-01-01 00:00:00.000000244,58.39522,70,28
1970-01-01 00:00:00.000000245,58.66485,70,28
1970-01-01 00:00:00.000000245,58.32797,70,29
1970-01-01 00:00:00.000000246,58.59944,70,29
1970-01-01 00:00:00.000000246,58.190323,70,30
1970-01-01 00:00:00.000000247,58.46013,70,30
1970-01-01 00:00:00.000000247,58.078323,70,31
1970-01-01 00:00:00.000000248,58.349785,70,31
1970-01-01 00:00:00.000000248,57.9663,70,32
1970-01-01 00:00:00.000000249,58.236923,70,32
1970-01-01 00:00:00.000000249,57.78695,70,33
1970-01-01 00:00:00.000000250,58.05757,70,33
1970-01-01 00:00:00.000000250,57.669422,70,34
1970-01-01 00:00:00.000000251,57.941322,70,34
1970-01-01 00:00:00.000000251,57.632187,70,35
1970-01-01 00:00:00.000000252,57.904514,70,35
1970-01-01 00:00:00.000000252,57.612827,70,36
1970-01-01 00:00:00.000000253,57.885155,70,36
1970-01-01 00:00:00.000000253,57.46888,70,37
1970-01-01 00:00:00.000000254,57.740555,70,37
1970-01-01 00:00:00.000000226,17.001766,71,10
1970-01-01 00:00:00.000000227,17.16588,71,10
1970-01-01 00:00:00.000000227,16.273756,71,11
1970-01-01 00:00:00.000000228,16.450237,71,11
1970-01-01 00:00:00.000000228,16.218521,71,12
1970-01-01 00:00:00.000000229,16.406054,71,12
1970-01-01 00:00:00.000000229,16.425638,71,13
1970-01-01 00:00:00.000000230,16.617401,71,13
1970-01-01 00:00:00.000000230,16.478453,71,14
1970-01-01 00:00:00.000000231,16.651575,71,14
1970-01-01 00:00:00.000000231,16.83704,71,15
1970-01-01 00:00:00.000000232,17.035137,71,15
1970-01-01 00:00:00.000000232,17.419039,71,16
1970-01-01 00:00:00.000000233,17.62497,71,16
1970-01-01 00:00:00.000000233,17.75819,71,17
1970-01-01 00:00:00.000000234,17.953773,71,17
1970-01-01 00:00:00.000000234,17.055687,71,18
1970-01-01 00:00:00.000000235,17.215345,71,18
1970-01-01 00:00:00.000000235,16.54579,71,19
1970-01-01 00:00:00.000000236,16.739761,71,19
1970-01-01 00:00:00.000000236,17.960873,71,20
1970-01-01 00:00:00.000000237,18.208076,71,20
1970-01-01 00:00:00.000000237,16.78769,71,21
1970-01-01 00:00:00.000000238,16.938377,71,21
1970-01-01 00:00:00.000000238,17.29386,71,22
1970-01-01 00:00:00.000000239,17.563662,71,22
1970-01-01 00:00:00.000000239,18.93913,71,23
1970-01-01 00:00:00.000000240,19.178337,71,23
1970-01-01 00:00:00.000000240,19.278328,71,24
1970-01-01 00:00:00.000000241,19.497513,71,24
1970-01-01 00:00:00.000000241,22.194662,71,25
1970-01-01 00:00:00.000000242,22.530066,71,25
1970-01-01 00:00:00.000000242,21.93405,71,26
1970-01-01 00:00:00.000000243,22.094357,71,26
1970-01-01 00:00:00.000000243,22.1813,71,27
1970-01-01 00:00:00.000000244,22.478836,71,27
1970-01-01 00:00:00.000000244,23.444065,71,28
1970-01-01 00:00:00.000000245,23.690298,71,28
1970-01-01 00:00:00.000000245,24.476763,71,29
1970-01-01 00:00:00.000000246,24.758352,71,29
1970-01-01 00:00:00.000000246,25.337229,71,30
1970-01-01 00:00:00.000000247,25.59782,71,30
1970-01-01 00:00:00.000000247,27.314135,71,31
1970-01-01 00:00:00.000000248,27.635092,71,31
1970-01-01 00:00:00.000000248,30.088064,71,32
1970-01-01 00:00:00.000000249,30.405518,71,32
1970-01-01 00:00:00.000000249,34.4149,71,33
1970-01-01 00:00:00.000000250,34.787567,71,33
1970-01-01 00:00:00.000000250,40.76148,71,34
1970-01-01 00:00:00.000000251,41.152508,71,34
1970-01-01 00:00:00.000000251,47.442184,71,35
1970-01-01 00:00:00.000000252,47.81496,71,35
1970-01-01 00:00:00.000000252,51.711567,71,36
1970-01-01 00:00:00.000000253,52.028934,71,36
1970-01-01 00:00:00.000000320,55.78731,72,10
1970-01-01 00:00:00.000000321,56.076504,72,10
1970-01-01 00:00:00.000000321,56.79013,72,11
1970-01-01 00:00:00.000000322,57.080162,72,11
1970-01-01 00:00:00.000000322,57.877285,72,12
1970-01-01 00:00:00.000000323,58.164364,72,12
1970-01-01 00:00:00.000000323,59.143238,72,13
1970-01-01 00:00:00.000000324,59.43204,72,13
1970-01-01 00:00:00.000000324,60.41653,72,14
1970-01-01 00:00:00.000000325,60.700485,72,14
1970-01-01 00:00:00.000000325,61.46969,72,15
1970-01-01 00:00:00.000000326,61.74911,72,15
1970-01-01 00:00:00.000000326,61.007576,72,16
1970-01-01 00:00:00.000000327,61.264168,72,16
1970-01-01 00:00:00.000000327,58.883705,72,17
1970-01-01 00:00:00.000000328,59.13117,72,17
1970-01-01 00:00:00.000000328,57.165524,72,18
1970-01-01 00:00:00.000000329,57.431396,72,18
1970-01-01 00:00:00.000000329,56.43204,72,19
1970-01-01 00:00:00.000000330,56.705894,72,19
1970-01-01 00:00:00.000000330,56.15324,72,20
1970-01-01 00:00:00.000000331,56.43095,72,20
1970-01-01 00:00:00.000000331,56.156208,72,21
1970-01-01 00:00:00.000000332,56.437195,72,21
1970-01-01 00:00:00.000000332,56.553085,72,22
1970-01-01 00:00:00.000000333,56.83925,72,22
1970-01-01 00:00:00.000000333,57.23054,72,23
1970-01-01 00:00:00.000000334,57.516888,72,23
1970-01-01 00:00:00.000000334,57.927483,72,24
1970-01-01 00:00:00.000000335,58.21151,72,24
1970-01-01 00:00:00.000000335,59.123505,72,25
1970-01-01 00:00:00.000000336,59.41285,72,25
1970-01-01 00:00:00.000000336,60.43821,72,26
1970-01-01 00:00:00.000000337,60.721397,72,26
1970-01-01 00:00:00.000000337,61.908966,72,27
1970-01-01 00:00:00.000000338,62.19382,72,27
1970-01-01 00:00:00.000000338,60.53839,72,28
1970-01-01 00:00:00.000000339,60.775173,72,28
1970-01-01 00:00:00.000000339,57.65232,72,29
1970-01-01 00:00:00.000000340,57.904675,72,29
1970-01-01 00:00:00.000000340,56.325565,72,30
1970-01-01 00:00:00.000000341,56.599136,72,30
1970-01-01 00:00:00.000000341,55.94867,72,31
1970-01-01 00:00:00.000000342,56.222794,72,31
1970-01-01 00:00:00.000000342,55.989967,72,32
1970-01-01 00:00:00.000000343,56.27175,72,32
1970-01-01 00:00:00.000000343,56.387062,72,33
1970-01-01 00:00:00.000000344,56.670235,72,33
1970-01-01 00:00:00.000000344,56.5684,72,34
1970-01-01 00:00:00.000000345,56.84623,72,34
1970-01-01 00:00:00.000000345,56.556656,72,35
1970-01-01 00:00:00.000000346,56.834908,72,35
1970-01-01 00:00:00.000000346,56.68938,72,36
1970-01-01 00:00:00.000000347,56.969337,72,36
1970-01-01 00:00:00.000000347,56.603676,72,37
1970-01-01 00:00:00.000000348,56.877148,72,37
1970-01-01 00:00:00.000000348,56.34918,72,38
1970-01-01 00:00:00.000000349,56.629578,72,38
1970-01-01 00:00:00.000000349,56.13069,72,39
1970-01-01 00:00:00.000000350,56.41017,72,39
1970-01-01 00:00:00.000000350,56.77915,72,40
1970-01-01 00:00:00.000000351,57.06907,72,40
1970-01-01 00:00:00.000000351,57.417126,72,41
1970-01-01 00:00:00.000000352,57.696632,72,41
1970-01-01 00:00:00.000000352,55.545567,72,42
1970-01-01 00:00:00.000000353,55.788387,72,42
1970-01-01 00:00:00.000000353,53.170307,72,43
1970-01-01 00:00:00.000000354,53.43316,72,43
1970-01-01 00:00:00.000000354,51.57869,72,44
1970-01-01 00:00:00.000000355,51.84503,72,44
1970-01-01 00:00:00.000000355,50.526524,72,45
1970-01-01 00:00:00.000000356,50.806114,72,45
1970-01-01 00:00:00.000000356,50.94709,72,46
1970-01-01 00:00:00.000000357,51.24837,72,46
1970-01-01 00:00:00.000000357,52.697178,72,47
1970-01-01 00:00:00.000000358,53.02599,72,47
1970-01-01 00:00:00.000000358,54.04581,72,48
1970-01-01 00:00:00.000000359,54.36601,72,48
1970-01-01 00:00:00.000000359,53.40197,72,49
1970-01-01 00:00:00.000000360,53.669018,72,49
1970-01-01 00:00:00.000000360,50.55703,72,50
1970-01-01 00:00:00.000000361,50.801723,72,50
1970-01-01 00:00:00.000000361,51.158962,72,51
1970-01-01 00:00:00.000000362,51.49179,72,51
1970-01-01 00:00:00.000000362,52.77999,72,52
1970-01-01 00:00:00.000000363,53.081783,72,52
1970-01-01 00:00:00.000000363,53.81752,72,53
1970-01-01 00:00:00.000000364,54.120403,72,53
1970-01-01 00:00:00.000000219,66.96838,73,10
1970-01-01 00:00:00.000000220,67.193954,73,10
1970-01-01 00:00:00.000000220,66.50545,73,11
1970-01-01 00:00:00.000000221,66.731064,73,11
1970-01-01 00:00:00.000000221,65.4912,73,12
1970-01-01 00:00:00.000000222,65.7119,73,12
1970-01-01 00:00:00.000000222,65.934456,73,13
1970-01-01 00:00:00.000000223,66.17885,73,13
1970-01-01 00:00:00.000000223,67.122536,73,14
1970-01-01 00:00:00.000000224,67.35714,73,14
1970-01-01 00:00:00.000000224,67.72954,73,15
1970-01-01 00:00:00.000000225,67.957596,73,15
1970-01-01 00:00:00.000000225,67.52133,73,16
1970-01-01 00:00:00.000000226,67.74216,73,16
1970-01-01 00:00:00.000000226,66.03817,73,17
1970-01-01 00:00:00.000000227,66.25123,73,17
1970-01-01 00:00:00.000000227,65.429,73,18
1970-01-01 00:00:00.000000228,65.66022,73,18
1970-01-01 00:00:00.000000228,66.18841,73,19
1970-01-01 00:00:00.000000229,66.42304,73,19
1970-01-01 00:00:00.000000229,66.51662,73,20
1970-01-01 00:00:00.000000230,66.74389,73,20
1970-01-01 00:00:00.000000230,66.2027,73,21
1970-01-01 00:00:00.000000231,66.42426,73,21
1970-01-01 00:00:00.000000231,64.7419,73,22
1970-01-01 00:00:00.000000232,64.95278,73,22
1970-01-01 00:00:00.000000232,63.59417,73,23
1970-01-01 00:00:00.000000233,63.818863,73,23
1970-01-01 00:00:00.000000233,63.50591,73,24
1970-01-01 00:00:00.000000234,63.741684,73,24
1970-01-01 00:00:00.000000234,64.92748,73,25
1970-01-01 00:00:00.000000235,65.17217,73,25
1970-01-01 00:00:00.000000235,66.31311,73,26
1970-01-01 00:00:00.000000236,66.54525,73,26
1970-01-01 00:00:00.000000236,66.75303,73,27
1970-01-01 00:00:00.000000237,66.97889,73,27
1970-01-01 00:00:00.000000237,68.2602,73,28
1970-01-01 00:00:00.000000238,68.498436,73,28
1970-01-01 00:00:00.000000238,70.921036,73,29
1970-01-01 00:00:00.000000239,71.15414,73,29
1970-01-01 00:00:00.000000239,73.45996,73,30
1970-01-01 00:00:00.000000240,73.68349,73,30
1970-01-01 00:00:00.000000240,75.216286,73,31
1970-01-01 00:00:00.000000241,75.426025,73,31
1970-01-01 00:00:00.000000241,75.77791,73,32
1970-01-01 00:00:00.000000242,75.97901,73,32
1970-01-01 00:00:00.000000242,75.09073,73,33
1970-01-01 00:00:00.000000243,75.288475,73,33
1970-01-01 00:00:00.000000243,74.89951,73,34
1970-01-01 00:00:00.000000244,75.10703,73,34
1970-01-01 00:00:00.000000244,76.26663,73,35
1970-01-01 00:00:00.000000245,76.47986,73,35
1970-01-01 00:00:00.000000116,73.93864,74,10
1970-01-01 00:00:00.000000117,74.15361,74,10
1970-01-01 00:00:00.000000117,74.575035,74,11
1970-01-01 00:00:00.000000118,74.78646,74,11
1970-01-01 00:00:00.000000118,75.21496,74,12
1970-01-01 00:00:00.000000119,75.42615,74,12
1970-01-01 00:00:00.000000119,75.89779,74,13
1970-01-01 00:00:00.000000120,76.106415,74,13
1970-01-01 00:00:00.000000120,76.30622,74,14
1970-01-01 00:00:00.000000121,76.51064,74,14
1970-01-01 00:00:00.000000121,77.029526,74,15
1970-01-01 00:00:00.000000122,77.23656,74,15
1970-01-01 00:00:00.000000122,78.0937,74,16
1970-01-01 00:00:00.000000123,78.29739,74,16
1970-01-01 00:00:00.000000123,78.96679,74,17
1970-01-01 00:00:00.000000124,79.16531,74,17
1970-01-01 00:00:00.000000129,67.289,76,10
1970-01-01 00:00:00.000000130,67.5356,76,10
1970-01-01 00:00:00.000000130,67.11293,76,11
1970-01-01 00:00:00.000000131,67.361595,76,11
1970-01-01 00:00:00.000000131,67.257286,76,12
1970-01-01 00:00:00.000000132,67.50872,76,12
1970-01-01 00:00:00.000000132,67.33706,76,13
1970-01-01 00:00:00.000000133,67.58515,76,13
1970-01-01 00:00:00.000000133,67.36043,76,14
1970-01-01 00:00:00.000000134,67.60969,76,14
1970-01-01 00:00:00.000000134,67.404884,76,15
1970-01-01 00:00:00.000000135,67.653496,76,15
1970-01-01 00:00:00.000000135,67.45849,76,16
1970-01-01 00:00:00.000000136,67.70734,76,16
1970-01-01 00:00:00.000000136,67.53434,76,17
1970-01-01 00:00:00.000000137,67.78314,76,17
1970-01-01 00:00:00.000000137,67.64429,76,18
1970-01-01 00:00:00.000000138,67.893005,76,18
1970-01-01 00:00:00.000000138,67.6114,76,19
1970-01-01 00:00:00.000000139,67.85799,76,19
1970-01-01 00:00:00.000000151,55.55404,77,10
1970-01-01 00:00:00.000000152,55.838642,77,10
1970-01-01 00:00:00.000000152,56.58543,77,11
1970-01-01 00:00:00.000000153,56.864376,77,11
1970-01-01 00:00:00.000000153,57.547203,77,12
1970-01-01 00:00:00.000000154,57.82576,77,12
1970-01-01 00:00:00.000000154,58.56882,77,13
1970-01-01 00:00:00.000000155,58.845673,77,13
1970-01-01 00:00:00.000000155,59.590477,77,14
1970-01-01 00:00:00.000000156,59.864914,77,14
1970-01-01 00:00:00.000000156,60.433548,77,15
1970-01-01 00:00:00.000000157,60.70341,77,15
1970-01-01 00:00:00.000000157,61.114883,77,16
1970-01-01 00:00:00.000000158,61.38277,77,16
1970-01-01 00:00:00.000000158,61.696163,77,17
1970-01-01 00:00:00.000000159,61.961426,77,17
1970-01-01 00:00:00.000000159,62.178722,77,18
1970-01-01 00:00:00.000000160,62.441914,77,18
1970-01-01 00:00:00.000000160,62.848293,77,19
1970-01-01 00:00:00.000000161,63.11376,77,19
1970-01-01 00:00:00.000000161,63.706276,77,20
1970-01-01 00:00:00.000000162,63.969883,77,20
1970-01-01 00:00:00.000000162,64.5594,77,21
1970-01-01 00:00:00.000000163,64.820435,77,21
1970-01-01 00:00:00.000000163,65.55002,77,22
1970-01-01 00:00:00.000000164,65.8106,77,22
1970-01-01 00:00:00.000000164,66.536865,77,23
1970-01-01 00:00:00.000000165,66.79317,77,23
1970-01-01 00:00:00.000000098,84.14201,78,10
1970-01-01 00:00:00.000000099,84.46073,78,10
1970-01-01 00:00:00.000000099,97.796,78,11
1970-01-01 00:00:00.000000100,97.90811,78,11
1970-01-01 00:00:00.000000100,99.86934,78,12
1970-01-01 00:00:00.000000101,99.970436,78,12
1970-01-01 00:00:00.000000101,99.86228,78,13
1970-01-01 00:00:00.000000102,99.9635,78,13
1970-01-01 00:00:00.000000102,99.86541,78,14
1970-01-01 00:00:00.000000103,99.966576,78,14
1970-01-01 00:00:00.000000275,61.448524,79,10
1970-01-01 00:00:00.000000276,61.69295,79,10
1970-01-01 00:00:00.000000276,61.16775,79,11
1970-01-01 00:00:00.000000277,61.408966,79,11
1970-01-01 00:00:00.000000277,61.134243,79,12
1970-01-01 00:00:00.000000278,61.37351,79,12
1970-01-01 00:00:00.000000278,61.143097,79,13
1970-01-01 00:00:00.000000279,61.388515,79,13
1970-01-01 00:00:00.000000279,60.92187,79,14
1970-01-01 00:00:00.000000280,61.16353,79,14
1970-01-01 00:00:00.000000280,61.077084,79,15
1970-01-01 00:00:00.000000281,61.327938,79,15
1970-01-01 00:00:00.000000281,61.139053,79,16
1970-01-01 00:00:00.000000282,61.38818,79,16
1970-01-01 00:00:00.000000282,60.998272,79,17
1970-01-01 00:00:00.000000283,61.24573,79,17
1970-01-01 00:00:00.000000283,61.095234,79,18
1970-01-01 00:00:00.000000284,61.343956,79,18
1970-01-01 00:00:00.000000284,60.991333,79,19
1970-01-01 00:00:00.000000285,61.235218,79,19
1970-01-01 00:00:00.000000285,60.77567,79,20
1970-01-01 00:00:00.000000286,61.019627,79,20
1970-01-01 00:00:00.000000286,60.451206,79,21
1970-01-01 00:00:00.000000287,60.69169,79,21
1970-01-01 00:00:00.000000287,59.972248,79,22
1970-01-01 00:00:00.000000288,60.21481,79,22
1970-01-01 00:00:00.000000288,59.392498,79,23
1970-01-01 00:00:00.000000289,59.633545,79,23
1970-01-01 00:00:00.000000289,58.95409,79,24
1970-01-01 00:00:00.000000290,59.19749,79,24
1970-01-01 00:00:00.000000290,58.394073,79,25
1970-01-01 00:00:00.000000291,58.632957,79,25
1970-01-01 00:00:00.000000291,57.943027,79,26
1970-01-01 00:00:00.000000292,58.189037,79,26
1970-01-01 00:00:00.000000292,57.433872,79,27
1970-01-01 00:00:00.000000293,57.675964,79,27
1970-01-01 00:00:00.000000293,56.938908,79,28
1970-01-01 00:00:00.000000294,57.18469,79,28
1970-01-01 00:00:00.000000294,56.51396,79,29
1970-01-01 00:00:00.000000295,56.75893,79,29
1970-01-01 00:00:00.000000295,55.982323,79,30
1970-01-01 00:00:00.000000296,56.227104,79,30
1970-01-01 00:00:00.000000296,55.28007,79,31
1970-01-01 00:00:00.000000297,55.52112,79,31
1970-01-01 00:00:00.000000297,54.5891,79,32
1970-01-01 00:00:00.000000298,54.836407,79,32
1970-01-01 00:00:00.000000298,54.14685,79,33
1970-01-01 00:00:00.000000299,54.398346,79,33
1970-01-01 00:00:00.000000299,53.847748,79,34
1970-01-01 00:00:00.000000300,54.101227,79,34
1970-01-01 00:00:00.000000300,54.522057,79,35
1970-01-01 00:00:00.000000301,54.78922,79,35
1970-01-01 00:00:00.000000301,56.44428,79,36
1970-01-01 00:00:00.000000302,56.71891,79,36
1970-01-01 00:00:00.000000302,59.741486,79,37
1970-01-01 00:00:00.000000303,60.028515,79,37
1970-01-01 00:00:00.000000303,61.52399,79,38
1970-01-01 00:00:00.000000304,61.768887,79,38
1970-01-01 00:00:00.000000304,60.406902,79,39
1970-01-01 00:00:00.000000305,60.62916,79,39
1970-01-01 00:00:00.000000305,59.25085,79,40
1970-01-01 00:00:00.000000306,59.489395,79,40
1970-01-01 00:00:00.000000306,59.01001,79,41
1970-01-01 00:00:00.000000307,59.256035,79,41
1970-01-01 00:00:00.000000307,59.392788,79,42
1970-01-01 00:00:00.000000308,59.644894,79,42
1970-01-01 00:00:00.000000308,59.690075,79,43
1970-01-01 00:00:00.000000309,59.93422,79,43
1970-01-01 00:00:00.000000309,59.204918,79,44
1970-01-01 00:00:00.000000310,59.442135,79,44
1970-01-01 00:00:00.000000310,58.495342,79,45
1970-01-01 00:00:00.000000311,58.732822,79,45
1970-01-01 00:00:00.000000148,54.95429,80,10
1970-01-01 00:00:00.000000149,55.239292,80,10
1970-01-01 00:00:00.000000149,55.15881,80,11
1970-01-01 00:00:00.000000150,55.431244,80,11
1970-01-01 00:00:00.000000150,54.973015,80,12
1970-01-01 00:00:00.000000151,55.247425,80,12
1970-01-01 00:00:00.000000151,54.448486,80,13
1970-01-01 00:00:00.000000152,54.714638,80,13
1970-01-01 00:00:00.000000152,53.99735,80,14
1970-01-01 00:00:00.000000153,54.27039,80,14
1970-01-01 00:00:00.000000153,53.400272,80,15
1970-01-01 00:00:00.000000154,53.66713,80,15
1970-01-01 00:00:00.000000154,52.417233,80,16
1970-01-01 00:00:00.000000155,52.682617,80,16
1970-01-01 00:00:00.000000155,52.311676,80,17
1970-01-01 00:00:00.000000156,52.61173,80,17
1970-01-01 00:00:00.000000156,52.997547,80,18
1970-01-01 00:00:00.000000157,53.273735,80,18
1970-01-01 00:00:00.000000157,72.593025,80,19
1970-01-01 00:00:00.000000158,73.032166,80,19
1970-01-01 00:00:00.000000158,94.82564,80,20
1970-01-01 00:00:00.000000159,94.96003,80,20
1970-01-01 00:00:00.000000159,100.0,80,21
1970-01-01 00:00:00.000000160,100.0,80,21
1970-01-01 00:00:00.000000160,100.0,80,22
1970-01-01 00:00:00.000000161,100.0,80,22
1970-01-01 00:00:00.000000161,100.0,80,23
1970-01-01 00:00:00.000000162,100.0,80,23
1970-01-01 00:00:00.000000125,43.84733,81,10
1970-01-01 00:00:00.000000126,44.148537,81,10
1970-01-01 00:00:00.000000126,44.309532,81,11
1970-01-01 00:00:00.000000127,44.587746,81,11
1970-01-01 00:00:00.000000127,43.193996,81,12
1970-01-01 00:00:00.000000128,43.44911,81,12
1970-01-01 00:00:00.000000128,42.81523,81,13
1970-01-01 00:00:00.000000129,43.108982,81,13
1970-01-01 00:00:00.000000129,43.439133,81,14
1970-01-01 00:00:00.000000130,43.72518,81,14
1970-01-01 00:00:00.000000130,43.405464,81,15
1970-01-01 00:00:00.000000131,43.679886,81,15
1970-01-01 00:00:00.000000131,43.575375,81,16
1970-01-01 00:00:00.000000132,43.862427,81,16
1970-01-01 00:00:00.000000132,43.598503,81,17
1970-01-01 00:00:00.000000133,43.873768,81,17
1970-01-01 00:00:00.000000133,43.632385,81,18
1970-01-01 00:00:00.000000134,43.91552,81,18
1970-01-01 00:00:00.000000134,45.395237,81,19
1970-01-01 00:00:00.000000135,45.714046,81,19
1970-01-01 00:00:00.000000318,50.583027,83,10
1970-01-01 00:00:00.000000319,50.870667,83,10
1970-01-01 00:00:00.000000319,51.011505,83,11
1970-01-01 00:00:00.000000320,51.30116,83,11
1970-01-01 00:00:00.000000320,51.29842,83,12
1970-01-01 00:00:00.000000321,51.583164,83,12
1970-01-01 00:00:00.000000321,51.342815,83,13
1970-01-01 00:00:00.000000322,51.626446,83,13
1970-01-01 00:00:00.000000322,51.460953,83,14
1970-01-01 00:00:00.000000323,51.746876,83,14
1970-01-01 00:00:00.000000323,51.482937,83,15
1970-01-01 00:00:00.000000324,51.763935,83,15
1970-01-01 00:00:00.000000324,51.509254,83,16
1970-01-01 00:00:00.000000325,51.792965,83,16
1970-01-01 00:00:00.000000325,51.76637,83,17
1970-01-01 00:00:00.000000326,52.0522,83,17
1970-01-01 00:00:00.000000326,52.03503,83,18
1970-01-01 00:00:00.000000327,52.31883,83,18
1970-01-01 00:00:00.000000327,52.284214,83,19
1970-01-01 00:00:00.000000328,52.568363,83,19
1970-01-01 00:00:00.000000328,52.53623,83,20
1970-01-01 00:00:00.000000329,52.819756,83,20
1970-01-01 00:00:00.000000329,52.77283,83,21
1970-01-01 00:00:00.000000330,53.056454,83,21
1970-01-01 00:00:00.000000330,52.695663,83,22
1970-01-01 00:00:00.000000331,52.97325,83,22
1970-01-01 00:00:00.000000331,52.28324,83,23
1970-01-01 00:00:00.000000332,52.55891,83,23
1970-01-01 00:00:00.000000332,52.22555,83,24
1970-01-01 00:00:00.000000333,52.510094,83,24
1970-01-01 00:00:00.000000333,52.343227,83,25
1970-01-01 00:00:00.000000334,52.624363,83,25
1970-01-01 00:00:00.000000334,52.08476,83,26
1970-01-01 00:00:00.000000335,52.360424,83,26
1970-01-01 00:00:00.000000335,51.55723,83,27
1970-01-01 00:00:00.000000336,51.831154,83,27
1970-01-01 00:00:00.000000336,51.24949,83,28
1970-01-01 00:00:00.000000337,51.529392,83,28
1970-01-01 00:00:00.000000337,51.35481,83,29
1970-01-01 00:00:00.000000338,51.639866,83,29
1970-01-01 00:00:00.000000338,51.361237,83,30
1970-01-01 00:00:00.000000339,51.64066,83,30
1970-01-01 00:00:00.000000339,51.241394,83,31
1970-01-01 00:00:00.000000340,51.523026,83,31
1970-01-01 00:00:00.000000340,51.338028,83,32
1970-01-01 00:00:00.000000341,51.623608,83,32
1970-01-01 00:00:00.000000341,51.390182,83,33
1970-01-01 00:00:00.000000342,51.671406,83,33
1970-01-01 00:00:00.000000342,51.529778,83,34
1970-01-01 00:00:00.000000343,51.815144,83,34
1970-01-01 00:00:00.000000343,51.755795,83,35
1970-01-01 00:00:00.000000344,52.03943,83,35
1970-01-01 00:00:00.000000344,51.86246,83,36
1970-01-01 00:00:00.000000345,52.144043,83,36
1970-01-01 00:00:00.000000345,51.880306,83,37
1970-01-01 00:00:00.000000346,52.160847,83,37
1970-01-01 00:00:00.000000346,52.081,83,38
1970-01-01 00:00:00.000000347,52.365734,83,38
1970-01-01 00:00:00.000000347,52.088345,83,39
1970-01-01 00:00:00.000000348,52.366043,83,39
1970-01-01 00:00:00.000000348,52.149864,83,40
1970-01-01 00:00:00.000000349,52.43343,83,40
1970-01-01 00:00:00.000000349,52.373486,83,41
1970-01-01 00:00:00.000000350,52.65625,83,41
1970-01-01 00:00:00.000000350,52.644825,83,42
1970-01-01 00:00:00.000000351,52.928394,83,42
1970-01-01 00:00:00.000000351,52.817474,83,43
1970-01-01 00:00:00.000000352,53.09738,83,43
1970-01-01 00:00:00.000000352,53.103973,83,44
1970-01-01 00:00:00.000000353,53.386887,83,44
1970-01-01 00:00:00.000000353,53.303707,83,45
1970-01-01 00:00:00.000000354,53.581898,83,45
1970-01-01 00:00:00.000000354,53.516304,83,46
1970-01-01 00:00:00.000000355,53.797596,83,46
1970-01-01 00:00:00.000000355,53.58821,83,47
1970-01-01 00:00:00.000000356,53.865345,83,47
1970-01-01 00:00:00.000000356,53.60442,83,48
1970-01-01 00:00:00.000000357,53.883877,83,48
1970-01-01 00:00:00.000000357,53.538326,83,49
1970-01-01 00:00:00.000000358,53.81529,83,49
1970-01-01 00:00:00.000000358,53.40647,83,50
1970-01-01 00:00:00.000000359,53.68433,83,50
1970-01-01 00:00:00.000000359,52.933777,83,51
1970-01-01 00:00:00.000000360,53.204567,83,51
1970-01-01 00:00:00.000000360,52.64823,83,52
1970-01-01 00:00:00.000000361,52.92679,83,52
1970-01-01 00:00:00.000000361,52.7574,83,53
1970-01-01 00:00:00.000000362,53.03828,83,53
1970-01-01 00:00:00.000000110,74.66495,84,10
1970-01-01 00:00:00.000000111,74.89739,84,10
1970-01-01 00:00:00.000000111,74.81894,84,11
1970-01-01 00:00:00.000000112,75.05108,84,11
1970-01-01 00:00:00.000000112,74.9475,84,12
1970-01-01 00:00:00.000000113,75.17805,84,12
1970-01-01 00:00:00.000000113,74.931335,84,13
1970-01-01 00:00:00.000000114,75.16051,84,13
1970-01-01 00:00:00.000000114,75.06016,84,14
1970-01-01 00:00:00.000000115,75.29144,84,14
1970-01-01 00:00:00.000000115,75.275024,84,15
1970-01-01 00:00:00.000000116,75.50524,84,15
1970-01-01 00:00:00.000000116,75.33357,84,16
1970-01-01 00:00:00.000000117,75.562065,84,16
1970-01-01 00:00:00.000000118,71.02458,85,10
1970-01-01 00:00:00.000000119,71.26775,85,10
1970-01-01 00:00:00.000000119,70.66605,85,11
1970-01-01 00:00:00.000000120,70.91095,85,11
1970-01-01 00:00:00.000000120,70.517075,85,12
1970-01-01 00:00:00.000000121,70.76428,85,12
1970-01-01 00:00:00.000000121,70.5578,85,13
1970-01-01 00:00:00.000000122,70.807045,85,13
1970-01-01 00:00:00.000000122,70.75184,85,14
1970-01-01 00:00:00.000000123,71.001884,85,14
1970-01-01 00:00:00.000000123,71.09673,85,15
1970-01-01 00:00:00.000000124,71.34703,85,15
1970-01-01 00:00:00.000000124,71.503235,85,16
1970-01-01 00:00:00.000000125,71.75323,85,16
1970-01-01 00:00:00.000000125,71.76407,85,17
1970-01-01 00:00:00.000000126,72.01353,85,17
1970-01-01 00:00:00.000000215,54.39296,86,10
1970-01-01 00:00:00.000000216,54.670547,86,10
1970-01-01 00:00:00.000000216,54.97281,86,11
1970-01-01 00:00:00.000000217,55.246475,86,11
1970-01-01 00:00:00.000000217,54.003384,86,12
1970-01-01 00:00:00.000000218,54.25023,86,12
1970-01-01 00:00:00.000000218,52.73043,86,13
1970-01-01 00:00:00.000000219,52.99083,86,13
1970-01-01 00:00:00.000000219,52.170086,86,14
1970-01-01 00:00:00.000000220,52.4365,86,14
1970-01-01 00:00:00.000000220,51.616737,86,15
1970-01-01 00:00:00.000000221,51.880272,86,15
1970-01-01 00:00:00.000000221,51.143253,86,16
1970-01-01 00:00:00.000000222,51.41221,86,16
1970-01-01 00:00:00.000000222,49.987755,86,17
1970-01-01 00:00:00.000000223,50.24074,86,17
1970-01-01 00:00:00.000000223,49.88105,86,18
1970-01-01 00:00:00.000000224,50.168324,86,18
1970-01-01 00:00:00.000000224,50.66874,86,19
1970-01-01 00:00:00.000000225,50.95202,86,19
1970-01-01 00:00:00.000000225,51.372807,86,20
1970-01-01 00:00:00.000000226,51.65538,86,20
1970-01-01 00:00:00.000000226,51.887135,86,21
1970-01-01 00:00:00.000000227,52.164303,86,21
1970-01-01 00:00:00.000000227,51.63315,86,22
1970-01-01 00:00:00.000000228,51.896416,86,22
1970-01-01 00:00:00.000000228,50.16282,86,23
1970-01-01 00:00:00.000000229,50.410824,86,23
1970-01-01 00:00:00.000000229,48.903786,86,24
1970-01-01 00:00:00.000000230,49.16727,86,24
1970-01-01 00:00:00.000000230,48.543507,86,25
1970-01-01 00:00:00.000000231,48.817352,86,25
1970-01-01 00:00:00.000000231,49.703594,86,26
1970-01-01 00:00:00.000000232,50.0035,86,26
1970-01-01 00:00:00.000000232,49.703156,86,27
1970-01-01 00:00:00.000000233,49.962097,86,27
1970-01-01 00:00:00.000000233,46.75048,86,28
1970-01-01 00:00:00.000000234,46.975426,86,28
1970-01-01 00:00:00.000000234,45.58696,86,29
1970-01-01 00:00:00.000000235,45.877735,86,29
1970-01-01 00:00:00.000000235,46.766357,86,30
1970-01-01 00:00:00.000000236,47.06174,86,30
1970-01-01 00:00:00.000000236,47.503998,86,31
1970-01-01 00:00:00.000000237,47.785366,86,31
1970-01-01 00:00:00.000000237,48.682602,86,32
1970-01-01 00:00:00.000000238,48.97951,86,32
1970-01-01 00:00:00.000000238,49.05681,86,33
1970-01-01 00:00:00.000000239,49.325195,86,33
1970-01-01 00:00:00.000000239,48.277866,86,34
1970-01-01 00:00:00.000000240,48.542095,86,34
1970-01-01 00:00:00.000000385,82.34757,87,10
1970-01-01 00:00:00.000000386,82.54932,87,10
1970-01-01 00:00:00.000000386,82.34622,87,11
1970-01-01 00:00:00.000000387,82.54765,87,11
1970-01-01 00:00:00.000000387,82.387375,87,12
1970-01-01 00:00:00.000000388,82.588135,87,12
1970-01-01 00:00:00.000000388,82.32756,87,13
1970-01-01 00:00:00.000000389,82.52721,87,13
1970-01-01 00:00:00.000000389,82.027954,87,14
1970-01-01 00:00:00.000000390,82.227715,87,14
1970-01-01 00:00:00.000000390,81.85805,87,15
1970-01-01 00:00:00.000000391,82.05934,87,15
1970-01-01 00:00:00.000000391,81.6482,87,16
1970-01-01 00:00:00.000000392,81.84911,87,16
1970-01-01 00:00:00.000000392,81.6518,87,17
1970-01-01 00:00:00.000000393,81.855385,87,17
1970-01-01 00:00:00.000000393,82.02404,87,18
1970-01-01 00:00:00.000000394,82.22769,87,18
1970-01-01 00:00:00.000000394,82.2388,87,19
1970-01-01 00:00:00.000000395,82.439514,87,19
1970-01-01 00:00:00.000000395,81.97294,87,20
1970-01-01 00:00:00.000000396,82.17272,87,20
1970-01-01 00:00:00.000000396,81.746994,87,21
1970-01-01 00:00:00.000000397,81.94919,87,21
1970-01-01 00:00:00.000000397,81.39477,87,22
1970-01-01 00:00:00.000000398,81.59657,87,22
1970-01-01 00:00:00.000000398,81.12633,87,23
1970-01-01 00:00:00.000000399,81.33084,87,23
1970-01-01 00:00:00.000000399,81.11649,87,24
1970-01-01 00:00:00.000000400,81.32281,87,24
1970-01-01 00:00:00.000000400,81.151024,87,25
1970-01-01 00:00:00.000000401,81.356026,87,25
1970-01-01 00:00:00.000000401,81.10855,87,26
1970-01-01 00:00:00.000000402,81.31267,87,26
1970-01-01 00:00:00.000000402,82.270775,87,27
1970-01-01 00:00:00.000000403,82.479744,87,27
1970-01-01 00:00:00.000000403,82.968346,87,28
1970-01-01 00:00:00.000000404,83.16768,87,28
1970-01-01 00:00:00.000000404,82.554794,87,29
1970-01-01 00:00:00.000000405,82.75097,87,29
1970-01-01 00:00:00.000000405,82.31355,87,30
1970-01-01 00:00:00.000000406,82.51478,87,30
1970-01-01 00:00:00.000000406,82.73034,87,31
1970-01-01 00:00:00.000000407,82.93176,87,31
1970-01-01 00:00:00.000000407,83.21146,87,32
1970-01-01 00:00:00.000000408,83.410034,87,32
1970-01-01 00:00:00.000000408,83.35477,87,33
1970-01-01 00:00:00.000000409,83.55109,87,33
1970-01-01 00:00:00.000000409,83.52626,87,34
1970-01-01 00:00:00.000000410,83.722984,87,34
1970-01-01 00:00:00.000000410,83.858864,87,35
1970-01-01 00:00:00.000000411,84.05454,87,35
1970-01-01 00:00:00.000000411,83.64787,87,36
1970-01-01 00:00:00.000000412,83.84111,87,36
1970-01-01 00:00:00.000000412,82.71447,87,37
1970-01-01 00:00:00.000000413,82.909195,87,37
1970-01-01 00:00:00.000000413,81.47437,87,38
1970-01-01 00:00:00.000000414,81.6723,87,38
1970-01-01 00:00:00.000000414,80.47851,87,39
1970-01-01 00:00:00.000000415,80.6815,87,39
1970-01-01 00:00:00.000000415,80.40484,87,40
1970-01-01 00:00:00.000000416,80.61467,87,40
1970-01-01 00:00:00.000000416,81.17159,87,41
1970-01-01 00:00:00.000000417,81.381454,87,41
1970-01-01 00:00:00.000000417,82.26104,87,42
1970-01-01 00:00:00.000000418,82.46646,87,42
1970-01-01 00:00:00.000000418,83.09279,87,43
1970-01-01 00:00:00.000000419,83.29315,87,43
1970-01-01 00:00:00.000000419,83.61604,87,44
1970-01-01 00:00:00.000000420,83.81357,87,44
1970-01-01 00:00:00.000000420,84.01112,87,45
1970-01-01 00:00:00.000000421,84.20684,87,45
1970-01-01 00:00:00.000000421,84.346924,87,46
1970-01-01 00:00:00.000000422,84.54055,87,46
1970-01-01 00:00:00.000000422,84.63164,87,47
1970-01-01 00:00:00.000000423,84.824165,87,47
1970-01-01 00:00:00.000000423,84.888855,87,48
1970-01-01 00:00:00.000000424,85.07996,87,48
1970-01-01 00:00:00.000000424,84.8019,87,49
1970-01-01 00:00:00.000000425,84.98999,87,49
1970-01-01 00:00:00.000000425,84.13994,87,50
1970-01-01 00:00:00.000000426,84.330605,87,50
1970-01-01 00:00:00.000000426,83.4307,87,51
1970-01-01 00:00:00.000000427,83.62477,87,51
1970-01-01 00:00:00.000000427,81.58401,87,52
1970-01-01 00:00:00.000000428,81.77377,87,52
1970-01-01 00:00:00.000000428,80.2495,87,53
1970-01-01 00:00:00.000000429,80.455795,87,53
1970-01-01 00:00:00.000000429,80.14954,87,54
1970-01-01 00:00:00.000000430,80.35938,87,54
1970-01-01 00:00:00.000000430,81.25786,87,55
1970-01-01 00:00:00.000000431,81.47152,87,55
1970-01-01 00:00:00.000000431,82.88377,87,56
1970-01-01 00:00:00.000000432,83.088684,87,56
1970-01-01 00:00:00.000000432,83.85588,87,57
1970-01-01 00:00:00.000000433,84.053246,87,57
1970-01-01 00:00:00.000000433,83.66918,87,58
1970-01-01 00:00:00.000000434,83.861404,87,58
1970-01-01 00:00:00.000000434,82.61477,87,59
1970-01-01 00:00:00.000000435,82.806854,87,59
1970-01-01 00:00:00.000000435,80.69529,87,60
1970-01-01 00:00:00.000000436,80.88818,87,60
1970-01-01 00:00:00.000000436,81.915375,87,61
1970-01-01 00:00:00.000000437,82.13437,87,61
1970-01-01 00:00:00.000000437,85.1659,87,62
1970-01-01 00:00:00.000000438,85.37123,87,62
1970-01-01 00:00:00.000000438,87.15463,87,63
1970-01-01 00:00:00.000000439,87.341896,87,63
1970-01-01 00:00:00.000000439,87.389244,87,64
1970-01-01 00:00:00.000000440,87.56835,87,64
1970-01-01 00:00:00.000000440,86.23914,87,65
1970-01-01 00:00:00.000000441,86.41751,87,65
1970-01-01 00:00:00.000000355,72.82358,88,10
1970-01-01 00:00:00.000000356,73.05878,88,10
1970-01-01 00:00:00.000000356,73.06125,88,11
1970-01-01 00:00:00.000000357,73.2973,88,11
1970-01-01 00:00:00.000000357,73.309044,88,12
1970-01-01 00:00:00.000000358,73.5436,88,12
1970-01-01 00:00:00.000000358,73.46692,88,13
1970-01-01 00:00:00.000000359,73.700584,88,13
1970-01-01 00:00:00.000000359,73.56674,88,14
1970-01-01 00:00:00.000000360,73.7993,88,14
1970-01-01 00:00:00.000000360,73.642235,88,15
1970-01-01 00:00:00.000000361,73.874825,88,15
1970-01-01 00:00:00.000000361,73.63361,88,16
1970-01-01 00:00:00.000000362,73.865295,88,16
1970-01-01 00:00:00.000000362,73.453285,88,17
1970-01-01 00:00:00.000000363,73.684395,88,17
1970-01-01 00:00:00.000000363,73.18913,88,18
1970-01-01 00:00:00.000000364,73.42123,88,18
1970-01-01 00:00:00.000000364,73.01774,88,19
1970-01-01 00:00:00.000000365,73.251595,88,19
1970-01-01 00:00:00.000000365,72.9487,88,20
1970-01-01 00:00:00.000000366,73.18312,88,20
1970-01-01 00:00:00.000000366,72.86208,88,21
1970-01-01 00:00:00.000000367,73.0965,88,21
1970-01-01 00:00:00.000000367,73.00252,88,22
1970-01-01 00:00:00.000000368,73.23915,88,22
1970-01-01 00:00:00.000000368,73.13658,88,23
1970-01-01 00:00:00.000000369,73.37072,88,23
1970-01-01 00:00:00.000000369,73.22255,88,24
1970-01-01 00:00:00.000000370,73.457016,88,24
1970-01-01 00:00:00.000000370,73.319016,88,25
1970-01-01 00:00:00.000000371,73.552956,88,25
1970-01-01 00:00:00.000000371,73.43429,88,26
1970-01-01 00:00:00.000000372,73.66827,88,26
1970-01-01 00:00:00.000000372,73.60948,88,27
1970-01-01 00:00:00.000000373,73.84342,88,27
1970-01-01 00:00:00.000000373,73.754524,88,28
1970-01-01 00:00:00.000000374,73.98725,88,28
1970-01-01 00:00:00.000000374,73.85259,88,29
1970-01-01 00:00:00.000000375,74.08492,88,29
1970-01-01 00:00:00.000000375,73.84786,88,30
1970-01-01 00:00:00.000000376,74.07904,88,30
1970-01-01 00:00:00.000000376,73.71642,88,31
1970-01-01 00:00:00.000000377,73.94793,88,31
1970-01-01 00:00:00.000000377,73.5728,88,32
1970-01-01 00:00:00.000000378,73.8051,88,32
1970-01-01 00:00:00.000000378,73.4936,88,33
1970-01-01 00:00:00.000000379,73.727615,88,33
1970-01-01 00:00:00.000000379,73.37295,88,34
1970-01-01 00:00:00.000000380,73.60706,88,34
1970-01-01 00:00:00.000000380,73.384415,88,35
1970-01-01 00:00:00.000000381,73.62098,88,35
1970-01-01 00:00:00.000000381,73.40665,88,36
1970-01-01 00:00:00.000000382,73.642685,88,36
1970-01-01 00:00:00.000000382,73.50653,88,37
1970-01-01 00:00:00.000000383,73.74438,88,37
1970-01-01 00:00:00.000000383,73.78521,88,38
1970-01-01 00:00:00.000000384,74.02474,88,38
1970-01-01 00:00:00.000000384,74.00467,88,39
1970-01-01 00:00:00.000000385,74.24149,88,39
1970-01-01 00:00:00.000000385,74.09172,88,40
1970-01-01 00:00:00.000000386,74.327446,88,40
1970-01-01 00:00:00.000000386,74.40619,88,41
1970-01-01 00:00:00.000000387,74.64313,88,41
1970-01-01 00:00:00.000000387,74.77399,88,42
1970-01-01 00:00:00.000000388,75.00923,88,42
1970-01-01 00:00:00.000000388,75.13054,88,43
1970-01-01 00:00:00.000000389,75.36531,88,43
1970-01-01 00:00:00.000000389,75.227,88,44
1970-01-01 00:00:00.000000390,75.45868,88,44
1970-01-01 00:00:00.000000390,75.316734,88,45
1970-01-01 00:00:00.000000391,75.55032,88,45
1970-01-01 00:00:00.000000391,75.59096,88,46
1970-01-01 00:00:00.000000392,75.82459,88,46
1970-01-01 00:00:00.000000392,75.55307,88,47
1970-01-01 00:00:00.000000393,75.78429,88,47
1970-01-01 00:00:00.000000393,75.34509,88,48
1970-01-01 00:00:00.000000394,75.57628,88,48
1970-01-01 00:00:00.000000394,75.330795,88,49
1970-01-01 00:00:00.000000395,75.56311,88,49
1970-01-01 00:00:00.000000395,75.27413,88,50
1970-01-01 00:00:00.000000396,75.504974,88,50
1970-01-01 00:00:00.000000396,75.22332,88,51
1970-01-01 00:00:00.000000397,75.45432,88,51
1970-01-01 00:00:00.000000397,75.13091,88,52
1970-01-01 00:00:00.000000398,75.3612,88,52
1970-01-01 00:00:00.000000398,75.148796,88,53
1970-01-01 00:00:00.000000399,75.38108,88,53
1970-01-01 00:00:00.000000399,75.172714,88,54
1970-01-01 00:00:00.000000400,75.40282,88,54
1970-01-01 00:00:00.000000400,75.15755,88,55
1970-01-01 00:00:00.000000401,75.38784,88,55
1970-01-01 00:00:00.000000401,75.35781,88,56
1970-01-01 00:00:00.000000402,75.59055,88,56
1970-01-01 00:00:00.000000402,75.39884,88,57
1970-01-01 00:00:00.000000403,75.627914,88,57
1970-01-01 00:00:00.000000403,74.9939,88,58
1970-01-01 00:00:00.000000404,75.22068,88,58
1970-01-01 00:00:00.000000404,74.60182,88,59
1970-01-01 00:00:00.000000405,74.83107,88,59
1970-01-01 00:00:00.000000093,98.87916,89,10
1970-01-01 00:00:00.000000094,99.000786,89,10
1970-01-01 00:00:00.000000094,99.52398,89,11
1970-01-01 00:00:00.000000095,99.64213,89,11
1970-01-01 00:00:00.000000095,99.52116,89,12
1970-01-01 00:00:00.000000096,99.63926,89,12
1970-01-01 00:00:00.000000096,99.5213,89,13
1970-01-01 00:00:00.000000097,99.63947,89,13
1970-01-01 00:00:00.000000101,66.274345,92,10
1970-01-01 00:00:00.000000102,66.52636,92,10
1970-01-01 00:00:00.000000102,66.69453,92,11
1970-01-01 00:00:00.000000103,66.948296,92,11
1970-01-01 00:00:00.000000103,67.0655,92,12
1970-01-01 00:00:00.000000104,67.31603,92,12
1970-01-01 00:00:00.000000104,67.37489,92,13
1970-01-01 00:00:00.000000105,67.624626,92,13
1970-01-01 00:00:00.000000105,67.643486,92,14
1970-01-01 00:00:00.000000106,67.89244,92,14
1970-01-01 00:00:00.000000166,47.769665,93,10
1970-01-01 00:00:00.000000167,48.024803,93,10
1970-01-01 00:00:00.000000167,46.621254,93,11
1970-01-01 00:00:00.000000168,46.883224,93,11
1970-01-01 00:00:00.000000168,45.40532,93,12
1970-01-01 00:00:00.000000169,45.66109,93,12
1970-01-01 00:00:00.000000169,44.446854,93,13
1970-01-01 00:00:00.000000170,44.712067,93,13
1970-01-01 00:00:00.000000170,44.267365,93,14
1970-01-01 00:00:00.000000171,44.542797,93,14
1970-01-01 00:00:00.000000171,44.615543,93,15
1970-01-01 00:00:00.000000172,44.895237,93,15
1970-01-01 00:00:00.000000172,46.07158,93,16
1970-01-01 00:00:00.000000173,46.373688,93,16
1970-01-01 00:00:00.000000173,48.44021,93,17
1970-01-01 00:00:00.000000174,48.74455,93,17
1970-01-01 00:00:00.000000174,50.756847,93,18
1970-01-01 00:00:00.000000175,51.053104,93,18
1970-01-01 00:00:00.000000175,51.53879,93,19
1970-01-01 00:00:00.000000176,51.812775,93,19
1970-01-01 00:00:00.000000176,51.31643,93,20
1970-01-01 00:00:00.000000177,51.556705,93,20
1970-01-01 00:00:00.000000177,59.05138,93,21
1970-01-01 00:00:00.000000178,59.438057,93,21
1970-01-01 00:00:00.000000178,85.19684,93,22
1970-01-01 00:00:00.000000179,85.53902,93,22
1970-01-01 00:00:00.000000179,99.695786,93,23
1970-01-01 00:00:00.000000180,99.80589,93,23
1970-01-01 00:00:00.000000180,99.705345,93,24
1970-01-01 00:00:00.000000181,99.81549,93,24
1970-01-01 00:00:00.000000181,99.70025,93,25
1970-01-01 00:00:00.000000182,99.810585,93,25
1970-01-01 00:00:00.000000182,99.697624,93,26
1970-01-01 00:00:00.000000183,99.80811,93,26
1970-01-01 00:00:00.000000114,75.93612,95,10
1970-01-01 00:00:00.000000115,76.1422,95,10
1970-01-01 00:00:00.000000115,75.634476,95,11
1970-01-01 00:00:00.000000116,75.84263,95,11
1970-01-01 00:00:00.000000116,75.64782,95,12
1970-01-01 00:00:00.000000117,75.860725,95,12
1970-01-01 00:00:00.000000117,76.006454,95,13
1970-01-01 00:00:00.000000118,76.220726,95,13
1970-01-01 00:00:00.000000118,76.31807,95,14
1970-01-01 00:00:00.000000119,76.52776,95,14
1970-01-01 00:00:00.000000119,76.6611,95,15
1970-01-01 00:00:00.000000120,76.87027,95,15
1970-01-01 00:00:00.000000120,76.69241,95,16
1970-01-01 00:00:00.000000121,76.89883,95,16
1970-01-01 00:00:00.000000121,76.742424,95,17
1970-01-01 00:00:00.000000122,76.95112,95,17
1970-01-01 00:00:00.000000183,61.445766,96,10
1970-01-01 00:00:00.000000184,61.71439,96,10
1970-01-01 00:00:00.000000184,61.837433,96,11
1970-01-01 00:00:00.000000185,62.10844,96,11
1970-01-01 00:00:00.000000185,62.4796,96,12
1970-01-01 00:00:00.000000186,62.751183,96,12
1970-01-01 00:00:00.000000186,63.093147,96,13
1970-01-01 00:00:00.000000187,63.36195,96,13
1970-01-01 00:00:00.000000187,63.64099,96,14
1970-01-01 00:00:00.000000188,63.90731,96,14
1970-01-01 00:00:00.000000188,64.30325,96,15
1970-01-01 00:00:00.000000189,64.57036,96,15
1970-01-01 00:00:00.000000189,64.79257,96,16
1970-01-01 00:00:00.000000190,65.054344,96,16
1970-01-01 00:00:00.000000190,65.23801,96,17
1970-01-01 00:00:00.000000191,65.50043,96,17
1970-01-01 00:00:00.000000191,65.406166,96,18
1970-01-01 00:00:00.000000192,65.66289,96,18
1970-01-01 00:00:00.000000192,65.23879,96,19
1970-01-01 00:00:00.000000193,65.494354,96,19
1970-01-01 00:00:00.000000193,65.291176,96,20
1970-01-01 00:00:00.000000194,65.55102,96,20
1970-01-01 00:00:00.000000194,65.44453,96,21
1970-01-01 00:00:00.000000195,65.70268,96,21
1970-01-01 00:00:00.000000195,65.48046,96,22
1970-01-01 00:00:00.000000196,65.737114,96,22
1970-01-01 00:00:00.000000196,65.36434,96,23
1970-01-01 00:00:00.000000197,65.620346,96,23
1970-01-01 00:00:00.000000197,65.19773,96,24
1970-01-01 00:00:00.000000198,65.45474,96,24
1970-01-01 00:00:00.000000198,65.22045,96,25
1970-01-01 00:00:00.000000199,65.48056,96,25
1970-01-01 00:00:00.000000199,65.34831,96,26
1970-01-01 00:00:00.000000200,65.60857,96,26
1970-01-01 00:00:00.000000200,65.41298,96,27
1970-01-01 00:00:00.000000201,65.67195,96,27
1970-01-01 00:00:00.000000201,65.30071,96,28
1970-01-01 00:00:00.000000202,65.556915,96,28
1970-01-01 00:00:00.000000202,64.9069,96,29
1970-01-01 00:00:00.000000203,65.16147,96,29
1970-01-01 00:00:00.000000079,100.0,98,10
1970-01-01 00:00:00.000000080,100.0,98,10
1970-01-01 00:00:00.000000080,100.0,98,11
1970-01-01 00:00:00.000000081,100.0,98,11
1970-01-01 00:00:00.000000096,92.06665,99,10
1970-01-01 00:00:00.000000097,92.27715,99,10
1970-01-01 00:00:00.000000097,99.551285,99,11
1970-01-01 00:00:00.000000098,99.66746,99,11
1970-01-01 00:00:00.000000098,99.59756,99,12
1970-01-01 00:00:00.000000099,99.71377,99,12
1970-01-01 00:00:00.000000099,99.590614,99,13
1970-01-01 00:00:00.000000100,99.707016,99,13
1970-01-01 00:00:00.000000100,99.5937,99,14
1970-01-01 00:00:00.000000101,99.71014,99,14
1970-01-01 00:00:00.000000340,56.96764,100,10
1970-01-01 00:00:00.000000341,57.246887,100,10
1970-01-01 00:00:00.000000341,56.98682,100,11
1970-01-01 00:00:00.000000342,57.263126,100,11
1970-01-01 00:00:00.000000342,56.945164,100,12
1970-01-01 00:00:00.000000343,57.2228,100,12
1970-01-01 00:00:00.000000343,57.030018,100,13
1970-01-01 00:00:00.000000344,57.31048,100,13
1970-01-01 00:00:00.000000344,57.083042,100,14
1970-01-01 00:00:00.000000345,57.36149,100,14
1970-01-01 00:00:00.000000345,57.237045,100,15
1970-01-01 00:00:00.000000346,57.518986,100,15
1970-01-01 00:00:00.000000346,57.531864,100,16
1970-01-01 00:00:00.000000347,57.813347,100,16
1970-01-01 00:00:00.000000347,57.71632,100,17
1970-01-01 00:00:00.000000348,57.995094,100,17
1970-01-01 00:00:00.000000348,57.850372,100,18
1970-01-01 00:00:00.000000349,58.129593,100,18
1970-01-01 00:00:00.000000349,57.822144,100,19
1970-01-01 00:00:00.000000350,58.09916,100,19
1970-01-01 00:00:00.000000350,58.22959,100,20
1970-01-01 00:00:00.000000351,58.516647,100,20
1970-01-01 00:00:00.000000351,58.861668,100,21
1970-01-01 00:00:00.000000352,59.145706,100,21
1970-01-01 00:00:00.000000352,59.41642,100,22
1970-01-01 00:00:00.000000353,59.698956,100,22
1970-01-01 00:00:00.000000353,59.89954,100,23
1970-01-01 00:00:00.000000354,60.1794,100,23
1970-01-01 00:00:00.000000354,60.28658,100,24
1970-01-01 00:00:00.000000355,60.564632,100,24
1970-01-01 00:00:00.000000355,60.64883,100,25
1970-01-01 00:00:00.000000356,60.926052,100,25
1970-01-01 00:00:00.000000356,60.92753,100,26
1970-01-01 00:00:00.000000357,61.202446,100,26
1970-01-01 00:00:00.000000357,61.289,100,27
1970-01-01 00:00:00.000000358,61.56515,100,27
1970-01-01 00:00:00.000000358,61.43384,100,28
1970-01-01 00:00:00.000000359,61.7054,100,28
1970-01-01 00:00:00.000000359,61.545277,100,29
1970-01-01 00:00:00.000000360,61.818172,100,29
1970-01-01 00:00:00.000000360,61.786903,100,30
1970-01-01 00:00:00.000000361,62.060688,100,30
1970-01-01 00:00:00.000000361,62.136204,100,31
1970-01-01 00:00:00.000000362,62.40805,100,31
1970-01-01 00:00:00.000000362,62.522083,100,32
1970-01-01 00:00:00.000000363,62.795506,100,32
1970-01-01 00:00:00.000000363,63.065926,100,33
1970-01-01 00:00:00.000000364,63.340263,100,33
1970-01-01 00:00:00.000000364,63.71765,100,34
1970-01-01 00:00:00.000000365,63.990723,100,34
1970-01-01 00:00:00.000000365,64.28827,100,35
1970-01-01 00:00:00.000000366,64.557594,100,35
1970-01-01 00:00:00.000000366,64.706055,100,36
1970-01-01 00:00:00.000000367,64.97265,100,36
1970-01-01 00:00:00.000000367,65.17428,100,37
1970-01-01 00:00:00.000000368,65.440994,100,37
1970-01-01 00:00:00.000000368,65.42466,100,38
1970-01-01 00:00:00.000000369,65.686646,100,38
1970-01-01 00:00:00.000000369,65.617676,100,39
1970-01-01 00:00:00.000000370,65.88155,100,39
1970-01-01 00:00:00.000000370,65.8177,100,40
1970-01-01 00:00:00.000000371,66.079865,100,40
1970-01-01 00:00:00.000000371,66.14432,100,41
1970-01-01 00:00:00.000000372,66.40802,100,41
1970-01-01 00:00:00.000000372,66.44331,100,42
1970-01-01 00:00:00.000000373,66.70381,100,42
1970-01-01 00:00:00.000000373,66.49268,100,43
1970-01-01 00:00:00.000000374,66.75084,100,43
1970-01-01 00:00:00.000000374,66.71468,100,44
1970-01-01 00:00:00.000000375,66.976494,100,44
1970-01-01 00:00:00.000000375,67.04459,100,45
1970-01-01 00:00:00.000000376,67.30436,100,45
1970-01-01 00:00:00.000000376,67.18751,100,46
1970-01-01 00:00:00.000000377,67.4447,100,46
1970-01-01 00:00:00.000000377,67.0726,100,47
1970-01-01 00:00:00.000000378,67.32853,100,47
1970-01-01 00:00:00.000000378,66.88538,100,48
1970-01-01 00:00:00.000000379,67.142136,100,48
1970-01-01 00:00:00.000000379,66.57258,100,49
1970-01-01 00:00:00.000000380,66.827866,100,49
1970-01-01 00:00:00.000000380,65.96289,100,50
1970-01-01 00:00:00.000000381,66.22159,100,50
1970-01-01 00:00:00.000000381,65.58626,100,51
1970-01-01 00:00:00.000000382,65.84514,100,51
1970-01-01 00:00:00.000000382,66.47847,100,52
1970-01-01 00:00:00.000000383,66.739845,100,52
1970-01-01 00:00:00.000000383,86.87231,100,53
1970-01-01 00:00:00.000000384,87.19374,100,53
1970-01-01 00:00:00.000000384,99.53376,100,54
1970-01-01 00:00:00.000000385,99.6437,100,54
1970-01-01 00:00:00.000000385,99.72158,100,55
1970-01-01 00:00:00.000000386,99.83176,100,55
1970-01-01 00:00:00.000000386,99.684975,100,56
1970-01-01 00:00:00.000000387,99.79553,100,56
1970-01-01 00:00:00.000000387,99.699295,100,57
1970-01-01 00:00:00.000000388,99.80994,100,57
1970-01-01 00:00:00.000000142,45.540802,101,10
1970-01-01 00:00:00.000000143,45.858223,101,10
1970-01-01 00:00:00.000000143,46.672943,101,11
1970-01-01 00:00:00.000000144,46.98638,101,11
1970-01-01 00:00:00.000000144,48.226315,101,12
1970-01-01 00:00:00.000000145,48.54819,101,12
1970-01-01 00:00:00.000000145,50.28942,101,13
1970-01-01 00:00:00.000000146,50.61338,101,13
1970-01-01 00:00:00.000000146,52.070873,101,14
1970-01-01 00:00:00.000000147,52.383335,101,14
1970-01-01 00:00:00.000000147,53.44867,101,15
1970-01-01 00:00:00.000000148,53.756348,101,15
1970-01-01 00:00:00.000000148,54.86387,101,16
1970-01-01 00:00:00.000000149,55.17143,101,16
1970-01-01 00:00:00.000000149,56.215775,101,17
1970-01-01 00:00:00.000000150,56.517303,101,17
1970-01-01 00:00:00.000000150,57.508568,101,18
1970-01-01 00:00:00.000000151,57.8081,101,18
1970-01-01 00:00:00.000000151,58.866932,101,19
1970-01-01 00:00:00.000000152,59.163483,101,19
1970-01-01 00:00:00.000000152,59.859016,101,20
1970-01-01 00:00:00.000000153,60.14589,101,20
1970-01-01 00:00:00.000000153,60.432453,101,21
1970-01-01 00:00:00.000000154,60.715664,101,21
1970-01-01 00:00:00.000000154,60.876266,101,22
1970-01-01 00:00:00.000000155,61.157784,101,22
1970-01-01 00:00:00.000000187,69.53504,103,10
1970-01-01 00:00:00.000000188,69.78275,103,10
1970-01-01 00:00:00.000000188,70.05728,103,11
1970-01-01 00:00:00.000000189,70.304115,103,11
1970-01-01 00:00:00.000000189,70.495285,103,12
1970-01-01 00:00:00.000000190,70.73831,103,12
1970-01-01 00:00:00.000000190,70.81143,103,13
1970-01-01 00:00:00.000000191,71.05285,103,13
1970-01-01 00:00:00.000000191,71.32517,103,14
1970-01-01 00:00:00.000000192,71.56762,103,14
1970-01-01 00:00:00.000000192,71.882935,103,15
1970-01-01 00:00:00.000000193,72.12288,103,15
1970-01-01 00:00:00.000000193,72.29085,103,16
1970-01-01 00:00:00.000000194,72.528465,103,16
1970-01-01 00:00:00.000000194,72.8542,103,17
1970-01-01 00:00:00.000000195,73.09233,103,17
1970-01-01 00:00:00.000000195,73.357414,103,18
1970-01-01 00:00:00.000000196,73.59199,103,18
1970-01-01 00:00:00.000000196,73.636505,103,19
1970-01-01 00:00:00.000000197,73.86912,103,19
1970-01-01 00:00:00.000000197,73.63219,103,20
1970-01-01 00:00:00.000000198,73.86283,103,20
1970-01-01 00:00:00.000000198,73.61796,103,21
1970-01-01 00:00:00.000000199,73.85058,103,21
1970-01-01 00:00:00.000000199,73.887665,103,22
1970-01-01 00:00:00.000000200,74.12186,103,22
1970-01-01 00:00:00.000000200,74.25232,103,23
1970-01-01 00:00:00.000000201,74.48523,103,23
1970-01-01 00:00:00.000000201,74.448784,103,24
1970-01-01 00:00:00.000000202,74.6794,103,24
1970-01-01 00:00:00.000000202,74.74271,103,25
1970-01-01 00:00:00.000000203,74.974205,103,25
1970-01-01 00:00:00.000000203,74.98668,103,26
1970-01-01 00:00:00.000000204,75.21556,103,26
1970-01-01 00:00:00.000000204,74.803604,103,27
1970-01-01 00:00:00.000000205,75.030365,103,27
1970-01-01 00:00:00.000000205,74.76955,103,28
1970-01-01 00:00:00.000000206,75.00056,103,28
1970-01-01 00:00:00.000000206,74.68743,103,29
1970-01-01 00:00:00.000000207,74.91629,103,29
1970-01-01 00:00:00.000000207,74.6387,103,30
1970-01-01 00:00:00.000000208,74.87033,103,30
1970-01-01 00:00:00.000000080,99.8652,104,10
1970-01-01 00:00:00.000000081,99.96635,104,10
1970-01-01 00:00:00.000000081,99.86176,104,11
1970-01-01 00:00:00.000000082,99.962845,104,11
1970-01-01 00:00:00.000000190,59.272797,105,10
1970-01-01 00:00:00.000000191,59.5568,105,10
1970-01-01 00:00:00.000000191,60.518124,105,11
1970-01-01 00:00:00.000000192,60.80162,105,11
1970-01-01 00:00:00.000000192,62.039444,105,12
1970-01-01 00:00:00.000000193,62.32162,105,12
1970-01-01 00:00:00.000000193,63.476624,105,13
1970-01-01 00:00:00.000000194,63.751522,105,13
1970-01-01 00:00:00.000000194,63.702732,105,14
1970-01-01 00:00:00.000000195,63.96076,105,14
1970-01-01 00:00:00.000000195,63.576534,105,15
1970-01-01 00:00:00.000000196,63.84112,105,15
1970-01-01 00:00:00.000000196,63.76126,105,16
1970-01-01 00:00:00.000000197,64.02427,105,16
1970-01-01 00:00:00.000000197,64.60983,105,17
1970-01-01 00:00:00.000000198,64.882576,105,17
1970-01-01 00:00:00.000000198,65.249756,105,18
1970-01-01 00:00:00.000000199,65.51072,105,18
1970-01-01 00:00:00.000000199,64.30401,105,19
1970-01-01 00:00:00.000000200,64.54994,105,19
1970-01-01 00:00:00.000000200,63.76651,105,20
1970-01-01 00:00:00.000000201,64.03103,105,20
1970-01-01 00:00:00.000000201,64.13813,105,21
1970-01-01 00:00:00.000000202,64.40391,105,21
1970-01-01 00:00:00.000000202,65.26076,105,22
1970-01-01 00:00:00.000000203,65.53394,105,22
1970-01-01 00:00:00.000000203,66.927635,105,23
1970-01-01 00:00:00.000000204,67.195915,105,23
1970-01-01 00:00:00.000000204,67.481995,105,24
1970-01-01 00:00:00.000000205,67.73319,105,24
1970-01-01 00:00:00.000000205,66.8792,105,25
1970-01-01 00:00:00.000000206,67.1268,105,25
1970-01-01 00:00:00.000000206,66.35413,105,26
1970-01-01 00:00:00.000000207,66.60753,105,26
1970-01-01 00:00:00.000000207,65.96946,105,27
1970-01-01 00:00:00.000000208,66.22299,105,27
1970-01-01 00:00:00.000000208,64.7876,105,28
1970-01-01 00:00:00.000000209,65.0329,105,28
1970-01-01 00:00:00.000000209,63.28033,105,29
1970-01-01 00:00:00.000000210,63.53097,105,29
1970-01-01 00:00:00.000000210,61.03722,105,30
1970-01-01 00:00:00.000000211,61.279827,105,30
1970-01-01 00:00:00.000000281,57.12309,106,10
1970-01-01 00:00:00.000000282,57.4065,106,10
1970-01-01 00:00:00.000000282,57.035,106,11
1970-01-01 00:00:00.000000283,57.313187,106,11
1970-01-01 00:00:00.000000283,57.04645,106,12
1970-01-01 00:00:00.000000284,57.33044,106,12
1970-01-01 00:00:00.000000284,56.981747,106,13
1970-01-01 00:00:00.000000285,57.260174,106,13
1970-01-01 00:00:00.000000285,56.745636,106,14
1970-01-01 00:00:00.000000286,57.024727,106,14
1970-01-01 00:00:00.000000286,56.54797,106,15
1970-01-01 00:00:00.000000287,56.827835,106,15
1970-01-01 00:00:00.000000287,56.445717,106,16
1970-01-01 00:00:00.000000288,56.72779,106,16
1970-01-01 00:00:00.000000288,56.406326,106,17
1970-01-01 00:00:00.000000289,56.688316,106,17
1970-01-01 00:00:00.000000289,56.48225,106,18
1970-01-01 00:00:00.000000290,56.76702,106,18
1970-01-01 00:00:00.000000290,56.36914,106,19
1970-01-01 00:00:00.000000291,56.648712,106,19
1970-01-01 00:00:00.000000291,56.172626,106,20
1970-01-01 00:00:00.000000292,56.45398,106,20
1970-01-01 00:00:00.000000292,55.863445,106,21
1970-01-01 00:00:00.000000293,56.14243,106,21
1970-01-01 00:00:00.000000293,55.687477,106,22
1970-01-01 00:00:00.000000294,55.97207,106,22
1970-01-01 00:00:00.000000294,55.71851,106,23
1970-01-01 00:00:00.000000295,56.003098,106,23
1970-01-01 00:00:00.000000295,55.461674,106,24
1970-01-01 00:00:00.000000296,55.74155,106,24
1970-01-01 00:00:00.000000296,55.14559,106,25
1970-01-01 00:00:00.000000297,55.42864,106,25
1970-01-01 00:00:00.000000297,54.93221,106,26
1970-01-01 00:00:00.000000298,55.215633,106,26
1970-01-01 00:00:00.000000298,54.663673,106,27
1970-01-01 00:00:00.000000299,54.946457,106,27
1970-01-01 00:00:00.000000299,54.4796,106,28
1970-01-01 00:00:00.000000300,54.76503,106,28
1970-01-01 00:00:00.000000300,54.093906,106,29
1970-01-01 00:00:00.000000301,54.374462,106,29
1970-01-01 00:00:00.000000301,53.764122,106,30
1970-01-01 00:00:00.000000302,54.04997,106,30
1970-01-01 00:00:00.000000302,53.60183,106,31
1970-01-01 00:00:00.000000303,53.887936,106,31
1970-01-01 00:00:00.000000303,53.310028,106,32
1970-01-01 00:00:00.000000304,53.594173,106,32
1970-01-01 00:00:00.000000304,53.123463,106,33
1970-01-01 00:00:00.000000305,53.411446,106,33
1970-01-01 00:00:00.000000305,52.862255,106,34
1970-01-01 00:00:00.000000306,53.146236,106,34
1970-01-01 00:00:00.000000306,52.285503,106,35
1970-01-01 00:00:00.000000307,52.56695,106,35
1970-01-01 00:00:00.000000307,52.083714,106,36
1970-01-01 00:00:00.000000308,52.375328,106,36
1970-01-01 00:00:00.000000308,51.951733,106,37
1970-01-01 00:00:00.000000309,52.23808,106,37
1970-01-01 00:00:00.000000309,51.533722,106,38
1970-01-01 00:00:00.000000310,51.820988,106,38
1970-01-01 00:00:00.000000310,51.18183,106,39
1970-01-01 00:00:00.000000311,51.481384,106,39
1970-01-01 00:00:00.000000311,52.058346,106,40
1970-01-01 00:00:00.000000312,52.339127,106,40
1970-01-01 00:00:00.000000312,66.52884,106,41
1970-01-01 00:00:00.000000313,66.97321,106,41
1970-01-01 00:00:00.000000313,89.64458,106,42
1970-01-01 00:00:00.000000314,89.87875,106,42
1970-01-01 00:00:00.000000314,99.637314,106,43
1970-01-01 00:00:00.000000315,99.74652,106,43
1970-01-01 00:00:00.000000315,99.71664,106,44
1970-01-01 00:00:00.000000316,99.82541,106,44
1970-01-01 00:00:00.000000316,99.719055,106,45
1970-01-01 00:00:00.000000317,99.827805,106,45
1970-01-01 00:00:00.000000317,99.719955,106,46
1970-01-01 00:00:00.000000318,99.82868,106,46
1970-01-01 00:00:00.000000083,99.59805,107,10
1970-01-01 00:00:00.000000084,99.714676,107,10
1970-01-01 00:00:00.000000084,99.595985,107,11
1970-01-01 00:00:00.000000085,99.712776,107,11
1970-01-01 00:00:00.000000213,63.94993,108,10
1970-01-01 00:00:00.000000214,64.20049,108,10
1970-01-01 00:00:00.000000214,63.839134,108,11
1970-01-01 00:00:00.000000215,64.096436,108,11
1970-01-01 00:00:00.000000215,64.11651,108,12
1970-01-01 00:00:00.000000216,64.37496,108,12
1970-01-01 00:00:00.000000216,64.27698,108,13
1970-01-01 00:00:00.000000217,64.53218,108,13
1970-01-01 00:00:00.000000217,64.198616,108,14
1970-01-01 00:00:00.000000218,64.45246,108,14
1970-01-01 00:00:00.000000218,64.17046,108,15
1970-01-01 00:00:00.000000219,64.42613,108,15
1970-01-01 00:00:00.000000219,64.40123,108,16
1970-01-01 00:00:00.000000220,64.65932,108,16
1970-01-01 00:00:00.000000220,64.62577,108,17
1970-01-01 00:00:00.000000221,64.88173,108,17
1970-01-01 00:00:00.000000221,64.95082,108,18
1970-01-01 00:00:00.000000222,65.20871,108,18
1970-01-01 00:00:00.000000222,64.933975,108,19
1970-01-01 00:00:00.000000223,65.18553,108,19
1970-01-01 00:00:00.000000223,64.74199,108,20
1970-01-01 00:00:00.000000224,64.99587,108,20
1970-01-01 00:00:00.000000224,64.85835,108,21
1970-01-01 00:00:00.000000225,65.11542,108,21
1970-01-01 00:00:00.000000225,65.22071,108,22
1970-01-01 00:00:00.000000226,65.478836,108,22
1970-01-01 00:00:00.000000226,65.521675,108,23
1970-01-01 00:00:00.000000227,65.777054,108,23
1970-01-01 00:00:00.000000227,65.81937,108,24
1970-01-01 00:00:00.000000228,66.07531,108,24
1970-01-01 00:00:00.000000228,65.798195,108,25
1970-01-01 00:00:00.000000229,66.04883,108,25
1970-01-01 00:00:00.000000229,65.591385,108,26
1970-01-01 00:00:00.000000230,65.8435,108,26
1970-01-01 00:00:00.000000230,65.93649,108,27
1970-01-01 00:00:00.000000231,66.194984,108,27
1970-01-01 00:00:00.000000231,66.58933,108,28
1970-01-01 00:00:00.000000232,66.845505,108,28
1970-01-01 00:00:00.000000232,67.105705,108,29
1970-01-01 00:00:00.000000233,67.35881,108,29
1970-01-01 00:00:00.000000233,67.725975,108,30
1970-01-01 00:00:00.000000234,67.9801,108,30
1970-01-01 00:00:00.000000234,68.40511,108,31
1970-01-01 00:00:00.000000235,68.65641,108,31
1970-01-01 00:00:00.000000235,69.00755,108,32
1970-01-01 00:00:00.000000236,69.25703,108,32
1970-01-01 00:00:00.000000236,69.543655,108,33
1970-01-01 00:00:00.000000237,69.79103,108,33
1970-01-01 00:00:00.000000237,70.18999,108,34
1970-01-01 00:00:00.000000238,70.43668,108,34
1970-01-01 00:00:00.000000083,69.65207,109,10
1970-01-01 00:00:00.000000084,69.886795,109,10
1970-01-01 00:00:00.000000084,68.89817,109,11
1970-01-01 00:00:00.000000085,69.1423,109,11
1970-01-01 00:00:00.000000505,74.11661,110,10
1970-01-01 00:00:00.000000506,74.35019,110,10
1970-01-01 00:00:00.000000506,74.10685,110,11
1970-01-01 00:00:00.000000507,74.338936,110,11
1970-01-01 00:00:00.000000507,74.17007,110,12
1970-01-01 00:00:00.000000508,74.40327,110,12
1970-01-01 00:00:00.000000508,74.232475,110,13
1970-01-01 00:00:00.000000509,74.46483,110,13
1970-01-01 00:00:00.000000509,74.45015,110,14
1970-01-01 00:00:00.000000510,74.683685,110,14
1970-01-01 00:00:00.000000510,74.763084,110,15
1970-01-01 00:00:00.000000511,74.99505,110,15
1970-01-01 00:00:00.000000511,75.03972,110,16
1970-01-01 00:00:00.000000512,75.27045,110,16
1970-01-01 00:00:00.000000512,75.25498,110,17
1970-01-01 00:00:00.000000513,75.48437,110,17
1970-01-01 00:00:00.000000513,75.57433,110,18
1970-01-01 00:00:00.000000514,75.80381,110,18
1970-01-01 00:00:00.000000514,75.87422,110,19
1970-01-01 00:00:00.000000515,76.1013,110,19
1970-01-01 00:00:00.000000515,76.08959,110,20
1970-01-01 00:00:00.000000516,76.3144,110,20
1970-01-01 00:00:00.000000516,76.25738,110,21
1970-01-01 00:00:00.000000517,76.48035,110,21
1970-01-01 00:00:00.000000517,76.562706,110,22
1970-01-01 00:00:00.000000518,76.78778,110,22
1970-01-01 00:00:00.000000518,76.68404,110,23
1970-01-01 00:00:00.000000519,76.9056,110,23
1970-01-01 00:00:00.000000519,76.401794,110,24
1970-01-01 00:00:00.000000520,76.6217,110,24
1970-01-01 00:00:00.000000520,75.76991,110,25
1970-01-01 00:00:00.000000521,75.989265,110,25
1970-01-01 00:00:00.000000521,75.216385,110,26
1970-01-01 00:00:00.000000522,75.440254,110,26
1970-01-01 00:00:00.000000522,74.83571,110,27
1970-01-01 00:00:00.000000523,75.06118,110,27
1970-01-01 00:00:00.000000523,74.365295,110,28
1970-01-01 00:00:00.000000524,74.59126,110,28
1970-01-01 00:00:00.000000524,73.785774,110,29
1970-01-01 00:00:00.000000525,74.01375,110,29
1970-01-01 00:00:00.000000525,73.32433,110,30
1970-01-01 00:00:00.000000526,73.556625,110,30
1970-01-01 00:00:00.000000526,72.94355,110,31
1970-01-01 00:00:00.000000527,73.175644,110,31
1970-01-01 00:00:00.000000527,72.53949,110,32
1970-01-01 00:00:00.000000528,72.77282,110,32
1970-01-01 00:00:00.000000528,72.42579,110,33
1970-01-01 00:00:00.000000529,72.66358,110,33
1970-01-01 00:00:00.000000529,72.56716,110,34
1970-01-01 00:00:00.000000530,72.80385,110,34
1970-01-01 00:00:00.000000530,72.63349,110,35
1970-01-01 00:00:00.000000531,72.86915,110,35
1970-01-01 00:00:00.000000531,72.67713,110,36
1970-01-01 00:00:00.000000532,72.91386,110,36
1970-01-01 00:00:00.000000532,72.39375,110,37
1970-01-01 00:00:00.000000533,72.626595,110,37
1970-01-01 00:00:00.000000533,71.56952,110,38
1970-01-01 00:00:00.000000534,71.80056,110,38
1970-01-01 00:00:00.000000534,70.92632,110,39
1970-01-01 00:00:00.000000535,71.16446,110,39
1970-01-01 00:00:00.000000535,70.320175,110,40
1970-01-01 00:00:00.000000536,70.55705,110,40
1970-01-01 00:00:00.000000536,69.70226,110,41
1970-01-01 00:00:00.000000537,69.942505,110,41
1970-01-01 00:00:00.000000537,69.08959,110,42
1970-01-01 00:00:00.000000538,69.330345,110,42
1970-01-01 00:00:00.000000538,68.054276,110,43
1970-01-01 00:00:00.000000539,68.292915,110,43
1970-01-01 00:00:00.000000539,66.8336,110,44
1970-01-01 00:00:00.000000540,67.076225,110,44
1970-01-01 00:00:00.000000540,65.593956,110,45
1970-01-01 00:00:00.000000541,65.8388,110,45
1970-01-01 00:00:00.000000541,64.43659,110,46
1970-01-01 00:00:00.000000542,64.68614,110,46
1970-01-01 00:00:00.000000542,63.4622,110,47
1970-01-01 00:00:00.000000543,63.715214,110,47
1970-01-01 00:00:00.000000543,62.799854,110,48
1970-01-01 00:00:00.000000544,63.058743,110,48
1970-01-01 00:00:00.000000544,62.08447,110,49
1970-01-01 00:00:00.000000545,62.34136,110,49
1970-01-01 00:00:00.000000545,61.034245,110,50
1970-01-01 00:00:00.000000546,61.291466,110,50
1970-01-01 00:00:00.000000546,60.04432,110,51
1970-01-01 00:00:00.000000547,60.306213,110,51
1970-01-01 00:00:00.000000547,58.788235,110,52
1970-01-01 00:00:00.000000548,59.047153,110,52
1970-01-01 00:00:00.000000548,57.698414,110,53
1970-01-01 00:00:00.000000549,57.96583,110,53
1970-01-01 00:00:00.000000549,56.556015,110,54
1970-01-01 00:00:00.000000550,56.819252,110,54
1970-01-01 00:00:00.000000550,56.5256,110,55
1970-01-01 00:00:00.000000551,56.81315,110,55
1970-01-01 00:00:00.000000551,56.6227,110,56
1970-01-01 00:00:00.000000552,56.896034,110,56
1970-01-01 00:00:00.000000552,56.051975,110,57
1970-01-01 00:00:00.000000553,56.32256,110,57
1970-01-01 00:00:00.000000553,55.277233,110,58
1970-01-01 00:00:00.000000554,55.54728,110,58
1970-01-01 00:00:00.000000554,54.79018,110,59
1970-01-01 00:00:00.000000555,55.067017,110,59
1970-01-01 00:00:00.000000555,54.37388,110,60
1970-01-01 00:00:00.000000556,54.64913,110,60
1970-01-01 00:00:00.000000556,53.955795,110,61
1970-01-01 00:00:00.000000557,54.232365,110,61
1970-01-01 00:00:00.000000557,53.3937,110,62
1970-01-01 00:00:00.000000558,53.667732,110,62
1970-01-01 00:00:00.000000558,52.869617,110,63
1970-01-01 00:00:00.000000559,53.14736,110,63
1970-01-01 00:00:00.000000559,52.42778,110,64
1970-01-01 00:00:00.000000560,52.705696,110,64
1970-01-01 00:00:00.000000560,50.607067,110,65
1970-01-01 00:00:00.000000561,50.85856,110,65
1970-01-01 00:00:00.000000561,49.61763,110,66
1970-01-01 00:00:00.000000562,49.906925,110,66
1970-01-01 00:00:00.000000562,50.51413,110,67
1970-01-01 00:00:00.000000563,50.819286,110,67
1970-01-01 00:00:00.000000563,51.660507,110,68
1970-01-01 00:00:00.000000564,51.958954,110,68
1970-01-01 00:00:00.000000564,52.18123,110,69
1970-01-01 00:00:00.000000565,52.467533,110,69
1970-01-01 00:00:00.000000565,52.505154,110,70
1970-01-01 00:00:00.000000566,52.79507,110,70
1970-01-01 00:00:00.000000566,53.80024,110,71
1970-01-01 00:00:00.000000567,54.102356,110,71
1970-01-01 00:00:00.000000567,55.47697,110,72
1970-01-01 00:00:00.000000568,55.77457,110,72
1970-01-01 00:00:00.000000568,56.31719,110,73
1970-01-01 00:00:00.000000569,56.597515,110,73
1970-01-01 00:00:00.000000569,56.68398,110,74
1970-01-01 00:00:00.000000570,56.970833,110,74
1970-01-01 00:00:00.000000570,53.65773,110,75
1970-01-01 00:00:00.000000571,53.86263,110,75
1970-01-01 00:00:00.000000571,53.061443,110,76
1970-01-01 00:00:00.000000572,53.377533,110,76
1970-01-01 00:00:00.000000572,55.164463,110,77
1970-01-01 00:00:00.000000573,55.461735,110,77
1970-01-01 00:00:00.000000573,60.064304,110,78
1970-01-01 00:00:00.000000574,60.385483,110,78
1970-01-01 00:00:00.000000574,67.18764,110,79
1970-01-01 00:00:00.000000575,67.49349,110,79
1970-01-01 00:00:00.000000575,72.35402,110,80
1970-01-01 00:00:00.000000576,72.60278,110,80
1970-01-01 00:00:00.000000576,85.11556,110,81
1970-01-01 00:00:00.000000577,85.377464,110,81
1970-01-01 00:00:00.000000577,96.828835,110,82
1970-01-01 00:00:00.000000578,96.96379,110,82
1970-01-01 00:00:00.000000578,99.66562,110,83
1970-01-01 00:00:00.000000579,99.77831,110,83
1970-01-01 00:00:00.000000579,99.664,110,84
1970-01-01 00:00:00.000000580,99.776726,110,84
1970-01-01 00:00:00.000000580,99.66617,110,85
1970-01-01 00:00:00.000000581,99.77882,110,85
1970-01-01 00:00:00.000000581,99.665955,110,86
1970-01-01 00:00:00.000000582,99.77852,110,86
1970-01-01 00:00:00.000000183,76.15125,112,10
1970-01-01 00:00:00.000000184,76.38161,112,10
1970-01-01 00:00:00.000000184,76.21496,112,11
1970-01-01 00:00:00.000000185,76.43545,112,11
1970-01-01 00:00:00.000000185,76.00751,112,12
1970-01-01 00:00:00.000000186,76.23435,112,12
1970-01-01 00:00:00.000000186,72.8718,112,13
1970-01-01 00:00:00.000000187,73.07794,112,13
1970-01-01 00:00:00.000000187,68.442314,112,14
1970-01-01 00:00:00.000000188,68.65652,112,14
1970-01-01 00:00:00.000000188,65.85875,112,15
1970-01-01 00:00:00.000000189,66.11796,112,15
1970-01-01 00:00:00.000000189,65.336685,112,16
1970-01-01 00:00:00.000000190,65.599556,112,16
1970-01-01 00:00:00.000000190,65.1595,112,17
1970-01-01 00:00:00.000000191,65.42592,112,17
1970-01-01 00:00:00.000000191,65.288734,112,18
1970-01-01 00:00:00.000000192,65.55781,112,18
1970-01-01 00:00:00.000000192,65.544304,112,19
1970-01-01 00:00:00.000000193,65.81337,112,19
1970-01-01 00:00:00.000000193,65.828285,112,20
1970-01-01 00:00:00.000000194,66.09688,112,20
1970-01-01 00:00:00.000000194,65.70234,112,21
1970-01-01 00:00:00.000000195,65.96585,112,21
1970-01-01 00:00:00.000000195,65.68755,112,22
1970-01-01 00:00:00.000000196,65.95652,112,22
1970-01-01 00:00:00.000000196,65.86666,112,23
1970-01-01 00:00:00.000000197,66.134705,112,23
1970-01-01 00:00:00.000000197,66.00848,112,24
1970-01-01 00:00:00.000000198,66.27606,112,24
1970-01-01 00:00:00.000000198,66.31724,112,25
1970-01-01 00:00:00.000000199,66.58605,112,25
1970-01-01 00:00:00.000000199,66.60442,112,26
1970-01-01 00:00:00.000000200,66.87062,112,26
1970-01-01 00:00:00.000000200,66.69816,112,27
1970-01-01 00:00:00.000000201,66.96169,112,27
1970-01-01 00:00:00.000000201,66.96907,112,28
1970-01-01 00:00:00.000000202,67.23625,112,28
1970-01-01 00:00:00.000000202,67.21269,112,29
1970-01-01 00:00:00.000000203,67.47816,112,29
1970-01-01 00:00:00.000000172,68.758484,113,10
1970-01-01 00:00:00.000000173,68.99367,113,10
1970-01-01 00:00:00.000000173,68.541595,113,11
1970-01-01 00:00:00.000000174,68.778694,113,11
1970-01-01 00:00:00.000000174,68.31361,113,12
1970-01-01 00:00:00.000000175,68.5499,113,12
1970-01-01 00:00:00.000000175,67.95743,113,13
1970-01-01 00:00:00.000000176,68.19325,113,13
1970-01-01 00:00:00.000000176,67.6781,113,14
1970-01-01 00:00:00.000000177,67.916084,113,14
1970-01-01 00:00:00.000000177,67.71049,113,15
1970-01-01 00:00:00.000000178,67.95113,113,15
1970-01-01 00:00:00.000000178,67.46286,113,16
1970-01-01 00:00:00.000000179,67.69855,113,16
1970-01-01 00:00:00.000000179,67.21749,113,17
1970-01-01 00:00:00.000000180,67.45685,113,17
1970-01-01 00:00:00.000000180,66.712265,113,18
1970-01-01 00:00:00.000000181,66.94661,113,18
1970-01-01 00:00:00.000000181,66.29329,113,19
1970-01-01 00:00:00.000000182,66.53407,113,19
1970-01-01 00:00:00.000000182,65.77126,113,20
1970-01-01 00:00:00.000000183,66.008156,113,20
1970-01-01 00:00:00.000000183,65.19879,113,21
1970-01-01 00:00:00.000000184,65.43992,113,21
1970-01-01 00:00:00.000000184,64.44368,113,22
1970-01-01 00:00:00.000000185,64.68257,113,22
1970-01-01 00:00:00.000000185,63.896866,113,23
1970-01-01 00:00:00.000000186,64.14512,113,23
1970-01-01 00:00:00.000000186,63.933125,113,24
1970-01-01 00:00:00.000000187,64.18749,113,24
1970-01-01 00:00:00.000000187,64.1757,113,25
1970-01-01 00:00:00.000000188,64.428154,113,25
1970-01-01 00:00:00.000000188,63.95851,113,26
1970-01-01 00:00:00.000000189,64.2035,113,26
1970-01-01 00:00:00.000000189,63.67897,113,27
1970-01-01 00:00:00.000000190,63.928288,113,27
1970-01-01 00:00:00.000000157,55.27016,114,10
1970-01-01 00:00:00.000000158,55.547607,114,10
1970-01-01 00:00:00.000000158,55.15203,114,11
1970-01-01 00:00:00.000000159,55.429047,114,11
1970-01-01 00:00:00.000000159,54.970722,114,12
1970-01-01 00:00:00.000000160,55.24716,114,12
1970-01-01 00:00:00.000000160,54.875965,114,13
1970-01-01 00:00:00.000000161,55.15461,114,13
1970-01-01 00:00:00.000000161,54.939568,114,14
1970-01-01 00:00:00.000000162,55.219948,114,14
1970-01-01 00:00:00.000000162,54.912167,114,15
1970-01-01 00:00:00.000000163,55.19194,114,15
1970-01-01 00:00:00.000000163,54.91057,114,16
1970-01-01 00:00:00.000000164,55.193554,114,16
1970-01-01 00:00:00.000000164,55.10698,114,17
1970-01-01 00:00:00.000000165,55.384514,114,17
1970-01-01 00:00:00.000000165,56.689377,114,18
1970-01-01 00:00:00.000000166,56.97263,114,18
1970-01-01 00:00:00.000000166,78.837425,114,19
1970-01-01 00:00:00.000000167,79.246994,114,19
1970-01-01 00:00:00.000000167,96.97252,114,20
1970-01-01 00:00:00.000000168,97.09122,114,20
1970-01-01 00:00:00.000000168,99.91379,114,21
1970-01-01 00:00:00.000000169,100.0,114,21
1970-01-01 00:00:00.000000169,99.90188,114,22
1970-01-01 00:00:00.000000170,100.0,114,22
1970-01-01 00:00:00.000000170,99.89508,114,23
1970-01-01 00:00:00.000000171,99.99459,114,23
1970-01-01 00:00:00.000000171,99.89445,114,24
1970-01-01 00:00:00.000000172,99.99425,114,24
1970-01-01 00:00:00.000000086,99.68958,115,10
1970-01-01 00:00:00.000000087,99.801674,115,10
1970-01-01 00:00:00.000000087,99.68149,115,11
1970-01-01 00:00:00.000000088,99.79359,115,11
1970-01-01 00:00:00.000000088,99.68168,115,12
1970-01-01 00:00:00.000000089,99.79399,115,12
1970-01-01 00:00:00.000000096,70.39417,117,10
1970-01-01 00:00:00.000000097,70.64091,117,10
1970-01-01 00:00:00.000000097,70.51557,117,11
1970-01-01 00:00:00.000000098,70.76312,117,11
1970-01-01 00:00:00.000000098,70.603386,117,12
1970-01-01 00:00:00.000000099,70.84954,117,12
1970-01-01 00:00:00.000000099,70.71568,117,13
1970-01-01 00:00:00.000000100,70.96463,117,13
1970-01-01 00:00:00.000000082,65.96759,118,10
1970-01-01 00:00:00.000000083,66.22784,118,10
1970-01-01 00:00:00.000000083,68.51167,118,11
1970-01-01 00:00:00.000000084,68.76653,118,11
1970-01-01 00:00:00.000000109,51.366226,121,10
1970-01-01 00:00:00.000000110,51.650764,121,10
1970-01-01 00:00:00.000000110,51.06417,121,11
1970-01-01 00:00:00.000000111,51.34983,121,11
1970-01-01 00:00:00.000000111,50.96518,121,12
1970-01-01 00:00:00.000000112,51.254475,121,12
1970-01-01 00:00:00.000000112,51.33222,121,13
1970-01-01 00:00:00.000000113,51.628883,121,13
1970-01-01 00:00:00.000000113,51.95642,121,14
1970-01-01 00:00:00.000000114,52.251297,121,14
1970-01-01 00:00:00.000000114,52.704197,121,15
1970-01-01 00:00:00.000000115,53.000534,121,15
1970-01-01 00:00:00.000000115,53.779392,121,16
1970-01-01 00:00:00.000000116,54.08462,121,16
1970-01-01 00:00:00.000000165,71.04831,122,10
1970-01-01 00:00:00.000000166,71.29219,122,10
1970-01-01 00:00:00.000000166,70.16416,122,11
1970-01-01 00:00:00.000000167,70.38804,122,11
1970-01-01 00:00:00.000000167,68.356224,122,12
1970-01-01 00:00:00.000000168,68.58811,122,12
1970-01-01 00:00:00.000000168,66.541275,122,13
1970-01-01 00:00:00.000000169,66.77546,122,13
1970-01-01 00:00:00.000000169,66.27418,122,14
1970-01-01 00:00:00.000000170,66.53181,122,14
1970-01-01 00:00:00.000000170,67.22854,122,15
1970-01-01 00:00:00.000000171,67.48409,122,15
1970-01-01 00:00:00.000000171,67.95202,122,16
1970-01-01 00:00:00.000000172,68.20191,122,16
1970-01-01 00:00:00.000000172,67.58088,122,17
1970-01-01 00:00:00.000000173,67.81951,122,17
1970-01-01 00:00:00.000000173,67.23037,122,18
1970-01-01 00:00:00.000000174,67.47828,122,18
1970-01-01 00:00:00.000000174,66.76553,122,19
1970-01-01 00:00:00.000000175,67.00818,122,19
1970-01-01 00:00:00.000000175,65.44641,122,20
1970-01-01 00:00:00.000000176,65.68532,122,20
1970-01-01 00:00:00.000000176,64.00623,122,21
1970-01-01 00:00:00.000000177,64.24996,122,21
1970-01-01 00:00:00.000000177,62.370712,122,22
1970-01-01 00:00:00.000000178,62.61381,122,22
1970-01-01 00:00:00.000000178,61.82277,122,23
1970-01-01 00:00:00.000000179,62.08872,122,23
1970-01-01 00:00:00.000000179,62.788063,122,24
1970-01-01 00:00:00.000000180,63.062935,122,24
1970-01-01 00:00:00.000000180,63.03995,122,25
1970-01-01 00:00:00.000000181,63.296967,122,25
1970-01-01 00:00:00.000000181,61.986385,122,26
1970-01-01 00:00:00.000000182,62.239002,122,26
1970-01-01 00:00:00.000000101,70.016525,123,10
1970-01-01 00:00:00.000000102,70.25288,123,10
1970-01-01 00:00:00.000000102,69.3744,123,11
1970-01-01 00:00:00.000000103,69.6042,123,11
1970-01-01 00:00:00.000000103,68.38784,123,12
1970-01-01 00:00:00.000000104,68.62134,123,12
1970-01-01 00:00:00.000000104,67.039795,123,13
1970-01-01 00:00:00.000000105,67.27708,123,13
1970-01-01 00:00:00.000000105,65.76347,123,14
1970-01-01 00:00:00.000000106,66.0088,123,14
1970-01-01 00:00:00.000000106,65.52659,123,15
1970-01-01 00:00:00.000000107,65.78233,123,15
1970-01-01 00:00:00.000000107,62.795395,124,10
1970-01-01 00:00:00.000000108,63.134216,124,10
1970-01-01 00:00:00.000000108,86.923355,124,11
1970-01-01 00:00:00.000000109,87.23312,124,11
1970-01-01 00:00:00.000000109,99.8091,124,12
1970-01-01 00:00:00.000000110,99.91306,124,12
1970-01-01 00:00:00.000000110,99.82076,124,13
1970-01-01 00:00:00.000000111,99.92461,124,13
1970-01-01 00:00:00.000000111,99.81731,124,14
1970-01-01 00:00:00.000000112,99.92131,124,14
1970-01-01 00:00:00.000000112,99.814125,124,15
1970-01-01 00:00:00.000000113,99.9184,124,15
1970-01-01 00:00:00.000000164,55.8376,125,10
1970-01-01 00:00:00.000000165,56.12431,125,10
1970-01-01 00:00:00.000000165,55.853107,125,11
1970-01-01 00:00:00.000000166,56.14355,125,11
1970-01-01 00:00:00.000000166,55.97076,125,12
1970-01-01 00:00:00.000000167,56.262623,125,12
1970-01-01 00:00:00.000000167,55.65839,125,13
1970-01-01 00:00:00.000000168,55.940678,125,13
1970-01-01 00:00:00.000000168,55.630753,125,14
1970-01-01 00:00:00.000000169,55.92478,125,14
1970-01-01 00:00:00.000000169,55.852844,125,15
1970-01-01 00:00:00.000000170,56.14343,125,15
1970-01-01 00:00:00.000000170,55.625504,125,16
1970-01-01 00:00:00.000000171,55.910786,125,16
1970-01-01 00:00:00.000000171,55.352596,125,17
1970-01-01 00:00:00.000000172,55.64831,125,17
1970-01-01 00:00:00.000000172,55.57837,125,18
1970-01-01 00:00:00.000000173,55.877254,125,18
1970-01-01 00:00:00.000000173,56.130585,125,19
1970-01-01 00:00:00.000000174,56.40268,125,19
1970-01-01 00:00:00.000000174,62.932095,125,20
1970-01-01 00:00:00.000000175,63.301056,125,20
1970-01-01 00:00:00.000000175,86.48668,125,21
1970-01-01 00:00:00.000000176,86.80339,125,21
1970-01-01 00:00:00.000000176,99.60293,125,22
1970-01-01 00:00:00.000000177,99.717674,125,22
1970-01-01 00:00:00.000000177,99.6167,125,23
1970-01-01 00:00:00.000000178,99.73142,125,23
1970-01-01 00:00:00.000000178,99.61593,125,24
1970-01-01 00:00:00.000000179,99.730644,125,24
1970-01-01 00:00:00.000000179,99.615036,125,25
1970-01-01 00:00:00.000000180,99.730125,125,25
1970-01-01 00:00:00.000000208,55.07725,126,10
1970-01-01 00:00:00.000000209,55.32216,126,10
1970-01-01 00:00:00.000000209,54.186092,126,11
1970-01-01 00:00:00.000000210,54.438324,126,11
1970-01-01 00:00:00.000000210,54.65848,126,12
1970-01-01 00:00:00.000000211,54.94162,126,12
1970-01-01 00:00:00.000000211,55.963997,126,13
1970-01-01 00:00:00.000000212,56.2563,126,13
1970-01-01 00:00:00.000000212,57.450726,126,14
1970-01-01 00:00:00.000000213,57.740616,126,14
1970-01-01 00:00:00.000000213,58.864223,126,15
1970-01-01 00:00:00.000000214,59.14911,126,15
1970-01-01 00:00:00.000000214,60.270893,126,16
1970-01-01 00:00:00.000000215,60.553474,126,16
1970-01-01 00:00:00.000000215,61.660595,126,17
1970-01-01 00:00:00.000000216,61.938614,126,17
1970-01-01 00:00:00.000000216,63.749825,126,18
1970-01-01 00:00:00.000000217,64.0332,126,18
1970-01-01 00:00:00.000000217,65.59052,126,19
1970-01-01 00:00:00.000000218,65.85696,126,19
1970-01-01 00:00:00.000000218,67.000175,126,20
1970-01-01 00:00:00.000000219,67.26345,126,20
1970-01-01 00:00:00.000000219,68.3594,126,21
1970-01-01 00:00:00.000000220,68.61713,126,21
1970-01-01 00:00:00.000000220,69.84305,126,22
1970-01-01 00:00:00.000000221,70.098694,126,22
1970-01-01 00:00:00.000000221,71.309616,126,23
1970-01-01 00:00:00.000000222,71.557976,126,23
1970-01-01 00:00:00.000000222,72.35651,126,24
1970-01-01 00:00:00.000000223,72.597755,126,24
1970-01-01 00:00:00.000000223,72.88488,126,25
1970-01-01 00:00:00.000000224,73.12044,126,25
1970-01-01 00:00:00.000000224,73.07071,126,26
1970-01-01 00:00:00.000000225,73.30474,126,26
1970-01-01 00:00:00.000000225,73.11317,126,27
1970-01-01 00:00:00.000000226,73.34763,126,27
1970-01-01 00:00:00.000000226,72.97533,126,28
1970-01-01 00:00:00.000000227,73.2069,126,28
1970-01-01 00:00:00.000000227,73.13715,126,29
1970-01-01 00:00:00.000000228,73.372475,126,29
1970-01-01 00:00:00.000000228,73.79359,126,30
1970-01-01 00:00:00.000000229,74.03012,126,30
1970-01-01 00:00:00.000000229,74.79537,126,31
1970-01-01 00:00:00.000000230,75.03126,126,31
1970-01-01 00:00:00.000000230,75.55555,126,32
1970-01-01 00:00:00.000000231,75.78562,126,32
1970-01-01 00:00:00.000000231,75.86109,126,33
1970-01-01 00:00:00.000000232,76.0868,126,33
1970-01-01 00:00:00.000000188,67.312065,127,10
1970-01-01 00:00:00.000000189,67.55838,127,10
1970-01-01 00:00:00.000000189,67.27255,127,11
1970-01-01 00:00:00.000000190,67.51666,127,11
1970-01-01 00:00:00.000000190,67.42366,127,12
1970-01-01 00:00:00.000000191,67.67202,127,12
1970-01-01 00:00:00.000000191,67.61892,127,13
1970-01-01 00:00:00.000000192,67.86697,127,13
1970-01-01 00:00:00.000000192,67.239655,127,14
1970-01-01 00:00:00.000000193,67.481026,127,14
1970-01-01 00:00:00.000000193,66.7256,127,15
1970-01-01 00:00:00.000000194,66.9698,127,15
1970-01-01 00:00:00.000000194,66.39066,127,16
1970-01-01 00:00:00.000000195,66.637245,127,16
1970-01-01 00:00:00.000000195,66.23332,127,17
1970-01-01 00:00:00.000000196,66.48172,127,17
1970-01-01 00:00:00.000000196,66.00949,127,18
1970-01-01 00:00:00.000000197,66.256676,127,18
1970-01-01 00:00:00.000000197,65.88296,127,19
1970-01-01 00:00:00.000000198,66.13337,127,19
1970-01-01 00:00:00.000000198,65.89724,127,20
1970-01-01 00:00:00.000000199,66.14826,127,20
1970-01-01 00:00:00.000000199,65.998314,127,21
1970-01-01 00:00:00.000000200,66.2498,127,21
1970-01-01 00:00:00.000000200,65.78966,127,22
1970-01-01 00:00:00.000000201,66.03706,127,22
1970-01-01 00:00:00.000000201,65.87013,127,23
1970-01-01 00:00:00.000000202,66.12513,127,23
1970-01-01 00:00:00.000000202,65.38059,127,24
1970-01-01 00:00:00.000000203,65.6235,127,24
1970-01-01 00:00:00.000000203,64.0136,127,25
1970-01-01 00:00:00.000000204,64.25531,127,25
1970-01-01 00:00:00.000000204,62.291744,127,26
1970-01-01 00:00:00.000000205,62.53371,127,26
1970-01-01 00:00:00.000000205,60.3936,127,27
1970-01-01 00:00:00.000000206,60.63723,127,27
1970-01-01 00:00:00.000000206,58.10082,127,28
1970-01-01 00:00:00.000000207,58.34056,127,28
1970-01-01 00:00:00.000000207,55.30539,127,29
1970-01-01 00:00:00.000000208,55.54306,127,29
1970-01-01 00:00:00.000000208,51.83676,127,30
1970-01-01 00:00:00.000000209,52.065777,127,30
1970-01-01 00:00:00.000000082,99.84554,129,10
1970-01-01 00:00:00.000000083,99.94793,129,10
1970-01-01 00:00:00.000000083,99.83895,129,11
1970-01-01 00:00:00.000000084,99.94151,129,11
