sequence_index,second_chamber_filling,block_idx,fcst_origin
1970-01-01 00:00:00.000000097,77.96572,0,10
1970-01-01 00:00:00.000000098,78.02551,0,10
1970-01-01 00:00:00.000000099,77.90311,0,10
1970-01-01 00:00:00.000000098,76.783,0,11
1970-01-01 00:00:00.000000099,76.89469,0,11
1970-01-01 00:00:00.000000100,76.90033,0,11
1970-01-01 00:00:00.000000099,77.31201,0,12
1970-01-01 00:00:00.000000100,77.32843,0,12
1970-01-01 00:00:00.000000101,76.97158,0,12
1970-01-01 00:00:00.000000100,76.62999,0,13
1970-01-01 00:00:00.000000101,75.99758,0,13
1970-01-01 00:00:00.000000102,76.01021,0,13
1970-01-01 00:00:00.000000081,74.678795,1,10
1970-01-01 00:00:00.000000082,74.70125,1,10
1970-01-01 00:00:00.000000083,74.711685,1,10
1970-01-01 00:00:00.000000079,69.65418,4,10
1970-01-01 00:00:00.000000080,69.940254,4,10
1970-01-01 00:00:00.000000081,69.96072,4,10
1970-01-01 00:00:00.000000079,74.63841,5,10
1970-01-01 00:00:00.000000080,74.62917,5,10
1970-01-01 00:00:00.000000081,74.618126,5,10
1970-01-01 00:00:00.000000119,78.40877,11,10
1970-01-01 00:00:00.000000120,78.32611,11,10
1970-01-01 00:00:00.000000121,78.34,11,10
1970-01-01 00:00:00.000000120,78.99995,11,11
1970-01-01 00:00:00.000000121,79.03355,11,11
1970-01-01 00:00:00.000000122,78.84501,11,11
1970-01-01 00:00:00.000000121,79.434944,11,12
1970-01-01 00:00:00.000000122,79.321075,11,12
1970-01-01 00:00:00.000000123,78.99036,11,12
1970-01-01 00:00:00.000000122,78.14738,11,13
1970-01-01 00:00:00.000000123,78.021454,11,13
1970-01-01 00:00:00.000000124,78.20992,11,13
1970-01-01 00:00:00.000000123,77.85398,11,14
1970-01-01 00:00:00.000000124,78.15149,11,14
1970-01-01 00:00:00.000000125,78.1434,11,14
1970-01-01 00:00:00.000000124,78.37652,11,15
1970-01-01 00:00:00.000000125,78.499504,11,15
1970-01-01 00:00:00.000000126,78.54459,11,15
1970-01-01 00:00:00.000000125,78.09168,11,16
1970-01-01 00:00:00.000000126,78.19747,11,16
1970-01-01 00:00:00.000000127,78.21293,11,16
1970-01-01 00:00:00.000000126,78.09644,11,17
1970-01-01 00:00:00.000000127,78.12943,11,17
1970-01-01 00:00:00.000000128,78.1667,11,17
1970-01-01 00:00:00.000000113,68.59658,12,10
1970-01-01 00:00:00.000000114,68.97074,12,10
1970-01-01 00:00:00.000000115,69.15303,12,10
1970-01-01 00:00:00.000000114,68.92211,12,11
1970-01-01 00:00:00.000000115,69.30933,12,11
1970-01-01 00:00:00.000000116,69.09996,12,11
1970-01-01 00:00:00.000000115,68.40375,12,12
1970-01-01 00:00:00.000000116,68.36418,12,12
1970-01-01 00:00:00.000000117,68.424416,12,12
1970-01-01 00:00:00.000000116,69.2553,12,13
1970-01-01 00:00:00.000000117,69.35268,12,13
1970-01-01 00:00:00.000000118,69.30307,12,13
1970-01-01 00:00:00.000000117,69.27131,12,14
1970-01-01 00:00:00.000000118,69.33374,12,14
1970-01-01 00:00:00.000000119,69.24609,12,14
1970-01-01 00:00:00.000000118,69.34087,12,15
1970-01-01 00:00:00.000000119,69.16423,12,15
1970-01-01 00:00:00.000000120,69.00802,12,15
1970-01-01 00:00:00.000000119,69.4829,12,16
1970-01-01 00:00:00.000000120,69.361855,12,16
1970-01-01 00:00:00.000000121,69.382416,12,16
1970-01-01 00:00:00.000000157,81.74484,13,10
1970-01-01 00:00:00.000000158,81.936874,13,10
1970-01-01 00:00:00.000000159,82.20058,13,10
1970-01-01 00:00:00.000000158,81.604744,13,11
1970-01-01 00:00:00.000000159,81.74744,13,11
1970-01-01 00:00:00.000000160,81.87471,13,11
1970-01-01 00:00:00.000000159,81.424706,13,12
1970-01-01 00:00:00.000000160,81.45822,13,12
1970-01-01 00:00:00.000000161,81.467766,13,12
1970-01-01 00:00:00.000000160,81.272316,13,13
1970-01-01 00:00:00.000000161,81.296005,13,13
1970-01-01 00:00:00.000000162,81.288284,13,13
1970-01-01 00:00:00.000000161,81.61507,13,14
1970-01-01 00:00:00.000000162,81.70213,13,14
1970-01-01 00:00:00.000000163,81.74339,13,14
1970-01-01 00:00:00.000000162,81.647606,13,15
1970-01-01 00:00:00.000000163,81.68249,13,15
1970-01-01 00:00:00.000000164,81.67632,13,15
1970-01-01 00:00:00.000000163,81.87371,13,16
1970-01-01 00:00:00.000000164,81.81892,13,16
1970-01-01 00:00:00.000000165,81.76279,13,16
1970-01-01 00:00:00.000000164,82.230225,13,17
1970-01-01 00:00:00.000000165,82.18197,13,17
1970-01-01 00:00:00.000000166,82.05645,13,17
1970-01-01 00:00:00.000000165,81.96345,13,18
1970-01-01 00:00:00.000000166,81.87851,13,18
1970-01-01 00:00:00.000000167,81.81277,13,18
1970-01-01 00:00:00.000000166,82.09165,13,19
1970-01-01 00:00:00.000000167,82.02716,13,19
1970-01-01 00:00:00.000000168,81.954704,13,19
1970-01-01 00:00:00.000000167,82.187256,13,20
1970-01-01 00:00:00.000000168,82.174515,13,20
1970-01-01 00:00:00.000000169,82.213486,13,20
1970-01-01 00:00:00.000000168,82.561,13,21
1970-01-01 00:00:00.000000169,82.59689,13,21
1970-01-01 00:00:00.000000170,82.61711,13,21
1970-01-01 00:00:00.000000169,82.4452,13,22
1970-01-01 00:00:00.000000170,82.45389,13,22
1970-01-01 00:00:00.000000171,82.45298,13,22
1970-01-01 00:00:00.000000170,82.7838,13,23
1970-01-01 00:00:00.000000171,82.82374,13,23
1970-01-01 00:00:00.000000172,82.760994,13,23
1970-01-01 00:00:00.000000141,68.49662,15,10
1970-01-01 00:00:00.000000142,68.67368,15,10
1970-01-01 00:00:00.000000143,68.339485,15,10
1970-01-01 00:00:00.000000142,69.64073,15,11
1970-01-01 00:00:00.000000143,69.81699,15,11
1970-01-01 00:00:00.000000144,69.94815,15,11
1970-01-01 00:00:00.000000143,69.31389,15,12
1970-01-01 00:00:00.000000144,69.51336,15,12
1970-01-01 00:00:00.000000145,69.56312,15,12
1970-01-01 00:00:00.000000144,71.5773,15,13
1970-01-01 00:00:00.000000145,72.03088,15,13
1970-01-01 00:00:00.000000146,72.18384,15,13
1970-01-01 00:00:00.000000145,72.4252,15,14
1970-01-01 00:00:00.000000146,72.82013,15,14
1970-01-01 00:00:00.000000147,72.93563,15,14
1970-01-01 00:00:00.000000146,71.291466,15,15
1970-01-01 00:00:00.000000147,71.24771,15,15
1970-01-01 00:00:00.000000148,71.16176,15,15
1970-01-01 00:00:00.000000147,71.43728,15,16
1970-01-01 00:00:00.000000148,71.494804,15,16
1970-01-01 00:00:00.000000149,71.21516,15,16
1970-01-01 00:00:00.000000148,71.66039,15,17
1970-01-01 00:00:00.000000149,71.726105,15,17
1970-01-01 00:00:00.000000150,71.56062,15,17
1970-01-01 00:00:00.000000149,71.26564,15,18
1970-01-01 00:00:00.000000150,71.20262,15,18
1970-01-01 00:00:00.000000151,71.18603,15,18
1970-01-01 00:00:00.000000150,71.42928,15,19
1970-01-01 00:00:00.000000151,71.40311,15,19
1970-01-01 00:00:00.000000152,71.365234,15,19
1970-01-01 00:00:00.000000151,71.56121,15,20
1970-01-01 00:00:00.000000152,71.52205,15,20
1970-01-01 00:00:00.000000153,71.498146,15,20
1970-01-01 00:00:00.000000156,81.051926,16,10
1970-01-01 00:00:00.000000157,81.20577,16,10
1970-01-01 00:00:00.000000158,81.20178,16,10
1970-01-01 00:00:00.000000157,80.17405,16,11
1970-01-01 00:00:00.000000158,80.183014,16,11
1970-01-01 00:00:00.000000159,80.16717,16,11
1970-01-01 00:00:00.000000158,79.24716,16,12
1970-01-01 00:00:00.000000159,79.20396,16,12
1970-01-01 00:00:00.000000160,79.33139,16,12
1970-01-01 00:00:00.000000159,79.54703,16,13
1970-01-01 00:00:00.000000160,79.74825,16,13
1970-01-01 00:00:00.000000161,80.182274,16,13
1970-01-01 00:00:00.000000160,80.49018,16,14
1970-01-01 00:00:00.000000161,81.22029,16,14
1970-01-01 00:00:00.000000162,81.44085,16,14
1970-01-01 00:00:00.000000161,80.74312,16,15
1970-01-01 00:00:00.000000162,81.25014,16,15
1970-01-01 00:00:00.000000163,81.28244,16,15
1970-01-01 00:00:00.000000162,80.7752,16,16
1970-01-01 00:00:00.000000163,80.92673,16,16
1970-01-01 00:00:00.000000164,80.79099,16,16
1970-01-01 00:00:00.000000163,80.02126,16,17
1970-01-01 00:00:00.000000164,80.057175,16,17
1970-01-01 00:00:00.000000165,80.008736,16,17
1970-01-01 00:00:00.000000164,79.71908,16,18
1970-01-01 00:00:00.000000165,79.79514,16,18
1970-01-01 00:00:00.000000166,79.80951,16,18
1970-01-01 00:00:00.000000165,79.63892,16,19
1970-01-01 00:00:00.000000166,79.728516,16,19
1970-01-01 00:00:00.000000167,79.73008,16,19
1970-01-01 00:00:00.000000166,79.21466,16,20
1970-01-01 00:00:00.000000167,79.32532,16,20
1970-01-01 00:00:00.000000168,79.459526,16,20
1970-01-01 00:00:00.000000167,79.04338,16,21
1970-01-01 00:00:00.000000168,79.10686,16,21
1970-01-01 00:00:00.000000169,79.17715,16,21
1970-01-01 00:00:00.000000168,78.30705,16,22
1970-01-01 00:00:00.000000169,78.320786,16,22
1970-01-01 00:00:00.000000170,78.3006,16,22
1970-01-01 00:00:00.000000169,77.58525,16,23
1970-01-01 00:00:00.000000170,77.89339,16,23
1970-01-01 00:00:00.000000171,78.496826,16,23
1970-01-01 00:00:00.000000123,66.24381,17,10
1970-01-01 00:00:00.000000124,66.291824,17,10
1970-01-01 00:00:00.000000125,66.37113,17,10
1970-01-01 00:00:00.000000124,66.335434,17,11
1970-01-01 00:00:00.000000125,66.41159,17,11
1970-01-01 00:00:00.000000126,66.64594,17,11
1970-01-01 00:00:00.000000125,65.70352,17,12
1970-01-01 00:00:00.000000126,65.80109,17,12
1970-01-01 00:00:00.000000127,65.84268,17,12
1970-01-01 00:00:00.000000126,65.62953,17,13
1970-01-01 00:00:00.000000127,65.63124,17,13
1970-01-01 00:00:00.000000128,65.69743,17,13
1970-01-01 00:00:00.000000127,65.88564,17,14
1970-01-01 00:00:00.000000128,65.97867,17,14
1970-01-01 00:00:00.000000129,65.93059,17,14
1970-01-01 00:00:00.000000128,66.22912,17,15
1970-01-01 00:00:00.000000129,66.18655,17,15
1970-01-01 00:00:00.000000130,66.16593,17,15
1970-01-01 00:00:00.000000129,65.82388,17,16
1970-01-01 00:00:00.000000130,65.89538,17,16
1970-01-01 00:00:00.000000131,65.856064,17,16
1970-01-01 00:00:00.000000130,64.908844,17,17
1970-01-01 00:00:00.000000131,65.08343,17,17
1970-01-01 00:00:00.000000132,65.14284,17,17
1970-01-01 00:00:00.000000134,84.90422,19,10
1970-01-01 00:00:00.000000135,84.91725,19,10
1970-01-01 00:00:00.000000136,84.92299,19,10
1970-01-01 00:00:00.000000135,84.91595,19,11
1970-01-01 00:00:00.000000136,84.93353,19,11
1970-01-01 00:00:00.000000137,84.98299,19,11
1970-01-01 00:00:00.000000136,84.92173,19,12
1970-01-01 00:00:00.000000137,84.9429,19,12
1970-01-01 00:00:00.000000138,84.9553,19,12
1970-01-01 00:00:00.000000137,85.061485,19,13
1970-01-01 00:00:00.000000138,85.06617,19,13
1970-01-01 00:00:00.000000139,85.059044,19,13
1970-01-01 00:00:00.000000138,84.98388,19,14
1970-01-01 00:00:00.000000139,84.98189,19,14
1970-01-01 00:00:00.000000140,84.974525,19,14
1970-01-01 00:00:00.000000139,84.9406,19,15
1970-01-01 00:00:00.000000140,84.942894,19,15
1970-01-01 00:00:00.000000141,84.94391,19,15
1970-01-01 00:00:00.000000140,84.65085,19,16
1970-01-01 00:00:00.000000141,84.6562,19,16
1970-01-01 00:00:00.000000142,84.697464,19,16
1970-01-01 00:00:00.000000141,84.72684,19,17
1970-01-01 00:00:00.000000142,84.75273,19,17
1970-01-01 00:00:00.000000143,84.77916,19,17
1970-01-01 00:00:00.000000142,84.96015,19,18
1970-01-01 00:00:00.000000143,84.937004,19,18
1970-01-01 00:00:00.000000144,84.91101,19,18
1970-01-01 00:00:00.000000143,85.25042,19,19
1970-01-01 00:00:00.000000144,85.14198,19,19
1970-01-01 00:00:00.000000145,85.18346,19,19
1970-01-01 00:00:00.000000121,70.365204,20,10
1970-01-01 00:00:00.000000122,70.5096,20,10
1970-01-01 00:00:00.000000123,70.66727,20,10
1970-01-01 00:00:00.000000122,70.15803,20,11
1970-01-01 00:00:00.000000123,70.19676,20,11
1970-01-01 00:00:00.000000124,70.21342,20,11
1970-01-01 00:00:00.000000123,70.79109,20,12
1970-01-01 00:00:00.000000124,70.847374,20,12
1970-01-01 00:00:00.000000125,70.72979,20,12
1970-01-01 00:00:00.000000124,71.393715,20,13
1970-01-01 00:00:00.000000125,70.95052,20,13
1970-01-01 00:00:00.000000126,71.004524,20,13
1970-01-01 00:00:00.000000125,71.19327,20,14
1970-01-01 00:00:00.000000126,71.11752,20,14
1970-01-01 00:00:00.000000127,71.198425,20,14
1970-01-01 00:00:00.000000126,70.93468,20,15
1970-01-01 00:00:00.000000127,71.00576,20,15
1970-01-01 00:00:00.000000128,71.05025,20,15
1970-01-01 00:00:00.000000127,71.20299,20,16
1970-01-01 00:00:00.000000128,71.19457,20,16
1970-01-01 00:00:00.000000129,71.20318,20,16
1970-01-01 00:00:00.000000128,71.038155,20,17
1970-01-01 00:00:00.000000129,71.063324,20,17
1970-01-01 00:00:00.000000130,71.08251,20,17
1970-01-01 00:00:00.000000130,72.42539,21,10
1970-01-01 00:00:00.000000131,72.448456,21,10
1970-01-01 00:00:00.000000132,73.469406,21,10
1970-01-01 00:00:00.000000131,73.33087,21,11
1970-01-01 00:00:00.000000132,73.8441,21,11
1970-01-01 00:00:00.000000133,73.73011,21,11
1970-01-01 00:00:00.000000132,75.35668,21,12
1970-01-01 00:00:00.000000133,75.20043,21,12
1970-01-01 00:00:00.000000134,74.928375,21,12
1970-01-01 00:00:00.000000133,74.80517,21,13
1970-01-01 00:00:00.000000134,74.63135,21,13
1970-01-01 00:00:00.000000135,73.90931,21,13
1970-01-01 00:00:00.000000134,74.05124,21,14
1970-01-01 00:00:00.000000135,73.12085,21,14
1970-01-01 00:00:00.000000136,72.55887,21,14
1970-01-01 00:00:00.000000135,72.552605,21,15
1970-01-01 00:00:00.000000136,72.08971,21,15
1970-01-01 00:00:00.000000137,72.14456,21,15
1970-01-01 00:00:00.000000136,73.41161,21,16
1970-01-01 00:00:00.000000137,73.12199,21,16
1970-01-01 00:00:00.000000138,72.9687,21,16
1970-01-01 00:00:00.000000137,74.92636,21,17
1970-01-01 00:00:00.000000138,74.888176,21,17
1970-01-01 00:00:00.000000139,74.89412,21,17
1970-01-01 00:00:00.000000138,75.072525,21,18
1970-01-01 00:00:00.000000139,75.132805,21,18
1970-01-01 00:00:00.000000140,75.30736,21,18
1970-01-01 00:00:00.000000171,58.53403,22,10
1970-01-01 00:00:00.000000172,58.579117,22,10
1970-01-01 00:00:00.000000173,58.60084,22,10
1970-01-01 00:00:00.000000172,58.34321,22,11
1970-01-01 00:00:00.000000173,58.379913,22,11
1970-01-01 00:00:00.000000174,58.370136,22,11
1970-01-01 00:00:00.000000173,57.59137,22,12
1970-01-01 00:00:00.000000174,57.6487,22,12
1970-01-01 00:00:00.000000175,57.655052,22,12
1970-01-01 00:00:00.000000174,57.403828,22,13
1970-01-01 00:00:00.000000175,57.454163,22,13
1970-01-01 00:00:00.000000176,57.4605,22,13
1970-01-01 00:00:00.000000175,57.947613,22,14
1970-01-01 00:00:00.000000176,58.209637,22,14
1970-01-01 00:00:00.000000177,58.23007,22,14
1970-01-01 00:00:00.000000176,58.333447,22,15
1970-01-01 00:00:00.000000177,58.409256,22,15
1970-01-01 00:00:00.000000178,58.481205,22,15
1970-01-01 00:00:00.000000177,56.49174,22,16
1970-01-01 00:00:00.000000178,55.97993,22,16
1970-01-01 00:00:00.000000179,56.103035,22,16
1970-01-01 00:00:00.000000178,55.051548,22,17
1970-01-01 00:00:00.000000179,55.386993,22,17
1970-01-01 00:00:00.000000180,55.19148,22,17
1970-01-01 00:00:00.000000179,55.997173,22,18
1970-01-01 00:00:00.000000180,56.040573,22,18
1970-01-01 00:00:00.000000181,56.2793,22,18
1970-01-01 00:00:00.000000180,55.64866,22,19
1970-01-01 00:00:00.000000181,55.95461,22,19
1970-01-01 00:00:00.000000182,56.100906,22,19
1970-01-01 00:00:00.000000181,55.45991,22,20
1970-01-01 00:00:00.000000182,55.496906,22,20
1970-01-01 00:00:00.000000183,55.484974,22,20
1970-01-01 00:00:00.000000182,55.124664,22,21
1970-01-01 00:00:00.000000183,55.165672,22,21
1970-01-01 00:00:00.000000184,55.159706,22,21
1970-01-01 00:00:00.000000183,54.78054,22,22
1970-01-01 00:00:00.000000184,54.91895,22,22
1970-01-01 00:00:00.000000185,55.0109,22,22
1970-01-01 00:00:00.000000184,54.604385,22,23
1970-01-01 00:00:00.000000185,54.66144,22,23
1970-01-01 00:00:00.000000186,54.716152,22,23
1970-01-01 00:00:00.000000185,53.891712,22,24
1970-01-01 00:00:00.000000186,53.99905,22,24
1970-01-01 00:00:00.000000187,54.01405,22,24
1970-01-01 00:00:00.000000186,53.074383,22,25
1970-01-01 00:00:00.000000187,53.10691,22,25
1970-01-01 00:00:00.000000188,53.091248,22,25
1970-01-01 00:00:00.000000187,53.494854,22,26
1970-01-01 00:00:00.000000188,53.614758,22,26
1970-01-01 00:00:00.000000189,54.023186,22,26
1970-01-01 00:00:00.000000130,74.50548,23,10
1970-01-01 00:00:00.000000131,74.4621,23,10
1970-01-01 00:00:00.000000132,74.442116,23,10
1970-01-01 00:00:00.000000131,74.33047,23,11
1970-01-01 00:00:00.000000132,74.29082,23,11
1970-01-01 00:00:00.000000133,74.28964,23,11
1970-01-01 00:00:00.000000132,74.058105,23,12
1970-01-01 00:00:00.000000133,74.05748,23,12
1970-01-01 00:00:00.000000134,74.069374,23,12
1970-01-01 00:00:00.000000133,74.50619,23,13
1970-01-01 00:00:00.000000134,74.496376,23,13
1970-01-01 00:00:00.000000135,74.47328,23,13
1970-01-01 00:00:00.000000134,74.62292,23,14
1970-01-01 00:00:00.000000135,74.58674,23,14
1970-01-01 00:00:00.000000136,74.55453,23,14
1970-01-01 00:00:00.000000135,74.92859,23,15
1970-01-01 00:00:00.000000136,74.83222,23,15
1970-01-01 00:00:00.000000137,74.7305,23,15
1970-01-01 00:00:00.000000136,75.25169,23,16
1970-01-01 00:00:00.000000137,75.06635,23,16
1970-01-01 00:00:00.000000138,74.94222,23,16
1970-01-01 00:00:00.000000137,75.65739,23,17
1970-01-01 00:00:00.000000138,75.65348,23,17
1970-01-01 00:00:00.000000139,75.53967,23,17
1970-01-01 00:00:00.000000138,75.699936,23,18
1970-01-01 00:00:00.000000139,75.781944,23,18
1970-01-01 00:00:00.000000140,75.76865,23,18
1970-01-01 00:00:00.000000139,75.4924,23,19
1970-01-01 00:00:00.000000140,75.4112,23,19
1970-01-01 00:00:00.000000141,75.36276,23,19
1970-01-01 00:00:00.000000095,65.550316,25,10
1970-01-01 00:00:00.000000096,66.2455,25,10
1970-01-01 00:00:00.000000097,65.40664,25,10
1970-01-01 00:00:00.000000096,65.82027,25,11
1970-01-01 00:00:00.000000097,65.73968,25,11
1970-01-01 00:00:00.000000098,64.69134,25,11
1970-01-01 00:00:00.000000097,68.3906,25,12
1970-01-01 00:00:00.000000098,67.67555,25,12
1970-01-01 00:00:00.000000099,66.349335,25,12
1970-01-01 00:00:00.000000231,82.50375,26,10
1970-01-01 00:00:00.000000232,83.05925,26,10
1970-01-01 00:00:00.000000233,83.5462,26,10
1970-01-01 00:00:00.000000232,81.59189,26,11
1970-01-01 00:00:00.000000233,81.66016,26,11
1970-01-01 00:00:00.000000234,81.625725,26,11
1970-01-01 00:00:00.000000233,81.015816,26,12
1970-01-01 00:00:00.000000234,81.1116,26,12
1970-01-01 00:00:00.000000235,81.09186,26,12
1970-01-01 00:00:00.000000234,80.73067,26,13
1970-01-01 00:00:00.000000235,80.82649,26,13
1970-01-01 00:00:00.000000236,80.87513,26,13
1970-01-01 00:00:00.000000235,79.9691,26,14
1970-01-01 00:00:00.000000236,80.051094,26,14
1970-01-01 00:00:00.000000237,80.10501,26,14
1970-01-01 00:00:00.000000236,79.26531,26,15
1970-01-01 00:00:00.000000237,79.36694,26,15
1970-01-01 00:00:00.000000238,79.40497,26,15
1970-01-01 00:00:00.000000237,78.61604,26,16
1970-01-01 00:00:00.000000238,78.77534,26,16
1970-01-01 00:00:00.000000239,78.794525,26,16
1970-01-01 00:00:00.000000238,78.302536,26,17
1970-01-01 00:00:00.000000239,78.46002,26,17
1970-01-01 00:00:00.000000240,78.56995,26,17
1970-01-01 00:00:00.000000239,77.49122,26,18
1970-01-01 00:00:00.000000240,77.53838,26,18
1970-01-01 00:00:00.000000241,77.53513,26,18
1970-01-01 00:00:00.000000240,76.68898,26,19
1970-01-01 00:00:00.000000241,76.67463,26,19
1970-01-01 00:00:00.000000242,76.67,26,19
1970-01-01 00:00:00.000000241,76.09836,26,20
1970-01-01 00:00:00.000000242,75.9741,26,20
1970-01-01 00:00:00.000000243,76.00444,26,20
1970-01-01 00:00:00.000000242,75.51904,26,21
1970-01-01 00:00:00.000000243,75.202614,26,21
1970-01-01 00:00:00.000000244,74.88915,26,21
1970-01-01 00:00:00.000000243,74.78783,26,22
1970-01-01 00:00:00.000000244,74.02086,26,22
1970-01-01 00:00:00.000000245,74.306656,26,22
1970-01-01 00:00:00.000000244,74.375656,26,23
1970-01-01 00:00:00.000000245,74.4756,26,23
1970-01-01 00:00:00.000000246,75.1882,26,23
1970-01-01 00:00:00.000000245,74.910614,26,24
1970-01-01 00:00:00.000000246,75.07711,26,24
1970-01-01 00:00:00.000000247,75.13464,26,24
1970-01-01 00:00:00.000000246,74.38326,26,25
1970-01-01 00:00:00.000000247,74.45504,26,25
1970-01-01 00:00:00.000000248,74.449715,26,25
1970-01-01 00:00:00.000000247,74.81205,26,26
1970-01-01 00:00:00.000000248,74.90889,26,26
1970-01-01 00:00:00.000000249,75.14819,26,26
1970-01-01 00:00:00.000000248,74.14309,26,27
1970-01-01 00:00:00.000000249,74.2839,26,27
1970-01-01 00:00:00.000000250,74.52734,26,27
1970-01-01 00:00:00.000000249,75.51966,26,28
1970-01-01 00:00:00.000000250,75.646385,26,28
1970-01-01 00:00:00.000000251,75.65153,26,28
1970-01-01 00:00:00.000000250,77.56234,26,29
1970-01-01 00:00:00.000000251,77.63648,26,29
1970-01-01 00:00:00.000000252,77.08348,26,29
1970-01-01 00:00:00.000000251,81.63662,26,30
1970-01-01 00:00:00.000000252,81.81384,26,30
1970-01-01 00:00:00.000000253,80.81637,26,30
1970-01-01 00:00:00.000000252,79.63654,26,31
1970-01-01 00:00:00.000000253,78.58455,26,31
1970-01-01 00:00:00.000000254,77.85761,26,31
1970-01-01 00:00:00.000000253,85.817116,26,32
1970-01-01 00:00:00.000000254,85.95182,26,32
1970-01-01 00:00:00.000000255,85.42689,26,32
1970-01-01 00:00:00.000000254,92.23933,26,33
1970-01-01 00:00:00.000000255,93.016624,26,33
1970-01-01 00:00:00.000000256,92.96548,26,33
1970-01-01 00:00:00.000000255,86.193535,26,34
1970-01-01 00:00:00.000000256,85.95542,26,34
1970-01-01 00:00:00.000000257,85.335266,26,34
1970-01-01 00:00:00.000000256,87.586815,26,35
1970-01-01 00:00:00.000000257,86.849205,26,35
1970-01-01 00:00:00.000000258,85.82781,26,35
1970-01-01 00:00:00.000000257,86.79988,26,36
1970-01-01 00:00:00.000000258,86.3854,26,36
1970-01-01 00:00:00.000000259,85.90278,26,36
1970-01-01 00:00:00.000000181,63.830074,29,10
1970-01-01 00:00:00.000000182,63.87375,29,10
1970-01-01 00:00:00.000000183,63.92092,29,10
1970-01-01 00:00:00.000000182,63.716534,29,11
1970-01-01 00:00:00.000000183,63.73819,29,11
1970-01-01 00:00:00.000000184,63.72045,29,11
1970-01-01 00:00:00.000000183,64.52228,29,12
1970-01-01 00:00:00.000000184,64.34847,29,12
1970-01-01 00:00:00.000000185,64.20729,29,12
1970-01-01 00:00:00.000000184,65.157196,29,13
1970-01-01 00:00:00.000000185,65.10293,29,13
1970-01-01 00:00:00.000000186,64.86775,29,13
1970-01-01 00:00:00.000000185,65.387115,29,14
1970-01-01 00:00:00.000000186,65.42189,29,14
1970-01-01 00:00:00.000000187,65.367355,29,14
1970-01-01 00:00:00.000000186,67.11547,29,15
1970-01-01 00:00:00.000000187,67.611115,29,15
1970-01-01 00:00:00.000000188,67.42619,29,15
1970-01-01 00:00:00.000000187,69.24548,29,16
1970-01-01 00:00:00.000000188,69.574844,29,16
1970-01-01 00:00:00.000000189,69.447,29,16
1970-01-01 00:00:00.000000188,68.74768,29,17
1970-01-01 00:00:00.000000189,69.06642,29,17
1970-01-01 00:00:00.000000190,68.86955,29,17
1970-01-01 00:00:00.000000189,66.0214,29,18
1970-01-01 00:00:00.000000190,66.25737,29,18
1970-01-01 00:00:00.000000191,66.29143,29,18
1970-01-01 00:00:00.000000190,67.02262,29,19
1970-01-01 00:00:00.000000191,67.2711,29,19
1970-01-01 00:00:00.000000192,67.308876,29,19
1970-01-01 00:00:00.000000191,67.78085,29,20
1970-01-01 00:00:00.000000192,67.8842,29,20
1970-01-01 00:00:00.000000193,68.27082,29,20
1970-01-01 00:00:00.000000192,67.63533,29,21
1970-01-01 00:00:00.000000193,67.99648,29,21
1970-01-01 00:00:00.000000194,68.44817,29,21
1970-01-01 00:00:00.000000193,67.436554,29,22
1970-01-01 00:00:00.000000194,67.8893,29,22
1970-01-01 00:00:00.000000195,67.90476,29,22
1970-01-01 00:00:00.000000194,65.26121,29,23
1970-01-01 00:00:00.000000195,65.21474,29,23
1970-01-01 00:00:00.000000196,65.3604,29,23
1970-01-01 00:00:00.000000195,67.39246,29,24
1970-01-01 00:00:00.000000196,67.3744,29,24
1970-01-01 00:00:00.000000197,67.28134,29,24
1970-01-01 00:00:00.000000196,66.81533,29,25
1970-01-01 00:00:00.000000197,66.99131,29,25
1970-01-01 00:00:00.000000198,67.06809,29,25
1970-01-01 00:00:00.000000197,66.04643,29,26
1970-01-01 00:00:00.000000198,66.115425,29,26
1970-01-01 00:00:00.000000199,66.170235,29,26
1970-01-01 00:00:00.000000198,67.01102,29,27
1970-01-01 00:00:00.000000199,67.12462,29,27
1970-01-01 00:00:00.000000200,67.22275,29,27
1970-01-01 00:00:00.000000199,66.188515,29,28
1970-01-01 00:00:00.000000200,66.183846,29,28
1970-01-01 00:00:00.000000201,66.171844,29,28
1970-01-01 00:00:00.000000092,37.910374,40,10
1970-01-01 00:00:00.000000093,38.182064,40,10
1970-01-01 00:00:00.000000094,37.980965,40,10
1970-01-01 00:00:00.000000093,37.80549,40,11
1970-01-01 00:00:00.000000094,38.047287,40,11
1970-01-01 00:00:00.000000095,38.36903,40,11
1970-01-01 00:00:00.000000094,41.171864,40,12
1970-01-01 00:00:00.000000095,42.55568,40,12
1970-01-01 00:00:00.000000096,43.73831,40,12
1970-01-01 00:00:00.000000092,37.58461,42,10
1970-01-01 00:00:00.000000093,37.00611,42,10
1970-01-01 00:00:00.000000094,36.626728,42,10
1970-01-01 00:00:00.000000093,38.157303,42,11
1970-01-01 00:00:00.000000094,37.64533,42,11
1970-01-01 00:00:00.000000095,37.288223,42,11
1970-01-01 00:00:00.000000094,36.170483,42,12
1970-01-01 00:00:00.000000095,36.12939,42,12
1970-01-01 00:00:00.000000096,36.31683,42,12
1970-01-01 00:00:00.000000156,61.08499,45,10
1970-01-01 00:00:00.000000157,61.107445,45,10
1970-01-01 00:00:00.000000158,61.11141,45,10
1970-01-01 00:00:00.000000157,61.114826,45,11
1970-01-01 00:00:00.000000158,61.123642,45,11
1970-01-01 00:00:00.000000159,61.113388,45,11
1970-01-01 00:00:00.000000158,61.01394,45,12
1970-01-01 00:00:00.000000159,61.031796,45,12
1970-01-01 00:00:00.000000160,61.023872,45,12
1970-01-01 00:00:00.000000159,60.874542,45,13
1970-01-01 00:00:00.000000160,60.863987,45,13
1970-01-01 00:00:00.000000161,60.873085,45,13
1970-01-01 00:00:00.000000160,60.961563,45,14
1970-01-01 00:00:00.000000161,60.972763,45,14
1970-01-01 00:00:00.000000162,60.98046,45,14
1970-01-01 00:00:00.000000161,60.951225,45,15
1970-01-01 00:00:00.000000162,60.95304,45,15
1970-01-01 00:00:00.000000163,60.953205,45,15
1970-01-01 00:00:00.000000162,60.92736,45,16
1970-01-01 00:00:00.000000163,60.921844,45,16
1970-01-01 00:00:00.000000164,60.925735,45,16
1970-01-01 00:00:00.000000163,60.78402,45,17
1970-01-01 00:00:00.000000164,60.80038,45,17
1970-01-01 00:00:00.000000165,60.800068,45,17
1970-01-01 00:00:00.000000164,61.05747,45,18
1970-01-01 00:00:00.000000165,61.059883,45,18
1970-01-01 00:00:00.000000166,61.091717,45,18
1970-01-01 00:00:00.000000165,61.135887,45,19
1970-01-01 00:00:00.000000166,61.196423,45,19
1970-01-01 00:00:00.000000167,61.207237,45,19
1970-01-01 00:00:00.000000166,60.913914,45,20
1970-01-01 00:00:00.000000167,60.965702,45,20
1970-01-01 00:00:00.000000168,60.955807,45,20
1970-01-01 00:00:00.000000167,60.821823,45,21
1970-01-01 00:00:00.000000168,60.862316,45,21
1970-01-01 00:00:00.000000169,60.809387,45,21
1970-01-01 00:00:00.000000168,60.909397,45,22
1970-01-01 00:00:00.000000169,60.915997,45,22
1970-01-01 00:00:00.000000170,60.893166,45,22
1970-01-01 00:00:00.000000169,61.106,45,23
1970-01-01 00:00:00.000000170,61.13758,45,23
1970-01-01 00:00:00.000000171,61.15795,45,23
1970-01-01 00:00:00.000000116,54.884464,46,10
1970-01-01 00:00:00.000000117,54.563576,46,10
1970-01-01 00:00:00.000000118,54.86063,46,10
1970-01-01 00:00:00.000000117,56.081913,46,11
1970-01-01 00:00:00.000000118,56.262016,46,11
1970-01-01 00:00:00.000000119,56.162594,46,11
1970-01-01 00:00:00.000000118,56.695004,46,12
1970-01-01 00:00:00.000000119,56.75563,46,12
1970-01-01 00:00:00.000000120,56.800648,46,12
1970-01-01 00:00:00.000000119,57.23968,46,13
1970-01-01 00:00:00.000000120,57.107628,46,13
1970-01-01 00:00:00.000000121,57.10167,46,13
1970-01-01 00:00:00.000000120,59.029457,46,14
1970-01-01 00:00:00.000000121,59.217995,46,14
1970-01-01 00:00:00.000000122,59.594055,46,14
1970-01-01 00:00:00.000000121,58.623734,46,15
1970-01-01 00:00:00.000000122,58.57983,46,15
1970-01-01 00:00:00.000000123,58.433167,46,15
1970-01-01 00:00:00.000000122,60.673473,46,16
1970-01-01 00:00:00.000000123,60.745735,46,16
1970-01-01 00:00:00.000000124,60.68481,46,16
1970-01-01 00:00:00.000000243,39.844982,53,10
1970-01-01 00:00:00.000000244,40.817917,53,10
1970-01-01 00:00:00.000000245,41.627518,53,10
1970-01-01 00:00:00.000000244,41.231403,53,11
1970-01-01 00:00:00.000000245,42.197258,53,11
1970-01-01 00:00:00.000000246,42.318893,53,11
1970-01-01 00:00:00.000000245,42.21075,53,12
1970-01-01 00:00:00.000000246,42.757553,53,12
1970-01-01 00:00:00.000000247,42.773735,53,12
1970-01-01 00:00:00.000000246,44.06889,53,13
1970-01-01 00:00:00.000000247,44.38701,53,13
1970-01-01 00:00:00.000000248,44.34553,53,13
1970-01-01 00:00:00.000000247,43.748585,53,14
1970-01-01 00:00:00.000000248,44.1427,53,14
1970-01-01 00:00:00.000000249,43.890373,53,14
1970-01-01 00:00:00.000000248,41.45303,53,15
1970-01-01 00:00:00.000000249,41.508595,53,15
1970-01-01 00:00:00.000000250,41.567886,53,15
1970-01-01 00:00:00.000000249,40.284855,53,16
1970-01-01 00:00:00.000000250,40.564198,53,16
1970-01-01 00:00:00.000000251,40.464146,53,16
1970-01-01 00:00:00.000000250,40.78868,53,17
1970-01-01 00:00:00.000000251,40.602234,53,17
1970-01-01 00:00:00.000000252,40.343513,53,17
1970-01-01 00:00:00.000000251,41.090946,53,18
1970-01-01 00:00:00.000000252,40.86055,53,18
1970-01-01 00:00:00.000000253,40.68755,53,18
1970-01-01 00:00:00.000000252,41.424995,53,19
1970-01-01 00:00:00.000000253,41.267067,53,19
1970-01-01 00:00:00.000000254,41.17489,53,19
1970-01-01 00:00:00.000000253,40.31605,53,20
1970-01-01 00:00:00.000000254,40.04191,53,20
1970-01-01 00:00:00.000000255,40.127888,53,20
1970-01-01 00:00:00.000000254,39.21794,53,21
1970-01-01 00:00:00.000000255,39.76551,53,21
1970-01-01 00:00:00.000000256,40.764732,53,21
1970-01-01 00:00:00.000000255,41.297253,53,22
1970-01-01 00:00:00.000000256,41.136826,53,22
1970-01-01 00:00:00.000000257,41.133812,53,22
1970-01-01 00:00:00.000000256,49.42172,53,23
1970-01-01 00:00:00.000000257,52.014378,53,23
1970-01-01 00:00:00.000000258,51.24179,53,23
1970-01-01 00:00:00.000000257,47.588757,53,24
1970-01-01 00:00:00.000000258,47.914696,53,24
1970-01-01 00:00:00.000000259,46.893936,53,24
1970-01-01 00:00:00.000000258,47.68639,53,25
1970-01-01 00:00:00.000000259,47.044456,53,25
1970-01-01 00:00:00.000000260,45.782436,53,25
1970-01-01 00:00:00.000000259,43.00654,53,26
1970-01-01 00:00:00.000000260,42.079674,53,26
1970-01-01 00:00:00.000000261,42.01115,53,26
1970-01-01 00:00:00.000000260,41.6411,53,27
1970-01-01 00:00:00.000000261,41.621273,53,27
1970-01-01 00:00:00.000000262,42.186264,53,27
1970-01-01 00:00:00.000000261,43.01892,53,28
1970-01-01 00:00:00.000000262,43.730568,53,28
1970-01-01 00:00:00.000000263,43.83352,53,28
1970-01-01 00:00:00.000000262,41.77846,53,29
1970-01-01 00:00:00.000000263,42.529514,53,29
1970-01-01 00:00:00.000000264,42.71383,53,29
1970-01-01 00:00:00.000000263,41.27398,53,30
1970-01-01 00:00:00.000000264,41.436672,53,30
1970-01-01 00:00:00.000000265,41.572273,53,30
1970-01-01 00:00:00.000000264,41.950813,53,31
1970-01-01 00:00:00.000000265,42.12634,53,31
1970-01-01 00:00:00.000000266,42.349895,53,31
1970-01-01 00:00:00.000000265,39.688538,53,32
1970-01-01 00:00:00.000000266,39.450737,53,32
1970-01-01 00:00:00.000000267,39.537605,53,32
1970-01-01 00:00:00.000000266,38.429066,53,33
1970-01-01 00:00:00.000000267,36.805504,53,33
1970-01-01 00:00:00.000000268,36.78938,53,33
1970-01-01 00:00:00.000000267,37.54616,53,34
1970-01-01 00:00:00.000000268,36.620777,53,34
1970-01-01 00:00:00.000000269,36.601093,53,34
1970-01-01 00:00:00.000000268,35.790108,53,35
1970-01-01 00:00:00.000000269,34.375572,53,35
1970-01-01 00:00:00.000000270,35.015804,53,35
1970-01-01 00:00:00.000000269,35.213467,53,36
1970-01-01 00:00:00.000000270,34.784573,53,36
1970-01-01 00:00:00.000000271,35.363445,53,36
1970-01-01 00:00:00.000000270,35.818985,53,37
1970-01-01 00:00:00.000000271,35.869,53,37
1970-01-01 00:00:00.000000272,35.979916,53,37
1970-01-01 00:00:00.000000271,36.63972,53,38
1970-01-01 00:00:00.000000272,36.72635,53,38
1970-01-01 00:00:00.000000273,36.979946,53,38
1970-01-01 00:00:00.000000272,36.79417,53,39
1970-01-01 00:00:00.000000273,36.834175,53,39
1970-01-01 00:00:00.000000274,37.019257,53,39
1970-01-01 00:00:00.000000097,64.88352,54,10
1970-01-01 00:00:00.000000098,64.604515,54,10
1970-01-01 00:00:00.000000099,64.15661,54,10
1970-01-01 00:00:00.000000098,65.0146,54,11
1970-01-01 00:00:00.000000099,64.34219,54,11
1970-01-01 00:00:00.000000100,64.242836,54,11
1970-01-01 00:00:00.000000099,66.23753,54,12
1970-01-01 00:00:00.000000100,66.14724,54,12
1970-01-01 00:00:00.000000101,66.11817,54,12
1970-01-01 00:00:00.000000100,67.12602,54,13
1970-01-01 00:00:00.000000101,67.18806,54,13
1970-01-01 00:00:00.000000102,67.09072,54,13
1970-01-01 00:00:00.000000277,16.944118,60,10
1970-01-01 00:00:00.000000278,16.745003,60,10
1970-01-01 00:00:00.000000279,16.99657,60,10
1970-01-01 00:00:00.000000278,17.945969,60,11
1970-01-01 00:00:00.000000279,17.993391,60,11
1970-01-01 00:00:00.000000280,18.191425,60,11
1970-01-01 00:00:00.000000279,20.38347,60,12
1970-01-01 00:00:00.000000280,20.169607,60,12
1970-01-01 00:00:00.000000281,19.925272,60,12
1970-01-01 00:00:00.000000280,25.19806,60,13
1970-01-01 00:00:00.000000281,25.37918,60,13
1970-01-01 00:00:00.000000282,24.297512,60,13
1970-01-01 00:00:00.000000281,30.14622,60,14
1970-01-01 00:00:00.000000282,30.576933,60,14
1970-01-01 00:00:00.000000283,29.087933,60,14
1970-01-01 00:00:00.000000282,30.33288,60,15
1970-01-01 00:00:00.000000283,29.141134,60,15
1970-01-01 00:00:00.000000284,27.435776,60,15
1970-01-01 00:00:00.000000283,24.459837,60,16
1970-01-01 00:00:00.000000284,23.280983,60,16
1970-01-01 00:00:00.000000285,23.284811,60,16
1970-01-01 00:00:00.000000284,23.376858,60,17
1970-01-01 00:00:00.000000285,24.090809,60,17
1970-01-01 00:00:00.000000286,25.268646,60,17
1970-01-01 00:00:00.000000285,24.151133,60,18
1970-01-01 00:00:00.000000286,25.406166,60,18
1970-01-01 00:00:00.000000287,25.721811,60,18
1970-01-01 00:00:00.000000286,25.116785,60,19
1970-01-01 00:00:00.000000287,25.31431,60,19
1970-01-01 00:00:00.000000288,25.051754,60,19
1970-01-01 00:00:00.000000287,24.57937,60,20
1970-01-01 00:00:00.000000288,24.311338,60,20
1970-01-01 00:00:00.000000289,24.288824,60,20
1970-01-01 00:00:00.000000288,23.581924,60,21
1970-01-01 00:00:00.000000289,23.464882,60,21
1970-01-01 00:00:00.000000290,23.564566,60,21
1970-01-01 00:00:00.000000289,24.143608,60,22
1970-01-01 00:00:00.000000290,23.872974,60,22
1970-01-01 00:00:00.000000291,23.798552,60,22
1970-01-01 00:00:00.000000290,23.112795,60,23
1970-01-01 00:00:00.000000291,22.48622,60,23
1970-01-01 00:00:00.000000292,22.755753,60,23
1970-01-01 00:00:00.000000291,22.495787,60,24
1970-01-01 00:00:00.000000292,22.457804,60,24
1970-01-01 00:00:00.000000293,22.604542,60,24
1970-01-01 00:00:00.000000292,21.297522,60,25
1970-01-01 00:00:00.000000293,21.16828,60,25
1970-01-01 00:00:00.000000294,21.427917,60,25
1970-01-01 00:00:00.000000293,20.136297,60,26
1970-01-01 00:00:00.000000294,20.250933,60,26
1970-01-01 00:00:00.000000295,20.495247,60,26
1970-01-01 00:00:00.000000294,21.030561,60,27
1970-01-01 00:00:00.000000295,21.34055,60,27
1970-01-01 00:00:00.000000296,21.75254,60,27
1970-01-01 00:00:00.000000295,19.548811,60,28
1970-01-01 00:00:00.000000296,19.638565,60,28
1970-01-01 00:00:00.000000297,19.731432,60,28
1970-01-01 00:00:00.000000296,18.031996,60,29
1970-01-01 00:00:00.000000297,18.120655,60,29
1970-01-01 00:00:00.000000298,18.220493,60,29
1970-01-01 00:00:00.000000297,17.933962,60,30
1970-01-01 00:00:00.000000298,18.058699,60,30
1970-01-01 00:00:00.000000299,18.231863,60,30
1970-01-01 00:00:00.000000298,18.314226,60,31
1970-01-01 00:00:00.000000299,18.35364,60,31
1970-01-01 00:00:00.000000300,18.478706,60,31
1970-01-01 00:00:00.000000299,19.438423,60,32
1970-01-01 00:00:00.000000300,19.426113,60,32
1970-01-01 00:00:00.000000301,19.847452,60,32
1970-01-01 00:00:00.000000300,20.231716,60,33
1970-01-01 00:00:00.000000301,20.556093,60,33
1970-01-01 00:00:00.000000302,20.584553,60,33
1970-01-01 00:00:00.000000301,24.754515,60,34
1970-01-01 00:00:00.000000302,25.207378,60,34
1970-01-01 00:00:00.000000303,24.220726,60,34
1970-01-01 00:00:00.000000302,30.608608,60,35
1970-01-01 00:00:00.000000303,30.930681,60,35
1970-01-01 00:00:00.000000304,29.866152,60,35
1970-01-01 00:00:00.000000303,29.41156,60,36
1970-01-01 00:00:00.000000304,29.421047,60,36
1970-01-01 00:00:00.000000305,28.82087,60,36
1970-01-01 00:00:00.000000304,28.588257,60,37
1970-01-01 00:00:00.000000305,28.395863,60,37
1970-01-01 00:00:00.000000306,27.428623,60,37
1970-01-01 00:00:00.000000305,24.01292,60,38
1970-01-01 00:00:00.000000306,23.534021,60,38
1970-01-01 00:00:00.000000307,23.242146,60,38
1970-01-01 00:00:00.000000306,23.708069,60,39
1970-01-01 00:00:00.000000307,23.79634,60,39
1970-01-01 00:00:00.000000308,23.707039,60,39
1970-01-01 00:00:00.000000307,23.173307,60,40
1970-01-01 00:00:00.000000308,23.627728,60,40
1970-01-01 00:00:00.000000309,23.478836,60,40
1970-01-01 00:00:00.000000308,23.073185,60,41
1970-01-01 00:00:00.000000309,23.41645,60,41
1970-01-01 00:00:00.000000310,23.775377,60,41
1970-01-01 00:00:00.000000309,24.69303,60,42
1970-01-01 00:00:00.000000310,25.264275,60,42
1970-01-01 00:00:00.000000311,25.491531,60,42
1970-01-01 00:00:00.000000310,20.361752,60,43
1970-01-01 00:00:00.000000311,20.611498,60,43
1970-01-01 00:00:00.000000312,21.017015,60,43
1970-01-01 00:00:00.000000311,18.455206,60,44
1970-01-01 00:00:00.000000312,17.788656,60,44
1970-01-01 00:00:00.000000313,18.022688,60,44
1970-01-01 00:00:00.000000312,19.13466,60,45
1970-01-01 00:00:00.000000313,19.00516,60,45
1970-01-01 00:00:00.000000314,19.248981,60,45
1970-01-01 00:00:00.000000102,81.52898,61,10
1970-01-01 00:00:00.000000103,81.525925,61,10
1970-01-01 00:00:00.000000104,81.51871,61,10
1970-01-01 00:00:00.000000103,82.29682,61,11
1970-01-01 00:00:00.000000104,82.41742,61,11
1970-01-01 00:00:00.000000105,82.187515,61,11
1970-01-01 00:00:00.000000104,82.25946,61,12
1970-01-01 00:00:00.000000105,82.132454,61,12
1970-01-01 00:00:00.000000106,82.12282,61,12
1970-01-01 00:00:00.000000105,81.91331,61,13
1970-01-01 00:00:00.000000106,81.977776,61,13
1970-01-01 00:00:00.000000107,82.1378,61,13
1970-01-01 00:00:00.000000106,82.02277,61,14
1970-01-01 00:00:00.000000107,82.08627,61,14
1970-01-01 00:00:00.000000108,82.02431,61,14
1970-01-01 00:00:00.000000125,50.00022,62,10
1970-01-01 00:00:00.000000126,50.157703,62,10
1970-01-01 00:00:00.000000127,49.991302,62,10
1970-01-01 00:00:00.000000126,46.508804,62,11
1970-01-01 00:00:00.000000127,46.15808,62,11
1970-01-01 00:00:00.000000128,46.407047,62,11
1970-01-01 00:00:00.000000127,45.531437,62,12
1970-01-01 00:00:00.000000128,46.170055,62,12
1970-01-01 00:00:00.000000129,47.052933,62,12
1970-01-01 00:00:00.000000128,45.487053,62,13
1970-01-01 00:00:00.000000129,46.818516,62,13
1970-01-01 00:00:00.000000130,47.03631,62,13
1970-01-01 00:00:00.000000129,45.08883,62,14
1970-01-01 00:00:00.000000130,45.46177,62,14
1970-01-01 00:00:00.000000131,45.76711,62,14
1970-01-01 00:00:00.000000130,44.44197,62,15
1970-01-01 00:00:00.000000131,44.601368,62,15
1970-01-01 00:00:00.000000132,44.5931,62,15
1970-01-01 00:00:00.000000131,44.508144,62,16
1970-01-01 00:00:00.000000132,44.638603,62,16
1970-01-01 00:00:00.000000133,44.67595,62,16
1970-01-01 00:00:00.000000132,44.768383,62,17
1970-01-01 00:00:00.000000133,44.819645,62,17
1970-01-01 00:00:00.000000134,44.965378,62,17
1970-01-01 00:00:00.000000133,44.930367,62,18
1970-01-01 00:00:00.000000134,44.96572,62,18
1970-01-01 00:00:00.000000135,44.969376,62,18
1970-01-01 00:00:00.000000292,52.956535,63,10
1970-01-01 00:00:00.000000293,53.374836,63,10
1970-01-01 00:00:00.000000294,53.564594,63,10
1970-01-01 00:00:00.000000293,52.35891,63,11
1970-01-01 00:00:00.000000294,52.573963,63,11
1970-01-01 00:00:00.000000295,52.604603,63,11
1970-01-01 00:00:00.000000294,51.814053,63,12
1970-01-01 00:00:00.000000295,52.032055,63,12
1970-01-01 00:00:00.000000296,52.012234,63,12
1970-01-01 00:00:00.000000295,52.73845,63,13
1970-01-01 00:00:00.000000296,53.2387,63,13
1970-01-01 00:00:00.000000297,53.56625,63,13
1970-01-01 00:00:00.000000296,56.07753,63,14
1970-01-01 00:00:00.000000297,57.97051,63,14
1970-01-01 00:00:00.000000298,57.668507,63,14
1970-01-01 00:00:00.000000297,56.56257,63,15
1970-01-01 00:00:00.000000298,56.657444,63,15
1970-01-01 00:00:00.000000299,55.52516,63,15
1970-01-01 00:00:00.000000298,55.983112,63,16
1970-01-01 00:00:00.000000299,55.51117,63,16
1970-01-01 00:00:00.000000300,55.028103,63,16
1970-01-01 00:00:00.000000299,55.76503,63,17
1970-01-01 00:00:00.000000300,55.87629,63,17
1970-01-01 00:00:00.000000301,55.92572,63,17
1970-01-01 00:00:00.000000300,56.403236,63,18
1970-01-01 00:00:00.000000301,56.67559,63,18
1970-01-01 00:00:00.000000302,56.896652,63,18
1970-01-01 00:00:00.000000301,56.239174,63,19
1970-01-01 00:00:00.000000302,56.917835,63,19
1970-01-01 00:00:00.000000303,56.34663,63,19
1970-01-01 00:00:00.000000302,56.036064,63,20
1970-01-01 00:00:00.000000303,55.938004,63,20
1970-01-01 00:00:00.000000304,55.767494,63,20
1970-01-01 00:00:00.000000303,54.8251,63,21
1970-01-01 00:00:00.000000304,55.073425,63,21
1970-01-01 00:00:00.000000305,55.230396,63,21
1970-01-01 00:00:00.000000304,52.49549,63,22
1970-01-01 00:00:00.000000305,52.889603,63,22
1970-01-01 00:00:00.000000306,53.59684,63,22
1970-01-01 00:00:00.000000305,49.108044,63,23
1970-01-01 00:00:00.000000306,49.272892,63,23
1970-01-01 00:00:00.000000307,49.296165,63,23
1970-01-01 00:00:00.000000306,44.77746,63,24
1970-01-01 00:00:00.000000307,44.482365,63,24
1970-01-01 00:00:00.000000308,44.49486,63,24
1970-01-01 00:00:00.000000307,41.287872,63,25
1970-01-01 00:00:00.000000308,39.797337,63,25
1970-01-01 00:00:00.000000309,38.98416,63,25
1970-01-01 00:00:00.000000308,39.88447,63,26
1970-01-01 00:00:00.000000309,38.3971,63,26
1970-01-01 00:00:00.000000310,38.476532,63,26
1970-01-01 00:00:00.000000309,40.970055,63,27
1970-01-01 00:00:00.000000310,40.299896,63,27
1970-01-01 00:00:00.000000311,41.21312,63,27
1970-01-01 00:00:00.000000310,44.173294,63,28
1970-01-01 00:00:00.000000311,44.221966,63,28
1970-01-01 00:00:00.000000312,44.454933,63,28
1970-01-01 00:00:00.000000311,45.68251,63,29
1970-01-01 00:00:00.000000312,45.83652,63,29
1970-01-01 00:00:00.000000313,45.72419,63,29
1970-01-01 00:00:00.000000312,45.898758,63,30
1970-01-01 00:00:00.000000313,45.86101,63,30
1970-01-01 00:00:00.000000314,45.733406,63,30
1970-01-01 00:00:00.000000313,47.729446,63,31
1970-01-01 00:00:00.000000314,46.77106,63,31
1970-01-01 00:00:00.000000315,45.934032,63,31
1970-01-01 00:00:00.000000314,49.0842,63,32
1970-01-01 00:00:00.000000315,47.837482,63,32
1970-01-01 00:00:00.000000316,46.969536,63,32
1970-01-01 00:00:00.000000315,50.412926,63,33
1970-01-01 00:00:00.000000316,50.717762,63,33
1970-01-01 00:00:00.000000317,50.00517,63,33
1970-01-01 00:00:00.000000316,51.419353,63,34
1970-01-01 00:00:00.000000317,51.581116,63,34
1970-01-01 00:00:00.000000318,51.251495,63,34
1970-01-01 00:00:00.000000317,47.26323,63,35
1970-01-01 00:00:00.000000318,46.62448,63,35
1970-01-01 00:00:00.000000319,46.13693,63,35
1970-01-01 00:00:00.000000318,46.060158,63,36
1970-01-01 00:00:00.000000319,45.75406,63,36
1970-01-01 00:00:00.000000320,46.082607,63,36
1970-01-01 00:00:00.000000319,42.948666,63,37
1970-01-01 00:00:00.000000320,43.57732,63,37
1970-01-01 00:00:00.000000321,44.77374,63,37
1970-01-01 00:00:00.000000320,42.727707,63,38
1970-01-01 00:00:00.000000321,43.58288,63,38
1970-01-01 00:00:00.000000322,44.97057,63,38
1970-01-01 00:00:00.000000321,43.864517,63,39
1970-01-01 00:00:00.000000322,45.274765,63,39
1970-01-01 00:00:00.000000323,46.12235,63,39
1970-01-01 00:00:00.000000322,43.188477,63,40
1970-01-01 00:00:00.000000323,43.559547,63,40
1970-01-01 00:00:00.000000324,43.926525,63,40
1970-01-01 00:00:00.000000323,44.549103,63,41
1970-01-01 00:00:00.000000324,44.896866,63,41
1970-01-01 00:00:00.000000325,44.949856,63,41
1970-01-01 00:00:00.000000324,45.51874,63,42
1970-01-01 00:00:00.000000325,45.591652,63,42
1970-01-01 00:00:00.000000326,45.27509,63,42
1970-01-01 00:00:00.000000325,46.016808,63,43
1970-01-01 00:00:00.000000326,45.548187,63,43
1970-01-01 00:00:00.000000327,45.232243,63,43
1970-01-01 00:00:00.000000326,46.611988,63,44
1970-01-01 00:00:00.000000327,46.634598,63,44
1970-01-01 00:00:00.000000328,46.557465,63,44
1970-01-01 00:00:00.000000327,47.546005,63,45
1970-01-01 00:00:00.000000328,47.672943,63,45
1970-01-01 00:00:00.000000329,47.55447,63,45
1970-01-01 00:00:00.000000328,48.88561,63,46
1970-01-01 00:00:00.000000329,48.95203,63,46
1970-01-01 00:00:00.000000330,49.16898,63,46
1970-01-01 00:00:00.000000329,50.000237,63,47
1970-01-01 00:00:00.000000330,50.67746,63,47
1970-01-01 00:00:00.000000331,51.102207,63,47
1970-01-01 00:00:00.000000156,42.193703,64,10
1970-01-01 00:00:00.000000157,42.33545,64,10
1970-01-01 00:00:00.000000158,42.161682,64,10
1970-01-01 00:00:00.000000157,43.13261,64,11
1970-01-01 00:00:00.000000158,43.358017,64,11
1970-01-01 00:00:00.000000159,43.39127,64,11
1970-01-01 00:00:00.000000158,44.36867,64,12
1970-01-01 00:00:00.000000159,44.677525,64,12
1970-01-01 00:00:00.000000160,44.73321,64,12
1970-01-01 00:00:00.000000159,45.365845,64,13
1970-01-01 00:00:00.000000160,45.39349,64,13
1970-01-01 00:00:00.000000161,45.405636,64,13
1970-01-01 00:00:00.000000160,45.40979,64,14
1970-01-01 00:00:00.000000161,45.581345,64,14
1970-01-01 00:00:00.000000162,45.38849,64,14
1970-01-01 00:00:00.000000161,45.455704,64,15
1970-01-01 00:00:00.000000162,45.23762,64,15
1970-01-01 00:00:00.000000163,44.617264,64,15
1970-01-01 00:00:00.000000162,46.343353,64,16
1970-01-01 00:00:00.000000163,46.139427,64,16
1970-01-01 00:00:00.000000164,46.054733,64,16
1970-01-01 00:00:00.000000163,46.31732,64,17
1970-01-01 00:00:00.000000164,46.191967,64,17
1970-01-01 00:00:00.000000165,46.208027,64,17
1970-01-01 00:00:00.000000164,44.88862,64,18
1970-01-01 00:00:00.000000165,44.880604,64,18
1970-01-01 00:00:00.000000166,45.051785,64,18
1970-01-01 00:00:00.000000165,45.216328,64,19
1970-01-01 00:00:00.000000166,45.469944,64,19
1970-01-01 00:00:00.000000167,45.611057,64,19
1970-01-01 00:00:00.000000166,45.355385,64,20
1970-01-01 00:00:00.000000167,45.584236,64,20
1970-01-01 00:00:00.000000168,45.67954,64,20
1970-01-01 00:00:00.000000167,45.210304,64,21
1970-01-01 00:00:00.000000168,45.382484,64,21
1970-01-01 00:00:00.000000169,45.422115,64,21
1970-01-01 00:00:00.000000168,45.68181,64,22
1970-01-01 00:00:00.000000169,45.61655,64,22
1970-01-01 00:00:00.000000170,45.45952,64,22
1970-01-01 00:00:00.000000169,45.934658,64,23
1970-01-01 00:00:00.000000170,45.802723,64,23
1970-01-01 00:00:00.000000171,45.724716,64,23
1970-01-01 00:00:00.000000225,24.227623,65,10
1970-01-01 00:00:00.000000226,24.274103,65,10
1970-01-01 00:00:00.000000227,24.342165,65,10
1970-01-01 00:00:00.000000226,24.163893,65,11
1970-01-01 00:00:00.000000227,24.1883,65,11
1970-01-01 00:00:00.000000228,24.255692,65,11
1970-01-01 00:00:00.000000227,24.683928,65,12
1970-01-01 00:00:00.000000228,24.623758,65,12
1970-01-01 00:00:00.000000229,24.539568,65,12
1970-01-01 00:00:00.000000228,24.5383,65,13
1970-01-01 00:00:00.000000229,24.411259,65,13
1970-01-01 00:00:00.000000230,24.321388,65,13
1970-01-01 00:00:00.000000229,25.240986,65,14
1970-01-01 00:00:00.000000230,25.057878,65,14
1970-01-01 00:00:00.000000231,25.023607,65,14
1970-01-01 00:00:00.000000230,25.612322,65,15
1970-01-01 00:00:00.000000231,25.526205,65,15
1970-01-01 00:00:00.000000232,25.664513,65,15
1970-01-01 00:00:00.000000231,25.610569,65,16
1970-01-01 00:00:00.000000232,25.555023,65,16
1970-01-01 00:00:00.000000233,25.42958,65,16
1970-01-01 00:00:00.000000232,26.575802,65,17
1970-01-01 00:00:00.000000233,26.698257,65,17
1970-01-01 00:00:00.000000234,26.663218,65,17
1970-01-01 00:00:00.000000233,25.907717,65,18
1970-01-01 00:00:00.000000234,25.83166,65,18
1970-01-01 00:00:00.000000235,25.798285,65,18
1970-01-01 00:00:00.000000234,25.863522,65,19
1970-01-01 00:00:00.000000235,25.802835,65,19
1970-01-01 00:00:00.000000236,25.75018,65,19
1970-01-01 00:00:00.000000235,26.060385,65,20
1970-01-01 00:00:00.000000236,26.060501,65,20
1970-01-01 00:00:00.000000237,26.074366,65,20
1970-01-01 00:00:00.000000236,26.058743,65,21
1970-01-01 00:00:00.000000237,26.072733,65,21
1970-01-01 00:00:00.000000238,26.093332,65,21
1970-01-01 00:00:00.000000237,26.00341,65,22
1970-01-01 00:00:00.000000238,26.04455,65,22
1970-01-01 00:00:00.000000239,26.06121,65,22
1970-01-01 00:00:00.000000238,26.025288,65,23
1970-01-01 00:00:00.000000239,26.107988,65,23
1970-01-01 00:00:00.000000240,26.090435,65,23
1970-01-01 00:00:00.000000239,26.177877,65,24
1970-01-01 00:00:00.000000240,26.152807,65,24
1970-01-01 00:00:00.000000241,26.250525,65,24
1970-01-01 00:00:00.000000240,26.105383,65,25
1970-01-01 00:00:00.000000241,26.14892,65,25
1970-01-01 00:00:00.000000242,26.179811,65,25
1970-01-01 00:00:00.000000241,26.19292,65,26
1970-01-01 00:00:00.000000242,26.260595,65,26
1970-01-01 00:00:00.000000243,26.190672,65,26
1970-01-01 00:00:00.000000242,26.035301,65,27
1970-01-01 00:00:00.000000243,26.048899,65,27
1970-01-01 00:00:00.000000244,26.093977,65,27
1970-01-01 00:00:00.000000243,26.101889,65,28
1970-01-01 00:00:00.000000244,26.1461,65,28
1970-01-01 00:00:00.000000245,26.12791,65,28
1970-01-01 00:00:00.000000244,26.340464,65,29
1970-01-01 00:00:00.000000245,26.325949,65,29
1970-01-01 00:00:00.000000246,26.34362,65,29
1970-01-01 00:00:00.000000245,26.357086,65,30
1970-01-01 00:00:00.000000246,26.349184,65,30
1970-01-01 00:00:00.000000247,26.368229,65,30
1970-01-01 00:00:00.000000246,26.269768,65,31
1970-01-01 00:00:00.000000247,26.28383,65,31
1970-01-01 00:00:00.000000248,26.273148,65,31
1970-01-01 00:00:00.000000247,26.085432,65,32
1970-01-01 00:00:00.000000248,26.135277,65,32
1970-01-01 00:00:00.000000249,26.185642,65,32
1970-01-01 00:00:00.000000248,25.55722,65,33
1970-01-01 00:00:00.000000249,25.70701,65,33
1970-01-01 00:00:00.000000250,25.711237,65,33
1970-01-01 00:00:00.000000249,25.172153,65,34
1970-01-01 00:00:00.000000250,25.245346,65,34
1970-01-01 00:00:00.000000251,25.302553,65,34
1970-01-01 00:00:00.000000250,26.31062,65,35
1970-01-01 00:00:00.000000251,26.405737,65,35
1970-01-01 00:00:00.000000252,26.35219,65,35
1970-01-01 00:00:00.000000083,77.27733,66,10
1970-01-01 00:00:00.000000084,77.221115,66,10
1970-01-01 00:00:00.000000085,77.191086,66,10
1970-01-01 00:00:00.000000124,84.8588,67,10
1970-01-01 00:00:00.000000125,84.896835,67,10
1970-01-01 00:00:00.000000126,84.92114,67,10
1970-01-01 00:00:00.000000125,84.07407,67,11
1970-01-01 00:00:00.000000126,84.36886,67,11
1970-01-01 00:00:00.000000127,84.35552,67,11
1970-01-01 00:00:00.000000126,85.546486,67,12
1970-01-01 00:00:00.000000127,85.528404,67,12
1970-01-01 00:00:00.000000128,85.63906,67,12
1970-01-01 00:00:00.000000127,87.08342,67,13
1970-01-01 00:00:00.000000128,87.175705,67,13
1970-01-01 00:00:00.000000129,87.1336,67,13
1970-01-01 00:00:00.000000128,86.59372,67,14
1970-01-01 00:00:00.000000129,86.51562,67,14
1970-01-01 00:00:00.000000130,86.45887,67,14
1970-01-01 00:00:00.000000129,85.45487,67,15
1970-01-01 00:00:00.000000130,85.46867,67,15
1970-01-01 00:00:00.000000131,85.43526,67,15
1970-01-01 00:00:00.000000130,84.87331,67,16
1970-01-01 00:00:00.000000131,84.91478,67,16
1970-01-01 00:00:00.000000132,85.20663,67,16
1970-01-01 00:00:00.000000131,84.95388,67,17
1970-01-01 00:00:00.000000132,85.260254,67,17
1970-01-01 00:00:00.000000133,85.46131,67,17
1970-01-01 00:00:00.000000176,48.32066,69,10
1970-01-01 00:00:00.000000177,48.84741,69,10
1970-01-01 00:00:00.000000178,47.950455,69,10
1970-01-01 00:00:00.000000177,50.5453,69,11
1970-01-01 00:00:00.000000178,51.949352,69,11
1970-01-01 00:00:00.000000179,52.12966,69,11
1970-01-01 00:00:00.000000178,52.49423,69,12
1970-01-01 00:00:00.000000179,53.53518,69,12
1970-01-01 00:00:00.000000180,53.744766,69,12
1970-01-01 00:00:00.000000179,51.380894,69,13
1970-01-01 00:00:00.000000180,51.302177,69,13
1970-01-01 00:00:00.000000181,50.439606,69,13
1970-01-01 00:00:00.000000180,47.047306,69,14
1970-01-01 00:00:00.000000181,45.565926,69,14
1970-01-01 00:00:00.000000182,44.94003,69,14
1970-01-01 00:00:00.000000181,41.80654,69,15
1970-01-01 00:00:00.000000182,41.818928,69,15
1970-01-01 00:00:00.000000183,42.34624,69,15
1970-01-01 00:00:00.000000182,42.049038,69,16
1970-01-01 00:00:00.000000183,42.46032,69,16
1970-01-01 00:00:00.000000184,43.41282,69,16
1970-01-01 00:00:00.000000183,40.11553,69,17
1970-01-01 00:00:00.000000184,40.579617,69,17
1970-01-01 00:00:00.000000185,40.996075,69,17
1970-01-01 00:00:00.000000184,38.274452,69,18
1970-01-01 00:00:00.000000185,38.077156,69,18
1970-01-01 00:00:00.000000186,38.006145,69,18
1970-01-01 00:00:00.000000185,36.652046,69,19
1970-01-01 00:00:00.000000186,35.68581,69,19
1970-01-01 00:00:00.000000187,36.40706,69,19
1970-01-01 00:00:00.000000186,32.716362,69,20
1970-01-01 00:00:00.000000187,31.307192,69,20
1970-01-01 00:00:00.000000188,32.31151,69,20
1970-01-01 00:00:00.000000187,38.170757,69,21
1970-01-01 00:00:00.000000188,38.357147,69,21
1970-01-01 00:00:00.000000189,38.73868,69,21
1970-01-01 00:00:00.000000188,37.74748,69,22
1970-01-01 00:00:00.000000189,38.013184,69,22
1970-01-01 00:00:00.000000190,38.847622,69,22
1970-01-01 00:00:00.000000189,40.713554,69,23
1970-01-01 00:00:00.000000190,41.31396,69,23
1970-01-01 00:00:00.000000191,41.64483,69,23
1970-01-01 00:00:00.000000190,42.798615,69,24
1970-01-01 00:00:00.000000191,40.937668,69,24
1970-01-01 00:00:00.000000192,40.119648,69,24
1970-01-01 00:00:00.000000191,47.033073,69,25
1970-01-01 00:00:00.000000192,46.983223,69,25
1970-01-01 00:00:00.000000193,46.25408,69,25
1970-01-01 00:00:00.000000192,48.08622,69,26
1970-01-01 00:00:00.000000193,48.12979,69,26
1970-01-01 00:00:00.000000194,47.669216,69,26
1970-01-01 00:00:00.000000193,48.618927,69,27
1970-01-01 00:00:00.000000194,48.703568,69,27
1970-01-01 00:00:00.000000195,48.30251,69,27
1970-01-01 00:00:00.000000226,58.26925,70,10
1970-01-01 00:00:00.000000227,58.2237,70,10
1970-01-01 00:00:00.000000228,58.29352,70,10
1970-01-01 00:00:00.000000227,58.06592,70,11
1970-01-01 00:00:00.000000228,58.165844,70,11
1970-01-01 00:00:00.000000229,58.17688,70,11
1970-01-01 00:00:00.000000228,57.821438,70,12
1970-01-01 00:00:00.000000229,57.967247,70,12
1970-01-01 00:00:00.000000230,57.836754,70,12
1970-01-01 00:00:00.000000229,57.48348,70,13
1970-01-01 00:00:00.000000230,57.5638,70,13
1970-01-01 00:00:00.000000231,57.896984,70,13
1970-01-01 00:00:00.000000230,57.56463,70,14
1970-01-01 00:00:00.000000231,57.989372,70,14
1970-01-01 00:00:00.000000232,58.33094,70,14
1970-01-01 00:00:00.000000231,57.64135,70,15
1970-01-01 00:00:00.000000232,58.052532,70,15
1970-01-01 00:00:00.000000233,58.209347,70,15
1970-01-01 00:00:00.000000232,58.128475,70,16
1970-01-01 00:00:00.000000233,58.64666,70,16
1970-01-01 00:00:00.000000234,58.53802,70,16
1970-01-01 00:00:00.000000233,56.72362,70,17
1970-01-01 00:00:00.000000234,56.739246,70,17
1970-01-01 00:00:00.000000235,56.765015,70,17
1970-01-01 00:00:00.000000234,56.83518,70,18
1970-01-01 00:00:00.000000235,56.823433,70,18
1970-01-01 00:00:00.000000236,56.81869,70,18
1970-01-01 00:00:00.000000235,56.416916,70,19
1970-01-01 00:00:00.000000236,56.408028,70,19
1970-01-01 00:00:00.000000237,56.443005,70,19
1970-01-01 00:00:00.000000236,57.01916,70,20
1970-01-01 00:00:00.000000237,57.05201,70,20
1970-01-01 00:00:00.000000238,57.074226,70,20
1970-01-01 00:00:00.000000237,57.28912,70,21
1970-01-01 00:00:00.000000238,57.250023,70,21
1970-01-01 00:00:00.000000239,57.212418,70,21
1970-01-01 00:00:00.000000238,57.459305,70,22
1970-01-01 00:00:00.000000239,57.372837,70,22
1970-01-01 00:00:00.000000240,57.30244,70,22
1970-01-01 00:00:00.000000239,57.46646,70,23
1970-01-01 00:00:00.000000240,57.417515,70,23
1970-01-01 00:00:00.000000241,57.390594,70,23
1970-01-01 00:00:00.000000240,57.42915,70,24
1970-01-01 00:00:00.000000241,57.417168,70,24
1970-01-01 00:00:00.000000242,57.413975,70,24
1970-01-01 00:00:00.000000241,57.87422,70,25
1970-01-01 00:00:00.000000242,57.93687,70,25
1970-01-01 00:00:00.000000243,58.11041,70,25
1970-01-01 00:00:00.000000242,58.342274,70,26
1970-01-01 00:00:00.000000243,58.526176,70,26
1970-01-01 00:00:00.000000244,58.63454,70,26
1970-01-01 00:00:00.000000243,57.893173,70,27
1970-01-01 00:00:00.000000244,57.903103,70,27
1970-01-01 00:00:00.000000245,57.905754,70,27
1970-01-01 00:00:00.000000244,57.27627,70,28
1970-01-01 00:00:00.000000245,57.24208,70,28
1970-01-01 00:00:00.000000246,57.273304,70,28
1970-01-01 00:00:00.000000245,57.60055,70,29
1970-01-01 00:00:00.000000246,57.61237,70,29
1970-01-01 00:00:00.000000247,57.638397,70,29
1970-01-01 00:00:00.000000246,57.429718,70,30
1970-01-01 00:00:00.000000247,57.46616,70,30
1970-01-01 00:00:00.000000248,57.52182,70,30
1970-01-01 00:00:00.000000247,57.396084,70,31
1970-01-01 00:00:00.000000248,57.440456,70,31
1970-01-01 00:00:00.000000249,57.480022,70,31
1970-01-01 00:00:00.000000248,57.228546,70,32
1970-01-01 00:00:00.000000249,57.248436,70,32
1970-01-01 00:00:00.000000250,57.280064,70,32
1970-01-01 00:00:00.000000249,57.049335,70,33
1970-01-01 00:00:00.000000250,57.08333,70,33
1970-01-01 00:00:00.000000251,57.10513,70,33
1970-01-01 00:00:00.000000250,56.99163,70,34
1970-01-01 00:00:00.000000251,57.02379,70,34
1970-01-01 00:00:00.000000252,57.0535,70,34
1970-01-01 00:00:00.000000251,56.914375,70,35
1970-01-01 00:00:00.000000252,56.95159,70,35
1970-01-01 00:00:00.000000253,57.016106,70,35
1970-01-01 00:00:00.000000252,56.880287,70,36
1970-01-01 00:00:00.000000253,56.914894,70,36
1970-01-01 00:00:00.000000254,56.820293,70,36
1970-01-01 00:00:00.000000226,16.160017,71,10
1970-01-01 00:00:00.000000227,16.71283,71,10
1970-01-01 00:00:00.000000228,16.605133,71,10
1970-01-01 00:00:00.000000227,16.358265,71,11
1970-01-01 00:00:00.000000228,16.489452,71,11
1970-01-01 00:00:00.000000229,16.321787,71,11
1970-01-01 00:00:00.000000228,16.403147,71,12
1970-01-01 00:00:00.000000229,16.395664,71,12
1970-01-01 00:00:00.000000230,16.298494,71,12
1970-01-01 00:00:00.000000229,16.46994,71,13
1970-01-01 00:00:00.000000230,16.673183,71,13
1970-01-01 00:00:00.000000231,18.35219,71,13
1970-01-01 00:00:00.000000230,16.510159,71,14
1970-01-01 00:00:00.000000231,17.760757,71,14
1970-01-01 00:00:00.000000232,17.81628,71,14
1970-01-01 00:00:00.000000231,16.826149,71,15
1970-01-01 00:00:00.000000232,16.846914,71,15
1970-01-01 00:00:00.000000233,16.782629,71,15
1970-01-01 00:00:00.000000232,17.44137,71,16
1970-01-01 00:00:00.000000233,16.929352,71,16
1970-01-01 00:00:00.000000234,16.275236,71,16
1970-01-01 00:00:00.000000233,17.5751,71,17
1970-01-01 00:00:00.000000234,17.47051,71,17
1970-01-01 00:00:00.000000235,17.451822,71,17
1970-01-01 00:00:00.000000234,12.651533,71,18
1970-01-01 00:00:00.000000235,12.358831,71,18
1970-01-01 00:00:00.000000236,12.445695,71,18
1970-01-01 00:00:00.000000235,16.47897,71,19
1970-01-01 00:00:00.000000236,16.588476,71,19
1970-01-01 00:00:00.000000237,16.578573,71,19
1970-01-01 00:00:00.000000236,17.423885,71,20
1970-01-01 00:00:00.000000237,17.286264,71,20
1970-01-01 00:00:00.000000238,17.282192,71,20
1970-01-01 00:00:00.000000237,16.057371,71,21
1970-01-01 00:00:00.000000238,16.281933,71,21
1970-01-01 00:00:00.000000239,16.2488,71,21
1970-01-01 00:00:00.000000238,17.074686,71,22
1970-01-01 00:00:00.000000239,17.198757,71,22
1970-01-01 00:00:00.000000240,17.134884,71,22
1970-01-01 00:00:00.000000239,18.248747,71,23
1970-01-01 00:00:00.000000240,18.2685,71,23
1970-01-01 00:00:00.000000241,18.283495,71,23
1970-01-01 00:00:00.000000240,19.081753,71,24
1970-01-01 00:00:00.000000241,19.118002,71,24
1970-01-01 00:00:00.000000242,19.143019,71,24
1970-01-01 00:00:00.000000241,26.176815,71,25
1970-01-01 00:00:00.000000242,28.050457,71,25
1970-01-01 00:00:00.000000243,27.951965,71,25
1970-01-01 00:00:00.000000242,21.557407,71,26
1970-01-01 00:00:00.000000243,21.73833,71,26
1970-01-01 00:00:00.000000244,21.907564,71,26
1970-01-01 00:00:00.000000243,23.978956,71,27
1970-01-01 00:00:00.000000244,24.314913,71,27
1970-01-01 00:00:00.000000245,24.541039,71,27
1970-01-01 00:00:00.000000244,24.17449,71,28
1970-01-01 00:00:00.000000245,24.645931,71,28
1970-01-01 00:00:00.000000246,24.602781,71,28
1970-01-01 00:00:00.000000245,25.517939,71,29
1970-01-01 00:00:00.000000246,25.913774,71,29
1970-01-01 00:00:00.000000247,25.926964,71,29
1970-01-01 00:00:00.000000246,25.811916,71,30
1970-01-01 00:00:00.000000247,26.025341,71,30
1970-01-01 00:00:00.000000248,25.885424,71,30
1970-01-01 00:00:00.000000247,28.467194,71,31
1970-01-01 00:00:00.000000248,28.679506,71,31
1970-01-01 00:00:00.000000249,28.341125,71,31
1970-01-01 00:00:00.000000248,32.15117,71,32
1970-01-01 00:00:00.000000249,32.499107,71,32
1970-01-01 00:00:00.000000250,31.772789,71,32
1970-01-01 00:00:00.000000249,38.54344,71,33
1970-01-01 00:00:00.000000250,39.736736,71,33
1970-01-01 00:00:00.000000251,39.29966,71,33
1970-01-01 00:00:00.000000250,47.21354,71,34
1970-01-01 00:00:00.000000251,49.86874,71,34
1970-01-01 00:00:00.000000252,50.27953,71,34
1970-01-01 00:00:00.000000251,55.267757,71,35
1970-01-01 00:00:00.000000252,60.25021,71,35
1970-01-01 00:00:00.000000253,59.423737,71,35
1970-01-01 00:00:00.000000320,55.976143,72,10
1970-01-01 00:00:00.000000321,55.592533,72,10
1970-01-01 00:00:00.000000322,55.707104,72,10
1970-01-01 00:00:00.000000321,56.883484,72,11
1970-01-01 00:00:00.000000322,56.539486,72,11
1970-01-01 00:00:00.000000323,56.389503,72,11
1970-01-01 00:00:00.000000322,58.419937,72,12
1970-01-01 00:00:00.000000323,57.96553,72,12
1970-01-01 00:00:00.000000324,57.612392,72,12
1970-01-01 00:00:00.000000323,60.86012,72,13
1970-01-01 00:00:00.000000324,61.457294,72,13
1970-01-01 00:00:00.000000325,61.09495,72,13
1970-01-01 00:00:00.000000324,60.70457,72,14
1970-01-01 00:00:00.000000325,61.09734,72,14
1970-01-01 00:00:00.000000326,60.894245,72,14
1970-01-01 00:00:00.000000325,60.897823,72,15
1970-01-01 00:00:00.000000326,61.017925,72,15
1970-01-01 00:00:00.000000327,60.925938,72,15
1970-01-01 00:00:00.000000326,59.082684,72,16
1970-01-01 00:00:00.000000327,59.145134,72,16
1970-01-01 00:00:00.000000328,59.038754,72,16
1970-01-01 00:00:00.000000327,57.16188,72,17
1970-01-01 00:00:00.000000328,57.895233,72,17
1970-01-01 00:00:00.000000329,58.04228,72,17
1970-01-01 00:00:00.000000328,56.08572,72,18
1970-01-01 00:00:00.000000329,56.64341,72,18
1970-01-01 00:00:00.000000330,56.917553,72,18
1970-01-01 00:00:00.000000329,55.352715,72,19
1970-01-01 00:00:00.000000330,55.79354,72,19
1970-01-01 00:00:00.000000331,56.464344,72,19
1970-01-01 00:00:00.000000330,55.678417,72,20
1970-01-01 00:00:00.000000331,57.03212,72,20
1970-01-01 00:00:00.000000332,58.11884,72,20
1970-01-01 00:00:00.000000331,55.47129,72,21
1970-01-01 00:00:00.000000332,56.225418,72,21
1970-01-01 00:00:00.000000333,56.80573,72,21
1970-01-01 00:00:00.000000332,56.695095,72,22
1970-01-01 00:00:00.000000333,57.444878,72,22
1970-01-01 00:00:00.000000334,57.63054,72,22
1970-01-01 00:00:00.000000333,57.461327,72,23
1970-01-01 00:00:00.000000334,58.308586,72,23
1970-01-01 00:00:00.000000335,58.518246,72,23
1970-01-01 00:00:00.000000334,58.703903,72,24
1970-01-01 00:00:00.000000335,59.232338,72,24
1970-01-01 00:00:00.000000336,58.770107,72,24
1970-01-01 00:00:00.000000335,60.676987,72,25
1970-01-01 00:00:00.000000336,61.009052,72,25
1970-01-01 00:00:00.000000337,60.62021,72,25
1970-01-01 00:00:00.000000336,60.41668,72,26
1970-01-01 00:00:00.000000337,60.659096,72,26
1970-01-01 00:00:00.000000338,60.400257,72,26
1970-01-01 00:00:00.000000337,62.324062,72,27
1970-01-01 00:00:00.000000338,62.62364,72,27
1970-01-01 00:00:00.000000339,62.500496,72,27
1970-01-01 00:00:00.000000338,58.506744,72,28
1970-01-01 00:00:00.000000339,58.314518,72,28
1970-01-01 00:00:00.000000340,58.080696,72,28
1970-01-01 00:00:00.000000339,56.114975,72,29
1970-01-01 00:00:00.000000340,56.718807,72,29
1970-01-01 00:00:00.000000341,57.335915,72,29
1970-01-01 00:00:00.000000340,55.662132,72,30
1970-01-01 00:00:00.000000341,57.36759,72,30
1970-01-01 00:00:00.000000342,58.050446,72,30
1970-01-01 00:00:00.000000341,55.225124,72,31
1970-01-01 00:00:00.000000342,57.56277,72,31
1970-01-01 00:00:00.000000343,58.152832,72,31
1970-01-01 00:00:00.000000342,55.86831,72,32
1970-01-01 00:00:00.000000343,57.09004,72,32
1970-01-01 00:00:00.000000344,57.19822,72,32
1970-01-01 00:00:00.000000343,56.934296,72,33
1970-01-01 00:00:00.000000344,57.285595,72,33
1970-01-01 00:00:00.000000345,56.959705,72,33
1970-01-01 00:00:00.000000344,55.965855,72,34
1970-01-01 00:00:00.000000345,56.151447,72,34
1970-01-01 00:00:00.000000346,56.635857,72,34
1970-01-01 00:00:00.000000345,56.09207,72,35
1970-01-01 00:00:00.000000346,56.268887,72,35
1970-01-01 00:00:00.000000347,56.260357,72,35
1970-01-01 00:00:00.000000346,56.24848,72,36
1970-01-01 00:00:00.000000347,55.94431,72,36
1970-01-01 00:00:00.000000348,55.944847,72,36
1970-01-01 00:00:00.000000347,55.90163,72,37
1970-01-01 00:00:00.000000348,55.90636,72,37
1970-01-01 00:00:00.000000349,55.96501,72,37
1970-01-01 00:00:00.000000348,55.27401,72,38
1970-01-01 00:00:00.000000349,55.74811,72,38
1970-01-01 00:00:00.000000350,56.0775,72,38
1970-01-01 00:00:00.000000349,55.311268,72,39
1970-01-01 00:00:00.000000350,55.976387,72,39
1970-01-01 00:00:00.000000351,56.234478,72,39
1970-01-01 00:00:00.000000350,56.83965,72,40
1970-01-01 00:00:00.000000351,57.246647,72,40
1970-01-01 00:00:00.000000352,57.0774,72,40
1970-01-01 00:00:00.000000351,56.939037,72,41
1970-01-01 00:00:00.000000352,57.0803,72,41
1970-01-01 00:00:00.000000353,57.041973,72,41
1970-01-01 00:00:00.000000352,53.68507,72,42
1970-01-01 00:00:00.000000353,54.042313,72,42
1970-01-01 00:00:00.000000354,54.048206,72,42
1970-01-01 00:00:00.000000353,51.790337,72,43
1970-01-01 00:00:00.000000354,52.05891,72,43
1970-01-01 00:00:00.000000355,52.1893,72,43
1970-01-01 00:00:00.000000354,49.881817,72,44
1970-01-01 00:00:00.000000355,50.11742,72,44
1970-01-01 00:00:00.000000356,50.31689,72,44
1970-01-01 00:00:00.000000355,48.94641,72,45
1970-01-01 00:00:00.000000356,49.1197,72,45
1970-01-01 00:00:00.000000357,49.17725,72,45
1970-01-01 00:00:00.000000356,51.320927,72,46
1970-01-01 00:00:00.000000357,52.933094,72,46
1970-01-01 00:00:00.000000358,60.182076,72,46
1970-01-01 00:00:00.000000357,55.517323,72,47
1970-01-01 00:00:00.000000358,71.71657,72,47
1970-01-01 00:00:00.000000359,74.31842,72,47
1970-01-01 00:00:00.000000358,68.10631,72,48
1970-01-01 00:00:00.000000359,74.59515,72,48
1970-01-01 00:00:00.000000360,70.4595,72,48
1970-01-01 00:00:00.000000359,50.461296,72,49
1970-01-01 00:00:00.000000360,50.15325,72,49
1970-01-01 00:00:00.000000361,50.454823,72,49
1970-01-01 00:00:00.000000360,48.215637,72,50
1970-01-01 00:00:00.000000361,48.423843,72,50
1970-01-01 00:00:00.000000362,49.06913,72,50
1970-01-01 00:00:00.000000361,51.966278,72,51
1970-01-01 00:00:00.000000362,51.854195,72,51
1970-01-01 00:00:00.000000363,51.876347,72,51
1970-01-01 00:00:00.000000362,52.142902,72,52
1970-01-01 00:00:00.000000363,52.210163,72,52
1970-01-01 00:00:00.000000364,52.418636,72,52
1970-01-01 00:00:00.000000219,65.82315,73,10
1970-01-01 00:00:00.000000220,65.910706,73,10
1970-01-01 00:00:00.000000221,66.05218,73,10
1970-01-01 00:00:00.000000220,64.881325,73,11
1970-01-01 00:00:00.000000221,64.882576,73,11
1970-01-01 00:00:00.000000222,64.973404,73,11
1970-01-01 00:00:00.000000221,62.481895,73,12
1970-01-01 00:00:00.000000222,61.98669,73,12
1970-01-01 00:00:00.000000223,62.184887,73,12
1970-01-01 00:00:00.000000222,66.178375,73,13
1970-01-01 00:00:00.000000223,66.11575,73,13
1970-01-01 00:00:00.000000224,66.18811,73,13
1970-01-01 00:00:00.000000223,66.75905,73,14
1970-01-01 00:00:00.000000224,66.624626,73,14
1970-01-01 00:00:00.000000225,66.83598,73,14
1970-01-01 00:00:00.000000224,67.52053,73,15
1970-01-01 00:00:00.000000225,67.42177,73,15
1970-01-01 00:00:00.000000226,66.98887,73,15
1970-01-01 00:00:00.000000225,66.48615,73,16
1970-01-01 00:00:00.000000226,66.04612,73,16
1970-01-01 00:00:00.000000227,65.404785,73,16
1970-01-01 00:00:00.000000226,65.16371,73,17
1970-01-01 00:00:00.000000227,65.49839,73,17
1970-01-01 00:00:00.000000228,65.48827,73,17
1970-01-01 00:00:00.000000227,65.2671,73,18
1970-01-01 00:00:00.000000228,65.47531,73,18
1970-01-01 00:00:00.000000229,65.69767,73,18
1970-01-01 00:00:00.000000228,65.76834,73,19
1970-01-01 00:00:00.000000229,65.99461,73,19
1970-01-01 00:00:00.000000230,65.9768,73,19
1970-01-01 00:00:00.000000229,65.80341,73,20
1970-01-01 00:00:00.000000230,65.852356,73,20
1970-01-01 00:00:00.000000231,65.79549,73,20
1970-01-01 00:00:00.000000230,65.07929,73,21
1970-01-01 00:00:00.000000231,65.09945,73,21
1970-01-01 00:00:00.000000232,64.97635,73,21
1970-01-01 00:00:00.000000231,63.78083,73,22
1970-01-01 00:00:00.000000232,63.50708,73,22
1970-01-01 00:00:00.000000233,63.73358,73,22
1970-01-01 00:00:00.000000232,62.103935,73,23
1970-01-01 00:00:00.000000233,62.335033,73,23
1970-01-01 00:00:00.000000234,62.74104,73,23
1970-01-01 00:00:00.000000233,63.369465,73,24
1970-01-01 00:00:00.000000234,63.596996,73,24
1970-01-01 00:00:00.000000235,63.21863,73,24
1970-01-01 00:00:00.000000234,65.32858,73,25
1970-01-01 00:00:00.000000235,64.420975,73,25
1970-01-01 00:00:00.000000236,63.94472,73,25
1970-01-01 00:00:00.000000235,65.120926,73,26
1970-01-01 00:00:00.000000236,63.900433,73,26
1970-01-01 00:00:00.000000237,64.04504,73,26
1970-01-01 00:00:00.000000236,66.03937,73,27
1970-01-01 00:00:00.000000237,65.43064,73,27
1970-01-01 00:00:00.000000238,65.03476,73,27
1970-01-01 00:00:00.000000237,69.41709,73,28
1970-01-01 00:00:00.000000238,69.62858,73,28
1970-01-01 00:00:00.000000239,69.255356,73,28
1970-01-01 00:00:00.000000238,73.63871,73,29
1970-01-01 00:00:00.000000239,74.62438,73,29
1970-01-01 00:00:00.000000240,74.33666,73,29
1970-01-01 00:00:00.000000239,77.26059,73,30
1970-01-01 00:00:00.000000240,79.50561,73,30
1970-01-01 00:00:00.000000241,79.70543,73,30
1970-01-01 00:00:00.000000240,77.352806,73,31
1970-01-01 00:00:00.000000241,79.49968,73,31
1970-01-01 00:00:00.000000242,78.98617,73,31
1970-01-01 00:00:00.000000241,75.787506,73,32
1970-01-01 00:00:00.000000242,76.019585,73,32
1970-01-01 00:00:00.000000243,74.948555,73,32
1970-01-01 00:00:00.000000242,72.569,73,33
1970-01-01 00:00:00.000000243,72.11041,73,33
1970-01-01 00:00:00.000000244,71.75875,73,33
1970-01-01 00:00:00.000000243,74.51552,73,34
1970-01-01 00:00:00.000000244,74.4899,73,34
1970-01-01 00:00:00.000000245,74.443665,73,34
1970-01-01 00:00:00.000000116,74.07867,74,10
1970-01-01 00:00:00.000000117,74.37159,74,10
1970-01-01 00:00:00.000000118,74.529434,74,10
1970-01-01 00:00:00.000000117,74.46709,74,11
1970-01-01 00:00:00.000000118,74.74008,74,11
1970-01-01 00:00:00.000000119,74.64321,74,11
1970-01-01 00:00:00.000000118,75.27258,74,12
1970-01-01 00:00:00.000000119,74.87244,74,12
1970-01-01 00:00:00.000000120,74.42485,74,12
1970-01-01 00:00:00.000000119,75.58514,74,13
1970-01-01 00:00:00.000000120,75.11017,74,13
1970-01-01 00:00:00.000000121,75.084175,74,13
1970-01-01 00:00:00.000000120,75.640396,74,14
1970-01-01 00:00:00.000000121,75.48067,74,14
1970-01-01 00:00:00.000000122,75.21316,74,14
1970-01-01 00:00:00.000000121,77.30407,74,15
1970-01-01 00:00:00.000000122,77.4723,74,15
1970-01-01 00:00:00.000000123,77.62763,74,15
1970-01-01 00:00:00.000000122,76.80031,74,16
1970-01-01 00:00:00.000000123,77.46237,74,16
1970-01-01 00:00:00.000000124,77.44961,74,16
1970-01-01 00:00:00.000000129,67.00397,76,10
1970-01-01 00:00:00.000000130,67.065544,76,10
1970-01-01 00:00:00.000000131,67.0348,76,10
1970-01-01 00:00:00.000000130,66.89394,76,11
1970-01-01 00:00:00.000000131,66.957054,76,11
1970-01-01 00:00:00.000000132,66.95187,76,11
1970-01-01 00:00:00.000000131,67.4133,76,12
1970-01-01 00:00:00.000000132,67.574394,76,12
1970-01-01 00:00:00.000000133,67.69712,76,12
1970-01-01 00:00:00.000000132,67.161354,76,13
1970-01-01 00:00:00.000000133,67.18749,76,13
1970-01-01 00:00:00.000000134,67.2318,76,13
1970-01-01 00:00:00.000000133,67.20086,76,14
1970-01-01 00:00:00.000000134,67.24839,76,14
1970-01-01 00:00:00.000000135,67.29489,76,14
1970-01-01 00:00:00.000000134,67.296715,76,15
1970-01-01 00:00:00.000000135,67.292946,76,15
1970-01-01 00:00:00.000000136,67.276596,76,15
1970-01-01 00:00:00.000000135,67.30022,76,16
1970-01-01 00:00:00.000000136,67.284424,76,16
1970-01-01 00:00:00.000000137,67.27567,76,16
1970-01-01 00:00:00.000000136,67.404945,76,17
1970-01-01 00:00:00.000000137,67.40878,76,17
1970-01-01 00:00:00.000000138,67.408264,76,17
1970-01-01 00:00:00.000000137,67.537056,76,18
1970-01-01 00:00:00.000000138,67.56728,76,18
1970-01-01 00:00:00.000000139,67.57924,76,18
1970-01-01 00:00:00.000000151,55.201225,77,10
1970-01-01 00:00:00.000000152,55.612225,77,10
1970-01-01 00:00:00.000000153,55.403202,77,10
1970-01-01 00:00:00.000000152,55.593,77,11
1970-01-01 00:00:00.000000153,55.783535,77,11
1970-01-01 00:00:00.000000154,55.834755,77,11
1970-01-01 00:00:00.000000153,56.853054,77,12
1970-01-01 00:00:00.000000154,56.908485,77,12
1970-01-01 00:00:00.000000155,56.862404,77,12
1970-01-01 00:00:00.000000154,58.31562,77,13
1970-01-01 00:00:00.000000155,58.519997,77,13
1970-01-01 00:00:00.000000156,58.513573,77,13
1970-01-01 00:00:00.000000155,59.378548,77,14
1970-01-01 00:00:00.000000156,59.543205,77,14
1970-01-01 00:00:00.000000157,59.435085,77,14
1970-01-01 00:00:00.000000156,59.792717,77,15
1970-01-01 00:00:00.000000157,59.92966,77,15
1970-01-01 00:00:00.000000158,59.86921,77,15
1970-01-01 00:00:00.000000157,60.462955,77,16
1970-01-01 00:00:00.000000158,60.567753,77,16
1970-01-01 00:00:00.000000159,60.429703,77,16
1970-01-01 00:00:00.000000158,61.114544,77,17
1970-01-01 00:00:00.000000159,61.285385,77,17
1970-01-01 00:00:00.000000160,61.154785,77,17
1970-01-01 00:00:00.000000159,61.468807,77,18
1970-01-01 00:00:00.000000160,61.50427,77,18
1970-01-01 00:00:00.000000161,61.45121,77,18
1970-01-01 00:00:00.000000160,62.62202,77,19
1970-01-01 00:00:00.000000161,62.78046,77,19
1970-01-01 00:00:00.000000162,62.78366,77,19
1970-01-01 00:00:00.000000161,62.79697,77,20
1970-01-01 00:00:00.000000162,63.072502,77,20
1970-01-01 00:00:00.000000163,62.512733,77,20
1970-01-01 00:00:00.000000162,64.36574,77,21
1970-01-01 00:00:00.000000163,64.46333,77,21
1970-01-01 00:00:00.000000164,64.559814,77,21
1970-01-01 00:00:00.000000163,65.75043,77,22
1970-01-01 00:00:00.000000164,66.01487,77,22
1970-01-01 00:00:00.000000165,66.14849,77,22
1970-01-01 00:00:00.000000098,100.0,78,10
1970-01-01 00:00:00.000000099,100.0,78,10
1970-01-01 00:00:00.000000100,98.0124,78,10
1970-01-01 00:00:00.000000099,100.0,78,11
1970-01-01 00:00:00.000000100,99.697525,78,11
1970-01-01 00:00:00.000000101,97.20915,78,11
1970-01-01 00:00:00.000000100,97.70617,78,12
1970-01-01 00:00:00.000000101,96.76651,78,12
1970-01-01 00:00:00.000000102,90.77185,78,12
1970-01-01 00:00:00.000000101,98.12647,78,13
1970-01-01 00:00:00.000000102,98.1709,78,13
1970-01-01 00:00:00.000000103,94.426384,78,13
1970-01-01 00:00:00.000000275,60.980873,79,10
1970-01-01 00:00:00.000000276,60.927185,79,10
1970-01-01 00:00:00.000000277,60.970524,79,10
1970-01-01 00:00:00.000000276,60.49342,79,11
1970-01-01 00:00:00.000000277,60.49331,79,11
1970-01-01 00:00:00.000000278,61.482468,79,11
1970-01-01 00:00:00.000000277,60.9874,79,12
1970-01-01 00:00:00.000000278,61.464844,79,12
1970-01-01 00:00:00.000000279,61.580116,79,12
1970-01-01 00:00:00.000000278,61.505688,79,13
1970-01-01 00:00:00.000000279,61.723618,79,13
1970-01-01 00:00:00.000000280,61.709938,79,13
1970-01-01 00:00:00.000000279,60.764168,79,14
1970-01-01 00:00:00.000000280,60.877296,79,14
1970-01-01 00:00:00.000000281,60.913685,79,14
1970-01-01 00:00:00.000000280,61.18324,79,15
1970-01-01 00:00:00.000000281,61.205284,79,15
1970-01-01 00:00:00.000000282,61.1642,79,15
1970-01-01 00:00:00.000000281,60.895855,79,16
1970-01-01 00:00:00.000000282,60.937412,79,16
1970-01-01 00:00:00.000000283,60.92646,79,16
1970-01-01 00:00:00.000000282,60.90386,79,17
1970-01-01 00:00:00.000000283,60.89682,79,17
1970-01-01 00:00:00.000000284,60.902515,79,17
1970-01-01 00:00:00.000000283,60.880196,79,18
1970-01-01 00:00:00.000000284,60.90254,79,18
1970-01-01 00:00:00.000000285,60.911205,79,18
1970-01-01 00:00:00.000000284,60.868908,79,19
1970-01-01 00:00:00.000000285,60.842556,79,19
1970-01-01 00:00:00.000000286,60.848907,79,19
1970-01-01 00:00:00.000000285,60.622227,79,20
1970-01-01 00:00:00.000000286,60.625763,79,20
1970-01-01 00:00:00.000000287,60.62709,79,20
1970-01-01 00:00:00.000000286,60.109863,79,21
1970-01-01 00:00:00.000000287,60.14918,79,21
1970-01-01 00:00:00.000000288,60.18538,79,21
1970-01-01 00:00:00.000000287,59.060867,79,22
1970-01-01 00:00:00.000000288,59.210674,79,22
1970-01-01 00:00:00.000000289,59.349155,79,22
1970-01-01 00:00:00.000000288,58.70938,79,23
1970-01-01 00:00:00.000000289,58.780285,79,23
1970-01-01 00:00:00.000000290,58.802963,79,23
1970-01-01 00:00:00.000000289,58.585716,79,24
1970-01-01 00:00:00.000000290,58.66547,79,24
1970-01-01 00:00:00.000000291,58.660023,79,24
1970-01-01 00:00:00.000000290,57.720936,79,25
1970-01-01 00:00:00.000000291,57.75338,79,25
1970-01-01 00:00:00.000000292,57.71405,79,25
1970-01-01 00:00:00.000000291,57.62236,79,26
1970-01-01 00:00:00.000000292,57.68412,79,26
1970-01-01 00:00:00.000000293,57.675716,79,26
1970-01-01 00:00:00.000000292,56.816826,79,27
1970-01-01 00:00:00.000000293,56.884125,79,27
1970-01-01 00:00:00.000000294,56.878,79,27
1970-01-01 00:00:00.000000293,56.55234,79,28
1970-01-01 00:00:00.000000294,56.654453,79,28
1970-01-01 00:00:00.000000295,56.671757,79,28
1970-01-01 00:00:00.000000294,56.008297,79,29
1970-01-01 00:00:00.000000295,55.957596,79,29
1970-01-01 00:00:00.000000296,55.922474,79,29
1970-01-01 00:00:00.000000295,55.17861,79,30
1970-01-01 00:00:00.000000296,55.32172,79,30
1970-01-01 00:00:00.000000297,56.100746,79,30
1970-01-01 00:00:00.000000296,54.39526,79,31
1970-01-01 00:00:00.000000297,54.606373,79,31
1970-01-01 00:00:00.000000298,55.22305,79,31
1970-01-01 00:00:00.000000297,53.612152,79,32
1970-01-01 00:00:00.000000298,53.91159,79,32
1970-01-01 00:00:00.000000299,54.61524,79,32
1970-01-01 00:00:00.000000298,54.00178,79,33
1970-01-01 00:00:00.000000299,54.70724,79,33
1970-01-01 00:00:00.000000300,56.404243,79,33
1970-01-01 00:00:00.000000299,53.84711,79,34
1970-01-01 00:00:00.000000300,55.023533,79,34
1970-01-01 00:00:00.000000301,55.59723,79,34
1970-01-01 00:00:00.000000300,56.520546,79,35
1970-01-01 00:00:00.000000301,56.849545,79,35
1970-01-01 00:00:00.000000302,56.432903,79,35
1970-01-01 00:00:00.000000301,58.57333,79,36
1970-01-01 00:00:00.000000302,58.11862,79,36
1970-01-01 00:00:00.000000303,57.996555,79,36
1970-01-01 00:00:00.000000302,61.53219,79,37
1970-01-01 00:00:00.000000303,62.321144,79,37
1970-01-01 00:00:00.000000304,61.470078,79,37
1970-01-01 00:00:00.000000303,61.250484,79,38
1970-01-01 00:00:00.000000304,60.88612,79,38
1970-01-01 00:00:00.000000305,59.32554,79,38
1970-01-01 00:00:00.000000304,57.63094,79,39
1970-01-01 00:00:00.000000305,56.924133,79,39
1970-01-01 00:00:00.000000306,56.33179,79,39
1970-01-01 00:00:00.000000305,57.473785,79,40
1970-01-01 00:00:00.000000306,56.930595,79,40
1970-01-01 00:00:00.000000307,56.728306,79,40
1970-01-01 00:00:00.000000306,57.8663,79,41
1970-01-01 00:00:00.000000307,57.795578,79,41
1970-01-01 00:00:00.000000308,58.2439,79,41
1970-01-01 00:00:00.000000307,58.978546,79,42
1970-01-01 00:00:00.000000308,59.508675,79,42
1970-01-01 00:00:00.000000309,59.877514,79,42
1970-01-01 00:00:00.000000308,59.792187,79,43
1970-01-01 00:00:00.000000309,60.55848,79,43
1970-01-01 00:00:00.000000310,60.13561,79,43
1970-01-01 00:00:00.000000309,58.34687,79,44
1970-01-01 00:00:00.000000310,58.395306,79,44
1970-01-01 00:00:00.000000311,58.397022,79,44
1970-01-01 00:00:00.000000148,55.947792,80,10
1970-01-01 00:00:00.000000149,55.747272,80,10
1970-01-01 00:00:00.000000150,55.72875,80,10
1970-01-01 00:00:00.000000149,54.843693,80,11
1970-01-01 00:00:00.000000150,54.95787,80,11
1970-01-01 00:00:00.000000151,55.06611,80,11
1970-01-01 00:00:00.000000150,54.958206,80,12
1970-01-01 00:00:00.000000151,55.12065,80,12
1970-01-01 00:00:00.000000152,55.142796,80,12
1970-01-01 00:00:00.000000151,54.473526,80,13
1970-01-01 00:00:00.000000152,54.52197,80,13
1970-01-01 00:00:00.000000153,54.548313,80,13
1970-01-01 00:00:00.000000152,54.10247,80,14
1970-01-01 00:00:00.000000153,54.245625,80,14
1970-01-01 00:00:00.000000154,54.303413,80,14
1970-01-01 00:00:00.000000153,53.16933,80,15
1970-01-01 00:00:00.000000154,53.46082,80,15
1970-01-01 00:00:00.000000155,53.63596,80,15
1970-01-01 00:00:00.000000154,51.4883,80,16
1970-01-01 00:00:00.000000155,51.646694,80,16
1970-01-01 00:00:00.000000156,51.813858,80,16
1970-01-01 00:00:00.000000155,52.532806,80,17
1970-01-01 00:00:00.000000156,52.65597,80,17
1970-01-01 00:00:00.000000157,52.985573,80,17
1970-01-01 00:00:00.000000156,53.20802,80,18
1970-01-01 00:00:00.000000157,53.513264,80,18
1970-01-01 00:00:00.000000158,53.547302,80,18
1970-01-01 00:00:00.000000157,100.0,80,19
1970-01-01 00:00:00.000000158,100.0,80,19
1970-01-01 00:00:00.000000159,100.0,80,19
1970-01-01 00:00:00.000000158,100.0,80,20
1970-01-01 00:00:00.000000159,100.0,80,20
1970-01-01 00:00:00.000000160,100.0,80,20
1970-01-01 00:00:00.000000159,99.141075,80,21
1970-01-01 00:00:00.000000160,96.30045,80,21
1970-01-01 00:00:00.000000161,87.532425,80,21
1970-01-01 00:00:00.000000160,96.90229,80,22
1970-01-01 00:00:00.000000161,90.21722,80,22
1970-01-01 00:00:00.000000162,76.25682,80,22
1970-01-01 00:00:00.000000125,43.891876,81,10
1970-01-01 00:00:00.000000126,43.83554,81,10
1970-01-01 00:00:00.000000127,43.74251,81,10
1970-01-01 00:00:00.000000126,44.336514,81,11
1970-01-01 00:00:00.000000127,44.0146,81,11
1970-01-01 00:00:00.000000128,43.81061,81,11
1970-01-01 00:00:00.000000127,42.38256,81,12
1970-01-01 00:00:00.000000128,42.865776,81,12
1970-01-01 00:00:00.000000129,42.78599,81,12
1970-01-01 00:00:00.000000128,43.046227,81,13
1970-01-01 00:00:00.000000129,42.996216,81,13
1970-01-01 00:00:00.000000130,42.96665,81,13
1970-01-01 00:00:00.000000129,42.962032,81,14
1970-01-01 00:00:00.000000130,42.96972,81,14
1970-01-01 00:00:00.000000131,43.254242,81,14
1970-01-01 00:00:00.000000130,42.791653,81,15
1970-01-01 00:00:00.000000131,43.215538,81,15
1970-01-01 00:00:00.000000132,43.392532,81,15
1970-01-01 00:00:00.000000131,43.38047,81,16
1970-01-01 00:00:00.000000132,43.470463,81,16
1970-01-01 00:00:00.000000133,43.418686,81,16
1970-01-01 00:00:00.000000132,43.470585,81,17
1970-01-01 00:00:00.000000133,43.49652,81,17
1970-01-01 00:00:00.000000134,43.460953,81,17
1970-01-01 00:00:00.000000133,43.361774,81,18
1970-01-01 00:00:00.000000134,43.35029,81,18
1970-01-01 00:00:00.000000135,43.374466,81,18
1970-01-01 00:00:00.000000318,50.896603,83,10
1970-01-01 00:00:00.000000319,50.74306,83,10
1970-01-01 00:00:00.000000320,50.519844,83,10
1970-01-01 00:00:00.000000319,51.43167,83,11
1970-01-01 00:00:00.000000320,51.308395,83,11
1970-01-01 00:00:00.000000321,50.995495,83,11
1970-01-01 00:00:00.000000320,51.27706,83,12
1970-01-01 00:00:00.000000321,51.335835,83,12
1970-01-01 00:00:00.000000322,51.311314,83,12
1970-01-01 00:00:00.000000321,51.224358,83,13
1970-01-01 00:00:00.000000322,51.600433,83,13
1970-01-01 00:00:00.000000323,51.806404,83,13
1970-01-01 00:00:00.000000322,52.367157,83,14
1970-01-01 00:00:00.000000323,53.216915,83,14
1970-01-01 00:00:00.000000324,52.99579,83,14
1970-01-01 00:00:00.000000323,51.49715,83,15
1970-01-01 00:00:00.000000324,51.48269,83,15
1970-01-01 00:00:00.000000325,51.500164,83,15
1970-01-01 00:00:00.000000324,51.49359,83,16
1970-01-01 00:00:00.000000325,51.48613,83,16
1970-01-01 00:00:00.000000326,51.472893,83,16
1970-01-01 00:00:00.000000325,51.86893,83,17
1970-01-01 00:00:00.000000326,51.877155,83,17
1970-01-01 00:00:00.000000327,51.850643,83,17
1970-01-01 00:00:00.000000326,52.04447,83,18
1970-01-01 00:00:00.000000327,52.08742,83,18
1970-01-01 00:00:00.000000328,52.060913,83,18
1970-01-01 00:00:00.000000327,52.54498,83,19
1970-01-01 00:00:00.000000328,52.61119,83,19
1970-01-01 00:00:00.000000329,52.603363,83,19
1970-01-01 00:00:00.000000328,52.69234,83,20
1970-01-01 00:00:00.000000329,52.760113,83,20
1970-01-01 00:00:00.000000330,52.734543,83,20
1970-01-01 00:00:00.000000329,52.829967,83,21
1970-01-01 00:00:00.000000330,52.885944,83,21
1970-01-01 00:00:00.000000331,52.84825,83,21
1970-01-01 00:00:00.000000330,52.494476,83,22
1970-01-01 00:00:00.000000331,52.396297,83,22
1970-01-01 00:00:00.000000332,52.341324,83,22
1970-01-01 00:00:00.000000331,51.90679,83,23
1970-01-01 00:00:00.000000332,51.835228,83,23
1970-01-01 00:00:00.000000333,51.885006,83,23
1970-01-01 00:00:00.000000332,52.376804,83,24
1970-01-01 00:00:00.000000333,52.394188,83,24
1970-01-01 00:00:00.000000334,52.387486,83,24
1970-01-01 00:00:00.000000333,52.329994,83,25
1970-01-01 00:00:00.000000334,52.40826,83,25
1970-01-01 00:00:00.000000335,52.424217,83,25
1970-01-01 00:00:00.000000334,51.832943,83,26
1970-01-01 00:00:00.000000335,51.93198,83,26
1970-01-01 00:00:00.000000336,51.97334,83,26
1970-01-01 00:00:00.000000335,51.339867,83,27
1970-01-01 00:00:00.000000336,51.399445,83,27
1970-01-01 00:00:00.000000337,51.429184,83,27
1970-01-01 00:00:00.000000336,51.19991,83,28
1970-01-01 00:00:00.000000337,51.26064,83,28
1970-01-01 00:00:00.000000338,51.309853,83,28
1970-01-01 00:00:00.000000337,51.47097,83,29
1970-01-01 00:00:00.000000338,51.629066,83,29
1970-01-01 00:00:00.000000339,51.757698,83,29
1970-01-01 00:00:00.000000338,51.214317,83,30
1970-01-01 00:00:00.000000339,51.26292,83,30
1970-01-01 00:00:00.000000340,51.2554,83,30
1970-01-01 00:00:00.000000339,51.099274,83,31
1970-01-01 00:00:00.000000340,51.12283,83,31
1970-01-01 00:00:00.000000341,51.148888,83,31
1970-01-01 00:00:00.000000340,51.44763,83,32
1970-01-01 00:00:00.000000341,51.52793,83,32
1970-01-01 00:00:00.000000342,51.500183,83,32
1970-01-01 00:00:00.000000341,51.37796,83,33
1970-01-01 00:00:00.000000342,51.422295,83,33
1970-01-01 00:00:00.000000343,51.41355,83,33
1970-01-01 00:00:00.000000342,51.55527,83,34
1970-01-01 00:00:00.000000343,51.56181,83,34
1970-01-01 00:00:00.000000344,51.550797,83,34
1970-01-01 00:00:00.000000343,51.777645,83,35
1970-01-01 00:00:00.000000344,51.81487,83,35
1970-01-01 00:00:00.000000345,51.742237,83,35
1970-01-01 00:00:00.000000344,51.850933,83,36
1970-01-01 00:00:00.000000345,51.842735,83,36
1970-01-01 00:00:00.000000346,51.783707,83,36
1970-01-01 00:00:00.000000345,51.806126,83,37
1970-01-01 00:00:00.000000346,51.78262,83,37
1970-01-01 00:00:00.000000347,51.753498,83,37
1970-01-01 00:00:00.000000346,52.24226,83,38
1970-01-01 00:00:00.000000347,52.295208,83,38
1970-01-01 00:00:00.000000348,52.255074,83,38
1970-01-01 00:00:00.000000347,51.941925,83,39
1970-01-01 00:00:00.000000348,51.945637,83,39
1970-01-01 00:00:00.000000349,51.93626,83,39
1970-01-01 00:00:00.000000348,52.21404,83,40
1970-01-01 00:00:00.000000349,52.222485,83,40
1970-01-01 00:00:00.000000350,52.22072,83,40
1970-01-01 00:00:00.000000349,52.439163,83,41
1970-01-01 00:00:00.000000350,52.425037,83,41
1970-01-01 00:00:00.000000351,52.40038,83,41
1970-01-01 00:00:00.000000350,52.968796,83,42
1970-01-01 00:00:00.000000351,53.031605,83,42
1970-01-01 00:00:00.000000352,53.245754,83,42
1970-01-01 00:00:00.000000351,53.178654,83,43
1970-01-01 00:00:00.000000352,53.25921,83,43
1970-01-01 00:00:00.000000353,53.226654,83,43
1970-01-01 00:00:00.000000352,53.49689,83,44
1970-01-01 00:00:00.000000353,53.30897,83,44
1970-01-01 00:00:00.000000354,53.32581,83,44
1970-01-01 00:00:00.000000353,53.47095,83,45
1970-01-01 00:00:00.000000354,53.327713,83,45
1970-01-01 00:00:00.000000355,53.32892,83,45
1970-01-01 00:00:00.000000354,53.93748,83,46
1970-01-01 00:00:00.000000355,54.07407,83,46
1970-01-01 00:00:00.000000356,54.122746,83,46
1970-01-01 00:00:00.000000355,53.638336,83,47
1970-01-01 00:00:00.000000356,53.630905,83,47
1970-01-01 00:00:00.000000357,53.584255,83,47
1970-01-01 00:00:00.000000356,53.625748,83,48
1970-01-01 00:00:00.000000357,53.610153,83,48
1970-01-01 00:00:00.000000358,53.58282,83,48
1970-01-01 00:00:00.000000357,53.445824,83,49
1970-01-01 00:00:00.000000358,53.428623,83,49
1970-01-01 00:00:00.000000359,53.408672,83,49
1970-01-01 00:00:00.000000358,53.32398,83,50
1970-01-01 00:00:00.000000359,53.330128,83,50
1970-01-01 00:00:00.000000360,53.333126,83,50
1970-01-01 00:00:00.000000359,52.688637,83,51
1970-01-01 00:00:00.000000360,52.749027,83,51
1970-01-01 00:00:00.000000361,52.834793,83,51
1970-01-01 00:00:00.000000360,52.56384,83,52
1970-01-01 00:00:00.000000361,52.590263,83,52
1970-01-01 00:00:00.000000362,52.61189,83,52
1970-01-01 00:00:00.000000110,74.4974,84,10
1970-01-01 00:00:00.000000111,74.55935,84,10
1970-01-01 00:00:00.000000112,74.56752,84,10
1970-01-01 00:00:00.000000111,74.676926,84,11
1970-01-01 00:00:00.000000112,74.80558,84,11
1970-01-01 00:00:00.000000113,74.77856,84,11
1970-01-01 00:00:00.000000112,74.93918,84,12
1970-01-01 00:00:00.000000113,74.98048,84,12
1970-01-01 00:00:00.000000114,74.983345,84,12
1970-01-01 00:00:00.000000113,74.59686,84,13
1970-01-01 00:00:00.000000114,74.58588,84,13
1970-01-01 00:00:00.000000115,74.54133,84,13
1970-01-01 00:00:00.000000114,74.88692,84,14
1970-01-01 00:00:00.000000115,74.8973,84,14
1970-01-01 00:00:00.000000116,74.85472,84,14
1970-01-01 00:00:00.000000115,75.03076,84,15
1970-01-01 00:00:00.000000116,75.028824,84,15
1970-01-01 00:00:00.000000117,75.04331,84,15
1970-01-01 00:00:00.000000118,69.70808,85,10
1970-01-01 00:00:00.000000119,69.30573,85,10
1970-01-01 00:00:00.000000120,69.27473,85,10
1970-01-01 00:00:00.000000119,69.72908,85,11
1970-01-01 00:00:00.000000120,69.34035,85,11
1970-01-01 00:00:00.000000121,69.27697,85,11
1970-01-01 00:00:00.000000120,69.99369,85,12
1970-01-01 00:00:00.000000121,69.89624,85,12
1970-01-01 00:00:00.000000122,69.90689,85,12
1970-01-01 00:00:00.000000121,70.2175,85,13
1970-01-01 00:00:00.000000122,70.20871,85,13
1970-01-01 00:00:00.000000123,70.24654,85,13
1970-01-01 00:00:00.000000122,70.681114,85,14
1970-01-01 00:00:00.000000123,70.710945,85,14
1970-01-01 00:00:00.000000124,70.68361,85,14
1970-01-01 00:00:00.000000123,71.11062,85,15
1970-01-01 00:00:00.000000124,71.034584,85,15
1970-01-01 00:00:00.000000125,70.85468,85,15
1970-01-01 00:00:00.000000124,71.54301,85,16
1970-01-01 00:00:00.000000125,71.16921,85,16
1970-01-01 00:00:00.000000126,70.55581,85,16
1970-01-01 00:00:00.000000215,55.200306,86,10
1970-01-01 00:00:00.000000216,55.650288,86,10
1970-01-01 00:00:00.000000217,55.797894,86,10
1970-01-01 00:00:00.000000216,55.529858,86,11
1970-01-01 00:00:00.000000217,55.587776,86,11
1970-01-01 00:00:00.000000218,55.36686,86,11
1970-01-01 00:00:00.000000217,52.79762,86,12
1970-01-01 00:00:00.000000218,53.113598,86,12
1970-01-01 00:00:00.000000219,53.31088,86,12
1970-01-01 00:00:00.000000218,52.387924,86,13
1970-01-01 00:00:00.000000219,53.37211,86,13
1970-01-01 00:00:00.000000220,53.487747,86,13
1970-01-01 00:00:00.000000219,51.69623,86,14
1970-01-01 00:00:00.000000220,52.51897,86,14
1970-01-01 00:00:00.000000221,53.660595,86,14
1970-01-01 00:00:00.000000220,50.590942,86,15
1970-01-01 00:00:00.000000221,50.826656,86,15
1970-01-01 00:00:00.000000222,51.086246,86,15
1970-01-01 00:00:00.000000221,50.288998,86,16
1970-01-01 00:00:00.000000222,50.38413,86,16
1970-01-01 00:00:00.000000223,50.428337,86,16
1970-01-01 00:00:00.000000222,48.17552,86,17
1970-01-01 00:00:00.000000223,48.22856,86,17
1970-01-01 00:00:00.000000224,48.484093,86,17
1970-01-01 00:00:00.000000223,50.31039,86,18
1970-01-01 00:00:00.000000224,50.907486,86,18
1970-01-01 00:00:00.000000225,51.288204,86,18
1970-01-01 00:00:00.000000224,51.515064,86,19
1970-01-01 00:00:00.000000225,51.88189,86,19
1970-01-01 00:00:00.000000226,51.91536,86,19
1970-01-01 00:00:00.000000225,51.795105,86,20
1970-01-01 00:00:00.000000226,51.764965,86,20
1970-01-01 00:00:00.000000227,51.383965,86,20
1970-01-01 00:00:00.000000226,52.12342,86,21
1970-01-01 00:00:00.000000227,51.703304,86,21
1970-01-01 00:00:00.000000228,51.11992,86,21
1970-01-01 00:00:00.000000227,50.729767,86,22
1970-01-01 00:00:00.000000228,50.494698,86,22
1970-01-01 00:00:00.000000229,50.342213,86,22
1970-01-01 00:00:00.000000228,49.11129,86,23
1970-01-01 00:00:00.000000229,49.28558,86,23
1970-01-01 00:00:00.000000230,49.573215,86,23
1970-01-01 00:00:00.000000229,47.93787,86,24
1970-01-01 00:00:00.000000230,48.116413,86,24
1970-01-01 00:00:00.000000231,48.380093,86,24
1970-01-01 00:00:00.000000230,48.016903,86,25
1970-01-01 00:00:00.000000231,48.145107,86,25
1970-01-01 00:00:00.000000232,48.112976,86,25
1970-01-01 00:00:00.000000231,50.69725,86,26
1970-01-01 00:00:00.000000232,50.745544,86,26
1970-01-01 00:00:00.000000233,50.60554,86,26
1970-01-01 00:00:00.000000232,48.934956,86,27
1970-01-01 00:00:00.000000233,49.10993,86,27
1970-01-01 00:00:00.000000234,49.147404,86,27
1970-01-01 00:00:00.000000233,45.51447,86,28
1970-01-01 00:00:00.000000234,45.88441,86,28
1970-01-01 00:00:00.000000235,45.6716,86,28
1970-01-01 00:00:00.000000234,46.919758,86,29
1970-01-01 00:00:00.000000235,46.845634,86,29
1970-01-01 00:00:00.000000236,46.831028,86,29
1970-01-01 00:00:00.000000235,47.290955,86,30
1970-01-01 00:00:00.000000236,47.806477,86,30
1970-01-01 00:00:00.000000237,48.237183,86,30
1970-01-01 00:00:00.000000236,47.424477,86,31
1970-01-01 00:00:00.000000237,47.755188,86,31
1970-01-01 00:00:00.000000238,47.772278,86,31
1970-01-01 00:00:00.000000237,49.931034,86,32
1970-01-01 00:00:00.000000238,49.658447,86,32
1970-01-01 00:00:00.000000239,49.470707,86,32
1970-01-01 00:00:00.000000238,48.143974,86,33
1970-01-01 00:00:00.000000239,48.37062,86,33
1970-01-01 00:00:00.000000240,49.109306,86,33
1970-01-01 00:00:00.000000385,82.265366,87,10
1970-01-01 00:00:00.000000386,82.12594,87,10
1970-01-01 00:00:00.000000387,81.9635,87,10
1970-01-01 00:00:00.000000386,81.91471,87,11
1970-01-01 00:00:00.000000387,81.78243,87,11
1970-01-01 00:00:00.000000388,81.78,87,11
1970-01-01 00:00:00.000000387,82.29533,87,12
1970-01-01 00:00:00.000000388,82.32934,87,12
1970-01-01 00:00:00.000000389,82.27401,87,12
1970-01-01 00:00:00.000000388,81.87089,87,13
1970-01-01 00:00:00.000000389,81.85817,87,13
1970-01-01 00:00:00.000000390,81.871895,87,13
1970-01-01 00:00:00.000000389,81.65251,87,14
1970-01-01 00:00:00.000000390,81.71179,87,14
1970-01-01 00:00:00.000000391,81.77419,87,14
1970-01-01 00:00:00.000000390,81.5451,87,15
1970-01-01 00:00:00.000000391,81.60922,87,15
1970-01-01 00:00:00.000000392,81.702965,87,15
1970-01-01 00:00:00.000000391,81.27019,87,16
1970-01-01 00:00:00.000000392,81.28985,87,16
1970-01-01 00:00:00.000000393,81.28327,87,16
1970-01-01 00:00:00.000000392,81.52457,87,17
1970-01-01 00:00:00.000000393,81.60835,87,17
1970-01-01 00:00:00.000000394,81.682945,87,17
1970-01-01 00:00:00.000000393,82.150536,87,18
1970-01-01 00:00:00.000000394,82.130516,87,18
1970-01-01 00:00:00.000000395,82.05316,87,18
1970-01-01 00:00:00.000000394,82.05373,87,19
1970-01-01 00:00:00.000000395,81.992744,87,19
1970-01-01 00:00:00.000000396,81.88303,87,19
1970-01-01 00:00:00.000000395,81.60161,87,20
1970-01-01 00:00:00.000000396,81.652214,87,20
1970-01-01 00:00:00.000000397,81.66772,87,20
1970-01-01 00:00:00.000000396,81.56697,87,21
1970-01-01 00:00:00.000000397,81.67598,87,21
1970-01-01 00:00:00.000000398,81.66726,87,21
1970-01-01 00:00:00.000000397,81.09748,87,22
1970-01-01 00:00:00.000000398,81.27292,87,22
1970-01-01 00:00:00.000000399,81.35398,87,22
1970-01-01 00:00:00.000000398,80.79543,87,23
1970-01-01 00:00:00.000000399,80.927765,87,23
1970-01-01 00:00:00.000000400,80.99975,87,23
1970-01-01 00:00:00.000000399,80.88398,87,24
1970-01-01 00:00:00.000000400,80.9081,87,24
1970-01-01 00:00:00.000000401,80.9489,87,24
1970-01-01 00:00:00.000000400,80.88882,87,25
1970-01-01 00:00:00.000000401,80.95354,87,25
1970-01-01 00:00:00.000000402,81.11685,87,25
1970-01-01 00:00:00.000000401,81.3864,87,26
1970-01-01 00:00:00.000000402,81.25879,87,26
1970-01-01 00:00:00.000000403,81.19478,87,26
1970-01-01 00:00:00.000000402,82.57088,87,27
1970-01-01 00:00:00.000000403,81.789,87,27
1970-01-01 00:00:00.000000404,81.510315,87,27
1970-01-01 00:00:00.000000403,82.74611,87,28
1970-01-01 00:00:00.000000404,82.43881,87,28
1970-01-01 00:00:00.000000405,82.10256,87,28
1970-01-01 00:00:00.000000404,81.39418,87,29
1970-01-01 00:00:00.000000405,80.939766,87,29
1970-01-01 00:00:00.000000406,81.20705,87,29
1970-01-01 00:00:00.000000405,81.60792,87,30
1970-01-01 00:00:00.000000406,81.801575,87,30
1970-01-01 00:00:00.000000407,81.74953,87,30
1970-01-01 00:00:00.000000406,82.719734,87,31
1970-01-01 00:00:00.000000407,82.6353,87,31
1970-01-01 00:00:00.000000408,82.61407,87,31
1970-01-01 00:00:00.000000407,82.93824,87,32
1970-01-01 00:00:00.000000408,82.96236,87,32
1970-01-01 00:00:00.000000409,83.03181,87,32
1970-01-01 00:00:00.000000408,83.085014,87,33
1970-01-01 00:00:00.000000409,83.10283,87,33
1970-01-01 00:00:00.000000410,83.09097,87,33
1970-01-01 00:00:00.000000409,83.23592,87,34
1970-01-01 00:00:00.000000410,83.20747,87,34
1970-01-01 00:00:00.000000411,83.25475,87,34
1970-01-01 00:00:00.000000410,83.8545,87,35
1970-01-01 00:00:00.000000411,83.761826,87,35
1970-01-01 00:00:00.000000412,83.63611,87,35
1970-01-01 00:00:00.000000411,82.96777,87,36
1970-01-01 00:00:00.000000412,82.49227,87,36
1970-01-01 00:00:00.000000413,82.25972,87,36
1970-01-01 00:00:00.000000412,82.06354,87,37
1970-01-01 00:00:00.000000413,82.26794,87,37
1970-01-01 00:00:00.000000414,82.31563,87,37
1970-01-01 00:00:00.000000413,79.0329,87,38
1970-01-01 00:00:00.000000414,78.86745,87,38
1970-01-01 00:00:00.000000415,79.00194,87,38
1970-01-01 00:00:00.000000414,79.18955,87,39
1970-01-01 00:00:00.000000415,79.07052,87,39
1970-01-01 00:00:00.000000416,79.33949,87,39
1970-01-01 00:00:00.000000415,80.84926,87,40
1970-01-01 00:00:00.000000416,81.381065,87,40
1970-01-01 00:00:00.000000417,81.39296,87,40
1970-01-01 00:00:00.000000416,82.293564,87,41
1970-01-01 00:00:00.000000417,82.57527,87,41
1970-01-01 00:00:00.000000418,82.7145,87,41
1970-01-01 00:00:00.000000417,83.21011,87,42
1970-01-01 00:00:00.000000418,83.54286,87,42
1970-01-01 00:00:00.000000419,82.75928,87,42
1970-01-01 00:00:00.000000418,83.79858,87,43
1970-01-01 00:00:00.000000419,83.02376,87,43
1970-01-01 00:00:00.000000420,82.2482,87,43
1970-01-01 00:00:00.000000419,83.44059,87,44
1970-01-01 00:00:00.000000420,82.95217,87,44
1970-01-01 00:00:00.000000421,82.738785,87,44
1970-01-01 00:00:00.000000420,83.808556,87,45
1970-01-01 00:00:00.000000421,83.87239,87,45
1970-01-01 00:00:00.000000422,83.55961,87,45
1970-01-01 00:00:00.000000421,84.231995,87,46
1970-01-01 00:00:00.000000422,84.30901,87,46
1970-01-01 00:00:00.000000423,84.070816,87,46
1970-01-01 00:00:00.000000422,84.72506,87,47
1970-01-01 00:00:00.000000423,84.723885,87,47
1970-01-01 00:00:00.000000424,84.55641,87,47
1970-01-01 00:00:00.000000423,84.82998,87,48
1970-01-01 00:00:00.000000424,84.899826,87,48
1970-01-01 00:00:00.000000425,85.08729,87,48
1970-01-01 00:00:00.000000424,84.33022,87,49
1970-01-01 00:00:00.000000425,84.58921,87,49
1970-01-01 00:00:00.000000426,84.14771,87,49
1970-01-01 00:00:00.000000425,83.59433,87,50
1970-01-01 00:00:00.000000426,83.50824,87,50
1970-01-01 00:00:00.000000427,83.671265,87,50
1970-01-01 00:00:00.000000426,83.42468,87,51
1970-01-01 00:00:00.000000427,84.688126,87,51
1970-01-01 00:00:00.000000428,84.5578,87,51
1970-01-01 00:00:00.000000427,79.61977,87,52
1970-01-01 00:00:00.000000428,79.116005,87,52
1970-01-01 00:00:00.000000429,80.455574,87,52
1970-01-01 00:00:00.000000428,78.87196,87,53
1970-01-01 00:00:00.000000429,78.95498,87,53
1970-01-01 00:00:00.000000430,79.03507,87,53
1970-01-01 00:00:00.000000429,80.041756,87,54
1970-01-01 00:00:00.000000430,80.32689,87,54
1970-01-01 00:00:00.000000431,80.77886,87,54
1970-01-01 00:00:00.000000430,81.68097,87,55
1970-01-01 00:00:00.000000431,82.62754,87,55
1970-01-01 00:00:00.000000432,82.708206,87,55
1970-01-01 00:00:00.000000431,83.99981,87,56
1970-01-01 00:00:00.000000432,83.7162,87,56
1970-01-01 00:00:00.000000433,83.063545,87,56
1970-01-01 00:00:00.000000432,84.223656,87,57
1970-01-01 00:00:00.000000433,83.201195,87,57
1970-01-01 00:00:00.000000434,82.14054,87,57
1970-01-01 00:00:00.000000433,82.367226,87,58
1970-01-01 00:00:00.000000434,81.92285,87,58
1970-01-01 00:00:00.000000435,81.95513,87,58
1970-01-01 00:00:00.000000434,80.97464,87,59
1970-01-01 00:00:00.000000435,79.89553,87,59
1970-01-01 00:00:00.000000436,79.742966,87,59
1970-01-01 00:00:00.000000435,79.88062,87,60
1970-01-01 00:00:00.000000436,79.70126,87,60
1970-01-01 00:00:00.000000437,79.8626,87,60
1970-01-01 00:00:00.000000436,83.51562,87,61
1970-01-01 00:00:00.000000437,82.9627,87,61
1970-01-01 00:00:00.000000438,83.37464,87,61
1970-01-01 00:00:00.000000437,85.40719,87,62
1970-01-01 00:00:00.000000438,85.75574,87,62
1970-01-01 00:00:00.000000439,84.94972,87,62
1970-01-01 00:00:00.000000438,87.8268,87,63
1970-01-01 00:00:00.000000439,87.54886,87,63
1970-01-01 00:00:00.000000440,86.340385,87,63
1970-01-01 00:00:00.000000439,86.478294,87,64
1970-01-01 00:00:00.000000440,85.798355,87,64
1970-01-01 00:00:00.000000441,85.45439,87,64
1970-01-01 00:00:00.000000355,72.83342,88,10
1970-01-01 00:00:00.000000356,72.87757,88,10
1970-01-01 00:00:00.000000357,72.81563,88,10
1970-01-01 00:00:00.000000356,73.14887,88,11
1970-01-01 00:00:00.000000357,73.19065,88,11
1970-01-01 00:00:00.000000358,73.18603,88,11
1970-01-01 00:00:00.000000357,73.33691,88,12
1970-01-01 00:00:00.000000358,73.347855,88,12
1970-01-01 00:00:00.000000359,73.31771,88,12
1970-01-01 00:00:00.000000358,73.486534,88,13
1970-01-01 00:00:00.000000359,73.51983,88,13
1970-01-01 00:00:00.000000360,73.476,88,13
1970-01-01 00:00:00.000000359,73.48011,88,14
1970-01-01 00:00:00.000000360,73.46758,88,14
1970-01-01 00:00:00.000000361,73.39081,88,14
1970-01-01 00:00:00.000000360,73.52218,88,15
1970-01-01 00:00:00.000000361,73.46863,88,15
1970-01-01 00:00:00.000000362,73.44559,88,15
1970-01-01 00:00:00.000000361,73.25789,88,16
1970-01-01 00:00:00.000000362,73.161644,88,16
1970-01-01 00:00:00.000000363,73.147285,88,16
1970-01-01 00:00:00.000000362,73.074875,88,17
1970-01-01 00:00:00.000000363,73.03108,88,17
1970-01-01 00:00:00.000000364,73.11919,88,17
1970-01-01 00:00:00.000000363,72.89917,88,18
1970-01-01 00:00:00.000000364,72.96459,88,18
1970-01-01 00:00:00.000000365,73.09565,88,18
1970-01-01 00:00:00.000000364,72.89716,88,19
1970-01-01 00:00:00.000000365,72.95311,88,19
1970-01-01 00:00:00.000000366,73.03858,88,19
1970-01-01 00:00:00.000000365,72.81954,88,20
1970-01-01 00:00:00.000000366,72.85183,88,20
1970-01-01 00:00:00.000000367,72.84159,88,20
1970-01-01 00:00:00.000000366,72.70603,88,21
1970-01-01 00:00:00.000000367,72.73615,88,21
1970-01-01 00:00:00.000000368,72.73648,88,21
1970-01-01 00:00:00.000000367,73.21218,88,22
1970-01-01 00:00:00.000000368,73.36113,88,22
1970-01-01 00:00:00.000000369,73.372665,88,22
1970-01-01 00:00:00.000000368,73.184555,88,23
1970-01-01 00:00:00.000000369,73.21114,88,23
1970-01-01 00:00:00.000000370,73.088455,88,23
1970-01-01 00:00:00.000000369,73.232834,88,24
1970-01-01 00:00:00.000000370,73.12174,88,24
1970-01-01 00:00:00.000000371,73.04428,88,24
1970-01-01 00:00:00.000000370,73.294365,88,25
1970-01-01 00:00:00.000000371,73.24531,88,25
1970-01-01 00:00:00.000000372,73.20825,88,25
1970-01-01 00:00:00.000000371,73.44395,88,26
1970-01-01 00:00:00.000000372,73.45267,88,26
1970-01-01 00:00:00.000000373,73.425354,88,26
1970-01-01 00:00:00.000000372,73.77336,88,27
1970-01-01 00:00:00.000000373,73.81128,88,27
1970-01-01 00:00:00.000000374,73.814644,88,27
1970-01-01 00:00:00.000000373,73.79901,88,28
1970-01-01 00:00:00.000000374,73.83585,88,28
1970-01-01 00:00:00.000000375,73.84418,88,28
1970-01-01 00:00:00.000000374,73.91878,88,29
1970-01-01 00:00:00.000000375,73.96822,88,29
1970-01-01 00:00:00.000000376,73.982834,88,29
1970-01-01 00:00:00.000000375,73.769966,88,30
1970-01-01 00:00:00.000000376,73.75828,88,30
1970-01-01 00:00:00.000000377,73.752174,88,30
1970-01-01 00:00:00.000000376,73.47435,88,31
1970-01-01 00:00:00.000000377,73.44296,88,31
1970-01-01 00:00:00.000000378,73.45713,88,31
1970-01-01 00:00:00.000000377,73.413315,88,32
1970-01-01 00:00:00.000000378,73.39611,88,32
1970-01-01 00:00:00.000000379,73.42793,88,32
1970-01-01 00:00:00.000000378,73.30695,88,33
1970-01-01 00:00:00.000000379,73.31478,88,33
1970-01-01 00:00:00.000000380,73.33016,88,33
1970-01-01 00:00:00.000000379,73.17878,88,34
1970-01-01 00:00:00.000000380,73.15525,88,34
1970-01-01 00:00:00.000000381,73.180275,88,34
1970-01-01 00:00:00.000000380,73.445625,88,35
1970-01-01 00:00:00.000000381,73.46758,88,35
1970-01-01 00:00:00.000000382,73.50607,88,35
1970-01-01 00:00:00.000000381,73.41847,88,36
1970-01-01 00:00:00.000000382,73.455315,88,36
1970-01-01 00:00:00.000000383,73.48271,88,36
1970-01-01 00:00:00.000000382,73.63619,88,37
1970-01-01 00:00:00.000000383,73.63732,88,37
1970-01-01 00:00:00.000000384,73.61887,88,37
1970-01-01 00:00:00.000000383,74.08728,88,38
1970-01-01 00:00:00.000000384,74.027504,88,38
1970-01-01 00:00:00.000000385,73.95131,88,38
1970-01-01 00:00:00.000000384,74.60437,88,39
1970-01-01 00:00:00.000000385,74.80521,88,39
1970-01-01 00:00:00.000000386,74.696815,88,39
1970-01-01 00:00:00.000000385,74.31582,88,40
1970-01-01 00:00:00.000000386,74.35728,88,40
1970-01-01 00:00:00.000000387,74.32774,88,40
1970-01-01 00:00:00.000000386,74.93692,88,41
1970-01-01 00:00:00.000000387,75.02495,88,41
1970-01-01 00:00:00.000000388,75.09072,88,41
1970-01-01 00:00:00.000000387,75.225914,88,42
1970-01-01 00:00:00.000000388,75.33332,88,42
1970-01-01 00:00:00.000000389,75.395226,88,42
1970-01-01 00:00:00.000000388,75.80468,88,43
1970-01-01 00:00:00.000000389,76.01334,88,43
1970-01-01 00:00:00.000000390,76.10851,88,43
1970-01-01 00:00:00.000000389,75.29894,88,44
1970-01-01 00:00:00.000000390,75.271095,88,44
1970-01-01 00:00:00.000000391,75.24156,88,44
1970-01-01 00:00:00.000000390,75.5664,88,45
1970-01-01 00:00:00.000000391,75.61869,88,45
1970-01-01 00:00:00.000000392,75.55607,88,45
1970-01-01 00:00:00.000000391,76.008354,88,46
1970-01-01 00:00:00.000000392,76.04465,88,46
1970-01-01 00:00:00.000000393,75.83472,88,46
1970-01-01 00:00:00.000000392,75.51985,88,47
1970-01-01 00:00:00.000000393,75.36697,88,47
1970-01-01 00:00:00.000000394,75.28649,88,47
1970-01-01 00:00:00.000000393,75.30182,88,48
1970-01-01 00:00:00.000000394,75.26889,88,48
1970-01-01 00:00:00.000000395,75.29908,88,48
1970-01-01 00:00:00.000000394,75.380974,88,49
1970-01-01 00:00:00.000000395,75.412766,88,49
1970-01-01 00:00:00.000000396,75.44216,88,49
1970-01-01 00:00:00.000000395,75.33418,88,50
1970-01-01 00:00:00.000000396,75.39164,88,50
1970-01-01 00:00:00.000000397,75.43484,88,50
1970-01-01 00:00:00.000000396,75.3418,88,51
1970-01-01 00:00:00.000000397,75.37145,88,51
1970-01-01 00:00:00.000000398,75.39183,88,51
1970-01-01 00:00:00.000000397,75.156334,88,52
1970-01-01 00:00:00.000000398,75.14427,88,52
1970-01-01 00:00:00.000000399,75.10714,88,52
1970-01-01 00:00:00.000000398,75.31983,88,53
1970-01-01 00:00:00.000000399,75.31763,88,53
1970-01-01 00:00:00.000000400,75.343636,88,53
1970-01-01 00:00:00.000000399,75.318665,88,54
1970-01-01 00:00:00.000000400,75.315056,88,54
1970-01-01 00:00:00.000000401,75.330505,88,54
1970-01-01 00:00:00.000000400,75.23883,88,55
1970-01-01 00:00:00.000000401,75.21802,88,55
1970-01-01 00:00:00.000000402,75.222046,88,55
1970-01-01 00:00:00.000000401,75.69956,88,56
1970-01-01 00:00:00.000000402,75.72271,88,56
1970-01-01 00:00:00.000000403,75.63327,88,56
1970-01-01 00:00:00.000000402,75.42432,88,57
1970-01-01 00:00:00.000000403,75.42874,88,57
1970-01-01 00:00:00.000000404,75.42723,88,57
1970-01-01 00:00:00.000000403,75.022865,88,58
1970-01-01 00:00:00.000000404,75.103195,88,58
1970-01-01 00:00:00.000000405,75.09748,88,58
1970-01-01 00:00:00.000000093,93.91216,89,10
1970-01-01 00:00:00.000000094,90.69638,89,10
1970-01-01 00:00:00.000000095,88.80968,89,10
1970-01-01 00:00:00.000000094,97.07894,89,11
1970-01-01 00:00:00.000000095,94.80917,89,11
1970-01-01 00:00:00.000000096,92.42497,89,11
1970-01-01 00:00:00.000000095,98.77785,89,12
1970-01-01 00:00:00.000000096,99.55319,89,12
1970-01-01 00:00:00.000000097,96.413704,89,12
1970-01-01 00:00:00.000000101,66.05078,92,10
1970-01-01 00:00:00.000000102,66.18615,92,10
1970-01-01 00:00:00.000000103,66.09766,92,10
1970-01-01 00:00:00.000000102,66.64032,92,11
1970-01-01 00:00:00.000000103,66.71301,92,11
1970-01-01 00:00:00.000000104,66.71105,92,11
1970-01-01 00:00:00.000000103,66.83685,92,12
1970-01-01 00:00:00.000000104,66.88175,92,12
1970-01-01 00:00:00.000000105,66.86001,92,12
1970-01-01 00:00:00.000000104,67.44132,92,13
1970-01-01 00:00:00.000000105,67.40122,92,13
1970-01-01 00:00:00.000000106,67.44658,92,13
1970-01-01 00:00:00.000000166,46.29165,93,10
1970-01-01 00:00:00.000000167,46.20741,93,10
1970-01-01 00:00:00.000000168,46.429653,93,10
1970-01-01 00:00:00.000000167,45.42677,93,11
1970-01-01 00:00:00.000000168,45.735023,93,11
1970-01-01 00:00:00.000000169,45.763954,93,11
1970-01-01 00:00:00.000000168,43.0745,93,12
1970-01-01 00:00:00.000000169,43.119495,93,12
1970-01-01 00:00:00.000000170,42.81083,93,12
1970-01-01 00:00:00.000000169,41.78761,93,13
1970-01-01 00:00:00.000000170,41.827877,93,13
1970-01-01 00:00:00.000000171,41.664894,93,13
1970-01-01 00:00:00.000000170,43.586067,93,14
1970-01-01 00:00:00.000000171,44.290947,93,14
1970-01-01 00:00:00.000000172,45.064228,93,14
1970-01-01 00:00:00.000000171,44.718956,93,15
1970-01-01 00:00:00.000000172,45.433323,93,15
1970-01-01 00:00:00.000000173,45.651154,93,15
1970-01-01 00:00:00.000000172,48.240402,93,16
1970-01-01 00:00:00.000000173,48.897217,93,16
1970-01-01 00:00:00.000000174,48.085083,93,16
1970-01-01 00:00:00.000000173,50.889393,93,17
1970-01-01 00:00:00.000000174,50.454594,93,17
1970-01-01 00:00:00.000000175,48.890556,93,17
1970-01-01 00:00:00.000000174,53.701687,93,18
1970-01-01 00:00:00.000000175,53.539795,93,18
1970-01-01 00:00:00.000000176,52.79936,93,18
1970-01-01 00:00:00.000000175,50.605965,93,19
1970-01-01 00:00:00.000000176,50.596836,93,19
1970-01-01 00:00:00.000000177,49.935986,93,19
1970-01-01 00:00:00.000000176,49.27019,93,20
1970-01-01 00:00:00.000000177,48.443882,93,20
1970-01-01 00:00:00.000000178,47.968506,93,20
1970-01-01 00:00:00.000000177,60.286617,93,21
1970-01-01 00:00:00.000000178,60.94198,93,21
1970-01-01 00:00:00.000000179,60.26251,93,21
1970-01-01 00:00:00.000000178,97.51525,93,22
1970-01-01 00:00:00.000000179,99.548874,93,22
1970-01-01 00:00:00.000000180,96.49927,93,22
1970-01-01 00:00:00.000000179,91.30395,93,23
1970-01-01 00:00:00.000000180,85.7761,93,23
1970-01-01 00:00:00.000000181,83.91333,93,23
1970-01-01 00:00:00.000000180,93.52691,93,24
1970-01-01 00:00:00.000000181,87.29464,93,24
1970-01-01 00:00:00.000000182,84.34823,93,24
1970-01-01 00:00:00.000000181,96.10654,93,25
1970-01-01 00:00:00.000000182,93.67322,93,25
1970-01-01 00:00:00.000000183,90.499626,93,25
1970-01-01 00:00:00.000000114,75.328735,95,10
1970-01-01 00:00:00.000000115,75.29554,95,10
1970-01-01 00:00:00.000000116,75.26488,95,10
1970-01-01 00:00:00.000000115,75.53385,95,11
1970-01-01 00:00:00.000000116,75.66131,95,11
1970-01-01 00:00:00.000000117,75.54288,95,11
1970-01-01 00:00:00.000000116,75.66491,95,12
1970-01-01 00:00:00.000000117,75.68603,95,12
1970-01-01 00:00:00.000000118,75.697845,95,12
1970-01-01 00:00:00.000000117,75.96516,95,13
1970-01-01 00:00:00.000000118,75.90663,95,13
1970-01-01 00:00:00.000000119,75.82859,95,13
1970-01-01 00:00:00.000000118,76.55745,95,14
1970-01-01 00:00:00.000000119,76.39088,95,14
1970-01-01 00:00:00.000000120,76.25274,95,14
1970-01-01 00:00:00.000000119,76.72639,95,15
1970-01-01 00:00:00.000000120,76.514084,95,15
1970-01-01 00:00:00.000000121,76.3248,95,15
1970-01-01 00:00:00.000000120,76.4803,95,16
1970-01-01 00:00:00.000000121,76.385544,95,16
1970-01-01 00:00:00.000000122,76.37988,95,16
1970-01-01 00:00:00.000000183,61.530487,96,10
1970-01-01 00:00:00.000000184,61.438717,96,10
1970-01-01 00:00:00.000000185,61.434723,96,10
1970-01-01 00:00:00.000000184,62.257927,96,11
1970-01-01 00:00:00.000000185,62.0616,96,11
1970-01-01 00:00:00.000000186,61.847622,96,11
1970-01-01 00:00:00.000000185,63.08934,96,12
1970-01-01 00:00:00.000000186,62.9802,96,12
1970-01-01 00:00:00.000000187,62.75141,96,12
1970-01-01 00:00:00.000000186,63.747086,96,13
1970-01-01 00:00:00.000000187,63.941742,96,13
1970-01-01 00:00:00.000000188,63.934902,96,13
1970-01-01 00:00:00.000000187,64.00127,96,14
1970-01-01 00:00:00.000000188,64.09659,96,14
1970-01-01 00:00:00.000000189,64.00987,96,14
1970-01-01 00:00:00.000000188,64.97332,96,15
1970-01-01 00:00:00.000000189,65.13862,96,15
1970-01-01 00:00:00.000000190,65.28619,96,15
1970-01-01 00:00:00.000000189,65.00037,96,16
1970-01-01 00:00:00.000000190,65.10165,96,16
1970-01-01 00:00:00.000000191,64.93118,96,16
1970-01-01 00:00:00.000000190,65.40866,96,17
1970-01-01 00:00:00.000000191,65.327095,96,17
1970-01-01 00:00:00.000000192,65.24428,96,17
1970-01-01 00:00:00.000000191,65.14988,96,18
1970-01-01 00:00:00.000000192,64.88613,96,18
1970-01-01 00:00:00.000000193,64.881134,96,18
1970-01-01 00:00:00.000000192,64.86745,96,19
1970-01-01 00:00:00.000000193,64.85196,96,19
1970-01-01 00:00:00.000000194,64.9352,96,19
1970-01-01 00:00:00.000000193,65.54226,96,20
1970-01-01 00:00:00.000000194,65.55033,96,20
1970-01-01 00:00:00.000000195,65.51005,96,20
1970-01-01 00:00:00.000000194,65.588554,96,21
1970-01-01 00:00:00.000000195,65.582054,96,21
1970-01-01 00:00:00.000000196,65.546104,96,21
1970-01-01 00:00:00.000000195,65.519104,96,22
1970-01-01 00:00:00.000000196,65.49939,96,22
1970-01-01 00:00:00.000000197,65.511795,96,22
1970-01-01 00:00:00.000000196,65.531075,96,23
1970-01-01 00:00:00.000000197,65.551636,96,23
1970-01-01 00:00:00.000000198,65.55609,96,23
1970-01-01 00:00:00.000000197,65.41912,96,24
1970-01-01 00:00:00.000000198,65.50748,96,24
1970-01-01 00:00:00.000000199,65.54961,96,24
1970-01-01 00:00:00.000000198,65.55366,96,25
1970-01-01 00:00:00.000000199,65.5528,96,25
1970-01-01 00:00:00.000000200,65.54758,96,25
1970-01-01 00:00:00.000000199,65.557816,96,26
1970-01-01 00:00:00.000000200,65.569824,96,26
1970-01-01 00:00:00.000000201,65.57788,96,26
1970-01-01 00:00:00.000000200,65.5925,96,27
1970-01-01 00:00:00.000000201,65.5982,96,27
1970-01-01 00:00:00.000000202,65.54869,96,27
1970-01-01 00:00:00.000000201,65.44438,96,28
1970-01-01 00:00:00.000000202,65.45143,96,28
1970-01-01 00:00:00.000000203,65.4374,96,28
1970-01-01 00:00:00.000000079,100.0,98,10
1970-01-01 00:00:00.000000080,100.0,98,10
1970-01-01 00:00:00.000000081,97.56909,98,10
1970-01-01 00:00:00.000000096,97.28931,99,10
1970-01-01 00:00:00.000000097,95.87179,99,10
1970-01-01 00:00:00.000000098,93.252174,99,10
1970-01-01 00:00:00.000000097,95.87277,99,11
1970-01-01 00:00:00.000000098,92.285286,99,11
1970-01-01 00:00:00.000000099,89.856125,99,11
1970-01-01 00:00:00.000000098,97.38771,99,12
1970-01-01 00:00:00.000000099,94.3138,99,12
1970-01-01 00:00:00.000000100,92.572556,99,12
1970-01-01 00:00:00.000000099,98.33829,99,13
1970-01-01 00:00:00.000000100,97.274284,99,13
1970-01-01 00:00:00.000000101,95.63013,99,13
1970-01-01 00:00:00.000000340,57.085865,100,10
1970-01-01 00:00:00.000000341,57.004734,100,10
1970-01-01 00:00:00.000000342,56.954746,100,10
1970-01-01 00:00:00.000000341,57.00088,100,11
1970-01-01 00:00:00.000000342,56.93783,100,11
1970-01-01 00:00:00.000000343,56.91683,100,11
1970-01-01 00:00:00.000000342,56.854797,100,12
1970-01-01 00:00:00.000000343,56.852104,100,12
1970-01-01 00:00:00.000000344,56.87116,100,12
1970-01-01 00:00:00.000000343,57.22789,100,13
1970-01-01 00:00:00.000000344,57.257935,100,13
1970-01-01 00:00:00.000000345,57.21365,100,13
1970-01-01 00:00:00.000000344,57.196205,100,14
1970-01-01 00:00:00.000000345,57.24713,100,14
1970-01-01 00:00:00.000000346,57.262558,100,14
1970-01-01 00:00:00.000000345,57.50471,100,15
1970-01-01 00:00:00.000000346,57.69447,100,15
1970-01-01 00:00:00.000000347,57.617035,100,15
1970-01-01 00:00:00.000000346,57.742657,100,16
1970-01-01 00:00:00.000000347,57.8286,100,16
1970-01-01 00:00:00.000000348,57.72942,100,16
1970-01-01 00:00:00.000000347,57.810013,100,17
1970-01-01 00:00:00.000000348,57.775955,100,17
1970-01-01 00:00:00.000000349,57.662083,100,17
1970-01-01 00:00:00.000000348,58.01301,100,18
1970-01-01 00:00:00.000000349,58.044937,100,18
1970-01-01 00:00:00.000000350,58.042114,100,18
1970-01-01 00:00:00.000000349,57.883797,100,19
1970-01-01 00:00:00.000000350,57.86187,100,19
1970-01-01 00:00:00.000000351,57.859226,100,19
1970-01-01 00:00:00.000000350,58.769653,100,20
1970-01-01 00:00:00.000000351,58.882538,100,20
1970-01-01 00:00:00.000000352,58.89943,100,20
1970-01-01 00:00:00.000000351,59.33133,100,21
1970-01-01 00:00:00.000000352,59.512447,100,21
1970-01-01 00:00:00.000000353,59.538937,100,21
1970-01-01 00:00:00.000000352,60.06938,100,22
1970-01-01 00:00:00.000000353,60.38722,100,22
1970-01-01 00:00:00.000000354,60.36461,100,22
1970-01-01 00:00:00.000000353,60.478687,100,23
1970-01-01 00:00:00.000000354,60.71343,100,23
1970-01-01 00:00:00.000000355,60.65489,100,23
1970-01-01 00:00:00.000000354,60.48133,100,24
1970-01-01 00:00:00.000000355,60.603256,100,24
1970-01-01 00:00:00.000000356,60.562775,100,24
1970-01-01 00:00:00.000000355,60.977036,100,25
1970-01-01 00:00:00.000000356,61.14393,100,25
1970-01-01 00:00:00.000000357,61.07308,100,25
1970-01-01 00:00:00.000000356,61.1246,100,26
1970-01-01 00:00:00.000000357,61.230164,100,26
1970-01-01 00:00:00.000000358,61.15599,100,26
1970-01-01 00:00:00.000000357,61.68432,100,27
1970-01-01 00:00:00.000000358,61.83287,100,27
1970-01-01 00:00:00.000000359,62.001118,100,27
1970-01-01 00:00:00.000000358,61.83266,100,28
1970-01-01 00:00:00.000000359,62.193874,100,28
1970-01-01 00:00:00.000000360,62.258564,100,28
1970-01-01 00:00:00.000000359,61.87457,100,29
1970-01-01 00:00:00.000000360,61.95346,100,29
1970-01-01 00:00:00.000000361,61.966595,100,29
1970-01-01 00:00:00.000000360,62.705822,100,30
1970-01-01 00:00:00.000000361,62.81279,100,30
1970-01-01 00:00:00.000000362,62.40615,100,30
1970-01-01 00:00:00.000000361,62.399475,100,31
1970-01-01 00:00:00.000000362,62.172096,100,31
1970-01-01 00:00:00.000000363,62.12566,100,31
1970-01-01 00:00:00.000000362,62.579163,100,32
1970-01-01 00:00:00.000000363,62.660774,100,32
1970-01-01 00:00:00.000000364,62.65633,100,32
1970-01-01 00:00:00.000000363,63.420265,100,33
1970-01-01 00:00:00.000000364,63.563843,100,33
1970-01-01 00:00:00.000000365,63.561287,100,33
1970-01-01 00:00:00.000000364,64.15569,100,34
1970-01-01 00:00:00.000000365,64.30971,100,34
1970-01-01 00:00:00.000000366,64.33997,100,34
1970-01-01 00:00:00.000000365,64.66815,100,35
1970-01-01 00:00:00.000000366,64.789024,100,35
1970-01-01 00:00:00.000000367,64.706024,100,35
1970-01-01 00:00:00.000000366,64.840805,100,36
1970-01-01 00:00:00.000000367,64.840485,100,36
1970-01-01 00:00:00.000000368,64.74063,100,36
1970-01-01 00:00:00.000000367,65.680145,100,37
1970-01-01 00:00:00.000000368,65.84709,100,37
1970-01-01 00:00:00.000000369,65.841385,100,37
1970-01-01 00:00:00.000000368,65.370255,100,38
1970-01-01 00:00:00.000000369,65.303635,100,38
1970-01-01 00:00:00.000000370,65.23298,100,38
1970-01-01 00:00:00.000000369,65.76549,100,39
1970-01-01 00:00:00.000000370,65.67093,100,39
1970-01-01 00:00:00.000000371,65.60843,100,39
1970-01-01 00:00:00.000000370,65.68643,100,40
1970-01-01 00:00:00.000000371,65.59845,100,40
1970-01-01 00:00:00.000000372,65.659294,100,40
1970-01-01 00:00:00.000000371,66.385315,100,41
1970-01-01 00:00:00.000000372,66.457,100,41
1970-01-01 00:00:00.000000373,66.37461,100,41
1970-01-01 00:00:00.000000372,66.508736,100,42
1970-01-01 00:00:00.000000373,66.501236,100,42
1970-01-01 00:00:00.000000374,66.48279,100,42
1970-01-01 00:00:00.000000373,66.31074,100,43
1970-01-01 00:00:00.000000374,66.27442,100,43
1970-01-01 00:00:00.000000375,66.24493,100,43
1970-01-01 00:00:00.000000374,67.12569,100,44
1970-01-01 00:00:00.000000375,67.194496,100,44
1970-01-01 00:00:00.000000376,67.19341,100,44
1970-01-01 00:00:00.000000375,67.30906,100,45
1970-01-01 00:00:00.000000376,67.316666,100,45
1970-01-01 00:00:00.000000377,67.234314,100,45
1970-01-01 00:00:00.000000376,67.065094,100,46
1970-01-01 00:00:00.000000377,66.81404,100,46
1970-01-01 00:00:00.000000378,66.713455,100,46
1970-01-01 00:00:00.000000377,66.5983,100,47
1970-01-01 00:00:00.000000378,66.31673,100,47
1970-01-01 00:00:00.000000379,66.26909,100,47
1970-01-01 00:00:00.000000378,66.24732,100,48
1970-01-01 00:00:00.000000379,65.97937,100,48
1970-01-01 00:00:00.000000380,66.020676,100,48
1970-01-01 00:00:00.000000379,65.5625,100,49
1970-01-01 00:00:00.000000380,65.26164,100,49
1970-01-01 00:00:00.000000381,63.97198,100,49
1970-01-01 00:00:00.000000380,64.18025,100,50
1970-01-01 00:00:00.000000381,61.22092,100,50
1970-01-01 00:00:00.000000382,60.746983,100,50
1970-01-01 00:00:00.000000381,64.230995,100,51
1970-01-01 00:00:00.000000382,63.629963,100,51
1970-01-01 00:00:00.000000383,63.89997,100,51
1970-01-01 00:00:00.000000382,66.76428,100,52
1970-01-01 00:00:00.000000383,66.82659,100,52
1970-01-01 00:00:00.000000384,66.86851,100,52
1970-01-01 00:00:00.000000383,100.0,100,53
1970-01-01 00:00:00.000000384,100.0,100,53
1970-01-01 00:00:00.000000385,100.0,100,53
1970-01-01 00:00:00.000000384,98.32463,100,54
1970-01-01 00:00:00.000000385,95.390076,100,54
1970-01-01 00:00:00.000000386,89.48454,100,54
1970-01-01 00:00:00.000000385,97.43816,100,55
1970-01-01 00:00:00.000000386,94.73081,100,55
1970-01-01 00:00:00.000000387,90.07868,100,55
1970-01-01 00:00:00.000000386,98.64725,100,56
1970-01-01 00:00:00.000000387,98.7541,100,56
1970-01-01 00:00:00.000000388,95.30883,100,56
1970-01-01 00:00:00.000000142,46.89709,101,10
1970-01-01 00:00:00.000000143,47.19995,101,10
1970-01-01 00:00:00.000000144,47.33606,101,10
1970-01-01 00:00:00.000000143,48.105053,101,11
1970-01-01 00:00:00.000000144,48.41691,101,11
1970-01-01 00:00:00.000000145,48.651756,101,11
1970-01-01 00:00:00.000000144,50.258175,101,12
1970-01-01 00:00:00.000000145,50.728455,101,12
1970-01-01 00:00:00.000000146,51.031456,101,12
1970-01-01 00:00:00.000000145,52.565384,101,13
1970-01-01 00:00:00.000000146,53.020844,101,13
1970-01-01 00:00:00.000000147,53.24295,101,13
1970-01-01 00:00:00.000000146,53.397057,101,14
1970-01-01 00:00:00.000000147,53.64824,101,14
1970-01-01 00:00:00.000000148,53.75731,101,14
1970-01-01 00:00:00.000000147,54.39825,101,15
1970-01-01 00:00:00.000000148,54.702248,101,15
1970-01-01 00:00:00.000000149,54.581516,101,15
1970-01-01 00:00:00.000000148,55.921944,101,16
1970-01-01 00:00:00.000000149,56.362667,101,16
1970-01-01 00:00:00.000000150,56.37044,101,16
1970-01-01 00:00:00.000000149,57.30424,101,17
1970-01-01 00:00:00.000000150,57.727436,101,17
1970-01-01 00:00:00.000000151,57.608868,101,17
1970-01-01 00:00:00.000000150,58.634823,101,18
1970-01-01 00:00:00.000000151,58.997475,101,18
1970-01-01 00:00:00.000000152,58.98949,101,18
1970-01-01 00:00:00.000000151,60.023476,101,19
1970-01-01 00:00:00.000000152,60.446774,101,19
1970-01-01 00:00:00.000000153,60.39569,101,19
1970-01-01 00:00:00.000000152,60.440445,101,20
1970-01-01 00:00:00.000000153,60.61462,101,20
1970-01-01 00:00:00.000000154,60.329216,101,20
1970-01-01 00:00:00.000000153,60.505577,101,21
1970-01-01 00:00:00.000000154,60.247433,101,21
1970-01-01 00:00:00.000000155,60.155197,101,21
1970-01-01 00:00:00.000000187,70.58723,103,10
1970-01-01 00:00:00.000000188,71.190384,103,10
1970-01-01 00:00:00.000000189,71.24504,103,10
1970-01-01 00:00:00.000000188,70.72546,103,11
1970-01-01 00:00:00.000000189,71.11782,103,11
1970-01-01 00:00:00.000000190,71.04627,103,11
1970-01-01 00:00:00.000000189,70.886894,103,12
1970-01-01 00:00:00.000000190,70.953964,103,12
1970-01-01 00:00:00.000000191,70.79546,103,12
1970-01-01 00:00:00.000000190,71.04409,103,13
1970-01-01 00:00:00.000000191,71.03913,103,13
1970-01-01 00:00:00.000000192,70.906876,103,13
1970-01-01 00:00:00.000000191,71.66454,103,14
1970-01-01 00:00:00.000000192,71.71035,103,14
1970-01-01 00:00:00.000000193,71.591385,103,14
1970-01-01 00:00:00.000000192,72.20098,103,15
1970-01-01 00:00:00.000000193,72.25282,103,15
1970-01-01 00:00:00.000000194,72.19996,103,15
1970-01-01 00:00:00.000000193,72.53669,103,16
1970-01-01 00:00:00.000000194,72.61389,103,16
1970-01-01 00:00:00.000000195,72.48075,103,16
1970-01-01 00:00:00.000000194,73.53728,103,17
1970-01-01 00:00:00.000000195,73.64882,103,17
1970-01-01 00:00:00.000000196,73.62127,103,17
1970-01-01 00:00:00.000000195,73.84117,103,18
1970-01-01 00:00:00.000000196,74.02201,103,18
1970-01-01 00:00:00.000000197,73.96496,103,18
1970-01-01 00:00:00.000000196,73.92399,103,19
1970-01-01 00:00:00.000000197,74.04124,103,19
1970-01-01 00:00:00.000000198,73.992966,103,19
1970-01-01 00:00:00.000000197,73.48698,103,20
1970-01-01 00:00:00.000000198,73.419304,103,20
1970-01-01 00:00:00.000000199,73.37288,103,20
1970-01-01 00:00:00.000000198,73.73255,103,21
1970-01-01 00:00:00.000000199,73.67353,103,21
1970-01-01 00:00:00.000000200,73.62705,103,21
1970-01-01 00:00:00.000000199,74.3261,103,22
1970-01-01 00:00:00.000000200,74.359314,103,22
1970-01-01 00:00:00.000000201,74.27953,103,22
1970-01-01 00:00:00.000000200,74.59653,103,23
1970-01-01 00:00:00.000000201,74.63483,103,23
1970-01-01 00:00:00.000000202,74.62742,103,23
1970-01-01 00:00:00.000000201,74.67627,103,24
1970-01-01 00:00:00.000000202,74.75437,103,24
1970-01-01 00:00:00.000000203,74.729065,103,24
1970-01-01 00:00:00.000000202,75.34224,103,25
1970-01-01 00:00:00.000000203,75.45635,103,25
1970-01-01 00:00:00.000000204,75.47017,103,25
1970-01-01 00:00:00.000000203,75.30902,103,26
1970-01-01 00:00:00.000000204,75.39269,103,26
1970-01-01 00:00:00.000000205,75.382515,103,26
1970-01-01 00:00:00.000000204,74.67615,103,27
1970-01-01 00:00:00.000000205,74.63118,103,27
1970-01-01 00:00:00.000000206,74.60258,103,27
1970-01-01 00:00:00.000000205,74.94757,103,28
1970-01-01 00:00:00.000000206,74.945915,103,28
1970-01-01 00:00:00.000000207,74.936104,103,28
1970-01-01 00:00:00.000000206,74.76146,103,29
1970-01-01 00:00:00.000000207,74.77407,103,29
1970-01-01 00:00:00.000000208,74.78307,103,29
1970-01-01 00:00:00.000000080,97.40746,104,10
1970-01-01 00:00:00.000000081,96.01632,104,10
1970-01-01 00:00:00.000000082,93.0503,104,10
1970-01-01 00:00:00.000000190,59.878635,105,10
1970-01-01 00:00:00.000000191,58.955353,105,10
1970-01-01 00:00:00.000000192,58.774704,105,10
1970-01-01 00:00:00.000000191,61.5496,105,11
1970-01-01 00:00:00.000000192,61.67032,105,11
1970-01-01 00:00:00.000000193,61.301582,105,11
1970-01-01 00:00:00.000000192,64.08824,105,12
1970-01-01 00:00:00.000000193,64.49325,105,12
1970-01-01 00:00:00.000000194,64.74257,105,12
1970-01-01 00:00:00.000000193,64.84707,105,13
1970-01-01 00:00:00.000000194,65.189,105,13
1970-01-01 00:00:00.000000195,64.95671,105,13
1970-01-01 00:00:00.000000194,62.843376,105,14
1970-01-01 00:00:00.000000195,62.227203,105,14
1970-01-01 00:00:00.000000196,61.908176,105,14
1970-01-01 00:00:00.000000195,63.686832,105,15
1970-01-01 00:00:00.000000196,63.57224,105,15
1970-01-01 00:00:00.000000197,63.340504,105,15
1970-01-01 00:00:00.000000196,63.806717,105,16
1970-01-01 00:00:00.000000197,63.69305,105,16
1970-01-01 00:00:00.000000198,63.632362,105,16
1970-01-01 00:00:00.000000197,64.917206,105,17
1970-01-01 00:00:00.000000198,64.848465,105,17
1970-01-01 00:00:00.000000199,64.97253,105,17
1970-01-01 00:00:00.000000198,65.04263,105,18
1970-01-01 00:00:00.000000199,65.187584,105,18
1970-01-01 00:00:00.000000200,65.370255,105,18
1970-01-01 00:00:00.000000199,64.20213,105,19
1970-01-01 00:00:00.000000200,64.14079,105,19
1970-01-01 00:00:00.000000201,64.21804,105,19
1970-01-01 00:00:00.000000200,64.02673,105,20
1970-01-01 00:00:00.000000201,64.1097,105,20
1970-01-01 00:00:00.000000202,64.13876,105,20
1970-01-01 00:00:00.000000201,64.38774,105,21
1970-01-01 00:00:00.000000202,64.42145,105,21
1970-01-01 00:00:00.000000203,64.42227,105,21
1970-01-01 00:00:00.000000202,65.213455,105,22
1970-01-01 00:00:00.000000203,64.96897,105,22
1970-01-01 00:00:00.000000204,65.08957,105,22
1970-01-01 00:00:00.000000203,67.308556,105,23
1970-01-01 00:00:00.000000204,66.45623,105,23
1970-01-01 00:00:00.000000205,66.49251,105,23
1970-01-01 00:00:00.000000204,67.04063,105,24
1970-01-01 00:00:00.000000205,66.47552,105,24
1970-01-01 00:00:00.000000206,66.145966,105,24
1970-01-01 00:00:00.000000205,65.616516,105,25
1970-01-01 00:00:00.000000206,65.461266,105,25
1970-01-01 00:00:00.000000207,65.477875,105,25
1970-01-01 00:00:00.000000206,65.7545,105,26
1970-01-01 00:00:00.000000207,65.8622,105,26
1970-01-01 00:00:00.000000208,65.987274,105,26
1970-01-01 00:00:00.000000207,65.29089,105,27
1970-01-01 00:00:00.000000208,65.653915,105,27
1970-01-01 00:00:00.000000209,66.00824,105,27
1970-01-01 00:00:00.000000208,64.24205,105,28
1970-01-01 00:00:00.000000209,66.18783,105,28
1970-01-01 00:00:00.000000210,66.49516,105,28
1970-01-01 00:00:00.000000209,62.322155,105,29
1970-01-01 00:00:00.000000210,62.302994,105,29
1970-01-01 00:00:00.000000211,62.395847,105,29
1970-01-01 00:00:00.000000281,57.55995,106,10
1970-01-01 00:00:00.000000282,57.580303,106,10
1970-01-01 00:00:00.000000283,57.558002,106,10
1970-01-01 00:00:00.000000282,57.042217,106,11
1970-01-01 00:00:00.000000283,56.97987,106,11
1970-01-01 00:00:00.000000284,56.929386,106,11
1970-01-01 00:00:00.000000283,57.38962,106,12
1970-01-01 00:00:00.000000284,57.286915,106,12
1970-01-01 00:00:00.000000285,57.21898,106,12
1970-01-01 00:00:00.000000284,57.08509,106,13
1970-01-01 00:00:00.000000285,57.002472,106,13
1970-01-01 00:00:00.000000286,57.000977,106,13
1970-01-01 00:00:00.000000285,56.98376,106,14
1970-01-01 00:00:00.000000286,57.03998,106,14
1970-01-01 00:00:00.000000287,57.080555,106,14
1970-01-01 00:00:00.000000286,56.741188,106,15
1970-01-01 00:00:00.000000287,56.7539,106,15
1970-01-01 00:00:00.000000288,56.952835,106,15
1970-01-01 00:00:00.000000287,56.73353,106,16
1970-01-01 00:00:00.000000288,56.831673,106,16
1970-01-01 00:00:00.000000289,56.967377,106,16
1970-01-01 00:00:00.000000288,56.814854,106,17
1970-01-01 00:00:00.000000289,56.904205,106,17
1970-01-01 00:00:00.000000290,56.806816,106,17
1970-01-01 00:00:00.000000289,57.05207,106,18
1970-01-01 00:00:00.000000290,56.84401,106,18
1970-01-01 00:00:00.000000291,56.74776,106,18
1970-01-01 00:00:00.000000290,56.44217,106,19
1970-01-01 00:00:00.000000291,56.419262,106,19
1970-01-01 00:00:00.000000292,56.425526,106,19
1970-01-01 00:00:00.000000291,56.403477,106,20
1970-01-01 00:00:00.000000292,56.402653,106,20
1970-01-01 00:00:00.000000293,56.41371,106,20
1970-01-01 00:00:00.000000292,55.996494,106,21
1970-01-01 00:00:00.000000293,56.007263,106,21
1970-01-01 00:00:00.000000294,55.99078,106,21
1970-01-01 00:00:00.000000293,55.99474,106,22
1970-01-01 00:00:00.000000294,56.02053,106,22
1970-01-01 00:00:00.000000295,56.045948,106,22
1970-01-01 00:00:00.000000294,56.05578,106,23
1970-01-01 00:00:00.000000295,56.10488,106,23
1970-01-01 00:00:00.000000296,56.155106,106,23
1970-01-01 00:00:00.000000295,55.54621,106,24
1970-01-01 00:00:00.000000296,55.563744,106,24
1970-01-01 00:00:00.000000297,55.543495,106,24
1970-01-01 00:00:00.000000296,55.346516,106,25
1970-01-01 00:00:00.000000297,55.32933,106,25
1970-01-01 00:00:00.000000298,55.302753,106,25
1970-01-01 00:00:00.000000297,55.076103,106,26
1970-01-01 00:00:00.000000298,55.123127,106,26
1970-01-01 00:00:00.000000299,55.14772,106,26
1970-01-01 00:00:00.000000298,54.719944,106,27
1970-01-01 00:00:00.000000299,54.75686,106,27
1970-01-01 00:00:00.000000300,54.77502,106,27
1970-01-01 00:00:00.000000299,54.587578,106,28
1970-01-01 00:00:00.000000300,54.615646,106,28
1970-01-01 00:00:00.000000301,54.613297,106,28
1970-01-01 00:00:00.000000300,53.915085,106,29
1970-01-01 00:00:00.000000301,53.848694,106,29
1970-01-01 00:00:00.000000302,53.72537,106,29
1970-01-01 00:00:00.000000301,53.685528,106,30
1970-01-01 00:00:00.000000302,53.67804,106,30
1970-01-01 00:00:00.000000303,53.62328,106,30
1970-01-01 00:00:00.000000302,53.4863,106,31
1970-01-01 00:00:00.000000303,53.52754,106,31
1970-01-01 00:00:00.000000304,53.49824,106,31
1970-01-01 00:00:00.000000303,52.83372,106,32
1970-01-01 00:00:00.000000304,52.822937,106,32
1970-01-01 00:00:00.000000305,52.844986,106,32
1970-01-01 00:00:00.000000304,53.260868,106,33
1970-01-01 00:00:00.000000305,53.30228,106,33
1970-01-01 00:00:00.000000306,53.352043,106,33
1970-01-01 00:00:00.000000305,52.692574,106,34
1970-01-01 00:00:00.000000306,52.728134,106,34
1970-01-01 00:00:00.000000307,52.709774,106,34
1970-01-01 00:00:00.000000306,51.981,106,35
1970-01-01 00:00:00.000000307,52.006958,106,35
1970-01-01 00:00:00.000000308,51.973907,106,35
1970-01-01 00:00:00.000000307,52.298252,106,36
1970-01-01 00:00:00.000000308,52.38045,106,36
1970-01-01 00:00:00.000000309,52.51742,106,36
1970-01-01 00:00:00.000000308,51.637608,106,37
1970-01-01 00:00:00.000000309,51.658077,106,37
1970-01-01 00:00:00.000000310,51.459335,106,37
1970-01-01 00:00:00.000000309,50.65696,106,38
1970-01-01 00:00:00.000000310,49.917107,106,38
1970-01-01 00:00:00.000000311,49.682697,106,38
1970-01-01 00:00:00.000000310,50.873688,106,39
1970-01-01 00:00:00.000000311,50.86238,106,39
1970-01-01 00:00:00.000000312,50.900826,106,39
1970-01-01 00:00:00.000000311,52.895775,106,40
1970-01-01 00:00:00.000000312,52.956944,106,40
1970-01-01 00:00:00.000000313,52.96843,106,40
1970-01-01 00:00:00.000000312,77.57146,106,41
1970-01-01 00:00:00.000000313,74.8186,106,41
1970-01-01 00:00:00.000000314,72.37331,106,41
1970-01-01 00:00:00.000000313,100.0,106,42
1970-01-01 00:00:00.000000314,100.0,106,42
1970-01-01 00:00:00.000000315,100.0,106,42
1970-01-01 00:00:00.000000314,95.38959,106,43
1970-01-01 00:00:00.000000315,94.616776,106,43
1970-01-01 00:00:00.000000316,86.38273,106,43
1970-01-01 00:00:00.000000315,95.03404,106,44
1970-01-01 00:00:00.000000316,91.23823,106,44
1970-01-01 00:00:00.000000317,86.71354,106,44
1970-01-01 00:00:00.000000316,96.32308,106,45
1970-01-01 00:00:00.000000317,95.65304,106,45
1970-01-01 00:00:00.000000318,91.6471,106,45
1970-01-01 00:00:00.000000083,100.0,107,10
1970-01-01 00:00:00.000000084,100.0,107,10
1970-01-01 00:00:00.000000085,98.31644,107,10
1970-01-01 00:00:00.000000213,62.402294,108,10
1970-01-01 00:00:00.000000214,62.078163,108,10
1970-01-01 00:00:00.000000215,62.18087,108,10
1970-01-01 00:00:00.000000214,63.285046,108,11
1970-01-01 00:00:00.000000215,63.142975,108,11
1970-01-01 00:00:00.000000216,63.188824,108,11
1970-01-01 00:00:00.000000215,63.930332,108,12
1970-01-01 00:00:00.000000216,63.908577,108,12
1970-01-01 00:00:00.000000217,63.943848,108,12
1970-01-01 00:00:00.000000216,63.97211,108,13
1970-01-01 00:00:00.000000217,63.949802,108,13
1970-01-01 00:00:00.000000218,63.88338,108,13
1970-01-01 00:00:00.000000217,64.06925,108,14
1970-01-01 00:00:00.000000218,64.03211,108,14
1970-01-01 00:00:00.000000219,63.99345,108,14
1970-01-01 00:00:00.000000218,63.967064,108,15
1970-01-01 00:00:00.000000219,63.932823,108,15
1970-01-01 00:00:00.000000220,63.924343,108,15
1970-01-01 00:00:00.000000219,64.27069,108,16
1970-01-01 00:00:00.000000220,64.24106,108,16
1970-01-01 00:00:00.000000221,64.253975,108,16
1970-01-01 00:00:00.000000220,64.451935,108,17
1970-01-01 00:00:00.000000221,64.47742,108,17
1970-01-01 00:00:00.000000222,64.500534,108,17
1970-01-01 00:00:00.000000221,65.003525,108,18
1970-01-01 00:00:00.000000222,65.14412,108,18
1970-01-01 00:00:00.000000223,65.11736,108,18
1970-01-01 00:00:00.000000222,64.59125,108,19
1970-01-01 00:00:00.000000223,64.611984,108,19
1970-01-01 00:00:00.000000224,64.61699,108,19
1970-01-01 00:00:00.000000223,64.50468,108,20
1970-01-01 00:00:00.000000224,64.52925,108,20
1970-01-01 00:00:00.000000225,64.532364,108,20
1970-01-01 00:00:00.000000224,64.849075,108,21
1970-01-01 00:00:00.000000225,64.834114,108,21
1970-01-01 00:00:00.000000226,64.80921,108,21
1970-01-01 00:00:00.000000225,65.08557,108,22
1970-01-01 00:00:00.000000226,65.06154,108,22
1970-01-01 00:00:00.000000227,65.083435,108,22
1970-01-01 00:00:00.000000226,65.44616,108,23
1970-01-01 00:00:00.000000227,65.4551,108,23
1970-01-01 00:00:00.000000228,65.4509,108,23
1970-01-01 00:00:00.000000227,65.89874,108,24
1970-01-01 00:00:00.000000228,65.97337,108,24
1970-01-01 00:00:00.000000229,65.82229,108,24
1970-01-01 00:00:00.000000228,65.32065,108,25
1970-01-01 00:00:00.000000229,65.22956,108,25
1970-01-01 00:00:00.000000230,65.198166,108,25
1970-01-01 00:00:00.000000229,65.21103,108,26
1970-01-01 00:00:00.000000230,65.18075,108,26
1970-01-01 00:00:00.000000231,65.16926,108,26
1970-01-01 00:00:00.000000230,65.93807,108,27
1970-01-01 00:00:00.000000231,65.87553,108,27
1970-01-01 00:00:00.000000232,65.88211,108,27
1970-01-01 00:00:00.000000231,66.48177,108,28
1970-01-01 00:00:00.000000232,66.208694,108,28
1970-01-01 00:00:00.000000233,66.31913,108,28
1970-01-01 00:00:00.000000232,66.9083,108,29
1970-01-01 00:00:00.000000233,66.60005,108,29
1970-01-01 00:00:00.000000234,66.28016,108,29
1970-01-01 00:00:00.000000233,68.327866,108,30
1970-01-01 00:00:00.000000234,68.50827,108,30
1970-01-01 00:00:00.000000235,68.21807,108,30
1970-01-01 00:00:00.000000234,69.052826,108,31
1970-01-01 00:00:00.000000235,69.18494,108,31
1970-01-01 00:00:00.000000236,69.21769,108,31
1970-01-01 00:00:00.000000235,69.49495,108,32
1970-01-01 00:00:00.000000236,69.67822,108,32
1970-01-01 00:00:00.000000237,69.73308,108,32
1970-01-01 00:00:00.000000236,70.24591,108,33
1970-01-01 00:00:00.000000237,70.645355,108,33
1970-01-01 00:00:00.000000238,71.4681,108,33
1970-01-01 00:00:00.000000083,69.254395,109,10
1970-01-01 00:00:00.000000084,68.885956,109,10
1970-01-01 00:00:00.000000085,68.44772,109,10
1970-01-01 00:00:00.000000505,74.06884,110,10
1970-01-01 00:00:00.000000506,74.10998,110,10
1970-01-01 00:00:00.000000507,74.09286,110,10
1970-01-01 00:00:00.000000506,74.14262,110,11
1970-01-01 00:00:00.000000507,74.139946,110,11
1970-01-01 00:00:00.000000508,74.131546,110,11
1970-01-01 00:00:00.000000507,74.189644,110,12
1970-01-01 00:00:00.000000508,74.19496,110,12
1970-01-01 00:00:00.000000509,74.18431,110,12
1970-01-01 00:00:00.000000508,74.22425,110,13
1970-01-01 00:00:00.000000509,74.1906,110,13
1970-01-01 00:00:00.000000510,74.17086,110,13
1970-01-01 00:00:00.000000509,74.555336,110,14
1970-01-01 00:00:00.000000510,74.48592,110,14
1970-01-01 00:00:00.000000511,74.46032,110,14
1970-01-01 00:00:00.000000510,75.006035,110,15
1970-01-01 00:00:00.000000511,75.07897,110,15
1970-01-01 00:00:00.000000512,75.01972,110,15
1970-01-01 00:00:00.000000511,75.32668,110,16
1970-01-01 00:00:00.000000512,75.358475,110,16
1970-01-01 00:00:00.000000513,75.32821,110,16
1970-01-01 00:00:00.000000512,75.3772,110,17
1970-01-01 00:00:00.000000513,75.40974,110,17
1970-01-01 00:00:00.000000514,75.37846,110,17
1970-01-01 00:00:00.000000513,75.95031,110,18
1970-01-01 00:00:00.000000514,76.00217,110,18
1970-01-01 00:00:00.000000515,76.09897,110,18
1970-01-01 00:00:00.000000514,75.98573,110,19
1970-01-01 00:00:00.000000515,76.08852,110,19
1970-01-01 00:00:00.000000516,76.0424,110,19
1970-01-01 00:00:00.000000515,76.25221,110,20
1970-01-01 00:00:00.000000516,76.41824,110,20
1970-01-01 00:00:00.000000517,76.44596,110,20
1970-01-01 00:00:00.000000516,76.429794,110,21
1970-01-01 00:00:00.000000517,76.49924,110,21
1970-01-01 00:00:00.000000518,76.58661,110,21
1970-01-01 00:00:00.000000517,77.03894,110,22
1970-01-01 00:00:00.000000518,77.20817,110,22
1970-01-01 00:00:00.000000519,77.10733,110,22
1970-01-01 00:00:00.000000518,76.43234,110,23
1970-01-01 00:00:00.000000519,76.36683,110,23
1970-01-01 00:00:00.000000520,76.36203,110,23
1970-01-01 00:00:00.000000519,76.18349,110,24
1970-01-01 00:00:00.000000520,76.17032,110,24
1970-01-01 00:00:00.000000521,76.15931,110,24
1970-01-01 00:00:00.000000520,75.44985,110,25
1970-01-01 00:00:00.000000521,75.62993,110,25
1970-01-01 00:00:00.000000522,75.79866,110,25
1970-01-01 00:00:00.000000521,74.92902,110,26
1970-01-01 00:00:00.000000522,75.10358,110,26
1970-01-01 00:00:00.000000523,75.13406,110,26
1970-01-01 00:00:00.000000522,74.569275,110,27
1970-01-01 00:00:00.000000523,74.620186,110,27
1970-01-01 00:00:00.000000524,74.632904,110,27
1970-01-01 00:00:00.000000523,73.6888,110,28
1970-01-01 00:00:00.000000524,73.6305,110,28
1970-01-01 00:00:00.000000525,73.30529,110,28
1970-01-01 00:00:00.000000524,72.81814,110,29
1970-01-01 00:00:00.000000525,72.1333,110,29
1970-01-01 00:00:00.000000526,72.05136,110,29
1970-01-01 00:00:00.000000525,71.5111,110,30
1970-01-01 00:00:00.000000526,71.28049,110,30
1970-01-01 00:00:00.000000527,71.274315,110,30
1970-01-01 00:00:00.000000526,71.72955,110,31
1970-01-01 00:00:00.000000527,71.40697,110,31
1970-01-01 00:00:00.000000528,71.50604,110,31
1970-01-01 00:00:00.000000527,72.02949,110,32
1970-01-01 00:00:00.000000528,71.98502,110,32
1970-01-01 00:00:00.000000529,72.05717,110,32
1970-01-01 00:00:00.000000528,72.397835,110,33
1970-01-01 00:00:00.000000529,72.53127,110,33
1970-01-01 00:00:00.000000530,72.89847,110,33
1970-01-01 00:00:00.000000529,73.00911,110,34
1970-01-01 00:00:00.000000530,73.65506,110,34
1970-01-01 00:00:00.000000531,73.717705,110,34
1970-01-01 00:00:00.000000530,73.014206,110,35
1970-01-01 00:00:00.000000531,73.20127,110,35
1970-01-01 00:00:00.000000532,73.17945,110,35
1970-01-01 00:00:00.000000531,72.74209,110,36
1970-01-01 00:00:00.000000532,72.83062,110,36
1970-01-01 00:00:00.000000533,72.82123,110,36
1970-01-01 00:00:00.000000532,72.31609,110,37
1970-01-01 00:00:00.000000533,72.39304,110,37
1970-01-01 00:00:00.000000534,72.39522,110,37
1970-01-01 00:00:00.000000533,71.26333,110,38
1970-01-01 00:00:00.000000534,71.47726,110,38
1970-01-01 00:00:00.000000535,71.54925,110,38
1970-01-01 00:00:00.000000534,70.52402,110,39
1970-01-01 00:00:00.000000535,70.573105,110,39
1970-01-01 00:00:00.000000536,70.54545,110,39
1970-01-01 00:00:00.000000535,69.63899,110,40
1970-01-01 00:00:00.000000536,69.661385,110,40
1970-01-01 00:00:00.000000537,69.57405,110,40
1970-01-01 00:00:00.000000536,68.72115,110,41
1970-01-01 00:00:00.000000537,68.64568,110,41
1970-01-01 00:00:00.000000538,68.72174,110,41
1970-01-01 00:00:00.000000537,67.83804,110,42
1970-01-01 00:00:00.000000538,67.86028,110,42
1970-01-01 00:00:00.000000539,67.91323,110,42
1970-01-01 00:00:00.000000538,66.696846,110,43
1970-01-01 00:00:00.000000539,66.71157,110,43
1970-01-01 00:00:00.000000540,66.819725,110,43
1970-01-01 00:00:00.000000539,65.54001,110,44
1970-01-01 00:00:00.000000540,65.502174,110,44
1970-01-01 00:00:00.000000541,65.46434,110,44
1970-01-01 00:00:00.000000540,64.22747,110,45
1970-01-01 00:00:00.000000541,64.02998,110,45
1970-01-01 00:00:00.000000542,64.29647,110,45
1970-01-01 00:00:00.000000541,63.228516,110,46
1970-01-01 00:00:00.000000542,63.332294,110,46
1970-01-01 00:00:00.000000543,63.3223,110,46
1970-01-01 00:00:00.000000542,62.740532,110,47
1970-01-01 00:00:00.000000543,62.88037,110,47
1970-01-01 00:00:00.000000544,62.888355,110,47
1970-01-01 00:00:00.000000543,62.484337,110,48
1970-01-01 00:00:00.000000544,62.622894,110,48
1970-01-01 00:00:00.000000545,62.64861,110,48
1970-01-01 00:00:00.000000544,61.483482,110,49
1970-01-01 00:00:00.000000545,61.607983,110,49
1970-01-01 00:00:00.000000546,61.564877,110,49
1970-01-01 00:00:00.000000545,60.165943,110,50
1970-01-01 00:00:00.000000546,60.260185,110,50
1970-01-01 00:00:00.000000547,60.18474,110,50
1970-01-01 00:00:00.000000546,59.3636,110,51
1970-01-01 00:00:00.000000547,59.377403,110,51
1970-01-01 00:00:00.000000548,59.287373,110,51
1970-01-01 00:00:00.000000547,57.88362,110,52
1970-01-01 00:00:00.000000548,57.75634,110,52
1970-01-01 00:00:00.000000549,57.347267,110,52
1970-01-01 00:00:00.000000548,56.85755,110,53
1970-01-01 00:00:00.000000549,56.296616,110,53
1970-01-01 00:00:00.000000550,55.92226,110,53
1970-01-01 00:00:00.000000549,54.82534,110,54
1970-01-01 00:00:00.000000550,54.140343,110,54
1970-01-01 00:00:00.000000551,54.102276,110,54
1970-01-01 00:00:00.000000550,57.004593,110,55
1970-01-01 00:00:00.000000551,57.386192,110,55
1970-01-01 00:00:00.000000552,57.747337,110,55
1970-01-01 00:00:00.000000551,56.77194,110,56
1970-01-01 00:00:00.000000552,57.101025,110,56
1970-01-01 00:00:00.000000553,57.22319,110,56
1970-01-01 00:00:00.000000552,55.58207,110,57
1970-01-01 00:00:00.000000553,55.58174,110,57
1970-01-01 00:00:00.000000554,55.527885,110,57
1970-01-01 00:00:00.000000553,54.862797,110,58
1970-01-01 00:00:00.000000554,54.805664,110,58
1970-01-01 00:00:00.000000555,54.832573,110,58
1970-01-01 00:00:00.000000554,54.52498,110,59
1970-01-01 00:00:00.000000555,54.575077,110,59
1970-01-01 00:00:00.000000556,54.57744,110,59
1970-01-01 00:00:00.000000555,54.158283,110,60
1970-01-01 00:00:00.000000556,54.120605,110,60
1970-01-01 00:00:00.000000557,54.082928,110,60
1970-01-01 00:00:00.000000556,53.669163,110,61
1970-01-01 00:00:00.000000557,53.62475,110,61
1970-01-01 00:00:00.000000558,53.621513,110,61
1970-01-01 00:00:00.000000557,52.78083,110,62
1970-01-01 00:00:00.000000558,52.503914,110,62
1970-01-01 00:00:00.000000559,52.424057,110,62
1970-01-01 00:00:00.000000558,52.435276,110,63
1970-01-01 00:00:00.000000559,52.16571,110,63
1970-01-01 00:00:00.000000560,52.024025,110,63
1970-01-01 00:00:00.000000559,52.002247,110,64
1970-01-01 00:00:00.000000560,51.784016,110,64
1970-01-01 00:00:00.000000561,51.814713,110,64
1970-01-01 00:00:00.000000560,48.87056,110,65
1970-01-01 00:00:00.000000561,49.008762,110,65
1970-01-01 00:00:00.000000562,49.193375,110,65
1970-01-01 00:00:00.000000561,50.033516,110,66
1970-01-01 00:00:00.000000562,50.407673,110,66
1970-01-01 00:00:00.000000563,50.651047,110,66
1970-01-01 00:00:00.000000562,51.948,110,67
1970-01-01 00:00:00.000000563,52.38805,110,67
1970-01-01 00:00:00.000000564,53.307716,110,67
1970-01-01 00:00:00.000000563,52.689186,110,68
1970-01-01 00:00:00.000000564,54.394054,110,68
1970-01-01 00:00:00.000000565,54.727333,110,68
1970-01-01 00:00:00.000000564,52.952755,110,69
1970-01-01 00:00:00.000000565,53.529026,110,69
1970-01-01 00:00:00.000000566,53.151413,110,69
1970-01-01 00:00:00.000000565,53.726753,110,70
1970-01-01 00:00:00.000000566,53.7637,110,70
1970-01-01 00:00:00.000000567,53.30202,110,70
1970-01-01 00:00:00.000000566,54.65671,110,71
1970-01-01 00:00:00.000000567,54.83537,110,71
1970-01-01 00:00:00.000000568,54.1446,110,71
1970-01-01 00:00:00.000000567,56.84006,110,72
1970-01-01 00:00:00.000000568,57.26749,110,72
1970-01-01 00:00:00.000000569,59.211456,110,72
1970-01-01 00:00:00.000000568,56.816536,110,73
1970-01-01 00:00:00.000000569,58.533783,110,73
1970-01-01 00:00:00.000000570,59.68222,110,73
1970-01-01 00:00:00.000000569,59.305767,110,74
1970-01-01 00:00:00.000000570,60.12922,110,74
1970-01-01 00:00:00.000000571,60.252567,110,74
1970-01-01 00:00:00.000000570,46.023304,110,75
1970-01-01 00:00:00.000000571,45.735966,110,75
1970-01-01 00:00:00.000000572,47.27098,110,75
1970-01-01 00:00:00.000000571,53.35577,110,76
1970-01-01 00:00:00.000000572,53.855415,110,76
1970-01-01 00:00:00.000000573,54.000835,110,76
1970-01-01 00:00:00.000000572,55.20631,110,77
1970-01-01 00:00:00.000000573,55.264896,110,77
1970-01-01 00:00:00.000000574,55.31153,110,77
1970-01-01 00:00:00.000000573,60.245083,110,78
1970-01-01 00:00:00.000000574,58.904537,110,78
1970-01-01 00:00:00.000000575,58.594257,110,78
1970-01-01 00:00:00.000000574,72.65313,110,79
1970-01-01 00:00:00.000000575,72.408676,110,79
1970-01-01 00:00:00.000000576,69.26312,110,79
1970-01-01 00:00:00.000000575,73.96845,110,80
1970-01-01 00:00:00.000000576,73.750465,110,80
1970-01-01 00:00:00.000000577,70.58101,110,80
1970-01-01 00:00:00.000000576,100.0,110,81
1970-01-01 00:00:00.000000577,100.0,110,81
1970-01-01 00:00:00.000000578,100.0,110,81
1970-01-01 00:00:00.000000577,100.0,110,82
1970-01-01 00:00:00.000000578,100.0,110,82
1970-01-01 00:00:00.000000579,100.0,110,82
1970-01-01 00:00:00.000000578,96.58389,110,83
1970-01-01 00:00:00.000000579,95.58573,110,83
1970-01-01 00:00:00.000000580,93.64988,110,83
1970-01-01 00:00:00.000000579,98.949905,110,84
1970-01-01 00:00:00.000000580,98.568436,110,84
1970-01-01 00:00:00.000000581,96.575714,110,84
1970-01-01 00:00:00.000000580,99.53473,110,85
1970-01-01 00:00:00.000000581,100.0,110,85
1970-01-01 00:00:00.000000582,98.95874,110,85
1970-01-01 00:00:00.000000183,76.331856,112,10
1970-01-01 00:00:00.000000184,76.2403,112,10
1970-01-01 00:00:00.000000185,76.07123,112,10
1970-01-01 00:00:00.000000184,76.5976,112,11
1970-01-01 00:00:00.000000185,76.363014,112,11
1970-01-01 00:00:00.000000186,76.26398,112,11
1970-01-01 00:00:00.000000185,75.32511,112,12
1970-01-01 00:00:00.000000186,75.38428,112,12
1970-01-01 00:00:00.000000187,75.54189,112,12
1970-01-01 00:00:00.000000186,71.00331,112,13
1970-01-01 00:00:00.000000187,71.155235,112,13
1970-01-01 00:00:00.000000188,71.68791,112,13
1970-01-01 00:00:00.000000187,64.84281,112,14
1970-01-01 00:00:00.000000188,65.10774,112,14
1970-01-01 00:00:00.000000189,65.093735,112,14
1970-01-01 00:00:00.000000188,65.27968,112,15
1970-01-01 00:00:00.000000189,65.52777,112,15
1970-01-01 00:00:00.000000190,65.61222,112,15
1970-01-01 00:00:00.000000189,65.09202,112,16
1970-01-01 00:00:00.000000190,65.37305,112,16
1970-01-01 00:00:00.000000191,65.50136,112,16
1970-01-01 00:00:00.000000190,65.31809,112,17
1970-01-01 00:00:00.000000191,65.52733,112,17
1970-01-01 00:00:00.000000192,65.74071,112,17
1970-01-01 00:00:00.000000191,65.62617,112,18
1970-01-01 00:00:00.000000192,65.85311,112,18
1970-01-01 00:00:00.000000193,66.20279,112,18
1970-01-01 00:00:00.000000192,65.8429,112,19
1970-01-01 00:00:00.000000193,65.94095,112,19
1970-01-01 00:00:00.000000194,66.10828,112,19
1970-01-01 00:00:00.000000193,65.81985,112,20
1970-01-01 00:00:00.000000194,66.23315,112,20
1970-01-01 00:00:00.000000195,66.32408,112,20
1970-01-01 00:00:00.000000194,65.547905,112,21
1970-01-01 00:00:00.000000195,65.56516,112,21
1970-01-01 00:00:00.000000196,65.55697,112,21
1970-01-01 00:00:00.000000195,65.8281,112,22
1970-01-01 00:00:00.000000196,65.802826,112,22
1970-01-01 00:00:00.000000197,65.79361,112,22
1970-01-01 00:00:00.000000196,65.923035,112,23
1970-01-01 00:00:00.000000197,65.9069,112,23
1970-01-01 00:00:00.000000198,65.91448,112,23
1970-01-01 00:00:00.000000197,66.05325,112,24
1970-01-01 00:00:00.000000198,66.04377,112,24
1970-01-01 00:00:00.000000199,66.06,112,24
1970-01-01 00:00:00.000000198,66.34796,112,25
1970-01-01 00:00:00.000000199,66.34339,112,25
1970-01-01 00:00:00.000000200,66.353004,112,25
1970-01-01 00:00:00.000000199,66.8423,112,26
1970-01-01 00:00:00.000000200,66.861595,112,26
1970-01-01 00:00:00.000000201,66.76219,112,26
1970-01-01 00:00:00.000000200,66.76029,112,27
1970-01-01 00:00:00.000000201,66.698746,112,27
1970-01-01 00:00:00.000000202,66.66694,112,27
1970-01-01 00:00:00.000000201,67.56281,112,28
1970-01-01 00:00:00.000000202,67.665886,112,28
1970-01-01 00:00:00.000000203,67.73824,112,28
1970-01-01 00:00:00.000000172,68.94425,113,10
1970-01-01 00:00:00.000000173,69.10874,113,10
1970-01-01 00:00:00.000000174,69.22965,113,10
1970-01-01 00:00:00.000000173,68.50676,113,11
1970-01-01 00:00:00.000000174,68.61618,113,11
1970-01-01 00:00:00.000000175,68.60375,113,11
1970-01-01 00:00:00.000000174,67.92645,113,12
1970-01-01 00:00:00.000000175,67.9107,113,12
1970-01-01 00:00:00.000000176,67.99463,113,12
1970-01-01 00:00:00.000000175,67.637596,113,13
1970-01-01 00:00:00.000000176,67.52794,113,13
1970-01-01 00:00:00.000000177,67.58753,113,13
1970-01-01 00:00:00.000000176,67.442795,113,14
1970-01-01 00:00:00.000000177,67.35754,113,14
1970-01-01 00:00:00.000000178,67.48456,113,14
1970-01-01 00:00:00.000000177,67.75377,113,15
1970-01-01 00:00:00.000000178,67.76564,113,15
1970-01-01 00:00:00.000000179,67.852974,113,15
1970-01-01 00:00:00.000000178,67.03207,113,16
1970-01-01 00:00:00.000000179,66.98436,113,16
1970-01-01 00:00:00.000000180,67.0788,113,16
1970-01-01 00:00:00.000000179,67.19021,113,17
1970-01-01 00:00:00.000000180,67.19028,113,17
1970-01-01 00:00:00.000000181,67.26324,113,17
1970-01-01 00:00:00.000000180,66.44864,113,18
1970-01-01 00:00:00.000000181,66.48379,113,18
1970-01-01 00:00:00.000000182,66.59135,113,18
1970-01-01 00:00:00.000000181,66.30085,113,19
1970-01-01 00:00:00.000000182,66.45078,113,19
1970-01-01 00:00:00.000000183,66.7716,113,19
1970-01-01 00:00:00.000000182,65.4638,113,20
1970-01-01 00:00:00.000000183,65.51409,113,20
1970-01-01 00:00:00.000000184,65.46321,113,20
1970-01-01 00:00:00.000000183,65.05205,113,21
1970-01-01 00:00:00.000000184,65.130486,113,21
1970-01-01 00:00:00.000000185,65.091125,113,21
1970-01-01 00:00:00.000000184,64.44628,113,22
1970-01-01 00:00:00.000000185,64.76941,113,22
1970-01-01 00:00:00.000000186,65.22618,113,22
1970-01-01 00:00:00.000000185,63.5582,113,23
1970-01-01 00:00:00.000000186,63.836082,113,23
1970-01-01 00:00:00.000000187,64.34491,113,23
1970-01-01 00:00:00.000000186,64.06926,113,24
1970-01-01 00:00:00.000000187,64.71999,113,24
1970-01-01 00:00:00.000000188,65.27529,113,24
1970-01-01 00:00:00.000000187,64.723274,113,25
1970-01-01 00:00:00.000000188,65.18303,113,25
1970-01-01 00:00:00.000000189,65.35123,113,25
1970-01-01 00:00:00.000000188,63.591564,113,26
1970-01-01 00:00:00.000000189,63.568455,113,26
1970-01-01 00:00:00.000000190,63.645966,113,26
1970-01-01 00:00:00.000000157,55.081226,114,10
1970-01-01 00:00:00.000000158,55.11305,114,10
1970-01-01 00:00:00.000000159,55.118793,114,10
1970-01-01 00:00:00.000000158,54.96575,114,11
1970-01-01 00:00:00.000000159,55.003838,114,11
1970-01-01 00:00:00.000000160,55.04002,114,11
1970-01-01 00:00:00.000000159,54.794678,114,12
1970-01-01 00:00:00.000000160,54.83397,114,12
1970-01-01 00:00:00.000000161,54.837612,114,12
1970-01-01 00:00:00.000000160,54.667118,114,13
1970-01-01 00:00:00.000000161,54.699142,114,13
1970-01-01 00:00:00.000000162,54.74651,114,13
1970-01-01 00:00:00.000000161,54.917538,114,14
1970-01-01 00:00:00.000000162,54.970024,114,14
1970-01-01 00:00:00.000000163,54.974243,114,14
1970-01-01 00:00:00.000000162,54.656483,114,15
1970-01-01 00:00:00.000000163,54.675243,114,15
1970-01-01 00:00:00.000000164,54.679897,114,15
1970-01-01 00:00:00.000000163,54.767174,114,16
1970-01-01 00:00:00.000000164,54.78206,114,16
1970-01-01 00:00:00.000000165,54.786545,114,16
1970-01-01 00:00:00.000000164,54.56566,114,17
1970-01-01 00:00:00.000000165,54.54831,114,17
1970-01-01 00:00:00.000000166,54.551178,114,17
1970-01-01 00:00:00.000000165,58.531853,114,18
1970-01-01 00:00:00.000000166,59.59471,114,18
1970-01-01 00:00:00.000000167,58.819992,114,18
1970-01-01 00:00:00.000000166,100.0,114,19
1970-01-01 00:00:00.000000167,100.0,114,19
1970-01-01 00:00:00.000000168,100.0,114,19
1970-01-01 00:00:00.000000167,100.0,114,20
1970-01-01 00:00:00.000000168,100.0,114,20
1970-01-01 00:00:00.000000169,98.0038,114,20
1970-01-01 00:00:00.000000168,97.41435,114,21
1970-01-01 00:00:00.000000169,96.71328,114,21
1970-01-01 00:00:00.000000170,89.333244,114,21
1970-01-01 00:00:00.000000169,97.74502,114,22
1970-01-01 00:00:00.000000170,98.022865,114,22
1970-01-01 00:00:00.000000171,92.06621,114,22
1970-01-01 00:00:00.000000170,97.92378,114,23
1970-01-01 00:00:00.000000171,98.16282,114,23
1970-01-01 00:00:00.000000172,95.39428,114,23
1970-01-01 00:00:00.000000086,97.881584,115,10
1970-01-01 00:00:00.000000087,97.52403,115,10
1970-01-01 00:00:00.000000088,92.65786,115,10
1970-01-01 00:00:00.000000087,97.49414,115,11
1970-01-01 00:00:00.000000088,96.80805,115,11
1970-01-01 00:00:00.000000089,93.18344,115,11
1970-01-01 00:00:00.000000096,70.28656,117,10
1970-01-01 00:00:00.000000097,70.28653,117,10
1970-01-01 00:00:00.000000098,70.271935,117,10
1970-01-01 00:00:00.000000097,70.55865,117,11
1970-01-01 00:00:00.000000098,70.60374,117,11
1970-01-01 00:00:00.000000099,70.56749,117,11
1970-01-01 00:00:00.000000098,70.482895,117,12
1970-01-01 00:00:00.000000099,70.4993,117,12
1970-01-01 00:00:00.000000100,70.39102,117,12
1970-01-01 00:00:00.000000082,70.01484,118,10
1970-01-01 00:00:00.000000083,69.08421,118,10
1970-01-01 00:00:00.000000084,69.70224,118,10
1970-01-01 00:00:00.000000109,50.905704,121,10
1970-01-01 00:00:00.000000110,51.005802,121,10
1970-01-01 00:00:00.000000111,50.55173,121,10
1970-01-01 00:00:00.000000110,50.564064,121,11
1970-01-01 00:00:00.000000111,50.45519,121,11
1970-01-01 00:00:00.000000112,50.671158,121,11
1970-01-01 00:00:00.000000111,50.590126,121,12
1970-01-01 00:00:00.000000112,50.894123,121,12
1970-01-01 00:00:00.000000113,50.8423,121,12
1970-01-01 00:00:00.000000112,51.516644,121,13
1970-01-01 00:00:00.000000113,51.526432,121,13
1970-01-01 00:00:00.000000114,51.4017,121,13
1970-01-01 00:00:00.000000113,51.96226,121,14
1970-01-01 00:00:00.000000114,51.898605,121,14
1970-01-01 00:00:00.000000115,51.563953,121,14
1970-01-01 00:00:00.000000114,53.169636,121,15
1970-01-01 00:00:00.000000115,53.065575,121,15
1970-01-01 00:00:00.000000116,52.415127,121,15
1970-01-01 00:00:00.000000165,70.82819,122,10
1970-01-01 00:00:00.000000166,70.49715,122,10
1970-01-01 00:00:00.000000167,70.436165,122,10
1970-01-01 00:00:00.000000166,69.199135,122,11
1970-01-01 00:00:00.000000167,69.354744,122,11
1970-01-01 00:00:00.000000168,69.20233,122,11
1970-01-01 00:00:00.000000167,67.90077,122,12
1970-01-01 00:00:00.000000168,68.43335,122,12
1970-01-01 00:00:00.000000169,68.54255,122,12
1970-01-01 00:00:00.000000168,65.47274,122,13
1970-01-01 00:00:00.000000169,66.30116,122,13
1970-01-01 00:00:00.000000170,67.034935,122,13
1970-01-01 00:00:00.000000169,66.8194,122,14
1970-01-01 00:00:00.000000170,67.85077,122,14
1970-01-01 00:00:00.000000171,68.08234,122,14
1970-01-01 00:00:00.000000170,68.26721,122,15
1970-01-01 00:00:00.000000171,68.66525,122,15
1970-01-01 00:00:00.000000172,68.56684,122,15
1970-01-01 00:00:00.000000171,68.72473,122,16
1970-01-01 00:00:00.000000172,68.77467,122,16
1970-01-01 00:00:00.000000173,68.29314,122,16
1970-01-01 00:00:00.000000172,67.167175,122,17
1970-01-01 00:00:00.000000173,67.173416,122,17
1970-01-01 00:00:00.000000174,67.18551,122,17
1970-01-01 00:00:00.000000173,67.02282,122,18
1970-01-01 00:00:00.000000174,67.23625,122,18
1970-01-01 00:00:00.000000175,67.34786,122,18
1970-01-01 00:00:00.000000174,66.38466,122,19
1970-01-01 00:00:00.000000175,66.70887,122,19
1970-01-01 00:00:00.000000176,66.74896,122,19
1970-01-01 00:00:00.000000175,60.229374,122,20
1970-01-01 00:00:00.000000176,58.85122,122,20
1970-01-01 00:00:00.000000177,59.396255,122,20
1970-01-01 00:00:00.000000176,60.462883,122,21
1970-01-01 00:00:00.000000177,59.623337,122,21
1970-01-01 00:00:00.000000178,60.002544,122,21
1970-01-01 00:00:00.000000177,60.043236,122,22
1970-01-01 00:00:00.000000178,59.514774,122,22
1970-01-01 00:00:00.000000179,59.805897,122,22
1970-01-01 00:00:00.000000178,61.69754,122,23
1970-01-01 00:00:00.000000179,61.788597,122,23
1970-01-01 00:00:00.000000180,62.03421,122,23
1970-01-01 00:00:00.000000179,63.725998,122,24
1970-01-01 00:00:00.000000180,64.08047,122,24
1970-01-01 00:00:00.000000181,64.25879,122,24
1970-01-01 00:00:00.000000180,63.109013,122,25
1970-01-01 00:00:00.000000181,63.291294,122,25
1970-01-01 00:00:00.000000182,63.46153,122,25
1970-01-01 00:00:00.000000101,69.3741,123,10
1970-01-01 00:00:00.000000102,69.37374,123,10
1970-01-01 00:00:00.000000103,69.37593,123,10
1970-01-01 00:00:00.000000102,68.71689,123,11
1970-01-01 00:00:00.000000103,68.812546,123,11
1970-01-01 00:00:00.000000104,68.93798,123,11
1970-01-01 00:00:00.000000103,67.86712,123,12
1970-01-01 00:00:00.000000104,67.927475,123,12
1970-01-01 00:00:00.000000105,68.0677,123,12
1970-01-01 00:00:00.000000104,65.948166,123,13
1970-01-01 00:00:00.000000105,66.22328,123,13
1970-01-01 00:00:00.000000106,66.761,123,13
1970-01-01 00:00:00.000000105,63.936676,123,14
1970-01-01 00:00:00.000000106,63.858665,123,14
1970-01-01 00:00:00.000000107,63.73894,123,14
1970-01-01 00:00:00.000000107,72.858315,124,10
1970-01-01 00:00:00.000000108,79.30433,124,10
1970-01-01 00:00:00.000000109,80.06915,124,10
1970-01-01 00:00:00.000000108,100.0,124,11
1970-01-01 00:00:00.000000109,100.0,124,11
1970-01-01 00:00:00.000000110,91.653694,124,11
1970-01-01 00:00:00.000000109,97.77363,124,12
1970-01-01 00:00:00.000000110,93.445915,124,12
1970-01-01 00:00:00.000000111,87.2236,124,12
1970-01-01 00:00:00.000000110,97.89373,124,13
1970-01-01 00:00:00.000000111,95.40314,124,13
1970-01-01 00:00:00.000000112,90.98408,124,13
1970-01-01 00:00:00.000000111,99.3212,124,14
1970-01-01 00:00:00.000000112,99.57177,124,14
1970-01-01 00:00:00.000000113,95.674095,124,14
1970-01-01 00:00:00.000000164,56.008526,125,10
1970-01-01 00:00:00.000000165,55.965725,125,10
1970-01-01 00:00:00.000000166,55.965244,125,10
1970-01-01 00:00:00.000000165,55.87201,125,11
1970-01-01 00:00:00.000000166,55.887894,125,11
1970-01-01 00:00:00.000000167,55.915348,125,11
1970-01-01 00:00:00.000000166,56.124325,125,12
1970-01-01 00:00:00.000000167,56.111343,125,12
1970-01-01 00:00:00.000000168,56.098442,125,12
1970-01-01 00:00:00.000000167,55.65299,125,13
1970-01-01 00:00:00.000000168,55.61261,125,13
1970-01-01 00:00:00.000000169,55.670357,125,13
1970-01-01 00:00:00.000000168,55.796375,125,14
1970-01-01 00:00:00.000000169,55.82299,125,14
1970-01-01 00:00:00.000000170,55.866455,125,14
1970-01-01 00:00:00.000000169,55.8736,125,15
1970-01-01 00:00:00.000000170,55.92441,125,15
1970-01-01 00:00:00.000000171,55.998657,125,15
1970-01-01 00:00:00.000000170,55.775276,125,16
1970-01-01 00:00:00.000000171,55.78731,125,16
1970-01-01 00:00:00.000000172,55.540802,125,16
1970-01-01 00:00:00.000000171,55.434616,125,17
1970-01-01 00:00:00.000000172,55.16694,125,17
1970-01-01 00:00:00.000000173,55.134884,125,17
1970-01-01 00:00:00.000000172,55.642464,125,18
1970-01-01 00:00:00.000000173,55.592815,125,18
1970-01-01 00:00:00.000000174,55.62022,125,18
1970-01-01 00:00:00.000000173,55.58661,125,19
1970-01-01 00:00:00.000000174,55.656197,125,19
1970-01-01 00:00:00.000000175,55.661484,125,19
1970-01-01 00:00:00.000000174,64.026306,125,20
1970-01-01 00:00:00.000000175,64.04343,125,20
1970-01-01 00:00:00.000000176,63.217392,125,20
1970-01-01 00:00:00.000000175,100.0,125,21
1970-01-01 00:00:00.000000176,100.0,125,21
1970-01-01 00:00:00.000000177,100.0,125,21
1970-01-01 00:00:00.000000176,93.12381,125,22
1970-01-01 00:00:00.000000177,86.68301,125,22
1970-01-01 00:00:00.000000178,83.04643,125,22
1970-01-01 00:00:00.000000177,94.29776,125,23
1970-01-01 00:00:00.000000178,87.774826,125,23
1970-01-01 00:00:00.000000179,83.96306,125,23
1970-01-01 00:00:00.000000178,96.347176,125,24
1970-01-01 00:00:00.000000179,93.79788,125,24
1970-01-01 00:00:00.000000180,90.39957,125,24
1970-01-01 00:00:00.000000208,52.656887,126,10
1970-01-01 00:00:00.000000209,52.090717,126,10
1970-01-01 00:00:00.000000210,52.778294,126,10
1970-01-01 00:00:00.000000209,52.720287,126,11
1970-01-01 00:00:00.000000210,52.7631,126,11
1970-01-01 00:00:00.000000211,52.999367,126,11
1970-01-01 00:00:00.000000210,54.956562,126,12
1970-01-01 00:00:00.000000211,55.179234,126,12
1970-01-01 00:00:00.000000212,55.544155,126,12
1970-01-01 00:00:00.000000211,56.08463,126,13
1970-01-01 00:00:00.000000212,56.068386,126,13
1970-01-01 00:00:00.000000213,55.949776,126,13
1970-01-01 00:00:00.000000212,57.694363,126,14
1970-01-01 00:00:00.000000213,57.084656,126,14
1970-01-01 00:00:00.000000214,56.565704,126,14
1970-01-01 00:00:00.000000213,59.696217,126,15
1970-01-01 00:00:00.000000214,59.24615,126,15
1970-01-01 00:00:00.000000215,58.27767,126,15
1970-01-01 00:00:00.000000214,60.84443,126,16
1970-01-01 00:00:00.000000215,60.88778,126,16
1970-01-01 00:00:00.000000216,60.727825,126,16
1970-01-01 00:00:00.000000215,61.91371,126,17
1970-01-01 00:00:00.000000216,62.09489,126,17
1970-01-01 00:00:00.000000217,62.33106,126,17
1970-01-01 00:00:00.000000216,65.18947,126,18
1970-01-01 00:00:00.000000217,65.86016,126,18
1970-01-01 00:00:00.000000218,66.19409,126,18
1970-01-01 00:00:00.000000217,65.16659,126,19
1970-01-01 00:00:00.000000218,63.657635,126,19
1970-01-01 00:00:00.000000219,64.31309,126,19
1970-01-01 00:00:00.000000218,65.7334,126,20
1970-01-01 00:00:00.000000219,66.44548,126,20
1970-01-01 00:00:00.000000220,67.15077,126,20
1970-01-01 00:00:00.000000219,67.93924,126,21
1970-01-01 00:00:00.000000220,68.00546,126,21
1970-01-01 00:00:00.000000221,67.79863,126,21
1970-01-01 00:00:00.000000220,70.11829,126,22
1970-01-01 00:00:00.000000221,70.33652,126,22
1970-01-01 00:00:00.000000222,70.49506,126,22
1970-01-01 00:00:00.000000221,72.16008,126,23
1970-01-01 00:00:00.000000222,72.37876,126,23
1970-01-01 00:00:00.000000223,72.138794,126,23
1970-01-01 00:00:00.000000222,72.45612,126,24
1970-01-01 00:00:00.000000223,72.55395,126,24
1970-01-01 00:00:00.000000224,72.38859,126,24
1970-01-01 00:00:00.000000223,72.08788,126,25
1970-01-01 00:00:00.000000224,71.5724,126,25
1970-01-01 00:00:00.000000225,71.38841,126,25
1970-01-01 00:00:00.000000224,72.340675,126,26
1970-01-01 00:00:00.000000225,71.71484,126,26
1970-01-01 00:00:00.000000226,71.76343,126,26
1970-01-01 00:00:00.000000225,71.82042,126,27
1970-01-01 00:00:00.000000226,71.30868,126,27
1970-01-01 00:00:00.000000227,71.29747,126,27
1970-01-01 00:00:00.000000226,71.34448,126,28
1970-01-01 00:00:00.000000227,71.439316,126,28
1970-01-01 00:00:00.000000228,71.69759,126,28
1970-01-01 00:00:00.000000227,72.58656,126,29
1970-01-01 00:00:00.000000228,72.543274,126,29
1970-01-01 00:00:00.000000229,72.56188,126,29
1970-01-01 00:00:00.000000228,73.45368,126,30
1970-01-01 00:00:00.000000229,73.482056,126,30
1970-01-01 00:00:00.000000230,73.49193,126,30
1970-01-01 00:00:00.000000229,75.08341,126,31
1970-01-01 00:00:00.000000230,75.2975,126,31
1970-01-01 00:00:00.000000231,75.28275,126,31
1970-01-01 00:00:00.000000230,75.66147,126,32
1970-01-01 00:00:00.000000231,75.66203,126,32
1970-01-01 00:00:00.000000232,75.37322,126,32
1970-01-01 00:00:00.000000188,66.43388,127,10
1970-01-01 00:00:00.000000189,66.30947,127,10
1970-01-01 00:00:00.000000190,66.2479,127,10
1970-01-01 00:00:00.000000189,66.46949,127,11
1970-01-01 00:00:00.000000190,66.4004,127,11
1970-01-01 00:00:00.000000191,66.40959,127,11
1970-01-01 00:00:00.000000190,66.99291,127,12
1970-01-01 00:00:00.000000191,67.07704,127,12
1970-01-01 00:00:00.000000192,66.957054,127,12
1970-01-01 00:00:00.000000191,66.87454,127,13
1970-01-01 00:00:00.000000192,66.9229,127,13
1970-01-01 00:00:00.000000193,66.893616,127,13
1970-01-01 00:00:00.000000192,66.54496,127,14
1970-01-01 00:00:00.000000193,66.53449,127,14
1970-01-01 00:00:00.000000194,66.51359,127,14
1970-01-01 00:00:00.000000193,65.77647,127,15
1970-01-01 00:00:00.000000194,65.91378,127,15
1970-01-01 00:00:00.000000195,65.97638,127,15
1970-01-01 00:00:00.000000194,65.43522,127,16
1970-01-01 00:00:00.000000195,65.4775,127,16
1970-01-01 00:00:00.000000196,65.51111,127,16
1970-01-01 00:00:00.000000195,65.337875,127,17
1970-01-01 00:00:00.000000196,65.38483,127,17
1970-01-01 00:00:00.000000197,65.3893,127,17
1970-01-01 00:00:00.000000196,64.9994,127,18
1970-01-01 00:00:00.000000197,65.03654,127,18
1970-01-01 00:00:00.000000198,65.0146,127,18
1970-01-01 00:00:00.000000197,65.02924,127,19
1970-01-01 00:00:00.000000198,65.06568,127,19
1970-01-01 00:00:00.000000199,65.074844,127,19
1970-01-01 00:00:00.000000198,65.12386,127,20
1970-01-01 00:00:00.000000199,65.165474,127,20
1970-01-01 00:00:00.000000200,65.23195,127,20
1970-01-01 00:00:00.000000199,65.33608,127,21
1970-01-01 00:00:00.000000200,65.43009,127,21
1970-01-01 00:00:00.000000201,65.472336,127,21
1970-01-01 00:00:00.000000200,64.78502,127,22
1970-01-01 00:00:00.000000201,64.821144,127,22
1970-01-01 00:00:00.000000202,65.10569,127,22
1970-01-01 00:00:00.000000201,65.15757,127,23
1970-01-01 00:00:00.000000202,65.23222,127,23
1970-01-01 00:00:00.000000203,65.18926,127,23
1970-01-01 00:00:00.000000202,64.86221,127,24
1970-01-01 00:00:00.000000203,64.75561,127,24
1970-01-01 00:00:00.000000204,64.75923,127,24
1970-01-01 00:00:00.000000203,62.800404,127,25
1970-01-01 00:00:00.000000204,63.50539,127,25
1970-01-01 00:00:00.000000205,63.427433,127,25
1970-01-01 00:00:00.000000204,60.64243,127,26
1970-01-01 00:00:00.000000205,60.82111,127,26
1970-01-01 00:00:00.000000206,60.910095,127,26
1970-01-01 00:00:00.000000205,58.087772,127,27
1970-01-01 00:00:00.000000206,58.102768,127,27
1970-01-01 00:00:00.000000207,58.14861,127,27
1970-01-01 00:00:00.000000206,55.174564,127,28
1970-01-01 00:00:00.000000207,55.33072,127,28
1970-01-01 00:00:00.000000208,55.324646,127,28
1970-01-01 00:00:00.000000207,52.21148,127,29
1970-01-01 00:00:00.000000208,52.3502,127,29
1970-01-01 00:00:00.000000209,52.600296,127,29
1970-01-01 00:00:00.000000082,98.90881,129,10
1970-01-01 00:00:00.000000083,99.34606,129,10
1970-01-01 00:00:00.000000084,95.82229,129,10
