sequence_index,second_chamber_filling,block_idx,fcst_origin
1970-01-01 00:00:00.000000097,77.61043,0,10
1970-01-01 00:00:00.000000098,77.22816,0,10
1970-01-01 00:00:00.000000098,76.6414,0,11
1970-01-01 00:00:00.000000099,76.763916,0,11
1970-01-01 00:00:00.000000099,77.51335,0,12
1970-01-01 00:00:00.000000100,77.560196,0,12
1970-01-01 00:00:00.000000100,76.79869,0,13
1970-01-01 00:00:00.000000101,76.64742,0,13
1970-01-01 00:00:00.000000101,76.23782,0,14
1970-01-01 00:00:00.000000102,76.236755,0,14
1970-01-01 00:00:00.000000081,74.757065,1,10
1970-01-01 00:00:00.000000082,74.77909,1,10
1970-01-01 00:00:00.000000082,74.63927,1,11
1970-01-01 00:00:00.000000083,74.62812,1,11
1970-01-01 00:00:00.000000079,68.753975,4,10
1970-01-01 00:00:00.000000080,68.60792,4,10
1970-01-01 00:00:00.000000080,67.27006,4,11
1970-01-01 00:00:00.000000081,67.27938,4,11
1970-01-01 00:00:00.000000079,74.63152,5,10
1970-01-01 00:00:00.000000080,74.63833,5,10
1970-01-01 00:00:00.000000080,74.67646,5,11
1970-01-01 00:00:00.000000081,74.674255,5,11
1970-01-01 00:00:00.000000119,78.782585,11,10
1970-01-01 00:00:00.000000120,78.77194,11,10
1970-01-01 00:00:00.000000120,79.17761,11,11
1970-01-01 00:00:00.000000121,79.18055,11,11
1970-01-01 00:00:00.000000121,79.59356,11,12
1970-01-01 00:00:00.000000122,79.59366,11,12
1970-01-01 00:00:00.000000122,77.87842,11,13
1970-01-01 00:00:00.000000123,77.5624,11,13
1970-01-01 00:00:00.000000123,78.07155,11,14
1970-01-01 00:00:00.000000124,78.113914,11,14
1970-01-01 00:00:00.000000124,78.434845,11,15
1970-01-01 00:00:00.000000125,78.4595,11,15
1970-01-01 00:00:00.000000125,78.14783,11,16
1970-01-01 00:00:00.000000126,78.1115,11,16
1970-01-01 00:00:00.000000126,78.143845,11,17
1970-01-01 00:00:00.000000127,78.16081,11,17
1970-01-01 00:00:00.000000127,77.8219,11,18
1970-01-01 00:00:00.000000128,77.7206,11,18
1970-01-01 00:00:00.000000113,68.37914,12,10
1970-01-01 00:00:00.000000114,68.438614,12,10
1970-01-01 00:00:00.000000114,68.59922,12,11
1970-01-01 00:00:00.000000115,68.5973,12,11
1970-01-01 00:00:00.000000115,68.10158,12,12
1970-01-01 00:00:00.000000116,68.012245,12,12
1970-01-01 00:00:00.000000116,69.77843,12,13
1970-01-01 00:00:00.000000117,69.939735,12,13
1970-01-01 00:00:00.000000117,69.61207,12,14
1970-01-01 00:00:00.000000118,69.52274,12,14
1970-01-01 00:00:00.000000118,69.22187,12,15
1970-01-01 00:00:00.000000119,69.260796,12,15
1970-01-01 00:00:00.000000119,69.61915,12,16
1970-01-01 00:00:00.000000120,69.65913,12,16
1970-01-01 00:00:00.000000120,69.09543,12,17
1970-01-01 00:00:00.000000121,68.89474,12,17
1970-01-01 00:00:00.000000157,81.503174,13,10
1970-01-01 00:00:00.000000158,81.41538,13,10
1970-01-01 00:00:00.000000158,81.49145,13,11
1970-01-01 00:00:00.000000159,81.451485,13,11
1970-01-01 00:00:00.000000159,81.428024,13,12
1970-01-01 00:00:00.000000160,81.37439,13,12
1970-01-01 00:00:00.000000160,81.26519,13,13
1970-01-01 00:00:00.000000161,81.20516,13,13
1970-01-01 00:00:00.000000161,81.580475,13,14
1970-01-01 00:00:00.000000162,81.586624,13,14
1970-01-01 00:00:00.000000162,81.5541,13,15
1970-01-01 00:00:00.000000163,81.53738,13,15
1970-01-01 00:00:00.000000163,81.84609,13,16
1970-01-01 00:00:00.000000164,81.84833,13,16
1970-01-01 00:00:00.000000164,82.136444,13,17
1970-01-01 00:00:00.000000165,82.12304,13,17
1970-01-01 00:00:00.000000165,81.9073,13,18
1970-01-01 00:00:00.000000166,81.87017,13,18
1970-01-01 00:00:00.000000166,82.05411,13,19
1970-01-01 00:00:00.000000167,82.05646,13,19
1970-01-01 00:00:00.000000167,82.22727,13,20
1970-01-01 00:00:00.000000168,82.21947,13,20
1970-01-01 00:00:00.000000168,82.591866,13,21
1970-01-01 00:00:00.000000169,82.59572,13,21
1970-01-01 00:00:00.000000169,82.37118,13,22
1970-01-01 00:00:00.000000170,82.33269,13,22
1970-01-01 00:00:00.000000170,82.73674,13,23
1970-01-01 00:00:00.000000171,82.757164,13,23
1970-01-01 00:00:00.000000171,82.64986,13,24
1970-01-01 00:00:00.000000172,82.63451,13,24
1970-01-01 00:00:00.000000141,68.33729,15,10
1970-01-01 00:00:00.000000142,68.20342,15,10
1970-01-01 00:00:00.000000142,69.77129,15,11
1970-01-01 00:00:00.000000143,69.93664,15,11
1970-01-01 00:00:00.000000143,69.14846,15,12
1970-01-01 00:00:00.000000144,69.04328,15,12
1970-01-01 00:00:00.000000144,71.51002,15,13
1970-01-01 00:00:00.000000145,71.74273,15,13
1970-01-01 00:00:00.000000145,71.880035,15,14
1970-01-01 00:00:00.000000146,71.82381,15,14
1970-01-01 00:00:00.000000146,71.289536,15,15
1970-01-01 00:00:00.000000147,71.267365,15,15
1970-01-01 00:00:00.000000147,71.61264,15,16
1970-01-01 00:00:00.000000148,71.64881,15,16
1970-01-01 00:00:00.000000148,71.938644,15,17
1970-01-01 00:00:00.000000149,71.94615,15,17
1970-01-01 00:00:00.000000149,71.39328,15,18
1970-01-01 00:00:00.000000150,71.28477,15,18
1970-01-01 00:00:00.000000150,71.55856,15,19
1970-01-01 00:00:00.000000151,71.594055,15,19
1970-01-01 00:00:00.000000151,71.689705,15,20
1970-01-01 00:00:00.000000152,71.6989,15,20
1970-01-01 00:00:00.000000152,71.96687,15,21
1970-01-01 00:00:00.000000153,71.97907,15,21
1970-01-01 00:00:00.000000156,80.87559,16,10
1970-01-01 00:00:00.000000157,80.81853,16,10
1970-01-01 00:00:00.000000157,80.152695,16,11
1970-01-01 00:00:00.000000158,79.973145,16,11
1970-01-01 00:00:00.000000158,79.19551,16,12
1970-01-01 00:00:00.000000159,79.03209,16,12
1970-01-01 00:00:00.000000159,79.8352,16,13
1970-01-01 00:00:00.000000160,79.90662,16,13
1970-01-01 00:00:00.000000160,80.107956,16,14
1970-01-01 00:00:00.000000161,80.103775,16,14
1970-01-01 00:00:00.000000161,80.019684,16,15
1970-01-01 00:00:00.000000162,80.00009,16,15
1970-01-01 00:00:00.000000162,80.46199,16,16
1970-01-01 00:00:00.000000163,80.48437,16,16
1970-01-01 00:00:00.000000163,79.99974,16,17
1970-01-01 00:00:00.000000164,79.90923,16,17
1970-01-01 00:00:00.000000164,79.30369,16,18
1970-01-01 00:00:00.000000165,79.22025,16,18
1970-01-01 00:00:00.000000165,79.71059,16,19
1970-01-01 00:00:00.000000166,79.75531,16,19
1970-01-01 00:00:00.000000166,79.264854,16,20
1970-01-01 00:00:00.000000167,79.0657,16,20
1970-01-01 00:00:00.000000167,79.10514,16,21
1970-01-01 00:00:00.000000168,79.094086,16,21
1970-01-01 00:00:00.000000168,78.360275,16,22
1970-01-01 00:00:00.000000169,78.17407,16,22
1970-01-01 00:00:00.000000169,77.82898,16,23
1970-01-01 00:00:00.000000170,77.75896,16,23
1970-01-01 00:00:00.000000170,77.58064,16,24
1970-01-01 00:00:00.000000171,77.50022,16,24
1970-01-01 00:00:00.000000123,66.27775,17,10
1970-01-01 00:00:00.000000124,66.26872,17,10
1970-01-01 00:00:00.000000124,66.3405,17,11
1970-01-01 00:00:00.000000125,66.36117,17,11
1970-01-01 00:00:00.000000125,65.368774,17,12
1970-01-01 00:00:00.000000126,65.274185,17,12
1970-01-01 00:00:00.000000126,65.328476,17,13
1970-01-01 00:00:00.000000127,65.34989,17,13
1970-01-01 00:00:00.000000127,66.441536,17,14
1970-01-01 00:00:00.000000128,66.51165,17,14
1970-01-01 00:00:00.000000128,66.25968,17,15
1970-01-01 00:00:00.000000129,66.20154,17,15
1970-01-01 00:00:00.000000129,65.7411,17,16
1970-01-01 00:00:00.000000130,65.708084,17,16
1970-01-01 00:00:00.000000130,64.056076,17,17
1970-01-01 00:00:00.000000131,64.14803,17,17
1970-01-01 00:00:00.000000131,63.96115,17,18
1970-01-01 00:00:00.000000132,64.023125,17,18
1970-01-01 00:00:00.000000134,84.906395,19,10
1970-01-01 00:00:00.000000135,84.897606,19,10
1970-01-01 00:00:00.000000135,84.92929,19,11
1970-01-01 00:00:00.000000136,84.955864,19,11
1970-01-01 00:00:00.000000136,84.91027,19,12
1970-01-01 00:00:00.000000137,84.92386,19,12
1970-01-01 00:00:00.000000137,85.05141,19,13
1970-01-01 00:00:00.000000138,85.07479,19,13
1970-01-01 00:00:00.000000138,84.92118,19,14
1970-01-01 00:00:00.000000139,84.912834,19,14
1970-01-01 00:00:00.000000139,84.89798,19,15
1970-01-01 00:00:00.000000140,84.91749,19,15
1970-01-01 00:00:00.000000140,84.435875,19,16
1970-01-01 00:00:00.000000141,84.29913,19,16
1970-01-01 00:00:00.000000141,84.753494,19,17
1970-01-01 00:00:00.000000142,84.799866,19,17
1970-01-01 00:00:00.000000142,85.07581,19,18
1970-01-01 00:00:00.000000143,85.09512,19,18
1970-01-01 00:00:00.000000143,85.41876,19,19
1970-01-01 00:00:00.000000144,85.45886,19,19
1970-01-01 00:00:00.000000144,85.24025,19,20
1970-01-01 00:00:00.000000145,85.24925,19,20
1970-01-01 00:00:00.000000121,70.42315,20,10
1970-01-01 00:00:00.000000122,70.31966,20,10
1970-01-01 00:00:00.000000122,70.065575,20,11
1970-01-01 00:00:00.000000123,70.01775,20,11
1970-01-01 00:00:00.000000123,71.0587,20,12
1970-01-01 00:00:00.000000124,71.14944,20,12
1970-01-01 00:00:00.000000124,72.04564,20,13
1970-01-01 00:00:00.000000125,72.11846,20,13
1970-01-01 00:00:00.000000125,71.47005,20,14
1970-01-01 00:00:00.000000126,71.453545,20,14
1970-01-01 00:00:00.000000126,70.8781,20,15
1970-01-01 00:00:00.000000127,70.76218,20,15
1970-01-01 00:00:00.000000127,71.35538,20,16
1970-01-01 00:00:00.000000128,71.406204,20,16
1970-01-01 00:00:00.000000128,71.19342,20,17
1970-01-01 00:00:00.000000129,71.12935,20,17
1970-01-01 00:00:00.000000129,70.662186,20,18
1970-01-01 00:00:00.000000130,70.54771,20,18
1970-01-01 00:00:00.000000130,72.83817,21,10
1970-01-01 00:00:00.000000131,73.04587,21,10
1970-01-01 00:00:00.000000131,74.02728,21,11
1970-01-01 00:00:00.000000132,74.18308,21,11
1970-01-01 00:00:00.000000132,75.33616,21,12
1970-01-01 00:00:00.000000133,75.65818,21,12
1970-01-01 00:00:00.000000133,75.33145,21,13
1970-01-01 00:00:00.000000134,75.419174,21,13
1970-01-01 00:00:00.000000134,74.183846,21,14
1970-01-01 00:00:00.000000135,74.15289,21,14
1970-01-01 00:00:00.000000135,73.65795,21,15
1970-01-01 00:00:00.000000136,73.77169,21,15
1970-01-01 00:00:00.000000136,74.43136,21,16
1970-01-01 00:00:00.000000137,74.50968,21,16
1970-01-01 00:00:00.000000137,75.74938,21,17
1970-01-01 00:00:00.000000138,75.92688,21,17
1970-01-01 00:00:00.000000138,75.49135,21,18
1970-01-01 00:00:00.000000139,75.47208,21,18
1970-01-01 00:00:00.000000139,75.73595,21,19
1970-01-01 00:00:00.000000140,75.81342,21,19
1970-01-01 00:00:00.000000171,58.46234,22,10
1970-01-01 00:00:00.000000172,58.336666,22,10
1970-01-01 00:00:00.000000172,58.300373,22,11
1970-01-01 00:00:00.000000173,58.273155,22,11
1970-01-01 00:00:00.000000173,57.15411,22,12
1970-01-01 00:00:00.000000174,57.094555,22,12
1970-01-01 00:00:00.000000174,57.417953,22,13
1970-01-01 00:00:00.000000175,57.435436,22,13
1970-01-01 00:00:00.000000175,58.045967,22,14
1970-01-01 00:00:00.000000176,58.079693,22,14
1970-01-01 00:00:00.000000176,58.25071,22,15
1970-01-01 00:00:00.000000177,58.225086,22,15
1970-01-01 00:00:00.000000177,55.076416,22,16
1970-01-01 00:00:00.000000178,54.968323,22,16
1970-01-01 00:00:00.000000178,55.2167,22,17
1970-01-01 00:00:00.000000179,55.33917,22,17
1970-01-01 00:00:00.000000179,55.955177,22,18
1970-01-01 00:00:00.000000180,55.95581,22,18
1970-01-01 00:00:00.000000180,55.612747,22,19
1970-01-01 00:00:00.000000181,55.51304,22,19
1970-01-01 00:00:00.000000181,55.296165,22,20
1970-01-01 00:00:00.000000182,55.257732,22,20
1970-01-01 00:00:00.000000182,54.839554,22,21
1970-01-01 00:00:00.000000183,54.787384,22,21
1970-01-01 00:00:00.000000183,54.280216,22,22
1970-01-01 00:00:00.000000184,54.241543,22,22
1970-01-01 00:00:00.000000184,54.72355,22,23
1970-01-01 00:00:00.000000185,54.74629,22,23
1970-01-01 00:00:00.000000185,53.47554,22,24
1970-01-01 00:00:00.000000186,53.32524,22,24
1970-01-01 00:00:00.000000186,53.00018,22,25
1970-01-01 00:00:00.000000187,53.021477,22,25
1970-01-01 00:00:00.000000187,53.489742,22,26
1970-01-01 00:00:00.000000188,53.48008,22,26
1970-01-01 00:00:00.000000188,53.092777,22,27
1970-01-01 00:00:00.000000189,52.966125,22,27
1970-01-01 00:00:00.000000130,74.6115,23,10
1970-01-01 00:00:00.000000131,74.62545,23,10
1970-01-01 00:00:00.000000131,74.287,23,11
1970-01-01 00:00:00.000000132,74.22828,23,11
1970-01-01 00:00:00.000000132,74.151825,23,12
1970-01-01 00:00:00.000000133,74.125206,23,12
1970-01-01 00:00:00.000000133,74.74515,23,13
1970-01-01 00:00:00.000000134,74.78375,23,13
1970-01-01 00:00:00.000000134,74.712776,23,14
1970-01-01 00:00:00.000000135,74.68884,23,14
1970-01-01 00:00:00.000000135,75.003235,23,15
1970-01-01 00:00:00.000000136,75.025375,23,15
1970-01-01 00:00:00.000000136,75.38779,23,16
1970-01-01 00:00:00.000000137,75.40555,23,16
1970-01-01 00:00:00.000000137,75.75852,23,17
1970-01-01 00:00:00.000000138,75.78041,23,17
1970-01-01 00:00:00.000000138,75.80143,23,18
1970-01-01 00:00:00.000000139,75.795685,23,18
1970-01-01 00:00:00.000000139,75.65596,23,19
1970-01-01 00:00:00.000000140,75.66199,23,19
1970-01-01 00:00:00.000000140,75.660126,23,20
1970-01-01 00:00:00.000000141,75.678,23,20
1970-01-01 00:00:00.000000095,65.27213,25,10
1970-01-01 00:00:00.000000096,65.36317,25,10
1970-01-01 00:00:00.000000096,65.02998,25,11
1970-01-01 00:00:00.000000097,64.82587,25,11
1970-01-01 00:00:00.000000097,68.675865,25,12
1970-01-01 00:00:00.000000098,69.14188,25,12
1970-01-01 00:00:00.000000098,60.46994,25,13
1970-01-01 00:00:00.000000099,59.941345,25,13
1970-01-01 00:00:00.000000231,82.135826,26,10
1970-01-01 00:00:00.000000232,82.06044,26,10
1970-01-01 00:00:00.000000232,81.5829,26,11
1970-01-01 00:00:00.000000233,81.53674,26,11
1970-01-01 00:00:00.000000233,81.01283,26,12
1970-01-01 00:00:00.000000234,80.95477,26,12
1970-01-01 00:00:00.000000234,80.59972,26,13
1970-01-01 00:00:00.000000235,80.54452,26,13
1970-01-01 00:00:00.000000235,79.921646,26,14
1970-01-01 00:00:00.000000236,79.853264,26,14
1970-01-01 00:00:00.000000236,79.150024,26,15
1970-01-01 00:00:00.000000237,79.099686,26,15
1970-01-01 00:00:00.000000237,78.42092,26,16
1970-01-01 00:00:00.000000238,78.36557,26,16
1970-01-01 00:00:00.000000238,78.22749,26,17
1970-01-01 00:00:00.000000239,78.18208,26,17
1970-01-01 00:00:00.000000239,77.47768,26,18
1970-01-01 00:00:00.000000240,77.37867,26,18
1970-01-01 00:00:00.000000240,76.923775,26,19
1970-01-01 00:00:00.000000241,76.87835,26,19
1970-01-01 00:00:00.000000241,76.40585,26,20
1970-01-01 00:00:00.000000242,76.339745,26,20
1970-01-01 00:00:00.000000242,76.098045,26,21
1970-01-01 00:00:00.000000243,76.04516,26,21
1970-01-01 00:00:00.000000243,75.418625,26,22
1970-01-01 00:00:00.000000244,75.33775,26,22
1970-01-01 00:00:00.000000244,75.288,26,23
1970-01-01 00:00:00.000000245,75.25489,26,23
1970-01-01 00:00:00.000000245,74.860466,26,24
1970-01-01 00:00:00.000000246,74.78959,26,24
1970-01-01 00:00:00.000000246,74.48484,26,25
1970-01-01 00:00:00.000000247,74.439926,26,25
1970-01-01 00:00:00.000000247,74.906044,26,26
1970-01-01 00:00:00.000000248,74.955025,26,26
1970-01-01 00:00:00.000000248,73.93408,26,27
1970-01-01 00:00:00.000000249,73.732506,26,27
1970-01-01 00:00:00.000000249,76.0785,26,28
1970-01-01 00:00:00.000000250,76.23615,26,28
1970-01-01 00:00:00.000000250,77.93351,26,29
1970-01-01 00:00:00.000000251,77.771416,26,29
1970-01-01 00:00:00.000000251,81.515114,26,30
1970-01-01 00:00:00.000000252,81.37857,26,30
1970-01-01 00:00:00.000000252,79.958046,26,31
1970-01-01 00:00:00.000000253,79.48818,26,31
1970-01-01 00:00:00.000000253,87.34811,26,32
1970-01-01 00:00:00.000000254,87.84993,26,32
1970-01-01 00:00:00.000000254,92.70083,26,33
1970-01-01 00:00:00.000000255,92.762665,26,33
1970-01-01 00:00:00.000000255,86.322716,26,34
1970-01-01 00:00:00.000000256,85.80837,26,34
1970-01-01 00:00:00.000000256,87.2996,26,35
1970-01-01 00:00:00.000000257,87.578156,26,35
1970-01-01 00:00:00.000000257,87.90047,26,36
1970-01-01 00:00:00.000000258,87.94789,26,36
1970-01-01 00:00:00.000000258,87.70602,26,37
1970-01-01 00:00:00.000000259,87.71545,26,37
1970-01-01 00:00:00.000000181,64.731674,29,10
1970-01-01 00:00:00.000000182,64.98247,29,10
1970-01-01 00:00:00.000000182,63.806843,29,11
1970-01-01 00:00:00.000000183,63.50235,29,11
1970-01-01 00:00:00.000000183,64.87381,29,12
1970-01-01 00:00:00.000000184,65.04655,29,12
1970-01-01 00:00:00.000000184,65.10416,29,13
1970-01-01 00:00:00.000000185,65.090416,29,13
1970-01-01 00:00:00.000000185,65.473145,29,14
1970-01-01 00:00:00.000000186,65.52498,29,14
1970-01-01 00:00:00.000000186,66.703926,29,15
1970-01-01 00:00:00.000000187,66.852844,29,15
1970-01-01 00:00:00.000000187,69.12288,29,16
1970-01-01 00:00:00.000000188,69.45237,29,16
1970-01-01 00:00:00.000000188,69.04567,29,17
1970-01-01 00:00:00.000000189,69.0352,29,17
1970-01-01 00:00:00.000000189,64.78191,29,18
1970-01-01 00:00:00.000000190,64.50549,29,18
1970-01-01 00:00:00.000000190,66.81759,29,19
1970-01-01 00:00:00.000000191,66.98013,29,19
1970-01-01 00:00:00.000000191,67.78288,29,20
1970-01-01 00:00:00.000000192,67.75015,29,20
1970-01-01 00:00:00.000000192,68.616066,29,21
1970-01-01 00:00:00.000000193,68.73401,29,21
1970-01-01 00:00:00.000000193,67.20177,29,22
1970-01-01 00:00:00.000000194,66.81966,29,22
1970-01-01 00:00:00.000000194,65.05756,29,23
1970-01-01 00:00:00.000000195,65.325676,29,23
1970-01-01 00:00:00.000000195,68.62058,29,24
1970-01-01 00:00:00.000000196,68.89794,29,24
1970-01-01 00:00:00.000000196,66.41315,29,25
1970-01-01 00:00:00.000000197,65.34702,29,25
1970-01-01 00:00:00.000000197,65.28212,29,26
1970-01-01 00:00:00.000000198,65.36996,29,26
1970-01-01 00:00:00.000000198,67.989746,29,27
1970-01-01 00:00:00.000000199,68.259895,29,27
1970-01-01 00:00:00.000000199,65.46307,29,28
1970-01-01 00:00:00.000000200,64.93257,29,28
1970-01-01 00:00:00.000000200,65.49793,29,29
1970-01-01 00:00:00.000000201,65.61839,29,29
1970-01-01 00:00:00.000000092,37.7429,40,10
1970-01-01 00:00:00.000000093,37.712486,40,10
1970-01-01 00:00:00.000000093,37.639748,40,11
1970-01-01 00:00:00.000000094,37.74093,40,11
1970-01-01 00:00:00.000000094,39.592297,40,12
1970-01-01 00:00:00.000000095,39.779694,40,12
1970-01-01 00:00:00.000000095,38.807507,40,13
1970-01-01 00:00:00.000000096,38.72025,40,13
1970-01-01 00:00:00.000000092,38.20194,42,10
1970-01-01 00:00:00.000000093,37.989834,42,10
1970-01-01 00:00:00.000000093,38.839077,42,11
1970-01-01 00:00:00.000000094,38.982132,42,11
1970-01-01 00:00:00.000000094,36.49144,42,12
1970-01-01 00:00:00.000000095,35.99261,42,12
1970-01-01 00:00:00.000000095,34.07921,42,13
1970-01-01 00:00:00.000000096,33.889988,42,13
1970-01-01 00:00:00.000000156,61.112762,45,10
1970-01-01 00:00:00.000000157,61.116608,45,10
1970-01-01 00:00:00.000000157,61.149868,45,11
1970-01-01 00:00:00.000000158,61.17325,45,11
1970-01-01 00:00:00.000000158,61.001896,45,12
1970-01-01 00:00:00.000000159,60.98,45,12
1970-01-01 00:00:00.000000159,60.898975,45,13
1970-01-01 00:00:00.000000160,60.89543,45,13
1970-01-01 00:00:00.000000160,61.09775,45,14
1970-01-01 00:00:00.000000161,61.12824,45,14
1970-01-01 00:00:00.000000161,61.003304,45,15
1970-01-01 00:00:00.000000162,61.007477,45,15
1970-01-01 00:00:00.000000162,60.95612,45,16
1970-01-01 00:00:00.000000163,60.976585,45,16
1970-01-01 00:00:00.000000163,60.772316,45,17
1970-01-01 00:00:00.000000164,60.736717,45,17
1970-01-01 00:00:00.000000164,61.498726,45,18
1970-01-01 00:00:00.000000165,61.567375,45,18
1970-01-01 00:00:00.000000165,61.17803,45,19
1970-01-01 00:00:00.000000166,61.136944,45,19
1970-01-01 00:00:00.000000166,60.78494,45,20
1970-01-01 00:00:00.000000167,60.73961,45,20
1970-01-01 00:00:00.000000167,60.971336,45,21
1970-01-01 00:00:00.000000168,61.009808,45,21
1970-01-01 00:00:00.000000168,60.97954,45,22
1970-01-01 00:00:00.000000169,60.99562,45,22
1970-01-01 00:00:00.000000169,61.28319,45,23
1970-01-01 00:00:00.000000170,61.310524,45,23
1970-01-01 00:00:00.000000170,61.21545,45,24
1970-01-01 00:00:00.000000171,61.2203,45,24
1970-01-01 00:00:00.000000116,55.515316,46,10
1970-01-01 00:00:00.000000117,55.65411,46,10
1970-01-01 00:00:00.000000117,56.342358,46,11
1970-01-01 00:00:00.000000118,56.43412,46,11
1970-01-01 00:00:00.000000118,57.23495,46,12
1970-01-01 00:00:00.000000119,57.44172,46,12
1970-01-01 00:00:00.000000119,57.238075,46,13
1970-01-01 00:00:00.000000120,57.27666,46,13
1970-01-01 00:00:00.000000120,59.012962,46,14
1970-01-01 00:00:00.000000121,59.308727,46,14
1970-01-01 00:00:00.000000121,58.75329,46,15
1970-01-01 00:00:00.000000122,58.768593,46,15
1970-01-01 00:00:00.000000122,59.952667,46,16
1970-01-01 00:00:00.000000123,60.17665,46,16
1970-01-01 00:00:00.000000123,60.768227,46,17
1970-01-01 00:00:00.000000124,60.92302,46,17
1970-01-01 00:00:00.000000243,38.76086,53,10
1970-01-01 00:00:00.000000244,38.797142,53,10
1970-01-01 00:00:00.000000244,41.712963,53,11
1970-01-01 00:00:00.000000245,42.02977,53,11
1970-01-01 00:00:00.000000245,42.308052,53,12
1970-01-01 00:00:00.000000246,42.392048,53,12
1970-01-01 00:00:00.000000246,43.414295,53,13
1970-01-01 00:00:00.000000247,43.597675,53,13
1970-01-01 00:00:00.000000247,42.76811,53,14
1970-01-01 00:00:00.000000248,42.789078,53,14
1970-01-01 00:00:00.000000248,40.808117,53,15
1970-01-01 00:00:00.000000249,40.61334,53,15
1970-01-01 00:00:00.000000249,39.84298,53,16
1970-01-01 00:00:00.000000250,39.917355,53,16
1970-01-01 00:00:00.000000250,41.046577,53,17
1970-01-01 00:00:00.000000251,41.18106,53,17
1970-01-01 00:00:00.000000251,41.44711,53,18
1970-01-01 00:00:00.000000252,41.488743,53,18
1970-01-01 00:00:00.000000252,41.712555,53,19
1970-01-01 00:00:00.000000253,41.772163,53,19
1970-01-01 00:00:00.000000253,40.318245,53,20
1970-01-01 00:00:00.000000254,39.990314,53,20
1970-01-01 00:00:00.000000254,39.008877,53,21
1970-01-01 00:00:00.000000255,39.116432,53,21
1970-01-01 00:00:00.000000255,43.97922,53,22
1970-01-01 00:00:00.000000256,44.49873,53,22
1970-01-01 00:00:00.000000256,46.110287,53,23
1970-01-01 00:00:00.000000257,46.275345,53,23
1970-01-01 00:00:00.000000257,46.30833,53,24
1970-01-01 00:00:00.000000258,46.535374,53,24
1970-01-01 00:00:00.000000258,47.893322,53,25
1970-01-01 00:00:00.000000259,48.186295,53,25
1970-01-01 00:00:00.000000259,44.849266,53,26
1970-01-01 00:00:00.000000260,43.978546,53,26
1970-01-01 00:00:00.000000260,41.862446,53,27
1970-01-01 00:00:00.000000261,42.169987,53,27
1970-01-01 00:00:00.000000261,43.164543,53,28
1970-01-01 00:00:00.000000262,43.203045,53,28
1970-01-01 00:00:00.000000262,41.850353,53,29
1970-01-01 00:00:00.000000263,41.40853,53,29
1970-01-01 00:00:00.000000263,41.193024,53,30
1970-01-01 00:00:00.000000264,41.165543,53,30
1970-01-01 00:00:00.000000264,42.196785,53,31
1970-01-01 00:00:00.000000265,42.299473,53,31
1970-01-01 00:00:00.000000265,40.322876,53,32
1970-01-01 00:00:00.000000266,40.02058,53,32
1970-01-01 00:00:00.000000266,38.76333,53,33
1970-01-01 00:00:00.000000267,38.90362,53,33
1970-01-01 00:00:00.000000267,39.01701,53,34
1970-01-01 00:00:00.000000268,38.93968,53,34
1970-01-01 00:00:00.000000268,37.14592,53,35
1970-01-01 00:00:00.000000269,36.90606,53,35
1970-01-01 00:00:00.000000269,36.312084,53,36
1970-01-01 00:00:00.000000270,36.329422,53,36
1970-01-01 00:00:00.000000270,36.244484,53,37
1970-01-01 00:00:00.000000271,36.164124,53,37
1970-01-01 00:00:00.000000271,36.934357,53,38
1970-01-01 00:00:00.000000272,37.040928,53,38
1970-01-01 00:00:00.000000272,36.94036,53,39
1970-01-01 00:00:00.000000273,36.944393,53,39
1970-01-01 00:00:00.000000273,39.02189,53,40
1970-01-01 00:00:00.000000274,39.28898,53,40
1970-01-01 00:00:00.000000097,65.46716,54,10
1970-01-01 00:00:00.000000098,65.60906,54,10
1970-01-01 00:00:00.000000098,65.90705,54,11
1970-01-01 00:00:00.000000099,66.03692,54,11
1970-01-01 00:00:00.000000099,66.56364,54,12
1970-01-01 00:00:00.000000100,66.7022,54,12
1970-01-01 00:00:00.000000100,67.41952,54,13
1970-01-01 00:00:00.000000101,67.572845,54,13
1970-01-01 00:00:00.000000101,68.051926,54,14
1970-01-01 00:00:00.000000102,68.18292,54,14
1970-01-01 00:00:00.000000277,17.624794,60,10
1970-01-01 00:00:00.000000278,17.399048,60,10
1970-01-01 00:00:00.000000278,18.22516,60,11
1970-01-01 00:00:00.000000279,18.309011,60,11
1970-01-01 00:00:00.000000279,20.514149,60,12
1970-01-01 00:00:00.000000280,20.835918,60,12
1970-01-01 00:00:00.000000280,25.575796,60,13
1970-01-01 00:00:00.000000281,26.22197,60,13
1970-01-01 00:00:00.000000281,28.062572,60,14
1970-01-01 00:00:00.000000282,28.638357,60,14
1970-01-01 00:00:00.000000282,29.61864,60,15
1970-01-01 00:00:00.000000283,30.08317,60,15
1970-01-01 00:00:00.000000283,26.557945,60,16
1970-01-01 00:00:00.000000284,26.014494,60,16
1970-01-01 00:00:00.000000284,24.900402,60,17
1970-01-01 00:00:00.000000285,25.02365,60,17
1970-01-01 00:00:00.000000285,24.785717,60,18
1970-01-01 00:00:00.000000286,24.54912,60,18
1970-01-01 00:00:00.000000286,25.183006,60,19
1970-01-01 00:00:00.000000287,25.268366,60,19
1970-01-01 00:00:00.000000287,25.066956,60,20
1970-01-01 00:00:00.000000288,25.115591,60,20
1970-01-01 00:00:00.000000288,24.05188,60,21
1970-01-01 00:00:00.000000289,23.814407,60,21
1970-01-01 00:00:00.000000289,24.40025,60,22
1970-01-01 00:00:00.000000290,24.464386,60,22
1970-01-01 00:00:00.000000290,23.315125,60,23
1970-01-01 00:00:00.000000291,23.015154,60,23
1970-01-01 00:00:00.000000291,22.918808,60,24
1970-01-01 00:00:00.000000292,22.891592,60,24
1970-01-01 00:00:00.000000292,21.342527,60,25
1970-01-01 00:00:00.000000293,21.07144,60,25
1970-01-01 00:00:00.000000293,20.12169,60,26
1970-01-01 00:00:00.000000294,20.040327,60,26
1970-01-01 00:00:00.000000294,20.965673,60,27
1970-01-01 00:00:00.000000295,21.045097,60,27
1970-01-01 00:00:00.000000295,19.881243,60,28
1970-01-01 00:00:00.000000296,19.499973,60,28
1970-01-01 00:00:00.000000296,18.137442,60,29
1970-01-01 00:00:00.000000297,18.042038,60,29
1970-01-01 00:00:00.000000297,18.346565,60,30
1970-01-01 00:00:00.000000298,18.320024,60,30
1970-01-01 00:00:00.000000298,18.586004,60,31
1970-01-01 00:00:00.000000299,18.652617,60,31
1970-01-01 00:00:00.000000299,19.62489,60,32
1970-01-01 00:00:00.000000300,19.780025,60,32
1970-01-01 00:00:00.000000300,20.286835,60,33
1970-01-01 00:00:00.000000301,20.43776,60,33
1970-01-01 00:00:00.000000301,25.226854,60,34
1970-01-01 00:00:00.000000302,25.96122,60,34
1970-01-01 00:00:00.000000302,28.42711,60,35
1970-01-01 00:00:00.000000303,29.048908,60,35
1970-01-01 00:00:00.000000303,29.261106,60,36
1970-01-01 00:00:00.000000304,29.790598,60,36
1970-01-01 00:00:00.000000304,28.963932,60,37
1970-01-01 00:00:00.000000305,29.212414,60,37
1970-01-01 00:00:00.000000305,24.274063,60,38
1970-01-01 00:00:00.000000306,23.90566,60,38
1970-01-01 00:00:00.000000306,24.328163,60,39
1970-01-01 00:00:00.000000307,24.465107,60,39
1970-01-01 00:00:00.000000307,24.040491,60,40
1970-01-01 00:00:00.000000308,23.748573,60,40
1970-01-01 00:00:00.000000308,23.608173,60,41
1970-01-01 00:00:00.000000309,23.555508,60,41
1970-01-01 00:00:00.000000309,24.507864,60,42
1970-01-01 00:00:00.000000310,24.645575,60,42
1970-01-01 00:00:00.000000310,21.451468,60,43
1970-01-01 00:00:00.000000311,21.055666,60,43
1970-01-01 00:00:00.000000311,18.686914,60,44
1970-01-01 00:00:00.000000312,18.806255,60,44
1970-01-01 00:00:00.000000312,20.216509,60,45
1970-01-01 00:00:00.000000313,20.309114,60,45
1970-01-01 00:00:00.000000313,18.803032,60,46
1970-01-01 00:00:00.000000314,18.294249,60,46
1970-01-01 00:00:00.000000102,81.589485,61,10
1970-01-01 00:00:00.000000103,81.54229,61,10
1970-01-01 00:00:00.000000103,82.600365,61,11
1970-01-01 00:00:00.000000104,82.66544,61,11
1970-01-01 00:00:00.000000104,82.189735,61,12
1970-01-01 00:00:00.000000105,82.0808,61,12
1970-01-01 00:00:00.000000105,81.78421,61,13
1970-01-01 00:00:00.000000106,81.69748,61,13
1970-01-01 00:00:00.000000106,81.838104,61,14
1970-01-01 00:00:00.000000107,81.821365,61,14
1970-01-01 00:00:00.000000107,82.063576,61,15
1970-01-01 00:00:00.000000108,82.02771,61,15
1970-01-01 00:00:00.000000125,50.290283,62,10
1970-01-01 00:00:00.000000126,50.295,62,10
1970-01-01 00:00:00.000000126,47.025303,62,11
1970-01-01 00:00:00.000000127,46.53349,62,11
1970-01-01 00:00:00.000000127,45.06724,62,12
1970-01-01 00:00:00.000000128,45.204144,62,12
1970-01-01 00:00:00.000000128,45.53107,62,13
1970-01-01 00:00:00.000000129,45.41661,62,13
1970-01-01 00:00:00.000000129,45.329067,62,14
1970-01-01 00:00:00.000000130,45.24396,62,14
1970-01-01 00:00:00.000000130,44.350044,62,15
1970-01-01 00:00:00.000000131,44.21355,62,15
1970-01-01 00:00:00.000000131,44.512592,62,16
1970-01-01 00:00:00.000000132,44.535503,62,16
1970-01-01 00:00:00.000000132,44.73439,62,17
1970-01-01 00:00:00.000000133,44.742413,62,17
1970-01-01 00:00:00.000000133,45.350567,62,18
1970-01-01 00:00:00.000000134,45.35089,62,18
1970-01-01 00:00:00.000000134,46.130863,62,19
1970-01-01 00:00:00.000000135,46.11717,62,19
1970-01-01 00:00:00.000000292,52.760956,63,10
1970-01-01 00:00:00.000000293,52.489517,63,10
1970-01-01 00:00:00.000000293,52.511078,63,11
1970-01-01 00:00:00.000000294,52.504196,63,11
1970-01-01 00:00:00.000000294,52.377304,63,12
1970-01-01 00:00:00.000000295,52.29975,63,12
1970-01-01 00:00:00.000000295,53.140873,63,13
1970-01-01 00:00:00.000000296,53.173428,63,13
1970-01-01 00:00:00.000000296,54.513485,63,14
1970-01-01 00:00:00.000000297,54.506794,63,14
1970-01-01 00:00:00.000000297,55.064316,63,15
1970-01-01 00:00:00.000000298,54.945107,63,15
1970-01-01 00:00:00.000000298,55.477573,63,16
1970-01-01 00:00:00.000000299,55.45594,63,16
1970-01-01 00:00:00.000000299,56.069893,63,17
1970-01-01 00:00:00.000000300,56.066288,63,17
1970-01-01 00:00:00.000000300,56.435448,63,18
1970-01-01 00:00:00.000000301,56.399937,63,18
1970-01-01 00:00:00.000000301,55.590816,63,19
1970-01-01 00:00:00.000000302,55.447598,63,19
1970-01-01 00:00:00.000000302,55.757656,63,20
1970-01-01 00:00:00.000000303,55.790836,63,20
1970-01-01 00:00:00.000000303,54.306293,63,21
1970-01-01 00:00:00.000000304,54.159042,63,21
1970-01-01 00:00:00.000000304,51.49134,63,22
1970-01-01 00:00:00.000000305,51.534283,63,22
1970-01-01 00:00:00.000000305,48.51848,63,23
1970-01-01 00:00:00.000000306,48.506107,63,23
1970-01-01 00:00:00.000000306,46.121754,63,24
1970-01-01 00:00:00.000000307,45.952396,63,24
1970-01-01 00:00:00.000000307,42.383442,63,25
1970-01-01 00:00:00.000000308,42.113907,63,25
1970-01-01 00:00:00.000000308,43.44996,63,26
1970-01-01 00:00:00.000000309,43.4637,63,26
1970-01-01 00:00:00.000000309,43.673298,63,27
1970-01-01 00:00:00.000000310,43.749847,63,27
1970-01-01 00:00:00.000000310,43.747547,63,28
1970-01-01 00:00:00.000000311,43.698467,63,28
1970-01-01 00:00:00.000000311,44.652107,63,29
1970-01-01 00:00:00.000000312,44.65784,63,29
1970-01-01 00:00:00.000000312,45.86287,63,30
1970-01-01 00:00:00.000000313,45.833397,63,30
1970-01-01 00:00:00.000000313,48.206223,63,31
1970-01-01 00:00:00.000000314,48.17991,63,31
1970-01-01 00:00:00.000000314,49.61748,63,32
1970-01-01 00:00:00.000000315,49.416443,63,32
1970-01-01 00:00:00.000000315,50.970417,63,33
1970-01-01 00:00:00.000000316,50.799942,63,33
1970-01-01 00:00:00.000000316,51.62347,63,34
1970-01-01 00:00:00.000000317,51.42714,63,34
1970-01-01 00:00:00.000000317,47.97868,63,35
1970-01-01 00:00:00.000000318,47.50958,63,35
1970-01-01 00:00:00.000000318,46.38758,63,36
1970-01-01 00:00:00.000000319,46.603218,63,36
1970-01-01 00:00:00.000000319,41.725025,63,37
1970-01-01 00:00:00.000000320,41.57132,63,37
1970-01-01 00:00:00.000000320,43.19133,63,38
1970-01-01 00:00:00.000000321,43.261955,63,38
1970-01-01 00:00:00.000000321,43.609425,63,39
1970-01-01 00:00:00.000000322,43.67147,63,39
1970-01-01 00:00:00.000000322,43.237003,63,40
1970-01-01 00:00:00.000000323,43.16912,63,40
1970-01-01 00:00:00.000000323,43.974957,63,41
1970-01-01 00:00:00.000000324,43.993366,63,41
1970-01-01 00:00:00.000000324,45.180984,63,42
1970-01-01 00:00:00.000000325,45.165947,63,42
1970-01-01 00:00:00.000000325,46.406834,63,43
1970-01-01 00:00:00.000000326,46.360912,63,43
1970-01-01 00:00:00.000000326,46.667953,63,44
1970-01-01 00:00:00.000000327,46.56421,63,44
1970-01-01 00:00:00.000000327,47.87879,63,45
1970-01-01 00:00:00.000000328,47.868263,63,45
1970-01-01 00:00:00.000000328,49.153164,63,46
1970-01-01 00:00:00.000000329,49.128468,63,46
1970-01-01 00:00:00.000000329,50.620564,63,47
1970-01-01 00:00:00.000000330,50.579193,63,47
1970-01-01 00:00:00.000000330,52.454308,63,48
1970-01-01 00:00:00.000000331,52.36251,63,48
1970-01-01 00:00:00.000000156,42.18816,64,10
1970-01-01 00:00:00.000000157,42.25638,64,10
1970-01-01 00:00:00.000000157,42.95431,64,11
1970-01-01 00:00:00.000000158,43.05155,64,11
1970-01-01 00:00:00.000000158,43.954395,64,12
1970-01-01 00:00:00.000000159,44.09655,64,12
1970-01-01 00:00:00.000000159,45.21626,64,13
1970-01-01 00:00:00.000000160,45.39065,64,13
1970-01-01 00:00:00.000000160,45.64398,64,14
1970-01-01 00:00:00.000000161,45.747272,64,14
1970-01-01 00:00:00.000000161,45.898724,64,15
1970-01-01 00:00:00.000000162,46.000874,64,15
1970-01-01 00:00:00.000000162,46.846127,64,16
1970-01-01 00:00:00.000000163,46.979454,64,16
1970-01-01 00:00:00.000000163,46.247246,64,17
1970-01-01 00:00:00.000000164,46.22953,64,17
1970-01-01 00:00:00.000000164,45.28595,64,18
1970-01-01 00:00:00.000000165,45.175076,64,18
1970-01-01 00:00:00.000000165,45.73601,64,19
1970-01-01 00:00:00.000000166,45.78483,64,19
1970-01-01 00:00:00.000000166,45.489975,64,20
1970-01-01 00:00:00.000000167,45.398895,64,20
1970-01-01 00:00:00.000000167,45.23097,64,21
1970-01-01 00:00:00.000000168,45.19394,64,21
1970-01-01 00:00:00.000000168,45.82835,64,22
1970-01-01 00:00:00.000000169,45.90085,64,22
1970-01-01 00:00:00.000000169,46.11107,64,23
1970-01-01 00:00:00.000000170,46.137012,64,23
1970-01-01 00:00:00.000000170,46.516308,64,24
1970-01-01 00:00:00.000000171,46.59604,64,24
1970-01-01 00:00:00.000000225,24.137245,65,10
1970-01-01 00:00:00.000000226,24.135418,65,10
1970-01-01 00:00:00.000000226,24.122288,65,11
1970-01-01 00:00:00.000000227,24.173195,65,11
1970-01-01 00:00:00.000000227,24.838629,65,12
1970-01-01 00:00:00.000000228,24.938364,65,12
1970-01-01 00:00:00.000000228,24.62104,65,13
1970-01-01 00:00:00.000000229,24.637312,65,13
1970-01-01 00:00:00.000000229,25.541254,65,14
1970-01-01 00:00:00.000000230,25.69989,65,14
1970-01-01 00:00:00.000000230,25.752373,65,15
1970-01-01 00:00:00.000000231,25.817753,65,15
1970-01-01 00:00:00.000000231,25.677368,65,16
1970-01-01 00:00:00.000000232,25.731659,65,16
1970-01-01 00:00:00.000000232,26.722872,65,17
1970-01-01 00:00:00.000000233,26.88527,65,17
1970-01-01 00:00:00.000000233,26.027178,65,18
1970-01-01 00:00:00.000000234,25.951298,65,18
1970-01-01 00:00:00.000000234,26.020298,65,19
1970-01-01 00:00:00.000000235,26.090572,65,19
1970-01-01 00:00:00.000000235,26.209227,65,20
1970-01-01 00:00:00.000000236,26.255953,65,20
1970-01-01 00:00:00.000000236,26.12948,65,21
1970-01-01 00:00:00.000000237,26.164349,65,21
1970-01-01 00:00:00.000000237,26.057585,65,22
1970-01-01 00:00:00.000000238,26.098812,65,22
1970-01-01 00:00:00.000000238,26.046997,65,23
1970-01-01 00:00:00.000000239,26.087887,65,23
1970-01-01 00:00:00.000000239,26.650547,65,24
1970-01-01 00:00:00.000000240,26.744423,65,24
1970-01-01 00:00:00.000000240,26.023369,65,25
1970-01-01 00:00:00.000000241,25.848804,65,25
1970-01-01 00:00:00.000000241,26.33612,65,26
1970-01-01 00:00:00.000000242,26.420673,65,26
1970-01-01 00:00:00.000000242,25.686375,65,27
1970-01-01 00:00:00.000000243,25.454346,65,27
1970-01-01 00:00:00.000000243,26.485525,65,28
1970-01-01 00:00:00.000000244,26.601828,65,28
1970-01-01 00:00:00.000000244,26.703037,65,29
1970-01-01 00:00:00.000000245,26.735485,65,29
1970-01-01 00:00:00.000000245,26.264803,65,30
1970-01-01 00:00:00.000000246,26.285679,65,30
1970-01-01 00:00:00.000000246,26.17699,65,31
1970-01-01 00:00:00.000000247,26.189735,65,31
1970-01-01 00:00:00.000000247,25.712725,65,32
1970-01-01 00:00:00.000000248,25.623049,65,32
1970-01-01 00:00:00.000000248,25.480684,65,33
1970-01-01 00:00:00.000000249,25.44176,65,33
1970-01-01 00:00:00.000000249,25.251387,65,34
1970-01-01 00:00:00.000000250,25.184935,65,34
1970-01-01 00:00:00.000000250,26.386961,65,35
1970-01-01 00:00:00.000000251,26.535423,65,35
1970-01-01 00:00:00.000000251,25.572994,65,36
1970-01-01 00:00:00.000000252,25.312231,65,36
1970-01-01 00:00:00.000000083,76.90756,66,10
1970-01-01 00:00:00.000000084,77.39922,66,10
1970-01-01 00:00:00.000000084,75.88487,66,11
1970-01-01 00:00:00.000000085,76.26078,66,11
1970-01-01 00:00:00.000000124,84.69604,67,10
1970-01-01 00:00:00.000000125,84.73656,67,10
1970-01-01 00:00:00.000000125,83.28021,67,11
1970-01-01 00:00:00.000000126,83.49582,67,11
1970-01-01 00:00:00.000000126,87.60371,67,12
1970-01-01 00:00:00.000000127,88.10055,67,12
1970-01-01 00:00:00.000000127,88.49846,67,13
1970-01-01 00:00:00.000000128,88.45599,67,13
1970-01-01 00:00:00.000000128,86.25194,67,14
1970-01-01 00:00:00.000000129,85.73161,67,14
1970-01-01 00:00:00.000000129,85.39925,67,15
1970-01-01 00:00:00.000000130,85.73608,67,15
1970-01-01 00:00:00.000000130,84.313255,67,16
1970-01-01 00:00:00.000000131,84.783104,67,16
1970-01-01 00:00:00.000000131,84.66821,67,17
1970-01-01 00:00:00.000000132,84.79602,67,17
1970-01-01 00:00:00.000000132,85.54351,67,18
1970-01-01 00:00:00.000000133,85.430046,67,18
1970-01-01 00:00:00.000000176,46.69574,69,10
1970-01-01 00:00:00.000000177,46.886635,69,10
1970-01-01 00:00:00.000000177,48.365833,69,11
1970-01-01 00:00:00.000000178,48.513596,69,11
1970-01-01 00:00:00.000000178,50.219425,69,12
1970-01-01 00:00:00.000000179,50.33708,69,12
1970-01-01 00:00:00.000000179,50.62485,69,13
1970-01-01 00:00:00.000000180,50.71727,69,13
1970-01-01 00:00:00.000000180,48.774227,69,14
1970-01-01 00:00:00.000000181,48.433872,69,14
1970-01-01 00:00:00.000000181,42.62491,69,15
1970-01-01 00:00:00.000000182,42.477894,69,15
1970-01-01 00:00:00.000000182,43.947903,69,16
1970-01-01 00:00:00.000000183,44.015717,69,16
1970-01-01 00:00:00.000000183,41.464134,69,17
1970-01-01 00:00:00.000000184,40.47452,69,17
1970-01-01 00:00:00.000000184,39.265068,69,18
1970-01-01 00:00:00.000000185,39.15574,69,18
1970-01-01 00:00:00.000000185,38.511837,69,19
1970-01-01 00:00:00.000000186,38.271618,69,19
1970-01-01 00:00:00.000000186,36.969025,69,20
1970-01-01 00:00:00.000000187,36.738453,69,20
1970-01-01 00:00:00.000000187,37.960434,69,21
1970-01-01 00:00:00.000000188,38.082188,69,21
1970-01-01 00:00:00.000000188,37.840935,69,22
1970-01-01 00:00:00.000000189,37.851906,69,22
1970-01-01 00:00:00.000000189,41.107685,69,23
1970-01-01 00:00:00.000000190,41.416443,69,23
1970-01-01 00:00:00.000000190,43.89794,69,24
1970-01-01 00:00:00.000000191,44.04748,69,24
1970-01-01 00:00:00.000000191,46.869488,69,25
1970-01-01 00:00:00.000000192,47.256992,69,25
1970-01-01 00:00:00.000000192,48.280045,69,26
1970-01-01 00:00:00.000000193,48.4052,69,26
1970-01-01 00:00:00.000000193,49.293854,69,27
1970-01-01 00:00:00.000000194,49.505344,69,27
1970-01-01 00:00:00.000000194,50.941128,69,28
1970-01-01 00:00:00.000000195,51.14157,69,28
1970-01-01 00:00:00.000000226,58.91673,70,10
1970-01-01 00:00:00.000000227,58.910267,70,10
1970-01-01 00:00:00.000000227,57.918518,70,11
1970-01-01 00:00:00.000000228,57.724186,70,11
1970-01-01 00:00:00.000000228,57.289658,70,12
1970-01-01 00:00:00.000000229,57.29146,70,12
1970-01-01 00:00:00.000000229,57.377106,70,13
1970-01-01 00:00:00.000000230,57.34454,70,13
1970-01-01 00:00:00.000000230,57.60879,70,14
1970-01-01 00:00:00.000000231,57.633324,70,14
1970-01-01 00:00:00.000000231,57.42384,70,15
1970-01-01 00:00:00.000000232,57.387283,70,15
1970-01-01 00:00:00.000000232,57.67793,70,16
1970-01-01 00:00:00.000000233,57.68438,70,16
1970-01-01 00:00:00.000000233,56.69105,70,17
1970-01-01 00:00:00.000000234,56.522793,70,17
1970-01-01 00:00:00.000000234,56.952316,70,18
1970-01-01 00:00:00.000000235,56.98151,70,18
1970-01-01 00:00:00.000000235,56.419395,70,19
1970-01-01 00:00:00.000000236,56.296875,70,19
1970-01-01 00:00:00.000000236,57.44892,70,20
1970-01-01 00:00:00.000000237,57.51858,70,20
1970-01-01 00:00:00.000000237,57.2706,70,21
1970-01-01 00:00:00.000000238,57.18355,70,21
1970-01-01 00:00:00.000000238,57.444347,70,22
1970-01-01 00:00:00.000000239,57.434845,70,22
1970-01-01 00:00:00.000000239,57.36869,70,23
1970-01-01 00:00:00.000000240,57.35575,70,23
1970-01-01 00:00:00.000000240,57.460518,70,24
1970-01-01 00:00:00.000000241,57.47071,70,24
1970-01-01 00:00:00.000000241,57.814144,70,25
1970-01-01 00:00:00.000000242,57.81126,70,25
1970-01-01 00:00:00.000000242,58.167114,70,26
1970-01-01 00:00:00.000000243,58.14619,70,26
1970-01-01 00:00:00.000000243,57.700775,70,27
1970-01-01 00:00:00.000000244,57.645695,70,27
1970-01-01 00:00:00.000000244,57.642918,70,28
1970-01-01 00:00:00.000000245,57.648468,70,28
1970-01-01 00:00:00.000000245,57.669205,70,29
1970-01-01 00:00:00.000000246,57.670155,70,29
1970-01-01 00:00:00.000000246,57.41683,70,30
1970-01-01 00:00:00.000000247,57.36256,70,30
1970-01-01 00:00:00.000000247,57.414753,70,31
1970-01-01 00:00:00.000000248,57.42728,70,31
1970-01-01 00:00:00.000000248,57.214428,70,32
1970-01-01 00:00:00.000000249,57.163197,70,32
1970-01-01 00:00:00.000000249,57.01096,70,33
1970-01-01 00:00:00.000000250,56.97024,70,33
1970-01-01 00:00:00.000000250,57.016617,70,34
1970-01-01 00:00:00.000000251,57.018948,70,34
1970-01-01 00:00:00.000000251,56.93214,70,35
1970-01-01 00:00:00.000000252,56.91975,70,35
1970-01-01 00:00:00.000000252,56.89941,70,36
1970-01-01 00:00:00.000000253,56.909195,70,36
1970-01-01 00:00:00.000000253,56.587646,70,37
1970-01-01 00:00:00.000000254,56.530785,70,37
1970-01-01 00:00:00.000000226,15.666704,71,10
1970-01-01 00:00:00.000000227,15.079159,71,10
1970-01-01 00:00:00.000000227,16.066507,71,11
1970-01-01 00:00:00.000000228,16.164736,71,11
1970-01-01 00:00:00.000000228,16.443712,71,12
1970-01-01 00:00:00.000000229,16.488869,71,12
1970-01-01 00:00:00.000000229,16.672495,71,13
1970-01-01 00:00:00.000000230,16.673376,71,13
1970-01-01 00:00:00.000000230,16.502151,71,14
1970-01-01 00:00:00.000000231,16.487051,71,14
1970-01-01 00:00:00.000000231,17.513231,71,15
1970-01-01 00:00:00.000000232,17.58449,71,15
1970-01-01 00:00:00.000000232,17.178976,71,16
1970-01-01 00:00:00.000000233,17.114338,71,16
1970-01-01 00:00:00.000000233,17.532925,71,17
1970-01-01 00:00:00.000000234,17.520565,71,17
1970-01-01 00:00:00.000000234,15.25325,71,18
1970-01-01 00:00:00.000000235,15.134834,71,18
1970-01-01 00:00:00.000000235,16.965757,71,19
1970-01-01 00:00:00.000000236,17.192377,71,19
1970-01-01 00:00:00.000000236,18.528475,71,20
1970-01-01 00:00:00.000000237,18.44015,71,20
1970-01-01 00:00:00.000000237,14.217549,71,21
1970-01-01 00:00:00.000000238,13.741363,71,21
1970-01-01 00:00:00.000000238,19.215675,71,22
1970-01-01 00:00:00.000000239,19.694258,71,22
1970-01-01 00:00:00.000000239,19.385895,71,23
1970-01-01 00:00:00.000000240,19.002253,71,23
1970-01-01 00:00:00.000000240,18.383053,71,24
1970-01-01 00:00:00.000000241,18.3358,71,24
1970-01-01 00:00:00.000000241,25.542952,71,25
1970-01-01 00:00:00.000000242,25.944042,71,25
1970-01-01 00:00:00.000000242,19.138191,71,26
1970-01-01 00:00:00.000000243,16.504066,71,26
1970-01-01 00:00:00.000000243,24.687338,71,27
1970-01-01 00:00:00.000000244,25.391062,71,27
1970-01-01 00:00:00.000000244,23.710552,71,28
1970-01-01 00:00:00.000000245,23.024755,71,28
1970-01-01 00:00:00.000000245,25.750376,71,29
1970-01-01 00:00:00.000000246,25.93534,71,29
1970-01-01 00:00:00.000000246,25.42224,71,30
1970-01-01 00:00:00.000000247,25.250864,71,30
1970-01-01 00:00:00.000000247,29.750673,71,31
1970-01-01 00:00:00.000000248,30.020216,71,31
1970-01-01 00:00:00.000000248,31.968815,71,32
1970-01-01 00:00:00.000000249,31.85429,71,32
1970-01-01 00:00:00.000000249,38.701748,71,33
1970-01-01 00:00:00.000000250,39.043594,71,33
1970-01-01 00:00:00.000000250,46.166412,71,34
1970-01-01 00:00:00.000000251,46.352222,71,34
1970-01-01 00:00:00.000000251,52.30323,71,35
1970-01-01 00:00:00.000000252,52.499474,71,35
1970-01-01 00:00:00.000000252,52.885166,71,36
1970-01-01 00:00:00.000000253,52.69712,71,36
1970-01-01 00:00:00.000000320,55.712933,72,10
1970-01-01 00:00:00.000000321,55.739586,72,10
1970-01-01 00:00:00.000000321,57.026337,72,11
1970-01-01 00:00:00.000000322,56.983173,72,11
1970-01-01 00:00:00.000000322,57.90338,72,12
1970-01-01 00:00:00.000000323,57.795498,72,12
1970-01-01 00:00:00.000000323,59.530125,72,13
1970-01-01 00:00:00.000000324,59.49268,72,13
1970-01-01 00:00:00.000000324,60.544834,72,14
1970-01-01 00:00:00.000000325,60.420048,72,14
1970-01-01 00:00:00.000000325,61.254875,72,15
1970-01-01 00:00:00.000000326,61.122627,72,15
1970-01-01 00:00:00.000000326,59.06743,72,16
1970-01-01 00:00:00.000000327,58.53764,72,16
1970-01-01 00:00:00.000000327,55.953823,72,17
1970-01-01 00:00:00.000000328,56.04659,72,17
1970-01-01 00:00:00.000000328,56.06855,72,18
1970-01-01 00:00:00.000000329,55.99318,72,18
1970-01-01 00:00:00.000000329,55.828518,72,19
1970-01-01 00:00:00.000000330,55.651604,72,19
1970-01-01 00:00:00.000000330,55.623627,72,20
1970-01-01 00:00:00.000000331,55.58899,72,20
1970-01-01 00:00:00.000000331,55.59157,72,21
1970-01-01 00:00:00.000000332,55.606083,72,21
1970-01-01 00:00:00.000000332,56.433838,72,22
1970-01-01 00:00:00.000000333,56.455547,72,22
1970-01-01 00:00:00.000000333,57.167812,72,23
1970-01-01 00:00:00.000000334,57.13024,72,23
1970-01-01 00:00:00.000000334,57.742126,72,24
1970-01-01 00:00:00.000000335,57.69106,72,24
1970-01-01 00:00:00.000000335,59.76016,72,25
1970-01-01 00:00:00.000000336,59.785652,72,25
1970-01-01 00:00:00.000000336,60.590313,72,26
1970-01-01 00:00:00.000000337,60.444405,72,26
1970-01-01 00:00:00.000000337,62.818558,72,27
1970-01-01 00:00:00.000000338,62.865124,72,27
1970-01-01 00:00:00.000000338,57.31334,72,28
1970-01-01 00:00:00.000000339,56.27282,72,28
1970-01-01 00:00:00.000000339,54.498417,72,29
1970-01-01 00:00:00.000000340,54.62359,72,29
1970-01-01 00:00:00.000000340,55.94523,72,30
1970-01-01 00:00:00.000000341,55.848984,72,30
1970-01-01 00:00:00.000000341,55.28468,72,31
1970-01-01 00:00:00.000000342,55.05405,72,31
1970-01-01 00:00:00.000000342,55.52706,72,32
1970-01-01 00:00:00.000000343,55.557827,72,32
1970-01-01 00:00:00.000000343,56.01822,72,33
1970-01-01 00:00:00.000000344,55.978867,72,33
1970-01-01 00:00:00.000000344,55.67517,72,34
1970-01-01 00:00:00.000000345,55.63062,72,34
1970-01-01 00:00:00.000000345,55.650223,72,35
1970-01-01 00:00:00.000000346,55.669243,72,35
1970-01-01 00:00:00.000000346,56.85734,72,36
1970-01-01 00:00:00.000000347,56.935184,72,36
1970-01-01 00:00:00.000000347,56.00224,72,37
1970-01-01 00:00:00.000000348,55.72879,72,37
1970-01-01 00:00:00.000000348,55.206055,72,38
1970-01-01 00:00:00.000000349,55.17546,72,38
1970-01-01 00:00:00.000000349,55.195015,72,39
1970-01-01 00:00:00.000000350,55.137737,72,39
1970-01-01 00:00:00.000000350,57.014267,72,40
1970-01-01 00:00:00.000000351,57.085125,72,40
1970-01-01 00:00:00.000000351,56.603386,72,41
1970-01-01 00:00:00.000000352,56.400036,72,41
1970-01-01 00:00:00.000000352,52.29624,72,42
1970-01-01 00:00:00.000000353,52.102413,72,42
1970-01-01 00:00:00.000000353,51.538216,72,43
1970-01-01 00:00:00.000000354,51.648216,72,43
1970-01-01 00:00:00.000000354,50.11296,72,44
1970-01-01 00:00:00.000000355,49.73763,72,44
1970-01-01 00:00:00.000000355,49.33503,72,45
1970-01-01 00:00:00.000000356,49.19415,72,45
1970-01-01 00:00:00.000000356,52.16988,72,46
1970-01-01 00:00:00.000000357,52.372253,72,46
1970-01-01 00:00:00.000000357,54.29761,72,47
1970-01-01 00:00:00.000000358,54.562195,72,47
1970-01-01 00:00:00.000000358,54.046177,72,48
1970-01-01 00:00:00.000000359,54.316967,72,48
1970-01-01 00:00:00.000000359,51.399563,72,49
1970-01-01 00:00:00.000000360,50.85946,72,49
1970-01-01 00:00:00.000000360,47.84016,72,50
1970-01-01 00:00:00.000000361,47.762016,72,50
1970-01-01 00:00:00.000000361,54.175747,72,51
1970-01-01 00:00:00.000000362,54.75797,72,51
1970-01-01 00:00:00.000000362,52.92753,72,52
1970-01-01 00:00:00.000000363,52.50073,72,52
1970-01-01 00:00:00.000000363,54.280247,72,53
1970-01-01 00:00:00.000000364,54.58857,72,53
1970-01-01 00:00:00.000000219,65.95125,73,10
1970-01-01 00:00:00.000000220,66.01491,73,10
1970-01-01 00:00:00.000000220,65.05547,73,11
1970-01-01 00:00:00.000000221,65.17662,73,11
1970-01-01 00:00:00.000000221,63.56876,73,12
1970-01-01 00:00:00.000000222,64.0055,73,12
1970-01-01 00:00:00.000000222,67.14212,73,13
1970-01-01 00:00:00.000000223,67.564926,73,13
1970-01-01 00:00:00.000000223,67.6021,73,14
1970-01-01 00:00:00.000000224,67.73062,73,14
1970-01-01 00:00:00.000000224,67.87609,73,15
1970-01-01 00:00:00.000000225,68.1076,73,15
1970-01-01 00:00:00.000000225,65.69945,73,16
1970-01-01 00:00:00.000000226,65.502106,73,16
1970-01-01 00:00:00.000000226,63.59731,73,17
1970-01-01 00:00:00.000000227,64.32655,73,17
1970-01-01 00:00:00.000000227,65.93454,73,18
1970-01-01 00:00:00.000000228,66.3246,73,18
1970-01-01 00:00:00.000000228,66.35191,73,19
1970-01-01 00:00:00.000000229,66.25622,73,19
1970-01-01 00:00:00.000000229,66.1603,73,20
1970-01-01 00:00:00.000000230,66.23444,73,20
1970-01-01 00:00:00.000000230,64.54822,73,21
1970-01-01 00:00:00.000000231,64.63522,73,21
1970-01-01 00:00:00.000000231,62.768097,73,22
1970-01-01 00:00:00.000000232,63.42861,73,22
1970-01-01 00:00:00.000000232,61.60153,73,23
1970-01-01 00:00:00.000000233,62.16993,73,23
1970-01-01 00:00:00.000000233,63.631977,73,24
1970-01-01 00:00:00.000000234,63.82229,73,24
1970-01-01 00:00:00.000000234,66.05909,73,25
1970-01-01 00:00:00.000000235,66.56525,73,25
1970-01-01 00:00:00.000000235,67.00771,73,26
1970-01-01 00:00:00.000000236,67.28473,73,26
1970-01-01 00:00:00.000000236,66.37032,73,27
1970-01-01 00:00:00.000000237,66.50442,73,27
1970-01-01 00:00:00.000000237,69.72472,73,28
1970-01-01 00:00:00.000000238,70.465004,73,28
1970-01-01 00:00:00.000000238,73.305664,73,29
1970-01-01 00:00:00.000000239,74.10116,73,29
1970-01-01 00:00:00.000000239,75.86701,73,30
1970-01-01 00:00:00.000000240,76.63668,73,30
1970-01-01 00:00:00.000000240,76.81905,73,31
1970-01-01 00:00:00.000000241,77.44137,73,31
1970-01-01 00:00:00.000000241,75.09406,73,32
1970-01-01 00:00:00.000000242,75.051506,73,32
1970-01-01 00:00:00.000000242,73.10038,73,33
1970-01-01 00:00:00.000000243,73.32421,73,33
1970-01-01 00:00:00.000000243,75.2417,73,34
1970-01-01 00:00:00.000000244,75.45249,73,34
1970-01-01 00:00:00.000000244,77.41286,73,35
1970-01-01 00:00:00.000000245,77.787445,73,35
1970-01-01 00:00:00.000000116,74.45288,74,10
1970-01-01 00:00:00.000000117,74.536514,74,10
1970-01-01 00:00:00.000000117,74.6364,74,11
1970-01-01 00:00:00.000000118,74.711365,74,11
1970-01-01 00:00:00.000000118,75.41692,74,12
1970-01-01 00:00:00.000000119,75.581345,74,12
1970-01-01 00:00:00.000000119,76.15979,74,13
1970-01-01 00:00:00.000000120,76.347466,74,13
1970-01-01 00:00:00.000000120,76.042305,74,14
1970-01-01 00:00:00.000000121,76.052956,74,14
1970-01-01 00:00:00.000000121,77.52631,74,15
1970-01-01 00:00:00.000000122,77.81805,74,15
1970-01-01 00:00:00.000000122,78.77737,74,16
1970-01-01 00:00:00.000000123,79.0414,74,16
1970-01-01 00:00:00.000000123,79.42483,74,17
1970-01-01 00:00:00.000000124,79.603714,74,17
1970-01-01 00:00:00.000000129,67.05858,76,10
1970-01-01 00:00:00.000000130,66.99432,76,10
1970-01-01 00:00:00.000000130,67.0171,76,11
1970-01-01 00:00:00.000000131,67.008224,76,11
1970-01-01 00:00:00.000000131,67.469505,76,12
1970-01-01 00:00:00.000000132,67.50427,76,12
1970-01-01 00:00:00.000000132,67.156265,76,13
1970-01-01 00:00:00.000000133,67.12296,76,13
1970-01-01 00:00:00.000000133,67.29441,76,14
1970-01-01 00:00:00.000000134,67.32649,76,14
1970-01-01 00:00:00.000000134,67.32604,76,15
1970-01-01 00:00:00.000000135,67.33772,76,15
1970-01-01 00:00:00.000000135,67.38758,76,16
1970-01-01 00:00:00.000000136,67.40267,76,16
1970-01-01 00:00:00.000000136,67.46907,76,17
1970-01-01 00:00:00.000000137,67.481544,76,17
1970-01-01 00:00:00.000000137,67.67093,76,18
1970-01-01 00:00:00.000000138,67.68748,76,18
1970-01-01 00:00:00.000000138,67.390656,76,19
1970-01-01 00:00:00.000000139,67.36712,76,19
1970-01-01 00:00:00.000000151,55.74973,77,10
1970-01-01 00:00:00.000000152,55.76146,77,10
1970-01-01 00:00:00.000000152,56.481186,77,11
1970-01-01 00:00:00.000000153,56.44505,77,11
1970-01-01 00:00:00.000000153,57.56107,77,12
1970-01-01 00:00:00.000000154,57.5693,77,12
1970-01-01 00:00:00.000000154,58.658775,77,13
1970-01-01 00:00:00.000000155,58.66433,77,13
1970-01-01 00:00:00.000000155,59.72242,77,14
1970-01-01 00:00:00.000000156,59.736397,77,14
1970-01-01 00:00:00.000000156,60.206852,77,15
1970-01-01 00:00:00.000000157,60.160126,77,15
1970-01-01 00:00:00.000000157,60.820065,77,16
1970-01-01 00:00:00.000000158,60.80554,77,16
1970-01-01 00:00:00.000000158,61.360733,77,17
1970-01-01 00:00:00.000000159,61.347023,77,17
1970-01-01 00:00:00.000000159,61.77725,77,18
1970-01-01 00:00:00.000000160,61.766556,77,18
1970-01-01 00:00:00.000000160,62.86561,77,19
1970-01-01 00:00:00.000000161,62.906345,77,19
1970-01-01 00:00:00.000000161,63.75982,77,20
1970-01-01 00:00:00.000000162,63.756916,77,20
1970-01-01 00:00:00.000000162,64.58944,77,21
1970-01-01 00:00:00.000000163,64.589645,77,21
1970-01-01 00:00:00.000000163,65.848206,77,22
1970-01-01 00:00:00.000000164,65.879585,77,22
1970-01-01 00:00:00.000000164,66.648026,77,23
1970-01-01 00:00:00.000000165,66.61741,77,23
1970-01-01 00:00:00.000000098,100.0,78,10
1970-01-01 00:00:00.000000099,100.0,78,10
1970-01-01 00:00:00.000000099,100.0,78,11
1970-01-01 00:00:00.000000100,100.0,78,11
1970-01-01 00:00:00.000000100,99.30816,78,12
1970-01-01 00:00:00.000000101,86.30314,78,12
1970-01-01 00:00:00.000000101,98.91232,78,13
1970-01-01 00:00:00.000000102,97.144,78,13
1970-01-01 00:00:00.000000102,99.79475,78,14
1970-01-01 00:00:00.000000103,99.64604,78,14
1970-01-01 00:00:00.000000275,61.032936,79,10
1970-01-01 00:00:00.000000276,61.037575,79,10
1970-01-01 00:00:00.000000276,60.573277,79,11
1970-01-01 00:00:00.000000277,60.58683,79,11
1970-01-01 00:00:00.000000277,61.05562,79,12
1970-01-01 00:00:00.000000278,61.10951,79,12
1970-01-01 00:00:00.000000278,61.01547,79,13
1970-01-01 00:00:00.000000279,61.02951,79,13
1970-01-01 00:00:00.000000279,60.714645,79,14
1970-01-01 00:00:00.000000280,60.702034,79,14
1970-01-01 00:00:00.000000280,61.23082,79,15
1970-01-01 00:00:00.000000281,61.320187,79,15
1970-01-01 00:00:00.000000281,60.787098,79,16
1970-01-01 00:00:00.000000282,60.71003,79,16
1970-01-01 00:00:00.000000282,60.864872,79,17
1970-01-01 00:00:00.000000283,60.93383,79,17
1970-01-01 00:00:00.000000283,61.09907,79,18
1970-01-01 00:00:00.000000284,61.151985,79,18
1970-01-01 00:00:00.000000284,60.57536,79,19
1970-01-01 00:00:00.000000285,60.494194,79,19
1970-01-01 00:00:00.000000285,60.393368,79,20
1970-01-01 00:00:00.000000286,60.409527,79,20
1970-01-01 00:00:00.000000286,59.79799,79,21
1970-01-01 00:00:00.000000287,59.82662,79,21
1970-01-01 00:00:00.000000287,59.08019,79,22
1970-01-01 00:00:00.000000288,59.22177,79,22
1970-01-01 00:00:00.000000288,58.353294,79,23
1970-01-01 00:00:00.000000289,58.523422,79,23
1970-01-01 00:00:00.000000289,58.63094,79,24
1970-01-01 00:00:00.000000290,58.68154,79,24
1970-01-01 00:00:00.000000290,57.400597,79,25
1970-01-01 00:00:00.000000291,57.440647,79,25
1970-01-01 00:00:00.000000291,57.596565,79,26
1970-01-01 00:00:00.000000292,57.710606,79,26
1970-01-01 00:00:00.000000292,56.46138,79,27
1970-01-01 00:00:00.000000293,56.485397,79,27
1970-01-01 00:00:00.000000293,56.303802,79,28
1970-01-01 00:00:00.000000294,56.429436,79,28
1970-01-01 00:00:00.000000294,55.71438,79,29
1970-01-01 00:00:00.000000295,55.730682,79,29
1970-01-01 00:00:00.000000295,55.21647,79,30
1970-01-01 00:00:00.000000296,55.307934,79,30
1970-01-01 00:00:00.000000296,54.252823,79,31
1970-01-01 00:00:00.000000297,54.411053,79,31
1970-01-01 00:00:00.000000297,53.843784,79,32
1970-01-01 00:00:00.000000298,53.9882,79,32
1970-01-01 00:00:00.000000298,53.468082,79,33
1970-01-01 00:00:00.000000299,53.507942,79,33
1970-01-01 00:00:00.000000299,53.68348,79,34
1970-01-01 00:00:00.000000300,53.730946,79,34
1970-01-01 00:00:00.000000300,55.48642,79,35
1970-01-01 00:00:00.000000301,55.794746,79,35
1970-01-01 00:00:00.000000301,58.167446,79,36
1970-01-01 00:00:00.000000302,58.750233,79,36
1970-01-01 00:00:00.000000302,63.08118,79,37
1970-01-01 00:00:00.000000303,64.27559,79,37
1970-01-01 00:00:00.000000303,61.626404,79,38
1970-01-01 00:00:00.000000304,61.82926,79,38
1970-01-01 00:00:00.000000304,57.793056,79,39
1970-01-01 00:00:00.000000305,57.67183,79,39
1970-01-01 00:00:00.000000305,58.37348,79,40
1970-01-01 00:00:00.000000306,58.789215,79,40
1970-01-01 00:00:00.000000306,59.077145,79,41
1970-01-01 00:00:00.000000307,59.179535,79,41
1970-01-01 00:00:00.000000307,59.917168,79,42
1970-01-01 00:00:00.000000308,60.07467,79,42
1970-01-01 00:00:00.000000308,59.608624,79,43
1970-01-01 00:00:00.000000309,59.642906,79,43
1970-01-01 00:00:00.000000309,58.084385,79,44
1970-01-01 00:00:00.000000310,58.15822,79,44
1970-01-01 00:00:00.000000310,57.50337,79,45
1970-01-01 00:00:00.000000311,57.7874,79,45
1970-01-01 00:00:00.000000148,56.03001,80,10
1970-01-01 00:00:00.000000149,56.153507,80,10
1970-01-01 00:00:00.000000149,54.957752,80,11
1970-01-01 00:00:00.000000150,54.72562,80,11
1970-01-01 00:00:00.000000150,54.835693,80,12
1970-01-01 00:00:00.000000151,54.90089,80,12
1970-01-01 00:00:00.000000151,53.770996,80,13
1970-01-01 00:00:00.000000152,53.583694,80,13
1970-01-01 00:00:00.000000152,53.919964,80,14
1970-01-01 00:00:00.000000153,53.91233,80,14
1970-01-01 00:00:00.000000153,52.743412,80,15
1970-01-01 00:00:00.000000154,52.46821,80,15
1970-01-01 00:00:00.000000154,51.371044,80,16
1970-01-01 00:00:00.000000155,51.310196,80,16
1970-01-01 00:00:00.000000155,53.348145,80,17
1970-01-01 00:00:00.000000156,53.782757,80,17
1970-01-01 00:00:00.000000156,53.784504,80,18
1970-01-01 00:00:00.000000157,54.345383,80,18
1970-01-01 00:00:00.000000157,89.08233,80,19
1970-01-01 00:00:00.000000158,98.2356,80,19
1970-01-01 00:00:00.000000158,100.0,80,20
1970-01-01 00:00:00.000000159,92.3979,80,20
1970-01-01 00:00:00.000000159,99.64049,80,21
1970-01-01 00:00:00.000000160,96.94294,80,21
1970-01-01 00:00:00.000000160,96.032326,80,22
1970-01-01 00:00:00.000000161,95.004715,80,22
1970-01-01 00:00:00.000000161,99.54078,80,23
1970-01-01 00:00:00.000000162,99.46306,80,23
1970-01-01 00:00:00.000000125,44.640366,81,10
1970-01-01 00:00:00.000000126,44.77387,81,10
1970-01-01 00:00:00.000000126,44.46203,81,11
1970-01-01 00:00:00.000000127,44.45598,81,11
1970-01-01 00:00:00.000000127,41.05871,81,12
1970-01-01 00:00:00.000000128,40.802532,81,12
1970-01-01 00:00:00.000000128,43.594563,81,13
1970-01-01 00:00:00.000000129,43.8783,81,13
1970-01-01 00:00:00.000000129,43.593536,81,14
1970-01-01 00:00:00.000000130,43.463745,81,14
1970-01-01 00:00:00.000000130,42.739735,81,15
1970-01-01 00:00:00.000000131,42.72409,81,15
1970-01-01 00:00:00.000000131,43.780537,81,16
1970-01-01 00:00:00.000000132,43.88254,81,16
1970-01-01 00:00:00.000000132,43.266537,81,17
1970-01-01 00:00:00.000000133,43.141697,81,17
1970-01-01 00:00:00.000000133,43.42204,81,18
1970-01-01 00:00:00.000000134,43.464787,81,18
1970-01-01 00:00:00.000000134,47.46853,81,19
1970-01-01 00:00:00.000000135,47.823616,81,19
1970-01-01 00:00:00.000000318,50.711548,83,10
1970-01-01 00:00:00.000000319,50.699512,83,10
1970-01-01 00:00:00.000000319,51.361477,83,11
1970-01-01 00:00:00.000000320,51.407246,83,11
1970-01-01 00:00:00.000000320,51.295746,83,12
1970-01-01 00:00:00.000000321,51.277798,83,12
1970-01-01 00:00:00.000000321,51.231297,83,13
1970-01-01 00:00:00.000000322,51.250988,83,13
1970-01-01 00:00:00.000000322,51.647625,83,14
1970-01-01 00:00:00.000000323,51.681946,83,14
1970-01-01 00:00:00.000000323,51.362877,83,15
1970-01-01 00:00:00.000000324,51.32608,83,15
1970-01-01 00:00:00.000000324,51.620758,83,16
1970-01-01 00:00:00.000000325,51.657906,83,16
1970-01-01 00:00:00.000000325,52.11652,83,17
1970-01-01 00:00:00.000000326,52.14072,83,17
1970-01-01 00:00:00.000000326,52.19426,83,18
1970-01-01 00:00:00.000000327,52.18646,83,18
1970-01-01 00:00:00.000000327,52.562782,83,19
1970-01-01 00:00:00.000000328,52.59343,83,19
1970-01-01 00:00:00.000000328,52.7831,83,20
1970-01-01 00:00:00.000000329,52.79093,83,20
1970-01-01 00:00:00.000000329,52.96234,83,21
1970-01-01 00:00:00.000000330,52.970596,83,21
1970-01-01 00:00:00.000000330,52.53282,83,22
1970-01-01 00:00:00.000000331,52.46028,83,22
1970-01-01 00:00:00.000000331,51.884243,83,23
1970-01-01 00:00:00.000000332,51.821545,83,23
1970-01-01 00:00:00.000000332,52.610275,83,24
1970-01-01 00:00:00.000000333,52.674957,83,24
1970-01-01 00:00:00.000000333,52.37455,83,25
1970-01-01 00:00:00.000000334,52.324734,83,25
1970-01-01 00:00:00.000000334,51.65361,83,26
1970-01-01 00:00:00.000000335,51.532024,83,26
1970-01-01 00:00:00.000000335,51.148808,83,27
1970-01-01 00:00:00.000000336,51.100395,83,27
1970-01-01 00:00:00.000000336,51.330902,83,28
1970-01-01 00:00:00.000000337,51.327682,83,28
1970-01-01 00:00:00.000000337,51.607048,83,29
1970-01-01 00:00:00.000000338,51.635063,83,29
1970-01-01 00:00:00.000000338,51.24592,83,30
1970-01-01 00:00:00.000000339,51.18909,83,30
1970-01-01 00:00:00.000000339,51.166096,83,31
1970-01-01 00:00:00.000000340,51.192707,83,31
1970-01-01 00:00:00.000000340,51.546047,83,32
1970-01-01 00:00:00.000000341,51.577366,83,32
1970-01-01 00:00:00.000000341,51.316307,83,33
1970-01-01 00:00:00.000000342,51.295967,83,33
1970-01-01 00:00:00.000000342,51.765625,83,34
1970-01-01 00:00:00.000000343,51.809536,83,34
1970-01-01 00:00:00.000000343,51.867737,83,35
1970-01-01 00:00:00.000000344,51.86024,83,35
1970-01-01 00:00:00.000000344,51.910645,83,36
1970-01-01 00:00:00.000000345,51.922523,83,36
1970-01-01 00:00:00.000000345,51.82558,83,37
1970-01-01 00:00:00.000000346,51.839092,83,37
1970-01-01 00:00:00.000000346,52.447433,83,38
1970-01-01 00:00:00.000000347,52.499554,83,38
1970-01-01 00:00:00.000000347,51.958942,83,39
1970-01-01 00:00:00.000000348,51.859856,83,39
1970-01-01 00:00:00.000000348,52.416485,83,40
1970-01-01 00:00:00.000000349,52.477318,83,40
1970-01-01 00:00:00.000000349,52.5952,83,41
1970-01-01 00:00:00.000000350,52.588947,83,41
1970-01-01 00:00:00.000000350,52.956112,83,42
1970-01-01 00:00:00.000000351,52.984344,83,42
1970-01-01 00:00:00.000000351,52.913303,83,43
1970-01-01 00:00:00.000000352,52.90864,83,43
1970-01-01 00:00:00.000000352,53.5433,83,44
1970-01-01 00:00:00.000000353,53.59466,83,44
1970-01-01 00:00:00.000000353,53.431686,83,45
1970-01-01 00:00:00.000000354,53.41357,83,45
1970-01-01 00:00:00.000000354,53.82081,83,46
1970-01-01 00:00:00.000000355,53.854256,83,46
1970-01-01 00:00:00.000000355,53.582256,83,47
1970-01-01 00:00:00.000000356,53.571503,83,47
1970-01-01 00:00:00.000000356,53.732563,83,48
1970-01-01 00:00:00.000000357,53.76205,83,48
1970-01-01 00:00:00.000000357,53.536297,83,49
1970-01-01 00:00:00.000000358,53.499786,83,49
1970-01-01 00:00:00.000000358,53.385284,83,50
1970-01-01 00:00:00.000000359,53.37758,83,50
1970-01-01 00:00:00.000000359,52.440105,83,51
1970-01-01 00:00:00.000000360,52.286896,83,51
1970-01-01 00:00:00.000000360,52.84263,83,52
1970-01-01 00:00:00.000000361,52.901615,83,52
1970-01-01 00:00:00.000000361,53.028465,83,53
1970-01-01 00:00:00.000000362,53.04616,83,53
1970-01-01 00:00:00.000000110,74.531815,84,10
1970-01-01 00:00:00.000000111,74.51337,84,10
1970-01-01 00:00:00.000000111,74.6385,84,11
1970-01-01 00:00:00.000000112,74.62742,84,11
1970-01-01 00:00:00.000000112,74.74413,84,12
1970-01-01 00:00:00.000000113,74.736305,84,12
1970-01-01 00:00:00.000000113,74.56943,84,13
1970-01-01 00:00:00.000000114,74.556496,84,13
1970-01-01 00:00:00.000000114,75.00202,84,14
1970-01-01 00:00:00.000000115,75.02221,84,14
1970-01-01 00:00:00.000000115,75.180954,84,15
1970-01-01 00:00:00.000000116,75.15678,84,15
1970-01-01 00:00:00.000000116,75.00385,84,16
1970-01-01 00:00:00.000000117,74.9965,84,16
1970-01-01 00:00:00.000000118,70.530876,85,10
1970-01-01 00:00:00.000000119,70.33978,85,10
1970-01-01 00:00:00.000000119,70.28055,85,11
1970-01-01 00:00:00.000000120,70.26048,85,11
1970-01-01 00:00:00.000000120,70.27921,85,12
1970-01-01 00:00:00.000000121,70.26178,85,12
1970-01-01 00:00:00.000000121,70.33894,85,13
1970-01-01 00:00:00.000000122,70.3605,85,13
1970-01-01 00:00:00.000000122,70.641594,85,14
1970-01-01 00:00:00.000000123,70.63769,85,14
1970-01-01 00:00:00.000000123,71.13267,85,15
1970-01-01 00:00:00.000000124,71.123955,85,15
1970-01-01 00:00:00.000000124,71.441376,85,16
1970-01-01 00:00:00.000000125,71.40956,85,16
1970-01-01 00:00:00.000000125,71.57904,85,17
1970-01-01 00:00:00.000000126,71.57183,85,17
1970-01-01 00:00:00.000000215,54.711437,86,10
1970-01-01 00:00:00.000000216,54.71831,86,10
1970-01-01 00:00:00.000000216,54.93922,86,11
1970-01-01 00:00:00.000000217,54.949615,86,11
1970-01-01 00:00:00.000000217,52.151478,86,12
1970-01-01 00:00:00.000000218,51.94639,86,12
1970-01-01 00:00:00.000000218,51.681454,86,13
1970-01-01 00:00:00.000000219,51.82033,86,13
1970-01-01 00:00:00.000000219,51.7526,86,14
1970-01-01 00:00:00.000000220,51.57391,86,14
1970-01-01 00:00:00.000000220,50.622864,86,15
1970-01-01 00:00:00.000000221,50.473984,86,15
1970-01-01 00:00:00.000000221,50.640865,86,16
1970-01-01 00:00:00.000000222,50.60632,86,16
1970-01-01 00:00:00.000000222,48.303207,86,17
1970-01-01 00:00:00.000000223,48.122955,86,17
1970-01-01 00:00:00.000000223,50.556847,86,18
1970-01-01 00:00:00.000000224,50.77742,86,18
1970-01-01 00:00:00.000000224,51.016964,86,19
1970-01-01 00:00:00.000000225,50.94632,86,19
1970-01-01 00:00:00.000000225,51.580105,86,20
1970-01-01 00:00:00.000000226,51.629696,86,20
1970-01-01 00:00:00.000000226,51.864132,86,21
1970-01-01 00:00:00.000000227,51.87159,86,21
1970-01-01 00:00:00.000000227,50.648743,86,22
1970-01-01 00:00:00.000000228,50.35981,86,22
1970-01-01 00:00:00.000000228,48.27138,86,23
1970-01-01 00:00:00.000000229,48.343613,86,23
1970-01-01 00:00:00.000000229,47.95934,86,24
1970-01-01 00:00:00.000000230,47.958237,86,24
1970-01-01 00:00:00.000000230,48.44812,86,25
1970-01-01 00:00:00.000000231,48.40191,86,25
1970-01-01 00:00:00.000000231,51.07471,86,26
1970-01-01 00:00:00.000000232,51.295166,86,26
1970-01-01 00:00:00.000000232,48.69827,86,27
1970-01-01 00:00:00.000000233,47.740055,86,27
1970-01-01 00:00:00.000000233,43.007587,86,28
1970-01-01 00:00:00.000000234,43.18212,86,28
1970-01-01 00:00:00.000000234,46.740326,86,29
1970-01-01 00:00:00.000000235,47.113304,86,29
1970-01-01 00:00:00.000000235,47.774952,86,30
1970-01-01 00:00:00.000000236,47.68564,86,30
1970-01-01 00:00:00.000000236,47.257183,86,31
1970-01-01 00:00:00.000000237,47.189632,86,31
1970-01-01 00:00:00.000000237,49.8142,86,32
1970-01-01 00:00:00.000000238,50.05931,86,32
1970-01-01 00:00:00.000000238,48.220104,86,33
1970-01-01 00:00:00.000000239,47.926315,86,33
1970-01-01 00:00:00.000000239,46.78512,86,34
1970-01-01 00:00:00.000000240,46.781544,86,34
1970-01-01 00:00:00.000000385,82.14265,87,10
1970-01-01 00:00:00.000000386,82.13251,87,10
1970-01-01 00:00:00.000000386,81.97538,87,11
1970-01-01 00:00:00.000000387,81.9814,87,11
1970-01-01 00:00:00.000000387,82.26474,87,12
1970-01-01 00:00:00.000000388,82.293236,87,12
1970-01-01 00:00:00.000000388,81.8354,87,13
1970-01-01 00:00:00.000000389,81.67861,87,13
1970-01-01 00:00:00.000000389,81.46653,87,14
1970-01-01 00:00:00.000000390,81.42762,87,14
1970-01-01 00:00:00.000000390,81.52456,87,15
1970-01-01 00:00:00.000000391,81.48433,87,15
1970-01-01 00:00:00.000000391,81.13727,87,16
1970-01-01 00:00:00.000000392,81.02878,87,16
1970-01-01 00:00:00.000000392,81.56004,87,17
1970-01-01 00:00:00.000000393,81.58767,87,17
1970-01-01 00:00:00.000000393,82.28545,87,18
1970-01-01 00:00:00.000000394,82.3373,87,18
1970-01-01 00:00:00.000000394,81.91084,87,19
1970-01-01 00:00:00.000000395,81.89408,87,19
1970-01-01 00:00:00.000000395,81.323906,87,20
1970-01-01 00:00:00.000000396,81.211716,87,20
1970-01-01 00:00:00.000000396,81.421585,87,21
1970-01-01 00:00:00.000000397,81.41199,87,21
1970-01-01 00:00:00.000000397,80.72567,87,22
1970-01-01 00:00:00.000000398,80.575005,87,22
1970-01-01 00:00:00.000000398,80.812965,87,23
1970-01-01 00:00:00.000000399,80.79157,87,23
1970-01-01 00:00:00.000000399,80.95106,87,24
1970-01-01 00:00:00.000000400,80.94868,87,24
1970-01-01 00:00:00.000000400,80.95107,87,25
1970-01-01 00:00:00.000000401,80.95653,87,25
1970-01-01 00:00:00.000000401,81.465706,87,26
1970-01-01 00:00:00.000000402,81.55196,87,26
1970-01-01 00:00:00.000000402,83.30332,87,27
1970-01-01 00:00:00.000000403,83.450165,87,27
1970-01-01 00:00:00.000000403,82.67368,87,28
1970-01-01 00:00:00.000000404,82.606895,87,28
1970-01-01 00:00:00.000000404,81.51771,87,29
1970-01-01 00:00:00.000000405,81.30587,87,29
1970-01-01 00:00:00.000000405,82.38525,87,30
1970-01-01 00:00:00.000000406,82.45969,87,30
1970-01-01 00:00:00.000000406,83.20903,87,31
1970-01-01 00:00:00.000000407,83.25748,87,31
1970-01-01 00:00:00.000000407,83.33696,87,32
1970-01-01 00:00:00.000000408,83.3494,87,32
1970-01-01 00:00:00.000000408,83.070076,87,33
1970-01-01 00:00:00.000000409,83.08126,87,33
1970-01-01 00:00:00.000000409,83.589615,87,34
1970-01-01 00:00:00.000000410,83.63775,87,34
1970-01-01 00:00:00.000000410,84.02268,87,35
1970-01-01 00:00:00.000000411,84.05371,87,35
1970-01-01 00:00:00.000000411,82.900154,87,36
1970-01-01 00:00:00.000000412,82.60074,87,36
1970-01-01 00:00:00.000000412,81.38401,87,37
1970-01-01 00:00:00.000000413,81.45459,87,37
1970-01-01 00:00:00.000000413,79.83246,87,38
1970-01-01 00:00:00.000000414,79.85785,87,38
1970-01-01 00:00:00.000000414,79.54834,87,39
1970-01-01 00:00:00.000000415,79.425064,87,39
1970-01-01 00:00:00.000000415,80.7822,87,40
1970-01-01 00:00:00.000000416,80.88361,87,40
1970-01-01 00:00:00.000000416,81.9058,87,41
1970-01-01 00:00:00.000000417,81.99961,87,41
1970-01-01 00:00:00.000000417,83.08034,87,42
1970-01-01 00:00:00.000000418,83.235466,87,42
1970-01-01 00:00:00.000000418,83.290665,87,43
1970-01-01 00:00:00.000000419,83.31263,87,43
1970-01-01 00:00:00.000000419,83.64899,87,44
1970-01-01 00:00:00.000000420,83.70351,87,44
1970-01-01 00:00:00.000000420,84.13302,87,45
1970-01-01 00:00:00.000000421,84.165764,87,45
1970-01-01 00:00:00.000000421,84.38998,87,46
1970-01-01 00:00:00.000000422,84.40343,87,46
1970-01-01 00:00:00.000000422,84.70211,87,47
1970-01-01 00:00:00.000000423,84.720665,87,47
1970-01-01 00:00:00.000000423,84.94468,87,48
1970-01-01 00:00:00.000000424,84.95364,87,48
1970-01-01 00:00:00.000000424,84.14381,87,49
1970-01-01 00:00:00.000000425,83.91471,87,49
1970-01-01 00:00:00.000000425,82.84897,87,50
1970-01-01 00:00:00.000000426,82.91997,87,50
1970-01-01 00:00:00.000000426,82.59735,87,51
1970-01-01 00:00:00.000000427,82.60448,87,51
1970-01-01 00:00:00.000000427,79.28135,87,52
1970-01-01 00:00:00.000000428,79.09964,87,52
1970-01-01 00:00:00.000000428,79.80151,87,53
1970-01-01 00:00:00.000000429,79.90764,87,53
1970-01-01 00:00:00.000000429,80.33394,87,54
1970-01-01 00:00:00.000000430,80.2869,87,54
1970-01-01 00:00:00.000000430,82.449905,87,55
1970-01-01 00:00:00.000000431,82.66155,87,55
1970-01-01 00:00:00.000000431,83.83353,87,56
1970-01-01 00:00:00.000000432,83.86085,87,56
1970-01-01 00:00:00.000000432,83.68311,87,57
1970-01-01 00:00:00.000000433,83.60989,87,57
1970-01-01 00:00:00.000000433,82.57337,87,58
1970-01-01 00:00:00.000000434,82.36098,87,58
1970-01-01 00:00:00.000000434,81.12985,87,59
1970-01-01 00:00:00.000000435,81.25809,87,59
1970-01-01 00:00:00.000000435,79.790016,87,60
1970-01-01 00:00:00.000000436,79.77589,87,60
1970-01-01 00:00:00.000000436,85.11099,87,61
1970-01-01 00:00:00.000000437,85.73408,87,61
1970-01-01 00:00:00.000000437,87.84871,87,62
1970-01-01 00:00:00.000000438,88.1308,87,62
1970-01-01 00:00:00.000000438,87.11795,87,63
1970-01-01 00:00:00.000000439,86.84281,87,63
1970-01-01 00:00:00.000000439,86.22794,87,64
1970-01-01 00:00:00.000000440,86.16781,87,64
1970-01-01 00:00:00.000000440,84.81215,87,65
1970-01-01 00:00:00.000000441,84.883,87,65
1970-01-01 00:00:00.000000355,72.83277,88,10
1970-01-01 00:00:00.000000356,72.8218,88,10
1970-01-01 00:00:00.000000356,73.31448,88,11
1970-01-01 00:00:00.000000357,73.349525,88,11
1970-01-01 00:00:00.000000357,73.38902,88,12
1970-01-01 00:00:00.000000358,73.37562,88,12
1970-01-01 00:00:00.000000358,73.56534,88,13
1970-01-01 00:00:00.000000359,73.57781,88,13
1970-01-01 00:00:00.000000359,73.525276,88,14
1970-01-01 00:00:00.000000360,73.52776,88,14
1970-01-01 00:00:00.000000360,73.67117,88,15
1970-01-01 00:00:00.000000361,73.68745,88,15
1970-01-01 00:00:00.000000361,73.51107,88,16
1970-01-01 00:00:00.000000362,73.50107,88,16
1970-01-01 00:00:00.000000362,73.21303,88,17
1970-01-01 00:00:00.000000363,73.16893,88,17
1970-01-01 00:00:00.000000363,72.924385,88,18
1970-01-01 00:00:00.000000364,72.873405,88,18
1970-01-01 00:00:00.000000364,72.9803,88,19
1970-01-01 00:00:00.000000365,72.99021,88,19
1970-01-01 00:00:00.000000365,72.89327,88,20
1970-01-01 00:00:00.000000366,72.88797,88,20
1970-01-01 00:00:00.000000366,72.754105,88,21
1970-01-01 00:00:00.000000367,72.749596,88,21
1970-01-01 00:00:00.000000367,73.22947,88,22
1970-01-01 00:00:00.000000368,73.265205,88,22
1970-01-01 00:00:00.000000368,73.078384,88,23
1970-01-01 00:00:00.000000369,73.062126,88,23
1970-01-01 00:00:00.000000369,73.270874,88,24
1970-01-01 00:00:00.000000370,73.29306,88,24
1970-01-01 00:00:00.000000370,73.35736,88,25
1970-01-01 00:00:00.000000371,73.360634,88,25
1970-01-01 00:00:00.000000371,73.49153,88,26
1970-01-01 00:00:00.000000372,73.50125,88,26
1970-01-01 00:00:00.000000372,73.75864,88,27
1970-01-01 00:00:00.000000373,73.77059,88,27
1970-01-01 00:00:00.000000373,73.79198,88,28
1970-01-01 00:00:00.000000374,73.78989,88,28
1970-01-01 00:00:00.000000374,73.90214,88,29
1970-01-01 00:00:00.000000375,73.91268,88,29
1970-01-01 00:00:00.000000375,73.73706,88,30
1970-01-01 00:00:00.000000376,73.729645,88,30
1970-01-01 00:00:00.000000376,73.59737,88,31
1970-01-01 00:00:00.000000377,73.58698,88,31
1970-01-01 00:00:00.000000377,73.505974,88,32
1970-01-01 00:00:00.000000378,73.49465,88,32
1970-01-01 00:00:00.000000378,73.4655,88,33
1970-01-01 00:00:00.000000379,73.47006,88,33
1970-01-01 00:00:00.000000379,73.3158,88,34
1970-01-01 00:00:00.000000380,73.2985,88,34
1970-01-01 00:00:00.000000380,73.499,88,35
1970-01-01 00:00:00.000000381,73.52509,88,35
1970-01-01 00:00:00.000000381,73.407326,88,36
1970-01-01 00:00:00.000000382,73.4058,88,36
1970-01-01 00:00:00.000000382,73.67532,88,37
1970-01-01 00:00:00.000000383,73.69668,88,37
1970-01-01 00:00:00.000000383,74.10999,88,38
1970-01-01 00:00:00.000000384,74.12595,88,38
1970-01-01 00:00:00.000000384,74.145836,88,39
1970-01-01 00:00:00.000000385,74.136406,88,39
1970-01-01 00:00:00.000000385,74.26594,88,40
1970-01-01 00:00:00.000000386,74.28091,88,40
1970-01-01 00:00:00.000000386,74.898735,88,41
1970-01-01 00:00:00.000000387,74.93557,88,41
1970-01-01 00:00:00.000000387,75.164925,88,42
1970-01-01 00:00:00.000000388,75.15976,88,42
1970-01-01 00:00:00.000000388,75.54561,88,43
1970-01-01 00:00:00.000000389,75.56132,88,43
1970-01-01 00:00:00.000000389,75.239845,88,44
1970-01-01 00:00:00.000000390,75.22631,88,44
1970-01-01 00:00:00.000000390,75.640114,88,45
1970-01-01 00:00:00.000000391,75.679,88,45
1970-01-01 00:00:00.000000391,75.989456,88,46
1970-01-01 00:00:00.000000392,75.99107,88,46
1970-01-01 00:00:00.000000392,75.55463,88,47
1970-01-01 00:00:00.000000393,75.490135,88,47
1970-01-01 00:00:00.000000393,75.41217,88,48
1970-01-01 00:00:00.000000394,75.40799,88,48
1970-01-01 00:00:00.000000394,75.51989,88,49
1970-01-01 00:00:00.000000395,75.534355,88,49
1970-01-01 00:00:00.000000395,75.40033,88,50
1970-01-01 00:00:00.000000396,75.38364,88,50
1970-01-01 00:00:00.000000396,75.38742,88,51
1970-01-01 00:00:00.000000397,75.40609,88,51
1970-01-01 00:00:00.000000397,75.23836,88,52
1970-01-01 00:00:00.000000398,75.20561,88,52
1970-01-01 00:00:00.000000398,75.40959,88,53
1970-01-01 00:00:00.000000399,75.43558,88,53
1970-01-01 00:00:00.000000399,75.324135,88,54
1970-01-01 00:00:00.000000400,75.317245,88,54
1970-01-01 00:00:00.000000400,75.28549,88,55
1970-01-01 00:00:00.000000401,75.29885,88,55
1970-01-01 00:00:00.000000401,75.80618,88,56
1970-01-01 00:00:00.000000402,75.841125,88,56
1970-01-01 00:00:00.000000402,75.418816,88,57
1970-01-01 00:00:00.000000403,75.34688,88,57
1970-01-01 00:00:00.000000403,74.62437,88,58
1970-01-01 00:00:00.000000404,74.49884,88,58
1970-01-01 00:00:00.000000404,74.62825,88,59
1970-01-01 00:00:00.000000405,74.59077,88,59
1970-01-01 00:00:00.000000093,98.7168,89,10
1970-01-01 00:00:00.000000094,84.99781,89,10
1970-01-01 00:00:00.000000094,90.99927,89,11
1970-01-01 00:00:00.000000095,83.89851,89,11
1970-01-01 00:00:00.000000095,99.31286,89,12
1970-01-01 00:00:00.000000096,98.831406,89,12
1970-01-01 00:00:00.000000096,99.77418,89,13
1970-01-01 00:00:00.000000097,99.64133,89,13
1970-01-01 00:00:00.000000101,66.18592,92,10
1970-01-01 00:00:00.000000102,66.24076,92,10
1970-01-01 00:00:00.000000102,66.813446,92,11
1970-01-01 00:00:00.000000103,66.89797,92,11
1970-01-01 00:00:00.000000103,66.932205,92,12
1970-01-01 00:00:00.000000104,66.95793,92,12
1970-01-01 00:00:00.000000104,67.334595,92,13
1970-01-01 00:00:00.000000105,67.402145,92,13
1970-01-01 00:00:00.000000105,67.43096,92,14
1970-01-01 00:00:00.000000106,67.448616,92,14
1970-01-01 00:00:00.000000166,45.7798,93,10
1970-01-01 00:00:00.000000167,45.85596,93,10
1970-01-01 00:00:00.000000167,45.155224,93,11
1970-01-01 00:00:00.000000168,45.094906,93,11
1970-01-01 00:00:00.000000168,43.225857,93,12
1970-01-01 00:00:00.000000169,43.1014,93,12
1970-01-01 00:00:00.000000169,43.20793,93,13
1970-01-01 00:00:00.000000170,43.17352,93,13
1970-01-01 00:00:00.000000170,44.001614,93,14
1970-01-01 00:00:00.000000171,44.07648,93,14
1970-01-01 00:00:00.000000171,44.35112,93,15
1970-01-01 00:00:00.000000172,44.330593,93,15
1970-01-01 00:00:00.000000172,47.061035,93,16
1970-01-01 00:00:00.000000173,47.287952,93,16
1970-01-01 00:00:00.000000173,50.059464,93,17
1970-01-01 00:00:00.000000174,50.205006,93,17
1970-01-01 00:00:00.000000174,52.34068,93,18
1970-01-01 00:00:00.000000175,52.681786,93,18
1970-01-01 00:00:00.000000175,51.492355,93,19
1970-01-01 00:00:00.000000176,52.288826,93,19
1970-01-01 00:00:00.000000176,50.45966,93,20
1970-01-01 00:00:00.000000177,50.697483,93,20
1970-01-01 00:00:00.000000177,66.78534,93,21
1970-01-01 00:00:00.000000178,67.61398,93,21
1970-01-01 00:00:00.000000178,100.0,93,22
1970-01-01 00:00:00.000000179,100.0,93,22
1970-01-01 00:00:00.000000179,97.74679,93,23
1970-01-01 00:00:00.000000180,74.54721,93,23
1970-01-01 00:00:00.000000180,86.306465,93,24
1970-01-01 00:00:00.000000181,74.331055,93,24
1970-01-01 00:00:00.000000181,99.72643,93,25
1970-01-01 00:00:00.000000182,99.585915,93,25
1970-01-01 00:00:00.000000182,99.72939,93,26
1970-01-01 00:00:00.000000183,99.58949,93,26
1970-01-01 00:00:00.000000114,75.35311,95,10
1970-01-01 00:00:00.000000115,75.42546,95,10
1970-01-01 00:00:00.000000115,75.5524,95,11
1970-01-01 00:00:00.000000116,75.59513,95,11
1970-01-01 00:00:00.000000116,75.8195,95,12
1970-01-01 00:00:00.000000117,75.898506,95,12
1970-01-01 00:00:00.000000117,76.31527,95,13
1970-01-01 00:00:00.000000118,76.42224,95,13
1970-01-01 00:00:00.000000118,76.67511,95,14
1970-01-01 00:00:00.000000119,76.81811,95,14
1970-01-01 00:00:00.000000119,76.95499,95,15
1970-01-01 00:00:00.000000120,77.0782,95,15
1970-01-01 00:00:00.000000120,76.608444,95,16
1970-01-01 00:00:00.000000121,76.6829,95,16
1970-01-01 00:00:00.000000121,77.0081,95,17
1970-01-01 00:00:00.000000122,77.12045,95,17
1970-01-01 00:00:00.000000183,61.627243,96,10
1970-01-01 00:00:00.000000184,61.64388,96,10
1970-01-01 00:00:00.000000184,62.454754,96,11
1970-01-01 00:00:00.000000185,62.56994,96,11
1970-01-01 00:00:00.000000185,63.10411,96,12
1970-01-01 00:00:00.000000186,63.179993,96,12
1970-01-01 00:00:00.000000186,63.649113,96,13
1970-01-01 00:00:00.000000187,63.735474,96,13
1970-01-01 00:00:00.000000187,64.16736,96,14
1970-01-01 00:00:00.000000188,64.2581,96,14
1970-01-01 00:00:00.000000188,65.05989,96,15
1970-01-01 00:00:00.000000189,65.18719,96,15
1970-01-01 00:00:00.000000189,65.13109,96,16
1970-01-01 00:00:00.000000190,65.17358,96,16
1970-01-01 00:00:00.000000190,65.73936,96,17
1970-01-01 00:00:00.000000191,65.833595,96,17
1970-01-01 00:00:00.000000191,65.41287,96,18
1970-01-01 00:00:00.000000192,65.423325,96,18
1970-01-01 00:00:00.000000192,65.2262,96,19
1970-01-01 00:00:00.000000193,65.234955,96,19
1970-01-01 00:00:00.000000193,65.62916,96,20
1970-01-01 00:00:00.000000194,65.68232,96,20
1970-01-01 00:00:00.000000194,65.753044,96,21
1970-01-01 00:00:00.000000195,65.7743,96,21
1970-01-01 00:00:00.000000195,65.63274,96,22
1970-01-01 00:00:00.000000196,65.6572,96,22
1970-01-01 00:00:00.000000196,65.51799,96,23
1970-01-01 00:00:00.000000197,65.52806,96,23
1970-01-01 00:00:00.000000197,65.48773,96,24
1970-01-01 00:00:00.000000198,65.50682,96,24
1970-01-01 00:00:00.000000198,65.67639,96,25
1970-01-01 00:00:00.000000199,65.716705,96,25
1970-01-01 00:00:00.000000199,65.57719,96,26
1970-01-01 00:00:00.000000200,65.59211,96,26
1970-01-01 00:00:00.000000200,65.635315,96,27
1970-01-01 00:00:00.000000201,65.668396,96,27
1970-01-01 00:00:00.000000201,65.24751,96,28
1970-01-01 00:00:00.000000202,65.1265,96,28
1970-01-01 00:00:00.000000202,64.505714,96,29
1970-01-01 00:00:00.000000203,64.41648,96,29
1970-01-01 00:00:00.000000079,98.27333,98,10
1970-01-01 00:00:00.000000080,98.476456,98,10
1970-01-01 00:00:00.000000080,99.79642,98,11
1970-01-01 00:00:00.000000081,99.876816,98,11
1970-01-01 00:00:00.000000096,100.0,99,10
1970-01-01 00:00:00.000000097,100.0,99,10
1970-01-01 00:00:00.000000097,95.86957,99,11
1970-01-01 00:00:00.000000098,87.52298,99,11
1970-01-01 00:00:00.000000098,91.62912,99,12
1970-01-01 00:00:00.000000099,87.201096,99,12
1970-01-01 00:00:00.000000099,99.74956,99,13
1970-01-01 00:00:00.000000100,99.61359,99,13
1970-01-01 00:00:00.000000100,99.74999,99,14
1970-01-01 00:00:00.000000101,99.61276,99,14
1970-01-01 00:00:00.000000340,57.076977,100,10
1970-01-01 00:00:00.000000341,57.09429,100,10
1970-01-01 00:00:00.000000341,56.999474,100,11
1970-01-01 00:00:00.000000342,57.02894,100,11
1970-01-01 00:00:00.000000342,56.943176,100,12
1970-01-01 00:00:00.000000343,56.95315,100,12
1970-01-01 00:00:00.000000343,57.30744,100,13
1970-01-01 00:00:00.000000344,57.35594,100,13
1970-01-01 00:00:00.000000344,57.05513,100,14
1970-01-01 00:00:00.000000345,57.025417,100,14
1970-01-01 00:00:00.000000345,57.497684,100,15
1970-01-01 00:00:00.000000346,57.561756,100,15
1970-01-01 00:00:00.000000346,57.706024,100,16
1970-01-01 00:00:00.000000347,57.720387,100,16
1970-01-01 00:00:00.000000347,57.79761,100,17
1970-01-01 00:00:00.000000348,57.827316,100,17
1970-01-01 00:00:00.000000348,58.033062,100,18
1970-01-01 00:00:00.000000349,58.07168,100,18
1970-01-01 00:00:00.000000349,57.890026,100,19
1970-01-01 00:00:00.000000350,57.91342,100,19
1970-01-01 00:00:00.000000350,58.93659,100,20
1970-01-01 00:00:00.000000351,59.05937,100,20
1970-01-01 00:00:00.000000351,59.332535,100,21
1970-01-01 00:00:00.000000352,59.37291,100,21
1970-01-01 00:00:00.000000352,59.802002,100,22
1970-01-01 00:00:00.000000353,59.882736,100,22
1970-01-01 00:00:00.000000353,60.19625,100,23
1970-01-01 00:00:00.000000354,60.26048,100,23
1970-01-01 00:00:00.000000354,60.52319,100,24
1970-01-01 00:00:00.000000355,60.583088,100,24
1970-01-01 00:00:00.000000355,60.84311,100,25
1970-01-01 00:00:00.000000356,60.89393,100,25
1970-01-01 00:00:00.000000356,61.016083,100,26
1970-01-01 00:00:00.000000357,61.05308,100,26
1970-01-01 00:00:00.000000357,61.440945,100,27
1970-01-01 00:00:00.000000358,61.49303,100,27
1970-01-01 00:00:00.000000358,61.435978,100,28
1970-01-01 00:00:00.000000359,61.46335,100,28
1970-01-01 00:00:00.000000359,61.591938,100,29
1970-01-01 00:00:00.000000360,61.637096,100,29
1970-01-01 00:00:00.000000360,62.156162,100,30
1970-01-01 00:00:00.000000361,62.230476,100,30
1970-01-01 00:00:00.000000361,62.441734,100,31
1970-01-01 00:00:00.000000362,62.48465,100,31
1970-01-01 00:00:00.000000362,62.91225,100,32
1970-01-01 00:00:00.000000363,62.98864,100,32
1970-01-01 00:00:00.000000363,63.55437,100,33
1970-01-01 00:00:00.000000364,63.64693,100,33
1970-01-01 00:00:00.000000364,64.24129,100,34
1970-01-01 00:00:00.000000365,64.342545,100,34
1970-01-01 00:00:00.000000365,64.6281,100,35
1970-01-01 00:00:00.000000366,64.702995,100,35
1970-01-01 00:00:00.000000366,64.96367,100,36
1970-01-01 00:00:00.000000367,65.03609,100,36
1970-01-01 00:00:00.000000367,65.676674,100,37
1970-01-01 00:00:00.000000368,65.78269,100,37
1970-01-01 00:00:00.000000368,65.4216,100,38
1970-01-01 00:00:00.000000369,65.44055,100,38
1970-01-01 00:00:00.000000369,65.920105,100,39
1970-01-01 00:00:00.000000370,66.00472,100,39
1970-01-01 00:00:00.000000370,65.94558,100,40
1970-01-01 00:00:00.000000371,65.96478,100,40
1970-01-01 00:00:00.000000371,66.49242,100,41
1970-01-01 00:00:00.000000372,66.56537,100,41
1970-01-01 00:00:00.000000372,66.66947,100,42
1970-01-01 00:00:00.000000373,66.70807,100,42
1970-01-01 00:00:00.000000373,66.47152,100,43
1970-01-01 00:00:00.000000374,66.50466,100,43
1970-01-01 00:00:00.000000374,67.10259,100,44
1970-01-01 00:00:00.000000375,67.18333,100,44
1970-01-01 00:00:00.000000375,67.38042,100,45
1970-01-01 00:00:00.000000376,67.41734,100,45
1970-01-01 00:00:00.000000376,67.22293,100,46
1970-01-01 00:00:00.000000377,67.25519,100,46
1970-01-01 00:00:00.000000377,66.96705,100,47
1970-01-01 00:00:00.000000378,66.9341,100,47
1970-01-01 00:00:00.000000378,66.80558,100,48
1970-01-01 00:00:00.000000379,66.771576,100,48
1970-01-01 00:00:00.000000379,66.19172,100,49
1970-01-01 00:00:00.000000380,66.05877,100,49
1970-01-01 00:00:00.000000380,65.321625,100,50
1970-01-01 00:00:00.000000381,65.34237,100,50
1970-01-01 00:00:00.000000381,65.74935,100,51
1970-01-01 00:00:00.000000382,65.90675,100,51
1970-01-01 00:00:00.000000382,67.02605,100,52
1970-01-01 00:00:00.000000383,67.24233,100,52
1970-01-01 00:00:00.000000383,100.0,100,53
1970-01-01 00:00:00.000000384,100.0,100,53
1970-01-01 00:00:00.000000384,98.77549,100,54
1970-01-01 00:00:00.000000385,84.08125,100,54
1970-01-01 00:00:00.000000385,88.10657,100,55
1970-01-01 00:00:00.000000386,77.93858,100,55
1970-01-01 00:00:00.000000386,99.632965,100,56
1970-01-01 00:00:00.000000387,99.42609,100,56
1970-01-01 00:00:00.000000387,99.72614,100,57
1970-01-01 00:00:00.000000388,99.591415,100,57
1970-01-01 00:00:00.000000142,46.60281,101,10
1970-01-01 00:00:00.000000143,46.738316,101,10
1970-01-01 00:00:00.000000143,47.570766,101,11
1970-01-01 00:00:00.000000144,47.712383,101,11
1970-01-01 00:00:00.000000144,49.766014,101,12
1970-01-01 00:00:00.000000145,50.054188,101,12
1970-01-01 00:00:00.000000145,51.949223,101,13
1970-01-01 00:00:00.000000146,52.220203,101,13
1970-01-01 00:00:00.000000146,52.99243,101,14
1970-01-01 00:00:00.000000147,53.19174,101,14
1970-01-01 00:00:00.000000147,54.27274,101,15
1970-01-01 00:00:00.000000148,54.490276,101,15
1970-01-01 00:00:00.000000148,56.07328,101,16
1970-01-01 00:00:00.000000149,56.320328,101,16
1970-01-01 00:00:00.000000149,57.16082,101,17
1970-01-01 00:00:00.000000150,57.33241,101,17
1970-01-01 00:00:00.000000150,58.437878,101,18
1970-01-01 00:00:00.000000151,58.618107,101,18
1970-01-01 00:00:00.000000151,59.885475,101,19
1970-01-01 00:00:00.000000152,60.07284,101,19
1970-01-01 00:00:00.000000152,60.23435,101,20
1970-01-01 00:00:00.000000153,60.3272,101,20
1970-01-01 00:00:00.000000153,60.694855,101,21
1970-01-01 00:00:00.000000154,60.789215,101,21
1970-01-01 00:00:00.000000154,61.200363,101,22
1970-01-01 00:00:00.000000155,61.26924,101,22
1970-01-01 00:00:00.000000187,70.0549,103,10
1970-01-01 00:00:00.000000188,70.07481,103,10
1970-01-01 00:00:00.000000188,70.6518,103,11
1970-01-01 00:00:00.000000189,70.71025,103,11
1970-01-01 00:00:00.000000189,70.85118,103,12
1970-01-01 00:00:00.000000190,70.86534,103,12
1970-01-01 00:00:00.000000190,71.23195,103,13
1970-01-01 00:00:00.000000191,71.272865,103,13
1970-01-01 00:00:00.000000191,72.0218,103,14
1970-01-01 00:00:00.000000192,72.08589,103,14
1970-01-01 00:00:00.000000192,72.494484,103,15
1970-01-01 00:00:00.000000193,72.525116,103,15
1970-01-01 00:00:00.000000193,72.74853,103,16
1970-01-01 00:00:00.000000194,72.78229,103,16
1970-01-01 00:00:00.000000194,73.63887,103,17
1970-01-01 00:00:00.000000195,73.71672,103,17
1970-01-01 00:00:00.000000195,73.87407,103,18
1970-01-01 00:00:00.000000196,73.881035,103,18
1970-01-01 00:00:00.000000196,73.96894,103,19
1970-01-01 00:00:00.000000197,73.98621,103,19
1970-01-01 00:00:00.000000197,73.649376,103,20
1970-01-01 00:00:00.000000198,73.634834,103,20
1970-01-01 00:00:00.000000198,73.92476,103,21
1970-01-01 00:00:00.000000199,73.96314,103,21
1970-01-01 00:00:00.000000199,74.47205,103,22
1970-01-01 00:00:00.000000200,74.50902,103,22
1970-01-01 00:00:00.000000200,74.749916,103,23
1970-01-01 00:00:00.000000201,74.76201,103,23
1970-01-01 00:00:00.000000201,74.65088,103,24
1970-01-01 00:00:00.000000202,74.65387,103,24
1970-01-01 00:00:00.000000202,75.35699,103,25
1970-01-01 00:00:00.000000203,75.41966,103,25
1970-01-01 00:00:00.000000203,75.28769,103,26
1970-01-01 00:00:00.000000204,75.27218,103,26
1970-01-01 00:00:00.000000204,74.75317,103,27
1970-01-01 00:00:00.000000205,74.625145,103,27
1970-01-01 00:00:00.000000205,75.125946,103,28
1970-01-01 00:00:00.000000206,75.17064,103,28
1970-01-01 00:00:00.000000206,74.81155,103,29
1970-01-01 00:00:00.000000207,74.66722,103,29
1970-01-01 00:00:00.000000207,74.95444,103,30
1970-01-01 00:00:00.000000208,74.990295,103,30
1970-01-01 00:00:00.000000080,98.02832,104,10
1970-01-01 00:00:00.000000081,93.98445,104,10
1970-01-01 00:00:00.000000081,99.80154,104,11
1970-01-01 00:00:00.000000082,99.65003,104,11
1970-01-01 00:00:00.000000190,60.19356,105,10
1970-01-01 00:00:00.000000191,60.347336,105,10
1970-01-01 00:00:00.000000191,61.628067,105,11
1970-01-01 00:00:00.000000192,61.808132,105,11
1970-01-01 00:00:00.000000192,63.458954,105,12
1970-01-01 00:00:00.000000193,63.72518,105,12
1970-01-01 00:00:00.000000193,64.59958,105,13
1970-01-01 00:00:00.000000194,64.799515,105,13
1970-01-01 00:00:00.000000194,62.976437,105,14
1970-01-01 00:00:00.000000195,62.805313,105,14
1970-01-01 00:00:00.000000195,64.1302,105,15
1970-01-01 00:00:00.000000196,64.31803,105,15
1970-01-01 00:00:00.000000196,64.003395,105,16
1970-01-01 00:00:00.000000197,63.932457,105,16
1970-01-01 00:00:00.000000197,65.72794,105,17
1970-01-01 00:00:00.000000198,65.92987,105,17
1970-01-01 00:00:00.000000198,65.32566,105,18
1970-01-01 00:00:00.000000199,65.272316,105,18
1970-01-01 00:00:00.000000199,62.874866,105,19
1970-01-01 00:00:00.000000200,62.500248,105,19
1970-01-01 00:00:00.000000200,64.416214,105,20
1970-01-01 00:00:00.000000201,64.5661,105,20
1970-01-01 00:00:00.000000201,64.82696,105,21
1970-01-01 00:00:00.000000202,64.86345,105,21
1970-01-01 00:00:00.000000202,66.60345,105,22
1970-01-01 00:00:00.000000203,66.81976,105,22
1970-01-01 00:00:00.000000203,68.52967,105,23
1970-01-01 00:00:00.000000204,68.77718,105,23
1970-01-01 00:00:00.000000204,67.207436,105,24
1970-01-01 00:00:00.000000205,67.226006,105,24
1970-01-01 00:00:00.000000205,66.03749,105,25
1970-01-01 00:00:00.000000206,65.80755,105,25
1970-01-01 00:00:00.000000206,66.32526,105,26
1970-01-01 00:00:00.000000207,66.2852,105,26
1970-01-01 00:00:00.000000207,65.72796,105,27
1970-01-01 00:00:00.000000208,65.42728,105,27
1970-01-01 00:00:00.000000208,63.468384,105,28
1970-01-01 00:00:00.000000209,63.223495,105,28
1970-01-01 00:00:00.000000209,62.518303,105,29
1970-01-01 00:00:00.000000210,62.411633,105,29
1970-01-01 00:00:00.000000210,58.682613,105,30
1970-01-01 00:00:00.000000211,58.046635,105,30
1970-01-01 00:00:00.000000281,57.619278,106,10
1970-01-01 00:00:00.000000282,57.640995,106,10
1970-01-01 00:00:00.000000282,57.262337,106,11
1970-01-01 00:00:00.000000283,57.147213,106,11
1970-01-01 00:00:00.000000283,57.64547,106,12
1970-01-01 00:00:00.000000284,57.693058,106,12
1970-01-01 00:00:00.000000284,57.260746,106,13
1970-01-01 00:00:00.000000285,57.06877,106,13
1970-01-01 00:00:00.000000285,57.04913,106,14
1970-01-01 00:00:00.000000286,57.032005,106,14
1970-01-01 00:00:00.000000286,56.903137,106,15
1970-01-01 00:00:00.000000287,56.82569,106,15
1970-01-01 00:00:00.000000287,56.866817,106,16
1970-01-01 00:00:00.000000288,56.861794,106,16
1970-01-01 00:00:00.000000288,56.825546,106,17
1970-01-01 00:00:00.000000289,56.825146,106,17
1970-01-01 00:00:00.000000289,56.983173,106,18
1970-01-01 00:00:00.000000290,57.002674,106,18
1970-01-01 00:00:00.000000290,56.61427,106,19
1970-01-01 00:00:00.000000291,56.47216,106,19
1970-01-01 00:00:00.000000291,56.526997,106,20
1970-01-01 00:00:00.000000292,56.52513,106,20
1970-01-01 00:00:00.000000292,55.94457,106,21
1970-01-01 00:00:00.000000293,55.707634,106,21
1970-01-01 00:00:00.000000293,56.195236,106,22
1970-01-01 00:00:00.000000294,56.237194,106,22
1970-01-01 00:00:00.000000294,56.14204,106,23
1970-01-01 00:00:00.000000295,56.12775,106,23
1970-01-01 00:00:00.000000295,55.481575,106,24
1970-01-01 00:00:00.000000296,55.262035,106,24
1970-01-01 00:00:00.000000296,55.42384,106,25
1970-01-01 00:00:00.000000297,55.399986,106,25
1970-01-01 00:00:00.000000297,55.22788,106,26
1970-01-01 00:00:00.000000298,55.129547,106,26
1970-01-01 00:00:00.000000298,54.865932,106,27
1970-01-01 00:00:00.000000299,54.756996,106,27
1970-01-01 00:00:00.000000299,54.755634,106,28
1970-01-01 00:00:00.000000300,54.718563,106,28
1970-01-01 00:00:00.000000300,54.001617,106,29
1970-01-01 00:00:00.000000301,53.76923,106,29
1970-01-01 00:00:00.000000301,54.06648,106,30
1970-01-01 00:00:00.000000302,54.06324,106,30
1970-01-01 00:00:00.000000302,53.89676,106,31
1970-01-01 00:00:00.000000303,53.824455,106,31
1970-01-01 00:00:00.000000303,53.30984,106,32
1970-01-01 00:00:00.000000304,53.145973,106,32
1970-01-01 00:00:00.000000304,53.435898,106,33
1970-01-01 00:00:00.000000305,53.45949,106,33
1970-01-01 00:00:00.000000305,52.862175,106,34
1970-01-01 00:00:00.000000306,52.6258,106,34
1970-01-01 00:00:00.000000306,51.96208,106,35
1970-01-01 00:00:00.000000307,51.82451,106,35
1970-01-01 00:00:00.000000307,52.56449,106,36
1970-01-01 00:00:00.000000308,52.627403,106,36
1970-01-01 00:00:00.000000308,52.054768,106,37
1970-01-01 00:00:00.000000309,51.823723,106,37
1970-01-01 00:00:00.000000309,51.286892,106,38
1970-01-01 00:00:00.000000310,51.22193,106,38
1970-01-01 00:00:00.000000310,51.503433,106,39
1970-01-01 00:00:00.000000311,51.72149,106,39
1970-01-01 00:00:00.000000311,52.98806,106,40
1970-01-01 00:00:00.000000312,53.285664,106,40
1970-01-01 00:00:00.000000312,82.07054,106,41
1970-01-01 00:00:00.000000313,80.353935,106,41
1970-01-01 00:00:00.000000313,100.0,106,42
1970-01-01 00:00:00.000000314,100.0,106,42
1970-01-01 00:00:00.000000314,100.0,106,43
1970-01-01 00:00:00.000000315,85.331505,106,43
1970-01-01 00:00:00.000000315,93.25496,106,44
1970-01-01 00:00:00.000000316,83.50338,106,44
1970-01-01 00:00:00.000000316,99.75995,106,45
1970-01-01 00:00:00.000000317,99.59218,106,45
1970-01-01 00:00:00.000000317,99.76166,106,46
1970-01-01 00:00:00.000000318,99.593124,106,46
1970-01-01 00:00:00.000000083,98.69178,107,10
1970-01-01 00:00:00.000000084,98.12542,107,10
1970-01-01 00:00:00.000000084,99.75183,107,11
1970-01-01 00:00:00.000000085,99.620636,107,11
1970-01-01 00:00:00.000000213,63.389515,108,10
1970-01-01 00:00:00.000000214,63.039722,108,10
1970-01-01 00:00:00.000000214,63.93463,108,11
1970-01-01 00:00:00.000000215,64.00922,108,11
1970-01-01 00:00:00.000000215,64.34143,108,12
1970-01-01 00:00:00.000000216,64.34981,108,12
1970-01-01 00:00:00.000000216,64.074585,108,13
1970-01-01 00:00:00.000000217,64.06772,108,13
1970-01-01 00:00:00.000000217,63.93613,108,14
1970-01-01 00:00:00.000000218,63.944214,108,14
1970-01-01 00:00:00.000000218,64.09918,108,15
1970-01-01 00:00:00.000000219,64.13195,108,15
1970-01-01 00:00:00.000000219,64.58453,108,16
1970-01-01 00:00:00.000000220,64.619484,108,16
1970-01-01 00:00:00.000000220,64.60061,108,17
1970-01-01 00:00:00.000000221,64.59751,108,17
1970-01-01 00:00:00.000000221,65.14241,108,18
1970-01-01 00:00:00.000000222,65.19031,108,18
1970-01-01 00:00:00.000000222,64.52736,108,19
1970-01-01 00:00:00.000000223,64.38951,108,19
1970-01-01 00:00:00.000000223,64.56119,108,20
1970-01-01 00:00:00.000000224,64.5978,108,20
1970-01-01 00:00:00.000000224,65.015114,108,21
1970-01-01 00:00:00.000000225,65.04594,108,21
1970-01-01 00:00:00.000000225,65.473274,108,22
1970-01-01 00:00:00.000000226,65.504906,108,22
1970-01-01 00:00:00.000000226,65.55409,108,23
1970-01-01 00:00:00.000000227,65.56162,108,23
1970-01-01 00:00:00.000000227,65.993706,108,24
1970-01-01 00:00:00.000000228,66.03667,108,24
1970-01-01 00:00:00.000000228,65.47212,108,25
1970-01-01 00:00:00.000000229,65.39441,108,25
1970-01-01 00:00:00.000000229,65.34963,108,26
1970-01-01 00:00:00.000000230,65.336685,108,26
1970-01-01 00:00:00.000000230,66.455376,108,27
1970-01-01 00:00:00.000000231,66.54906,108,27
1970-01-01 00:00:00.000000231,67.07943,108,28
1970-01-01 00:00:00.000000232,67.12352,108,28
1970-01-01 00:00:00.000000232,67.33837,108,29
1970-01-01 00:00:00.000000233,67.37104,108,29
1970-01-01 00:00:00.000000233,68.30963,108,30
1970-01-01 00:00:00.000000234,68.41586,108,30
1970-01-01 00:00:00.000000234,68.87668,108,31
1970-01-01 00:00:00.000000235,68.92996,108,31
1970-01-01 00:00:00.000000235,69.44916,108,32
1970-01-01 00:00:00.000000236,69.517006,108,32
1970-01-01 00:00:00.000000236,69.94251,108,33
1970-01-01 00:00:00.000000237,70.002014,108,33
1970-01-01 00:00:00.000000237,70.82046,108,34
1970-01-01 00:00:00.000000238,70.91746,108,34
1970-01-01 00:00:00.000000083,69.07188,109,10
1970-01-01 00:00:00.000000084,69.11837,109,10
1970-01-01 00:00:00.000000084,67.78804,109,11
1970-01-01 00:00:00.000000085,68.28432,109,11
1970-01-01 00:00:00.000000505,74.13675,110,10
1970-01-01 00:00:00.000000506,74.16699,110,10
1970-01-01 00:00:00.000000506,74.0926,110,11
1970-01-01 00:00:00.000000507,74.123795,110,11
1970-01-01 00:00:00.000000507,74.243034,110,12
1970-01-01 00:00:00.000000508,74.27775,110,12
1970-01-01 00:00:00.000000508,74.21328,110,13
1970-01-01 00:00:00.000000509,74.239235,110,13
1970-01-01 00:00:00.000000509,74.739876,110,14
1970-01-01 00:00:00.000000510,74.80436,110,14
1970-01-01 00:00:00.000000510,74.971375,110,15
1970-01-01 00:00:00.000000511,75.006424,110,15
1970-01-01 00:00:00.000000511,75.18526,110,16
1970-01-01 00:00:00.000000512,75.22842,110,16
1970-01-01 00:00:00.000000512,75.31244,110,17
1970-01-01 00:00:00.000000513,75.34359,110,17
1970-01-01 00:00:00.000000513,75.89409,110,18
1970-01-01 00:00:00.000000514,75.97004,110,18
1970-01-01 00:00:00.000000514,75.97153,110,19
1970-01-01 00:00:00.000000515,75.99465,110,19
1970-01-01 00:00:00.000000515,76.1491,110,20
1970-01-01 00:00:00.000000516,76.187256,110,20
1970-01-01 00:00:00.000000516,76.28357,110,21
1970-01-01 00:00:00.000000517,76.30719,110,21
1970-01-01 00:00:00.000000517,76.82254,110,22
1970-01-01 00:00:00.000000518,76.88841,110,22
1970-01-01 00:00:00.000000518,76.44404,110,23
1970-01-01 00:00:00.000000519,76.42211,110,23
1970-01-01 00:00:00.000000519,75.938126,110,24
1970-01-01 00:00:00.000000520,75.85458,110,24
1970-01-01 00:00:00.000000520,74.98269,110,25
1970-01-01 00:00:00.000000521,74.888855,110,25
1970-01-01 00:00:00.000000521,74.86984,110,26
1970-01-01 00:00:00.000000522,74.81258,110,26
1970-01-01 00:00:00.000000522,74.591324,110,27
1970-01-01 00:00:00.000000523,74.46871,110,27
1970-01-01 00:00:00.000000523,73.83971,110,28
1970-01-01 00:00:00.000000524,73.68843,110,28
1970-01-01 00:00:00.000000524,73.235374,110,29
1970-01-01 00:00:00.000000525,73.14008,110,29
1970-01-01 00:00:00.000000525,73.090195,110,30
1970-01-01 00:00:00.000000526,73.00402,110,30
1970-01-01 00:00:00.000000526,72.71811,110,31
1970-01-01 00:00:00.000000527,72.58304,110,31
1970-01-01 00:00:00.000000527,72.31074,110,32
1970-01-01 00:00:00.000000528,72.20174,110,32
1970-01-01 00:00:00.000000528,72.4842,110,33
1970-01-01 00:00:00.000000529,72.501015,110,33
1970-01-01 00:00:00.000000529,72.77487,110,34
1970-01-01 00:00:00.000000530,72.809235,110,34
1970-01-01 00:00:00.000000530,72.5626,110,35
1970-01-01 00:00:00.000000531,72.5648,110,35
1970-01-01 00:00:00.000000531,72.695076,110,36
1970-01-01 00:00:00.000000532,72.7356,110,36
1970-01-01 00:00:00.000000532,71.99065,110,37
1970-01-01 00:00:00.000000533,71.778915,110,37
1970-01-01 00:00:00.000000533,70.60678,110,38
1970-01-01 00:00:00.000000534,70.518295,110,38
1970-01-01 00:00:00.000000534,70.692635,110,39
1970-01-01 00:00:00.000000535,70.64629,110,39
1970-01-01 00:00:00.000000535,69.76867,110,40
1970-01-01 00:00:00.000000536,69.45539,110,40
1970-01-01 00:00:00.000000536,69.26726,110,41
1970-01-01 00:00:00.000000537,69.19199,110,41
1970-01-01 00:00:00.000000537,68.579445,110,42
1970-01-01 00:00:00.000000538,68.387596,110,42
1970-01-01 00:00:00.000000538,66.91871,110,43
1970-01-01 00:00:00.000000539,66.71703,110,43
1970-01-01 00:00:00.000000539,65.85619,110,44
1970-01-01 00:00:00.000000540,65.735085,110,44
1970-01-01 00:00:00.000000540,64.49844,110,45
1970-01-01 00:00:00.000000541,64.19326,110,45
1970-01-01 00:00:00.000000541,63.653683,110,46
1970-01-01 00:00:00.000000542,63.47328,110,46
1970-01-01 00:00:00.000000542,62.793182,110,47
1970-01-01 00:00:00.000000543,62.53901,110,47
1970-01-01 00:00:00.000000543,62.798336,110,48
1970-01-01 00:00:00.000000544,62.6949,110,48
1970-01-01 00:00:00.000000544,61.44716,110,49
1970-01-01 00:00:00.000000545,61.1006,110,49
1970-01-01 00:00:00.000000545,60.245182,110,50
1970-01-01 00:00:00.000000546,60.114906,110,50
1970-01-01 00:00:00.000000546,59.53872,110,51
1970-01-01 00:00:00.000000547,59.34558,110,51
1970-01-01 00:00:00.000000547,57.588997,110,52
1970-01-01 00:00:00.000000548,57.21995,110,52
1970-01-01 00:00:00.000000548,57.220024,110,53
1970-01-01 00:00:00.000000549,57.08882,110,53
1970-01-01 00:00:00.000000549,55.60918,110,54
1970-01-01 00:00:00.000000550,55.166233,110,54
1970-01-01 00:00:00.000000550,57.465317,110,55
1970-01-01 00:00:00.000000551,57.657574,110,55
1970-01-01 00:00:00.000000551,56.699795,110,56
1970-01-01 00:00:00.000000552,56.40123,110,56
1970-01-01 00:00:00.000000552,55.286293,110,57
1970-01-01 00:00:00.000000553,55.208454,110,57
1970-01-01 00:00:00.000000553,54.758038,110,58
1970-01-01 00:00:00.000000554,54.694805,110,58
1970-01-01 00:00:00.000000554,54.762047,110,59
1970-01-01 00:00:00.000000555,54.661022,110,59
1970-01-01 00:00:00.000000555,54.12224,110,60
1970-01-01 00:00:00.000000556,53.9273,110,60
1970-01-01 00:00:00.000000556,53.799377,110,61
1970-01-01 00:00:00.000000557,53.72488,110,61
1970-01-01 00:00:00.000000557,52.936768,110,62
1970-01-01 00:00:00.000000558,52.737457,110,62
1970-01-01 00:00:00.000000558,52.6159,110,63
1970-01-01 00:00:00.000000559,52.536842,110,63
1970-01-01 00:00:00.000000559,52.214714,110,64
1970-01-01 00:00:00.000000560,52.072933,110,64
1970-01-01 00:00:00.000000560,48.768375,110,65
1970-01-01 00:00:00.000000561,48.43516,110,65
1970-01-01 00:00:00.000000561,50.438183,110,66
1970-01-01 00:00:00.000000562,50.672745,110,66
1970-01-01 00:00:00.000000562,51.873646,110,67
1970-01-01 00:00:00.000000563,51.96052,110,67
1970-01-01 00:00:00.000000563,52.77182,110,68
1970-01-01 00:00:00.000000564,52.951405,110,68
1970-01-01 00:00:00.000000564,51.685394,110,69
1970-01-01 00:00:00.000000565,51.6271,110,69
1970-01-01 00:00:00.000000565,53.3764,110,70
1970-01-01 00:00:00.000000566,53.643528,110,70
1970-01-01 00:00:00.000000566,55.03617,110,71
1970-01-01 00:00:00.000000567,55.164326,110,71
1970-01-01 00:00:00.000000567,56.861813,110,72
1970-01-01 00:00:00.000000568,57.12287,110,72
1970-01-01 00:00:00.000000568,56.213017,110,73
1970-01-01 00:00:00.000000569,56.258144,110,73
1970-01-01 00:00:00.000000569,57.886497,110,74
1970-01-01 00:00:00.000000570,58.465885,110,74
1970-01-01 00:00:00.000000570,50.351902,110,75
1970-01-01 00:00:00.000000571,50.479084,110,75
1970-01-01 00:00:00.000000571,56.05309,110,76
1970-01-01 00:00:00.000000572,57.018353,110,76
1970-01-01 00:00:00.000000572,58.507122,110,77
1970-01-01 00:00:00.000000573,59.114857,110,77
1970-01-01 00:00:00.000000573,65.06061,110,78
1970-01-01 00:00:00.000000574,66.62484,110,78
1970-01-01 00:00:00.000000574,74.14111,110,79
1970-01-01 00:00:00.000000575,76.08234,110,79
1970-01-01 00:00:00.000000575,75.7135,110,80
1970-01-01 00:00:00.000000576,76.99413,110,80
1970-01-01 00:00:00.000000576,100.0,110,81
1970-01-01 00:00:00.000000577,100.0,110,81
1970-01-01 00:00:00.000000577,100.0,110,82
1970-01-01 00:00:00.000000578,100.0,110,82
1970-01-01 00:00:00.000000578,92.72634,110,83
1970-01-01 00:00:00.000000579,85.22036,110,83
1970-01-01 00:00:00.000000579,96.68559,110,84
1970-01-01 00:00:00.000000580,94.60711,110,84
1970-01-01 00:00:00.000000580,99.73466,110,85
1970-01-01 00:00:00.000000581,99.59688,110,85
1970-01-01 00:00:00.000000581,99.73457,110,86
1970-01-01 00:00:00.000000582,99.59649,110,86
1970-01-01 00:00:00.000000183,76.18694,112,10
1970-01-01 00:00:00.000000184,76.23042,112,10
1970-01-01 00:00:00.000000184,76.53635,112,11
1970-01-01 00:00:00.000000185,76.58563,112,11
1970-01-01 00:00:00.000000185,75.19598,112,12
1970-01-01 00:00:00.000000186,74.896576,112,12
1970-01-01 00:00:00.000000186,70.536316,112,13
1970-01-01 00:00:00.000000187,70.139305,112,13
1970-01-01 00:00:00.000000187,64.114296,112,14
1970-01-01 00:00:00.000000188,63.22454,112,14
1970-01-01 00:00:00.000000188,66.59196,112,15
1970-01-01 00:00:00.000000189,66.39261,112,15
1970-01-01 00:00:00.000000189,66.091034,112,16
1970-01-01 00:00:00.000000190,65.828865,112,16
1970-01-01 00:00:00.000000190,65.43776,112,17
1970-01-01 00:00:00.000000191,65.43986,112,17
1970-01-01 00:00:00.000000191,65.61138,112,18
1970-01-01 00:00:00.000000192,65.6491,112,18
1970-01-01 00:00:00.000000192,65.94919,112,19
1970-01-01 00:00:00.000000193,65.99264,112,19
1970-01-01 00:00:00.000000193,66.06431,112,20
1970-01-01 00:00:00.000000194,66.09083,112,20
1970-01-01 00:00:00.000000194,65.5823,112,21
1970-01-01 00:00:00.000000195,65.446465,112,21
1970-01-01 00:00:00.000000195,66.04173,112,22
1970-01-01 00:00:00.000000196,66.115845,112,22
1970-01-01 00:00:00.000000196,66.019684,112,23
1970-01-01 00:00:00.000000197,66.02575,112,23
1970-01-01 00:00:00.000000197,66.20615,112,24
1970-01-01 00:00:00.000000198,66.24771,112,24
1970-01-01 00:00:00.000000198,66.64177,112,25
1970-01-01 00:00:00.000000199,66.68652,112,25
1970-01-01 00:00:00.000000199,66.867584,112,26
1970-01-01 00:00:00.000000200,66.90419,112,26
1970-01-01 00:00:00.000000200,66.73937,112,27
1970-01-01 00:00:00.000000201,66.76815,112,27
1970-01-01 00:00:00.000000201,67.41722,112,28
1970-01-01 00:00:00.000000202,67.49624,112,28
1970-01-01 00:00:00.000000202,67.43131,112,29
1970-01-01 00:00:00.000000203,67.45846,112,29
1970-01-01 00:00:00.000000172,68.66326,113,10
1970-01-01 00:00:00.000000173,68.69581,113,10
1970-01-01 00:00:00.000000173,68.436615,113,11
1970-01-01 00:00:00.000000174,68.43837,113,11
1970-01-01 00:00:00.000000174,68.13823,113,12
1970-01-01 00:00:00.000000175,68.11667,113,12
1970-01-01 00:00:00.000000175,67.58393,113,13
1970-01-01 00:00:00.000000176,67.57462,113,13
1970-01-01 00:00:00.000000176,67.68137,113,14
1970-01-01 00:00:00.000000177,67.70421,113,14
1970-01-01 00:00:00.000000177,67.95182,113,15
1970-01-01 00:00:00.000000178,68.023,113,15
1970-01-01 00:00:00.000000178,66.95657,113,16
1970-01-01 00:00:00.000000179,66.83382,113,16
1970-01-01 00:00:00.000000179,67.26638,113,17
1970-01-01 00:00:00.000000180,67.34616,113,17
1970-01-01 00:00:00.000000180,66.00076,113,18
1970-01-01 00:00:00.000000181,65.92453,113,18
1970-01-01 00:00:00.000000181,66.25286,113,19
1970-01-01 00:00:00.000000182,66.367485,113,19
1970-01-01 00:00:00.000000182,65.11536,113,20
1970-01-01 00:00:00.000000183,64.98742,113,20
1970-01-01 00:00:00.000000183,65.03554,113,21
1970-01-01 00:00:00.000000184,65.123474,113,21
1970-01-01 00:00:00.000000184,63.817703,113,22
1970-01-01 00:00:00.000000185,63.7653,113,22
1970-01-01 00:00:00.000000185,63.947624,113,23
1970-01-01 00:00:00.000000186,64.043,113,23
1970-01-01 00:00:00.000000186,64.58848,113,24
1970-01-01 00:00:00.000000187,64.72443,113,24
1970-01-01 00:00:00.000000187,64.6776,113,25
1970-01-01 00:00:00.000000188,64.76558,113,25
1970-01-01 00:00:00.000000188,63.49188,113,26
1970-01-01 00:00:00.000000189,63.30789,113,26
1970-01-01 00:00:00.000000189,63.735245,113,27
1970-01-01 00:00:00.000000190,63.840183,113,27
1970-01-01 00:00:00.000000157,55.05928,114,10
1970-01-01 00:00:00.000000158,55.05839,114,10
1970-01-01 00:00:00.000000158,54.915718,114,11
1970-01-01 00:00:00.000000159,54.902683,114,11
1970-01-01 00:00:00.000000159,54.706406,114,12
1970-01-01 00:00:00.000000160,54.669285,114,12
1970-01-01 00:00:00.000000160,54.754517,114,13
1970-01-01 00:00:00.000000161,54.78219,114,13
1970-01-01 00:00:00.000000161,54.95018,114,14
1970-01-01 00:00:00.000000162,54.970123,114,14
1970-01-01 00:00:00.000000162,54.693367,114,15
1970-01-01 00:00:00.000000163,54.67885,114,15
1970-01-01 00:00:00.000000163,54.883484,114,16
1970-01-01 00:00:00.000000164,54.9517,114,16
1970-01-01 00:00:00.000000164,54.757282,114,17
1970-01-01 00:00:00.000000165,54.832314,114,17
1970-01-01 00:00:00.000000165,57.234337,114,18
1970-01-01 00:00:00.000000166,57.733234,114,18
1970-01-01 00:00:00.000000166,100.0,114,19
1970-01-01 00:00:00.000000167,100.0,114,19
1970-01-01 00:00:00.000000167,100.0,114,20
1970-01-01 00:00:00.000000168,100.0,114,20
1970-01-01 00:00:00.000000168,100.0,114,21
1970-01-01 00:00:00.000000169,86.439,114,21
1970-01-01 00:00:00.000000169,98.57378,114,22
1970-01-01 00:00:00.000000170,96.15746,114,22
1970-01-01 00:00:00.000000170,99.80995,114,23
1970-01-01 00:00:00.000000171,99.67517,114,23
1970-01-01 00:00:00.000000171,99.8079,114,24
1970-01-01 00:00:00.000000172,99.67142,114,24
1970-01-01 00:00:00.000000086,92.21068,115,10
1970-01-01 00:00:00.000000087,82.87291,115,10
1970-01-01 00:00:00.000000087,94.97923,115,11
1970-01-01 00:00:00.000000088,92.184906,115,11
1970-01-01 00:00:00.000000088,99.73117,115,12
1970-01-01 00:00:00.000000089,99.600716,115,12
1970-01-01 00:00:00.000000096,70.23508,117,10
1970-01-01 00:00:00.000000097,70.25847,117,10
1970-01-01 00:00:00.000000097,70.497116,117,11
1970-01-01 00:00:00.000000098,70.54069,117,11
1970-01-01 00:00:00.000000098,70.48925,117,12
1970-01-01 00:00:00.000000099,70.51262,117,12
1970-01-01 00:00:00.000000099,70.76836,117,13
1970-01-01 00:00:00.000000100,70.82615,117,13
1970-01-01 00:00:00.000000082,67.72939,118,10
1970-01-01 00:00:00.000000083,68.22223,118,10
1970-01-01 00:00:00.000000083,70.59699,118,11
1970-01-01 00:00:00.000000084,71.258896,118,11
1970-01-01 00:00:00.000000109,50.62984,121,10
1970-01-01 00:00:00.000000110,50.537327,121,10
1970-01-01 00:00:00.000000110,50.563656,121,11
1970-01-01 00:00:00.000000111,50.521698,121,11
1970-01-01 00:00:00.000000111,50.65524,121,12
1970-01-01 00:00:00.000000112,50.628242,121,12
1970-01-01 00:00:00.000000112,51.59855,121,13
1970-01-01 00:00:00.000000113,51.70337,121,13
1970-01-01 00:00:00.000000113,51.951885,121,14
1970-01-01 00:00:00.000000114,51.97443,121,14
1970-01-01 00:00:00.000000114,53.030067,121,15
1970-01-01 00:00:00.000000115,53.184322,121,15
1970-01-01 00:00:00.000000115,54.329067,121,16
1970-01-01 00:00:00.000000116,54.656425,121,16
1970-01-01 00:00:00.000000165,71.71129,122,10
1970-01-01 00:00:00.000000166,71.749725,122,10
1970-01-01 00:00:00.000000166,68.144104,122,11
1970-01-01 00:00:00.000000167,67.342415,122,11
1970-01-01 00:00:00.000000167,66.366776,122,12
1970-01-01 00:00:00.000000168,66.55797,122,12
1970-01-01 00:00:00.000000168,64.21689,122,13
1970-01-01 00:00:00.000000169,63.961742,122,13
1970-01-01 00:00:00.000000169,67.16168,122,14
1970-01-01 00:00:00.000000170,67.41491,122,14
1970-01-01 00:00:00.000000170,67.99241,122,15
1970-01-01 00:00:00.000000171,67.99572,122,15
1970-01-01 00:00:00.000000171,68.06401,122,16
1970-01-01 00:00:00.000000172,68.10811,122,16
1970-01-01 00:00:00.000000172,66.33236,122,17
1970-01-01 00:00:00.000000173,65.88611,122,17
1970-01-01 00:00:00.000000173,67.23206,122,18
1970-01-01 00:00:00.000000174,67.33313,122,18
1970-01-01 00:00:00.000000174,65.6996,122,19
1970-01-01 00:00:00.000000175,65.29289,122,19
1970-01-01 00:00:00.000000175,63.733418,122,20
1970-01-01 00:00:00.000000176,63.77458,122,20
1970-01-01 00:00:00.000000176,62.45849,122,21
1970-01-01 00:00:00.000000177,62.343887,122,21
1970-01-01 00:00:00.000000177,60.24911,122,22
1970-01-01 00:00:00.000000178,59.927486,122,22
1970-01-01 00:00:00.000000178,62.190983,122,23
1970-01-01 00:00:00.000000179,62.36227,122,23
1970-01-01 00:00:00.000000179,63.90393,122,24
1970-01-01 00:00:00.000000180,64.012985,122,24
1970-01-01 00:00:00.000000180,62.591732,122,25
1970-01-01 00:00:00.000000181,62.510006,122,25
1970-01-01 00:00:00.000000181,60.052284,122,26
1970-01-01 00:00:00.000000182,59.99248,122,26
1970-01-01 00:00:00.000000101,69.411674,123,10
1970-01-01 00:00:00.000000102,69.42921,123,10
1970-01-01 00:00:00.000000102,68.50951,123,11
1970-01-01 00:00:00.000000103,68.380356,123,11
1970-01-01 00:00:00.000000103,67.32937,123,12
1970-01-01 00:00:00.000000104,67.35074,123,12
1970-01-01 00:00:00.000000104,65.27901,123,13
1970-01-01 00:00:00.000000105,65.22015,123,13
1970-01-01 00:00:00.000000105,63.364403,123,14
1970-01-01 00:00:00.000000106,63.295322,123,14
1970-01-01 00:00:00.000000106,65.436775,123,15
1970-01-01 00:00:00.000000107,65.570786,123,15
1970-01-01 00:00:00.000000107,69.2022,124,10
1970-01-01 00:00:00.000000108,70.626686,124,10
1970-01-01 00:00:00.000000108,100.0,124,11
1970-01-01 00:00:00.000000109,100.0,124,11
1970-01-01 00:00:00.000000109,100.0,124,12
1970-01-01 00:00:00.000000110,88.87239,124,12
1970-01-01 00:00:00.000000110,92.43543,124,13
1970-01-01 00:00:00.000000111,80.25449,124,13
1970-01-01 00:00:00.000000111,99.75933,124,14
1970-01-01 00:00:00.000000112,99.60964,124,14
1970-01-01 00:00:00.000000112,99.75984,124,15
1970-01-01 00:00:00.000000113,99.609856,124,15
1970-01-01 00:00:00.000000164,56.03645,125,10
1970-01-01 00:00:00.000000165,56.079075,125,10
1970-01-01 00:00:00.000000165,55.958096,125,11
1970-01-01 00:00:00.000000166,55.938908,125,11
1970-01-01 00:00:00.000000166,56.16078,125,12
1970-01-01 00:00:00.000000167,56.19711,125,12
1970-01-01 00:00:00.000000167,55.222923,125,13
1970-01-01 00:00:00.000000168,54.92951,125,13
1970-01-01 00:00:00.000000168,56.079327,125,14
1970-01-01 00:00:00.000000169,56.180683,125,14
1970-01-01 00:00:00.000000169,55.97654,125,15
1970-01-01 00:00:00.000000170,55.945324,125,15
1970-01-01 00:00:00.000000170,55.426254,125,16
1970-01-01 00:00:00.000000171,55.29919,125,16
1970-01-01 00:00:00.000000171,55.387527,125,17
1970-01-01 00:00:00.000000172,55.396793,125,17
1970-01-01 00:00:00.000000172,56.251545,125,18
1970-01-01 00:00:00.000000173,56.463005,125,18
1970-01-01 00:00:00.000000173,55.62485,125,19
1970-01-01 00:00:00.000000174,55.522846,125,19
1970-01-01 00:00:00.000000174,70.09842,125,20
1970-01-01 00:00:00.000000175,70.72535,125,20
1970-01-01 00:00:00.000000175,100.0,125,21
1970-01-01 00:00:00.000000176,100.0,125,21
1970-01-01 00:00:00.000000176,93.75784,125,22
1970-01-01 00:00:00.000000177,75.53334,125,22
1970-01-01 00:00:00.000000177,86.160645,125,23
1970-01-01 00:00:00.000000178,77.62771,125,23
1970-01-01 00:00:00.000000178,99.744,125,24
1970-01-01 00:00:00.000000179,99.59955,125,24
1970-01-01 00:00:00.000000179,99.74543,125,25
1970-01-01 00:00:00.000000180,99.60244,125,25
1970-01-01 00:00:00.000000208,53.863922,126,10
1970-01-01 00:00:00.000000209,53.62197,126,10
1970-01-01 00:00:00.000000209,53.529533,126,11
1970-01-01 00:00:00.000000210,53.48601,126,11
1970-01-01 00:00:00.000000210,54.922768,126,12
1970-01-01 00:00:00.000000211,55.025234,126,12
1970-01-01 00:00:00.000000211,56.485634,126,13
1970-01-01 00:00:00.000000212,56.480396,126,13
1970-01-01 00:00:00.000000212,58.020096,126,14
1970-01-01 00:00:00.000000213,58.01785,126,14
1970-01-01 00:00:00.000000213,59.192253,126,15
1970-01-01 00:00:00.000000214,59.148315,126,15
1970-01-01 00:00:00.000000214,60.745377,126,16
1970-01-01 00:00:00.000000215,60.746117,126,16
1970-01-01 00:00:00.000000215,62.037388,126,17
1970-01-01 00:00:00.000000216,61.991253,126,17
1970-01-01 00:00:00.000000216,65.30584,126,18
1970-01-01 00:00:00.000000217,65.386826,126,18
1970-01-01 00:00:00.000000217,65.87153,126,19
1970-01-01 00:00:00.000000218,65.67598,126,19
1970-01-01 00:00:00.000000218,67.493675,126,20
1970-01-01 00:00:00.000000219,67.4998,126,20
1970-01-01 00:00:00.000000219,68.78571,126,21
1970-01-01 00:00:00.000000220,68.7307,126,21
1970-01-01 00:00:00.000000220,70.75656,126,22
1970-01-01 00:00:00.000000221,70.79462,126,22
1970-01-01 00:00:00.000000221,71.88622,126,23
1970-01-01 00:00:00.000000222,71.80433,126,23
1970-01-01 00:00:00.000000222,72.49821,126,24
1970-01-01 00:00:00.000000223,72.43761,126,24
1970-01-01 00:00:00.000000223,72.53227,126,25
1970-01-01 00:00:00.000000224,72.4772,126,25
1970-01-01 00:00:00.000000224,72.66674,126,26
1970-01-01 00:00:00.000000225,72.66615,126,26
1970-01-01 00:00:00.000000225,72.464554,126,27
1970-01-01 00:00:00.000000226,72.454254,126,27
1970-01-01 00:00:00.000000226,72.43589,126,28
1970-01-01 00:00:00.000000227,72.4566,126,28
1970-01-01 00:00:00.000000227,73.1763,126,29
1970-01-01 00:00:00.000000228,73.21473,126,29
1970-01-01 00:00:00.000000228,74.11253,126,30
1970-01-01 00:00:00.000000229,74.117294,126,30
1970-01-01 00:00:00.000000229,75.50698,126,31
1970-01-01 00:00:00.000000230,75.54253,126,31
1970-01-01 00:00:00.000000230,75.48907,126,32
1970-01-01 00:00:00.000000231,75.39331,126,32
1970-01-01 00:00:00.000000231,75.63963,126,33
1970-01-01 00:00:00.000000232,75.64103,126,33
1970-01-01 00:00:00.000000188,66.47121,127,10
1970-01-01 00:00:00.000000189,66.46046,127,10
1970-01-01 00:00:00.000000189,66.55259,127,11
1970-01-01 00:00:00.000000190,66.57258,127,11
1970-01-01 00:00:00.000000190,66.94322,127,12
1970-01-01 00:00:00.000000191,66.940636,127,12
1970-01-01 00:00:00.000000191,66.83753,127,13
1970-01-01 00:00:00.000000192,66.80897,127,13
1970-01-01 00:00:00.000000192,65.847015,127,14
1970-01-01 00:00:00.000000193,65.76655,127,14
1970-01-01 00:00:00.000000193,65.52591,127,15
1970-01-01 00:00:00.000000194,65.54569,127,15
1970-01-01 00:00:00.000000194,65.46419,127,16
1970-01-01 00:00:00.000000195,65.41735,127,16
1970-01-01 00:00:00.000000195,65.43774,127,17
1970-01-01 00:00:00.000000196,65.42611,127,17
1970-01-01 00:00:00.000000196,64.9961,127,18
1970-01-01 00:00:00.000000197,64.93408,127,18
1970-01-01 00:00:00.000000197,65.04988,127,19
1970-01-01 00:00:00.000000198,65.066666,127,19
1970-01-01 00:00:00.000000198,65.12897,127,20
1970-01-01 00:00:00.000000199,65.144585,127,20
1970-01-01 00:00:00.000000199,65.32316,127,21
1970-01-01 00:00:00.000000200,65.31732,127,21
1970-01-01 00:00:00.000000200,64.530594,127,22
1970-01-01 00:00:00.000000201,64.39665,127,22
1970-01-01 00:00:00.000000201,65.452866,127,23
1970-01-01 00:00:00.000000202,65.52514,127,23
1970-01-01 00:00:00.000000202,63.651024,127,24
1970-01-01 00:00:00.000000203,63.431854,127,24
1970-01-01 00:00:00.000000203,61.61011,127,25
1970-01-01 00:00:00.000000204,61.772423,127,25
1970-01-01 00:00:00.000000204,59.462887,127,26
1970-01-01 00:00:00.000000205,59.465702,127,26
1970-01-01 00:00:00.000000205,57.669147,127,27
1970-01-01 00:00:00.000000206,57.64179,127,27
1970-01-01 00:00:00.000000206,54.723236,127,28
1970-01-01 00:00:00.000000207,54.66316,127,28
1970-01-01 00:00:00.000000207,51.522675,127,29
1970-01-01 00:00:00.000000208,51.525455,127,29
1970-01-01 00:00:00.000000208,47.212112,127,30
1970-01-01 00:00:00.000000209,47.1909,127,30
1970-01-01 00:00:00.000000082,99.77404,129,10
1970-01-01 00:00:00.000000083,99.633804,129,10
1970-01-01 00:00:00.000000083,99.77314,129,11
1970-01-01 00:00:00.000000084,99.63162,129,11
