sequence_index,first_chamber_filling,block_idx,fcst_origin
1970-01-01 00:00:00.000000097,96.77923,0,10
1970-01-01 00:00:00.000000098,96.529366,0,10
1970-01-01 00:00:00.000000099,96.2718,0,10
1970-01-01 00:00:00.000000098,96.83665,0,11
1970-01-01 00:00:00.000000099,96.616165,0,11
1970-01-01 00:00:00.000000100,96.36562,0,11
1970-01-01 00:00:00.000000099,96.93104,0,12
1970-01-01 00:00:00.000000100,96.728035,0,12
1970-01-01 00:00:00.000000101,96.49959,0,12
1970-01-01 00:00:00.000000100,96.86038,0,13
1970-01-01 00:00:00.000000101,96.66912,0,13
1970-01-01 00:00:00.000000102,96.459114,0,13
1970-01-01 00:00:00.000000081,95.2171,1,10
1970-01-01 00:00:00.000000082,95.087685,1,10
1970-01-01 00:00:00.000000083,94.92826,1,10
1970-01-01 00:00:00.000000079,97.855804,4,10
1970-01-01 00:00:00.000000080,97.78372,4,10
1970-01-01 00:00:00.000000081,97.57492,4,10
1970-01-01 00:00:00.000000079,96.62454,5,10
1970-01-01 00:00:00.000000080,96.45925,5,10
1970-01-01 00:00:00.000000081,96.26013,5,10
1970-01-01 00:00:00.000000119,93.85957,11,10
1970-01-01 00:00:00.000000120,93.75435,11,10
1970-01-01 00:00:00.000000121,93.65117,11,10
1970-01-01 00:00:00.000000120,93.842064,11,11
1970-01-01 00:00:00.000000121,93.752304,11,11
1970-01-01 00:00:00.000000122,93.663124,11,11
1970-01-01 00:00:00.000000121,93.8595,11,12
1970-01-01 00:00:00.000000122,93.78124,11,12
1970-01-01 00:00:00.000000123,93.70041,11,12
1970-01-01 00:00:00.000000122,93.88848,11,13
1970-01-01 00:00:00.000000123,93.8156,11,13
1970-01-01 00:00:00.000000124,93.73885,11,13
1970-01-01 00:00:00.000000123,93.93654,11,14
1970-01-01 00:00:00.000000124,93.86933,11,14
1970-01-01 00:00:00.000000125,93.7846,11,14
1970-01-01 00:00:00.000000124,94.076126,11,15
1970-01-01 00:00:00.000000125,93.99993,11,15
1970-01-01 00:00:00.000000126,93.90708,11,15
1970-01-01 00:00:00.000000125,94.179115,11,16
1970-01-01 00:00:00.000000126,94.094795,11,16
1970-01-01 00:00:00.000000127,93.98441,11,16
1970-01-01 00:00:00.000000126,94.271454,11,17
1970-01-01 00:00:00.000000127,94.171715,11,17
1970-01-01 00:00:00.000000128,94.05173,11,17
1970-01-01 00:00:00.000000113,97.546455,12,10
1970-01-01 00:00:00.000000114,97.42554,12,10
1970-01-01 00:00:00.000000115,97.145584,12,10
1970-01-01 00:00:00.000000114,97.52932,12,11
1970-01-01 00:00:00.000000115,97.39241,12,11
1970-01-01 00:00:00.000000116,97.13627,12,11
1970-01-01 00:00:00.000000115,97.46643,12,12
1970-01-01 00:00:00.000000116,97.35959,12,12
1970-01-01 00:00:00.000000117,97.10433,12,12
1970-01-01 00:00:00.000000116,97.2453,12,13
1970-01-01 00:00:00.000000117,97.14827,12,13
1970-01-01 00:00:00.000000118,96.91214,12,13
1970-01-01 00:00:00.000000117,97.0915,12,14
1970-01-01 00:00:00.000000118,97.010506,12,14
1970-01-01 00:00:00.000000119,96.792984,12,14
1970-01-01 00:00:00.000000118,97.06046,12,15
1970-01-01 00:00:00.000000119,96.99563,12,15
1970-01-01 00:00:00.000000120,96.815414,12,15
1970-01-01 00:00:00.000000119,97.009094,12,16
1970-01-01 00:00:00.000000120,96.97595,12,16
1970-01-01 00:00:00.000000121,96.8283,12,16
1970-01-01 00:00:00.000000157,100.0,13,10
1970-01-01 00:00:00.000000158,100.0,13,10
1970-01-01 00:00:00.000000159,99.93148,13,10
1970-01-01 00:00:00.000000158,100.0,13,11
1970-01-01 00:00:00.000000159,100.0,13,11
1970-01-01 00:00:00.000000160,99.95266,13,11
1970-01-01 00:00:00.000000159,100.0,13,12
1970-01-01 00:00:00.000000160,100.0,13,12
1970-01-01 00:00:00.000000161,99.98354,13,12
1970-01-01 00:00:00.000000160,100.0,13,13
1970-01-01 00:00:00.000000161,100.0,13,13
1970-01-01 00:00:00.000000162,99.98504,13,13
1970-01-01 00:00:00.000000161,100.0,13,14
1970-01-01 00:00:00.000000162,100.0,13,14
1970-01-01 00:00:00.000000163,99.974594,13,14
1970-01-01 00:00:00.000000162,100.0,13,15
1970-01-01 00:00:00.000000163,100.0,13,15
1970-01-01 00:00:00.000000164,99.973785,13,15
1970-01-01 00:00:00.000000163,100.0,13,16
1970-01-01 00:00:00.000000164,100.0,13,16
1970-01-01 00:00:00.000000165,99.96543,13,16
1970-01-01 00:00:00.000000164,100.0,13,17
1970-01-01 00:00:00.000000165,100.0,13,17
1970-01-01 00:00:00.000000166,99.94517,13,17
1970-01-01 00:00:00.000000165,100.0,13,18
1970-01-01 00:00:00.000000166,100.0,13,18
1970-01-01 00:00:00.000000167,99.92452,13,18
1970-01-01 00:00:00.000000166,100.0,13,19
1970-01-01 00:00:00.000000167,100.0,13,19
1970-01-01 00:00:00.000000168,99.922264,13,19
1970-01-01 00:00:00.000000167,100.0,13,20
1970-01-01 00:00:00.000000168,100.0,13,20
1970-01-01 00:00:00.000000169,99.91781,13,20
1970-01-01 00:00:00.000000168,100.0,13,21
1970-01-01 00:00:00.000000169,100.0,13,21
1970-01-01 00:00:00.000000170,99.92551,13,21
1970-01-01 00:00:00.000000169,100.0,13,22
1970-01-01 00:00:00.000000170,100.0,13,22
1970-01-01 00:00:00.000000171,99.91703,13,22
1970-01-01 00:00:00.000000170,100.0,13,23
1970-01-01 00:00:00.000000171,100.0,13,23
1970-01-01 00:00:00.000000172,99.91396,13,23
1970-01-01 00:00:00.000000141,99.482315,15,10
1970-01-01 00:00:00.000000142,99.34441,15,10
1970-01-01 00:00:00.000000143,99.07644,15,10
1970-01-01 00:00:00.000000142,99.51254,15,11
1970-01-01 00:00:00.000000143,99.37003,15,11
1970-01-01 00:00:00.000000144,99.112015,15,11
1970-01-01 00:00:00.000000143,99.55568,15,12
1970-01-01 00:00:00.000000144,99.41754,15,12
1970-01-01 00:00:00.000000145,99.16672,15,12
1970-01-01 00:00:00.000000144,99.62672,15,13
1970-01-01 00:00:00.000000145,99.492676,15,13
1970-01-01 00:00:00.000000146,99.23442,15,13
1970-01-01 00:00:00.000000145,99.69934,15,14
1970-01-01 00:00:00.000000146,99.55778,15,14
1970-01-01 00:00:00.000000147,99.29251,15,14
1970-01-01 00:00:00.000000146,99.733795,15,15
1970-01-01 00:00:00.000000147,99.58817,15,15
1970-01-01 00:00:00.000000148,99.312706,15,15
1970-01-01 00:00:00.000000147,99.7531,15,16
1970-01-01 00:00:00.000000148,99.59868,15,16
1970-01-01 00:00:00.000000149,99.31903,15,16
1970-01-01 00:00:00.000000148,99.78829,15,17
1970-01-01 00:00:00.000000149,99.63097,15,17
1970-01-01 00:00:00.000000150,99.34981,15,17
1970-01-01 00:00:00.000000149,99.81355,15,18
1970-01-01 00:00:00.000000150,99.65347,15,18
1970-01-01 00:00:00.000000151,99.375694,15,18
1970-01-01 00:00:00.000000150,99.81598,15,19
1970-01-01 00:00:00.000000151,99.655876,15,19
1970-01-01 00:00:00.000000152,99.381386,15,19
1970-01-01 00:00:00.000000151,99.82755,15,20
1970-01-01 00:00:00.000000152,99.667404,15,20
1970-01-01 00:00:00.000000153,99.394455,15,20
1970-01-01 00:00:00.000000156,95.22846,16,10
1970-01-01 00:00:00.000000157,95.12526,16,10
1970-01-01 00:00:00.000000158,94.986664,16,10
1970-01-01 00:00:00.000000157,95.275925,16,11
1970-01-01 00:00:00.000000158,95.15441,16,11
1970-01-01 00:00:00.000000159,94.994286,16,11
1970-01-01 00:00:00.000000158,95.355995,16,12
1970-01-01 00:00:00.000000159,95.22459,16,12
1970-01-01 00:00:00.000000160,95.04897,16,12
1970-01-01 00:00:00.000000159,95.396904,16,13
1970-01-01 00:00:00.000000160,95.25368,16,13
1970-01-01 00:00:00.000000161,95.081055,16,13
1970-01-01 00:00:00.000000160,95.37115,16,14
1970-01-01 00:00:00.000000161,95.22373,16,14
1970-01-01 00:00:00.000000162,95.06674,16,14
1970-01-01 00:00:00.000000161,95.32885,16,15
1970-01-01 00:00:00.000000162,95.19555,16,15
1970-01-01 00:00:00.000000163,95.0488,16,15
1970-01-01 00:00:00.000000162,95.34402,16,16
1970-01-01 00:00:00.000000163,95.21962,16,16
1970-01-01 00:00:00.000000164,95.07884,16,16
1970-01-01 00:00:00.000000163,95.33948,16,17
1970-01-01 00:00:00.000000164,95.22466,16,17
1970-01-01 00:00:00.000000165,95.08883,16,17
1970-01-01 00:00:00.000000164,95.214066,16,18
1970-01-01 00:00:00.000000165,95.107544,16,18
1970-01-01 00:00:00.000000166,94.986084,16,18
1970-01-01 00:00:00.000000165,95.17689,16,19
1970-01-01 00:00:00.000000166,95.0816,16,19
1970-01-01 00:00:00.000000167,94.974045,16,19
1970-01-01 00:00:00.000000166,95.27367,16,20
1970-01-01 00:00:00.000000167,95.188416,16,20
1970-01-01 00:00:00.000000168,95.087685,16,20
1970-01-01 00:00:00.000000167,95.33861,16,21
1970-01-01 00:00:00.000000168,95.26009,16,21
1970-01-01 00:00:00.000000169,95.151566,16,21
1970-01-01 00:00:00.000000168,95.39221,16,22
1970-01-01 00:00:00.000000169,95.30276,16,22
1970-01-01 00:00:00.000000170,95.171936,16,22
1970-01-01 00:00:00.000000169,95.49066,16,23
1970-01-01 00:00:00.000000170,95.37643,16,23
1970-01-01 00:00:00.000000171,95.21399,16,23
1970-01-01 00:00:00.000000123,94.60756,17,10
1970-01-01 00:00:00.000000124,94.56481,17,10
1970-01-01 00:00:00.000000125,94.44952,17,10
1970-01-01 00:00:00.000000124,94.55449,17,11
1970-01-01 00:00:00.000000125,94.51376,17,11
1970-01-01 00:00:00.000000126,94.38069,17,11
1970-01-01 00:00:00.000000125,94.46007,17,12
1970-01-01 00:00:00.000000126,94.4126,17,12
1970-01-01 00:00:00.000000127,94.30477,17,12
1970-01-01 00:00:00.000000126,94.3056,17,13
1970-01-01 00:00:00.000000127,94.289055,17,13
1970-01-01 00:00:00.000000128,94.1546,17,13
1970-01-01 00:00:00.000000127,94.13589,17,14
1970-01-01 00:00:00.000000128,94.096016,17,14
1970-01-01 00:00:00.000000129,93.95462,17,14
1970-01-01 00:00:00.000000128,93.54728,17,15
1970-01-01 00:00:00.000000129,93.51018,17,15
1970-01-01 00:00:00.000000130,93.38955,17,15
1970-01-01 00:00:00.000000129,92.77314,17,16
1970-01-01 00:00:00.000000130,92.76281,17,16
1970-01-01 00:00:00.000000131,92.67954,17,16
1970-01-01 00:00:00.000000130,91.90427,17,17
1970-01-01 00:00:00.000000131,91.934586,17,17
1970-01-01 00:00:00.000000132,91.90264,17,17
1970-01-01 00:00:00.000000134,100.0,19,10
1970-01-01 00:00:00.000000135,99.971466,19,10
1970-01-01 00:00:00.000000136,99.64658,19,10
1970-01-01 00:00:00.000000135,100.0,19,11
1970-01-01 00:00:00.000000136,99.97138,19,11
1970-01-01 00:00:00.000000137,99.677475,19,11
1970-01-01 00:00:00.000000136,100.0,19,12
1970-01-01 00:00:00.000000137,100.0,19,12
1970-01-01 00:00:00.000000138,99.69516,19,12
1970-01-01 00:00:00.000000137,100.0,19,13
1970-01-01 00:00:00.000000138,100.0,19,13
1970-01-01 00:00:00.000000139,99.68125,19,13
1970-01-01 00:00:00.000000138,100.0,19,14
1970-01-01 00:00:00.000000139,100.0,19,14
1970-01-01 00:00:00.000000140,99.686325,19,14
1970-01-01 00:00:00.000000139,100.0,19,15
1970-01-01 00:00:00.000000140,100.0,19,15
1970-01-01 00:00:00.000000141,99.721344,19,15
1970-01-01 00:00:00.000000140,100.0,19,16
1970-01-01 00:00:00.000000141,100.0,19,16
1970-01-01 00:00:00.000000142,99.74171,19,16
1970-01-01 00:00:00.000000141,100.0,19,17
1970-01-01 00:00:00.000000142,100.0,19,17
1970-01-01 00:00:00.000000143,99.75113,19,17
1970-01-01 00:00:00.000000142,100.0,19,18
1970-01-01 00:00:00.000000143,100.0,19,18
1970-01-01 00:00:00.000000144,99.751656,19,18
1970-01-01 00:00:00.000000143,100.0,19,19
1970-01-01 00:00:00.000000144,100.0,19,19
1970-01-01 00:00:00.000000145,99.66448,19,19
1970-01-01 00:00:00.000000121,98.133736,20,10
1970-01-01 00:00:00.000000122,98.05474,20,10
1970-01-01 00:00:00.000000123,97.81628,20,10
1970-01-01 00:00:00.000000122,98.03346,20,11
1970-01-01 00:00:00.000000123,97.95893,20,11
1970-01-01 00:00:00.000000124,97.7196,20,11
1970-01-01 00:00:00.000000123,98.06425,20,12
1970-01-01 00:00:00.000000124,97.98717,20,12
1970-01-01 00:00:00.000000125,97.73731,20,12
1970-01-01 00:00:00.000000124,98.146545,20,13
1970-01-01 00:00:00.000000125,98.05557,20,13
1970-01-01 00:00:00.000000126,97.79895,20,13
1970-01-01 00:00:00.000000125,98.05663,20,14
1970-01-01 00:00:00.000000126,97.96761,20,14
1970-01-01 00:00:00.000000127,97.71483,20,14
1970-01-01 00:00:00.000000126,97.98333,20,15
1970-01-01 00:00:00.000000127,97.89572,20,15
1970-01-01 00:00:00.000000128,97.638016,20,15
1970-01-01 00:00:00.000000127,97.97424,20,16
1970-01-01 00:00:00.000000128,97.88246,20,16
1970-01-01 00:00:00.000000129,97.61408,20,16
1970-01-01 00:00:00.000000128,97.96227,20,17
1970-01-01 00:00:00.000000129,97.86987,20,17
1970-01-01 00:00:00.000000130,97.61216,20,17
1970-01-01 00:00:00.000000130,96.40248,21,10
1970-01-01 00:00:00.000000131,96.31093,21,10
1970-01-01 00:00:00.000000132,96.02758,21,10
1970-01-01 00:00:00.000000131,96.88398,21,11
1970-01-01 00:00:00.000000132,96.73607,21,11
1970-01-01 00:00:00.000000133,96.29097,21,11
1970-01-01 00:00:00.000000132,97.327545,21,12
1970-01-01 00:00:00.000000133,97.0306,21,12
1970-01-01 00:00:00.000000134,96.50549,21,12
1970-01-01 00:00:00.000000133,97.34604,21,13
1970-01-01 00:00:00.000000134,96.98792,21,13
1970-01-01 00:00:00.000000135,96.515594,21,13
1970-01-01 00:00:00.000000134,97.391335,21,14
1970-01-01 00:00:00.000000135,97.045586,21,14
1970-01-01 00:00:00.000000136,96.63381,21,14
1970-01-01 00:00:00.000000135,97.52855,21,15
1970-01-01 00:00:00.000000136,97.266525,21,15
1970-01-01 00:00:00.000000137,96.89665,21,15
1970-01-01 00:00:00.000000136,97.53429,21,16
1970-01-01 00:00:00.000000137,97.30999,21,16
1970-01-01 00:00:00.000000138,96.99351,21,16
1970-01-01 00:00:00.000000137,97.28651,21,17
1970-01-01 00:00:00.000000138,97.112724,21,17
1970-01-01 00:00:00.000000139,96.8563,21,17
1970-01-01 00:00:00.000000138,97.07387,21,18
1970-01-01 00:00:00.000000139,96.94525,21,18
1970-01-01 00:00:00.000000140,96.751045,21,18
1970-01-01 00:00:00.000000171,97.9406,22,10
1970-01-01 00:00:00.000000172,97.83954,22,10
1970-01-01 00:00:00.000000173,97.63132,22,10
1970-01-01 00:00:00.000000172,97.93985,22,11
1970-01-01 00:00:00.000000173,97.846436,22,11
1970-01-01 00:00:00.000000174,97.64173,22,11
1970-01-01 00:00:00.000000173,97.914696,22,12
1970-01-01 00:00:00.000000174,97.825165,22,12
1970-01-01 00:00:00.000000175,97.62071,22,12
1970-01-01 00:00:00.000000174,97.78581,22,13
1970-01-01 00:00:00.000000175,97.70276,22,13
1970-01-01 00:00:00.000000176,97.50589,22,13
1970-01-01 00:00:00.000000175,97.288956,22,14
1970-01-01 00:00:00.000000176,97.225006,22,14
1970-01-01 00:00:00.000000177,97.038574,22,14
1970-01-01 00:00:00.000000176,96.385574,22,15
1970-01-01 00:00:00.000000177,96.35057,22,15
1970-01-01 00:00:00.000000178,96.203476,22,15
1970-01-01 00:00:00.000000177,96.078545,22,16
1970-01-01 00:00:00.000000178,96.07567,22,16
1970-01-01 00:00:00.000000179,95.97661,22,16
1970-01-01 00:00:00.000000178,96.23379,22,17
1970-01-01 00:00:00.000000179,96.249054,22,17
1970-01-01 00:00:00.000000180,96.20113,22,17
1970-01-01 00:00:00.000000179,96.30096,22,18
1970-01-01 00:00:00.000000180,96.33855,22,18
1970-01-01 00:00:00.000000181,96.319046,22,18
1970-01-01 00:00:00.000000180,96.49694,22,19
1970-01-01 00:00:00.000000181,96.53011,22,19
1970-01-01 00:00:00.000000182,96.45947,22,19
1970-01-01 00:00:00.000000181,96.65462,22,20
1970-01-01 00:00:00.000000182,96.64704,22,20
1970-01-01 00:00:00.000000183,96.47493,22,20
1970-01-01 00:00:00.000000182,96.64831,22,21
1970-01-01 00:00:00.000000183,96.59578,22,21
1970-01-01 00:00:00.000000184,96.36296,22,21
1970-01-01 00:00:00.000000183,96.466805,22,22
1970-01-01 00:00:00.000000184,96.36983,22,22
1970-01-01 00:00:00.000000185,96.112,22,22
1970-01-01 00:00:00.000000184,96.18724,22,23
1970-01-01 00:00:00.000000185,96.07072,22,23
1970-01-01 00:00:00.000000186,95.843056,22,23
1970-01-01 00:00:00.000000185,95.64813,22,24
1970-01-01 00:00:00.000000186,95.56681,22,24
1970-01-01 00:00:00.000000187,95.39855,22,24
1970-01-01 00:00:00.000000186,95.44597,22,25
1970-01-01 00:00:00.000000187,95.39943,22,25
1970-01-01 00:00:00.000000188,95.26711,22,25
1970-01-01 00:00:00.000000187,95.2152,22,26
1970-01-01 00:00:00.000000188,95.20082,22,26
1970-01-01 00:00:00.000000189,95.10601,22,26
1970-01-01 00:00:00.000000130,93.179955,23,10
1970-01-01 00:00:00.000000131,93.11057,23,10
1970-01-01 00:00:00.000000132,93.01384,23,10
1970-01-01 00:00:00.000000131,93.230835,23,11
1970-01-01 00:00:00.000000132,93.1477,23,11
1970-01-01 00:00:00.000000133,93.06417,23,11
1970-01-01 00:00:00.000000132,93.32579,23,12
1970-01-01 00:00:00.000000133,93.25288,23,12
1970-01-01 00:00:00.000000134,93.17107,23,12
1970-01-01 00:00:00.000000133,93.41653,23,13
1970-01-01 00:00:00.000000134,93.34469,23,13
1970-01-01 00:00:00.000000135,93.258316,23,13
1970-01-01 00:00:00.000000134,93.486786,23,14
1970-01-01 00:00:00.000000135,93.41195,23,14
1970-01-01 00:00:00.000000136,93.318565,23,14
1970-01-01 00:00:00.000000135,93.59215,23,15
1970-01-01 00:00:00.000000136,93.50935,23,15
1970-01-01 00:00:00.000000137,93.405785,23,15
1970-01-01 00:00:00.000000136,93.67008,23,16
1970-01-01 00:00:00.000000137,93.57799,23,16
1970-01-01 00:00:00.000000138,93.46819,23,16
1970-01-01 00:00:00.000000137,93.72009,23,17
1970-01-01 00:00:00.000000138,93.62314,23,17
1970-01-01 00:00:00.000000139,93.51054,23,17
1970-01-01 00:00:00.000000138,93.75703,23,18
1970-01-01 00:00:00.000000139,93.65799,23,18
1970-01-01 00:00:00.000000140,93.53766,23,18
1970-01-01 00:00:00.000000139,93.77863,23,19
1970-01-01 00:00:00.000000140,93.67602,23,19
1970-01-01 00:00:00.000000141,93.554474,23,19
1970-01-01 00:00:00.000000095,98.211494,25,10
1970-01-01 00:00:00.000000096,98.13014,25,10
1970-01-01 00:00:00.000000097,97.96994,25,10
1970-01-01 00:00:00.000000096,98.34909,25,11
1970-01-01 00:00:00.000000097,98.288155,25,11
1970-01-01 00:00:00.000000098,98.12268,25,11
1970-01-01 00:00:00.000000097,97.693634,25,12
1970-01-01 00:00:00.000000098,97.65608,25,12
1970-01-01 00:00:00.000000099,97.44051,25,12
1970-01-01 00:00:00.000000231,92.94564,26,10
1970-01-01 00:00:00.000000232,92.822105,26,10
1970-01-01 00:00:00.000000233,92.708885,26,10
1970-01-01 00:00:00.000000232,93.06241,26,11
1970-01-01 00:00:00.000000233,92.944626,26,11
1970-01-01 00:00:00.000000234,92.77122,26,11
1970-01-01 00:00:00.000000233,93.1646,26,12
1970-01-01 00:00:00.000000234,92.98898,26,12
1970-01-01 00:00:00.000000235,92.85636,26,12
1970-01-01 00:00:00.000000234,93.21565,26,13
1970-01-01 00:00:00.000000235,93.07946,26,13
1970-01-01 00:00:00.000000236,92.94991,26,13
1970-01-01 00:00:00.000000235,93.27554,26,14
1970-01-01 00:00:00.000000236,93.13958,26,14
1970-01-01 00:00:00.000000237,92.95318,26,14
1970-01-01 00:00:00.000000236,93.31213,26,15
1970-01-01 00:00:00.000000237,93.122475,26,15
1970-01-01 00:00:00.000000238,93.02798,26,15
1970-01-01 00:00:00.000000237,93.27271,26,16
1970-01-01 00:00:00.000000238,93.17454,26,16
1970-01-01 00:00:00.000000239,93.05474,26,16
1970-01-01 00:00:00.000000238,93.30678,26,17
1970-01-01 00:00:00.000000239,93.18607,26,17
1970-01-01 00:00:00.000000240,93.068306,26,17
1970-01-01 00:00:00.000000239,93.29691,26,18
1970-01-01 00:00:00.000000240,93.182205,26,18
1970-01-01 00:00:00.000000241,93.07049,26,18
1970-01-01 00:00:00.000000240,93.17185,26,19
1970-01-01 00:00:00.000000241,93.06638,26,19
1970-01-01 00:00:00.000000242,92.96588,26,19
1970-01-01 00:00:00.000000241,93.103714,26,20
1970-01-01 00:00:00.000000242,93.00807,26,20
1970-01-01 00:00:00.000000243,92.91777,26,20
1970-01-01 00:00:00.000000242,93.082085,26,21
1970-01-01 00:00:00.000000243,92.993675,26,21
1970-01-01 00:00:00.000000244,92.872696,26,21
1970-01-01 00:00:00.000000243,93.070145,26,22
1970-01-01 00:00:00.000000244,92.95406,26,22
1970-01-01 00:00:00.000000245,92.9282,26,22
1970-01-01 00:00:00.000000244,93.01766,26,23
1970-01-01 00:00:00.000000245,92.99615,26,23
1970-01-01 00:00:00.000000246,92.982346,26,23
1970-01-01 00:00:00.000000245,93.02676,26,24
1970-01-01 00:00:00.000000246,93.01545,26,24
1970-01-01 00:00:00.000000247,92.90976,26,24
1970-01-01 00:00:00.000000246,93.09423,26,25
1970-01-01 00:00:00.000000247,92.99578,26,25
1970-01-01 00:00:00.000000248,92.889725,26,25
1970-01-01 00:00:00.000000247,93.067345,26,26
1970-01-01 00:00:00.000000248,92.96904,26,26
1970-01-01 00:00:00.000000249,92.89542,26,26
1970-01-01 00:00:00.000000248,92.911934,26,27
1970-01-01 00:00:00.000000249,92.85106,26,27
1970-01-01 00:00:00.000000250,92.77694,26,27
1970-01-01 00:00:00.000000249,91.28995,26,28
1970-01-01 00:00:00.000000250,91.25618,26,28
1970-01-01 00:00:00.000000251,91.225945,26,28
1970-01-01 00:00:00.000000250,87.96874,26,29
1970-01-01 00:00:00.000000251,88.01656,26,29
1970-01-01 00:00:00.000000252,88.06848,26,29
1970-01-01 00:00:00.000000251,85.57063,26,30
1970-01-01 00:00:00.000000252,85.708046,26,30
1970-01-01 00:00:00.000000253,85.89264,26,30
1970-01-01 00:00:00.000000252,86.04271,26,31
1970-01-01 00:00:00.000000253,86.26773,26,31
1970-01-01 00:00:00.000000254,86.68535,26,31
1970-01-01 00:00:00.000000253,86.30686,26,32
1970-01-01 00:00:00.000000254,86.73054,26,32
1970-01-01 00:00:00.000000255,87.254616,26,32
1970-01-01 00:00:00.000000254,88.07379,26,33
1970-01-01 00:00:00.000000255,88.5077,26,33
1970-01-01 00:00:00.000000256,88.87411,26,33
1970-01-01 00:00:00.000000255,89.83178,26,34
1970-01-01 00:00:00.000000256,90.101074,26,34
1970-01-01 00:00:00.000000257,90.199974,26,34
1970-01-01 00:00:00.000000256,90.36007,26,35
1970-01-01 00:00:00.000000257,90.45054,26,35
1970-01-01 00:00:00.000000258,90.357056,26,35
1970-01-01 00:00:00.000000257,90.38324,26,36
1970-01-01 00:00:00.000000258,90.30651,26,36
1970-01-01 00:00:00.000000259,90.04523,26,36
1970-01-01 00:00:00.000000181,90.33778,29,10
1970-01-01 00:00:00.000000182,90.384735,29,10
1970-01-01 00:00:00.000000183,90.316734,29,10
1970-01-01 00:00:00.000000182,90.91933,29,11
1970-01-01 00:00:00.000000183,91.00208,29,11
1970-01-01 00:00:00.000000184,91.00268,29,11
1970-01-01 00:00:00.000000183,91.409775,29,12
1970-01-01 00:00:00.000000184,91.52791,29,12
1970-01-01 00:00:00.000000185,91.58739,29,12
1970-01-01 00:00:00.000000184,91.83624,29,13
1970-01-01 00:00:00.000000185,91.95798,29,13
1970-01-01 00:00:00.000000186,91.91472,29,13
1970-01-01 00:00:00.000000185,92.26535,29,14
1970-01-01 00:00:00.000000186,92.292755,29,14
1970-01-01 00:00:00.000000187,92.08903,29,14
1970-01-01 00:00:00.000000186,92.58703,29,15
1970-01-01 00:00:00.000000187,92.54411,29,15
1970-01-01 00:00:00.000000188,92.29152,29,15
1970-01-01 00:00:00.000000187,92.70221,29,16
1970-01-01 00:00:00.000000188,92.57669,29,16
1970-01-01 00:00:00.000000189,92.270195,29,16
1970-01-01 00:00:00.000000188,91.831696,29,17
1970-01-01 00:00:00.000000189,91.69322,29,17
1970-01-01 00:00:00.000000190,91.444305,29,17
1970-01-01 00:00:00.000000189,91.76657,29,18
1970-01-01 00:00:00.000000190,91.65669,29,18
1970-01-01 00:00:00.000000191,91.44804,29,18
1970-01-01 00:00:00.000000190,92.49929,29,19
1970-01-01 00:00:00.000000191,92.407036,29,19
1970-01-01 00:00:00.000000192,92.21972,29,19
1970-01-01 00:00:00.000000191,92.57124,29,20
1970-01-01 00:00:00.000000192,92.50773,29,20
1970-01-01 00:00:00.000000193,92.3916,29,20
1970-01-01 00:00:00.000000192,92.055176,29,21
1970-01-01 00:00:00.000000193,92.054565,29,21
1970-01-01 00:00:00.000000194,91.89907,29,21
1970-01-01 00:00:00.000000193,91.78538,29,22
1970-01-01 00:00:00.000000194,91.751526,29,22
1970-01-01 00:00:00.000000195,91.56076,29,22
1970-01-01 00:00:00.000000194,87.9103,29,23
1970-01-01 00:00:00.000000195,87.9484,29,23
1970-01-01 00:00:00.000000196,87.89669,29,23
1970-01-01 00:00:00.000000195,87.710045,29,24
1970-01-01 00:00:00.000000196,87.83006,29,24
1970-01-01 00:00:00.000000197,87.89468,29,24
1970-01-01 00:00:00.000000196,88.626724,29,25
1970-01-01 00:00:00.000000197,88.826706,29,25
1970-01-01 00:00:00.000000198,88.97874,29,25
1970-01-01 00:00:00.000000197,88.747055,29,26
1970-01-01 00:00:00.000000198,89.020226,29,26
1970-01-01 00:00:00.000000199,89.27753,29,26
1970-01-01 00:00:00.000000198,88.36578,29,27
1970-01-01 00:00:00.000000199,88.69218,29,27
1970-01-01 00:00:00.000000200,88.86849,29,27
1970-01-01 00:00:00.000000199,89.750656,29,28
1970-01-01 00:00:00.000000200,89.92013,29,28
1970-01-01 00:00:00.000000201,89.815155,29,28
1970-01-01 00:00:00.000000092,89.00461,40,10
1970-01-01 00:00:00.000000093,89.1026,40,10
1970-01-01 00:00:00.000000094,89.03091,40,10
1970-01-01 00:00:00.000000093,89.53255,40,11
1970-01-01 00:00:00.000000094,89.54915,40,11
1970-01-01 00:00:00.000000095,89.36871,40,11
1970-01-01 00:00:00.000000094,89.991425,40,12
1970-01-01 00:00:00.000000095,89.92912,40,12
1970-01-01 00:00:00.000000096,89.66829,40,12
1970-01-01 00:00:00.000000092,85.04977,42,10
1970-01-01 00:00:00.000000093,85.27735,42,10
1970-01-01 00:00:00.000000094,85.45451,42,10
1970-01-01 00:00:00.000000093,85.338135,42,11
1970-01-01 00:00:00.000000094,85.56703,42,11
1970-01-01 00:00:00.000000095,85.692665,42,11
1970-01-01 00:00:00.000000094,85.63822,42,12
1970-01-01 00:00:00.000000095,85.81602,42,12
1970-01-01 00:00:00.000000096,85.87163,42,12
1970-01-01 00:00:00.000000156,71.29443,45,10
1970-01-01 00:00:00.000000157,71.54049,45,10
1970-01-01 00:00:00.000000158,71.84943,45,10
1970-01-01 00:00:00.000000157,71.255646,45,11
1970-01-01 00:00:00.000000158,71.5137,45,11
1970-01-01 00:00:00.000000159,71.821304,45,11
1970-01-01 00:00:00.000000158,71.01675,45,12
1970-01-01 00:00:00.000000159,71.270195,45,12
1970-01-01 00:00:00.000000160,71.58207,45,12
1970-01-01 00:00:00.000000159,71.09142,45,13
1970-01-01 00:00:00.000000160,71.33937,45,13
1970-01-01 00:00:00.000000161,71.63825,45,13
1970-01-01 00:00:00.000000160,70.95339,45,14
1970-01-01 00:00:00.000000161,71.19713,45,14
1970-01-01 00:00:00.000000162,71.497314,45,14
1970-01-01 00:00:00.000000161,70.92052,45,15
1970-01-01 00:00:00.000000162,71.16315,45,15
1970-01-01 00:00:00.000000163,71.462,45,15
1970-01-01 00:00:00.000000162,71.11844,45,16
1970-01-01 00:00:00.000000163,71.3654,45,16
1970-01-01 00:00:00.000000164,71.64824,45,16
1970-01-01 00:00:00.000000163,71.520836,45,17
1970-01-01 00:00:00.000000164,71.762024,45,17
1970-01-01 00:00:00.000000165,72.02665,45,17
1970-01-01 00:00:00.000000164,71.485756,45,18
1970-01-01 00:00:00.000000165,71.71338,45,18
1970-01-01 00:00:00.000000166,71.9998,45,18
1970-01-01 00:00:00.000000165,71.46141,45,19
1970-01-01 00:00:00.000000166,71.69391,45,19
1970-01-01 00:00:00.000000167,71.95875,45,19
1970-01-01 00:00:00.000000166,71.39181,45,20
1970-01-01 00:00:00.000000167,71.611244,45,20
1970-01-01 00:00:00.000000168,71.84949,45,20
1970-01-01 00:00:00.000000167,70.88915,45,21
1970-01-01 00:00:00.000000168,71.0743,45,21
1970-01-01 00:00:00.000000169,71.37232,45,21
1970-01-01 00:00:00.000000168,70.64654,45,22
1970-01-01 00:00:00.000000169,70.883224,45,22
1970-01-01 00:00:00.000000170,71.21749,45,22
1970-01-01 00:00:00.000000169,71.033485,45,23
1970-01-01 00:00:00.000000170,71.32117,45,23
1970-01-01 00:00:00.000000171,71.621056,45,23
1970-01-01 00:00:00.000000116,86.69097,46,10
1970-01-01 00:00:00.000000117,86.68736,46,10
1970-01-01 00:00:00.000000118,86.616005,46,10
1970-01-01 00:00:00.000000117,87.57249,46,11
1970-01-01 00:00:00.000000118,87.63347,46,11
1970-01-01 00:00:00.000000119,87.625,46,11
1970-01-01 00:00:00.000000118,87.15076,46,12
1970-01-01 00:00:00.000000119,87.2671,46,12
1970-01-01 00:00:00.000000120,87.316734,46,12
1970-01-01 00:00:00.000000119,87.1667,46,13
1970-01-01 00:00:00.000000120,87.32061,46,13
1970-01-01 00:00:00.000000121,87.367516,46,13
1970-01-01 00:00:00.000000120,87.1124,46,14
1970-01-01 00:00:00.000000121,87.25471,46,14
1970-01-01 00:00:00.000000122,87.2145,46,14
1970-01-01 00:00:00.000000121,86.85165,46,15
1970-01-01 00:00:00.000000122,86.941414,46,15
1970-01-01 00:00:00.000000123,86.92453,46,15
1970-01-01 00:00:00.000000122,86.62976,46,16
1970-01-01 00:00:00.000000123,86.7515,46,16
1970-01-01 00:00:00.000000124,86.743835,46,16
1970-01-01 00:00:00.000000243,77.80482,53,10
1970-01-01 00:00:00.000000244,78.41022,53,10
1970-01-01 00:00:00.000000245,78.83215,53,10
1970-01-01 00:00:00.000000244,79.94296,53,11
1970-01-01 00:00:00.000000245,80.408394,53,11
1970-01-01 00:00:00.000000246,80.51449,53,11
1970-01-01 00:00:00.000000245,79.9473,53,12
1970-01-01 00:00:00.000000246,80.14906,53,12
1970-01-01 00:00:00.000000247,80.15312,53,12
1970-01-01 00:00:00.000000246,80.86557,53,13
1970-01-01 00:00:00.000000247,80.90827,53,13
1970-01-01 00:00:00.000000248,80.74827,53,13
1970-01-01 00:00:00.000000247,81.265015,53,14
1970-01-01 00:00:00.000000248,81.1907,53,14
1970-01-01 00:00:00.000000249,80.93451,53,14
1970-01-01 00:00:00.000000248,79.91516,53,15
1970-01-01 00:00:00.000000249,79.77942,53,15
1970-01-01 00:00:00.000000250,79.69216,53,15
1970-01-01 00:00:00.000000249,79.86635,53,16
1970-01-01 00:00:00.000000250,79.78997,53,16
1970-01-01 00:00:00.000000251,79.7156,53,16
1970-01-01 00:00:00.000000250,80.98168,53,17
1970-01-01 00:00:00.000000251,80.96385,53,17
1970-01-01 00:00:00.000000252,80.91489,53,17
1970-01-01 00:00:00.000000251,81.97125,53,18
1970-01-01 00:00:00.000000252,81.997025,53,18
1970-01-01 00:00:00.000000253,82.02646,53,18
1970-01-01 00:00:00.000000252,82.676834,53,19
1970-01-01 00:00:00.000000253,82.742935,53,19
1970-01-01 00:00:00.000000254,82.7171,53,19
1970-01-01 00:00:00.000000253,81.73003,53,20
1970-01-01 00:00:00.000000254,81.76159,53,20
1970-01-01 00:00:00.000000255,81.68955,53,20
1970-01-01 00:00:00.000000254,80.87367,53,21
1970-01-01 00:00:00.000000255,80.8463,53,21
1970-01-01 00:00:00.000000256,80.74837,53,21
1970-01-01 00:00:00.000000255,78.80384,53,22
1970-01-01 00:00:00.000000256,78.757576,53,22
1970-01-01 00:00:00.000000257,78.78411,53,22
1970-01-01 00:00:00.000000256,77.07245,53,23
1970-01-01 00:00:00.000000257,77.15261,53,23
1970-01-01 00:00:00.000000258,77.40197,53,23
1970-01-01 00:00:00.000000257,76.59945,53,24
1970-01-01 00:00:00.000000258,76.898796,53,24
1970-01-01 00:00:00.000000259,77.33061,53,24
1970-01-01 00:00:00.000000258,76.73811,53,25
1970-01-01 00:00:00.000000259,77.21562,53,25
1970-01-01 00:00:00.000000260,77.706764,53,25
1970-01-01 00:00:00.000000259,76.96368,53,26
1970-01-01 00:00:00.000000260,77.503204,53,26
1970-01-01 00:00:00.000000261,77.9469,53,26
1970-01-01 00:00:00.000000260,77.21263,53,27
1970-01-01 00:00:00.000000261,77.66022,53,27
1970-01-01 00:00:00.000000262,77.98204,53,27
1970-01-01 00:00:00.000000261,77.00692,53,28
1970-01-01 00:00:00.000000262,77.36827,53,28
1970-01-01 00:00:00.000000263,77.625084,53,28
1970-01-01 00:00:00.000000262,77.839195,53,29
1970-01-01 00:00:00.000000263,78.12155,53,29
1970-01-01 00:00:00.000000264,78.3064,53,29
1970-01-01 00:00:00.000000263,78.83198,53,30
1970-01-01 00:00:00.000000264,79.08417,53,30
1970-01-01 00:00:00.000000265,79.15928,53,30
1970-01-01 00:00:00.000000264,79.75151,53,31
1970-01-01 00:00:00.000000265,79.91092,53,31
1970-01-01 00:00:00.000000266,79.90641,53,31
1970-01-01 00:00:00.000000265,79.92557,53,32
1970-01-01 00:00:00.000000266,80.005196,53,32
1970-01-01 00:00:00.000000267,79.93753,53,32
1970-01-01 00:00:00.000000266,79.82347,53,33
1970-01-01 00:00:00.000000267,79.81597,53,33
1970-01-01 00:00:00.000000268,79.71937,53,33
1970-01-01 00:00:00.000000267,79.185936,53,34
1970-01-01 00:00:00.000000268,79.15175,53,34
1970-01-01 00:00:00.000000269,79.092865,53,34
1970-01-01 00:00:00.000000268,78.31656,53,35
1970-01-01 00:00:00.000000269,78.296776,53,35
1970-01-01 00:00:00.000000270,78.31871,53,35
1970-01-01 00:00:00.000000269,76.309906,53,36
1970-01-01 00:00:00.000000270,76.38617,53,36
1970-01-01 00:00:00.000000271,76.56211,53,36
1970-01-01 00:00:00.000000270,74.82723,53,37
1970-01-01 00:00:00.000000271,75.0233,53,37
1970-01-01 00:00:00.000000272,75.31912,53,37
1970-01-01 00:00:00.000000271,76.31041,53,38
1970-01-01 00:00:00.000000272,76.63257,53,38
1970-01-01 00:00:00.000000273,76.93306,53,38
1970-01-01 00:00:00.000000272,78.72652,53,39
1970-01-01 00:00:00.000000273,79.09124,53,39
1970-01-01 00:00:00.000000274,79.34164,53,39
1970-01-01 00:00:00.000000097,55.0815,54,10
1970-01-01 00:00:00.000000098,55.86216,54,10
1970-01-01 00:00:00.000000099,56.51946,54,10
1970-01-01 00:00:00.000000098,54.70257,54,11
1970-01-01 00:00:00.000000099,55.45101,54,11
1970-01-01 00:00:00.000000100,56.094147,54,11
1970-01-01 00:00:00.000000099,54.508587,54,12
1970-01-01 00:00:00.000000100,55.243996,54,12
1970-01-01 00:00:00.000000101,55.85356,54,12
1970-01-01 00:00:00.000000100,54.940086,54,13
1970-01-01 00:00:00.000000101,55.662663,54,13
1970-01-01 00:00:00.000000102,56.007786,54,13
1970-01-01 00:00:00.000000277,71.879456,60,10
1970-01-01 00:00:00.000000278,72.05464,60,10
1970-01-01 00:00:00.000000279,72.1757,60,10
1970-01-01 00:00:00.000000278,70.19635,60,11
1970-01-01 00:00:00.000000279,70.42839,60,11
1970-01-01 00:00:00.000000280,70.70691,60,11
1970-01-01 00:00:00.000000279,67.02394,60,12
1970-01-01 00:00:00.000000280,67.318436,60,12
1970-01-01 00:00:00.000000281,67.76869,60,12
1970-01-01 00:00:00.000000280,66.4975,60,13
1970-01-01 00:00:00.000000281,66.93184,60,13
1970-01-01 00:00:00.000000282,67.401245,60,13
1970-01-01 00:00:00.000000281,66.244736,60,14
1970-01-01 00:00:00.000000282,66.803894,60,14
1970-01-01 00:00:00.000000283,67.274826,60,14
1970-01-01 00:00:00.000000282,67.2947,60,15
1970-01-01 00:00:00.000000283,67.8592,60,15
1970-01-01 00:00:00.000000284,68.299,60,15
1970-01-01 00:00:00.000000283,69.15133,60,16
1970-01-01 00:00:00.000000284,69.77145,60,16
1970-01-01 00:00:00.000000285,70.10521,60,16
1970-01-01 00:00:00.000000284,70.74544,60,17
1970-01-01 00:00:00.000000285,71.29028,60,17
1970-01-01 00:00:00.000000286,71.51313,60,17
1970-01-01 00:00:00.000000285,71.77823,60,18
1970-01-01 00:00:00.000000286,72.188484,60,18
1970-01-01 00:00:00.000000287,72.23644,60,18
1970-01-01 00:00:00.000000286,72.62969,60,19
1970-01-01 00:00:00.000000287,72.82749,60,19
1970-01-01 00:00:00.000000288,72.71773,60,19
1970-01-01 00:00:00.000000287,73.68867,60,20
1970-01-01 00:00:00.000000288,73.789764,60,20
1970-01-01 00:00:00.000000289,73.60222,60,20
1970-01-01 00:00:00.000000288,74.02583,60,21
1970-01-01 00:00:00.000000289,74.05032,60,21
1970-01-01 00:00:00.000000290,73.89403,60,21
1970-01-01 00:00:00.000000289,73.62419,60,22
1970-01-01 00:00:00.000000290,73.63491,60,22
1970-01-01 00:00:00.000000291,73.49566,60,22
1970-01-01 00:00:00.000000290,72.903496,60,23
1970-01-01 00:00:00.000000291,72.89107,60,23
1970-01-01 00:00:00.000000292,72.88102,60,23
1970-01-01 00:00:00.000000291,72.890686,60,24
1970-01-01 00:00:00.000000292,72.98349,60,24
1970-01-01 00:00:00.000000293,73.02587,60,24
1970-01-01 00:00:00.000000292,72.150276,60,25
1970-01-01 00:00:00.000000293,72.30849,60,25
1970-01-01 00:00:00.000000294,72.53352,60,25
1970-01-01 00:00:00.000000293,72.21094,60,26
1970-01-01 00:00:00.000000294,72.52075,60,26
1970-01-01 00:00:00.000000295,72.6941,60,26
1970-01-01 00:00:00.000000294,72.61969,60,27
1970-01-01 00:00:00.000000295,72.919,60,27
1970-01-01 00:00:00.000000296,73.08878,60,27
1970-01-01 00:00:00.000000295,71.60643,60,28
1970-01-01 00:00:00.000000296,71.884766,60,28
1970-01-01 00:00:00.000000297,72.12616,60,28
1970-01-01 00:00:00.000000296,70.58318,60,29
1970-01-01 00:00:00.000000297,70.86827,60,29
1970-01-01 00:00:00.000000298,71.179214,60,29
1970-01-01 00:00:00.000000297,70.71666,60,30
1970-01-01 00:00:00.000000298,71.07867,60,30
1970-01-01 00:00:00.000000299,71.31741,60,30
1970-01-01 00:00:00.000000298,71.02918,60,31
1970-01-01 00:00:00.000000299,71.381714,60,31
1970-01-01 00:00:00.000000300,71.63535,60,31
1970-01-01 00:00:00.000000299,70.75325,60,32
1970-01-01 00:00:00.000000300,71.11484,60,32
1970-01-01 00:00:00.000000301,71.38677,60,32
1970-01-01 00:00:00.000000300,69.89815,60,33
1970-01-01 00:00:00.000000301,70.26754,60,33
1970-01-01 00:00:00.000000302,70.54473,60,33
1970-01-01 00:00:00.000000301,68.14204,60,34
1970-01-01 00:00:00.000000302,68.47321,60,34
1970-01-01 00:00:00.000000303,68.829185,60,34
1970-01-01 00:00:00.000000302,67.85539,60,35
1970-01-01 00:00:00.000000303,68.217155,60,35
1970-01-01 00:00:00.000000304,68.570885,60,35
1970-01-01 00:00:00.000000303,67.55007,60,36
1970-01-01 00:00:00.000000304,67.98478,60,36
1970-01-01 00:00:00.000000305,68.36355,60,36
1970-01-01 00:00:00.000000304,67.68032,60,37
1970-01-01 00:00:00.000000305,68.171875,60,37
1970-01-01 00:00:00.000000306,68.53417,60,37
1970-01-01 00:00:00.000000305,67.291855,60,38
1970-01-01 00:00:00.000000306,67.789635,60,38
1970-01-01 00:00:00.000000307,68.15574,60,38
1970-01-01 00:00:00.000000306,67.92083,60,39
1970-01-01 00:00:00.000000307,68.37734,60,39
1970-01-01 00:00:00.000000308,68.676125,60,39
1970-01-01 00:00:00.000000307,69.2028,60,40
1970-01-01 00:00:00.000000308,69.6392,60,40
1970-01-01 00:00:00.000000309,69.836136,60,40
1970-01-01 00:00:00.000000308,71.544685,60,41
1970-01-01 00:00:00.000000309,71.932785,60,41
1970-01-01 00:00:00.000000310,71.963356,60,41
1970-01-01 00:00:00.000000309,70.111176,60,42
1970-01-01 00:00:00.000000310,70.39539,60,42
1970-01-01 00:00:00.000000311,70.481865,60,42
1970-01-01 00:00:00.000000310,67.02419,60,43
1970-01-01 00:00:00.000000311,67.14448,60,43
1970-01-01 00:00:00.000000312,67.29959,60,43
1970-01-01 00:00:00.000000311,65.1103,60,44
1970-01-01 00:00:00.000000312,65.24108,60,44
1970-01-01 00:00:00.000000313,65.526054,60,44
1970-01-01 00:00:00.000000312,66.26038,60,45
1970-01-01 00:00:00.000000313,66.57319,60,45
1970-01-01 00:00:00.000000314,66.87369,60,45
1970-01-01 00:00:00.000000102,94.701904,61,10
1970-01-01 00:00:00.000000103,94.51178,61,10
1970-01-01 00:00:00.000000104,94.20164,61,10
1970-01-01 00:00:00.000000103,94.7554,61,11
1970-01-01 00:00:00.000000104,94.54404,61,11
1970-01-01 00:00:00.000000105,94.249535,61,11
1970-01-01 00:00:00.000000104,94.64549,61,12
1970-01-01 00:00:00.000000105,94.45289,61,12
1970-01-01 00:00:00.000000106,94.172874,61,12
1970-01-01 00:00:00.000000105,94.78772,61,13
1970-01-01 00:00:00.000000106,94.59384,61,13
1970-01-01 00:00:00.000000107,94.345406,61,13
1970-01-01 00:00:00.000000106,95.05413,61,14
1970-01-01 00:00:00.000000107,94.91375,61,14
1970-01-01 00:00:00.000000108,94.709366,61,14
1970-01-01 00:00:00.000000125,87.591866,62,10
1970-01-01 00:00:00.000000126,87.726875,62,10
1970-01-01 00:00:00.000000127,87.84558,62,10
1970-01-01 00:00:00.000000126,88.33683,62,11
1970-01-01 00:00:00.000000127,88.450615,62,11
1970-01-01 00:00:00.000000128,88.53948,62,11
1970-01-01 00:00:00.000000127,88.520164,62,12
1970-01-01 00:00:00.000000128,88.61,62,12
1970-01-01 00:00:00.000000129,88.65486,62,12
1970-01-01 00:00:00.000000128,88.292206,62,13
1970-01-01 00:00:00.000000129,88.334564,62,13
1970-01-01 00:00:00.000000130,88.314415,62,13
1970-01-01 00:00:00.000000129,87.77762,62,14
1970-01-01 00:00:00.000000130,87.79069,62,14
1970-01-01 00:00:00.000000131,87.74786,62,14
1970-01-01 00:00:00.000000130,87.08187,62,15
1970-01-01 00:00:00.000000131,87.088394,62,15
1970-01-01 00:00:00.000000132,87.086044,62,15
1970-01-01 00:00:00.000000131,86.61048,62,16
1970-01-01 00:00:00.000000132,86.65461,62,16
1970-01-01 00:00:00.000000133,86.73785,62,16
1970-01-01 00:00:00.000000132,86.57571,62,17
1970-01-01 00:00:00.000000133,86.67254,62,17
1970-01-01 00:00:00.000000134,86.821754,62,17
1970-01-01 00:00:00.000000133,86.832634,62,18
1970-01-01 00:00:00.000000134,86.9757,62,18
1970-01-01 00:00:00.000000135,87.15209,62,18
1970-01-01 00:00:00.000000292,84.65758,63,10
1970-01-01 00:00:00.000000293,84.75579,63,10
1970-01-01 00:00:00.000000294,84.875,63,10
1970-01-01 00:00:00.000000293,83.410416,63,11
1970-01-01 00:00:00.000000294,83.55192,63,11
1970-01-01 00:00:00.000000295,83.75415,63,11
1970-01-01 00:00:00.000000294,82.420845,63,12
1970-01-01 00:00:00.000000295,82.62275,63,12
1970-01-01 00:00:00.000000296,82.95515,63,12
1970-01-01 00:00:00.000000295,82.254654,63,13
1970-01-01 00:00:00.000000296,82.53791,63,13
1970-01-01 00:00:00.000000297,82.91674,63,13
1970-01-01 00:00:00.000000296,81.89263,63,14
1970-01-01 00:00:00.000000297,82.214134,63,14
1970-01-01 00:00:00.000000298,82.68065,63,14
1970-01-01 00:00:00.000000297,81.81754,63,15
1970-01-01 00:00:00.000000298,82.23163,63,15
1970-01-01 00:00:00.000000299,82.68641,63,15
1970-01-01 00:00:00.000000298,79.84115,63,16
1970-01-01 00:00:00.000000299,80.26041,63,16
1970-01-01 00:00:00.000000300,80.65442,63,16
1970-01-01 00:00:00.000000299,77.214165,63,17
1970-01-01 00:00:00.000000300,77.56871,63,17
1970-01-01 00:00:00.000000301,77.900375,63,17
1970-01-01 00:00:00.000000300,76.3399,63,18
1970-01-01 00:00:00.000000301,76.62697,63,18
1970-01-01 00:00:00.000000302,77.0107,63,18
1970-01-01 00:00:00.000000301,76.434654,63,19
1970-01-01 00:00:00.000000302,76.78846,63,19
1970-01-01 00:00:00.000000303,77.340324,63,19
1970-01-01 00:00:00.000000302,77.91719,63,20
1970-01-01 00:00:00.000000303,78.43562,63,20
1970-01-01 00:00:00.000000304,78.922104,63,20
1970-01-01 00:00:00.000000303,78.78239,63,21
1970-01-01 00:00:00.000000304,79.22125,63,21
1970-01-01 00:00:00.000000305,79.60372,63,21
1970-01-01 00:00:00.000000304,78.34585,63,22
1970-01-01 00:00:00.000000305,78.68944,63,22
1970-01-01 00:00:00.000000306,78.91462,63,22
1970-01-01 00:00:00.000000305,78.617744,63,23
1970-01-01 00:00:00.000000306,78.78134,63,23
1970-01-01 00:00:00.000000307,78.82909,63,23
1970-01-01 00:00:00.000000306,78.98146,63,24
1970-01-01 00:00:00.000000307,79.00099,63,24
1970-01-01 00:00:00.000000308,79.0496,63,24
1970-01-01 00:00:00.000000307,80.14145,63,25
1970-01-01 00:00:00.000000308,80.18155,63,25
1970-01-01 00:00:00.000000309,80.25862,63,25
1970-01-01 00:00:00.000000308,80.255035,63,26
1970-01-01 00:00:00.000000309,80.323586,63,26
1970-01-01 00:00:00.000000310,80.37494,63,26
1970-01-01 00:00:00.000000309,80.03162,63,27
1970-01-01 00:00:00.000000310,80.04579,63,27
1970-01-01 00:00:00.000000311,80.02236,63,27
1970-01-01 00:00:00.000000310,81.04257,63,28
1970-01-01 00:00:00.000000311,80.97527,63,28
1970-01-01 00:00:00.000000312,80.94941,63,28
1970-01-01 00:00:00.000000311,82.33444,63,29
1970-01-01 00:00:00.000000312,82.27505,63,29
1970-01-01 00:00:00.000000313,82.16844,63,29
1970-01-01 00:00:00.000000312,83.72499,63,30
1970-01-01 00:00:00.000000313,83.59073,63,30
1970-01-01 00:00:00.000000314,83.44195,63,30
1970-01-01 00:00:00.000000313,84.19527,63,31
1970-01-01 00:00:00.000000314,83.99912,63,31
1970-01-01 00:00:00.000000315,83.785805,63,31
1970-01-01 00:00:00.000000314,84.66087,63,32
1970-01-01 00:00:00.000000315,84.40319,63,32
1970-01-01 00:00:00.000000316,84.14408,63,32
1970-01-01 00:00:00.000000315,84.93936,63,33
1970-01-01 00:00:00.000000316,84.64263,63,33
1970-01-01 00:00:00.000000317,84.44388,63,33
1970-01-01 00:00:00.000000316,85.53892,63,34
1970-01-01 00:00:00.000000317,85.29354,63,34
1970-01-01 00:00:00.000000318,85.19133,63,34
1970-01-01 00:00:00.000000317,85.339905,63,35
1970-01-01 00:00:00.000000318,85.2139,63,35
1970-01-01 00:00:00.000000319,85.20345,63,35
1970-01-01 00:00:00.000000318,84.86993,63,36
1970-01-01 00:00:00.000000319,84.82367,63,36
1970-01-01 00:00:00.000000320,84.807724,63,36
1970-01-01 00:00:00.000000319,84.38808,63,37
1970-01-01 00:00:00.000000320,84.36127,63,37
1970-01-01 00:00:00.000000321,84.38678,63,37
1970-01-01 00:00:00.000000320,83.876785,63,38
1970-01-01 00:00:00.000000321,83.90231,63,38
1970-01-01 00:00:00.000000322,84.009796,63,38
1970-01-01 00:00:00.000000321,83.769035,63,39
1970-01-01 00:00:00.000000322,83.87606,63,39
1970-01-01 00:00:00.000000323,83.99546,63,39
1970-01-01 00:00:00.000000322,84.10991,63,40
1970-01-01 00:00:00.000000323,84.20325,63,40
1970-01-01 00:00:00.000000324,84.30356,63,40
1970-01-01 00:00:00.000000323,84.38936,63,41
1970-01-01 00:00:00.000000324,84.46062,63,41
1970-01-01 00:00:00.000000325,84.55629,63,41
1970-01-01 00:00:00.000000324,84.53751,63,42
1970-01-01 00:00:00.000000325,84.59181,63,42
1970-01-01 00:00:00.000000326,84.70859,63,42
1970-01-01 00:00:00.000000325,84.403046,63,43
1970-01-01 00:00:00.000000326,84.49037,63,43
1970-01-01 00:00:00.000000327,84.56831,63,43
1970-01-01 00:00:00.000000326,83.446396,63,44
1970-01-01 00:00:00.000000327,83.51875,63,44
1970-01-01 00:00:00.000000328,83.59141,63,44
1970-01-01 00:00:00.000000327,82.411736,63,45
1970-01-01 00:00:00.000000328,82.48375,63,45
1970-01-01 00:00:00.000000329,82.624146,63,45
1970-01-01 00:00:00.000000328,81.65488,63,46
1970-01-01 00:00:00.000000329,81.7889,63,46
1970-01-01 00:00:00.000000330,81.89967,63,46
1970-01-01 00:00:00.000000329,82.12172,63,47
1970-01-01 00:00:00.000000330,82.21065,63,47
1970-01-01 00:00:00.000000331,82.36742,63,47
1970-01-01 00:00:00.000000156,76.19985,64,10
1970-01-01 00:00:00.000000157,76.48009,64,10
1970-01-01 00:00:00.000000158,76.73239,64,10
1970-01-01 00:00:00.000000157,76.10699,64,11
1970-01-01 00:00:00.000000158,76.39897,64,11
1970-01-01 00:00:00.000000159,76.62482,64,11
1970-01-01 00:00:00.000000158,76.43223,64,12
1970-01-01 00:00:00.000000159,76.69121,64,12
1970-01-01 00:00:00.000000160,76.8458,64,12
1970-01-01 00:00:00.000000159,76.13996,64,13
1970-01-01 00:00:00.000000160,76.343925,64,13
1970-01-01 00:00:00.000000161,76.48457,64,13
1970-01-01 00:00:00.000000160,76.63441,64,14
1970-01-01 00:00:00.000000161,76.81327,64,14
1970-01-01 00:00:00.000000162,76.91639,64,14
1970-01-01 00:00:00.000000161,76.28712,64,15
1970-01-01 00:00:00.000000162,76.445885,64,15
1970-01-01 00:00:00.000000163,76.46819,64,15
1970-01-01 00:00:00.000000162,76.2745,64,16
1970-01-01 00:00:00.000000163,76.32357,64,16
1970-01-01 00:00:00.000000164,76.34646,64,16
1970-01-01 00:00:00.000000163,76.29491,64,17
1970-01-01 00:00:00.000000164,76.36025,64,17
1970-01-01 00:00:00.000000165,76.4682,64,17
1970-01-01 00:00:00.000000164,75.33508,64,18
1970-01-01 00:00:00.000000165,75.480385,64,18
1970-01-01 00:00:00.000000166,75.737595,64,18
1970-01-01 00:00:00.000000165,74.282265,64,19
1970-01-01 00:00:00.000000166,74.56396,64,19
1970-01-01 00:00:00.000000167,74.84118,64,19
1970-01-01 00:00:00.000000166,74.34906,64,20
1970-01-01 00:00:00.000000167,74.63152,64,20
1970-01-01 00:00:00.000000168,74.84325,64,20
1970-01-01 00:00:00.000000167,74.99434,64,21
1970-01-01 00:00:00.000000168,75.25933,64,21
1970-01-01 00:00:00.000000169,75.44846,64,21
1970-01-01 00:00:00.000000168,75.04046,64,22
1970-01-01 00:00:00.000000169,75.26843,64,22
1970-01-01 00:00:00.000000170,75.4076,64,22
1970-01-01 00:00:00.000000169,76.291695,64,23
1970-01-01 00:00:00.000000170,76.45929,64,23
1970-01-01 00:00:00.000000171,76.575905,64,23
1970-01-01 00:00:00.000000225,71.81636,65,10
1970-01-01 00:00:00.000000226,72.082214,65,10
1970-01-01 00:00:00.000000227,72.198135,65,10
1970-01-01 00:00:00.000000226,72.36133,65,11
1970-01-01 00:00:00.000000227,72.617546,65,11
1970-01-01 00:00:00.000000228,72.68978,65,11
1970-01-01 00:00:00.000000227,72.24947,65,12
1970-01-01 00:00:00.000000228,72.464905,65,12
1970-01-01 00:00:00.000000229,72.53603,65,12
1970-01-01 00:00:00.000000228,72.1726,65,13
1970-01-01 00:00:00.000000229,72.35291,65,13
1970-01-01 00:00:00.000000230,72.42923,65,13
1970-01-01 00:00:00.000000229,72.57867,65,14
1970-01-01 00:00:00.000000230,72.7662,65,14
1970-01-01 00:00:00.000000231,72.822945,65,14
1970-01-01 00:00:00.000000230,73.277405,65,15
1970-01-01 00:00:00.000000231,73.47757,65,15
1970-01-01 00:00:00.000000232,73.52616,65,15
1970-01-01 00:00:00.000000231,73.734985,65,16
1970-01-01 00:00:00.000000232,73.939125,65,16
1970-01-01 00:00:00.000000233,73.99086,65,16
1970-01-01 00:00:00.000000232,73.48437,65,17
1970-01-01 00:00:00.000000233,73.67178,65,17
1970-01-01 00:00:00.000000234,73.729004,65,17
1970-01-01 00:00:00.000000233,73.42944,65,18
1970-01-01 00:00:00.000000234,73.59679,65,18
1970-01-01 00:00:00.000000235,73.648315,65,18
1970-01-01 00:00:00.000000234,73.822716,65,19
1970-01-01 00:00:00.000000235,73.98384,65,19
1970-01-01 00:00:00.000000236,74.0278,65,19
1970-01-01 00:00:00.000000235,73.833435,65,20
1970-01-01 00:00:00.000000236,73.999374,65,20
1970-01-01 00:00:00.000000237,74.06932,65,20
1970-01-01 00:00:00.000000236,73.67662,65,21
1970-01-01 00:00:00.000000237,73.86051,65,21
1970-01-01 00:00:00.000000238,73.948875,65,21
1970-01-01 00:00:00.000000237,73.43028,65,22
1970-01-01 00:00:00.000000238,73.63004,65,22
1970-01-01 00:00:00.000000239,73.73456,65,22
1970-01-01 00:00:00.000000238,73.07483,65,23
1970-01-01 00:00:00.000000239,73.27767,65,23
1970-01-01 00:00:00.000000240,73.41937,65,23
1970-01-01 00:00:00.000000239,73.144936,65,24
1970-01-01 00:00:00.000000240,73.36852,65,24
1970-01-01 00:00:00.000000241,73.51409,65,24
1970-01-01 00:00:00.000000240,73.57719,65,25
1970-01-01 00:00:00.000000241,73.82593,65,25
1970-01-01 00:00:00.000000242,73.951294,65,25
1970-01-01 00:00:00.000000241,73.815735,65,26
1970-01-01 00:00:00.000000242,74.065735,65,26
1970-01-01 00:00:00.000000243,74.19203,65,26
1970-01-01 00:00:00.000000242,73.99272,65,27
1970-01-01 00:00:00.000000243,74.22839,65,27
1970-01-01 00:00:00.000000244,74.33454,65,27
1970-01-01 00:00:00.000000243,75.018776,65,28
1970-01-01 00:00:00.000000244,75.23757,65,28
1970-01-01 00:00:00.000000245,75.273224,65,28
1970-01-01 00:00:00.000000244,75.69006,65,29
1970-01-01 00:00:00.000000245,75.8709,65,29
1970-01-01 00:00:00.000000246,75.877396,65,29
1970-01-01 00:00:00.000000245,76.55049,65,30
1970-01-01 00:00:00.000000246,76.69111,65,30
1970-01-01 00:00:00.000000247,76.6494,65,30
1970-01-01 00:00:00.000000246,76.59111,65,31
1970-01-01 00:00:00.000000247,76.69483,65,31
1970-01-01 00:00:00.000000248,76.634766,65,31
1970-01-01 00:00:00.000000247,75.383354,65,32
1970-01-01 00:00:00.000000248,75.427124,65,32
1970-01-01 00:00:00.000000249,75.41012,65,32
1970-01-01 00:00:00.000000248,74.00567,65,33
1970-01-01 00:00:00.000000249,74.04272,65,33
1970-01-01 00:00:00.000000250,74.08391,65,33
1970-01-01 00:00:00.000000249,74.28695,65,34
1970-01-01 00:00:00.000000250,74.37792,65,34
1970-01-01 00:00:00.000000251,74.46829,65,34
1970-01-01 00:00:00.000000250,73.64393,65,35
1970-01-01 00:00:00.000000251,73.847374,65,35
1970-01-01 00:00:00.000000252,74.08293,65,35
1970-01-01 00:00:00.000000083,94.36236,66,10
1970-01-01 00:00:00.000000084,94.083275,66,10
1970-01-01 00:00:00.000000085,93.69453,66,10
1970-01-01 00:00:00.000000124,89.70276,67,10
1970-01-01 00:00:00.000000125,89.64245,67,10
1970-01-01 00:00:00.000000126,89.48535,67,10
1970-01-01 00:00:00.000000125,84.59353,67,11
1970-01-01 00:00:00.000000126,84.545494,67,11
1970-01-01 00:00:00.000000127,84.62044,67,11
1970-01-01 00:00:00.000000126,86.8488,67,12
1970-01-01 00:00:00.000000127,86.945526,67,12
1970-01-01 00:00:00.000000128,87.012665,67,12
1970-01-01 00:00:00.000000127,87.76777,67,13
1970-01-01 00:00:00.000000128,87.943115,67,13
1970-01-01 00:00:00.000000129,88.02793,67,13
1970-01-01 00:00:00.000000128,88.564445,67,14
1970-01-01 00:00:00.000000129,88.75788,67,14
1970-01-01 00:00:00.000000130,88.922585,67,14
1970-01-01 00:00:00.000000129,88.22902,67,15
1970-01-01 00:00:00.000000130,88.416626,67,15
1970-01-01 00:00:00.000000131,88.32876,67,15
1970-01-01 00:00:00.000000130,88.30818,67,16
1970-01-01 00:00:00.000000131,88.19819,67,16
1970-01-01 00:00:00.000000132,87.84441,67,16
1970-01-01 00:00:00.000000131,88.275085,67,17
1970-01-01 00:00:00.000000132,88.06376,67,17
1970-01-01 00:00:00.000000133,87.72051,67,17
1970-01-01 00:00:00.000000176,75.11825,69,10
1970-01-01 00:00:00.000000177,75.75262,69,10
1970-01-01 00:00:00.000000178,76.462425,69,10
1970-01-01 00:00:00.000000177,76.2062,69,11
1970-01-01 00:00:00.000000178,76.963295,69,11
1970-01-01 00:00:00.000000179,77.70027,69,11
1970-01-01 00:00:00.000000178,77.726845,69,12
1970-01-01 00:00:00.000000179,78.470695,69,12
1970-01-01 00:00:00.000000180,79.08726,69,12
1970-01-01 00:00:00.000000179,77.56281,69,13
1970-01-01 00:00:00.000000180,78.14745,69,13
1970-01-01 00:00:00.000000181,78.49209,69,13
1970-01-01 00:00:00.000000180,76.34436,69,14
1970-01-01 00:00:00.000000181,76.691345,69,14
1970-01-01 00:00:00.000000182,76.93722,69,14
1970-01-01 00:00:00.000000181,77.27043,69,15
1970-01-01 00:00:00.000000182,77.47603,69,15
1970-01-01 00:00:00.000000183,77.56033,69,15
1970-01-01 00:00:00.000000182,77.19505,69,16
1970-01-01 00:00:00.000000183,77.33423,69,16
1970-01-01 00:00:00.000000184,77.418396,69,16
1970-01-01 00:00:00.000000183,78.09362,69,17
1970-01-01 00:00:00.000000184,78.22709,69,17
1970-01-01 00:00:00.000000185,78.30132,69,17
1970-01-01 00:00:00.000000184,80.09947,69,18
1970-01-01 00:00:00.000000185,80.226074,69,18
1970-01-01 00:00:00.000000186,80.131615,69,18
1970-01-01 00:00:00.000000185,81.931816,69,19
1970-01-01 00:00:00.000000186,81.916725,69,19
1970-01-01 00:00:00.000000187,81.75124,69,19
1970-01-01 00:00:00.000000186,81.815,69,20
1970-01-01 00:00:00.000000187,81.71732,69,20
1970-01-01 00:00:00.000000188,81.52671,69,20
1970-01-01 00:00:00.000000187,81.11732,69,21
1970-01-01 00:00:00.000000188,80.937454,69,21
1970-01-01 00:00:00.000000189,80.75972,69,21
1970-01-01 00:00:00.000000188,79.972435,69,22
1970-01-01 00:00:00.000000189,79.84629,69,22
1970-01-01 00:00:00.000000190,79.75186,69,22
1970-01-01 00:00:00.000000189,77.7106,69,23
1970-01-01 00:00:00.000000190,77.62547,69,23
1970-01-01 00:00:00.000000191,77.65531,69,23
1970-01-01 00:00:00.000000190,76.03413,69,24
1970-01-01 00:00:00.000000191,76.07013,69,24
1970-01-01 00:00:00.000000192,76.32735,69,24
1970-01-01 00:00:00.000000191,74.51776,69,25
1970-01-01 00:00:00.000000192,74.789925,69,25
1970-01-01 00:00:00.000000193,75.21944,69,25
1970-01-01 00:00:00.000000192,74.66869,69,26
1970-01-01 00:00:00.000000193,75.10642,69,26
1970-01-01 00:00:00.000000194,75.62602,69,26
1970-01-01 00:00:00.000000193,74.22205,69,27
1970-01-01 00:00:00.000000194,74.74854,69,27
1970-01-01 00:00:00.000000195,75.30612,69,27
1970-01-01 00:00:00.000000226,94.70454,70,10
1970-01-01 00:00:00.000000227,94.63064,70,10
1970-01-01 00:00:00.000000228,94.48534,70,10
1970-01-01 00:00:00.000000227,94.80431,70,11
1970-01-01 00:00:00.000000228,94.70775,70,11
1970-01-01 00:00:00.000000229,94.5394,70,11
1970-01-01 00:00:00.000000228,94.789734,70,12
1970-01-01 00:00:00.000000229,94.68145,70,12
1970-01-01 00:00:00.000000230,94.49159,70,12
1970-01-01 00:00:00.000000229,94.77841,70,13
1970-01-01 00:00:00.000000230,94.658035,70,13
1970-01-01 00:00:00.000000231,94.44353,70,13
1970-01-01 00:00:00.000000230,94.75884,70,14
1970-01-01 00:00:00.000000231,94.625786,70,14
1970-01-01 00:00:00.000000232,94.448814,70,14
1970-01-01 00:00:00.000000231,94.80471,70,15
1970-01-01 00:00:00.000000232,94.69499,70,15
1970-01-01 00:00:00.000000233,94.59242,70,15
1970-01-01 00:00:00.000000232,94.85142,70,16
1970-01-01 00:00:00.000000233,94.7979,70,16
1970-01-01 00:00:00.000000234,94.70114,70,16
1970-01-01 00:00:00.000000233,94.94281,70,17
1970-01-01 00:00:00.000000234,94.89079,70,17
1970-01-01 00:00:00.000000235,94.795235,70,17
1970-01-01 00:00:00.000000234,95.004105,70,18
1970-01-01 00:00:00.000000235,94.95773,70,18
1970-01-01 00:00:00.000000236,94.84839,70,18
1970-01-01 00:00:00.000000235,95.087685,70,19
1970-01-01 00:00:00.000000236,95.03319,70,19
1970-01-01 00:00:00.000000237,94.91373,70,19
1970-01-01 00:00:00.000000236,95.208046,70,20
1970-01-01 00:00:00.000000237,95.14717,70,20
1970-01-01 00:00:00.000000238,95.0266,70,20
1970-01-01 00:00:00.000000237,95.213974,70,21
1970-01-01 00:00:00.000000238,95.150024,70,21
1970-01-01 00:00:00.000000239,95.030594,70,21
1970-01-01 00:00:00.000000238,95.14232,70,22
1970-01-01 00:00:00.000000239,95.08112,70,22
1970-01-01 00:00:00.000000240,94.94863,70,22
1970-01-01 00:00:00.000000239,95.017914,70,23
1970-01-01 00:00:00.000000240,94.95025,70,23
1970-01-01 00:00:00.000000241,94.806404,70,23
1970-01-01 00:00:00.000000240,95.00027,70,24
1970-01-01 00:00:00.000000241,94.92969,70,24
1970-01-01 00:00:00.000000242,94.80146,70,24
1970-01-01 00:00:00.000000241,94.97986,70,25
1970-01-01 00:00:00.000000242,94.92297,70,25
1970-01-01 00:00:00.000000243,94.80951,70,25
1970-01-01 00:00:00.000000242,94.94135,70,26
1970-01-01 00:00:00.000000243,94.88699,70,26
1970-01-01 00:00:00.000000244,94.75431,70,26
1970-01-01 00:00:00.000000243,94.859085,70,27
1970-01-01 00:00:00.000000244,94.78257,70,27
1970-01-01 00:00:00.000000245,94.693855,70,27
1970-01-01 00:00:00.000000244,94.707245,70,28
1970-01-01 00:00:00.000000245,94.674835,70,28
1970-01-01 00:00:00.000000246,94.57983,70,28
1970-01-01 00:00:00.000000245,94.63574,70,29
1970-01-01 00:00:00.000000246,94.605156,70,29
1970-01-01 00:00:00.000000247,94.5078,70,29
1970-01-01 00:00:00.000000246,94.57201,70,30
1970-01-01 00:00:00.000000247,94.53874,70,30
1970-01-01 00:00:00.000000248,94.44871,70,30
1970-01-01 00:00:00.000000247,94.520226,70,31
1970-01-01 00:00:00.000000248,94.491425,70,31
1970-01-01 00:00:00.000000249,94.41238,70,31
1970-01-01 00:00:00.000000248,94.46222,70,32
1970-01-01 00:00:00.000000249,94.43826,70,32
1970-01-01 00:00:00.000000250,94.35527,70,32
1970-01-01 00:00:00.000000249,94.44674,70,33
1970-01-01 00:00:00.000000250,94.416985,70,33
1970-01-01 00:00:00.000000251,94.32494,70,33
1970-01-01 00:00:00.000000250,94.49236,70,34
1970-01-01 00:00:00.000000251,94.45901,70,34
1970-01-01 00:00:00.000000252,94.36189,70,34
1970-01-01 00:00:00.000000251,94.57488,70,35
1970-01-01 00:00:00.000000252,94.53544,70,35
1970-01-01 00:00:00.000000253,94.43172,70,35
1970-01-01 00:00:00.000000252,94.46701,70,36
1970-01-01 00:00:00.000000253,94.42093,70,36
1970-01-01 00:00:00.000000254,94.25938,70,36
1970-01-01 00:00:00.000000226,90.22873,71,10
1970-01-01 00:00:00.000000227,90.260666,71,10
1970-01-01 00:00:00.000000228,90.18633,71,10
1970-01-01 00:00:00.000000227,90.19838,71,11
1970-01-01 00:00:00.000000228,90.2079,71,11
1970-01-01 00:00:00.000000229,90.096016,71,11
1970-01-01 00:00:00.000000228,89.9512,71,12
1970-01-01 00:00:00.000000229,89.940254,71,12
1970-01-01 00:00:00.000000230,89.79468,71,12
1970-01-01 00:00:00.000000229,89.65169,71,13
1970-01-01 00:00:00.000000230,89.60009,71,13
1970-01-01 00:00:00.000000231,88.96729,71,13
1970-01-01 00:00:00.000000230,88.868774,71,14
1970-01-01 00:00:00.000000231,88.33945,71,14
1970-01-01 00:00:00.000000232,88.11955,71,14
1970-01-01 00:00:00.000000231,87.86808,71,15
1970-01-01 00:00:00.000000232,87.73208,71,15
1970-01-01 00:00:00.000000233,87.844864,71,15
1970-01-01 00:00:00.000000232,86.83285,71,16
1970-01-01 00:00:00.000000233,87.024086,71,16
1970-01-01 00:00:00.000000234,87.36965,71,16
1970-01-01 00:00:00.000000233,84.15141,71,17
1970-01-01 00:00:00.000000234,84.614395,71,17
1970-01-01 00:00:00.000000235,84.89202,71,17
1970-01-01 00:00:00.000000234,83.212326,71,18
1970-01-01 00:00:00.000000235,83.5926,71,18
1970-01-01 00:00:00.000000236,83.96808,71,18
1970-01-01 00:00:00.000000235,84.252335,71,19
1970-01-01 00:00:00.000000236,84.67703,71,19
1970-01-01 00:00:00.000000237,85.09543,71,19
1970-01-01 00:00:00.000000236,86.89049,71,20
1970-01-01 00:00:00.000000237,87.32232,71,20
1970-01-01 00:00:00.000000238,87.79547,71,20
1970-01-01 00:00:00.000000237,88.71312,71,21
1970-01-01 00:00:00.000000238,89.16575,71,21
1970-01-01 00:00:00.000000239,89.50377,71,21
1970-01-01 00:00:00.000000238,89.67483,71,22
1970-01-01 00:00:00.000000239,89.990326,71,22
1970-01-01 00:00:00.000000240,89.98851,71,22
1970-01-01 00:00:00.000000239,90.1897,71,23
1970-01-01 00:00:00.000000240,90.27904,71,23
1970-01-01 00:00:00.000000241,90.00832,71,23
1970-01-01 00:00:00.000000240,90.629715,71,24
1970-01-01 00:00:00.000000241,90.50711,71,24
1970-01-01 00:00:00.000000242,90.14177,71,24
1970-01-01 00:00:00.000000241,91.69041,71,25
1970-01-01 00:00:00.000000242,91.475746,71,25
1970-01-01 00:00:00.000000243,91.19954,71,25
1970-01-01 00:00:00.000000242,92.79436,71,26
1970-01-01 00:00:00.000000243,92.59277,71,26
1970-01-01 00:00:00.000000244,92.41342,71,26
1970-01-01 00:00:00.000000243,93.278885,71,27
1970-01-01 00:00:00.000000244,93.15659,71,27
1970-01-01 00:00:00.000000245,92.98688,71,27
1970-01-01 00:00:00.000000244,93.48775,71,28
1970-01-01 00:00:00.000000245,93.39928,71,28
1970-01-01 00:00:00.000000246,93.15493,71,28
1970-01-01 00:00:00.000000245,93.77455,71,29
1970-01-01 00:00:00.000000246,93.65331,71,29
1970-01-01 00:00:00.000000247,93.36997,71,29
1970-01-01 00:00:00.000000246,93.964134,71,30
1970-01-01 00:00:00.000000247,93.83453,71,30
1970-01-01 00:00:00.000000248,93.55603,71,30
1970-01-01 00:00:00.000000247,94.16148,71,31
1970-01-01 00:00:00.000000248,94.02298,71,31
1970-01-01 00:00:00.000000249,93.78659,71,31
1970-01-01 00:00:00.000000248,94.4662,71,32
1970-01-01 00:00:00.000000249,94.343956,71,32
1970-01-01 00:00:00.000000250,94.1151,71,32
1970-01-01 00:00:00.000000249,94.93012,71,33
1970-01-01 00:00:00.000000250,94.80427,71,33
1970-01-01 00:00:00.000000251,94.56931,71,33
1970-01-01 00:00:00.000000250,95.33666,71,34
1970-01-01 00:00:00.000000251,95.1982,71,34
1970-01-01 00:00:00.000000252,94.945114,71,34
1970-01-01 00:00:00.000000251,95.60712,71,35
1970-01-01 00:00:00.000000252,95.46545,71,35
1970-01-01 00:00:00.000000253,95.24964,71,35
1970-01-01 00:00:00.000000320,92.45564,72,10
1970-01-01 00:00:00.000000321,92.42228,72,10
1970-01-01 00:00:00.000000322,92.327126,72,10
1970-01-01 00:00:00.000000321,92.68601,72,11
1970-01-01 00:00:00.000000322,92.597725,72,11
1970-01-01 00:00:00.000000323,92.484665,72,11
1970-01-01 00:00:00.000000322,92.83534,72,12
1970-01-01 00:00:00.000000323,92.73568,72,12
1970-01-01 00:00:00.000000324,92.59112,72,12
1970-01-01 00:00:00.000000323,92.83218,72,13
1970-01-01 00:00:00.000000324,92.72451,72,13
1970-01-01 00:00:00.000000325,92.573204,72,13
1970-01-01 00:00:00.000000324,92.977,72,14
1970-01-01 00:00:00.000000325,92.868706,72,14
1970-01-01 00:00:00.000000326,92.74361,72,14
1970-01-01 00:00:00.000000325,93.29469,72,15
1970-01-01 00:00:00.000000326,93.201004,72,15
1970-01-01 00:00:00.000000327,93.08457,72,15
1970-01-01 00:00:00.000000326,93.52053,72,16
1970-01-01 00:00:00.000000327,93.4316,72,16
1970-01-01 00:00:00.000000328,93.31714,72,16
1970-01-01 00:00:00.000000327,93.48714,72,17
1970-01-01 00:00:00.000000328,93.40757,72,17
1970-01-01 00:00:00.000000329,93.30818,72,17
1970-01-01 00:00:00.000000328,93.393845,72,18
1970-01-01 00:00:00.000000329,93.342064,72,18
1970-01-01 00:00:00.000000330,93.2235,72,18
1970-01-01 00:00:00.000000329,93.348274,72,19
1970-01-01 00:00:00.000000330,93.29548,72,19
1970-01-01 00:00:00.000000331,93.175735,72,19
1970-01-01 00:00:00.000000330,93.156105,72,20
1970-01-01 00:00:00.000000331,93.10312,72,20
1970-01-01 00:00:00.000000332,93.05664,72,20
1970-01-01 00:00:00.000000331,93.04682,72,21
1970-01-01 00:00:00.000000332,93.04918,72,21
1970-01-01 00:00:00.000000333,93.04067,72,21
1970-01-01 00:00:00.000000332,93.04995,72,22
1970-01-01 00:00:00.000000333,93.073906,72,22
1970-01-01 00:00:00.000000334,93.08298,72,22
1970-01-01 00:00:00.000000333,93.1155,72,23
1970-01-01 00:00:00.000000334,93.155426,72,23
1970-01-01 00:00:00.000000335,93.14892,72,23
1970-01-01 00:00:00.000000334,93.15088,72,24
1970-01-01 00:00:00.000000335,93.17627,72,24
1970-01-01 00:00:00.000000336,93.11344,72,24
1970-01-01 00:00:00.000000335,93.07906,72,25
1970-01-01 00:00:00.000000336,93.055786,72,25
1970-01-01 00:00:00.000000337,93.0176,72,25
1970-01-01 00:00:00.000000336,93.20699,72,26
1970-01-01 00:00:00.000000337,93.21559,72,26
1970-01-01 00:00:00.000000338,93.1736,72,26
1970-01-01 00:00:00.000000337,91.908714,72,27
1970-01-01 00:00:00.000000338,91.94035,72,27
1970-01-01 00:00:00.000000339,91.895,72,27
1970-01-01 00:00:00.000000338,91.496254,72,28
1970-01-01 00:00:00.000000339,91.5244,72,28
1970-01-01 00:00:00.000000340,91.51147,72,28
1970-01-01 00:00:00.000000339,92.45222,72,29
1970-01-01 00:00:00.000000340,92.47802,72,29
1970-01-01 00:00:00.000000341,92.4453,72,29
1970-01-01 00:00:00.000000340,93.0741,72,30
1970-01-01 00:00:00.000000341,93.06224,72,30
1970-01-01 00:00:00.000000342,93.049355,72,30
1970-01-01 00:00:00.000000341,93.39429,72,31
1970-01-01 00:00:00.000000342,93.37544,72,31
1970-01-01 00:00:00.000000343,93.35784,72,31
1970-01-01 00:00:00.000000342,93.5958,72,32
1970-01-01 00:00:00.000000343,93.53793,72,32
1970-01-01 00:00:00.000000344,93.37251,72,32
1970-01-01 00:00:00.000000343,93.66078,72,33
1970-01-01 00:00:00.000000344,93.56245,72,33
1970-01-01 00:00:00.000000345,93.362366,72,33
1970-01-01 00:00:00.000000344,93.59399,72,34
1970-01-01 00:00:00.000000345,93.482925,72,34
1970-01-01 00:00:00.000000346,93.295074,72,34
1970-01-01 00:00:00.000000345,93.14411,72,35
1970-01-01 00:00:00.000000346,93.03614,72,35
1970-01-01 00:00:00.000000347,92.88124,72,35
1970-01-01 00:00:00.000000346,89.5953,72,36
1970-01-01 00:00:00.000000347,89.59898,72,36
1970-01-01 00:00:00.000000348,89.57176,72,36
1970-01-01 00:00:00.000000347,86.32699,72,37
1970-01-01 00:00:00.000000348,86.47571,72,37
1970-01-01 00:00:00.000000349,86.62624,72,37
1970-01-01 00:00:00.000000348,89.06701,72,38
1970-01-01 00:00:00.000000349,89.26915,72,38
1970-01-01 00:00:00.000000350,89.521355,72,38
1970-01-01 00:00:00.000000349,91.042,72,39
1970-01-01 00:00:00.000000350,91.27495,72,39
1970-01-01 00:00:00.000000351,91.6383,72,39
1970-01-01 00:00:00.000000350,91.89088,72,40
1970-01-01 00:00:00.000000351,92.17346,72,40
1970-01-01 00:00:00.000000352,92.55246,72,40
1970-01-01 00:00:00.000000351,92.210495,72,41
1970-01-01 00:00:00.000000352,92.414345,72,41
1970-01-01 00:00:00.000000353,92.38584,72,41
1970-01-01 00:00:00.000000352,92.40891,72,42
1970-01-01 00:00:00.000000353,92.38183,72,42
1970-01-01 00:00:00.000000354,92.047104,72,42
1970-01-01 00:00:00.000000353,90.660034,72,43
1970-01-01 00:00:00.000000354,90.515724,72,43
1970-01-01 00:00:00.000000355,90.20096,72,43
1970-01-01 00:00:00.000000354,89.45532,72,44
1970-01-01 00:00:00.000000355,89.240654,72,44
1970-01-01 00:00:00.000000356,89.04048,72,44
1970-01-01 00:00:00.000000355,89.41575,72,45
1970-01-01 00:00:00.000000356,89.32244,72,45
1970-01-01 00:00:00.000000357,89.35925,72,45
1970-01-01 00:00:00.000000356,84.34811,72,46
1970-01-01 00:00:00.000000357,84.54358,72,46
1970-01-01 00:00:00.000000358,85.38752,72,46
1970-01-01 00:00:00.000000357,81.05299,72,47
1970-01-01 00:00:00.000000358,82.07319,72,47
1970-01-01 00:00:00.000000359,83.2683,72,47
1970-01-01 00:00:00.000000358,80.96912,72,48
1970-01-01 00:00:00.000000359,82.28528,72,48
1970-01-01 00:00:00.000000360,82.92526,72,48
1970-01-01 00:00:00.000000359,75.20058,72,49
1970-01-01 00:00:00.000000360,76.18112,72,49
1970-01-01 00:00:00.000000361,77.25935,72,49
1970-01-01 00:00:00.000000360,68.55228,72,50
1970-01-01 00:00:00.000000361,69.88728,72,50
1970-01-01 00:00:00.000000362,71.300125,72,50
1970-01-01 00:00:00.000000361,72.10928,72,51
1970-01-01 00:00:00.000000362,73.427086,72,51
1970-01-01 00:00:00.000000363,74.87323,72,51
1970-01-01 00:00:00.000000362,76.42805,72,52
1970-01-01 00:00:00.000000363,77.98061,72,52
1970-01-01 00:00:00.000000364,79.0794,72,52
1970-01-01 00:00:00.000000219,86.79825,73,10
1970-01-01 00:00:00.000000220,86.89179,73,10
1970-01-01 00:00:00.000000221,86.89649,73,10
1970-01-01 00:00:00.000000220,87.35763,73,11
1970-01-01 00:00:00.000000221,87.44952,73,11
1970-01-01 00:00:00.000000222,87.43108,73,11
1970-01-01 00:00:00.000000221,88.42981,73,12
1970-01-01 00:00:00.000000222,88.48723,73,12
1970-01-01 00:00:00.000000223,88.50106,73,12
1970-01-01 00:00:00.000000222,88.16312,73,13
1970-01-01 00:00:00.000000223,88.25652,73,13
1970-01-01 00:00:00.000000224,88.24095,73,13
1970-01-01 00:00:00.000000223,87.64083,73,14
1970-01-01 00:00:00.000000224,87.68015,73,14
1970-01-01 00:00:00.000000225,87.54519,73,14
1970-01-01 00:00:00.000000224,86.64535,73,15
1970-01-01 00:00:00.000000225,86.59835,73,15
1970-01-01 00:00:00.000000226,86.49306,73,15
1970-01-01 00:00:00.000000225,86.87836,73,16
1970-01-01 00:00:00.000000226,86.85549,73,16
1970-01-01 00:00:00.000000227,86.768135,73,16
1970-01-01 00:00:00.000000226,87.65812,73,17
1970-01-01 00:00:00.000000227,87.66555,73,17
1970-01-01 00:00:00.000000228,87.53422,73,17
1970-01-01 00:00:00.000000227,85.648674,73,18
1970-01-01 00:00:00.000000228,85.614105,73,18
1970-01-01 00:00:00.000000229,85.60369,73,18
1970-01-01 00:00:00.000000228,86.768196,73,19
1970-01-01 00:00:00.000000229,86.78898,73,19
1970-01-01 00:00:00.000000230,86.72919,73,19
1970-01-01 00:00:00.000000229,86.813126,73,20
1970-01-01 00:00:00.000000230,86.82953,73,20
1970-01-01 00:00:00.000000231,86.733116,73,20
1970-01-01 00:00:00.000000230,87.23334,73,21
1970-01-01 00:00:00.000000231,87.22745,73,21
1970-01-01 00:00:00.000000232,87.14019,73,21
1970-01-01 00:00:00.000000231,85.40551,73,22
1970-01-01 00:00:00.000000232,85.40051,73,22
1970-01-01 00:00:00.000000233,85.36641,73,22
1970-01-01 00:00:00.000000232,85.6183,73,23
1970-01-01 00:00:00.000000233,85.62315,73,23
1970-01-01 00:00:00.000000234,85.55326,73,23
1970-01-01 00:00:00.000000233,85.37765,73,24
1970-01-01 00:00:00.000000234,85.451256,73,24
1970-01-01 00:00:00.000000235,85.385666,73,24
1970-01-01 00:00:00.000000234,84.43146,73,25
1970-01-01 00:00:00.000000235,84.40537,73,25
1970-01-01 00:00:00.000000236,84.43678,73,25
1970-01-01 00:00:00.000000235,83.6142,73,26
1970-01-01 00:00:00.000000236,83.73698,73,26
1970-01-01 00:00:00.000000237,83.88538,73,26
1970-01-01 00:00:00.000000236,82.89792,73,27
1970-01-01 00:00:00.000000237,83.079445,73,27
1970-01-01 00:00:00.000000238,83.10534,73,27
1970-01-01 00:00:00.000000237,82.52618,73,28
1970-01-01 00:00:00.000000238,82.65199,73,28
1970-01-01 00:00:00.000000239,82.80083,73,28
1970-01-01 00:00:00.000000238,82.807884,73,29
1970-01-01 00:00:00.000000239,82.97761,73,29
1970-01-01 00:00:00.000000240,83.13852,73,29
1970-01-01 00:00:00.000000239,82.947945,73,30
1970-01-01 00:00:00.000000240,83.17714,73,30
1970-01-01 00:00:00.000000241,83.235695,73,30
1970-01-01 00:00:00.000000240,81.890045,73,31
1970-01-01 00:00:00.000000241,82.016464,73,31
1970-01-01 00:00:00.000000242,82.14368,73,31
1970-01-01 00:00:00.000000241,82.53642,73,32
1970-01-01 00:00:00.000000242,82.67808,73,32
1970-01-01 00:00:00.000000243,82.71878,73,32
1970-01-01 00:00:00.000000242,82.9647,73,33
1970-01-01 00:00:00.000000243,83.076096,73,33
1970-01-01 00:00:00.000000244,83.068695,73,33
1970-01-01 00:00:00.000000243,81.89693,73,34
1970-01-01 00:00:00.000000244,81.966644,73,34
1970-01-01 00:00:00.000000245,82.01286,73,34
1970-01-01 00:00:00.000000116,88.773544,74,10
1970-01-01 00:00:00.000000117,88.737114,74,10
1970-01-01 00:00:00.000000118,88.58752,74,10
1970-01-01 00:00:00.000000117,88.23936,74,11
1970-01-01 00:00:00.000000118,88.167946,74,11
1970-01-01 00:00:00.000000119,87.98364,74,11
1970-01-01 00:00:00.000000118,88.07084,74,12
1970-01-01 00:00:00.000000119,87.99651,74,12
1970-01-01 00:00:00.000000120,87.87019,74,12
1970-01-01 00:00:00.000000119,87.87304,74,13
1970-01-01 00:00:00.000000120,87.85298,74,13
1970-01-01 00:00:00.000000121,87.81427,74,13
1970-01-01 00:00:00.000000120,87.54454,74,14
1970-01-01 00:00:00.000000121,87.56979,74,14
1970-01-01 00:00:00.000000122,87.55567,74,14
1970-01-01 00:00:00.000000121,87.75271,74,15
1970-01-01 00:00:00.000000122,87.8018,74,15
1970-01-01 00:00:00.000000123,87.75141,74,15
1970-01-01 00:00:00.000000122,88.16304,74,16
1970-01-01 00:00:00.000000123,88.18328,74,16
1970-01-01 00:00:00.000000124,88.07457,74,16
1970-01-01 00:00:00.000000129,80.75909,76,10
1970-01-01 00:00:00.000000130,80.88551,76,10
1970-01-01 00:00:00.000000131,81.05755,76,10
1970-01-01 00:00:00.000000130,80.97373,76,11
1970-01-01 00:00:00.000000131,81.10802,76,11
1970-01-01 00:00:00.000000132,81.276924,76,11
1970-01-01 00:00:00.000000131,81.134964,76,12
1970-01-01 00:00:00.000000132,81.26514,76,12
1970-01-01 00:00:00.000000133,81.42303,76,12
1970-01-01 00:00:00.000000132,81.26984,76,13
1970-01-01 00:00:00.000000133,81.384125,76,13
1970-01-01 00:00:00.000000134,81.51363,76,13
1970-01-01 00:00:00.000000133,81.37101,76,14
1970-01-01 00:00:00.000000134,81.46416,76,14
1970-01-01 00:00:00.000000135,81.57242,76,14
1970-01-01 00:00:00.000000134,81.313286,76,15
1970-01-01 00:00:00.000000135,81.38894,76,15
1970-01-01 00:00:00.000000136,81.49301,76,15
1970-01-01 00:00:00.000000135,81.44581,76,16
1970-01-01 00:00:00.000000136,81.511765,76,16
1970-01-01 00:00:00.000000137,81.6092,76,16
1970-01-01 00:00:00.000000136,81.47678,76,17
1970-01-01 00:00:00.000000137,81.54259,76,17
1970-01-01 00:00:00.000000138,81.649506,76,17
1970-01-01 00:00:00.000000137,81.64148,76,18
1970-01-01 00:00:00.000000138,81.711815,76,18
1970-01-01 00:00:00.000000139,81.819786,76,18
1970-01-01 00:00:00.000000151,75.395294,77,10
1970-01-01 00:00:00.000000152,75.58481,77,10
1970-01-01 00:00:00.000000153,75.791466,77,10
1970-01-01 00:00:00.000000152,75.28248,77,11
1970-01-01 00:00:00.000000153,75.44124,77,11
1970-01-01 00:00:00.000000154,75.629486,77,11
1970-01-01 00:00:00.000000153,75.26502,77,12
1970-01-01 00:00:00.000000154,75.40552,77,12
1970-01-01 00:00:00.000000155,75.58529,77,12
1970-01-01 00:00:00.000000154,75.096634,77,13
1970-01-01 00:00:00.000000155,75.23247,77,13
1970-01-01 00:00:00.000000156,75.42817,77,13
1970-01-01 00:00:00.000000155,74.86822,77,14
1970-01-01 00:00:00.000000156,75.0095,77,14
1970-01-01 00:00:00.000000157,75.21861,77,14
1970-01-01 00:00:00.000000156,74.847305,77,15
1970-01-01 00:00:00.000000157,75.00216,77,15
1970-01-01 00:00:00.000000158,75.21485,77,15
1970-01-01 00:00:00.000000157,75.075134,77,16
1970-01-01 00:00:00.000000158,75.23874,77,16
1970-01-01 00:00:00.000000159,75.44953,77,16
1970-01-01 00:00:00.000000158,74.816086,77,17
1970-01-01 00:00:00.000000159,74.98075,77,17
1970-01-01 00:00:00.000000160,75.20614,77,17
1970-01-01 00:00:00.000000159,74.897156,77,18
1970-01-01 00:00:00.000000160,75.06106,77,18
1970-01-01 00:00:00.000000161,75.26901,77,18
1970-01-01 00:00:00.000000160,74.945915,77,19
1970-01-01 00:00:00.000000161,75.10643,77,19
1970-01-01 00:00:00.000000162,75.3021,77,19
1970-01-01 00:00:00.000000161,74.8436,77,20
1970-01-01 00:00:00.000000162,74.988434,77,20
1970-01-01 00:00:00.000000163,75.1917,77,20
1970-01-01 00:00:00.000000162,74.86685,77,21
1970-01-01 00:00:00.000000163,75.01323,77,21
1970-01-01 00:00:00.000000164,75.20507,77,21
1970-01-01 00:00:00.000000163,75.05968,77,22
1970-01-01 00:00:00.000000164,75.199394,77,22
1970-01-01 00:00:00.000000165,75.37447,77,22
1970-01-01 00:00:00.000000098,81.33551,78,10
1970-01-01 00:00:00.000000099,81.59446,78,10
1970-01-01 00:00:00.000000100,81.80207,78,10
1970-01-01 00:00:00.000000099,79.18446,78,11
1970-01-01 00:00:00.000000100,79.456184,78,11
1970-01-01 00:00:00.000000101,79.74102,78,11
1970-01-01 00:00:00.000000100,76.1494,78,12
1970-01-01 00:00:00.000000101,76.30612,78,12
1970-01-01 00:00:00.000000102,76.734436,78,12
1970-01-01 00:00:00.000000101,74.07053,78,13
1970-01-01 00:00:00.000000102,74.34575,78,13
1970-01-01 00:00:00.000000103,74.6767,78,13
1970-01-01 00:00:00.000000275,82.64339,79,10
1970-01-01 00:00:00.000000276,82.64172,79,10
1970-01-01 00:00:00.000000277,82.56226,79,10
1970-01-01 00:00:00.000000276,82.95613,79,11
1970-01-01 00:00:00.000000277,82.943344,79,11
1970-01-01 00:00:00.000000278,82.78831,79,11
1970-01-01 00:00:00.000000277,83.67022,79,12
1970-01-01 00:00:00.000000278,83.580215,79,12
1970-01-01 00:00:00.000000279,83.53282,79,12
1970-01-01 00:00:00.000000278,83.5549,79,13
1970-01-01 00:00:00.000000279,83.57663,79,13
1970-01-01 00:00:00.000000280,83.44634,79,13
1970-01-01 00:00:00.000000279,82.80426,79,14
1970-01-01 00:00:00.000000280,82.73869,79,14
1970-01-01 00:00:00.000000281,82.74116,79,14
1970-01-01 00:00:00.000000280,82.54598,79,15
1970-01-01 00:00:00.000000281,82.61031,79,15
1970-01-01 00:00:00.000000282,82.63472,79,15
1970-01-01 00:00:00.000000281,82.16574,79,16
1970-01-01 00:00:00.000000282,82.26503,79,16
1970-01-01 00:00:00.000000283,82.30113,79,16
1970-01-01 00:00:00.000000282,82.01414,79,17
1970-01-01 00:00:00.000000283,82.12054,79,17
1970-01-01 00:00:00.000000284,82.20786,79,17
1970-01-01 00:00:00.000000283,82.38596,79,18
1970-01-01 00:00:00.000000284,82.52941,79,18
1970-01-01 00:00:00.000000285,82.616615,79,18
1970-01-01 00:00:00.000000284,82.418686,79,19
1970-01-01 00:00:00.000000285,82.57462,79,19
1970-01-01 00:00:00.000000286,82.62252,79,19
1970-01-01 00:00:00.000000285,82.434586,79,20
1970-01-01 00:00:00.000000286,82.53858,79,20
1970-01-01 00:00:00.000000287,82.52342,79,20
1970-01-01 00:00:00.000000286,82.37453,79,21
1970-01-01 00:00:00.000000287,82.41052,79,21
1970-01-01 00:00:00.000000288,82.499435,79,21
1970-01-01 00:00:00.000000287,82.397766,79,22
1970-01-01 00:00:00.000000288,82.558304,79,22
1970-01-01 00:00:00.000000289,82.60234,79,22
1970-01-01 00:00:00.000000288,82.2431,79,23
1970-01-01 00:00:00.000000289,82.36013,79,23
1970-01-01 00:00:00.000000290,82.38951,79,23
1970-01-01 00:00:00.000000289,81.864815,79,24
1970-01-01 00:00:00.000000290,81.95394,79,24
1970-01-01 00:00:00.000000291,81.99291,79,24
1970-01-01 00:00:00.000000290,81.94012,79,25
1970-01-01 00:00:00.000000291,82.04035,79,25
1970-01-01 00:00:00.000000292,82.07988,79,25
1970-01-01 00:00:00.000000291,82.07815,79,26
1970-01-01 00:00:00.000000292,82.18119,79,26
1970-01-01 00:00:00.000000293,82.22036,79,26
1970-01-01 00:00:00.000000292,82.15879,79,27
1970-01-01 00:00:00.000000293,82.2631,79,27
1970-01-01 00:00:00.000000294,82.317635,79,27
1970-01-01 00:00:00.000000293,82.19548,79,28
1970-01-01 00:00:00.000000294,82.307365,79,28
1970-01-01 00:00:00.000000295,82.35014,79,28
1970-01-01 00:00:00.000000294,81.93927,79,29
1970-01-01 00:00:00.000000295,82.046616,79,29
1970-01-01 00:00:00.000000296,82.07954,79,29
1970-01-01 00:00:00.000000295,81.0603,79,30
1970-01-01 00:00:00.000000296,81.1551,79,30
1970-01-01 00:00:00.000000297,81.14225,79,30
1970-01-01 00:00:00.000000296,80.82732,79,31
1970-01-01 00:00:00.000000297,80.86047,79,31
1970-01-01 00:00:00.000000298,80.961494,79,31
1970-01-01 00:00:00.000000297,80.236115,79,32
1970-01-01 00:00:00.000000298,80.40946,79,32
1970-01-01 00:00:00.000000299,80.60491,79,32
1970-01-01 00:00:00.000000298,80.07411,79,33
1970-01-01 00:00:00.000000299,80.32991,79,33
1970-01-01 00:00:00.000000300,80.52886,79,33
1970-01-01 00:00:00.000000299,80.43172,79,34
1970-01-01 00:00:00.000000300,80.6856,79,34
1970-01-01 00:00:00.000000301,80.82659,79,34
1970-01-01 00:00:00.000000300,80.77423,79,35
1970-01-01 00:00:00.000000301,80.97219,79,35
1970-01-01 00:00:00.000000302,81.05718,79,35
1970-01-01 00:00:00.000000301,81.07127,79,36
1970-01-01 00:00:00.000000302,81.221985,79,36
1970-01-01 00:00:00.000000303,81.348915,79,36
1970-01-01 00:00:00.000000302,80.51091,79,37
1970-01-01 00:00:00.000000303,80.69407,79,37
1970-01-01 00:00:00.000000304,80.74869,79,37
1970-01-01 00:00:00.000000303,81.147484,79,38
1970-01-01 00:00:00.000000304,81.25647,79,38
1970-01-01 00:00:00.000000305,81.23022,79,38
1970-01-01 00:00:00.000000304,81.33852,79,39
1970-01-01 00:00:00.000000305,81.391106,79,39
1970-01-01 00:00:00.000000306,81.39849,79,39
1970-01-01 00:00:00.000000305,81.448975,79,40
1970-01-01 00:00:00.000000306,81.52239,79,40
1970-01-01 00:00:00.000000307,81.53498,79,40
1970-01-01 00:00:00.000000306,81.97807,79,41
1970-01-01 00:00:00.000000307,82.05363,79,41
1970-01-01 00:00:00.000000308,82.0162,79,41
1970-01-01 00:00:00.000000307,82.608795,79,42
1970-01-01 00:00:00.000000308,82.63503,79,42
1970-01-01 00:00:00.000000309,82.52012,79,42
1970-01-01 00:00:00.000000308,82.6812,79,43
1970-01-01 00:00:00.000000309,82.65083,79,43
1970-01-01 00:00:00.000000310,82.639595,79,43
1970-01-01 00:00:00.000000309,82.35067,79,44
1970-01-01 00:00:00.000000310,82.38483,79,44
1970-01-01 00:00:00.000000311,82.22791,79,44
1970-01-01 00:00:00.000000148,88.24502,80,10
1970-01-01 00:00:00.000000149,88.29481,80,10
1970-01-01 00:00:00.000000150,88.29721,80,10
1970-01-01 00:00:00.000000149,88.82776,80,11
1970-01-01 00:00:00.000000150,88.89679,80,11
1970-01-01 00:00:00.000000151,88.82157,80,11
1970-01-01 00:00:00.000000150,88.91724,80,12
1970-01-01 00:00:00.000000151,88.94657,80,12
1970-01-01 00:00:00.000000152,88.84099,80,12
1970-01-01 00:00:00.000000151,88.67001,80,13
1970-01-01 00:00:00.000000152,88.662735,80,13
1970-01-01 00:00:00.000000153,88.53135,80,13
1970-01-01 00:00:00.000000152,88.04569,80,14
1970-01-01 00:00:00.000000153,88.023315,80,14
1970-01-01 00:00:00.000000154,87.90271,80,14
1970-01-01 00:00:00.000000153,87.25001,80,15
1970-01-01 00:00:00.000000154,87.25518,80,15
1970-01-01 00:00:00.000000155,87.20051,80,15
1970-01-01 00:00:00.000000154,86.65582,80,16
1970-01-01 00:00:00.000000155,86.68593,80,16
1970-01-01 00:00:00.000000156,86.18251,80,16
1970-01-01 00:00:00.000000155,85.78492,80,17
1970-01-01 00:00:00.000000156,85.33128,80,17
1970-01-01 00:00:00.000000157,84.88622,80,17
1970-01-01 00:00:00.000000156,83.564384,80,18
1970-01-01 00:00:00.000000157,83.19623,80,18
1970-01-01 00:00:00.000000158,83.47579,80,18
1970-01-01 00:00:00.000000157,87.547165,80,19
1970-01-01 00:00:00.000000158,87.78217,80,19
1970-01-01 00:00:00.000000159,87.950935,80,19
1970-01-01 00:00:00.000000158,83.966324,80,20
1970-01-01 00:00:00.000000159,84.24378,80,20
1970-01-01 00:00:00.000000160,84.43286,80,20
1970-01-01 00:00:00.000000159,77.34306,80,21
1970-01-01 00:00:00.000000160,77.63847,80,21
1970-01-01 00:00:00.000000161,78.21942,80,21
1970-01-01 00:00:00.000000160,73.10402,80,22
1970-01-01 00:00:00.000000161,73.77747,80,22
1970-01-01 00:00:00.000000162,74.955185,80,22
1970-01-01 00:00:00.000000125,88.700714,81,10
1970-01-01 00:00:00.000000126,88.743225,81,10
1970-01-01 00:00:00.000000127,88.71086,81,10
1970-01-01 00:00:00.000000126,86.5406,81,11
1970-01-01 00:00:00.000000127,86.613655,81,11
1970-01-01 00:00:00.000000128,86.636925,81,11
1970-01-01 00:00:00.000000127,87.48412,81,12
1970-01-01 00:00:00.000000128,87.57686,81,12
1970-01-01 00:00:00.000000129,87.60129,81,12
1970-01-01 00:00:00.000000128,88.06997,81,13
1970-01-01 00:00:00.000000129,88.17105,81,13
1970-01-01 00:00:00.000000130,88.18683,81,13
1970-01-01 00:00:00.000000129,88.24614,81,14
1970-01-01 00:00:00.000000130,88.342094,81,14
1970-01-01 00:00:00.000000131,88.42434,81,14
1970-01-01 00:00:00.000000130,88.444725,81,15
1970-01-01 00:00:00.000000131,88.57052,81,15
1970-01-01 00:00:00.000000132,88.58726,81,15
1970-01-01 00:00:00.000000131,88.9345,81,16
1970-01-01 00:00:00.000000132,88.975365,81,16
1970-01-01 00:00:00.000000133,88.86226,81,16
1970-01-01 00:00:00.000000132,89.135475,81,17
1970-01-01 00:00:00.000000133,89.156395,81,17
1970-01-01 00:00:00.000000134,89.059845,81,17
1970-01-01 00:00:00.000000133,89.98485,81,18
1970-01-01 00:00:00.000000134,89.93118,81,18
1970-01-01 00:00:00.000000135,89.768234,81,18
1970-01-01 00:00:00.000000318,79.2687,83,10
1970-01-01 00:00:00.000000319,79.43465,83,10
1970-01-01 00:00:00.000000320,79.60438,83,10
1970-01-01 00:00:00.000000319,79.32949,83,11
1970-01-01 00:00:00.000000320,79.46618,83,11
1970-01-01 00:00:00.000000321,79.614296,83,11
1970-01-01 00:00:00.000000320,79.42741,83,12
1970-01-01 00:00:00.000000321,79.543816,83,12
1970-01-01 00:00:00.000000322,79.692604,83,12
1970-01-01 00:00:00.000000321,79.64337,83,13
1970-01-01 00:00:00.000000322,79.757744,83,13
1970-01-01 00:00:00.000000323,79.89462,83,13
1970-01-01 00:00:00.000000322,79.78249,83,14
1970-01-01 00:00:00.000000323,79.89492,83,14
1970-01-01 00:00:00.000000324,80.014046,83,14
1970-01-01 00:00:00.000000323,79.8404,83,15
1970-01-01 00:00:00.000000324,79.9293,83,15
1970-01-01 00:00:00.000000325,80.05041,83,15
1970-01-01 00:00:00.000000324,80.05839,83,16
1970-01-01 00:00:00.000000325,80.14692,83,16
1970-01-01 00:00:00.000000326,80.26012,83,16
1970-01-01 00:00:00.000000325,80.321754,83,17
1970-01-01 00:00:00.000000326,80.407166,83,17
1970-01-01 00:00:00.000000327,80.51325,83,17
1970-01-01 00:00:00.000000326,80.262276,83,18
1970-01-01 00:00:00.000000327,80.3416,83,18
1970-01-01 00:00:00.000000328,80.45038,83,18
1970-01-01 00:00:00.000000327,80.10959,83,19
1970-01-01 00:00:00.000000328,80.18673,83,19
1970-01-01 00:00:00.000000329,80.30204,83,19
1970-01-01 00:00:00.000000328,80.016624,83,20
1970-01-01 00:00:00.000000329,80.10188,83,20
1970-01-01 00:00:00.000000330,80.22576,83,20
1970-01-01 00:00:00.000000329,79.71366,83,21
1970-01-01 00:00:00.000000330,79.81163,83,21
1970-01-01 00:00:00.000000331,79.961716,83,21
1970-01-01 00:00:00.000000330,79.35623,83,22
1970-01-01 00:00:00.000000331,79.47509,83,22
1970-01-01 00:00:00.000000332,79.65429,83,22
1970-01-01 00:00:00.000000331,79.57361,83,23
1970-01-01 00:00:00.000000332,79.71423,83,23
1970-01-01 00:00:00.000000333,79.90335,83,23
1970-01-01 00:00:00.000000332,79.68257,83,24
1970-01-01 00:00:00.000000333,79.8446,83,24
1970-01-01 00:00:00.000000334,80.0496,83,24
1970-01-01 00:00:00.000000333,79.61734,83,25
1970-01-01 00:00:00.000000334,79.78877,83,25
1970-01-01 00:00:00.000000335,79.99518,83,25
1970-01-01 00:00:00.000000334,79.418396,83,26
1970-01-01 00:00:00.000000335,79.58668,83,26
1970-01-01 00:00:00.000000336,79.772415,83,26
1970-01-01 00:00:00.000000335,78.98864,83,27
1970-01-01 00:00:00.000000336,79.142876,83,27
1970-01-01 00:00:00.000000337,79.33596,83,27
1970-01-01 00:00:00.000000336,79.09732,83,28
1970-01-01 00:00:00.000000337,79.256355,83,28
1970-01-01 00:00:00.000000338,79.456375,83,28
1970-01-01 00:00:00.000000337,79.05879,83,29
1970-01-01 00:00:00.000000338,79.22786,83,29
1970-01-01 00:00:00.000000339,79.43703,83,29
1970-01-01 00:00:00.000000338,78.91765,83,30
1970-01-01 00:00:00.000000339,79.09696,83,30
1970-01-01 00:00:00.000000340,79.333206,83,30
1970-01-01 00:00:00.000000339,79.02516,83,31
1970-01-01 00:00:00.000000340,79.22405,83,31
1970-01-01 00:00:00.000000341,79.44284,83,31
1970-01-01 00:00:00.000000340,79.17559,83,32
1970-01-01 00:00:00.000000341,79.36132,83,32
1970-01-01 00:00:00.000000342,79.540504,83,32
1970-01-01 00:00:00.000000341,79.436424,83,33
1970-01-01 00:00:00.000000342,79.587135,83,33
1970-01-01 00:00:00.000000343,79.75731,83,33
1970-01-01 00:00:00.000000342,79.70562,83,34
1970-01-01 00:00:00.000000343,79.8412,83,34
1970-01-01 00:00:00.000000344,79.9846,83,34
1970-01-01 00:00:00.000000343,79.94989,83,35
1970-01-01 00:00:00.000000344,80.0692,83,35
1970-01-01 00:00:00.000000345,80.19598,83,35
1970-01-01 00:00:00.000000344,79.9809,83,36
1970-01-01 00:00:00.000000345,80.08226,83,36
1970-01-01 00:00:00.000000346,80.19795,83,36
1970-01-01 00:00:00.000000345,80.16608,83,37
1970-01-01 00:00:00.000000346,80.24967,83,37
1970-01-01 00:00:00.000000347,80.350365,83,37
1970-01-01 00:00:00.000000346,80.2945,83,38
1970-01-01 00:00:00.000000347,80.37183,83,38
1970-01-01 00:00:00.000000348,80.47026,83,38
1970-01-01 00:00:00.000000347,80.255974,83,39
1970-01-01 00:00:00.000000348,80.32935,83,39
1970-01-01 00:00:00.000000349,80.43912,83,39
1970-01-01 00:00:00.000000348,80.45266,83,40
1970-01-01 00:00:00.000000349,80.53315,83,40
1970-01-01 00:00:00.000000350,80.64506,83,40
1970-01-01 00:00:00.000000349,80.50816,83,41
1970-01-01 00:00:00.000000350,80.59405,83,41
1970-01-01 00:00:00.000000351,80.71036,83,41
1970-01-01 00:00:00.000000350,80.646286,83,42
1970-01-01 00:00:00.000000351,80.734406,83,42
1970-01-01 00:00:00.000000352,80.839485,83,42
1970-01-01 00:00:00.000000351,80.86134,83,43
1970-01-01 00:00:00.000000352,80.93426,83,43
1970-01-01 00:00:00.000000353,81.00983,83,43
1970-01-01 00:00:00.000000352,80.97142,83,44
1970-01-01 00:00:00.000000353,81.01596,83,44
1970-01-01 00:00:00.000000354,81.091736,83,44
1970-01-01 00:00:00.000000353,80.888626,83,45
1970-01-01 00:00:00.000000354,80.93364,83,45
1970-01-01 00:00:00.000000355,81.01383,83,45
1970-01-01 00:00:00.000000354,81.021034,83,46
1970-01-01 00:00:00.000000355,81.06127,83,46
1970-01-01 00:00:00.000000356,81.15228,83,46
1970-01-01 00:00:00.000000355,81.051544,83,47
1970-01-01 00:00:00.000000356,81.113205,83,47
1970-01-01 00:00:00.000000357,81.23342,83,47
1970-01-01 00:00:00.000000356,81.056244,83,48
1970-01-01 00:00:00.000000357,81.14279,83,48
1970-01-01 00:00:00.000000358,81.290016,83,48
1970-01-01 00:00:00.000000357,80.93358,83,49
1970-01-01 00:00:00.000000358,81.04992,83,49
1970-01-01 00:00:00.000000359,81.226555,83,49
1970-01-01 00:00:00.000000358,80.65489,83,50
1970-01-01 00:00:00.000000359,80.80181,83,50
1970-01-01 00:00:00.000000360,80.96973,83,50
1970-01-01 00:00:00.000000359,80.25658,83,51
1970-01-01 00:00:00.000000360,80.39834,83,51
1970-01-01 00:00:00.000000361,80.570404,83,51
1970-01-01 00:00:00.000000360,80.455025,83,52
1970-01-01 00:00:00.000000361,80.58991,83,52
1970-01-01 00:00:00.000000362,80.77342,83,52
1970-01-01 00:00:00.000000110,93.44171,84,10
1970-01-01 00:00:00.000000111,93.39793,84,10
1970-01-01 00:00:00.000000112,93.36747,84,10
1970-01-01 00:00:00.000000111,93.48436,84,11
1970-01-01 00:00:00.000000112,93.4719,84,11
1970-01-01 00:00:00.000000113,93.39339,84,11
1970-01-01 00:00:00.000000112,93.51135,84,12
1970-01-01 00:00:00.000000113,93.44861,84,12
1970-01-01 00:00:00.000000114,93.36256,84,12
1970-01-01 00:00:00.000000113,93.51313,84,13
1970-01-01 00:00:00.000000114,93.440765,84,13
1970-01-01 00:00:00.000000115,93.34104,84,13
1970-01-01 00:00:00.000000114,93.65157,84,14
1970-01-01 00:00:00.000000115,93.57075,84,14
1970-01-01 00:00:00.000000116,93.45948,84,14
1970-01-01 00:00:00.000000115,93.75039,84,15
1970-01-01 00:00:00.000000116,93.65951,84,15
1970-01-01 00:00:00.000000117,93.541954,84,15
1970-01-01 00:00:00.000000118,85.465324,85,10
1970-01-01 00:00:00.000000119,85.59709,85,10
1970-01-01 00:00:00.000000120,85.74242,85,10
1970-01-01 00:00:00.000000119,84.87837,85,11
1970-01-01 00:00:00.000000120,85.008575,85,11
1970-01-01 00:00:00.000000121,85.13442,85,11
1970-01-01 00:00:00.000000120,85.15255,85,12
1970-01-01 00:00:00.000000121,85.252396,85,12
1970-01-01 00:00:00.000000122,85.37771,85,12
1970-01-01 00:00:00.000000121,85.9639,85,13
1970-01-01 00:00:00.000000122,86.0567,85,13
1970-01-01 00:00:00.000000123,86.16098,85,13
1970-01-01 00:00:00.000000122,86.517815,85,14
1970-01-01 00:00:00.000000123,86.59268,85,14
1970-01-01 00:00:00.000000124,86.68637,85,14
1970-01-01 00:00:00.000000123,86.99677,85,15
1970-01-01 00:00:00.000000124,87.04248,85,15
1970-01-01 00:00:00.000000125,87.09215,85,15
1970-01-01 00:00:00.000000124,87.428116,85,16
1970-01-01 00:00:00.000000125,87.43878,85,16
1970-01-01 00:00:00.000000126,87.267365,85,16
1970-01-01 00:00:00.000000215,93.517456,86,10
1970-01-01 00:00:00.000000216,93.369484,86,10
1970-01-01 00:00:00.000000217,93.15303,86,10
1970-01-01 00:00:00.000000216,93.821465,86,11
1970-01-01 00:00:00.000000217,93.6833,86,11
1970-01-01 00:00:00.000000218,93.47255,86,11
1970-01-01 00:00:00.000000217,93.93735,86,12
1970-01-01 00:00:00.000000218,93.815216,86,12
1970-01-01 00:00:00.000000219,93.609505,86,12
1970-01-01 00:00:00.000000218,93.669106,86,13
1970-01-01 00:00:00.000000219,93.570496,86,13
1970-01-01 00:00:00.000000220,93.38359,86,13
1970-01-01 00:00:00.000000219,92.94161,86,14
1970-01-01 00:00:00.000000220,92.88096,86,14
1970-01-01 00:00:00.000000221,92.74537,86,14
1970-01-01 00:00:00.000000220,92.34817,86,15
1970-01-01 00:00:00.000000221,92.34899,86,15
1970-01-01 00:00:00.000000222,92.27793,86,15
1970-01-01 00:00:00.000000221,92.04952,86,16
1970-01-01 00:00:00.000000222,92.105194,86,16
1970-01-01 00:00:00.000000223,92.10736,86,16
1970-01-01 00:00:00.000000222,91.84363,86,17
1970-01-01 00:00:00.000000223,91.94698,86,17
1970-01-01 00:00:00.000000224,92.00528,86,17
1970-01-01 00:00:00.000000223,92.14399,86,18
1970-01-01 00:00:00.000000224,92.26983,86,18
1970-01-01 00:00:00.000000225,92.340645,86,18
1970-01-01 00:00:00.000000224,92.667336,86,19
1970-01-01 00:00:00.000000225,92.78744,86,19
1970-01-01 00:00:00.000000226,92.803055,86,19
1970-01-01 00:00:00.000000225,93.14229,86,20
1970-01-01 00:00:00.000000226,93.22223,86,20
1970-01-01 00:00:00.000000227,93.1636,86,20
1970-01-01 00:00:00.000000226,93.19677,86,21
1970-01-01 00:00:00.000000227,93.2201,86,21
1970-01-01 00:00:00.000000228,93.07955,86,21
1970-01-01 00:00:00.000000227,93.27167,86,22
1970-01-01 00:00:00.000000228,93.23269,86,22
1970-01-01 00:00:00.000000229,93.0368,86,22
1970-01-01 00:00:00.000000228,92.84108,86,23
1970-01-01 00:00:00.000000229,92.7805,86,23
1970-01-01 00:00:00.000000230,92.57905,86,23
1970-01-01 00:00:00.000000229,92.1222,86,24
1970-01-01 00:00:00.000000230,92.06369,86,24
1970-01-01 00:00:00.000000231,91.90832,86,24
1970-01-01 00:00:00.000000230,91.53746,86,25
1970-01-01 00:00:00.000000231,91.52266,86,25
1970-01-01 00:00:00.000000232,91.442764,86,25
1970-01-01 00:00:00.000000231,90.4623,86,26
1970-01-01 00:00:00.000000232,90.52312,86,26
1970-01-01 00:00:00.000000233,90.53312,86,26
1970-01-01 00:00:00.000000232,89.32548,86,27
1970-01-01 00:00:00.000000233,89.47845,86,27
1970-01-01 00:00:00.000000234,89.597565,86,27
1970-01-01 00:00:00.000000233,90.692696,86,28
1970-01-01 00:00:00.000000234,90.872635,86,28
1970-01-01 00:00:00.000000235,91.009254,86,28
1970-01-01 00:00:00.000000234,91.42115,86,29
1970-01-01 00:00:00.000000235,91.60975,86,29
1970-01-01 00:00:00.000000236,91.72052,86,29
1970-01-01 00:00:00.000000235,92.16672,86,30
1970-01-01 00:00:00.000000236,92.31724,86,30
1970-01-01 00:00:00.000000237,92.35588,86,30
1970-01-01 00:00:00.000000236,92.55283,86,31
1970-01-01 00:00:00.000000237,92.612915,86,31
1970-01-01 00:00:00.000000238,92.426994,86,31
1970-01-01 00:00:00.000000237,92.81791,86,32
1970-01-01 00:00:00.000000238,92.724045,86,32
1970-01-01 00:00:00.000000239,92.46914,86,32
1970-01-01 00:00:00.000000238,92.86935,86,33
1970-01-01 00:00:00.000000239,92.769745,86,33
1970-01-01 00:00:00.000000240,92.48882,86,33
1970-01-01 00:00:00.000000385,96.20777,87,10
1970-01-01 00:00:00.000000386,96.1072,87,10
1970-01-01 00:00:00.000000387,95.83314,87,10
1970-01-01 00:00:00.000000386,96.38824,87,11
1970-01-01 00:00:00.000000387,96.24622,87,11
1970-01-01 00:00:00.000000388,95.94645,87,11
1970-01-01 00:00:00.000000387,96.48943,87,12
1970-01-01 00:00:00.000000388,96.33985,87,12
1970-01-01 00:00:00.000000389,95.99563,87,12
1970-01-01 00:00:00.000000388,96.464554,87,13
1970-01-01 00:00:00.000000389,96.29079,87,13
1970-01-01 00:00:00.000000390,95.93937,87,13
1970-01-01 00:00:00.000000389,96.276245,87,14
1970-01-01 00:00:00.000000390,96.10421,87,14
1970-01-01 00:00:00.000000391,95.784325,87,14
1970-01-01 00:00:00.000000390,96.13564,87,15
1970-01-01 00:00:00.000000391,95.98181,87,15
1970-01-01 00:00:00.000000392,95.70804,87,15
1970-01-01 00:00:00.000000391,95.913506,87,16
1970-01-01 00:00:00.000000392,95.8023,87,16
1970-01-01 00:00:00.000000393,95.56142,87,16
1970-01-01 00:00:00.000000392,95.85786,87,17
1970-01-01 00:00:00.000000393,95.76997,87,17
1970-01-01 00:00:00.000000394,95.55714,87,17
1970-01-01 00:00:00.000000393,96.10302,87,18
1970-01-01 00:00:00.000000394,96.03114,87,18
1970-01-01 00:00:00.000000395,95.81755,87,18
1970-01-01 00:00:00.000000394,96.37513,87,19
1970-01-01 00:00:00.000000395,96.30134,87,19
1970-01-01 00:00:00.000000396,96.08008,87,19
1970-01-01 00:00:00.000000395,96.24245,87,20
1970-01-01 00:00:00.000000396,96.1659,87,20
1970-01-01 00:00:00.000000397,95.93141,87,20
1970-01-01 00:00:00.000000396,96.08412,87,21
1970-01-01 00:00:00.000000397,95.9936,87,21
1970-01-01 00:00:00.000000398,95.72535,87,21
1970-01-01 00:00:00.000000397,95.863106,87,22
1970-01-01 00:00:00.000000398,95.75769,87,22
1970-01-01 00:00:00.000000399,95.47804,87,22
1970-01-01 00:00:00.000000398,95.33933,87,23
1970-01-01 00:00:00.000000399,95.24184,87,23
1970-01-01 00:00:00.000000400,95.02133,87,23
1970-01-01 00:00:00.000000399,94.84233,87,24
1970-01-01 00:00:00.000000400,94.79393,87,24
1970-01-01 00:00:00.000000401,94.57816,87,24
1970-01-01 00:00:00.000000400,94.17795,87,25
1970-01-01 00:00:00.000000401,94.12371,87,25
1970-01-01 00:00:00.000000402,93.92192,87,25
1970-01-01 00:00:00.000000401,90.18604,87,26
1970-01-01 00:00:00.000000402,90.214195,87,26
1970-01-01 00:00:00.000000403,90.155525,87,26
1970-01-01 00:00:00.000000402,91.52306,87,27
1970-01-01 00:00:00.000000403,91.60617,87,27
1970-01-01 00:00:00.000000404,91.63193,87,27
1970-01-01 00:00:00.000000403,92.99478,87,28
1970-01-01 00:00:00.000000404,93.12997,87,28
1970-01-01 00:00:00.000000405,93.17759,87,28
1970-01-01 00:00:00.000000404,93.61605,87,29
1970-01-01 00:00:00.000000405,93.77482,87,29
1970-01-01 00:00:00.000000406,93.86198,87,29
1970-01-01 00:00:00.000000405,93.54277,87,30
1970-01-01 00:00:00.000000406,93.68065,87,30
1970-01-01 00:00:00.000000407,93.56503,87,30
1970-01-01 00:00:00.000000406,93.61649,87,31
1970-01-01 00:00:00.000000407,93.55382,87,31
1970-01-01 00:00:00.000000408,93.16156,87,31
1970-01-01 00:00:00.000000407,93.6321,87,32
1970-01-01 00:00:00.000000408,93.49649,87,32
1970-01-01 00:00:00.000000409,93.12768,87,32
1970-01-01 00:00:00.000000408,93.526535,87,33
1970-01-01 00:00:00.000000409,93.292305,87,33
1970-01-01 00:00:00.000000410,92.920296,87,33
1970-01-01 00:00:00.000000409,93.40123,87,34
1970-01-01 00:00:00.000000410,93.194534,87,34
1970-01-01 00:00:00.000000411,92.94045,87,34
1970-01-01 00:00:00.000000410,93.65857,87,35
1970-01-01 00:00:00.000000411,93.514946,87,35
1970-01-01 00:00:00.000000412,93.32315,87,35
1970-01-01 00:00:00.000000411,94.61942,87,36
1970-01-01 00:00:00.000000412,94.5274,87,36
1970-01-01 00:00:00.000000413,94.30626,87,36
1970-01-01 00:00:00.000000412,95.096924,87,37
1970-01-01 00:00:00.000000413,94.99726,87,37
1970-01-01 00:00:00.000000414,94.70502,87,37
1970-01-01 00:00:00.000000413,95.26682,87,38
1970-01-01 00:00:00.000000414,95.10657,87,38
1970-01-01 00:00:00.000000415,94.772415,87,38
1970-01-01 00:00:00.000000414,95.06152,87,39
1970-01-01 00:00:00.000000415,94.87945,87,39
1970-01-01 00:00:00.000000416,94.535614,87,39
1970-01-01 00:00:00.000000415,93.906975,87,40
1970-01-01 00:00:00.000000416,93.74428,87,40
1970-01-01 00:00:00.000000417,93.44995,87,40
1970-01-01 00:00:00.000000416,93.09625,87,41
1970-01-01 00:00:00.000000417,92.98496,87,41
1970-01-01 00:00:00.000000418,92.726,87,41
1970-01-01 00:00:00.000000417,93.08764,87,42
1970-01-01 00:00:00.000000418,92.99487,87,42
1970-01-01 00:00:00.000000419,92.87669,87,42
1970-01-01 00:00:00.000000418,92.892235,87,43
1970-01-01 00:00:00.000000419,92.92061,87,43
1970-01-01 00:00:00.000000420,92.89585,87,43
1970-01-01 00:00:00.000000419,92.78398,87,44
1970-01-01 00:00:00.000000420,92.86841,87,44
1970-01-01 00:00:00.000000421,92.85669,87,44
1970-01-01 00:00:00.000000420,92.94848,87,45
1970-01-01 00:00:00.000000421,93.0254,87,45
1970-01-01 00:00:00.000000422,92.94166,87,45
1970-01-01 00:00:00.000000421,93.13277,87,46
1970-01-01 00:00:00.000000422,93.18054,87,46
1970-01-01 00:00:00.000000423,93.03445,87,46
1970-01-01 00:00:00.000000422,92.73111,87,47
1970-01-01 00:00:00.000000423,92.73448,87,47
1970-01-01 00:00:00.000000424,92.55617,87,47
1970-01-01 00:00:00.000000423,92.10287,87,48
1970-01-01 00:00:00.000000424,92.07035,87,48
1970-01-01 00:00:00.000000425,91.84709,87,48
1970-01-01 00:00:00.000000424,92.842224,87,49
1970-01-01 00:00:00.000000425,92.755585,87,49
1970-01-01 00:00:00.000000426,92.607994,87,49
1970-01-01 00:00:00.000000425,94.920166,87,50
1970-01-01 00:00:00.000000426,94.874565,87,50
1970-01-01 00:00:00.000000427,94.67172,87,50
1970-01-01 00:00:00.000000426,96.15038,87,51
1970-01-01 00:00:00.000000427,96.04586,87,51
1970-01-01 00:00:00.000000428,95.72026,87,51
1970-01-01 00:00:00.000000427,95.74513,87,52
1970-01-01 00:00:00.000000428,95.531136,87,52
1970-01-01 00:00:00.000000429,95.141136,87,52
1970-01-01 00:00:00.000000428,94.24317,87,53
1970-01-01 00:00:00.000000429,94.019714,87,53
1970-01-01 00:00:00.000000430,93.49639,87,53
1970-01-01 00:00:00.000000429,91.52403,87,54
1970-01-01 00:00:00.000000430,91.27853,87,54
1970-01-01 00:00:00.000000431,90.89175,87,54
1970-01-01 00:00:00.000000430,90.27596,87,55
1970-01-01 00:00:00.000000431,90.16694,87,55
1970-01-01 00:00:00.000000432,90.00965,87,55
1970-01-01 00:00:00.000000431,91.74889,87,56
1970-01-01 00:00:00.000000432,91.737724,87,56
1970-01-01 00:00:00.000000433,91.85222,87,56
1970-01-01 00:00:00.000000432,93.8854,87,57
1970-01-01 00:00:00.000000433,94.03365,87,57
1970-01-01 00:00:00.000000434,94.21573,87,57
1970-01-01 00:00:00.000000433,95.265755,87,58
1970-01-01 00:00:00.000000434,95.439476,87,58
1970-01-01 00:00:00.000000435,95.39984,87,58
1970-01-01 00:00:00.000000434,95.08587,87,59
1970-01-01 00:00:00.000000435,95.07366,87,59
1970-01-01 00:00:00.000000436,94.64888,87,59
1970-01-01 00:00:00.000000435,81.41188,87,60
1970-01-01 00:00:00.000000436,81.28751,87,60
1970-01-01 00:00:00.000000437,81.21485,87,60
1970-01-01 00:00:00.000000436,71.601524,87,61
1970-01-01 00:00:00.000000437,71.97351,87,61
1970-01-01 00:00:00.000000438,72.49264,87,61
1970-01-01 00:00:00.000000437,75.173874,87,62
1970-01-01 00:00:00.000000438,76.053085,87,62
1970-01-01 00:00:00.000000439,76.9884,87,62
1970-01-01 00:00:00.000000438,83.372635,87,63
1970-01-01 00:00:00.000000439,84.46311,87,63
1970-01-01 00:00:00.000000440,85.63417,87,63
1970-01-01 00:00:00.000000439,89.407875,87,64
1970-01-01 00:00:00.000000440,90.708115,87,64
1970-01-01 00:00:00.000000441,91.68105,87,64
1970-01-01 00:00:00.000000355,81.10191,88,10
1970-01-01 00:00:00.000000356,81.13795,88,10
1970-01-01 00:00:00.000000357,81.242035,88,10
1970-01-01 00:00:00.000000356,81.09526,88,11
1970-01-01 00:00:00.000000357,81.151764,88,11
1970-01-01 00:00:00.000000358,81.259445,88,11
1970-01-01 00:00:00.000000357,81.13668,88,12
1970-01-01 00:00:00.000000358,81.197014,88,12
1970-01-01 00:00:00.000000359,81.30512,88,12
1970-01-01 00:00:00.000000358,81.13601,88,13
1970-01-01 00:00:00.000000359,81.19916,88,13
1970-01-01 00:00:00.000000360,81.317764,88,13
1970-01-01 00:00:00.000000359,81.291824,88,14
1970-01-01 00:00:00.000000360,81.364,88,14
1970-01-01 00:00:00.000000361,81.484604,88,14
1970-01-01 00:00:00.000000360,81.36024,88,15
1970-01-01 00:00:00.000000361,81.434784,88,15
1970-01-01 00:00:00.000000362,81.54744,88,15
1970-01-01 00:00:00.000000361,81.157715,88,16
1970-01-01 00:00:00.000000362,81.22786,88,16
1970-01-01 00:00:00.000000363,81.34816,88,16
1970-01-01 00:00:00.000000362,81.10662,88,17
1970-01-01 00:00:00.000000363,81.17739,88,17
1970-01-01 00:00:00.000000364,81.28897,88,17
1970-01-01 00:00:00.000000363,80.90095,88,18
1970-01-01 00:00:00.000000364,80.97104,88,18
1970-01-01 00:00:00.000000365,81.098465,88,18
1970-01-01 00:00:00.000000364,80.74014,88,19
1970-01-01 00:00:00.000000365,80.823784,88,19
1970-01-01 00:00:00.000000366,80.97506,88,19
1970-01-01 00:00:00.000000365,80.80526,88,20
1970-01-01 00:00:00.000000366,80.90715,88,20
1970-01-01 00:00:00.000000367,81.062454,88,20
1970-01-01 00:00:00.000000366,80.9301,88,21
1970-01-01 00:00:00.000000367,81.03883,88,21
1970-01-01 00:00:00.000000368,81.19208,88,21
1970-01-01 00:00:00.000000367,81.09989,88,22
1970-01-01 00:00:00.000000368,81.20701,88,22
1970-01-01 00:00:00.000000369,81.35353,88,22
1970-01-01 00:00:00.000000368,81.12831,88,23
1970-01-01 00:00:00.000000369,81.2249,88,23
1970-01-01 00:00:00.000000370,81.35543,88,23
1970-01-01 00:00:00.000000369,81.27746,88,24
1970-01-01 00:00:00.000000370,81.361946,88,24
1970-01-01 00:00:00.000000371,81.47365,88,24
1970-01-01 00:00:00.000000370,81.16133,88,25
1970-01-01 00:00:00.000000371,81.23123,88,25
1970-01-01 00:00:00.000000372,81.33829,88,25
1970-01-01 00:00:00.000000371,81.24761,88,26
1970-01-01 00:00:00.000000372,81.30753,88,26
1970-01-01 00:00:00.000000373,81.413704,88,26
1970-01-01 00:00:00.000000372,81.27708,88,27
1970-01-01 00:00:00.000000373,81.341194,88,27
1970-01-01 00:00:00.000000374,81.45235,88,27
1970-01-01 00:00:00.000000373,81.30551,88,28
1970-01-01 00:00:00.000000374,81.37116,88,28
1970-01-01 00:00:00.000000375,81.49389,88,28
1970-01-01 00:00:00.000000374,81.281235,88,29
1970-01-01 00:00:00.000000375,81.36082,88,29
1970-01-01 00:00:00.000000376,81.48938,88,29
1970-01-01 00:00:00.000000375,81.37602,88,30
1970-01-01 00:00:00.000000376,81.45593,88,30
1970-01-01 00:00:00.000000377,81.57248,88,30
1970-01-01 00:00:00.000000376,81.30178,88,31
1970-01-01 00:00:00.000000377,81.381325,88,31
1970-01-01 00:00:00.000000378,81.50929,88,31
1970-01-01 00:00:00.000000377,81.15276,88,32
1970-01-01 00:00:00.000000378,81.23581,88,32
1970-01-01 00:00:00.000000379,81.365265,88,32
1970-01-01 00:00:00.000000378,81.104836,88,33
1970-01-01 00:00:00.000000379,81.192825,88,33
1970-01-01 00:00:00.000000380,81.32708,88,33
1970-01-01 00:00:00.000000379,80.939674,88,34
1970-01-01 00:00:00.000000380,81.033714,88,34
1970-01-01 00:00:00.000000381,81.1771,88,34
1970-01-01 00:00:00.000000380,80.76497,88,35
1970-01-01 00:00:00.000000381,80.86764,88,35
1970-01-01 00:00:00.000000382,81.02238,88,35
1970-01-01 00:00:00.000000381,80.812325,88,36
1970-01-01 00:00:00.000000382,80.922195,88,36
1970-01-01 00:00:00.000000383,81.1,88,36
1970-01-01 00:00:00.000000382,80.78983,88,37
1970-01-01 00:00:00.000000383,80.93502,88,37
1970-01-01 00:00:00.000000384,81.17572,88,37
1970-01-01 00:00:00.000000383,80.900314,88,38
1970-01-01 00:00:00.000000384,81.1051,88,38
1970-01-01 00:00:00.000000385,81.29768,88,38
1970-01-01 00:00:00.000000384,81.043625,88,39
1970-01-01 00:00:00.000000385,81.20286,88,39
1970-01-01 00:00:00.000000386,81.36272,88,39
1970-01-01 00:00:00.000000385,80.86638,88,40
1970-01-01 00:00:00.000000386,80.99795,88,40
1970-01-01 00:00:00.000000387,81.12488,88,40
1970-01-01 00:00:00.000000386,81.210014,88,41
1970-01-01 00:00:00.000000387,81.30295,88,41
1970-01-01 00:00:00.000000388,81.41585,88,41
1970-01-01 00:00:00.000000387,81.45806,88,42
1970-01-01 00:00:00.000000388,81.544815,88,42
1970-01-01 00:00:00.000000389,81.64061,88,42
1970-01-01 00:00:00.000000388,81.65726,88,43
1970-01-01 00:00:00.000000389,81.72813,88,43
1970-01-01 00:00:00.000000390,81.82406,88,43
1970-01-01 00:00:00.000000389,81.99238,88,44
1970-01-01 00:00:00.000000390,82.05583,88,44
1970-01-01 00:00:00.000000391,82.11886,88,44
1970-01-01 00:00:00.000000390,82.3285,88,45
1970-01-01 00:00:00.000000391,82.363884,88,45
1970-01-01 00:00:00.000000392,82.39539,88,45
1970-01-01 00:00:00.000000391,82.66864,88,46
1970-01-01 00:00:00.000000392,82.67641,88,46
1970-01-01 00:00:00.000000393,82.661064,88,46
1970-01-01 00:00:00.000000392,82.59038,88,47
1970-01-01 00:00:00.000000393,82.54566,88,47
1970-01-01 00:00:00.000000394,82.5438,88,47
1970-01-01 00:00:00.000000393,82.95065,88,48
1970-01-01 00:00:00.000000394,82.91815,88,48
1970-01-01 00:00:00.000000395,82.92856,88,48
1970-01-01 00:00:00.000000394,83.37629,88,49
1970-01-01 00:00:00.000000395,83.36265,88,49
1970-01-01 00:00:00.000000396,83.3691,88,49
1970-01-01 00:00:00.000000395,83.59158,88,50
1970-01-01 00:00:00.000000396,83.57166,88,50
1970-01-01 00:00:00.000000397,83.580376,88,50
1970-01-01 00:00:00.000000396,83.81239,88,51
1970-01-01 00:00:00.000000397,83.791855,88,51
1970-01-01 00:00:00.000000398,83.79655,88,51
1970-01-01 00:00:00.000000397,84.040276,88,52
1970-01-01 00:00:00.000000398,84.01484,88,52
1970-01-01 00:00:00.000000399,83.999,88,52
1970-01-01 00:00:00.000000398,84.26746,88,53
1970-01-01 00:00:00.000000399,84.23242,88,53
1970-01-01 00:00:00.000000400,84.18893,88,53
1970-01-01 00:00:00.000000399,84.68024,88,54
1970-01-01 00:00:00.000000400,84.603355,88,54
1970-01-01 00:00:00.000000401,84.56088,88,54
1970-01-01 00:00:00.000000400,85.072014,88,55
1970-01-01 00:00:00.000000401,85.00268,88,55
1970-01-01 00:00:00.000000402,85.00274,88,55
1970-01-01 00:00:00.000000401,85.29914,88,56
1970-01-01 00:00:00.000000402,85.27371,88,56
1970-01-01 00:00:00.000000403,85.26757,88,56
1970-01-01 00:00:00.000000402,85.30595,88,57
1970-01-01 00:00:00.000000403,85.2707,88,57
1970-01-01 00:00:00.000000404,85.21631,88,57
1970-01-01 00:00:00.000000403,85.22016,88,58
1970-01-01 00:00:00.000000404,85.13967,88,58
1970-01-01 00:00:00.000000405,85.08142,88,58
1970-01-01 00:00:00.000000093,85.94647,89,10
1970-01-01 00:00:00.000000094,86.5828,89,10
1970-01-01 00:00:00.000000095,87.377045,89,10
1970-01-01 00:00:00.000000094,84.66745,89,11
1970-01-01 00:00:00.000000095,85.52795,89,11
1970-01-01 00:00:00.000000096,86.60876,89,11
1970-01-01 00:00:00.000000095,82.511856,89,12
1970-01-01 00:00:00.000000096,83.20281,89,12
1970-01-01 00:00:00.000000097,83.66684,89,12
1970-01-01 00:00:00.000000101,71.622665,92,10
1970-01-01 00:00:00.000000102,71.79656,92,10
1970-01-01 00:00:00.000000103,71.95989,92,10
1970-01-01 00:00:00.000000102,72.105446,92,11
1970-01-01 00:00:00.000000103,72.307335,92,11
1970-01-01 00:00:00.000000104,72.46726,92,11
1970-01-01 00:00:00.000000103,72.337585,92,12
1970-01-01 00:00:00.000000104,72.562386,92,12
1970-01-01 00:00:00.000000105,72.7345,92,12
1970-01-01 00:00:00.000000104,72.37886,92,13
1970-01-01 00:00:00.000000105,72.60839,92,13
1970-01-01 00:00:00.000000106,72.817955,92,13
1970-01-01 00:00:00.000000166,84.7327,93,10
1970-01-01 00:00:00.000000167,84.8755,93,10
1970-01-01 00:00:00.000000168,85.011635,93,10
1970-01-01 00:00:00.000000167,84.36742,93,11
1970-01-01 00:00:00.000000168,84.55136,93,11
1970-01-01 00:00:00.000000169,84.70152,93,11
1970-01-01 00:00:00.000000168,84.28646,93,12
1970-01-01 00:00:00.000000169,84.47513,93,12
1970-01-01 00:00:00.000000170,84.587395,93,12
1970-01-01 00:00:00.000000169,84.42444,93,13
1970-01-01 00:00:00.000000170,84.5879,93,13
1970-01-01 00:00:00.000000171,84.66855,93,13
1970-01-01 00:00:00.000000170,84.68648,93,14
1970-01-01 00:00:00.000000171,84.80759,93,14
1970-01-01 00:00:00.000000172,84.8675,93,14
1970-01-01 00:00:00.000000171,85.56872,93,15
1970-01-01 00:00:00.000000172,85.66,93,15
1970-01-01 00:00:00.000000173,85.68742,93,15
1970-01-01 00:00:00.000000172,86.88641,93,16
1970-01-01 00:00:00.000000173,86.94554,93,16
1970-01-01 00:00:00.000000174,86.90529,93,16
1970-01-01 00:00:00.000000173,88.522446,93,17
1970-01-01 00:00:00.000000174,88.51382,93,17
1970-01-01 00:00:00.000000175,88.32865,93,17
1970-01-01 00:00:00.000000174,89.255585,93,18
1970-01-01 00:00:00.000000175,89.091034,93,18
1970-01-01 00:00:00.000000176,88.40139,93,18
1970-01-01 00:00:00.000000175,89.06979,93,19
1970-01-01 00:00:00.000000176,88.43556,93,19
1970-01-01 00:00:00.000000177,88.38696,93,19
1970-01-01 00:00:00.000000176,87.399635,93,20
1970-01-01 00:00:00.000000177,87.42539,93,20
1970-01-01 00:00:00.000000178,87.17432,93,20
1970-01-01 00:00:00.000000177,79.90637,93,21
1970-01-01 00:00:00.000000178,79.84801,93,21
1970-01-01 00:00:00.000000179,79.9261,93,21
1970-01-01 00:00:00.000000178,86.36395,93,22
1970-01-01 00:00:00.000000179,86.424614,93,22
1970-01-01 00:00:00.000000180,86.51638,93,22
1970-01-01 00:00:00.000000179,84.30764,93,23
1970-01-01 00:00:00.000000180,84.562325,93,23
1970-01-01 00:00:00.000000181,84.92668,93,23
1970-01-01 00:00:00.000000180,83.17287,93,24
1970-01-01 00:00:00.000000181,83.57794,93,24
1970-01-01 00:00:00.000000182,84.13233,93,24
1970-01-01 00:00:00.000000181,82.08766,93,25
1970-01-01 00:00:00.000000182,82.56072,93,25
1970-01-01 00:00:00.000000183,82.870804,93,25
1970-01-01 00:00:00.000000114,77.91484,95,10
1970-01-01 00:00:00.000000115,77.85634,95,10
1970-01-01 00:00:00.000000116,77.75884,95,10
1970-01-01 00:00:00.000000115,77.22293,95,11
1970-01-01 00:00:00.000000116,77.16137,95,11
1970-01-01 00:00:00.000000117,77.243034,95,11
1970-01-01 00:00:00.000000116,77.53123,95,12
1970-01-01 00:00:00.000000117,77.67237,95,12
1970-01-01 00:00:00.000000118,77.82233,95,12
1970-01-01 00:00:00.000000117,78.56431,95,13
1970-01-01 00:00:00.000000118,78.79395,95,13
1970-01-01 00:00:00.000000119,78.92485,95,13
1970-01-01 00:00:00.000000118,78.56661,95,14
1970-01-01 00:00:00.000000119,78.779015,95,14
1970-01-01 00:00:00.000000120,78.909164,95,14
1970-01-01 00:00:00.000000119,78.58647,95,15
1970-01-01 00:00:00.000000120,78.76006,95,15
1970-01-01 00:00:00.000000121,78.841225,95,15
1970-01-01 00:00:00.000000120,78.40406,95,16
1970-01-01 00:00:00.000000121,78.52662,95,16
1970-01-01 00:00:00.000000122,78.55825,95,16
1970-01-01 00:00:00.000000183,74.83236,96,10
1970-01-01 00:00:00.000000184,74.905396,96,10
1970-01-01 00:00:00.000000185,74.99998,96,10
1970-01-01 00:00:00.000000184,74.18634,96,11
1970-01-01 00:00:00.000000185,74.27797,96,11
1970-01-01 00:00:00.000000186,74.42661,96,11
1970-01-01 00:00:00.000000185,74.97025,96,12
1970-01-01 00:00:00.000000186,75.12016,96,12
1970-01-01 00:00:00.000000187,75.259186,96,12
1970-01-01 00:00:00.000000186,75.057076,96,13
1970-01-01 00:00:00.000000187,75.22835,96,13
1970-01-01 00:00:00.000000188,75.40671,96,13
1970-01-01 00:00:00.000000187,75.08519,96,14
1970-01-01 00:00:00.000000188,75.27016,96,14
1970-01-01 00:00:00.000000189,75.45995,96,14
1970-01-01 00:00:00.000000188,75.42856,96,15
1970-01-01 00:00:00.000000189,75.61986,96,15
1970-01-01 00:00:00.000000190,75.755646,96,15
1970-01-01 00:00:00.000000189,75.32271,96,16
1970-01-01 00:00:00.000000190,75.47959,96,16
1970-01-01 00:00:00.000000191,75.62464,96,16
1970-01-01 00:00:00.000000190,75.58312,96,17
1970-01-01 00:00:00.000000191,75.73047,96,17
1970-01-01 00:00:00.000000192,75.867386,96,17
1970-01-01 00:00:00.000000191,75.62896,96,18
1970-01-01 00:00:00.000000192,75.7758,96,18
1970-01-01 00:00:00.000000193,75.89084,96,18
1970-01-01 00:00:00.000000192,75.362465,96,19
1970-01-01 00:00:00.000000193,75.50181,96,19
1970-01-01 00:00:00.000000194,75.64737,96,19
1970-01-01 00:00:00.000000193,75.87617,96,20
1970-01-01 00:00:00.000000194,76.023766,96,20
1970-01-01 00:00:00.000000195,76.145966,96,20
1970-01-01 00:00:00.000000194,75.83788,96,21
1970-01-01 00:00:00.000000195,75.982445,96,21
1970-01-01 00:00:00.000000196,76.1144,96,21
1970-01-01 00:00:00.000000195,75.07883,96,22
1970-01-01 00:00:00.000000196,75.21959,96,22
1970-01-01 00:00:00.000000197,75.393684,96,22
1970-01-01 00:00:00.000000196,74.14482,96,23
1970-01-01 00:00:00.000000197,74.30328,96,23
1970-01-01 00:00:00.000000198,74.498825,96,23
1970-01-01 00:00:00.000000197,72.94745,96,24
1970-01-01 00:00:00.000000198,73.130806,96,24
1970-01-01 00:00:00.000000199,73.407745,96,24
1970-01-01 00:00:00.000000198,72.61126,96,25
1970-01-01 00:00:00.000000199,72.86521,96,25
1970-01-01 00:00:00.000000200,73.1965,96,25
1970-01-01 00:00:00.000000199,73.55766,96,26
1970-01-01 00:00:00.000000200,73.88392,96,26
1970-01-01 00:00:00.000000201,74.19216,96,26
1970-01-01 00:00:00.000000200,74.26761,96,27
1970-01-01 00:00:00.000000201,74.61688,96,27
1970-01-01 00:00:00.000000202,74.90662,96,27
1970-01-01 00:00:00.000000201,74.302246,96,28
1970-01-01 00:00:00.000000202,74.61044,96,28
1970-01-01 00:00:00.000000203,74.850975,96,28
1970-01-01 00:00:00.000000079,75.19554,98,10
1970-01-01 00:00:00.000000080,75.50201,98,10
1970-01-01 00:00:00.000000081,75.91215,98,10
1970-01-01 00:00:00.000000096,89.13539,99,10
1970-01-01 00:00:00.000000097,89.040054,99,10
1970-01-01 00:00:00.000000098,88.78118,99,10
1970-01-01 00:00:00.000000097,89.62562,99,11
1970-01-01 00:00:00.000000098,89.570175,99,11
1970-01-01 00:00:00.000000099,89.35896,99,11
1970-01-01 00:00:00.000000098,89.37598,99,12
1970-01-01 00:00:00.000000099,89.18508,99,12
1970-01-01 00:00:00.000000100,89.11021,99,12
1970-01-01 00:00:00.000000099,87.984634,99,13
1970-01-01 00:00:00.000000100,87.93162,99,13
1970-01-01 00:00:00.000000101,87.50595,99,13
1970-01-01 00:00:00.000000340,84.95788,100,10
1970-01-01 00:00:00.000000341,85.05108,100,10
1970-01-01 00:00:00.000000342,85.07323,100,10
1970-01-01 00:00:00.000000341,83.679,100,11
1970-01-01 00:00:00.000000342,83.79009,100,11
1970-01-01 00:00:00.000000343,83.85779,100,11
1970-01-01 00:00:00.000000342,82.591644,100,12
1970-01-01 00:00:00.000000343,82.74592,100,12
1970-01-01 00:00:00.000000344,82.887375,100,12
1970-01-01 00:00:00.000000343,82.09817,100,13
1970-01-01 00:00:00.000000344,82.31842,100,13
1970-01-01 00:00:00.000000345,82.52467,100,13
1970-01-01 00:00:00.000000344,81.40364,100,14
1970-01-01 00:00:00.000000345,81.68753,100,14
1970-01-01 00:00:00.000000346,81.96655,100,14
1970-01-01 00:00:00.000000345,81.10922,100,15
1970-01-01 00:00:00.000000346,81.44511,100,15
1970-01-01 00:00:00.000000347,81.75183,100,15
1970-01-01 00:00:00.000000346,80.98415,100,16
1970-01-01 00:00:00.000000347,81.32946,100,16
1970-01-01 00:00:00.000000348,81.6022,100,16
1970-01-01 00:00:00.000000347,80.12353,100,17
1970-01-01 00:00:00.000000348,80.45498,100,17
1970-01-01 00:00:00.000000349,80.72563,100,17
1970-01-01 00:00:00.000000348,78.871185,100,18
1970-01-01 00:00:00.000000349,79.18652,100,18
1970-01-01 00:00:00.000000350,79.46272,100,18
1970-01-01 00:00:00.000000349,77.36706,100,19
1970-01-01 00:00:00.000000350,77.67999,100,19
1970-01-01 00:00:00.000000351,77.990135,100,19
1970-01-01 00:00:00.000000350,76.83746,100,20
1970-01-01 00:00:00.000000351,77.18838,100,20
1970-01-01 00:00:00.000000352,77.53936,100,20
1970-01-01 00:00:00.000000351,76.67478,100,21
1970-01-01 00:00:00.000000352,77.06709,100,21
1970-01-01 00:00:00.000000353,77.4366,100,21
1970-01-01 00:00:00.000000352,76.2848,100,22
1970-01-01 00:00:00.000000353,76.689095,100,22
1970-01-01 00:00:00.000000354,77.056564,100,22
1970-01-01 00:00:00.000000353,75.812965,100,23
1970-01-01 00:00:00.000000354,76.201355,100,23
1970-01-01 00:00:00.000000355,76.529396,100,23
1970-01-01 00:00:00.000000354,75.23561,100,24
1970-01-01 00:00:00.000000355,75.5727,100,24
1970-01-01 00:00:00.000000356,75.86335,100,24
1970-01-01 00:00:00.000000355,74.65323,100,25
1970-01-01 00:00:00.000000356,74.9577,100,25
1970-01-01 00:00:00.000000357,75.24484,100,25
1970-01-01 00:00:00.000000356,73.94938,100,26
1970-01-01 00:00:00.000000357,74.248634,100,26
1970-01-01 00:00:00.000000358,74.53648,100,26
1970-01-01 00:00:00.000000357,74.68728,100,27
1970-01-01 00:00:00.000000358,75.00087,100,27
1970-01-01 00:00:00.000000359,75.26377,100,27
1970-01-01 00:00:00.000000358,73.858826,100,28
1970-01-01 00:00:00.000000359,74.18955,100,28
1970-01-01 00:00:00.000000360,74.49385,100,28
1970-01-01 00:00:00.000000359,73.34127,100,29
1970-01-01 00:00:00.000000360,73.64848,100,29
1970-01-01 00:00:00.000000361,73.90996,100,29
1970-01-01 00:00:00.000000360,72.66303,100,30
1970-01-01 00:00:00.000000361,72.937584,100,30
1970-01-01 00:00:00.000000362,73.14129,100,30
1970-01-01 00:00:00.000000361,72.05631,100,31
1970-01-01 00:00:00.000000362,72.26596,100,31
1970-01-01 00:00:00.000000363,72.53218,100,31
1970-01-01 00:00:00.000000362,71.84882,100,32
1970-01-01 00:00:00.000000363,72.13934,100,32
1970-01-01 00:00:00.000000364,72.4283,100,32
1970-01-01 00:00:00.000000363,72.218506,100,33
1970-01-01 00:00:00.000000364,72.538284,100,33
1970-01-01 00:00:00.000000365,72.790184,100,33
1970-01-01 00:00:00.000000364,72.75512,100,34
1970-01-01 00:00:00.000000365,73.08596,100,34
1970-01-01 00:00:00.000000366,73.315445,100,34
1970-01-01 00:00:00.000000365,73.10237,100,35
1970-01-01 00:00:00.000000366,73.383026,100,35
1970-01-01 00:00:00.000000367,73.55616,100,35
1970-01-01 00:00:00.000000366,73.095535,100,36
1970-01-01 00:00:00.000000367,73.32549,100,36
1970-01-01 00:00:00.000000368,73.45121,100,36
1970-01-01 00:00:00.000000367,72.67648,100,37
1970-01-01 00:00:00.000000368,72.8433,100,37
1970-01-01 00:00:00.000000369,72.955025,100,37
1970-01-01 00:00:00.000000368,72.234116,100,38
1970-01-01 00:00:00.000000369,72.3844,100,38
1970-01-01 00:00:00.000000370,72.50536,100,38
1970-01-01 00:00:00.000000369,71.84618,100,39
1970-01-01 00:00:00.000000370,72.00683,100,39
1970-01-01 00:00:00.000000371,72.15928,100,39
1970-01-01 00:00:00.000000370,71.90885,100,40
1970-01-01 00:00:00.000000371,72.111435,100,40
1970-01-01 00:00:00.000000372,72.28839,100,40
1970-01-01 00:00:00.000000371,71.88131,100,41
1970-01-01 00:00:00.000000372,72.120636,100,41
1970-01-01 00:00:00.000000373,72.31577,100,41
1970-01-01 00:00:00.000000372,71.66024,100,42
1970-01-01 00:00:00.000000373,71.908035,100,42
1970-01-01 00:00:00.000000374,72.11769,100,42
1970-01-01 00:00:00.000000373,71.79292,100,43
1970-01-01 00:00:00.000000374,72.04145,100,43
1970-01-01 00:00:00.000000375,72.22666,100,43
1970-01-01 00:00:00.000000374,72.44967,100,44
1970-01-01 00:00:00.000000375,72.69023,100,44
1970-01-01 00:00:00.000000376,72.83333,100,44
1970-01-01 00:00:00.000000375,72.02093,100,45
1970-01-01 00:00:00.000000376,72.23314,100,45
1970-01-01 00:00:00.000000377,72.3932,100,45
1970-01-01 00:00:00.000000376,71.37969,100,46
1970-01-01 00:00:00.000000377,71.56903,100,46
1970-01-01 00:00:00.000000378,71.73007,100,46
1970-01-01 00:00:00.000000377,70.73257,100,47
1970-01-01 00:00:00.000000378,70.92397,100,47
1970-01-01 00:00:00.000000379,71.10437,100,47
1970-01-01 00:00:00.000000378,69.662575,100,48
1970-01-01 00:00:00.000000379,69.86379,100,48
1970-01-01 00:00:00.000000380,70.12813,100,48
1970-01-01 00:00:00.000000379,68.49146,100,49
1970-01-01 00:00:00.000000380,68.74975,100,49
1970-01-01 00:00:00.000000381,68.93219,100,49
1970-01-01 00:00:00.000000380,66.80626,100,50
1970-01-01 00:00:00.000000381,66.97683,100,50
1970-01-01 00:00:00.000000382,67.27565,100,50
1970-01-01 00:00:00.000000381,66.301506,100,51
1970-01-01 00:00:00.000000382,66.58131,100,51
1970-01-01 00:00:00.000000383,67.08137,100,51
1970-01-01 00:00:00.000000382,66.44317,100,52
1970-01-01 00:00:00.000000383,66.95785,100,52
1970-01-01 00:00:00.000000384,67.45285,100,52
1970-01-01 00:00:00.000000383,83.36257,100,53
1970-01-01 00:00:00.000000384,83.95832,100,53
1970-01-01 00:00:00.000000385,83.743904,100,53
1970-01-01 00:00:00.000000384,85.664764,100,54
1970-01-01 00:00:00.000000385,86.30919,100,54
1970-01-01 00:00:00.000000386,85.86819,100,54
1970-01-01 00:00:00.000000385,84.85075,100,55
1970-01-01 00:00:00.000000386,84.67434,100,55
1970-01-01 00:00:00.000000387,84.23008,100,55
1970-01-01 00:00:00.000000386,82.94811,100,56
1970-01-01 00:00:00.000000387,82.64497,100,56
1970-01-01 00:00:00.000000388,81.531006,100,56
1970-01-01 00:00:00.000000142,83.6623,101,10
1970-01-01 00:00:00.000000143,83.74116,101,10
1970-01-01 00:00:00.000000144,83.56548,101,10
1970-01-01 00:00:00.000000143,84.60891,101,11
1970-01-01 00:00:00.000000144,84.59204,101,11
1970-01-01 00:00:00.000000145,84.32682,101,11
1970-01-01 00:00:00.000000144,85.43963,101,12
1970-01-01 00:00:00.000000145,85.31289,101,12
1970-01-01 00:00:00.000000146,84.97039,101,12
1970-01-01 00:00:00.000000145,86.3133,101,13
1970-01-01 00:00:00.000000146,86.10548,101,13
1970-01-01 00:00:00.000000147,85.71042,101,13
1970-01-01 00:00:00.000000146,87.004745,101,14
1970-01-01 00:00:00.000000147,86.73757,101,14
1970-01-01 00:00:00.000000148,86.36052,101,14
1970-01-01 00:00:00.000000147,87.8961,101,15
1970-01-01 00:00:00.000000148,87.626755,101,15
1970-01-01 00:00:00.000000149,87.28081,101,15
1970-01-01 00:00:00.000000148,88.64049,101,16
1970-01-01 00:00:00.000000149,88.391045,101,16
1970-01-01 00:00:00.000000150,88.05388,101,16
1970-01-01 00:00:00.000000149,89.11312,101,17
1970-01-01 00:00:00.000000150,88.88301,101,17
1970-01-01 00:00:00.000000151,88.564674,101,17
1970-01-01 00:00:00.000000150,89.81353,101,18
1970-01-01 00:00:00.000000151,89.596954,101,18
1970-01-01 00:00:00.000000152,89.27024,101,18
1970-01-01 00:00:00.000000151,90.254715,101,19
1970-01-01 00:00:00.000000152,90.04504,101,19
1970-01-01 00:00:00.000000153,89.72062,101,19
1970-01-01 00:00:00.000000152,90.34744,101,20
1970-01-01 00:00:00.000000153,90.15085,101,20
1970-01-01 00:00:00.000000154,89.852104,101,20
1970-01-01 00:00:00.000000153,90.41758,101,21
1970-01-01 00:00:00.000000154,90.2473,101,21
1970-01-01 00:00:00.000000155,89.96448,101,21
1970-01-01 00:00:00.000000187,79.05501,103,10
1970-01-01 00:00:00.000000188,79.219734,103,10
1970-01-01 00:00:00.000000189,79.44826,103,10
1970-01-01 00:00:00.000000188,79.35188,103,11
1970-01-01 00:00:00.000000189,79.53631,103,11
1970-01-01 00:00:00.000000190,79.6896,103,11
1970-01-01 00:00:00.000000189,79.388405,103,12
1970-01-01 00:00:00.000000190,79.50444,103,12
1970-01-01 00:00:00.000000191,79.646286,103,12
1970-01-01 00:00:00.000000190,79.51455,103,13
1970-01-01 00:00:00.000000191,79.61444,103,13
1970-01-01 00:00:00.000000192,79.74768,103,13
1970-01-01 00:00:00.000000191,79.769875,103,14
1970-01-01 00:00:00.000000192,79.86435,103,14
1970-01-01 00:00:00.000000193,79.98454,103,14
1970-01-01 00:00:00.000000192,79.947205,103,15
1970-01-01 00:00:00.000000193,80.03191,103,15
1970-01-01 00:00:00.000000194,80.15096,103,15
1970-01-01 00:00:00.000000193,80.084694,103,16
1970-01-01 00:00:00.000000194,80.16468,103,16
1970-01-01 00:00:00.000000195,80.291985,103,16
1970-01-01 00:00:00.000000194,80.777016,103,17
1970-01-01 00:00:00.000000195,80.858345,103,17
1970-01-01 00:00:00.000000196,80.94916,103,17
1970-01-01 00:00:00.000000195,80.887375,103,18
1970-01-01 00:00:00.000000196,80.95426,103,18
1970-01-01 00:00:00.000000197,81.04574,103,18
1970-01-01 00:00:00.000000196,81.03032,103,19
1970-01-01 00:00:00.000000197,81.08035,103,19
1970-01-01 00:00:00.000000198,81.16011,103,19
1970-01-01 00:00:00.000000197,81.23199,103,20
1970-01-01 00:00:00.000000198,81.27539,103,20
1970-01-01 00:00:00.000000199,81.33753,103,20
1970-01-01 00:00:00.000000198,81.248344,103,21
1970-01-01 00:00:00.000000199,81.28133,103,21
1970-01-01 00:00:00.000000200,81.35503,103,21
1970-01-01 00:00:00.000000199,81.52953,103,22
1970-01-01 00:00:00.000000200,81.57082,103,22
1970-01-01 00:00:00.000000201,81.65517,103,22
1970-01-01 00:00:00.000000200,82.001144,103,23
1970-01-01 00:00:00.000000201,82.04524,103,23
1970-01-01 00:00:00.000000202,82.1182,103,23
1970-01-01 00:00:00.000000201,82.749985,103,24
1970-01-01 00:00:00.000000202,82.7955,103,24
1970-01-01 00:00:00.000000203,82.86593,103,24
1970-01-01 00:00:00.000000202,82.89976,103,25
1970-01-01 00:00:00.000000203,82.94066,103,25
1970-01-01 00:00:00.000000204,82.984436,103,25
1970-01-01 00:00:00.000000203,82.827156,103,26
1970-01-01 00:00:00.000000204,82.83911,103,26
1970-01-01 00:00:00.000000205,82.8695,103,26
1970-01-01 00:00:00.000000204,82.95165,103,27
1970-01-01 00:00:00.000000205,82.95663,103,27
1970-01-01 00:00:00.000000206,82.97562,103,27
1970-01-01 00:00:00.000000205,83.04512,103,28
1970-01-01 00:00:00.000000206,83.04586,103,28
1970-01-01 00:00:00.000000207,83.08595,103,28
1970-01-01 00:00:00.000000206,82.95897,103,29
1970-01-01 00:00:00.000000207,82.98145,103,29
1970-01-01 00:00:00.000000208,83.05518,103,29
1970-01-01 00:00:00.000000080,73.32439,104,10
1970-01-01 00:00:00.000000081,73.45076,104,10
1970-01-01 00:00:00.000000082,73.322426,104,10
1970-01-01 00:00:00.000000190,92.37163,105,10
1970-01-01 00:00:00.000000191,92.31351,105,10
1970-01-01 00:00:00.000000192,92.03642,105,10
1970-01-01 00:00:00.000000191,92.80842,105,11
1970-01-01 00:00:00.000000192,92.691,105,11
1970-01-01 00:00:00.000000193,92.38971,105,11
1970-01-01 00:00:00.000000192,93.344574,105,12
1970-01-01 00:00:00.000000193,93.15122,105,12
1970-01-01 00:00:00.000000194,92.79841,105,12
1970-01-01 00:00:00.000000193,93.31334,105,13
1970-01-01 00:00:00.000000194,93.126114,105,13
1970-01-01 00:00:00.000000195,92.82451,105,13
1970-01-01 00:00:00.000000194,94.12009,105,14
1970-01-01 00:00:00.000000195,93.92661,105,14
1970-01-01 00:00:00.000000196,93.60995,105,14
1970-01-01 00:00:00.000000195,94.16637,105,15
1970-01-01 00:00:00.000000196,93.99428,105,15
1970-01-01 00:00:00.000000197,93.70503,105,15
1970-01-01 00:00:00.000000196,94.18675,105,16
1970-01-01 00:00:00.000000197,94.04282,105,16
1970-01-01 00:00:00.000000198,93.80546,105,16
1970-01-01 00:00:00.000000197,94.38097,105,17
1970-01-01 00:00:00.000000198,94.280716,105,17
1970-01-01 00:00:00.000000199,94.09178,105,17
1970-01-01 00:00:00.000000198,94.48254,105,18
1970-01-01 00:00:00.000000199,94.43431,105,18
1970-01-01 00:00:00.000000200,94.22534,105,18
1970-01-01 00:00:00.000000199,94.505135,105,19
1970-01-01 00:00:00.000000200,94.46081,105,19
1970-01-01 00:00:00.000000201,94.299286,105,19
1970-01-01 00:00:00.000000200,94.637955,105,20
1970-01-01 00:00:00.000000201,94.59138,105,20
1970-01-01 00:00:00.000000202,94.41694,105,20
1970-01-01 00:00:00.000000201,94.877594,105,21
1970-01-01 00:00:00.000000202,94.84884,105,21
1970-01-01 00:00:00.000000203,94.6881,105,21
1970-01-01 00:00:00.000000202,95.52674,105,22
1970-01-01 00:00:00.000000203,95.48558,105,22
1970-01-01 00:00:00.000000204,95.25989,105,22
1970-01-01 00:00:00.000000203,95.97968,105,23
1970-01-01 00:00:00.000000204,95.87395,105,23
1970-01-01 00:00:00.000000205,95.6486,105,23
1970-01-01 00:00:00.000000204,96.11135,105,24
1970-01-01 00:00:00.000000205,96.01996,105,24
1970-01-01 00:00:00.000000206,95.76358,105,24
1970-01-01 00:00:00.000000205,95.98778,105,25
1970-01-01 00:00:00.000000206,95.88148,105,25
1970-01-01 00:00:00.000000207,95.58887,105,25
1970-01-01 00:00:00.000000206,95.371086,105,26
1970-01-01 00:00:00.000000207,95.26471,105,26
1970-01-01 00:00:00.000000208,95.02382,105,26
1970-01-01 00:00:00.000000207,94.575836,105,27
1970-01-01 00:00:00.000000208,94.5426,105,27
1970-01-01 00:00:00.000000209,94.32455,105,27
1970-01-01 00:00:00.000000208,94.207886,105,28
1970-01-01 00:00:00.000000209,94.17941,105,28
1970-01-01 00:00:00.000000210,94.05106,105,28
1970-01-01 00:00:00.000000209,92.61583,105,29
1970-01-01 00:00:00.000000210,92.68253,105,29
1970-01-01 00:00:00.000000211,92.62492,105,29
1970-01-01 00:00:00.000000281,78.45842,106,10
1970-01-01 00:00:00.000000282,78.57724,106,10
1970-01-01 00:00:00.000000283,78.74374,106,10
1970-01-01 00:00:00.000000282,78.429596,106,11
1970-01-01 00:00:00.000000283,78.54427,106,11
1970-01-01 00:00:00.000000284,78.75688,106,11
1970-01-01 00:00:00.000000283,78.36428,106,12
1970-01-01 00:00:00.000000284,78.52145,106,12
1970-01-01 00:00:00.000000285,78.69939,106,12
1970-01-01 00:00:00.000000284,78.30104,106,13
1970-01-01 00:00:00.000000285,78.424675,106,13
1970-01-01 00:00:00.000000286,78.61051,106,13
1970-01-01 00:00:00.000000285,78.180626,106,14
1970-01-01 00:00:00.000000286,78.314766,106,14
1970-01-01 00:00:00.000000287,78.52413,106,14
1970-01-01 00:00:00.000000286,78.10573,106,15
1970-01-01 00:00:00.000000287,78.257935,106,15
1970-01-01 00:00:00.000000288,78.48322,106,15
1970-01-01 00:00:00.000000287,78.2347,106,16
1970-01-01 00:00:00.000000288,78.4057,106,16
1970-01-01 00:00:00.000000289,78.63725,106,16
1970-01-01 00:00:00.000000288,78.19209,106,17
1970-01-01 00:00:00.000000289,78.37338,106,17
1970-01-01 00:00:00.000000290,78.646774,106,17
1970-01-01 00:00:00.000000289,78.21801,106,18
1970-01-01 00:00:00.000000290,78.435455,106,18
1970-01-01 00:00:00.000000291,78.66937,106,18
1970-01-01 00:00:00.000000290,78.111855,106,19
1970-01-01 00:00:00.000000291,78.294136,106,19
1970-01-01 00:00:00.000000292,78.51905,106,19
1970-01-01 00:00:00.000000291,77.84605,106,20
1970-01-01 00:00:00.000000292,78.017975,106,20
1970-01-01 00:00:00.000000293,78.25084,106,20
1970-01-01 00:00:00.000000292,77.7913,106,21
1970-01-01 00:00:00.000000293,77.969734,106,21
1970-01-01 00:00:00.000000294,78.20685,106,21
1970-01-01 00:00:00.000000293,77.61914,106,22
1970-01-01 00:00:00.000000294,77.8039,106,22
1970-01-01 00:00:00.000000295,78.05542,106,22
1970-01-01 00:00:00.000000294,77.37781,106,23
1970-01-01 00:00:00.000000295,77.577286,106,23
1970-01-01 00:00:00.000000296,77.846344,106,23
1970-01-01 00:00:00.000000295,77.33557,106,24
1970-01-01 00:00:00.000000296,77.54456,106,24
1970-01-01 00:00:00.000000297,77.809296,106,24
1970-01-01 00:00:00.000000296,77.3356,106,25
1970-01-01 00:00:00.000000297,77.54595,106,25
1970-01-01 00:00:00.000000298,77.80893,106,25
1970-01-01 00:00:00.000000297,77.20903,106,26
1970-01-01 00:00:00.000000298,77.418396,106,26
1970-01-01 00:00:00.000000299,77.68643,106,26
1970-01-01 00:00:00.000000298,77.14628,106,27
1970-01-01 00:00:00.000000299,77.35423,106,27
1970-01-01 00:00:00.000000300,77.61339,106,27
1970-01-01 00:00:00.000000299,76.84418,106,28
1970-01-01 00:00:00.000000300,77.049255,106,28
1970-01-01 00:00:00.000000301,77.31017,106,28
1970-01-01 00:00:00.000000300,76.67174,106,29
1970-01-01 00:00:00.000000301,76.87236,106,29
1970-01-01 00:00:00.000000302,77.13784,106,29
1970-01-01 00:00:00.000000301,76.44441,106,30
1970-01-01 00:00:00.000000302,76.65149,106,30
1970-01-01 00:00:00.000000303,76.92444,106,30
1970-01-01 00:00:00.000000302,76.31948,106,31
1970-01-01 00:00:00.000000303,76.53297,106,31
1970-01-01 00:00:00.000000304,76.81794,106,31
1970-01-01 00:00:00.000000303,76.35475,106,32
1970-01-01 00:00:00.000000304,76.58196,106,32
1970-01-01 00:00:00.000000305,76.86592,106,32
1970-01-01 00:00:00.000000304,76.086006,106,33
1970-01-01 00:00:00.000000305,76.31173,106,33
1970-01-01 00:00:00.000000306,76.60035,106,33
1970-01-01 00:00:00.000000305,75.929115,106,34
1970-01-01 00:00:00.000000306,76.15492,106,34
1970-01-01 00:00:00.000000307,76.44142,106,34
1970-01-01 00:00:00.000000306,75.86005,106,35
1970-01-01 00:00:00.000000307,76.08278,106,35
1970-01-01 00:00:00.000000308,76.35906,106,35
1970-01-01 00:00:00.000000307,75.73957,106,36
1970-01-01 00:00:00.000000308,75.958885,106,36
1970-01-01 00:00:00.000000309,76.243835,106,36
1970-01-01 00:00:00.000000308,75.65328,106,37
1970-01-01 00:00:00.000000309,75.872284,106,37
1970-01-01 00:00:00.000000310,76.07401,106,37
1970-01-01 00:00:00.000000309,75.57924,106,38
1970-01-01 00:00:00.000000310,75.677444,106,38
1970-01-01 00:00:00.000000311,75.3372,106,38
1970-01-01 00:00:00.000000310,75.03516,106,39
1970-01-01 00:00:00.000000311,74.61801,106,39
1970-01-01 00:00:00.000000312,75.10553,106,39
1970-01-01 00:00:00.000000311,73.59059,106,40
1970-01-01 00:00:00.000000312,73.97557,106,40
1970-01-01 00:00:00.000000313,74.41945,106,40
1970-01-01 00:00:00.000000312,76.09317,106,41
1970-01-01 00:00:00.000000313,76.421936,106,41
1970-01-01 00:00:00.000000314,76.684135,106,41
1970-01-01 00:00:00.000000313,81.50701,106,42
1970-01-01 00:00:00.000000314,81.724785,106,42
1970-01-01 00:00:00.000000315,81.80123,106,42
1970-01-01 00:00:00.000000314,78.77212,106,43
1970-01-01 00:00:00.000000315,78.881905,106,43
1970-01-01 00:00:00.000000316,79.020775,106,43
1970-01-01 00:00:00.000000315,76.802765,106,44
1970-01-01 00:00:00.000000316,76.78149,106,44
1970-01-01 00:00:00.000000317,76.85975,106,44
1970-01-01 00:00:00.000000316,75.92746,106,45
1970-01-01 00:00:00.000000317,75.929016,106,45
1970-01-01 00:00:00.000000318,75.98744,106,45
1970-01-01 00:00:00.000000083,88.1723,107,10
1970-01-01 00:00:00.000000084,88.295784,107,10
1970-01-01 00:00:00.000000085,87.21113,107,10
1970-01-01 00:00:00.000000213,96.30286,108,10
1970-01-01 00:00:00.000000214,96.2102,108,10
1970-01-01 00:00:00.000000215,95.94049,108,10
1970-01-01 00:00:00.000000214,96.35771,108,11
1970-01-01 00:00:00.000000215,96.21876,108,11
1970-01-01 00:00:00.000000216,95.963036,108,11
1970-01-01 00:00:00.000000215,96.323555,108,12
1970-01-01 00:00:00.000000216,96.2086,108,12
1970-01-01 00:00:00.000000217,95.98949,108,12
1970-01-01 00:00:00.000000216,96.28227,108,13
1970-01-01 00:00:00.000000217,96.19416,108,13
1970-01-01 00:00:00.000000218,95.99952,108,13
1970-01-01 00:00:00.000000217,96.29461,108,14
1970-01-01 00:00:00.000000218,96.21883,108,14
1970-01-01 00:00:00.000000219,96.04007,108,14
1970-01-01 00:00:00.000000218,96.35942,108,15
1970-01-01 00:00:00.000000219,96.29522,108,15
1970-01-01 00:00:00.000000220,96.118675,108,15
1970-01-01 00:00:00.000000219,96.45543,108,16
1970-01-01 00:00:00.000000220,96.392685,108,16
1970-01-01 00:00:00.000000221,96.21411,108,16
1970-01-01 00:00:00.000000220,96.51767,108,17
1970-01-01 00:00:00.000000221,96.456345,108,17
1970-01-01 00:00:00.000000222,96.27614,108,17
1970-01-01 00:00:00.000000221,96.46004,108,18
1970-01-01 00:00:00.000000222,96.40264,108,18
1970-01-01 00:00:00.000000223,96.21792,108,18
1970-01-01 00:00:00.000000222,96.42498,108,19
1970-01-01 00:00:00.000000223,96.36417,108,19
1970-01-01 00:00:00.000000224,96.175644,108,19
1970-01-01 00:00:00.000000223,96.43116,108,20
1970-01-01 00:00:00.000000224,96.3659,108,20
1970-01-01 00:00:00.000000225,96.174484,108,20
1970-01-01 00:00:00.000000224,96.44302,108,21
1970-01-01 00:00:00.000000225,96.37677,108,21
1970-01-01 00:00:00.000000226,96.18941,108,21
1970-01-01 00:00:00.000000225,96.45042,108,22
1970-01-01 00:00:00.000000226,96.38558,108,22
1970-01-01 00:00:00.000000227,96.20382,108,22
1970-01-01 00:00:00.000000226,96.53229,108,23
1970-01-01 00:00:00.000000227,96.46768,108,23
1970-01-01 00:00:00.000000228,96.28033,108,23
1970-01-01 00:00:00.000000227,96.571014,108,24
1970-01-01 00:00:00.000000228,96.504326,108,24
1970-01-01 00:00:00.000000229,96.31269,108,24
1970-01-01 00:00:00.000000228,96.568146,108,25
1970-01-01 00:00:00.000000229,96.49732,108,25
1970-01-01 00:00:00.000000230,96.29926,108,25
1970-01-01 00:00:00.000000229,96.54856,108,26
1970-01-01 00:00:00.000000230,96.47335,108,26
1970-01-01 00:00:00.000000231,96.27205,108,26
1970-01-01 00:00:00.000000230,96.64136,108,27
1970-01-01 00:00:00.000000231,96.56339,108,27
1970-01-01 00:00:00.000000232,96.36229,108,27
1970-01-01 00:00:00.000000231,96.72376,108,28
1970-01-01 00:00:00.000000232,96.64576,108,28
1970-01-01 00:00:00.000000233,96.44492,108,28
1970-01-01 00:00:00.000000232,96.79829,108,29
1970-01-01 00:00:00.000000233,96.7159,108,29
1970-01-01 00:00:00.000000234,96.51424,108,29
1970-01-01 00:00:00.000000233,96.83479,108,30
1970-01-01 00:00:00.000000234,96.753006,108,30
1970-01-01 00:00:00.000000235,96.54544,108,30
1970-01-01 00:00:00.000000234,96.89805,108,31
1970-01-01 00:00:00.000000235,96.813614,108,31
1970-01-01 00:00:00.000000236,96.59459,108,31
1970-01-01 00:00:00.000000235,96.93398,108,32
1970-01-01 00:00:00.000000236,96.84481,108,32
1970-01-01 00:00:00.000000237,96.625534,108,32
1970-01-01 00:00:00.000000236,96.99391,108,33
1970-01-01 00:00:00.000000237,96.9,108,33
1970-01-01 00:00:00.000000238,96.656525,108,33
1970-01-01 00:00:00.000000083,96.91104,109,10
1970-01-01 00:00:00.000000084,96.803505,109,10
1970-01-01 00:00:00.000000085,96.031784,109,10
1970-01-01 00:00:00.000000505,86.68644,110,10
1970-01-01 00:00:00.000000506,86.68827,110,10
1970-01-01 00:00:00.000000507,86.600395,110,10
1970-01-01 00:00:00.000000506,86.758514,110,11
1970-01-01 00:00:00.000000507,86.74893,110,11
1970-01-01 00:00:00.000000508,86.65612,110,11
1970-01-01 00:00:00.000000507,87.17277,110,12
1970-01-01 00:00:00.000000508,87.1438,110,12
1970-01-01 00:00:00.000000509,87.00263,110,12
1970-01-01 00:00:00.000000508,87.67263,110,13
1970-01-01 00:00:00.000000509,87.61173,110,13
1970-01-01 00:00:00.000000510,87.43858,110,13
1970-01-01 00:00:00.000000509,87.98891,110,14
1970-01-01 00:00:00.000000510,87.90604,110,14
1970-01-01 00:00:00.000000511,87.74039,110,14
1970-01-01 00:00:00.000000510,88.527664,110,15
1970-01-01 00:00:00.000000511,88.433975,110,15
1970-01-01 00:00:00.000000512,88.25042,110,15
1970-01-01 00:00:00.000000511,89.12574,110,16
1970-01-01 00:00:00.000000512,89.0186,110,16
1970-01-01 00:00:00.000000513,88.814285,110,16
1970-01-01 00:00:00.000000512,89.78965,110,17
1970-01-01 00:00:00.000000513,89.66871,110,17
1970-01-01 00:00:00.000000514,89.45147,110,17
1970-01-01 00:00:00.000000513,90.48746,110,18
1970-01-01 00:00:00.000000514,90.34656,110,18
1970-01-01 00:00:00.000000515,90.09697,110,18
1970-01-01 00:00:00.000000514,91.02833,110,19
1970-01-01 00:00:00.000000515,90.86057,110,19
1970-01-01 00:00:00.000000516,90.53921,110,19
1970-01-01 00:00:00.000000515,91.768456,110,20
1970-01-01 00:00:00.000000516,91.52602,110,20
1970-01-01 00:00:00.000000517,91.161,110,20
1970-01-01 00:00:00.000000516,92.4867,110,21
1970-01-01 00:00:00.000000517,92.20216,110,21
1970-01-01 00:00:00.000000518,91.90069,110,21
1970-01-01 00:00:00.000000517,92.99016,110,22
1970-01-01 00:00:00.000000518,92.77571,110,22
1970-01-01 00:00:00.000000519,92.46836,110,22
1970-01-01 00:00:00.000000518,93.27517,110,23
1970-01-01 00:00:00.000000519,93.05937,110,23
1970-01-01 00:00:00.000000520,92.73982,110,23
1970-01-01 00:00:00.000000519,93.11549,110,24
1970-01-01 00:00:00.000000520,92.90712,110,24
1970-01-01 00:00:00.000000521,92.598465,110,24
1970-01-01 00:00:00.000000520,92.78574,110,25
1970-01-01 00:00:00.000000521,92.60907,110,25
1970-01-01 00:00:00.000000522,92.34627,110,25
1970-01-01 00:00:00.000000521,92.48085,110,26
1970-01-01 00:00:00.000000522,92.35319,110,26
1970-01-01 00:00:00.000000523,92.158295,110,26
1970-01-01 00:00:00.000000522,92.07117,110,27
1970-01-01 00:00:00.000000523,92.01193,110,27
1970-01-01 00:00:00.000000524,91.90514,110,27
1970-01-01 00:00:00.000000523,91.78198,110,28
1970-01-01 00:00:00.000000524,91.796776,110,28
1970-01-01 00:00:00.000000525,91.78776,110,28
1970-01-01 00:00:00.000000524,91.550575,110,29
1970-01-01 00:00:00.000000525,91.64918,110,29
1970-01-01 00:00:00.000000526,91.71098,110,29
1970-01-01 00:00:00.000000525,91.59532,110,30
1970-01-01 00:00:00.000000526,91.75981,110,30
1970-01-01 00:00:00.000000527,91.75815,110,30
1970-01-01 00:00:00.000000526,91.58126,110,31
1970-01-01 00:00:00.000000527,91.682205,110,31
1970-01-01 00:00:00.000000528,91.66551,110,31
1970-01-01 00:00:00.000000527,91.34731,110,32
1970-01-01 00:00:00.000000528,91.43569,110,32
1970-01-01 00:00:00.000000529,91.39236,110,32
1970-01-01 00:00:00.000000528,91.96137,110,33
1970-01-01 00:00:00.000000529,92.009544,110,33
1970-01-01 00:00:00.000000530,91.84674,110,33
1970-01-01 00:00:00.000000529,92.56328,110,34
1970-01-01 00:00:00.000000530,92.4904,110,34
1970-01-01 00:00:00.000000531,92.35729,110,34
1970-01-01 00:00:00.000000530,92.88597,110,35
1970-01-01 00:00:00.000000531,92.846664,110,35
1970-01-01 00:00:00.000000532,92.669975,110,35
1970-01-01 00:00:00.000000531,93.033844,110,36
1970-01-01 00:00:00.000000532,92.94813,110,36
1970-01-01 00:00:00.000000533,92.69415,110,36
1970-01-01 00:00:00.000000532,92.76247,110,37
1970-01-01 00:00:00.000000533,92.62703,110,37
1970-01-01 00:00:00.000000534,92.3346,110,37
1970-01-01 00:00:00.000000533,92.32917,110,38
1970-01-01 00:00:00.000000534,92.18879,110,38
1970-01-01 00:00:00.000000535,91.92977,110,38
1970-01-01 00:00:00.000000534,92.19272,110,39
1970-01-01 00:00:00.000000535,92.06652,110,39
1970-01-01 00:00:00.000000536,91.86063,110,39
1970-01-01 00:00:00.000000535,91.97718,110,40
1970-01-01 00:00:00.000000536,91.90392,110,40
1970-01-01 00:00:00.000000537,91.783775,110,40
1970-01-01 00:00:00.000000536,91.808754,110,41
1970-01-01 00:00:00.000000537,91.79821,110,41
1970-01-01 00:00:00.000000538,91.737526,110,41
1970-01-01 00:00:00.000000537,91.37574,110,42
1970-01-01 00:00:00.000000538,91.41597,110,42
1970-01-01 00:00:00.000000539,91.36587,110,42
1970-01-01 00:00:00.000000538,90.780785,110,43
1970-01-01 00:00:00.000000539,90.8497,110,43
1970-01-01 00:00:00.000000540,90.82046,110,43
1970-01-01 00:00:00.000000539,89.87631,110,44
1970-01-01 00:00:00.000000540,89.982155,110,44
1970-01-01 00:00:00.000000541,89.98938,110,44
1970-01-01 00:00:00.000000540,89.0403,110,45
1970-01-01 00:00:00.000000541,89.17787,110,45
1970-01-01 00:00:00.000000542,89.24882,110,45
1970-01-01 00:00:00.000000541,88.16894,110,46
1970-01-01 00:00:00.000000542,88.3669,110,46
1970-01-01 00:00:00.000000543,88.497185,110,46
1970-01-01 00:00:00.000000542,87.38328,110,47
1970-01-01 00:00:00.000000543,87.621635,110,47
1970-01-01 00:00:00.000000544,87.79419,110,47
1970-01-01 00:00:00.000000543,86.38298,110,48
1970-01-01 00:00:00.000000544,86.66319,110,48
1970-01-01 00:00:00.000000545,86.863815,110,48
1970-01-01 00:00:00.000000544,85.47167,110,49
1970-01-01 00:00:00.000000545,85.77002,110,49
1970-01-01 00:00:00.000000546,85.99092,110,49
1970-01-01 00:00:00.000000545,84.3083,110,50
1970-01-01 00:00:00.000000546,84.6349,110,50
1970-01-01 00:00:00.000000547,84.88546,110,50
1970-01-01 00:00:00.000000546,83.38713,110,51
1970-01-01 00:00:00.000000547,83.73097,110,51
1970-01-01 00:00:00.000000548,84.00948,110,51
1970-01-01 00:00:00.000000547,83.127525,110,52
1970-01-01 00:00:00.000000548,83.48608,110,52
1970-01-01 00:00:00.000000549,83.768715,110,52
1970-01-01 00:00:00.000000548,83.13535,110,53
1970-01-01 00:00:00.000000549,83.48837,110,53
1970-01-01 00:00:00.000000550,83.744415,110,53
1970-01-01 00:00:00.000000549,83.10928,110,54
1970-01-01 00:00:00.000000550,83.43405,110,54
1970-01-01 00:00:00.000000551,83.63951,110,54
1970-01-01 00:00:00.000000550,83.59744,110,55
1970-01-01 00:00:00.000000551,83.85549,110,55
1970-01-01 00:00:00.000000552,83.96027,110,55
1970-01-01 00:00:00.000000551,84.299866,110,56
1970-01-01 00:00:00.000000552,84.476944,110,56
1970-01-01 00:00:00.000000553,84.48999,110,56
1970-01-01 00:00:00.000000552,84.554245,110,57
1970-01-01 00:00:00.000000553,84.64928,110,57
1970-01-01 00:00:00.000000554,84.60104,110,57
1970-01-01 00:00:00.000000553,84.1491,110,58
1970-01-01 00:00:00.000000554,84.17693,110,58
1970-01-01 00:00:00.000000555,84.08561,110,58
1970-01-01 00:00:00.000000554,84.545525,110,59
1970-01-01 00:00:00.000000555,84.52149,110,59
1970-01-01 00:00:00.000000556,84.3926,110,59
1970-01-01 00:00:00.000000555,84.585754,110,60
1970-01-01 00:00:00.000000556,84.54773,110,60
1970-01-01 00:00:00.000000557,84.44457,110,60
1970-01-01 00:00:00.000000556,84.5844,110,61
1970-01-01 00:00:00.000000557,84.55306,110,61
1970-01-01 00:00:00.000000558,84.492355,110,61
1970-01-01 00:00:00.000000557,84.481255,110,62
1970-01-01 00:00:00.000000558,84.48831,110,62
1970-01-01 00:00:00.000000559,84.44049,110,62
1970-01-01 00:00:00.000000558,84.19647,110,63
1970-01-01 00:00:00.000000559,84.22095,110,63
1970-01-01 00:00:00.000000560,84.200485,110,63
1970-01-01 00:00:00.000000559,83.93121,110,64
1970-01-01 00:00:00.000000560,83.99396,110,64
1970-01-01 00:00:00.000000561,84.00846,110,64
1970-01-01 00:00:00.000000560,82.26541,110,65
1970-01-01 00:00:00.000000561,82.36103,110,65
1970-01-01 00:00:00.000000562,82.44198,110,65
1970-01-01 00:00:00.000000561,81.62441,110,66
1970-01-01 00:00:00.000000562,81.78001,110,66
1970-01-01 00:00:00.000000563,81.9285,110,66
1970-01-01 00:00:00.000000562,82.87136,110,67
1970-01-01 00:00:00.000000563,83.08148,110,67
1970-01-01 00:00:00.000000564,83.21816,110,67
1970-01-01 00:00:00.000000563,83.2324,110,68
1970-01-01 00:00:00.000000564,83.45338,110,68
1970-01-01 00:00:00.000000565,83.612526,110,68
1970-01-01 00:00:00.000000564,84.006424,110,69
1970-01-01 00:00:00.000000565,84.218094,110,69
1970-01-01 00:00:00.000000566,84.31712,110,69
1970-01-01 00:00:00.000000565,84.18052,110,70
1970-01-01 00:00:00.000000566,84.32763,110,70
1970-01-01 00:00:00.000000567,84.28044,110,70
1970-01-01 00:00:00.000000566,85.40413,110,71
1970-01-01 00:00:00.000000567,85.44139,110,71
1970-01-01 00:00:00.000000568,85.326385,110,71
1970-01-01 00:00:00.000000567,86.59976,110,72
1970-01-01 00:00:00.000000568,86.57105,110,72
1970-01-01 00:00:00.000000569,86.318016,110,72
1970-01-01 00:00:00.000000568,86.01321,110,73
1970-01-01 00:00:00.000000569,85.82553,110,73
1970-01-01 00:00:00.000000570,85.346,110,73
1970-01-01 00:00:00.000000569,74.45106,110,74
1970-01-01 00:00:00.000000570,74.108215,110,74
1970-01-01 00:00:00.000000571,74.45363,110,74
1970-01-01 00:00:00.000000570,62.08577,110,75
1970-01-01 00:00:00.000000571,62.49983,110,75
1970-01-01 00:00:00.000000572,63.451706,110,75
1970-01-01 00:00:00.000000571,55.523365,110,76
1970-01-01 00:00:00.000000572,56.7918,110,76
1970-01-01 00:00:00.000000573,58.5326,110,76
1970-01-01 00:00:00.000000572,56.1571,110,77
1970-01-01 00:00:00.000000573,58.25087,110,77
1970-01-01 00:00:00.000000574,60.37915,110,77
1970-01-01 00:00:00.000000573,60.514774,110,78
1970-01-01 00:00:00.000000574,63.041824,110,78
1970-01-01 00:00:00.000000575,65.110054,110,78
1970-01-01 00:00:00.000000574,63.895676,110,79
1970-01-01 00:00:00.000000575,66.13653,110,79
1970-01-01 00:00:00.000000576,67.76314,110,79
1970-01-01 00:00:00.000000575,65.28298,110,80
1970-01-01 00:00:00.000000576,66.77634,110,80
1970-01-01 00:00:00.000000577,67.97259,110,80
1970-01-01 00:00:00.000000576,77.2273,110,81
1970-01-01 00:00:00.000000577,78.33892,110,81
1970-01-01 00:00:00.000000578,78.40595,110,81
1970-01-01 00:00:00.000000577,85.10012,110,82
1970-01-01 00:00:00.000000578,85.97727,110,82
1970-01-01 00:00:00.000000579,85.15203,110,82
1970-01-01 00:00:00.000000578,86.752464,110,83
1970-01-01 00:00:00.000000579,86.78365,110,83
1970-01-01 00:00:00.000000580,85.92422,110,83
1970-01-01 00:00:00.000000579,85.226265,110,84
1970-01-01 00:00:00.000000580,84.922745,110,84
1970-01-01 00:00:00.000000581,83.68689,110,84
1970-01-01 00:00:00.000000580,85.21389,110,85
1970-01-01 00:00:00.000000581,84.19878,110,85
1970-01-01 00:00:00.000000582,83.239044,110,85
1970-01-01 00:00:00.000000183,96.951,112,10
1970-01-01 00:00:00.000000184,96.617355,112,10
1970-01-01 00:00:00.000000185,96.53079,112,10
1970-01-01 00:00:00.000000184,96.76473,112,11
1970-01-01 00:00:00.000000185,96.83599,112,11
1970-01-01 00:00:00.000000186,96.58525,112,11
1970-01-01 00:00:00.000000185,91.7088,112,12
1970-01-01 00:00:00.000000186,91.73749,112,12
1970-01-01 00:00:00.000000187,91.59526,112,12
1970-01-01 00:00:00.000000186,82.7758,112,13
1970-01-01 00:00:00.000000187,83.08025,112,13
1970-01-01 00:00:00.000000188,83.30487,112,13
1970-01-01 00:00:00.000000187,81.317444,112,14
1970-01-01 00:00:00.000000188,81.92581,112,14
1970-01-01 00:00:00.000000189,82.51175,112,14
1970-01-01 00:00:00.000000188,82.02661,112,15
1970-01-01 00:00:00.000000189,82.88101,112,15
1970-01-01 00:00:00.000000190,83.83078,112,15
1970-01-01 00:00:00.000000189,82.716354,112,16
1970-01-01 00:00:00.000000190,83.81642,112,16
1970-01-01 00:00:00.000000191,84.94736,112,16
1970-01-01 00:00:00.000000190,83.173004,112,17
1970-01-01 00:00:00.000000191,84.19634,112,17
1970-01-01 00:00:00.000000192,85.02186,112,17
1970-01-01 00:00:00.000000191,82.898766,112,18
1970-01-01 00:00:00.000000192,83.64313,112,18
1970-01-01 00:00:00.000000193,84.04397,112,18
1970-01-01 00:00:00.000000192,81.55871,112,19
1970-01-01 00:00:00.000000193,82.065605,112,19
1970-01-01 00:00:00.000000194,82.31825,112,19
1970-01-01 00:00:00.000000193,80.56105,112,20
1970-01-01 00:00:00.000000194,80.85481,112,20
1970-01-01 00:00:00.000000195,81.01938,112,20
1970-01-01 00:00:00.000000194,79.41917,112,21
1970-01-01 00:00:00.000000195,79.71964,112,21
1970-01-01 00:00:00.000000196,79.947296,112,21
1970-01-01 00:00:00.000000195,78.453224,112,22
1970-01-01 00:00:00.000000196,78.78153,112,22
1970-01-01 00:00:00.000000197,79.065735,112,22
1970-01-01 00:00:00.000000196,78.568504,112,23
1970-01-01 00:00:00.000000197,78.89504,112,23
1970-01-01 00:00:00.000000198,79.134224,112,23
1970-01-01 00:00:00.000000197,78.723015,112,24
1970-01-01 00:00:00.000000198,79.01291,112,24
1970-01-01 00:00:00.000000199,79.194305,112,24
1970-01-01 00:00:00.000000198,79.62571,112,25
1970-01-01 00:00:00.000000199,79.87348,112,25
1970-01-01 00:00:00.000000200,79.97916,112,25
1970-01-01 00:00:00.000000199,79.59666,112,26
1970-01-01 00:00:00.000000200,79.78325,112,26
1970-01-01 00:00:00.000000201,79.83134,112,26
1970-01-01 00:00:00.000000200,79.06851,112,27
1970-01-01 00:00:00.000000201,79.18069,112,27
1970-01-01 00:00:00.000000202,79.20483,112,27
1970-01-01 00:00:00.000000201,79.38628,112,28
1970-01-01 00:00:00.000000202,79.46108,112,28
1970-01-01 00:00:00.000000203,79.37439,112,28
1970-01-01 00:00:00.000000172,74.379395,113,10
1970-01-01 00:00:00.000000173,74.56793,113,10
1970-01-01 00:00:00.000000174,74.730415,113,10
1970-01-01 00:00:00.000000173,74.40736,113,11
1970-01-01 00:00:00.000000174,74.6583,113,11
1970-01-01 00:00:00.000000175,74.78008,113,11
1970-01-01 00:00:00.000000174,74.74056,113,12
1970-01-01 00:00:00.000000175,74.957565,113,12
1970-01-01 00:00:00.000000176,75.05356,113,12
1970-01-01 00:00:00.000000175,75.14653,113,13
1970-01-01 00:00:00.000000176,75.34523,113,13
1970-01-01 00:00:00.000000177,75.439606,113,13
1970-01-01 00:00:00.000000176,75.08393,113,14
1970-01-01 00:00:00.000000177,75.25982,113,14
1970-01-01 00:00:00.000000178,75.33196,113,14
1970-01-01 00:00:00.000000177,75.50233,113,15
1970-01-01 00:00:00.000000178,75.67351,113,15
1970-01-01 00:00:00.000000179,75.7032,113,15
1970-01-01 00:00:00.000000178,75.65524,113,16
1970-01-01 00:00:00.000000179,75.79846,113,16
1970-01-01 00:00:00.000000180,75.82389,113,16
1970-01-01 00:00:00.000000179,75.84988,113,17
1970-01-01 00:00:00.000000180,75.97048,113,17
1970-01-01 00:00:00.000000181,75.99156,113,17
1970-01-01 00:00:00.000000180,75.799126,113,18
1970-01-01 00:00:00.000000181,75.918274,113,18
1970-01-01 00:00:00.000000182,75.938934,113,18
1970-01-01 00:00:00.000000181,76.023636,113,19
1970-01-01 00:00:00.000000182,76.140045,113,19
1970-01-01 00:00:00.000000183,76.15443,113,19
1970-01-01 00:00:00.000000182,75.43745,113,20
1970-01-01 00:00:00.000000183,75.55545,113,20
1970-01-01 00:00:00.000000184,75.61754,113,20
1970-01-01 00:00:00.000000183,73.419754,113,21
1970-01-01 00:00:00.000000184,73.53922,113,21
1970-01-01 00:00:00.000000185,73.7038,113,21
1970-01-01 00:00:00.000000184,71.817604,113,22
1970-01-01 00:00:00.000000185,72.0064,113,22
1970-01-01 00:00:00.000000186,72.27249,113,22
1970-01-01 00:00:00.000000185,71.68095,113,23
1970-01-01 00:00:00.000000186,71.99447,113,23
1970-01-01 00:00:00.000000187,72.34125,113,23
1970-01-01 00:00:00.000000186,71.90072,113,24
1970-01-01 00:00:00.000000187,72.343834,113,24
1970-01-01 00:00:00.000000188,72.727425,113,24
1970-01-01 00:00:00.000000187,72.20675,113,25
1970-01-01 00:00:00.000000188,72.68977,113,25
1970-01-01 00:00:00.000000189,73.023285,113,25
1970-01-01 00:00:00.000000188,73.02226,113,26
1970-01-01 00:00:00.000000189,73.45975,113,26
1970-01-01 00:00:00.000000190,73.690735,113,26
1970-01-01 00:00:00.000000157,78.65079,114,10
1970-01-01 00:00:00.000000158,78.76282,114,10
1970-01-01 00:00:00.000000159,78.912575,114,10
1970-01-01 00:00:00.000000158,78.74824,114,11
1970-01-01 00:00:00.000000159,78.86126,114,11
1970-01-01 00:00:00.000000160,79.01731,114,11
1970-01-01 00:00:00.000000159,78.6069,114,12
1970-01-01 00:00:00.000000160,78.726265,114,12
1970-01-01 00:00:00.000000161,78.89135,114,12
1970-01-01 00:00:00.000000160,78.41073,114,13
1970-01-01 00:00:00.000000161,78.53453,114,13
1970-01-01 00:00:00.000000162,78.70748,114,13
1970-01-01 00:00:00.000000161,78.27465,114,14
1970-01-01 00:00:00.000000162,78.401306,114,14
1970-01-01 00:00:00.000000163,78.504005,114,14
1970-01-01 00:00:00.000000162,78.16075,114,15
1970-01-01 00:00:00.000000163,78.20652,114,15
1970-01-01 00:00:00.000000164,78.19841,114,15
1970-01-01 00:00:00.000000163,77.95962,114,16
1970-01-01 00:00:00.000000164,77.87846,114,16
1970-01-01 00:00:00.000000165,77.82752,114,16
1970-01-01 00:00:00.000000164,76.89415,114,17
1970-01-01 00:00:00.000000165,76.77244,114,17
1970-01-01 00:00:00.000000166,76.97702,114,17
1970-01-01 00:00:00.000000165,69.135544,114,18
1970-01-01 00:00:00.000000166,69.275,114,18
1970-01-01 00:00:00.000000167,69.91465,114,18
1970-01-01 00:00:00.000000166,79.161194,114,19
1970-01-01 00:00:00.000000167,79.49569,114,19
1970-01-01 00:00:00.000000168,79.7404,114,19
1970-01-01 00:00:00.000000167,79.0684,114,20
1970-01-01 00:00:00.000000168,79.46091,114,20
1970-01-01 00:00:00.000000169,79.792984,114,20
1970-01-01 00:00:00.000000168,76.07461,114,21
1970-01-01 00:00:00.000000169,76.29211,114,21
1970-01-01 00:00:00.000000170,76.819664,114,21
1970-01-01 00:00:00.000000169,73.483185,114,22
1970-01-01 00:00:00.000000170,73.78188,114,22
1970-01-01 00:00:00.000000171,74.01761,114,22
1970-01-01 00:00:00.000000170,74.21236,114,23
1970-01-01 00:00:00.000000171,74.28146,114,23
1970-01-01 00:00:00.000000172,74.54719,114,23
1970-01-01 00:00:00.000000086,88.644104,115,10
1970-01-01 00:00:00.000000087,88.40645,115,10
1970-01-01 00:00:00.000000088,87.90729,115,10
1970-01-01 00:00:00.000000087,86.8896,115,11
1970-01-01 00:00:00.000000088,86.4636,115,11
1970-01-01 00:00:00.000000089,85.590256,115,11
1970-01-01 00:00:00.000000096,79.37487,117,10
1970-01-01 00:00:00.000000097,79.33025,117,10
1970-01-01 00:00:00.000000098,79.20602,117,10
1970-01-01 00:00:00.000000097,79.584694,117,11
1970-01-01 00:00:00.000000098,79.53443,117,11
1970-01-01 00:00:00.000000099,79.39842,117,11
1970-01-01 00:00:00.000000098,79.486206,117,12
1970-01-01 00:00:00.000000099,79.426834,117,12
1970-01-01 00:00:00.000000100,79.26429,117,12
1970-01-01 00:00:00.000000082,89.65637,118,10
1970-01-01 00:00:00.000000083,89.56058,118,10
1970-01-01 00:00:00.000000084,89.29329,118,10
1970-01-01 00:00:00.000000109,75.04727,121,10
1970-01-01 00:00:00.000000110,75.25697,121,10
1970-01-01 00:00:00.000000111,75.30395,121,10
1970-01-01 00:00:00.000000110,74.96281,121,11
1970-01-01 00:00:00.000000111,75.11636,121,11
1970-01-01 00:00:00.000000112,75.16908,121,11
1970-01-01 00:00:00.000000111,75.665436,121,12
1970-01-01 00:00:00.000000112,75.83374,121,12
1970-01-01 00:00:00.000000113,75.82276,121,12
1970-01-01 00:00:00.000000112,75.82365,121,13
1970-01-01 00:00:00.000000113,75.9632,121,13
1970-01-01 00:00:00.000000114,75.95296,121,13
1970-01-01 00:00:00.000000113,76.053505,121,14
1970-01-01 00:00:00.000000114,76.15984,121,14
1970-01-01 00:00:00.000000115,76.13879,121,14
1970-01-01 00:00:00.000000114,76.643326,121,15
1970-01-01 00:00:00.000000115,76.73542,121,15
1970-01-01 00:00:00.000000116,76.45161,121,15
1970-01-01 00:00:00.000000165,96.829124,122,10
1970-01-01 00:00:00.000000166,96.73067,122,10
1970-01-01 00:00:00.000000167,96.50867,122,10
1970-01-01 00:00:00.000000166,95.975845,122,11
1970-01-01 00:00:00.000000167,95.90681,122,11
1970-01-01 00:00:00.000000168,95.70649,122,11
1970-01-01 00:00:00.000000167,94.8323,122,12
1970-01-01 00:00:00.000000168,94.80189,122,12
1970-01-01 00:00:00.000000169,94.64997,122,12
1970-01-01 00:00:00.000000168,95.06782,122,13
1970-01-01 00:00:00.000000169,95.065125,122,13
1970-01-01 00:00:00.000000170,94.95831,122,13
1970-01-01 00:00:00.000000169,95.36904,122,14
1970-01-01 00:00:00.000000170,95.391914,122,14
1970-01-01 00:00:00.000000171,95.33665,122,14
1970-01-01 00:00:00.000000170,95.712456,122,15
1970-01-01 00:00:00.000000171,95.755356,122,15
1970-01-01 00:00:00.000000172,95.7209,122,15
1970-01-01 00:00:00.000000171,96.0696,122,16
1970-01-01 00:00:00.000000172,96.086494,122,16
1970-01-01 00:00:00.000000173,95.93592,122,16
1970-01-01 00:00:00.000000172,96.2477,122,17
1970-01-01 00:00:00.000000173,96.20173,122,17
1970-01-01 00:00:00.000000174,95.961525,122,17
1970-01-01 00:00:00.000000173,96.252396,122,18
1970-01-01 00:00:00.000000174,96.17507,122,18
1970-01-01 00:00:00.000000175,95.92792,122,18
1970-01-01 00:00:00.000000174,95.7456,122,19
1970-01-01 00:00:00.000000175,95.664055,122,19
1970-01-01 00:00:00.000000176,95.40561,122,19
1970-01-01 00:00:00.000000175,94.89297,122,20
1970-01-01 00:00:00.000000176,94.83216,122,20
1970-01-01 00:00:00.000000177,94.61416,122,20
1970-01-01 00:00:00.000000176,94.15916,122,21
1970-01-01 00:00:00.000000177,94.11886,122,21
1970-01-01 00:00:00.000000178,93.97429,122,21
1970-01-01 00:00:00.000000177,93.394714,122,22
1970-01-01 00:00:00.000000178,93.4161,122,22
1970-01-01 00:00:00.000000179,93.35433,122,22
1970-01-01 00:00:00.000000178,92.97578,122,23
1970-01-01 00:00:00.000000179,93.06736,122,23
1970-01-01 00:00:00.000000180,93.08556,122,23
1970-01-01 00:00:00.000000179,93.18218,122,24
1970-01-01 00:00:00.000000180,93.31202,122,24
1970-01-01 00:00:00.000000181,93.36327,122,24
1970-01-01 00:00:00.000000180,91.517136,122,25
1970-01-01 00:00:00.000000181,91.69879,122,25
1970-01-01 00:00:00.000000182,91.708954,122,25
1970-01-01 00:00:00.000000101,95.07584,123,10
1970-01-01 00:00:00.000000102,94.95898,123,10
1970-01-01 00:00:00.000000103,94.824905,123,10
1970-01-01 00:00:00.000000102,90.41154,123,11
1970-01-01 00:00:00.000000103,90.419716,123,11
1970-01-01 00:00:00.000000104,90.391464,123,11
1970-01-01 00:00:00.000000103,84.034454,123,12
1970-01-01 00:00:00.000000104,84.24898,123,12
1970-01-01 00:00:00.000000105,84.537636,123,12
1970-01-01 00:00:00.000000104,81.82441,123,13
1970-01-01 00:00:00.000000105,82.34539,123,13
1970-01-01 00:00:00.000000106,82.93883,123,13
1970-01-01 00:00:00.000000105,85.43654,123,14
1970-01-01 00:00:00.000000106,86.10463,123,14
1970-01-01 00:00:00.000000107,86.90875,123,14
1970-01-01 00:00:00.000000107,78.78053,124,10
1970-01-01 00:00:00.000000108,78.48024,124,10
1970-01-01 00:00:00.000000109,78.66392,124,10
1970-01-01 00:00:00.000000108,83.86835,124,11
1970-01-01 00:00:00.000000109,84.229965,124,11
1970-01-01 00:00:00.000000110,84.81513,124,11
1970-01-01 00:00:00.000000109,81.08207,124,12
1970-01-01 00:00:00.000000110,82.061104,124,12
1970-01-01 00:00:00.000000111,83.09981,124,12
1970-01-01 00:00:00.000000110,79.16833,124,13
1970-01-01 00:00:00.000000111,80.01765,124,13
1970-01-01 00:00:00.000000112,80.78667,124,13
1970-01-01 00:00:00.000000111,78.22675,124,14
1970-01-01 00:00:00.000000112,78.4299,124,14
1970-01-01 00:00:00.000000113,78.40846,124,14
1970-01-01 00:00:00.000000164,79.41627,125,10
1970-01-01 00:00:00.000000165,79.72637,125,10
1970-01-01 00:00:00.000000166,79.96317,125,10
1970-01-01 00:00:00.000000165,79.807365,125,11
1970-01-01 00:00:00.000000166,80.08074,125,11
1970-01-01 00:00:00.000000167,80.272606,125,11
1970-01-01 00:00:00.000000166,79.81803,125,12
1970-01-01 00:00:00.000000167,80.07723,125,12
1970-01-01 00:00:00.000000168,80.230484,125,12
1970-01-01 00:00:00.000000167,79.02097,125,13
1970-01-01 00:00:00.000000168,79.23103,125,13
1970-01-01 00:00:00.000000169,79.39006,125,13
1970-01-01 00:00:00.000000168,78.88791,125,14
1970-01-01 00:00:00.000000169,79.08585,125,14
1970-01-01 00:00:00.000000170,79.20713,125,14
1970-01-01 00:00:00.000000169,78.6611,125,15
1970-01-01 00:00:00.000000170,78.82968,125,15
1970-01-01 00:00:00.000000171,78.93776,125,15
1970-01-01 00:00:00.000000170,78.08734,125,16
1970-01-01 00:00:00.000000171,78.243385,125,16
1970-01-01 00:00:00.000000172,78.19909,125,16
1970-01-01 00:00:00.000000171,77.97123,125,17
1970-01-01 00:00:00.000000172,77.9248,125,17
1970-01-01 00:00:00.000000173,77.75942,125,17
1970-01-01 00:00:00.000000172,77.87155,125,18
1970-01-01 00:00:00.000000173,77.745384,125,18
1970-01-01 00:00:00.000000174,78.13318,125,18
1970-01-01 00:00:00.000000173,76.384125,125,19
1970-01-01 00:00:00.000000174,76.80423,125,19
1970-01-01 00:00:00.000000175,77.04079,125,19
1970-01-01 00:00:00.000000174,78.98557,125,20
1970-01-01 00:00:00.000000175,79.205986,125,20
1970-01-01 00:00:00.000000176,79.299644,125,20
1970-01-01 00:00:00.000000175,87.37042,125,21
1970-01-01 00:00:00.000000176,87.52223,125,21
1970-01-01 00:00:00.000000177,87.316086,125,21
1970-01-01 00:00:00.000000176,87.335526,125,22
1970-01-01 00:00:00.000000177,87.371635,125,22
1970-01-01 00:00:00.000000178,87.101204,125,22
1970-01-01 00:00:00.000000177,86.29969,125,23
1970-01-01 00:00:00.000000178,86.06364,125,23
1970-01-01 00:00:00.000000179,85.65827,125,23
1970-01-01 00:00:00.000000178,85.27926,125,24
1970-01-01 00:00:00.000000179,84.9429,125,24
1970-01-01 00:00:00.000000180,84.26304,125,24
1970-01-01 00:00:00.000000208,70.67904,126,10
1970-01-01 00:00:00.000000209,71.2414,126,10
1970-01-01 00:00:00.000000210,71.871956,126,10
1970-01-01 00:00:00.000000209,72.10641,126,11
1970-01-01 00:00:00.000000210,72.70533,126,11
1970-01-01 00:00:00.000000211,73.35482,126,11
1970-01-01 00:00:00.000000210,73.97236,126,12
1970-01-01 00:00:00.000000211,74.58813,126,12
1970-01-01 00:00:00.000000212,75.09389,126,12
1970-01-01 00:00:00.000000211,74.68405,126,13
1970-01-01 00:00:00.000000212,75.17446,126,13
1970-01-01 00:00:00.000000213,75.488434,126,13
1970-01-01 00:00:00.000000212,74.72401,126,14
1970-01-01 00:00:00.000000213,74.997086,126,14
1970-01-01 00:00:00.000000214,75.171814,126,14
1970-01-01 00:00:00.000000213,74.89831,126,15
1970-01-01 00:00:00.000000214,75.00008,126,15
1970-01-01 00:00:00.000000215,75.05982,126,15
1970-01-01 00:00:00.000000214,75.50569,126,16
1970-01-01 00:00:00.000000215,75.52742,126,16
1970-01-01 00:00:00.000000216,75.554375,126,16
1970-01-01 00:00:00.000000215,75.91115,126,17
1970-01-01 00:00:00.000000216,75.93691,126,17
1970-01-01 00:00:00.000000217,75.99301,126,17
1970-01-01 00:00:00.000000216,75.9394,126,18
1970-01-01 00:00:00.000000217,75.97035,126,18
1970-01-01 00:00:00.000000218,76.05291,126,18
1970-01-01 00:00:00.000000217,75.834465,126,19
1970-01-01 00:00:00.000000218,75.874306,126,19
1970-01-01 00:00:00.000000219,75.973885,126,19
1970-01-01 00:00:00.000000218,75.39275,126,20
1970-01-01 00:00:00.000000219,75.43288,126,20
1970-01-01 00:00:00.000000220,75.55303,126,20
1970-01-01 00:00:00.000000219,75.6262,126,21
1970-01-01 00:00:00.000000220,75.681694,126,21
1970-01-01 00:00:00.000000221,75.81445,126,21
1970-01-01 00:00:00.000000220,75.99388,126,22
1970-01-01 00:00:00.000000221,76.07811,126,22
1970-01-01 00:00:00.000000222,76.22618,126,22
1970-01-01 00:00:00.000000221,76.60499,126,23
1970-01-01 00:00:00.000000222,76.705185,126,23
1970-01-01 00:00:00.000000223,76.84789,126,23
1970-01-01 00:00:00.000000222,76.85468,126,24
1970-01-01 00:00:00.000000223,76.95448,126,24
1970-01-01 00:00:00.000000224,77.0799,126,24
1970-01-01 00:00:00.000000223,77.07021,126,25
1970-01-01 00:00:00.000000224,77.13795,126,25
1970-01-01 00:00:00.000000225,77.2443,126,25
1970-01-01 00:00:00.000000224,77.24092,126,26
1970-01-01 00:00:00.000000225,77.300415,126,26
1970-01-01 00:00:00.000000226,77.44877,126,26
1970-01-01 00:00:00.000000225,76.68007,126,27
1970-01-01 00:00:00.000000226,76.77736,126,27
1970-01-01 00:00:00.000000227,76.87349,126,27
1970-01-01 00:00:00.000000226,75.93519,126,28
1970-01-01 00:00:00.000000227,75.97186,126,28
1970-01-01 00:00:00.000000228,76.12169,126,28
1970-01-01 00:00:00.000000227,75.59705,126,29
1970-01-01 00:00:00.000000228,75.68031,126,29
1970-01-01 00:00:00.000000229,75.86939,126,29
1970-01-01 00:00:00.000000228,75.442215,126,30
1970-01-01 00:00:00.000000229,75.58188,126,30
1970-01-01 00:00:00.000000230,75.85086,126,30
1970-01-01 00:00:00.000000229,75.70077,126,31
1970-01-01 00:00:00.000000230,75.915375,126,31
1970-01-01 00:00:00.000000231,76.23841,126,31
1970-01-01 00:00:00.000000230,76.23386,126,32
1970-01-01 00:00:00.000000231,76.50762,126,32
1970-01-01 00:00:00.000000232,76.721565,126,32
1970-01-01 00:00:00.000000188,89.07966,127,10
1970-01-01 00:00:00.000000189,89.04915,127,10
1970-01-01 00:00:00.000000190,88.90534,127,10
1970-01-01 00:00:00.000000189,89.01043,127,11
1970-01-01 00:00:00.000000190,88.86123,127,11
1970-01-01 00:00:00.000000191,88.848946,127,11
1970-01-01 00:00:00.000000190,88.89595,127,12
1970-01-01 00:00:00.000000191,88.87548,127,12
1970-01-01 00:00:00.000000192,88.90947,127,12
1970-01-01 00:00:00.000000191,88.70713,127,13
1970-01-01 00:00:00.000000192,88.734314,127,13
1970-01-01 00:00:00.000000193,88.76062,127,13
1970-01-01 00:00:00.000000192,88.003944,127,14
1970-01-01 00:00:00.000000193,88.030174,127,14
1970-01-01 00:00:00.000000194,88.06045,127,14
1970-01-01 00:00:00.000000193,87.54574,127,15
1970-01-01 00:00:00.000000194,87.580414,127,15
1970-01-01 00:00:00.000000195,87.626785,127,15
1970-01-01 00:00:00.000000194,87.17978,127,16
1970-01-01 00:00:00.000000195,87.23209,127,16
1970-01-01 00:00:00.000000196,87.30818,127,16
1970-01-01 00:00:00.000000195,86.738174,127,17
1970-01-01 00:00:00.000000196,86.82063,127,17
1970-01-01 00:00:00.000000197,86.947655,127,17
1970-01-01 00:00:00.000000196,86.085655,127,18
1970-01-01 00:00:00.000000197,86.206245,127,18
1970-01-01 00:00:00.000000198,86.36342,127,18
1970-01-01 00:00:00.000000197,85.913025,127,19
1970-01-01 00:00:00.000000198,86.0487,127,19
1970-01-01 00:00:00.000000199,86.20268,127,19
1970-01-01 00:00:00.000000198,85.50805,127,20
1970-01-01 00:00:00.000000199,85.65797,127,20
1970-01-01 00:00:00.000000200,85.82078,127,20
1970-01-01 00:00:00.000000199,84.91303,127,21
1970-01-01 00:00:00.000000200,85.06051,127,21
1970-01-01 00:00:00.000000201,85.23265,127,21
1970-01-01 00:00:00.000000200,84.35223,127,22
1970-01-01 00:00:00.000000201,84.50787,127,22
1970-01-01 00:00:00.000000202,84.68186,127,22
1970-01-01 00:00:00.000000201,84.48029,127,23
1970-01-01 00:00:00.000000202,84.63083,127,23
1970-01-01 00:00:00.000000203,84.79254,127,23
1970-01-01 00:00:00.000000202,84.832054,127,24
1970-01-01 00:00:00.000000203,84.97672,127,24
1970-01-01 00:00:00.000000204,85.12378,127,24
1970-01-01 00:00:00.000000203,85.31689,127,25
1970-01-01 00:00:00.000000204,85.42625,127,25
1970-01-01 00:00:00.000000205,85.52097,127,25
1970-01-01 00:00:00.000000204,85.94809,127,26
1970-01-01 00:00:00.000000205,86.00756,127,26
1970-01-01 00:00:00.000000206,86.01983,127,26
1970-01-01 00:00:00.000000205,86.22808,127,27
1970-01-01 00:00:00.000000206,86.213486,127,27
1970-01-01 00:00:00.000000207,86.15208,127,27
1970-01-01 00:00:00.000000206,86.08188,127,28
1970-01-01 00:00:00.000000207,86.001915,127,28
1970-01-01 00:00:00.000000208,85.905945,127,28
1970-01-01 00:00:00.000000207,85.77532,127,29
1970-01-01 00:00:00.000000208,85.65811,127,29
1970-01-01 00:00:00.000000209,85.55774,127,29
1970-01-01 00:00:00.000000082,77.2243,129,10
1970-01-01 00:00:00.000000083,77.553375,129,10
1970-01-01 00:00:00.000000084,77.81912,129,10
