sequence_index,second_chamber_filling,block_idx,fcst_origin
1970-01-01 00:00:00.000000097,77.82432,0,10
1970-01-01 00:00:00.000000098,77.776085,0,10
1970-01-01 00:00:00.000000098,76.85582,0,11
1970-01-01 00:00:00.000000099,76.69268,0,11
1970-01-01 00:00:00.000000099,77.07028,0,12
1970-01-01 00:00:00.000000100,77.00079,0,12
1970-01-01 00:00:00.000000100,76.79697,0,13
1970-01-01 00:00:00.000000101,76.803246,0,13
1970-01-01 00:00:00.000000101,76.35769,0,14
1970-01-01 00:00:00.000000102,76.38553,0,14
1970-01-01 00:00:00.000000081,74.75671,1,10
1970-01-01 00:00:00.000000082,74.76398,1,10
1970-01-01 00:00:00.000000082,74.60173,1,11
1970-01-01 00:00:00.000000083,74.60799,1,11
1970-01-01 00:00:00.000000079,68.42628,4,10
1970-01-01 00:00:00.000000080,68.32209,4,10
1970-01-01 00:00:00.000000080,67.243034,4,11
1970-01-01 00:00:00.000000081,67.14955,4,11
1970-01-01 00:00:00.000000079,74.661224,5,10
1970-01-01 00:00:00.000000080,74.651276,5,10
1970-01-01 00:00:00.000000080,74.67368,5,11
1970-01-01 00:00:00.000000081,74.66846,5,11
1970-01-01 00:00:00.000000119,78.88177,11,10
1970-01-01 00:00:00.000000120,78.92136,11,10
1970-01-01 00:00:00.000000120,79.072655,11,11
1970-01-01 00:00:00.000000121,79.08474,11,11
1970-01-01 00:00:00.000000121,79.51797,11,12
1970-01-01 00:00:00.000000122,79.51766,11,12
1970-01-01 00:00:00.000000122,77.847305,11,13
1970-01-01 00:00:00.000000123,77.73435,11,13
1970-01-01 00:00:00.000000123,77.85677,11,14
1970-01-01 00:00:00.000000124,77.79503,11,14
1970-01-01 00:00:00.000000124,78.18024,11,15
1970-01-01 00:00:00.000000125,78.20459,11,15
1970-01-01 00:00:00.000000125,78.194244,11,16
1970-01-01 00:00:00.000000126,78.24469,11,16
1970-01-01 00:00:00.000000126,78.15648,11,17
1970-01-01 00:00:00.000000127,78.197914,11,17
1970-01-01 00:00:00.000000127,77.80204,11,18
1970-01-01 00:00:00.000000128,77.811516,11,18
1970-01-01 00:00:00.000000113,68.5529,12,10
1970-01-01 00:00:00.000000114,68.58947,12,10
1970-01-01 00:00:00.000000114,68.787384,12,11
1970-01-01 00:00:00.000000115,68.779686,12,11
1970-01-01 00:00:00.000000115,68.21323,12,12
1970-01-01 00:00:00.000000116,68.14227,12,12
1970-01-01 00:00:00.000000116,69.74728,12,13
1970-01-01 00:00:00.000000117,69.77337,12,13
1970-01-01 00:00:00.000000117,69.67925,12,14
1970-01-01 00:00:00.000000118,69.68452,12,14
1970-01-01 00:00:00.000000118,69.41437,12,15
1970-01-01 00:00:00.000000119,69.359146,12,15
1970-01-01 00:00:00.000000119,69.42457,12,16
1970-01-01 00:00:00.000000120,69.36549,12,16
1970-01-01 00:00:00.000000120,69.02979,12,17
1970-01-01 00:00:00.000000121,68.96138,12,17
1970-01-01 00:00:00.000000157,81.58864,13,10
1970-01-01 00:00:00.000000158,81.57468,13,10
1970-01-01 00:00:00.000000158,81.559746,13,11
1970-01-01 00:00:00.000000159,81.5388,13,11
1970-01-01 00:00:00.000000159,81.46882,13,12
1970-01-01 00:00:00.000000160,81.45422,13,12
1970-01-01 00:00:00.000000160,81.34516,13,13
1970-01-01 00:00:00.000000161,81.32761,13,13
1970-01-01 00:00:00.000000161,81.67132,13,14
1970-01-01 00:00:00.000000162,81.67083,13,14
1970-01-01 00:00:00.000000162,81.68513,13,15
1970-01-01 00:00:00.000000163,81.6864,13,15
1970-01-01 00:00:00.000000163,81.9479,13,16
1970-01-01 00:00:00.000000164,81.94972,13,16
1970-01-01 00:00:00.000000164,82.15537,13,17
1970-01-01 00:00:00.000000165,82.15561,13,17
1970-01-01 00:00:00.000000165,82.02969,13,18
1970-01-01 00:00:00.000000166,82.00513,13,18
1970-01-01 00:00:00.000000166,82.09134,13,19
1970-01-01 00:00:00.000000167,82.06467,13,19
1970-01-01 00:00:00.000000167,82.213356,13,20
1970-01-01 00:00:00.000000168,82.197815,13,20
1970-01-01 00:00:00.000000168,82.58638,13,21
1970-01-01 00:00:00.000000169,82.590454,13,21
1970-01-01 00:00:00.000000169,82.42761,13,22
1970-01-01 00:00:00.000000170,82.41515,13,22
1970-01-01 00:00:00.000000170,82.75534,13,23
1970-01-01 00:00:00.000000171,82.7531,13,23
1970-01-01 00:00:00.000000171,82.672485,13,24
1970-01-01 00:00:00.000000172,82.66115,13,24
1970-01-01 00:00:00.000000141,68.08161,15,10
1970-01-01 00:00:00.000000142,68.02635,15,10
1970-01-01 00:00:00.000000142,69.34932,15,11
1970-01-01 00:00:00.000000143,69.32469,15,11
1970-01-01 00:00:00.000000143,68.795006,15,12
1970-01-01 00:00:00.000000144,68.720276,15,12
1970-01-01 00:00:00.000000144,71.256744,15,13
1970-01-01 00:00:00.000000145,71.29926,15,13
1970-01-01 00:00:00.000000145,71.44491,15,14
1970-01-01 00:00:00.000000146,71.484,15,14
1970-01-01 00:00:00.000000146,71.34593,15,15
1970-01-01 00:00:00.000000147,71.30593,15,15
1970-01-01 00:00:00.000000147,71.32257,15,16
1970-01-01 00:00:00.000000148,71.253136,15,16
1970-01-01 00:00:00.000000148,71.645454,15,17
1970-01-01 00:00:00.000000149,71.61259,15,17
1970-01-01 00:00:00.000000149,71.26067,15,18
1970-01-01 00:00:00.000000150,71.20943,15,18
1970-01-01 00:00:00.000000150,71.37504,15,19
1970-01-01 00:00:00.000000151,71.36064,15,19
1970-01-01 00:00:00.000000151,71.60948,15,20
1970-01-01 00:00:00.000000152,71.62147,15,20
1970-01-01 00:00:00.000000152,71.903854,15,21
1970-01-01 00:00:00.000000153,71.92801,15,21
1970-01-01 00:00:00.000000156,80.74144,16,10
1970-01-01 00:00:00.000000157,80.72638,16,10
1970-01-01 00:00:00.000000157,79.89604,16,11
1970-01-01 00:00:00.000000158,79.88625,16,11
1970-01-01 00:00:00.000000158,78.952934,16,12
1970-01-01 00:00:00.000000159,78.94215,16,12
1970-01-01 00:00:00.000000159,79.55641,16,13
1970-01-01 00:00:00.000000160,79.61347,16,13
1970-01-01 00:00:00.000000160,80.09114,16,14
1970-01-01 00:00:00.000000161,80.18522,16,14
1970-01-01 00:00:00.000000161,80.20372,16,15
1970-01-01 00:00:00.000000162,80.2671,16,15
1970-01-01 00:00:00.000000162,80.5067,16,16
1970-01-01 00:00:00.000000163,80.53829,16,16
1970-01-01 00:00:00.000000163,80.03665,16,17
1970-01-01 00:00:00.000000164,80.005974,16,17
1970-01-01 00:00:00.000000164,79.33293,16,18
1970-01-01 00:00:00.000000165,79.26487,16,18
1970-01-01 00:00:00.000000165,79.51119,16,19
1970-01-01 00:00:00.000000166,79.49239,16,19
1970-01-01 00:00:00.000000166,79.1114,16,20
1970-01-01 00:00:00.000000167,79.10966,16,20
1970-01-01 00:00:00.000000167,79.05646,16,21
1970-01-01 00:00:00.000000168,79.071365,16,21
1970-01-01 00:00:00.000000168,78.19202,16,22
1970-01-01 00:00:00.000000169,78.18599,16,22
1970-01-01 00:00:00.000000169,77.72432,16,23
1970-01-01 00:00:00.000000170,77.713036,16,23
1970-01-01 00:00:00.000000170,77.30391,16,24
1970-01-01 00:00:00.000000171,77.307045,16,24
1970-01-01 00:00:00.000000123,66.34599,17,10
1970-01-01 00:00:00.000000124,66.392494,17,10
1970-01-01 00:00:00.000000124,66.48594,17,11
1970-01-01 00:00:00.000000125,66.51305,17,11
1970-01-01 00:00:00.000000125,65.479485,17,12
1970-01-01 00:00:00.000000126,65.44225,17,12
1970-01-01 00:00:00.000000126,65.43257,17,13
1970-01-01 00:00:00.000000127,65.38818,17,13
1970-01-01 00:00:00.000000127,66.26689,17,14
1970-01-01 00:00:00.000000128,66.282326,17,14
1970-01-01 00:00:00.000000128,66.32285,17,15
1970-01-01 00:00:00.000000129,66.337616,17,15
1970-01-01 00:00:00.000000129,65.905136,17,16
1970-01-01 00:00:00.000000130,65.88074,17,16
1970-01-01 00:00:00.000000130,63.80708,17,17
1970-01-01 00:00:00.000000131,63.67871,17,17
1970-01-01 00:00:00.000000131,63.904465,17,18
1970-01-01 00:00:00.000000132,63.829395,17,18
1970-01-01 00:00:00.000000134,84.889854,19,10
1970-01-01 00:00:00.000000135,84.883224,19,10
1970-01-01 00:00:00.000000135,84.98793,19,11
1970-01-01 00:00:00.000000136,84.98445,19,11
1970-01-01 00:00:00.000000136,84.955795,19,12
1970-01-01 00:00:00.000000137,84.946045,19,12
1970-01-01 00:00:00.000000137,85.08497,19,13
1970-01-01 00:00:00.000000138,85.07872,19,13
1970-01-01 00:00:00.000000138,84.96492,19,14
1970-01-01 00:00:00.000000139,84.94492,19,14
1970-01-01 00:00:00.000000139,84.93578,19,15
1970-01-01 00:00:00.000000140,84.916985,19,15
1970-01-01 00:00:00.000000140,84.453835,19,16
1970-01-01 00:00:00.000000141,84.41569,19,16
1970-01-01 00:00:00.000000141,84.753105,19,17
1970-01-01 00:00:00.000000142,84.74439,19,17
1970-01-01 00:00:00.000000142,85.05562,19,18
1970-01-01 00:00:00.000000143,85.07626,19,18
1970-01-01 00:00:00.000000143,85.468124,19,19
1970-01-01 00:00:00.000000144,85.50148,19,19
1970-01-01 00:00:00.000000144,85.32295,19,20
1970-01-01 00:00:00.000000145,85.32393,19,20
1970-01-01 00:00:00.000000121,70.728676,20,10
1970-01-01 00:00:00.000000122,70.79779,20,10
1970-01-01 00:00:00.000000122,70.18623,20,11
1970-01-01 00:00:00.000000123,70.18663,20,11
1970-01-01 00:00:00.000000123,71.16155,20,12
1970-01-01 00:00:00.000000124,71.16828,20,12
1970-01-01 00:00:00.000000124,72.10288,20,13
1970-01-01 00:00:00.000000125,72.11467,20,13
1970-01-01 00:00:00.000000125,71.670044,20,14
1970-01-01 00:00:00.000000126,71.62827,20,14
1970-01-01 00:00:00.000000126,71.00994,20,15
1970-01-01 00:00:00.000000127,70.92092,20,15
1970-01-01 00:00:00.000000127,71.19893,20,16
1970-01-01 00:00:00.000000128,71.146935,20,16
1970-01-01 00:00:00.000000128,71.06085,20,17
1970-01-01 00:00:00.000000129,71.02937,20,17
1970-01-01 00:00:00.000000129,70.70679,20,18
1970-01-01 00:00:00.000000130,70.679855,20,18
1970-01-01 00:00:00.000000130,72.81455,21,10
1970-01-01 00:00:00.000000131,72.82307,21,10
1970-01-01 00:00:00.000000131,73.85214,21,11
1970-01-01 00:00:00.000000132,73.885445,21,11
1970-01-01 00:00:00.000000132,75.07818,21,12
1970-01-01 00:00:00.000000133,75.13885,21,12
1970-01-01 00:00:00.000000133,75.16477,21,13
1970-01-01 00:00:00.000000134,75.14274,21,13
1970-01-01 00:00:00.000000134,74.261986,21,14
1970-01-01 00:00:00.000000135,74.13946,21,14
1970-01-01 00:00:00.000000135,73.67503,21,15
1970-01-01 00:00:00.000000136,73.55991,21,15
1970-01-01 00:00:00.000000136,74.11729,21,16
1970-01-01 00:00:00.000000137,74.09666,21,16
1970-01-01 00:00:00.000000137,75.51946,21,17
1970-01-01 00:00:00.000000138,75.60519,21,17
1970-01-01 00:00:00.000000138,75.39768,21,18
1970-01-01 00:00:00.000000139,75.44232,21,18
1970-01-01 00:00:00.000000139,75.71261,21,19
1970-01-01 00:00:00.000000140,75.712,21,19
1970-01-01 00:00:00.000000171,58.524014,22,10
1970-01-01 00:00:00.000000172,58.51317,22,10
1970-01-01 00:00:00.000000172,58.3592,22,11
1970-01-01 00:00:00.000000173,58.33607,22,11
1970-01-01 00:00:00.000000173,57.15989,22,12
1970-01-01 00:00:00.000000174,57.092068,22,12
1970-01-01 00:00:00.000000174,57.37171,22,13
1970-01-01 00:00:00.000000175,57.344795,22,13
1970-01-01 00:00:00.000000175,58.02784,22,14
1970-01-01 00:00:00.000000176,58.083694,22,14
1970-01-01 00:00:00.000000176,58.406395,22,15
1970-01-01 00:00:00.000000177,58.475506,22,15
1970-01-01 00:00:00.000000177,54.36863,22,16
1970-01-01 00:00:00.000000178,54.223038,22,16
1970-01-01 00:00:00.000000178,55.10434,22,17
1970-01-01 00:00:00.000000179,55.007553,22,17
1970-01-01 00:00:00.000000179,55.805878,22,18
1970-01-01 00:00:00.000000180,55.814987,22,18
1970-01-01 00:00:00.000000180,55.891758,22,19
1970-01-01 00:00:00.000000181,55.931602,22,19
1970-01-01 00:00:00.000000181,55.410915,22,20
1970-01-01 00:00:00.000000182,55.418873,22,20
1970-01-01 00:00:00.000000182,55.055626,22,21
1970-01-01 00:00:00.000000183,55.011307,22,21
1970-01-01 00:00:00.000000183,54.479588,22,22
1970-01-01 00:00:00.000000184,54.389603,22,22
1970-01-01 00:00:00.000000184,54.664127,22,23
1970-01-01 00:00:00.000000185,54.631123,22,23
1970-01-01 00:00:00.000000185,53.556644,22,24
1970-01-01 00:00:00.000000186,53.491585,22,24
1970-01-01 00:00:00.000000186,53.12614,22,25
1970-01-01 00:00:00.000000187,53.072956,22,25
1970-01-01 00:00:00.000000187,53.450848,22,26
1970-01-01 00:00:00.000000188,53.45083,22,26
1970-01-01 00:00:00.000000188,53.2157,22,27
1970-01-01 00:00:00.000000189,53.211628,22,27
1970-01-01 00:00:00.000000130,74.5093,23,10
1970-01-01 00:00:00.000000131,74.50026,23,10
1970-01-01 00:00:00.000000131,74.2465,23,11
1970-01-01 00:00:00.000000132,74.22743,23,11
1970-01-01 00:00:00.000000132,74.086075,23,12
1970-01-01 00:00:00.000000133,74.07542,23,12
1970-01-01 00:00:00.000000133,74.608894,23,13
1970-01-01 00:00:00.000000134,74.6448,23,13
1970-01-01 00:00:00.000000134,74.694,23,14
1970-01-01 00:00:00.000000135,74.728836,23,14
1970-01-01 00:00:00.000000135,74.973045,23,15
1970-01-01 00:00:00.000000136,75.0011,23,15
1970-01-01 00:00:00.000000136,75.2664,23,16
1970-01-01 00:00:00.000000137,75.286285,23,16
1970-01-01 00:00:00.000000137,75.654106,23,17
1970-01-01 00:00:00.000000138,75.670334,23,17
1970-01-01 00:00:00.000000138,75.67443,23,18
1970-01-01 00:00:00.000000139,75.67422,23,18
1970-01-01 00:00:00.000000139,75.548325,23,19
1970-01-01 00:00:00.000000140,75.53084,23,19
1970-01-01 00:00:00.000000140,75.527336,23,20
1970-01-01 00:00:00.000000141,75.51086,23,20
1970-01-01 00:00:00.000000095,65.24027,25,10
1970-01-01 00:00:00.000000096,65.51339,25,10
1970-01-01 00:00:00.000000096,65.46427,25,11
1970-01-01 00:00:00.000000097,65.534035,25,11
1970-01-01 00:00:00.000000097,68.28749,25,12
1970-01-01 00:00:00.000000098,68.39749,25,12
1970-01-01 00:00:00.000000098,59.399918,25,13
1970-01-01 00:00:00.000000099,58.837788,25,13
1970-01-01 00:00:00.000000231,82.04093,26,10
1970-01-01 00:00:00.000000232,82.07589,26,10
1970-01-01 00:00:00.000000232,81.561615,26,11
1970-01-01 00:00:00.000000233,81.599075,26,11
1970-01-01 00:00:00.000000233,80.983345,26,12
1970-01-01 00:00:00.000000234,81.0139,26,12
1970-01-01 00:00:00.000000234,80.56323,26,13
1970-01-01 00:00:00.000000235,80.59189,26,13
1970-01-01 00:00:00.000000235,79.88677,26,14
1970-01-01 00:00:00.000000236,79.904785,26,14
1970-01-01 00:00:00.000000236,79.139275,26,15
1970-01-01 00:00:00.000000237,79.14829,26,15
1970-01-01 00:00:00.000000237,78.36402,26,16
1970-01-01 00:00:00.000000238,78.374435,26,16
1970-01-01 00:00:00.000000238,78.09189,26,17
1970-01-01 00:00:00.000000239,78.12398,26,17
1970-01-01 00:00:00.000000239,77.43118,26,18
1970-01-01 00:00:00.000000240,77.459984,26,18
1970-01-01 00:00:00.000000240,76.91906,26,19
1970-01-01 00:00:00.000000241,76.94201,26,19
1970-01-01 00:00:00.000000241,76.35393,26,20
1970-01-01 00:00:00.000000242,76.36787,26,20
1970-01-01 00:00:00.000000242,76.05696,26,21
1970-01-01 00:00:00.000000243,76.07257,26,21
1970-01-01 00:00:00.000000243,75.407906,26,22
1970-01-01 00:00:00.000000244,75.41257,26,22
1970-01-01 00:00:00.000000244,75.24306,26,23
1970-01-01 00:00:00.000000245,75.261604,26,23
1970-01-01 00:00:00.000000245,74.823875,26,24
1970-01-01 00:00:00.000000246,74.83745,26,24
1970-01-01 00:00:00.000000246,74.5021,26,25
1970-01-01 00:00:00.000000247,74.51776,26,25
1970-01-01 00:00:00.000000247,74.882515,26,26
1970-01-01 00:00:00.000000248,74.92309,26,26
1970-01-01 00:00:00.000000248,73.98352,26,27
1970-01-01 00:00:00.000000249,73.97069,26,27
1970-01-01 00:00:00.000000249,76.07222,26,28
1970-01-01 00:00:00.000000250,76.11764,26,28
1970-01-01 00:00:00.000000250,77.50119,26,29
1970-01-01 00:00:00.000000251,77.52657,26,29
1970-01-01 00:00:00.000000251,81.025826,26,30
1970-01-01 00:00:00.000000252,80.97537,26,30
1970-01-01 00:00:00.000000252,79.79224,26,31
1970-01-01 00:00:00.000000253,79.480286,26,31
1970-01-01 00:00:00.000000253,86.766205,26,32
1970-01-01 00:00:00.000000254,86.64695,26,32
1970-01-01 00:00:00.000000254,91.29775,26,33
1970-01-01 00:00:00.000000255,91.45694,26,33
1970-01-01 00:00:00.000000255,87.06702,26,34
1970-01-01 00:00:00.000000256,87.04097,26,34
1970-01-01 00:00:00.000000256,86.755035,26,35
1970-01-01 00:00:00.000000257,86.7503,26,35
1970-01-01 00:00:00.000000257,86.98425,26,36
1970-01-01 00:00:00.000000258,87.239975,26,36
1970-01-01 00:00:00.000000258,87.587006,26,37
1970-01-01 00:00:00.000000259,87.91424,26,37
1970-01-01 00:00:00.000000181,64.430115,29,10
1970-01-01 00:00:00.000000182,64.521866,29,10
1970-01-01 00:00:00.000000182,63.849102,29,11
1970-01-01 00:00:00.000000183,63.887238,29,11
1970-01-01 00:00:00.000000183,65.07652,29,12
1970-01-01 00:00:00.000000184,65.13555,29,12
1970-01-01 00:00:00.000000184,65.01026,29,13
1970-01-01 00:00:00.000000185,65.01688,29,13
1970-01-01 00:00:00.000000185,65.63168,29,14
1970-01-01 00:00:00.000000186,65.60587,29,14
1970-01-01 00:00:00.000000186,66.44801,29,15
1970-01-01 00:00:00.000000187,66.43636,29,15
1970-01-01 00:00:00.000000187,69.032265,29,16
1970-01-01 00:00:00.000000188,69.13458,29,16
1970-01-01 00:00:00.000000188,69.16798,29,17
1970-01-01 00:00:00.000000189,69.19103,29,17
1970-01-01 00:00:00.000000189,65.128784,29,18
1970-01-01 00:00:00.000000190,64.79128,29,18
1970-01-01 00:00:00.000000190,66.42301,29,19
1970-01-01 00:00:00.000000191,66.21671,29,19
1970-01-01 00:00:00.000000191,67.327095,29,20
1970-01-01 00:00:00.000000192,67.31043,29,20
1970-01-01 00:00:00.000000192,68.64001,29,21
1970-01-01 00:00:00.000000193,68.73625,29,21
1970-01-01 00:00:00.000000193,67.36517,29,22
1970-01-01 00:00:00.000000194,67.2889,29,22
1970-01-01 00:00:00.000000194,65.245895,29,23
1970-01-01 00:00:00.000000195,65.07439,29,23
1970-01-01 00:00:00.000000195,68.07244,29,24
1970-01-01 00:00:00.000000196,68.10363,29,24
1970-01-01 00:00:00.000000196,66.21169,29,25
1970-01-01 00:00:00.000000197,66.15632,29,25
1970-01-01 00:00:00.000000197,65.93425,29,26
1970-01-01 00:00:00.000000198,65.84052,29,26
1970-01-01 00:00:00.000000198,67.53306,29,27
1970-01-01 00:00:00.000000199,67.619446,29,27
1970-01-01 00:00:00.000000199,65.66911,29,28
1970-01-01 00:00:00.000000200,65.622375,29,28
1970-01-01 00:00:00.000000200,65.71488,29,29
1970-01-01 00:00:00.000000201,65.62043,29,29
1970-01-01 00:00:00.000000092,37.68713,40,10
1970-01-01 00:00:00.000000093,37.77076,40,10
1970-01-01 00:00:00.000000093,37.777374,40,11
1970-01-01 00:00:00.000000094,37.7941,40,11
1970-01-01 00:00:00.000000094,39.17918,40,12
1970-01-01 00:00:00.000000095,39.172604,40,12
1970-01-01 00:00:00.000000095,38.62668,40,13
1970-01-01 00:00:00.000000096,38.567886,40,13
1970-01-01 00:00:00.000000092,37.97499,42,10
1970-01-01 00:00:00.000000093,37.871967,42,10
1970-01-01 00:00:00.000000093,38.505524,42,11
1970-01-01 00:00:00.000000094,38.387207,42,11
1970-01-01 00:00:00.000000094,35.82169,42,12
1970-01-01 00:00:00.000000095,35.6348,42,12
1970-01-01 00:00:00.000000095,34.204777,42,13
1970-01-01 00:00:00.000000096,34.02398,42,13
1970-01-01 00:00:00.000000156,61.105274,45,10
1970-01-01 00:00:00.000000157,61.11288,45,10
1970-01-01 00:00:00.000000157,61.133064,45,11
1970-01-01 00:00:00.000000158,61.140465,45,11
1970-01-01 00:00:00.000000158,60.954876,45,12
1970-01-01 00:00:00.000000159,60.95009,45,12
1970-01-01 00:00:00.000000159,60.834587,45,13
1970-01-01 00:00:00.000000160,60.828022,45,13
1970-01-01 00:00:00.000000160,61.048622,45,14
1970-01-01 00:00:00.000000161,61.06383,45,14
1970-01-01 00:00:00.000000161,61.01063,45,15
1970-01-01 00:00:00.000000162,61.024803,45,15
1970-01-01 00:00:00.000000162,60.973934,45,16
1970-01-01 00:00:00.000000163,60.98011,45,16
1970-01-01 00:00:00.000000163,60.700184,45,17
1970-01-01 00:00:00.000000164,60.69098,45,17
1970-01-01 00:00:00.000000164,61.42198,45,18
1970-01-01 00:00:00.000000165,61.455936,45,18
1970-01-01 00:00:00.000000165,61.1594,45,19
1970-01-01 00:00:00.000000166,61.170425,45,19
1970-01-01 00:00:00.000000166,60.792942,45,20
1970-01-01 00:00:00.000000167,60.77015,45,20
1970-01-01 00:00:00.000000167,60.8471,45,21
1970-01-01 00:00:00.000000168,60.837498,45,21
1970-01-01 00:00:00.000000168,60.93163,45,22
1970-01-01 00:00:00.000000169,60.94124,45,22
1970-01-01 00:00:00.000000169,61.25923,45,23
1970-01-01 00:00:00.000000170,61.290073,45,23
1970-01-01 00:00:00.000000170,61.207443,45,24
1970-01-01 00:00:00.000000171,61.229107,45,24
1970-01-01 00:00:00.000000116,55.71937,46,10
1970-01-01 00:00:00.000000117,55.597473,46,10
1970-01-01 00:00:00.000000117,56.051308,46,11
1970-01-01 00:00:00.000000118,55.97046,46,11
1970-01-01 00:00:00.000000118,57.138752,46,12
1970-01-01 00:00:00.000000119,57.15465,46,12
1970-01-01 00:00:00.000000119,57.20511,46,13
1970-01-01 00:00:00.000000120,57.205097,46,13
1970-01-01 00:00:00.000000120,58.870914,46,14
1970-01-01 00:00:00.000000121,58.905056,46,14
1970-01-01 00:00:00.000000121,58.682285,46,15
1970-01-01 00:00:00.000000122,58.658653,46,15
1970-01-01 00:00:00.000000122,59.782837,46,16
1970-01-01 00:00:00.000000123,59.765133,46,16
1970-01-01 00:00:00.000000123,60.422535,46,17
1970-01-01 00:00:00.000000124,60.401276,46,17
1970-01-01 00:00:00.000000243,38.851482,53,10
1970-01-01 00:00:00.000000244,38.52614,53,10
1970-01-01 00:00:00.000000244,40.970715,53,11
1970-01-01 00:00:00.000000245,41.075623,53,11
1970-01-01 00:00:00.000000245,42.425694,53,12
1970-01-01 00:00:00.000000246,42.7581,53,12
1970-01-01 00:00:00.000000246,43.847248,53,13
1970-01-01 00:00:00.000000247,44.147293,53,13
1970-01-01 00:00:00.000000247,43.2887,53,14
1970-01-01 00:00:00.000000248,43.306522,53,14
1970-01-01 00:00:00.000000248,41.339165,53,15
1970-01-01 00:00:00.000000249,41.11662,53,15
1970-01-01 00:00:00.000000249,39.996033,53,16
1970-01-01 00:00:00.000000250,39.741364,53,16
1970-01-01 00:00:00.000000250,40.71785,53,17
1970-01-01 00:00:00.000000251,40.640343,53,17
1970-01-01 00:00:00.000000251,41.430084,53,18
1970-01-01 00:00:00.000000252,41.50062,53,18
1970-01-01 00:00:00.000000252,41.816704,53,19
1970-01-01 00:00:00.000000253,41.90822,53,19
1970-01-01 00:00:00.000000253,40.584637,53,20
1970-01-01 00:00:00.000000254,40.56282,53,20
1970-01-01 00:00:00.000000254,39.1662,53,21
1970-01-01 00:00:00.000000255,39.048443,53,21
1970-01-01 00:00:00.000000255,44.09563,53,22
1970-01-01 00:00:00.000000256,44.280907,53,22
1970-01-01 00:00:00.000000256,46.023785,53,23
1970-01-01 00:00:00.000000257,46.245388,53,23
1970-01-01 00:00:00.000000257,46.749886,53,24
1970-01-01 00:00:00.000000258,46.79395,53,24
1970-01-01 00:00:00.000000258,47.571022,53,25
1970-01-01 00:00:00.000000259,47.497627,53,25
1970-01-01 00:00:00.000000259,44.789474,53,26
1970-01-01 00:00:00.000000260,44.521454,53,26
1970-01-01 00:00:00.000000260,42.093388,53,27
1970-01-01 00:00:00.000000261,41.773834,53,27
1970-01-01 00:00:00.000000261,42.43466,53,28
1970-01-01 00:00:00.000000262,42.397217,53,28
1970-01-01 00:00:00.000000262,41.853252,53,29
1970-01-01 00:00:00.000000263,41.955383,53,29
1970-01-01 00:00:00.000000263,41.53772,53,30
1970-01-01 00:00:00.000000264,41.679367,53,30
1970-01-01 00:00:00.000000264,42.2393,53,31
1970-01-01 00:00:00.000000265,42.357372,53,31
1970-01-01 00:00:00.000000265,40.535778,53,32
1970-01-01 00:00:00.000000266,40.51709,53,32
1970-01-01 00:00:00.000000266,39.072884,53,33
1970-01-01 00:00:00.000000267,38.936268,53,33
1970-01-01 00:00:00.000000267,38.798107,53,34
1970-01-01 00:00:00.000000268,38.671806,53,34
1970-01-01 00:00:00.000000268,37.362473,53,35
1970-01-01 00:00:00.000000269,37.26932,53,35
1970-01-01 00:00:00.000000269,36.388165,53,36
1970-01-01 00:00:00.000000270,36.35447,53,36
1970-01-01 00:00:00.000000270,36.10672,53,37
1970-01-01 00:00:00.000000271,36.159275,53,37
1970-01-01 00:00:00.000000271,37.127197,53,38
1970-01-01 00:00:00.000000272,37.244267,53,38
1970-01-01 00:00:00.000000272,37.18056,53,39
1970-01-01 00:00:00.000000273,37.24828,53,39
1970-01-01 00:00:00.000000273,39.343662,53,40
1970-01-01 00:00:00.000000274,39.45315,53,40
1970-01-01 00:00:00.000000097,65.24007,54,10
1970-01-01 00:00:00.000000098,65.28346,54,10
1970-01-01 00:00:00.000000098,65.648636,54,11
1970-01-01 00:00:00.000000099,65.70753,54,11
1970-01-01 00:00:00.000000099,66.33367,54,12
1970-01-01 00:00:00.000000100,66.431595,54,12
1970-01-01 00:00:00.000000100,67.1879,54,13
1970-01-01 00:00:00.000000101,67.29168,54,13
1970-01-01 00:00:00.000000101,67.78398,54,14
1970-01-01 00:00:00.000000102,67.86141,54,14
1970-01-01 00:00:00.000000277,17.780628,60,10
1970-01-01 00:00:00.000000278,17.771889,60,10
1970-01-01 00:00:00.000000278,18.28737,60,11
1970-01-01 00:00:00.000000279,18.269138,60,11
1970-01-01 00:00:00.000000279,20.951502,60,12
1970-01-01 00:00:00.000000280,21.131912,60,12
1970-01-01 00:00:00.000000280,26.495495,60,13
1970-01-01 00:00:00.000000281,26.862057,60,13
1970-01-01 00:00:00.000000281,29.010296,60,14
1970-01-01 00:00:00.000000282,29.223799,60,14
1970-01-01 00:00:00.000000282,30.384403,60,15
1970-01-01 00:00:00.000000283,30.340548,60,15
1970-01-01 00:00:00.000000283,26.036114,60,16
1970-01-01 00:00:00.000000284,25.571257,60,16
1970-01-01 00:00:00.000000284,24.706377,60,17
1970-01-01 00:00:00.000000285,24.243515,60,17
1970-01-01 00:00:00.000000285,23.932962,60,18
1970-01-01 00:00:00.000000286,23.755445,60,18
1970-01-01 00:00:00.000000286,24.930838,60,19
1970-01-01 00:00:00.000000287,25.076233,60,19
1970-01-01 00:00:00.000000287,25.173504,60,20
1970-01-01 00:00:00.000000288,25.340723,60,20
1970-01-01 00:00:00.000000288,24.50954,60,21
1970-01-01 00:00:00.000000289,24.558838,60,21
1970-01-01 00:00:00.000000289,24.60305,60,22
1970-01-01 00:00:00.000000290,24.583517,60,22
1970-01-01 00:00:00.000000290,23.350338,60,23
1970-01-01 00:00:00.000000291,23.247234,60,23
1970-01-01 00:00:00.000000291,23.123674,60,24
1970-01-01 00:00:00.000000292,23.044052,60,24
1970-01-01 00:00:00.000000292,21.250334,60,25
1970-01-01 00:00:00.000000293,21.169159,60,25
1970-01-01 00:00:00.000000293,20.14397,60,26
1970-01-01 00:00:00.000000294,20.096767,60,26
1970-01-01 00:00:00.000000294,20.645632,60,27
1970-01-01 00:00:00.000000295,20.69293,60,27
1970-01-01 00:00:00.000000295,19.843136,60,28
1970-01-01 00:00:00.000000296,19.884079,60,28
1970-01-01 00:00:00.000000296,18.365097,60,29
1970-01-01 00:00:00.000000297,18.376303,60,29
1970-01-01 00:00:00.000000297,18.244541,60,30
1970-01-01 00:00:00.000000298,18.28486,60,30
1970-01-01 00:00:00.000000298,18.639542,60,31
1970-01-01 00:00:00.000000299,18.715246,60,31
1970-01-01 00:00:00.000000299,19.968002,60,32
1970-01-01 00:00:00.000000300,20.070381,60,32
1970-01-01 00:00:00.000000300,20.59967,60,33
1970-01-01 00:00:00.000000301,20.6971,60,33
1970-01-01 00:00:00.000000301,26.119797,60,34
1970-01-01 00:00:00.000000302,26.407888,60,34
1970-01-01 00:00:00.000000302,28.975521,60,35
1970-01-01 00:00:00.000000303,29.19699,60,35
1970-01-01 00:00:00.000000303,30.061884,60,36
1970-01-01 00:00:00.000000304,30.067736,60,36
1970-01-01 00:00:00.000000304,28.939198,60,37
1970-01-01 00:00:00.000000305,28.652025,60,37
1970-01-01 00:00:00.000000305,23.70197,60,38
1970-01-01 00:00:00.000000306,23.192833,60,38
1970-01-01 00:00:00.000000306,23.720722,60,39
1970-01-01 00:00:00.000000307,23.502832,60,39
1970-01-01 00:00:00.000000307,23.155077,60,40
1970-01-01 00:00:00.000000308,23.202194,60,40
1970-01-01 00:00:00.000000308,23.926355,60,41
1970-01-01 00:00:00.000000309,24.07293,60,41
1970-01-01 00:00:00.000000309,24.755957,60,42
1970-01-01 00:00:00.000000310,24.97214,60,42
1970-01-01 00:00:00.000000310,21.33095,60,43
1970-01-01 00:00:00.000000311,21.31966,60,43
1970-01-01 00:00:00.000000311,19.102821,60,44
1970-01-01 00:00:00.000000312,18.98833,60,44
1970-01-01 00:00:00.000000312,19.542696,60,45
1970-01-01 00:00:00.000000313,19.561565,60,45
1970-01-01 00:00:00.000000313,18.796349,60,46
1970-01-01 00:00:00.000000314,18.808691,60,46
1970-01-01 00:00:00.000000102,81.61718,61,10
1970-01-01 00:00:00.000000103,81.61085,61,10
1970-01-01 00:00:00.000000103,82.4657,61,11
1970-01-01 00:00:00.000000104,82.496994,61,11
1970-01-01 00:00:00.000000104,82.27274,61,12
1970-01-01 00:00:00.000000105,82.26693,61,12
1970-01-01 00:00:00.000000105,81.97975,61,13
1970-01-01 00:00:00.000000106,81.929924,61,13
1970-01-01 00:00:00.000000106,81.87322,61,14
1970-01-01 00:00:00.000000107,81.8175,61,14
1970-01-01 00:00:00.000000107,82.08539,61,15
1970-01-01 00:00:00.000000108,82.06448,61,15
1970-01-01 00:00:00.000000125,50.228443,62,10
1970-01-01 00:00:00.000000126,50.223675,62,10
1970-01-01 00:00:00.000000126,46.727467,62,11
1970-01-01 00:00:00.000000127,46.481106,62,11
1970-01-01 00:00:00.000000127,45.08193,62,12
1970-01-01 00:00:00.000000128,44.800774,62,12
1970-01-01 00:00:00.000000128,44.738144,62,13
1970-01-01 00:00:00.000000129,44.65858,62,13
1970-01-01 00:00:00.000000129,45.166946,62,14
1970-01-01 00:00:00.000000130,45.277763,62,14
1970-01-01 00:00:00.000000130,44.40651,62,15
1970-01-01 00:00:00.000000131,44.525497,62,15
1970-01-01 00:00:00.000000131,44.613335,62,16
1970-01-01 00:00:00.000000132,44.726547,62,16
1970-01-01 00:00:00.000000132,44.99845,62,17
1970-01-01 00:00:00.000000133,45.053333,62,17
1970-01-01 00:00:00.000000133,45.518013,62,18
1970-01-01 00:00:00.000000134,45.54136,62,18
1970-01-01 00:00:00.000000134,46.227642,62,19
1970-01-01 00:00:00.000000135,46.257797,62,19
1970-01-01 00:00:00.000000292,52.80246,63,10
1970-01-01 00:00:00.000000293,53.09137,63,10
1970-01-01 00:00:00.000000293,52.779087,63,11
1970-01-01 00:00:00.000000294,53.06372,63,11
1970-01-01 00:00:00.000000294,52.767696,63,12
1970-01-01 00:00:00.000000295,52.979694,63,12
1970-01-01 00:00:00.000000295,53.803967,63,13
1970-01-01 00:00:00.000000296,53.97966,63,13
1970-01-01 00:00:00.000000296,54.933144,63,14
1970-01-01 00:00:00.000000297,55.100857,63,14
1970-01-01 00:00:00.000000297,55.483913,63,15
1970-01-01 00:00:00.000000298,55.58528,63,15
1970-01-01 00:00:00.000000298,55.734253,63,16
1970-01-01 00:00:00.000000299,55.778976,63,16
1970-01-01 00:00:00.000000299,56.06729,63,17
1970-01-01 00:00:00.000000300,56.09173,63,17
1970-01-01 00:00:00.000000300,56.39859,63,18
1970-01-01 00:00:00.000000301,56.427654,63,18
1970-01-01 00:00:00.000000301,55.42716,63,19
1970-01-01 00:00:00.000000302,55.396744,63,19
1970-01-01 00:00:00.000000302,55.52815,63,20
1970-01-01 00:00:00.000000303,55.503334,63,20
1970-01-01 00:00:00.000000303,54.258755,63,21
1970-01-01 00:00:00.000000304,54.196804,63,21
1970-01-01 00:00:00.000000304,51.330273,63,22
1970-01-01 00:00:00.000000305,51.21371,63,22
1970-01-01 00:00:00.000000305,47.845154,63,23
1970-01-01 00:00:00.000000306,47.742702,63,23
1970-01-01 00:00:00.000000306,45.227604,63,24
1970-01-01 00:00:00.000000307,45.222378,63,24
1970-01-01 00:00:00.000000307,41.632828,63,25
1970-01-01 00:00:00.000000308,41.585777,63,25
1970-01-01 00:00:00.000000308,42.631325,63,26
1970-01-01 00:00:00.000000309,42.733925,63,26
1970-01-01 00:00:00.000000309,43.716793,63,27
1970-01-01 00:00:00.000000310,43.945934,63,27
1970-01-01 00:00:00.000000310,44.487286,63,28
1970-01-01 00:00:00.000000311,44.63662,63,28
1970-01-01 00:00:00.000000311,45.17311,63,29
1970-01-01 00:00:00.000000312,45.18401,63,29
1970-01-01 00:00:00.000000312,46.219227,63,30
1970-01-01 00:00:00.000000313,46.12208,63,30
1970-01-01 00:00:00.000000313,48.14067,63,31
1970-01-01 00:00:00.000000314,48.079613,63,31
1970-01-01 00:00:00.000000314,49.441357,63,32
1970-01-01 00:00:00.000000315,49.405254,63,32
1970-01-01 00:00:00.000000315,50.917915,63,33
1970-01-01 00:00:00.000000316,50.855377,63,33
1970-01-01 00:00:00.000000316,51.38185,63,34
1970-01-01 00:00:00.000000317,51.249523,63,34
1970-01-01 00:00:00.000000317,47.847923,63,35
1970-01-01 00:00:00.000000318,47.48097,63,35
1970-01-01 00:00:00.000000318,46.272472,63,36
1970-01-01 00:00:00.000000319,45.96226,63,36
1970-01-01 00:00:00.000000319,41.375,63,37
1970-01-01 00:00:00.000000320,41.114147,63,37
1970-01-01 00:00:00.000000320,42.602642,63,38
1970-01-01 00:00:00.000000321,42.67837,63,38
1970-01-01 00:00:00.000000321,43.35315,63,39
1970-01-01 00:00:00.000000322,43.661716,63,39
1970-01-01 00:00:00.000000322,43.950966,63,40
1970-01-01 00:00:00.000000323,44.242153,63,40
1970-01-01 00:00:00.000000323,44.45322,63,41
1970-01-01 00:00:00.000000324,44.60305,63,41
1970-01-01 00:00:00.000000324,45.58208,63,42
1970-01-01 00:00:00.000000325,45.65829,63,42
1970-01-01 00:00:00.000000325,46.691597,63,43
1970-01-01 00:00:00.000000326,46.73512,63,43
1970-01-01 00:00:00.000000326,46.800743,63,44
1970-01-01 00:00:00.000000327,46.806736,63,44
1970-01-01 00:00:00.000000327,47.871338,63,45
1970-01-01 00:00:00.000000328,47.890503,63,45
1970-01-01 00:00:00.000000328,48.983337,63,46
1970-01-01 00:00:00.000000329,49.026337,63,46
1970-01-01 00:00:00.000000329,50.42719,63,47
1970-01-01 00:00:00.000000330,50.49977,63,47
1970-01-01 00:00:00.000000330,52.153316,63,48
1970-01-01 00:00:00.000000331,52.227585,63,48
1970-01-01 00:00:00.000000156,42.20736,64,10
1970-01-01 00:00:00.000000157,42.183434,64,10
1970-01-01 00:00:00.000000157,42.883327,64,11
1970-01-01 00:00:00.000000158,42.862053,64,11
1970-01-01 00:00:00.000000158,43.840782,64,12
1970-01-01 00:00:00.000000159,43.876488,64,12
1970-01-01 00:00:00.000000159,45.183987,64,13
1970-01-01 00:00:00.000000160,45.25462,64,13
1970-01-01 00:00:00.000000160,45.645752,64,14
1970-01-01 00:00:00.000000161,45.675854,64,14
1970-01-01 00:00:00.000000161,45.872894,64,15
1970-01-01 00:00:00.000000162,45.877686,64,15
1970-01-01 00:00:00.000000162,46.624012,64,16
1970-01-01 00:00:00.000000163,46.630527,64,16
1970-01-01 00:00:00.000000163,46.09947,64,17
1970-01-01 00:00:00.000000164,46.069633,64,17
1970-01-01 00:00:00.000000164,45.280106,64,18
1970-01-01 00:00:00.000000165,45.21639,64,18
1970-01-01 00:00:00.000000165,45.445934,64,19
1970-01-01 00:00:00.000000166,45.44525,64,19
1970-01-01 00:00:00.000000166,45.344025,64,20
1970-01-01 00:00:00.000000167,45.365158,64,20
1970-01-01 00:00:00.000000167,45.242455,64,21
1970-01-01 00:00:00.000000168,45.25623,64,21
1970-01-01 00:00:00.000000168,45.789112,64,22
1970-01-01 00:00:00.000000169,45.841866,64,22
1970-01-01 00:00:00.000000169,46.168015,64,23
1970-01-01 00:00:00.000000170,46.20933,64,23
1970-01-01 00:00:00.000000170,46.53903,64,24
1970-01-01 00:00:00.000000171,46.55308,64,24
1970-01-01 00:00:00.000000225,24.207966,65,10
1970-01-01 00:00:00.000000226,24.241335,65,10
1970-01-01 00:00:00.000000226,24.353895,65,11
1970-01-01 00:00:00.000000227,24.35839,65,11
1970-01-01 00:00:00.000000227,24.84165,65,12
1970-01-01 00:00:00.000000228,24.84979,65,12
1970-01-01 00:00:00.000000228,24.7608,65,13
1970-01-01 00:00:00.000000229,24.743258,65,13
1970-01-01 00:00:00.000000229,25.529177,65,14
1970-01-01 00:00:00.000000230,25.54369,65,14
1970-01-01 00:00:00.000000230,25.700033,65,15
1970-01-01 00:00:00.000000231,25.708586,65,15
1970-01-01 00:00:00.000000231,25.762098,65,16
1970-01-01 00:00:00.000000232,25.737343,65,16
1970-01-01 00:00:00.000000232,26.58782,65,17
1970-01-01 00:00:00.000000233,26.59288,65,17
1970-01-01 00:00:00.000000233,25.959398,65,18
1970-01-01 00:00:00.000000234,25.917965,65,18
1970-01-01 00:00:00.000000234,25.986237,65,19
1970-01-01 00:00:00.000000235,25.942184,65,19
1970-01-01 00:00:00.000000235,26.011354,65,20
1970-01-01 00:00:00.000000236,25.99344,65,20
1970-01-01 00:00:00.000000236,26.134254,65,21
1970-01-01 00:00:00.000000237,26.13255,65,21
1970-01-01 00:00:00.000000237,26.031647,65,22
1970-01-01 00:00:00.000000238,26.034575,65,22
1970-01-01 00:00:00.000000238,26.037663,65,23
1970-01-01 00:00:00.000000239,26.044298,65,23
1970-01-01 00:00:00.000000239,26.62378,65,24
1970-01-01 00:00:00.000000240,26.656298,65,24
1970-01-01 00:00:00.000000240,25.990072,65,25
1970-01-01 00:00:00.000000241,25.97218,65,25
1970-01-01 00:00:00.000000241,26.343956,65,26
1970-01-01 00:00:00.000000242,26.340605,65,26
1970-01-01 00:00:00.000000242,25.647192,65,27
1970-01-01 00:00:00.000000243,25.614805,65,27
1970-01-01 00:00:00.000000243,26.456718,65,28
1970-01-01 00:00:00.000000244,26.477692,65,28
1970-01-01 00:00:00.000000244,26.61758,65,29
1970-01-01 00:00:00.000000245,26.647032,65,29
1970-01-01 00:00:00.000000245,26.398487,65,30
1970-01-01 00:00:00.000000246,26.390171,65,30
1970-01-01 00:00:00.000000246,26.175594,65,31
1970-01-01 00:00:00.000000247,26.140417,65,31
1970-01-01 00:00:00.000000247,25.72731,65,32
1970-01-01 00:00:00.000000248,25.682987,65,32
1970-01-01 00:00:00.000000248,25.48855,65,33
1970-01-01 00:00:00.000000249,25.460445,65,33
1970-01-01 00:00:00.000000249,25.184881,65,34
1970-01-01 00:00:00.000000250,25.178148,65,34
1970-01-01 00:00:00.000000250,26.343153,65,35
1970-01-01 00:00:00.000000251,26.411657,65,35
1970-01-01 00:00:00.000000251,25.523155,65,36
1970-01-01 00:00:00.000000252,25.530502,65,36
1970-01-01 00:00:00.000000083,76.823456,66,10
1970-01-01 00:00:00.000000084,76.72548,66,10
1970-01-01 00:00:00.000000084,76.36534,66,11
1970-01-01 00:00:00.000000085,76.32092,66,11
1970-01-01 00:00:00.000000124,84.77142,67,10
1970-01-01 00:00:00.000000125,84.74017,67,10
1970-01-01 00:00:00.000000125,83.39476,67,11
1970-01-01 00:00:00.000000126,83.39297,67,11
1970-01-01 00:00:00.000000126,87.898994,67,12
1970-01-01 00:00:00.000000127,88.13399,67,12
1970-01-01 00:00:00.000000127,87.83382,67,13
1970-01-01 00:00:00.000000128,87.96544,67,13
1970-01-01 00:00:00.000000128,87.15499,67,14
1970-01-01 00:00:00.000000129,87.05857,67,14
1970-01-01 00:00:00.000000129,85.339584,67,15
1970-01-01 00:00:00.000000130,85.08763,67,15
1970-01-01 00:00:00.000000130,84.72461,67,16
1970-01-01 00:00:00.000000131,84.51621,67,16
1970-01-01 00:00:00.000000131,84.84393,67,17
1970-01-01 00:00:00.000000132,84.78381,67,17
1970-01-01 00:00:00.000000132,85.48266,67,18
1970-01-01 00:00:00.000000133,85.544815,67,18
1970-01-01 00:00:00.000000176,46.56716,69,10
1970-01-01 00:00:00.000000177,46.606663,69,10
1970-01-01 00:00:00.000000177,48.33638,69,11
1970-01-01 00:00:00.000000178,48.334705,69,11
1970-01-01 00:00:00.000000178,50.02967,69,12
1970-01-01 00:00:00.000000179,50.06086,69,12
1970-01-01 00:00:00.000000179,50.57333,69,13
1970-01-01 00:00:00.000000180,50.66022,69,13
1970-01-01 00:00:00.000000180,48.577095,69,14
1970-01-01 00:00:00.000000181,48.562435,69,14
1970-01-01 00:00:00.000000181,42.187923,69,15
1970-01-01 00:00:00.000000182,41.821674,69,15
1970-01-01 00:00:00.000000182,43.00474,69,16
1970-01-01 00:00:00.000000183,42.926773,69,16
1970-01-01 00:00:00.000000183,40.43047,69,17
1970-01-01 00:00:00.000000184,40.480812,69,17
1970-01-01 00:00:00.000000184,39.564476,69,18
1970-01-01 00:00:00.000000185,39.677277,69,18
1970-01-01 00:00:00.000000185,38.166008,69,19
1970-01-01 00:00:00.000000186,38.230824,69,19
1970-01-01 00:00:00.000000186,37.323,69,20
1970-01-01 00:00:00.000000187,37.379005,69,20
1970-01-01 00:00:00.000000187,38.180702,69,21
1970-01-01 00:00:00.000000188,38.32822,69,21
1970-01-01 00:00:00.000000188,38.196926,69,22
1970-01-01 00:00:00.000000189,38.32429,69,22
1970-01-01 00:00:00.000000189,42.015343,69,23
1970-01-01 00:00:00.000000190,42.23389,69,23
1970-01-01 00:00:00.000000190,44.003647,69,24
1970-01-01 00:00:00.000000191,44.214973,69,24
1970-01-01 00:00:00.000000191,47.234444,69,25
1970-01-01 00:00:00.000000192,47.402916,69,25
1970-01-01 00:00:00.000000192,48.29089,69,26
1970-01-01 00:00:00.000000193,48.300648,69,26
1970-01-01 00:00:00.000000193,49.26775,69,27
1970-01-01 00:00:00.000000194,49.248085,69,27
1970-01-01 00:00:00.000000194,50.566696,69,28
1970-01-01 00:00:00.000000195,50.66079,69,28
1970-01-01 00:00:00.000000226,58.695114,70,10
1970-01-01 00:00:00.000000227,58.728653,70,10
1970-01-01 00:00:00.000000227,58.02934,70,11
1970-01-01 00:00:00.000000228,58.004265,70,11
1970-01-01 00:00:00.000000228,57.35663,70,12
1970-01-01 00:00:00.000000229,57.29585,70,12
1970-01-01 00:00:00.000000229,57.242226,70,13
1970-01-01 00:00:00.000000230,57.209686,70,13
1970-01-01 00:00:00.000000230,57.650223,70,14
1970-01-01 00:00:00.000000231,57.665077,70,14
1970-01-01 00:00:00.000000231,57.43885,70,15
1970-01-01 00:00:00.000000232,57.460743,70,15
1970-01-01 00:00:00.000000232,57.785957,70,16
1970-01-01 00:00:00.000000233,57.818375,70,16
1970-01-01 00:00:00.000000233,56.758614,70,17
1970-01-01 00:00:00.000000234,56.72577,70,17
1970-01-01 00:00:00.000000234,56.925503,70,18
1970-01-01 00:00:00.000000235,56.906574,70,18
1970-01-01 00:00:00.000000235,56.29689,70,19
1970-01-01 00:00:00.000000236,56.280575,70,19
1970-01-01 00:00:00.000000236,57.441536,70,20
1970-01-01 00:00:00.000000237,57.496006,70,20
1970-01-01 00:00:00.000000237,57.341488,70,21
1970-01-01 00:00:00.000000238,57.383083,70,21
1970-01-01 00:00:00.000000238,57.628788,70,22
1970-01-01 00:00:00.000000239,57.65276,70,22
1970-01-01 00:00:00.000000239,57.419186,70,23
1970-01-01 00:00:00.000000240,57.401608,70,23
1970-01-01 00:00:00.000000240,57.493263,70,24
1970-01-01 00:00:00.000000241,57.47272,70,24
1970-01-01 00:00:00.000000241,57.75837,70,25
1970-01-01 00:00:00.000000242,57.75784,70,25
1970-01-01 00:00:00.000000242,58.11558,70,26
1970-01-01 00:00:00.000000243,58.13863,70,26
1970-01-01 00:00:00.000000243,57.732407,70,27
1970-01-01 00:00:00.000000244,57.719204,70,27
1970-01-01 00:00:00.000000244,57.611122,70,28
1970-01-01 00:00:00.000000245,57.587826,70,28
1970-01-01 00:00:00.000000245,57.59292,70,29
1970-01-01 00:00:00.000000246,57.578842,70,29
1970-01-01 00:00:00.000000246,57.402504,70,30
1970-01-01 00:00:00.000000247,57.391727,70,30
1970-01-01 00:00:00.000000247,57.401775,70,31
1970-01-01 00:00:00.000000248,57.406555,70,31
1970-01-01 00:00:00.000000248,57.194775,70,32
1970-01-01 00:00:00.000000249,57.19868,70,32
1970-01-01 00:00:00.000000249,57.01485,70,33
1970-01-01 00:00:00.000000250,57.01233,70,33
1970-01-01 00:00:00.000000250,56.979706,70,34
1970-01-01 00:00:00.000000251,56.984203,70,34
1970-01-01 00:00:00.000000251,56.94563,70,35
1970-01-01 00:00:00.000000252,56.95077,70,35
1970-01-01 00:00:00.000000252,56.95171,70,36
1970-01-01 00:00:00.000000253,56.954823,70,36
1970-01-01 00:00:00.000000253,56.578026,70,37
1970-01-01 00:00:00.000000254,56.56512,70,37
1970-01-01 00:00:00.000000226,15.989993,71,10
1970-01-01 00:00:00.000000227,15.904696,71,10
1970-01-01 00:00:00.000000227,16.019016,71,11
1970-01-01 00:00:00.000000228,15.911372,71,11
1970-01-01 00:00:00.000000228,16.220402,71,12
1970-01-01 00:00:00.000000229,16.171682,71,12
1970-01-01 00:00:00.000000229,16.64041,71,13
1970-01-01 00:00:00.000000230,16.656767,71,13
1970-01-01 00:00:00.000000230,16.487957,71,14
1970-01-01 00:00:00.000000231,16.516922,71,14
1970-01-01 00:00:00.000000231,17.443884,71,15
1970-01-01 00:00:00.000000232,17.50637,71,15
1970-01-01 00:00:00.000000232,17.19162,71,16
1970-01-01 00:00:00.000000233,17.184448,71,16
1970-01-01 00:00:00.000000233,17.502823,71,17
1970-01-01 00:00:00.000000234,17.485304,71,17
1970-01-01 00:00:00.000000234,14.810329,71,18
1970-01-01 00:00:00.000000235,14.651009,71,18
1970-01-01 00:00:00.000000235,16.829264,71,19
1970-01-01 00:00:00.000000236,16.840107,71,19
1970-01-01 00:00:00.000000236,18.11095,71,20
1970-01-01 00:00:00.000000237,18.230362,71,20
1970-01-01 00:00:00.000000237,14.138781,71,21
1970-01-01 00:00:00.000000238,14.015152,71,21
1970-01-01 00:00:00.000000238,18.987349,71,22
1970-01-01 00:00:00.000000239,19.138287,71,22
1970-01-01 00:00:00.000000239,19.255983,71,23
1970-01-01 00:00:00.000000240,19.407442,71,23
1970-01-01 00:00:00.000000240,19.28818,71,24
1970-01-01 00:00:00.000000241,19.296738,71,24
1970-01-01 00:00:00.000000241,25.71061,71,25
1970-01-01 00:00:00.000000242,25.9703,71,25
1970-01-01 00:00:00.000000242,18.79357,71,26
1970-01-01 00:00:00.000000243,18.507015,71,26
1970-01-01 00:00:00.000000243,24.378786,71,27
1970-01-01 00:00:00.000000244,24.303612,71,27
1970-01-01 00:00:00.000000244,22.427216,71,28
1970-01-01 00:00:00.000000245,22.364435,71,28
1970-01-01 00:00:00.000000245,26.400455,71,29
1970-01-01 00:00:00.000000246,26.512001,71,29
1970-01-01 00:00:00.000000246,24.892467,71,30
1970-01-01 00:00:00.000000247,24.877148,71,30
1970-01-01 00:00:00.000000247,29.907799,71,31
1970-01-01 00:00:00.000000248,30.069427,71,31
1970-01-01 00:00:00.000000248,31.898975,71,32
1970-01-01 00:00:00.000000249,31.994484,71,32
1970-01-01 00:00:00.000000249,38.69261,71,33
1970-01-01 00:00:00.000000250,38.99596,71,33
1970-01-01 00:00:00.000000250,46.21668,71,34
1970-01-01 00:00:00.000000251,46.68195,71,34
1970-01-01 00:00:00.000000251,52.6241,71,35
1970-01-01 00:00:00.000000252,53.228832,71,35
1970-01-01 00:00:00.000000252,53.24443,71,36
1970-01-01 00:00:00.000000253,53.62321,71,36
1970-01-01 00:00:00.000000320,56.07014,72,10
1970-01-01 00:00:00.000000321,56.2474,72,10
1970-01-01 00:00:00.000000321,57.432304,72,11
1970-01-01 00:00:00.000000322,57.56689,72,11
1970-01-01 00:00:00.000000322,58.23806,72,12
1970-01-01 00:00:00.000000323,58.289738,72,12
1970-01-01 00:00:00.000000323,59.518208,72,13
1970-01-01 00:00:00.000000324,59.557476,72,13
1970-01-01 00:00:00.000000324,60.54308,72,14
1970-01-01 00:00:00.000000325,60.559,72,14
1970-01-01 00:00:00.000000325,61.208603,72,15
1970-01-01 00:00:00.000000326,61.16661,72,15
1970-01-01 00:00:00.000000326,58.75027,72,16
1970-01-01 00:00:00.000000327,58.55118,72,16
1970-01-01 00:00:00.000000327,55.87619,72,17
1970-01-01 00:00:00.000000328,55.56688,72,17
1970-01-01 00:00:00.000000328,55.356728,72,18
1970-01-01 00:00:00.000000329,55.22695,72,18
1970-01-01 00:00:00.000000329,55.337826,72,19
1970-01-01 00:00:00.000000330,55.415024,72,19
1970-01-01 00:00:00.000000330,55.658947,72,20
1970-01-01 00:00:00.000000331,55.833164,72,20
1970-01-01 00:00:00.000000331,55.80674,72,21
1970-01-01 00:00:00.000000332,55.961655,72,21
1970-01-01 00:00:00.000000332,56.770466,72,22
1970-01-01 00:00:00.000000333,56.871037,72,22
1970-01-01 00:00:00.000000333,57.390045,72,23
1970-01-01 00:00:00.000000334,57.42635,72,23
1970-01-01 00:00:00.000000334,57.90947,72,24
1970-01-01 00:00:00.000000335,57.917053,72,24
1970-01-01 00:00:00.000000335,59.7091,72,25
1970-01-01 00:00:00.000000336,59.768627,72,25
1970-01-01 00:00:00.000000336,60.612064,72,26
1970-01-01 00:00:00.000000337,60.645813,72,26
1970-01-01 00:00:00.000000337,62.820698,72,27
1970-01-01 00:00:00.000000338,62.906788,72,27
1970-01-01 00:00:00.000000338,57.1194,72,28
1970-01-01 00:00:00.000000339,56.86277,72,28
1970-01-01 00:00:00.000000339,54.546688,72,29
1970-01-01 00:00:00.000000340,54.159985,72,29
1970-01-01 00:00:00.000000340,54.712723,72,30
1970-01-01 00:00:00.000000341,54.577705,72,30
1970-01-01 00:00:00.000000341,55.08191,72,31
1970-01-01 00:00:00.000000342,55.18696,72,31
1970-01-01 00:00:00.000000342,55.724487,72,32
1970-01-01 00:00:00.000000343,55.907326,72,32
1970-01-01 00:00:00.000000343,56.297928,72,33
1970-01-01 00:00:00.000000344,56.435165,72,33
1970-01-01 00:00:00.000000344,56.27782,72,34
1970-01-01 00:00:00.000000345,56.27592,72,34
1970-01-01 00:00:00.000000345,55.809204,72,35
1970-01-01 00:00:00.000000346,55.69484,72,35
1970-01-01 00:00:00.000000346,56.962612,72,36
1970-01-01 00:00:00.000000347,56.99189,72,36
1970-01-01 00:00:00.000000347,56.02544,72,37
1970-01-01 00:00:00.000000348,56.020973,72,37
1970-01-01 00:00:00.000000348,55.29258,72,38
1970-01-01 00:00:00.000000349,55.229958,72,38
1970-01-01 00:00:00.000000349,54.98252,72,39
1970-01-01 00:00:00.000000350,54.928585,72,39
1970-01-01 00:00:00.000000350,56.906746,72,40
1970-01-01 00:00:00.000000351,56.990173,72,40
1970-01-01 00:00:00.000000351,56.73397,72,41
1970-01-01 00:00:00.000000352,56.791622,72,41
1970-01-01 00:00:00.000000352,51.533184,72,42
1970-01-01 00:00:00.000000353,51.301956,72,42
1970-01-01 00:00:00.000000353,50.75034,72,43
1970-01-01 00:00:00.000000354,50.60771,72,43
1970-01-01 00:00:00.000000354,49.032722,72,44
1970-01-01 00:00:00.000000355,49.022686,72,44
1970-01-01 00:00:00.000000355,48.969517,72,45
1970-01-01 00:00:00.000000356,48.998344,72,45
1970-01-01 00:00:00.000000356,52.141052,72,46
1970-01-01 00:00:00.000000357,52.444275,72,46
1970-01-01 00:00:00.000000357,55.25514,72,47
1970-01-01 00:00:00.000000358,55.864178,72,47
1970-01-01 00:00:00.000000358,55.085186,72,48
1970-01-01 00:00:00.000000359,55.419357,72,48
1970-01-01 00:00:00.000000359,51.72054,72,49
1970-01-01 00:00:00.000000360,51.51443,72,49
1970-01-01 00:00:00.000000360,47.851025,72,50
1970-01-01 00:00:00.000000361,47.574482,72,50
1970-01-01 00:00:00.000000361,53.308548,72,51
1970-01-01 00:00:00.000000362,53.511696,72,51
1970-01-01 00:00:00.000000362,52.796482,72,52
1970-01-01 00:00:00.000000363,52.962788,72,52
1970-01-01 00:00:00.000000363,55.011456,72,53
1970-01-01 00:00:00.000000364,55.187702,72,53
1970-01-01 00:00:00.000000219,66.23889,73,10
1970-01-01 00:00:00.000000220,66.34181,73,10
1970-01-01 00:00:00.000000220,65.55444,73,11
1970-01-01 00:00:00.000000221,65.66275,73,11
1970-01-01 00:00:00.000000221,63.965187,73,12
1970-01-01 00:00:00.000000222,63.96207,73,12
1970-01-01 00:00:00.000000222,66.91807,73,13
1970-01-01 00:00:00.000000223,67.04009,73,13
1970-01-01 00:00:00.000000223,67.41629,73,14
1970-01-01 00:00:00.000000224,67.537834,73,14
1970-01-01 00:00:00.000000224,67.961975,73,15
1970-01-01 00:00:00.000000225,68.043144,73,15
1970-01-01 00:00:00.000000225,66.14417,73,16
1970-01-01 00:00:00.000000226,66.02675,73,16
1970-01-01 00:00:00.000000226,63.484177,73,17
1970-01-01 00:00:00.000000227,63.22118,73,17
1970-01-01 00:00:00.000000227,65.42614,73,18
1970-01-01 00:00:00.000000228,65.40618,73,18
1970-01-01 00:00:00.000000228,65.92724,73,19
1970-01-01 00:00:00.000000229,66.02576,73,19
1970-01-01 00:00:00.000000229,66.33038,73,20
1970-01-01 00:00:00.000000230,66.424774,73,20
1970-01-01 00:00:00.000000230,64.83681,73,21
1970-01-01 00:00:00.000000231,64.78196,73,21
1970-01-01 00:00:00.000000231,62.84145,73,22
1970-01-01 00:00:00.000000232,62.70603,73,22
1970-01-01 00:00:00.000000232,62.006046,73,23
1970-01-01 00:00:00.000000233,61.907833,73,23
1970-01-01 00:00:00.000000233,63.40818,73,24
1970-01-01 00:00:00.000000234,63.484024,73,24
1970-01-01 00:00:00.000000234,66.30186,73,25
1970-01-01 00:00:00.000000235,66.55698,73,25
1970-01-01 00:00:00.000000235,66.67791,73,26
1970-01-01 00:00:00.000000236,66.82866,73,26
1970-01-01 00:00:00.000000236,66.38218,73,27
1970-01-01 00:00:00.000000237,66.34239,73,27
1970-01-01 00:00:00.000000237,69.69279,73,28
1970-01-01 00:00:00.000000238,69.75285,73,28
1970-01-01 00:00:00.000000238,72.60046,73,29
1970-01-01 00:00:00.000000239,72.71541,73,29
1970-01-01 00:00:00.000000239,74.70352,73,30
1970-01-01 00:00:00.000000240,74.77548,73,30
1970-01-01 00:00:00.000000240,75.64609,73,31
1970-01-01 00:00:00.000000241,75.630615,73,31
1970-01-01 00:00:00.000000241,74.71654,73,32
1970-01-01 00:00:00.000000242,74.54021,73,32
1970-01-01 00:00:00.000000242,73.07841,73,33
1970-01-01 00:00:00.000000243,72.77649,73,33
1970-01-01 00:00:00.000000243,74.40256,73,34
1970-01-01 00:00:00.000000244,74.35052,73,34
1970-01-01 00:00:00.000000244,76.946815,73,35
1970-01-01 00:00:00.000000245,77.09557,73,35
1970-01-01 00:00:00.000000116,74.2976,74,10
1970-01-01 00:00:00.000000117,74.41931,74,10
1970-01-01 00:00:00.000000117,74.75352,74,11
1970-01-01 00:00:00.000000118,74.8813,74,11
1970-01-01 00:00:00.000000118,75.31493,74,12
1970-01-01 00:00:00.000000119,75.371025,74,12
1970-01-01 00:00:00.000000119,75.91738,74,13
1970-01-01 00:00:00.000000120,75.91219,74,13
1970-01-01 00:00:00.000000120,75.89995,74,14
1970-01-01 00:00:00.000000121,75.83147,74,14
1970-01-01 00:00:00.000000121,77.11295,74,15
1970-01-01 00:00:00.000000122,77.08716,74,15
1970-01-01 00:00:00.000000122,78.27501,74,16
1970-01-01 00:00:00.000000123,78.293175,74,16
1970-01-01 00:00:00.000000123,78.98351,74,17
1970-01-01 00:00:00.000000124,78.98623,74,17
1970-01-01 00:00:00.000000129,66.93699,76,10
1970-01-01 00:00:00.000000130,66.976,76,10
1970-01-01 00:00:00.000000130,66.991394,76,11
1970-01-01 00:00:00.000000131,67.03411,76,11
1970-01-01 00:00:00.000000131,67.535545,76,12
1970-01-01 00:00:00.000000132,67.5894,76,12
1970-01-01 00:00:00.000000132,67.27368,76,13
1970-01-01 00:00:00.000000133,67.29621,76,13
1970-01-01 00:00:00.000000133,67.40992,76,14
1970-01-01 00:00:00.000000134,67.414055,76,14
1970-01-01 00:00:00.000000134,67.3379,76,15
1970-01-01 00:00:00.000000135,67.33137,76,15
1970-01-01 00:00:00.000000135,67.41561,76,16
1970-01-01 00:00:00.000000136,67.41015,76,16
1970-01-01 00:00:00.000000136,67.42412,76,17
1970-01-01 00:00:00.000000137,67.42229,76,17
1970-01-01 00:00:00.000000137,67.62251,76,18
1970-01-01 00:00:00.000000138,67.63552,76,18
1970-01-01 00:00:00.000000138,67.3672,76,19
1970-01-01 00:00:00.000000139,67.35865,76,19
1970-01-01 00:00:00.000000151,55.152256,77,10
1970-01-01 00:00:00.000000152,55.16127,77,10
1970-01-01 00:00:00.000000152,55.975098,77,11
1970-01-01 00:00:00.000000153,56.00339,77,11
1970-01-01 00:00:00.000000153,57.062984,77,12
1970-01-01 00:00:00.000000154,57.098896,77,12
1970-01-01 00:00:00.000000154,58.08011,77,13
1970-01-01 00:00:00.000000155,58.121136,77,13
1970-01-01 00:00:00.000000155,59.27459,77,14
1970-01-01 00:00:00.000000156,59.3417,77,14
1970-01-01 00:00:00.000000156,59.855198,77,15
1970-01-01 00:00:00.000000157,59.900047,77,15
1970-01-01 00:00:00.000000157,60.46256,77,16
1970-01-01 00:00:00.000000158,60.47433,77,16
1970-01-01 00:00:00.000000158,60.99989,77,17
1970-01-01 00:00:00.000000159,61.007126,77,17
1970-01-01 00:00:00.000000159,61.47711,77,18
1970-01-01 00:00:00.000000160,61.50198,77,18
1970-01-01 00:00:00.000000160,62.501457,77,19
1970-01-01 00:00:00.000000161,62.556366,77,19
1970-01-01 00:00:00.000000161,63.423237,77,20
1970-01-01 00:00:00.000000162,63.481052,77,20
1970-01-01 00:00:00.000000162,64.34601,77,21
1970-01-01 00:00:00.000000163,64.40426,77,21
1970-01-01 00:00:00.000000163,65.51782,77,22
1970-01-01 00:00:00.000000164,65.57487,77,22
1970-01-01 00:00:00.000000164,66.35023,77,23
1970-01-01 00:00:00.000000165,66.37666,77,23
1970-01-01 00:00:00.000000098,100.0,78,10
1970-01-01 00:00:00.000000099,100.0,78,10
1970-01-01 00:00:00.000000099,97.2789,78,11
1970-01-01 00:00:00.000000100,93.99283,78,11
1970-01-01 00:00:00.000000100,94.85395,78,12
1970-01-01 00:00:00.000000101,89.773155,78,12
1970-01-01 00:00:00.000000101,91.2466,78,13
1970-01-01 00:00:00.000000102,86.27389,78,13
1970-01-01 00:00:00.000000102,94.34257,78,14
1970-01-01 00:00:00.000000103,90.543884,78,14
1970-01-01 00:00:00.000000275,61.04081,79,10
1970-01-01 00:00:00.000000276,61.016056,79,10
1970-01-01 00:00:00.000000276,60.720886,79,11
1970-01-01 00:00:00.000000277,60.699215,79,11
1970-01-01 00:00:00.000000277,61.009068,79,12
1970-01-01 00:00:00.000000278,61.019962,79,12
1970-01-01 00:00:00.000000278,61.034485,79,13
1970-01-01 00:00:00.000000279,61.053223,79,13
1970-01-01 00:00:00.000000279,60.809174,79,14
1970-01-01 00:00:00.000000280,60.80598,79,14
1970-01-01 00:00:00.000000280,61.18142,79,15
1970-01-01 00:00:00.000000281,61.191826,79,15
1970-01-01 00:00:00.000000281,60.8179,79,16
1970-01-01 00:00:00.000000282,60.80372,79,16
1970-01-01 00:00:00.000000282,60.89496,79,17
1970-01-01 00:00:00.000000283,60.882286,79,17
1970-01-01 00:00:00.000000283,61.004078,79,18
1970-01-01 00:00:00.000000284,61.006397,79,18
1970-01-01 00:00:00.000000284,60.676334,79,19
1970-01-01 00:00:00.000000285,60.660496,79,19
1970-01-01 00:00:00.000000285,60.453785,79,20
1970-01-01 00:00:00.000000286,60.4341,79,20
1970-01-01 00:00:00.000000286,59.90539,79,21
1970-01-01 00:00:00.000000287,59.88157,79,21
1970-01-01 00:00:00.000000287,59.25557,79,22
1970-01-01 00:00:00.000000288,59.224415,79,22
1970-01-01 00:00:00.000000288,58.49083,79,23
1970-01-01 00:00:00.000000289,58.461636,79,23
1970-01-01 00:00:00.000000289,58.63408,79,24
1970-01-01 00:00:00.000000290,58.65083,79,24
1970-01-01 00:00:00.000000290,57.57167,79,25
1970-01-01 00:00:00.000000291,57.5673,79,25
1970-01-01 00:00:00.000000291,57.711945,79,26
1970-01-01 00:00:00.000000292,57.731712,79,26
1970-01-01 00:00:00.000000292,56.66997,79,27
1970-01-01 00:00:00.000000293,56.656887,79,27
1970-01-01 00:00:00.000000293,56.590424,79,28
1970-01-01 00:00:00.000000294,56.583706,79,28
1970-01-01 00:00:00.000000294,55.915344,79,29
1970-01-01 00:00:00.000000295,55.90144,79,29
1970-01-01 00:00:00.000000295,55.531425,79,30
1970-01-01 00:00:00.000000296,55.524364,79,30
1970-01-01 00:00:00.000000296,54.52523,79,31
1970-01-01 00:00:00.000000297,54.50686,79,31
1970-01-01 00:00:00.000000297,54.109314,79,32
1970-01-01 00:00:00.000000298,54.11174,79,32
1970-01-01 00:00:00.000000298,53.693974,79,33
1970-01-01 00:00:00.000000299,53.703495,79,33
1970-01-01 00:00:00.000000299,53.79062,79,34
1970-01-01 00:00:00.000000300,53.83889,79,34
1970-01-01 00:00:00.000000300,55.681267,79,35
1970-01-01 00:00:00.000000301,55.803635,79,35
1970-01-01 00:00:00.000000301,58.21079,79,36
1970-01-01 00:00:00.000000302,58.39521,79,36
1970-01-01 00:00:00.000000302,63.10276,79,37
1970-01-01 00:00:00.000000303,63.35889,79,37
1970-01-01 00:00:00.000000303,61.198547,79,38
1970-01-01 00:00:00.000000304,61.096737,79,38
1970-01-01 00:00:00.000000304,58.381466,79,39
1970-01-01 00:00:00.000000305,57.979332,79,39
1970-01-01 00:00:00.000000305,58.03189,79,40
1970-01-01 00:00:00.000000306,57.730423,79,40
1970-01-01 00:00:00.000000306,58.54304,79,41
1970-01-01 00:00:00.000000307,58.47375,79,41
1970-01-01 00:00:00.000000307,59.55653,79,42
1970-01-01 00:00:00.000000308,59.651505,79,42
1970-01-01 00:00:00.000000308,59.524868,79,43
1970-01-01 00:00:00.000000309,59.622684,79,43
1970-01-01 00:00:00.000000309,58.62955,79,44
1970-01-01 00:00:00.000000310,58.60051,79,44
1970-01-01 00:00:00.000000310,57.804943,79,45
1970-01-01 00:00:00.000000311,57.717266,79,45
1970-01-01 00:00:00.000000148,55.505726,80,10
1970-01-01 00:00:00.000000149,55.524296,80,10
1970-01-01 00:00:00.000000149,54.939228,80,11
1970-01-01 00:00:00.000000150,54.955235,80,11
1970-01-01 00:00:00.000000150,54.835285,80,12
1970-01-01 00:00:00.000000151,54.846592,80,12
1970-01-01 00:00:00.000000151,53.88179,80,13
1970-01-01 00:00:00.000000152,53.837982,80,13
1970-01-01 00:00:00.000000152,53.97631,80,14
1970-01-01 00:00:00.000000153,53.943344,80,14
1970-01-01 00:00:00.000000153,52.52509,80,15
1970-01-01 00:00:00.000000154,52.48318,80,15
1970-01-01 00:00:00.000000154,51.445858,80,16
1970-01-01 00:00:00.000000155,51.401085,80,16
1970-01-01 00:00:00.000000155,52.89528,80,17
1970-01-01 00:00:00.000000156,52.96187,80,17
1970-01-01 00:00:00.000000156,53.7599,80,18
1970-01-01 00:00:00.000000157,53.86984,80,18
1970-01-01 00:00:00.000000157,96.34267,80,19
1970-01-01 00:00:00.000000158,97.269966,80,19
1970-01-01 00:00:00.000000158,100.0,80,20
1970-01-01 00:00:00.000000159,99.28701,80,20
1970-01-01 00:00:00.000000159,93.971306,80,21
1970-01-01 00:00:00.000000160,87.95976,80,21
1970-01-01 00:00:00.000000160,90.44112,80,22
1970-01-01 00:00:00.000000161,84.01135,80,22
1970-01-01 00:00:00.000000161,91.26999,80,23
1970-01-01 00:00:00.000000162,85.31591,80,23
1970-01-01 00:00:00.000000125,44.600735,81,10
1970-01-01 00:00:00.000000126,44.69055,81,10
1970-01-01 00:00:00.000000126,44.66465,81,11
1970-01-01 00:00:00.000000127,44.736885,81,11
1970-01-01 00:00:00.000000127,40.851685,81,12
1970-01-01 00:00:00.000000128,40.649925,81,12
1970-01-01 00:00:00.000000128,43.230667,81,13
1970-01-01 00:00:00.000000129,43.19112,81,13
1970-01-01 00:00:00.000000129,43.39209,81,14
1970-01-01 00:00:00.000000130,43.4338,81,14
1970-01-01 00:00:00.000000130,43.1427,81,15
1970-01-01 00:00:00.000000131,43.15735,81,15
1970-01-01 00:00:00.000000131,43.59167,81,16
1970-01-01 00:00:00.000000132,43.628845,81,16
1970-01-01 00:00:00.000000132,43.36475,81,17
1970-01-01 00:00:00.000000133,43.35638,81,17
1970-01-01 00:00:00.000000133,43.513153,81,18
1970-01-01 00:00:00.000000134,43.474422,81,18
1970-01-01 00:00:00.000000134,47.741947,81,19
1970-01-01 00:00:00.000000135,47.94261,81,19
1970-01-01 00:00:00.000000318,50.894394,83,10
1970-01-01 00:00:00.000000319,50.95225,83,10
1970-01-01 00:00:00.000000319,51.37199,83,11
1970-01-01 00:00:00.000000320,51.3973,83,11
1970-01-01 00:00:00.000000320,51.283558,83,12
1970-01-01 00:00:00.000000321,51.2627,83,12
1970-01-01 00:00:00.000000321,51.16937,83,13
1970-01-01 00:00:00.000000322,51.133373,83,13
1970-01-01 00:00:00.000000322,51.465572,83,14
1970-01-01 00:00:00.000000323,51.467686,83,14
1970-01-01 00:00:00.000000323,51.254436,83,15
1970-01-01 00:00:00.000000324,51.257027,83,15
1970-01-01 00:00:00.000000324,51.52979,83,16
1970-01-01 00:00:00.000000325,51.550823,83,16
1970-01-01 00:00:00.000000325,51.96558,83,17
1970-01-01 00:00:00.000000326,52.010075,83,17
1970-01-01 00:00:00.000000326,52.191895,83,18
1970-01-01 00:00:00.000000327,52.221428,83,18
1970-01-01 00:00:00.000000327,52.505756,83,19
1970-01-01 00:00:00.000000328,52.527935,83,19
1970-01-01 00:00:00.000000328,52.71469,83,20
1970-01-01 00:00:00.000000329,52.729355,83,20
1970-01-01 00:00:00.000000329,52.914658,83,21
1970-01-01 00:00:00.000000330,52.91636,83,21
1970-01-01 00:00:00.000000330,52.39767,83,22
1970-01-01 00:00:00.000000331,52.364803,83,22
1970-01-01 00:00:00.000000331,51.875854,83,23
1970-01-01 00:00:00.000000332,51.825195,83,23
1970-01-01 00:00:00.000000332,52.409924,83,24
1970-01-01 00:00:00.000000333,52.427647,83,24
1970-01-01 00:00:00.000000333,52.29834,83,25
1970-01-01 00:00:00.000000334,52.324463,83,25
1970-01-01 00:00:00.000000334,51.70925,83,26
1970-01-01 00:00:00.000000335,51.70113,83,26
1970-01-01 00:00:00.000000335,51.021626,83,27
1970-01-01 00:00:00.000000336,50.99951,83,27
1970-01-01 00:00:00.000000336,51.14587,83,28
1970-01-01 00:00:00.000000337,51.1548,83,28
1970-01-01 00:00:00.000000337,51.56852,83,29
1970-01-01 00:00:00.000000338,51.610058,83,29
1970-01-01 00:00:00.000000338,51.2559,83,30
1970-01-01 00:00:00.000000339,51.284657,83,30
1970-01-01 00:00:00.000000339,51.230354,83,31
1970-01-01 00:00:00.000000340,51.243862,83,31
1970-01-01 00:00:00.000000340,51.53729,83,32
1970-01-01 00:00:00.000000341,51.55409,83,32
1970-01-01 00:00:00.000000341,51.364185,83,33
1970-01-01 00:00:00.000000342,51.36138,83,33
1970-01-01 00:00:00.000000342,51.740524,83,34
1970-01-01 00:00:00.000000343,51.75646,83,34
1970-01-01 00:00:00.000000343,51.82577,83,35
1970-01-01 00:00:00.000000344,51.84082,83,35
1970-01-01 00:00:00.000000344,51.935963,83,36
1970-01-01 00:00:00.000000345,51.939655,83,36
1970-01-01 00:00:00.000000345,51.766285,83,37
1970-01-01 00:00:00.000000346,51.75233,83,37
1970-01-01 00:00:00.000000346,52.34406,83,38
1970-01-01 00:00:00.000000347,52.36229,83,38
1970-01-01 00:00:00.000000347,51.86235,83,39
1970-01-01 00:00:00.000000348,51.848507,83,39
1970-01-01 00:00:00.000000348,52.34222,83,40
1970-01-01 00:00:00.000000349,52.35529,83,40
1970-01-01 00:00:00.000000349,52.48218,83,41
1970-01-01 00:00:00.000000350,52.50228,83,41
1970-01-01 00:00:00.000000350,52.945183,83,42
1970-01-01 00:00:00.000000351,52.97406,83,42
1970-01-01 00:00:00.000000351,52.851646,83,43
1970-01-01 00:00:00.000000352,52.85783,83,43
1970-01-01 00:00:00.000000352,53.455196,83,44
1970-01-01 00:00:00.000000353,53.47777,83,44
1970-01-01 00:00:00.000000353,53.368927,83,45
1970-01-01 00:00:00.000000354,53.37172,83,45
1970-01-01 00:00:00.000000354,53.733276,83,46
1970-01-01 00:00:00.000000355,53.745422,83,46
1970-01-01 00:00:00.000000355,53.482883,83,47
1970-01-01 00:00:00.000000356,53.474205,83,47
1970-01-01 00:00:00.000000356,53.653133,83,48
1970-01-01 00:00:00.000000357,53.65486,83,48
1970-01-01 00:00:00.000000357,53.39324,83,49
1970-01-01 00:00:00.000000358,53.384853,83,49
1970-01-01 00:00:00.000000358,53.30777,83,50
1970-01-01 00:00:00.000000359,53.3012,83,50
1970-01-01 00:00:00.000000359,52.36613,83,51
1970-01-01 00:00:00.000000360,52.328953,83,51
1970-01-01 00:00:00.000000360,52.683525,83,52
1970-01-01 00:00:00.000000361,52.69517,83,52
1970-01-01 00:00:00.000000361,52.942852,83,53
1970-01-01 00:00:00.000000362,52.986713,83,53
1970-01-01 00:00:00.000000110,74.46752,84,10
1970-01-01 00:00:00.000000111,74.4704,84,10
1970-01-01 00:00:00.000000111,74.65319,84,11
1970-01-01 00:00:00.000000112,74.65335,84,11
1970-01-01 00:00:00.000000112,74.69102,84,12
1970-01-01 00:00:00.000000113,74.68813,84,12
1970-01-01 00:00:00.000000113,74.53757,84,13
1970-01-01 00:00:00.000000114,74.5228,84,13
1970-01-01 00:00:00.000000114,74.92872,84,14
1970-01-01 00:00:00.000000115,74.93429,84,14
1970-01-01 00:00:00.000000115,75.10092,84,15
1970-01-01 00:00:00.000000116,75.116394,84,15
1970-01-01 00:00:00.000000116,75.03349,84,16
1970-01-01 00:00:00.000000117,75.032455,84,16
1970-01-01 00:00:00.000000118,70.48445,85,10
1970-01-01 00:00:00.000000119,70.48208,85,10
1970-01-01 00:00:00.000000119,70.26084,85,11
1970-01-01 00:00:00.000000120,70.24579,85,11
1970-01-01 00:00:00.000000120,70.134026,85,12
1970-01-01 00:00:00.000000121,70.1293,85,12
1970-01-01 00:00:00.000000121,70.388794,85,13
1970-01-01 00:00:00.000000122,70.40334,85,13
1970-01-01 00:00:00.000000122,70.69097,85,14
1970-01-01 00:00:00.000000123,70.72076,85,14
1970-01-01 00:00:00.000000123,71.17754,85,15
1970-01-01 00:00:00.000000124,71.220856,85,15
1970-01-01 00:00:00.000000124,71.53527,85,16
1970-01-01 00:00:00.000000125,71.55997,85,16
1970-01-01 00:00:00.000000125,71.61189,85,17
1970-01-01 00:00:00.000000126,71.60624,85,17
1970-01-01 00:00:00.000000215,55.009197,86,10
1970-01-01 00:00:00.000000216,55.114315,86,10
1970-01-01 00:00:00.000000216,55.354183,86,11
1970-01-01 00:00:00.000000217,55.398815,86,11
1970-01-01 00:00:00.000000217,52.12206,86,12
1970-01-01 00:00:00.000000218,51.94481,86,12
1970-01-01 00:00:00.000000218,51.743862,86,13
1970-01-01 00:00:00.000000219,51.5889,86,13
1970-01-01 00:00:00.000000219,51.331543,86,14
1970-01-01 00:00:00.000000220,51.282047,86,14
1970-01-01 00:00:00.000000220,50.760086,86,15
1970-01-01 00:00:00.000000221,50.777256,86,15
1970-01-01 00:00:00.000000221,50.59817,86,16
1970-01-01 00:00:00.000000222,50.660683,86,16
1970-01-01 00:00:00.000000222,48.20697,86,17
1970-01-01 00:00:00.000000223,48.17075,86,17
1970-01-01 00:00:00.000000223,50.603924,86,18
1970-01-01 00:00:00.000000224,50.674423,86,18
1970-01-01 00:00:00.000000224,51.00496,86,19
1970-01-01 00:00:00.000000225,51.107674,86,19
1970-01-01 00:00:00.000000225,51.95855,86,20
1970-01-01 00:00:00.000000226,52.039597,86,20
1970-01-01 00:00:00.000000226,51.899677,86,21
1970-01-01 00:00:00.000000227,51.908604,86,21
1970-01-01 00:00:00.000000227,50.847782,86,22
1970-01-01 00:00:00.000000228,50.738865,86,22
1970-01-01 00:00:00.000000228,48.0504,86,23
1970-01-01 00:00:00.000000229,47.81577,86,23
1970-01-01 00:00:00.000000229,47.612423,86,24
1970-01-01 00:00:00.000000230,47.493927,86,24
1970-01-01 00:00:00.000000230,48.16401,86,25
1970-01-01 00:00:00.000000231,48.203934,86,25
1970-01-01 00:00:00.000000231,51.306686,86,26
1970-01-01 00:00:00.000000232,51.561752,86,26
1970-01-01 00:00:00.000000232,48.64016,86,27
1970-01-01 00:00:00.000000233,48.674934,86,27
1970-01-01 00:00:00.000000233,42.39868,86,28
1970-01-01 00:00:00.000000234,42.04446,86,28
1970-01-01 00:00:00.000000234,45.869194,86,29
1970-01-01 00:00:00.000000235,45.795155,86,29
1970-01-01 00:00:00.000000235,47.645164,86,30
1970-01-01 00:00:00.000000236,47.809593,86,30
1970-01-01 00:00:00.000000236,47.999306,86,31
1970-01-01 00:00:00.000000237,48.152843,86,31
1970-01-01 00:00:00.000000237,49.740604,86,32
1970-01-01 00:00:00.000000238,49.90283,86,32
1970-01-01 00:00:00.000000238,48.57936,86,33
1970-01-01 00:00:00.000000239,48.519485,86,33
1970-01-01 00:00:00.000000239,47.191612,86,34
1970-01-01 00:00:00.000000240,46.9447,86,34
1970-01-01 00:00:00.000000385,82.2527,87,10
1970-01-01 00:00:00.000000386,82.250084,87,10
1970-01-01 00:00:00.000000386,82.10599,87,11
1970-01-01 00:00:00.000000387,82.07474,87,11
1970-01-01 00:00:00.000000387,82.25772,87,12
1970-01-01 00:00:00.000000388,82.23439,87,12
1970-01-01 00:00:00.000000388,81.87398,87,13
1970-01-01 00:00:00.000000389,81.83329,87,13
1970-01-01 00:00:00.000000389,81.58464,87,14
1970-01-01 00:00:00.000000390,81.54226,87,14
1970-01-01 00:00:00.000000390,81.52354,87,15
1970-01-01 00:00:00.000000391,81.50542,87,15
1970-01-01 00:00:00.000000391,81.229454,87,16
1970-01-01 00:00:00.000000392,81.214905,87,16
1970-01-01 00:00:00.000000392,81.620865,87,17
1970-01-01 00:00:00.000000393,81.63415,87,17
1970-01-01 00:00:00.000000393,82.24537,87,18
1970-01-01 00:00:00.000000394,82.2885,87,18
1970-01-01 00:00:00.000000394,82.12951,87,19
1970-01-01 00:00:00.000000395,82.133575,87,19
1970-01-01 00:00:00.000000395,81.50062,87,20
1970-01-01 00:00:00.000000396,81.446144,87,20
1970-01-01 00:00:00.000000396,81.44335,87,21
1970-01-01 00:00:00.000000397,81.394905,87,21
1970-01-01 00:00:00.000000397,80.79118,87,22
1970-01-01 00:00:00.000000398,80.74624,87,22
1970-01-01 00:00:00.000000398,80.8414,87,23
1970-01-01 00:00:00.000000399,80.833725,87,23
1970-01-01 00:00:00.000000399,80.971825,87,24
1970-01-01 00:00:00.000000400,80.99206,87,24
1970-01-01 00:00:00.000000400,81.121,87,25
1970-01-01 00:00:00.000000401,81.140594,87,25
1970-01-01 00:00:00.000000401,81.55541,87,26
1970-01-01 00:00:00.000000402,81.60133,87,26
1970-01-01 00:00:00.000000402,83.36887,87,27
1970-01-01 00:00:00.000000403,83.46634,87,27
1970-01-01 00:00:00.000000403,82.95686,87,28
1970-01-01 00:00:00.000000404,82.943436,87,28
1970-01-01 00:00:00.000000404,81.78105,87,29
1970-01-01 00:00:00.000000405,81.6559,87,29
1970-01-01 00:00:00.000000405,82.15308,87,30
1970-01-01 00:00:00.000000406,82.08386,87,30
1970-01-01 00:00:00.000000406,83.00367,87,31
1970-01-01 00:00:00.000000407,83.02209,87,31
1970-01-01 00:00:00.000000407,83.37077,87,32
1970-01-01 00:00:00.000000408,83.41175,87,32
1970-01-01 00:00:00.000000408,83.1704,87,33
1970-01-01 00:00:00.000000409,83.1688,87,33
1970-01-01 00:00:00.000000409,83.58719,87,34
1970-01-01 00:00:00.000000410,83.556595,87,34
1970-01-01 00:00:00.000000410,83.900276,87,35
1970-01-01 00:00:00.000000411,83.857666,87,35
1970-01-01 00:00:00.000000411,82.9869,87,36
1970-01-01 00:00:00.000000412,82.908005,87,36
1970-01-01 00:00:00.000000412,81.39213,87,37
1970-01-01 00:00:00.000000413,81.254105,87,37
1970-01-01 00:00:00.000000413,79.89223,87,38
1970-01-01 00:00:00.000000414,79.75272,87,38
1970-01-01 00:00:00.000000414,79.5164,87,39
1970-01-01 00:00:00.000000415,79.47671,87,39
1970-01-01 00:00:00.000000415,80.78711,87,40
1970-01-01 00:00:00.000000416,80.88908,87,40
1970-01-01 00:00:00.000000416,82.10433,87,41
1970-01-01 00:00:00.000000417,82.24071,87,41
1970-01-01 00:00:00.000000417,83.34813,87,42
1970-01-01 00:00:00.000000418,83.45421,87,42
1970-01-01 00:00:00.000000418,83.59644,87,43
1970-01-01 00:00:00.000000419,83.57912,87,43
1970-01-01 00:00:00.000000419,83.80789,87,44
1970-01-01 00:00:00.000000420,83.70914,87,44
1970-01-01 00:00:00.000000420,84.026886,87,45
1970-01-01 00:00:00.000000421,83.91772,87,45
1970-01-01 00:00:00.000000421,84.25793,87,46
1970-01-01 00:00:00.000000422,84.17231,87,46
1970-01-01 00:00:00.000000422,84.55985,87,47
1970-01-01 00:00:00.000000423,84.5014,87,47
1970-01-01 00:00:00.000000423,84.81544,87,48
1970-01-01 00:00:00.000000424,84.76256,87,48
1970-01-01 00:00:00.000000424,84.13303,87,49
1970-01-01 00:00:00.000000425,84.02228,87,49
1970-01-01 00:00:00.000000425,82.91096,87,50
1970-01-01 00:00:00.000000426,82.733734,87,50
1970-01-01 00:00:00.000000426,82.65457,87,51
1970-01-01 00:00:00.000000427,82.56523,87,51
1970-01-01 00:00:00.000000427,78.81282,87,52
1970-01-01 00:00:00.000000428,78.66341,87,52
1970-01-01 00:00:00.000000428,79.77173,87,53
1970-01-01 00:00:00.000000429,79.80287,87,53
1970-01-01 00:00:00.000000429,80.23477,87,54
1970-01-01 00:00:00.000000430,80.37758,87,54
1970-01-01 00:00:00.000000430,83.037636,87,55
1970-01-01 00:00:00.000000431,83.22792,87,55
1970-01-01 00:00:00.000000431,83.96184,87,56
1970-01-01 00:00:00.000000432,84.024704,87,56
1970-01-01 00:00:00.000000432,84.24683,87,57
1970-01-01 00:00:00.000000433,84.135666,87,57
1970-01-01 00:00:00.000000433,82.8213,87,58
1970-01-01 00:00:00.000000434,82.573395,87,58
1970-01-01 00:00:00.000000434,81.1738,87,59
1970-01-01 00:00:00.000000435,80.88373,87,59
1970-01-01 00:00:00.000000435,79.821815,87,60
1970-01-01 00:00:00.000000436,79.73788,87,60
1970-01-01 00:00:00.000000436,85.31788,87,61
1970-01-01 00:00:00.000000437,85.79539,87,61
1970-01-01 00:00:00.000000437,88.29282,87,62
1970-01-01 00:00:00.000000438,88.81247,87,62
1970-01-01 00:00:00.000000438,88.2209,87,63
1970-01-01 00:00:00.000000439,88.210526,87,63
1970-01-01 00:00:00.000000439,86.490295,87,64
1970-01-01 00:00:00.000000440,86.12291,87,64
1970-01-01 00:00:00.000000440,84.76268,87,65
1970-01-01 00:00:00.000000441,84.42633,87,65
1970-01-01 00:00:00.000000355,72.67756,88,10
1970-01-01 00:00:00.000000356,72.69742,88,10
1970-01-01 00:00:00.000000356,73.204895,88,11
1970-01-01 00:00:00.000000357,73.24739,88,11
1970-01-01 00:00:00.000000357,73.28065,88,12
1970-01-01 00:00:00.000000358,73.31045,88,12
1970-01-01 00:00:00.000000358,73.51747,88,13
1970-01-01 00:00:00.000000359,73.538475,88,13
1970-01-01 00:00:00.000000359,73.44833,88,14
1970-01-01 00:00:00.000000360,73.447365,88,14
1970-01-01 00:00:00.000000360,73.58355,88,15
1970-01-01 00:00:00.000000361,73.5835,88,15
1970-01-01 00:00:00.000000361,73.42448,88,16
1970-01-01 00:00:00.000000362,73.41295,88,16
1970-01-01 00:00:00.000000362,73.155716,88,17
1970-01-01 00:00:00.000000363,73.13555,88,17
1970-01-01 00:00:00.000000363,72.85568,88,18
1970-01-01 00:00:00.000000364,72.83452,88,18
1970-01-01 00:00:00.000000364,72.8725,88,19
1970-01-01 00:00:00.000000365,72.8766,88,19
1970-01-01 00:00:00.000000365,72.82629,88,20
1970-01-01 00:00:00.000000366,72.84555,88,20
1970-01-01 00:00:00.000000366,72.73073,88,21
1970-01-01 00:00:00.000000367,72.74975,88,21
1970-01-01 00:00:00.000000367,73.225044,88,22
1970-01-01 00:00:00.000000368,73.26237,88,22
1970-01-01 00:00:00.000000368,73.14064,88,23
1970-01-01 00:00:00.000000369,73.15714,88,23
1970-01-01 00:00:00.000000369,73.3113,88,24
1970-01-01 00:00:00.000000370,73.320175,88,24
1970-01-01 00:00:00.000000370,73.319695,88,25
1970-01-01 00:00:00.000000371,73.3209,88,25
1970-01-01 00:00:00.000000371,73.4802,88,26
1970-01-01 00:00:00.000000372,73.48254,88,26
1970-01-01 00:00:00.000000372,73.688995,88,27
1970-01-01 00:00:00.000000373,73.69958,88,27
1970-01-01 00:00:00.000000373,73.75103,88,28
1970-01-01 00:00:00.000000374,73.75933,88,28
1970-01-01 00:00:00.000000374,73.86794,88,29
1970-01-01 00:00:00.000000375,73.87262,88,29
1970-01-01 00:00:00.000000375,73.67039,88,30
1970-01-01 00:00:00.000000376,73.65933,88,30
1970-01-01 00:00:00.000000376,73.5274,88,31
1970-01-01 00:00:00.000000377,73.5081,88,31
1970-01-01 00:00:00.000000377,73.406235,88,32
1970-01-01 00:00:00.000000378,73.39336,88,32
1970-01-01 00:00:00.000000378,73.401855,88,33
1970-01-01 00:00:00.000000379,73.4042,88,33
1970-01-01 00:00:00.000000379,73.26331,88,34
1970-01-01 00:00:00.000000380,73.269264,88,34
1970-01-01 00:00:00.000000380,73.50275,88,35
1970-01-01 00:00:00.000000381,73.52564,88,35
1970-01-01 00:00:00.000000381,73.433304,88,36
1970-01-01 00:00:00.000000382,73.44808,88,36
1970-01-01 00:00:00.000000382,73.706055,88,37
1970-01-01 00:00:00.000000383,73.72564,88,37
1970-01-01 00:00:00.000000383,74.078026,88,38
1970-01-01 00:00:00.000000384,74.10851,88,38
1970-01-01 00:00:00.000000384,74.19362,88,39
1970-01-01 00:00:00.000000385,74.20997,88,39
1970-01-01 00:00:00.000000385,74.27178,88,40
1970-01-01 00:00:00.000000386,74.274704,88,40
1970-01-01 00:00:00.000000386,74.82336,88,41
1970-01-01 00:00:00.000000387,74.84848,88,41
1970-01-01 00:00:00.000000387,75.14819,88,42
1970-01-01 00:00:00.000000388,75.1771,88,42
1970-01-01 00:00:00.000000388,75.526955,88,43
1970-01-01 00:00:00.000000389,75.55573,88,43
1970-01-01 00:00:00.000000389,75.196106,88,44
1970-01-01 00:00:00.000000390,75.18687,88,44
1970-01-01 00:00:00.000000390,75.55813,88,45
1970-01-01 00:00:00.000000391,75.56055,88,45
1970-01-01 00:00:00.000000391,75.850624,88,46
1970-01-01 00:00:00.000000392,75.86642,88,46
1970-01-01 00:00:00.000000392,75.46715,88,47
1970-01-01 00:00:00.000000393,75.45644,88,47
1970-01-01 00:00:00.000000393,75.30181,88,48
1970-01-01 00:00:00.000000394,75.28623,88,48
1970-01-01 00:00:00.000000394,75.38025,88,49
1970-01-01 00:00:00.000000395,75.38419,88,49
1970-01-01 00:00:00.000000395,75.35397,88,50
1970-01-01 00:00:00.000000396,75.3617,88,50
1970-01-01 00:00:00.000000396,75.36466,88,51
1970-01-01 00:00:00.000000397,75.379425,88,51
1970-01-01 00:00:00.000000397,75.19592,88,52
1970-01-01 00:00:00.000000398,75.203026,88,52
1970-01-01 00:00:00.000000398,75.417366,88,53
1970-01-01 00:00:00.000000399,75.43055,88,53
1970-01-01 00:00:00.000000399,75.30324,88,54
1970-01-01 00:00:00.000000400,75.30783,88,54
1970-01-01 00:00:00.000000400,75.311584,88,55
1970-01-01 00:00:00.000000401,75.31318,88,55
1970-01-01 00:00:00.000000401,75.73957,88,56
1970-01-01 00:00:00.000000402,75.76502,88,56
1970-01-01 00:00:00.000000402,75.39169,88,57
1970-01-01 00:00:00.000000403,75.38556,88,57
1970-01-01 00:00:00.000000403,74.608505,88,58
1970-01-01 00:00:00.000000404,74.55808,88,58
1970-01-01 00:00:00.000000404,74.39524,88,59
1970-01-01 00:00:00.000000405,74.36592,88,59
1970-01-01 00:00:00.000000093,96.29927,89,10
1970-01-01 00:00:00.000000094,93.690506,89,10
1970-01-01 00:00:00.000000094,96.75003,89,11
1970-01-01 00:00:00.000000095,92.589966,89,11
1970-01-01 00:00:00.000000095,92.708336,89,12
1970-01-01 00:00:00.000000096,89.02649,89,12
1970-01-01 00:00:00.000000096,96.799385,89,13
1970-01-01 00:00:00.000000097,94.265686,89,13
1970-01-01 00:00:00.000000101,66.051125,92,10
1970-01-01 00:00:00.000000102,66.06745,92,10
1970-01-01 00:00:00.000000102,66.62732,92,11
1970-01-01 00:00:00.000000103,66.65767,92,11
1970-01-01 00:00:00.000000103,66.82957,92,12
1970-01-01 00:00:00.000000104,66.836586,92,12
1970-01-01 00:00:00.000000104,67.25164,92,13
1970-01-01 00:00:00.000000105,67.26294,92,13
1970-01-01 00:00:00.000000105,67.33392,92,14
1970-01-01 00:00:00.000000106,67.329254,92,14
1970-01-01 00:00:00.000000166,45.788216,93,10
1970-01-01 00:00:00.000000167,45.684174,93,10
1970-01-01 00:00:00.000000167,45.06376,93,11
1970-01-01 00:00:00.000000168,45.001232,93,11
1970-01-01 00:00:00.000000168,43.34675,93,12
1970-01-01 00:00:00.000000169,43.251938,93,12
1970-01-01 00:00:00.000000169,43.237762,93,13
1970-01-01 00:00:00.000000170,43.181812,93,13
1970-01-01 00:00:00.000000170,43.996075,93,14
1970-01-01 00:00:00.000000171,44.045536,93,14
1970-01-01 00:00:00.000000171,44.678604,93,15
1970-01-01 00:00:00.000000172,44.7248,93,15
1970-01-01 00:00:00.000000172,47.317432,93,16
1970-01-01 00:00:00.000000173,47.43134,93,16
1970-01-01 00:00:00.000000173,49.819614,93,17
1970-01-01 00:00:00.000000174,49.956238,93,17
1970-01-01 00:00:00.000000174,52.15875,93,18
1970-01-01 00:00:00.000000175,52.243496,93,18
1970-01-01 00:00:00.000000175,50.664288,93,19
1970-01-01 00:00:00.000000176,50.543495,93,19
1970-01-01 00:00:00.000000176,50.092304,93,20
1970-01-01 00:00:00.000000177,49.897587,93,20
1970-01-01 00:00:00.000000177,66.72361,93,21
1970-01-01 00:00:00.000000178,67.13363,93,21
1970-01-01 00:00:00.000000178,100.0,93,22
1970-01-01 00:00:00.000000179,100.0,93,22
1970-01-01 00:00:00.000000179,93.14841,93,23
1970-01-01 00:00:00.000000180,88.02123,93,23
1970-01-01 00:00:00.000000180,92.273415,93,24
1970-01-01 00:00:00.000000181,85.22721,93,24
1970-01-01 00:00:00.000000181,89.62056,93,25
1970-01-01 00:00:00.000000182,83.98827,93,25
1970-01-01 00:00:00.000000182,94.46134,93,26
1970-01-01 00:00:00.000000183,90.70527,93,26
1970-01-01 00:00:00.000000114,75.54299,95,10
1970-01-01 00:00:00.000000115,75.52783,95,10
1970-01-01 00:00:00.000000115,75.532646,95,11
1970-01-01 00:00:00.000000116,75.53035,95,11
1970-01-01 00:00:00.000000116,75.76187,95,12
1970-01-01 00:00:00.000000117,75.778145,95,12
1970-01-01 00:00:00.000000117,76.26814,95,13
1970-01-01 00:00:00.000000118,76.291374,95,13
1970-01-01 00:00:00.000000118,76.6104,95,14
1970-01-01 00:00:00.000000119,76.63869,95,14
1970-01-01 00:00:00.000000119,76.90175,95,15
1970-01-01 00:00:00.000000120,76.91132,95,15
1970-01-01 00:00:00.000000120,76.59676,95,16
1970-01-01 00:00:00.000000121,76.564896,95,16
1970-01-01 00:00:00.000000121,76.88339,95,17
1970-01-01 00:00:00.000000122,76.86603,95,17
1970-01-01 00:00:00.000000183,61.74677,96,10
1970-01-01 00:00:00.000000184,61.764973,96,10
1970-01-01 00:00:00.000000184,62.450428,96,11
1970-01-01 00:00:00.000000185,62.480694,96,11
1970-01-01 00:00:00.000000185,63.05465,96,12
1970-01-01 00:00:00.000000186,63.076603,96,12
1970-01-01 00:00:00.000000186,63.63706,96,13
1970-01-01 00:00:00.000000187,63.6372,96,13
1970-01-01 00:00:00.000000187,64.067825,96,14
1970-01-01 00:00:00.000000188,64.06898,96,14
1970-01-01 00:00:00.000000188,64.94041,96,15
1970-01-01 00:00:00.000000189,64.96933,96,15
1970-01-01 00:00:00.000000189,65.03514,96,16
1970-01-01 00:00:00.000000190,65.03528,96,16
1970-01-01 00:00:00.000000190,65.57712,96,17
1970-01-01 00:00:00.000000191,65.579956,96,17
1970-01-01 00:00:00.000000191,65.27457,96,18
1970-01-01 00:00:00.000000192,65.24952,96,18
1970-01-01 00:00:00.000000192,65.08444,96,19
1970-01-01 00:00:00.000000193,65.05137,96,19
1970-01-01 00:00:00.000000193,65.402,96,20
1970-01-01 00:00:00.000000194,65.40447,96,20
1970-01-01 00:00:00.000000194,65.650444,96,21
1970-01-01 00:00:00.000000195,65.68251,96,21
1970-01-01 00:00:00.000000195,65.62759,96,22
1970-01-01 00:00:00.000000196,65.65021,96,22
1970-01-01 00:00:00.000000196,65.4603,96,23
1970-01-01 00:00:00.000000197,65.466354,96,23
1970-01-01 00:00:00.000000197,65.43798,96,24
1970-01-01 00:00:00.000000198,65.43787,96,24
1970-01-01 00:00:00.000000198,65.61118,96,25
1970-01-01 00:00:00.000000199,65.62628,96,25
1970-01-01 00:00:00.000000199,65.56626,96,26
1970-01-01 00:00:00.000000200,65.576515,96,26
1970-01-01 00:00:00.000000200,65.643,96,27
1970-01-01 00:00:00.000000201,65.65136,96,27
1970-01-01 00:00:00.000000201,65.19425,96,28
1970-01-01 00:00:00.000000202,65.171646,96,28
1970-01-01 00:00:00.000000202,64.47689,96,29
1970-01-01 00:00:00.000000203,64.42947,96,29
1970-01-01 00:00:00.000000079,95.47145,98,10
1970-01-01 00:00:00.000000080,92.59731,98,10
1970-01-01 00:00:00.000000080,96.48503,98,11
1970-01-01 00:00:00.000000081,93.88193,98,11
1970-01-01 00:00:00.000000096,100.0,99,10
1970-01-01 00:00:00.000000097,100.0,99,10
1970-01-01 00:00:00.000000097,96.72399,99,11
1970-01-01 00:00:00.000000098,94.21854,99,11
1970-01-01 00:00:00.000000098,97.22437,99,12
1970-01-01 00:00:00.000000099,93.92138,99,12
1970-01-01 00:00:00.000000099,94.5177,99,13
1970-01-01 00:00:00.000000100,91.26803,99,13
1970-01-01 00:00:00.000000100,97.19017,99,14
1970-01-01 00:00:00.000000101,94.71519,99,14
1970-01-01 00:00:00.000000340,57.180332,100,10
1970-01-01 00:00:00.000000341,57.18766,100,10
1970-01-01 00:00:00.000000341,57.025116,100,11
1970-01-01 00:00:00.000000342,57.005005,100,11
1970-01-01 00:00:00.000000342,56.92248,100,12
1970-01-01 00:00:00.000000343,56.88816,100,12
1970-01-01 00:00:00.000000343,57.23224,100,13
1970-01-01 00:00:00.000000344,57.22634,100,13
1970-01-01 00:00:00.000000344,56.997726,100,14
1970-01-01 00:00:00.000000345,56.984962,100,14
1970-01-01 00:00:00.000000345,57.48815,100,15
1970-01-01 00:00:00.000000346,57.50496,100,15
1970-01-01 00:00:00.000000346,57.680313,100,16
1970-01-01 00:00:00.000000347,57.70058,100,16
1970-01-01 00:00:00.000000347,57.86734,100,17
1970-01-01 00:00:00.000000348,57.875492,100,17
1970-01-01 00:00:00.000000348,58.023773,100,18
1970-01-01 00:00:00.000000349,58.02797,100,18
1970-01-01 00:00:00.000000349,57.89161,100,19
1970-01-01 00:00:00.000000350,57.885468,100,19
1970-01-01 00:00:00.000000350,58.914787,100,20
1970-01-01 00:00:00.000000351,58.956615,100,20
1970-01-01 00:00:00.000000351,59.313572,100,21
1970-01-01 00:00:00.000000352,59.357285,100,21
1970-01-01 00:00:00.000000352,59.90336,100,22
1970-01-01 00:00:00.000000353,59.93124,100,22
1970-01-01 00:00:00.000000353,60.175453,100,23
1970-01-01 00:00:00.000000354,60.18143,100,23
1970-01-01 00:00:00.000000354,60.519817,100,24
1970-01-01 00:00:00.000000355,60.515053,100,24
1970-01-01 00:00:00.000000355,60.772488,100,25
1970-01-01 00:00:00.000000356,60.758373,100,25
1970-01-01 00:00:00.000000356,60.92893,100,26
1970-01-01 00:00:00.000000357,60.913643,100,26
1970-01-01 00:00:00.000000357,61.3452,100,27
1970-01-01 00:00:00.000000358,61.333744,100,27
1970-01-01 00:00:00.000000358,61.36751,100,28
1970-01-01 00:00:00.000000359,61.351944,100,28
1970-01-01 00:00:00.000000359,61.552143,100,29
1970-01-01 00:00:00.000000360,61.548115,100,29
1970-01-01 00:00:00.000000360,62.072453,100,30
1970-01-01 00:00:00.000000361,62.101482,100,30
1970-01-01 00:00:00.000000361,62.43754,100,31
1970-01-01 00:00:00.000000362,62.46968,100,31
1970-01-01 00:00:00.000000362,62.924446,100,32
1970-01-01 00:00:00.000000363,62.95643,100,32
1970-01-01 00:00:00.000000363,63.528816,100,33
1970-01-01 00:00:00.000000364,63.559517,100,33
1970-01-01 00:00:00.000000364,64.241646,100,34
1970-01-01 00:00:00.000000365,64.26845,100,34
1970-01-01 00:00:00.000000365,64.63083,100,35
1970-01-01 00:00:00.000000366,64.64071,100,35
1970-01-01 00:00:00.000000366,64.95187,100,36
1970-01-01 00:00:00.000000367,64.95229,100,36
1970-01-01 00:00:00.000000367,65.59332,100,37
1970-01-01 00:00:00.000000368,65.60659,100,37
1970-01-01 00:00:00.000000368,65.38362,100,38
1970-01-01 00:00:00.000000369,65.36299,100,38
1970-01-01 00:00:00.000000369,65.82777,100,39
1970-01-01 00:00:00.000000370,65.81971,100,39
1970-01-01 00:00:00.000000370,65.82475,100,40
1970-01-01 00:00:00.000000371,65.8152,100,40
1970-01-01 00:00:00.000000371,66.4191,100,41
1970-01-01 00:00:00.000000372,66.421486,100,41
1970-01-01 00:00:00.000000372,66.59921,100,42
1970-01-01 00:00:00.000000373,66.611305,100,42
1970-01-01 00:00:00.000000373,66.499306,100,43
1970-01-01 00:00:00.000000374,66.49552,100,43
1970-01-01 00:00:00.000000374,67.01706,100,44
1970-01-01 00:00:00.000000375,67.025246,100,44
1970-01-01 00:00:00.000000375,67.3226,100,45
1970-01-01 00:00:00.000000376,67.337944,100,45
1970-01-01 00:00:00.000000376,67.26848,100,46
1970-01-01 00:00:00.000000377,67.263435,100,46
1970-01-01 00:00:00.000000377,66.88023,100,47
1970-01-01 00:00:00.000000378,66.846146,100,47
1970-01-01 00:00:00.000000378,66.72753,100,48
1970-01-01 00:00:00.000000379,66.68883,100,48
1970-01-01 00:00:00.000000379,66.16284,100,49
1970-01-01 00:00:00.000000380,66.115486,100,49
1970-01-01 00:00:00.000000380,65.28711,100,50
1970-01-01 00:00:00.000000381,65.246574,100,50
1970-01-01 00:00:00.000000381,65.465195,100,51
1970-01-01 00:00:00.000000382,65.48628,100,51
1970-01-01 00:00:00.000000382,66.863884,100,52
1970-01-01 00:00:00.000000383,66.95831,100,52
1970-01-01 00:00:00.000000383,100.0,100,53
1970-01-01 00:00:00.000000384,100.0,100,53
1970-01-01 00:00:00.000000384,94.94353,100,54
1970-01-01 00:00:00.000000385,90.96844,100,54
1970-01-01 00:00:00.000000385,95.879555,100,55
1970-01-01 00:00:00.000000386,90.76387,100,55
1970-01-01 00:00:00.000000386,91.66677,100,56
1970-01-01 00:00:00.000000387,86.97102,100,56
1970-01-01 00:00:00.000000387,95.24058,100,57
1970-01-01 00:00:00.000000388,91.16586,100,57
1970-01-01 00:00:00.000000142,46.636635,101,10
1970-01-01 00:00:00.000000143,46.658714,101,10
1970-01-01 00:00:00.000000143,47.74622,101,11
1970-01-01 00:00:00.000000144,47.740627,101,11
1970-01-01 00:00:00.000000144,49.900166,101,12
1970-01-01 00:00:00.000000145,49.929295,101,12
1970-01-01 00:00:00.000000145,52.117287,101,13
1970-01-01 00:00:00.000000146,52.139713,101,13
1970-01-01 00:00:00.000000146,53.267494,101,14
1970-01-01 00:00:00.000000147,53.190895,101,14
1970-01-01 00:00:00.000000147,54.289593,101,15
1970-01-01 00:00:00.000000148,54.155663,101,15
1970-01-01 00:00:00.000000148,55.857708,101,16
1970-01-01 00:00:00.000000149,55.7488,101,16
1970-01-01 00:00:00.000000149,56.97937,101,17
1970-01-01 00:00:00.000000150,56.883965,101,17
1970-01-01 00:00:00.000000150,58.187923,101,18
1970-01-01 00:00:00.000000151,58.086643,101,18
1970-01-01 00:00:00.000000151,59.586918,101,19
1970-01-01 00:00:00.000000152,59.484318,101,19
1970-01-01 00:00:00.000000152,60.091263,101,20
1970-01-01 00:00:00.000000153,59.951797,101,20
1970-01-01 00:00:00.000000153,60.46227,101,21
1970-01-01 00:00:00.000000154,60.302143,101,21
1970-01-01 00:00:00.000000154,60.851456,101,22
1970-01-01 00:00:00.000000155,60.707874,101,22
1970-01-01 00:00:00.000000187,69.837524,103,10
1970-01-01 00:00:00.000000188,69.87654,103,10
1970-01-01 00:00:00.000000188,70.46363,103,11
1970-01-01 00:00:00.000000189,70.49582,103,11
1970-01-01 00:00:00.000000189,70.63737,103,12
1970-01-01 00:00:00.000000190,70.64111,103,12
1970-01-01 00:00:00.000000190,71.03537,103,13
1970-01-01 00:00:00.000000191,71.03735,103,13
1970-01-01 00:00:00.000000191,71.75899,103,14
1970-01-01 00:00:00.000000192,71.789505,103,14
1970-01-01 00:00:00.000000192,72.27867,103,15
1970-01-01 00:00:00.000000193,72.314476,103,15
1970-01-01 00:00:00.000000193,72.58895,103,16
1970-01-01 00:00:00.000000194,72.617836,103,16
1970-01-01 00:00:00.000000194,73.39786,103,17
1970-01-01 00:00:00.000000195,73.44518,103,17
1970-01-01 00:00:00.000000195,73.6901,103,18
1970-01-01 00:00:00.000000196,73.71898,103,18
1970-01-01 00:00:00.000000196,73.81361,103,19
1970-01-01 00:00:00.000000197,73.816185,103,19
1970-01-01 00:00:00.000000197,73.444496,103,20
1970-01-01 00:00:00.000000198,73.41469,103,20
1970-01-01 00:00:00.000000198,73.72309,103,21
1970-01-01 00:00:00.000000199,73.71609,103,21
1970-01-01 00:00:00.000000199,74.24064,103,22
1970-01-01 00:00:00.000000200,74.27897,103,22
1970-01-01 00:00:00.000000200,74.63937,103,23
1970-01-01 00:00:00.000000201,74.68845,103,23
1970-01-01 00:00:00.000000201,74.5997,103,24
1970-01-01 00:00:00.000000202,74.61673,103,24
1970-01-01 00:00:00.000000202,75.22233,103,25
1970-01-01 00:00:00.000000203,75.2463,103,25
1970-01-01 00:00:00.000000203,75.19797,103,26
1970-01-01 00:00:00.000000204,75.20057,103,26
1970-01-01 00:00:00.000000204,74.64083,103,27
1970-01-01 00:00:00.000000205,74.59974,103,27
1970-01-01 00:00:00.000000205,74.92786,103,28
1970-01-01 00:00:00.000000206,74.91295,103,28
1970-01-01 00:00:00.000000206,74.624214,103,29
1970-01-01 00:00:00.000000207,74.60908,103,29
1970-01-01 00:00:00.000000207,74.90244,103,30
1970-01-01 00:00:00.000000208,74.91617,103,30
1970-01-01 00:00:00.000000080,91.91987,104,10
1970-01-01 00:00:00.000000081,86.91034,104,10
1970-01-01 00:00:00.000000081,93.29351,104,11
1970-01-01 00:00:00.000000082,88.87934,104,11
1970-01-01 00:00:00.000000190,60.124256,105,10
1970-01-01 00:00:00.000000191,60.117203,105,10
1970-01-01 00:00:00.000000191,61.62138,105,11
1970-01-01 00:00:00.000000192,61.61552,105,11
1970-01-01 00:00:00.000000192,63.291866,105,12
1970-01-01 00:00:00.000000193,63.29993,105,12
1970-01-01 00:00:00.000000193,64.47941,105,13
1970-01-01 00:00:00.000000194,64.52316,105,13
1970-01-01 00:00:00.000000194,62.863056,105,14
1970-01-01 00:00:00.000000195,62.681576,105,14
1970-01-01 00:00:00.000000195,63.688053,105,15
1970-01-01 00:00:00.000000196,63.615074,105,15
1970-01-01 00:00:00.000000196,63.479424,105,16
1970-01-01 00:00:00.000000197,63.415413,105,16
1970-01-01 00:00:00.000000197,65.588615,105,17
1970-01-01 00:00:00.000000198,65.6374,105,17
1970-01-01 00:00:00.000000198,65.14167,105,18
1970-01-01 00:00:00.000000199,65.14919,105,18
1970-01-01 00:00:00.000000199,63.13145,105,19
1970-01-01 00:00:00.000000200,62.9709,105,19
1970-01-01 00:00:00.000000200,63.991795,105,20
1970-01-01 00:00:00.000000201,63.923767,105,20
1970-01-01 00:00:00.000000201,64.53968,105,21
1970-01-01 00:00:00.000000202,64.58372,105,21
1970-01-01 00:00:00.000000202,66.888756,105,22
1970-01-01 00:00:00.000000203,67.04808,105,22
1970-01-01 00:00:00.000000203,68.579506,105,23
1970-01-01 00:00:00.000000204,68.7641,105,23
1970-01-01 00:00:00.000000204,67.58801,105,24
1970-01-01 00:00:00.000000205,67.56958,105,24
1970-01-01 00:00:00.000000205,66.01938,105,25
1970-01-01 00:00:00.000000206,65.79591,105,25
1970-01-01 00:00:00.000000206,65.84571,105,26
1970-01-01 00:00:00.000000207,65.658104,105,26
1970-01-01 00:00:00.000000207,65.479355,105,27
1970-01-01 00:00:00.000000208,65.36539,105,27
1970-01-01 00:00:00.000000208,63.325462,105,28
1970-01-01 00:00:00.000000209,63.182247,105,28
1970-01-01 00:00:00.000000209,62.304737,105,29
1970-01-01 00:00:00.000000210,62.230774,105,29
1970-01-01 00:00:00.000000210,58.2017,105,30
1970-01-01 00:00:00.000000211,58.034996,105,30
1970-01-01 00:00:00.000000281,57.55434,106,10
1970-01-01 00:00:00.000000282,57.550674,106,10
1970-01-01 00:00:00.000000282,57.11537,106,11
1970-01-01 00:00:00.000000283,57.084282,106,11
1970-01-01 00:00:00.000000283,57.524284,106,12
1970-01-01 00:00:00.000000284,57.530575,106,12
1970-01-01 00:00:00.000000284,57.04643,106,13
1970-01-01 00:00:00.000000285,57.036007,106,13
1970-01-01 00:00:00.000000285,56.99335,106,14
1970-01-01 00:00:00.000000286,56.987846,106,14
1970-01-01 00:00:00.000000286,56.705402,106,15
1970-01-01 00:00:00.000000287,56.703957,106,15
1970-01-01 00:00:00.000000287,56.789715,106,16
1970-01-01 00:00:00.000000288,56.80573,106,16
1970-01-01 00:00:00.000000288,56.765785,106,17
1970-01-01 00:00:00.000000289,56.78745,106,17
1970-01-01 00:00:00.000000289,56.993122,106,18
1970-01-01 00:00:00.000000290,57.024925,106,18
1970-01-01 00:00:00.000000290,56.538372,106,19
1970-01-01 00:00:00.000000291,56.536636,106,19
1970-01-01 00:00:00.000000291,56.450195,106,20
1970-01-01 00:00:00.000000292,56.442204,106,20
1970-01-01 00:00:00.000000292,55.728443,106,21
1970-01-01 00:00:00.000000293,55.702713,106,21
1970-01-01 00:00:00.000000293,56.08389,106,22
1970-01-01 00:00:00.000000294,56.097385,106,22
1970-01-01 00:00:00.000000294,56.04495,106,23
1970-01-01 00:00:00.000000295,56.074265,106,23
1970-01-01 00:00:00.000000295,55.425495,106,24
1970-01-01 00:00:00.000000296,55.427895,106,24
1970-01-01 00:00:00.000000296,55.269024,106,25
1970-01-01 00:00:00.000000297,55.270615,106,25
1970-01-01 00:00:00.000000297,55.01216,106,26
1970-01-01 00:00:00.000000298,55.017338,106,26
1970-01-01 00:00:00.000000298,54.74181,106,27
1970-01-01 00:00:00.000000299,54.750336,106,27
1970-01-01 00:00:00.000000299,54.58981,106,28
1970-01-01 00:00:00.000000300,54.607044,106,28
1970-01-01 00:00:00.000000300,53.848797,106,29
1970-01-01 00:00:00.000000301,53.84629,106,29
1970-01-01 00:00:00.000000301,53.904533,106,30
1970-01-01 00:00:00.000000302,53.920815,106,30
1970-01-01 00:00:00.000000302,53.691418,106,31
1970-01-01 00:00:00.000000303,53.717224,106,31
1970-01-01 00:00:00.000000303,53.2455,106,32
1970-01-01 00:00:00.000000304,53.25754,106,32
1970-01-01 00:00:00.000000304,53.326836,106,33
1970-01-01 00:00:00.000000305,53.351974,106,33
1970-01-01 00:00:00.000000305,52.704895,106,34
1970-01-01 00:00:00.000000306,52.711414,106,34
1970-01-01 00:00:00.000000306,51.849854,106,35
1970-01-01 00:00:00.000000307,51.828987,106,35
1970-01-01 00:00:00.000000307,52.350273,106,36
1970-01-01 00:00:00.000000308,52.381554,106,36
1970-01-01 00:00:00.000000308,51.86495,106,37
1970-01-01 00:00:00.000000309,51.893726,106,37
1970-01-01 00:00:00.000000309,51.284077,106,38
1970-01-01 00:00:00.000000310,51.28836,106,38
1970-01-01 00:00:00.000000310,51.095123,106,39
1970-01-01 00:00:00.000000311,51.11074,106,39
1970-01-01 00:00:00.000000311,53.011013,106,40
1970-01-01 00:00:00.000000312,53.114197,106,40
1970-01-01 00:00:00.000000312,81.75327,106,41
1970-01-01 00:00:00.000000313,82.19252,106,41
1970-01-01 00:00:00.000000313,100.0,106,42
1970-01-01 00:00:00.000000314,100.0,106,42
1970-01-01 00:00:00.000000314,91.70036,106,43
1970-01-01 00:00:00.000000315,84.78036,106,43
1970-01-01 00:00:00.000000315,89.292404,106,44
1970-01-01 00:00:00.000000316,81.07564,106,44
1970-01-01 00:00:00.000000316,88.790985,106,45
1970-01-01 00:00:00.000000317,82.002815,106,45
1970-01-01 00:00:00.000000317,91.97278,106,46
1970-01-01 00:00:00.000000318,87.0178,106,46
1970-01-01 00:00:00.000000083,93.77738,107,10
1970-01-01 00:00:00.000000084,90.202446,107,10
1970-01-01 00:00:00.000000084,96.24516,107,11
1970-01-01 00:00:00.000000085,93.66998,107,11
1970-01-01 00:00:00.000000213,63.021233,108,10
1970-01-01 00:00:00.000000214,62.889484,108,10
1970-01-01 00:00:00.000000214,63.74574,108,11
1970-01-01 00:00:00.000000215,63.709557,108,11
1970-01-01 00:00:00.000000215,63.951805,108,12
1970-01-01 00:00:00.000000216,63.989307,108,12
1970-01-01 00:00:00.000000216,64.15455,108,13
1970-01-01 00:00:00.000000217,64.194466,108,13
1970-01-01 00:00:00.000000217,63.941654,108,14
1970-01-01 00:00:00.000000218,63.931915,108,14
1970-01-01 00:00:00.000000218,64.01389,108,15
1970-01-01 00:00:00.000000219,63.998806,108,15
1970-01-01 00:00:00.000000219,64.52544,108,16
1970-01-01 00:00:00.000000220,64.53431,108,16
1970-01-01 00:00:00.000000220,64.56826,108,17
1970-01-01 00:00:00.000000221,64.57908,108,17
1970-01-01 00:00:00.000000221,65.10618,108,18
1970-01-01 00:00:00.000000222,65.124664,108,18
1970-01-01 00:00:00.000000222,64.459236,108,19
1970-01-01 00:00:00.000000223,64.42028,108,19
1970-01-01 00:00:00.000000223,64.51413,108,20
1970-01-01 00:00:00.000000224,64.47775,108,20
1970-01-01 00:00:00.000000224,64.84638,108,21
1970-01-01 00:00:00.000000225,64.84974,108,21
1970-01-01 00:00:00.000000225,65.41858,108,22
1970-01-01 00:00:00.000000226,65.45415,108,22
1970-01-01 00:00:00.000000226,65.55426,108,23
1970-01-01 00:00:00.000000227,65.57752,108,23
1970-01-01 00:00:00.000000227,65.95543,108,24
1970-01-01 00:00:00.000000228,65.97116,108,24
1970-01-01 00:00:00.000000228,65.41824,108,25
1970-01-01 00:00:00.000000229,65.37584,108,25
1970-01-01 00:00:00.000000229,65.27658,108,26
1970-01-01 00:00:00.000000230,65.22762,108,26
1970-01-01 00:00:00.000000230,66.21945,108,27
1970-01-01 00:00:00.000000231,66.24573,108,27
1970-01-01 00:00:00.000000231,67.00499,108,28
1970-01-01 00:00:00.000000232,67.06768,108,28
1970-01-01 00:00:00.000000232,67.36887,108,29
1970-01-01 00:00:00.000000233,67.406136,108,29
1970-01-01 00:00:00.000000233,68.19104,108,30
1970-01-01 00:00:00.000000234,68.218895,108,30
1970-01-01 00:00:00.000000234,68.77078,108,31
1970-01-01 00:00:00.000000235,68.78179,108,31
1970-01-01 00:00:00.000000235,69.30751,108,32
1970-01-01 00:00:00.000000236,69.31088,108,32
1970-01-01 00:00:00.000000236,69.73312,108,33
1970-01-01 00:00:00.000000237,69.73865,108,33
1970-01-01 00:00:00.000000237,70.59241,108,34
1970-01-01 00:00:00.000000238,70.62168,108,34
1970-01-01 00:00:00.000000083,69.3332,109,10
1970-01-01 00:00:00.000000084,69.28813,109,10
1970-01-01 00:00:00.000000084,67.663734,109,11
1970-01-01 00:00:00.000000085,67.498085,109,11
1970-01-01 00:00:00.000000505,74.08596,110,10
1970-01-01 00:00:00.000000506,74.083244,110,10
1970-01-01 00:00:00.000000506,74.116035,110,11
1970-01-01 00:00:00.000000507,74.12134,110,11
1970-01-01 00:00:00.000000507,74.26715,110,12
1970-01-01 00:00:00.000000508,74.276375,110,12
1970-01-01 00:00:00.000000508,74.23566,110,13
1970-01-01 00:00:00.000000509,74.232994,110,13
1970-01-01 00:00:00.000000509,74.723076,110,14
1970-01-01 00:00:00.000000510,74.7366,110,14
1970-01-01 00:00:00.000000510,74.963,110,15
1970-01-01 00:00:00.000000511,74.976,110,15
1970-01-01 00:00:00.000000511,75.228,110,16
1970-01-01 00:00:00.000000512,75.22987,110,16
1970-01-01 00:00:00.000000512,75.29482,110,17
1970-01-01 00:00:00.000000513,75.27795,110,17
1970-01-01 00:00:00.000000513,75.81965,110,18
1970-01-01 00:00:00.000000514,75.81561,110,18
1970-01-01 00:00:00.000000514,75.92839,110,19
1970-01-01 00:00:00.000000515,75.915245,110,19
1970-01-01 00:00:00.000000515,76.10681,110,20
1970-01-01 00:00:00.000000516,76.08694,110,20
1970-01-01 00:00:00.000000516,76.19738,110,21
1970-01-01 00:00:00.000000517,76.17267,110,21
1970-01-01 00:00:00.000000517,76.70212,110,22
1970-01-01 00:00:00.000000518,76.69574,110,22
1970-01-01 00:00:00.000000518,76.38229,110,23
1970-01-01 00:00:00.000000519,76.34754,110,23
1970-01-01 00:00:00.000000519,75.95589,110,24
1970-01-01 00:00:00.000000520,75.89374,110,24
1970-01-01 00:00:00.000000520,75.01285,110,25
1970-01-01 00:00:00.000000521,74.930305,110,25
1970-01-01 00:00:00.000000521,74.768875,110,26
1970-01-01 00:00:00.000000522,74.73039,110,26
1970-01-01 00:00:00.000000522,74.42965,110,27
1970-01-01 00:00:00.000000523,74.42902,110,27
1970-01-01 00:00:00.000000523,73.849014,110,28
1970-01-01 00:00:00.000000524,73.85595,110,28
1970-01-01 00:00:00.000000524,73.25125,110,29
1970-01-01 00:00:00.000000525,73.25318,110,29
1970-01-01 00:00:00.000000525,73.0421,110,30
1970-01-01 00:00:00.000000526,73.0602,110,30
1970-01-01 00:00:00.000000526,72.72445,110,31
1970-01-01 00:00:00.000000527,72.74352,110,31
1970-01-01 00:00:00.000000527,72.36283,110,32
1970-01-01 00:00:00.000000528,72.38397,110,32
1970-01-01 00:00:00.000000528,72.53148,110,33
1970-01-01 00:00:00.000000529,72.56763,110,33
1970-01-01 00:00:00.000000529,72.89637,110,34
1970-01-01 00:00:00.000000530,72.93338,110,34
1970-01-01 00:00:00.000000530,72.73075,110,35
1970-01-01 00:00:00.000000531,72.740364,110,35
1970-01-01 00:00:00.000000531,72.8168,110,36
1970-01-01 00:00:00.000000532,72.817,110,36
1970-01-01 00:00:00.000000532,72.04395,110,37
1970-01-01 00:00:00.000000533,71.99946,110,37
1970-01-01 00:00:00.000000533,70.523476,110,38
1970-01-01 00:00:00.000000534,70.42841,110,38
1970-01-01 00:00:00.000000534,70.426865,110,39
1970-01-01 00:00:00.000000535,70.38494,110,39
1970-01-01 00:00:00.000000535,69.55086,110,40
1970-01-01 00:00:00.000000536,69.52964,110,40
1970-01-01 00:00:00.000000536,69.25059,110,41
1970-01-01 00:00:00.000000537,69.2526,110,41
1970-01-01 00:00:00.000000537,68.4764,110,42
1970-01-01 00:00:00.000000538,68.47842,110,42
1970-01-01 00:00:00.000000538,66.97761,110,43
1970-01-01 00:00:00.000000539,66.941895,110,43
1970-01-01 00:00:00.000000539,65.82227,110,44
1970-01-01 00:00:00.000000540,65.782715,110,44
1970-01-01 00:00:00.000000540,64.36633,110,45
1970-01-01 00:00:00.000000541,64.32421,110,45
1970-01-01 00:00:00.000000541,63.60567,110,46
1970-01-01 00:00:00.000000542,63.595818,110,46
1970-01-01 00:00:00.000000542,62.696377,110,47
1970-01-01 00:00:00.000000543,62.713833,110,47
1970-01-01 00:00:00.000000543,62.828373,110,48
1970-01-01 00:00:00.000000544,62.915466,110,48
1970-01-01 00:00:00.000000544,61.64791,110,49
1970-01-01 00:00:00.000000545,61.70549,110,49
1970-01-01 00:00:00.000000545,60.540817,110,50
1970-01-01 00:00:00.000000546,60.575016,110,50
1970-01-01 00:00:00.000000546,59.605366,110,51
1970-01-01 00:00:00.000000547,59.641808,110,51
1970-01-01 00:00:00.000000547,57.685966,110,52
1970-01-01 00:00:00.000000548,57.668823,110,52
1970-01-01 00:00:00.000000548,57.143036,110,53
1970-01-01 00:00:00.000000549,57.14628,110,53
1970-01-01 00:00:00.000000549,55.52723,110,54
1970-01-01 00:00:00.000000550,55.539852,110,54
1970-01-01 00:00:00.000000550,57.635597,110,55
1970-01-01 00:00:00.000000551,57.75508,110,55
1970-01-01 00:00:00.000000551,56.70794,110,56
1970-01-01 00:00:00.000000552,56.794426,110,56
1970-01-01 00:00:00.000000552,55.83863,110,57
1970-01-01 00:00:00.000000553,55.79953,110,57
1970-01-01 00:00:00.000000553,54.819798,110,58
1970-01-01 00:00:00.000000554,54.743023,110,58
1970-01-01 00:00:00.000000554,54.774063,110,59
1970-01-01 00:00:00.000000555,54.741035,110,59
1970-01-01 00:00:00.000000555,54.111732,110,60
1970-01-01 00:00:00.000000556,54.074356,110,60
1970-01-01 00:00:00.000000556,53.78273,110,61
1970-01-01 00:00:00.000000557,53.786873,110,61
1970-01-01 00:00:00.000000557,53.020092,110,62
1970-01-01 00:00:00.000000558,53.01053,110,62
1970-01-01 00:00:00.000000558,52.609905,110,63
1970-01-01 00:00:00.000000559,52.584274,110,63
1970-01-01 00:00:00.000000559,52.15362,110,64
1970-01-01 00:00:00.000000560,52.132694,110,64
1970-01-01 00:00:00.000000560,48.182934,110,65
1970-01-01 00:00:00.000000561,48.024593,110,65
1970-01-01 00:00:00.000000561,50.026886,110,66
1970-01-01 00:00:00.000000562,50.05832,110,66
1970-01-01 00:00:00.000000562,51.819572,110,67
1970-01-01 00:00:00.000000563,51.988415,110,67
1970-01-01 00:00:00.000000563,53.327724,110,68
1970-01-01 00:00:00.000000564,53.52513,110,68
1970-01-01 00:00:00.000000564,52.16779,110,69
1970-01-01 00:00:00.000000565,52.134888,110,69
1970-01-01 00:00:00.000000565,53.480297,110,70
1970-01-01 00:00:00.000000566,53.480957,110,70
1970-01-01 00:00:00.000000566,54.91788,110,71
1970-01-01 00:00:00.000000567,54.934143,110,71
1970-01-01 00:00:00.000000567,56.771576,110,72
1970-01-01 00:00:00.000000568,56.80418,110,72
1970-01-01 00:00:00.000000568,56.24162,110,73
1970-01-01 00:00:00.000000569,56.159668,110,73
1970-01-01 00:00:00.000000569,57.6125,110,74
1970-01-01 00:00:00.000000570,57.59108,110,74
1970-01-01 00:00:00.000000570,48.60687,110,75
1970-01-01 00:00:00.000000571,48.11713,110,75
1970-01-01 00:00:00.000000571,54.58628,110,76
1970-01-01 00:00:00.000000572,54.70929,110,76
1970-01-01 00:00:00.000000572,57.091415,110,77
1970-01-01 00:00:00.000000573,57.492126,110,77
1970-01-01 00:00:00.000000573,65.96146,110,78
1970-01-01 00:00:00.000000574,66.54988,110,78
1970-01-01 00:00:00.000000574,73.5843,110,79
1970-01-01 00:00:00.000000575,74.10397,110,79
1970-01-01 00:00:00.000000575,75.82387,110,80
1970-01-01 00:00:00.000000576,76.22777,110,80
1970-01-01 00:00:00.000000576,99.19869,110,81
1970-01-01 00:00:00.000000577,98.945175,110,81
1970-01-01 00:00:00.000000577,97.77516,110,82
1970-01-01 00:00:00.000000578,94.35345,110,82
1970-01-01 00:00:00.000000578,93.74627,110,83
1970-01-01 00:00:00.000000579,88.19025,110,83
1970-01-01 00:00:00.000000579,91.55473,110,84
1970-01-01 00:00:00.000000580,86.01614,110,84
1970-01-01 00:00:00.000000580,92.98918,110,85
1970-01-01 00:00:00.000000581,87.99516,110,85
1970-01-01 00:00:00.000000581,93.83854,110,86
1970-01-01 00:00:00.000000582,89.71564,110,86
1970-01-01 00:00:00.000000183,76.1055,112,10
1970-01-01 00:00:00.000000184,76.05448,112,10
1970-01-01 00:00:00.000000184,76.414375,112,11
1970-01-01 00:00:00.000000185,76.38795,112,11
1970-01-01 00:00:00.000000185,75.05715,112,12
1970-01-01 00:00:00.000000186,74.93629,112,12
1970-01-01 00:00:00.000000186,69.33454,112,13
1970-01-01 00:00:00.000000187,68.950615,112,13
1970-01-01 00:00:00.000000187,62.830925,112,14
1970-01-01 00:00:00.000000188,62.392635,112,14
1970-01-01 00:00:00.000000188,64.83262,112,15
1970-01-01 00:00:00.000000189,64.69117,112,15
1970-01-01 00:00:00.000000189,65.152115,112,16
1970-01-01 00:00:00.000000190,65.21529,112,16
1970-01-01 00:00:00.000000190,66.23876,112,17
1970-01-01 00:00:00.000000191,66.5981,112,17
1970-01-01 00:00:00.000000191,66.56703,112,18
1970-01-01 00:00:00.000000192,66.939224,112,18
1970-01-01 00:00:00.000000192,67.18889,112,19
1970-01-01 00:00:00.000000193,67.45594,112,19
1970-01-01 00:00:00.000000193,66.91992,112,20
1970-01-01 00:00:00.000000194,66.99744,112,20
1970-01-01 00:00:00.000000194,65.92658,112,21
1970-01-01 00:00:00.000000195,65.85291,112,21
1970-01-01 00:00:00.000000195,66.27258,112,22
1970-01-01 00:00:00.000000196,66.231995,112,22
1970-01-01 00:00:00.000000196,65.99385,112,23
1970-01-01 00:00:00.000000197,65.98609,112,23
1970-01-01 00:00:00.000000197,66.27894,112,24
1970-01-01 00:00:00.000000198,66.293144,112,24
1970-01-01 00:00:00.000000198,66.63357,112,25
1970-01-01 00:00:00.000000199,66.659386,112,25
1970-01-01 00:00:00.000000199,66.9654,112,26
1970-01-01 00:00:00.000000200,66.982376,112,26
1970-01-01 00:00:00.000000200,66.804825,112,27
1970-01-01 00:00:00.000000201,66.78802,112,27
1970-01-01 00:00:00.000000201,67.37526,112,28
1970-01-01 00:00:00.000000202,67.379974,112,28
1970-01-01 00:00:00.000000202,67.43608,112,29
1970-01-01 00:00:00.000000203,67.433365,112,29
1970-01-01 00:00:00.000000172,68.61322,113,10
1970-01-01 00:00:00.000000173,68.57524,113,10
1970-01-01 00:00:00.000000173,68.39535,113,11
1970-01-01 00:00:00.000000174,68.37147,113,11
1970-01-01 00:00:00.000000174,68.2092,113,12
1970-01-01 00:00:00.000000175,68.18749,113,12
1970-01-01 00:00:00.000000175,67.75404,113,13
1970-01-01 00:00:00.000000176,67.73147,113,13
1970-01-01 00:00:00.000000176,67.64072,113,14
1970-01-01 00:00:00.000000177,67.64817,113,14
1970-01-01 00:00:00.000000177,67.92515,113,15
1970-01-01 00:00:00.000000178,67.95604,113,15
1970-01-01 00:00:00.000000178,67.08292,113,16
1970-01-01 00:00:00.000000179,67.06655,113,16
1970-01-01 00:00:00.000000179,67.264534,113,17
1970-01-01 00:00:00.000000180,67.25561,113,17
1970-01-01 00:00:00.000000180,66.028564,113,18
1970-01-01 00:00:00.000000181,65.981575,113,18
1970-01-01 00:00:00.000000181,66.30357,113,19
1970-01-01 00:00:00.000000182,66.29148,113,19
1970-01-01 00:00:00.000000182,65.15635,113,20
1970-01-01 00:00:00.000000183,65.1317,113,20
1970-01-01 00:00:00.000000183,65.203064,113,21
1970-01-01 00:00:00.000000184,65.21662,113,21
1970-01-01 00:00:00.000000184,63.929054,113,22
1970-01-01 00:00:00.000000185,63.942703,113,22
1970-01-01 00:00:00.000000185,64.06352,113,23
1970-01-01 00:00:00.000000186,64.11636,113,23
1970-01-01 00:00:00.000000186,64.554634,113,24
1970-01-01 00:00:00.000000187,64.63273,113,24
1970-01-01 00:00:00.000000187,64.8734,113,25
1970-01-01 00:00:00.000000188,64.95094,113,25
1970-01-01 00:00:00.000000188,63.796223,113,26
1970-01-01 00:00:00.000000189,63.779655,113,26
1970-01-01 00:00:00.000000189,63.821213,113,27
1970-01-01 00:00:00.000000190,63.791107,113,27
1970-01-01 00:00:00.000000157,55.07787,114,10
1970-01-01 00:00:00.000000158,55.080666,114,10
1970-01-01 00:00:00.000000158,54.881496,114,11
1970-01-01 00:00:00.000000159,54.86961,114,11
1970-01-01 00:00:00.000000159,54.64324,114,12
1970-01-01 00:00:00.000000160,54.62709,114,12
1970-01-01 00:00:00.000000160,54.6915,114,13
1970-01-01 00:00:00.000000161,54.694134,114,13
1970-01-01 00:00:00.000000161,54.94366,114,14
1970-01-01 00:00:00.000000162,54.970184,114,14
1970-01-01 00:00:00.000000162,54.70683,114,15
1970-01-01 00:00:00.000000163,54.71705,114,15
1970-01-01 00:00:00.000000163,54.845825,114,16
1970-01-01 00:00:00.000000164,54.853848,114,16
1970-01-01 00:00:00.000000164,54.616653,114,17
1970-01-01 00:00:00.000000165,54.60546,114,17
1970-01-01 00:00:00.000000165,57.53058,114,18
1970-01-01 00:00:00.000000166,57.63545,114,18
1970-01-01 00:00:00.000000166,100.0,114,19
1970-01-01 00:00:00.000000167,100.0,114,19
1970-01-01 00:00:00.000000167,97.1146,114,20
1970-01-01 00:00:00.000000168,92.84475,114,20
1970-01-01 00:00:00.000000168,92.77932,114,21
1970-01-01 00:00:00.000000169,85.824356,114,21
1970-01-01 00:00:00.000000169,89.145905,114,22
1970-01-01 00:00:00.000000170,82.79871,114,22
1970-01-01 00:00:00.000000170,92.861244,114,23
1970-01-01 00:00:00.000000171,88.11507,114,23
1970-01-01 00:00:00.000000171,92.6207,114,24
1970-01-01 00:00:00.000000172,89.01076,114,24
1970-01-01 00:00:00.000000086,96.505486,115,10
1970-01-01 00:00:00.000000087,92.71579,115,10
1970-01-01 00:00:00.000000087,94.21363,115,11
1970-01-01 00:00:00.000000088,90.09195,115,11
1970-01-01 00:00:00.000000088,94.820946,115,12
1970-01-01 00:00:00.000000089,91.10368,115,12
1970-01-01 00:00:00.000000096,70.280876,117,10
1970-01-01 00:00:00.000000097,70.269424,117,10
1970-01-01 00:00:00.000000097,70.494995,117,11
1970-01-01 00:00:00.000000098,70.49042,117,11
1970-01-01 00:00:00.000000098,70.50135,117,12
1970-01-01 00:00:00.000000099,70.48844,117,12
1970-01-01 00:00:00.000000099,70.75472,117,13
1970-01-01 00:00:00.000000100,70.75075,117,13
1970-01-01 00:00:00.000000082,67.157104,118,10
1970-01-01 00:00:00.000000083,67.218864,118,10
1970-01-01 00:00:00.000000083,69.92349,118,11
1970-01-01 00:00:00.000000084,69.907684,118,11
1970-01-01 00:00:00.000000109,50.70119,121,10
1970-01-01 00:00:00.000000110,50.622074,121,10
1970-01-01 00:00:00.000000110,50.566357,121,11
1970-01-01 00:00:00.000000111,50.517162,121,11
1970-01-01 00:00:00.000000111,50.606365,121,12
1970-01-01 00:00:00.000000112,50.603897,121,12
1970-01-01 00:00:00.000000112,51.57844,121,13
1970-01-01 00:00:00.000000113,51.64499,121,13
1970-01-01 00:00:00.000000113,52.04283,121,14
1970-01-01 00:00:00.000000114,52.0967,121,14
1970-01-01 00:00:00.000000114,53.178696,121,15
1970-01-01 00:00:00.000000115,53.224392,121,15
1970-01-01 00:00:00.000000115,54.261497,121,16
1970-01-01 00:00:00.000000116,54.27008,121,16
1970-01-01 00:00:00.000000165,71.67082,122,10
1970-01-01 00:00:00.000000166,71.76629,122,10
1970-01-01 00:00:00.000000166,68.568596,122,11
1970-01-01 00:00:00.000000167,68.41027,122,11
1970-01-01 00:00:00.000000167,66.349495,122,12
1970-01-01 00:00:00.000000168,66.10652,122,12
1970-01-01 00:00:00.000000168,63.99009,122,13
1970-01-01 00:00:00.000000169,63.76348,122,13
1970-01-01 00:00:00.000000169,66.85096,122,14
1970-01-01 00:00:00.000000170,66.91835,122,14
1970-01-01 00:00:00.000000170,67.90287,122,15
1970-01-01 00:00:00.000000171,68.090324,122,15
1970-01-01 00:00:00.000000171,68.66957,122,16
1970-01-01 00:00:00.000000172,68.80387,122,16
1970-01-01 00:00:00.000000172,66.70436,122,17
1970-01-01 00:00:00.000000173,66.608025,122,17
1970-01-01 00:00:00.000000173,67.29762,122,18
1970-01-01 00:00:00.000000174,67.201355,122,18
1970-01-01 00:00:00.000000174,65.70139,122,19
1970-01-01 00:00:00.000000175,65.5461,122,19
1970-01-01 00:00:00.000000175,63.700867,122,20
1970-01-01 00:00:00.000000176,63.542522,122,20
1970-01-01 00:00:00.000000176,62.30656,122,21
1970-01-01 00:00:00.000000177,62.20707,122,21
1970-01-01 00:00:00.000000177,60.17973,122,22
1970-01-01 00:00:00.000000178,60.062386,122,22
1970-01-01 00:00:00.000000178,61.94246,122,23
1970-01-01 00:00:00.000000179,61.99228,122,23
1970-01-01 00:00:00.000000179,63.933285,122,24
1970-01-01 00:00:00.000000180,64.119804,122,24
1970-01-01 00:00:00.000000180,63.38149,122,25
1970-01-01 00:00:00.000000181,63.494743,122,25
1970-01-01 00:00:00.000000181,60.274895,122,26
1970-01-01 00:00:00.000000182,60.123062,122,26
1970-01-01 00:00:00.000000101,69.38549,123,10
1970-01-01 00:00:00.000000102,69.3774,123,10
1970-01-01 00:00:00.000000102,68.534,123,11
1970-01-01 00:00:00.000000103,68.50259,123,11
1970-01-01 00:00:00.000000103,67.28803,123,12
1970-01-01 00:00:00.000000104,67.26131,123,12
1970-01-01 00:00:00.000000104,65.08572,123,13
1970-01-01 00:00:00.000000105,65.06357,123,13
1970-01-01 00:00:00.000000105,63.30889,123,14
1970-01-01 00:00:00.000000106,63.206787,123,14
1970-01-01 00:00:00.000000106,65.115585,123,15
1970-01-01 00:00:00.000000107,65.130646,123,15
1970-01-01 00:00:00.000000107,73.88069,124,10
1970-01-01 00:00:00.000000108,76.15213,124,10
1970-01-01 00:00:00.000000108,100.0,124,11
1970-01-01 00:00:00.000000109,100.0,124,11
1970-01-01 00:00:00.000000109,95.14962,124,12
1970-01-01 00:00:00.000000110,91.38628,124,12
1970-01-01 00:00:00.000000110,97.280525,124,13
1970-01-01 00:00:00.000000111,93.43087,124,13
1970-01-01 00:00:00.000000111,92.626625,124,14
1970-01-01 00:00:00.000000112,89.1381,124,14
1970-01-01 00:00:00.000000112,95.89901,124,15
1970-01-01 00:00:00.000000113,93.2602,124,15
1970-01-01 00:00:00.000000164,56.057114,125,10
1970-01-01 00:00:00.000000165,56.04056,125,10
1970-01-01 00:00:00.000000165,55.91328,125,11
1970-01-01 00:00:00.000000166,55.906998,125,11
1970-01-01 00:00:00.000000166,56.22431,125,12
1970-01-01 00:00:00.000000167,56.24217,125,12
1970-01-01 00:00:00.000000167,55.161903,125,13
1970-01-01 00:00:00.000000168,55.130142,125,13
1970-01-01 00:00:00.000000168,56.092422,125,14
1970-01-01 00:00:00.000000169,56.113827,125,14
1970-01-01 00:00:00.000000169,55.972847,125,15
1970-01-01 00:00:00.000000170,55.988876,125,15
1970-01-01 00:00:00.000000170,55.498253,125,16
1970-01-01 00:00:00.000000171,55.478718,125,16
1970-01-01 00:00:00.000000171,55.259754,125,17
1970-01-01 00:00:00.000000172,55.23765,125,17
1970-01-01 00:00:00.000000172,56.096184,125,18
1970-01-01 00:00:00.000000173,56.132748,125,18
1970-01-01 00:00:00.000000173,55.61886,125,19
1970-01-01 00:00:00.000000174,55.612865,125,19
1970-01-01 00:00:00.000000174,70.5024,125,20
1970-01-01 00:00:00.000000175,70.91716,125,20
1970-01-01 00:00:00.000000175,100.0,125,21
1970-01-01 00:00:00.000000176,100.0,125,21
1970-01-01 00:00:00.000000176,93.43772,125,22
1970-01-01 00:00:00.000000177,87.94864,125,22
1970-01-01 00:00:00.000000177,93.15938,125,23
1970-01-01 00:00:00.000000178,86.50696,125,23
1970-01-01 00:00:00.000000178,89.865944,125,24
1970-01-01 00:00:00.000000179,83.8012,125,24
1970-01-01 00:00:00.000000179,93.778275,125,25
1970-01-01 00:00:00.000000180,88.97775,125,25
1970-01-01 00:00:00.000000208,53.33828,126,10
1970-01-01 00:00:00.000000209,53.41682,126,10
1970-01-01 00:00:00.000000209,53.52279,126,11
1970-01-01 00:00:00.000000210,53.697166,126,11
1970-01-01 00:00:00.000000210,55.211678,126,12
1970-01-01 00:00:00.000000211,55.502136,126,12
1970-01-01 00:00:00.000000211,56.996014,126,13
1970-01-01 00:00:00.000000212,57.2936,126,13
1970-01-01 00:00:00.000000212,58.41204,126,14
1970-01-01 00:00:00.000000213,58.640686,126,14
1970-01-01 00:00:00.000000213,59.285244,126,15
1970-01-01 00:00:00.000000214,59.406612,126,15
1970-01-01 00:00:00.000000214,60.64913,126,16
1970-01-01 00:00:00.000000215,60.69098,126,16
1970-01-01 00:00:00.000000215,61.72361,126,17
1970-01-01 00:00:00.000000216,61.70133,126,17
1970-01-01 00:00:00.000000216,64.74943,126,18
1970-01-01 00:00:00.000000217,64.780525,126,18
1970-01-01 00:00:00.000000217,65.50078,126,19
1970-01-01 00:00:00.000000218,65.49294,126,19
1970-01-01 00:00:00.000000218,67.13711,126,20
1970-01-01 00:00:00.000000219,67.1302,126,20
1970-01-01 00:00:00.000000219,68.118645,126,21
1970-01-01 00:00:00.000000220,68.09467,126,21
1970-01-01 00:00:00.000000220,70.154625,126,22
1970-01-01 00:00:00.000000221,70.18193,126,22
1970-01-01 00:00:00.000000221,71.261116,126,23
1970-01-01 00:00:00.000000222,71.27772,126,23
1970-01-01 00:00:00.000000222,72.09771,126,24
1970-01-01 00:00:00.000000223,72.11613,126,24
1970-01-01 00:00:00.000000223,72.210625,126,25
1970-01-01 00:00:00.000000224,72.20553,126,25
1970-01-01 00:00:00.000000224,72.300415,126,26
1970-01-01 00:00:00.000000225,72.29586,126,26
1970-01-01 00:00:00.000000225,72.034065,126,27
1970-01-01 00:00:00.000000226,71.938126,126,27
1970-01-01 00:00:00.000000226,72.093834,126,28
1970-01-01 00:00:00.000000227,72.05889,126,28
1970-01-01 00:00:00.000000227,72.9018,126,29
1970-01-01 00:00:00.000000228,72.96166,126,29
1970-01-01 00:00:00.000000228,73.93288,126,30
1970-01-01 00:00:00.000000229,74.0171,126,30
1970-01-01 00:00:00.000000229,75.46883,126,31
1970-01-01 00:00:00.000000230,75.585175,126,31
1970-01-01 00:00:00.000000230,75.59717,126,32
1970-01-01 00:00:00.000000231,75.64203,126,32
1970-01-01 00:00:00.000000231,75.69796,126,33
1970-01-01 00:00:00.000000232,75.67777,126,33
1970-01-01 00:00:00.000000188,66.439606,127,10
1970-01-01 00:00:00.000000189,66.41298,127,10
1970-01-01 00:00:00.000000189,66.48913,127,11
1970-01-01 00:00:00.000000190,66.47201,127,11
1970-01-01 00:00:00.000000190,66.842674,127,12
1970-01-01 00:00:00.000000191,66.859764,127,12
1970-01-01 00:00:00.000000191,66.86041,127,13
1970-01-01 00:00:00.000000192,66.87394,127,13
1970-01-01 00:00:00.000000192,65.9748,127,14
1970-01-01 00:00:00.000000193,65.929214,127,14
1970-01-01 00:00:00.000000193,65.49176,127,15
1970-01-01 00:00:00.000000194,65.44544,127,15
1970-01-01 00:00:00.000000194,65.29091,127,16
1970-01-01 00:00:00.000000195,65.27794,127,16
1970-01-01 00:00:00.000000195,65.39368,127,17
1970-01-01 00:00:00.000000196,65.41943,127,17
1970-01-01 00:00:00.000000196,64.99214,127,18
1970-01-01 00:00:00.000000197,65.0178,127,18
1970-01-01 00:00:00.000000197,65.10956,127,19
1970-01-01 00:00:00.000000198,65.135895,127,19
1970-01-01 00:00:00.000000198,65.209595,127,20
1970-01-01 00:00:00.000000199,65.22958,127,20
1970-01-01 00:00:00.000000199,65.43573,127,21
1970-01-01 00:00:00.000000200,65.457054,127,21
1970-01-01 00:00:00.000000200,64.62839,127,22
1970-01-01 00:00:00.000000201,64.603035,127,22
1970-01-01 00:00:00.000000201,65.43493,127,23
1970-01-01 00:00:00.000000202,65.45132,127,23
1970-01-01 00:00:00.000000202,63.4167,127,24
1970-01-01 00:00:00.000000203,63.348236,127,24
1970-01-01 00:00:00.000000203,61.538597,127,25
1970-01-01 00:00:00.000000204,61.42196,127,25
1970-01-01 00:00:00.000000204,59.12369,127,26
1970-01-01 00:00:00.000000205,58.999325,127,26
1970-01-01 00:00:00.000000205,57.425007,127,27
1970-01-01 00:00:00.000000206,57.36235,127,27
1970-01-01 00:00:00.000000206,54.49901,127,28
1970-01-01 00:00:00.000000207,54.468166,127,28
1970-01-01 00:00:00.000000207,51.369133,127,29
1970-01-01 00:00:00.000000208,51.35064,127,29
1970-01-01 00:00:00.000000208,47.088436,127,30
1970-01-01 00:00:00.000000209,47.026062,127,30
1970-01-01 00:00:00.000000082,93.73659,129,10
1970-01-01 00:00:00.000000083,90.65326,129,10
1970-01-01 00:00:00.000000083,96.660995,129,11
1970-01-01 00:00:00.000000084,94.22349,129,11
